[0.000000] (-) TimerEvent: {}
[0.000196] (irobot_create_control) JobQueued: {'identifier': 'irobot_create_control', 'dependencies': OrderedDict()}
[0.000226] (irobot_create_description) JobQueued: {'identifier': 'irobot_create_description', 'dependencies': OrderedDict()}
[0.000243] (irobot_create_ignition_plugins) JobQueued: {'identifier': 'irobot_create_ignition_plugins', 'dependencies': OrderedDict()}
[0.000258] (irobot_create_toolbox) JobQueued: {'identifier': 'irobot_create_toolbox', 'dependencies': OrderedDict()}
[0.000271] (irobot_create_gazebo_plugins) JobQueued: {'identifier': 'irobot_create_gazebo_plugins', 'dependencies': OrderedDict([('irobot_create_toolbox', '/home/javierac/create3_ws/install/irobot_create_toolbox')])}
[0.000292] (irobot_create_ignition_toolbox) JobQueued: {'identifier': 'irobot_create_ignition_toolbox', 'dependencies': OrderedDict([('irobot_create_toolbox', '/home/javierac/create3_ws/install/irobot_create_toolbox')])}
[0.000315] (irobot_create_nodes) JobQueued: {'identifier': 'irobot_create_nodes', 'dependencies': OrderedDict([('irobot_create_toolbox', '/home/javierac/create3_ws/install/irobot_create_toolbox')])}
[0.000329] (irobot_create_common_bringup) JobQueued: {'identifier': 'irobot_create_common_bringup', 'dependencies': OrderedDict([('irobot_create_control', '/home/javierac/create3_ws/install/irobot_create_control'), ('irobot_create_description', '/home/javierac/create3_ws/install/irobot_create_description'), ('irobot_create_toolbox', '/home/javierac/create3_ws/install/irobot_create_toolbox'), ('irobot_create_nodes', '/home/javierac/create3_ws/install/irobot_create_nodes')])}
[0.000351] (irobot_create_gazebo_bringup) JobQueued: {'identifier': 'irobot_create_gazebo_bringup', 'dependencies': OrderedDict([('irobot_create_control', '/home/javierac/create3_ws/install/irobot_create_control'), ('irobot_create_description', '/home/javierac/create3_ws/install/irobot_create_description'), ('irobot_create_toolbox', '/home/javierac/create3_ws/install/irobot_create_toolbox'), ('irobot_create_gazebo_plugins', '/home/javierac/create3_ws/install/irobot_create_gazebo_plugins'), ('irobot_create_nodes', '/home/javierac/create3_ws/install/irobot_create_nodes'), ('irobot_create_common_bringup', '/home/javierac/create3_ws/install/irobot_create_common_bringup')])}
[0.000370] (irobot_create_ignition_bringup) JobQueued: {'identifier': 'irobot_create_ignition_bringup', 'dependencies': OrderedDict([('irobot_create_control', '/home/javierac/create3_ws/install/irobot_create_control'), ('irobot_create_description', '/home/javierac/create3_ws/install/irobot_create_description'), ('irobot_create_ignition_plugins', '/home/javierac/create3_ws/install/irobot_create_ignition_plugins'), ('irobot_create_toolbox', '/home/javierac/create3_ws/install/irobot_create_toolbox'), ('irobot_create_ignition_toolbox', '/home/javierac/create3_ws/install/irobot_create_ignition_toolbox'), ('irobot_create_nodes', '/home/javierac/create3_ws/install/irobot_create_nodes'), ('irobot_create_common_bringup', '/home/javierac/create3_ws/install/irobot_create_common_bringup')])}
[0.000391] (irobot_create_gazebo_sim) JobQueued: {'identifier': 'irobot_create_gazebo_sim', 'dependencies': OrderedDict([('irobot_create_control', '/home/javierac/create3_ws/install/irobot_create_control'), ('irobot_create_description', '/home/javierac/create3_ws/install/irobot_create_description'), ('irobot_create_toolbox', '/home/javierac/create3_ws/install/irobot_create_toolbox'), ('irobot_create_gazebo_plugins', '/home/javierac/create3_ws/install/irobot_create_gazebo_plugins'), ('irobot_create_nodes', '/home/javierac/create3_ws/install/irobot_create_nodes'), ('irobot_create_common_bringup', '/home/javierac/create3_ws/install/irobot_create_common_bringup'), ('irobot_create_gazebo_bringup', '/home/javierac/create3_ws/install/irobot_create_gazebo_bringup')])}
[0.000410] (irobot_create_ignition_sim) JobQueued: {'identifier': 'irobot_create_ignition_sim', 'dependencies': OrderedDict([('irobot_create_control', '/home/javierac/create3_ws/install/irobot_create_control'), ('irobot_create_description', '/home/javierac/create3_ws/install/irobot_create_description'), ('irobot_create_ignition_plugins', '/home/javierac/create3_ws/install/irobot_create_ignition_plugins'), ('irobot_create_toolbox', '/home/javierac/create3_ws/install/irobot_create_toolbox'), ('irobot_create_ignition_toolbox', '/home/javierac/create3_ws/install/irobot_create_ignition_toolbox'), ('irobot_create_nodes', '/home/javierac/create3_ws/install/irobot_create_nodes'), ('irobot_create_common_bringup', '/home/javierac/create3_ws/install/irobot_create_common_bringup'), ('irobot_create_ignition_bringup', '/home/javierac/create3_ws/install/irobot_create_ignition_bringup')])}
[0.000448] (irobot_create_toolbox) JobStarted: {'identifier': 'irobot_create_toolbox'}
[0.006713] (irobot_create_control) JobStarted: {'identifier': 'irobot_create_control'}
[0.009916] (irobot_create_description) JobStarted: {'identifier': 'irobot_create_description'}
[0.013457] (irobot_create_ignition_plugins) JobStarted: {'identifier': 'irobot_create_ignition_plugins'}
[0.017166] (irobot_create_toolbox) JobProgress: {'identifier': 'irobot_create_toolbox', 'progress': 'cmake'}
[0.017682] (irobot_create_toolbox) Command: {'cmd': ['/usr/bin/cmake', '/home/javierac/create3_ws/src/irobot_create_common/irobot_create_toolbox', '-DAMENT_CMAKE_SYMLINK_INSTALL=1', '-DCMAKE_INSTALL_PREFIX=/home/javierac/create3_ws/install/irobot_create_toolbox'], 'cwd': '/home/javierac/create3_ws/build/irobot_create_toolbox', 'env': OrderedDict([('USER', 'javierac'), ('HOSTNAME', '3fe4b3694adc'), ('SHLVL', '1'), ('LD_LIBRARY_PATH', '/usr/lib/x86_64-linux-gnu/gazebo-11/plugins:/opt/ros/humble/opt/rviz_ogre_vendor/lib:/opt/ros/humble/lib/x86_64-linux-gnu:/opt/ros/humble/lib'), ('HOME', '/root'), ('OLDPWD', '/'), ('ROS_PYTHON_VERSION', '3'), ('ROS_DISTRO', 'humble'), ('_', '/usr/bin/colcon'), ('ROS_VERSION', '2'), ('TERM', 'xterm'), ('ROS_LOCALHOST_ONLY', '0'), ('PATH', '/opt/ros/humble/bin:/usr/local/sbin:/usr/local/bin:/usr/sbin:/usr/bin:/sbin:/bin'), ('DISPLAY', ':1'), ('LANG', 'C.UTF-8'), ('LS_COLORS', 'rs=0:di=01;34:ln=01;36:mh=00:pi=40;33:so=01;35:do=01;35:bd=40;33;01:cd=40;33;01:or=40;31;01:mi=00:su=37;41:sg=30;43:ca=30;41:tw=30;42:ow=34;42:st=37;44:ex=01;32:*.tar=01;31:*.tgz=01;31:*.arc=01;31:*.arj=01;31:*.taz=01;31:*.lha=01;31:*.lz4=01;31:*.lzh=01;31:*.lzma=01;31:*.tlz=01;31:*.txz=01;31:*.tzo=01;31:*.t7z=01;31:*.zip=01;31:*.z=01;31:*.dz=01;31:*.gz=01;31:*.lrz=01;31:*.lz=01;31:*.lzo=01;31:*.xz=01;31:*.zst=01;31:*.tzst=01;31:*.bz2=01;31:*.bz=01;31:*.tbz=01;31:*.tbz2=01;31:*.tz=01;31:*.deb=01;31:*.rpm=01;31:*.jar=01;31:*.war=01;31:*.ear=01;31:*.sar=01;31:*.rar=01;31:*.alz=01;31:*.ace=01;31:*.zoo=01;31:*.cpio=01;31:*.7z=01;31:*.rz=01;31:*.cab=01;31:*.wim=01;31:*.swm=01;31:*.dwm=01;31:*.esd=01;31:*.jpg=01;35:*.jpeg=01;35:*.mjpg=01;35:*.mjpeg=01;35:*.gif=01;35:*.bmp=01;35:*.pbm=01;35:*.pgm=01;35:*.ppm=01;35:*.tga=01;35:*.xbm=01;35:*.xpm=01;35:*.tif=01;35:*.tiff=01;35:*.png=01;35:*.svg=01;35:*.svgz=01;35:*.mng=01;35:*.pcx=01;35:*.mov=01;35:*.mpg=01;35:*.mpeg=01;35:*.m2v=01;35:*.mkv=01;35:*.webm=01;35:*.webp=01;35:*.ogm=01;35:*.mp4=01;35:*.m4v=01;35:*.mp4v=01;35:*.vob=01;35:*.qt=01;35:*.nuv=01;35:*.wmv=01;35:*.asf=01;35:*.rm=01;35:*.rmvb=01;35:*.flc=01;35:*.avi=01;35:*.fli=01;35:*.flv=01;35:*.gl=01;35:*.dl=01;35:*.xcf=01;35:*.xwd=01;35:*.yuv=01;35:*.cgm=01;35:*.emf=01;35:*.ogv=01;35:*.ogx=01;35:*.aac=00;36:*.au=00;36:*.flac=00;36:*.m4a=00;36:*.mid=00;36:*.midi=00;36:*.mka=00;36:*.mp3=00;36:*.mpc=00;36:*.ogg=00;36:*.ra=00;36:*.wav=00;36:*.oga=00;36:*.opus=00;36:*.spx=00;36:*.xspf=00;36:'), ('AMENT_PREFIX_PATH', '/opt/ros/humble'), ('PWD', '/home/javierac/create3_ws/build/irobot_create_toolbox'), ('LC_ALL', 'C.UTF-8'), ('PYTHONPATH', '/opt/ros/humble/lib/python3.10/site-packages:/opt/ros/humble/local/lib/python3.10/dist-packages'), ('NVIDIA_VISIBLE_DEVICES', 'all'), ('COLCON', '1'), ('CMAKE_PREFIX_PATH', '/opt/ros/humble')]), 'shell': False}
[0.020055] (irobot_create_control) JobProgress: {'identifier': 'irobot_create_control', 'progress': 'cmake'}
[0.020452] (irobot_create_control) Command: {'cmd': ['/usr/bin/cmake', '/home/javierac/create3_ws/src/irobot_create_common/irobot_create_control', '-DAMENT_CMAKE_SYMLINK_INSTALL=1', '-DCMAKE_INSTALL_PREFIX=/home/javierac/create3_ws/install/irobot_create_control'], 'cwd': '/home/javierac/create3_ws/build/irobot_create_control', 'env': OrderedDict([('USER', 'javierac'), ('HOSTNAME', '3fe4b3694adc'), ('SHLVL', '1'), ('LD_LIBRARY_PATH', '/usr/lib/x86_64-linux-gnu/gazebo-11/plugins:/opt/ros/humble/opt/rviz_ogre_vendor/lib:/opt/ros/humble/lib/x86_64-linux-gnu:/opt/ros/humble/lib'), ('HOME', '/root'), ('OLDPWD', '/'), ('ROS_PYTHON_VERSION', '3'), ('ROS_DISTRO', 'humble'), ('_', '/usr/bin/colcon'), ('ROS_VERSION', '2'), ('TERM', 'xterm'), ('ROS_LOCALHOST_ONLY', '0'), ('PATH', '/opt/ros/humble/bin:/usr/local/sbin:/usr/local/bin:/usr/sbin:/usr/bin:/sbin:/bin'), ('DISPLAY', ':1'), ('LANG', 'C.UTF-8'), ('LS_COLORS', 'rs=0:di=01;34:ln=01;36:mh=00:pi=40;33:so=01;35:do=01;35:bd=40;33;01:cd=40;33;01:or=40;31;01:mi=00:su=37;41:sg=30;43:ca=30;41:tw=30;42:ow=34;42:st=37;44:ex=01;32:*.tar=01;31:*.tgz=01;31:*.arc=01;31:*.arj=01;31:*.taz=01;31:*.lha=01;31:*.lz4=01;31:*.lzh=01;31:*.lzma=01;31:*.tlz=01;31:*.txz=01;31:*.tzo=01;31:*.t7z=01;31:*.zip=01;31:*.z=01;31:*.dz=01;31:*.gz=01;31:*.lrz=01;31:*.lz=01;31:*.lzo=01;31:*.xz=01;31:*.zst=01;31:*.tzst=01;31:*.bz2=01;31:*.bz=01;31:*.tbz=01;31:*.tbz2=01;31:*.tz=01;31:*.deb=01;31:*.rpm=01;31:*.jar=01;31:*.war=01;31:*.ear=01;31:*.sar=01;31:*.rar=01;31:*.alz=01;31:*.ace=01;31:*.zoo=01;31:*.cpio=01;31:*.7z=01;31:*.rz=01;31:*.cab=01;31:*.wim=01;31:*.swm=01;31:*.dwm=01;31:*.esd=01;31:*.jpg=01;35:*.jpeg=01;35:*.mjpg=01;35:*.mjpeg=01;35:*.gif=01;35:*.bmp=01;35:*.pbm=01;35:*.pgm=01;35:*.ppm=01;35:*.tga=01;35:*.xbm=01;35:*.xpm=01;35:*.tif=01;35:*.tiff=01;35:*.png=01;35:*.svg=01;35:*.svgz=01;35:*.mng=01;35:*.pcx=01;35:*.mov=01;35:*.mpg=01;35:*.mpeg=01;35:*.m2v=01;35:*.mkv=01;35:*.webm=01;35:*.webp=01;35:*.ogm=01;35:*.mp4=01;35:*.m4v=01;35:*.mp4v=01;35:*.vob=01;35:*.qt=01;35:*.nuv=01;35:*.wmv=01;35:*.asf=01;35:*.rm=01;35:*.rmvb=01;35:*.flc=01;35:*.avi=01;35:*.fli=01;35:*.flv=01;35:*.gl=01;35:*.dl=01;35:*.xcf=01;35:*.xwd=01;35:*.yuv=01;35:*.cgm=01;35:*.emf=01;35:*.ogv=01;35:*.ogx=01;35:*.aac=00;36:*.au=00;36:*.flac=00;36:*.m4a=00;36:*.mid=00;36:*.midi=00;36:*.mka=00;36:*.mp3=00;36:*.mpc=00;36:*.ogg=00;36:*.ra=00;36:*.wav=00;36:*.oga=00;36:*.opus=00;36:*.spx=00;36:*.xspf=00;36:'), ('AMENT_PREFIX_PATH', '/opt/ros/humble'), ('PWD', '/home/javierac/create3_ws/build/irobot_create_control'), ('LC_ALL', 'C.UTF-8'), ('PYTHONPATH', '/opt/ros/humble/lib/python3.10/site-packages:/opt/ros/humble/local/lib/python3.10/dist-packages'), ('NVIDIA_VISIBLE_DEVICES', 'all'), ('COLCON', '1'), ('CMAKE_PREFIX_PATH', '/opt/ros/humble')]), 'shell': False}
[0.021854] (irobot_create_description) JobProgress: {'identifier': 'irobot_create_description', 'progress': 'cmake'}
[0.022878] (irobot_create_description) Command: {'cmd': ['/usr/bin/cmake', '/home/javierac/create3_ws/src/irobot_create_common/irobot_create_description', '-DAMENT_CMAKE_SYMLINK_INSTALL=1', '-DCMAKE_INSTALL_PREFIX=/home/javierac/create3_ws/install/irobot_create_description'], 'cwd': '/home/javierac/create3_ws/build/irobot_create_description', 'env': OrderedDict([('USER', 'javierac'), ('HOSTNAME', '3fe4b3694adc'), ('SHLVL', '1'), ('LD_LIBRARY_PATH', '/usr/lib/x86_64-linux-gnu/gazebo-11/plugins:/opt/ros/humble/opt/rviz_ogre_vendor/lib:/opt/ros/humble/lib/x86_64-linux-gnu:/opt/ros/humble/lib'), ('HOME', '/root'), ('OLDPWD', '/'), ('ROS_PYTHON_VERSION', '3'), ('ROS_DISTRO', 'humble'), ('_', '/usr/bin/colcon'), ('ROS_VERSION', '2'), ('TERM', 'xterm'), ('ROS_LOCALHOST_ONLY', '0'), ('PATH', '/opt/ros/humble/bin:/usr/local/sbin:/usr/local/bin:/usr/sbin:/usr/bin:/sbin:/bin'), ('DISPLAY', ':1'), ('LANG', 'C.UTF-8'), ('LS_COLORS', 'rs=0:di=01;34:ln=01;36:mh=00:pi=40;33:so=01;35:do=01;35:bd=40;33;01:cd=40;33;01:or=40;31;01:mi=00:su=37;41:sg=30;43:ca=30;41:tw=30;42:ow=34;42:st=37;44:ex=01;32:*.tar=01;31:*.tgz=01;31:*.arc=01;31:*.arj=01;31:*.taz=01;31:*.lha=01;31:*.lz4=01;31:*.lzh=01;31:*.lzma=01;31:*.tlz=01;31:*.txz=01;31:*.tzo=01;31:*.t7z=01;31:*.zip=01;31:*.z=01;31:*.dz=01;31:*.gz=01;31:*.lrz=01;31:*.lz=01;31:*.lzo=01;31:*.xz=01;31:*.zst=01;31:*.tzst=01;31:*.bz2=01;31:*.bz=01;31:*.tbz=01;31:*.tbz2=01;31:*.tz=01;31:*.deb=01;31:*.rpm=01;31:*.jar=01;31:*.war=01;31:*.ear=01;31:*.sar=01;31:*.rar=01;31:*.alz=01;31:*.ace=01;31:*.zoo=01;31:*.cpio=01;31:*.7z=01;31:*.rz=01;31:*.cab=01;31:*.wim=01;31:*.swm=01;31:*.dwm=01;31:*.esd=01;31:*.jpg=01;35:*.jpeg=01;35:*.mjpg=01;35:*.mjpeg=01;35:*.gif=01;35:*.bmp=01;35:*.pbm=01;35:*.pgm=01;35:*.ppm=01;35:*.tga=01;35:*.xbm=01;35:*.xpm=01;35:*.tif=01;35:*.tiff=01;35:*.png=01;35:*.svg=01;35:*.svgz=01;35:*.mng=01;35:*.pcx=01;35:*.mov=01;35:*.mpg=01;35:*.mpeg=01;35:*.m2v=01;35:*.mkv=01;35:*.webm=01;35:*.webp=01;35:*.ogm=01;35:*.mp4=01;35:*.m4v=01;35:*.mp4v=01;35:*.vob=01;35:*.qt=01;35:*.nuv=01;35:*.wmv=01;35:*.asf=01;35:*.rm=01;35:*.rmvb=01;35:*.flc=01;35:*.avi=01;35:*.fli=01;35:*.flv=01;35:*.gl=01;35:*.dl=01;35:*.xcf=01;35:*.xwd=01;35:*.yuv=01;35:*.cgm=01;35:*.emf=01;35:*.ogv=01;35:*.ogx=01;35:*.aac=00;36:*.au=00;36:*.flac=00;36:*.m4a=00;36:*.mid=00;36:*.midi=00;36:*.mka=00;36:*.mp3=00;36:*.mpc=00;36:*.ogg=00;36:*.ra=00;36:*.wav=00;36:*.oga=00;36:*.opus=00;36:*.spx=00;36:*.xspf=00;36:'), ('AMENT_PREFIX_PATH', '/opt/ros/humble'), ('PWD', '/home/javierac/create3_ws/build/irobot_create_description'), ('LC_ALL', 'C.UTF-8'), ('PYTHONPATH', '/opt/ros/humble/lib/python3.10/site-packages:/opt/ros/humble/local/lib/python3.10/dist-packages'), ('NVIDIA_VISIBLE_DEVICES', 'all'), ('COLCON', '1'), ('CMAKE_PREFIX_PATH', '/opt/ros/humble')]), 'shell': False}
[0.026225] (irobot_create_ignition_plugins) JobProgress: {'identifier': 'irobot_create_ignition_plugins', 'progress': 'cmake'}
[0.026934] (irobot_create_ignition_plugins) Command: {'cmd': ['/usr/bin/cmake', '/home/javierac/create3_ws/src/irobot_create_ignition/irobot_create_ignition_plugins', '-DAMENT_CMAKE_SYMLINK_INSTALL=1', '-DCMAKE_INSTALL_PREFIX=/home/javierac/create3_ws/install/irobot_create_ignition_plugins'], 'cwd': '/home/javierac/create3_ws/build/irobot_create_ignition_plugins', 'env': OrderedDict([('USER', 'javierac'), ('HOSTNAME', '3fe4b3694adc'), ('SHLVL', '1'), ('LD_LIBRARY_PATH', '/usr/lib/x86_64-linux-gnu/gazebo-11/plugins:/opt/ros/humble/opt/rviz_ogre_vendor/lib:/opt/ros/humble/lib/x86_64-linux-gnu:/opt/ros/humble/lib'), ('HOME', '/root'), ('OLDPWD', '/'), ('ROS_PYTHON_VERSION', '3'), ('ROS_DISTRO', 'humble'), ('_', '/usr/bin/colcon'), ('ROS_VERSION', '2'), ('TERM', 'xterm'), ('ROS_LOCALHOST_ONLY', '0'), ('PATH', '/opt/ros/humble/bin:/usr/local/sbin:/usr/local/bin:/usr/sbin:/usr/bin:/sbin:/bin'), ('DISPLAY', ':1'), ('LANG', 'C.UTF-8'), ('LS_COLORS', 'rs=0:di=01;34:ln=01;36:mh=00:pi=40;33:so=01;35:do=01;35:bd=40;33;01:cd=40;33;01:or=40;31;01:mi=00:su=37;41:sg=30;43:ca=30;41:tw=30;42:ow=34;42:st=37;44:ex=01;32:*.tar=01;31:*.tgz=01;31:*.arc=01;31:*.arj=01;31:*.taz=01;31:*.lha=01;31:*.lz4=01;31:*.lzh=01;31:*.lzma=01;31:*.tlz=01;31:*.txz=01;31:*.tzo=01;31:*.t7z=01;31:*.zip=01;31:*.z=01;31:*.dz=01;31:*.gz=01;31:*.lrz=01;31:*.lz=01;31:*.lzo=01;31:*.xz=01;31:*.zst=01;31:*.tzst=01;31:*.bz2=01;31:*.bz=01;31:*.tbz=01;31:*.tbz2=01;31:*.tz=01;31:*.deb=01;31:*.rpm=01;31:*.jar=01;31:*.war=01;31:*.ear=01;31:*.sar=01;31:*.rar=01;31:*.alz=01;31:*.ace=01;31:*.zoo=01;31:*.cpio=01;31:*.7z=01;31:*.rz=01;31:*.cab=01;31:*.wim=01;31:*.swm=01;31:*.dwm=01;31:*.esd=01;31:*.jpg=01;35:*.jpeg=01;35:*.mjpg=01;35:*.mjpeg=01;35:*.gif=01;35:*.bmp=01;35:*.pbm=01;35:*.pgm=01;35:*.ppm=01;35:*.tga=01;35:*.xbm=01;35:*.xpm=01;35:*.tif=01;35:*.tiff=01;35:*.png=01;35:*.svg=01;35:*.svgz=01;35:*.mng=01;35:*.pcx=01;35:*.mov=01;35:*.mpg=01;35:*.mpeg=01;35:*.m2v=01;35:*.mkv=01;35:*.webm=01;35:*.webp=01;35:*.ogm=01;35:*.mp4=01;35:*.m4v=01;35:*.mp4v=01;35:*.vob=01;35:*.qt=01;35:*.nuv=01;35:*.wmv=01;35:*.asf=01;35:*.rm=01;35:*.rmvb=01;35:*.flc=01;35:*.avi=01;35:*.fli=01;35:*.flv=01;35:*.gl=01;35:*.dl=01;35:*.xcf=01;35:*.xwd=01;35:*.yuv=01;35:*.cgm=01;35:*.emf=01;35:*.ogv=01;35:*.ogx=01;35:*.aac=00;36:*.au=00;36:*.flac=00;36:*.m4a=00;36:*.mid=00;36:*.midi=00;36:*.mka=00;36:*.mp3=00;36:*.mpc=00;36:*.ogg=00;36:*.ra=00;36:*.wav=00;36:*.oga=00;36:*.opus=00;36:*.spx=00;36:*.xspf=00;36:'), ('AMENT_PREFIX_PATH', '/opt/ros/humble'), ('PWD', '/home/javierac/create3_ws/build/irobot_create_ignition_plugins'), ('LC_ALL', 'C.UTF-8'), ('PYTHONPATH', '/opt/ros/humble/lib/python3.10/site-packages:/opt/ros/humble/local/lib/python3.10/dist-packages'), ('NVIDIA_VISIBLE_DEVICES', 'all'), ('COLCON', '1'), ('CMAKE_PREFIX_PATH', '/opt/ros/humble')]), 'shell': False}
[0.083078] (irobot_create_description) StdoutLine: {'line': b'-- The C compiler identification is GNU 11.4.0\n'}
[0.083491] (irobot_create_toolbox) StdoutLine: {'line': b'-- The C compiler identification is GNU 11.4.0\n'}
[0.084021] (irobot_create_control) StdoutLine: {'line': b'-- The C compiler identification is GNU 11.4.0\n'}
[0.084588] (irobot_create_ignition_plugins) StdoutLine: {'line': b'-- The C compiler identification is GNU 11.4.0\n'}
[0.099090] (-) TimerEvent: {}
[0.143077] (irobot_create_description) StdoutLine: {'line': b'-- The CXX compiler identification is GNU 11.4.0\n'}
[0.144002] (irobot_create_control) StdoutLine: {'line': b'-- The CXX compiler identification is GNU 11.4.0\n'}
[0.146157] (irobot_create_toolbox) StdoutLine: {'line': b'-- The CXX compiler identification is GNU 11.4.0\n'}
[0.146733] (irobot_create_ignition_plugins) StdoutLine: {'line': b'-- The CXX compiler identification is GNU 11.4.0\n'}
[0.150602] (irobot_create_description) StdoutLine: {'line': b'-- Detecting C compiler ABI info\n'}
[0.153201] (irobot_create_control) StdoutLine: {'line': b'-- Detecting C compiler ABI info\n'}
[0.153828] (irobot_create_toolbox) StdoutLine: {'line': b'-- Detecting C compiler ABI info\n'}
[0.157251] (irobot_create_ignition_plugins) StdoutLine: {'line': b'-- Detecting C compiler ABI info\n'}
[0.199248] (-) TimerEvent: {}
[0.223008] (irobot_create_description) StdoutLine: {'line': b'-- Detecting C compiler ABI info - done\n'}
[0.225186] (irobot_create_control) StdoutLine: {'line': b'-- Detecting C compiler ABI info - done\n'}
[0.227848] (irobot_create_toolbox) StdoutLine: {'line': b'-- Detecting C compiler ABI info - done\n'}
[0.231045] (irobot_create_description) StdoutLine: {'line': b'-- Check for working C compiler: /usr/bin/cc - skipped\n'}
[0.231307] (irobot_create_description) StdoutLine: {'line': b'-- Detecting C compile features\n'}
[0.231598] (irobot_create_description) StdoutLine: {'line': b'-- Detecting C compile features - done\n'}
[0.231838] (irobot_create_ignition_plugins) StdoutLine: {'line': b'-- Detecting C compiler ABI info - done\n'}
[0.232385] (irobot_create_control) StdoutLine: {'line': b'-- Check for working C compiler: /usr/bin/cc - skipped\n'}
[0.232577] (irobot_create_control) StdoutLine: {'line': b'-- Detecting C compile features\n'}
[0.232969] (irobot_create_control) StdoutLine: {'line': b'-- Detecting C compile features - done\n'}
[0.234572] (irobot_create_description) StdoutLine: {'line': b'-- Detecting CXX compiler ABI info\n'}
[0.236901] (irobot_create_toolbox) StdoutLine: {'line': b'-- Check for working C compiler: /usr/bin/cc - skipped\n'}
[0.237031] (irobot_create_control) StdoutLine: {'line': b'-- Detecting CXX compiler ABI info\n'}
[0.237209] (irobot_create_toolbox) StdoutLine: {'line': b'-- Detecting C compile features\n'}
[0.237314] (irobot_create_toolbox) StdoutLine: {'line': b'-- Detecting C compile features - done\n'}
[0.239673] (irobot_create_toolbox) StdoutLine: {'line': b'-- Detecting CXX compiler ABI info\n'}
[0.242149] (irobot_create_ignition_plugins) StdoutLine: {'line': b'-- Check for working C compiler: /usr/bin/cc - skipped\n'}
[0.242370] (irobot_create_ignition_plugins) StdoutLine: {'line': b'-- Detecting C compile features\n'}
[0.242800] (irobot_create_ignition_plugins) StdoutLine: {'line': b'-- Detecting C compile features - done\n'}
[0.245754] (irobot_create_ignition_plugins) StdoutLine: {'line': b'-- Detecting CXX compiler ABI info\n'}
[0.299396] (-) TimerEvent: {}
[0.317505] (irobot_create_description) StdoutLine: {'line': b'-- Detecting CXX compiler ABI info - done\n'}
[0.325320] (irobot_create_description) StdoutLine: {'line': b'-- Check for working CXX compiler: /usr/bin/c++ - skipped\n'}
[0.325609] (irobot_create_description) StdoutLine: {'line': b'-- Detecting CXX compile features\n'}
[0.325911] (irobot_create_description) StdoutLine: {'line': b'-- Detecting CXX compile features - done\n'}
[0.328980] (irobot_create_description) StdoutLine: {'line': b'-- Found ament_cmake: 1.3.12 (/opt/ros/humble/share/ament_cmake/cmake)\n'}
[0.329494] (irobot_create_toolbox) StdoutLine: {'line': b'-- Detecting CXX compiler ABI info - done\n'}
[0.331499] (irobot_create_ignition_plugins) StdoutLine: {'line': b'-- Detecting CXX compiler ABI info - done\n'}
[0.333541] (irobot_create_control) StdoutLine: {'line': b'-- Detecting CXX compiler ABI info - done\n'}
[0.336936] (irobot_create_toolbox) StdoutLine: {'line': b'-- Check for working CXX compiler: /usr/bin/c++ - skipped\n'}
[0.337318] (irobot_create_toolbox) StdoutLine: {'line': b'-- Detecting CXX compile features\n'}
[0.337512] (irobot_create_toolbox) StdoutLine: {'line': b'-- Detecting CXX compile features - done\n'}
[0.338877] (irobot_create_ignition_plugins) StdoutLine: {'line': b'-- Check for working CXX compiler: /usr/bin/c++ - skipped\n'}
[0.339102] (irobot_create_ignition_plugins) StdoutLine: {'line': b'-- Detecting CXX compile features\n'}
[0.339491] (irobot_create_ignition_plugins) StdoutLine: {'line': b'-- Detecting CXX compile features - done\n'}
[0.340177] (irobot_create_toolbox) StdoutLine: {'line': b'-- Found ament_cmake: 1.3.12 (/opt/ros/humble/share/ament_cmake/cmake)\n'}
[0.340745] (irobot_create_control) StdoutLine: {'line': b'-- Check for working CXX compiler: /usr/bin/c++ - skipped\n'}
[0.341030] (irobot_create_control) StdoutLine: {'line': b'-- Detecting CXX compile features\n'}
[0.341544] (irobot_create_control) StdoutLine: {'line': b'-- Detecting CXX compile features - done\n'}
[0.341999] (irobot_create_ignition_plugins) StdoutLine: {'line': b'-- Found ament_cmake: 1.3.12 (/opt/ros/humble/share/ament_cmake/cmake)\n'}
[0.344069] (irobot_create_control) StdoutLine: {'line': b'-- Found ament_cmake: 1.3.12 (/opt/ros/humble/share/ament_cmake/cmake)\n'}
[0.399503] (-) TimerEvent: {}
[0.484848] (irobot_create_description) StdoutLine: {'line': b'-- Found Python3: /usr/bin/python3 (found version "3.10.12") found components: Interpreter \n'}
[0.499677] (-) TimerEvent: {}
[0.500009] (irobot_create_ignition_plugins) StdoutLine: {'line': b'-- Found Python3: /usr/bin/python3 (found version "3.10.12") found components: Interpreter \n'}
[0.501253] (irobot_create_toolbox) StdoutLine: {'line': b'-- Found Python3: /usr/bin/python3 (found version "3.10.12") found components: Interpreter \n'}
[0.517999] (irobot_create_control) StdoutLine: {'line': b'-- Found Python3: /usr/bin/python3 (found version "3.10.12") found components: Interpreter \n'}
[0.546874] (irobot_create_description) StdoutLine: {'line': b'-- Override CMake install command with custom implementation using symlinks instead of copying resources\n'}
[0.563755] (irobot_create_toolbox) StdoutLine: {'line': b'-- Override CMake install command with custom implementation using symlinks instead of copying resources\n'}
[0.570481] (irobot_create_ignition_plugins) StdoutLine: {'line': b'-- Override CMake install command with custom implementation using symlinks instead of copying resources\n'}
[0.579496] (irobot_create_control) StdoutLine: {'line': b'-- Override CMake install command with custom implementation using symlinks instead of copying resources\n'}
[0.581084] (irobot_create_description) StdoutLine: {'line': b'-- Found ament_lint_auto: 0.12.14 (/opt/ros/humble/share/ament_lint_auto/cmake)\n'}
[0.596009] (irobot_create_toolbox) StdoutLine: {'line': b'-- Looking for ignition-math6 -- found version 6.15.1\n'}
[0.599890] (-) TimerEvent: {}
[0.602995] (irobot_create_toolbox) StdoutLine: {'line': b'-- Searching for dependencies of ignition-math6\n'}
[0.605157] (irobot_create_toolbox) StdoutLine: {'line': b'-- Found rclcpp: 16.0.15 (/opt/ros/humble/share/rclcpp/cmake)\n'}
[0.613618] (irobot_create_control) StdoutLine: {'line': b'-- Found ament_lint_auto: 0.12.14 (/opt/ros/humble/share/ament_lint_auto/cmake)\n'}
[0.648139] (irobot_create_description) StdoutLine: {'line': b"-- Added test 'lint_cmake' to check CMake code style\n"}
[0.649285] (irobot_create_description) StdoutLine: {'line': b'-- Configuring done\n'}
[0.651229] (irobot_create_toolbox) StdoutLine: {'line': b'-- Found rosidl_generator_c: 3.1.7 (/opt/ros/humble/share/rosidl_generator_c/cmake)\n'}
[0.651562] (irobot_create_description) StdoutLine: {'line': b'-- Generating done\n'}
[0.652782] (irobot_create_description) StdoutLine: {'line': b'-- Build files have been written to: /home/javierac/create3_ws/build/irobot_create_description\n'}
[0.657361] (irobot_create_description) CommandEnded: {'returncode': 0}
[0.658107] (irobot_create_description) JobProgress: {'identifier': 'irobot_create_description', 'progress': 'build'}
[0.658211] (irobot_create_toolbox) StdoutLine: {'line': b'-- Found rosidl_adapter: 3.1.7 (/opt/ros/humble/share/rosidl_adapter/cmake)\n'}
[0.658284] (irobot_create_description) Command: {'cmd': ['/usr/bin/cmake', '--build', '/home/javierac/create3_ws/build/irobot_create_description', '--', '-j20', '-l20'], 'cwd': '/home/javierac/create3_ws/build/irobot_create_description', 'env': OrderedDict([('USER', 'javierac'), ('HOSTNAME', '3fe4b3694adc'), ('SHLVL', '1'), ('LD_LIBRARY_PATH', '/usr/lib/x86_64-linux-gnu/gazebo-11/plugins:/opt/ros/humble/opt/rviz_ogre_vendor/lib:/opt/ros/humble/lib/x86_64-linux-gnu:/opt/ros/humble/lib'), ('HOME', '/root'), ('OLDPWD', '/'), ('ROS_PYTHON_VERSION', '3'), ('ROS_DISTRO', 'humble'), ('_', '/usr/bin/colcon'), ('ROS_VERSION', '2'), ('TERM', 'xterm'), ('ROS_LOCALHOST_ONLY', '0'), ('PATH', '/opt/ros/humble/bin:/usr/local/sbin:/usr/local/bin:/usr/sbin:/usr/bin:/sbin:/bin'), ('DISPLAY', ':1'), ('LANG', 'C.UTF-8'), ('LS_COLORS', 'rs=0:di=01;34:ln=01;36:mh=00:pi=40;33:so=01;35:do=01;35:bd=40;33;01:cd=40;33;01:or=40;31;01:mi=00:su=37;41:sg=30;43:ca=30;41:tw=30;42:ow=34;42:st=37;44:ex=01;32:*.tar=01;31:*.tgz=01;31:*.arc=01;31:*.arj=01;31:*.taz=01;31:*.lha=01;31:*.lz4=01;31:*.lzh=01;31:*.lzma=01;31:*.tlz=01;31:*.txz=01;31:*.tzo=01;31:*.t7z=01;31:*.zip=01;31:*.z=01;31:*.dz=01;31:*.gz=01;31:*.lrz=01;31:*.lz=01;31:*.lzo=01;31:*.xz=01;31:*.zst=01;31:*.tzst=01;31:*.bz2=01;31:*.bz=01;31:*.tbz=01;31:*.tbz2=01;31:*.tz=01;31:*.deb=01;31:*.rpm=01;31:*.jar=01;31:*.war=01;31:*.ear=01;31:*.sar=01;31:*.rar=01;31:*.alz=01;31:*.ace=01;31:*.zoo=01;31:*.cpio=01;31:*.7z=01;31:*.rz=01;31:*.cab=01;31:*.wim=01;31:*.swm=01;31:*.dwm=01;31:*.esd=01;31:*.jpg=01;35:*.jpeg=01;35:*.mjpg=01;35:*.mjpeg=01;35:*.gif=01;35:*.bmp=01;35:*.pbm=01;35:*.pgm=01;35:*.ppm=01;35:*.tga=01;35:*.xbm=01;35:*.xpm=01;35:*.tif=01;35:*.tiff=01;35:*.png=01;35:*.svg=01;35:*.svgz=01;35:*.mng=01;35:*.pcx=01;35:*.mov=01;35:*.mpg=01;35:*.mpeg=01;35:*.m2v=01;35:*.mkv=01;35:*.webm=01;35:*.webp=01;35:*.ogm=01;35:*.mp4=01;35:*.m4v=01;35:*.mp4v=01;35:*.vob=01;35:*.qt=01;35:*.nuv=01;35:*.wmv=01;35:*.asf=01;35:*.rm=01;35:*.rmvb=01;35:*.flc=01;35:*.avi=01;35:*.fli=01;35:*.flv=01;35:*.gl=01;35:*.dl=01;35:*.xcf=01;35:*.xwd=01;35:*.yuv=01;35:*.cgm=01;35:*.emf=01;35:*.ogv=01;35:*.ogx=01;35:*.aac=00;36:*.au=00;36:*.flac=00;36:*.m4a=00;36:*.mid=00;36:*.midi=00;36:*.mka=00;36:*.mp3=00;36:*.mpc=00;36:*.ogg=00;36:*.ra=00;36:*.wav=00;36:*.oga=00;36:*.opus=00;36:*.spx=00;36:*.xspf=00;36:'), ('AMENT_PREFIX_PATH', '/opt/ros/humble'), ('PWD', '/home/javierac/create3_ws/build/irobot_create_description'), ('LC_ALL', 'C.UTF-8'), ('PYTHONPATH', '/opt/ros/humble/lib/python3.10/site-packages:/opt/ros/humble/local/lib/python3.10/dist-packages'), ('NVIDIA_VISIBLE_DEVICES', 'all'), ('COLCON', '1'), ('CMAKE_PREFIX_PATH', '/opt/ros/humble')]), 'shell': False}
[0.665850] (irobot_create_toolbox) StdoutLine: {'line': b'-- Found rosidl_generator_cpp: 3.1.7 (/opt/ros/humble/share/rosidl_generator_cpp/cmake)\n'}
[0.678995] (irobot_create_toolbox) StdoutLine: {'line': b'-- Using all available rosidl_typesupport_c: rosidl_typesupport_fastrtps_c;rosidl_typesupport_introspection_c\n'}
[0.687700] (irobot_create_control) StdoutLine: {'line': b"-- Added test 'flake8' to check Python code syntax and style conventions\n"}
[0.688281] (irobot_create_control) StdoutLine: {'line': b"-- Added test 'lint_cmake' to check CMake code style\n"}
[0.688590] (irobot_create_control) StdoutLine: {'line': b"-- Added test 'pep257' to check Python code against some of the docstring style conventions in PEP 257\n"}
[0.688985] (irobot_create_control) StdoutLine: {'line': b"-- Added test 'xmllint' to check XML markup files\n"}
[0.690194] (irobot_create_control) StdoutLine: {'line': b'-- Configuring done\n'}
[0.692431] (irobot_create_control) StdoutLine: {'line': b'-- Generating done\n'}
[0.693656] (irobot_create_control) StdoutLine: {'line': b'-- Build files have been written to: /home/javierac/create3_ws/build/irobot_create_control\n'}
[0.697692] (irobot_create_control) CommandEnded: {'returncode': 0}
[0.698192] (irobot_create_toolbox) StdoutLine: {'line': b'-- Using all available rosidl_typesupport_cpp: rosidl_typesupport_fastrtps_cpp;rosidl_typesupport_introspection_cpp\n'}
[0.698515] (irobot_create_control) JobProgress: {'identifier': 'irobot_create_control', 'progress': 'build'}
[0.699568] (irobot_create_control) Command: {'cmd': ['/usr/bin/cmake', '--build', '/home/javierac/create3_ws/build/irobot_create_control', '--', '-j20', '-l20'], 'cwd': '/home/javierac/create3_ws/build/irobot_create_control', 'env': OrderedDict([('USER', 'javierac'), ('HOSTNAME', '3fe4b3694adc'), ('SHLVL', '1'), ('LD_LIBRARY_PATH', '/usr/lib/x86_64-linux-gnu/gazebo-11/plugins:/opt/ros/humble/opt/rviz_ogre_vendor/lib:/opt/ros/humble/lib/x86_64-linux-gnu:/opt/ros/humble/lib'), ('HOME', '/root'), ('OLDPWD', '/'), ('ROS_PYTHON_VERSION', '3'), ('ROS_DISTRO', 'humble'), ('_', '/usr/bin/colcon'), ('ROS_VERSION', '2'), ('TERM', 'xterm'), ('ROS_LOCALHOST_ONLY', '0'), ('PATH', '/opt/ros/humble/bin:/usr/local/sbin:/usr/local/bin:/usr/sbin:/usr/bin:/sbin:/bin'), ('DISPLAY', ':1'), ('LANG', 'C.UTF-8'), ('LS_COLORS', 'rs=0:di=01;34:ln=01;36:mh=00:pi=40;33:so=01;35:do=01;35:bd=40;33;01:cd=40;33;01:or=40;31;01:mi=00:su=37;41:sg=30;43:ca=30;41:tw=30;42:ow=34;42:st=37;44:ex=01;32:*.tar=01;31:*.tgz=01;31:*.arc=01;31:*.arj=01;31:*.taz=01;31:*.lha=01;31:*.lz4=01;31:*.lzh=01;31:*.lzma=01;31:*.tlz=01;31:*.txz=01;31:*.tzo=01;31:*.t7z=01;31:*.zip=01;31:*.z=01;31:*.dz=01;31:*.gz=01;31:*.lrz=01;31:*.lz=01;31:*.lzo=01;31:*.xz=01;31:*.zst=01;31:*.tzst=01;31:*.bz2=01;31:*.bz=01;31:*.tbz=01;31:*.tbz2=01;31:*.tz=01;31:*.deb=01;31:*.rpm=01;31:*.jar=01;31:*.war=01;31:*.ear=01;31:*.sar=01;31:*.rar=01;31:*.alz=01;31:*.ace=01;31:*.zoo=01;31:*.cpio=01;31:*.7z=01;31:*.rz=01;31:*.cab=01;31:*.wim=01;31:*.swm=01;31:*.dwm=01;31:*.esd=01;31:*.jpg=01;35:*.jpeg=01;35:*.mjpg=01;35:*.mjpeg=01;35:*.gif=01;35:*.bmp=01;35:*.pbm=01;35:*.pgm=01;35:*.ppm=01;35:*.tga=01;35:*.xbm=01;35:*.xpm=01;35:*.tif=01;35:*.tiff=01;35:*.png=01;35:*.svg=01;35:*.svgz=01;35:*.mng=01;35:*.pcx=01;35:*.mov=01;35:*.mpg=01;35:*.mpeg=01;35:*.m2v=01;35:*.mkv=01;35:*.webm=01;35:*.webp=01;35:*.ogm=01;35:*.mp4=01;35:*.m4v=01;35:*.mp4v=01;35:*.vob=01;35:*.qt=01;35:*.nuv=01;35:*.wmv=01;35:*.asf=01;35:*.rm=01;35:*.rmvb=01;35:*.flc=01;35:*.avi=01;35:*.fli=01;35:*.flv=01;35:*.gl=01;35:*.dl=01;35:*.xcf=01;35:*.xwd=01;35:*.yuv=01;35:*.cgm=01;35:*.emf=01;35:*.ogv=01;35:*.ogx=01;35:*.aac=00;36:*.au=00;36:*.flac=00;36:*.m4a=00;36:*.mid=00;36:*.midi=00;36:*.mka=00;36:*.mp3=00;36:*.mpc=00;36:*.ogg=00;36:*.ra=00;36:*.wav=00;36:*.oga=00;36:*.opus=00;36:*.spx=00;36:*.xspf=00;36:'), ('AMENT_PREFIX_PATH', '/opt/ros/humble'), ('PWD', '/home/javierac/create3_ws/build/irobot_create_control'), ('LC_ALL', 'C.UTF-8'), ('PYTHONPATH', '/opt/ros/humble/lib/python3.10/site-packages:/opt/ros/humble/local/lib/python3.10/dist-packages'), ('NVIDIA_VISIBLE_DEVICES', 'all'), ('COLCON', '1'), ('CMAKE_PREFIX_PATH', '/opt/ros/humble')]), 'shell': False}
[0.700379] (-) TimerEvent: {}
[0.702327] (irobot_create_description) CommandEnded: {'returncode': 0}
[0.703081] (irobot_create_description) JobProgress: {'identifier': 'irobot_create_description', 'progress': 'install'}
[0.715733] (irobot_create_description) Command: {'cmd': ['/usr/bin/cmake', '--install', '/home/javierac/create3_ws/build/irobot_create_description'], 'cwd': '/home/javierac/create3_ws/build/irobot_create_description', 'env': OrderedDict([('USER', 'javierac'), ('HOSTNAME', '3fe4b3694adc'), ('SHLVL', '1'), ('LD_LIBRARY_PATH', '/usr/lib/x86_64-linux-gnu/gazebo-11/plugins:/opt/ros/humble/opt/rviz_ogre_vendor/lib:/opt/ros/humble/lib/x86_64-linux-gnu:/opt/ros/humble/lib'), ('HOME', '/root'), ('OLDPWD', '/'), ('ROS_PYTHON_VERSION', '3'), ('ROS_DISTRO', 'humble'), ('_', '/usr/bin/colcon'), ('ROS_VERSION', '2'), ('TERM', 'xterm'), ('ROS_LOCALHOST_ONLY', '0'), ('PATH', '/opt/ros/humble/bin:/usr/local/sbin:/usr/local/bin:/usr/sbin:/usr/bin:/sbin:/bin'), ('DISPLAY', ':1'), ('LANG', 'C.UTF-8'), ('LS_COLORS', 'rs=0:di=01;34:ln=01;36:mh=00:pi=40;33:so=01;35:do=01;35:bd=40;33;01:cd=40;33;01:or=40;31;01:mi=00:su=37;41:sg=30;43:ca=30;41:tw=30;42:ow=34;42:st=37;44:ex=01;32:*.tar=01;31:*.tgz=01;31:*.arc=01;31:*.arj=01;31:*.taz=01;31:*.lha=01;31:*.lz4=01;31:*.lzh=01;31:*.lzma=01;31:*.tlz=01;31:*.txz=01;31:*.tzo=01;31:*.t7z=01;31:*.zip=01;31:*.z=01;31:*.dz=01;31:*.gz=01;31:*.lrz=01;31:*.lz=01;31:*.lzo=01;31:*.xz=01;31:*.zst=01;31:*.tzst=01;31:*.bz2=01;31:*.bz=01;31:*.tbz=01;31:*.tbz2=01;31:*.tz=01;31:*.deb=01;31:*.rpm=01;31:*.jar=01;31:*.war=01;31:*.ear=01;31:*.sar=01;31:*.rar=01;31:*.alz=01;31:*.ace=01;31:*.zoo=01;31:*.cpio=01;31:*.7z=01;31:*.rz=01;31:*.cab=01;31:*.wim=01;31:*.swm=01;31:*.dwm=01;31:*.esd=01;31:*.jpg=01;35:*.jpeg=01;35:*.mjpg=01;35:*.mjpeg=01;35:*.gif=01;35:*.bmp=01;35:*.pbm=01;35:*.pgm=01;35:*.ppm=01;35:*.tga=01;35:*.xbm=01;35:*.xpm=01;35:*.tif=01;35:*.tiff=01;35:*.png=01;35:*.svg=01;35:*.svgz=01;35:*.mng=01;35:*.pcx=01;35:*.mov=01;35:*.mpg=01;35:*.mpeg=01;35:*.m2v=01;35:*.mkv=01;35:*.webm=01;35:*.webp=01;35:*.ogm=01;35:*.mp4=01;35:*.m4v=01;35:*.mp4v=01;35:*.vob=01;35:*.qt=01;35:*.nuv=01;35:*.wmv=01;35:*.asf=01;35:*.rm=01;35:*.rmvb=01;35:*.flc=01;35:*.avi=01;35:*.fli=01;35:*.flv=01;35:*.gl=01;35:*.dl=01;35:*.xcf=01;35:*.xwd=01;35:*.yuv=01;35:*.cgm=01;35:*.emf=01;35:*.ogv=01;35:*.ogx=01;35:*.aac=00;36:*.au=00;36:*.flac=00;36:*.m4a=00;36:*.mid=00;36:*.midi=00;36:*.mka=00;36:*.mp3=00;36:*.mpc=00;36:*.ogg=00;36:*.ra=00;36:*.wav=00;36:*.oga=00;36:*.opus=00;36:*.spx=00;36:*.xspf=00;36:'), ('AMENT_PREFIX_PATH', '/opt/ros/humble'), ('PWD', '/home/javierac/create3_ws/build/irobot_create_description'), ('LC_ALL', 'C.UTF-8'), ('PYTHONPATH', '/opt/ros/humble/lib/python3.10/site-packages:/opt/ros/humble/local/lib/python3.10/dist-packages'), ('NVIDIA_VISIBLE_DEVICES', 'all'), ('COLCON', '1'), ('CMAKE_PREFIX_PATH', '/opt/ros/humble')]), 'shell': False}
[0.726804] (irobot_create_description) StdoutLine: {'line': b'-- Install configuration: ""\n'}
[0.727655] (irobot_create_description) StdoutLine: {'line': b'-- Execute custom install script\n'}
[0.728855] (irobot_create_description) StdoutLine: {'line': b'-- Symlinking: /home/javierac/create3_ws/install/irobot_create_description/share/irobot_create_description//meshes/body_visual.dae\n'}
[0.735663] (irobot_create_description) StdoutLine: {'line': b'-- Symlinking: /home/javierac/create3_ws/install/irobot_create_description/share/irobot_create_description//meshes/bumper_collision.dae\n'}
[0.743095] (irobot_create_control) CommandEnded: {'returncode': 0}
[0.743659] (irobot_create_control) JobProgress: {'identifier': 'irobot_create_control', 'progress': 'install'}
[0.744407] (irobot_create_control) Command: {'cmd': ['/usr/bin/cmake', '--install', '/home/javierac/create3_ws/build/irobot_create_control'], 'cwd': '/home/javierac/create3_ws/build/irobot_create_control', 'env': OrderedDict([('USER', 'javierac'), ('HOSTNAME', '3fe4b3694adc'), ('SHLVL', '1'), ('LD_LIBRARY_PATH', '/usr/lib/x86_64-linux-gnu/gazebo-11/plugins:/opt/ros/humble/opt/rviz_ogre_vendor/lib:/opt/ros/humble/lib/x86_64-linux-gnu:/opt/ros/humble/lib'), ('HOME', '/root'), ('OLDPWD', '/'), ('ROS_PYTHON_VERSION', '3'), ('ROS_DISTRO', 'humble'), ('_', '/usr/bin/colcon'), ('ROS_VERSION', '2'), ('TERM', 'xterm'), ('ROS_LOCALHOST_ONLY', '0'), ('PATH', '/opt/ros/humble/bin:/usr/local/sbin:/usr/local/bin:/usr/sbin:/usr/bin:/sbin:/bin'), ('DISPLAY', ':1'), ('LANG', 'C.UTF-8'), ('LS_COLORS', 'rs=0:di=01;34:ln=01;36:mh=00:pi=40;33:so=01;35:do=01;35:bd=40;33;01:cd=40;33;01:or=40;31;01:mi=00:su=37;41:sg=30;43:ca=30;41:tw=30;42:ow=34;42:st=37;44:ex=01;32:*.tar=01;31:*.tgz=01;31:*.arc=01;31:*.arj=01;31:*.taz=01;31:*.lha=01;31:*.lz4=01;31:*.lzh=01;31:*.lzma=01;31:*.tlz=01;31:*.txz=01;31:*.tzo=01;31:*.t7z=01;31:*.zip=01;31:*.z=01;31:*.dz=01;31:*.gz=01;31:*.lrz=01;31:*.lz=01;31:*.lzo=01;31:*.xz=01;31:*.zst=01;31:*.tzst=01;31:*.bz2=01;31:*.bz=01;31:*.tbz=01;31:*.tbz2=01;31:*.tz=01;31:*.deb=01;31:*.rpm=01;31:*.jar=01;31:*.war=01;31:*.ear=01;31:*.sar=01;31:*.rar=01;31:*.alz=01;31:*.ace=01;31:*.zoo=01;31:*.cpio=01;31:*.7z=01;31:*.rz=01;31:*.cab=01;31:*.wim=01;31:*.swm=01;31:*.dwm=01;31:*.esd=01;31:*.jpg=01;35:*.jpeg=01;35:*.mjpg=01;35:*.mjpeg=01;35:*.gif=01;35:*.bmp=01;35:*.pbm=01;35:*.pgm=01;35:*.ppm=01;35:*.tga=01;35:*.xbm=01;35:*.xpm=01;35:*.tif=01;35:*.tiff=01;35:*.png=01;35:*.svg=01;35:*.svgz=01;35:*.mng=01;35:*.pcx=01;35:*.mov=01;35:*.mpg=01;35:*.mpeg=01;35:*.m2v=01;35:*.mkv=01;35:*.webm=01;35:*.webp=01;35:*.ogm=01;35:*.mp4=01;35:*.m4v=01;35:*.mp4v=01;35:*.vob=01;35:*.qt=01;35:*.nuv=01;35:*.wmv=01;35:*.asf=01;35:*.rm=01;35:*.rmvb=01;35:*.flc=01;35:*.avi=01;35:*.fli=01;35:*.flv=01;35:*.gl=01;35:*.dl=01;35:*.xcf=01;35:*.xwd=01;35:*.yuv=01;35:*.cgm=01;35:*.emf=01;35:*.ogv=01;35:*.ogx=01;35:*.aac=00;36:*.au=00;36:*.flac=00;36:*.m4a=00;36:*.mid=00;36:*.midi=00;36:*.mka=00;36:*.mp3=00;36:*.mpc=00;36:*.ogg=00;36:*.ra=00;36:*.wav=00;36:*.oga=00;36:*.opus=00;36:*.spx=00;36:*.xspf=00;36:'), ('AMENT_PREFIX_PATH', '/opt/ros/humble'), ('PWD', '/home/javierac/create3_ws/build/irobot_create_control'), ('LC_ALL', 'C.UTF-8'), ('PYTHONPATH', '/opt/ros/humble/lib/python3.10/site-packages:/opt/ros/humble/local/lib/python3.10/dist-packages'), ('NVIDIA_VISIBLE_DEVICES', 'all'), ('COLCON', '1'), ('CMAKE_PREFIX_PATH', '/opt/ros/humble')]), 'shell': False}
[0.746053] (irobot_create_description) StdoutLine: {'line': b'-- Symlinking: /home/javierac/create3_ws/install/irobot_create_description/share/irobot_create_description//meshes/bumper_visual.dae\n'}
[0.750739] (irobot_create_control) StdoutLine: {'line': b'-- Install configuration: ""\n'}
[0.751125] (irobot_create_control) StdoutLine: {'line': b'-- Execute custom install script\n'}
[0.751611] (irobot_create_control) StdoutLine: {'line': b'-- Symlinking: /home/javierac/create3_ws/install/irobot_create_control/share/irobot_create_control//launch/include/control.py\n'}
[0.754074] (irobot_create_description) StdoutLine: {'line': b'-- Symlinking: /home/javierac/create3_ws/install/irobot_create_description/share/irobot_create_description//meshes/dock/visual.dae\n'}
[0.755712] (irobot_create_toolbox) StdoutLine: {'line': b'-- Found rmw_implementation_cmake: 6.1.2 (/opt/ros/humble/share/rmw_implementation_cmake/cmake)\n'}
[0.758541] (irobot_create_toolbox) StdoutLine: {'line': b'-- Found rmw_fastrtps_cpp: 6.2.9 (/opt/ros/humble/share/rmw_fastrtps_cpp/cmake)\n'}
[0.758850] (irobot_create_control) StdoutLine: {'line': b'-- Symlinking: /home/javierac/create3_ws/install/irobot_create_control/share/irobot_create_control//config/control.yaml\n'}
[0.761769] (irobot_create_description) StdoutLine: {'line': b'-- Symlinking: /home/javierac/create3_ws/install/irobot_create_description/share/irobot_create_description//urdf/bumper.urdf.xacro\n'}
[0.769608] (irobot_create_control) StdoutLine: {'line': b'-- Symlinking: /home/javierac/create3_ws/install/irobot_create_control/share/ament_index/resource_index/package_run_dependencies/irobot_create_control\n'}
[0.770577] (irobot_create_description) StdoutLine: {'line': b'-- Symlinking: /home/javierac/create3_ws/install/irobot_create_description/share/irobot_create_description//urdf/button.urdf.xacro\n'}
[0.780370] (irobot_create_control) StdoutLine: {'line': b'-- Symlinking: /home/javierac/create3_ws/install/irobot_create_control/share/ament_index/resource_index/parent_prefix_path/irobot_create_control\n'}
[0.781318] (irobot_create_description) StdoutLine: {'line': b'-- Symlinking: /home/javierac/create3_ws/install/irobot_create_description/share/irobot_create_description//urdf/caster.urdf.xacro\n'}
[0.790819] (irobot_create_description) StdoutLine: {'line': b'-- Symlinking: /home/javierac/create3_ws/install/irobot_create_description/share/irobot_create_description//urdf/common_properties.urdf.xacro\n'}
[0.791647] (irobot_create_control) StdoutLine: {'line': b'-- Symlinking: /home/javierac/create3_ws/install/irobot_create_control/share/irobot_create_control/environment/ament_prefix_path.sh\n'}
[0.800491] (-) TimerEvent: {}
[0.801253] (irobot_create_control) StdoutLine: {'line': b'-- Symlinking: /home/javierac/create3_ws/install/irobot_create_control/share/irobot_create_control/environment/ament_prefix_path.dsv\n'}
[0.801697] (irobot_create_description) StdoutLine: {'line': b'-- Symlinking: /home/javierac/create3_ws/install/irobot_create_description/share/irobot_create_description//urdf/create3.urdf.xacro\n'}
[0.811360] (irobot_create_description) StdoutLine: {'line': b'-- Symlinking: /home/javierac/create3_ws/install/irobot_create_description/share/irobot_create_description//urdf/dock/ir_emitter.urdf.xacro\n'}
[0.813339] (irobot_create_control) StdoutLine: {'line': b'-- Symlinking: /home/javierac/create3_ws/install/irobot_create_control/share/irobot_create_control/environment/path.sh\n'}
[0.821093] (irobot_create_description) StdoutLine: {'line': b'-- Symlinking: /home/javierac/create3_ws/install/irobot_create_description/share/irobot_create_description//urdf/dock/standard_dock.urdf.xacro\n'}
[0.822299] (irobot_create_control) StdoutLine: {'line': b'-- Symlinking: /home/javierac/create3_ws/install/irobot_create_control/share/irobot_create_control/environment/path.dsv\n'}
[0.830378] (irobot_create_control) StdoutLine: {'line': b'-- Symlinking: /home/javierac/create3_ws/install/irobot_create_control/share/irobot_create_control/local_setup.bash\n'}
[0.832476] (irobot_create_description) StdoutLine: {'line': b'-- Symlinking: /home/javierac/create3_ws/install/irobot_create_description/share/irobot_create_description//urdf/sensors/cliff_sensor.urdf.xacro\n'}
[0.842336] (irobot_create_description) StdoutLine: {'line': b'-- Symlinking: /home/javierac/create3_ws/install/irobot_create_description/share/irobot_create_description//urdf/sensors/imu.urdf.xacro\n'}
[0.843263] (irobot_create_control) StdoutLine: {'line': b'-- Symlinking: /home/javierac/create3_ws/install/irobot_create_control/share/irobot_create_control/local_setup.sh\n'}
[0.849067] (irobot_create_description) StdoutLine: {'line': b'-- Symlinking: /home/javierac/create3_ws/install/irobot_create_description/share/irobot_create_description//urdf/sensors/ir_intensity.urdf.xacro\n'}
[0.850386] (irobot_create_control) StdoutLine: {'line': b'-- Symlinking: /home/javierac/create3_ws/install/irobot_create_control/share/irobot_create_control/local_setup.zsh\n'}
[0.856194] (irobot_create_description) StdoutLine: {'line': b'-- Symlinking: /home/javierac/create3_ws/install/irobot_create_description/share/irobot_create_description//urdf/sensors/ir_opcode_receivers.urdf.xacro\n'}
[0.860670] (irobot_create_control) StdoutLine: {'line': b'-- Symlinking: /home/javierac/create3_ws/install/irobot_create_control/share/irobot_create_control/local_setup.dsv\n'}
[0.865554] (irobot_create_toolbox) StdoutLine: {'line': b'-- Found OpenSSL: /usr/lib/x86_64-linux-gnu/libcrypto.so (found version "3.0.2")  \n'}
[0.867156] (irobot_create_description) StdoutLine: {'line': b'-- Symlinking: /home/javierac/create3_ws/install/irobot_create_description/share/irobot_create_description//urdf/sensors/optical_mouse.urdf.xacro\n'}
[0.869266] (irobot_create_control) StdoutLine: {'line': b'-- Symlinking: /home/javierac/create3_ws/install/irobot_create_control/share/irobot_create_control/package.dsv\n'}
[0.874717] (irobot_create_description) StdoutLine: {'line': b'-- Symlinking: /home/javierac/create3_ws/install/irobot_create_description/share/irobot_create_description//urdf/wheel.urdf.xacro\n'}
[0.877080] (irobot_create_control) StdoutLine: {'line': b'-- Symlinking: /home/javierac/create3_ws/install/irobot_create_control/share/ament_index/resource_index/packages/irobot_create_control\n'}
[0.881963] (irobot_create_description) StdoutLine: {'line': b'-- Symlinking: /home/javierac/create3_ws/install/irobot_create_description/share/irobot_create_description//urdf/wheel_drop.urdf.xacro\n'}
[0.884576] (irobot_create_control) StdoutLine: {'line': b'-- Symlinking: /home/javierac/create3_ws/install/irobot_create_control/share/irobot_create_control/cmake/irobot_create_controlConfig.cmake\n'}
[0.889676] (irobot_create_description) StdoutLine: {'line': b'-- Symlinking: /home/javierac/create3_ws/install/irobot_create_description/share/irobot_create_description//urdf/wheel_with_wheeldrop.urdf.xacro\n'}
[0.891206] (irobot_create_control) StdoutLine: {'line': b'-- Symlinking: /home/javierac/create3_ws/install/irobot_create_control/share/irobot_create_control/cmake/irobot_create_controlConfig-version.cmake\n'}
[0.896407] (irobot_create_toolbox) StdoutLine: {'line': b'-- Found FastRTPS: /opt/ros/humble/include  \n'}
[0.898642] (irobot_create_description) StdoutLine: {'line': b'-- Symlinking: /home/javierac/create3_ws/install/irobot_create_description/share/ament_index/resource_index/package_run_dependencies/irobot_create_description\n'}
[0.899573] (irobot_create_control) StdoutLine: {'line': b'-- Symlinking: /home/javierac/create3_ws/install/irobot_create_control/share/irobot_create_control/package.xml\n'}
[0.900590] (-) TimerEvent: {}
[0.905939] (irobot_create_description) StdoutLine: {'line': b'-- Symlinking: /home/javierac/create3_ws/install/irobot_create_description/share/ament_index/resource_index/parent_prefix_path/irobot_create_description\n'}
[0.909608] (irobot_create_control) CommandEnded: {'returncode': 0}
[0.913507] (irobot_create_description) StdoutLine: {'line': b'-- Symlinking: /home/javierac/create3_ws/install/irobot_create_description/share/irobot_create_description/environment/ament_prefix_path.sh\n'}
[0.920741] (irobot_create_description) StdoutLine: {'line': b'-- Symlinking: /home/javierac/create3_ws/install/irobot_create_description/share/irobot_create_description/environment/ament_prefix_path.dsv\n'}
[0.927889] (irobot_create_control) JobEnded: {'identifier': 'irobot_create_control', 'rc': 0}
[0.932319] (irobot_create_description) StdoutLine: {'line': b'-- Symlinking: /home/javierac/create3_ws/install/irobot_create_description/share/irobot_create_description/environment/path.sh\n'}
[0.940280] (irobot_create_description) StdoutLine: {'line': b'-- Symlinking: /home/javierac/create3_ws/install/irobot_create_description/share/irobot_create_description/environment/path.dsv\n'}
[0.945776] (irobot_create_toolbox) StdoutLine: {'line': b"-- Using RMW implementation 'rmw_fastrtps_cpp' as default\n"}
[0.951915] (irobot_create_description) StdoutLine: {'line': b'-- Symlinking: /home/javierac/create3_ws/install/irobot_create_description/share/irobot_create_description/local_setup.bash\n'}
[0.955478] (irobot_create_toolbox) StdoutLine: {'line': b'-- Looking for pthread.h\n'}
[0.958887] (irobot_create_description) StdoutLine: {'line': b'-- Symlinking: /home/javierac/create3_ws/install/irobot_create_description/share/irobot_create_description/local_setup.sh\n'}
[0.962576] (irobot_create_ignition_plugins) StdoutLine: {'line': b'-- Found Protobuf: /usr/lib/x86_64-linux-gnu/libprotobuf.so (found version "3.12.4") \n'}
[0.971089] (irobot_create_description) StdoutLine: {'line': b'-- Symlinking: /home/javierac/create3_ws/install/irobot_create_description/share/irobot_create_description/local_setup.zsh\n'}
[0.981965] (irobot_create_description) StdoutLine: {'line': b'-- Symlinking: /home/javierac/create3_ws/install/irobot_create_description/share/irobot_create_description/local_setup.dsv\n'}
[0.991454] (irobot_create_description) StdoutLine: {'line': b'-- Symlinking: /home/javierac/create3_ws/install/irobot_create_description/share/irobot_create_description/package.dsv\n'}
[1.000760] (-) TimerEvent: {}
[1.004602] (irobot_create_description) StdoutLine: {'line': b'-- Symlinking: /home/javierac/create3_ws/install/irobot_create_description/share/ament_index/resource_index/packages/irobot_create_description\n'}
[1.011623] (irobot_create_description) StdoutLine: {'line': b'-- Symlinking: /home/javierac/create3_ws/install/irobot_create_description/share/irobot_create_description/cmake/irobot_create_descriptionConfig.cmake\n'}
[1.023786] (irobot_create_description) StdoutLine: {'line': b'-- Symlinking: /home/javierac/create3_ws/install/irobot_create_description/share/irobot_create_description/cmake/irobot_create_descriptionConfig-version.cmake\n'}
[1.032631] (irobot_create_toolbox) StdoutLine: {'line': b'-- Looking for pthread.h - found\n'}
[1.032849] (irobot_create_toolbox) StdoutLine: {'line': b'-- Performing Test CMAKE_HAVE_LIBC_PTHREAD\n'}
[1.034969] (irobot_create_description) StdoutLine: {'line': b'-- Symlinking: /home/javierac/create3_ws/install/irobot_create_description/share/irobot_create_description/package.xml\n'}
[1.048584] (irobot_create_description) CommandEnded: {'returncode': 0}
[1.060572] (irobot_create_description) JobEnded: {'identifier': 'irobot_create_description', 'rc': 0}
[1.086674] (irobot_create_ignition_plugins) StdoutLine: {'line': b'-- Found Protobuf: /usr/lib/x86_64-linux-gnu/libprotobuf.so (found suitable version "3.12.4", minimum required is "3") \n'}
[1.100983] (-) TimerEvent: {}
[1.115699] (irobot_create_toolbox) StdoutLine: {'line': b'-- Performing Test CMAKE_HAVE_LIBC_PTHREAD - Success\n'}
[1.117547] (irobot_create_toolbox) StdoutLine: {'line': b'-- Found Threads: TRUE  \n'}
[1.172783] (irobot_create_toolbox) StdoutLine: {'line': b'-- Found ament_lint_auto: 0.12.14 (/opt/ros/humble/share/ament_lint_auto/cmake)\n'}
[1.201120] (-) TimerEvent: {}
[1.256222] (irobot_create_toolbox) StdoutLine: {'line': b"-- Added test 'cppcheck' to perform static code analysis on C / C++ code\n"}
[1.256382] (irobot_create_toolbox) StdoutLine: {'line': b'-- Configured cppcheck include dirs: /home/javierac/create3_ws/src/irobot_create_common/irobot_create_toolbox/include\n'}
[1.256433] (irobot_create_toolbox) StdoutLine: {'line': b'-- Configured cppcheck exclude dirs and/or files: \n'}
[1.257283] (irobot_create_toolbox) StdoutLine: {'line': b"-- Added test 'cpplint' to check C / C++ code against the Google style\n"}
[1.257413] (irobot_create_toolbox) StdoutLine: {'line': b'-- Configured cpplint exclude dirs and/or files: \n'}
[1.257873] (irobot_create_toolbox) StdoutLine: {'line': b"-- Added test 'lint_cmake' to check CMake code style\n"}
[1.259009] (irobot_create_toolbox) StdoutLine: {'line': b"-- Added test 'uncrustify' to check C / C++ code style\n"}
[1.259056] (irobot_create_toolbox) StdoutLine: {'line': b'-- Configured uncrustify additional arguments: \n'}
[1.259429] (irobot_create_toolbox) StdoutLine: {'line': b"-- Added test 'xmllint' to check XML markup files\n"}
[1.261513] (irobot_create_toolbox) StdoutLine: {'line': b'-- Configuring done\n'}
[1.268982] (irobot_create_toolbox) StdoutLine: {'line': b'-- Generating done\n'}
[1.271888] (irobot_create_toolbox) StdoutLine: {'line': b'-- Build files have been written to: /home/javierac/create3_ws/build/irobot_create_toolbox\n'}
[1.280557] (irobot_create_toolbox) CommandEnded: {'returncode': 0}
[1.281108] (irobot_create_toolbox) JobProgress: {'identifier': 'irobot_create_toolbox', 'progress': 'build'}
[1.281698] (irobot_create_toolbox) Command: {'cmd': ['/usr/bin/cmake', '--build', '/home/javierac/create3_ws/build/irobot_create_toolbox', '--', '-j20', '-l20'], 'cwd': '/home/javierac/create3_ws/build/irobot_create_toolbox', 'env': OrderedDict([('USER', 'javierac'), ('HOSTNAME', '3fe4b3694adc'), ('SHLVL', '1'), ('LD_LIBRARY_PATH', '/usr/lib/x86_64-linux-gnu/gazebo-11/plugins:/opt/ros/humble/opt/rviz_ogre_vendor/lib:/opt/ros/humble/lib/x86_64-linux-gnu:/opt/ros/humble/lib'), ('HOME', '/root'), ('OLDPWD', '/'), ('ROS_PYTHON_VERSION', '3'), ('ROS_DISTRO', 'humble'), ('_', '/usr/bin/colcon'), ('ROS_VERSION', '2'), ('TERM', 'xterm'), ('ROS_LOCALHOST_ONLY', '0'), ('PATH', '/opt/ros/humble/bin:/usr/local/sbin:/usr/local/bin:/usr/sbin:/usr/bin:/sbin:/bin'), ('DISPLAY', ':1'), ('LANG', 'C.UTF-8'), ('LS_COLORS', 'rs=0:di=01;34:ln=01;36:mh=00:pi=40;33:so=01;35:do=01;35:bd=40;33;01:cd=40;33;01:or=40;31;01:mi=00:su=37;41:sg=30;43:ca=30;41:tw=30;42:ow=34;42:st=37;44:ex=01;32:*.tar=01;31:*.tgz=01;31:*.arc=01;31:*.arj=01;31:*.taz=01;31:*.lha=01;31:*.lz4=01;31:*.lzh=01;31:*.lzma=01;31:*.tlz=01;31:*.txz=01;31:*.tzo=01;31:*.t7z=01;31:*.zip=01;31:*.z=01;31:*.dz=01;31:*.gz=01;31:*.lrz=01;31:*.lz=01;31:*.lzo=01;31:*.xz=01;31:*.zst=01;31:*.tzst=01;31:*.bz2=01;31:*.bz=01;31:*.tbz=01;31:*.tbz2=01;31:*.tz=01;31:*.deb=01;31:*.rpm=01;31:*.jar=01;31:*.war=01;31:*.ear=01;31:*.sar=01;31:*.rar=01;31:*.alz=01;31:*.ace=01;31:*.zoo=01;31:*.cpio=01;31:*.7z=01;31:*.rz=01;31:*.cab=01;31:*.wim=01;31:*.swm=01;31:*.dwm=01;31:*.esd=01;31:*.jpg=01;35:*.jpeg=01;35:*.mjpg=01;35:*.mjpeg=01;35:*.gif=01;35:*.bmp=01;35:*.pbm=01;35:*.pgm=01;35:*.ppm=01;35:*.tga=01;35:*.xbm=01;35:*.xpm=01;35:*.tif=01;35:*.tiff=01;35:*.png=01;35:*.svg=01;35:*.svgz=01;35:*.mng=01;35:*.pcx=01;35:*.mov=01;35:*.mpg=01;35:*.mpeg=01;35:*.m2v=01;35:*.mkv=01;35:*.webm=01;35:*.webp=01;35:*.ogm=01;35:*.mp4=01;35:*.m4v=01;35:*.mp4v=01;35:*.vob=01;35:*.qt=01;35:*.nuv=01;35:*.wmv=01;35:*.asf=01;35:*.rm=01;35:*.rmvb=01;35:*.flc=01;35:*.avi=01;35:*.fli=01;35:*.flv=01;35:*.gl=01;35:*.dl=01;35:*.xcf=01;35:*.xwd=01;35:*.yuv=01;35:*.cgm=01;35:*.emf=01;35:*.ogv=01;35:*.ogx=01;35:*.aac=00;36:*.au=00;36:*.flac=00;36:*.m4a=00;36:*.mid=00;36:*.midi=00;36:*.mka=00;36:*.mp3=00;36:*.mpc=00;36:*.ogg=00;36:*.ra=00;36:*.wav=00;36:*.oga=00;36:*.opus=00;36:*.spx=00;36:*.xspf=00;36:'), ('AMENT_PREFIX_PATH', '/opt/ros/humble'), ('PWD', '/home/javierac/create3_ws/build/irobot_create_toolbox'), ('LC_ALL', 'C.UTF-8'), ('PYTHONPATH', '/opt/ros/humble/lib/python3.10/site-packages:/opt/ros/humble/local/lib/python3.10/dist-packages'), ('NVIDIA_VISIBLE_DEVICES', 'all'), ('COLCON', '1'), ('CMAKE_PREFIX_PATH', '/opt/ros/humble')]), 'shell': False}
[1.301239] (-) TimerEvent: {}
[1.350245] (irobot_create_toolbox) StdoutLine: {'line': b'[ 50%] \x1b[32mBuilding CXX object CMakeFiles/irobot_create_toolbox.dir/src/polar_coordinates.cpp.o\x1b[0m\n'}
[1.401379] (-) TimerEvent: {}
[1.501724] (-) TimerEvent: {}
[1.602090] (-) TimerEvent: {}
[1.702362] (-) TimerEvent: {}
[1.802715] (-) TimerEvent: {}
[1.838164] (irobot_create_ignition_plugins) StdoutLine: {'line': b'-- Found Protobuf: /usr/lib/x86_64-linux-gnu/libprotobuf.so (found version "3.12.4") \n'}
[1.902935] (-) TimerEvent: {}
[1.932723] (irobot_create_ignition_plugins) StdoutLine: {'line': b'-- Found ament_lint_auto: 0.12.14 (/opt/ros/humble/share/ament_lint_auto/cmake)\n'}
[2.003149] (-) TimerEvent: {}
[2.010163] (irobot_create_ignition_plugins) StdoutLine: {'line': b"-- Added test 'cppcheck' to perform static code analysis on C / C++ code\n"}
[2.010413] (irobot_create_ignition_plugins) StdoutLine: {'line': b'-- Configured cppcheck include dirs: \n'}
[2.010526] (irobot_create_ignition_plugins) StdoutLine: {'line': b'-- Configured cppcheck exclude dirs and/or files: \n'}
[2.011241] (irobot_create_ignition_plugins) StdoutLine: {'line': b"-- Added test 'cpplint' to check C / C++ code against the Google style\n"}
[2.011429] (irobot_create_ignition_plugins) StdoutLine: {'line': b'-- Configured cpplint exclude dirs and/or files: \n'}
[2.011924] (irobot_create_ignition_plugins) StdoutLine: {'line': b"-- Added test 'lint_cmake' to check CMake code style\n"}
[2.012436] (irobot_create_ignition_plugins) StdoutLine: {'line': b"-- Added test 'xmllint' to check XML markup files\n"}
[2.013840] (irobot_create_ignition_plugins) StdoutLine: {'line': b'-- Configuring done\n'}
[2.031683] (irobot_create_ignition_plugins) StdoutLine: {'line': b'-- Generating done\n'}
[2.034839] (irobot_create_ignition_plugins) StdoutLine: {'line': b'-- Build files have been written to: /home/javierac/create3_ws/build/irobot_create_ignition_plugins\n'}
[2.045427] (irobot_create_ignition_plugins) CommandEnded: {'returncode': 0}
[2.047634] (irobot_create_ignition_plugins) JobProgress: {'identifier': 'irobot_create_ignition_plugins', 'progress': 'build'}
[2.047666] (irobot_create_ignition_plugins) Command: {'cmd': ['/usr/bin/cmake', '--build', '/home/javierac/create3_ws/build/irobot_create_ignition_plugins', '--', '-j20', '-l20'], 'cwd': '/home/javierac/create3_ws/build/irobot_create_ignition_plugins', 'env': OrderedDict([('USER', 'javierac'), ('HOSTNAME', '3fe4b3694adc'), ('SHLVL', '1'), ('LD_LIBRARY_PATH', '/usr/lib/x86_64-linux-gnu/gazebo-11/plugins:/opt/ros/humble/opt/rviz_ogre_vendor/lib:/opt/ros/humble/lib/x86_64-linux-gnu:/opt/ros/humble/lib'), ('HOME', '/root'), ('OLDPWD', '/'), ('ROS_PYTHON_VERSION', '3'), ('ROS_DISTRO', 'humble'), ('_', '/usr/bin/colcon'), ('ROS_VERSION', '2'), ('TERM', 'xterm'), ('ROS_LOCALHOST_ONLY', '0'), ('PATH', '/opt/ros/humble/bin:/usr/local/sbin:/usr/local/bin:/usr/sbin:/usr/bin:/sbin:/bin'), ('DISPLAY', ':1'), ('LANG', 'C.UTF-8'), ('LS_COLORS', 'rs=0:di=01;34:ln=01;36:mh=00:pi=40;33:so=01;35:do=01;35:bd=40;33;01:cd=40;33;01:or=40;31;01:mi=00:su=37;41:sg=30;43:ca=30;41:tw=30;42:ow=34;42:st=37;44:ex=01;32:*.tar=01;31:*.tgz=01;31:*.arc=01;31:*.arj=01;31:*.taz=01;31:*.lha=01;31:*.lz4=01;31:*.lzh=01;31:*.lzma=01;31:*.tlz=01;31:*.txz=01;31:*.tzo=01;31:*.t7z=01;31:*.zip=01;31:*.z=01;31:*.dz=01;31:*.gz=01;31:*.lrz=01;31:*.lz=01;31:*.lzo=01;31:*.xz=01;31:*.zst=01;31:*.tzst=01;31:*.bz2=01;31:*.bz=01;31:*.tbz=01;31:*.tbz2=01;31:*.tz=01;31:*.deb=01;31:*.rpm=01;31:*.jar=01;31:*.war=01;31:*.ear=01;31:*.sar=01;31:*.rar=01;31:*.alz=01;31:*.ace=01;31:*.zoo=01;31:*.cpio=01;31:*.7z=01;31:*.rz=01;31:*.cab=01;31:*.wim=01;31:*.swm=01;31:*.dwm=01;31:*.esd=01;31:*.jpg=01;35:*.jpeg=01;35:*.mjpg=01;35:*.mjpeg=01;35:*.gif=01;35:*.bmp=01;35:*.pbm=01;35:*.pgm=01;35:*.ppm=01;35:*.tga=01;35:*.xbm=01;35:*.xpm=01;35:*.tif=01;35:*.tiff=01;35:*.png=01;35:*.svg=01;35:*.svgz=01;35:*.mng=01;35:*.pcx=01;35:*.mov=01;35:*.mpg=01;35:*.mpeg=01;35:*.m2v=01;35:*.mkv=01;35:*.webm=01;35:*.webp=01;35:*.ogm=01;35:*.mp4=01;35:*.m4v=01;35:*.mp4v=01;35:*.vob=01;35:*.qt=01;35:*.nuv=01;35:*.wmv=01;35:*.asf=01;35:*.rm=01;35:*.rmvb=01;35:*.flc=01;35:*.avi=01;35:*.fli=01;35:*.flv=01;35:*.gl=01;35:*.dl=01;35:*.xcf=01;35:*.xwd=01;35:*.yuv=01;35:*.cgm=01;35:*.emf=01;35:*.ogv=01;35:*.ogx=01;35:*.aac=00;36:*.au=00;36:*.flac=00;36:*.m4a=00;36:*.mid=00;36:*.midi=00;36:*.mka=00;36:*.mp3=00;36:*.mpc=00;36:*.ogg=00;36:*.ra=00;36:*.wav=00;36:*.oga=00;36:*.opus=00;36:*.spx=00;36:*.xspf=00;36:'), ('AMENT_PREFIX_PATH', '/opt/ros/humble'), ('PWD', '/home/javierac/create3_ws/build/irobot_create_ignition_plugins'), ('LC_ALL', 'C.UTF-8'), ('PYTHONPATH', '/opt/ros/humble/lib/python3.10/site-packages:/opt/ros/humble/local/lib/python3.10/dist-packages'), ('NVIDIA_VISIBLE_DEVICES', 'all'), ('COLCON', '1'), ('CMAKE_PREFIX_PATH', '/opt/ros/humble')]), 'shell': False}
[2.101111] (irobot_create_ignition_plugins) StdoutLine: {'line': b'[ 16%] \x1b[34m\x1b[1mAutomatic MOC for target Create3Hmi\x1b[0m\n'}
[2.103318] (-) TimerEvent: {}
[2.203632] (-) TimerEvent: {}
[2.304006] (-) TimerEvent: {}
[2.404372] (-) TimerEvent: {}
[2.504741] (-) TimerEvent: {}
[2.605116] (-) TimerEvent: {}
[2.705484] (-) TimerEvent: {}
[2.805853] (-) TimerEvent: {}
[2.906150] (-) TimerEvent: {}
[3.006438] (-) TimerEvent: {}
[3.041025] (irobot_create_ignition_plugins) StdoutLine: {'line': b'[ 16%] Built target Create3Hmi_autogen\n'}
[3.053425] (irobot_create_ignition_plugins) StdoutLine: {'line': b'[ 33%] \x1b[34m\x1b[1mGenerating qrc_Create3Hmi.cpp\x1b[0m\n'}
[3.079784] (irobot_create_ignition_plugins) StdoutLine: {'line': b'[ 50%] \x1b[32mBuilding CXX object Create3Hmi/CMakeFiles/Create3Hmi.dir/Create3Hmi_autogen/mocs_compilation.cpp.o\x1b[0m\n'}
[3.080841] (irobot_create_ignition_plugins) StdoutLine: {'line': b'[ 66%] \x1b[32mBuilding CXX object Create3Hmi/CMakeFiles/Create3Hmi.dir/qrc_Create3Hmi.cpp.o\x1b[0m\n'}
[3.083886] (irobot_create_ignition_plugins) StdoutLine: {'line': b'[ 83%] \x1b[32mBuilding CXX object Create3Hmi/CMakeFiles/Create3Hmi.dir/Create3Hmi.cc.o\x1b[0m\n'}
[3.106582] (-) TimerEvent: {}
[3.184152] (irobot_create_toolbox) StdoutLine: {'line': b'[100%] \x1b[32m\x1b[1mLinking CXX shared library libirobot_create_toolbox.so\x1b[0m\n'}
[3.206766] (-) TimerEvent: {}
[3.307152] (-) TimerEvent: {}
[3.309930] (irobot_create_toolbox) StdoutLine: {'line': b'[100%] Built target irobot_create_toolbox\n'}
[3.320969] (irobot_create_toolbox) CommandEnded: {'returncode': 0}
[3.321901] (irobot_create_toolbox) JobProgress: {'identifier': 'irobot_create_toolbox', 'progress': 'install'}
[3.322719] (irobot_create_toolbox) Command: {'cmd': ['/usr/bin/cmake', '--install', '/home/javierac/create3_ws/build/irobot_create_toolbox'], 'cwd': '/home/javierac/create3_ws/build/irobot_create_toolbox', 'env': OrderedDict([('USER', 'javierac'), ('HOSTNAME', '3fe4b3694adc'), ('SHLVL', '1'), ('LD_LIBRARY_PATH', '/usr/lib/x86_64-linux-gnu/gazebo-11/plugins:/opt/ros/humble/opt/rviz_ogre_vendor/lib:/opt/ros/humble/lib/x86_64-linux-gnu:/opt/ros/humble/lib'), ('HOME', '/root'), ('OLDPWD', '/'), ('ROS_PYTHON_VERSION', '3'), ('ROS_DISTRO', 'humble'), ('_', '/usr/bin/colcon'), ('ROS_VERSION', '2'), ('TERM', 'xterm'), ('ROS_LOCALHOST_ONLY', '0'), ('PATH', '/opt/ros/humble/bin:/usr/local/sbin:/usr/local/bin:/usr/sbin:/usr/bin:/sbin:/bin'), ('DISPLAY', ':1'), ('LANG', 'C.UTF-8'), ('LS_COLORS', 'rs=0:di=01;34:ln=01;36:mh=00:pi=40;33:so=01;35:do=01;35:bd=40;33;01:cd=40;33;01:or=40;31;01:mi=00:su=37;41:sg=30;43:ca=30;41:tw=30;42:ow=34;42:st=37;44:ex=01;32:*.tar=01;31:*.tgz=01;31:*.arc=01;31:*.arj=01;31:*.taz=01;31:*.lha=01;31:*.lz4=01;31:*.lzh=01;31:*.lzma=01;31:*.tlz=01;31:*.txz=01;31:*.tzo=01;31:*.t7z=01;31:*.zip=01;31:*.z=01;31:*.dz=01;31:*.gz=01;31:*.lrz=01;31:*.lz=01;31:*.lzo=01;31:*.xz=01;31:*.zst=01;31:*.tzst=01;31:*.bz2=01;31:*.bz=01;31:*.tbz=01;31:*.tbz2=01;31:*.tz=01;31:*.deb=01;31:*.rpm=01;31:*.jar=01;31:*.war=01;31:*.ear=01;31:*.sar=01;31:*.rar=01;31:*.alz=01;31:*.ace=01;31:*.zoo=01;31:*.cpio=01;31:*.7z=01;31:*.rz=01;31:*.cab=01;31:*.wim=01;31:*.swm=01;31:*.dwm=01;31:*.esd=01;31:*.jpg=01;35:*.jpeg=01;35:*.mjpg=01;35:*.mjpeg=01;35:*.gif=01;35:*.bmp=01;35:*.pbm=01;35:*.pgm=01;35:*.ppm=01;35:*.tga=01;35:*.xbm=01;35:*.xpm=01;35:*.tif=01;35:*.tiff=01;35:*.png=01;35:*.svg=01;35:*.svgz=01;35:*.mng=01;35:*.pcx=01;35:*.mov=01;35:*.mpg=01;35:*.mpeg=01;35:*.m2v=01;35:*.mkv=01;35:*.webm=01;35:*.webp=01;35:*.ogm=01;35:*.mp4=01;35:*.m4v=01;35:*.mp4v=01;35:*.vob=01;35:*.qt=01;35:*.nuv=01;35:*.wmv=01;35:*.asf=01;35:*.rm=01;35:*.rmvb=01;35:*.flc=01;35:*.avi=01;35:*.fli=01;35:*.flv=01;35:*.gl=01;35:*.dl=01;35:*.xcf=01;35:*.xwd=01;35:*.yuv=01;35:*.cgm=01;35:*.emf=01;35:*.ogv=01;35:*.ogx=01;35:*.aac=00;36:*.au=00;36:*.flac=00;36:*.m4a=00;36:*.mid=00;36:*.midi=00;36:*.mka=00;36:*.mp3=00;36:*.mpc=00;36:*.ogg=00;36:*.ra=00;36:*.wav=00;36:*.oga=00;36:*.opus=00;36:*.spx=00;36:*.xspf=00;36:'), ('AMENT_PREFIX_PATH', '/opt/ros/humble'), ('PWD', '/home/javierac/create3_ws/build/irobot_create_toolbox'), ('LC_ALL', 'C.UTF-8'), ('PYTHONPATH', '/opt/ros/humble/lib/python3.10/site-packages:/opt/ros/humble/local/lib/python3.10/dist-packages'), ('NVIDIA_VISIBLE_DEVICES', 'all'), ('COLCON', '1'), ('CMAKE_PREFIX_PATH', '/opt/ros/humble')]), 'shell': False}
[3.333763] (irobot_create_toolbox) StdoutLine: {'line': b'-- Install configuration: ""\n'}
[3.334177] (irobot_create_toolbox) StdoutLine: {'line': b'-- Execute custom install script\n'}
[3.334521] (irobot_create_toolbox) StdoutLine: {'line': b'-- Symlinking: /home/javierac/create3_ws/install/irobot_create_toolbox/lib/libirobot_create_toolbox.so\n'}
[3.342852] (irobot_create_toolbox) StdoutLine: {'line': b'-- Symlinking: /home/javierac/create3_ws/install/irobot_create_toolbox/include/irobot_create_toolbox/math.hpp\n'}
[3.350621] (irobot_create_toolbox) StdoutLine: {'line': b'-- Symlinking: /home/javierac/create3_ws/install/irobot_create_toolbox/include/irobot_create_toolbox/polar_coordinates.hpp\n'}
[3.358629] (irobot_create_toolbox) StdoutLine: {'line': b'-- Symlinking: /home/javierac/create3_ws/install/irobot_create_toolbox/include/irobot_create_toolbox/sensors/bumpers.hpp\n'}
[3.365993] (irobot_create_toolbox) StdoutLine: {'line': b'-- Symlinking: /home/javierac/create3_ws/install/irobot_create_toolbox/share/irobot_create_toolbox/environment/library_path.sh\n'}
[3.373224] (irobot_create_toolbox) StdoutLine: {'line': b'-- Symlinking: /home/javierac/create3_ws/install/irobot_create_toolbox/share/irobot_create_toolbox/environment/library_path.dsv\n'}
[3.385520] (irobot_create_toolbox) StdoutLine: {'line': b'-- Symlinking: /home/javierac/create3_ws/install/irobot_create_toolbox/share/ament_index/resource_index/package_run_dependencies/irobot_create_toolbox\n'}
[3.393249] (irobot_create_toolbox) StdoutLine: {'line': b'-- Symlinking: /home/javierac/create3_ws/install/irobot_create_toolbox/share/ament_index/resource_index/parent_prefix_path/irobot_create_toolbox\n'}
[3.401534] (irobot_create_toolbox) StdoutLine: {'line': b'-- Symlinking: /home/javierac/create3_ws/install/irobot_create_toolbox/share/irobot_create_toolbox/environment/ament_prefix_path.sh\n'}
[3.407236] (-) TimerEvent: {}
[3.411182] (irobot_create_toolbox) StdoutLine: {'line': b'-- Symlinking: /home/javierac/create3_ws/install/irobot_create_toolbox/share/irobot_create_toolbox/environment/ament_prefix_path.dsv\n'}
[3.422641] (irobot_create_toolbox) StdoutLine: {'line': b'-- Symlinking: /home/javierac/create3_ws/install/irobot_create_toolbox/share/irobot_create_toolbox/environment/path.sh\n'}
[3.431889] (irobot_create_toolbox) StdoutLine: {'line': b'-- Symlinking: /home/javierac/create3_ws/install/irobot_create_toolbox/share/irobot_create_toolbox/environment/path.dsv\n'}
[3.443397] (irobot_create_toolbox) StdoutLine: {'line': b'-- Symlinking: /home/javierac/create3_ws/install/irobot_create_toolbox/share/irobot_create_toolbox/local_setup.bash\n'}
[3.451602] (irobot_create_toolbox) StdoutLine: {'line': b'-- Symlinking: /home/javierac/create3_ws/install/irobot_create_toolbox/share/irobot_create_toolbox/local_setup.sh\n'}
[3.459540] (irobot_create_toolbox) StdoutLine: {'line': b'-- Symlinking: /home/javierac/create3_ws/install/irobot_create_toolbox/share/irobot_create_toolbox/local_setup.zsh\n'}
[3.467697] (irobot_create_toolbox) StdoutLine: {'line': b'-- Symlinking: /home/javierac/create3_ws/install/irobot_create_toolbox/share/irobot_create_toolbox/local_setup.dsv\n'}
[3.476867] (irobot_create_toolbox) StdoutLine: {'line': b'-- Symlinking: /home/javierac/create3_ws/install/irobot_create_toolbox/share/irobot_create_toolbox/package.dsv\n'}
[3.486418] (irobot_create_toolbox) StdoutLine: {'line': b'-- Symlinking: /home/javierac/create3_ws/install/irobot_create_toolbox/share/ament_index/resource_index/packages/irobot_create_toolbox\n'}
[3.495375] (irobot_create_toolbox) StdoutLine: {'line': b'-- Symlinking: /home/javierac/create3_ws/install/irobot_create_toolbox/share/irobot_create_toolbox/cmake/ament_cmake_export_include_directories-extras.cmake\n'}
[3.505354] (irobot_create_toolbox) StdoutLine: {'line': b'-- Symlinking: /home/javierac/create3_ws/install/irobot_create_toolbox/share/irobot_create_toolbox/cmake/ament_cmake_export_libraries-extras.cmake\n'}
[3.507412] (-) TimerEvent: {}
[3.514816] (irobot_create_toolbox) StdoutLine: {'line': b'-- Symlinking: /home/javierac/create3_ws/install/irobot_create_toolbox/share/irobot_create_toolbox/cmake/ament_cmake_export_dependencies-extras.cmake\n'}
[3.523247] (irobot_create_toolbox) StdoutLine: {'line': b'-- Symlinking: /home/javierac/create3_ws/install/irobot_create_toolbox/share/irobot_create_toolbox/cmake/irobot_create_toolboxConfig.cmake\n'}
[3.532507] (irobot_create_toolbox) StdoutLine: {'line': b'-- Symlinking: /home/javierac/create3_ws/install/irobot_create_toolbox/share/irobot_create_toolbox/cmake/irobot_create_toolboxConfig-version.cmake\n'}
[3.540729] (irobot_create_toolbox) StdoutLine: {'line': b'-- Symlinking: /home/javierac/create3_ws/install/irobot_create_toolbox/share/irobot_create_toolbox/package.xml\n'}
[3.554377] (irobot_create_toolbox) CommandEnded: {'returncode': 0}
[3.567713] (irobot_create_toolbox) JobEnded: {'identifier': 'irobot_create_toolbox', 'rc': 0}
[3.569048] (irobot_create_nodes) JobStarted: {'identifier': 'irobot_create_nodes'}
[3.574387] (irobot_create_gazebo_plugins) JobStarted: {'identifier': 'irobot_create_gazebo_plugins'}
[3.579338] (irobot_create_ignition_toolbox) JobStarted: {'identifier': 'irobot_create_ignition_toolbox'}
[3.583262] (irobot_create_nodes) JobProgress: {'identifier': 'irobot_create_nodes', 'progress': 'cmake'}
[3.583781] (irobot_create_nodes) Command: {'cmd': ['/usr/bin/cmake', '/home/javierac/create3_ws/src/irobot_create_common/irobot_create_nodes', '-DAMENT_CMAKE_SYMLINK_INSTALL=1', '-DCMAKE_INSTALL_PREFIX=/home/javierac/create3_ws/install/irobot_create_nodes'], 'cwd': '/home/javierac/create3_ws/build/irobot_create_nodes', 'env': OrderedDict([('USER', 'javierac'), ('HOSTNAME', '3fe4b3694adc'), ('SHLVL', '1'), ('LD_LIBRARY_PATH', '/home/javierac/create3_ws/install/irobot_create_toolbox/lib:/usr/lib/x86_64-linux-gnu/gazebo-11/plugins:/opt/ros/humble/opt/rviz_ogre_vendor/lib:/opt/ros/humble/lib/x86_64-linux-gnu:/opt/ros/humble/lib'), ('HOME', '/root'), ('OLDPWD', '/'), ('ROS_PYTHON_VERSION', '3'), ('ROS_DISTRO', 'humble'), ('_', '/usr/bin/colcon'), ('ROS_VERSION', '2'), ('TERM', 'xterm'), ('ROS_LOCALHOST_ONLY', '0'), ('PATH', '/opt/ros/humble/bin:/usr/local/sbin:/usr/local/bin:/usr/sbin:/usr/bin:/sbin:/bin'), ('DISPLAY', ':1'), ('LANG', 'C.UTF-8'), ('LS_COLORS', 'rs=0:di=01;34:ln=01;36:mh=00:pi=40;33:so=01;35:do=01;35:bd=40;33;01:cd=40;33;01:or=40;31;01:mi=00:su=37;41:sg=30;43:ca=30;41:tw=30;42:ow=34;42:st=37;44:ex=01;32:*.tar=01;31:*.tgz=01;31:*.arc=01;31:*.arj=01;31:*.taz=01;31:*.lha=01;31:*.lz4=01;31:*.lzh=01;31:*.lzma=01;31:*.tlz=01;31:*.txz=01;31:*.tzo=01;31:*.t7z=01;31:*.zip=01;31:*.z=01;31:*.dz=01;31:*.gz=01;31:*.lrz=01;31:*.lz=01;31:*.lzo=01;31:*.xz=01;31:*.zst=01;31:*.tzst=01;31:*.bz2=01;31:*.bz=01;31:*.tbz=01;31:*.tbz2=01;31:*.tz=01;31:*.deb=01;31:*.rpm=01;31:*.jar=01;31:*.war=01;31:*.ear=01;31:*.sar=01;31:*.rar=01;31:*.alz=01;31:*.ace=01;31:*.zoo=01;31:*.cpio=01;31:*.7z=01;31:*.rz=01;31:*.cab=01;31:*.wim=01;31:*.swm=01;31:*.dwm=01;31:*.esd=01;31:*.jpg=01;35:*.jpeg=01;35:*.mjpg=01;35:*.mjpeg=01;35:*.gif=01;35:*.bmp=01;35:*.pbm=01;35:*.pgm=01;35:*.ppm=01;35:*.tga=01;35:*.xbm=01;35:*.xpm=01;35:*.tif=01;35:*.tiff=01;35:*.png=01;35:*.svg=01;35:*.svgz=01;35:*.mng=01;35:*.pcx=01;35:*.mov=01;35:*.mpg=01;35:*.mpeg=01;35:*.m2v=01;35:*.mkv=01;35:*.webm=01;35:*.webp=01;35:*.ogm=01;35:*.mp4=01;35:*.m4v=01;35:*.mp4v=01;35:*.vob=01;35:*.qt=01;35:*.nuv=01;35:*.wmv=01;35:*.asf=01;35:*.rm=01;35:*.rmvb=01;35:*.flc=01;35:*.avi=01;35:*.fli=01;35:*.flv=01;35:*.gl=01;35:*.dl=01;35:*.xcf=01;35:*.xwd=01;35:*.yuv=01;35:*.cgm=01;35:*.emf=01;35:*.ogv=01;35:*.ogx=01;35:*.aac=00;36:*.au=00;36:*.flac=00;36:*.m4a=00;36:*.mid=00;36:*.midi=00;36:*.mka=00;36:*.mp3=00;36:*.mpc=00;36:*.ogg=00;36:*.ra=00;36:*.wav=00;36:*.oga=00;36:*.opus=00;36:*.spx=00;36:*.xspf=00;36:'), ('AMENT_PREFIX_PATH', '/home/javierac/create3_ws/install/irobot_create_toolbox:/opt/ros/humble'), ('PWD', '/home/javierac/create3_ws/build/irobot_create_nodes'), ('LC_ALL', 'C.UTF-8'), ('PYTHONPATH', '/opt/ros/humble/lib/python3.10/site-packages:/opt/ros/humble/local/lib/python3.10/dist-packages'), ('NVIDIA_VISIBLE_DEVICES', 'all'), ('COLCON', '1'), ('CMAKE_PREFIX_PATH', '/home/javierac/create3_ws/install/irobot_create_toolbox:/opt/ros/humble')]), 'shell': False}
[3.586246] (irobot_create_gazebo_plugins) JobProgress: {'identifier': 'irobot_create_gazebo_plugins', 'progress': 'cmake'}
[3.586905] (irobot_create_gazebo_plugins) Command: {'cmd': ['/usr/bin/cmake', '/home/javierac/create3_ws/src/irobot_create_gazebo/irobot_create_gazebo_plugins', '-DAMENT_CMAKE_SYMLINK_INSTALL=1', '-DCMAKE_INSTALL_PREFIX=/home/javierac/create3_ws/install/irobot_create_gazebo_plugins'], 'cwd': '/home/javierac/create3_ws/build/irobot_create_gazebo_plugins', 'env': OrderedDict([('USER', 'javierac'), ('HOSTNAME', '3fe4b3694adc'), ('SHLVL', '1'), ('LD_LIBRARY_PATH', '/home/javierac/create3_ws/install/irobot_create_toolbox/lib:/usr/lib/x86_64-linux-gnu/gazebo-11/plugins:/opt/ros/humble/opt/rviz_ogre_vendor/lib:/opt/ros/humble/lib/x86_64-linux-gnu:/opt/ros/humble/lib'), ('HOME', '/root'), ('OLDPWD', '/'), ('ROS_PYTHON_VERSION', '3'), ('ROS_DISTRO', 'humble'), ('_', '/usr/bin/colcon'), ('ROS_VERSION', '2'), ('TERM', 'xterm'), ('ROS_LOCALHOST_ONLY', '0'), ('PATH', '/opt/ros/humble/bin:/usr/local/sbin:/usr/local/bin:/usr/sbin:/usr/bin:/sbin:/bin'), ('DISPLAY', ':1'), ('LANG', 'C.UTF-8'), ('LS_COLORS', 'rs=0:di=01;34:ln=01;36:mh=00:pi=40;33:so=01;35:do=01;35:bd=40;33;01:cd=40;33;01:or=40;31;01:mi=00:su=37;41:sg=30;43:ca=30;41:tw=30;42:ow=34;42:st=37;44:ex=01;32:*.tar=01;31:*.tgz=01;31:*.arc=01;31:*.arj=01;31:*.taz=01;31:*.lha=01;31:*.lz4=01;31:*.lzh=01;31:*.lzma=01;31:*.tlz=01;31:*.txz=01;31:*.tzo=01;31:*.t7z=01;31:*.zip=01;31:*.z=01;31:*.dz=01;31:*.gz=01;31:*.lrz=01;31:*.lz=01;31:*.lzo=01;31:*.xz=01;31:*.zst=01;31:*.tzst=01;31:*.bz2=01;31:*.bz=01;31:*.tbz=01;31:*.tbz2=01;31:*.tz=01;31:*.deb=01;31:*.rpm=01;31:*.jar=01;31:*.war=01;31:*.ear=01;31:*.sar=01;31:*.rar=01;31:*.alz=01;31:*.ace=01;31:*.zoo=01;31:*.cpio=01;31:*.7z=01;31:*.rz=01;31:*.cab=01;31:*.wim=01;31:*.swm=01;31:*.dwm=01;31:*.esd=01;31:*.jpg=01;35:*.jpeg=01;35:*.mjpg=01;35:*.mjpeg=01;35:*.gif=01;35:*.bmp=01;35:*.pbm=01;35:*.pgm=01;35:*.ppm=01;35:*.tga=01;35:*.xbm=01;35:*.xpm=01;35:*.tif=01;35:*.tiff=01;35:*.png=01;35:*.svg=01;35:*.svgz=01;35:*.mng=01;35:*.pcx=01;35:*.mov=01;35:*.mpg=01;35:*.mpeg=01;35:*.m2v=01;35:*.mkv=01;35:*.webm=01;35:*.webp=01;35:*.ogm=01;35:*.mp4=01;35:*.m4v=01;35:*.mp4v=01;35:*.vob=01;35:*.qt=01;35:*.nuv=01;35:*.wmv=01;35:*.asf=01;35:*.rm=01;35:*.rmvb=01;35:*.flc=01;35:*.avi=01;35:*.fli=01;35:*.flv=01;35:*.gl=01;35:*.dl=01;35:*.xcf=01;35:*.xwd=01;35:*.yuv=01;35:*.cgm=01;35:*.emf=01;35:*.ogv=01;35:*.ogx=01;35:*.aac=00;36:*.au=00;36:*.flac=00;36:*.m4a=00;36:*.mid=00;36:*.midi=00;36:*.mka=00;36:*.mp3=00;36:*.mpc=00;36:*.ogg=00;36:*.ra=00;36:*.wav=00;36:*.oga=00;36:*.opus=00;36:*.spx=00;36:*.xspf=00;36:'), ('AMENT_PREFIX_PATH', '/home/javierac/create3_ws/install/irobot_create_toolbox:/opt/ros/humble'), ('PWD', '/home/javierac/create3_ws/build/irobot_create_gazebo_plugins'), ('LC_ALL', 'C.UTF-8'), ('PYTHONPATH', '/opt/ros/humble/lib/python3.10/site-packages:/opt/ros/humble/local/lib/python3.10/dist-packages'), ('NVIDIA_VISIBLE_DEVICES', 'all'), ('COLCON', '1'), ('CMAKE_PREFIX_PATH', '/home/javierac/create3_ws/install/irobot_create_toolbox:/opt/ros/humble')]), 'shell': False}
[3.588941] (irobot_create_ignition_toolbox) JobProgress: {'identifier': 'irobot_create_ignition_toolbox', 'progress': 'cmake'}
[3.589251] (irobot_create_ignition_toolbox) Command: {'cmd': ['/usr/bin/cmake', '/home/javierac/create3_ws/src/irobot_create_ignition/irobot_create_ignition_toolbox', '-DAMENT_CMAKE_SYMLINK_INSTALL=1', '-DCMAKE_INSTALL_PREFIX=/home/javierac/create3_ws/install/irobot_create_ignition_toolbox'], 'cwd': '/home/javierac/create3_ws/build/irobot_create_ignition_toolbox', 'env': OrderedDict([('USER', 'javierac'), ('HOSTNAME', '3fe4b3694adc'), ('SHLVL', '1'), ('LD_LIBRARY_PATH', '/home/javierac/create3_ws/install/irobot_create_toolbox/lib:/usr/lib/x86_64-linux-gnu/gazebo-11/plugins:/opt/ros/humble/opt/rviz_ogre_vendor/lib:/opt/ros/humble/lib/x86_64-linux-gnu:/opt/ros/humble/lib'), ('HOME', '/root'), ('OLDPWD', '/'), ('ROS_PYTHON_VERSION', '3'), ('ROS_DISTRO', 'humble'), ('_', '/usr/bin/colcon'), ('ROS_VERSION', '2'), ('TERM', 'xterm'), ('ROS_LOCALHOST_ONLY', '0'), ('PATH', '/opt/ros/humble/bin:/usr/local/sbin:/usr/local/bin:/usr/sbin:/usr/bin:/sbin:/bin'), ('DISPLAY', ':1'), ('LANG', 'C.UTF-8'), ('LS_COLORS', 'rs=0:di=01;34:ln=01;36:mh=00:pi=40;33:so=01;35:do=01;35:bd=40;33;01:cd=40;33;01:or=40;31;01:mi=00:su=37;41:sg=30;43:ca=30;41:tw=30;42:ow=34;42:st=37;44:ex=01;32:*.tar=01;31:*.tgz=01;31:*.arc=01;31:*.arj=01;31:*.taz=01;31:*.lha=01;31:*.lz4=01;31:*.lzh=01;31:*.lzma=01;31:*.tlz=01;31:*.txz=01;31:*.tzo=01;31:*.t7z=01;31:*.zip=01;31:*.z=01;31:*.dz=01;31:*.gz=01;31:*.lrz=01;31:*.lz=01;31:*.lzo=01;31:*.xz=01;31:*.zst=01;31:*.tzst=01;31:*.bz2=01;31:*.bz=01;31:*.tbz=01;31:*.tbz2=01;31:*.tz=01;31:*.deb=01;31:*.rpm=01;31:*.jar=01;31:*.war=01;31:*.ear=01;31:*.sar=01;31:*.rar=01;31:*.alz=01;31:*.ace=01;31:*.zoo=01;31:*.cpio=01;31:*.7z=01;31:*.rz=01;31:*.cab=01;31:*.wim=01;31:*.swm=01;31:*.dwm=01;31:*.esd=01;31:*.jpg=01;35:*.jpeg=01;35:*.mjpg=01;35:*.mjpeg=01;35:*.gif=01;35:*.bmp=01;35:*.pbm=01;35:*.pgm=01;35:*.ppm=01;35:*.tga=01;35:*.xbm=01;35:*.xpm=01;35:*.tif=01;35:*.tiff=01;35:*.png=01;35:*.svg=01;35:*.svgz=01;35:*.mng=01;35:*.pcx=01;35:*.mov=01;35:*.mpg=01;35:*.mpeg=01;35:*.m2v=01;35:*.mkv=01;35:*.webm=01;35:*.webp=01;35:*.ogm=01;35:*.mp4=01;35:*.m4v=01;35:*.mp4v=01;35:*.vob=01;35:*.qt=01;35:*.nuv=01;35:*.wmv=01;35:*.asf=01;35:*.rm=01;35:*.rmvb=01;35:*.flc=01;35:*.avi=01;35:*.fli=01;35:*.flv=01;35:*.gl=01;35:*.dl=01;35:*.xcf=01;35:*.xwd=01;35:*.yuv=01;35:*.cgm=01;35:*.emf=01;35:*.ogv=01;35:*.ogx=01;35:*.aac=00;36:*.au=00;36:*.flac=00;36:*.m4a=00;36:*.mid=00;36:*.midi=00;36:*.mka=00;36:*.mp3=00;36:*.mpc=00;36:*.ogg=00;36:*.ra=00;36:*.wav=00;36:*.oga=00;36:*.opus=00;36:*.spx=00;36:*.xspf=00;36:'), ('AMENT_PREFIX_PATH', '/home/javierac/create3_ws/install/irobot_create_toolbox:/opt/ros/humble'), ('PWD', '/home/javierac/create3_ws/build/irobot_create_ignition_toolbox'), ('LC_ALL', 'C.UTF-8'), ('PYTHONPATH', '/opt/ros/humble/lib/python3.10/site-packages:/opt/ros/humble/local/lib/python3.10/dist-packages'), ('NVIDIA_VISIBLE_DEVICES', 'all'), ('COLCON', '1'), ('CMAKE_PREFIX_PATH', '/home/javierac/create3_ws/install/irobot_create_toolbox:/opt/ros/humble')]), 'shell': False}
[3.607514] (-) TimerEvent: {}
[3.649332] (irobot_create_nodes) StdoutLine: {'line': b'-- The C compiler identification is GNU 11.4.0\n'}
[3.654757] (irobot_create_ignition_toolbox) StdoutLine: {'line': b'-- The C compiler identification is GNU 11.4.0\n'}
[3.662469] (irobot_create_gazebo_plugins) StdoutLine: {'line': b'-- The C compiler identification is GNU 11.4.0\n'}
[3.705628] (irobot_create_nodes) StdoutLine: {'line': b'-- The CXX compiler identification is GNU 11.4.0\n'}
[3.707612] (-) TimerEvent: {}
[3.713018] (irobot_create_ignition_toolbox) StdoutLine: {'line': b'-- The CXX compiler identification is GNU 11.4.0\n'}
[3.713525] (irobot_create_nodes) StdoutLine: {'line': b'-- Detecting C compiler ABI info\n'}
[3.720883] (irobot_create_ignition_toolbox) StdoutLine: {'line': b'-- Detecting C compiler ABI info\n'}
[3.738188] (irobot_create_gazebo_plugins) StdoutLine: {'line': b'-- The CXX compiler identification is GNU 11.4.0\n'}
[3.745889] (irobot_create_gazebo_plugins) StdoutLine: {'line': b'-- Detecting C compiler ABI info\n'}
[3.801091] (irobot_create_nodes) StdoutLine: {'line': b'-- Detecting C compiler ABI info - done\n'}
[3.801921] (irobot_create_ignition_toolbox) StdoutLine: {'line': b'-- Detecting C compiler ABI info - done\n'}
[3.807748] (-) TimerEvent: {}
[3.808676] (irobot_create_nodes) StdoutLine: {'line': b'-- Check for working C compiler: /usr/bin/cc - skipped\n'}
[3.809032] (irobot_create_ignition_toolbox) StdoutLine: {'line': b'-- Check for working C compiler: /usr/bin/cc - skipped\n'}
[3.809218] (irobot_create_nodes) StdoutLine: {'line': b'-- Detecting C compile features\n'}
[3.809375] (irobot_create_ignition_toolbox) StdoutLine: {'line': b'-- Detecting C compile features\n'}
[3.809721] (irobot_create_ignition_toolbox) StdoutLine: {'line': b'-- Detecting C compile features - done\n'}
[3.809967] (irobot_create_nodes) StdoutLine: {'line': b'-- Detecting C compile features - done\n'}
[3.812781] (irobot_create_ignition_toolbox) StdoutLine: {'line': b'-- Detecting CXX compiler ABI info\n'}
[3.814775] (irobot_create_nodes) StdoutLine: {'line': b'-- Detecting CXX compiler ABI info\n'}
[3.824985] (irobot_create_gazebo_plugins) StdoutLine: {'line': b'-- Detecting C compiler ABI info - done\n'}
[3.837945] (irobot_create_gazebo_plugins) StdoutLine: {'line': b'-- Check for working C compiler: /usr/bin/cc - skipped\n'}
[3.838340] (irobot_create_gazebo_plugins) StdoutLine: {'line': b'-- Detecting C compile features\n'}
[3.838966] (irobot_create_gazebo_plugins) StdoutLine: {'line': b'-- Detecting C compile features - done\n'}
[3.844139] (irobot_create_gazebo_plugins) StdoutLine: {'line': b'-- Detecting CXX compiler ABI info\n'}
[3.895726] (irobot_create_ignition_toolbox) StdoutLine: {'line': b'-- Detecting CXX compiler ABI info - done\n'}
[3.903109] (irobot_create_ignition_toolbox) StdoutLine: {'line': b'-- Check for working CXX compiler: /usr/bin/c++ - skipped\n'}
[3.903421] (irobot_create_ignition_toolbox) StdoutLine: {'line': b'-- Detecting CXX compile features\n'}
[3.903785] (irobot_create_ignition_toolbox) StdoutLine: {'line': b'-- Detecting CXX compile features - done\n'}
[3.906559] (irobot_create_ignition_toolbox) StdoutLine: {'line': b'-- Found ament_cmake: 1.3.12 (/opt/ros/humble/share/ament_cmake/cmake)\n'}
[3.907904] (-) TimerEvent: {}
[3.911287] (irobot_create_nodes) StdoutLine: {'line': b'-- Detecting CXX compiler ABI info - done\n'}
[3.921487] (irobot_create_nodes) StdoutLine: {'line': b'-- Check for working CXX compiler: /usr/bin/c++ - skipped\n'}
[3.921759] (irobot_create_nodes) StdoutLine: {'line': b'-- Detecting CXX compile features\n'}
[3.922219] (irobot_create_nodes) StdoutLine: {'line': b'-- Detecting CXX compile features - done\n'}
[3.924854] (irobot_create_nodes) StdoutLine: {'line': b'-- Found ament_cmake: 1.3.12 (/opt/ros/humble/share/ament_cmake/cmake)\n'}
[3.928885] (irobot_create_gazebo_plugins) StdoutLine: {'line': b'-- Detecting CXX compiler ABI info - done\n'}
[3.937020] (irobot_create_gazebo_plugins) StdoutLine: {'line': b'-- Check for working CXX compiler: /usr/bin/c++ - skipped\n'}
[3.937424] (irobot_create_gazebo_plugins) StdoutLine: {'line': b'-- Detecting CXX compile features\n'}
[3.937870] (irobot_create_gazebo_plugins) StdoutLine: {'line': b'-- Detecting CXX compile features - done\n'}
[3.940614] (irobot_create_gazebo_plugins) StdoutLine: {'line': b'-- Found ament_cmake: 1.3.12 (/opt/ros/humble/share/ament_cmake/cmake)\n'}
[4.008139] (-) TimerEvent: {}
[4.066988] (irobot_create_ignition_toolbox) StdoutLine: {'line': b'-- Found Python3: /usr/bin/python3 (found version "3.10.12") found components: Interpreter \n'}
[4.094965] (irobot_create_nodes) StdoutLine: {'line': b'-- Found Python3: /usr/bin/python3 (found version "3.10.12") found components: Interpreter \n'}
[4.103168] (irobot_create_gazebo_plugins) StdoutLine: {'line': b'-- Found Python3: /usr/bin/python3 (found version "3.10.12") found components: Interpreter \n'}
[4.108242] (-) TimerEvent: {}
[4.132918] (irobot_create_ignition_toolbox) StdoutLine: {'line': b'-- Override CMake install command with custom implementation using symlinks instead of copying resources\n'}
[4.164832] (irobot_create_gazebo_plugins) StdoutLine: {'line': b'-- Override CMake install command with custom implementation using symlinks instead of copying resources\n'}
[4.166090] (irobot_create_ignition_toolbox) StdoutLine: {'line': b'-- Found control_msgs: 4.8.0 (/opt/ros/humble/share/control_msgs/cmake)\n'}
[4.171020] (irobot_create_nodes) StdoutLine: {'line': b'-- Override CMake install command with custom implementation using symlinks instead of copying resources\n'}
[4.204372] (irobot_create_gazebo_plugins) StdoutLine: {'line': b'-- Found geometry_msgs: 4.9.0 (/opt/ros/humble/share/geometry_msgs/cmake)\n'}
[4.207644] (irobot_create_nodes) StdoutLine: {'line': b'-- Found angles: 1.15.0 (/opt/ros/humble/share/angles/cmake)\n'}
[4.208337] (-) TimerEvent: {}
[4.208721] (irobot_create_ignition_toolbox) StdoutLine: {'line': b'-- Found rosidl_generator_c: 3.1.7 (/opt/ros/humble/share/rosidl_generator_c/cmake)\n'}
[4.210228] (irobot_create_nodes) StdoutLine: {'line': b'-- Found control_msgs: 4.8.0 (/opt/ros/humble/share/control_msgs/cmake)\n'}
[4.215191] (irobot_create_ignition_toolbox) StdoutLine: {'line': b'-- Found rosidl_adapter: 3.1.7 (/opt/ros/humble/share/rosidl_adapter/cmake)\n'}
[4.224745] (irobot_create_ignition_toolbox) StdoutLine: {'line': b'-- Found rosidl_generator_cpp: 3.1.7 (/opt/ros/humble/share/rosidl_generator_cpp/cmake)\n'}
[4.237467] (irobot_create_ignition_toolbox) StdoutLine: {'line': b'-- Using all available rosidl_typesupport_c: rosidl_typesupport_fastrtps_c;rosidl_typesupport_introspection_c\n'}
[4.248285] (irobot_create_gazebo_plugins) StdoutLine: {'line': b'-- Found rosidl_generator_c: 3.1.7 (/opt/ros/humble/share/rosidl_generator_c/cmake)\n'}
[4.251584] (irobot_create_nodes) StdoutLine: {'line': b'-- Found rosidl_generator_c: 3.1.7 (/opt/ros/humble/share/rosidl_generator_c/cmake)\n'}
[4.254252] (irobot_create_gazebo_plugins) StdoutLine: {'line': b'-- Found rosidl_adapter: 3.1.7 (/opt/ros/humble/share/rosidl_adapter/cmake)\n'}
[4.254999] (irobot_create_ignition_toolbox) StdoutLine: {'line': b'-- Using all available rosidl_typesupport_cpp: rosidl_typesupport_fastrtps_cpp;rosidl_typesupport_introspection_cpp\n'}
[4.257050] (irobot_create_nodes) StdoutLine: {'line': b'-- Found rosidl_adapter: 3.1.7 (/opt/ros/humble/share/rosidl_adapter/cmake)\n'}
[4.263456] (irobot_create_gazebo_plugins) StdoutLine: {'line': b'-- Found rosidl_generator_cpp: 3.1.7 (/opt/ros/humble/share/rosidl_generator_cpp/cmake)\n'}
[4.266004] (irobot_create_nodes) StdoutLine: {'line': b'-- Found rosidl_generator_cpp: 3.1.7 (/opt/ros/humble/share/rosidl_generator_cpp/cmake)\n'}
[4.276420] (irobot_create_gazebo_plugins) StdoutLine: {'line': b'-- Using all available rosidl_typesupport_c: rosidl_typesupport_fastrtps_c;rosidl_typesupport_introspection_c\n'}
[4.278919] (irobot_create_nodes) StdoutLine: {'line': b'-- Using all available rosidl_typesupport_c: rosidl_typesupport_fastrtps_c;rosidl_typesupport_introspection_c\n'}
[4.293505] (irobot_create_gazebo_plugins) StdoutLine: {'line': b'-- Using all available rosidl_typesupport_cpp: rosidl_typesupport_fastrtps_cpp;rosidl_typesupport_introspection_cpp\n'}
[4.296342] (irobot_create_nodes) StdoutLine: {'line': b'-- Using all available rosidl_typesupport_cpp: rosidl_typesupport_fastrtps_cpp;rosidl_typesupport_introspection_cpp\n'}
[4.308486] (-) TimerEvent: {}
[4.333767] (irobot_create_gazebo_plugins) StdoutLine: {'line': b'-- Found irobot_create_msgs: 2.1.0 (/opt/ros/humble/share/irobot_create_msgs/cmake)\n'}
[4.380661] (irobot_create_gazebo_plugins) StdoutLine: {'line': b'-- Found irobot_create_toolbox: 2.1.0 (/home/javierac/create3_ws/install/irobot_create_toolbox/share/irobot_create_toolbox/cmake)\n'}
[4.383270] (irobot_create_ignition_toolbox) StdoutLine: {'line': b'-- Found nav_msgs: 4.9.0 (/opt/ros/humble/share/nav_msgs/cmake)\n'}
[4.401469] (irobot_create_ignition_toolbox) StdoutLine: {'line': b'-- Found irobot_create_msgs: 2.1.0 (/opt/ros/humble/share/irobot_create_msgs/cmake)\n'}
[4.408701] (-) TimerEvent: {}
[4.423213] (irobot_create_ignition_toolbox) StdoutLine: {'line': b'-- Found rclcpp: 16.0.15 (/opt/ros/humble/share/rclcpp/cmake)\n'}
[4.423475] (irobot_create_nodes) StdoutLine: {'line': b'-- Found nav_msgs: 4.9.0 (/opt/ros/humble/share/nav_msgs/cmake)\n'}
[4.435329] (irobot_create_gazebo_plugins) StdoutLine: {'line': b'-- Found rmw_implementation_cmake: 6.1.2 (/opt/ros/humble/share/rmw_implementation_cmake/cmake)\n'}
[4.438299] (irobot_create_gazebo_plugins) StdoutLine: {'line': b'-- Found rmw_fastrtps_cpp: 6.2.9 (/opt/ros/humble/share/rmw_fastrtps_cpp/cmake)\n'}
[4.440637] (irobot_create_nodes) StdoutLine: {'line': b'-- Found irobot_create_msgs: 2.1.0 (/opt/ros/humble/share/irobot_create_msgs/cmake)\n'}
[4.460270] (irobot_create_nodes) StdoutLine: {'line': b'-- Found irobot_create_toolbox: 2.1.0 (/home/javierac/create3_ws/install/irobot_create_toolbox/share/irobot_create_toolbox/cmake)\n'}
[4.464164] (irobot_create_ignition_toolbox) StdoutLine: {'line': b'-- Found rmw_implementation_cmake: 6.1.2 (/opt/ros/humble/share/rmw_implementation_cmake/cmake)\n'}
[4.467043] (irobot_create_ignition_toolbox) StdoutLine: {'line': b'-- Found rmw_fastrtps_cpp: 6.2.9 (/opt/ros/humble/share/rmw_fastrtps_cpp/cmake)\n'}
[4.508829] (-) TimerEvent: {}
[4.514795] (irobot_create_nodes) StdoutLine: {'line': b'-- Found rmw_implementation_cmake: 6.1.2 (/opt/ros/humble/share/rmw_implementation_cmake/cmake)\n'}
[4.518028] (irobot_create_nodes) StdoutLine: {'line': b'-- Found rmw_fastrtps_cpp: 6.2.9 (/opt/ros/humble/share/rmw_fastrtps_cpp/cmake)\n'}
[4.546359] (irobot_create_gazebo_plugins) StdoutLine: {'line': b'-- Found OpenSSL: /usr/lib/x86_64-linux-gnu/libcrypto.so (found version "3.0.2")  \n'}
[4.577309] (irobot_create_ignition_toolbox) StdoutLine: {'line': b'-- Found OpenSSL: /usr/lib/x86_64-linux-gnu/libcrypto.so (found version "3.0.2")  \n'}
[4.581430] (irobot_create_gazebo_plugins) StdoutLine: {'line': b'-- Found FastRTPS: /opt/ros/humble/include  \n'}
[4.608961] (-) TimerEvent: {}
[4.617349] (irobot_create_ignition_toolbox) StdoutLine: {'line': b'-- Found FastRTPS: /opt/ros/humble/include  \n'}
[4.626424] (irobot_create_nodes) StdoutLine: {'line': b'-- Found OpenSSL: /usr/lib/x86_64-linux-gnu/libcrypto.so (found version "3.0.2")  \n'}
[4.635572] (irobot_create_gazebo_plugins) StdoutLine: {'line': b"-- Using RMW implementation 'rmw_fastrtps_cpp' as default\n"}
[4.645613] (irobot_create_gazebo_plugins) StdoutLine: {'line': b'-- Looking for pthread.h\n'}
[4.674360] (irobot_create_ignition_toolbox) StdoutLine: {'line': b"-- Using RMW implementation 'rmw_fastrtps_cpp' as default\n"}
[4.675448] (irobot_create_nodes) StdoutLine: {'line': b'-- Found FastRTPS: /opt/ros/humble/include  \n'}
[4.688150] (irobot_create_ignition_toolbox) StdoutLine: {'line': b'-- Looking for pthread.h\n'}
[4.709043] (-) TimerEvent: {}
[4.731037] (irobot_create_gazebo_plugins) StdoutLine: {'line': b'-- Looking for pthread.h - found\n'}
[4.731458] (irobot_create_gazebo_plugins) StdoutLine: {'line': b'-- Performing Test CMAKE_HAVE_LIBC_PTHREAD\n'}
[4.738336] (irobot_create_nodes) StdoutLine: {'line': b"-- Using RMW implementation 'rmw_fastrtps_cpp' as default\n"}
[4.748284] (irobot_create_nodes) StdoutLine: {'line': b'-- Looking for pthread.h\n'}
[4.767778] (irobot_create_ignition_toolbox) StdoutLine: {'line': b'-- Looking for pthread.h - found\n'}
[4.768102] (irobot_create_ignition_toolbox) StdoutLine: {'line': b'-- Performing Test CMAKE_HAVE_LIBC_PTHREAD\n'}
[4.809166] (-) TimerEvent: {}
[4.825532] (irobot_create_gazebo_plugins) StdoutLine: {'line': b'-- Performing Test CMAKE_HAVE_LIBC_PTHREAD - Success\n'}
[4.826895] (irobot_create_gazebo_plugins) StdoutLine: {'line': b'-- Found Threads: TRUE  \n'}
[4.835947] (irobot_create_nodes) StdoutLine: {'line': b'-- Looking for pthread.h - found\n'}
[4.836373] (irobot_create_nodes) StdoutLine: {'line': b'-- Performing Test CMAKE_HAVE_LIBC_PTHREAD\n'}
[4.851359] (irobot_create_ignition_toolbox) StdoutLine: {'line': b'-- Performing Test CMAKE_HAVE_LIBC_PTHREAD - Success\n'}
[4.853309] (irobot_create_ignition_toolbox) StdoutLine: {'line': b'-- Found Threads: TRUE  \n'}
[4.873372] (irobot_create_gazebo_plugins) StdoutLine: {'line': b'-- Found sensor_msgs: 4.9.0 (/opt/ros/humble/share/sensor_msgs/cmake)\n'}
[4.894422] (irobot_create_ignition_toolbox) StdoutLine: {'line': b'-- Found rclcpp_action: 16.0.15 (/opt/ros/humble/share/rclcpp_action/cmake)\n'}
[4.900613] (irobot_create_gazebo_plugins) StdoutLine: {'line': b'-- Found PkgConfig: /usr/bin/pkg-config (found version "0.29.2") \n'}
[4.902372] (irobot_create_gazebo_plugins) StdoutLine: {'line': b"-- Checking for module 'bullet>=2.82'\n"}
[4.906211] (irobot_create_ignition_toolbox) StdoutLine: {'line': b'-- Found tf2: 0.25.16 (/opt/ros/humble/share/tf2/cmake)\n'}
[4.909279] (-) TimerEvent: {}
[4.918450] (irobot_create_nodes) StdoutLine: {'line': b'-- Performing Test CMAKE_HAVE_LIBC_PTHREAD - Success\n'}
[4.919493] (irobot_create_ignition_toolbox) StdoutLine: {'line': b'-- Found tf2_geometry_msgs: 0.25.16 (/opt/ros/humble/share/tf2_geometry_msgs/cmake)\n'}
[4.919729] (irobot_create_nodes) StdoutLine: {'line': b'-- Found Threads: TRUE  \n'}
[4.921853] (irobot_create_gazebo_plugins) StdoutLine: {'line': b'--   Found bullet, version 3.05\n'}
[4.936450] (irobot_create_ignition_toolbox) StdoutLine: {'line': b'-- Found eigen3_cmake_module: 0.1.1 (/opt/ros/humble/share/eigen3_cmake_module/cmake)\n'}
[4.937803] (irobot_create_ignition_toolbox) StdoutLine: {'line': b'-- Found Eigen3: TRUE (found version "3.4.0") \n'}
[4.937929] (irobot_create_ignition_toolbox) StdoutLine: {'line': b'-- Ensuring Eigen3 include directory is part of orocos-kdl CMake target\n'}
[4.960480] (irobot_create_nodes) StdoutLine: {'line': b'-- Found rclcpp_action: 16.0.15 (/opt/ros/humble/share/rclcpp_action/cmake)\n'}
[4.972693] (irobot_create_nodes) StdoutLine: {'line': b'-- Found rclcpp_components: 16.0.15 (/opt/ros/humble/share/rclcpp_components/cmake)\n'}
[4.996670] (irobot_create_ignition_toolbox) StdoutLine: {'line': b'-- Found irobot_create_toolbox: 2.1.0 (/home/javierac/create3_ws/install/irobot_create_toolbox/share/irobot_create_toolbox/cmake)\n'}
[5.003419] (irobot_create_nodes) StdoutLine: {'line': b'-- Found tf2: 0.25.16 (/opt/ros/humble/share/tf2/cmake)\n'}
[5.008390] (irobot_create_nodes) StdoutLine: {'line': b'-- Found tf2_geometry_msgs: 0.25.16 (/opt/ros/humble/share/tf2_geometry_msgs/cmake)\n'}
[5.009373] (-) TimerEvent: {}
[5.025699] (irobot_create_nodes) StdoutLine: {'line': b'-- Found eigen3_cmake_module: 0.1.1 (/opt/ros/humble/share/eigen3_cmake_module/cmake)\n'}
[5.027188] (irobot_create_nodes) StdoutLine: {'line': b'-- Found Eigen3: TRUE (found version "3.4.0") \n'}
[5.027436] (irobot_create_nodes) StdoutLine: {'line': b'-- Ensuring Eigen3 include directory is part of orocos-kdl CMake target\n'}
[5.067675] (irobot_create_ignition_toolbox) StdoutLine: {'line': b'-- Found ament_lint_auto: 0.12.14 (/opt/ros/humble/share/ament_lint_auto/cmake)\n'}
[5.068138] (irobot_create_gazebo_plugins) StdoutLine: {'line': b'-- Found fcl: /usr/include (found suitable version "0.7.0", minimum required is "0.5.0") \n'}
[5.070758] (irobot_create_nodes) StdoutLine: {'line': b'-- Found Boost: /usr/lib/x86_64-linux-gnu/cmake/Boost-1.74.0/BoostConfig.cmake (found version "1.74.0")  \n'}
[5.109543] (-) TimerEvent: {}
[5.122138] (irobot_create_nodes) StdoutLine: {'line': b'-- Found ament_lint_auto: 0.12.14 (/opt/ros/humble/share/ament_lint_auto/cmake)\n'}
[5.136806] (irobot_create_gazebo_plugins) StdoutLine: {'line': b'-- Found assimp: /usr/include (found version "5.2.0") \n'}
[5.163090] (irobot_create_gazebo_plugins) StdoutLine: {'line': b'-- Found DART: /usr/include (Required is at least version "6.6") found components: dart \n'}
[5.167143] (irobot_create_ignition_toolbox) StdoutLine: {'line': b"-- Added test 'cppcheck' to perform static code analysis on C / C++ code\n"}
[5.167560] (irobot_create_ignition_toolbox) StdoutLine: {'line': b'-- Configured cppcheck include dirs: /home/javierac/create3_ws/src/irobot_create_ignition/irobot_create_ignition_toolbox/include\n'}
[5.167711] (irobot_create_ignition_toolbox) StdoutLine: {'line': b'-- Configured cppcheck exclude dirs and/or files: \n'}
[5.169915] (irobot_create_ignition_toolbox) StdoutLine: {'line': b"-- Added test 'cpplint' to check C / C++ code against the Google style\n"}
[5.170158] (irobot_create_ignition_toolbox) StdoutLine: {'line': b'-- Configured cpplint exclude dirs and/or files: \n'}
[5.171074] (irobot_create_ignition_toolbox) StdoutLine: {'line': b"-- Added test 'lint_cmake' to check CMake code style\n"}
[5.173517] (irobot_create_ignition_toolbox) StdoutLine: {'line': b"-- Added test 'uncrustify' to check C / C++ code style\n"}
[5.173745] (irobot_create_ignition_toolbox) StdoutLine: {'line': b'-- Configured uncrustify additional arguments: \n'}
[5.174052] (irobot_create_ignition_toolbox) StdoutLine: {'line': b"-- Added test 'xmllint' to check XML markup files\n"}
[5.177118] (irobot_create_ignition_toolbox) StdoutLine: {'line': b'-- Configuring done\n'}
[5.195608] (irobot_create_gazebo_plugins) StdoutLine: {'line': b'-- Found Boost: /usr/lib/x86_64-linux-gnu/cmake/Boost-1.74.0/BoostConfig.cmake (found suitable version "1.74.0", minimum required is "1.40.0") found components: thread system filesystem program_options regex iostreams date_time \n'}
[5.204958] (irobot_create_nodes) StdoutLine: {'line': b"-- Added test 'cppcheck' to perform static code analysis on C / C++ code\n"}
[5.206359] (irobot_create_nodes) StdoutLine: {'line': b'-- Configured cppcheck include dirs: /home/javierac/create3_ws/src/irobot_create_common/irobot_create_nodes/include\n'}
[5.206605] (irobot_create_nodes) StdoutLine: {'line': b'-- Configured cppcheck exclude dirs and/or files: \n'}
[5.208482] (irobot_create_nodes) StdoutLine: {'line': b"-- Added test 'cpplint' to check C / C++ code against the Google style\n"}
[5.208724] (irobot_create_nodes) StdoutLine: {'line': b'-- Configured cpplint exclude dirs and/or files: \n'}
[5.209435] (irobot_create_nodes) StdoutLine: {'line': b"-- Added test 'lint_cmake' to check CMake code style\n"}
[5.209565] (-) TimerEvent: {}
[5.210475] (irobot_create_gazebo_plugins) StdoutLine: {'line': b'-- Found Protobuf: /usr/lib/x86_64-linux-gnu/libprotobuf.so (found version "3.12.4") \n'}
[5.211766] (irobot_create_nodes) StdoutLine: {'line': b"-- Added test 'uncrustify' to check C / C++ code style\n"}
[5.211970] (irobot_create_nodes) StdoutLine: {'line': b'-- Configured uncrustify additional arguments: \n'}
[5.212590] (irobot_create_nodes) StdoutLine: {'line': b"-- Added test 'xmllint' to check XML markup files\n"}
[5.214424] (irobot_create_nodes) StdoutLine: {'line': b'-- Configuring done\n'}
[5.217207] (irobot_create_gazebo_plugins) StdoutLine: {'line': b'-- Looking for ignition-math6 -- found version 6.15.1\n'}
[5.218713] (irobot_create_gazebo_plugins) StdoutLine: {'line': b'-- Looking for OGRE...\n'}
[5.219409] (irobot_create_gazebo_plugins) StdoutLine: {'line': b'-- OGRE_PREFIX_WATCH changed.\n'}
[5.221136] (irobot_create_ignition_toolbox) StdoutLine: {'line': b'-- Generating done\n'}
[5.227546] (irobot_create_gazebo_plugins) StdoutLine: {'line': b"-- Checking for module 'OGRE'\n"}
[5.236922] (irobot_create_ignition_toolbox) StdoutLine: {'line': b'-- Build files have been written to: /home/javierac/create3_ws/build/irobot_create_ignition_toolbox\n'}
[5.245880] (irobot_create_gazebo_plugins) StdoutLine: {'line': b'--   Found OGRE, version 1.9.0\n'}
[5.247390] (irobot_create_ignition_toolbox) CommandEnded: {'returncode': 0}
[5.249259] (irobot_create_ignition_toolbox) JobProgress: {'identifier': 'irobot_create_ignition_toolbox', 'progress': 'build'}
[5.249330] (irobot_create_ignition_toolbox) Command: {'cmd': ['/usr/bin/cmake', '--build', '/home/javierac/create3_ws/build/irobot_create_ignition_toolbox', '--', '-j20', '-l20'], 'cwd': '/home/javierac/create3_ws/build/irobot_create_ignition_toolbox', 'env': OrderedDict([('USER', 'javierac'), ('HOSTNAME', '3fe4b3694adc'), ('SHLVL', '1'), ('LD_LIBRARY_PATH', '/home/javierac/create3_ws/install/irobot_create_toolbox/lib:/usr/lib/x86_64-linux-gnu/gazebo-11/plugins:/opt/ros/humble/opt/rviz_ogre_vendor/lib:/opt/ros/humble/lib/x86_64-linux-gnu:/opt/ros/humble/lib'), ('HOME', '/root'), ('OLDPWD', '/'), ('ROS_PYTHON_VERSION', '3'), ('ROS_DISTRO', 'humble'), ('_', '/usr/bin/colcon'), ('ROS_VERSION', '2'), ('TERM', 'xterm'), ('ROS_LOCALHOST_ONLY', '0'), ('PATH', '/opt/ros/humble/bin:/usr/local/sbin:/usr/local/bin:/usr/sbin:/usr/bin:/sbin:/bin'), ('DISPLAY', ':1'), ('LANG', 'C.UTF-8'), ('LS_COLORS', 'rs=0:di=01;34:ln=01;36:mh=00:pi=40;33:so=01;35:do=01;35:bd=40;33;01:cd=40;33;01:or=40;31;01:mi=00:su=37;41:sg=30;43:ca=30;41:tw=30;42:ow=34;42:st=37;44:ex=01;32:*.tar=01;31:*.tgz=01;31:*.arc=01;31:*.arj=01;31:*.taz=01;31:*.lha=01;31:*.lz4=01;31:*.lzh=01;31:*.lzma=01;31:*.tlz=01;31:*.txz=01;31:*.tzo=01;31:*.t7z=01;31:*.zip=01;31:*.z=01;31:*.dz=01;31:*.gz=01;31:*.lrz=01;31:*.lz=01;31:*.lzo=01;31:*.xz=01;31:*.zst=01;31:*.tzst=01;31:*.bz2=01;31:*.bz=01;31:*.tbz=01;31:*.tbz2=01;31:*.tz=01;31:*.deb=01;31:*.rpm=01;31:*.jar=01;31:*.war=01;31:*.ear=01;31:*.sar=01;31:*.rar=01;31:*.alz=01;31:*.ace=01;31:*.zoo=01;31:*.cpio=01;31:*.7z=01;31:*.rz=01;31:*.cab=01;31:*.wim=01;31:*.swm=01;31:*.dwm=01;31:*.esd=01;31:*.jpg=01;35:*.jpeg=01;35:*.mjpg=01;35:*.mjpeg=01;35:*.gif=01;35:*.bmp=01;35:*.pbm=01;35:*.pgm=01;35:*.ppm=01;35:*.tga=01;35:*.xbm=01;35:*.xpm=01;35:*.tif=01;35:*.tiff=01;35:*.png=01;35:*.svg=01;35:*.svgz=01;35:*.mng=01;35:*.pcx=01;35:*.mov=01;35:*.mpg=01;35:*.mpeg=01;35:*.m2v=01;35:*.mkv=01;35:*.webm=01;35:*.webp=01;35:*.ogm=01;35:*.mp4=01;35:*.m4v=01;35:*.mp4v=01;35:*.vob=01;35:*.qt=01;35:*.nuv=01;35:*.wmv=01;35:*.asf=01;35:*.rm=01;35:*.rmvb=01;35:*.flc=01;35:*.avi=01;35:*.fli=01;35:*.flv=01;35:*.gl=01;35:*.dl=01;35:*.xcf=01;35:*.xwd=01;35:*.yuv=01;35:*.cgm=01;35:*.emf=01;35:*.ogv=01;35:*.ogx=01;35:*.aac=00;36:*.au=00;36:*.flac=00;36:*.m4a=00;36:*.mid=00;36:*.midi=00;36:*.mka=00;36:*.mp3=00;36:*.mpc=00;36:*.ogg=00;36:*.ra=00;36:*.wav=00;36:*.oga=00;36:*.opus=00;36:*.spx=00;36:*.xspf=00;36:'), ('AMENT_PREFIX_PATH', '/home/javierac/create3_ws/install/irobot_create_toolbox:/opt/ros/humble'), ('PWD', '/home/javierac/create3_ws/build/irobot_create_ignition_toolbox'), ('LC_ALL', 'C.UTF-8'), ('PYTHONPATH', '/opt/ros/humble/lib/python3.10/site-packages:/opt/ros/humble/local/lib/python3.10/dist-packages'), ('NVIDIA_VISIBLE_DEVICES', 'all'), ('COLCON', '1'), ('CMAKE_PREFIX_PATH', '/home/javierac/create3_ws/install/irobot_create_toolbox:/opt/ros/humble')]), 'shell': False}
[5.285094] (irobot_create_gazebo_plugins) StdoutLine: {'line': b'-- Found Ogre Ghadamon (1.9.0)\n'}
[5.294088] (irobot_create_gazebo_plugins) StdoutLine: {'line': b'-- Found OGRE: optimized;/usr/lib/x86_64-linux-gnu/libOgreMain.so;debug;/usr/lib/x86_64-linux-gnu/libOgreMain.so\n'}
[5.305077] (irobot_create_gazebo_plugins) StdoutLine: {'line': b'-- Looking for OGRE_Paging...\n'}
[5.308918] (irobot_create_gazebo_plugins) StdoutLine: {'line': b'-- Found OGRE_Paging: optimized;/usr/lib/x86_64-linux-gnu/libOgrePaging.so;debug;/usr/lib/x86_64-linux-gnu/libOgrePaging.so\n'}
[5.309072] (irobot_create_gazebo_plugins) StdoutLine: {'line': b'-- Looking for OGRE_Terrain...\n'}
[5.309669] (-) TimerEvent: {}
[5.312121] (irobot_create_gazebo_plugins) StdoutLine: {'line': b'-- Found OGRE_Terrain: optimized;/usr/lib/x86_64-linux-gnu/libOgreTerrain.so;debug;/usr/lib/x86_64-linux-gnu/libOgreTerrain.so\n'}
[5.312502] (irobot_create_gazebo_plugins) StdoutLine: {'line': b'-- Looking for OGRE_Property...\n'}
[5.317536] (irobot_create_gazebo_plugins) StdoutLine: {'line': b'-- Found OGRE_Property: optimized;/usr/lib/x86_64-linux-gnu/libOgreProperty.so;debug;/usr/lib/x86_64-linux-gnu/libOgreProperty.so\n'}
[5.317820] (irobot_create_gazebo_plugins) StdoutLine: {'line': b'-- Looking for OGRE_RTShaderSystem...\n'}
[5.319747] (irobot_create_ignition_toolbox) StdoutLine: {'line': b'[  5%] \x1b[32mBuilding CXX object CMakeFiles/irobot_create_ignition_sensors_lib.dir/src/sensors/bumper.cpp.o\x1b[0m\n'}
[5.320145] (irobot_create_ignition_toolbox) StdoutLine: {'line': b'[ 11%] \x1b[32mBuilding CXX object CMakeFiles/irobot_create_ignition_sensors_lib.dir/src/sensors/ir_intensity.cpp.o\x1b[0m\n'}
[5.320325] (irobot_create_ignition_toolbox) StdoutLine: {'line': b'[ 16%] \x1b[32mBuilding CXX object CMakeFiles/irobot_create_ignition_interface_buttons_lib.dir/src/interface_buttons/interface_buttons_node.cpp.o\x1b[0m\n'}
[5.320462] (irobot_create_ignition_toolbox) StdoutLine: {'line': b'[ 22%] \x1b[32mBuilding CXX object CMakeFiles/irobot_create_ignition_sensors_lib.dir/src/sensors/ir_opcode.cpp.o\x1b[0m\n'}
[5.322430] (irobot_create_ignition_toolbox) StdoutLine: {'line': b'[ 27%] \x1b[32mBuilding CXX object CMakeFiles/irobot_create_ignition_sensors_lib.dir/src/sensors/sensors_node.cpp.o\x1b[0m\n'}
[5.322828] (irobot_create_ignition_toolbox) StdoutLine: {'line': b'[ 33%] \x1b[32mBuilding CXX object CMakeFiles/irobot_create_ignition_pose_republisher_lib.dir/src/pose_republisher/pose_republisher_node.cpp.o\x1b[0m\n'}
[5.324849] (irobot_create_ignition_toolbox) StdoutLine: {'line': b'[ 50%] \x1b[32mBuilding CXX object CMakeFiles/irobot_create_ignition_sensors_lib.dir/src/sensors/mouse.cpp.o\x1b[0m\n'}
[5.325061] (irobot_create_ignition_toolbox) StdoutLine: {'line': b'[ 50%] \x1b[32mBuilding CXX object CMakeFiles/irobot_create_ignition_sensors_lib.dir/src/sensors/wheel_drop.cpp.o\x1b[0m\n'}
[5.325154] (irobot_create_ignition_toolbox) StdoutLine: {'line': b'[ 50%] \x1b[32mBuilding CXX object CMakeFiles/irobot_create_ignition_sensors_lib.dir/src/sensors/cliff.cpp.o\x1b[0m\n'}
[5.325620] (irobot_create_gazebo_plugins) StdoutLine: {'line': b'-- Found OGRE_RTShaderSystem: optimized;/usr/lib/x86_64-linux-gnu/libOgreRTShaderSystem.so;debug;/usr/lib/x86_64-linux-gnu/libOgreRTShaderSystem.so\n'}
[5.325777] (irobot_create_gazebo_plugins) StdoutLine: {'line': b'-- Looking for OGRE_Volume...\n'}
[5.326072] (irobot_create_nodes) StdoutLine: {'line': b'-- Generating done\n'}
[5.334123] (irobot_create_gazebo_plugins) StdoutLine: {'line': b'-- Found OGRE_Volume: optimized;/usr/lib/x86_64-linux-gnu/libOgreVolume.so;debug;/usr/lib/x86_64-linux-gnu/libOgreVolume.so\n'}
[5.334333] (irobot_create_gazebo_plugins) StdoutLine: {'line': b'-- Looking for OGRE_Overlay...\n'}
[5.340121] (irobot_create_gazebo_plugins) StdoutLine: {'line': b'-- Found OGRE_Overlay: optimized;/usr/lib/x86_64-linux-gnu/libOgreOverlay.so;debug;/usr/lib/x86_64-linux-gnu/libOgreOverlay.so\n'}
[5.357752] (irobot_create_nodes) StdoutLine: {'line': b'-- Build files have been written to: /home/javierac/create3_ws/build/irobot_create_nodes\n'}
[5.369435] (irobot_create_nodes) CommandEnded: {'returncode': 0}
[5.370336] (irobot_create_nodes) JobProgress: {'identifier': 'irobot_create_nodes', 'progress': 'build'}
[5.370868] (irobot_create_nodes) Command: {'cmd': ['/usr/bin/cmake', '--build', '/home/javierac/create3_ws/build/irobot_create_nodes', '--', '-j20', '-l20'], 'cwd': '/home/javierac/create3_ws/build/irobot_create_nodes', 'env': OrderedDict([('USER', 'javierac'), ('HOSTNAME', '3fe4b3694adc'), ('SHLVL', '1'), ('LD_LIBRARY_PATH', '/home/javierac/create3_ws/install/irobot_create_toolbox/lib:/usr/lib/x86_64-linux-gnu/gazebo-11/plugins:/opt/ros/humble/opt/rviz_ogre_vendor/lib:/opt/ros/humble/lib/x86_64-linux-gnu:/opt/ros/humble/lib'), ('HOME', '/root'), ('OLDPWD', '/'), ('ROS_PYTHON_VERSION', '3'), ('ROS_DISTRO', 'humble'), ('_', '/usr/bin/colcon'), ('ROS_VERSION', '2'), ('TERM', 'xterm'), ('ROS_LOCALHOST_ONLY', '0'), ('PATH', '/opt/ros/humble/bin:/usr/local/sbin:/usr/local/bin:/usr/sbin:/usr/bin:/sbin:/bin'), ('DISPLAY', ':1'), ('LANG', 'C.UTF-8'), ('LS_COLORS', 'rs=0:di=01;34:ln=01;36:mh=00:pi=40;33:so=01;35:do=01;35:bd=40;33;01:cd=40;33;01:or=40;31;01:mi=00:su=37;41:sg=30;43:ca=30;41:tw=30;42:ow=34;42:st=37;44:ex=01;32:*.tar=01;31:*.tgz=01;31:*.arc=01;31:*.arj=01;31:*.taz=01;31:*.lha=01;31:*.lz4=01;31:*.lzh=01;31:*.lzma=01;31:*.tlz=01;31:*.txz=01;31:*.tzo=01;31:*.t7z=01;31:*.zip=01;31:*.z=01;31:*.dz=01;31:*.gz=01;31:*.lrz=01;31:*.lz=01;31:*.lzo=01;31:*.xz=01;31:*.zst=01;31:*.tzst=01;31:*.bz2=01;31:*.bz=01;31:*.tbz=01;31:*.tbz2=01;31:*.tz=01;31:*.deb=01;31:*.rpm=01;31:*.jar=01;31:*.war=01;31:*.ear=01;31:*.sar=01;31:*.rar=01;31:*.alz=01;31:*.ace=01;31:*.zoo=01;31:*.cpio=01;31:*.7z=01;31:*.rz=01;31:*.cab=01;31:*.wim=01;31:*.swm=01;31:*.dwm=01;31:*.esd=01;31:*.jpg=01;35:*.jpeg=01;35:*.mjpg=01;35:*.mjpeg=01;35:*.gif=01;35:*.bmp=01;35:*.pbm=01;35:*.pgm=01;35:*.ppm=01;35:*.tga=01;35:*.xbm=01;35:*.xpm=01;35:*.tif=01;35:*.tiff=01;35:*.png=01;35:*.svg=01;35:*.svgz=01;35:*.mng=01;35:*.pcx=01;35:*.mov=01;35:*.mpg=01;35:*.mpeg=01;35:*.m2v=01;35:*.mkv=01;35:*.webm=01;35:*.webp=01;35:*.ogm=01;35:*.mp4=01;35:*.m4v=01;35:*.mp4v=01;35:*.vob=01;35:*.qt=01;35:*.nuv=01;35:*.wmv=01;35:*.asf=01;35:*.rm=01;35:*.rmvb=01;35:*.flc=01;35:*.avi=01;35:*.fli=01;35:*.flv=01;35:*.gl=01;35:*.dl=01;35:*.xcf=01;35:*.xwd=01;35:*.yuv=01;35:*.cgm=01;35:*.emf=01;35:*.ogv=01;35:*.ogx=01;35:*.aac=00;36:*.au=00;36:*.flac=00;36:*.m4a=00;36:*.mid=00;36:*.midi=00;36:*.mka=00;36:*.mp3=00;36:*.mpc=00;36:*.ogg=00;36:*.ra=00;36:*.wav=00;36:*.oga=00;36:*.opus=00;36:*.spx=00;36:*.xspf=00;36:'), ('AMENT_PREFIX_PATH', '/home/javierac/create3_ws/install/irobot_create_toolbox:/opt/ros/humble'), ('PWD', '/home/javierac/create3_ws/build/irobot_create_nodes'), ('LC_ALL', 'C.UTF-8'), ('PYTHONPATH', '/opt/ros/humble/lib/python3.10/site-packages:/opt/ros/humble/local/lib/python3.10/dist-packages'), ('NVIDIA_VISIBLE_DEVICES', 'all'), ('COLCON', '1'), ('CMAKE_PREFIX_PATH', '/home/javierac/create3_ws/install/irobot_create_toolbox:/opt/ros/humble')]), 'shell': False}
[5.409927] (-) TimerEvent: {}
[5.433122] (irobot_create_nodes) StdoutLine: {'line': b'[  2%] \x1b[32mBuilding CXX object CMakeFiles/hazards_vector_publisher.dir/rclcpp_components/node_main_hazards_vector_publisher.cpp.o\x1b[0m\n'}
[5.434424] (irobot_create_nodes) StdoutLine: {'line': b'[  5%] \x1b[32mBuilding CXX object CMakeFiles/hazard_publisher_lib.dir/src/hazards_vector_publisher.cpp.o\x1b[0m\n'}
[5.436428] (irobot_create_nodes) StdoutLine: {'line': b'[  8%] \x1b[32mBuilding CXX object CMakeFiles/ir_intensity_vector_publisher.dir/rclcpp_components/node_main_ir_intensity_vector_publisher.cpp.o\x1b[0m\n'}
[5.442469] (irobot_create_nodes) StdoutLine: {'line': b'[ 13%] \x1b[32mBuilding CXX object CMakeFiles/motion_control_lib.dir/src/motion_control/docking_behavior.cpp.o\x1b[0m\n'}
[5.442830] (irobot_create_nodes) StdoutLine: {'line': b'[ 13%] \x1b[32mBuilding CXX object CMakeFiles/wheel_status_publisher.dir/rclcpp_components/node_main_wheel_status_publisher.cpp.o\x1b[0m\n'}
[5.443081] (irobot_create_nodes) StdoutLine: {'line': b'[ 16%] \x1b[32mBuilding CXX object CMakeFiles/motion_control_lib.dir/src/motion_control/drive_goal_behaviors.cpp.o\x1b[0m\n'}
[5.446676] (irobot_create_nodes) StdoutLine: {'line': b'[ 18%] \x1b[32mBuilding CXX object CMakeFiles/motion_control.dir/rclcpp_components/node_main_motion_control.cpp.o\x1b[0m\n'}
[5.447781] (irobot_create_nodes) StdoutLine: {'line': b'[ 21%] \x1b[32mBuilding CXX object CMakeFiles/motion_control_lib.dir/src/motion_control_node.cpp.o\x1b[0m\n'}
[5.450480] (irobot_create_nodes) StdoutLine: {'line': b'[ 24%] \x1b[32mBuilding CXX object CMakeFiles/robot_state.dir/rclcpp_components/node_main_robot_state.cpp.o\x1b[0m\n'}
[5.451536] (irobot_create_nodes) StdoutLine: {'line': b'[ 27%] \x1b[32mBuilding CXX object CMakeFiles/robot_state_lib.dir/src/robot_state.cpp.o\x1b[0m\n'}
[5.454134] (irobot_create_nodes) StdoutLine: {'line': b'[ 29%] \x1b[32mBuilding CXX object CMakeFiles/ir_intensity_publisher_lib.dir/src/ir_intensity_vector_publisher.cpp.o\x1b[0m\n'}
[5.456941] (irobot_create_nodes) StdoutLine: {'line': b'[ 37%] \x1b[32mBuilding CXX object CMakeFiles/motion_control_lib.dir/src/motion_control/wall_follow_behavior.cpp.o\x1b[0m\n'}
[5.457270] (irobot_create_nodes) StdoutLine: {'line': b'[ 37%] \x1b[32mBuilding CXX object CMakeFiles/motion_control_lib.dir/src/motion_control/wall_follow_states.cpp.o\x1b[0m\n'}
[5.459216] (irobot_create_nodes) StdoutLine: {'line': b'[ 40%] \x1b[32mBuilding CXX object CMakeFiles/motion_control_lib.dir/src/motion_control/reflex_behavior.cpp.o\x1b[0m\n'}
[5.459509] (irobot_create_nodes) StdoutLine: {'line': b'[ 40%] \x1b[32mBuilding CXX object CMakeFiles/mock_publisher.dir/rclcpp_components/node_main_mock_publisher.cpp.o\x1b[0m\n'}
[5.460504] (irobot_create_nodes) StdoutLine: {'line': b'[ 43%] \x1b[32mBuilding CXX object CMakeFiles/kidnap_estimator_publisher_lib.dir/src/kidnap_estimator_publisher.cpp.o\x1b[0m\n'}
[5.466057] (irobot_create_nodes) StdoutLine: {'line': b'[ 45%] \x1b[32mBuilding CXX object CMakeFiles/wheel_status_publisher_lib.dir/src/wheels_publisher.cpp.o\x1b[0m\n'}
[5.474668] (irobot_create_nodes) StdoutLine: {'line': b'[ 48%] \x1b[32mBuilding CXX object CMakeFiles/mock_publisher_lib.dir/src/mock_publisher.cpp.o\x1b[0m\n'}
[5.476022] (irobot_create_nodes) StdoutLine: {'line': b'[ 51%] \x1b[32mBuilding CXX object CMakeFiles/ui_mgr_lib.dir/src/ui_mgr.cpp.o\x1b[0m\n'}
[5.480436] (irobot_create_nodes) StdoutLine: {'line': b'[ 54%] \x1b[32mBuilding CXX object CMakeFiles/ui_mgr.dir/rclcpp_components/node_main_ui_mgr.cpp.o\x1b[0m\n'}
[5.504109] (irobot_create_gazebo_plugins) StdoutLine: {'line': b'-- Looking for ignition-math6 -- found version 6.15.1\n'}
[5.506261] (irobot_create_gazebo_plugins) StdoutLine: {'line': b'-- Looking for ignition-transport8 -- found version 8.2.1\n'}
[5.507145] (irobot_create_gazebo_plugins) StdoutLine: {'line': b'-- Searching for dependencies of ignition-transport8\n'}
[5.510004] (-) TimerEvent: {}
[5.554427] (irobot_create_gazebo_plugins) StdoutLine: {'line': b'-- Found Protobuf: /usr/lib/x86_64-linux-gnu/libprotobuf.so (found suitable version "3.12.4", minimum required is "3") \n'}
[5.610127] (irobot_create_gazebo_plugins) StdoutLine: {'line': b'-- Config-file not installed for ZeroMQ -- checking for pkg-config\n'}
[5.610402] (-) TimerEvent: {}
[5.623122] (irobot_create_gazebo_plugins) StdoutLine: {'line': b"-- Checking for module 'libzmq >= 4'\n"}
[5.657654] (irobot_create_gazebo_plugins) StdoutLine: {'line': b'--   Found libzmq , version 4.3.4\n'}
[5.710541] (-) TimerEvent: {}
[5.745375] (irobot_create_gazebo_plugins) StdoutLine: {'line': b'-- Found ZeroMQ: TRUE (Required is at least version "4") \n'}
[5.756996] (irobot_create_gazebo_plugins) StdoutLine: {'line': b"-- Checking for module 'uuid'\n"}
[5.793707] (irobot_create_gazebo_plugins) StdoutLine: {'line': b'--   Found uuid, version 2.37.2\n'}
[5.810672] (-) TimerEvent: {}
[5.891053] (irobot_create_gazebo_plugins) StdoutLine: {'line': b'-- Found UUID: TRUE  \n'}
[5.900125] (irobot_create_gazebo_plugins) StdoutLine: {'line': b'-- Looking for ignition-msgs5 -- found version 5.8.1\n'}
[5.903115] (irobot_create_gazebo_plugins) StdoutLine: {'line': b'-- Searching for dependencies of ignition-msgs5\n'}
[5.910793] (-) TimerEvent: {}
[5.972059] (irobot_create_gazebo_plugins) StdoutLine: {'line': b'-- Looking for ignition-math6 -- found version 6.15.1\n'}
[5.983532] (irobot_create_gazebo_plugins) StdoutLine: {'line': b"-- Checking for module 'tinyxml2'\n"}
[6.010920] (-) TimerEvent: {}
[6.029920] (irobot_create_gazebo_plugins) StdoutLine: {'line': b'--   Found tinyxml2, version 9.0.0\n'}
[6.111035] (-) TimerEvent: {}
[6.125049] (irobot_create_gazebo_plugins) StdoutLine: {'line': b'-- Looking for ignition-msgs5 -- found version 5.8.1\n'}
[6.135073] (irobot_create_gazebo_plugins) StdoutLine: {'line': b'-- Looking for ignition-common3 -- found version 3.14.0\n'}
[6.135832] (irobot_create_gazebo_plugins) StdoutLine: {'line': b'-- Searching for dependencies of ignition-common3\n'}
[6.136198] (irobot_create_gazebo_plugins) StdoutLine: {'line': b'-- Looking for dlfcn.h - found\n'}
[6.140168] (irobot_create_gazebo_plugins) StdoutLine: {'line': b'-- Looking for libdl - found\n'}
[6.142370] (irobot_create_gazebo_plugins) StdoutLine: {'line': b'-- Found DL: TRUE  \n'}
[6.184107] (irobot_create_gazebo_plugins) StdoutLine: {'line': b'-- Found tinyobjloader: /usr/lib/x86_64-linux-gnu/cmake/tinyobjloader/tinyobjloader-config.cmake (found version "2.0.0") \n'}
[6.184402] (irobot_create_gazebo_plugins) StdoutLine: {'line': b'-- Searching for <ignition-common3> component [graphics]\n'}
[6.195119] (irobot_create_gazebo_plugins) StdoutLine: {'line': b'-- Looking for ignition-common3-graphics -- found version 3.14.0\n'}
[6.196206] (irobot_create_gazebo_plugins) StdoutLine: {'line': b'-- Searching for dependencies of ignition-common3-graphics\n'}
[6.196848] (irobot_create_gazebo_plugins) StdoutLine: {'line': b'-- Looking for ignition-math6 -- found version 6.15.1\n'}
[6.208483] (irobot_create_gazebo_plugins) StdoutLine: {'line': b'-- Looking for ignition-fuel_tools4 -- found version 4.4.0\n'}
[6.209367] (irobot_create_gazebo_plugins) StdoutLine: {'line': b'-- Searching for dependencies of ignition-fuel_tools4\n'}
[6.211111] (-) TimerEvent: {}
[6.312192] (-) TimerEvent: {}
[6.411054] (irobot_create_gazebo_plugins) StdoutLine: {'line': b'-- Found CURL: /usr/lib/x86_64-linux-gnu/libcurl.so (found version "7.81.0")  \n'}
[6.412285] (-) TimerEvent: {}
[6.428847] (irobot_create_gazebo_plugins) StdoutLine: {'line': b"-- Checking for module 'jsoncpp'\n"}
[6.453618] (irobot_create_gazebo_plugins) StdoutLine: {'line': b'--   Found jsoncpp, version 1.9.5\n'}
[6.512722] (-) TimerEvent: {}
[6.540102] (irobot_create_gazebo_plugins) StdoutLine: {'line': b'-- Found JSONCPP: TRUE  \n'}
[6.558369] (irobot_create_gazebo_plugins) StdoutLine: {'line': b"-- Checking for module 'libzip'\n"}
[6.598535] (irobot_create_gazebo_plugins) StdoutLine: {'line': b'--   Found libzip, version 1.7.3\n'}
[6.612846] (-) TimerEvent: {}
[6.715031] (-) TimerEvent: {}
[6.721319] (irobot_create_gazebo_plugins) StdoutLine: {'line': b'-- Found ZIP: TRUE  \n'}
[6.721694] (irobot_create_gazebo_plugins) StdoutLine: {'line': b'-- Looking for ignition-common3 -- found version 3.14.0\n'}
[6.726110] (irobot_create_gazebo_plugins) StdoutLine: {'line': b'-- Looking for ignition-math6 -- found version 6.15.1\n'}
[6.729556] (irobot_create_gazebo_plugins) StdoutLine: {'line': b'-- Looking for ignition-msgs5 -- found version 5.8.1\n'}
[6.741457] (irobot_create_gazebo_plugins) StdoutLine: {'line': b'-- Gazebo version: 11.10\n'}
[6.741962] (irobot_create_gazebo_plugins) StdoutLine: {'line': b"-- Checking for module 'tbb'\n"}
[6.782363] (irobot_create_gazebo_plugins) StdoutLine: {'line': b'--   Found tbb, version 2021.5.0\n'}
[6.815147] (-) TimerEvent: {}
[6.915597] (-) TimerEvent: {}
[7.016031] (-) TimerEvent: {}
[7.116479] (-) TimerEvent: {}
[7.117054] (irobot_create_gazebo_plugins) StdoutLine: {'line': b'-- Found ament_lint_auto: 0.12.14 (/opt/ros/humble/share/ament_lint_auto/cmake)\n'}
[7.218026] (-) TimerEvent: {}
[7.322015] (-) TimerEvent: {}
[7.422468] (-) TimerEvent: {}
[7.516992] (irobot_create_gazebo_plugins) StdoutLine: {'line': b"-- Added test 'cppcheck' to perform static code analysis on C / C++ code\n"}
[7.519781] (irobot_create_gazebo_plugins) StdoutLine: {'line': b'-- Configured cppcheck include dirs: /home/javierac/create3_ws/src/irobot_create_gazebo/irobot_create_gazebo_plugins/include\n'}
[7.520074] (irobot_create_gazebo_plugins) StdoutLine: {'line': b'-- Configured cppcheck exclude dirs and/or files: \n'}
[7.522593] (-) TimerEvent: {}
[7.523101] (irobot_create_gazebo_plugins) StdoutLine: {'line': b"-- Added test 'cpplint' to check C / C++ code against the Google style\n"}
[7.523354] (irobot_create_gazebo_plugins) StdoutLine: {'line': b'-- Configured cpplint exclude dirs and/or files: \n'}
[7.526079] (irobot_create_gazebo_plugins) StdoutLine: {'line': b"-- Added test 'lint_cmake' to check CMake code style\n"}
[7.529020] (irobot_create_gazebo_plugins) StdoutLine: {'line': b"-- Added test 'uncrustify' to check C / C++ code style\n"}
[7.529299] (irobot_create_gazebo_plugins) StdoutLine: {'line': b'-- Configured uncrustify additional arguments: \n'}
[7.529612] (irobot_create_gazebo_plugins) StdoutLine: {'line': b"-- Added test 'xmllint' to check XML markup files\n"}
[7.543046] (irobot_create_gazebo_plugins) StdoutLine: {'line': b'-- Configuring done\n'}
[7.623044] (-) TimerEvent: {}
[7.725051] (-) TimerEvent: {}
[7.826047] (-) TimerEvent: {}
[7.926523] (-) TimerEvent: {}
[8.027042] (-) TimerEvent: {}
[8.128048] (-) TimerEvent: {}
[8.174628] (irobot_create_gazebo_plugins) StdoutLine: {'line': b'-- Generating done\n'}
[8.228167] (-) TimerEvent: {}
[8.239020] (irobot_create_gazebo_plugins) StdoutLine: {'line': b'-- Build files have been written to: /home/javierac/create3_ws/build/irobot_create_gazebo_plugins\n'}
[8.272071] (irobot_create_gazebo_plugins) CommandEnded: {'returncode': 0}
[8.272589] (irobot_create_gazebo_plugins) JobProgress: {'identifier': 'irobot_create_gazebo_plugins', 'progress': 'build'}
[8.272635] (irobot_create_gazebo_plugins) Command: {'cmd': ['/usr/bin/cmake', '--build', '/home/javierac/create3_ws/build/irobot_create_gazebo_plugins', '--', '-j20', '-l20'], 'cwd': '/home/javierac/create3_ws/build/irobot_create_gazebo_plugins', 'env': OrderedDict([('USER', 'javierac'), ('HOSTNAME', '3fe4b3694adc'), ('SHLVL', '1'), ('LD_LIBRARY_PATH', '/home/javierac/create3_ws/install/irobot_create_toolbox/lib:/usr/lib/x86_64-linux-gnu/gazebo-11/plugins:/opt/ros/humble/opt/rviz_ogre_vendor/lib:/opt/ros/humble/lib/x86_64-linux-gnu:/opt/ros/humble/lib'), ('HOME', '/root'), ('OLDPWD', '/'), ('ROS_PYTHON_VERSION', '3'), ('ROS_DISTRO', 'humble'), ('_', '/usr/bin/colcon'), ('ROS_VERSION', '2'), ('TERM', 'xterm'), ('ROS_LOCALHOST_ONLY', '0'), ('PATH', '/opt/ros/humble/bin:/usr/local/sbin:/usr/local/bin:/usr/sbin:/usr/bin:/sbin:/bin'), ('DISPLAY', ':1'), ('LANG', 'C.UTF-8'), ('LS_COLORS', 'rs=0:di=01;34:ln=01;36:mh=00:pi=40;33:so=01;35:do=01;35:bd=40;33;01:cd=40;33;01:or=40;31;01:mi=00:su=37;41:sg=30;43:ca=30;41:tw=30;42:ow=34;42:st=37;44:ex=01;32:*.tar=01;31:*.tgz=01;31:*.arc=01;31:*.arj=01;31:*.taz=01;31:*.lha=01;31:*.lz4=01;31:*.lzh=01;31:*.lzma=01;31:*.tlz=01;31:*.txz=01;31:*.tzo=01;31:*.t7z=01;31:*.zip=01;31:*.z=01;31:*.dz=01;31:*.gz=01;31:*.lrz=01;31:*.lz=01;31:*.lzo=01;31:*.xz=01;31:*.zst=01;31:*.tzst=01;31:*.bz2=01;31:*.bz=01;31:*.tbz=01;31:*.tbz2=01;31:*.tz=01;31:*.deb=01;31:*.rpm=01;31:*.jar=01;31:*.war=01;31:*.ear=01;31:*.sar=01;31:*.rar=01;31:*.alz=01;31:*.ace=01;31:*.zoo=01;31:*.cpio=01;31:*.7z=01;31:*.rz=01;31:*.cab=01;31:*.wim=01;31:*.swm=01;31:*.dwm=01;31:*.esd=01;31:*.jpg=01;35:*.jpeg=01;35:*.mjpg=01;35:*.mjpeg=01;35:*.gif=01;35:*.bmp=01;35:*.pbm=01;35:*.pgm=01;35:*.ppm=01;35:*.tga=01;35:*.xbm=01;35:*.xpm=01;35:*.tif=01;35:*.tiff=01;35:*.png=01;35:*.svg=01;35:*.svgz=01;35:*.mng=01;35:*.pcx=01;35:*.mov=01;35:*.mpg=01;35:*.mpeg=01;35:*.m2v=01;35:*.mkv=01;35:*.webm=01;35:*.webp=01;35:*.ogm=01;35:*.mp4=01;35:*.m4v=01;35:*.mp4v=01;35:*.vob=01;35:*.qt=01;35:*.nuv=01;35:*.wmv=01;35:*.asf=01;35:*.rm=01;35:*.rmvb=01;35:*.flc=01;35:*.avi=01;35:*.fli=01;35:*.flv=01;35:*.gl=01;35:*.dl=01;35:*.xcf=01;35:*.xwd=01;35:*.yuv=01;35:*.cgm=01;35:*.emf=01;35:*.ogv=01;35:*.ogx=01;35:*.aac=00;36:*.au=00;36:*.flac=00;36:*.m4a=00;36:*.mid=00;36:*.midi=00;36:*.mka=00;36:*.mp3=00;36:*.mpc=00;36:*.ogg=00;36:*.ra=00;36:*.wav=00;36:*.oga=00;36:*.opus=00;36:*.spx=00;36:*.xspf=00;36:'), ('AMENT_PREFIX_PATH', '/home/javierac/create3_ws/install/irobot_create_toolbox:/opt/ros/humble'), ('PWD', '/home/javierac/create3_ws/build/irobot_create_gazebo_plugins'), ('LC_ALL', 'C.UTF-8'), ('PYTHONPATH', '/opt/ros/humble/lib/python3.10/site-packages:/opt/ros/humble/local/lib/python3.10/dist-packages'), ('NVIDIA_VISIBLE_DEVICES', 'all'), ('COLCON', '1'), ('CMAKE_PREFIX_PATH', '/home/javierac/create3_ws/install/irobot_create_toolbox:/opt/ros/humble')]), 'shell': False}
[8.328281] (-) TimerEvent: {}
[8.428685] (-) TimerEvent: {}
[8.445526] (irobot_create_gazebo_plugins) StdoutLine: {'line': b'[  5%] \x1b[32mBuilding CXX object CMakeFiles/gazebo_ros_create_helpers.dir/src/gazebo_ros_helpers.cpp.o\x1b[0m\n'}
[8.528807] (-) TimerEvent: {}
[8.629201] (-) TimerEvent: {}
[8.730026] (-) TimerEvent: {}
[8.830406] (-) TimerEvent: {}
[8.931023] (-) TimerEvent: {}
[9.032026] (-) TimerEvent: {}
[9.132399] (-) TimerEvent: {}
[9.233027] (-) TimerEvent: {}
[9.334026] (-) TimerEvent: {}
[9.434398] (-) TimerEvent: {}
[9.535025] (-) TimerEvent: {}
[9.636031] (-) TimerEvent: {}
[9.736425] (-) TimerEvent: {}
[9.839028] (-) TimerEvent: {}
[9.939406] (-) TimerEvent: {}
[10.039865] (-) TimerEvent: {}
[10.140271] (-) TimerEvent: {}
[10.240657] (-) TimerEvent: {}
[10.341029] (-) TimerEvent: {}
[10.441419] (-) TimerEvent: {}
[10.544929] (-) TimerEvent: {}
[10.645331] (-) TimerEvent: {}
[10.746038] (-) TimerEvent: {}
[10.846907] (-) TimerEvent: {}
[10.947783] (-) TimerEvent: {}
[11.048634] (-) TimerEvent: {}
[11.150383] (-) TimerEvent: {}
[11.251248] (-) TimerEvent: {}
[11.354757] (-) TimerEvent: {}
[11.455616] (-) TimerEvent: {}
[11.556380] (-) TimerEvent: {}
[11.639828] (irobot_create_nodes) StdoutLine: {'line': b'[ 56%] \x1b[32m\x1b[1mLinking CXX executable mock_publisher\x1b[0m\n'}
[11.656515] (-) TimerEvent: {}
[11.757004] (-) TimerEvent: {}
[11.798794] (irobot_create_nodes) StdoutLine: {'line': b'[ 59%] \x1b[32m\x1b[1mLinking CXX executable wheel_status_publisher\x1b[0m\n'}
[11.826150] (irobot_create_nodes) StdoutLine: {'line': b'[ 62%] \x1b[32m\x1b[1mLinking CXX executable ir_intensity_vector_publisher\x1b[0m\n'}
[11.858052] (-) TimerEvent: {}
[11.937076] (irobot_create_nodes) StdoutLine: {'line': b'[ 62%] Built target mock_publisher\n'}
[11.959049] (-) TimerEvent: {}
[11.999079] (irobot_create_nodes) StdoutLine: {'line': b'[ 64%] \x1b[32mBuilding CXX object CMakeFiles/kidnap_estimator_publisher.dir/rclcpp_components/node_main_kidnap_estimator_publisher.cpp.o\x1b[0m\n'}
[12.059180] (-) TimerEvent: {}
[12.066030] (irobot_create_nodes) StdoutLine: {'line': b'[ 64%] Built target wheel_status_publisher\n'}
[12.077907] (irobot_create_nodes) StdoutLine: {'line': b'[ 64%] Built target ir_intensity_vector_publisher\n'}
[12.078868] (irobot_create_nodes) StdoutLine: {'line': b'[ 67%] \x1b[32m\x1b[1mLinking CXX executable ui_mgr\x1b[0m\n'}
[12.160046] (-) TimerEvent: {}
[12.259001] (irobot_create_nodes) StdoutLine: {'line': b'[ 70%] \x1b[32m\x1b[1mLinking CXX executable motion_control\x1b[0m\n'}
[12.260138] (-) TimerEvent: {}
[12.362044] (-) TimerEvent: {}
[12.465533] (-) TimerEvent: {}
[12.468077] (irobot_create_nodes) StdoutLine: {'line': b'[ 70%] Built target ui_mgr\n'}
[12.542112] (irobot_create_nodes) StdoutLine: {'line': b'[ 70%] Built target motion_control\n'}
[12.565642] (-) TimerEvent: {}
[12.667044] (-) TimerEvent: {}
[12.767549] (-) TimerEvent: {}
[12.868035] (-) TimerEvent: {}
[12.971480] (-) TimerEvent: {}
[13.072056] (-) TimerEvent: {}
[13.172638] (-) TimerEvent: {}
[13.273192] (-) TimerEvent: {}
[13.373674] (-) TimerEvent: {}
[13.474183] (-) TimerEvent: {}
[13.495165] (irobot_create_nodes) StdoutLine: {'line': b'[ 72%] \x1b[32m\x1b[1mLinking CXX executable hazards_vector_publisher\x1b[0m\n'}
[13.574317] (-) TimerEvent: {}
[13.674821] (-) TimerEvent: {}
[13.775613] (-) TimerEvent: {}
[13.877248] (-) TimerEvent: {}
[13.880059] (irobot_create_nodes) StdoutLine: {'line': b'[ 72%] Built target hazards_vector_publisher\n'}
[13.977388] (-) TimerEvent: {}
[14.058158] (irobot_create_nodes) StdoutLine: {'line': b'[ 75%] \x1b[32m\x1b[1mLinking CXX executable robot_state\x1b[0m\n'}
[14.077524] (-) TimerEvent: {}
[14.178321] (-) TimerEvent: {}
[14.286266] (-) TimerEvent: {}
[14.386727] (-) TimerEvent: {}
[14.409755] (irobot_create_nodes) StdoutLine: {'line': b'[ 75%] Built target robot_state\n'}
[14.486843] (-) TimerEvent: {}
[14.587268] (-) TimerEvent: {}
[14.687672] (-) TimerEvent: {}
[14.789026] (-) TimerEvent: {}
[14.889435] (-) TimerEvent: {}
[14.989837] (-) TimerEvent: {}
[15.093127] (-) TimerEvent: {}
[15.193538] (-) TimerEvent: {}
[15.293907] (-) TimerEvent: {}
[15.394312] (-) TimerEvent: {}
[15.496026] (-) TimerEvent: {}
[15.596418] (-) TimerEvent: {}
[15.696799] (-) TimerEvent: {}
[15.801028] (-) TimerEvent: {}
[15.901427] (-) TimerEvent: {}
[16.001802] (-) TimerEvent: {}
[16.102224] (-) TimerEvent: {}
[16.204026] (-) TimerEvent: {}
[16.304427] (-) TimerEvent: {}
[16.404902] (-) TimerEvent: {}
[16.505346] (-) TimerEvent: {}
[16.605728] (-) TimerEvent: {}
[16.706124] (-) TimerEvent: {}
[16.810025] (-) TimerEvent: {}
[16.816464] (irobot_create_nodes) StdoutLine: {'line': b'[ 78%] \x1b[32m\x1b[1mLinking CXX shared library libmock_publisher_lib.so\x1b[0m\n'}
[16.913024] (-) TimerEvent: {}
[17.013390] (-) TimerEvent: {}
[17.113760] (-) TimerEvent: {}
[17.214136] (-) TimerEvent: {}
[17.314518] (-) TimerEvent: {}
[17.414888] (-) TimerEvent: {}
[17.516025] (-) TimerEvent: {}
[17.548854] (irobot_create_nodes) StdoutLine: {'line': b'[ 78%] Built target mock_publisher_lib\n'}
[17.616153] (-) TimerEvent: {}
[17.716637] (-) TimerEvent: {}
[17.817131] (-) TimerEvent: {}
[17.917519] (-) TimerEvent: {}
[18.017893] (-) TimerEvent: {}
[18.078018] (irobot_create_nodes) StderrLine: {'line': b'\x1b[01m\x1b[K/home/javierac/create3_ws/src/irobot_create_common/irobot_create_nodes/src/motion_control_node.cpp:\x1b[m\x1b[K In member function \xe2\x80\x98\x1b[01m\x1b[Kvoid irobot_create_nodes::MotionControlNode::reset_pose_request(irobot_create_msgs::srv::ResetPose_Request_<std::allocator<void> >::SharedPtr, irobot_create_msgs::srv::ResetPose_Response_<std::allocator<void> >::SharedPtr)\x1b[m\x1b[K\xe2\x80\x99:\n'}
[18.078260] (irobot_create_nodes) StderrLine: {'line': b'\x1b[01m\x1b[K/home/javierac/create3_ws/src/irobot_create_common/irobot_create_nodes/src/motion_control_node.cpp:442:64:\x1b[m\x1b[K \x1b[01;35m\x1b[Kwarning: \x1b[m\x1b[Kunused parameter \xe2\x80\x98\x1b[01m\x1b[Krequest\x1b[m\x1b[K\xe2\x80\x99 [\x1b[01;35m\x1b[K-Wunused-parameter\x1b[m\x1b[K]\n'}
[18.078352] (irobot_create_nodes) StderrLine: {'line': b'  442 |   \x1b[01;35m\x1b[Kconst irobot_create_msgs::srv::ResetPose::Request::SharedPtr request\x1b[m\x1b[K,\n'}
[18.078425] (irobot_create_nodes) StderrLine: {'line': b'      |   \x1b[01;35m\x1b[K~~~~~~~~~~~~~~~~~~~~~~~~~~~~~~~~~~~~~~~~~~~~~~~~~~~~~~~~~~~~~^~~~~~~\x1b[m\x1b[K\n'}
[18.078491] (irobot_create_nodes) StderrLine: {'line': b'\x1b[01m\x1b[K/home/javierac/create3_ws/src/irobot_create_common/irobot_create_nodes/src/motion_control_node.cpp:443:59:\x1b[m\x1b[K \x1b[01;35m\x1b[Kwarning: \x1b[m\x1b[Kunused parameter \xe2\x80\x98\x1b[01m\x1b[Kresponse\x1b[m\x1b[K\xe2\x80\x99 [\x1b[01;35m\x1b[K-Wunused-parameter\x1b[m\x1b[K]\n'}
[18.078559] (irobot_create_nodes) StderrLine: {'line': b'  443 |   \x1b[01;35m\x1b[Kirobot_create_msgs::srv::ResetPose::Response::SharedPtr response\x1b[m\x1b[K){\n'}
[18.078627] (irobot_create_nodes) StderrLine: {'line': b'      |   \x1b[01;35m\x1b[K~~~~~~~~~~~~~~~~~~~~~~~~~~~~~~~~~~~~~~~~~~~~~~~~~~~~~~~~^~~~~~~~\x1b[m\x1b[K\n'}
[18.118021] (-) TimerEvent: {}
[18.219024] (-) TimerEvent: {}
[18.239122] (irobot_create_ignition_plugins) StdoutLine: {'line': b'[100%] \x1b[32m\x1b[1mLinking CXX shared library libCreate3Hmi.so\x1b[0m\n'}
[18.319141] (-) TimerEvent: {}
[18.420023] (-) TimerEvent: {}
[18.520402] (-) TimerEvent: {}
[18.621025] (-) TimerEvent: {}
[18.722036] (-) TimerEvent: {}
[18.822414] (-) TimerEvent: {}
[18.922767] (-) TimerEvent: {}
[18.926030] (irobot_create_ignition_plugins) StdoutLine: {'line': b'[100%] Built target Create3Hmi\n'}
[18.954432] (irobot_create_ignition_plugins) CommandEnded: {'returncode': 0}
[18.956469] (irobot_create_ignition_plugins) JobProgress: {'identifier': 'irobot_create_ignition_plugins', 'progress': 'install'}
[18.956939] (irobot_create_ignition_plugins) Command: {'cmd': ['/usr/bin/cmake', '--install', '/home/javierac/create3_ws/build/irobot_create_ignition_plugins'], 'cwd': '/home/javierac/create3_ws/build/irobot_create_ignition_plugins', 'env': OrderedDict([('USER', 'javierac'), ('HOSTNAME', '3fe4b3694adc'), ('SHLVL', '1'), ('LD_LIBRARY_PATH', '/usr/lib/x86_64-linux-gnu/gazebo-11/plugins:/opt/ros/humble/opt/rviz_ogre_vendor/lib:/opt/ros/humble/lib/x86_64-linux-gnu:/opt/ros/humble/lib'), ('HOME', '/root'), ('OLDPWD', '/'), ('ROS_PYTHON_VERSION', '3'), ('ROS_DISTRO', 'humble'), ('_', '/usr/bin/colcon'), ('ROS_VERSION', '2'), ('TERM', 'xterm'), ('ROS_LOCALHOST_ONLY', '0'), ('PATH', '/opt/ros/humble/bin:/usr/local/sbin:/usr/local/bin:/usr/sbin:/usr/bin:/sbin:/bin'), ('DISPLAY', ':1'), ('LANG', 'C.UTF-8'), ('LS_COLORS', 'rs=0:di=01;34:ln=01;36:mh=00:pi=40;33:so=01;35:do=01;35:bd=40;33;01:cd=40;33;01:or=40;31;01:mi=00:su=37;41:sg=30;43:ca=30;41:tw=30;42:ow=34;42:st=37;44:ex=01;32:*.tar=01;31:*.tgz=01;31:*.arc=01;31:*.arj=01;31:*.taz=01;31:*.lha=01;31:*.lz4=01;31:*.lzh=01;31:*.lzma=01;31:*.tlz=01;31:*.txz=01;31:*.tzo=01;31:*.t7z=01;31:*.zip=01;31:*.z=01;31:*.dz=01;31:*.gz=01;31:*.lrz=01;31:*.lz=01;31:*.lzo=01;31:*.xz=01;31:*.zst=01;31:*.tzst=01;31:*.bz2=01;31:*.bz=01;31:*.tbz=01;31:*.tbz2=01;31:*.tz=01;31:*.deb=01;31:*.rpm=01;31:*.jar=01;31:*.war=01;31:*.ear=01;31:*.sar=01;31:*.rar=01;31:*.alz=01;31:*.ace=01;31:*.zoo=01;31:*.cpio=01;31:*.7z=01;31:*.rz=01;31:*.cab=01;31:*.wim=01;31:*.swm=01;31:*.dwm=01;31:*.esd=01;31:*.jpg=01;35:*.jpeg=01;35:*.mjpg=01;35:*.mjpeg=01;35:*.gif=01;35:*.bmp=01;35:*.pbm=01;35:*.pgm=01;35:*.ppm=01;35:*.tga=01;35:*.xbm=01;35:*.xpm=01;35:*.tif=01;35:*.tiff=01;35:*.png=01;35:*.svg=01;35:*.svgz=01;35:*.mng=01;35:*.pcx=01;35:*.mov=01;35:*.mpg=01;35:*.mpeg=01;35:*.m2v=01;35:*.mkv=01;35:*.webm=01;35:*.webp=01;35:*.ogm=01;35:*.mp4=01;35:*.m4v=01;35:*.mp4v=01;35:*.vob=01;35:*.qt=01;35:*.nuv=01;35:*.wmv=01;35:*.asf=01;35:*.rm=01;35:*.rmvb=01;35:*.flc=01;35:*.avi=01;35:*.fli=01;35:*.flv=01;35:*.gl=01;35:*.dl=01;35:*.xcf=01;35:*.xwd=01;35:*.yuv=01;35:*.cgm=01;35:*.emf=01;35:*.ogv=01;35:*.ogx=01;35:*.aac=00;36:*.au=00;36:*.flac=00;36:*.m4a=00;36:*.mid=00;36:*.midi=00;36:*.mka=00;36:*.mp3=00;36:*.mpc=00;36:*.ogg=00;36:*.ra=00;36:*.wav=00;36:*.oga=00;36:*.opus=00;36:*.spx=00;36:*.xspf=00;36:'), ('AMENT_PREFIX_PATH', '/opt/ros/humble'), ('PWD', '/home/javierac/create3_ws/build/irobot_create_ignition_plugins'), ('LC_ALL', 'C.UTF-8'), ('PYTHONPATH', '/opt/ros/humble/lib/python3.10/site-packages:/opt/ros/humble/local/lib/python3.10/dist-packages'), ('NVIDIA_VISIBLE_DEVICES', 'all'), ('COLCON', '1'), ('CMAKE_PREFIX_PATH', '/opt/ros/humble')]), 'shell': False}
[18.977269] (irobot_create_ignition_plugins) StdoutLine: {'line': b'-- Install configuration: ""\n'}
[18.978015] (irobot_create_ignition_plugins) StdoutLine: {'line': b'-- Execute custom install script\n'}
[18.982086] (irobot_create_ignition_plugins) StdoutLine: {'line': b'-- Symlinking: /home/javierac/create3_ws/install/irobot_create_ignition_plugins/share/irobot_create_ignition_plugins/lib/libCreate3Hmi.so\n'}
[19.005856] (irobot_create_ignition_plugins) StdoutLine: {'line': b'-- Symlinking: /home/javierac/create3_ws/install/irobot_create_ignition_plugins/share/ament_index/resource_index/package_run_dependencies/irobot_create_ignition_plugins\n'}
[19.012050] (irobot_create_nodes) StdoutLine: {'line': b'[ 81%] \x1b[32m\x1b[1mLinking CXX executable kidnap_estimator_publisher\x1b[0m\n'}
[19.022886] (-) TimerEvent: {}
[19.028474] (irobot_create_ignition_plugins) StdoutLine: {'line': b'-- Symlinking: /home/javierac/create3_ws/install/irobot_create_ignition_plugins/share/ament_index/resource_index/parent_prefix_path/irobot_create_ignition_plugins\n'}
[19.052054] (irobot_create_ignition_plugins) StdoutLine: {'line': b'-- Symlinking: /home/javierac/create3_ws/install/irobot_create_ignition_plugins/share/irobot_create_ignition_plugins/environment/ament_prefix_path.sh\n'}
[19.075012] (irobot_create_ignition_plugins) StdoutLine: {'line': b'-- Symlinking: /home/javierac/create3_ws/install/irobot_create_ignition_plugins/share/irobot_create_ignition_plugins/environment/ament_prefix_path.dsv\n'}
[19.097662] (irobot_create_ignition_plugins) StdoutLine: {'line': b'-- Symlinking: /home/javierac/create3_ws/install/irobot_create_ignition_plugins/share/irobot_create_ignition_plugins/environment/path.sh\n'}
[19.111028] (irobot_create_ignition_plugins) StdoutLine: {'line': b'-- Symlinking: /home/javierac/create3_ws/install/irobot_create_ignition_plugins/share/irobot_create_ignition_plugins/environment/path.dsv\n'}
[19.120674] (irobot_create_ignition_plugins) StdoutLine: {'line': b'-- Symlinking: /home/javierac/create3_ws/install/irobot_create_ignition_plugins/share/irobot_create_ignition_plugins/local_setup.bash\n'}
[19.123003] (-) TimerEvent: {}
[19.138097] (irobot_create_ignition_plugins) StdoutLine: {'line': b'-- Symlinking: /home/javierac/create3_ws/install/irobot_create_ignition_plugins/share/irobot_create_ignition_plugins/local_setup.sh\n'}
[19.147783] (irobot_create_ignition_plugins) StdoutLine: {'line': b'-- Symlinking: /home/javierac/create3_ws/install/irobot_create_ignition_plugins/share/irobot_create_ignition_plugins/local_setup.zsh\n'}
[19.159744] (irobot_create_ignition_plugins) StdoutLine: {'line': b'-- Symlinking: /home/javierac/create3_ws/install/irobot_create_ignition_plugins/share/irobot_create_ignition_plugins/local_setup.dsv\n'}
[19.171856] (irobot_create_ignition_plugins) StdoutLine: {'line': b'-- Symlinking: /home/javierac/create3_ws/install/irobot_create_ignition_plugins/share/irobot_create_ignition_plugins/package.dsv\n'}
[19.183897] (irobot_create_ignition_plugins) StdoutLine: {'line': b'-- Symlinking: /home/javierac/create3_ws/install/irobot_create_ignition_plugins/share/ament_index/resource_index/packages/irobot_create_ignition_plugins\n'}
[19.196017] (irobot_create_ignition_plugins) StdoutLine: {'line': b'-- Symlinking: /home/javierac/create3_ws/install/irobot_create_ignition_plugins/share/irobot_create_ignition_plugins/cmake/irobot_create_ignition_pluginsConfig.cmake\n'}
[19.207933] (irobot_create_ignition_plugins) StdoutLine: {'line': b'-- Symlinking: /home/javierac/create3_ws/install/irobot_create_ignition_plugins/share/irobot_create_ignition_plugins/cmake/irobot_create_ignition_pluginsConfig-version.cmake\n'}
[19.220197] (irobot_create_ignition_plugins) StdoutLine: {'line': b'-- Symlinking: /home/javierac/create3_ws/install/irobot_create_ignition_plugins/share/irobot_create_ignition_plugins/package.xml\n'}
[19.224028] (-) TimerEvent: {}
[19.241036] (irobot_create_ignition_plugins) CommandEnded: {'returncode': 0}
[19.256266] (irobot_create_ignition_plugins) JobEnded: {'identifier': 'irobot_create_ignition_plugins', 'rc': 0}
[19.324142] (-) TimerEvent: {}
[19.331679] (irobot_create_nodes) StdoutLine: {'line': b'[ 81%] Built target kidnap_estimator_publisher\n'}
[19.424260] (-) TimerEvent: {}
[19.524610] (-) TimerEvent: {}
[19.624998] (-) TimerEvent: {}
[19.725382] (-) TimerEvent: {}
[19.826020] (-) TimerEvent: {}
[19.926367] (-) TimerEvent: {}
[20.028186] (-) TimerEvent: {}
[20.128554] (-) TimerEvent: {}
[20.231417] (-) TimerEvent: {}
[20.331771] (-) TimerEvent: {}
[20.436021] (-) TimerEvent: {}
[20.536365] (-) TimerEvent: {}
[20.637019] (-) TimerEvent: {}
[20.737358] (-) TimerEvent: {}
[20.838021] (-) TimerEvent: {}
[20.938379] (-) TimerEvent: {}
[21.039026] (-) TimerEvent: {}
[21.140014] (-) TimerEvent: {}
[21.198558] (irobot_create_gazebo_plugins) StdoutLine: {'line': b'[ 10%] \x1b[32m\x1b[1mLinking CXX shared library libgazebo_ros_create_helpers.so\x1b[0m\n'}
[21.240154] (-) TimerEvent: {}
[21.340641] (-) TimerEvent: {}
[21.442253] (-) TimerEvent: {}
[21.542826] (-) TimerEvent: {}
[21.644050] (-) TimerEvent: {}
[21.716548] (irobot_create_gazebo_plugins) StdoutLine: {'line': b'[ 10%] Built target gazebo_ros_create_helpers\n'}
[21.745047] (-) TimerEvent: {}
[21.762662] (irobot_create_gazebo_plugins) StdoutLine: {'line': b'[ 15%] \x1b[32mBuilding CXX object CMakeFiles/gazebo_ros_create_imu.dir/src/gazebo_ros_imu.cpp.o\x1b[0m\n'}
[21.771271] (irobot_create_gazebo_plugins) StdoutLine: {'line': b'[ 20%] \x1b[32mBuilding CXX object CMakeFiles/gazebo_ros_create_cliff_sensor.dir/src/gazebo_ros_cliff_sensor.cpp.o\x1b[0m\n'}
[21.780636] (irobot_create_gazebo_plugins) StdoutLine: {'line': b'[ 25%] \x1b[32mBuilding CXX object CMakeFiles/gazebo_ros_create_ir_intensity_sensor.dir/src/gazebo_ros_ir_intensity_sensor.cpp.o\x1b[0m\n'}
[21.783680] (irobot_create_gazebo_plugins) StdoutLine: {'line': b'[ 30%] \x1b[32mBuilding CXX object CMakeFiles/gazebo_ros_create_bumper.dir/src/gazebo_ros_bumper.cpp.o\x1b[0m\n'}
[21.798660] (irobot_create_gazebo_plugins) StdoutLine: {'line': b'[ 35%] \x1b[32mBuilding CXX object CMakeFiles/gazebo_ros_create_docking_status.dir/src/gazebo_ros_docking_status.cpp.o\x1b[0m\n'}
[21.805273] (irobot_create_gazebo_plugins) StdoutLine: {'line': b'[ 40%] \x1b[32mBuilding CXX object CMakeFiles/docking_manager.dir/src/docking_manager.cpp.o\x1b[0m\n'}
[21.805573] (irobot_create_gazebo_plugins) StdoutLine: {'line': b'[ 45%] \x1b[32mBuilding CXX object CMakeFiles/gazebo_ros_create_optical_mouse.dir/src/gazebo_ros_optical_mouse.cpp.o\x1b[0m\n'}
[21.806308] (irobot_create_gazebo_plugins) StdoutLine: {'line': b'[ 50%] \x1b[32mBuilding CXX object CMakeFiles/gazebo_ros_create_wheel_drop.dir/src/gazebo_ros_wheel_drop.cpp.o\x1b[0m\n'}
[21.845175] (-) TimerEvent: {}
[21.945789] (-) TimerEvent: {}
[22.046423] (-) TimerEvent: {}
[22.146881] (-) TimerEvent: {}
[22.248047] (-) TimerEvent: {}
[22.348505] (-) TimerEvent: {}
[22.449044] (-) TimerEvent: {}
[22.550039] (-) TimerEvent: {}
[22.650471] (-) TimerEvent: {}
[22.751040] (-) TimerEvent: {}
[22.857152] (-) TimerEvent: {}
[22.957662] (-) TimerEvent: {}
[23.058184] (-) TimerEvent: {}
[23.159041] (-) TimerEvent: {}
[23.259545] (-) TimerEvent: {}
[23.360024] (-) TimerEvent: {}
[23.461018] (-) TimerEvent: {}
[23.461370] (irobot_create_nodes) StdoutLine: {'line': b'[ 83%] \x1b[32m\x1b[1mLinking CXX shared library libhazard_publisher_lib.so\x1b[0m\n'}
[23.561140] (-) TimerEvent: {}
[23.613126] (irobot_create_nodes) StdoutLine: {'line': b'[ 86%] \x1b[32m\x1b[1mLinking CXX shared library libkidnap_estimator_publisher_lib.so\x1b[0m\n'}
[23.661261] (-) TimerEvent: {}
[23.683147] (irobot_create_ignition_toolbox) StdoutLine: {'line': b'[ 55%] \x1b[32m\x1b[1mLinking CXX shared library libirobot_create_ignition_interface_buttons_lib.so\x1b[0m\n'}
[23.762062] (-) TimerEvent: {}
[23.863047] (-) TimerEvent: {}
[23.964054] (-) TimerEvent: {}
[24.017291] (irobot_create_nodes) StdoutLine: {'line': b'[ 89%] \x1b[32m\x1b[1mLinking CXX shared library libir_intensity_publisher_lib.so\x1b[0m\n'}
[24.064193] (-) TimerEvent: {}
[24.164797] (-) TimerEvent: {}
[24.265386] (-) TimerEvent: {}
[24.373846] (-) TimerEvent: {}
[24.479274] (-) TimerEvent: {}
[24.579649] (-) TimerEvent: {}
[24.646226] (irobot_create_nodes) StdoutLine: {'line': b'[ 89%] Built target kidnap_estimator_publisher_lib\n'}
[24.679774] (-) TimerEvent: {}
[24.760627] (irobot_create_ignition_toolbox) StdoutLine: {'line': b'[ 55%] Built target irobot_create_ignition_interface_buttons_lib\n'}
[24.780025] (-) TimerEvent: {}
[24.787019] (irobot_create_nodes) StdoutLine: {'line': b'[ 91%] \x1b[32m\x1b[1mLinking CXX shared library libwheel_status_publisher_lib.so\x1b[0m\n'}
[24.811653] (irobot_create_ignition_toolbox) StdoutLine: {'line': b'[ 61%] \x1b[32mBuilding CXX object CMakeFiles/interface_buttons_node.dir/src/interface_buttons/interface_buttons_main.cpp.o\x1b[0m\n'}
[24.880143] (-) TimerEvent: {}
[24.881129] (irobot_create_nodes) StdoutLine: {'line': b'[ 91%] Built target hazard_publisher_lib\n'}
[24.901017] (irobot_create_nodes) StdoutLine: {'line': b'[ 91%] Built target ir_intensity_publisher_lib\n'}
[24.980264] (-) TimerEvent: {}
[25.081027] (-) TimerEvent: {}
[25.181384] (-) TimerEvent: {}
[25.282024] (-) TimerEvent: {}
[25.383027] (-) TimerEvent: {}
[25.483382] (-) TimerEvent: {}
[25.508428] (irobot_create_nodes) StdoutLine: {'line': b'[ 91%] Built target wheel_status_publisher_lib\n'}
[25.584040] (-) TimerEvent: {}
[25.684483] (-) TimerEvent: {}
[25.784923] (-) TimerEvent: {}
[25.886040] (-) TimerEvent: {}
[25.986470] (-) TimerEvent: {}
[26.087045] (-) TimerEvent: {}
[26.188044] (-) TimerEvent: {}
[26.288483] (-) TimerEvent: {}
[26.348611] (irobot_create_ignition_toolbox) StdoutLine: {'line': b'[ 66%] \x1b[32m\x1b[1mLinking CXX shared library libirobot_create_ignition_pose_republisher_lib.so\x1b[0m\n'}
[26.388613] (-) TimerEvent: {}
[26.488998] (-) TimerEvent: {}
[26.589369] (-) TimerEvent: {}
[26.689731] (-) TimerEvent: {}
[26.790093] (-) TimerEvent: {}
[26.890458] (-) TimerEvent: {}
[26.990812] (-) TimerEvent: {}
[27.091181] (-) TimerEvent: {}
[27.191531] (-) TimerEvent: {}
[27.221623] (irobot_create_ignition_toolbox) StdoutLine: {'line': b'[ 66%] Built target irobot_create_ignition_pose_republisher_lib\n'}
[27.248740] (irobot_create_ignition_toolbox) StdoutLine: {'line': b'[ 72%] \x1b[32mBuilding CXX object CMakeFiles/pose_republisher_node.dir/src/pose_republisher/pose_republisher_main.cpp.o\x1b[0m\n'}
[27.291651] (-) TimerEvent: {}
[27.392033] (-) TimerEvent: {}
[27.492442] (-) TimerEvent: {}
[27.592796] (-) TimerEvent: {}
[27.693155] (-) TimerEvent: {}
[27.793528] (-) TimerEvent: {}
[27.832870] (irobot_create_ignition_toolbox) StdoutLine: {'line': b'[ 77%] \x1b[32m\x1b[1mLinking CXX executable interface_buttons_node\x1b[0m\n'}
[27.893652] (-) TimerEvent: {}
[27.994028] (-) TimerEvent: {}
[28.092752] (irobot_create_ignition_toolbox) StdoutLine: {'line': b'[ 77%] Built target interface_buttons_node\n'}
[28.094120] (-) TimerEvent: {}
[28.194448] (-) TimerEvent: {}
[28.294804] (-) TimerEvent: {}
[28.395161] (-) TimerEvent: {}
[28.495507] (-) TimerEvent: {}
[28.595866] (-) TimerEvent: {}
[28.696256] (-) TimerEvent: {}
[28.796633] (-) TimerEvent: {}
[28.897022] (-) TimerEvent: {}
[28.953769] (irobot_create_nodes) StdoutLine: {'line': b'[ 94%] \x1b[32m\x1b[1mLinking CXX shared library librobot_state_lib.so\x1b[0m\n'}
[28.997147] (-) TimerEvent: {}
[29.097523] (-) TimerEvent: {}
[29.197907] (-) TimerEvent: {}
[29.298295] (-) TimerEvent: {}
[29.314002] (irobot_create_ignition_toolbox) StdoutLine: {'line': b'[ 83%] \x1b[32m\x1b[1mLinking CXX shared library libirobot_create_ignition_sensors_lib.so\x1b[0m\n'}
[29.398421] (-) TimerEvent: {}
[29.498807] (-) TimerEvent: {}
[29.599266] (-) TimerEvent: {}
[29.699704] (-) TimerEvent: {}
[29.722614] (irobot_create_nodes) StdoutLine: {'line': b'[ 94%] Built target robot_state_lib\n'}
[29.787292] (irobot_create_nodes) StdoutLine: {'line': b'[ 97%] \x1b[32m\x1b[1mLinking CXX shared library libui_mgr_lib.so\x1b[0m\n'}
[29.799826] (-) TimerEvent: {}
[29.900218] (-) TimerEvent: {}
[30.000771] (-) TimerEvent: {}
[30.101262] (-) TimerEvent: {}
[30.201717] (-) TimerEvent: {}
[30.302162] (-) TimerEvent: {}
[30.402597] (-) TimerEvent: {}
[30.503020] (-) TimerEvent: {}
[30.519324] (irobot_create_ignition_toolbox) StdoutLine: {'line': b'[ 88%] \x1b[32m\x1b[1mLinking CXX executable pose_republisher_node\x1b[0m\n'}
[30.603156] (-) TimerEvent: {}
[30.652554] (irobot_create_nodes) StdoutLine: {'line': b'[ 97%] Built target ui_mgr_lib\n'}
[30.703285] (-) TimerEvent: {}
[30.803706] (-) TimerEvent: {}
[30.904038] (-) TimerEvent: {}
[31.004354] (-) TimerEvent: {}
[31.019357] (irobot_create_ignition_toolbox) StdoutLine: {'line': b'[ 88%] Built target pose_republisher_node\n'}
[31.104473] (-) TimerEvent: {}
[31.204866] (-) TimerEvent: {}
[31.305193] (-) TimerEvent: {}
[31.405587] (-) TimerEvent: {}
[31.505983] (-) TimerEvent: {}
[31.550041] (irobot_create_ignition_toolbox) StdoutLine: {'line': b'[ 88%] Built target irobot_create_ignition_sensors_lib\n'}
[31.575655] (irobot_create_ignition_toolbox) StdoutLine: {'line': b'[ 94%] \x1b[32mBuilding CXX object CMakeFiles/sensors_node.dir/src/sensors/sensors_main.cpp.o\x1b[0m\n'}
[31.606081] (-) TimerEvent: {}
[31.706442] (-) TimerEvent: {}
[31.806829] (-) TimerEvent: {}
[31.907271] (-) TimerEvent: {}
[32.007680] (-) TimerEvent: {}
[32.108144] (-) TimerEvent: {}
[32.208609] (-) TimerEvent: {}
[32.309083] (-) TimerEvent: {}
[32.409527] (-) TimerEvent: {}
[32.510000] (-) TimerEvent: {}
[32.610419] (-) TimerEvent: {}
[32.710841] (-) TimerEvent: {}
[32.811280] (-) TimerEvent: {}
[32.911750] (-) TimerEvent: {}
[33.012209] (-) TimerEvent: {}
[33.112651] (-) TimerEvent: {}
[33.213136] (-) TimerEvent: {}
[33.313570] (-) TimerEvent: {}
[33.414015] (-) TimerEvent: {}
[33.514473] (-) TimerEvent: {}
[33.614919] (-) TimerEvent: {}
[33.715364] (-) TimerEvent: {}
[33.815799] (-) TimerEvent: {}
[33.916225] (-) TimerEvent: {}
[34.016624] (-) TimerEvent: {}
[34.117036] (-) TimerEvent: {}
[34.217439] (-) TimerEvent: {}
[34.317859] (-) TimerEvent: {}
[34.418337] (-) TimerEvent: {}
[34.518740] (-) TimerEvent: {}
[34.619176] (-) TimerEvent: {}
[34.719577] (-) TimerEvent: {}
[34.768482] (irobot_create_gazebo_plugins) StdoutLine: {'line': b'[ 55%] \x1b[32m\x1b[1mLinking CXX shared library libdocking_manager.so\x1b[0m\n'}
[34.819722] (-) TimerEvent: {}
[34.920157] (-) TimerEvent: {}
[35.020605] (-) TimerEvent: {}
[35.121048] (-) TimerEvent: {}
[35.221476] (-) TimerEvent: {}
[35.242023] (irobot_create_gazebo_plugins) StdoutLine: {'line': b'[ 55%] Built target docking_manager\n'}
[35.265188] (irobot_create_gazebo_plugins) StdoutLine: {'line': b'[ 60%] \x1b[32mBuilding CXX object CMakeFiles/gazebo_ros_create_ir_opcode.dir/src/gazebo_ros_ir_opcode.cpp.o\x1b[0m\n'}
[35.321600] (-) TimerEvent: {}
[35.422053] (-) TimerEvent: {}
[35.522483] (-) TimerEvent: {}
[35.622917] (-) TimerEvent: {}
[35.723332] (-) TimerEvent: {}
[35.823723] (-) TimerEvent: {}
[35.924142] (-) TimerEvent: {}
[36.024577] (-) TimerEvent: {}
[36.124996] (-) TimerEvent: {}
[36.226048] (-) TimerEvent: {}
[36.326598] (-) TimerEvent: {}
[36.427026] (-) TimerEvent: {}
[36.527501] (-) TimerEvent: {}
[36.627945] (-) TimerEvent: {}
[36.690018] (irobot_create_ignition_toolbox) StdoutLine: {'line': b'[100%] \x1b[32m\x1b[1mLinking CXX executable sensors_node\x1b[0m\n'}
[36.728089] (-) TimerEvent: {}
[36.828503] (-) TimerEvent: {}
[36.928898] (-) TimerEvent: {}
[37.029374] (-) TimerEvent: {}
[37.129834] (-) TimerEvent: {}
[37.230353] (-) TimerEvent: {}
[37.295866] (irobot_create_ignition_toolbox) StdoutLine: {'line': b'[100%] Built target sensors_node\n'}
[37.313300] (irobot_create_ignition_toolbox) CommandEnded: {'returncode': 0}
[37.314292] (irobot_create_ignition_toolbox) JobProgress: {'identifier': 'irobot_create_ignition_toolbox', 'progress': 'install'}
[37.314620] (irobot_create_ignition_toolbox) Command: {'cmd': ['/usr/bin/cmake', '--install', '/home/javierac/create3_ws/build/irobot_create_ignition_toolbox'], 'cwd': '/home/javierac/create3_ws/build/irobot_create_ignition_toolbox', 'env': OrderedDict([('USER', 'javierac'), ('HOSTNAME', '3fe4b3694adc'), ('SHLVL', '1'), ('LD_LIBRARY_PATH', '/home/javierac/create3_ws/install/irobot_create_toolbox/lib:/usr/lib/x86_64-linux-gnu/gazebo-11/plugins:/opt/ros/humble/opt/rviz_ogre_vendor/lib:/opt/ros/humble/lib/x86_64-linux-gnu:/opt/ros/humble/lib'), ('HOME', '/root'), ('OLDPWD', '/'), ('ROS_PYTHON_VERSION', '3'), ('ROS_DISTRO', 'humble'), ('_', '/usr/bin/colcon'), ('ROS_VERSION', '2'), ('TERM', 'xterm'), ('ROS_LOCALHOST_ONLY', '0'), ('PATH', '/opt/ros/humble/bin:/usr/local/sbin:/usr/local/bin:/usr/sbin:/usr/bin:/sbin:/bin'), ('DISPLAY', ':1'), ('LANG', 'C.UTF-8'), ('LS_COLORS', 'rs=0:di=01;34:ln=01;36:mh=00:pi=40;33:so=01;35:do=01;35:bd=40;33;01:cd=40;33;01:or=40;31;01:mi=00:su=37;41:sg=30;43:ca=30;41:tw=30;42:ow=34;42:st=37;44:ex=01;32:*.tar=01;31:*.tgz=01;31:*.arc=01;31:*.arj=01;31:*.taz=01;31:*.lha=01;31:*.lz4=01;31:*.lzh=01;31:*.lzma=01;31:*.tlz=01;31:*.txz=01;31:*.tzo=01;31:*.t7z=01;31:*.zip=01;31:*.z=01;31:*.dz=01;31:*.gz=01;31:*.lrz=01;31:*.lz=01;31:*.lzo=01;31:*.xz=01;31:*.zst=01;31:*.tzst=01;31:*.bz2=01;31:*.bz=01;31:*.tbz=01;31:*.tbz2=01;31:*.tz=01;31:*.deb=01;31:*.rpm=01;31:*.jar=01;31:*.war=01;31:*.ear=01;31:*.sar=01;31:*.rar=01;31:*.alz=01;31:*.ace=01;31:*.zoo=01;31:*.cpio=01;31:*.7z=01;31:*.rz=01;31:*.cab=01;31:*.wim=01;31:*.swm=01;31:*.dwm=01;31:*.esd=01;31:*.jpg=01;35:*.jpeg=01;35:*.mjpg=01;35:*.mjpeg=01;35:*.gif=01;35:*.bmp=01;35:*.pbm=01;35:*.pgm=01;35:*.ppm=01;35:*.tga=01;35:*.xbm=01;35:*.xpm=01;35:*.tif=01;35:*.tiff=01;35:*.png=01;35:*.svg=01;35:*.svgz=01;35:*.mng=01;35:*.pcx=01;35:*.mov=01;35:*.mpg=01;35:*.mpeg=01;35:*.m2v=01;35:*.mkv=01;35:*.webm=01;35:*.webp=01;35:*.ogm=01;35:*.mp4=01;35:*.m4v=01;35:*.mp4v=01;35:*.vob=01;35:*.qt=01;35:*.nuv=01;35:*.wmv=01;35:*.asf=01;35:*.rm=01;35:*.rmvb=01;35:*.flc=01;35:*.avi=01;35:*.fli=01;35:*.flv=01;35:*.gl=01;35:*.dl=01;35:*.xcf=01;35:*.xwd=01;35:*.yuv=01;35:*.cgm=01;35:*.emf=01;35:*.ogv=01;35:*.ogx=01;35:*.aac=00;36:*.au=00;36:*.flac=00;36:*.m4a=00;36:*.mid=00;36:*.midi=00;36:*.mka=00;36:*.mp3=00;36:*.mpc=00;36:*.ogg=00;36:*.ra=00;36:*.wav=00;36:*.oga=00;36:*.opus=00;36:*.spx=00;36:*.xspf=00;36:'), ('AMENT_PREFIX_PATH', '/home/javierac/create3_ws/install/irobot_create_toolbox:/opt/ros/humble'), ('PWD', '/home/javierac/create3_ws/build/irobot_create_ignition_toolbox'), ('LC_ALL', 'C.UTF-8'), ('PYTHONPATH', '/opt/ros/humble/lib/python3.10/site-packages:/opt/ros/humble/local/lib/python3.10/dist-packages'), ('NVIDIA_VISIBLE_DEVICES', 'all'), ('COLCON', '1'), ('CMAKE_PREFIX_PATH', '/home/javierac/create3_ws/install/irobot_create_toolbox:/opt/ros/humble')]), 'shell': False}
[37.327161] (irobot_create_ignition_toolbox) StdoutLine: {'line': b'-- Install configuration: ""\n'}
[37.328048] (irobot_create_ignition_toolbox) StdoutLine: {'line': b'-- Execute custom install script\n'}
[37.328635] (irobot_create_ignition_toolbox) StdoutLine: {'line': b'-- Symlinking: /home/javierac/create3_ws/install/irobot_create_ignition_toolbox/lib/libirobot_create_ignition_pose_republisher_lib.so\n'}
[37.330432] (-) TimerEvent: {}
[37.342705] (irobot_create_ignition_toolbox) StdoutLine: {'line': b'-- Symlinking: /home/javierac/create3_ws/install/irobot_create_ignition_toolbox/lib/libirobot_create_ignition_sensors_lib.so\n'}
[37.356162] (irobot_create_ignition_toolbox) StdoutLine: {'line': b'-- Symlinking: /home/javierac/create3_ws/install/irobot_create_ignition_toolbox/lib/libirobot_create_ignition_interface_buttons_lib.so\n'}
[37.369993] (irobot_create_ignition_toolbox) StdoutLine: {'line': b'-- Symlinking: /home/javierac/create3_ws/install/irobot_create_ignition_toolbox/lib/irobot_create_ignition_toolbox/pose_republisher_node\n'}
[37.383847] (irobot_create_ignition_toolbox) StdoutLine: {'line': b'-- Symlinking: /home/javierac/create3_ws/install/irobot_create_ignition_toolbox/lib/irobot_create_ignition_toolbox/sensors_node\n'}
[37.397150] (irobot_create_ignition_toolbox) StdoutLine: {'line': b'-- Symlinking: /home/javierac/create3_ws/install/irobot_create_ignition_toolbox/lib/irobot_create_ignition_toolbox/interface_buttons_node\n'}
[37.411468] (irobot_create_ignition_toolbox) StdoutLine: {'line': b'-- Symlinking: /home/javierac/create3_ws/install/irobot_create_ignition_toolbox/include/irobot_create_ignition_toolbox/interface_buttons/interface_buttons_node.hpp\n'}
[37.425119] (irobot_create_ignition_toolbox) StdoutLine: {'line': b'-- Symlinking: /home/javierac/create3_ws/install/irobot_create_ignition_toolbox/include/irobot_create_ignition_toolbox/pose_republisher/pose_republisher.hpp\n'}
[37.430546] (-) TimerEvent: {}
[37.438694] (irobot_create_ignition_toolbox) StdoutLine: {'line': b'-- Symlinking: /home/javierac/create3_ws/install/irobot_create_ignition_toolbox/include/irobot_create_ignition_toolbox/sensors/bumper.hpp\n'}
[37.452220] (irobot_create_ignition_toolbox) StdoutLine: {'line': b'-- Symlinking: /home/javierac/create3_ws/install/irobot_create_ignition_toolbox/include/irobot_create_ignition_toolbox/sensors/cliff.hpp\n'}
[37.465309] (irobot_create_ignition_toolbox) StdoutLine: {'line': b'-- Symlinking: /home/javierac/create3_ws/install/irobot_create_ignition_toolbox/include/irobot_create_ignition_toolbox/sensors/ir_intensity.hpp\n'}
[37.479089] (irobot_create_ignition_toolbox) StdoutLine: {'line': b'-- Symlinking: /home/javierac/create3_ws/install/irobot_create_ignition_toolbox/include/irobot_create_ignition_toolbox/sensors/ir_opcode.hpp\n'}
[37.492658] (irobot_create_ignition_toolbox) StdoutLine: {'line': b'-- Symlinking: /home/javierac/create3_ws/install/irobot_create_ignition_toolbox/include/irobot_create_ignition_toolbox/sensors/mouse.hpp\n'}
[37.507010] (irobot_create_ignition_toolbox) StdoutLine: {'line': b'-- Symlinking: /home/javierac/create3_ws/install/irobot_create_ignition_toolbox/include/irobot_create_ignition_toolbox/sensors/sensors_node.hpp\n'}
[37.521245] (irobot_create_ignition_toolbox) StdoutLine: {'line': b'-- Symlinking: /home/javierac/create3_ws/install/irobot_create_ignition_toolbox/include/irobot_create_ignition_toolbox/sensors/wheel_drop.hpp\n'}
[37.530695] (-) TimerEvent: {}
[37.536146] (irobot_create_ignition_toolbox) StdoutLine: {'line': b'-- Symlinking: /home/javierac/create3_ws/install/irobot_create_ignition_toolbox/include/irobot_create_ignition_toolbox/utils.hpp\n'}
[37.550118] (irobot_create_ignition_toolbox) StdoutLine: {'line': b'-- Symlinking: /home/javierac/create3_ws/install/irobot_create_ignition_toolbox/share/irobot_create_ignition_toolbox/environment/library_path.sh\n'}
[37.563904] (irobot_create_ignition_toolbox) StdoutLine: {'line': b'-- Symlinking: /home/javierac/create3_ws/install/irobot_create_ignition_toolbox/share/irobot_create_ignition_toolbox/environment/library_path.dsv\n'}
[37.577798] (irobot_create_ignition_toolbox) StdoutLine: {'line': b'-- Symlinking: /home/javierac/create3_ws/install/irobot_create_ignition_toolbox/share/ament_index/resource_index/package_run_dependencies/irobot_create_ignition_toolbox\n'}
[37.591572] (irobot_create_ignition_toolbox) StdoutLine: {'line': b'-- Symlinking: /home/javierac/create3_ws/install/irobot_create_ignition_toolbox/share/ament_index/resource_index/parent_prefix_path/irobot_create_ignition_toolbox\n'}
[37.605473] (irobot_create_ignition_toolbox) StdoutLine: {'line': b'-- Symlinking: /home/javierac/create3_ws/install/irobot_create_ignition_toolbox/share/irobot_create_ignition_toolbox/environment/ament_prefix_path.sh\n'}
[37.619099] (irobot_create_ignition_toolbox) StdoutLine: {'line': b'-- Symlinking: /home/javierac/create3_ws/install/irobot_create_ignition_toolbox/share/irobot_create_ignition_toolbox/environment/ament_prefix_path.dsv\n'}
[37.630861] (-) TimerEvent: {}
[37.632886] (irobot_create_ignition_toolbox) StdoutLine: {'line': b'-- Symlinking: /home/javierac/create3_ws/install/irobot_create_ignition_toolbox/share/irobot_create_ignition_toolbox/environment/path.sh\n'}
[37.644021] (irobot_create_ignition_toolbox) StdoutLine: {'line': b'-- Symlinking: /home/javierac/create3_ws/install/irobot_create_ignition_toolbox/share/irobot_create_ignition_toolbox/environment/path.dsv\n'}
[37.657626] (irobot_create_ignition_toolbox) StdoutLine: {'line': b'-- Symlinking: /home/javierac/create3_ws/install/irobot_create_ignition_toolbox/share/irobot_create_ignition_toolbox/local_setup.bash\n'}
[37.671354] (irobot_create_ignition_toolbox) StdoutLine: {'line': b'-- Symlinking: /home/javierac/create3_ws/install/irobot_create_ignition_toolbox/share/irobot_create_ignition_toolbox/local_setup.sh\n'}
[37.684757] (irobot_create_ignition_toolbox) StdoutLine: {'line': b'-- Symlinking: /home/javierac/create3_ws/install/irobot_create_ignition_toolbox/share/irobot_create_ignition_toolbox/local_setup.zsh\n'}
[37.698347] (irobot_create_ignition_toolbox) StdoutLine: {'line': b'-- Symlinking: /home/javierac/create3_ws/install/irobot_create_ignition_toolbox/share/irobot_create_ignition_toolbox/local_setup.dsv\n'}
[37.712471] (irobot_create_ignition_toolbox) StdoutLine: {'line': b'-- Symlinking: /home/javierac/create3_ws/install/irobot_create_ignition_toolbox/share/irobot_create_ignition_toolbox/package.dsv\n'}
[37.720815] (irobot_create_ignition_toolbox) StdoutLine: {'line': b'-- Symlinking: /home/javierac/create3_ws/install/irobot_create_ignition_toolbox/share/ament_index/resource_index/packages/irobot_create_ignition_toolbox\n'}
[37.729588] (irobot_create_ignition_toolbox) StdoutLine: {'line': b'-- Symlinking: /home/javierac/create3_ws/install/irobot_create_ignition_toolbox/share/irobot_create_ignition_toolbox/cmake/ament_cmake_export_include_directories-extras.cmake\n'}
[37.730995] (-) TimerEvent: {}
[37.738970] (irobot_create_ignition_toolbox) StdoutLine: {'line': b'-- Symlinking: /home/javierac/create3_ws/install/irobot_create_ignition_toolbox/share/irobot_create_ignition_toolbox/cmake/ament_cmake_export_libraries-extras.cmake\n'}
[37.749425] (irobot_create_ignition_toolbox) StdoutLine: {'line': b'-- Symlinking: /home/javierac/create3_ws/install/irobot_create_ignition_toolbox/share/irobot_create_ignition_toolbox/cmake/ament_cmake_export_dependencies-extras.cmake\n'}
[37.762623] (irobot_create_ignition_toolbox) StdoutLine: {'line': b'-- Symlinking: /home/javierac/create3_ws/install/irobot_create_ignition_toolbox/share/irobot_create_ignition_toolbox/cmake/irobot_create_ignition_toolboxConfig.cmake\n'}
[37.775915] (irobot_create_ignition_toolbox) StdoutLine: {'line': b'-- Symlinking: /home/javierac/create3_ws/install/irobot_create_ignition_toolbox/share/irobot_create_ignition_toolbox/cmake/irobot_create_ignition_toolboxConfig-version.cmake\n'}
[37.789736] (irobot_create_ignition_toolbox) StdoutLine: {'line': b'-- Symlinking: /home/javierac/create3_ws/install/irobot_create_ignition_toolbox/share/irobot_create_ignition_toolbox/package.xml\n'}
[37.805814] (irobot_create_ignition_toolbox) CommandEnded: {'returncode': 0}
[37.831292] (irobot_create_ignition_toolbox) JobEnded: {'identifier': 'irobot_create_ignition_toolbox', 'rc': 0}
[37.831841] (-) TimerEvent: {}
[37.932129] (-) TimerEvent: {}
[38.015329] (irobot_create_gazebo_plugins) StdoutLine: {'line': b'[ 65%] \x1b[32m\x1b[1mLinking CXX shared library libgazebo_ros_create_ir_intensity_sensor.so\x1b[0m\n'}
[38.032249] (-) TimerEvent: {}
[38.132616] (-) TimerEvent: {}
[38.233012] (-) TimerEvent: {}
[38.333418] (-) TimerEvent: {}
[38.433842] (-) TimerEvent: {}
[38.534250] (-) TimerEvent: {}
[38.534646] (irobot_create_gazebo_plugins) StdoutLine: {'line': b'[ 65%] Built target gazebo_ros_create_ir_intensity_sensor\n'}
[38.581930] (irobot_create_gazebo_plugins) StdoutLine: {'line': b'[ 70%] \x1b[32m\x1b[1mLinking CXX shared library libgazebo_ros_create_imu.so\x1b[0m\n'}
[38.634402] (-) TimerEvent: {}
[38.734874] (-) TimerEvent: {}
[38.835259] (-) TimerEvent: {}
[38.935742] (-) TimerEvent: {}
[39.036241] (-) TimerEvent: {}
[39.116930] (irobot_create_gazebo_plugins) StdoutLine: {'line': b'[ 70%] Built target gazebo_ros_create_imu\n'}
[39.136367] (-) TimerEvent: {}
[39.163559] (irobot_create_gazebo_plugins) StdoutLine: {'line': b'[ 75%] \x1b[32m\x1b[1mLinking CXX shared library libgazebo_ros_create_cliff_sensor.so\x1b[0m\n'}
[39.236530] (-) TimerEvent: {}
[39.337008] (-) TimerEvent: {}
[39.437486] (-) TimerEvent: {}
[39.537975] (-) TimerEvent: {}
[39.638340] (-) TimerEvent: {}
[39.738726] (-) TimerEvent: {}
[39.838343] (irobot_create_gazebo_plugins) StdoutLine: {'line': b'[ 75%] Built target gazebo_ros_create_cliff_sensor\n'}
[39.838797] (-) TimerEvent: {}
[39.939147] (-) TimerEvent: {}
[40.039507] (-) TimerEvent: {}
[40.139894] (-) TimerEvent: {}
[40.240339] (-) TimerEvent: {}
[40.340798] (-) TimerEvent: {}
[40.441172] (-) TimerEvent: {}
[40.541551] (-) TimerEvent: {}
[40.642038] (-) TimerEvent: {}
[40.742420] (-) TimerEvent: {}
[40.842877] (-) TimerEvent: {}
[40.943252] (-) TimerEvent: {}
[41.043637] (-) TimerEvent: {}
[41.144106] (-) TimerEvent: {}
[41.244476] (-) TimerEvent: {}
[41.344974] (-) TimerEvent: {}
[41.445389] (-) TimerEvent: {}
[41.545774] (-) TimerEvent: {}
[41.646179] (-) TimerEvent: {}
[41.711449] (irobot_create_gazebo_plugins) StdoutLine: {'line': b'[ 80%] \x1b[32m\x1b[1mLinking CXX shared library libgazebo_ros_create_wheel_drop.so\x1b[0m\n'}
[41.746304] (-) TimerEvent: {}
[41.846770] (-) TimerEvent: {}
[41.947160] (-) TimerEvent: {}
[42.047576] (-) TimerEvent: {}
[42.147976] (-) TimerEvent: {}
[42.242416] (irobot_create_gazebo_plugins) StdoutLine: {'line': b'[ 80%] Built target gazebo_ros_create_wheel_drop\n'}
[42.248163] (-) TimerEvent: {}
[42.348621] (-) TimerEvent: {}
[42.449074] (-) TimerEvent: {}
[42.549436] (-) TimerEvent: {}
[42.649866] (-) TimerEvent: {}
[42.750335] (-) TimerEvent: {}
[42.834141] (irobot_create_gazebo_plugins) StdoutLine: {'line': b'[ 85%] \x1b[32m\x1b[1mLinking CXX shared library libgazebo_ros_create_optical_mouse.so\x1b[0m\n'}
[42.850518] (-) TimerEvent: {}
[42.950925] (-) TimerEvent: {}
[43.051300] (-) TimerEvent: {}
[43.151763] (-) TimerEvent: {}
[43.252187] (-) TimerEvent: {}
[43.256080] (irobot_create_gazebo_plugins) StdoutLine: {'line': b'[ 90%] \x1b[32m\x1b[1mLinking CXX shared library libgazebo_ros_create_docking_status.so\x1b[0m\n'}
[43.352393] (-) TimerEvent: {}
[43.364284] (irobot_create_gazebo_plugins) StdoutLine: {'line': b'[ 90%] Built target gazebo_ros_create_optical_mouse\n'}
[43.452618] (-) TimerEvent: {}
[43.553083] (-) TimerEvent: {}
[43.653567] (-) TimerEvent: {}
[43.754041] (-) TimerEvent: {}
[43.854505] (-) TimerEvent: {}
[43.954984] (-) TimerEvent: {}
[44.055444] (-) TimerEvent: {}
[44.131502] (irobot_create_gazebo_plugins) StdoutLine: {'line': b'[ 90%] Built target gazebo_ros_create_docking_status\n'}
[44.155585] (-) TimerEvent: {}
[44.256031] (-) TimerEvent: {}
[44.356442] (-) TimerEvent: {}
[44.456915] (-) TimerEvent: {}
[44.557341] (-) TimerEvent: {}
[44.657699] (-) TimerEvent: {}
[44.758068] (-) TimerEvent: {}
[44.780350] (irobot_create_gazebo_plugins) StdoutLine: {'line': b'[ 95%] \x1b[32m\x1b[1mLinking CXX shared library libgazebo_ros_create_bumper.so\x1b[0m\n'}
[44.858196] (-) TimerEvent: {}
[44.958359] (irobot_create_nodes) StdoutLine: {'line': b'[100%] \x1b[32m\x1b[1mLinking CXX shared library libmotion_control_lib.so\x1b[0m\n'}
[44.958620] (-) TimerEvent: {}
[45.058907] (-) TimerEvent: {}
[45.159390] (-) TimerEvent: {}
[45.259863] (-) TimerEvent: {}
[45.360334] (-) TimerEvent: {}
[45.454574] (irobot_create_gazebo_plugins) StdoutLine: {'line': b'[ 95%] Built target gazebo_ros_create_bumper\n'}
[45.460476] (-) TimerEvent: {}
[45.560947] (-) TimerEvent: {}
[45.661342] (-) TimerEvent: {}
[45.761736] (-) TimerEvent: {}
[45.862212] (-) TimerEvent: {}
[45.962588] (-) TimerEvent: {}
[46.062870] (-) TimerEvent: {}
[46.163227] (-) TimerEvent: {}
[46.263527] (-) TimerEvent: {}
[46.363786] (-) TimerEvent: {}
[46.464037] (-) TimerEvent: {}
[46.564384] (-) TimerEvent: {}
[46.664844] (-) TimerEvent: {}
[46.765196] (-) TimerEvent: {}
[46.865502] (-) TimerEvent: {}
[46.965841] (-) TimerEvent: {}
[47.066119] (-) TimerEvent: {}
[47.166383] (-) TimerEvent: {}
[47.266725] (-) TimerEvent: {}
[47.367095] (-) TimerEvent: {}
[47.427116] (irobot_create_gazebo_plugins) StdoutLine: {'line': b'[100%] \x1b[32m\x1b[1mLinking CXX shared library libgazebo_ros_create_ir_opcode.so\x1b[0m\n'}
[47.467200] (-) TimerEvent: {}
[47.567509] (-) TimerEvent: {}
[47.667861] (-) TimerEvent: {}
[47.738481] (irobot_create_nodes) StdoutLine: {'line': b'[100%] Built target motion_control_lib\n'}
[47.750731] (irobot_create_nodes) CommandEnded: {'returncode': 0}
[47.751350] (irobot_create_nodes) JobProgress: {'identifier': 'irobot_create_nodes', 'progress': 'install'}
[47.751764] (irobot_create_nodes) Command: {'cmd': ['/usr/bin/cmake', '--install', '/home/javierac/create3_ws/build/irobot_create_nodes'], 'cwd': '/home/javierac/create3_ws/build/irobot_create_nodes', 'env': OrderedDict([('USER', 'javierac'), ('HOSTNAME', '3fe4b3694adc'), ('SHLVL', '1'), ('LD_LIBRARY_PATH', '/home/javierac/create3_ws/install/irobot_create_toolbox/lib:/usr/lib/x86_64-linux-gnu/gazebo-11/plugins:/opt/ros/humble/opt/rviz_ogre_vendor/lib:/opt/ros/humble/lib/x86_64-linux-gnu:/opt/ros/humble/lib'), ('HOME', '/root'), ('OLDPWD', '/'), ('ROS_PYTHON_VERSION', '3'), ('ROS_DISTRO', 'humble'), ('_', '/usr/bin/colcon'), ('ROS_VERSION', '2'), ('TERM', 'xterm'), ('ROS_LOCALHOST_ONLY', '0'), ('PATH', '/opt/ros/humble/bin:/usr/local/sbin:/usr/local/bin:/usr/sbin:/usr/bin:/sbin:/bin'), ('DISPLAY', ':1'), ('LANG', 'C.UTF-8'), ('LS_COLORS', 'rs=0:di=01;34:ln=01;36:mh=00:pi=40;33:so=01;35:do=01;35:bd=40;33;01:cd=40;33;01:or=40;31;01:mi=00:su=37;41:sg=30;43:ca=30;41:tw=30;42:ow=34;42:st=37;44:ex=01;32:*.tar=01;31:*.tgz=01;31:*.arc=01;31:*.arj=01;31:*.taz=01;31:*.lha=01;31:*.lz4=01;31:*.lzh=01;31:*.lzma=01;31:*.tlz=01;31:*.txz=01;31:*.tzo=01;31:*.t7z=01;31:*.zip=01;31:*.z=01;31:*.dz=01;31:*.gz=01;31:*.lrz=01;31:*.lz=01;31:*.lzo=01;31:*.xz=01;31:*.zst=01;31:*.tzst=01;31:*.bz2=01;31:*.bz=01;31:*.tbz=01;31:*.tbz2=01;31:*.tz=01;31:*.deb=01;31:*.rpm=01;31:*.jar=01;31:*.war=01;31:*.ear=01;31:*.sar=01;31:*.rar=01;31:*.alz=01;31:*.ace=01;31:*.zoo=01;31:*.cpio=01;31:*.7z=01;31:*.rz=01;31:*.cab=01;31:*.wim=01;31:*.swm=01;31:*.dwm=01;31:*.esd=01;31:*.jpg=01;35:*.jpeg=01;35:*.mjpg=01;35:*.mjpeg=01;35:*.gif=01;35:*.bmp=01;35:*.pbm=01;35:*.pgm=01;35:*.ppm=01;35:*.tga=01;35:*.xbm=01;35:*.xpm=01;35:*.tif=01;35:*.tiff=01;35:*.png=01;35:*.svg=01;35:*.svgz=01;35:*.mng=01;35:*.pcx=01;35:*.mov=01;35:*.mpg=01;35:*.mpeg=01;35:*.m2v=01;35:*.mkv=01;35:*.webm=01;35:*.webp=01;35:*.ogm=01;35:*.mp4=01;35:*.m4v=01;35:*.mp4v=01;35:*.vob=01;35:*.qt=01;35:*.nuv=01;35:*.wmv=01;35:*.asf=01;35:*.rm=01;35:*.rmvb=01;35:*.flc=01;35:*.avi=01;35:*.fli=01;35:*.flv=01;35:*.gl=01;35:*.dl=01;35:*.xcf=01;35:*.xwd=01;35:*.yuv=01;35:*.cgm=01;35:*.emf=01;35:*.ogv=01;35:*.ogx=01;35:*.aac=00;36:*.au=00;36:*.flac=00;36:*.m4a=00;36:*.mid=00;36:*.midi=00;36:*.mka=00;36:*.mp3=00;36:*.mpc=00;36:*.ogg=00;36:*.ra=00;36:*.wav=00;36:*.oga=00;36:*.opus=00;36:*.spx=00;36:*.xspf=00;36:'), ('AMENT_PREFIX_PATH', '/home/javierac/create3_ws/install/irobot_create_toolbox:/opt/ros/humble'), ('PWD', '/home/javierac/create3_ws/build/irobot_create_nodes'), ('LC_ALL', 'C.UTF-8'), ('PYTHONPATH', '/opt/ros/humble/lib/python3.10/site-packages:/opt/ros/humble/local/lib/python3.10/dist-packages'), ('NVIDIA_VISIBLE_DEVICES', 'all'), ('COLCON', '1'), ('CMAKE_PREFIX_PATH', '/home/javierac/create3_ws/install/irobot_create_toolbox:/opt/ros/humble')]), 'shell': False}
[47.758806] (irobot_create_nodes) StdoutLine: {'line': b'-- Install configuration: ""\n'}
[47.759433] (irobot_create_nodes) StdoutLine: {'line': b'-- Execute custom install script\n'}
[47.759667] (irobot_create_nodes) StdoutLine: {'line': b'-- Symlinking: /home/javierac/create3_ws/install/irobot_create_nodes/lib/irobot_create_nodes/hazards_vector_publisher\n'}
[47.768110] (-) TimerEvent: {}
[47.768478] (irobot_create_nodes) StdoutLine: {'line': b'-- Symlinking: /home/javierac/create3_ws/install/irobot_create_nodes/lib/irobot_create_nodes/ir_intensity_vector_publisher\n'}
[47.778652] (irobot_create_nodes) StdoutLine: {'line': b'-- Symlinking: /home/javierac/create3_ws/install/irobot_create_nodes/lib/irobot_create_nodes/motion_control\n'}
[47.786468] (irobot_create_nodes) StdoutLine: {'line': b'-- Symlinking: /home/javierac/create3_ws/install/irobot_create_nodes/lib/irobot_create_nodes/wheel_status_publisher\n'}
[47.794915] (irobot_create_nodes) StdoutLine: {'line': b'-- Symlinking: /home/javierac/create3_ws/install/irobot_create_nodes/lib/irobot_create_nodes/robot_state\n'}
[47.804619] (irobot_create_nodes) StdoutLine: {'line': b'-- Symlinking: /home/javierac/create3_ws/install/irobot_create_nodes/lib/irobot_create_nodes/ui_mgr\n'}
[47.813607] (irobot_create_nodes) StdoutLine: {'line': b'-- Symlinking: /home/javierac/create3_ws/install/irobot_create_nodes/lib/irobot_create_nodes/mock_publisher\n'}
[47.822642] (irobot_create_nodes) StdoutLine: {'line': b'-- Symlinking: /home/javierac/create3_ws/install/irobot_create_nodes/lib/irobot_create_nodes/kidnap_estimator_publisher\n'}
[47.832541] (irobot_create_nodes) StdoutLine: {'line': b'-- Symlinking: /home/javierac/create3_ws/install/irobot_create_nodes/lib/libhazard_publisher_lib.so\n'}
[47.840307] (irobot_create_nodes) StdoutLine: {'line': b'-- Symlinking: /home/javierac/create3_ws/install/irobot_create_nodes/lib/libir_intensity_publisher_lib.so\n'}
[47.851033] (irobot_create_nodes) StdoutLine: {'line': b'-- Symlinking: /home/javierac/create3_ws/install/irobot_create_nodes/lib/libmotion_control_lib.so\n'}
[47.860255] (irobot_create_nodes) StdoutLine: {'line': b'-- Symlinking: /home/javierac/create3_ws/install/irobot_create_nodes/lib/libwheel_status_publisher_lib.so\n'}
[47.868293] (-) TimerEvent: {}
[47.871210] (irobot_create_nodes) StdoutLine: {'line': b'-- Symlinking: /home/javierac/create3_ws/install/irobot_create_nodes/lib/librobot_state_lib.so\n'}
[47.879315] (irobot_create_nodes) StdoutLine: {'line': b'-- Symlinking: /home/javierac/create3_ws/install/irobot_create_nodes/lib/libui_mgr_lib.so\n'}
[47.889347] (irobot_create_nodes) StdoutLine: {'line': b'-- Symlinking: /home/javierac/create3_ws/install/irobot_create_nodes/lib/libmock_publisher_lib.so\n'}
[47.901247] (irobot_create_nodes) StdoutLine: {'line': b'-- Symlinking: /home/javierac/create3_ws/install/irobot_create_nodes/lib/libkidnap_estimator_publisher_lib.so\n'}
[47.912556] (irobot_create_nodes) StdoutLine: {'line': b'-- Symlinking: /home/javierac/create3_ws/install/irobot_create_nodes/include/irobot_create_nodes/hazards_vector_publisher.hpp\n'}
[47.920838] (irobot_create_nodes) StdoutLine: {'line': b'-- Symlinking: /home/javierac/create3_ws/install/irobot_create_nodes/include/irobot_create_nodes/ir_intensity_vector_publisher.hpp\n'}
[47.931754] (irobot_create_nodes) StdoutLine: {'line': b'-- Symlinking: /home/javierac/create3_ws/install/irobot_create_nodes/include/irobot_create_nodes/kidnap_estimator_publisher.hpp\n'}
[47.940421] (irobot_create_nodes) StdoutLine: {'line': b'-- Symlinking: /home/javierac/create3_ws/install/irobot_create_nodes/include/irobot_create_nodes/mock_publisher.hpp\n'}
[47.948015] (irobot_create_nodes) StdoutLine: {'line': b'-- Symlinking: /home/javierac/create3_ws/install/irobot_create_nodes/include/irobot_create_nodes/motion_control/behaviors_scheduler.hpp\n'}
[47.955489] (irobot_create_nodes) StdoutLine: {'line': b'-- Symlinking: /home/javierac/create3_ws/install/irobot_create_nodes/include/irobot_create_nodes/motion_control/docking_behavior.hpp\n'}
[47.967592] (irobot_create_nodes) StdoutLine: {'line': b'-- Symlinking: /home/javierac/create3_ws/install/irobot_create_nodes/include/irobot_create_nodes/motion_control/drive_goal_behaviors.hpp\n'}
[47.968452] (-) TimerEvent: {}
[47.975769] (irobot_create_nodes) StdoutLine: {'line': b'-- Symlinking: /home/javierac/create3_ws/install/irobot_create_nodes/include/irobot_create_nodes/motion_control/reflex_behavior.hpp\n'}
[47.986716] (irobot_create_nodes) StdoutLine: {'line': b'-- Symlinking: /home/javierac/create3_ws/install/irobot_create_nodes/include/irobot_create_nodes/motion_control/simple_goal_controller.hpp\n'}
[47.996791] (irobot_create_nodes) StdoutLine: {'line': b'-- Symlinking: /home/javierac/create3_ws/install/irobot_create_nodes/include/irobot_create_nodes/motion_control/wall_follow_behavior.hpp\n'}
[48.007808] (irobot_create_nodes) StdoutLine: {'line': b'-- Symlinking: /home/javierac/create3_ws/install/irobot_create_nodes/include/irobot_create_nodes/motion_control/wall_follow_states.hpp\n'}
[48.015318] (irobot_create_nodes) StdoutLine: {'line': b'-- Symlinking: /home/javierac/create3_ws/install/irobot_create_nodes/include/irobot_create_nodes/motion_control_node.hpp\n'}
[48.021269] (irobot_create_gazebo_plugins) StdoutLine: {'line': b'[100%] Built target gazebo_ros_create_ir_opcode\n'}
[48.023693] (irobot_create_nodes) StdoutLine: {'line': b'-- Symlinking: /home/javierac/create3_ws/install/irobot_create_nodes/include/irobot_create_nodes/robot_state.hpp\n'}
[48.031180] (irobot_create_nodes) StdoutLine: {'line': b'-- Symlinking: /home/javierac/create3_ws/install/irobot_create_nodes/include/irobot_create_nodes/ui_mgr.hpp\n'}
[48.033660] (irobot_create_gazebo_plugins) CommandEnded: {'returncode': 0}
[48.034416] (irobot_create_gazebo_plugins) JobProgress: {'identifier': 'irobot_create_gazebo_plugins', 'progress': 'install'}
[48.034920] (irobot_create_gazebo_plugins) Command: {'cmd': ['/usr/bin/cmake', '--install', '/home/javierac/create3_ws/build/irobot_create_gazebo_plugins'], 'cwd': '/home/javierac/create3_ws/build/irobot_create_gazebo_plugins', 'env': OrderedDict([('USER', 'javierac'), ('HOSTNAME', '3fe4b3694adc'), ('SHLVL', '1'), ('LD_LIBRARY_PATH', '/home/javierac/create3_ws/install/irobot_create_toolbox/lib:/usr/lib/x86_64-linux-gnu/gazebo-11/plugins:/opt/ros/humble/opt/rviz_ogre_vendor/lib:/opt/ros/humble/lib/x86_64-linux-gnu:/opt/ros/humble/lib'), ('HOME', '/root'), ('OLDPWD', '/'), ('ROS_PYTHON_VERSION', '3'), ('ROS_DISTRO', 'humble'), ('_', '/usr/bin/colcon'), ('ROS_VERSION', '2'), ('TERM', 'xterm'), ('ROS_LOCALHOST_ONLY', '0'), ('PATH', '/opt/ros/humble/bin:/usr/local/sbin:/usr/local/bin:/usr/sbin:/usr/bin:/sbin:/bin'), ('DISPLAY', ':1'), ('LANG', 'C.UTF-8'), ('LS_COLORS', 'rs=0:di=01;34:ln=01;36:mh=00:pi=40;33:so=01;35:do=01;35:bd=40;33;01:cd=40;33;01:or=40;31;01:mi=00:su=37;41:sg=30;43:ca=30;41:tw=30;42:ow=34;42:st=37;44:ex=01;32:*.tar=01;31:*.tgz=01;31:*.arc=01;31:*.arj=01;31:*.taz=01;31:*.lha=01;31:*.lz4=01;31:*.lzh=01;31:*.lzma=01;31:*.tlz=01;31:*.txz=01;31:*.tzo=01;31:*.t7z=01;31:*.zip=01;31:*.z=01;31:*.dz=01;31:*.gz=01;31:*.lrz=01;31:*.lz=01;31:*.lzo=01;31:*.xz=01;31:*.zst=01;31:*.tzst=01;31:*.bz2=01;31:*.bz=01;31:*.tbz=01;31:*.tbz2=01;31:*.tz=01;31:*.deb=01;31:*.rpm=01;31:*.jar=01;31:*.war=01;31:*.ear=01;31:*.sar=01;31:*.rar=01;31:*.alz=01;31:*.ace=01;31:*.zoo=01;31:*.cpio=01;31:*.7z=01;31:*.rz=01;31:*.cab=01;31:*.wim=01;31:*.swm=01;31:*.dwm=01;31:*.esd=01;31:*.jpg=01;35:*.jpeg=01;35:*.mjpg=01;35:*.mjpeg=01;35:*.gif=01;35:*.bmp=01;35:*.pbm=01;35:*.pgm=01;35:*.ppm=01;35:*.tga=01;35:*.xbm=01;35:*.xpm=01;35:*.tif=01;35:*.tiff=01;35:*.png=01;35:*.svg=01;35:*.svgz=01;35:*.mng=01;35:*.pcx=01;35:*.mov=01;35:*.mpg=01;35:*.mpeg=01;35:*.m2v=01;35:*.mkv=01;35:*.webm=01;35:*.webp=01;35:*.ogm=01;35:*.mp4=01;35:*.m4v=01;35:*.mp4v=01;35:*.vob=01;35:*.qt=01;35:*.nuv=01;35:*.wmv=01;35:*.asf=01;35:*.rm=01;35:*.rmvb=01;35:*.flc=01;35:*.avi=01;35:*.fli=01;35:*.flv=01;35:*.gl=01;35:*.dl=01;35:*.xcf=01;35:*.xwd=01;35:*.yuv=01;35:*.cgm=01;35:*.emf=01;35:*.ogv=01;35:*.ogx=01;35:*.aac=00;36:*.au=00;36:*.flac=00;36:*.m4a=00;36:*.mid=00;36:*.midi=00;36:*.mka=00;36:*.mp3=00;36:*.mpc=00;36:*.ogg=00;36:*.ra=00;36:*.wav=00;36:*.oga=00;36:*.opus=00;36:*.spx=00;36:*.xspf=00;36:'), ('AMENT_PREFIX_PATH', '/home/javierac/create3_ws/install/irobot_create_toolbox:/opt/ros/humble'), ('PWD', '/home/javierac/create3_ws/build/irobot_create_gazebo_plugins'), ('LC_ALL', 'C.UTF-8'), ('PYTHONPATH', '/opt/ros/humble/lib/python3.10/site-packages:/opt/ros/humble/local/lib/python3.10/dist-packages'), ('NVIDIA_VISIBLE_DEVICES', 'all'), ('COLCON', '1'), ('CMAKE_PREFIX_PATH', '/home/javierac/create3_ws/install/irobot_create_toolbox:/opt/ros/humble')]), 'shell': False}
[48.038569] (irobot_create_nodes) StdoutLine: {'line': b'-- Symlinking: /home/javierac/create3_ws/install/irobot_create_nodes/include/irobot_create_nodes/wheels_publisher.hpp\n'}
[48.041714] (irobot_create_gazebo_plugins) StdoutLine: {'line': b'-- Install configuration: ""\n'}
[48.042244] (irobot_create_gazebo_plugins) StdoutLine: {'line': b'-- Execute custom install script\n'}
[48.042512] (irobot_create_gazebo_plugins) StdoutLine: {'line': b'-- Symlinking: /home/javierac/create3_ws/install/irobot_create_gazebo_plugins/share/irobot_create_gazebo_plugins/environment/library_path.sh\n'}
[48.046327] (irobot_create_nodes) StdoutLine: {'line': b'-- Symlinking: /home/javierac/create3_ws/install/irobot_create_nodes/share/irobot_create_nodes/environment/library_path.sh\n'}
[48.049654] (irobot_create_gazebo_plugins) StdoutLine: {'line': b'-- Symlinking: /home/javierac/create3_ws/install/irobot_create_gazebo_plugins/share/irobot_create_gazebo_plugins/environment/library_path.dsv\n'}
[48.053988] (irobot_create_nodes) StdoutLine: {'line': b'-- Symlinking: /home/javierac/create3_ws/install/irobot_create_nodes/share/irobot_create_nodes/environment/library_path.dsv\n'}
[48.057344] (irobot_create_gazebo_plugins) StdoutLine: {'line': b'-- Symlinking: /home/javierac/create3_ws/install/irobot_create_gazebo_plugins/include/irobot_create_gazebo_plugins/docking_manager.hpp\n'}
[48.062336] (irobot_create_nodes) StdoutLine: {'line': b'-- Symlinking: /home/javierac/create3_ws/install/irobot_create_nodes/share/ament_index/resource_index/package_run_dependencies/irobot_create_nodes\n'}
[48.068204] (irobot_create_gazebo_plugins) StdoutLine: {'line': b'-- Symlinking: /home/javierac/create3_ws/install/irobot_create_gazebo_plugins/include/irobot_create_gazebo_plugins/gazebo_ros_bumper.hpp\n'}
[48.068528] (-) TimerEvent: {}
[48.073878] (irobot_create_nodes) StdoutLine: {'line': b'-- Symlinking: /home/javierac/create3_ws/install/irobot_create_nodes/share/ament_index/resource_index/parent_prefix_path/irobot_create_nodes\n'}
[48.077572] (irobot_create_gazebo_plugins) StdoutLine: {'line': b'-- Symlinking: /home/javierac/create3_ws/install/irobot_create_gazebo_plugins/include/irobot_create_gazebo_plugins/gazebo_ros_cliff_sensor.hpp\n'}
[48.082386] (irobot_create_nodes) StdoutLine: {'line': b'-- Symlinking: /home/javierac/create3_ws/install/irobot_create_nodes/share/irobot_create_nodes/environment/ament_prefix_path.sh\n'}
[48.086329] (irobot_create_gazebo_plugins) StdoutLine: {'line': b'-- Symlinking: /home/javierac/create3_ws/install/irobot_create_gazebo_plugins/include/irobot_create_gazebo_plugins/gazebo_ros_docking_status.hpp\n'}
[48.092924] (irobot_create_nodes) StdoutLine: {'line': b'-- Symlinking: /home/javierac/create3_ws/install/irobot_create_nodes/share/irobot_create_nodes/environment/ament_prefix_path.dsv\n'}
[48.095356] (irobot_create_gazebo_plugins) StdoutLine: {'line': b'-- Symlinking: /home/javierac/create3_ws/install/irobot_create_gazebo_plugins/include/irobot_create_gazebo_plugins/gazebo_ros_helpers.hpp\n'}
[48.100829] (irobot_create_nodes) StdoutLine: {'line': b'-- Symlinking: /home/javierac/create3_ws/install/irobot_create_nodes/share/irobot_create_nodes/environment/path.sh\n'}
[48.102675] (irobot_create_gazebo_plugins) StdoutLine: {'line': b'-- Symlinking: /home/javierac/create3_ws/install/irobot_create_gazebo_plugins/include/irobot_create_gazebo_plugins/gazebo_ros_imu.hpp\n'}
[48.108599] (irobot_create_nodes) StdoutLine: {'line': b'-- Symlinking: /home/javierac/create3_ws/install/irobot_create_nodes/share/irobot_create_nodes/environment/path.dsv\n'}
[48.110802] (irobot_create_gazebo_plugins) StdoutLine: {'line': b'-- Symlinking: /home/javierac/create3_ws/install/irobot_create_gazebo_plugins/include/irobot_create_gazebo_plugins/gazebo_ros_ir_intensity_sensor.hpp\n'}
[48.115982] (irobot_create_nodes) StdoutLine: {'line': b'-- Symlinking: /home/javierac/create3_ws/install/irobot_create_nodes/share/irobot_create_nodes/local_setup.bash\n'}
[48.118162] (irobot_create_gazebo_plugins) StdoutLine: {'line': b'-- Symlinking: /home/javierac/create3_ws/install/irobot_create_gazebo_plugins/include/irobot_create_gazebo_plugins/gazebo_ros_ir_opcode.hpp\n'}
[48.123439] (irobot_create_nodes) StdoutLine: {'line': b'-- Symlinking: /home/javierac/create3_ws/install/irobot_create_nodes/share/irobot_create_nodes/local_setup.sh\n'}
[48.125266] (irobot_create_gazebo_plugins) StdoutLine: {'line': b'-- Symlinking: /home/javierac/create3_ws/install/irobot_create_gazebo_plugins/include/irobot_create_gazebo_plugins/gazebo_ros_optical_mouse.hpp\n'}
[48.134734] (irobot_create_gazebo_plugins) StdoutLine: {'line': b'-- Symlinking: /home/javierac/create3_ws/install/irobot_create_gazebo_plugins/include/irobot_create_gazebo_plugins/gazebo_ros_wheel_drop.hpp\n'}
[48.135054] (irobot_create_nodes) StdoutLine: {'line': b'-- Symlinking: /home/javierac/create3_ws/install/irobot_create_nodes/share/irobot_create_nodes/local_setup.zsh\n'}
[48.141909] (irobot_create_nodes) StdoutLine: {'line': b'-- Symlinking: /home/javierac/create3_ws/install/irobot_create_nodes/share/irobot_create_nodes/local_setup.dsv\n'}
[48.143073] (irobot_create_gazebo_plugins) StdoutLine: {'line': b'-- Symlinking: /home/javierac/create3_ws/install/irobot_create_gazebo_plugins/lib/libgazebo_ros_create_bumper.so\n'}
[48.149275] (irobot_create_nodes) StdoutLine: {'line': b'-- Symlinking: /home/javierac/create3_ws/install/irobot_create_nodes/share/irobot_create_nodes/package.dsv\n'}
[48.154419] (irobot_create_gazebo_plugins) StdoutLine: {'line': b'-- Symlinking: /home/javierac/create3_ws/install/irobot_create_gazebo_plugins/lib/libgazebo_ros_create_cliff_sensor.so\n'}
[48.157629] (irobot_create_nodes) StdoutLine: {'line': b'-- Symlinking: /home/javierac/create3_ws/install/irobot_create_nodes/share/ament_index/resource_index/packages/irobot_create_nodes\n'}
[48.162643] (irobot_create_gazebo_plugins) StdoutLine: {'line': b'-- Symlinking: /home/javierac/create3_ws/install/irobot_create_gazebo_plugins/lib/libgazebo_ros_create_docking_status.so\n'}
[48.164785] (irobot_create_nodes) StdoutLine: {'line': b'-- Symlinking: /home/javierac/create3_ws/install/irobot_create_nodes/share/ament_index/resource_index/rclcpp_components/irobot_create_nodes\n'}
[48.168734] (-) TimerEvent: {}
[48.169725] (irobot_create_gazebo_plugins) StdoutLine: {'line': b'-- Symlinking: /home/javierac/create3_ws/install/irobot_create_gazebo_plugins/lib/libgazebo_ros_create_helpers.so\n'}
[48.171937] (irobot_create_nodes) StdoutLine: {'line': b'-- Symlinking: /home/javierac/create3_ws/install/irobot_create_nodes/share/irobot_create_nodes/cmake/ament_cmake_export_include_directories-extras.cmake\n'}
[48.181511] (irobot_create_gazebo_plugins) StdoutLine: {'line': b'-- Symlinking: /home/javierac/create3_ws/install/irobot_create_gazebo_plugins/lib/libgazebo_ros_create_imu.so\n'}
[48.182738] (irobot_create_nodes) StdoutLine: {'line': b'-- Symlinking: /home/javierac/create3_ws/install/irobot_create_nodes/share/irobot_create_nodes/cmake/ament_cmake_export_libraries-extras.cmake\n'}
[48.191669] (irobot_create_gazebo_plugins) StdoutLine: {'line': b'-- Symlinking: /home/javierac/create3_ws/install/irobot_create_gazebo_plugins/lib/libgazebo_ros_create_ir_intensity_sensor.so\n'}
[48.191791] (irobot_create_nodes) StdoutLine: {'line': b'-- Symlinking: /home/javierac/create3_ws/install/irobot_create_nodes/share/irobot_create_nodes/cmake/ament_cmake_export_dependencies-extras.cmake\n'}
[48.202142] (irobot_create_nodes) StdoutLine: {'line': b'-- Symlinking: /home/javierac/create3_ws/install/irobot_create_nodes/share/irobot_create_nodes/cmake/irobot_create_nodesConfig.cmake\n'}
[48.202425] (irobot_create_gazebo_plugins) StdoutLine: {'line': b'-- Symlinking: /home/javierac/create3_ws/install/irobot_create_gazebo_plugins/lib/libgazebo_ros_create_optical_mouse.so\n'}
[48.210113] (irobot_create_nodes) StdoutLine: {'line': b'-- Symlinking: /home/javierac/create3_ws/install/irobot_create_nodes/share/irobot_create_nodes/cmake/irobot_create_nodesConfig-version.cmake\n'}
[48.213845] (irobot_create_gazebo_plugins) StdoutLine: {'line': b'-- Symlinking: /home/javierac/create3_ws/install/irobot_create_gazebo_plugins/lib/libgazebo_ros_create_ir_opcode.so\n'}
[48.218404] (irobot_create_nodes) StdoutLine: {'line': b'-- Symlinking: /home/javierac/create3_ws/install/irobot_create_nodes/share/irobot_create_nodes/package.xml\n'}
[48.222455] (irobot_create_gazebo_plugins) StdoutLine: {'line': b'-- Symlinking: /home/javierac/create3_ws/install/irobot_create_gazebo_plugins/lib/libdocking_manager.so\n'}
[48.227970] (irobot_create_nodes) CommandEnded: {'returncode': 0}
[48.230204] (irobot_create_gazebo_plugins) StdoutLine: {'line': b'-- Symlinking: /home/javierac/create3_ws/install/irobot_create_gazebo_plugins/lib/libgazebo_ros_create_wheel_drop.so\n'}
[48.241630] (irobot_create_gazebo_plugins) StdoutLine: {'line': b'-- Symlinking: /home/javierac/create3_ws/install/irobot_create_gazebo_plugins/share/ament_index/resource_index/package_run_dependencies/irobot_create_gazebo_plugins\n'}
[48.244571] (irobot_create_nodes) JobEnded: {'identifier': 'irobot_create_nodes', 'rc': 0}
[48.245705] (irobot_create_common_bringup) JobStarted: {'identifier': 'irobot_create_common_bringup'}
[48.251331] (irobot_create_gazebo_plugins) StdoutLine: {'line': b'-- Symlinking: /home/javierac/create3_ws/install/irobot_create_gazebo_plugins/share/ament_index/resource_index/parent_prefix_path/irobot_create_gazebo_plugins\n'}
[48.257841] (irobot_create_common_bringup) JobProgress: {'identifier': 'irobot_create_common_bringup', 'progress': 'cmake'}
[48.258579] (irobot_create_common_bringup) Command: {'cmd': ['/usr/bin/cmake', '/home/javierac/create3_ws/src/irobot_create_common/irobot_create_common_bringup', '-DAMENT_CMAKE_SYMLINK_INSTALL=1', '-DCMAKE_INSTALL_PREFIX=/home/javierac/create3_ws/install/irobot_create_common_bringup'], 'cwd': '/home/javierac/create3_ws/build/irobot_create_common_bringup', 'env': OrderedDict([('USER', 'javierac'), ('HOSTNAME', '3fe4b3694adc'), ('SHLVL', '1'), ('LD_LIBRARY_PATH', '/home/javierac/create3_ws/install/irobot_create_nodes/lib:/home/javierac/create3_ws/install/irobot_create_toolbox/lib:/usr/lib/x86_64-linux-gnu/gazebo-11/plugins:/opt/ros/humble/opt/rviz_ogre_vendor/lib:/opt/ros/humble/lib/x86_64-linux-gnu:/opt/ros/humble/lib'), ('HOME', '/root'), ('OLDPWD', '/'), ('ROS_PYTHON_VERSION', '3'), ('ROS_DISTRO', 'humble'), ('_', '/usr/bin/colcon'), ('ROS_VERSION', '2'), ('TERM', 'xterm'), ('ROS_LOCALHOST_ONLY', '0'), ('PATH', '/opt/ros/humble/bin:/usr/local/sbin:/usr/local/bin:/usr/sbin:/usr/bin:/sbin:/bin'), ('DISPLAY', ':1'), ('LANG', 'C.UTF-8'), ('LS_COLORS', 'rs=0:di=01;34:ln=01;36:mh=00:pi=40;33:so=01;35:do=01;35:bd=40;33;01:cd=40;33;01:or=40;31;01:mi=00:su=37;41:sg=30;43:ca=30;41:tw=30;42:ow=34;42:st=37;44:ex=01;32:*.tar=01;31:*.tgz=01;31:*.arc=01;31:*.arj=01;31:*.taz=01;31:*.lha=01;31:*.lz4=01;31:*.lzh=01;31:*.lzma=01;31:*.tlz=01;31:*.txz=01;31:*.tzo=01;31:*.t7z=01;31:*.zip=01;31:*.z=01;31:*.dz=01;31:*.gz=01;31:*.lrz=01;31:*.lz=01;31:*.lzo=01;31:*.xz=01;31:*.zst=01;31:*.tzst=01;31:*.bz2=01;31:*.bz=01;31:*.tbz=01;31:*.tbz2=01;31:*.tz=01;31:*.deb=01;31:*.rpm=01;31:*.jar=01;31:*.war=01;31:*.ear=01;31:*.sar=01;31:*.rar=01;31:*.alz=01;31:*.ace=01;31:*.zoo=01;31:*.cpio=01;31:*.7z=01;31:*.rz=01;31:*.cab=01;31:*.wim=01;31:*.swm=01;31:*.dwm=01;31:*.esd=01;31:*.jpg=01;35:*.jpeg=01;35:*.mjpg=01;35:*.mjpeg=01;35:*.gif=01;35:*.bmp=01;35:*.pbm=01;35:*.pgm=01;35:*.ppm=01;35:*.tga=01;35:*.xbm=01;35:*.xpm=01;35:*.tif=01;35:*.tiff=01;35:*.png=01;35:*.svg=01;35:*.svgz=01;35:*.mng=01;35:*.pcx=01;35:*.mov=01;35:*.mpg=01;35:*.mpeg=01;35:*.m2v=01;35:*.mkv=01;35:*.webm=01;35:*.webp=01;35:*.ogm=01;35:*.mp4=01;35:*.m4v=01;35:*.mp4v=01;35:*.vob=01;35:*.qt=01;35:*.nuv=01;35:*.wmv=01;35:*.asf=01;35:*.rm=01;35:*.rmvb=01;35:*.flc=01;35:*.avi=01;35:*.fli=01;35:*.flv=01;35:*.gl=01;35:*.dl=01;35:*.xcf=01;35:*.xwd=01;35:*.yuv=01;35:*.cgm=01;35:*.emf=01;35:*.ogv=01;35:*.ogx=01;35:*.aac=00;36:*.au=00;36:*.flac=00;36:*.m4a=00;36:*.mid=00;36:*.midi=00;36:*.mka=00;36:*.mp3=00;36:*.mpc=00;36:*.ogg=00;36:*.ra=00;36:*.wav=00;36:*.oga=00;36:*.opus=00;36:*.spx=00;36:*.xspf=00;36:'), ('AMENT_PREFIX_PATH', '/home/javierac/create3_ws/install/irobot_create_nodes:/home/javierac/create3_ws/install/irobot_create_toolbox:/home/javierac/create3_ws/install/irobot_create_description:/home/javierac/create3_ws/install/irobot_create_control:/opt/ros/humble'), ('PWD', '/home/javierac/create3_ws/build/irobot_create_common_bringup'), ('LC_ALL', 'C.UTF-8'), ('PYTHONPATH', '/opt/ros/humble/lib/python3.10/site-packages:/opt/ros/humble/local/lib/python3.10/dist-packages'), ('NVIDIA_VISIBLE_DEVICES', 'all'), ('COLCON', '1'), ('CMAKE_PREFIX_PATH', '/home/javierac/create3_ws/install/irobot_create_nodes:/home/javierac/create3_ws/install/irobot_create_toolbox:/home/javierac/create3_ws/install/irobot_create_description:/home/javierac/create3_ws/install/irobot_create_control:/opt/ros/humble')]), 'shell': False}
[48.263861] (irobot_create_gazebo_plugins) StdoutLine: {'line': b'-- Symlinking: /home/javierac/create3_ws/install/irobot_create_gazebo_plugins/share/irobot_create_gazebo_plugins/environment/ament_prefix_path.sh\n'}
[48.268857] (-) TimerEvent: {}
[48.275792] (irobot_create_gazebo_plugins) StdoutLine: {'line': b'-- Symlinking: /home/javierac/create3_ws/install/irobot_create_gazebo_plugins/share/irobot_create_gazebo_plugins/environment/ament_prefix_path.dsv\n'}
[48.289421] (irobot_create_gazebo_plugins) StdoutLine: {'line': b'-- Symlinking: /home/javierac/create3_ws/install/irobot_create_gazebo_plugins/share/irobot_create_gazebo_plugins/environment/path.sh\n'}
[48.297975] (irobot_create_gazebo_plugins) StdoutLine: {'line': b'-- Symlinking: /home/javierac/create3_ws/install/irobot_create_gazebo_plugins/share/irobot_create_gazebo_plugins/environment/path.dsv\n'}
[48.310422] (irobot_create_gazebo_plugins) StdoutLine: {'line': b'-- Symlinking: /home/javierac/create3_ws/install/irobot_create_gazebo_plugins/share/irobot_create_gazebo_plugins/local_setup.bash\n'}
[48.318669] (irobot_create_gazebo_plugins) StdoutLine: {'line': b'-- Symlinking: /home/javierac/create3_ws/install/irobot_create_gazebo_plugins/share/irobot_create_gazebo_plugins/local_setup.sh\n'}
[48.326417] (irobot_create_common_bringup) StdoutLine: {'line': b'-- The C compiler identification is GNU 11.4.0\n'}
[48.327092] (irobot_create_gazebo_plugins) StdoutLine: {'line': b'-- Symlinking: /home/javierac/create3_ws/install/irobot_create_gazebo_plugins/share/irobot_create_gazebo_plugins/local_setup.zsh\n'}
[48.335777] (irobot_create_gazebo_plugins) StdoutLine: {'line': b'-- Symlinking: /home/javierac/create3_ws/install/irobot_create_gazebo_plugins/share/irobot_create_gazebo_plugins/local_setup.dsv\n'}
[48.344219] (irobot_create_gazebo_plugins) StdoutLine: {'line': b'-- Symlinking: /home/javierac/create3_ws/install/irobot_create_gazebo_plugins/share/irobot_create_gazebo_plugins/package.dsv\n'}
[48.352491] (irobot_create_gazebo_plugins) StdoutLine: {'line': b'-- Symlinking: /home/javierac/create3_ws/install/irobot_create_gazebo_plugins/share/ament_index/resource_index/packages/irobot_create_gazebo_plugins\n'}
[48.359773] (irobot_create_gazebo_plugins) StdoutLine: {'line': b'-- Symlinking: /home/javierac/create3_ws/install/irobot_create_gazebo_plugins/share/irobot_create_gazebo_plugins/cmake/ament_cmake_export_libraries-extras.cmake\n'}
[48.369039] (-) TimerEvent: {}
[48.372351] (irobot_create_gazebo_plugins) StdoutLine: {'line': b'-- Symlinking: /home/javierac/create3_ws/install/irobot_create_gazebo_plugins/share/irobot_create_gazebo_plugins/cmake/ament_cmake_export_include_directories-extras.cmake\n'}
[48.380245] (irobot_create_gazebo_plugins) StdoutLine: {'line': b'-- Symlinking: /home/javierac/create3_ws/install/irobot_create_gazebo_plugins/share/irobot_create_gazebo_plugins/cmake/ament_cmake_export_dependencies-extras.cmake\n'}
[48.386372] (irobot_create_common_bringup) StdoutLine: {'line': b'-- The CXX compiler identification is GNU 11.4.0\n'}
[48.388758] (irobot_create_gazebo_plugins) StdoutLine: {'line': b'-- Symlinking: /home/javierac/create3_ws/install/irobot_create_gazebo_plugins/share/irobot_create_gazebo_plugins/cmake/irobot_create_gazebo_pluginsConfig.cmake\n'}
[48.394669] (irobot_create_common_bringup) StdoutLine: {'line': b'-- Detecting C compiler ABI info\n'}
[48.398469] (irobot_create_gazebo_plugins) StdoutLine: {'line': b'-- Symlinking: /home/javierac/create3_ws/install/irobot_create_gazebo_plugins/share/irobot_create_gazebo_plugins/cmake/irobot_create_gazebo_pluginsConfig-version.cmake\n'}
[48.410566] (irobot_create_gazebo_plugins) StdoutLine: {'line': b'-- Symlinking: /home/javierac/create3_ws/install/irobot_create_gazebo_plugins/share/irobot_create_gazebo_plugins/package.xml\n'}
[48.420104] (irobot_create_gazebo_plugins) CommandEnded: {'returncode': 0}
[48.433683] (irobot_create_gazebo_plugins) JobEnded: {'identifier': 'irobot_create_gazebo_plugins', 'rc': 0}
[48.469239] (-) TimerEvent: {}
[48.476450] (irobot_create_common_bringup) StdoutLine: {'line': b'-- Detecting C compiler ABI info - done\n'}
[48.483528] (irobot_create_common_bringup) StdoutLine: {'line': b'-- Check for working C compiler: /usr/bin/cc - skipped\n'}
[48.483822] (irobot_create_common_bringup) StdoutLine: {'line': b'-- Detecting C compile features\n'}
[48.484169] (irobot_create_common_bringup) StdoutLine: {'line': b'-- Detecting C compile features - done\n'}
[48.487242] (irobot_create_common_bringup) StdoutLine: {'line': b'-- Detecting CXX compiler ABI info\n'}
[48.569414] (-) TimerEvent: {}
[48.585882] (irobot_create_common_bringup) StdoutLine: {'line': b'-- Detecting CXX compiler ABI info - done\n'}
[48.598055] (irobot_create_common_bringup) StdoutLine: {'line': b'-- Check for working CXX compiler: /usr/bin/c++ - skipped\n'}
[48.598303] (irobot_create_common_bringup) StdoutLine: {'line': b'-- Detecting CXX compile features\n'}
[48.598811] (irobot_create_common_bringup) StdoutLine: {'line': b'-- Detecting CXX compile features - done\n'}
[48.602103] (irobot_create_common_bringup) StdoutLine: {'line': b'-- Found ament_cmake: 1.3.12 (/opt/ros/humble/share/ament_cmake/cmake)\n'}
[48.669549] (-) TimerEvent: {}
[48.767822] (irobot_create_common_bringup) StdoutLine: {'line': b'-- Found Python3: /usr/bin/python3 (found version "3.10.12") found components: Interpreter \n'}
[48.769710] (-) TimerEvent: {}
[48.830856] (irobot_create_common_bringup) StdoutLine: {'line': b'-- Override CMake install command with custom implementation using symlinks instead of copying resources\n'}
[48.869896] (-) TimerEvent: {}
[48.954793] (irobot_create_common_bringup) StdoutLine: {'line': b'-- Found ament_lint_auto: 0.12.14 (/opt/ros/humble/share/ament_lint_auto/cmake)\n'}
[48.970103] (-) TimerEvent: {}
[49.045872] (irobot_create_common_bringup) StdoutLine: {'line': b"-- Added test 'flake8' to check Python code syntax and style conventions\n"}
[49.046609] (irobot_create_common_bringup) StdoutLine: {'line': b"-- Added test 'lint_cmake' to check CMake code style\n"}
[49.047153] (irobot_create_common_bringup) StdoutLine: {'line': b"-- Added test 'pep257' to check Python code against some of the docstring style conventions in PEP 257\n"}
[49.048932] (irobot_create_common_bringup) StdoutLine: {'line': b"-- Added test 'xmllint' to check XML markup files\n"}
[49.050195] (irobot_create_common_bringup) StdoutLine: {'line': b'-- Configuring done\n'}
[49.053274] (irobot_create_common_bringup) StdoutLine: {'line': b'-- Generating done\n'}
[49.054923] (irobot_create_common_bringup) StdoutLine: {'line': b'-- Build files have been written to: /home/javierac/create3_ws/build/irobot_create_common_bringup\n'}
[49.059853] (irobot_create_common_bringup) CommandEnded: {'returncode': 0}
[49.061394] (irobot_create_common_bringup) JobProgress: {'identifier': 'irobot_create_common_bringup', 'progress': 'build'}
[49.061425] (irobot_create_common_bringup) Command: {'cmd': ['/usr/bin/cmake', '--build', '/home/javierac/create3_ws/build/irobot_create_common_bringup', '--', '-j20', '-l20'], 'cwd': '/home/javierac/create3_ws/build/irobot_create_common_bringup', 'env': OrderedDict([('USER', 'javierac'), ('HOSTNAME', '3fe4b3694adc'), ('SHLVL', '1'), ('LD_LIBRARY_PATH', '/home/javierac/create3_ws/install/irobot_create_nodes/lib:/home/javierac/create3_ws/install/irobot_create_toolbox/lib:/usr/lib/x86_64-linux-gnu/gazebo-11/plugins:/opt/ros/humble/opt/rviz_ogre_vendor/lib:/opt/ros/humble/lib/x86_64-linux-gnu:/opt/ros/humble/lib'), ('HOME', '/root'), ('OLDPWD', '/'), ('ROS_PYTHON_VERSION', '3'), ('ROS_DISTRO', 'humble'), ('_', '/usr/bin/colcon'), ('ROS_VERSION', '2'), ('TERM', 'xterm'), ('ROS_LOCALHOST_ONLY', '0'), ('PATH', '/opt/ros/humble/bin:/usr/local/sbin:/usr/local/bin:/usr/sbin:/usr/bin:/sbin:/bin'), ('DISPLAY', ':1'), ('LANG', 'C.UTF-8'), ('LS_COLORS', 'rs=0:di=01;34:ln=01;36:mh=00:pi=40;33:so=01;35:do=01;35:bd=40;33;01:cd=40;33;01:or=40;31;01:mi=00:su=37;41:sg=30;43:ca=30;41:tw=30;42:ow=34;42:st=37;44:ex=01;32:*.tar=01;31:*.tgz=01;31:*.arc=01;31:*.arj=01;31:*.taz=01;31:*.lha=01;31:*.lz4=01;31:*.lzh=01;31:*.lzma=01;31:*.tlz=01;31:*.txz=01;31:*.tzo=01;31:*.t7z=01;31:*.zip=01;31:*.z=01;31:*.dz=01;31:*.gz=01;31:*.lrz=01;31:*.lz=01;31:*.lzo=01;31:*.xz=01;31:*.zst=01;31:*.tzst=01;31:*.bz2=01;31:*.bz=01;31:*.tbz=01;31:*.tbz2=01;31:*.tz=01;31:*.deb=01;31:*.rpm=01;31:*.jar=01;31:*.war=01;31:*.ear=01;31:*.sar=01;31:*.rar=01;31:*.alz=01;31:*.ace=01;31:*.zoo=01;31:*.cpio=01;31:*.7z=01;31:*.rz=01;31:*.cab=01;31:*.wim=01;31:*.swm=01;31:*.dwm=01;31:*.esd=01;31:*.jpg=01;35:*.jpeg=01;35:*.mjpg=01;35:*.mjpeg=01;35:*.gif=01;35:*.bmp=01;35:*.pbm=01;35:*.pgm=01;35:*.ppm=01;35:*.tga=01;35:*.xbm=01;35:*.xpm=01;35:*.tif=01;35:*.tiff=01;35:*.png=01;35:*.svg=01;35:*.svgz=01;35:*.mng=01;35:*.pcx=01;35:*.mov=01;35:*.mpg=01;35:*.mpeg=01;35:*.m2v=01;35:*.mkv=01;35:*.webm=01;35:*.webp=01;35:*.ogm=01;35:*.mp4=01;35:*.m4v=01;35:*.mp4v=01;35:*.vob=01;35:*.qt=01;35:*.nuv=01;35:*.wmv=01;35:*.asf=01;35:*.rm=01;35:*.rmvb=01;35:*.flc=01;35:*.avi=01;35:*.fli=01;35:*.flv=01;35:*.gl=01;35:*.dl=01;35:*.xcf=01;35:*.xwd=01;35:*.yuv=01;35:*.cgm=01;35:*.emf=01;35:*.ogv=01;35:*.ogx=01;35:*.aac=00;36:*.au=00;36:*.flac=00;36:*.m4a=00;36:*.mid=00;36:*.midi=00;36:*.mka=00;36:*.mp3=00;36:*.mpc=00;36:*.ogg=00;36:*.ra=00;36:*.wav=00;36:*.oga=00;36:*.opus=00;36:*.spx=00;36:*.xspf=00;36:'), ('AMENT_PREFIX_PATH', '/home/javierac/create3_ws/install/irobot_create_nodes:/home/javierac/create3_ws/install/irobot_create_toolbox:/home/javierac/create3_ws/install/irobot_create_description:/home/javierac/create3_ws/install/irobot_create_control:/opt/ros/humble'), ('PWD', '/home/javierac/create3_ws/build/irobot_create_common_bringup'), ('LC_ALL', 'C.UTF-8'), ('PYTHONPATH', '/opt/ros/humble/lib/python3.10/site-packages:/opt/ros/humble/local/lib/python3.10/dist-packages'), ('NVIDIA_VISIBLE_DEVICES', 'all'), ('COLCON', '1'), ('CMAKE_PREFIX_PATH', '/home/javierac/create3_ws/install/irobot_create_nodes:/home/javierac/create3_ws/install/irobot_create_toolbox:/home/javierac/create3_ws/install/irobot_create_description:/home/javierac/create3_ws/install/irobot_create_control:/opt/ros/humble')]), 'shell': False}
[49.070175] (-) TimerEvent: {}
[49.128878] (irobot_create_common_bringup) StdoutLine: {'line': b'Built target ament_cmake_python_symlink_irobot_create_common_bringup\n'}
[49.170292] (-) TimerEvent: {}
[49.270657] (-) TimerEvent: {}
[49.334477] (irobot_create_common_bringup) StdoutLine: {'line': b'running egg_info\n'}
[49.334961] (irobot_create_common_bringup) StdoutLine: {'line': b'creating irobot_create_common_bringup.egg-info\n'}
[49.335223] (irobot_create_common_bringup) StdoutLine: {'line': b'writing irobot_create_common_bringup.egg-info/PKG-INFO\n'}
[49.335339] (irobot_create_common_bringup) StdoutLine: {'line': b'writing dependency_links to irobot_create_common_bringup.egg-info/dependency_links.txt\n'}
[49.335532] (irobot_create_common_bringup) StdoutLine: {'line': b'writing top-level names to irobot_create_common_bringup.egg-info/top_level.txt\n'}
[49.335646] (irobot_create_common_bringup) StdoutLine: {'line': b"writing manifest file 'irobot_create_common_bringup.egg-info/SOURCES.txt'\n"}
[49.337215] (irobot_create_common_bringup) StdoutLine: {'line': b"reading manifest file 'irobot_create_common_bringup.egg-info/SOURCES.txt'\n"}
[49.337558] (irobot_create_common_bringup) StdoutLine: {'line': b"writing manifest file 'irobot_create_common_bringup.egg-info/SOURCES.txt'\n"}
[49.364826] (irobot_create_common_bringup) StdoutLine: {'line': b'Built target ament_cmake_python_build_irobot_create_common_bringup_egg\n'}
[49.370735] (-) TimerEvent: {}
[49.378125] (irobot_create_common_bringup) CommandEnded: {'returncode': 0}
[49.379095] (irobot_create_common_bringup) JobProgress: {'identifier': 'irobot_create_common_bringup', 'progress': 'install'}
[49.380132] (irobot_create_common_bringup) Command: {'cmd': ['/usr/bin/cmake', '--install', '/home/javierac/create3_ws/build/irobot_create_common_bringup'], 'cwd': '/home/javierac/create3_ws/build/irobot_create_common_bringup', 'env': OrderedDict([('USER', 'javierac'), ('HOSTNAME', '3fe4b3694adc'), ('SHLVL', '1'), ('LD_LIBRARY_PATH', '/home/javierac/create3_ws/install/irobot_create_nodes/lib:/home/javierac/create3_ws/install/irobot_create_toolbox/lib:/usr/lib/x86_64-linux-gnu/gazebo-11/plugins:/opt/ros/humble/opt/rviz_ogre_vendor/lib:/opt/ros/humble/lib/x86_64-linux-gnu:/opt/ros/humble/lib'), ('HOME', '/root'), ('OLDPWD', '/'), ('ROS_PYTHON_VERSION', '3'), ('ROS_DISTRO', 'humble'), ('_', '/usr/bin/colcon'), ('ROS_VERSION', '2'), ('TERM', 'xterm'), ('ROS_LOCALHOST_ONLY', '0'), ('PATH', '/opt/ros/humble/bin:/usr/local/sbin:/usr/local/bin:/usr/sbin:/usr/bin:/sbin:/bin'), ('DISPLAY', ':1'), ('LANG', 'C.UTF-8'), ('LS_COLORS', 'rs=0:di=01;34:ln=01;36:mh=00:pi=40;33:so=01;35:do=01;35:bd=40;33;01:cd=40;33;01:or=40;31;01:mi=00:su=37;41:sg=30;43:ca=30;41:tw=30;42:ow=34;42:st=37;44:ex=01;32:*.tar=01;31:*.tgz=01;31:*.arc=01;31:*.arj=01;31:*.taz=01;31:*.lha=01;31:*.lz4=01;31:*.lzh=01;31:*.lzma=01;31:*.tlz=01;31:*.txz=01;31:*.tzo=01;31:*.t7z=01;31:*.zip=01;31:*.z=01;31:*.dz=01;31:*.gz=01;31:*.lrz=01;31:*.lz=01;31:*.lzo=01;31:*.xz=01;31:*.zst=01;31:*.tzst=01;31:*.bz2=01;31:*.bz=01;31:*.tbz=01;31:*.tbz2=01;31:*.tz=01;31:*.deb=01;31:*.rpm=01;31:*.jar=01;31:*.war=01;31:*.ear=01;31:*.sar=01;31:*.rar=01;31:*.alz=01;31:*.ace=01;31:*.zoo=01;31:*.cpio=01;31:*.7z=01;31:*.rz=01;31:*.cab=01;31:*.wim=01;31:*.swm=01;31:*.dwm=01;31:*.esd=01;31:*.jpg=01;35:*.jpeg=01;35:*.mjpg=01;35:*.mjpeg=01;35:*.gif=01;35:*.bmp=01;35:*.pbm=01;35:*.pgm=01;35:*.ppm=01;35:*.tga=01;35:*.xbm=01;35:*.xpm=01;35:*.tif=01;35:*.tiff=01;35:*.png=01;35:*.svg=01;35:*.svgz=01;35:*.mng=01;35:*.pcx=01;35:*.mov=01;35:*.mpg=01;35:*.mpeg=01;35:*.m2v=01;35:*.mkv=01;35:*.webm=01;35:*.webp=01;35:*.ogm=01;35:*.mp4=01;35:*.m4v=01;35:*.mp4v=01;35:*.vob=01;35:*.qt=01;35:*.nuv=01;35:*.wmv=01;35:*.asf=01;35:*.rm=01;35:*.rmvb=01;35:*.flc=01;35:*.avi=01;35:*.fli=01;35:*.flv=01;35:*.gl=01;35:*.dl=01;35:*.xcf=01;35:*.xwd=01;35:*.yuv=01;35:*.cgm=01;35:*.emf=01;35:*.ogv=01;35:*.ogx=01;35:*.aac=00;36:*.au=00;36:*.flac=00;36:*.m4a=00;36:*.mid=00;36:*.midi=00;36:*.mka=00;36:*.mp3=00;36:*.mpc=00;36:*.ogg=00;36:*.ra=00;36:*.wav=00;36:*.oga=00;36:*.opus=00;36:*.spx=00;36:*.xspf=00;36:'), ('AMENT_PREFIX_PATH', '/home/javierac/create3_ws/install/irobot_create_nodes:/home/javierac/create3_ws/install/irobot_create_toolbox:/home/javierac/create3_ws/install/irobot_create_description:/home/javierac/create3_ws/install/irobot_create_control:/opt/ros/humble'), ('PWD', '/home/javierac/create3_ws/build/irobot_create_common_bringup'), ('LC_ALL', 'C.UTF-8'), ('PYTHONPATH', '/opt/ros/humble/lib/python3.10/site-packages:/opt/ros/humble/local/lib/python3.10/dist-packages'), ('NVIDIA_VISIBLE_DEVICES', 'all'), ('COLCON', '1'), ('CMAKE_PREFIX_PATH', '/home/javierac/create3_ws/install/irobot_create_nodes:/home/javierac/create3_ws/install/irobot_create_toolbox:/home/javierac/create3_ws/install/irobot_create_description:/home/javierac/create3_ws/install/irobot_create_control:/opt/ros/humble')]), 'shell': False}
[49.390372] (irobot_create_common_bringup) StdoutLine: {'line': b'-- Install configuration: ""\n'}
[49.391142] (irobot_create_common_bringup) StdoutLine: {'line': b'-- Execute custom install script\n'}
[49.391622] (irobot_create_common_bringup) StdoutLine: {'line': b'-- Symlinking: /home/javierac/create3_ws/install/irobot_create_common_bringup/share/irobot_create_common_bringup/config/hazard_vector_params.yaml\n'}
[49.402048] (irobot_create_common_bringup) StdoutLine: {'line': b'-- Symlinking: /home/javierac/create3_ws/install/irobot_create_common_bringup/share/irobot_create_common_bringup/config/ir_intensity_vector_params.yaml\n'}
[49.414470] (irobot_create_common_bringup) StdoutLine: {'line': b'-- Symlinking: /home/javierac/create3_ws/install/irobot_create_common_bringup/share/irobot_create_common_bringup/config/kidnap_estimator_params.yaml\n'}
[49.422699] (irobot_create_common_bringup) StdoutLine: {'line': b'-- Symlinking: /home/javierac/create3_ws/install/irobot_create_common_bringup/share/irobot_create_common_bringup/config/mapper_params_online_async.yaml\n'}
[49.431156] (irobot_create_common_bringup) StdoutLine: {'line': b'-- Symlinking: /home/javierac/create3_ws/install/irobot_create_common_bringup/share/irobot_create_common_bringup/config/mock_params.yaml\n'}
[49.439776] (irobot_create_common_bringup) StdoutLine: {'line': b'-- Symlinking: /home/javierac/create3_ws/install/irobot_create_common_bringup/share/irobot_create_common_bringup/config/robot_state_params.yaml\n'}
[49.449255] (irobot_create_common_bringup) StdoutLine: {'line': b'-- Symlinking: /home/javierac/create3_ws/install/irobot_create_common_bringup/share/irobot_create_common_bringup/config/ui_mgr_params.yaml\n'}
[49.458646] (irobot_create_common_bringup) StdoutLine: {'line': b'-- Symlinking: /home/javierac/create3_ws/install/irobot_create_common_bringup/share/irobot_create_common_bringup/config/wheel_status_params.yaml\n'}
[49.469229] (irobot_create_common_bringup) StdoutLine: {'line': b'-- Symlinking: /home/javierac/create3_ws/install/irobot_create_common_bringup/share/irobot_create_common_bringup/launch/create3_nodes.launch.py\n'}
[49.470902] (-) TimerEvent: {}
[49.479758] (irobot_create_common_bringup) StdoutLine: {'line': b'-- Symlinking: /home/javierac/create3_ws/install/irobot_create_common_bringup/share/irobot_create_common_bringup/launch/dock_description.launch.py\n'}
[49.492080] (irobot_create_common_bringup) StdoutLine: {'line': b'-- Symlinking: /home/javierac/create3_ws/install/irobot_create_common_bringup/share/irobot_create_common_bringup/launch/robot_description.launch.py\n'}
[49.503836] (irobot_create_common_bringup) StdoutLine: {'line': b'-- Symlinking: /home/javierac/create3_ws/install/irobot_create_common_bringup/share/irobot_create_common_bringup/launch/rviz2.launch.py\n'}
[49.514542] (irobot_create_common_bringup) StdoutLine: {'line': b'-- Symlinking: /home/javierac/create3_ws/install/irobot_create_common_bringup/share/irobot_create_common_bringup/rviz/irobot_create_view.rviz\n'}
[49.525141] (irobot_create_common_bringup) StdoutLine: {'line': b'-- Symlinking: /home/javierac/create3_ws/install/irobot_create_common_bringup/share/irobot_create_common_bringup/rviz/irobot_create_view_nav2.rviz\n'}
[49.535248] (irobot_create_common_bringup) StdoutLine: {'line': b'-- Symlinking: /home/javierac/create3_ws/install/irobot_create_common_bringup/share/irobot_create_common_bringup/rviz/irobot_logo.jpg\n'}
[49.544300] (irobot_create_common_bringup) StdoutLine: {'line': b'-- Symlinking: /home/javierac/create3_ws/install/irobot_create_common_bringup/share/irobot_create_common_bringup/environment/pythonpath.sh\n'}
[49.554167] (irobot_create_common_bringup) StdoutLine: {'line': b'-- Symlinking: /home/javierac/create3_ws/install/irobot_create_common_bringup/share/irobot_create_common_bringup/environment/pythonpath.dsv\n'}
[49.562883] (irobot_create_common_bringup) StdoutLine: {'line': b'-- Symlinking: /home/javierac/create3_ws/install/irobot_create_common_bringup/local/lib/python3.10/dist-packages/irobot_create_common_bringup-2.1.0-py3.10.egg-info/PKG-INFO\n'}
[49.571098] (-) TimerEvent: {}
[49.571791] (irobot_create_common_bringup) StdoutLine: {'line': b'-- Symlinking: /home/javierac/create3_ws/install/irobot_create_common_bringup/local/lib/python3.10/dist-packages/irobot_create_common_bringup-2.1.0-py3.10.egg-info/SOURCES.txt\n'}
[49.580848] (irobot_create_common_bringup) StdoutLine: {'line': b'-- Symlinking: /home/javierac/create3_ws/install/irobot_create_common_bringup/local/lib/python3.10/dist-packages/irobot_create_common_bringup-2.1.0-py3.10.egg-info/dependency_links.txt\n'}
[49.592244] (irobot_create_common_bringup) StdoutLine: {'line': b'-- Symlinking: /home/javierac/create3_ws/install/irobot_create_common_bringup/local/lib/python3.10/dist-packages/irobot_create_common_bringup-2.1.0-py3.10.egg-info/top_level.txt\n'}
[49.602191] (irobot_create_common_bringup) StdoutLine: {'line': b'-- Symlinking: /home/javierac/create3_ws/install/irobot_create_common_bringup/local/lib/python3.10/dist-packages/irobot_create_common_bringup/__init__.py\n'}
[49.612833] (irobot_create_common_bringup) StdoutLine: {'line': b'-- Symlinking: /home/javierac/create3_ws/install/irobot_create_common_bringup/local/lib/python3.10/dist-packages/irobot_create_common_bringup/namespace.py\n'}
[49.622209] (irobot_create_common_bringup) StdoutLine: {'line': b'-- Symlinking: /home/javierac/create3_ws/install/irobot_create_common_bringup/local/lib/python3.10/dist-packages/irobot_create_common_bringup/offset.py\n'}
[49.631705] (irobot_create_common_bringup) StdoutLine: {'line': b'-- Symlinking: /home/javierac/create3_ws/install/irobot_create_common_bringup/share/ament_index/resource_index/package_run_dependencies/irobot_create_common_bringup\n'}
[49.640980] (irobot_create_common_bringup) StdoutLine: {'line': b'-- Symlinking: /home/javierac/create3_ws/install/irobot_create_common_bringup/share/ament_index/resource_index/parent_prefix_path/irobot_create_common_bringup\n'}
[49.651670] (irobot_create_common_bringup) StdoutLine: {'line': b'-- Symlinking: /home/javierac/create3_ws/install/irobot_create_common_bringup/share/irobot_create_common_bringup/environment/ament_prefix_path.sh\n'}
[49.661635] (irobot_create_common_bringup) StdoutLine: {'line': b'-- Symlinking: /home/javierac/create3_ws/install/irobot_create_common_bringup/share/irobot_create_common_bringup/environment/ament_prefix_path.dsv\n'}
[49.671209] (-) TimerEvent: {}
[49.671745] (irobot_create_common_bringup) StdoutLine: {'line': b'-- Symlinking: /home/javierac/create3_ws/install/irobot_create_common_bringup/share/irobot_create_common_bringup/environment/path.sh\n'}
[49.681766] (irobot_create_common_bringup) StdoutLine: {'line': b'-- Symlinking: /home/javierac/create3_ws/install/irobot_create_common_bringup/share/irobot_create_common_bringup/environment/path.dsv\n'}
[49.692143] (irobot_create_common_bringup) StdoutLine: {'line': b'-- Symlinking: /home/javierac/create3_ws/install/irobot_create_common_bringup/share/irobot_create_common_bringup/local_setup.bash\n'}
[49.703541] (irobot_create_common_bringup) StdoutLine: {'line': b'-- Symlinking: /home/javierac/create3_ws/install/irobot_create_common_bringup/share/irobot_create_common_bringup/local_setup.sh\n'}
[49.713187] (irobot_create_common_bringup) StdoutLine: {'line': b'-- Symlinking: /home/javierac/create3_ws/install/irobot_create_common_bringup/share/irobot_create_common_bringup/local_setup.zsh\n'}
[49.724094] (irobot_create_common_bringup) StdoutLine: {'line': b'-- Symlinking: /home/javierac/create3_ws/install/irobot_create_common_bringup/share/irobot_create_common_bringup/local_setup.dsv\n'}
[49.732963] (irobot_create_common_bringup) StdoutLine: {'line': b'-- Symlinking: /home/javierac/create3_ws/install/irobot_create_common_bringup/share/irobot_create_common_bringup/package.dsv\n'}
[49.741648] (irobot_create_common_bringup) StdoutLine: {'line': b'-- Symlinking: /home/javierac/create3_ws/install/irobot_create_common_bringup/share/ament_index/resource_index/packages/irobot_create_common_bringup\n'}
[49.752354] (irobot_create_common_bringup) StdoutLine: {'line': b'-- Symlinking: /home/javierac/create3_ws/install/irobot_create_common_bringup/share/irobot_create_common_bringup/cmake/irobot_create_common_bringupConfig.cmake\n'}
[49.761002] (irobot_create_common_bringup) StdoutLine: {'line': b'-- Symlinking: /home/javierac/create3_ws/install/irobot_create_common_bringup/share/irobot_create_common_bringup/cmake/irobot_create_common_bringupConfig-version.cmake\n'}
[49.771433] (-) TimerEvent: {}
[49.771747] (irobot_create_common_bringup) StdoutLine: {'line': b'-- Symlinking: /home/javierac/create3_ws/install/irobot_create_common_bringup/share/irobot_create_common_bringup/package.xml\n'}
[49.823425] (irobot_create_common_bringup) StdoutLine: {'line': b"Listing '/home/javierac/create3_ws/install/irobot_create_common_bringup/local/lib/python3.10/dist-packages/irobot_create_common_bringup'...\n"}
[49.823654] (irobot_create_common_bringup) StdoutLine: {'line': b"Compiling '/home/javierac/create3_ws/install/irobot_create_common_bringup/local/lib/python3.10/dist-packages/irobot_create_common_bringup/__init__.py'...\n"}
[49.823765] (irobot_create_common_bringup) StdoutLine: {'line': b"Compiling '/home/javierac/create3_ws/install/irobot_create_common_bringup/local/lib/python3.10/dist-packages/irobot_create_common_bringup/namespace.py'...\n"}
[49.823865] (irobot_create_common_bringup) StdoutLine: {'line': b"Compiling '/home/javierac/create3_ws/install/irobot_create_common_bringup/local/lib/python3.10/dist-packages/irobot_create_common_bringup/offset.py'...\n"}
[49.829828] (irobot_create_common_bringup) CommandEnded: {'returncode': 0}
[49.844183] (irobot_create_common_bringup) JobEnded: {'identifier': 'irobot_create_common_bringup', 'rc': 0}
[49.845281] (irobot_create_gazebo_bringup) JobStarted: {'identifier': 'irobot_create_gazebo_bringup'}
[49.849982] (irobot_create_ignition_bringup) JobStarted: {'identifier': 'irobot_create_ignition_bringup'}
[49.868415] (irobot_create_gazebo_bringup) JobProgress: {'identifier': 'irobot_create_gazebo_bringup', 'progress': 'cmake'}
[49.869522] (irobot_create_gazebo_bringup) Command: {'cmd': ['/usr/bin/cmake', '/home/javierac/create3_ws/src/irobot_create_gazebo/irobot_create_gazebo_bringup', '-DAMENT_CMAKE_SYMLINK_INSTALL=1', '-DCMAKE_INSTALL_PREFIX=/home/javierac/create3_ws/install/irobot_create_gazebo_bringup'], 'cwd': '/home/javierac/create3_ws/build/irobot_create_gazebo_bringup', 'env': OrderedDict([('USER', 'javierac'), ('HOSTNAME', '3fe4b3694adc'), ('SHLVL', '1'), ('LD_LIBRARY_PATH', '/home/javierac/create3_ws/install/irobot_create_nodes/lib:/home/javierac/create3_ws/install/irobot_create_gazebo_plugins/lib:/home/javierac/create3_ws/install/irobot_create_toolbox/lib:/usr/lib/x86_64-linux-gnu/gazebo-11/plugins:/opt/ros/humble/opt/rviz_ogre_vendor/lib:/opt/ros/humble/lib/x86_64-linux-gnu:/opt/ros/humble/lib'), ('HOME', '/root'), ('OLDPWD', '/'), ('ROS_PYTHON_VERSION', '3'), ('ROS_DISTRO', 'humble'), ('_', '/usr/bin/colcon'), ('ROS_VERSION', '2'), ('TERM', 'xterm'), ('ROS_LOCALHOST_ONLY', '0'), ('PATH', '/opt/ros/humble/bin:/usr/local/sbin:/usr/local/bin:/usr/sbin:/usr/bin:/sbin:/bin'), ('DISPLAY', ':1'), ('LANG', 'C.UTF-8'), ('LS_COLORS', 'rs=0:di=01;34:ln=01;36:mh=00:pi=40;33:so=01;35:do=01;35:bd=40;33;01:cd=40;33;01:or=40;31;01:mi=00:su=37;41:sg=30;43:ca=30;41:tw=30;42:ow=34;42:st=37;44:ex=01;32:*.tar=01;31:*.tgz=01;31:*.arc=01;31:*.arj=01;31:*.taz=01;31:*.lha=01;31:*.lz4=01;31:*.lzh=01;31:*.lzma=01;31:*.tlz=01;31:*.txz=01;31:*.tzo=01;31:*.t7z=01;31:*.zip=01;31:*.z=01;31:*.dz=01;31:*.gz=01;31:*.lrz=01;31:*.lz=01;31:*.lzo=01;31:*.xz=01;31:*.zst=01;31:*.tzst=01;31:*.bz2=01;31:*.bz=01;31:*.tbz=01;31:*.tbz2=01;31:*.tz=01;31:*.deb=01;31:*.rpm=01;31:*.jar=01;31:*.war=01;31:*.ear=01;31:*.sar=01;31:*.rar=01;31:*.alz=01;31:*.ace=01;31:*.zoo=01;31:*.cpio=01;31:*.7z=01;31:*.rz=01;31:*.cab=01;31:*.wim=01;31:*.swm=01;31:*.dwm=01;31:*.esd=01;31:*.jpg=01;35:*.jpeg=01;35:*.mjpg=01;35:*.mjpeg=01;35:*.gif=01;35:*.bmp=01;35:*.pbm=01;35:*.pgm=01;35:*.ppm=01;35:*.tga=01;35:*.xbm=01;35:*.xpm=01;35:*.tif=01;35:*.tiff=01;35:*.png=01;35:*.svg=01;35:*.svgz=01;35:*.mng=01;35:*.pcx=01;35:*.mov=01;35:*.mpg=01;35:*.mpeg=01;35:*.m2v=01;35:*.mkv=01;35:*.webm=01;35:*.webp=01;35:*.ogm=01;35:*.mp4=01;35:*.m4v=01;35:*.mp4v=01;35:*.vob=01;35:*.qt=01;35:*.nuv=01;35:*.wmv=01;35:*.asf=01;35:*.rm=01;35:*.rmvb=01;35:*.flc=01;35:*.avi=01;35:*.fli=01;35:*.flv=01;35:*.gl=01;35:*.dl=01;35:*.xcf=01;35:*.xwd=01;35:*.yuv=01;35:*.cgm=01;35:*.emf=01;35:*.ogv=01;35:*.ogx=01;35:*.aac=00;36:*.au=00;36:*.flac=00;36:*.m4a=00;36:*.mid=00;36:*.midi=00;36:*.mka=00;36:*.mp3=00;36:*.mpc=00;36:*.ogg=00;36:*.ra=00;36:*.wav=00;36:*.oga=00;36:*.opus=00;36:*.spx=00;36:*.xspf=00;36:'), ('AMENT_PREFIX_PATH', '/home/javierac/create3_ws/install/irobot_create_common_bringup:/home/javierac/create3_ws/install/irobot_create_nodes:/home/javierac/create3_ws/install/irobot_create_gazebo_plugins:/home/javierac/create3_ws/install/irobot_create_toolbox:/home/javierac/create3_ws/install/irobot_create_description:/home/javierac/create3_ws/install/irobot_create_control:/opt/ros/humble'), ('PWD', '/home/javierac/create3_ws/build/irobot_create_gazebo_bringup'), ('LC_ALL', 'C.UTF-8'), ('PYTHONPATH', '/home/javierac/create3_ws/install/irobot_create_common_bringup/local/lib/python3.10/dist-packages:/opt/ros/humble/lib/python3.10/site-packages:/opt/ros/humble/local/lib/python3.10/dist-packages'), ('NVIDIA_VISIBLE_DEVICES', 'all'), ('COLCON', '1'), ('CMAKE_PREFIX_PATH', '/home/javierac/create3_ws/install/irobot_create_common_bringup:/home/javierac/create3_ws/install/irobot_create_nodes:/home/javierac/create3_ws/install/irobot_create_gazebo_plugins:/home/javierac/create3_ws/install/irobot_create_toolbox:/home/javierac/create3_ws/install/irobot_create_description:/home/javierac/create3_ws/install/irobot_create_control:/opt/ros/humble')]), 'shell': False}
[49.871473] (-) TimerEvent: {}
[49.873487] (irobot_create_ignition_bringup) JobProgress: {'identifier': 'irobot_create_ignition_bringup', 'progress': 'cmake'}
[49.874178] (irobot_create_ignition_bringup) Command: {'cmd': ['/usr/bin/cmake', '/home/javierac/create3_ws/src/irobot_create_ignition/irobot_create_ignition_bringup', '-DAMENT_CMAKE_SYMLINK_INSTALL=1', '-DCMAKE_INSTALL_PREFIX=/home/javierac/create3_ws/install/irobot_create_ignition_bringup'], 'cwd': '/home/javierac/create3_ws/build/irobot_create_ignition_bringup', 'env': OrderedDict([('USER', 'javierac'), ('HOSTNAME', '3fe4b3694adc'), ('SHLVL', '1'), ('LD_LIBRARY_PATH', '/home/javierac/create3_ws/install/irobot_create_nodes/lib:/home/javierac/create3_ws/install/irobot_create_ignition_toolbox/lib:/home/javierac/create3_ws/install/irobot_create_toolbox/lib:/usr/lib/x86_64-linux-gnu/gazebo-11/plugins:/opt/ros/humble/opt/rviz_ogre_vendor/lib:/opt/ros/humble/lib/x86_64-linux-gnu:/opt/ros/humble/lib'), ('HOME', '/root'), ('OLDPWD', '/'), ('ROS_PYTHON_VERSION', '3'), ('ROS_DISTRO', 'humble'), ('_', '/usr/bin/colcon'), ('ROS_VERSION', '2'), ('TERM', 'xterm'), ('ROS_LOCALHOST_ONLY', '0'), ('PATH', '/opt/ros/humble/bin:/usr/local/sbin:/usr/local/bin:/usr/sbin:/usr/bin:/sbin:/bin'), ('DISPLAY', ':1'), ('LANG', 'C.UTF-8'), ('LS_COLORS', 'rs=0:di=01;34:ln=01;36:mh=00:pi=40;33:so=01;35:do=01;35:bd=40;33;01:cd=40;33;01:or=40;31;01:mi=00:su=37;41:sg=30;43:ca=30;41:tw=30;42:ow=34;42:st=37;44:ex=01;32:*.tar=01;31:*.tgz=01;31:*.arc=01;31:*.arj=01;31:*.taz=01;31:*.lha=01;31:*.lz4=01;31:*.lzh=01;31:*.lzma=01;31:*.tlz=01;31:*.txz=01;31:*.tzo=01;31:*.t7z=01;31:*.zip=01;31:*.z=01;31:*.dz=01;31:*.gz=01;31:*.lrz=01;31:*.lz=01;31:*.lzo=01;31:*.xz=01;31:*.zst=01;31:*.tzst=01;31:*.bz2=01;31:*.bz=01;31:*.tbz=01;31:*.tbz2=01;31:*.tz=01;31:*.deb=01;31:*.rpm=01;31:*.jar=01;31:*.war=01;31:*.ear=01;31:*.sar=01;31:*.rar=01;31:*.alz=01;31:*.ace=01;31:*.zoo=01;31:*.cpio=01;31:*.7z=01;31:*.rz=01;31:*.cab=01;31:*.wim=01;31:*.swm=01;31:*.dwm=01;31:*.esd=01;31:*.jpg=01;35:*.jpeg=01;35:*.mjpg=01;35:*.mjpeg=01;35:*.gif=01;35:*.bmp=01;35:*.pbm=01;35:*.pgm=01;35:*.ppm=01;35:*.tga=01;35:*.xbm=01;35:*.xpm=01;35:*.tif=01;35:*.tiff=01;35:*.png=01;35:*.svg=01;35:*.svgz=01;35:*.mng=01;35:*.pcx=01;35:*.mov=01;35:*.mpg=01;35:*.mpeg=01;35:*.m2v=01;35:*.mkv=01;35:*.webm=01;35:*.webp=01;35:*.ogm=01;35:*.mp4=01;35:*.m4v=01;35:*.mp4v=01;35:*.vob=01;35:*.qt=01;35:*.nuv=01;35:*.wmv=01;35:*.asf=01;35:*.rm=01;35:*.rmvb=01;35:*.flc=01;35:*.avi=01;35:*.fli=01;35:*.flv=01;35:*.gl=01;35:*.dl=01;35:*.xcf=01;35:*.xwd=01;35:*.yuv=01;35:*.cgm=01;35:*.emf=01;35:*.ogv=01;35:*.ogx=01;35:*.aac=00;36:*.au=00;36:*.flac=00;36:*.m4a=00;36:*.mid=00;36:*.midi=00;36:*.mka=00;36:*.mp3=00;36:*.mpc=00;36:*.ogg=00;36:*.ra=00;36:*.wav=00;36:*.oga=00;36:*.opus=00;36:*.spx=00;36:*.xspf=00;36:'), ('AMENT_PREFIX_PATH', '/home/javierac/create3_ws/install/irobot_create_common_bringup:/home/javierac/create3_ws/install/irobot_create_nodes:/home/javierac/create3_ws/install/irobot_create_ignition_toolbox:/home/javierac/create3_ws/install/irobot_create_toolbox:/home/javierac/create3_ws/install/irobot_create_ignition_plugins:/home/javierac/create3_ws/install/irobot_create_description:/home/javierac/create3_ws/install/irobot_create_control:/opt/ros/humble'), ('PWD', '/home/javierac/create3_ws/build/irobot_create_ignition_bringup'), ('LC_ALL', 'C.UTF-8'), ('PYTHONPATH', '/home/javierac/create3_ws/install/irobot_create_common_bringup/local/lib/python3.10/dist-packages:/opt/ros/humble/lib/python3.10/site-packages:/opt/ros/humble/local/lib/python3.10/dist-packages'), ('NVIDIA_VISIBLE_DEVICES', 'all'), ('COLCON', '1'), ('CMAKE_PREFIX_PATH', '/home/javierac/create3_ws/install/irobot_create_common_bringup:/home/javierac/create3_ws/install/irobot_create_nodes:/home/javierac/create3_ws/install/irobot_create_ignition_toolbox:/home/javierac/create3_ws/install/irobot_create_toolbox:/home/javierac/create3_ws/install/irobot_create_ignition_plugins:/home/javierac/create3_ws/install/irobot_create_description:/home/javierac/create3_ws/install/irobot_create_control:/opt/ros/humble')]), 'shell': False}
[49.943579] (irobot_create_gazebo_bringup) StdoutLine: {'line': b'-- The C compiler identification is GNU 11.4.0\n'}
[49.944727] (irobot_create_ignition_bringup) StdoutLine: {'line': b'-- The C compiler identification is GNU 11.4.0\n'}
[49.971624] (-) TimerEvent: {}
[50.000608] (irobot_create_gazebo_bringup) StdoutLine: {'line': b'-- The CXX compiler identification is GNU 11.4.0\n'}
[50.001240] (irobot_create_ignition_bringup) StdoutLine: {'line': b'-- The CXX compiler identification is GNU 11.4.0\n'}
[50.008528] (irobot_create_gazebo_bringup) StdoutLine: {'line': b'-- Detecting C compiler ABI info\n'}
[50.009016] (irobot_create_ignition_bringup) StdoutLine: {'line': b'-- Detecting C compiler ABI info\n'}
[50.071819] (-) TimerEvent: {}
[50.089850] (irobot_create_gazebo_bringup) StdoutLine: {'line': b'-- Detecting C compiler ABI info - done\n'}
[50.091791] (irobot_create_ignition_bringup) StdoutLine: {'line': b'-- Detecting C compiler ABI info - done\n'}
[50.097091] (irobot_create_gazebo_bringup) StdoutLine: {'line': b'-- Check for working C compiler: /usr/bin/cc - skipped\n'}
[50.097526] (irobot_create_gazebo_bringup) StdoutLine: {'line': b'-- Detecting C compile features\n'}
[50.097896] (irobot_create_gazebo_bringup) StdoutLine: {'line': b'-- Detecting C compile features - done\n'}
[50.100202] (irobot_create_ignition_bringup) StdoutLine: {'line': b'-- Check for working C compiler: /usr/bin/cc - skipped\n'}
[50.100543] (irobot_create_ignition_bringup) StdoutLine: {'line': b'-- Detecting C compile features\n'}
[50.100763] (irobot_create_ignition_bringup) StdoutLine: {'line': b'-- Detecting C compile features - done\n'}
[50.100927] (irobot_create_gazebo_bringup) StdoutLine: {'line': b'-- Detecting CXX compiler ABI info\n'}
[50.103967] (irobot_create_ignition_bringup) StdoutLine: {'line': b'-- Detecting CXX compiler ABI info\n'}
[50.172019] (-) TimerEvent: {}
[50.199341] (irobot_create_ignition_bringup) StdoutLine: {'line': b'-- Detecting CXX compiler ABI info - done\n'}
[50.200923] (irobot_create_gazebo_bringup) StdoutLine: {'line': b'-- Detecting CXX compiler ABI info - done\n'}
[50.206823] (irobot_create_ignition_bringup) StdoutLine: {'line': b'-- Check for working CXX compiler: /usr/bin/c++ - skipped\n'}
[50.207669] (irobot_create_ignition_bringup) StdoutLine: {'line': b'-- Detecting CXX compile features\n'}
[50.207779] (irobot_create_ignition_bringup) StdoutLine: {'line': b'-- Detecting CXX compile features - done\n'}
[50.208464] (irobot_create_gazebo_bringup) StdoutLine: {'line': b'-- Check for working CXX compiler: /usr/bin/c++ - skipped\n'}
[50.208668] (irobot_create_gazebo_bringup) StdoutLine: {'line': b'-- Detecting CXX compile features\n'}
[50.209211] (irobot_create_gazebo_bringup) StdoutLine: {'line': b'-- Detecting CXX compile features - done\n'}
[50.210807] (irobot_create_ignition_bringup) StdoutLine: {'line': b'-- Found ament_cmake: 1.3.12 (/opt/ros/humble/share/ament_cmake/cmake)\n'}
[50.212611] (irobot_create_gazebo_bringup) StdoutLine: {'line': b'-- Found ament_cmake: 1.3.12 (/opt/ros/humble/share/ament_cmake/cmake)\n'}
[50.272107] (-) TimerEvent: {}
[50.372370] (-) TimerEvent: {}
[50.375869] (irobot_create_gazebo_bringup) StdoutLine: {'line': b'-- Found Python3: /usr/bin/python3 (found version "3.10.12") found components: Interpreter \n'}
[50.377897] (irobot_create_ignition_bringup) StdoutLine: {'line': b'-- Found Python3: /usr/bin/python3 (found version "3.10.12") found components: Interpreter \n'}
[50.438829] (irobot_create_gazebo_bringup) StdoutLine: {'line': b'-- Override CMake install command with custom implementation using symlinks instead of copying resources\n'}
[50.445825] (irobot_create_ignition_bringup) StdoutLine: {'line': b'-- Override CMake install command with custom implementation using symlinks instead of copying resources\n'}
[50.472470] (-) TimerEvent: {}
[50.527747] (irobot_create_ignition_bringup) StdoutLine: {'line': b'-- Found rosidl_generator_c: 3.1.7 (/opt/ros/humble/share/rosidl_generator_c/cmake)\n'}
[50.532663] (irobot_create_gazebo_bringup) StdoutLine: {'line': b'-- Found rosidl_generator_c: 3.1.7 (/opt/ros/humble/share/rosidl_generator_c/cmake)\n'}
[50.534509] (irobot_create_ignition_bringup) StdoutLine: {'line': b'-- Found rosidl_adapter: 3.1.7 (/opt/ros/humble/share/rosidl_adapter/cmake)\n'}
[50.539249] (irobot_create_gazebo_bringup) StdoutLine: {'line': b'-- Found rosidl_adapter: 3.1.7 (/opt/ros/humble/share/rosidl_adapter/cmake)\n'}
[50.544700] (irobot_create_ignition_bringup) StdoutLine: {'line': b'-- Found rosidl_generator_cpp: 3.1.7 (/opt/ros/humble/share/rosidl_generator_cpp/cmake)\n'}
[50.549287] (irobot_create_gazebo_bringup) StdoutLine: {'line': b'-- Found rosidl_generator_cpp: 3.1.7 (/opt/ros/humble/share/rosidl_generator_cpp/cmake)\n'}
[50.558570] (irobot_create_ignition_bringup) StdoutLine: {'line': b'-- Using all available rosidl_typesupport_c: rosidl_typesupport_fastrtps_c;rosidl_typesupport_introspection_c\n'}
[50.562653] (irobot_create_gazebo_bringup) StdoutLine: {'line': b'-- Using all available rosidl_typesupport_c: rosidl_typesupport_fastrtps_c;rosidl_typesupport_introspection_c\n'}
[50.572629] (-) TimerEvent: {}
[50.577320] (irobot_create_ignition_bringup) StdoutLine: {'line': b'-- Using all available rosidl_typesupport_cpp: rosidl_typesupport_fastrtps_cpp;rosidl_typesupport_introspection_cpp\n'}
[50.581242] (irobot_create_gazebo_bringup) StdoutLine: {'line': b'-- Using all available rosidl_typesupport_cpp: rosidl_typesupport_fastrtps_cpp;rosidl_typesupport_introspection_cpp\n'}
[50.632896] (irobot_create_gazebo_bringup) StdoutLine: {'line': b'-- Found rmw_implementation_cmake: 6.1.2 (/opt/ros/humble/share/rmw_implementation_cmake/cmake)\n'}
[50.636479] (irobot_create_gazebo_bringup) StdoutLine: {'line': b'-- Found rmw_fastrtps_cpp: 6.2.9 (/opt/ros/humble/share/rmw_fastrtps_cpp/cmake)\n'}
[50.672082] (irobot_create_ignition_bringup) StdoutLine: {'line': b'-- Found ament_lint_auto: 0.12.14 (/opt/ros/humble/share/ament_lint_auto/cmake)\n'}
[50.672843] (-) TimerEvent: {}
[50.745621] (irobot_create_gazebo_bringup) StdoutLine: {'line': b'-- Found OpenSSL: /usr/lib/x86_64-linux-gnu/libcrypto.so (found version "3.0.2")  \n'}
[50.770333] (irobot_create_ignition_bringup) StdoutLine: {'line': b"-- Added test 'flake8' to check Python code syntax and style conventions\n"}
[50.770858] (irobot_create_ignition_bringup) StdoutLine: {'line': b"-- Added test 'lint_cmake' to check CMake code style\n"}
[50.771588] (irobot_create_ignition_bringup) StdoutLine: {'line': b"-- Added test 'pep257' to check Python code against some of the docstring style conventions in PEP 257\n"}
[50.772975] (-) TimerEvent: {}
[50.773257] (irobot_create_ignition_bringup) StdoutLine: {'line': b"-- Added test 'xmllint' to check XML markup files\n"}
[50.774375] (irobot_create_ignition_bringup) StdoutLine: {'line': b'-- Configuring done\n'}
[50.777540] (irobot_create_ignition_bringup) StdoutLine: {'line': b'-- Generating done\n'}
[50.778063] (irobot_create_gazebo_bringup) StdoutLine: {'line': b'-- Found FastRTPS: /opt/ros/humble/include  \n'}
[50.779116] (irobot_create_ignition_bringup) StdoutLine: {'line': b'-- Build files have been written to: /home/javierac/create3_ws/build/irobot_create_ignition_bringup\n'}
[50.785489] (irobot_create_ignition_bringup) CommandEnded: {'returncode': 0}
[50.786329] (irobot_create_ignition_bringup) JobProgress: {'identifier': 'irobot_create_ignition_bringup', 'progress': 'build'}
[50.787407] (irobot_create_ignition_bringup) Command: {'cmd': ['/usr/bin/cmake', '--build', '/home/javierac/create3_ws/build/irobot_create_ignition_bringup', '--', '-j20', '-l20'], 'cwd': '/home/javierac/create3_ws/build/irobot_create_ignition_bringup', 'env': OrderedDict([('USER', 'javierac'), ('HOSTNAME', '3fe4b3694adc'), ('SHLVL', '1'), ('LD_LIBRARY_PATH', '/home/javierac/create3_ws/install/irobot_create_nodes/lib:/home/javierac/create3_ws/install/irobot_create_ignition_toolbox/lib:/home/javierac/create3_ws/install/irobot_create_toolbox/lib:/usr/lib/x86_64-linux-gnu/gazebo-11/plugins:/opt/ros/humble/opt/rviz_ogre_vendor/lib:/opt/ros/humble/lib/x86_64-linux-gnu:/opt/ros/humble/lib'), ('HOME', '/root'), ('OLDPWD', '/'), ('ROS_PYTHON_VERSION', '3'), ('ROS_DISTRO', 'humble'), ('_', '/usr/bin/colcon'), ('ROS_VERSION', '2'), ('TERM', 'xterm'), ('ROS_LOCALHOST_ONLY', '0'), ('PATH', '/opt/ros/humble/bin:/usr/local/sbin:/usr/local/bin:/usr/sbin:/usr/bin:/sbin:/bin'), ('DISPLAY', ':1'), ('LANG', 'C.UTF-8'), ('LS_COLORS', 'rs=0:di=01;34:ln=01;36:mh=00:pi=40;33:so=01;35:do=01;35:bd=40;33;01:cd=40;33;01:or=40;31;01:mi=00:su=37;41:sg=30;43:ca=30;41:tw=30;42:ow=34;42:st=37;44:ex=01;32:*.tar=01;31:*.tgz=01;31:*.arc=01;31:*.arj=01;31:*.taz=01;31:*.lha=01;31:*.lz4=01;31:*.lzh=01;31:*.lzma=01;31:*.tlz=01;31:*.txz=01;31:*.tzo=01;31:*.t7z=01;31:*.zip=01;31:*.z=01;31:*.dz=01;31:*.gz=01;31:*.lrz=01;31:*.lz=01;31:*.lzo=01;31:*.xz=01;31:*.zst=01;31:*.tzst=01;31:*.bz2=01;31:*.bz=01;31:*.tbz=01;31:*.tbz2=01;31:*.tz=01;31:*.deb=01;31:*.rpm=01;31:*.jar=01;31:*.war=01;31:*.ear=01;31:*.sar=01;31:*.rar=01;31:*.alz=01;31:*.ace=01;31:*.zoo=01;31:*.cpio=01;31:*.7z=01;31:*.rz=01;31:*.cab=01;31:*.wim=01;31:*.swm=01;31:*.dwm=01;31:*.esd=01;31:*.jpg=01;35:*.jpeg=01;35:*.mjpg=01;35:*.mjpeg=01;35:*.gif=01;35:*.bmp=01;35:*.pbm=01;35:*.pgm=01;35:*.ppm=01;35:*.tga=01;35:*.xbm=01;35:*.xpm=01;35:*.tif=01;35:*.tiff=01;35:*.png=01;35:*.svg=01;35:*.svgz=01;35:*.mng=01;35:*.pcx=01;35:*.mov=01;35:*.mpg=01;35:*.mpeg=01;35:*.m2v=01;35:*.mkv=01;35:*.webm=01;35:*.webp=01;35:*.ogm=01;35:*.mp4=01;35:*.m4v=01;35:*.mp4v=01;35:*.vob=01;35:*.qt=01;35:*.nuv=01;35:*.wmv=01;35:*.asf=01;35:*.rm=01;35:*.rmvb=01;35:*.flc=01;35:*.avi=01;35:*.fli=01;35:*.flv=01;35:*.gl=01;35:*.dl=01;35:*.xcf=01;35:*.xwd=01;35:*.yuv=01;35:*.cgm=01;35:*.emf=01;35:*.ogv=01;35:*.ogx=01;35:*.aac=00;36:*.au=00;36:*.flac=00;36:*.m4a=00;36:*.mid=00;36:*.midi=00;36:*.mka=00;36:*.mp3=00;36:*.mpc=00;36:*.ogg=00;36:*.ra=00;36:*.wav=00;36:*.oga=00;36:*.opus=00;36:*.spx=00;36:*.xspf=00;36:'), ('AMENT_PREFIX_PATH', '/home/javierac/create3_ws/install/irobot_create_common_bringup:/home/javierac/create3_ws/install/irobot_create_nodes:/home/javierac/create3_ws/install/irobot_create_ignition_toolbox:/home/javierac/create3_ws/install/irobot_create_toolbox:/home/javierac/create3_ws/install/irobot_create_ignition_plugins:/home/javierac/create3_ws/install/irobot_create_description:/home/javierac/create3_ws/install/irobot_create_control:/opt/ros/humble'), ('PWD', '/home/javierac/create3_ws/build/irobot_create_ignition_bringup'), ('LC_ALL', 'C.UTF-8'), ('PYTHONPATH', '/home/javierac/create3_ws/install/irobot_create_common_bringup/local/lib/python3.10/dist-packages:/opt/ros/humble/lib/python3.10/site-packages:/opt/ros/humble/local/lib/python3.10/dist-packages'), ('NVIDIA_VISIBLE_DEVICES', 'all'), ('COLCON', '1'), ('CMAKE_PREFIX_PATH', '/home/javierac/create3_ws/install/irobot_create_common_bringup:/home/javierac/create3_ws/install/irobot_create_nodes:/home/javierac/create3_ws/install/irobot_create_ignition_toolbox:/home/javierac/create3_ws/install/irobot_create_toolbox:/home/javierac/create3_ws/install/irobot_create_ignition_plugins:/home/javierac/create3_ws/install/irobot_create_description:/home/javierac/create3_ws/install/irobot_create_control:/opt/ros/humble')]), 'shell': False}
[50.832600] (irobot_create_ignition_bringup) CommandEnded: {'returncode': 0}
[50.833431] (irobot_create_gazebo_bringup) StdoutLine: {'line': b"-- Using RMW implementation 'rmw_fastrtps_cpp' as default\n"}
[50.833822] (irobot_create_ignition_bringup) JobProgress: {'identifier': 'irobot_create_ignition_bringup', 'progress': 'install'}
[50.834123] (irobot_create_ignition_bringup) Command: {'cmd': ['/usr/bin/cmake', '--install', '/home/javierac/create3_ws/build/irobot_create_ignition_bringup'], 'cwd': '/home/javierac/create3_ws/build/irobot_create_ignition_bringup', 'env': OrderedDict([('USER', 'javierac'), ('HOSTNAME', '3fe4b3694adc'), ('SHLVL', '1'), ('LD_LIBRARY_PATH', '/home/javierac/create3_ws/install/irobot_create_nodes/lib:/home/javierac/create3_ws/install/irobot_create_ignition_toolbox/lib:/home/javierac/create3_ws/install/irobot_create_toolbox/lib:/usr/lib/x86_64-linux-gnu/gazebo-11/plugins:/opt/ros/humble/opt/rviz_ogre_vendor/lib:/opt/ros/humble/lib/x86_64-linux-gnu:/opt/ros/humble/lib'), ('HOME', '/root'), ('OLDPWD', '/'), ('ROS_PYTHON_VERSION', '3'), ('ROS_DISTRO', 'humble'), ('_', '/usr/bin/colcon'), ('ROS_VERSION', '2'), ('TERM', 'xterm'), ('ROS_LOCALHOST_ONLY', '0'), ('PATH', '/opt/ros/humble/bin:/usr/local/sbin:/usr/local/bin:/usr/sbin:/usr/bin:/sbin:/bin'), ('DISPLAY', ':1'), ('LANG', 'C.UTF-8'), ('LS_COLORS', 'rs=0:di=01;34:ln=01;36:mh=00:pi=40;33:so=01;35:do=01;35:bd=40;33;01:cd=40;33;01:or=40;31;01:mi=00:su=37;41:sg=30;43:ca=30;41:tw=30;42:ow=34;42:st=37;44:ex=01;32:*.tar=01;31:*.tgz=01;31:*.arc=01;31:*.arj=01;31:*.taz=01;31:*.lha=01;31:*.lz4=01;31:*.lzh=01;31:*.lzma=01;31:*.tlz=01;31:*.txz=01;31:*.tzo=01;31:*.t7z=01;31:*.zip=01;31:*.z=01;31:*.dz=01;31:*.gz=01;31:*.lrz=01;31:*.lz=01;31:*.lzo=01;31:*.xz=01;31:*.zst=01;31:*.tzst=01;31:*.bz2=01;31:*.bz=01;31:*.tbz=01;31:*.tbz2=01;31:*.tz=01;31:*.deb=01;31:*.rpm=01;31:*.jar=01;31:*.war=01;31:*.ear=01;31:*.sar=01;31:*.rar=01;31:*.alz=01;31:*.ace=01;31:*.zoo=01;31:*.cpio=01;31:*.7z=01;31:*.rz=01;31:*.cab=01;31:*.wim=01;31:*.swm=01;31:*.dwm=01;31:*.esd=01;31:*.jpg=01;35:*.jpeg=01;35:*.mjpg=01;35:*.mjpeg=01;35:*.gif=01;35:*.bmp=01;35:*.pbm=01;35:*.pgm=01;35:*.ppm=01;35:*.tga=01;35:*.xbm=01;35:*.xpm=01;35:*.tif=01;35:*.tiff=01;35:*.png=01;35:*.svg=01;35:*.svgz=01;35:*.mng=01;35:*.pcx=01;35:*.mov=01;35:*.mpg=01;35:*.mpeg=01;35:*.m2v=01;35:*.mkv=01;35:*.webm=01;35:*.webp=01;35:*.ogm=01;35:*.mp4=01;35:*.m4v=01;35:*.mp4v=01;35:*.vob=01;35:*.qt=01;35:*.nuv=01;35:*.wmv=01;35:*.asf=01;35:*.rm=01;35:*.rmvb=01;35:*.flc=01;35:*.avi=01;35:*.fli=01;35:*.flv=01;35:*.gl=01;35:*.dl=01;35:*.xcf=01;35:*.xwd=01;35:*.yuv=01;35:*.cgm=01;35:*.emf=01;35:*.ogv=01;35:*.ogx=01;35:*.aac=00;36:*.au=00;36:*.flac=00;36:*.m4a=00;36:*.mid=00;36:*.midi=00;36:*.mka=00;36:*.mp3=00;36:*.mpc=00;36:*.ogg=00;36:*.ra=00;36:*.wav=00;36:*.oga=00;36:*.opus=00;36:*.spx=00;36:*.xspf=00;36:'), ('AMENT_PREFIX_PATH', '/home/javierac/create3_ws/install/irobot_create_common_bringup:/home/javierac/create3_ws/install/irobot_create_nodes:/home/javierac/create3_ws/install/irobot_create_ignition_toolbox:/home/javierac/create3_ws/install/irobot_create_toolbox:/home/javierac/create3_ws/install/irobot_create_ignition_plugins:/home/javierac/create3_ws/install/irobot_create_description:/home/javierac/create3_ws/install/irobot_create_control:/opt/ros/humble'), ('PWD', '/home/javierac/create3_ws/build/irobot_create_ignition_bringup'), ('LC_ALL', 'C.UTF-8'), ('PYTHONPATH', '/home/javierac/create3_ws/install/irobot_create_common_bringup/local/lib/python3.10/dist-packages:/opt/ros/humble/lib/python3.10/site-packages:/opt/ros/humble/local/lib/python3.10/dist-packages'), ('NVIDIA_VISIBLE_DEVICES', 'all'), ('COLCON', '1'), ('CMAKE_PREFIX_PATH', '/home/javierac/create3_ws/install/irobot_create_common_bringup:/home/javierac/create3_ws/install/irobot_create_nodes:/home/javierac/create3_ws/install/irobot_create_ignition_toolbox:/home/javierac/create3_ws/install/irobot_create_toolbox:/home/javierac/create3_ws/install/irobot_create_ignition_plugins:/home/javierac/create3_ws/install/irobot_create_description:/home/javierac/create3_ws/install/irobot_create_control:/opt/ros/humble')]), 'shell': False}
[50.842356] (irobot_create_ignition_bringup) StdoutLine: {'line': b'-- Install configuration: ""\n'}
[50.842869] (irobot_create_ignition_bringup) StdoutLine: {'line': b'-- Execute custom install script\n'}
[50.843217] (irobot_create_ignition_bringup) StdoutLine: {'line': b'-- Symlinking: /home/javierac/create3_ws/install/irobot_create_ignition_bringup/share/irobot_create_ignition_bringup/gui/create3/gui.config\n'}
[50.846086] (irobot_create_gazebo_bringup) StdoutLine: {'line': b'-- Looking for pthread.h\n'}
[50.853363] (irobot_create_ignition_bringup) StdoutLine: {'line': b'-- Symlinking: /home/javierac/create3_ws/install/irobot_create_ignition_bringup/share/irobot_create_ignition_bringup/launch/create3_ignition.launch.py\n'}
[50.861221] (irobot_create_ignition_bringup) StdoutLine: {'line': b'-- Symlinking: /home/javierac/create3_ws/install/irobot_create_ignition_bringup/share/irobot_create_ignition_bringup/launch/create3_ignition_nodes.launch.py\n'}
[50.868713] (irobot_create_ignition_bringup) StdoutLine: {'line': b'-- Symlinking: /home/javierac/create3_ws/install/irobot_create_ignition_bringup/share/irobot_create_ignition_bringup/launch/create3_ros_ignition_bridge.launch.py\n'}
[50.873177] (-) TimerEvent: {}
[50.878050] (irobot_create_ignition_bringup) StdoutLine: {'line': b'-- Symlinking: /home/javierac/create3_ws/install/irobot_create_ignition_bringup/share/irobot_create_ignition_bringup/launch/create3_spawn.launch.py\n'}
[50.891584] (irobot_create_ignition_bringup) StdoutLine: {'line': b'-- Symlinking: /home/javierac/create3_ws/install/irobot_create_ignition_bringup/share/irobot_create_ignition_bringup/launch/ignition.launch.py\n'}
[50.902058] (irobot_create_ignition_bringup) StdoutLine: {'line': b'-- Symlinking: /home/javierac/create3_ws/install/irobot_create_ignition_bringup/share/irobot_create_ignition_bringup/worlds/depot.sdf\n'}
[50.910274] (irobot_create_ignition_bringup) StdoutLine: {'line': b'-- Symlinking: /home/javierac/create3_ws/install/irobot_create_ignition_bringup/share/irobot_create_ignition_bringup/worlds/maze.sdf\n'}
[50.918404] (irobot_create_ignition_bringup) StdoutLine: {'line': b'-- Symlinking: /home/javierac/create3_ws/install/irobot_create_ignition_bringup/share/irobot_create_ignition_bringup/config/pose_republisher_params.yaml\n'}
[50.927343] (irobot_create_ignition_bringup) StdoutLine: {'line': b'-- Symlinking: /home/javierac/create3_ws/install/irobot_create_ignition_bringup/share/irobot_create_ignition_bringup/config/sensors_params.yaml\n'}
[50.930245] (irobot_create_gazebo_bringup) StdoutLine: {'line': b'-- Looking for pthread.h - found\n'}
[50.930589] (irobot_create_gazebo_bringup) StdoutLine: {'line': b'-- Performing Test CMAKE_HAVE_LIBC_PTHREAD\n'}
[50.935568] (irobot_create_ignition_bringup) StdoutLine: {'line': b'-- Symlinking: /home/javierac/create3_ws/install/irobot_create_ignition_bringup/share/ament_index/resource_index/package_run_dependencies/irobot_create_ignition_bringup\n'}
[50.943515] (irobot_create_ignition_bringup) StdoutLine: {'line': b'-- Symlinking: /home/javierac/create3_ws/install/irobot_create_ignition_bringup/share/ament_index/resource_index/parent_prefix_path/irobot_create_ignition_bringup\n'}
[50.953707] (irobot_create_ignition_bringup) StdoutLine: {'line': b'-- Symlinking: /home/javierac/create3_ws/install/irobot_create_ignition_bringup/share/irobot_create_ignition_bringup/environment/ament_prefix_path.sh\n'}
[50.966737] (irobot_create_ignition_bringup) StdoutLine: {'line': b'-- Symlinking: /home/javierac/create3_ws/install/irobot_create_ignition_bringup/share/irobot_create_ignition_bringup/environment/ament_prefix_path.dsv\n'}
[50.973319] (-) TimerEvent: {}
[50.980300] (irobot_create_ignition_bringup) StdoutLine: {'line': b'-- Symlinking: /home/javierac/create3_ws/install/irobot_create_ignition_bringup/share/irobot_create_ignition_bringup/environment/path.sh\n'}
[50.988879] (irobot_create_ignition_bringup) StdoutLine: {'line': b'-- Symlinking: /home/javierac/create3_ws/install/irobot_create_ignition_bringup/share/irobot_create_ignition_bringup/environment/path.dsv\n'}
[50.998288] (irobot_create_ignition_bringup) StdoutLine: {'line': b'-- Symlinking: /home/javierac/create3_ws/install/irobot_create_ignition_bringup/share/irobot_create_ignition_bringup/local_setup.bash\n'}
[51.008874] (irobot_create_ignition_bringup) StdoutLine: {'line': b'-- Symlinking: /home/javierac/create3_ws/install/irobot_create_ignition_bringup/share/irobot_create_ignition_bringup/local_setup.sh\n'}
[51.018113] (irobot_create_ignition_bringup) StdoutLine: {'line': b'-- Symlinking: /home/javierac/create3_ws/install/irobot_create_ignition_bringup/share/irobot_create_ignition_bringup/local_setup.zsh\n'}
[51.023362] (irobot_create_gazebo_bringup) StdoutLine: {'line': b'-- Performing Test CMAKE_HAVE_LIBC_PTHREAD - Success\n'}
[51.024506] (irobot_create_gazebo_bringup) StdoutLine: {'line': b'-- Found Threads: TRUE  \n'}
[51.025792] (irobot_create_ignition_bringup) StdoutLine: {'line': b'-- Symlinking: /home/javierac/create3_ws/install/irobot_create_ignition_bringup/share/irobot_create_ignition_bringup/local_setup.dsv\n'}
[51.033529] (irobot_create_ignition_bringup) StdoutLine: {'line': b'-- Symlinking: /home/javierac/create3_ws/install/irobot_create_ignition_bringup/share/irobot_create_ignition_bringup/package.dsv\n'}
[51.041710] (irobot_create_ignition_bringup) StdoutLine: {'line': b'-- Symlinking: /home/javierac/create3_ws/install/irobot_create_ignition_bringup/share/ament_index/resource_index/packages/irobot_create_ignition_bringup\n'}
[51.049974] (irobot_create_ignition_bringup) StdoutLine: {'line': b'-- Symlinking: /home/javierac/create3_ws/install/irobot_create_ignition_bringup/share/irobot_create_ignition_bringup/cmake/irobot_create_ignition_bringupConfig.cmake\n'}
[51.057176] (irobot_create_ignition_bringup) StdoutLine: {'line': b'-- Symlinking: /home/javierac/create3_ws/install/irobot_create_ignition_bringup/share/irobot_create_ignition_bringup/cmake/irobot_create_ignition_bringupConfig-version.cmake\n'}
[51.067618] (irobot_create_ignition_bringup) StdoutLine: {'line': b'-- Symlinking: /home/javierac/create3_ws/install/irobot_create_ignition_bringup/share/irobot_create_ignition_bringup/package.xml\n'}
[51.073463] (-) TimerEvent: {}
[51.080718] (irobot_create_ignition_bringup) CommandEnded: {'returncode': 0}
[51.087693] (irobot_create_gazebo_bringup) StdoutLine: {'line': b'-- Found PkgConfig: /usr/bin/pkg-config (found version "0.29.2") \n'}
[51.088779] (irobot_create_gazebo_bringup) StdoutLine: {'line': b"-- Checking for module 'bullet>=2.82'\n"}
[51.093843] (irobot_create_ignition_bringup) JobEnded: {'identifier': 'irobot_create_ignition_bringup', 'rc': 0}
[51.094384] (irobot_create_ignition_sim) JobStarted: {'identifier': 'irobot_create_ignition_sim'}
[51.105650] (irobot_create_gazebo_bringup) StdoutLine: {'line': b'--   Found bullet, version 3.05\n'}
[51.112511] (irobot_create_ignition_sim) JobProgress: {'identifier': 'irobot_create_ignition_sim', 'progress': 'cmake'}
[51.113231] (irobot_create_ignition_sim) Command: {'cmd': ['/usr/bin/cmake', '/home/javierac/create3_ws/src/irobot_create_ignition/irobot_create_ignition_sim', '-DAMENT_CMAKE_SYMLINK_INSTALL=1', '-DCMAKE_INSTALL_PREFIX=/home/javierac/create3_ws/install/irobot_create_ignition_sim'], 'cwd': '/home/javierac/create3_ws/build/irobot_create_ignition_sim', 'env': OrderedDict([('USER', 'javierac'), ('HOSTNAME', '3fe4b3694adc'), ('SHLVL', '1'), ('LD_LIBRARY_PATH', '/home/javierac/create3_ws/install/irobot_create_nodes/lib:/home/javierac/create3_ws/install/irobot_create_ignition_toolbox/lib:/home/javierac/create3_ws/install/irobot_create_toolbox/lib:/usr/lib/x86_64-linux-gnu/gazebo-11/plugins:/opt/ros/humble/opt/rviz_ogre_vendor/lib:/opt/ros/humble/lib/x86_64-linux-gnu:/opt/ros/humble/lib'), ('HOME', '/root'), ('OLDPWD', '/'), ('ROS_PYTHON_VERSION', '3'), ('ROS_DISTRO', 'humble'), ('_', '/usr/bin/colcon'), ('ROS_VERSION', '2'), ('TERM', 'xterm'), ('ROS_LOCALHOST_ONLY', '0'), ('PATH', '/opt/ros/humble/bin:/usr/local/sbin:/usr/local/bin:/usr/sbin:/usr/bin:/sbin:/bin'), ('DISPLAY', ':1'), ('LANG', 'C.UTF-8'), ('LS_COLORS', 'rs=0:di=01;34:ln=01;36:mh=00:pi=40;33:so=01;35:do=01;35:bd=40;33;01:cd=40;33;01:or=40;31;01:mi=00:su=37;41:sg=30;43:ca=30;41:tw=30;42:ow=34;42:st=37;44:ex=01;32:*.tar=01;31:*.tgz=01;31:*.arc=01;31:*.arj=01;31:*.taz=01;31:*.lha=01;31:*.lz4=01;31:*.lzh=01;31:*.lzma=01;31:*.tlz=01;31:*.txz=01;31:*.tzo=01;31:*.t7z=01;31:*.zip=01;31:*.z=01;31:*.dz=01;31:*.gz=01;31:*.lrz=01;31:*.lz=01;31:*.lzo=01;31:*.xz=01;31:*.zst=01;31:*.tzst=01;31:*.bz2=01;31:*.bz=01;31:*.tbz=01;31:*.tbz2=01;31:*.tz=01;31:*.deb=01;31:*.rpm=01;31:*.jar=01;31:*.war=01;31:*.ear=01;31:*.sar=01;31:*.rar=01;31:*.alz=01;31:*.ace=01;31:*.zoo=01;31:*.cpio=01;31:*.7z=01;31:*.rz=01;31:*.cab=01;31:*.wim=01;31:*.swm=01;31:*.dwm=01;31:*.esd=01;31:*.jpg=01;35:*.jpeg=01;35:*.mjpg=01;35:*.mjpeg=01;35:*.gif=01;35:*.bmp=01;35:*.pbm=01;35:*.pgm=01;35:*.ppm=01;35:*.tga=01;35:*.xbm=01;35:*.xpm=01;35:*.tif=01;35:*.tiff=01;35:*.png=01;35:*.svg=01;35:*.svgz=01;35:*.mng=01;35:*.pcx=01;35:*.mov=01;35:*.mpg=01;35:*.mpeg=01;35:*.m2v=01;35:*.mkv=01;35:*.webm=01;35:*.webp=01;35:*.ogm=01;35:*.mp4=01;35:*.m4v=01;35:*.mp4v=01;35:*.vob=01;35:*.qt=01;35:*.nuv=01;35:*.wmv=01;35:*.asf=01;35:*.rm=01;35:*.rmvb=01;35:*.flc=01;35:*.avi=01;35:*.fli=01;35:*.flv=01;35:*.gl=01;35:*.dl=01;35:*.xcf=01;35:*.xwd=01;35:*.yuv=01;35:*.cgm=01;35:*.emf=01;35:*.ogv=01;35:*.ogx=01;35:*.aac=00;36:*.au=00;36:*.flac=00;36:*.m4a=00;36:*.mid=00;36:*.midi=00;36:*.mka=00;36:*.mp3=00;36:*.mpc=00;36:*.ogg=00;36:*.ra=00;36:*.wav=00;36:*.oga=00;36:*.opus=00;36:*.spx=00;36:*.xspf=00;36:'), ('AMENT_PREFIX_PATH', '/home/javierac/create3_ws/install/irobot_create_ignition_bringup:/home/javierac/create3_ws/install/irobot_create_common_bringup:/home/javierac/create3_ws/install/irobot_create_nodes:/home/javierac/create3_ws/install/irobot_create_ignition_toolbox:/home/javierac/create3_ws/install/irobot_create_toolbox:/home/javierac/create3_ws/install/irobot_create_ignition_plugins:/home/javierac/create3_ws/install/irobot_create_description:/home/javierac/create3_ws/install/irobot_create_control:/opt/ros/humble'), ('PWD', '/home/javierac/create3_ws/build/irobot_create_ignition_sim'), ('LC_ALL', 'C.UTF-8'), ('PYTHONPATH', '/home/javierac/create3_ws/install/irobot_create_common_bringup/local/lib/python3.10/dist-packages:/opt/ros/humble/lib/python3.10/site-packages:/opt/ros/humble/local/lib/python3.10/dist-packages'), ('NVIDIA_VISIBLE_DEVICES', 'all'), ('COLCON', '1'), ('CMAKE_PREFIX_PATH', '/home/javierac/create3_ws/install/irobot_create_ignition_bringup:/home/javierac/create3_ws/install/irobot_create_common_bringup:/home/javierac/create3_ws/install/irobot_create_nodes:/home/javierac/create3_ws/install/irobot_create_ignition_toolbox:/home/javierac/create3_ws/install/irobot_create_toolbox:/home/javierac/create3_ws/install/irobot_create_ignition_plugins:/home/javierac/create3_ws/install/irobot_create_description:/home/javierac/create3_ws/install/irobot_create_control:/opt/ros/humble')]), 'shell': False}
[51.171324] (irobot_create_ignition_sim) StdoutLine: {'line': b'-- The C compiler identification is GNU 11.4.0\n'}
[51.173563] (-) TimerEvent: {}
[51.232790] (irobot_create_ignition_sim) StdoutLine: {'line': b'-- The CXX compiler identification is GNU 11.4.0\n'}
[51.240703] (irobot_create_ignition_sim) StdoutLine: {'line': b'-- Detecting C compiler ABI info\n'}
[51.244709] (irobot_create_gazebo_bringup) StdoutLine: {'line': b'-- Found fcl: /usr/include (found suitable version "0.7.0", minimum required is "0.5.0") \n'}
[51.273692] (-) TimerEvent: {}
[51.309354] (irobot_create_gazebo_bringup) StdoutLine: {'line': b'-- Found assimp: /usr/include (found version "5.2.0") \n'}
[51.322283] (irobot_create_ignition_sim) StdoutLine: {'line': b'-- Detecting C compiler ABI info - done\n'}
[51.331669] (irobot_create_ignition_sim) StdoutLine: {'line': b'-- Check for working C compiler: /usr/bin/cc - skipped\n'}
[51.331946] (irobot_create_ignition_sim) StdoutLine: {'line': b'-- Detecting C compile features\n'}
[51.332322] (irobot_create_ignition_sim) StdoutLine: {'line': b'-- Detecting C compile features - done\n'}
[51.335233] (irobot_create_gazebo_bringup) StdoutLine: {'line': b'-- Found DART: /usr/include (Required is at least version "6.6") found components: dart \n'}
[51.335517] (irobot_create_ignition_sim) StdoutLine: {'line': b'-- Detecting CXX compiler ABI info\n'}
[51.370222] (irobot_create_gazebo_bringup) StdoutLine: {'line': b'-- Found Boost: /usr/lib/x86_64-linux-gnu/cmake/Boost-1.74.0/BoostConfig.cmake (found suitable version "1.74.0", minimum required is "1.40.0") found components: thread system filesystem program_options regex iostreams date_time \n'}
[51.373797] (-) TimerEvent: {}
[51.385299] (irobot_create_gazebo_bringup) StdoutLine: {'line': b'-- Found Protobuf: /usr/lib/x86_64-linux-gnu/libprotobuf.so (found version "3.12.4") \n'}
[51.398242] (irobot_create_gazebo_bringup) StdoutLine: {'line': b'-- Looking for ignition-math6 -- found version 6.15.1\n'}
[51.411457] (irobot_create_gazebo_bringup) StdoutLine: {'line': b'-- Searching for dependencies of ignition-math6\n'}
[51.414050] (irobot_create_gazebo_bringup) StdoutLine: {'line': b'-- Looking for OGRE...\n'}
[51.414760] (irobot_create_gazebo_bringup) StdoutLine: {'line': b'-- OGRE_PREFIX_WATCH changed.\n'}
[51.422613] (irobot_create_gazebo_bringup) StdoutLine: {'line': b"-- Checking for module 'OGRE'\n"}
[51.439780] (irobot_create_gazebo_bringup) StdoutLine: {'line': b'--   Found OGRE, version 1.9.0\n'}
[51.440063] (irobot_create_ignition_sim) StdoutLine: {'line': b'-- Detecting CXX compiler ABI info - done\n'}
[51.447030] (irobot_create_ignition_sim) StdoutLine: {'line': b'-- Check for working CXX compiler: /usr/bin/c++ - skipped\n'}
[51.447618] (irobot_create_ignition_sim) StdoutLine: {'line': b'-- Detecting CXX compile features\n'}
[51.447784] (irobot_create_ignition_sim) StdoutLine: {'line': b'-- Detecting CXX compile features - done\n'}
[51.451311] (irobot_create_ignition_sim) StdoutLine: {'line': b'-- Found ament_cmake: 1.3.12 (/opt/ros/humble/share/ament_cmake/cmake)\n'}
[51.473937] (-) TimerEvent: {}
[51.481964] (irobot_create_gazebo_bringup) StdoutLine: {'line': b'-- Found Ogre Ghadamon (1.9.0)\n'}
[51.487005] (irobot_create_gazebo_bringup) StdoutLine: {'line': b'-- Found OGRE: optimized;/usr/lib/x86_64-linux-gnu/libOgreMain.so;debug;/usr/lib/x86_64-linux-gnu/libOgreMain.so\n'}
[51.498766] (irobot_create_gazebo_bringup) StdoutLine: {'line': b'-- Looking for OGRE_Paging...\n'}
[51.503137] (irobot_create_gazebo_bringup) StdoutLine: {'line': b'-- Found OGRE_Paging: optimized;/usr/lib/x86_64-linux-gnu/libOgrePaging.so;debug;/usr/lib/x86_64-linux-gnu/libOgrePaging.so\n'}
[51.503261] (irobot_create_gazebo_bringup) StdoutLine: {'line': b'-- Looking for OGRE_Terrain...\n'}
[51.507688] (irobot_create_gazebo_bringup) StdoutLine: {'line': b'-- Found OGRE_Terrain: optimized;/usr/lib/x86_64-linux-gnu/libOgreTerrain.so;debug;/usr/lib/x86_64-linux-gnu/libOgreTerrain.so\n'}
[51.507797] (irobot_create_gazebo_bringup) StdoutLine: {'line': b'-- Looking for OGRE_Property...\n'}
[51.511619] (irobot_create_gazebo_bringup) StdoutLine: {'line': b'-- Found OGRE_Property: optimized;/usr/lib/x86_64-linux-gnu/libOgreProperty.so;debug;/usr/lib/x86_64-linux-gnu/libOgreProperty.so\n'}
[51.511682] (irobot_create_gazebo_bringup) StdoutLine: {'line': b'-- Looking for OGRE_RTShaderSystem...\n'}
[51.515972] (irobot_create_gazebo_bringup) StdoutLine: {'line': b'-- Found OGRE_RTShaderSystem: optimized;/usr/lib/x86_64-linux-gnu/libOgreRTShaderSystem.so;debug;/usr/lib/x86_64-linux-gnu/libOgreRTShaderSystem.so\n'}
[51.516094] (irobot_create_gazebo_bringup) StdoutLine: {'line': b'-- Looking for OGRE_Volume...\n'}
[51.520021] (irobot_create_gazebo_bringup) StdoutLine: {'line': b'-- Found OGRE_Volume: optimized;/usr/lib/x86_64-linux-gnu/libOgreVolume.so;debug;/usr/lib/x86_64-linux-gnu/libOgreVolume.so\n'}
[51.520128] (irobot_create_gazebo_bringup) StdoutLine: {'line': b'-- Looking for OGRE_Overlay...\n'}
[51.523784] (irobot_create_gazebo_bringup) StdoutLine: {'line': b'-- Found OGRE_Overlay: optimized;/usr/lib/x86_64-linux-gnu/libOgreOverlay.so;debug;/usr/lib/x86_64-linux-gnu/libOgreOverlay.so\n'}
[51.574104] (-) TimerEvent: {}
[51.606913] (irobot_create_ignition_sim) StdoutLine: {'line': b'-- Found Python3: /usr/bin/python3 (found version "3.10.12") found components: Interpreter \n'}
[51.610084] (irobot_create_gazebo_bringup) StdoutLine: {'line': b'-- Looking for ignition-math6 -- found version 6.15.1\n'}
[51.613186] (irobot_create_gazebo_bringup) StdoutLine: {'line': b'-- Looking for ignition-transport8 -- found version 8.2.1\n'}
[51.613737] (irobot_create_gazebo_bringup) StdoutLine: {'line': b'-- Searching for dependencies of ignition-transport8\n'}
[51.635657] (irobot_create_gazebo_bringup) StdoutLine: {'line': b'-- Found Protobuf: /usr/lib/x86_64-linux-gnu/libprotobuf.so (found suitable version "3.12.4", minimum required is "3") \n'}
[51.650358] (irobot_create_gazebo_bringup) StdoutLine: {'line': b'-- Config-file not installed for ZeroMQ -- checking for pkg-config\n'}
[51.655489] (irobot_create_gazebo_bringup) StdoutLine: {'line': b"-- Checking for module 'libzmq >= 4'\n"}
[51.671884] (irobot_create_ignition_sim) StdoutLine: {'line': b'-- Override CMake install command with custom implementation using symlinks instead of copying resources\n'}
[51.674211] (irobot_create_gazebo_bringup) StdoutLine: {'line': b'--   Found libzmq , version 4.3.4\n'}
[51.674394] (-) TimerEvent: {}
[51.725173] (irobot_create_gazebo_bringup) StdoutLine: {'line': b'-- Found ZeroMQ: TRUE (Required is at least version "4") \n'}
[51.731948] (irobot_create_gazebo_bringup) StdoutLine: {'line': b"-- Checking for module 'uuid'\n"}
[51.749884] (irobot_create_gazebo_bringup) StdoutLine: {'line': b'--   Found uuid, version 2.37.2\n'}
[51.774571] (-) TimerEvent: {}
[51.781991] (irobot_create_ignition_sim) StdoutLine: {'line': b'-- Configuring done\n'}
[51.784230] (irobot_create_ignition_sim) StdoutLine: {'line': b'-- Generating done\n'}
[51.785669] (irobot_create_ignition_sim) StdoutLine: {'line': b'-- Build files have been written to: /home/javierac/create3_ws/build/irobot_create_ignition_sim\n'}
[51.789172] (irobot_create_ignition_sim) CommandEnded: {'returncode': 0}
[51.789603] (irobot_create_ignition_sim) JobProgress: {'identifier': 'irobot_create_ignition_sim', 'progress': 'build'}
[51.789919] (irobot_create_ignition_sim) Command: {'cmd': ['/usr/bin/cmake', '--build', '/home/javierac/create3_ws/build/irobot_create_ignition_sim', '--', '-j20', '-l20'], 'cwd': '/home/javierac/create3_ws/build/irobot_create_ignition_sim', 'env': OrderedDict([('USER', 'javierac'), ('HOSTNAME', '3fe4b3694adc'), ('SHLVL', '1'), ('LD_LIBRARY_PATH', '/home/javierac/create3_ws/install/irobot_create_nodes/lib:/home/javierac/create3_ws/install/irobot_create_ignition_toolbox/lib:/home/javierac/create3_ws/install/irobot_create_toolbox/lib:/usr/lib/x86_64-linux-gnu/gazebo-11/plugins:/opt/ros/humble/opt/rviz_ogre_vendor/lib:/opt/ros/humble/lib/x86_64-linux-gnu:/opt/ros/humble/lib'), ('HOME', '/root'), ('OLDPWD', '/'), ('ROS_PYTHON_VERSION', '3'), ('ROS_DISTRO', 'humble'), ('_', '/usr/bin/colcon'), ('ROS_VERSION', '2'), ('TERM', 'xterm'), ('ROS_LOCALHOST_ONLY', '0'), ('PATH', '/opt/ros/humble/bin:/usr/local/sbin:/usr/local/bin:/usr/sbin:/usr/bin:/sbin:/bin'), ('DISPLAY', ':1'), ('LANG', 'C.UTF-8'), ('LS_COLORS', 'rs=0:di=01;34:ln=01;36:mh=00:pi=40;33:so=01;35:do=01;35:bd=40;33;01:cd=40;33;01:or=40;31;01:mi=00:su=37;41:sg=30;43:ca=30;41:tw=30;42:ow=34;42:st=37;44:ex=01;32:*.tar=01;31:*.tgz=01;31:*.arc=01;31:*.arj=01;31:*.taz=01;31:*.lha=01;31:*.lz4=01;31:*.lzh=01;31:*.lzma=01;31:*.tlz=01;31:*.txz=01;31:*.tzo=01;31:*.t7z=01;31:*.zip=01;31:*.z=01;31:*.dz=01;31:*.gz=01;31:*.lrz=01;31:*.lz=01;31:*.lzo=01;31:*.xz=01;31:*.zst=01;31:*.tzst=01;31:*.bz2=01;31:*.bz=01;31:*.tbz=01;31:*.tbz2=01;31:*.tz=01;31:*.deb=01;31:*.rpm=01;31:*.jar=01;31:*.war=01;31:*.ear=01;31:*.sar=01;31:*.rar=01;31:*.alz=01;31:*.ace=01;31:*.zoo=01;31:*.cpio=01;31:*.7z=01;31:*.rz=01;31:*.cab=01;31:*.wim=01;31:*.swm=01;31:*.dwm=01;31:*.esd=01;31:*.jpg=01;35:*.jpeg=01;35:*.mjpg=01;35:*.mjpeg=01;35:*.gif=01;35:*.bmp=01;35:*.pbm=01;35:*.pgm=01;35:*.ppm=01;35:*.tga=01;35:*.xbm=01;35:*.xpm=01;35:*.tif=01;35:*.tiff=01;35:*.png=01;35:*.svg=01;35:*.svgz=01;35:*.mng=01;35:*.pcx=01;35:*.mov=01;35:*.mpg=01;35:*.mpeg=01;35:*.m2v=01;35:*.mkv=01;35:*.webm=01;35:*.webp=01;35:*.ogm=01;35:*.mp4=01;35:*.m4v=01;35:*.mp4v=01;35:*.vob=01;35:*.qt=01;35:*.nuv=01;35:*.wmv=01;35:*.asf=01;35:*.rm=01;35:*.rmvb=01;35:*.flc=01;35:*.avi=01;35:*.fli=01;35:*.flv=01;35:*.gl=01;35:*.dl=01;35:*.xcf=01;35:*.xwd=01;35:*.yuv=01;35:*.cgm=01;35:*.emf=01;35:*.ogv=01;35:*.ogx=01;35:*.aac=00;36:*.au=00;36:*.flac=00;36:*.m4a=00;36:*.mid=00;36:*.midi=00;36:*.mka=00;36:*.mp3=00;36:*.mpc=00;36:*.ogg=00;36:*.ra=00;36:*.wav=00;36:*.oga=00;36:*.opus=00;36:*.spx=00;36:*.xspf=00;36:'), ('AMENT_PREFIX_PATH', '/home/javierac/create3_ws/install/irobot_create_ignition_bringup:/home/javierac/create3_ws/install/irobot_create_common_bringup:/home/javierac/create3_ws/install/irobot_create_nodes:/home/javierac/create3_ws/install/irobot_create_ignition_toolbox:/home/javierac/create3_ws/install/irobot_create_toolbox:/home/javierac/create3_ws/install/irobot_create_ignition_plugins:/home/javierac/create3_ws/install/irobot_create_description:/home/javierac/create3_ws/install/irobot_create_control:/opt/ros/humble'), ('PWD', '/home/javierac/create3_ws/build/irobot_create_ignition_sim'), ('LC_ALL', 'C.UTF-8'), ('PYTHONPATH', '/home/javierac/create3_ws/install/irobot_create_common_bringup/local/lib/python3.10/dist-packages:/opt/ros/humble/lib/python3.10/site-packages:/opt/ros/humble/local/lib/python3.10/dist-packages'), ('NVIDIA_VISIBLE_DEVICES', 'all'), ('COLCON', '1'), ('CMAKE_PREFIX_PATH', '/home/javierac/create3_ws/install/irobot_create_ignition_bringup:/home/javierac/create3_ws/install/irobot_create_common_bringup:/home/javierac/create3_ws/install/irobot_create_nodes:/home/javierac/create3_ws/install/irobot_create_ignition_toolbox:/home/javierac/create3_ws/install/irobot_create_toolbox:/home/javierac/create3_ws/install/irobot_create_ignition_plugins:/home/javierac/create3_ws/install/irobot_create_description:/home/javierac/create3_ws/install/irobot_create_control:/opt/ros/humble')]), 'shell': False}
[51.793575] (irobot_create_gazebo_bringup) StdoutLine: {'line': b'-- Found UUID: TRUE  \n'}
[51.797014] (irobot_create_gazebo_bringup) StdoutLine: {'line': b'-- Looking for ignition-msgs5 -- found version 5.8.1\n'}
[51.797697] (irobot_create_gazebo_bringup) StdoutLine: {'line': b'-- Searching for dependencies of ignition-msgs5\n'}
[51.822220] (irobot_create_gazebo_bringup) StdoutLine: {'line': b'-- Looking for ignition-math6 -- found version 6.15.1\n'}
[51.829371] (irobot_create_gazebo_bringup) StdoutLine: {'line': b"-- Checking for module 'tinyxml2'\n"}
[51.836190] (irobot_create_ignition_sim) CommandEnded: {'returncode': 0}
[51.837100] (irobot_create_ignition_sim) JobProgress: {'identifier': 'irobot_create_ignition_sim', 'progress': 'install'}
[51.838005] (irobot_create_ignition_sim) Command: {'cmd': ['/usr/bin/cmake', '--install', '/home/javierac/create3_ws/build/irobot_create_ignition_sim'], 'cwd': '/home/javierac/create3_ws/build/irobot_create_ignition_sim', 'env': OrderedDict([('USER', 'javierac'), ('HOSTNAME', '3fe4b3694adc'), ('SHLVL', '1'), ('LD_LIBRARY_PATH', '/home/javierac/create3_ws/install/irobot_create_nodes/lib:/home/javierac/create3_ws/install/irobot_create_ignition_toolbox/lib:/home/javierac/create3_ws/install/irobot_create_toolbox/lib:/usr/lib/x86_64-linux-gnu/gazebo-11/plugins:/opt/ros/humble/opt/rviz_ogre_vendor/lib:/opt/ros/humble/lib/x86_64-linux-gnu:/opt/ros/humble/lib'), ('HOME', '/root'), ('OLDPWD', '/'), ('ROS_PYTHON_VERSION', '3'), ('ROS_DISTRO', 'humble'), ('_', '/usr/bin/colcon'), ('ROS_VERSION', '2'), ('TERM', 'xterm'), ('ROS_LOCALHOST_ONLY', '0'), ('PATH', '/opt/ros/humble/bin:/usr/local/sbin:/usr/local/bin:/usr/sbin:/usr/bin:/sbin:/bin'), ('DISPLAY', ':1'), ('LANG', 'C.UTF-8'), ('LS_COLORS', 'rs=0:di=01;34:ln=01;36:mh=00:pi=40;33:so=01;35:do=01;35:bd=40;33;01:cd=40;33;01:or=40;31;01:mi=00:su=37;41:sg=30;43:ca=30;41:tw=30;42:ow=34;42:st=37;44:ex=01;32:*.tar=01;31:*.tgz=01;31:*.arc=01;31:*.arj=01;31:*.taz=01;31:*.lha=01;31:*.lz4=01;31:*.lzh=01;31:*.lzma=01;31:*.tlz=01;31:*.txz=01;31:*.tzo=01;31:*.t7z=01;31:*.zip=01;31:*.z=01;31:*.dz=01;31:*.gz=01;31:*.lrz=01;31:*.lz=01;31:*.lzo=01;31:*.xz=01;31:*.zst=01;31:*.tzst=01;31:*.bz2=01;31:*.bz=01;31:*.tbz=01;31:*.tbz2=01;31:*.tz=01;31:*.deb=01;31:*.rpm=01;31:*.jar=01;31:*.war=01;31:*.ear=01;31:*.sar=01;31:*.rar=01;31:*.alz=01;31:*.ace=01;31:*.zoo=01;31:*.cpio=01;31:*.7z=01;31:*.rz=01;31:*.cab=01;31:*.wim=01;31:*.swm=01;31:*.dwm=01;31:*.esd=01;31:*.jpg=01;35:*.jpeg=01;35:*.mjpg=01;35:*.mjpeg=01;35:*.gif=01;35:*.bmp=01;35:*.pbm=01;35:*.pgm=01;35:*.ppm=01;35:*.tga=01;35:*.xbm=01;35:*.xpm=01;35:*.tif=01;35:*.tiff=01;35:*.png=01;35:*.svg=01;35:*.svgz=01;35:*.mng=01;35:*.pcx=01;35:*.mov=01;35:*.mpg=01;35:*.mpeg=01;35:*.m2v=01;35:*.mkv=01;35:*.webm=01;35:*.webp=01;35:*.ogm=01;35:*.mp4=01;35:*.m4v=01;35:*.mp4v=01;35:*.vob=01;35:*.qt=01;35:*.nuv=01;35:*.wmv=01;35:*.asf=01;35:*.rm=01;35:*.rmvb=01;35:*.flc=01;35:*.avi=01;35:*.fli=01;35:*.flv=01;35:*.gl=01;35:*.dl=01;35:*.xcf=01;35:*.xwd=01;35:*.yuv=01;35:*.cgm=01;35:*.emf=01;35:*.ogv=01;35:*.ogx=01;35:*.aac=00;36:*.au=00;36:*.flac=00;36:*.m4a=00;36:*.mid=00;36:*.midi=00;36:*.mka=00;36:*.mp3=00;36:*.mpc=00;36:*.ogg=00;36:*.ra=00;36:*.wav=00;36:*.oga=00;36:*.opus=00;36:*.spx=00;36:*.xspf=00;36:'), ('AMENT_PREFIX_PATH', '/home/javierac/create3_ws/install/irobot_create_ignition_bringup:/home/javierac/create3_ws/install/irobot_create_common_bringup:/home/javierac/create3_ws/install/irobot_create_nodes:/home/javierac/create3_ws/install/irobot_create_ignition_toolbox:/home/javierac/create3_ws/install/irobot_create_toolbox:/home/javierac/create3_ws/install/irobot_create_ignition_plugins:/home/javierac/create3_ws/install/irobot_create_description:/home/javierac/create3_ws/install/irobot_create_control:/opt/ros/humble'), ('PWD', '/home/javierac/create3_ws/build/irobot_create_ignition_sim'), ('LC_ALL', 'C.UTF-8'), ('PYTHONPATH', '/home/javierac/create3_ws/install/irobot_create_common_bringup/local/lib/python3.10/dist-packages:/opt/ros/humble/lib/python3.10/site-packages:/opt/ros/humble/local/lib/python3.10/dist-packages'), ('NVIDIA_VISIBLE_DEVICES', 'all'), ('COLCON', '1'), ('CMAKE_PREFIX_PATH', '/home/javierac/create3_ws/install/irobot_create_ignition_bringup:/home/javierac/create3_ws/install/irobot_create_common_bringup:/home/javierac/create3_ws/install/irobot_create_nodes:/home/javierac/create3_ws/install/irobot_create_ignition_toolbox:/home/javierac/create3_ws/install/irobot_create_toolbox:/home/javierac/create3_ws/install/irobot_create_ignition_plugins:/home/javierac/create3_ws/install/irobot_create_description:/home/javierac/create3_ws/install/irobot_create_control:/opt/ros/humble')]), 'shell': False}
[51.846462] (irobot_create_ignition_sim) StdoutLine: {'line': b'-- Install configuration: ""\n'}
[51.846872] (irobot_create_ignition_sim) StdoutLine: {'line': b'-- Execute custom install script\n'}
[51.847153] (irobot_create_ignition_sim) StdoutLine: {'line': b'-- Symlinking: /home/javierac/create3_ws/install/irobot_create_ignition_sim/share/ament_index/resource_index/package_run_dependencies/irobot_create_ignition_sim\n'}
[51.848043] (irobot_create_gazebo_bringup) StdoutLine: {'line': b'--   Found tinyxml2, version 9.0.0\n'}
[51.857602] (irobot_create_ignition_sim) StdoutLine: {'line': b'-- Symlinking: /home/javierac/create3_ws/install/irobot_create_ignition_sim/share/ament_index/resource_index/parent_prefix_path/irobot_create_ignition_sim\n'}
[51.870924] (irobot_create_ignition_sim) StdoutLine: {'line': b'-- Symlinking: /home/javierac/create3_ws/install/irobot_create_ignition_sim/share/irobot_create_ignition_sim/environment/ament_prefix_path.sh\n'}
[51.874720] (-) TimerEvent: {}
[51.879881] (irobot_create_ignition_sim) StdoutLine: {'line': b'-- Symlinking: /home/javierac/create3_ws/install/irobot_create_ignition_sim/share/irobot_create_ignition_sim/environment/ament_prefix_path.dsv\n'}
[51.889941] (irobot_create_ignition_sim) StdoutLine: {'line': b'-- Symlinking: /home/javierac/create3_ws/install/irobot_create_ignition_sim/share/irobot_create_ignition_sim/environment/path.sh\n'}
[51.899208] (irobot_create_gazebo_bringup) StdoutLine: {'line': b'-- Looking for ignition-msgs5 -- found version 5.8.1\n'}
[51.901778] (irobot_create_ignition_sim) StdoutLine: {'line': b'-- Symlinking: /home/javierac/create3_ws/install/irobot_create_ignition_sim/share/irobot_create_ignition_sim/environment/path.dsv\n'}
[51.902925] (irobot_create_gazebo_bringup) StdoutLine: {'line': b'-- Looking for ignition-common3 -- found version 3.14.0\n'}
[51.903534] (irobot_create_gazebo_bringup) StdoutLine: {'line': b'-- Searching for dependencies of ignition-common3\n'}
[51.903665] (irobot_create_gazebo_bringup) StdoutLine: {'line': b'-- Looking for dlfcn.h - found\n'}
[51.904239] (irobot_create_gazebo_bringup) StdoutLine: {'line': b'-- Looking for libdl - found\n'}
[51.905794] (irobot_create_gazebo_bringup) StdoutLine: {'line': b'-- Found DL: TRUE  \n'}
[51.911525] (irobot_create_ignition_sim) StdoutLine: {'line': b'-- Symlinking: /home/javierac/create3_ws/install/irobot_create_ignition_sim/share/irobot_create_ignition_sim/local_setup.bash\n'}
[51.919026] (irobot_create_gazebo_bringup) StdoutLine: {'line': b'-- Found tinyobjloader: /usr/lib/x86_64-linux-gnu/cmake/tinyobjloader/tinyobjloader-config.cmake (found version "2.0.0") \n'}
[51.919566] (irobot_create_gazebo_bringup) StdoutLine: {'line': b'-- Searching for <ignition-common3> component [graphics]\n'}
[51.920097] (irobot_create_ignition_sim) StdoutLine: {'line': b'-- Symlinking: /home/javierac/create3_ws/install/irobot_create_ignition_sim/share/irobot_create_ignition_sim/local_setup.sh\n'}
[51.922633] (irobot_create_gazebo_bringup) StdoutLine: {'line': b'-- Looking for ignition-common3-graphics -- found version 3.14.0\n'}
[51.923125] (irobot_create_gazebo_bringup) StdoutLine: {'line': b'-- Searching for dependencies of ignition-common3-graphics\n'}
[51.923550] (irobot_create_gazebo_bringup) StdoutLine: {'line': b'-- Looking for ignition-math6 -- found version 6.15.1\n'}
[51.927262] (irobot_create_gazebo_bringup) StdoutLine: {'line': b'-- Looking for ignition-fuel_tools4 -- found version 4.4.0\n'}
[51.927699] (irobot_create_gazebo_bringup) StdoutLine: {'line': b'-- Searching for dependencies of ignition-fuel_tools4\n'}
[51.930926] (irobot_create_ignition_sim) StdoutLine: {'line': b'-- Symlinking: /home/javierac/create3_ws/install/irobot_create_ignition_sim/share/irobot_create_ignition_sim/local_setup.zsh\n'}
[51.939843] (irobot_create_ignition_sim) StdoutLine: {'line': b'-- Symlinking: /home/javierac/create3_ws/install/irobot_create_ignition_sim/share/irobot_create_ignition_sim/local_setup.dsv\n'}
[51.948316] (irobot_create_ignition_sim) StdoutLine: {'line': b'-- Symlinking: /home/javierac/create3_ws/install/irobot_create_ignition_sim/share/irobot_create_ignition_sim/package.dsv\n'}
[51.957009] (irobot_create_ignition_sim) StdoutLine: {'line': b'-- Symlinking: /home/javierac/create3_ws/install/irobot_create_ignition_sim/share/ament_index/resource_index/packages/irobot_create_ignition_sim\n'}
[51.964641] (irobot_create_ignition_sim) StdoutLine: {'line': b'-- Symlinking: /home/javierac/create3_ws/install/irobot_create_ignition_sim/share/irobot_create_ignition_sim/cmake/irobot_create_ignition_simConfig.cmake\n'}
[51.974877] (-) TimerEvent: {}
[51.976692] (irobot_create_ignition_sim) StdoutLine: {'line': b'-- Symlinking: /home/javierac/create3_ws/install/irobot_create_ignition_sim/share/irobot_create_ignition_sim/cmake/irobot_create_ignition_simConfig-version.cmake\n'}
[51.987265] (irobot_create_ignition_sim) StdoutLine: {'line': b'-- Symlinking: /home/javierac/create3_ws/install/irobot_create_ignition_sim/share/irobot_create_ignition_sim/package.xml\n'}
[51.999394] (irobot_create_ignition_sim) CommandEnded: {'returncode': 0}
[52.012480] (irobot_create_ignition_sim) JobEnded: {'identifier': 'irobot_create_ignition_sim', 'rc': 0}
[52.039735] (irobot_create_gazebo_bringup) StdoutLine: {'line': b'-- Found CURL: /usr/lib/x86_64-linux-gnu/libcurl.so (found version "7.81.0")  \n'}
[52.053167] (irobot_create_gazebo_bringup) StdoutLine: {'line': b"-- Checking for module 'jsoncpp'\n"}
[52.072180] (irobot_create_gazebo_bringup) StdoutLine: {'line': b'--   Found jsoncpp, version 1.9.5\n'}
[52.075052] (-) TimerEvent: {}
[52.123992] (irobot_create_gazebo_bringup) StdoutLine: {'line': b'-- Found JSONCPP: TRUE  \n'}
[52.132127] (irobot_create_gazebo_bringup) StdoutLine: {'line': b"-- Checking for module 'libzip'\n"}
[52.150902] (irobot_create_gazebo_bringup) StdoutLine: {'line': b'--   Found libzip, version 1.7.3\n'}
[52.175191] (-) TimerEvent: {}
[52.211309] (irobot_create_gazebo_bringup) StdoutLine: {'line': b'-- Found ZIP: TRUE  \n'}
[52.212173] (irobot_create_gazebo_bringup) StdoutLine: {'line': b'-- Looking for ignition-common3 -- found version 3.14.0\n'}
[52.212934] (irobot_create_gazebo_bringup) StdoutLine: {'line': b'-- Looking for ignition-math6 -- found version 6.15.1\n'}
[52.213578] (irobot_create_gazebo_bringup) StdoutLine: {'line': b'-- Looking for ignition-msgs5 -- found version 5.8.1\n'}
[52.220233] (irobot_create_gazebo_bringup) StdoutLine: {'line': b'-- Gazebo version: 11.10\n'}
[52.220563] (irobot_create_gazebo_bringup) StdoutLine: {'line': b"-- Checking for module 'tbb'\n"}
[52.239884] (irobot_create_gazebo_bringup) StdoutLine: {'line': b'--   Found tbb, version 2021.5.0\n'}
[52.275283] (-) TimerEvent: {}
[52.291869] (irobot_create_gazebo_bringup) StdoutLine: {'line': b'-- Found ament_lint_auto: 0.12.14 (/opt/ros/humble/share/ament_lint_auto/cmake)\n'}
[52.375460] (-) TimerEvent: {}
[52.383508] (irobot_create_gazebo_bringup) StdoutLine: {'line': b"-- Added test 'flake8' to check Python code syntax and style conventions\n"}
[52.384105] (irobot_create_gazebo_bringup) StdoutLine: {'line': b"-- Added test 'lint_cmake' to check CMake code style\n"}
[52.384731] (irobot_create_gazebo_bringup) StdoutLine: {'line': b"-- Added test 'pep257' to check Python code against some of the docstring style conventions in PEP 257\n"}
[52.386240] (irobot_create_gazebo_bringup) StdoutLine: {'line': b"-- Added test 'xmllint' to check XML markup files\n"}
[52.387267] (irobot_create_gazebo_bringup) StdoutLine: {'line': b'-- Configuring done\n'}
[52.392109] (irobot_create_gazebo_bringup) StdoutLine: {'line': b'-- Generating done\n'}
[52.394608] (irobot_create_gazebo_bringup) StdoutLine: {'line': b'-- Build files have been written to: /home/javierac/create3_ws/build/irobot_create_gazebo_bringup\n'}
[52.405407] (irobot_create_gazebo_bringup) CommandEnded: {'returncode': 0}
[52.406033] (irobot_create_gazebo_bringup) JobProgress: {'identifier': 'irobot_create_gazebo_bringup', 'progress': 'build'}
[52.406542] (irobot_create_gazebo_bringup) Command: {'cmd': ['/usr/bin/cmake', '--build', '/home/javierac/create3_ws/build/irobot_create_gazebo_bringup', '--', '-j20', '-l20'], 'cwd': '/home/javierac/create3_ws/build/irobot_create_gazebo_bringup', 'env': OrderedDict([('USER', 'javierac'), ('HOSTNAME', '3fe4b3694adc'), ('SHLVL', '1'), ('LD_LIBRARY_PATH', '/home/javierac/create3_ws/install/irobot_create_nodes/lib:/home/javierac/create3_ws/install/irobot_create_gazebo_plugins/lib:/home/javierac/create3_ws/install/irobot_create_toolbox/lib:/usr/lib/x86_64-linux-gnu/gazebo-11/plugins:/opt/ros/humble/opt/rviz_ogre_vendor/lib:/opt/ros/humble/lib/x86_64-linux-gnu:/opt/ros/humble/lib'), ('HOME', '/root'), ('OLDPWD', '/'), ('ROS_PYTHON_VERSION', '3'), ('ROS_DISTRO', 'humble'), ('_', '/usr/bin/colcon'), ('ROS_VERSION', '2'), ('TERM', 'xterm'), ('ROS_LOCALHOST_ONLY', '0'), ('PATH', '/opt/ros/humble/bin:/usr/local/sbin:/usr/local/bin:/usr/sbin:/usr/bin:/sbin:/bin'), ('DISPLAY', ':1'), ('LANG', 'C.UTF-8'), ('LS_COLORS', 'rs=0:di=01;34:ln=01;36:mh=00:pi=40;33:so=01;35:do=01;35:bd=40;33;01:cd=40;33;01:or=40;31;01:mi=00:su=37;41:sg=30;43:ca=30;41:tw=30;42:ow=34;42:st=37;44:ex=01;32:*.tar=01;31:*.tgz=01;31:*.arc=01;31:*.arj=01;31:*.taz=01;31:*.lha=01;31:*.lz4=01;31:*.lzh=01;31:*.lzma=01;31:*.tlz=01;31:*.txz=01;31:*.tzo=01;31:*.t7z=01;31:*.zip=01;31:*.z=01;31:*.dz=01;31:*.gz=01;31:*.lrz=01;31:*.lz=01;31:*.lzo=01;31:*.xz=01;31:*.zst=01;31:*.tzst=01;31:*.bz2=01;31:*.bz=01;31:*.tbz=01;31:*.tbz2=01;31:*.tz=01;31:*.deb=01;31:*.rpm=01;31:*.jar=01;31:*.war=01;31:*.ear=01;31:*.sar=01;31:*.rar=01;31:*.alz=01;31:*.ace=01;31:*.zoo=01;31:*.cpio=01;31:*.7z=01;31:*.rz=01;31:*.cab=01;31:*.wim=01;31:*.swm=01;31:*.dwm=01;31:*.esd=01;31:*.jpg=01;35:*.jpeg=01;35:*.mjpg=01;35:*.mjpeg=01;35:*.gif=01;35:*.bmp=01;35:*.pbm=01;35:*.pgm=01;35:*.ppm=01;35:*.tga=01;35:*.xbm=01;35:*.xpm=01;35:*.tif=01;35:*.tiff=01;35:*.png=01;35:*.svg=01;35:*.svgz=01;35:*.mng=01;35:*.pcx=01;35:*.mov=01;35:*.mpg=01;35:*.mpeg=01;35:*.m2v=01;35:*.mkv=01;35:*.webm=01;35:*.webp=01;35:*.ogm=01;35:*.mp4=01;35:*.m4v=01;35:*.mp4v=01;35:*.vob=01;35:*.qt=01;35:*.nuv=01;35:*.wmv=01;35:*.asf=01;35:*.rm=01;35:*.rmvb=01;35:*.flc=01;35:*.avi=01;35:*.fli=01;35:*.flv=01;35:*.gl=01;35:*.dl=01;35:*.xcf=01;35:*.xwd=01;35:*.yuv=01;35:*.cgm=01;35:*.emf=01;35:*.ogv=01;35:*.ogx=01;35:*.aac=00;36:*.au=00;36:*.flac=00;36:*.m4a=00;36:*.mid=00;36:*.midi=00;36:*.mka=00;36:*.mp3=00;36:*.mpc=00;36:*.ogg=00;36:*.ra=00;36:*.wav=00;36:*.oga=00;36:*.opus=00;36:*.spx=00;36:*.xspf=00;36:'), ('AMENT_PREFIX_PATH', '/home/javierac/create3_ws/install/irobot_create_common_bringup:/home/javierac/create3_ws/install/irobot_create_nodes:/home/javierac/create3_ws/install/irobot_create_gazebo_plugins:/home/javierac/create3_ws/install/irobot_create_toolbox:/home/javierac/create3_ws/install/irobot_create_description:/home/javierac/create3_ws/install/irobot_create_control:/opt/ros/humble'), ('PWD', '/home/javierac/create3_ws/build/irobot_create_gazebo_bringup'), ('LC_ALL', 'C.UTF-8'), ('PYTHONPATH', '/home/javierac/create3_ws/install/irobot_create_common_bringup/local/lib/python3.10/dist-packages:/opt/ros/humble/lib/python3.10/site-packages:/opt/ros/humble/local/lib/python3.10/dist-packages'), ('NVIDIA_VISIBLE_DEVICES', 'all'), ('COLCON', '1'), ('CMAKE_PREFIX_PATH', '/home/javierac/create3_ws/install/irobot_create_common_bringup:/home/javierac/create3_ws/install/irobot_create_nodes:/home/javierac/create3_ws/install/irobot_create_gazebo_plugins:/home/javierac/create3_ws/install/irobot_create_toolbox:/home/javierac/create3_ws/install/irobot_create_description:/home/javierac/create3_ws/install/irobot_create_control:/opt/ros/humble')]), 'shell': False}
[52.462308] (irobot_create_gazebo_bringup) CommandEnded: {'returncode': 0}
[52.462976] (irobot_create_gazebo_bringup) JobProgress: {'identifier': 'irobot_create_gazebo_bringup', 'progress': 'install'}
[52.463954] (irobot_create_gazebo_bringup) Command: {'cmd': ['/usr/bin/cmake', '--install', '/home/javierac/create3_ws/build/irobot_create_gazebo_bringup'], 'cwd': '/home/javierac/create3_ws/build/irobot_create_gazebo_bringup', 'env': OrderedDict([('USER', 'javierac'), ('HOSTNAME', '3fe4b3694adc'), ('SHLVL', '1'), ('LD_LIBRARY_PATH', '/home/javierac/create3_ws/install/irobot_create_nodes/lib:/home/javierac/create3_ws/install/irobot_create_gazebo_plugins/lib:/home/javierac/create3_ws/install/irobot_create_toolbox/lib:/usr/lib/x86_64-linux-gnu/gazebo-11/plugins:/opt/ros/humble/opt/rviz_ogre_vendor/lib:/opt/ros/humble/lib/x86_64-linux-gnu:/opt/ros/humble/lib'), ('HOME', '/root'), ('OLDPWD', '/'), ('ROS_PYTHON_VERSION', '3'), ('ROS_DISTRO', 'humble'), ('_', '/usr/bin/colcon'), ('ROS_VERSION', '2'), ('TERM', 'xterm'), ('ROS_LOCALHOST_ONLY', '0'), ('PATH', '/opt/ros/humble/bin:/usr/local/sbin:/usr/local/bin:/usr/sbin:/usr/bin:/sbin:/bin'), ('DISPLAY', ':1'), ('LANG', 'C.UTF-8'), ('LS_COLORS', 'rs=0:di=01;34:ln=01;36:mh=00:pi=40;33:so=01;35:do=01;35:bd=40;33;01:cd=40;33;01:or=40;31;01:mi=00:su=37;41:sg=30;43:ca=30;41:tw=30;42:ow=34;42:st=37;44:ex=01;32:*.tar=01;31:*.tgz=01;31:*.arc=01;31:*.arj=01;31:*.taz=01;31:*.lha=01;31:*.lz4=01;31:*.lzh=01;31:*.lzma=01;31:*.tlz=01;31:*.txz=01;31:*.tzo=01;31:*.t7z=01;31:*.zip=01;31:*.z=01;31:*.dz=01;31:*.gz=01;31:*.lrz=01;31:*.lz=01;31:*.lzo=01;31:*.xz=01;31:*.zst=01;31:*.tzst=01;31:*.bz2=01;31:*.bz=01;31:*.tbz=01;31:*.tbz2=01;31:*.tz=01;31:*.deb=01;31:*.rpm=01;31:*.jar=01;31:*.war=01;31:*.ear=01;31:*.sar=01;31:*.rar=01;31:*.alz=01;31:*.ace=01;31:*.zoo=01;31:*.cpio=01;31:*.7z=01;31:*.rz=01;31:*.cab=01;31:*.wim=01;31:*.swm=01;31:*.dwm=01;31:*.esd=01;31:*.jpg=01;35:*.jpeg=01;35:*.mjpg=01;35:*.mjpeg=01;35:*.gif=01;35:*.bmp=01;35:*.pbm=01;35:*.pgm=01;35:*.ppm=01;35:*.tga=01;35:*.xbm=01;35:*.xpm=01;35:*.tif=01;35:*.tiff=01;35:*.png=01;35:*.svg=01;35:*.svgz=01;35:*.mng=01;35:*.pcx=01;35:*.mov=01;35:*.mpg=01;35:*.mpeg=01;35:*.m2v=01;35:*.mkv=01;35:*.webm=01;35:*.webp=01;35:*.ogm=01;35:*.mp4=01;35:*.m4v=01;35:*.mp4v=01;35:*.vob=01;35:*.qt=01;35:*.nuv=01;35:*.wmv=01;35:*.asf=01;35:*.rm=01;35:*.rmvb=01;35:*.flc=01;35:*.avi=01;35:*.fli=01;35:*.flv=01;35:*.gl=01;35:*.dl=01;35:*.xcf=01;35:*.xwd=01;35:*.yuv=01;35:*.cgm=01;35:*.emf=01;35:*.ogv=01;35:*.ogx=01;35:*.aac=00;36:*.au=00;36:*.flac=00;36:*.m4a=00;36:*.mid=00;36:*.midi=00;36:*.mka=00;36:*.mp3=00;36:*.mpc=00;36:*.ogg=00;36:*.ra=00;36:*.wav=00;36:*.oga=00;36:*.opus=00;36:*.spx=00;36:*.xspf=00;36:'), ('AMENT_PREFIX_PATH', '/home/javierac/create3_ws/install/irobot_create_common_bringup:/home/javierac/create3_ws/install/irobot_create_nodes:/home/javierac/create3_ws/install/irobot_create_gazebo_plugins:/home/javierac/create3_ws/install/irobot_create_toolbox:/home/javierac/create3_ws/install/irobot_create_description:/home/javierac/create3_ws/install/irobot_create_control:/opt/ros/humble'), ('PWD', '/home/javierac/create3_ws/build/irobot_create_gazebo_bringup'), ('LC_ALL', 'C.UTF-8'), ('PYTHONPATH', '/home/javierac/create3_ws/install/irobot_create_common_bringup/local/lib/python3.10/dist-packages:/opt/ros/humble/lib/python3.10/site-packages:/opt/ros/humble/local/lib/python3.10/dist-packages'), ('NVIDIA_VISIBLE_DEVICES', 'all'), ('COLCON', '1'), ('CMAKE_PREFIX_PATH', '/home/javierac/create3_ws/install/irobot_create_common_bringup:/home/javierac/create3_ws/install/irobot_create_nodes:/home/javierac/create3_ws/install/irobot_create_gazebo_plugins:/home/javierac/create3_ws/install/irobot_create_toolbox:/home/javierac/create3_ws/install/irobot_create_description:/home/javierac/create3_ws/install/irobot_create_control:/opt/ros/humble')]), 'shell': False}
[52.471282] (irobot_create_gazebo_bringup) StdoutLine: {'line': b'-- Install configuration: ""\n'}
[52.471897] (irobot_create_gazebo_bringup) StdoutLine: {'line': b'-- Execute custom install script\n'}
[52.472375] (irobot_create_gazebo_bringup) StdoutLine: {'line': b'-- Symlinking: /home/javierac/create3_ws/install/irobot_create_gazebo_bringup/share/irobot_create_gazebo_bringup/config/gazebo_params.yaml\n'}
[52.475534] (-) TimerEvent: {}
[52.483180] (irobot_create_gazebo_bringup) StdoutLine: {'line': b'-- Symlinking: /home/javierac/create3_ws/install/irobot_create_gazebo_bringup/share/irobot_create_gazebo_bringup/launch/create3_gazebo.launch.py\n'}
[52.493532] (irobot_create_gazebo_bringup) StdoutLine: {'line': b'-- Symlinking: /home/javierac/create3_ws/install/irobot_create_gazebo_bringup/share/irobot_create_gazebo_bringup/launch/create3_gazebo_aws_small.launch.py\n'}
[52.503252] (irobot_create_gazebo_bringup) StdoutLine: {'line': b'-- Symlinking: /home/javierac/create3_ws/install/irobot_create_gazebo_bringup/share/irobot_create_gazebo_bringup/launch/create3_spawn.launch.py\n'}
[52.512674] (irobot_create_gazebo_bringup) StdoutLine: {'line': b'-- Symlinking: /home/javierac/create3_ws/install/irobot_create_gazebo_bringup/share/irobot_create_gazebo_bringup/launch/gazebo.launch.py\n'}
[52.523764] (irobot_create_gazebo_bringup) StdoutLine: {'line': b'-- Symlinking: /home/javierac/create3_ws/install/irobot_create_gazebo_bringup/share/irobot_create_gazebo_bringup/launch/worlds/stage9-obstacle.model\n'}
[52.533139] (irobot_create_gazebo_bringup) StdoutLine: {'line': b'-- Symlinking: /home/javierac/create3_ws/install/irobot_create_gazebo_bringup/share/irobot_create_gazebo_bringup/launch/worlds/stage9.model\n'}
[52.543659] (irobot_create_gazebo_bringup) StdoutLine: {'line': b'-- Symlinking: /home/javierac/create3_ws/install/irobot_create_gazebo_bringup/share/irobot_create_gazebo_bringup/launch/worlds/test.world\n'}
[52.552669] (irobot_create_gazebo_bringup) StdoutLine: {'line': b'-- Symlinking: /home/javierac/create3_ws/install/irobot_create_gazebo_bringup/share/ament_index/resource_index/package_run_dependencies/irobot_create_gazebo_bringup\n'}
[52.562889] (irobot_create_gazebo_bringup) StdoutLine: {'line': b'-- Symlinking: /home/javierac/create3_ws/install/irobot_create_gazebo_bringup/share/ament_index/resource_index/parent_prefix_path/irobot_create_gazebo_bringup\n'}
[52.571692] (irobot_create_gazebo_bringup) StdoutLine: {'line': b'-- Symlinking: /home/javierac/create3_ws/install/irobot_create_gazebo_bringup/share/irobot_create_gazebo_bringup/environment/ament_prefix_path.sh\n'}
[52.575650] (-) TimerEvent: {}
[52.583180] (irobot_create_gazebo_bringup) StdoutLine: {'line': b'-- Symlinking: /home/javierac/create3_ws/install/irobot_create_gazebo_bringup/share/irobot_create_gazebo_bringup/environment/ament_prefix_path.dsv\n'}
[52.593422] (irobot_create_gazebo_bringup) StdoutLine: {'line': b'-- Symlinking: /home/javierac/create3_ws/install/irobot_create_gazebo_bringup/share/irobot_create_gazebo_bringup/environment/path.sh\n'}
[52.603243] (irobot_create_gazebo_bringup) StdoutLine: {'line': b'-- Symlinking: /home/javierac/create3_ws/install/irobot_create_gazebo_bringup/share/irobot_create_gazebo_bringup/environment/path.dsv\n'}
[52.612136] (irobot_create_gazebo_bringup) StdoutLine: {'line': b'-- Symlinking: /home/javierac/create3_ws/install/irobot_create_gazebo_bringup/share/irobot_create_gazebo_bringup/local_setup.bash\n'}
[52.624388] (irobot_create_gazebo_bringup) StdoutLine: {'line': b'-- Symlinking: /home/javierac/create3_ws/install/irobot_create_gazebo_bringup/share/irobot_create_gazebo_bringup/local_setup.sh\n'}
[52.631911] (irobot_create_gazebo_bringup) StdoutLine: {'line': b'-- Symlinking: /home/javierac/create3_ws/install/irobot_create_gazebo_bringup/share/irobot_create_gazebo_bringup/local_setup.zsh\n'}
[52.641239] (irobot_create_gazebo_bringup) StdoutLine: {'line': b'-- Symlinking: /home/javierac/create3_ws/install/irobot_create_gazebo_bringup/share/irobot_create_gazebo_bringup/local_setup.dsv\n'}
[52.652299] (irobot_create_gazebo_bringup) StdoutLine: {'line': b'-- Symlinking: /home/javierac/create3_ws/install/irobot_create_gazebo_bringup/share/irobot_create_gazebo_bringup/package.dsv\n'}
[52.663714] (irobot_create_gazebo_bringup) StdoutLine: {'line': b'-- Symlinking: /home/javierac/create3_ws/install/irobot_create_gazebo_bringup/share/ament_index/resource_index/packages/irobot_create_gazebo_bringup\n'}
[52.673941] (irobot_create_gazebo_bringup) StdoutLine: {'line': b'-- Symlinking: /home/javierac/create3_ws/install/irobot_create_gazebo_bringup/share/irobot_create_gazebo_bringup/cmake/irobot_create_gazebo_bringupConfig.cmake\n'}
[52.675736] (-) TimerEvent: {}
[52.686290] (irobot_create_gazebo_bringup) StdoutLine: {'line': b'-- Symlinking: /home/javierac/create3_ws/install/irobot_create_gazebo_bringup/share/irobot_create_gazebo_bringup/cmake/irobot_create_gazebo_bringupConfig-version.cmake\n'}
[52.699802] (irobot_create_gazebo_bringup) StdoutLine: {'line': b'-- Symlinking: /home/javierac/create3_ws/install/irobot_create_gazebo_bringup/share/irobot_create_gazebo_bringup/package.xml\n'}
[52.713615] (irobot_create_gazebo_bringup) CommandEnded: {'returncode': 0}
[52.727660] (irobot_create_gazebo_bringup) JobEnded: {'identifier': 'irobot_create_gazebo_bringup', 'rc': 0}
[52.728942] (irobot_create_gazebo_sim) JobStarted: {'identifier': 'irobot_create_gazebo_sim'}
[52.753227] (irobot_create_gazebo_sim) JobProgress: {'identifier': 'irobot_create_gazebo_sim', 'progress': 'cmake'}
[52.754941] (irobot_create_gazebo_sim) Command: {'cmd': ['/usr/bin/cmake', '/home/javierac/create3_ws/src/irobot_create_gazebo/irobot_create_gazebo_sim', '-DAMENT_CMAKE_SYMLINK_INSTALL=1', '-DCMAKE_INSTALL_PREFIX=/home/javierac/create3_ws/install/irobot_create_gazebo_sim'], 'cwd': '/home/javierac/create3_ws/build/irobot_create_gazebo_sim', 'env': OrderedDict([('USER', 'javierac'), ('HOSTNAME', '3fe4b3694adc'), ('SHLVL', '1'), ('LD_LIBRARY_PATH', '/home/javierac/create3_ws/install/irobot_create_nodes/lib:/home/javierac/create3_ws/install/irobot_create_gazebo_plugins/lib:/home/javierac/create3_ws/install/irobot_create_toolbox/lib:/usr/lib/x86_64-linux-gnu/gazebo-11/plugins:/opt/ros/humble/opt/rviz_ogre_vendor/lib:/opt/ros/humble/lib/x86_64-linux-gnu:/opt/ros/humble/lib'), ('HOME', '/root'), ('OLDPWD', '/'), ('ROS_PYTHON_VERSION', '3'), ('ROS_DISTRO', 'humble'), ('_', '/usr/bin/colcon'), ('ROS_VERSION', '2'), ('TERM', 'xterm'), ('ROS_LOCALHOST_ONLY', '0'), ('PATH', '/opt/ros/humble/bin:/usr/local/sbin:/usr/local/bin:/usr/sbin:/usr/bin:/sbin:/bin'), ('DISPLAY', ':1'), ('LANG', 'C.UTF-8'), ('LS_COLORS', 'rs=0:di=01;34:ln=01;36:mh=00:pi=40;33:so=01;35:do=01;35:bd=40;33;01:cd=40;33;01:or=40;31;01:mi=00:su=37;41:sg=30;43:ca=30;41:tw=30;42:ow=34;42:st=37;44:ex=01;32:*.tar=01;31:*.tgz=01;31:*.arc=01;31:*.arj=01;31:*.taz=01;31:*.lha=01;31:*.lz4=01;31:*.lzh=01;31:*.lzma=01;31:*.tlz=01;31:*.txz=01;31:*.tzo=01;31:*.t7z=01;31:*.zip=01;31:*.z=01;31:*.dz=01;31:*.gz=01;31:*.lrz=01;31:*.lz=01;31:*.lzo=01;31:*.xz=01;31:*.zst=01;31:*.tzst=01;31:*.bz2=01;31:*.bz=01;31:*.tbz=01;31:*.tbz2=01;31:*.tz=01;31:*.deb=01;31:*.rpm=01;31:*.jar=01;31:*.war=01;31:*.ear=01;31:*.sar=01;31:*.rar=01;31:*.alz=01;31:*.ace=01;31:*.zoo=01;31:*.cpio=01;31:*.7z=01;31:*.rz=01;31:*.cab=01;31:*.wim=01;31:*.swm=01;31:*.dwm=01;31:*.esd=01;31:*.jpg=01;35:*.jpeg=01;35:*.mjpg=01;35:*.mjpeg=01;35:*.gif=01;35:*.bmp=01;35:*.pbm=01;35:*.pgm=01;35:*.ppm=01;35:*.tga=01;35:*.xbm=01;35:*.xpm=01;35:*.tif=01;35:*.tiff=01;35:*.png=01;35:*.svg=01;35:*.svgz=01;35:*.mng=01;35:*.pcx=01;35:*.mov=01;35:*.mpg=01;35:*.mpeg=01;35:*.m2v=01;35:*.mkv=01;35:*.webm=01;35:*.webp=01;35:*.ogm=01;35:*.mp4=01;35:*.m4v=01;35:*.mp4v=01;35:*.vob=01;35:*.qt=01;35:*.nuv=01;35:*.wmv=01;35:*.asf=01;35:*.rm=01;35:*.rmvb=01;35:*.flc=01;35:*.avi=01;35:*.fli=01;35:*.flv=01;35:*.gl=01;35:*.dl=01;35:*.xcf=01;35:*.xwd=01;35:*.yuv=01;35:*.cgm=01;35:*.emf=01;35:*.ogv=01;35:*.ogx=01;35:*.aac=00;36:*.au=00;36:*.flac=00;36:*.m4a=00;36:*.mid=00;36:*.midi=00;36:*.mka=00;36:*.mp3=00;36:*.mpc=00;36:*.ogg=00;36:*.ra=00;36:*.wav=00;36:*.oga=00;36:*.opus=00;36:*.spx=00;36:*.xspf=00;36:'), ('AMENT_PREFIX_PATH', '/home/javierac/create3_ws/install/irobot_create_gazebo_bringup:/home/javierac/create3_ws/install/irobot_create_common_bringup:/home/javierac/create3_ws/install/irobot_create_nodes:/home/javierac/create3_ws/install/irobot_create_gazebo_plugins:/home/javierac/create3_ws/install/irobot_create_toolbox:/home/javierac/create3_ws/install/irobot_create_description:/home/javierac/create3_ws/install/irobot_create_control:/opt/ros/humble'), ('PWD', '/home/javierac/create3_ws/build/irobot_create_gazebo_sim'), ('LC_ALL', 'C.UTF-8'), ('PYTHONPATH', '/home/javierac/create3_ws/install/irobot_create_common_bringup/local/lib/python3.10/dist-packages:/opt/ros/humble/lib/python3.10/site-packages:/opt/ros/humble/local/lib/python3.10/dist-packages'), ('NVIDIA_VISIBLE_DEVICES', 'all'), ('COLCON', '1'), ('CMAKE_PREFIX_PATH', '/home/javierac/create3_ws/install/irobot_create_gazebo_bringup:/home/javierac/create3_ws/install/irobot_create_common_bringup:/home/javierac/create3_ws/install/irobot_create_nodes:/home/javierac/create3_ws/install/irobot_create_gazebo_plugins:/home/javierac/create3_ws/install/irobot_create_toolbox:/home/javierac/create3_ws/install/irobot_create_description:/home/javierac/create3_ws/install/irobot_create_control:/opt/ros/humble')]), 'shell': False}
[52.775921] (-) TimerEvent: {}
[52.831643] (irobot_create_gazebo_sim) StdoutLine: {'line': b'-- The C compiler identification is GNU 11.4.0\n'}
[52.876064] (-) TimerEvent: {}
[52.892011] (irobot_create_gazebo_sim) StdoutLine: {'line': b'-- The CXX compiler identification is GNU 11.4.0\n'}
[52.900007] (irobot_create_gazebo_sim) StdoutLine: {'line': b'-- Detecting C compiler ABI info\n'}
[52.976174] (-) TimerEvent: {}
[52.987173] (irobot_create_gazebo_sim) StdoutLine: {'line': b'-- Detecting C compiler ABI info - done\n'}
[52.994686] (irobot_create_gazebo_sim) StdoutLine: {'line': b'-- Check for working C compiler: /usr/bin/cc - skipped\n'}
[52.995252] (irobot_create_gazebo_sim) StdoutLine: {'line': b'-- Detecting C compile features\n'}
[52.995520] (irobot_create_gazebo_sim) StdoutLine: {'line': b'-- Detecting C compile features - done\n'}
[52.998916] (irobot_create_gazebo_sim) StdoutLine: {'line': b'-- Detecting CXX compiler ABI info\n'}
[53.076283] (-) TimerEvent: {}
[53.096811] (irobot_create_gazebo_sim) StdoutLine: {'line': b'-- Detecting CXX compiler ABI info - done\n'}
[53.110096] (irobot_create_gazebo_sim) StdoutLine: {'line': b'-- Check for working CXX compiler: /usr/bin/c++ - skipped\n'}
[53.110635] (irobot_create_gazebo_sim) StdoutLine: {'line': b'-- Detecting CXX compile features\n'}
[53.111391] (irobot_create_gazebo_sim) StdoutLine: {'line': b'-- Detecting CXX compile features - done\n'}
[53.117232] (irobot_create_gazebo_sim) StdoutLine: {'line': b'-- Found ament_cmake: 1.3.12 (/opt/ros/humble/share/ament_cmake/cmake)\n'}
[53.176372] (-) TimerEvent: {}
[53.276623] (-) TimerEvent: {}
[53.278795] (irobot_create_gazebo_sim) StdoutLine: {'line': b'-- Found Python3: /usr/bin/python3 (found version "3.10.12") found components: Interpreter \n'}
[53.340619] (irobot_create_gazebo_sim) StdoutLine: {'line': b'-- Override CMake install command with custom implementation using symlinks instead of copying resources\n'}
[53.376793] (-) TimerEvent: {}
[53.454549] (irobot_create_gazebo_sim) StdoutLine: {'line': b'-- Configuring done\n'}
[53.456690] (irobot_create_gazebo_sim) StdoutLine: {'line': b'-- Generating done\n'}
[53.457841] (irobot_create_gazebo_sim) StdoutLine: {'line': b'-- Build files have been written to: /home/javierac/create3_ws/build/irobot_create_gazebo_sim\n'}
[53.461719] (irobot_create_gazebo_sim) CommandEnded: {'returncode': 0}
[53.462276] (irobot_create_gazebo_sim) JobProgress: {'identifier': 'irobot_create_gazebo_sim', 'progress': 'build'}
[53.463349] (irobot_create_gazebo_sim) Command: {'cmd': ['/usr/bin/cmake', '--build', '/home/javierac/create3_ws/build/irobot_create_gazebo_sim', '--', '-j20', '-l20'], 'cwd': '/home/javierac/create3_ws/build/irobot_create_gazebo_sim', 'env': OrderedDict([('USER', 'javierac'), ('HOSTNAME', '3fe4b3694adc'), ('SHLVL', '1'), ('LD_LIBRARY_PATH', '/home/javierac/create3_ws/install/irobot_create_nodes/lib:/home/javierac/create3_ws/install/irobot_create_gazebo_plugins/lib:/home/javierac/create3_ws/install/irobot_create_toolbox/lib:/usr/lib/x86_64-linux-gnu/gazebo-11/plugins:/opt/ros/humble/opt/rviz_ogre_vendor/lib:/opt/ros/humble/lib/x86_64-linux-gnu:/opt/ros/humble/lib'), ('HOME', '/root'), ('OLDPWD', '/'), ('ROS_PYTHON_VERSION', '3'), ('ROS_DISTRO', 'humble'), ('_', '/usr/bin/colcon'), ('ROS_VERSION', '2'), ('TERM', 'xterm'), ('ROS_LOCALHOST_ONLY', '0'), ('PATH', '/opt/ros/humble/bin:/usr/local/sbin:/usr/local/bin:/usr/sbin:/usr/bin:/sbin:/bin'), ('DISPLAY', ':1'), ('LANG', 'C.UTF-8'), ('LS_COLORS', 'rs=0:di=01;34:ln=01;36:mh=00:pi=40;33:so=01;35:do=01;35:bd=40;33;01:cd=40;33;01:or=40;31;01:mi=00:su=37;41:sg=30;43:ca=30;41:tw=30;42:ow=34;42:st=37;44:ex=01;32:*.tar=01;31:*.tgz=01;31:*.arc=01;31:*.arj=01;31:*.taz=01;31:*.lha=01;31:*.lz4=01;31:*.lzh=01;31:*.lzma=01;31:*.tlz=01;31:*.txz=01;31:*.tzo=01;31:*.t7z=01;31:*.zip=01;31:*.z=01;31:*.dz=01;31:*.gz=01;31:*.lrz=01;31:*.lz=01;31:*.lzo=01;31:*.xz=01;31:*.zst=01;31:*.tzst=01;31:*.bz2=01;31:*.bz=01;31:*.tbz=01;31:*.tbz2=01;31:*.tz=01;31:*.deb=01;31:*.rpm=01;31:*.jar=01;31:*.war=01;31:*.ear=01;31:*.sar=01;31:*.rar=01;31:*.alz=01;31:*.ace=01;31:*.zoo=01;31:*.cpio=01;31:*.7z=01;31:*.rz=01;31:*.cab=01;31:*.wim=01;31:*.swm=01;31:*.dwm=01;31:*.esd=01;31:*.jpg=01;35:*.jpeg=01;35:*.mjpg=01;35:*.mjpeg=01;35:*.gif=01;35:*.bmp=01;35:*.pbm=01;35:*.pgm=01;35:*.ppm=01;35:*.tga=01;35:*.xbm=01;35:*.xpm=01;35:*.tif=01;35:*.tiff=01;35:*.png=01;35:*.svg=01;35:*.svgz=01;35:*.mng=01;35:*.pcx=01;35:*.mov=01;35:*.mpg=01;35:*.mpeg=01;35:*.m2v=01;35:*.mkv=01;35:*.webm=01;35:*.webp=01;35:*.ogm=01;35:*.mp4=01;35:*.m4v=01;35:*.mp4v=01;35:*.vob=01;35:*.qt=01;35:*.nuv=01;35:*.wmv=01;35:*.asf=01;35:*.rm=01;35:*.rmvb=01;35:*.flc=01;35:*.avi=01;35:*.fli=01;35:*.flv=01;35:*.gl=01;35:*.dl=01;35:*.xcf=01;35:*.xwd=01;35:*.yuv=01;35:*.cgm=01;35:*.emf=01;35:*.ogv=01;35:*.ogx=01;35:*.aac=00;36:*.au=00;36:*.flac=00;36:*.m4a=00;36:*.mid=00;36:*.midi=00;36:*.mka=00;36:*.mp3=00;36:*.mpc=00;36:*.ogg=00;36:*.ra=00;36:*.wav=00;36:*.oga=00;36:*.opus=00;36:*.spx=00;36:*.xspf=00;36:'), ('AMENT_PREFIX_PATH', '/home/javierac/create3_ws/install/irobot_create_gazebo_bringup:/home/javierac/create3_ws/install/irobot_create_common_bringup:/home/javierac/create3_ws/install/irobot_create_nodes:/home/javierac/create3_ws/install/irobot_create_gazebo_plugins:/home/javierac/create3_ws/install/irobot_create_toolbox:/home/javierac/create3_ws/install/irobot_create_description:/home/javierac/create3_ws/install/irobot_create_control:/opt/ros/humble'), ('PWD', '/home/javierac/create3_ws/build/irobot_create_gazebo_sim'), ('LC_ALL', 'C.UTF-8'), ('PYTHONPATH', '/home/javierac/create3_ws/install/irobot_create_common_bringup/local/lib/python3.10/dist-packages:/opt/ros/humble/lib/python3.10/site-packages:/opt/ros/humble/local/lib/python3.10/dist-packages'), ('NVIDIA_VISIBLE_DEVICES', 'all'), ('COLCON', '1'), ('CMAKE_PREFIX_PATH', '/home/javierac/create3_ws/install/irobot_create_gazebo_bringup:/home/javierac/create3_ws/install/irobot_create_common_bringup:/home/javierac/create3_ws/install/irobot_create_nodes:/home/javierac/create3_ws/install/irobot_create_gazebo_plugins:/home/javierac/create3_ws/install/irobot_create_toolbox:/home/javierac/create3_ws/install/irobot_create_description:/home/javierac/create3_ws/install/irobot_create_control:/opt/ros/humble')]), 'shell': False}
[53.476931] (-) TimerEvent: {}
[53.515996] (irobot_create_gazebo_sim) CommandEnded: {'returncode': 0}
[53.516818] (irobot_create_gazebo_sim) JobProgress: {'identifier': 'irobot_create_gazebo_sim', 'progress': 'install'}
[53.517039] (irobot_create_gazebo_sim) Command: {'cmd': ['/usr/bin/cmake', '--install', '/home/javierac/create3_ws/build/irobot_create_gazebo_sim'], 'cwd': '/home/javierac/create3_ws/build/irobot_create_gazebo_sim', 'env': OrderedDict([('USER', 'javierac'), ('HOSTNAME', '3fe4b3694adc'), ('SHLVL', '1'), ('LD_LIBRARY_PATH', '/home/javierac/create3_ws/install/irobot_create_nodes/lib:/home/javierac/create3_ws/install/irobot_create_gazebo_plugins/lib:/home/javierac/create3_ws/install/irobot_create_toolbox/lib:/usr/lib/x86_64-linux-gnu/gazebo-11/plugins:/opt/ros/humble/opt/rviz_ogre_vendor/lib:/opt/ros/humble/lib/x86_64-linux-gnu:/opt/ros/humble/lib'), ('HOME', '/root'), ('OLDPWD', '/'), ('ROS_PYTHON_VERSION', '3'), ('ROS_DISTRO', 'humble'), ('_', '/usr/bin/colcon'), ('ROS_VERSION', '2'), ('TERM', 'xterm'), ('ROS_LOCALHOST_ONLY', '0'), ('PATH', '/opt/ros/humble/bin:/usr/local/sbin:/usr/local/bin:/usr/sbin:/usr/bin:/sbin:/bin'), ('DISPLAY', ':1'), ('LANG', 'C.UTF-8'), ('LS_COLORS', 'rs=0:di=01;34:ln=01;36:mh=00:pi=40;33:so=01;35:do=01;35:bd=40;33;01:cd=40;33;01:or=40;31;01:mi=00:su=37;41:sg=30;43:ca=30;41:tw=30;42:ow=34;42:st=37;44:ex=01;32:*.tar=01;31:*.tgz=01;31:*.arc=01;31:*.arj=01;31:*.taz=01;31:*.lha=01;31:*.lz4=01;31:*.lzh=01;31:*.lzma=01;31:*.tlz=01;31:*.txz=01;31:*.tzo=01;31:*.t7z=01;31:*.zip=01;31:*.z=01;31:*.dz=01;31:*.gz=01;31:*.lrz=01;31:*.lz=01;31:*.lzo=01;31:*.xz=01;31:*.zst=01;31:*.tzst=01;31:*.bz2=01;31:*.bz=01;31:*.tbz=01;31:*.tbz2=01;31:*.tz=01;31:*.deb=01;31:*.rpm=01;31:*.jar=01;31:*.war=01;31:*.ear=01;31:*.sar=01;31:*.rar=01;31:*.alz=01;31:*.ace=01;31:*.zoo=01;31:*.cpio=01;31:*.7z=01;31:*.rz=01;31:*.cab=01;31:*.wim=01;31:*.swm=01;31:*.dwm=01;31:*.esd=01;31:*.jpg=01;35:*.jpeg=01;35:*.mjpg=01;35:*.mjpeg=01;35:*.gif=01;35:*.bmp=01;35:*.pbm=01;35:*.pgm=01;35:*.ppm=01;35:*.tga=01;35:*.xbm=01;35:*.xpm=01;35:*.tif=01;35:*.tiff=01;35:*.png=01;35:*.svg=01;35:*.svgz=01;35:*.mng=01;35:*.pcx=01;35:*.mov=01;35:*.mpg=01;35:*.mpeg=01;35:*.m2v=01;35:*.mkv=01;35:*.webm=01;35:*.webp=01;35:*.ogm=01;35:*.mp4=01;35:*.m4v=01;35:*.mp4v=01;35:*.vob=01;35:*.qt=01;35:*.nuv=01;35:*.wmv=01;35:*.asf=01;35:*.rm=01;35:*.rmvb=01;35:*.flc=01;35:*.avi=01;35:*.fli=01;35:*.flv=01;35:*.gl=01;35:*.dl=01;35:*.xcf=01;35:*.xwd=01;35:*.yuv=01;35:*.cgm=01;35:*.emf=01;35:*.ogv=01;35:*.ogx=01;35:*.aac=00;36:*.au=00;36:*.flac=00;36:*.m4a=00;36:*.mid=00;36:*.midi=00;36:*.mka=00;36:*.mp3=00;36:*.mpc=00;36:*.ogg=00;36:*.ra=00;36:*.wav=00;36:*.oga=00;36:*.opus=00;36:*.spx=00;36:*.xspf=00;36:'), ('AMENT_PREFIX_PATH', '/home/javierac/create3_ws/install/irobot_create_gazebo_bringup:/home/javierac/create3_ws/install/irobot_create_common_bringup:/home/javierac/create3_ws/install/irobot_create_nodes:/home/javierac/create3_ws/install/irobot_create_gazebo_plugins:/home/javierac/create3_ws/install/irobot_create_toolbox:/home/javierac/create3_ws/install/irobot_create_description:/home/javierac/create3_ws/install/irobot_create_control:/opt/ros/humble'), ('PWD', '/home/javierac/create3_ws/build/irobot_create_gazebo_sim'), ('LC_ALL', 'C.UTF-8'), ('PYTHONPATH', '/home/javierac/create3_ws/install/irobot_create_common_bringup/local/lib/python3.10/dist-packages:/opt/ros/humble/lib/python3.10/site-packages:/opt/ros/humble/local/lib/python3.10/dist-packages'), ('NVIDIA_VISIBLE_DEVICES', 'all'), ('COLCON', '1'), ('CMAKE_PREFIX_PATH', '/home/javierac/create3_ws/install/irobot_create_gazebo_bringup:/home/javierac/create3_ws/install/irobot_create_common_bringup:/home/javierac/create3_ws/install/irobot_create_nodes:/home/javierac/create3_ws/install/irobot_create_gazebo_plugins:/home/javierac/create3_ws/install/irobot_create_toolbox:/home/javierac/create3_ws/install/irobot_create_description:/home/javierac/create3_ws/install/irobot_create_control:/opt/ros/humble')]), 'shell': False}
[53.528375] (irobot_create_gazebo_sim) StdoutLine: {'line': b'-- Install configuration: ""\n'}
[53.529016] (irobot_create_gazebo_sim) StdoutLine: {'line': b'-- Execute custom install script\n'}
[53.529326] (irobot_create_gazebo_sim) StdoutLine: {'line': b'-- Symlinking: /home/javierac/create3_ws/install/irobot_create_gazebo_sim/share/ament_index/resource_index/package_run_dependencies/irobot_create_gazebo_sim\n'}
[53.539065] (irobot_create_gazebo_sim) StdoutLine: {'line': b'-- Symlinking: /home/javierac/create3_ws/install/irobot_create_gazebo_sim/share/ament_index/resource_index/parent_prefix_path/irobot_create_gazebo_sim\n'}
[53.551325] (irobot_create_gazebo_sim) StdoutLine: {'line': b'-- Symlinking: /home/javierac/create3_ws/install/irobot_create_gazebo_sim/share/irobot_create_gazebo_sim/environment/ament_prefix_path.sh\n'}
[53.561125] (irobot_create_gazebo_sim) StdoutLine: {'line': b'-- Symlinking: /home/javierac/create3_ws/install/irobot_create_gazebo_sim/share/irobot_create_gazebo_sim/environment/ament_prefix_path.dsv\n'}
[53.572052] (irobot_create_gazebo_sim) StdoutLine: {'line': b'-- Symlinking: /home/javierac/create3_ws/install/irobot_create_gazebo_sim/share/irobot_create_gazebo_sim/environment/path.sh\n'}
[53.577011] (-) TimerEvent: {}
[53.581859] (irobot_create_gazebo_sim) StdoutLine: {'line': b'-- Symlinking: /home/javierac/create3_ws/install/irobot_create_gazebo_sim/share/irobot_create_gazebo_sim/environment/path.dsv\n'}
[53.592489] (irobot_create_gazebo_sim) StdoutLine: {'line': b'-- Symlinking: /home/javierac/create3_ws/install/irobot_create_gazebo_sim/share/irobot_create_gazebo_sim/local_setup.bash\n'}
[53.600236] (irobot_create_gazebo_sim) StdoutLine: {'line': b'-- Symlinking: /home/javierac/create3_ws/install/irobot_create_gazebo_sim/share/irobot_create_gazebo_sim/local_setup.sh\n'}
[53.611665] (irobot_create_gazebo_sim) StdoutLine: {'line': b'-- Symlinking: /home/javierac/create3_ws/install/irobot_create_gazebo_sim/share/irobot_create_gazebo_sim/local_setup.zsh\n'}
[53.620761] (irobot_create_gazebo_sim) StdoutLine: {'line': b'-- Symlinking: /home/javierac/create3_ws/install/irobot_create_gazebo_sim/share/irobot_create_gazebo_sim/local_setup.dsv\n'}
[53.632355] (irobot_create_gazebo_sim) StdoutLine: {'line': b'-- Symlinking: /home/javierac/create3_ws/install/irobot_create_gazebo_sim/share/irobot_create_gazebo_sim/package.dsv\n'}
[53.639658] (irobot_create_gazebo_sim) StdoutLine: {'line': b'-- Symlinking: /home/javierac/create3_ws/install/irobot_create_gazebo_sim/share/ament_index/resource_index/packages/irobot_create_gazebo_sim\n'}
[53.650983] (irobot_create_gazebo_sim) StdoutLine: {'line': b'-- Symlinking: /home/javierac/create3_ws/install/irobot_create_gazebo_sim/share/irobot_create_gazebo_sim/cmake/irobot_create_gazebo_simConfig.cmake\n'}
[53.658883] (irobot_create_gazebo_sim) StdoutLine: {'line': b'-- Symlinking: /home/javierac/create3_ws/install/irobot_create_gazebo_sim/share/irobot_create_gazebo_sim/cmake/irobot_create_gazebo_simConfig-version.cmake\n'}
[53.667722] (irobot_create_gazebo_sim) StdoutLine: {'line': b'-- Symlinking: /home/javierac/create3_ws/install/irobot_create_gazebo_sim/share/irobot_create_gazebo_sim/package.xml\n'}
[53.677661] (irobot_create_gazebo_sim) CommandEnded: {'returncode': 0}
[53.678308] (-) TimerEvent: {}
[53.692890] (irobot_create_gazebo_sim) JobEnded: {'identifier': 'irobot_create_gazebo_sim', 'rc': 0}
[53.693840] (-) EventReactorShutdown: {}
