[0.110s] DEBUG:colcon:Command line arguments: ['/usr/bin/colcon', 'build', '--symlink-install']
[0.110s] DEBUG:colcon:Parsed command line arguments: Namespace(log_base=None, log_level=None, verb_name='build', build_base='build', install_base='install', merge_install=False, symlink_install=True, test_result_base=None, continue_on_error=False, executor='parallel', parallel_workers=20, event_handlers=None, ignore_user_meta=False, metas=['./colcon.meta'], base_paths=['.'], packages_ignore=None, packages_ignore_regex=None, paths=None, packages_up_to=None, packages_up_to_regex=None, packages_above=None, packages_above_and_dependencies=None, packages_above_depth=None, packages_select_by_dep=None, packages_skip_by_dep=None, packages_skip_up_to=None, packages_select_build_failed=False, packages_skip_build_finished=False, packages_select_test_failures=False, packages_skip_test_passed=False, packages_select=None, packages_skip=None, packages_select_regex=None, packages_skip_regex=None, packages_start=None, packages_end=None, cmake_args=None, cmake_target=None, cmake_target_skip_unavailable=False, cmake_clean_cache=False, cmake_clean_first=False, cmake_force_configure=False, ament_cmake_args=None, catkin_cmake_args=None, catkin_skip_building_tests=False, mixin_files=None, mixin=None, verb_parser=<colcon_mixin.mixin.mixin_argument.MixinArgumentDecorator object at 0x7a25e218b910>, verb_extension=<colcon_core.verb.build.BuildVerb object at 0x7a25e22f3d90>, main=<bound method BuildVerb.main of <colcon_core.verb.build.BuildVerb object at 0x7a25e22f3d90>>, mixin_verb=('build',))
[0.233s] Level 1:colcon.colcon_core.package_discovery:discover_packages(colcon_meta) check parameters
[0.234s] INFO:colcon.colcon_metadata.package_discovery.colcon_meta:Using configuration from '/root/.colcon/metadata/default/Gazebo.meta'
[0.235s] INFO:colcon.colcon_metadata.package_discovery.colcon_meta:Using configuration from '/root/.colcon/metadata/default/fastdds.meta'
[0.235s] INFO:colcon.colcon_metadata.package_discovery.colcon_meta:Using configuration from '/root/.colcon/metadata/default/fastrtps.meta'
[0.235s] Level 1:colcon.colcon_core.package_discovery:discover_packages(recursive) check parameters
[0.235s] Level 1:colcon.colcon_core.package_discovery:discover_packages(ignore) check parameters
[0.235s] Level 1:colcon.colcon_core.package_discovery:discover_packages(path) check parameters
[0.235s] Level 1:colcon.colcon_core.package_discovery:discover_packages(colcon_meta) discover
[0.235s] Level 1:colcon.colcon_core.package_discovery:discover_packages(recursive) discover
[0.235s] INFO:colcon.colcon_core.package_discovery:Crawling recursively for packages in '/home/javierac/create3_ws'
[0.235s] Level 1:colcon.colcon_core.package_identification:_identify(.) by extensions ['ignore', 'ignore_ament_install']
[0.235s] Level 1:colcon.colcon_core.package_identification:_identify(.) by extension 'ignore'
[0.235s] Level 1:colcon.colcon_core.package_identification:_identify(.) by extension 'ignore_ament_install'
[0.235s] Level 1:colcon.colcon_core.package_identification:_identify(.) by extensions ['colcon_pkg']
[0.235s] Level 1:colcon.colcon_core.package_identification:_identify(.) by extension 'colcon_pkg'
[0.235s] Level 1:colcon.colcon_core.package_identification:_identify(.) by extensions ['colcon_meta']
[0.236s] Level 1:colcon.colcon_core.package_identification:_identify(.) by extension 'colcon_meta'
[0.236s] Level 1:colcon.colcon_core.package_identification:_identify(.) by extensions ['ros']
[0.236s] Level 1:colcon.colcon_core.package_identification:_identify(.) by extension 'ros'
[0.246s] Level 1:colcon.colcon_core.package_identification:_identify(.) by extensions ['cmake', 'python']
[0.246s] Level 1:colcon.colcon_core.package_identification:_identify(.) by extension 'cmake'
[0.247s] Level 1:colcon.colcon_core.package_identification:_identify(.) by extension 'python'
[0.247s] Level 1:colcon.colcon_core.package_identification:_identify(.) by extensions ['python_setup_py']
[0.247s] Level 1:colcon.colcon_core.package_identification:_identify(.) by extension 'python_setup_py'
[0.247s] Level 1:colcon.colcon_core.package_identification:_identify(build) by extensions ['ignore', 'ignore_ament_install']
[0.247s] Level 1:colcon.colcon_core.package_identification:_identify(build) by extension 'ignore'
[0.247s] Level 1:colcon.colcon_core.package_identification:_identify(build) ignored
[0.247s] Level 1:colcon.colcon_core.package_identification:_identify(install) by extensions ['ignore', 'ignore_ament_install']
[0.247s] Level 1:colcon.colcon_core.package_identification:_identify(install) by extension 'ignore'
[0.247s] Level 1:colcon.colcon_core.package_identification:_identify(install) ignored
[0.247s] Level 1:colcon.colcon_core.package_identification:_identify(log) by extensions ['ignore', 'ignore_ament_install']
[0.247s] Level 1:colcon.colcon_core.package_identification:_identify(log) by extension 'ignore'
[0.247s] Level 1:colcon.colcon_core.package_identification:_identify(log) ignored
[0.247s] Level 1:colcon.colcon_core.package_identification:_identify(src) by extensions ['ignore', 'ignore_ament_install']
[0.247s] Level 1:colcon.colcon_core.package_identification:_identify(src) by extension 'ignore'
[0.247s] Level 1:colcon.colcon_core.package_identification:_identify(src) by extension 'ignore_ament_install'
[0.247s] Level 1:colcon.colcon_core.package_identification:_identify(src) by extensions ['colcon_pkg']
[0.247s] Level 1:colcon.colcon_core.package_identification:_identify(src) by extension 'colcon_pkg'
[0.247s] Level 1:colcon.colcon_core.package_identification:_identify(src) by extensions ['colcon_meta']
[0.247s] Level 1:colcon.colcon_core.package_identification:_identify(src) by extension 'colcon_meta'
[0.248s] Level 1:colcon.colcon_core.package_identification:_identify(src) by extensions ['ros']
[0.248s] Level 1:colcon.colcon_core.package_identification:_identify(src) by extension 'ros'
[0.248s] Level 1:colcon.colcon_core.package_identification:_identify(src) by extensions ['cmake', 'python']
[0.248s] Level 1:colcon.colcon_core.package_identification:_identify(src) by extension 'cmake'
[0.248s] Level 1:colcon.colcon_core.package_identification:_identify(src) by extension 'python'
[0.248s] Level 1:colcon.colcon_core.package_identification:_identify(src) by extensions ['python_setup_py']
[0.248s] Level 1:colcon.colcon_core.package_identification:_identify(src) by extension 'python_setup_py'
[0.248s] Level 1:colcon.colcon_core.package_identification:_identify(src/irobot_create_common) by extensions ['ignore', 'ignore_ament_install']
[0.248s] Level 1:colcon.colcon_core.package_identification:_identify(src/irobot_create_common) by extension 'ignore'
[0.248s] Level 1:colcon.colcon_core.package_identification:_identify(src/irobot_create_common) by extension 'ignore_ament_install'
[0.248s] Level 1:colcon.colcon_core.package_identification:_identify(src/irobot_create_common) by extensions ['colcon_pkg']
[0.248s] Level 1:colcon.colcon_core.package_identification:_identify(src/irobot_create_common) by extension 'colcon_pkg'
[0.248s] Level 1:colcon.colcon_core.package_identification:_identify(src/irobot_create_common) by extensions ['colcon_meta']
[0.248s] Level 1:colcon.colcon_core.package_identification:_identify(src/irobot_create_common) by extension 'colcon_meta'
[0.248s] Level 1:colcon.colcon_core.package_identification:_identify(src/irobot_create_common) by extensions ['ros']
[0.248s] Level 1:colcon.colcon_core.package_identification:_identify(src/irobot_create_common) by extension 'ros'
[0.248s] Level 1:colcon.colcon_core.package_identification:_identify(src/irobot_create_common) by extensions ['cmake', 'python']
[0.248s] Level 1:colcon.colcon_core.package_identification:_identify(src/irobot_create_common) by extension 'cmake'
[0.248s] Level 1:colcon.colcon_core.package_identification:_identify(src/irobot_create_common) by extension 'python'
[0.248s] Level 1:colcon.colcon_core.package_identification:_identify(src/irobot_create_common) by extensions ['python_setup_py']
[0.248s] Level 1:colcon.colcon_core.package_identification:_identify(src/irobot_create_common) by extension 'python_setup_py'
[0.248s] Level 1:colcon.colcon_core.package_identification:_identify(src/irobot_create_common/irobot_create_common_bringup) by extensions ['ignore', 'ignore_ament_install']
[0.248s] Level 1:colcon.colcon_core.package_identification:_identify(src/irobot_create_common/irobot_create_common_bringup) by extension 'ignore'
[0.248s] Level 1:colcon.colcon_core.package_identification:_identify(src/irobot_create_common/irobot_create_common_bringup) by extension 'ignore_ament_install'
[0.248s] Level 1:colcon.colcon_core.package_identification:_identify(src/irobot_create_common/irobot_create_common_bringup) by extensions ['colcon_pkg']
[0.248s] Level 1:colcon.colcon_core.package_identification:_identify(src/irobot_create_common/irobot_create_common_bringup) by extension 'colcon_pkg'
[0.249s] Level 1:colcon.colcon_core.package_identification:_identify(src/irobot_create_common/irobot_create_common_bringup) by extensions ['colcon_meta']
[0.249s] Level 1:colcon.colcon_core.package_identification:_identify(src/irobot_create_common/irobot_create_common_bringup) by extension 'colcon_meta'
[0.249s] Level 1:colcon.colcon_core.package_identification:_identify(src/irobot_create_common/irobot_create_common_bringup) by extensions ['ros']
[0.249s] Level 1:colcon.colcon_core.package_identification:_identify(src/irobot_create_common/irobot_create_common_bringup) by extension 'ros'
[0.251s] DEBUG:colcon.colcon_core.package_identification:Package 'src/irobot_create_common/irobot_create_common_bringup' with type 'ros.ament_cmake' and name 'irobot_create_common_bringup'
[0.251s] Level 1:colcon.colcon_core.package_identification:_identify(src/irobot_create_common/irobot_create_control) by extensions ['ignore', 'ignore_ament_install']
[0.251s] Level 1:colcon.colcon_core.package_identification:_identify(src/irobot_create_common/irobot_create_control) by extension 'ignore'
[0.251s] Level 1:colcon.colcon_core.package_identification:_identify(src/irobot_create_common/irobot_create_control) by extension 'ignore_ament_install'
[0.251s] Level 1:colcon.colcon_core.package_identification:_identify(src/irobot_create_common/irobot_create_control) by extensions ['colcon_pkg']
[0.251s] Level 1:colcon.colcon_core.package_identification:_identify(src/irobot_create_common/irobot_create_control) by extension 'colcon_pkg'
[0.252s] Level 1:colcon.colcon_core.package_identification:_identify(src/irobot_create_common/irobot_create_control) by extensions ['colcon_meta']
[0.252s] Level 1:colcon.colcon_core.package_identification:_identify(src/irobot_create_common/irobot_create_control) by extension 'colcon_meta'
[0.252s] Level 1:colcon.colcon_core.package_identification:_identify(src/irobot_create_common/irobot_create_control) by extensions ['ros']
[0.252s] Level 1:colcon.colcon_core.package_identification:_identify(src/irobot_create_common/irobot_create_control) by extension 'ros'
[0.252s] DEBUG:colcon.colcon_core.package_identification:Package 'src/irobot_create_common/irobot_create_control' with type 'ros.ament_cmake' and name 'irobot_create_control'
[0.252s] Level 1:colcon.colcon_core.package_identification:_identify(src/irobot_create_common/irobot_create_description) by extensions ['ignore', 'ignore_ament_install']
[0.252s] Level 1:colcon.colcon_core.package_identification:_identify(src/irobot_create_common/irobot_create_description) by extension 'ignore'
[0.252s] Level 1:colcon.colcon_core.package_identification:_identify(src/irobot_create_common/irobot_create_description) by extension 'ignore_ament_install'
[0.252s] Level 1:colcon.colcon_core.package_identification:_identify(src/irobot_create_common/irobot_create_description) by extensions ['colcon_pkg']
[0.252s] Level 1:colcon.colcon_core.package_identification:_identify(src/irobot_create_common/irobot_create_description) by extension 'colcon_pkg'
[0.252s] Level 1:colcon.colcon_core.package_identification:_identify(src/irobot_create_common/irobot_create_description) by extensions ['colcon_meta']
[0.252s] Level 1:colcon.colcon_core.package_identification:_identify(src/irobot_create_common/irobot_create_description) by extension 'colcon_meta'
[0.253s] Level 1:colcon.colcon_core.package_identification:_identify(src/irobot_create_common/irobot_create_description) by extensions ['ros']
[0.253s] Level 1:colcon.colcon_core.package_identification:_identify(src/irobot_create_common/irobot_create_description) by extension 'ros'
[0.253s] DEBUG:colcon.colcon_core.package_identification:Package 'src/irobot_create_common/irobot_create_description' with type 'ros.ament_cmake' and name 'irobot_create_description'
[0.253s] Level 1:colcon.colcon_core.package_identification:_identify(src/irobot_create_common/irobot_create_nodes) by extensions ['ignore', 'ignore_ament_install']
[0.253s] Level 1:colcon.colcon_core.package_identification:_identify(src/irobot_create_common/irobot_create_nodes) by extension 'ignore'
[0.253s] Level 1:colcon.colcon_core.package_identification:_identify(src/irobot_create_common/irobot_create_nodes) by extension 'ignore_ament_install'
[0.253s] Level 1:colcon.colcon_core.package_identification:_identify(src/irobot_create_common/irobot_create_nodes) by extensions ['colcon_pkg']
[0.253s] Level 1:colcon.colcon_core.package_identification:_identify(src/irobot_create_common/irobot_create_nodes) by extension 'colcon_pkg'
[0.253s] Level 1:colcon.colcon_core.package_identification:_identify(src/irobot_create_common/irobot_create_nodes) by extensions ['colcon_meta']
[0.253s] Level 1:colcon.colcon_core.package_identification:_identify(src/irobot_create_common/irobot_create_nodes) by extension 'colcon_meta'
[0.253s] Level 1:colcon.colcon_core.package_identification:_identify(src/irobot_create_common/irobot_create_nodes) by extensions ['ros']
[0.253s] Level 1:colcon.colcon_core.package_identification:_identify(src/irobot_create_common/irobot_create_nodes) by extension 'ros'
[0.255s] DEBUG:colcon.colcon_core.package_identification:Package 'src/irobot_create_common/irobot_create_nodes' with type 'ros.ament_cmake' and name 'irobot_create_nodes'
[0.255s] Level 1:colcon.colcon_core.package_identification:_identify(src/irobot_create_common/irobot_create_toolbox) by extensions ['ignore', 'ignore_ament_install']
[0.255s] Level 1:colcon.colcon_core.package_identification:_identify(src/irobot_create_common/irobot_create_toolbox) by extension 'ignore'
[0.255s] Level 1:colcon.colcon_core.package_identification:_identify(src/irobot_create_common/irobot_create_toolbox) by extension 'ignore_ament_install'
[0.255s] Level 1:colcon.colcon_core.package_identification:_identify(src/irobot_create_common/irobot_create_toolbox) by extensions ['colcon_pkg']
[0.255s] Level 1:colcon.colcon_core.package_identification:_identify(src/irobot_create_common/irobot_create_toolbox) by extension 'colcon_pkg'
[0.255s] Level 1:colcon.colcon_core.package_identification:_identify(src/irobot_create_common/irobot_create_toolbox) by extensions ['colcon_meta']
[0.255s] Level 1:colcon.colcon_core.package_identification:_identify(src/irobot_create_common/irobot_create_toolbox) by extension 'colcon_meta'
[0.255s] Level 1:colcon.colcon_core.package_identification:_identify(src/irobot_create_common/irobot_create_toolbox) by extensions ['ros']
[0.255s] Level 1:colcon.colcon_core.package_identification:_identify(src/irobot_create_common/irobot_create_toolbox) by extension 'ros'
[0.256s] DEBUG:colcon.colcon_core.package_identification:Package 'src/irobot_create_common/irobot_create_toolbox' with type 'ros.ament_cmake' and name 'irobot_create_toolbox'
[0.256s] Level 1:colcon.colcon_core.package_identification:_identify(src/irobot_create_gazebo) by extensions ['ignore', 'ignore_ament_install']
[0.256s] Level 1:colcon.colcon_core.package_identification:_identify(src/irobot_create_gazebo) by extension 'ignore'
[0.256s] Level 1:colcon.colcon_core.package_identification:_identify(src/irobot_create_gazebo) by extension 'ignore_ament_install'
[0.256s] Level 1:colcon.colcon_core.package_identification:_identify(src/irobot_create_gazebo) by extensions ['colcon_pkg']
[0.256s] Level 1:colcon.colcon_core.package_identification:_identify(src/irobot_create_gazebo) by extension 'colcon_pkg'
[0.256s] Level 1:colcon.colcon_core.package_identification:_identify(src/irobot_create_gazebo) by extensions ['colcon_meta']
[0.256s] Level 1:colcon.colcon_core.package_identification:_identify(src/irobot_create_gazebo) by extension 'colcon_meta'
[0.256s] Level 1:colcon.colcon_core.package_identification:_identify(src/irobot_create_gazebo) by extensions ['ros']
[0.256s] Level 1:colcon.colcon_core.package_identification:_identify(src/irobot_create_gazebo) by extension 'ros'
[0.256s] Level 1:colcon.colcon_core.package_identification:_identify(src/irobot_create_gazebo) by extensions ['cmake', 'python']
[0.256s] Level 1:colcon.colcon_core.package_identification:_identify(src/irobot_create_gazebo) by extension 'cmake'
[0.256s] Level 1:colcon.colcon_core.package_identification:_identify(src/irobot_create_gazebo) by extension 'python'
[0.256s] Level 1:colcon.colcon_core.package_identification:_identify(src/irobot_create_gazebo) by extensions ['python_setup_py']
[0.256s] Level 1:colcon.colcon_core.package_identification:_identify(src/irobot_create_gazebo) by extension 'python_setup_py'
[0.256s] Level 1:colcon.colcon_core.package_identification:_identify(src/irobot_create_gazebo/irobot_create_gazebo_bringup) by extensions ['ignore', 'ignore_ament_install']
[0.257s] Level 1:colcon.colcon_core.package_identification:_identify(src/irobot_create_gazebo/irobot_create_gazebo_bringup) by extension 'ignore'
[0.257s] Level 1:colcon.colcon_core.package_identification:_identify(src/irobot_create_gazebo/irobot_create_gazebo_bringup) by extension 'ignore_ament_install'
[0.257s] Level 1:colcon.colcon_core.package_identification:_identify(src/irobot_create_gazebo/irobot_create_gazebo_bringup) by extensions ['colcon_pkg']
[0.257s] Level 1:colcon.colcon_core.package_identification:_identify(src/irobot_create_gazebo/irobot_create_gazebo_bringup) by extension 'colcon_pkg'
[0.257s] Level 1:colcon.colcon_core.package_identification:_identify(src/irobot_create_gazebo/irobot_create_gazebo_bringup) by extensions ['colcon_meta']
[0.257s] Level 1:colcon.colcon_core.package_identification:_identify(src/irobot_create_gazebo/irobot_create_gazebo_bringup) by extension 'colcon_meta'
[0.257s] Level 1:colcon.colcon_core.package_identification:_identify(src/irobot_create_gazebo/irobot_create_gazebo_bringup) by extensions ['ros']
[0.257s] Level 1:colcon.colcon_core.package_identification:_identify(src/irobot_create_gazebo/irobot_create_gazebo_bringup) by extension 'ros'
[0.257s] DEBUG:colcon.colcon_core.package_identification:Package 'src/irobot_create_gazebo/irobot_create_gazebo_bringup' with type 'ros.ament_cmake' and name 'irobot_create_gazebo_bringup'
[0.257s] Level 1:colcon.colcon_core.package_identification:_identify(src/irobot_create_gazebo/irobot_create_gazebo_plugins) by extensions ['ignore', 'ignore_ament_install']
[0.258s] Level 1:colcon.colcon_core.package_identification:_identify(src/irobot_create_gazebo/irobot_create_gazebo_plugins) by extension 'ignore'
[0.258s] Level 1:colcon.colcon_core.package_identification:_identify(src/irobot_create_gazebo/irobot_create_gazebo_plugins) by extension 'ignore_ament_install'
[0.258s] Level 1:colcon.colcon_core.package_identification:_identify(src/irobot_create_gazebo/irobot_create_gazebo_plugins) by extensions ['colcon_pkg']
[0.258s] Level 1:colcon.colcon_core.package_identification:_identify(src/irobot_create_gazebo/irobot_create_gazebo_plugins) by extension 'colcon_pkg'
[0.258s] Level 1:colcon.colcon_core.package_identification:_identify(src/irobot_create_gazebo/irobot_create_gazebo_plugins) by extensions ['colcon_meta']
[0.258s] Level 1:colcon.colcon_core.package_identification:_identify(src/irobot_create_gazebo/irobot_create_gazebo_plugins) by extension 'colcon_meta'
[0.258s] Level 1:colcon.colcon_core.package_identification:_identify(src/irobot_create_gazebo/irobot_create_gazebo_plugins) by extensions ['ros']
[0.258s] Level 1:colcon.colcon_core.package_identification:_identify(src/irobot_create_gazebo/irobot_create_gazebo_plugins) by extension 'ros'
[0.259s] DEBUG:colcon.colcon_core.package_identification:Package 'src/irobot_create_gazebo/irobot_create_gazebo_plugins' with type 'ros.ament_cmake' and name 'irobot_create_gazebo_plugins'
[0.259s] Level 1:colcon.colcon_core.package_identification:_identify(src/irobot_create_gazebo/irobot_create_gazebo_sim) by extensions ['ignore', 'ignore_ament_install']
[0.259s] Level 1:colcon.colcon_core.package_identification:_identify(src/irobot_create_gazebo/irobot_create_gazebo_sim) by extension 'ignore'
[0.259s] Level 1:colcon.colcon_core.package_identification:_identify(src/irobot_create_gazebo/irobot_create_gazebo_sim) by extension 'ignore_ament_install'
[0.259s] Level 1:colcon.colcon_core.package_identification:_identify(src/irobot_create_gazebo/irobot_create_gazebo_sim) by extensions ['colcon_pkg']
[0.259s] Level 1:colcon.colcon_core.package_identification:_identify(src/irobot_create_gazebo/irobot_create_gazebo_sim) by extension 'colcon_pkg'
[0.260s] Level 1:colcon.colcon_core.package_identification:_identify(src/irobot_create_gazebo/irobot_create_gazebo_sim) by extensions ['colcon_meta']
[0.260s] Level 1:colcon.colcon_core.package_identification:_identify(src/irobot_create_gazebo/irobot_create_gazebo_sim) by extension 'colcon_meta'
[0.260s] Level 1:colcon.colcon_core.package_identification:_identify(src/irobot_create_gazebo/irobot_create_gazebo_sim) by extensions ['ros']
[0.260s] Level 1:colcon.colcon_core.package_identification:_identify(src/irobot_create_gazebo/irobot_create_gazebo_sim) by extension 'ros'
[0.260s] DEBUG:colcon.colcon_core.package_identification:Package 'src/irobot_create_gazebo/irobot_create_gazebo_sim' with type 'ros.ament_cmake' and name 'irobot_create_gazebo_sim'
[0.260s] Level 1:colcon.colcon_core.package_identification:_identify(src/irobot_create_ignition) by extensions ['ignore', 'ignore_ament_install']
[0.260s] Level 1:colcon.colcon_core.package_identification:_identify(src/irobot_create_ignition) by extension 'ignore'
[0.260s] Level 1:colcon.colcon_core.package_identification:_identify(src/irobot_create_ignition) by extension 'ignore_ament_install'
[0.260s] Level 1:colcon.colcon_core.package_identification:_identify(src/irobot_create_ignition) by extensions ['colcon_pkg']
[0.260s] Level 1:colcon.colcon_core.package_identification:_identify(src/irobot_create_ignition) by extension 'colcon_pkg'
[0.260s] Level 1:colcon.colcon_core.package_identification:_identify(src/irobot_create_ignition) by extensions ['colcon_meta']
[0.260s] Level 1:colcon.colcon_core.package_identification:_identify(src/irobot_create_ignition) by extension 'colcon_meta'
[0.260s] Level 1:colcon.colcon_core.package_identification:_identify(src/irobot_create_ignition) by extensions ['ros']
[0.260s] Level 1:colcon.colcon_core.package_identification:_identify(src/irobot_create_ignition) by extension 'ros'
[0.260s] Level 1:colcon.colcon_core.package_identification:_identify(src/irobot_create_ignition) by extensions ['cmake', 'python']
[0.261s] Level 1:colcon.colcon_core.package_identification:_identify(src/irobot_create_ignition) by extension 'cmake'
[0.261s] Level 1:colcon.colcon_core.package_identification:_identify(src/irobot_create_ignition) by extension 'python'
[0.261s] Level 1:colcon.colcon_core.package_identification:_identify(src/irobot_create_ignition) by extensions ['python_setup_py']
[0.261s] Level 1:colcon.colcon_core.package_identification:_identify(src/irobot_create_ignition) by extension 'python_setup_py'
[0.261s] Level 1:colcon.colcon_core.package_identification:_identify(src/irobot_create_ignition/irobot_create_ignition_bringup) by extensions ['ignore', 'ignore_ament_install']
[0.261s] Level 1:colcon.colcon_core.package_identification:_identify(src/irobot_create_ignition/irobot_create_ignition_bringup) by extension 'ignore'
[0.261s] Level 1:colcon.colcon_core.package_identification:_identify(src/irobot_create_ignition/irobot_create_ignition_bringup) by extension 'ignore_ament_install'
[0.261s] Level 1:colcon.colcon_core.package_identification:_identify(src/irobot_create_ignition/irobot_create_ignition_bringup) by extensions ['colcon_pkg']
[0.261s] Level 1:colcon.colcon_core.package_identification:_identify(src/irobot_create_ignition/irobot_create_ignition_bringup) by extension 'colcon_pkg'
[0.261s] Level 1:colcon.colcon_core.package_identification:_identify(src/irobot_create_ignition/irobot_create_ignition_bringup) by extensions ['colcon_meta']
[0.261s] Level 1:colcon.colcon_core.package_identification:_identify(src/irobot_create_ignition/irobot_create_ignition_bringup) by extension 'colcon_meta'
[0.261s] Level 1:colcon.colcon_core.package_identification:_identify(src/irobot_create_ignition/irobot_create_ignition_bringup) by extensions ['ros']
[0.261s] Level 1:colcon.colcon_core.package_identification:_identify(src/irobot_create_ignition/irobot_create_ignition_bringup) by extension 'ros'
[0.262s] DEBUG:colcon.colcon_core.package_identification:Package 'src/irobot_create_ignition/irobot_create_ignition_bringup' with type 'ros.ament_cmake' and name 'irobot_create_ignition_bringup'
[0.262s] Level 1:colcon.colcon_core.package_identification:_identify(src/irobot_create_ignition/irobot_create_ignition_plugins) by extensions ['ignore', 'ignore_ament_install']
[0.262s] Level 1:colcon.colcon_core.package_identification:_identify(src/irobot_create_ignition/irobot_create_ignition_plugins) by extension 'ignore'
[0.262s] Level 1:colcon.colcon_core.package_identification:_identify(src/irobot_create_ignition/irobot_create_ignition_plugins) by extension 'ignore_ament_install'
[0.262s] Level 1:colcon.colcon_core.package_identification:_identify(src/irobot_create_ignition/irobot_create_ignition_plugins) by extensions ['colcon_pkg']
[0.262s] Level 1:colcon.colcon_core.package_identification:_identify(src/irobot_create_ignition/irobot_create_ignition_plugins) by extension 'colcon_pkg'
[0.262s] Level 1:colcon.colcon_core.package_identification:_identify(src/irobot_create_ignition/irobot_create_ignition_plugins) by extensions ['colcon_meta']
[0.262s] Level 1:colcon.colcon_core.package_identification:_identify(src/irobot_create_ignition/irobot_create_ignition_plugins) by extension 'colcon_meta'
[0.262s] Level 1:colcon.colcon_core.package_identification:_identify(src/irobot_create_ignition/irobot_create_ignition_plugins) by extensions ['ros']
[0.262s] Level 1:colcon.colcon_core.package_identification:_identify(src/irobot_create_ignition/irobot_create_ignition_plugins) by extension 'ros'
[0.263s] DEBUG:colcon.colcon_core.package_identification:Package 'src/irobot_create_ignition/irobot_create_ignition_plugins' with type 'ros.ament_cmake' and name 'irobot_create_ignition_plugins'
[0.263s] Level 1:colcon.colcon_core.package_identification:_identify(src/irobot_create_ignition/irobot_create_ignition_sim) by extensions ['ignore', 'ignore_ament_install']
[0.263s] Level 1:colcon.colcon_core.package_identification:_identify(src/irobot_create_ignition/irobot_create_ignition_sim) by extension 'ignore'
[0.263s] Level 1:colcon.colcon_core.package_identification:_identify(src/irobot_create_ignition/irobot_create_ignition_sim) by extension 'ignore_ament_install'
[0.263s] Level 1:colcon.colcon_core.package_identification:_identify(src/irobot_create_ignition/irobot_create_ignition_sim) by extensions ['colcon_pkg']
[0.263s] Level 1:colcon.colcon_core.package_identification:_identify(src/irobot_create_ignition/irobot_create_ignition_sim) by extension 'colcon_pkg'
[0.263s] Level 1:colcon.colcon_core.package_identification:_identify(src/irobot_create_ignition/irobot_create_ignition_sim) by extensions ['colcon_meta']
[0.263s] Level 1:colcon.colcon_core.package_identification:_identify(src/irobot_create_ignition/irobot_create_ignition_sim) by extension 'colcon_meta'
[0.263s] Level 1:colcon.colcon_core.package_identification:_identify(src/irobot_create_ignition/irobot_create_ignition_sim) by extensions ['ros']
[0.263s] Level 1:colcon.colcon_core.package_identification:_identify(src/irobot_create_ignition/irobot_create_ignition_sim) by extension 'ros'
[0.263s] DEBUG:colcon.colcon_core.package_identification:Package 'src/irobot_create_ignition/irobot_create_ignition_sim' with type 'ros.ament_cmake' and name 'irobot_create_ignition_sim'
[0.264s] Level 1:colcon.colcon_core.package_identification:_identify(src/irobot_create_ignition/irobot_create_ignition_toolbox) by extensions ['ignore', 'ignore_ament_install']
[0.264s] Level 1:colcon.colcon_core.package_identification:_identify(src/irobot_create_ignition/irobot_create_ignition_toolbox) by extension 'ignore'
[0.264s] Level 1:colcon.colcon_core.package_identification:_identify(src/irobot_create_ignition/irobot_create_ignition_toolbox) by extension 'ignore_ament_install'
[0.264s] Level 1:colcon.colcon_core.package_identification:_identify(src/irobot_create_ignition/irobot_create_ignition_toolbox) by extensions ['colcon_pkg']
[0.264s] Level 1:colcon.colcon_core.package_identification:_identify(src/irobot_create_ignition/irobot_create_ignition_toolbox) by extension 'colcon_pkg'
[0.264s] Level 1:colcon.colcon_core.package_identification:_identify(src/irobot_create_ignition/irobot_create_ignition_toolbox) by extensions ['colcon_meta']
[0.264s] Level 1:colcon.colcon_core.package_identification:_identify(src/irobot_create_ignition/irobot_create_ignition_toolbox) by extension 'colcon_meta'
[0.264s] Level 1:colcon.colcon_core.package_identification:_identify(src/irobot_create_ignition/irobot_create_ignition_toolbox) by extensions ['ros']
[0.264s] Level 1:colcon.colcon_core.package_identification:_identify(src/irobot_create_ignition/irobot_create_ignition_toolbox) by extension 'ros'
[0.265s] DEBUG:colcon.colcon_core.package_identification:Package 'src/irobot_create_ignition/irobot_create_ignition_toolbox' with type 'ros.ament_cmake' and name 'irobot_create_ignition_toolbox'
[0.265s] Level 1:colcon.colcon_core.package_discovery:discover_packages(recursive) using defaults
[0.265s] Level 1:colcon.colcon_core.package_discovery:discover_packages(ignore) discover
[0.265s] Level 1:colcon.colcon_core.package_discovery:discover_packages(ignore) using defaults
[0.265s] Level 1:colcon.colcon_core.package_discovery:discover_packages(path) discover
[0.265s] Level 1:colcon.colcon_core.package_discovery:discover_packages(path) using defaults
[0.284s] INFO:colcon.colcon_metadata.metadata.colcon_pkg:Updating descriptor of package 'src/irobot_create_gazebo/irobot_create_gazebo_plugins' from colcon.pkg: {'dependencies': ['Gazebo']}
[0.296s] Level 5:colcon.colcon_core.verb:set package 'irobot_create_control' build argument 'cmake_args' from command line to 'None'
[0.296s] Level 5:colcon.colcon_core.verb:set package 'irobot_create_control' build argument 'cmake_target' from command line to 'None'
[0.296s] Level 5:colcon.colcon_core.verb:set package 'irobot_create_control' build argument 'cmake_target_skip_unavailable' from command line to 'False'
[0.296s] Level 5:colcon.colcon_core.verb:set package 'irobot_create_control' build argument 'cmake_clean_cache' from command line to 'False'
[0.296s] Level 5:colcon.colcon_core.verb:set package 'irobot_create_control' build argument 'cmake_clean_first' from command line to 'False'
[0.296s] Level 5:colcon.colcon_core.verb:set package 'irobot_create_control' build argument 'cmake_force_configure' from command line to 'False'
[0.296s] Level 5:colcon.colcon_core.verb:set package 'irobot_create_control' build argument 'ament_cmake_args' from command line to 'None'
[0.296s] Level 5:colcon.colcon_core.verb:set package 'irobot_create_control' build argument 'catkin_cmake_args' from command line to 'None'
[0.296s] Level 5:colcon.colcon_core.verb:set package 'irobot_create_control' build argument 'catkin_skip_building_tests' from command line to 'False'
[0.296s] DEBUG:colcon.colcon_core.verb:Building package 'irobot_create_control' with the following arguments: {'ament_cmake_args': None, 'build_base': '/home/javierac/create3_ws/build/irobot_create_control', 'catkin_cmake_args': None, 'catkin_skip_building_tests': False, 'cmake_args': None, 'cmake_clean_cache': False, 'cmake_clean_first': False, 'cmake_force_configure': False, 'cmake_target': None, 'cmake_target_skip_unavailable': False, 'install_base': '/home/javierac/create3_ws/install/irobot_create_control', 'merge_install': False, 'path': '/home/javierac/create3_ws/src/irobot_create_common/irobot_create_control', 'symlink_install': True, 'test_result_base': None}
[0.296s] Level 5:colcon.colcon_core.verb:set package 'irobot_create_description' build argument 'cmake_args' from command line to 'None'
[0.296s] Level 5:colcon.colcon_core.verb:set package 'irobot_create_description' build argument 'cmake_target' from command line to 'None'
[0.296s] Level 5:colcon.colcon_core.verb:set package 'irobot_create_description' build argument 'cmake_target_skip_unavailable' from command line to 'False'
[0.296s] Level 5:colcon.colcon_core.verb:set package 'irobot_create_description' build argument 'cmake_clean_cache' from command line to 'False'
[0.296s] Level 5:colcon.colcon_core.verb:set package 'irobot_create_description' build argument 'cmake_clean_first' from command line to 'False'
[0.296s] Level 5:colcon.colcon_core.verb:set package 'irobot_create_description' build argument 'cmake_force_configure' from command line to 'False'
[0.296s] Level 5:colcon.colcon_core.verb:set package 'irobot_create_description' build argument 'ament_cmake_args' from command line to 'None'
[0.297s] Level 5:colcon.colcon_core.verb:set package 'irobot_create_description' build argument 'catkin_cmake_args' from command line to 'None'
[0.297s] Level 5:colcon.colcon_core.verb:set package 'irobot_create_description' build argument 'catkin_skip_building_tests' from command line to 'False'
[0.297s] DEBUG:colcon.colcon_core.verb:Building package 'irobot_create_description' with the following arguments: {'ament_cmake_args': None, 'build_base': '/home/javierac/create3_ws/build/irobot_create_description', 'catkin_cmake_args': None, 'catkin_skip_building_tests': False, 'cmake_args': None, 'cmake_clean_cache': False, 'cmake_clean_first': False, 'cmake_force_configure': False, 'cmake_target': None, 'cmake_target_skip_unavailable': False, 'install_base': '/home/javierac/create3_ws/install/irobot_create_description', 'merge_install': False, 'path': '/home/javierac/create3_ws/src/irobot_create_common/irobot_create_description', 'symlink_install': True, 'test_result_base': None}
[0.297s] Level 5:colcon.colcon_core.verb:set package 'irobot_create_ignition_plugins' build argument 'cmake_args' from command line to 'None'
[0.297s] Level 5:colcon.colcon_core.verb:set package 'irobot_create_ignition_plugins' build argument 'cmake_target' from command line to 'None'
[0.297s] Level 5:colcon.colcon_core.verb:set package 'irobot_create_ignition_plugins' build argument 'cmake_target_skip_unavailable' from command line to 'False'
[0.297s] Level 5:colcon.colcon_core.verb:set package 'irobot_create_ignition_plugins' build argument 'cmake_clean_cache' from command line to 'False'
[0.297s] Level 5:colcon.colcon_core.verb:set package 'irobot_create_ignition_plugins' build argument 'cmake_clean_first' from command line to 'False'
[0.297s] Level 5:colcon.colcon_core.verb:set package 'irobot_create_ignition_plugins' build argument 'cmake_force_configure' from command line to 'False'
[0.297s] Level 5:colcon.colcon_core.verb:set package 'irobot_create_ignition_plugins' build argument 'ament_cmake_args' from command line to 'None'
[0.297s] Level 5:colcon.colcon_core.verb:set package 'irobot_create_ignition_plugins' build argument 'catkin_cmake_args' from command line to 'None'
[0.297s] Level 5:colcon.colcon_core.verb:set package 'irobot_create_ignition_plugins' build argument 'catkin_skip_building_tests' from command line to 'False'
[0.297s] DEBUG:colcon.colcon_core.verb:Building package 'irobot_create_ignition_plugins' with the following arguments: {'ament_cmake_args': None, 'build_base': '/home/javierac/create3_ws/build/irobot_create_ignition_plugins', 'catkin_cmake_args': None, 'catkin_skip_building_tests': False, 'cmake_args': None, 'cmake_clean_cache': False, 'cmake_clean_first': False, 'cmake_force_configure': False, 'cmake_target': None, 'cmake_target_skip_unavailable': False, 'install_base': '/home/javierac/create3_ws/install/irobot_create_ignition_plugins', 'merge_install': False, 'path': '/home/javierac/create3_ws/src/irobot_create_ignition/irobot_create_ignition_plugins', 'symlink_install': True, 'test_result_base': None}
[0.297s] Level 5:colcon.colcon_core.verb:set package 'irobot_create_toolbox' build argument 'cmake_args' from command line to 'None'
[0.297s] Level 5:colcon.colcon_core.verb:set package 'irobot_create_toolbox' build argument 'cmake_target' from command line to 'None'
[0.297s] Level 5:colcon.colcon_core.verb:set package 'irobot_create_toolbox' build argument 'cmake_target_skip_unavailable' from command line to 'False'
[0.297s] Level 5:colcon.colcon_core.verb:set package 'irobot_create_toolbox' build argument 'cmake_clean_cache' from command line to 'False'
[0.297s] Level 5:colcon.colcon_core.verb:set package 'irobot_create_toolbox' build argument 'cmake_clean_first' from command line to 'False'
[0.297s] Level 5:colcon.colcon_core.verb:set package 'irobot_create_toolbox' build argument 'cmake_force_configure' from command line to 'False'
[0.297s] Level 5:colcon.colcon_core.verb:set package 'irobot_create_toolbox' build argument 'ament_cmake_args' from command line to 'None'
[0.297s] Level 5:colcon.colcon_core.verb:set package 'irobot_create_toolbox' build argument 'catkin_cmake_args' from command line to 'None'
[0.297s] Level 5:colcon.colcon_core.verb:set package 'irobot_create_toolbox' build argument 'catkin_skip_building_tests' from command line to 'False'
[0.297s] DEBUG:colcon.colcon_core.verb:Building package 'irobot_create_toolbox' with the following arguments: {'ament_cmake_args': None, 'build_base': '/home/javierac/create3_ws/build/irobot_create_toolbox', 'catkin_cmake_args': None, 'catkin_skip_building_tests': False, 'cmake_args': None, 'cmake_clean_cache': False, 'cmake_clean_first': False, 'cmake_force_configure': False, 'cmake_target': None, 'cmake_target_skip_unavailable': False, 'install_base': '/home/javierac/create3_ws/install/irobot_create_toolbox', 'merge_install': False, 'path': '/home/javierac/create3_ws/src/irobot_create_common/irobot_create_toolbox', 'symlink_install': True, 'test_result_base': None}
[0.298s] Level 5:colcon.colcon_core.verb:set package 'irobot_create_gazebo_plugins' build argument 'cmake_args' from command line to 'None'
[0.298s] Level 5:colcon.colcon_core.verb:set package 'irobot_create_gazebo_plugins' build argument 'cmake_target' from command line to 'None'
[0.298s] Level 5:colcon.colcon_core.verb:set package 'irobot_create_gazebo_plugins' build argument 'cmake_target_skip_unavailable' from command line to 'False'
[0.298s] Level 5:colcon.colcon_core.verb:set package 'irobot_create_gazebo_plugins' build argument 'cmake_clean_cache' from command line to 'False'
[0.298s] Level 5:colcon.colcon_core.verb:set package 'irobot_create_gazebo_plugins' build argument 'cmake_clean_first' from command line to 'False'
[0.298s] Level 5:colcon.colcon_core.verb:set package 'irobot_create_gazebo_plugins' build argument 'cmake_force_configure' from command line to 'False'
[0.298s] Level 5:colcon.colcon_core.verb:set package 'irobot_create_gazebo_plugins' build argument 'ament_cmake_args' from command line to 'None'
[0.298s] Level 5:colcon.colcon_core.verb:set package 'irobot_create_gazebo_plugins' build argument 'catkin_cmake_args' from command line to 'None'
[0.298s] Level 5:colcon.colcon_core.verb:set package 'irobot_create_gazebo_plugins' build argument 'catkin_skip_building_tests' from command line to 'False'
[0.298s] DEBUG:colcon.colcon_core.verb:Building package 'irobot_create_gazebo_plugins' with the following arguments: {'ament_cmake_args': None, 'build_base': '/home/javierac/create3_ws/build/irobot_create_gazebo_plugins', 'catkin_cmake_args': None, 'catkin_skip_building_tests': False, 'cmake_args': None, 'cmake_clean_cache': False, 'cmake_clean_first': False, 'cmake_force_configure': False, 'cmake_target': None, 'cmake_target_skip_unavailable': False, 'install_base': '/home/javierac/create3_ws/install/irobot_create_gazebo_plugins', 'merge_install': False, 'path': '/home/javierac/create3_ws/src/irobot_create_gazebo/irobot_create_gazebo_plugins', 'symlink_install': True, 'test_result_base': None}
[0.298s] Level 5:colcon.colcon_core.verb:set package 'irobot_create_ignition_toolbox' build argument 'cmake_args' from command line to 'None'
[0.298s] Level 5:colcon.colcon_core.verb:set package 'irobot_create_ignition_toolbox' build argument 'cmake_target' from command line to 'None'
[0.298s] Level 5:colcon.colcon_core.verb:set package 'irobot_create_ignition_toolbox' build argument 'cmake_target_skip_unavailable' from command line to 'False'
[0.298s] Level 5:colcon.colcon_core.verb:set package 'irobot_create_ignition_toolbox' build argument 'cmake_clean_cache' from command line to 'False'
[0.298s] Level 5:colcon.colcon_core.verb:set package 'irobot_create_ignition_toolbox' build argument 'cmake_clean_first' from command line to 'False'
[0.298s] Level 5:colcon.colcon_core.verb:set package 'irobot_create_ignition_toolbox' build argument 'cmake_force_configure' from command line to 'False'
[0.298s] Level 5:colcon.colcon_core.verb:set package 'irobot_create_ignition_toolbox' build argument 'ament_cmake_args' from command line to 'None'
[0.298s] Level 5:colcon.colcon_core.verb:set package 'irobot_create_ignition_toolbox' build argument 'catkin_cmake_args' from command line to 'None'
[0.298s] Level 5:colcon.colcon_core.verb:set package 'irobot_create_ignition_toolbox' build argument 'catkin_skip_building_tests' from command line to 'False'
[0.298s] DEBUG:colcon.colcon_core.verb:Building package 'irobot_create_ignition_toolbox' with the following arguments: {'ament_cmake_args': None, 'build_base': '/home/javierac/create3_ws/build/irobot_create_ignition_toolbox', 'catkin_cmake_args': None, 'catkin_skip_building_tests': False, 'cmake_args': None, 'cmake_clean_cache': False, 'cmake_clean_first': False, 'cmake_force_configure': False, 'cmake_target': None, 'cmake_target_skip_unavailable': False, 'install_base': '/home/javierac/create3_ws/install/irobot_create_ignition_toolbox', 'merge_install': False, 'path': '/home/javierac/create3_ws/src/irobot_create_ignition/irobot_create_ignition_toolbox', 'symlink_install': True, 'test_result_base': None}
[0.299s] Level 5:colcon.colcon_core.verb:set package 'irobot_create_nodes' build argument 'cmake_args' from command line to 'None'
[0.299s] Level 5:colcon.colcon_core.verb:set package 'irobot_create_nodes' build argument 'cmake_target' from command line to 'None'
[0.299s] Level 5:colcon.colcon_core.verb:set package 'irobot_create_nodes' build argument 'cmake_target_skip_unavailable' from command line to 'False'
[0.299s] Level 5:colcon.colcon_core.verb:set package 'irobot_create_nodes' build argument 'cmake_clean_cache' from command line to 'False'
[0.299s] Level 5:colcon.colcon_core.verb:set package 'irobot_create_nodes' build argument 'cmake_clean_first' from command line to 'False'
[0.299s] Level 5:colcon.colcon_core.verb:set package 'irobot_create_nodes' build argument 'cmake_force_configure' from command line to 'False'
[0.299s] Level 5:colcon.colcon_core.verb:set package 'irobot_create_nodes' build argument 'ament_cmake_args' from command line to 'None'
[0.299s] Level 5:colcon.colcon_core.verb:set package 'irobot_create_nodes' build argument 'catkin_cmake_args' from command line to 'None'
[0.299s] Level 5:colcon.colcon_core.verb:set package 'irobot_create_nodes' build argument 'catkin_skip_building_tests' from command line to 'False'
[0.299s] DEBUG:colcon.colcon_core.verb:Building package 'irobot_create_nodes' with the following arguments: {'ament_cmake_args': None, 'build_base': '/home/javierac/create3_ws/build/irobot_create_nodes', 'catkin_cmake_args': None, 'catkin_skip_building_tests': False, 'cmake_args': None, 'cmake_clean_cache': False, 'cmake_clean_first': False, 'cmake_force_configure': False, 'cmake_target': None, 'cmake_target_skip_unavailable': False, 'install_base': '/home/javierac/create3_ws/install/irobot_create_nodes', 'merge_install': False, 'path': '/home/javierac/create3_ws/src/irobot_create_common/irobot_create_nodes', 'symlink_install': True, 'test_result_base': None}
[0.299s] Level 5:colcon.colcon_core.verb:set package 'irobot_create_common_bringup' build argument 'cmake_args' from command line to 'None'
[0.299s] Level 5:colcon.colcon_core.verb:set package 'irobot_create_common_bringup' build argument 'cmake_target' from command line to 'None'
[0.299s] Level 5:colcon.colcon_core.verb:set package 'irobot_create_common_bringup' build argument 'cmake_target_skip_unavailable' from command line to 'False'
[0.299s] Level 5:colcon.colcon_core.verb:set package 'irobot_create_common_bringup' build argument 'cmake_clean_cache' from command line to 'False'
[0.299s] Level 5:colcon.colcon_core.verb:set package 'irobot_create_common_bringup' build argument 'cmake_clean_first' from command line to 'False'
[0.299s] Level 5:colcon.colcon_core.verb:set package 'irobot_create_common_bringup' build argument 'cmake_force_configure' from command line to 'False'
[0.299s] Level 5:colcon.colcon_core.verb:set package 'irobot_create_common_bringup' build argument 'ament_cmake_args' from command line to 'None'
[0.299s] Level 5:colcon.colcon_core.verb:set package 'irobot_create_common_bringup' build argument 'catkin_cmake_args' from command line to 'None'
[0.299s] Level 5:colcon.colcon_core.verb:set package 'irobot_create_common_bringup' build argument 'catkin_skip_building_tests' from command line to 'False'
[0.299s] DEBUG:colcon.colcon_core.verb:Building package 'irobot_create_common_bringup' with the following arguments: {'ament_cmake_args': None, 'build_base': '/home/javierac/create3_ws/build/irobot_create_common_bringup', 'catkin_cmake_args': None, 'catkin_skip_building_tests': False, 'cmake_args': None, 'cmake_clean_cache': False, 'cmake_clean_first': False, 'cmake_force_configure': False, 'cmake_target': None, 'cmake_target_skip_unavailable': False, 'install_base': '/home/javierac/create3_ws/install/irobot_create_common_bringup', 'merge_install': False, 'path': '/home/javierac/create3_ws/src/irobot_create_common/irobot_create_common_bringup', 'symlink_install': True, 'test_result_base': None}
[0.300s] Level 5:colcon.colcon_core.verb:set package 'irobot_create_gazebo_bringup' build argument 'cmake_args' from command line to 'None'
[0.300s] Level 5:colcon.colcon_core.verb:set package 'irobot_create_gazebo_bringup' build argument 'cmake_target' from command line to 'None'
[0.300s] Level 5:colcon.colcon_core.verb:set package 'irobot_create_gazebo_bringup' build argument 'cmake_target_skip_unavailable' from command line to 'False'
[0.300s] Level 5:colcon.colcon_core.verb:set package 'irobot_create_gazebo_bringup' build argument 'cmake_clean_cache' from command line to 'False'
[0.300s] Level 5:colcon.colcon_core.verb:set package 'irobot_create_gazebo_bringup' build argument 'cmake_clean_first' from command line to 'False'
[0.300s] Level 5:colcon.colcon_core.verb:set package 'irobot_create_gazebo_bringup' build argument 'cmake_force_configure' from command line to 'False'
[0.300s] Level 5:colcon.colcon_core.verb:set package 'irobot_create_gazebo_bringup' build argument 'ament_cmake_args' from command line to 'None'
[0.300s] Level 5:colcon.colcon_core.verb:set package 'irobot_create_gazebo_bringup' build argument 'catkin_cmake_args' from command line to 'None'
[0.300s] Level 5:colcon.colcon_core.verb:set package 'irobot_create_gazebo_bringup' build argument 'catkin_skip_building_tests' from command line to 'False'
[0.300s] DEBUG:colcon.colcon_core.verb:Building package 'irobot_create_gazebo_bringup' with the following arguments: {'ament_cmake_args': None, 'build_base': '/home/javierac/create3_ws/build/irobot_create_gazebo_bringup', 'catkin_cmake_args': None, 'catkin_skip_building_tests': False, 'cmake_args': None, 'cmake_clean_cache': False, 'cmake_clean_first': False, 'cmake_force_configure': False, 'cmake_target': None, 'cmake_target_skip_unavailable': False, 'install_base': '/home/javierac/create3_ws/install/irobot_create_gazebo_bringup', 'merge_install': False, 'path': '/home/javierac/create3_ws/src/irobot_create_gazebo/irobot_create_gazebo_bringup', 'symlink_install': True, 'test_result_base': None}
[0.300s] Level 5:colcon.colcon_core.verb:set package 'irobot_create_ignition_bringup' build argument 'cmake_args' from command line to 'None'
[0.300s] Level 5:colcon.colcon_core.verb:set package 'irobot_create_ignition_bringup' build argument 'cmake_target' from command line to 'None'
[0.300s] Level 5:colcon.colcon_core.verb:set package 'irobot_create_ignition_bringup' build argument 'cmake_target_skip_unavailable' from command line to 'False'
[0.300s] Level 5:colcon.colcon_core.verb:set package 'irobot_create_ignition_bringup' build argument 'cmake_clean_cache' from command line to 'False'
[0.300s] Level 5:colcon.colcon_core.verb:set package 'irobot_create_ignition_bringup' build argument 'cmake_clean_first' from command line to 'False'
[0.300s] Level 5:colcon.colcon_core.verb:set package 'irobot_create_ignition_bringup' build argument 'cmake_force_configure' from command line to 'False'
[0.300s] Level 5:colcon.colcon_core.verb:set package 'irobot_create_ignition_bringup' build argument 'ament_cmake_args' from command line to 'None'
[0.300s] Level 5:colcon.colcon_core.verb:set package 'irobot_create_ignition_bringup' build argument 'catkin_cmake_args' from command line to 'None'
[0.300s] Level 5:colcon.colcon_core.verb:set package 'irobot_create_ignition_bringup' build argument 'catkin_skip_building_tests' from command line to 'False'
[0.300s] DEBUG:colcon.colcon_core.verb:Building package 'irobot_create_ignition_bringup' with the following arguments: {'ament_cmake_args': None, 'build_base': '/home/javierac/create3_ws/build/irobot_create_ignition_bringup', 'catkin_cmake_args': None, 'catkin_skip_building_tests': False, 'cmake_args': None, 'cmake_clean_cache': False, 'cmake_clean_first': False, 'cmake_force_configure': False, 'cmake_target': None, 'cmake_target_skip_unavailable': False, 'install_base': '/home/javierac/create3_ws/install/irobot_create_ignition_bringup', 'merge_install': False, 'path': '/home/javierac/create3_ws/src/irobot_create_ignition/irobot_create_ignition_bringup', 'symlink_install': True, 'test_result_base': None}
[0.300s] Level 5:colcon.colcon_core.verb:set package 'irobot_create_gazebo_sim' build argument 'cmake_args' from command line to 'None'
[0.301s] Level 5:colcon.colcon_core.verb:set package 'irobot_create_gazebo_sim' build argument 'cmake_target' from command line to 'None'
[0.301s] Level 5:colcon.colcon_core.verb:set package 'irobot_create_gazebo_sim' build argument 'cmake_target_skip_unavailable' from command line to 'False'
[0.301s] Level 5:colcon.colcon_core.verb:set package 'irobot_create_gazebo_sim' build argument 'cmake_clean_cache' from command line to 'False'
[0.301s] Level 5:colcon.colcon_core.verb:set package 'irobot_create_gazebo_sim' build argument 'cmake_clean_first' from command line to 'False'
[0.301s] Level 5:colcon.colcon_core.verb:set package 'irobot_create_gazebo_sim' build argument 'cmake_force_configure' from command line to 'False'
[0.301s] Level 5:colcon.colcon_core.verb:set package 'irobot_create_gazebo_sim' build argument 'ament_cmake_args' from command line to 'None'
[0.301s] Level 5:colcon.colcon_core.verb:set package 'irobot_create_gazebo_sim' build argument 'catkin_cmake_args' from command line to 'None'
[0.301s] Level 5:colcon.colcon_core.verb:set package 'irobot_create_gazebo_sim' build argument 'catkin_skip_building_tests' from command line to 'False'
[0.301s] DEBUG:colcon.colcon_core.verb:Building package 'irobot_create_gazebo_sim' with the following arguments: {'ament_cmake_args': None, 'build_base': '/home/javierac/create3_ws/build/irobot_create_gazebo_sim', 'catkin_cmake_args': None, 'catkin_skip_building_tests': False, 'cmake_args': None, 'cmake_clean_cache': False, 'cmake_clean_first': False, 'cmake_force_configure': False, 'cmake_target': None, 'cmake_target_skip_unavailable': False, 'install_base': '/home/javierac/create3_ws/install/irobot_create_gazebo_sim', 'merge_install': False, 'path': '/home/javierac/create3_ws/src/irobot_create_gazebo/irobot_create_gazebo_sim', 'symlink_install': True, 'test_result_base': None}
[0.301s] Level 5:colcon.colcon_core.verb:set package 'irobot_create_ignition_sim' build argument 'cmake_args' from command line to 'None'
[0.301s] Level 5:colcon.colcon_core.verb:set package 'irobot_create_ignition_sim' build argument 'cmake_target' from command line to 'None'
[0.301s] Level 5:colcon.colcon_core.verb:set package 'irobot_create_ignition_sim' build argument 'cmake_target_skip_unavailable' from command line to 'False'
[0.301s] Level 5:colcon.colcon_core.verb:set package 'irobot_create_ignition_sim' build argument 'cmake_clean_cache' from command line to 'False'
[0.301s] Level 5:colcon.colcon_core.verb:set package 'irobot_create_ignition_sim' build argument 'cmake_clean_first' from command line to 'False'
[0.301s] Level 5:colcon.colcon_core.verb:set package 'irobot_create_ignition_sim' build argument 'cmake_force_configure' from command line to 'False'
[0.301s] Level 5:colcon.colcon_core.verb:set package 'irobot_create_ignition_sim' build argument 'ament_cmake_args' from command line to 'None'
[0.301s] Level 5:colcon.colcon_core.verb:set package 'irobot_create_ignition_sim' build argument 'catkin_cmake_args' from command line to 'None'
[0.301s] Level 5:colcon.colcon_core.verb:set package 'irobot_create_ignition_sim' build argument 'catkin_skip_building_tests' from command line to 'False'
[0.301s] DEBUG:colcon.colcon_core.verb:Building package 'irobot_create_ignition_sim' with the following arguments: {'ament_cmake_args': None, 'build_base': '/home/javierac/create3_ws/build/irobot_create_ignition_sim', 'catkin_cmake_args': None, 'catkin_skip_building_tests': False, 'cmake_args': None, 'cmake_clean_cache': False, 'cmake_clean_first': False, 'cmake_force_configure': False, 'cmake_target': None, 'cmake_target_skip_unavailable': False, 'install_base': '/home/javierac/create3_ws/install/irobot_create_ignition_sim', 'merge_install': False, 'path': '/home/javierac/create3_ws/src/irobot_create_ignition/irobot_create_ignition_sim', 'symlink_install': True, 'test_result_base': None}
[0.301s] INFO:colcon.colcon_core.executor:Executing jobs using 'parallel' executor
[0.302s] DEBUG:colcon.colcon_parallel_executor.executor.parallel:run_until_complete
[0.303s] INFO:colcon.colcon_ros.task.ament_cmake.build:Building ROS package in '/home/javierac/create3_ws/src/irobot_create_common/irobot_create_toolbox' with build type 'ament_cmake'
[0.303s] INFO:colcon.colcon_cmake.task.cmake.build:Building CMake package in '/home/javierac/create3_ws/src/irobot_create_common/irobot_create_toolbox'
[0.305s] INFO:colcon.colcon_core.plugin_system:Skipping extension 'colcon_core.shell.bat': Not used on non-Windows systems
[0.305s] INFO:colcon.colcon_core.shell:Skip shell extension 'powershell' for command environment: Not usable outside of PowerShell
[0.305s] DEBUG:colcon.colcon_core.shell:Skip shell extension 'dsv' for command environment
[0.310s] INFO:colcon.colcon_ros.task.ament_cmake.build:Building ROS package in '/home/javierac/create3_ws/src/irobot_create_common/irobot_create_control' with build type 'ament_cmake'
[0.310s] INFO:colcon.colcon_cmake.task.cmake.build:Building CMake package in '/home/javierac/create3_ws/src/irobot_create_common/irobot_create_control'
[0.310s] INFO:colcon.colcon_core.shell:Skip shell extension 'powershell' for command environment: Not usable outside of PowerShell
[0.310s] DEBUG:colcon.colcon_core.shell:Skip shell extension 'dsv' for command environment
[0.313s] INFO:colcon.colcon_ros.task.ament_cmake.build:Building ROS package in '/home/javierac/create3_ws/src/irobot_create_common/irobot_create_description' with build type 'ament_cmake'
[0.313s] INFO:colcon.colcon_cmake.task.cmake.build:Building CMake package in '/home/javierac/create3_ws/src/irobot_create_common/irobot_create_description'
[0.313s] INFO:colcon.colcon_core.shell:Skip shell extension 'powershell' for command environment: Not usable outside of PowerShell
[0.313s] DEBUG:colcon.colcon_core.shell:Skip shell extension 'dsv' for command environment
[0.316s] INFO:colcon.colcon_ros.task.ament_cmake.build:Building ROS package in '/home/javierac/create3_ws/src/irobot_create_ignition/irobot_create_ignition_plugins' with build type 'ament_cmake'
[0.316s] INFO:colcon.colcon_cmake.task.cmake.build:Building CMake package in '/home/javierac/create3_ws/src/irobot_create_ignition/irobot_create_ignition_plugins'
[0.316s] INFO:colcon.colcon_core.shell:Skip shell extension 'powershell' for command environment: Not usable outside of PowerShell
[0.316s] DEBUG:colcon.colcon_core.shell:Skip shell extension 'dsv' for command environment
[0.323s] DEBUG:colcon.colcon_core.event_handler.log_command:Invoking command in '/home/javierac/create3_ws/build/irobot_create_toolbox': CMAKE_PREFIX_PATH=/opt/ros/humble /usr/bin/cmake /home/javierac/create3_ws/src/irobot_create_common/irobot_create_toolbox -DAMENT_CMAKE_SYMLINK_INSTALL=1 -DCMAKE_INSTALL_PREFIX=/home/javierac/create3_ws/install/irobot_create_toolbox
[0.324s] DEBUG:colcon.colcon_core.event_handler.log_command:Invoking command in '/home/javierac/create3_ws/build/irobot_create_control': CMAKE_PREFIX_PATH=/opt/ros/humble /usr/bin/cmake /home/javierac/create3_ws/src/irobot_create_common/irobot_create_control -DAMENT_CMAKE_SYMLINK_INSTALL=1 -DCMAKE_INSTALL_PREFIX=/home/javierac/create3_ws/install/irobot_create_control
[0.327s] DEBUG:colcon.colcon_core.event_handler.log_command:Invoking command in '/home/javierac/create3_ws/build/irobot_create_description': CMAKE_PREFIX_PATH=/opt/ros/humble /usr/bin/cmake /home/javierac/create3_ws/src/irobot_create_common/irobot_create_description -DAMENT_CMAKE_SYMLINK_INSTALL=1 -DCMAKE_INSTALL_PREFIX=/home/javierac/create3_ws/install/irobot_create_description
[0.332s] DEBUG:colcon.colcon_core.event_handler.log_command:Invoking command in '/home/javierac/create3_ws/build/irobot_create_ignition_plugins': CMAKE_PREFIX_PATH=/opt/ros/humble /usr/bin/cmake /home/javierac/create3_ws/src/irobot_create_ignition/irobot_create_ignition_plugins -DAMENT_CMAKE_SYMLINK_INSTALL=1 -DCMAKE_INSTALL_PREFIX=/home/javierac/create3_ws/install/irobot_create_ignition_plugins
[0.961s] DEBUG:colcon.colcon_core.event_handler.log_command:Invoked command in '/home/javierac/create3_ws/build/irobot_create_description' returned '0': CMAKE_PREFIX_PATH=/opt/ros/humble /usr/bin/cmake /home/javierac/create3_ws/src/irobot_create_common/irobot_create_description -DAMENT_CMAKE_SYMLINK_INSTALL=1 -DCMAKE_INSTALL_PREFIX=/home/javierac/create3_ws/install/irobot_create_description
[0.961s] DEBUG:colcon.colcon_core.event_handler.log_command:Invoking command in '/home/javierac/create3_ws/build/irobot_create_description': CMAKE_PREFIX_PATH=/opt/ros/humble /usr/bin/cmake --build /home/javierac/create3_ws/build/irobot_create_description -- -j20 -l20
[1.001s] DEBUG:colcon.colcon_core.event_handler.log_command:Invoked command in '/home/javierac/create3_ws/build/irobot_create_control' returned '0': CMAKE_PREFIX_PATH=/opt/ros/humble /usr/bin/cmake /home/javierac/create3_ws/src/irobot_create_common/irobot_create_control -DAMENT_CMAKE_SYMLINK_INSTALL=1 -DCMAKE_INSTALL_PREFIX=/home/javierac/create3_ws/install/irobot_create_control
[1.003s] DEBUG:colcon.colcon_core.event_handler.log_command:Invoking command in '/home/javierac/create3_ws/build/irobot_create_control': CMAKE_PREFIX_PATH=/opt/ros/humble /usr/bin/cmake --build /home/javierac/create3_ws/build/irobot_create_control -- -j20 -l20
[1.006s] DEBUG:colcon.colcon_core.event_handler.log_command:Invoked command in '/home/javierac/create3_ws/build/irobot_create_description' returned '0': CMAKE_PREFIX_PATH=/opt/ros/humble /usr/bin/cmake --build /home/javierac/create3_ws/build/irobot_create_description -- -j20 -l20
[1.020s] DEBUG:colcon.colcon_core.event_handler.log_command:Invoking command in '/home/javierac/create3_ws/build/irobot_create_description': CMAKE_PREFIX_PATH=/opt/ros/humble /usr/bin/cmake --install /home/javierac/create3_ws/build/irobot_create_description
[1.046s] DEBUG:colcon.colcon_core.event_handler.log_command:Invoked command in '/home/javierac/create3_ws/build/irobot_create_control' returned '0': CMAKE_PREFIX_PATH=/opt/ros/humble /usr/bin/cmake --build /home/javierac/create3_ws/build/irobot_create_control -- -j20 -l20
[1.048s] DEBUG:colcon.colcon_core.event_handler.log_command:Invoking command in '/home/javierac/create3_ws/build/irobot_create_control': CMAKE_PREFIX_PATH=/opt/ros/humble /usr/bin/cmake --install /home/javierac/create3_ws/build/irobot_create_control
[1.212s] Level 1:colcon.colcon_core.environment:create_environment_scripts_only(irobot_create_control)
[1.213s] DEBUG:colcon.colcon_core.event_handler.log_command:Invoked command in '/home/javierac/create3_ws/build/irobot_create_control' returned '0': CMAKE_PREFIX_PATH=/opt/ros/humble /usr/bin/cmake --install /home/javierac/create3_ws/build/irobot_create_control
[1.217s] Level 1:colcon.colcon_core.environment:checking '/home/javierac/create3_ws/install/irobot_create_control' for CMake module files
[1.218s] Level 1:colcon.colcon_core.environment:checking '/home/javierac/create3_ws/install/irobot_create_control' for CMake config files
[1.218s] Level 1:colcon.colcon_core.shell:create_environment_hook('irobot_create_control', 'cmake_prefix_path')
[1.218s] INFO:colcon.colcon_core.shell:Creating environment hook '/home/javierac/create3_ws/install/irobot_create_control/share/irobot_create_control/hook/cmake_prefix_path.ps1'
[1.219s] INFO:colcon.colcon_core.shell:Creating environment descriptor '/home/javierac/create3_ws/install/irobot_create_control/share/irobot_create_control/hook/cmake_prefix_path.dsv'
[1.219s] INFO:colcon.colcon_core.shell:Creating environment hook '/home/javierac/create3_ws/install/irobot_create_control/share/irobot_create_control/hook/cmake_prefix_path.sh'
[1.220s] Level 1:colcon.colcon_core.environment:checking '/home/javierac/create3_ws/install/irobot_create_control/bin'
[1.220s] Level 1:colcon.colcon_core.environment:checking '/home/javierac/create3_ws/install/irobot_create_control/lib/pkgconfig/irobot_create_control.pc'
[1.222s] Level 1:colcon.colcon_core.environment:checking '/home/javierac/create3_ws/install/irobot_create_control/lib/python3.10/site-packages'
[1.222s] Level 1:colcon.colcon_core.environment:checking '/home/javierac/create3_ws/install/irobot_create_control/bin'
[1.222s] INFO:colcon.colcon_core.shell:Creating package script '/home/javierac/create3_ws/install/irobot_create_control/share/irobot_create_control/package.ps1'
[1.223s] INFO:colcon.colcon_core.shell:Creating package descriptor '/home/javierac/create3_ws/install/irobot_create_control/share/irobot_create_control/package.dsv'
[1.224s] INFO:colcon.colcon_core.shell:Creating package script '/home/javierac/create3_ws/install/irobot_create_control/share/irobot_create_control/package.sh'
[1.224s] INFO:colcon.colcon_core.shell:Creating package script '/home/javierac/create3_ws/install/irobot_create_control/share/irobot_create_control/package.bash'
[1.225s] INFO:colcon.colcon_core.shell:Creating package script '/home/javierac/create3_ws/install/irobot_create_control/share/irobot_create_control/package.zsh'
[1.225s] Level 1:colcon.colcon_core.environment:create_file_with_runtime_dependencies(/home/javierac/create3_ws/install/irobot_create_control/share/colcon-core/packages/irobot_create_control)
[1.226s] Level 1:colcon.colcon_core.environment:create_environment_scripts_only(irobot_create_control)
[1.226s] Level 1:colcon.colcon_core.environment:checking '/home/javierac/create3_ws/install/irobot_create_control' for CMake module files
[1.227s] Level 1:colcon.colcon_core.environment:checking '/home/javierac/create3_ws/install/irobot_create_control' for CMake config files
[1.227s] Level 1:colcon.colcon_core.shell:create_environment_hook('irobot_create_control', 'cmake_prefix_path')
[1.227s] INFO:colcon.colcon_core.shell:Creating environment hook '/home/javierac/create3_ws/install/irobot_create_control/share/irobot_create_control/hook/cmake_prefix_path.ps1'
[1.227s] INFO:colcon.colcon_core.shell:Creating environment descriptor '/home/javierac/create3_ws/install/irobot_create_control/share/irobot_create_control/hook/cmake_prefix_path.dsv'
[1.227s] INFO:colcon.colcon_core.shell:Creating environment hook '/home/javierac/create3_ws/install/irobot_create_control/share/irobot_create_control/hook/cmake_prefix_path.sh'
[1.228s] Level 1:colcon.colcon_core.environment:checking '/home/javierac/create3_ws/install/irobot_create_control/bin'
[1.228s] Level 1:colcon.colcon_core.environment:checking '/home/javierac/create3_ws/install/irobot_create_control/lib/pkgconfig/irobot_create_control.pc'
[1.228s] Level 1:colcon.colcon_core.environment:checking '/home/javierac/create3_ws/install/irobot_create_control/lib/python3.10/site-packages'
[1.228s] Level 1:colcon.colcon_core.environment:checking '/home/javierac/create3_ws/install/irobot_create_control/bin'
[1.229s] INFO:colcon.colcon_core.shell:Creating package script '/home/javierac/create3_ws/install/irobot_create_control/share/irobot_create_control/package.ps1'
[1.229s] INFO:colcon.colcon_core.shell:Creating package descriptor '/home/javierac/create3_ws/install/irobot_create_control/share/irobot_create_control/package.dsv'
[1.230s] INFO:colcon.colcon_core.shell:Creating package script '/home/javierac/create3_ws/install/irobot_create_control/share/irobot_create_control/package.sh'
[1.230s] INFO:colcon.colcon_core.shell:Creating package script '/home/javierac/create3_ws/install/irobot_create_control/share/irobot_create_control/package.bash'
[1.230s] INFO:colcon.colcon_core.shell:Creating package script '/home/javierac/create3_ws/install/irobot_create_control/share/irobot_create_control/package.zsh'
[1.230s] Level 1:colcon.colcon_core.environment:create_file_with_runtime_dependencies(/home/javierac/create3_ws/install/irobot_create_control/share/colcon-core/packages/irobot_create_control)
[1.351s] Level 1:colcon.colcon_core.environment:create_environment_scripts_only(irobot_create_description)
[1.352s] Level 1:colcon.colcon_core.environment:checking '/home/javierac/create3_ws/install/irobot_create_description' for CMake module files
[1.353s] DEBUG:colcon.colcon_core.event_handler.log_command:Invoked command in '/home/javierac/create3_ws/build/irobot_create_description' returned '0': CMAKE_PREFIX_PATH=/opt/ros/humble /usr/bin/cmake --install /home/javierac/create3_ws/build/irobot_create_description
[1.353s] Level 1:colcon.colcon_core.environment:checking '/home/javierac/create3_ws/install/irobot_create_description' for CMake config files
[1.354s] Level 1:colcon.colcon_core.shell:create_environment_hook('irobot_create_description', 'cmake_prefix_path')
[1.354s] INFO:colcon.colcon_core.shell:Creating environment hook '/home/javierac/create3_ws/install/irobot_create_description/share/irobot_create_description/hook/cmake_prefix_path.ps1'
[1.355s] INFO:colcon.colcon_core.shell:Creating environment descriptor '/home/javierac/create3_ws/install/irobot_create_description/share/irobot_create_description/hook/cmake_prefix_path.dsv'
[1.355s] INFO:colcon.colcon_core.shell:Creating environment hook '/home/javierac/create3_ws/install/irobot_create_description/share/irobot_create_description/hook/cmake_prefix_path.sh'
[1.356s] Level 1:colcon.colcon_core.environment:checking '/home/javierac/create3_ws/install/irobot_create_description/bin'
[1.356s] Level 1:colcon.colcon_core.environment:checking '/home/javierac/create3_ws/install/irobot_create_description/lib/pkgconfig/irobot_create_description.pc'
[1.356s] Level 1:colcon.colcon_core.environment:checking '/home/javierac/create3_ws/install/irobot_create_description/lib/python3.10/site-packages'
[1.356s] Level 1:colcon.colcon_core.environment:checking '/home/javierac/create3_ws/install/irobot_create_description/bin'
[1.357s] INFO:colcon.colcon_core.shell:Creating package script '/home/javierac/create3_ws/install/irobot_create_description/share/irobot_create_description/package.ps1'
[1.357s] INFO:colcon.colcon_core.shell:Creating package descriptor '/home/javierac/create3_ws/install/irobot_create_description/share/irobot_create_description/package.dsv'
[1.357s] INFO:colcon.colcon_core.shell:Creating package script '/home/javierac/create3_ws/install/irobot_create_description/share/irobot_create_description/package.sh'
[1.358s] INFO:colcon.colcon_core.shell:Creating package script '/home/javierac/create3_ws/install/irobot_create_description/share/irobot_create_description/package.bash'
[1.358s] INFO:colcon.colcon_core.shell:Creating package script '/home/javierac/create3_ws/install/irobot_create_description/share/irobot_create_description/package.zsh'
[1.358s] Level 1:colcon.colcon_core.environment:create_file_with_runtime_dependencies(/home/javierac/create3_ws/install/irobot_create_description/share/colcon-core/packages/irobot_create_description)
[1.359s] Level 1:colcon.colcon_core.environment:create_environment_scripts_only(irobot_create_description)
[1.359s] Level 1:colcon.colcon_core.environment:checking '/home/javierac/create3_ws/install/irobot_create_description' for CMake module files
[1.359s] Level 1:colcon.colcon_core.environment:checking '/home/javierac/create3_ws/install/irobot_create_description' for CMake config files
[1.359s] Level 1:colcon.colcon_core.shell:create_environment_hook('irobot_create_description', 'cmake_prefix_path')
[1.360s] INFO:colcon.colcon_core.shell:Creating environment hook '/home/javierac/create3_ws/install/irobot_create_description/share/irobot_create_description/hook/cmake_prefix_path.ps1'
[1.360s] INFO:colcon.colcon_core.shell:Creating environment descriptor '/home/javierac/create3_ws/install/irobot_create_description/share/irobot_create_description/hook/cmake_prefix_path.dsv'
[1.360s] INFO:colcon.colcon_core.shell:Creating environment hook '/home/javierac/create3_ws/install/irobot_create_description/share/irobot_create_description/hook/cmake_prefix_path.sh'
[1.361s] Level 1:colcon.colcon_core.environment:checking '/home/javierac/create3_ws/install/irobot_create_description/bin'
[1.361s] Level 1:colcon.colcon_core.environment:checking '/home/javierac/create3_ws/install/irobot_create_description/lib/pkgconfig/irobot_create_description.pc'
[1.361s] Level 1:colcon.colcon_core.environment:checking '/home/javierac/create3_ws/install/irobot_create_description/lib/python3.10/site-packages'
[1.361s] Level 1:colcon.colcon_core.environment:checking '/home/javierac/create3_ws/install/irobot_create_description/bin'
[1.361s] INFO:colcon.colcon_core.shell:Creating package script '/home/javierac/create3_ws/install/irobot_create_description/share/irobot_create_description/package.ps1'
[1.362s] INFO:colcon.colcon_core.shell:Creating package descriptor '/home/javierac/create3_ws/install/irobot_create_description/share/irobot_create_description/package.dsv'
[1.362s] INFO:colcon.colcon_core.shell:Creating package script '/home/javierac/create3_ws/install/irobot_create_description/share/irobot_create_description/package.sh'
[1.363s] INFO:colcon.colcon_core.shell:Creating package script '/home/javierac/create3_ws/install/irobot_create_description/share/irobot_create_description/package.bash'
[1.363s] INFO:colcon.colcon_core.shell:Creating package script '/home/javierac/create3_ws/install/irobot_create_description/share/irobot_create_description/package.zsh'
[1.363s] Level 1:colcon.colcon_core.environment:create_file_with_runtime_dependencies(/home/javierac/create3_ws/install/irobot_create_description/share/colcon-core/packages/irobot_create_description)
[1.584s] DEBUG:colcon.colcon_core.event_handler.log_command:Invoked command in '/home/javierac/create3_ws/build/irobot_create_toolbox' returned '0': CMAKE_PREFIX_PATH=/opt/ros/humble /usr/bin/cmake /home/javierac/create3_ws/src/irobot_create_common/irobot_create_toolbox -DAMENT_CMAKE_SYMLINK_INSTALL=1 -DCMAKE_INSTALL_PREFIX=/home/javierac/create3_ws/install/irobot_create_toolbox
[1.585s] DEBUG:colcon.colcon_core.event_handler.log_command:Invoking command in '/home/javierac/create3_ws/build/irobot_create_toolbox': CMAKE_PREFIX_PATH=/opt/ros/humble /usr/bin/cmake --build /home/javierac/create3_ws/build/irobot_create_toolbox -- -j20 -l20
[2.350s] DEBUG:colcon.colcon_core.event_handler.log_command:Invoked command in '/home/javierac/create3_ws/build/irobot_create_ignition_plugins' returned '0': CMAKE_PREFIX_PATH=/opt/ros/humble /usr/bin/cmake /home/javierac/create3_ws/src/irobot_create_ignition/irobot_create_ignition_plugins -DAMENT_CMAKE_SYMLINK_INSTALL=1 -DCMAKE_INSTALL_PREFIX=/home/javierac/create3_ws/install/irobot_create_ignition_plugins
[2.351s] DEBUG:colcon.colcon_core.event_handler.log_command:Invoking command in '/home/javierac/create3_ws/build/irobot_create_ignition_plugins': CMAKE_PREFIX_PATH=/opt/ros/humble /usr/bin/cmake --build /home/javierac/create3_ws/build/irobot_create_ignition_plugins -- -j20 -l20
[3.624s] DEBUG:colcon.colcon_core.event_handler.log_command:Invoked command in '/home/javierac/create3_ws/build/irobot_create_toolbox' returned '0': CMAKE_PREFIX_PATH=/opt/ros/humble /usr/bin/cmake --build /home/javierac/create3_ws/build/irobot_create_toolbox -- -j20 -l20
[3.626s] DEBUG:colcon.colcon_core.event_handler.log_command:Invoking command in '/home/javierac/create3_ws/build/irobot_create_toolbox': CMAKE_PREFIX_PATH=/opt/ros/humble /usr/bin/cmake --install /home/javierac/create3_ws/build/irobot_create_toolbox
[3.857s] Level 1:colcon.colcon_core.environment:create_environment_scripts_only(irobot_create_toolbox)
[3.858s] Level 1:colcon.colcon_core.environment:checking '/home/javierac/create3_ws/install/irobot_create_toolbox' for CMake module files
[3.858s] DEBUG:colcon.colcon_core.event_handler.log_command:Invoked command in '/home/javierac/create3_ws/build/irobot_create_toolbox' returned '0': CMAKE_PREFIX_PATH=/opt/ros/humble /usr/bin/cmake --install /home/javierac/create3_ws/build/irobot_create_toolbox
[3.858s] Level 1:colcon.colcon_core.environment:checking '/home/javierac/create3_ws/install/irobot_create_toolbox' for CMake config files
[3.858s] Level 1:colcon.colcon_core.shell:create_environment_hook('irobot_create_toolbox', 'cmake_prefix_path')
[3.859s] INFO:colcon.colcon_core.shell:Creating environment hook '/home/javierac/create3_ws/install/irobot_create_toolbox/share/irobot_create_toolbox/hook/cmake_prefix_path.ps1'
[3.859s] INFO:colcon.colcon_core.shell:Creating environment descriptor '/home/javierac/create3_ws/install/irobot_create_toolbox/share/irobot_create_toolbox/hook/cmake_prefix_path.dsv'
[3.859s] INFO:colcon.colcon_core.shell:Creating environment hook '/home/javierac/create3_ws/install/irobot_create_toolbox/share/irobot_create_toolbox/hook/cmake_prefix_path.sh'
[3.860s] Level 1:colcon.colcon_core.environment:checking '/home/javierac/create3_ws/install/irobot_create_toolbox/lib'
[3.860s] Level 1:colcon.colcon_core.shell:create_environment_hook('irobot_create_toolbox', 'ld_library_path_lib')
[3.860s] INFO:colcon.colcon_core.shell:Creating environment hook '/home/javierac/create3_ws/install/irobot_create_toolbox/share/irobot_create_toolbox/hook/ld_library_path_lib.ps1'
[3.861s] INFO:colcon.colcon_core.shell:Creating environment descriptor '/home/javierac/create3_ws/install/irobot_create_toolbox/share/irobot_create_toolbox/hook/ld_library_path_lib.dsv'
[3.861s] INFO:colcon.colcon_core.shell:Creating environment hook '/home/javierac/create3_ws/install/irobot_create_toolbox/share/irobot_create_toolbox/hook/ld_library_path_lib.sh'
[3.861s] Level 1:colcon.colcon_core.environment:checking '/home/javierac/create3_ws/install/irobot_create_toolbox/bin'
[3.861s] Level 1:colcon.colcon_core.environment:checking '/home/javierac/create3_ws/install/irobot_create_toolbox/lib/pkgconfig/irobot_create_toolbox.pc'
[3.861s] Level 1:colcon.colcon_core.environment:checking '/home/javierac/create3_ws/install/irobot_create_toolbox/lib/python3.10/site-packages'
[3.862s] Level 1:colcon.colcon_core.environment:checking '/home/javierac/create3_ws/install/irobot_create_toolbox/bin'
[3.862s] INFO:colcon.colcon_core.shell:Creating package script '/home/javierac/create3_ws/install/irobot_create_toolbox/share/irobot_create_toolbox/package.ps1'
[3.862s] INFO:colcon.colcon_core.shell:Creating package descriptor '/home/javierac/create3_ws/install/irobot_create_toolbox/share/irobot_create_toolbox/package.dsv'
[3.863s] INFO:colcon.colcon_core.shell:Creating package script '/home/javierac/create3_ws/install/irobot_create_toolbox/share/irobot_create_toolbox/package.sh'
[3.863s] INFO:colcon.colcon_core.shell:Creating package script '/home/javierac/create3_ws/install/irobot_create_toolbox/share/irobot_create_toolbox/package.bash'
[3.863s] INFO:colcon.colcon_core.shell:Creating package script '/home/javierac/create3_ws/install/irobot_create_toolbox/share/irobot_create_toolbox/package.zsh'
[3.864s] Level 1:colcon.colcon_core.environment:create_file_with_runtime_dependencies(/home/javierac/create3_ws/install/irobot_create_toolbox/share/colcon-core/packages/irobot_create_toolbox)
[3.864s] Level 1:colcon.colcon_core.environment:create_environment_scripts_only(irobot_create_toolbox)
[3.864s] Level 1:colcon.colcon_core.environment:checking '/home/javierac/create3_ws/install/irobot_create_toolbox' for CMake module files
[3.865s] Level 1:colcon.colcon_core.environment:checking '/home/javierac/create3_ws/install/irobot_create_toolbox' for CMake config files
[3.865s] Level 1:colcon.colcon_core.shell:create_environment_hook('irobot_create_toolbox', 'cmake_prefix_path')
[3.865s] INFO:colcon.colcon_core.shell:Creating environment hook '/home/javierac/create3_ws/install/irobot_create_toolbox/share/irobot_create_toolbox/hook/cmake_prefix_path.ps1'
[3.865s] INFO:colcon.colcon_core.shell:Creating environment descriptor '/home/javierac/create3_ws/install/irobot_create_toolbox/share/irobot_create_toolbox/hook/cmake_prefix_path.dsv'
[3.866s] INFO:colcon.colcon_core.shell:Creating environment hook '/home/javierac/create3_ws/install/irobot_create_toolbox/share/irobot_create_toolbox/hook/cmake_prefix_path.sh'
[3.866s] Level 1:colcon.colcon_core.environment:checking '/home/javierac/create3_ws/install/irobot_create_toolbox/lib'
[3.866s] Level 1:colcon.colcon_core.shell:create_environment_hook('irobot_create_toolbox', 'ld_library_path_lib')
[3.866s] INFO:colcon.colcon_core.shell:Creating environment hook '/home/javierac/create3_ws/install/irobot_create_toolbox/share/irobot_create_toolbox/hook/ld_library_path_lib.ps1'
[3.867s] INFO:colcon.colcon_core.shell:Creating environment descriptor '/home/javierac/create3_ws/install/irobot_create_toolbox/share/irobot_create_toolbox/hook/ld_library_path_lib.dsv'
[3.867s] INFO:colcon.colcon_core.shell:Creating environment hook '/home/javierac/create3_ws/install/irobot_create_toolbox/share/irobot_create_toolbox/hook/ld_library_path_lib.sh'
[3.867s] Level 1:colcon.colcon_core.environment:checking '/home/javierac/create3_ws/install/irobot_create_toolbox/bin'
[3.867s] Level 1:colcon.colcon_core.environment:checking '/home/javierac/create3_ws/install/irobot_create_toolbox/lib/pkgconfig/irobot_create_toolbox.pc'
[3.867s] Level 1:colcon.colcon_core.environment:checking '/home/javierac/create3_ws/install/irobot_create_toolbox/lib/python3.10/site-packages'
[3.868s] Level 1:colcon.colcon_core.environment:checking '/home/javierac/create3_ws/install/irobot_create_toolbox/bin'
[3.868s] INFO:colcon.colcon_core.shell:Creating package script '/home/javierac/create3_ws/install/irobot_create_toolbox/share/irobot_create_toolbox/package.ps1'
[3.869s] INFO:colcon.colcon_core.shell:Creating package descriptor '/home/javierac/create3_ws/install/irobot_create_toolbox/share/irobot_create_toolbox/package.dsv'
[3.869s] INFO:colcon.colcon_core.shell:Creating package script '/home/javierac/create3_ws/install/irobot_create_toolbox/share/irobot_create_toolbox/package.sh'
[3.870s] INFO:colcon.colcon_core.shell:Creating package script '/home/javierac/create3_ws/install/irobot_create_toolbox/share/irobot_create_toolbox/package.bash'
[3.870s] INFO:colcon.colcon_core.shell:Creating package script '/home/javierac/create3_ws/install/irobot_create_toolbox/share/irobot_create_toolbox/package.zsh'
[3.870s] Level 1:colcon.colcon_core.environment:create_file_with_runtime_dependencies(/home/javierac/create3_ws/install/irobot_create_toolbox/share/colcon-core/packages/irobot_create_toolbox)
[3.871s] INFO:colcon.colcon_ros.task.ament_cmake.build:Building ROS package in '/home/javierac/create3_ws/src/irobot_create_common/irobot_create_nodes' with build type 'ament_cmake'
[3.871s] INFO:colcon.colcon_cmake.task.cmake.build:Building CMake package in '/home/javierac/create3_ws/src/irobot_create_common/irobot_create_nodes'
[3.871s] INFO:colcon.colcon_core.shell:Skip shell extension 'powershell' for command environment: Not usable outside of PowerShell
[3.871s] DEBUG:colcon.colcon_core.shell:Skip shell extension 'dsv' for command environment
[3.877s] INFO:colcon.colcon_ros.task.ament_cmake.build:Building ROS package in '/home/javierac/create3_ws/src/irobot_create_gazebo/irobot_create_gazebo_plugins' with build type 'ament_cmake'
[3.877s] INFO:colcon.colcon_cmake.task.cmake.build:Building CMake package in '/home/javierac/create3_ws/src/irobot_create_gazebo/irobot_create_gazebo_plugins'
[3.878s] INFO:colcon.colcon_core.shell:Skip shell extension 'powershell' for command environment: Not usable outside of PowerShell
[3.878s] DEBUG:colcon.colcon_core.shell:Skip shell extension 'dsv' for command environment
[3.882s] INFO:colcon.colcon_ros.task.ament_cmake.build:Building ROS package in '/home/javierac/create3_ws/src/irobot_create_ignition/irobot_create_ignition_toolbox' with build type 'ament_cmake'
[3.882s] INFO:colcon.colcon_cmake.task.cmake.build:Building CMake package in '/home/javierac/create3_ws/src/irobot_create_ignition/irobot_create_ignition_toolbox'
[3.882s] INFO:colcon.colcon_core.shell:Skip shell extension 'powershell' for command environment: Not usable outside of PowerShell
[3.882s] DEBUG:colcon.colcon_core.shell:Skip shell extension 'dsv' for command environment
[3.889s] DEBUG:colcon.colcon_core.event_handler.log_command:Invoking command in '/home/javierac/create3_ws/build/irobot_create_nodes': AMENT_PREFIX_PATH=/home/javierac/create3_ws/install/irobot_create_toolbox:${AMENT_PREFIX_PATH} CMAKE_PREFIX_PATH=/home/javierac/create3_ws/install/irobot_create_toolbox:/opt/ros/humble LD_LIBRARY_PATH=/home/javierac/create3_ws/install/irobot_create_toolbox/lib:${LD_LIBRARY_PATH} /usr/bin/cmake /home/javierac/create3_ws/src/irobot_create_common/irobot_create_nodes -DAMENT_CMAKE_SYMLINK_INSTALL=1 -DCMAKE_INSTALL_PREFIX=/home/javierac/create3_ws/install/irobot_create_nodes
[3.892s] DEBUG:colcon.colcon_core.event_handler.log_command:Invoking command in '/home/javierac/create3_ws/build/irobot_create_gazebo_plugins': AMENT_PREFIX_PATH=/home/javierac/create3_ws/install/irobot_create_toolbox:${AMENT_PREFIX_PATH} CMAKE_PREFIX_PATH=/home/javierac/create3_ws/install/irobot_create_toolbox:/opt/ros/humble LD_LIBRARY_PATH=/home/javierac/create3_ws/install/irobot_create_toolbox/lib:${LD_LIBRARY_PATH} /usr/bin/cmake /home/javierac/create3_ws/src/irobot_create_gazebo/irobot_create_gazebo_plugins -DAMENT_CMAKE_SYMLINK_INSTALL=1 -DCMAKE_INSTALL_PREFIX=/home/javierac/create3_ws/install/irobot_create_gazebo_plugins
[3.893s] DEBUG:colcon.colcon_core.event_handler.log_command:Invoking command in '/home/javierac/create3_ws/build/irobot_create_ignition_toolbox': AMENT_PREFIX_PATH=/home/javierac/create3_ws/install/irobot_create_toolbox:${AMENT_PREFIX_PATH} CMAKE_PREFIX_PATH=/home/javierac/create3_ws/install/irobot_create_toolbox:/opt/ros/humble LD_LIBRARY_PATH=/home/javierac/create3_ws/install/irobot_create_toolbox/lib:${LD_LIBRARY_PATH} /usr/bin/cmake /home/javierac/create3_ws/src/irobot_create_ignition/irobot_create_ignition_toolbox -DAMENT_CMAKE_SYMLINK_INSTALL=1 -DCMAKE_INSTALL_PREFIX=/home/javierac/create3_ws/install/irobot_create_ignition_toolbox
[5.551s] DEBUG:colcon.colcon_core.event_handler.log_command:Invoked command in '/home/javierac/create3_ws/build/irobot_create_ignition_toolbox' returned '0': AMENT_PREFIX_PATH=/home/javierac/create3_ws/install/irobot_create_toolbox:${AMENT_PREFIX_PATH} CMAKE_PREFIX_PATH=/home/javierac/create3_ws/install/irobot_create_toolbox:/opt/ros/humble LD_LIBRARY_PATH=/home/javierac/create3_ws/install/irobot_create_toolbox/lib:${LD_LIBRARY_PATH} /usr/bin/cmake /home/javierac/create3_ws/src/irobot_create_ignition/irobot_create_ignition_toolbox -DAMENT_CMAKE_SYMLINK_INSTALL=1 -DCMAKE_INSTALL_PREFIX=/home/javierac/create3_ws/install/irobot_create_ignition_toolbox
[5.553s] DEBUG:colcon.colcon_core.event_handler.log_command:Invoking command in '/home/javierac/create3_ws/build/irobot_create_ignition_toolbox': AMENT_PREFIX_PATH=/home/javierac/create3_ws/install/irobot_create_toolbox:${AMENT_PREFIX_PATH} CMAKE_PREFIX_PATH=/home/javierac/create3_ws/install/irobot_create_toolbox:/opt/ros/humble LD_LIBRARY_PATH=/home/javierac/create3_ws/install/irobot_create_toolbox/lib:${LD_LIBRARY_PATH} /usr/bin/cmake --build /home/javierac/create3_ws/build/irobot_create_ignition_toolbox -- -j20 -l20
[5.673s] DEBUG:colcon.colcon_core.event_handler.log_command:Invoked command in '/home/javierac/create3_ws/build/irobot_create_nodes' returned '0': AMENT_PREFIX_PATH=/home/javierac/create3_ws/install/irobot_create_toolbox:${AMENT_PREFIX_PATH} CMAKE_PREFIX_PATH=/home/javierac/create3_ws/install/irobot_create_toolbox:/opt/ros/humble LD_LIBRARY_PATH=/home/javierac/create3_ws/install/irobot_create_toolbox/lib:${LD_LIBRARY_PATH} /usr/bin/cmake /home/javierac/create3_ws/src/irobot_create_common/irobot_create_nodes -DAMENT_CMAKE_SYMLINK_INSTALL=1 -DCMAKE_INSTALL_PREFIX=/home/javierac/create3_ws/install/irobot_create_nodes
[5.674s] DEBUG:colcon.colcon_core.event_handler.log_command:Invoking command in '/home/javierac/create3_ws/build/irobot_create_nodes': AMENT_PREFIX_PATH=/home/javierac/create3_ws/install/irobot_create_toolbox:${AMENT_PREFIX_PATH} CMAKE_PREFIX_PATH=/home/javierac/create3_ws/install/irobot_create_toolbox:/opt/ros/humble LD_LIBRARY_PATH=/home/javierac/create3_ws/install/irobot_create_toolbox/lib:${LD_LIBRARY_PATH} /usr/bin/cmake --build /home/javierac/create3_ws/build/irobot_create_nodes -- -j20 -l20
[8.575s] DEBUG:colcon.colcon_core.event_handler.log_command:Invoked command in '/home/javierac/create3_ws/build/irobot_create_gazebo_plugins' returned '0': AMENT_PREFIX_PATH=/home/javierac/create3_ws/install/irobot_create_toolbox:${AMENT_PREFIX_PATH} CMAKE_PREFIX_PATH=/home/javierac/create3_ws/install/irobot_create_toolbox:/opt/ros/humble LD_LIBRARY_PATH=/home/javierac/create3_ws/install/irobot_create_toolbox/lib:${LD_LIBRARY_PATH} /usr/bin/cmake /home/javierac/create3_ws/src/irobot_create_gazebo/irobot_create_gazebo_plugins -DAMENT_CMAKE_SYMLINK_INSTALL=1 -DCMAKE_INSTALL_PREFIX=/home/javierac/create3_ws/install/irobot_create_gazebo_plugins
[8.576s] DEBUG:colcon.colcon_core.event_handler.log_command:Invoking command in '/home/javierac/create3_ws/build/irobot_create_gazebo_plugins': AMENT_PREFIX_PATH=/home/javierac/create3_ws/install/irobot_create_toolbox:${AMENT_PREFIX_PATH} CMAKE_PREFIX_PATH=/home/javierac/create3_ws/install/irobot_create_toolbox:/opt/ros/humble LD_LIBRARY_PATH=/home/javierac/create3_ws/install/irobot_create_toolbox/lib:${LD_LIBRARY_PATH} /usr/bin/cmake --build /home/javierac/create3_ws/build/irobot_create_gazebo_plugins -- -j20 -l20
[19.258s] DEBUG:colcon.colcon_core.event_handler.log_command:Invoked command in '/home/javierac/create3_ws/build/irobot_create_ignition_plugins' returned '0': CMAKE_PREFIX_PATH=/opt/ros/humble /usr/bin/cmake --build /home/javierac/create3_ws/build/irobot_create_ignition_plugins -- -j20 -l20
[19.261s] DEBUG:colcon.colcon_core.event_handler.log_command:Invoking command in '/home/javierac/create3_ws/build/irobot_create_ignition_plugins': CMAKE_PREFIX_PATH=/opt/ros/humble /usr/bin/cmake --install /home/javierac/create3_ws/build/irobot_create_ignition_plugins
[19.541s] Level 1:colcon.colcon_core.environment:create_environment_scripts_only(irobot_create_ignition_plugins)
[19.541s] Level 1:colcon.colcon_core.environment:checking '/home/javierac/create3_ws/install/irobot_create_ignition_plugins' for CMake module files
[19.542s] Level 1:colcon.colcon_core.environment:checking '/home/javierac/create3_ws/install/irobot_create_ignition_plugins' for CMake config files
[19.542s] Level 1:colcon.colcon_core.shell:create_environment_hook('irobot_create_ignition_plugins', 'cmake_prefix_path')
[19.542s] INFO:colcon.colcon_core.shell:Creating environment hook '/home/javierac/create3_ws/install/irobot_create_ignition_plugins/share/irobot_create_ignition_plugins/hook/cmake_prefix_path.ps1'
[19.543s] INFO:colcon.colcon_core.shell:Creating environment descriptor '/home/javierac/create3_ws/install/irobot_create_ignition_plugins/share/irobot_create_ignition_plugins/hook/cmake_prefix_path.dsv'
[19.544s] INFO:colcon.colcon_core.shell:Creating environment hook '/home/javierac/create3_ws/install/irobot_create_ignition_plugins/share/irobot_create_ignition_plugins/hook/cmake_prefix_path.sh'
[19.544s] DEBUG:colcon.colcon_core.event_handler.log_command:Invoked command in '/home/javierac/create3_ws/build/irobot_create_ignition_plugins' returned '0': CMAKE_PREFIX_PATH=/opt/ros/humble /usr/bin/cmake --install /home/javierac/create3_ws/build/irobot_create_ignition_plugins
[19.545s] Level 1:colcon.colcon_core.environment:checking '/home/javierac/create3_ws/install/irobot_create_ignition_plugins/bin'
[19.545s] Level 1:colcon.colcon_core.environment:checking '/home/javierac/create3_ws/install/irobot_create_ignition_plugins/lib/pkgconfig/irobot_create_ignition_plugins.pc'
[19.545s] Level 1:colcon.colcon_core.environment:checking '/home/javierac/create3_ws/install/irobot_create_ignition_plugins/lib/python3.10/site-packages'
[19.546s] Level 1:colcon.colcon_core.environment:checking '/home/javierac/create3_ws/install/irobot_create_ignition_plugins/bin'
[19.546s] INFO:colcon.colcon_core.shell:Creating package script '/home/javierac/create3_ws/install/irobot_create_ignition_plugins/share/irobot_create_ignition_plugins/package.ps1'
[19.547s] INFO:colcon.colcon_core.shell:Creating package descriptor '/home/javierac/create3_ws/install/irobot_create_ignition_plugins/share/irobot_create_ignition_plugins/package.dsv'
[19.548s] INFO:colcon.colcon_core.shell:Creating package script '/home/javierac/create3_ws/install/irobot_create_ignition_plugins/share/irobot_create_ignition_plugins/package.sh'
[19.549s] INFO:colcon.colcon_core.shell:Creating package script '/home/javierac/create3_ws/install/irobot_create_ignition_plugins/share/irobot_create_ignition_plugins/package.bash'
[19.549s] INFO:colcon.colcon_core.shell:Creating package script '/home/javierac/create3_ws/install/irobot_create_ignition_plugins/share/irobot_create_ignition_plugins/package.zsh'
[19.550s] Level 1:colcon.colcon_core.environment:create_file_with_runtime_dependencies(/home/javierac/create3_ws/install/irobot_create_ignition_plugins/share/colcon-core/packages/irobot_create_ignition_plugins)
[19.551s] Level 1:colcon.colcon_core.environment:create_environment_scripts_only(irobot_create_ignition_plugins)
[19.551s] Level 1:colcon.colcon_core.environment:checking '/home/javierac/create3_ws/install/irobot_create_ignition_plugins' for CMake module files
[19.552s] Level 1:colcon.colcon_core.environment:checking '/home/javierac/create3_ws/install/irobot_create_ignition_plugins' for CMake config files
[19.552s] Level 1:colcon.colcon_core.shell:create_environment_hook('irobot_create_ignition_plugins', 'cmake_prefix_path')
[19.552s] INFO:colcon.colcon_core.shell:Creating environment hook '/home/javierac/create3_ws/install/irobot_create_ignition_plugins/share/irobot_create_ignition_plugins/hook/cmake_prefix_path.ps1'
[19.553s] INFO:colcon.colcon_core.shell:Creating environment descriptor '/home/javierac/create3_ws/install/irobot_create_ignition_plugins/share/irobot_create_ignition_plugins/hook/cmake_prefix_path.dsv'
[19.554s] INFO:colcon.colcon_core.shell:Creating environment hook '/home/javierac/create3_ws/install/irobot_create_ignition_plugins/share/irobot_create_ignition_plugins/hook/cmake_prefix_path.sh'
[19.554s] Level 1:colcon.colcon_core.environment:checking '/home/javierac/create3_ws/install/irobot_create_ignition_plugins/bin'
[19.554s] Level 1:colcon.colcon_core.environment:checking '/home/javierac/create3_ws/install/irobot_create_ignition_plugins/lib/pkgconfig/irobot_create_ignition_plugins.pc'
[19.555s] Level 1:colcon.colcon_core.environment:checking '/home/javierac/create3_ws/install/irobot_create_ignition_plugins/lib/python3.10/site-packages'
[19.555s] Level 1:colcon.colcon_core.environment:checking '/home/javierac/create3_ws/install/irobot_create_ignition_plugins/bin'
[19.556s] INFO:colcon.colcon_core.shell:Creating package script '/home/javierac/create3_ws/install/irobot_create_ignition_plugins/share/irobot_create_ignition_plugins/package.ps1'
[19.556s] INFO:colcon.colcon_core.shell:Creating package descriptor '/home/javierac/create3_ws/install/irobot_create_ignition_plugins/share/irobot_create_ignition_plugins/package.dsv'
[19.557s] INFO:colcon.colcon_core.shell:Creating package script '/home/javierac/create3_ws/install/irobot_create_ignition_plugins/share/irobot_create_ignition_plugins/package.sh'
[19.558s] INFO:colcon.colcon_core.shell:Creating package script '/home/javierac/create3_ws/install/irobot_create_ignition_plugins/share/irobot_create_ignition_plugins/package.bash'
[19.558s] INFO:colcon.colcon_core.shell:Creating package script '/home/javierac/create3_ws/install/irobot_create_ignition_plugins/share/irobot_create_ignition_plugins/package.zsh'
[19.559s] Level 1:colcon.colcon_core.environment:create_file_with_runtime_dependencies(/home/javierac/create3_ws/install/irobot_create_ignition_plugins/share/colcon-core/packages/irobot_create_ignition_plugins)
[37.617s] DEBUG:colcon.colcon_core.event_handler.log_command:Invoked command in '/home/javierac/create3_ws/build/irobot_create_ignition_toolbox' returned '0': AMENT_PREFIX_PATH=/home/javierac/create3_ws/install/irobot_create_toolbox:${AMENT_PREFIX_PATH} CMAKE_PREFIX_PATH=/home/javierac/create3_ws/install/irobot_create_toolbox:/opt/ros/humble LD_LIBRARY_PATH=/home/javierac/create3_ws/install/irobot_create_toolbox/lib:${LD_LIBRARY_PATH} /usr/bin/cmake --build /home/javierac/create3_ws/build/irobot_create_ignition_toolbox -- -j20 -l20
[37.619s] DEBUG:colcon.colcon_core.event_handler.log_command:Invoking command in '/home/javierac/create3_ws/build/irobot_create_ignition_toolbox': AMENT_PREFIX_PATH=/home/javierac/create3_ws/install/irobot_create_toolbox:${AMENT_PREFIX_PATH} CMAKE_PREFIX_PATH=/home/javierac/create3_ws/install/irobot_create_toolbox:/opt/ros/humble LD_LIBRARY_PATH=/home/javierac/create3_ws/install/irobot_create_toolbox/lib:${LD_LIBRARY_PATH} /usr/bin/cmake --install /home/javierac/create3_ws/build/irobot_create_ignition_toolbox
[38.109s] Level 1:colcon.colcon_core.environment:create_environment_scripts_only(irobot_create_ignition_toolbox)
[38.109s] Level 1:colcon.colcon_core.environment:checking '/home/javierac/create3_ws/install/irobot_create_ignition_toolbox' for CMake module files
[38.110s] DEBUG:colcon.colcon_core.event_handler.log_command:Invoked command in '/home/javierac/create3_ws/build/irobot_create_ignition_toolbox' returned '0': AMENT_PREFIX_PATH=/home/javierac/create3_ws/install/irobot_create_toolbox:${AMENT_PREFIX_PATH} CMAKE_PREFIX_PATH=/home/javierac/create3_ws/install/irobot_create_toolbox:/opt/ros/humble LD_LIBRARY_PATH=/home/javierac/create3_ws/install/irobot_create_toolbox/lib:${LD_LIBRARY_PATH} /usr/bin/cmake --install /home/javierac/create3_ws/build/irobot_create_ignition_toolbox
[38.111s] Level 1:colcon.colcon_core.environment:checking '/home/javierac/create3_ws/install/irobot_create_ignition_toolbox' for CMake config files
[38.111s] Level 1:colcon.colcon_core.shell:create_environment_hook('irobot_create_ignition_toolbox', 'cmake_prefix_path')
[38.111s] INFO:colcon.colcon_core.shell:Creating environment hook '/home/javierac/create3_ws/install/irobot_create_ignition_toolbox/share/irobot_create_ignition_toolbox/hook/cmake_prefix_path.ps1'
[38.112s] INFO:colcon.colcon_core.shell:Creating environment descriptor '/home/javierac/create3_ws/install/irobot_create_ignition_toolbox/share/irobot_create_ignition_toolbox/hook/cmake_prefix_path.dsv'
[38.113s] INFO:colcon.colcon_core.shell:Creating environment hook '/home/javierac/create3_ws/install/irobot_create_ignition_toolbox/share/irobot_create_ignition_toolbox/hook/cmake_prefix_path.sh'
[38.114s] Level 1:colcon.colcon_core.environment:checking '/home/javierac/create3_ws/install/irobot_create_ignition_toolbox/lib'
[38.114s] Level 1:colcon.colcon_core.shell:create_environment_hook('irobot_create_ignition_toolbox', 'ld_library_path_lib')
[38.114s] INFO:colcon.colcon_core.shell:Creating environment hook '/home/javierac/create3_ws/install/irobot_create_ignition_toolbox/share/irobot_create_ignition_toolbox/hook/ld_library_path_lib.ps1'
[38.115s] INFO:colcon.colcon_core.shell:Creating environment descriptor '/home/javierac/create3_ws/install/irobot_create_ignition_toolbox/share/irobot_create_ignition_toolbox/hook/ld_library_path_lib.dsv'
[38.115s] INFO:colcon.colcon_core.shell:Creating environment hook '/home/javierac/create3_ws/install/irobot_create_ignition_toolbox/share/irobot_create_ignition_toolbox/hook/ld_library_path_lib.sh'
[38.116s] Level 1:colcon.colcon_core.environment:checking '/home/javierac/create3_ws/install/irobot_create_ignition_toolbox/bin'
[38.116s] Level 1:colcon.colcon_core.environment:checking '/home/javierac/create3_ws/install/irobot_create_ignition_toolbox/lib/pkgconfig/irobot_create_ignition_toolbox.pc'
[38.116s] Level 1:colcon.colcon_core.environment:checking '/home/javierac/create3_ws/install/irobot_create_ignition_toolbox/lib/python3.10/site-packages'
[38.117s] Level 1:colcon.colcon_core.environment:checking '/home/javierac/create3_ws/install/irobot_create_ignition_toolbox/bin'
[38.118s] INFO:colcon.colcon_core.shell:Creating package script '/home/javierac/create3_ws/install/irobot_create_ignition_toolbox/share/irobot_create_ignition_toolbox/package.ps1'
[38.118s] INFO:colcon.colcon_core.shell:Creating package descriptor '/home/javierac/create3_ws/install/irobot_create_ignition_toolbox/share/irobot_create_ignition_toolbox/package.dsv'
[38.119s] INFO:colcon.colcon_core.shell:Creating package script '/home/javierac/create3_ws/install/irobot_create_ignition_toolbox/share/irobot_create_ignition_toolbox/package.sh'
[38.120s] INFO:colcon.colcon_core.shell:Creating package script '/home/javierac/create3_ws/install/irobot_create_ignition_toolbox/share/irobot_create_ignition_toolbox/package.bash'
[38.120s] INFO:colcon.colcon_core.shell:Creating package script '/home/javierac/create3_ws/install/irobot_create_ignition_toolbox/share/irobot_create_ignition_toolbox/package.zsh'
[38.121s] Level 1:colcon.colcon_core.environment:create_file_with_runtime_dependencies(/home/javierac/create3_ws/install/irobot_create_ignition_toolbox/share/colcon-core/packages/irobot_create_ignition_toolbox)
[38.122s] Level 1:colcon.colcon_core.environment:create_environment_scripts_only(irobot_create_ignition_toolbox)
[38.122s] Level 1:colcon.colcon_core.environment:checking '/home/javierac/create3_ws/install/irobot_create_ignition_toolbox' for CMake module files
[38.123s] Level 1:colcon.colcon_core.environment:checking '/home/javierac/create3_ws/install/irobot_create_ignition_toolbox' for CMake config files
[38.124s] Level 1:colcon.colcon_core.shell:create_environment_hook('irobot_create_ignition_toolbox', 'cmake_prefix_path')
[38.124s] INFO:colcon.colcon_core.shell:Creating environment hook '/home/javierac/create3_ws/install/irobot_create_ignition_toolbox/share/irobot_create_ignition_toolbox/hook/cmake_prefix_path.ps1'
[38.125s] INFO:colcon.colcon_core.shell:Creating environment descriptor '/home/javierac/create3_ws/install/irobot_create_ignition_toolbox/share/irobot_create_ignition_toolbox/hook/cmake_prefix_path.dsv'
[38.125s] INFO:colcon.colcon_core.shell:Creating environment hook '/home/javierac/create3_ws/install/irobot_create_ignition_toolbox/share/irobot_create_ignition_toolbox/hook/cmake_prefix_path.sh'
[38.126s] Level 1:colcon.colcon_core.environment:checking '/home/javierac/create3_ws/install/irobot_create_ignition_toolbox/lib'
[38.126s] Level 1:colcon.colcon_core.shell:create_environment_hook('irobot_create_ignition_toolbox', 'ld_library_path_lib')
[38.126s] INFO:colcon.colcon_core.shell:Creating environment hook '/home/javierac/create3_ws/install/irobot_create_ignition_toolbox/share/irobot_create_ignition_toolbox/hook/ld_library_path_lib.ps1'
[38.127s] INFO:colcon.colcon_core.shell:Creating environment descriptor '/home/javierac/create3_ws/install/irobot_create_ignition_toolbox/share/irobot_create_ignition_toolbox/hook/ld_library_path_lib.dsv'
[38.128s] INFO:colcon.colcon_core.shell:Creating environment hook '/home/javierac/create3_ws/install/irobot_create_ignition_toolbox/share/irobot_create_ignition_toolbox/hook/ld_library_path_lib.sh'
[38.128s] Level 1:colcon.colcon_core.environment:checking '/home/javierac/create3_ws/install/irobot_create_ignition_toolbox/bin'
[38.128s] Level 1:colcon.colcon_core.environment:checking '/home/javierac/create3_ws/install/irobot_create_ignition_toolbox/lib/pkgconfig/irobot_create_ignition_toolbox.pc'
[38.129s] Level 1:colcon.colcon_core.environment:checking '/home/javierac/create3_ws/install/irobot_create_ignition_toolbox/lib/python3.10/site-packages'
[38.129s] Level 1:colcon.colcon_core.environment:checking '/home/javierac/create3_ws/install/irobot_create_ignition_toolbox/bin'
[38.130s] INFO:colcon.colcon_core.shell:Creating package script '/home/javierac/create3_ws/install/irobot_create_ignition_toolbox/share/irobot_create_ignition_toolbox/package.ps1'
[38.131s] INFO:colcon.colcon_core.shell:Creating package descriptor '/home/javierac/create3_ws/install/irobot_create_ignition_toolbox/share/irobot_create_ignition_toolbox/package.dsv'
[38.132s] INFO:colcon.colcon_core.shell:Creating package script '/home/javierac/create3_ws/install/irobot_create_ignition_toolbox/share/irobot_create_ignition_toolbox/package.sh'
[38.132s] INFO:colcon.colcon_core.shell:Creating package script '/home/javierac/create3_ws/install/irobot_create_ignition_toolbox/share/irobot_create_ignition_toolbox/package.bash'
[38.133s] INFO:colcon.colcon_core.shell:Creating package script '/home/javierac/create3_ws/install/irobot_create_ignition_toolbox/share/irobot_create_ignition_toolbox/package.zsh'
[38.134s] Level 1:colcon.colcon_core.environment:create_file_with_runtime_dependencies(/home/javierac/create3_ws/install/irobot_create_ignition_toolbox/share/colcon-core/packages/irobot_create_ignition_toolbox)
[48.054s] DEBUG:colcon.colcon_core.event_handler.log_command:Invoked command in '/home/javierac/create3_ws/build/irobot_create_nodes' returned '0': AMENT_PREFIX_PATH=/home/javierac/create3_ws/install/irobot_create_toolbox:${AMENT_PREFIX_PATH} CMAKE_PREFIX_PATH=/home/javierac/create3_ws/install/irobot_create_toolbox:/opt/ros/humble LD_LIBRARY_PATH=/home/javierac/create3_ws/install/irobot_create_toolbox/lib:${LD_LIBRARY_PATH} /usr/bin/cmake --build /home/javierac/create3_ws/build/irobot_create_nodes -- -j20 -l20
[48.055s] DEBUG:colcon.colcon_core.event_handler.log_command:Invoking command in '/home/javierac/create3_ws/build/irobot_create_nodes': AMENT_PREFIX_PATH=/home/javierac/create3_ws/install/irobot_create_toolbox:${AMENT_PREFIX_PATH} CMAKE_PREFIX_PATH=/home/javierac/create3_ws/install/irobot_create_toolbox:/opt/ros/humble LD_LIBRARY_PATH=/home/javierac/create3_ws/install/irobot_create_toolbox/lib:${LD_LIBRARY_PATH} /usr/bin/cmake --install /home/javierac/create3_ws/build/irobot_create_nodes
[48.337s] DEBUG:colcon.colcon_core.event_handler.log_command:Invoked command in '/home/javierac/create3_ws/build/irobot_create_gazebo_plugins' returned '0': AMENT_PREFIX_PATH=/home/javierac/create3_ws/install/irobot_create_toolbox:${AMENT_PREFIX_PATH} CMAKE_PREFIX_PATH=/home/javierac/create3_ws/install/irobot_create_toolbox:/opt/ros/humble LD_LIBRARY_PATH=/home/javierac/create3_ws/install/irobot_create_toolbox/lib:${LD_LIBRARY_PATH} /usr/bin/cmake --build /home/javierac/create3_ws/build/irobot_create_gazebo_plugins -- -j20 -l20
[48.338s] DEBUG:colcon.colcon_core.event_handler.log_command:Invoking command in '/home/javierac/create3_ws/build/irobot_create_gazebo_plugins': AMENT_PREFIX_PATH=/home/javierac/create3_ws/install/irobot_create_toolbox:${AMENT_PREFIX_PATH} CMAKE_PREFIX_PATH=/home/javierac/create3_ws/install/irobot_create_toolbox:/opt/ros/humble LD_LIBRARY_PATH=/home/javierac/create3_ws/install/irobot_create_toolbox/lib:${LD_LIBRARY_PATH} /usr/bin/cmake --install /home/javierac/create3_ws/build/irobot_create_gazebo_plugins
[48.530s] Level 1:colcon.colcon_core.environment:create_environment_scripts_only(irobot_create_nodes)
[48.531s] Level 1:colcon.colcon_core.environment:checking '/home/javierac/create3_ws/install/irobot_create_nodes' for CMake module files
[48.531s] DEBUG:colcon.colcon_core.event_handler.log_command:Invoked command in '/home/javierac/create3_ws/build/irobot_create_nodes' returned '0': AMENT_PREFIX_PATH=/home/javierac/create3_ws/install/irobot_create_toolbox:${AMENT_PREFIX_PATH} CMAKE_PREFIX_PATH=/home/javierac/create3_ws/install/irobot_create_toolbox:/opt/ros/humble LD_LIBRARY_PATH=/home/javierac/create3_ws/install/irobot_create_toolbox/lib:${LD_LIBRARY_PATH} /usr/bin/cmake --install /home/javierac/create3_ws/build/irobot_create_nodes
[48.532s] Level 1:colcon.colcon_core.environment:checking '/home/javierac/create3_ws/install/irobot_create_nodes' for CMake config files
[48.533s] Level 1:colcon.colcon_core.shell:create_environment_hook('irobot_create_nodes', 'cmake_prefix_path')
[48.533s] INFO:colcon.colcon_core.shell:Creating environment hook '/home/javierac/create3_ws/install/irobot_create_nodes/share/irobot_create_nodes/hook/cmake_prefix_path.ps1'
[48.534s] INFO:colcon.colcon_core.shell:Creating environment descriptor '/home/javierac/create3_ws/install/irobot_create_nodes/share/irobot_create_nodes/hook/cmake_prefix_path.dsv'
[48.535s] INFO:colcon.colcon_core.shell:Creating environment hook '/home/javierac/create3_ws/install/irobot_create_nodes/share/irobot_create_nodes/hook/cmake_prefix_path.sh'
[48.535s] Level 1:colcon.colcon_core.environment:checking '/home/javierac/create3_ws/install/irobot_create_nodes/lib'
[48.536s] Level 1:colcon.colcon_core.shell:create_environment_hook('irobot_create_nodes', 'ld_library_path_lib')
[48.536s] INFO:colcon.colcon_core.shell:Creating environment hook '/home/javierac/create3_ws/install/irobot_create_nodes/share/irobot_create_nodes/hook/ld_library_path_lib.ps1'
[48.537s] INFO:colcon.colcon_core.shell:Creating environment descriptor '/home/javierac/create3_ws/install/irobot_create_nodes/share/irobot_create_nodes/hook/ld_library_path_lib.dsv'
[48.537s] INFO:colcon.colcon_core.shell:Creating environment hook '/home/javierac/create3_ws/install/irobot_create_nodes/share/irobot_create_nodes/hook/ld_library_path_lib.sh'
[48.537s] Level 1:colcon.colcon_core.environment:checking '/home/javierac/create3_ws/install/irobot_create_nodes/bin'
[48.537s] Level 1:colcon.colcon_core.environment:checking '/home/javierac/create3_ws/install/irobot_create_nodes/lib/pkgconfig/irobot_create_nodes.pc'
[48.537s] Level 1:colcon.colcon_core.environment:checking '/home/javierac/create3_ws/install/irobot_create_nodes/lib/python3.10/site-packages'
[48.538s] Level 1:colcon.colcon_core.environment:checking '/home/javierac/create3_ws/install/irobot_create_nodes/bin'
[48.538s] INFO:colcon.colcon_core.shell:Creating package script '/home/javierac/create3_ws/install/irobot_create_nodes/share/irobot_create_nodes/package.ps1'
[48.538s] INFO:colcon.colcon_core.shell:Creating package descriptor '/home/javierac/create3_ws/install/irobot_create_nodes/share/irobot_create_nodes/package.dsv'
[48.539s] INFO:colcon.colcon_core.shell:Creating package script '/home/javierac/create3_ws/install/irobot_create_nodes/share/irobot_create_nodes/package.sh'
[48.539s] INFO:colcon.colcon_core.shell:Creating package script '/home/javierac/create3_ws/install/irobot_create_nodes/share/irobot_create_nodes/package.bash'
[48.539s] INFO:colcon.colcon_core.shell:Creating package script '/home/javierac/create3_ws/install/irobot_create_nodes/share/irobot_create_nodes/package.zsh'
[48.540s] Level 1:colcon.colcon_core.environment:create_file_with_runtime_dependencies(/home/javierac/create3_ws/install/irobot_create_nodes/share/colcon-core/packages/irobot_create_nodes)
[48.540s] Level 1:colcon.colcon_core.environment:create_environment_scripts_only(irobot_create_nodes)
[48.540s] Level 1:colcon.colcon_core.environment:checking '/home/javierac/create3_ws/install/irobot_create_nodes' for CMake module files
[48.541s] Level 1:colcon.colcon_core.environment:checking '/home/javierac/create3_ws/install/irobot_create_nodes' for CMake config files
[48.541s] Level 1:colcon.colcon_core.shell:create_environment_hook('irobot_create_nodes', 'cmake_prefix_path')
[48.541s] INFO:colcon.colcon_core.shell:Creating environment hook '/home/javierac/create3_ws/install/irobot_create_nodes/share/irobot_create_nodes/hook/cmake_prefix_path.ps1'
[48.542s] INFO:colcon.colcon_core.shell:Creating environment descriptor '/home/javierac/create3_ws/install/irobot_create_nodes/share/irobot_create_nodes/hook/cmake_prefix_path.dsv'
[48.542s] INFO:colcon.colcon_core.shell:Creating environment hook '/home/javierac/create3_ws/install/irobot_create_nodes/share/irobot_create_nodes/hook/cmake_prefix_path.sh'
[48.542s] Level 1:colcon.colcon_core.environment:checking '/home/javierac/create3_ws/install/irobot_create_nodes/lib'
[48.542s] Level 1:colcon.colcon_core.shell:create_environment_hook('irobot_create_nodes', 'ld_library_path_lib')
[48.543s] INFO:colcon.colcon_core.shell:Creating environment hook '/home/javierac/create3_ws/install/irobot_create_nodes/share/irobot_create_nodes/hook/ld_library_path_lib.ps1'
[48.543s] INFO:colcon.colcon_core.shell:Creating environment descriptor '/home/javierac/create3_ws/install/irobot_create_nodes/share/irobot_create_nodes/hook/ld_library_path_lib.dsv'
[48.543s] INFO:colcon.colcon_core.shell:Creating environment hook '/home/javierac/create3_ws/install/irobot_create_nodes/share/irobot_create_nodes/hook/ld_library_path_lib.sh'
[48.543s] Level 1:colcon.colcon_core.environment:checking '/home/javierac/create3_ws/install/irobot_create_nodes/bin'
[48.544s] Level 1:colcon.colcon_core.environment:checking '/home/javierac/create3_ws/install/irobot_create_nodes/lib/pkgconfig/irobot_create_nodes.pc'
[48.544s] Level 1:colcon.colcon_core.environment:checking '/home/javierac/create3_ws/install/irobot_create_nodes/lib/python3.10/site-packages'
[48.544s] Level 1:colcon.colcon_core.environment:checking '/home/javierac/create3_ws/install/irobot_create_nodes/bin'
[48.544s] INFO:colcon.colcon_core.shell:Creating package script '/home/javierac/create3_ws/install/irobot_create_nodes/share/irobot_create_nodes/package.ps1'
[48.545s] INFO:colcon.colcon_core.shell:Creating package descriptor '/home/javierac/create3_ws/install/irobot_create_nodes/share/irobot_create_nodes/package.dsv'
[48.546s] INFO:colcon.colcon_core.shell:Creating package script '/home/javierac/create3_ws/install/irobot_create_nodes/share/irobot_create_nodes/package.sh'
[48.546s] INFO:colcon.colcon_core.shell:Creating package script '/home/javierac/create3_ws/install/irobot_create_nodes/share/irobot_create_nodes/package.bash'
[48.546s] INFO:colcon.colcon_core.shell:Creating package script '/home/javierac/create3_ws/install/irobot_create_nodes/share/irobot_create_nodes/package.zsh'
[48.547s] Level 1:colcon.colcon_core.environment:create_file_with_runtime_dependencies(/home/javierac/create3_ws/install/irobot_create_nodes/share/colcon-core/packages/irobot_create_nodes)
[48.547s] INFO:colcon.colcon_ros.task.ament_cmake.build:Building ROS package in '/home/javierac/create3_ws/src/irobot_create_common/irobot_create_common_bringup' with build type 'ament_cmake'
[48.547s] INFO:colcon.colcon_cmake.task.cmake.build:Building CMake package in '/home/javierac/create3_ws/src/irobot_create_common/irobot_create_common_bringup'
[48.547s] INFO:colcon.colcon_core.shell:Skip shell extension 'powershell' for command environment: Not usable outside of PowerShell
[48.547s] DEBUG:colcon.colcon_core.shell:Skip shell extension 'dsv' for command environment
[48.564s] DEBUG:colcon.colcon_core.event_handler.log_command:Invoking command in '/home/javierac/create3_ws/build/irobot_create_common_bringup': AMENT_PREFIX_PATH=/home/javierac/create3_ws/install/irobot_create_nodes:/home/javierac/create3_ws/install/irobot_create_toolbox:/home/javierac/create3_ws/install/irobot_create_description:/home/javierac/create3_ws/install/irobot_create_control:${AMENT_PREFIX_PATH} CMAKE_PREFIX_PATH=/home/javierac/create3_ws/install/irobot_create_nodes:/home/javierac/create3_ws/install/irobot_create_toolbox:/home/javierac/create3_ws/install/irobot_create_description:/home/javierac/create3_ws/install/irobot_create_control:/opt/ros/humble LD_LIBRARY_PATH=/home/javierac/create3_ws/install/irobot_create_nodes/lib:/home/javierac/create3_ws/install/irobot_create_toolbox/lib:${LD_LIBRARY_PATH} /usr/bin/cmake /home/javierac/create3_ws/src/irobot_create_common/irobot_create_common_bringup -DAMENT_CMAKE_SYMLINK_INSTALL=1 -DCMAKE_INSTALL_PREFIX=/home/javierac/create3_ws/install/irobot_create_common_bringup
[48.722s] Level 1:colcon.colcon_core.environment:create_environment_scripts_only(irobot_create_gazebo_plugins)
[48.722s] Level 1:colcon.colcon_core.environment:checking '/home/javierac/create3_ws/install/irobot_create_gazebo_plugins' for CMake module files
[48.723s] DEBUG:colcon.colcon_core.event_handler.log_command:Invoked command in '/home/javierac/create3_ws/build/irobot_create_gazebo_plugins' returned '0': AMENT_PREFIX_PATH=/home/javierac/create3_ws/install/irobot_create_toolbox:${AMENT_PREFIX_PATH} CMAKE_PREFIX_PATH=/home/javierac/create3_ws/install/irobot_create_toolbox:/opt/ros/humble LD_LIBRARY_PATH=/home/javierac/create3_ws/install/irobot_create_toolbox/lib:${LD_LIBRARY_PATH} /usr/bin/cmake --install /home/javierac/create3_ws/build/irobot_create_gazebo_plugins
[48.723s] Level 1:colcon.colcon_core.environment:checking '/home/javierac/create3_ws/install/irobot_create_gazebo_plugins' for CMake config files
[48.724s] Level 1:colcon.colcon_core.shell:create_environment_hook('irobot_create_gazebo_plugins', 'cmake_prefix_path')
[48.724s] INFO:colcon.colcon_core.shell:Creating environment hook '/home/javierac/create3_ws/install/irobot_create_gazebo_plugins/share/irobot_create_gazebo_plugins/hook/cmake_prefix_path.ps1'
[48.724s] INFO:colcon.colcon_core.shell:Creating environment descriptor '/home/javierac/create3_ws/install/irobot_create_gazebo_plugins/share/irobot_create_gazebo_plugins/hook/cmake_prefix_path.dsv'
[48.725s] INFO:colcon.colcon_core.shell:Creating environment hook '/home/javierac/create3_ws/install/irobot_create_gazebo_plugins/share/irobot_create_gazebo_plugins/hook/cmake_prefix_path.sh'
[48.725s] Level 1:colcon.colcon_core.environment:checking '/home/javierac/create3_ws/install/irobot_create_gazebo_plugins/lib'
[48.725s] Level 1:colcon.colcon_core.shell:create_environment_hook('irobot_create_gazebo_plugins', 'ld_library_path_lib')
[48.725s] INFO:colcon.colcon_core.shell:Creating environment hook '/home/javierac/create3_ws/install/irobot_create_gazebo_plugins/share/irobot_create_gazebo_plugins/hook/ld_library_path_lib.ps1'
[48.726s] INFO:colcon.colcon_core.shell:Creating environment descriptor '/home/javierac/create3_ws/install/irobot_create_gazebo_plugins/share/irobot_create_gazebo_plugins/hook/ld_library_path_lib.dsv'
[48.726s] INFO:colcon.colcon_core.shell:Creating environment hook '/home/javierac/create3_ws/install/irobot_create_gazebo_plugins/share/irobot_create_gazebo_plugins/hook/ld_library_path_lib.sh'
[48.726s] Level 1:colcon.colcon_core.environment:checking '/home/javierac/create3_ws/install/irobot_create_gazebo_plugins/bin'
[48.726s] Level 1:colcon.colcon_core.environment:checking '/home/javierac/create3_ws/install/irobot_create_gazebo_plugins/lib/pkgconfig/irobot_create_gazebo_plugins.pc'
[48.726s] Level 1:colcon.colcon_core.environment:checking '/home/javierac/create3_ws/install/irobot_create_gazebo_plugins/lib/python3.10/site-packages'
[48.727s] Level 1:colcon.colcon_core.environment:checking '/home/javierac/create3_ws/install/irobot_create_gazebo_plugins/bin'
[48.727s] INFO:colcon.colcon_core.shell:Creating package script '/home/javierac/create3_ws/install/irobot_create_gazebo_plugins/share/irobot_create_gazebo_plugins/package.ps1'
[48.728s] INFO:colcon.colcon_core.shell:Creating package descriptor '/home/javierac/create3_ws/install/irobot_create_gazebo_plugins/share/irobot_create_gazebo_plugins/package.dsv'
[48.728s] INFO:colcon.colcon_core.shell:Creating package script '/home/javierac/create3_ws/install/irobot_create_gazebo_plugins/share/irobot_create_gazebo_plugins/package.sh'
[48.729s] INFO:colcon.colcon_core.shell:Creating package script '/home/javierac/create3_ws/install/irobot_create_gazebo_plugins/share/irobot_create_gazebo_plugins/package.bash'
[48.729s] INFO:colcon.colcon_core.shell:Creating package script '/home/javierac/create3_ws/install/irobot_create_gazebo_plugins/share/irobot_create_gazebo_plugins/package.zsh'
[48.730s] Level 1:colcon.colcon_core.environment:create_file_with_runtime_dependencies(/home/javierac/create3_ws/install/irobot_create_gazebo_plugins/share/colcon-core/packages/irobot_create_gazebo_plugins)
[48.730s] Level 1:colcon.colcon_core.environment:create_environment_scripts_only(irobot_create_gazebo_plugins)
[48.731s] Level 1:colcon.colcon_core.environment:checking '/home/javierac/create3_ws/install/irobot_create_gazebo_plugins' for CMake module files
[48.731s] Level 1:colcon.colcon_core.environment:checking '/home/javierac/create3_ws/install/irobot_create_gazebo_plugins' for CMake config files
[48.731s] Level 1:colcon.colcon_core.shell:create_environment_hook('irobot_create_gazebo_plugins', 'cmake_prefix_path')
[48.731s] INFO:colcon.colcon_core.shell:Creating environment hook '/home/javierac/create3_ws/install/irobot_create_gazebo_plugins/share/irobot_create_gazebo_plugins/hook/cmake_prefix_path.ps1'
[48.732s] INFO:colcon.colcon_core.shell:Creating environment descriptor '/home/javierac/create3_ws/install/irobot_create_gazebo_plugins/share/irobot_create_gazebo_plugins/hook/cmake_prefix_path.dsv'
[48.732s] INFO:colcon.colcon_core.shell:Creating environment hook '/home/javierac/create3_ws/install/irobot_create_gazebo_plugins/share/irobot_create_gazebo_plugins/hook/cmake_prefix_path.sh'
[48.733s] Level 1:colcon.colcon_core.environment:checking '/home/javierac/create3_ws/install/irobot_create_gazebo_plugins/lib'
[48.733s] Level 1:colcon.colcon_core.shell:create_environment_hook('irobot_create_gazebo_plugins', 'ld_library_path_lib')
[48.733s] INFO:colcon.colcon_core.shell:Creating environment hook '/home/javierac/create3_ws/install/irobot_create_gazebo_plugins/share/irobot_create_gazebo_plugins/hook/ld_library_path_lib.ps1'
[48.733s] INFO:colcon.colcon_core.shell:Creating environment descriptor '/home/javierac/create3_ws/install/irobot_create_gazebo_plugins/share/irobot_create_gazebo_plugins/hook/ld_library_path_lib.dsv'
[48.733s] INFO:colcon.colcon_core.shell:Creating environment hook '/home/javierac/create3_ws/install/irobot_create_gazebo_plugins/share/irobot_create_gazebo_plugins/hook/ld_library_path_lib.sh'
[48.734s] Level 1:colcon.colcon_core.environment:checking '/home/javierac/create3_ws/install/irobot_create_gazebo_plugins/bin'
[48.734s] Level 1:colcon.colcon_core.environment:checking '/home/javierac/create3_ws/install/irobot_create_gazebo_plugins/lib/pkgconfig/irobot_create_gazebo_plugins.pc'
[48.734s] Level 1:colcon.colcon_core.environment:checking '/home/javierac/create3_ws/install/irobot_create_gazebo_plugins/lib/python3.10/site-packages'
[48.734s] Level 1:colcon.colcon_core.environment:checking '/home/javierac/create3_ws/install/irobot_create_gazebo_plugins/bin'
[48.735s] INFO:colcon.colcon_core.shell:Creating package script '/home/javierac/create3_ws/install/irobot_create_gazebo_plugins/share/irobot_create_gazebo_plugins/package.ps1'
[48.735s] INFO:colcon.colcon_core.shell:Creating package descriptor '/home/javierac/create3_ws/install/irobot_create_gazebo_plugins/share/irobot_create_gazebo_plugins/package.dsv'
[48.735s] INFO:colcon.colcon_core.shell:Creating package script '/home/javierac/create3_ws/install/irobot_create_gazebo_plugins/share/irobot_create_gazebo_plugins/package.sh'
[48.736s] INFO:colcon.colcon_core.shell:Creating package script '/home/javierac/create3_ws/install/irobot_create_gazebo_plugins/share/irobot_create_gazebo_plugins/package.bash'
[48.736s] INFO:colcon.colcon_core.shell:Creating package script '/home/javierac/create3_ws/install/irobot_create_gazebo_plugins/share/irobot_create_gazebo_plugins/package.zsh'
[48.736s] Level 1:colcon.colcon_core.environment:create_file_with_runtime_dependencies(/home/javierac/create3_ws/install/irobot_create_gazebo_plugins/share/colcon-core/packages/irobot_create_gazebo_plugins)
[49.364s] DEBUG:colcon.colcon_core.event_handler.log_command:Invoked command in '/home/javierac/create3_ws/build/irobot_create_common_bringup' returned '0': AMENT_PREFIX_PATH=/home/javierac/create3_ws/install/irobot_create_nodes:/home/javierac/create3_ws/install/irobot_create_toolbox:/home/javierac/create3_ws/install/irobot_create_description:/home/javierac/create3_ws/install/irobot_create_control:${AMENT_PREFIX_PATH} CMAKE_PREFIX_PATH=/home/javierac/create3_ws/install/irobot_create_nodes:/home/javierac/create3_ws/install/irobot_create_toolbox:/home/javierac/create3_ws/install/irobot_create_description:/home/javierac/create3_ws/install/irobot_create_control:/opt/ros/humble LD_LIBRARY_PATH=/home/javierac/create3_ws/install/irobot_create_nodes/lib:/home/javierac/create3_ws/install/irobot_create_toolbox/lib:${LD_LIBRARY_PATH} /usr/bin/cmake /home/javierac/create3_ws/src/irobot_create_common/irobot_create_common_bringup -DAMENT_CMAKE_SYMLINK_INSTALL=1 -DCMAKE_INSTALL_PREFIX=/home/javierac/create3_ws/install/irobot_create_common_bringup
[49.365s] DEBUG:colcon.colcon_core.event_handler.log_command:Invoking command in '/home/javierac/create3_ws/build/irobot_create_common_bringup': AMENT_PREFIX_PATH=/home/javierac/create3_ws/install/irobot_create_nodes:/home/javierac/create3_ws/install/irobot_create_toolbox:/home/javierac/create3_ws/install/irobot_create_description:/home/javierac/create3_ws/install/irobot_create_control:${AMENT_PREFIX_PATH} CMAKE_PREFIX_PATH=/home/javierac/create3_ws/install/irobot_create_nodes:/home/javierac/create3_ws/install/irobot_create_toolbox:/home/javierac/create3_ws/install/irobot_create_description:/home/javierac/create3_ws/install/irobot_create_control:/opt/ros/humble LD_LIBRARY_PATH=/home/javierac/create3_ws/install/irobot_create_nodes/lib:/home/javierac/create3_ws/install/irobot_create_toolbox/lib:${LD_LIBRARY_PATH} /usr/bin/cmake --build /home/javierac/create3_ws/build/irobot_create_common_bringup -- -j20 -l20
[49.681s] DEBUG:colcon.colcon_core.event_handler.log_command:Invoked command in '/home/javierac/create3_ws/build/irobot_create_common_bringup' returned '0': AMENT_PREFIX_PATH=/home/javierac/create3_ws/install/irobot_create_nodes:/home/javierac/create3_ws/install/irobot_create_toolbox:/home/javierac/create3_ws/install/irobot_create_description:/home/javierac/create3_ws/install/irobot_create_control:${AMENT_PREFIX_PATH} CMAKE_PREFIX_PATH=/home/javierac/create3_ws/install/irobot_create_nodes:/home/javierac/create3_ws/install/irobot_create_toolbox:/home/javierac/create3_ws/install/irobot_create_description:/home/javierac/create3_ws/install/irobot_create_control:/opt/ros/humble LD_LIBRARY_PATH=/home/javierac/create3_ws/install/irobot_create_nodes/lib:/home/javierac/create3_ws/install/irobot_create_toolbox/lib:${LD_LIBRARY_PATH} /usr/bin/cmake --build /home/javierac/create3_ws/build/irobot_create_common_bringup -- -j20 -l20
[49.683s] DEBUG:colcon.colcon_core.event_handler.log_command:Invoking command in '/home/javierac/create3_ws/build/irobot_create_common_bringup': AMENT_PREFIX_PATH=/home/javierac/create3_ws/install/irobot_create_nodes:/home/javierac/create3_ws/install/irobot_create_toolbox:/home/javierac/create3_ws/install/irobot_create_description:/home/javierac/create3_ws/install/irobot_create_control:${AMENT_PREFIX_PATH} CMAKE_PREFIX_PATH=/home/javierac/create3_ws/install/irobot_create_nodes:/home/javierac/create3_ws/install/irobot_create_toolbox:/home/javierac/create3_ws/install/irobot_create_description:/home/javierac/create3_ws/install/irobot_create_control:/opt/ros/humble LD_LIBRARY_PATH=/home/javierac/create3_ws/install/irobot_create_nodes/lib:/home/javierac/create3_ws/install/irobot_create_toolbox/lib:${LD_LIBRARY_PATH} /usr/bin/cmake --install /home/javierac/create3_ws/build/irobot_create_common_bringup
[50.133s] Level 1:colcon.colcon_core.environment:create_environment_scripts_only(irobot_create_common_bringup)
[50.133s] Level 1:colcon.colcon_core.environment:checking '/home/javierac/create3_ws/install/irobot_create_common_bringup' for CMake module files
[50.134s] DEBUG:colcon.colcon_core.event_handler.log_command:Invoked command in '/home/javierac/create3_ws/build/irobot_create_common_bringup' returned '0': AMENT_PREFIX_PATH=/home/javierac/create3_ws/install/irobot_create_nodes:/home/javierac/create3_ws/install/irobot_create_toolbox:/home/javierac/create3_ws/install/irobot_create_description:/home/javierac/create3_ws/install/irobot_create_control:${AMENT_PREFIX_PATH} CMAKE_PREFIX_PATH=/home/javierac/create3_ws/install/irobot_create_nodes:/home/javierac/create3_ws/install/irobot_create_toolbox:/home/javierac/create3_ws/install/irobot_create_description:/home/javierac/create3_ws/install/irobot_create_control:/opt/ros/humble LD_LIBRARY_PATH=/home/javierac/create3_ws/install/irobot_create_nodes/lib:/home/javierac/create3_ws/install/irobot_create_toolbox/lib:${LD_LIBRARY_PATH} /usr/bin/cmake --install /home/javierac/create3_ws/build/irobot_create_common_bringup
[50.134s] Level 1:colcon.colcon_core.environment:checking '/home/javierac/create3_ws/install/irobot_create_common_bringup' for CMake config files
[50.135s] Level 1:colcon.colcon_core.shell:create_environment_hook('irobot_create_common_bringup', 'cmake_prefix_path')
[50.135s] INFO:colcon.colcon_core.shell:Creating environment hook '/home/javierac/create3_ws/install/irobot_create_common_bringup/share/irobot_create_common_bringup/hook/cmake_prefix_path.ps1'
[50.136s] INFO:colcon.colcon_core.shell:Creating environment descriptor '/home/javierac/create3_ws/install/irobot_create_common_bringup/share/irobot_create_common_bringup/hook/cmake_prefix_path.dsv'
[50.136s] INFO:colcon.colcon_core.shell:Creating environment hook '/home/javierac/create3_ws/install/irobot_create_common_bringup/share/irobot_create_common_bringup/hook/cmake_prefix_path.sh'
[50.137s] Level 1:colcon.colcon_core.environment:checking '/home/javierac/create3_ws/install/irobot_create_common_bringup/bin'
[50.137s] Level 1:colcon.colcon_core.environment:checking '/home/javierac/create3_ws/install/irobot_create_common_bringup/lib/pkgconfig/irobot_create_common_bringup.pc'
[50.138s] Level 1:colcon.colcon_core.environment:checking '/home/javierac/create3_ws/install/irobot_create_common_bringup/lib/python3.10/site-packages'
[50.138s] Level 1:colcon.colcon_core.environment:checking '/home/javierac/create3_ws/install/irobot_create_common_bringup/bin'
[50.139s] INFO:colcon.colcon_core.shell:Creating package script '/home/javierac/create3_ws/install/irobot_create_common_bringup/share/irobot_create_common_bringup/package.ps1'
[50.139s] INFO:colcon.colcon_core.shell:Creating package descriptor '/home/javierac/create3_ws/install/irobot_create_common_bringup/share/irobot_create_common_bringup/package.dsv'
[50.140s] INFO:colcon.colcon_core.shell:Creating package script '/home/javierac/create3_ws/install/irobot_create_common_bringup/share/irobot_create_common_bringup/package.sh'
[50.140s] INFO:colcon.colcon_core.shell:Creating package script '/home/javierac/create3_ws/install/irobot_create_common_bringup/share/irobot_create_common_bringup/package.bash'
[50.140s] INFO:colcon.colcon_core.shell:Creating package script '/home/javierac/create3_ws/install/irobot_create_common_bringup/share/irobot_create_common_bringup/package.zsh'
[50.141s] Level 1:colcon.colcon_core.environment:create_file_with_runtime_dependencies(/home/javierac/create3_ws/install/irobot_create_common_bringup/share/colcon-core/packages/irobot_create_common_bringup)
[50.141s] Level 1:colcon.colcon_core.environment:create_environment_scripts_only(irobot_create_common_bringup)
[50.141s] Level 1:colcon.colcon_core.environment:checking '/home/javierac/create3_ws/install/irobot_create_common_bringup' for CMake module files
[50.142s] Level 1:colcon.colcon_core.environment:checking '/home/javierac/create3_ws/install/irobot_create_common_bringup' for CMake config files
[50.142s] Level 1:colcon.colcon_core.shell:create_environment_hook('irobot_create_common_bringup', 'cmake_prefix_path')
[50.142s] INFO:colcon.colcon_core.shell:Creating environment hook '/home/javierac/create3_ws/install/irobot_create_common_bringup/share/irobot_create_common_bringup/hook/cmake_prefix_path.ps1'
[50.142s] INFO:colcon.colcon_core.shell:Creating environment descriptor '/home/javierac/create3_ws/install/irobot_create_common_bringup/share/irobot_create_common_bringup/hook/cmake_prefix_path.dsv'
[50.143s] INFO:colcon.colcon_core.shell:Creating environment hook '/home/javierac/create3_ws/install/irobot_create_common_bringup/share/irobot_create_common_bringup/hook/cmake_prefix_path.sh'
[50.143s] Level 1:colcon.colcon_core.environment:checking '/home/javierac/create3_ws/install/irobot_create_common_bringup/bin'
[50.143s] Level 1:colcon.colcon_core.environment:checking '/home/javierac/create3_ws/install/irobot_create_common_bringup/lib/pkgconfig/irobot_create_common_bringup.pc'
[50.143s] Level 1:colcon.colcon_core.environment:checking '/home/javierac/create3_ws/install/irobot_create_common_bringup/lib/python3.10/site-packages'
[50.144s] Level 1:colcon.colcon_core.environment:checking '/home/javierac/create3_ws/install/irobot_create_common_bringup/bin'
[50.144s] INFO:colcon.colcon_core.shell:Creating package script '/home/javierac/create3_ws/install/irobot_create_common_bringup/share/irobot_create_common_bringup/package.ps1'
[50.145s] INFO:colcon.colcon_core.shell:Creating package descriptor '/home/javierac/create3_ws/install/irobot_create_common_bringup/share/irobot_create_common_bringup/package.dsv'
[50.145s] INFO:colcon.colcon_core.shell:Creating package script '/home/javierac/create3_ws/install/irobot_create_common_bringup/share/irobot_create_common_bringup/package.sh'
[50.145s] INFO:colcon.colcon_core.shell:Creating package script '/home/javierac/create3_ws/install/irobot_create_common_bringup/share/irobot_create_common_bringup/package.bash'
[50.146s] INFO:colcon.colcon_core.shell:Creating package script '/home/javierac/create3_ws/install/irobot_create_common_bringup/share/irobot_create_common_bringup/package.zsh'
[50.146s] Level 1:colcon.colcon_core.environment:create_file_with_runtime_dependencies(/home/javierac/create3_ws/install/irobot_create_common_bringup/share/colcon-core/packages/irobot_create_common_bringup)
[50.147s] INFO:colcon.colcon_ros.task.ament_cmake.build:Building ROS package in '/home/javierac/create3_ws/src/irobot_create_gazebo/irobot_create_gazebo_bringup' with build type 'ament_cmake'
[50.147s] INFO:colcon.colcon_cmake.task.cmake.build:Building CMake package in '/home/javierac/create3_ws/src/irobot_create_gazebo/irobot_create_gazebo_bringup'
[50.147s] INFO:colcon.colcon_core.shell:Skip shell extension 'powershell' for command environment: Not usable outside of PowerShell
[50.147s] DEBUG:colcon.colcon_core.shell:Skip shell extension 'dsv' for command environment
[50.152s] INFO:colcon.colcon_ros.task.ament_cmake.build:Building ROS package in '/home/javierac/create3_ws/src/irobot_create_ignition/irobot_create_ignition_bringup' with build type 'ament_cmake'
[50.152s] INFO:colcon.colcon_cmake.task.cmake.build:Building CMake package in '/home/javierac/create3_ws/src/irobot_create_ignition/irobot_create_ignition_bringup'
[50.152s] INFO:colcon.colcon_core.shell:Skip shell extension 'powershell' for command environment: Not usable outside of PowerShell
[50.152s] DEBUG:colcon.colcon_core.shell:Skip shell extension 'dsv' for command environment
[50.174s] DEBUG:colcon.colcon_core.event_handler.log_command:Invoking command in '/home/javierac/create3_ws/build/irobot_create_gazebo_bringup': AMENT_PREFIX_PATH=/home/javierac/create3_ws/install/irobot_create_common_bringup:/home/javierac/create3_ws/install/irobot_create_nodes:/home/javierac/create3_ws/install/irobot_create_gazebo_plugins:/home/javierac/create3_ws/install/irobot_create_toolbox:/home/javierac/create3_ws/install/irobot_create_description:/home/javierac/create3_ws/install/irobot_create_control:${AMENT_PREFIX_PATH} CMAKE_PREFIX_PATH=/home/javierac/create3_ws/install/irobot_create_common_bringup:/home/javierac/create3_ws/install/irobot_create_nodes:/home/javierac/create3_ws/install/irobot_create_gazebo_plugins:/home/javierac/create3_ws/install/irobot_create_toolbox:/home/javierac/create3_ws/install/irobot_create_description:/home/javierac/create3_ws/install/irobot_create_control:/opt/ros/humble LD_LIBRARY_PATH=/home/javierac/create3_ws/install/irobot_create_nodes/lib:/home/javierac/create3_ws/install/irobot_create_gazebo_plugins/lib:/home/javierac/create3_ws/install/irobot_create_toolbox/lib:${LD_LIBRARY_PATH} PYTHONPATH=/home/javierac/create3_ws/install/irobot_create_common_bringup/local/lib/python3.10/dist-packages:${PYTHONPATH} /usr/bin/cmake /home/javierac/create3_ws/src/irobot_create_gazebo/irobot_create_gazebo_bringup -DAMENT_CMAKE_SYMLINK_INSTALL=1 -DCMAKE_INSTALL_PREFIX=/home/javierac/create3_ws/install/irobot_create_gazebo_bringup
[50.179s] DEBUG:colcon.colcon_core.event_handler.log_command:Invoking command in '/home/javierac/create3_ws/build/irobot_create_ignition_bringup': AMENT_PREFIX_PATH=/home/javierac/create3_ws/install/irobot_create_common_bringup:/home/javierac/create3_ws/install/irobot_create_nodes:/home/javierac/create3_ws/install/irobot_create_ignition_toolbox:/home/javierac/create3_ws/install/irobot_create_toolbox:/home/javierac/create3_ws/install/irobot_create_ignition_plugins:/home/javierac/create3_ws/install/irobot_create_description:/home/javierac/create3_ws/install/irobot_create_control:${AMENT_PREFIX_PATH} CMAKE_PREFIX_PATH=/home/javierac/create3_ws/install/irobot_create_common_bringup:/home/javierac/create3_ws/install/irobot_create_nodes:/home/javierac/create3_ws/install/irobot_create_ignition_toolbox:/home/javierac/create3_ws/install/irobot_create_toolbox:/home/javierac/create3_ws/install/irobot_create_ignition_plugins:/home/javierac/create3_ws/install/irobot_create_description:/home/javierac/create3_ws/install/irobot_create_control:/opt/ros/humble LD_LIBRARY_PATH=/home/javierac/create3_ws/install/irobot_create_nodes/lib:/home/javierac/create3_ws/install/irobot_create_ignition_toolbox/lib:/home/javierac/create3_ws/install/irobot_create_toolbox/lib:${LD_LIBRARY_PATH} PYTHONPATH=/home/javierac/create3_ws/install/irobot_create_common_bringup/local/lib/python3.10/dist-packages:${PYTHONPATH} /usr/bin/cmake /home/javierac/create3_ws/src/irobot_create_ignition/irobot_create_ignition_bringup -DAMENT_CMAKE_SYMLINK_INSTALL=1 -DCMAKE_INSTALL_PREFIX=/home/javierac/create3_ws/install/irobot_create_ignition_bringup
[51.089s] DEBUG:colcon.colcon_core.event_handler.log_command:Invoked command in '/home/javierac/create3_ws/build/irobot_create_ignition_bringup' returned '0': AMENT_PREFIX_PATH=/home/javierac/create3_ws/install/irobot_create_common_bringup:/home/javierac/create3_ws/install/irobot_create_nodes:/home/javierac/create3_ws/install/irobot_create_ignition_toolbox:/home/javierac/create3_ws/install/irobot_create_toolbox:/home/javierac/create3_ws/install/irobot_create_ignition_plugins:/home/javierac/create3_ws/install/irobot_create_description:/home/javierac/create3_ws/install/irobot_create_control:${AMENT_PREFIX_PATH} CMAKE_PREFIX_PATH=/home/javierac/create3_ws/install/irobot_create_common_bringup:/home/javierac/create3_ws/install/irobot_create_nodes:/home/javierac/create3_ws/install/irobot_create_ignition_toolbox:/home/javierac/create3_ws/install/irobot_create_toolbox:/home/javierac/create3_ws/install/irobot_create_ignition_plugins:/home/javierac/create3_ws/install/irobot_create_description:/home/javierac/create3_ws/install/irobot_create_control:/opt/ros/humble LD_LIBRARY_PATH=/home/javierac/create3_ws/install/irobot_create_nodes/lib:/home/javierac/create3_ws/install/irobot_create_ignition_toolbox/lib:/home/javierac/create3_ws/install/irobot_create_toolbox/lib:${LD_LIBRARY_PATH} PYTHONPATH=/home/javierac/create3_ws/install/irobot_create_common_bringup/local/lib/python3.10/dist-packages:${PYTHONPATH} /usr/bin/cmake /home/javierac/create3_ws/src/irobot_create_ignition/irobot_create_ignition_bringup -DAMENT_CMAKE_SYMLINK_INSTALL=1 -DCMAKE_INSTALL_PREFIX=/home/javierac/create3_ws/install/irobot_create_ignition_bringup
[51.091s] DEBUG:colcon.colcon_core.event_handler.log_command:Invoking command in '/home/javierac/create3_ws/build/irobot_create_ignition_bringup': AMENT_PREFIX_PATH=/home/javierac/create3_ws/install/irobot_create_common_bringup:/home/javierac/create3_ws/install/irobot_create_nodes:/home/javierac/create3_ws/install/irobot_create_ignition_toolbox:/home/javierac/create3_ws/install/irobot_create_toolbox:/home/javierac/create3_ws/install/irobot_create_ignition_plugins:/home/javierac/create3_ws/install/irobot_create_description:/home/javierac/create3_ws/install/irobot_create_control:${AMENT_PREFIX_PATH} CMAKE_PREFIX_PATH=/home/javierac/create3_ws/install/irobot_create_common_bringup:/home/javierac/create3_ws/install/irobot_create_nodes:/home/javierac/create3_ws/install/irobot_create_ignition_toolbox:/home/javierac/create3_ws/install/irobot_create_toolbox:/home/javierac/create3_ws/install/irobot_create_ignition_plugins:/home/javierac/create3_ws/install/irobot_create_description:/home/javierac/create3_ws/install/irobot_create_control:/opt/ros/humble LD_LIBRARY_PATH=/home/javierac/create3_ws/install/irobot_create_nodes/lib:/home/javierac/create3_ws/install/irobot_create_ignition_toolbox/lib:/home/javierac/create3_ws/install/irobot_create_toolbox/lib:${LD_LIBRARY_PATH} PYTHONPATH=/home/javierac/create3_ws/install/irobot_create_common_bringup/local/lib/python3.10/dist-packages:${PYTHONPATH} /usr/bin/cmake --build /home/javierac/create3_ws/build/irobot_create_ignition_bringup -- -j20 -l20
[51.136s] DEBUG:colcon.colcon_core.event_handler.log_command:Invoked command in '/home/javierac/create3_ws/build/irobot_create_ignition_bringup' returned '0': AMENT_PREFIX_PATH=/home/javierac/create3_ws/install/irobot_create_common_bringup:/home/javierac/create3_ws/install/irobot_create_nodes:/home/javierac/create3_ws/install/irobot_create_ignition_toolbox:/home/javierac/create3_ws/install/irobot_create_toolbox:/home/javierac/create3_ws/install/irobot_create_ignition_plugins:/home/javierac/create3_ws/install/irobot_create_description:/home/javierac/create3_ws/install/irobot_create_control:${AMENT_PREFIX_PATH} CMAKE_PREFIX_PATH=/home/javierac/create3_ws/install/irobot_create_common_bringup:/home/javierac/create3_ws/install/irobot_create_nodes:/home/javierac/create3_ws/install/irobot_create_ignition_toolbox:/home/javierac/create3_ws/install/irobot_create_toolbox:/home/javierac/create3_ws/install/irobot_create_ignition_plugins:/home/javierac/create3_ws/install/irobot_create_description:/home/javierac/create3_ws/install/irobot_create_control:/opt/ros/humble LD_LIBRARY_PATH=/home/javierac/create3_ws/install/irobot_create_nodes/lib:/home/javierac/create3_ws/install/irobot_create_ignition_toolbox/lib:/home/javierac/create3_ws/install/irobot_create_toolbox/lib:${LD_LIBRARY_PATH} PYTHONPATH=/home/javierac/create3_ws/install/irobot_create_common_bringup/local/lib/python3.10/dist-packages:${PYTHONPATH} /usr/bin/cmake --build /home/javierac/create3_ws/build/irobot_create_ignition_bringup -- -j20 -l20
[51.138s] DEBUG:colcon.colcon_core.event_handler.log_command:Invoking command in '/home/javierac/create3_ws/build/irobot_create_ignition_bringup': AMENT_PREFIX_PATH=/home/javierac/create3_ws/install/irobot_create_common_bringup:/home/javierac/create3_ws/install/irobot_create_nodes:/home/javierac/create3_ws/install/irobot_create_ignition_toolbox:/home/javierac/create3_ws/install/irobot_create_toolbox:/home/javierac/create3_ws/install/irobot_create_ignition_plugins:/home/javierac/create3_ws/install/irobot_create_description:/home/javierac/create3_ws/install/irobot_create_control:${AMENT_PREFIX_PATH} CMAKE_PREFIX_PATH=/home/javierac/create3_ws/install/irobot_create_common_bringup:/home/javierac/create3_ws/install/irobot_create_nodes:/home/javierac/create3_ws/install/irobot_create_ignition_toolbox:/home/javierac/create3_ws/install/irobot_create_toolbox:/home/javierac/create3_ws/install/irobot_create_ignition_plugins:/home/javierac/create3_ws/install/irobot_create_description:/home/javierac/create3_ws/install/irobot_create_control:/opt/ros/humble LD_LIBRARY_PATH=/home/javierac/create3_ws/install/irobot_create_nodes/lib:/home/javierac/create3_ws/install/irobot_create_ignition_toolbox/lib:/home/javierac/create3_ws/install/irobot_create_toolbox/lib:${LD_LIBRARY_PATH} PYTHONPATH=/home/javierac/create3_ws/install/irobot_create_common_bringup/local/lib/python3.10/dist-packages:${PYTHONPATH} /usr/bin/cmake --install /home/javierac/create3_ws/build/irobot_create_ignition_bringup
[51.383s] Level 1:colcon.colcon_core.environment:create_environment_scripts_only(irobot_create_ignition_bringup)
[51.384s] Level 1:colcon.colcon_core.environment:checking '/home/javierac/create3_ws/install/irobot_create_ignition_bringup' for CMake module files
[51.385s] DEBUG:colcon.colcon_core.event_handler.log_command:Invoked command in '/home/javierac/create3_ws/build/irobot_create_ignition_bringup' returned '0': AMENT_PREFIX_PATH=/home/javierac/create3_ws/install/irobot_create_common_bringup:/home/javierac/create3_ws/install/irobot_create_nodes:/home/javierac/create3_ws/install/irobot_create_ignition_toolbox:/home/javierac/create3_ws/install/irobot_create_toolbox:/home/javierac/create3_ws/install/irobot_create_ignition_plugins:/home/javierac/create3_ws/install/irobot_create_description:/home/javierac/create3_ws/install/irobot_create_control:${AMENT_PREFIX_PATH} CMAKE_PREFIX_PATH=/home/javierac/create3_ws/install/irobot_create_common_bringup:/home/javierac/create3_ws/install/irobot_create_nodes:/home/javierac/create3_ws/install/irobot_create_ignition_toolbox:/home/javierac/create3_ws/install/irobot_create_toolbox:/home/javierac/create3_ws/install/irobot_create_ignition_plugins:/home/javierac/create3_ws/install/irobot_create_description:/home/javierac/create3_ws/install/irobot_create_control:/opt/ros/humble LD_LIBRARY_PATH=/home/javierac/create3_ws/install/irobot_create_nodes/lib:/home/javierac/create3_ws/install/irobot_create_ignition_toolbox/lib:/home/javierac/create3_ws/install/irobot_create_toolbox/lib:${LD_LIBRARY_PATH} PYTHONPATH=/home/javierac/create3_ws/install/irobot_create_common_bringup/local/lib/python3.10/dist-packages:${PYTHONPATH} /usr/bin/cmake --install /home/javierac/create3_ws/build/irobot_create_ignition_bringup
[51.385s] Level 1:colcon.colcon_core.environment:checking '/home/javierac/create3_ws/install/irobot_create_ignition_bringup' for CMake config files
[51.386s] Level 1:colcon.colcon_core.shell:create_environment_hook('irobot_create_ignition_bringup', 'cmake_prefix_path')
[51.386s] INFO:colcon.colcon_core.shell:Creating environment hook '/home/javierac/create3_ws/install/irobot_create_ignition_bringup/share/irobot_create_ignition_bringup/hook/cmake_prefix_path.ps1'
[51.387s] INFO:colcon.colcon_core.shell:Creating environment descriptor '/home/javierac/create3_ws/install/irobot_create_ignition_bringup/share/irobot_create_ignition_bringup/hook/cmake_prefix_path.dsv'
[51.387s] INFO:colcon.colcon_core.shell:Creating environment hook '/home/javierac/create3_ws/install/irobot_create_ignition_bringup/share/irobot_create_ignition_bringup/hook/cmake_prefix_path.sh'
[51.388s] Level 1:colcon.colcon_core.environment:checking '/home/javierac/create3_ws/install/irobot_create_ignition_bringup/bin'
[51.388s] Level 1:colcon.colcon_core.environment:checking '/home/javierac/create3_ws/install/irobot_create_ignition_bringup/lib/pkgconfig/irobot_create_ignition_bringup.pc'
[51.388s] Level 1:colcon.colcon_core.environment:checking '/home/javierac/create3_ws/install/irobot_create_ignition_bringup/lib/python3.10/site-packages'
[51.389s] Level 1:colcon.colcon_core.environment:checking '/home/javierac/create3_ws/install/irobot_create_ignition_bringup/bin'
[51.389s] INFO:colcon.colcon_core.shell:Creating package script '/home/javierac/create3_ws/install/irobot_create_ignition_bringup/share/irobot_create_ignition_bringup/package.ps1'
[51.389s] INFO:colcon.colcon_core.shell:Creating package descriptor '/home/javierac/create3_ws/install/irobot_create_ignition_bringup/share/irobot_create_ignition_bringup/package.dsv'
[51.389s] INFO:colcon.colcon_core.shell:Creating package script '/home/javierac/create3_ws/install/irobot_create_ignition_bringup/share/irobot_create_ignition_bringup/package.sh'
[51.390s] INFO:colcon.colcon_core.shell:Creating package script '/home/javierac/create3_ws/install/irobot_create_ignition_bringup/share/irobot_create_ignition_bringup/package.bash'
[51.390s] INFO:colcon.colcon_core.shell:Creating package script '/home/javierac/create3_ws/install/irobot_create_ignition_bringup/share/irobot_create_ignition_bringup/package.zsh'
[51.390s] Level 1:colcon.colcon_core.environment:create_file_with_runtime_dependencies(/home/javierac/create3_ws/install/irobot_create_ignition_bringup/share/colcon-core/packages/irobot_create_ignition_bringup)
[51.391s] Level 1:colcon.colcon_core.environment:create_environment_scripts_only(irobot_create_ignition_bringup)
[51.391s] Level 1:colcon.colcon_core.environment:checking '/home/javierac/create3_ws/install/irobot_create_ignition_bringup' for CMake module files
[51.392s] Level 1:colcon.colcon_core.environment:checking '/home/javierac/create3_ws/install/irobot_create_ignition_bringup' for CMake config files
[51.392s] Level 1:colcon.colcon_core.shell:create_environment_hook('irobot_create_ignition_bringup', 'cmake_prefix_path')
[51.392s] INFO:colcon.colcon_core.shell:Creating environment hook '/home/javierac/create3_ws/install/irobot_create_ignition_bringup/share/irobot_create_ignition_bringup/hook/cmake_prefix_path.ps1'
[51.393s] INFO:colcon.colcon_core.shell:Creating environment descriptor '/home/javierac/create3_ws/install/irobot_create_ignition_bringup/share/irobot_create_ignition_bringup/hook/cmake_prefix_path.dsv'
[51.393s] INFO:colcon.colcon_core.shell:Creating environment hook '/home/javierac/create3_ws/install/irobot_create_ignition_bringup/share/irobot_create_ignition_bringup/hook/cmake_prefix_path.sh'
[51.394s] Level 1:colcon.colcon_core.environment:checking '/home/javierac/create3_ws/install/irobot_create_ignition_bringup/bin'
[51.394s] Level 1:colcon.colcon_core.environment:checking '/home/javierac/create3_ws/install/irobot_create_ignition_bringup/lib/pkgconfig/irobot_create_ignition_bringup.pc'
[51.394s] Level 1:colcon.colcon_core.environment:checking '/home/javierac/create3_ws/install/irobot_create_ignition_bringup/lib/python3.10/site-packages'
[51.394s] Level 1:colcon.colcon_core.environment:checking '/home/javierac/create3_ws/install/irobot_create_ignition_bringup/bin'
[51.394s] INFO:colcon.colcon_core.shell:Creating package script '/home/javierac/create3_ws/install/irobot_create_ignition_bringup/share/irobot_create_ignition_bringup/package.ps1'
[51.395s] INFO:colcon.colcon_core.shell:Creating package descriptor '/home/javierac/create3_ws/install/irobot_create_ignition_bringup/share/irobot_create_ignition_bringup/package.dsv'
[51.395s] INFO:colcon.colcon_core.shell:Creating package script '/home/javierac/create3_ws/install/irobot_create_ignition_bringup/share/irobot_create_ignition_bringup/package.sh'
[51.395s] INFO:colcon.colcon_core.shell:Creating package script '/home/javierac/create3_ws/install/irobot_create_ignition_bringup/share/irobot_create_ignition_bringup/package.bash'
[51.396s] INFO:colcon.colcon_core.shell:Creating package script '/home/javierac/create3_ws/install/irobot_create_ignition_bringup/share/irobot_create_ignition_bringup/package.zsh'
[51.396s] Level 1:colcon.colcon_core.environment:create_file_with_runtime_dependencies(/home/javierac/create3_ws/install/irobot_create_ignition_bringup/share/colcon-core/packages/irobot_create_ignition_bringup)
[51.396s] INFO:colcon.colcon_ros.task.ament_cmake.build:Building ROS package in '/home/javierac/create3_ws/src/irobot_create_ignition/irobot_create_ignition_sim' with build type 'ament_cmake'
[51.396s] INFO:colcon.colcon_cmake.task.cmake.build:Building CMake package in '/home/javierac/create3_ws/src/irobot_create_ignition/irobot_create_ignition_sim'
[51.397s] INFO:colcon.colcon_core.shell:Skip shell extension 'powershell' for command environment: Not usable outside of PowerShell
[51.397s] DEBUG:colcon.colcon_core.shell:Skip shell extension 'dsv' for command environment
[51.418s] DEBUG:colcon.colcon_core.event_handler.log_command:Invoking command in '/home/javierac/create3_ws/build/irobot_create_ignition_sim': AMENT_PREFIX_PATH=/home/javierac/create3_ws/install/irobot_create_ignition_bringup:/home/javierac/create3_ws/install/irobot_create_common_bringup:/home/javierac/create3_ws/install/irobot_create_nodes:/home/javierac/create3_ws/install/irobot_create_ignition_toolbox:/home/javierac/create3_ws/install/irobot_create_toolbox:/home/javierac/create3_ws/install/irobot_create_ignition_plugins:/home/javierac/create3_ws/install/irobot_create_description:/home/javierac/create3_ws/install/irobot_create_control:${AMENT_PREFIX_PATH} CMAKE_PREFIX_PATH=/home/javierac/create3_ws/install/irobot_create_ignition_bringup:/home/javierac/create3_ws/install/irobot_create_common_bringup:/home/javierac/create3_ws/install/irobot_create_nodes:/home/javierac/create3_ws/install/irobot_create_ignition_toolbox:/home/javierac/create3_ws/install/irobot_create_toolbox:/home/javierac/create3_ws/install/irobot_create_ignition_plugins:/home/javierac/create3_ws/install/irobot_create_description:/home/javierac/create3_ws/install/irobot_create_control:/opt/ros/humble LD_LIBRARY_PATH=/home/javierac/create3_ws/install/irobot_create_nodes/lib:/home/javierac/create3_ws/install/irobot_create_ignition_toolbox/lib:/home/javierac/create3_ws/install/irobot_create_toolbox/lib:${LD_LIBRARY_PATH} PYTHONPATH=/home/javierac/create3_ws/install/irobot_create_common_bringup/local/lib/python3.10/dist-packages:${PYTHONPATH} /usr/bin/cmake /home/javierac/create3_ws/src/irobot_create_ignition/irobot_create_ignition_sim -DAMENT_CMAKE_SYMLINK_INSTALL=1 -DCMAKE_INSTALL_PREFIX=/home/javierac/create3_ws/install/irobot_create_ignition_sim
[52.092s] DEBUG:colcon.colcon_core.event_handler.log_command:Invoked command in '/home/javierac/create3_ws/build/irobot_create_ignition_sim' returned '0': AMENT_PREFIX_PATH=/home/javierac/create3_ws/install/irobot_create_ignition_bringup:/home/javierac/create3_ws/install/irobot_create_common_bringup:/home/javierac/create3_ws/install/irobot_create_nodes:/home/javierac/create3_ws/install/irobot_create_ignition_toolbox:/home/javierac/create3_ws/install/irobot_create_toolbox:/home/javierac/create3_ws/install/irobot_create_ignition_plugins:/home/javierac/create3_ws/install/irobot_create_description:/home/javierac/create3_ws/install/irobot_create_control:${AMENT_PREFIX_PATH} CMAKE_PREFIX_PATH=/home/javierac/create3_ws/install/irobot_create_ignition_bringup:/home/javierac/create3_ws/install/irobot_create_common_bringup:/home/javierac/create3_ws/install/irobot_create_nodes:/home/javierac/create3_ws/install/irobot_create_ignition_toolbox:/home/javierac/create3_ws/install/irobot_create_toolbox:/home/javierac/create3_ws/install/irobot_create_ignition_plugins:/home/javierac/create3_ws/install/irobot_create_description:/home/javierac/create3_ws/install/irobot_create_control:/opt/ros/humble LD_LIBRARY_PATH=/home/javierac/create3_ws/install/irobot_create_nodes/lib:/home/javierac/create3_ws/install/irobot_create_ignition_toolbox/lib:/home/javierac/create3_ws/install/irobot_create_toolbox/lib:${LD_LIBRARY_PATH} PYTHONPATH=/home/javierac/create3_ws/install/irobot_create_common_bringup/local/lib/python3.10/dist-packages:${PYTHONPATH} /usr/bin/cmake /home/javierac/create3_ws/src/irobot_create_ignition/irobot_create_ignition_sim -DAMENT_CMAKE_SYMLINK_INSTALL=1 -DCMAKE_INSTALL_PREFIX=/home/javierac/create3_ws/install/irobot_create_ignition_sim
[52.093s] DEBUG:colcon.colcon_core.event_handler.log_command:Invoking command in '/home/javierac/create3_ws/build/irobot_create_ignition_sim': AMENT_PREFIX_PATH=/home/javierac/create3_ws/install/irobot_create_ignition_bringup:/home/javierac/create3_ws/install/irobot_create_common_bringup:/home/javierac/create3_ws/install/irobot_create_nodes:/home/javierac/create3_ws/install/irobot_create_ignition_toolbox:/home/javierac/create3_ws/install/irobot_create_toolbox:/home/javierac/create3_ws/install/irobot_create_ignition_plugins:/home/javierac/create3_ws/install/irobot_create_description:/home/javierac/create3_ws/install/irobot_create_control:${AMENT_PREFIX_PATH} CMAKE_PREFIX_PATH=/home/javierac/create3_ws/install/irobot_create_ignition_bringup:/home/javierac/create3_ws/install/irobot_create_common_bringup:/home/javierac/create3_ws/install/irobot_create_nodes:/home/javierac/create3_ws/install/irobot_create_ignition_toolbox:/home/javierac/create3_ws/install/irobot_create_toolbox:/home/javierac/create3_ws/install/irobot_create_ignition_plugins:/home/javierac/create3_ws/install/irobot_create_description:/home/javierac/create3_ws/install/irobot_create_control:/opt/ros/humble LD_LIBRARY_PATH=/home/javierac/create3_ws/install/irobot_create_nodes/lib:/home/javierac/create3_ws/install/irobot_create_ignition_toolbox/lib:/home/javierac/create3_ws/install/irobot_create_toolbox/lib:${LD_LIBRARY_PATH} PYTHONPATH=/home/javierac/create3_ws/install/irobot_create_common_bringup/local/lib/python3.10/dist-packages:${PYTHONPATH} /usr/bin/cmake --build /home/javierac/create3_ws/build/irobot_create_ignition_sim -- -j20 -l20
[52.140s] DEBUG:colcon.colcon_core.event_handler.log_command:Invoked command in '/home/javierac/create3_ws/build/irobot_create_ignition_sim' returned '0': AMENT_PREFIX_PATH=/home/javierac/create3_ws/install/irobot_create_ignition_bringup:/home/javierac/create3_ws/install/irobot_create_common_bringup:/home/javierac/create3_ws/install/irobot_create_nodes:/home/javierac/create3_ws/install/irobot_create_ignition_toolbox:/home/javierac/create3_ws/install/irobot_create_toolbox:/home/javierac/create3_ws/install/irobot_create_ignition_plugins:/home/javierac/create3_ws/install/irobot_create_description:/home/javierac/create3_ws/install/irobot_create_control:${AMENT_PREFIX_PATH} CMAKE_PREFIX_PATH=/home/javierac/create3_ws/install/irobot_create_ignition_bringup:/home/javierac/create3_ws/install/irobot_create_common_bringup:/home/javierac/create3_ws/install/irobot_create_nodes:/home/javierac/create3_ws/install/irobot_create_ignition_toolbox:/home/javierac/create3_ws/install/irobot_create_toolbox:/home/javierac/create3_ws/install/irobot_create_ignition_plugins:/home/javierac/create3_ws/install/irobot_create_description:/home/javierac/create3_ws/install/irobot_create_control:/opt/ros/humble LD_LIBRARY_PATH=/home/javierac/create3_ws/install/irobot_create_nodes/lib:/home/javierac/create3_ws/install/irobot_create_ignition_toolbox/lib:/home/javierac/create3_ws/install/irobot_create_toolbox/lib:${LD_LIBRARY_PATH} PYTHONPATH=/home/javierac/create3_ws/install/irobot_create_common_bringup/local/lib/python3.10/dist-packages:${PYTHONPATH} /usr/bin/cmake --build /home/javierac/create3_ws/build/irobot_create_ignition_sim -- -j20 -l20
[52.141s] DEBUG:colcon.colcon_core.event_handler.log_command:Invoking command in '/home/javierac/create3_ws/build/irobot_create_ignition_sim': AMENT_PREFIX_PATH=/home/javierac/create3_ws/install/irobot_create_ignition_bringup:/home/javierac/create3_ws/install/irobot_create_common_bringup:/home/javierac/create3_ws/install/irobot_create_nodes:/home/javierac/create3_ws/install/irobot_create_ignition_toolbox:/home/javierac/create3_ws/install/irobot_create_toolbox:/home/javierac/create3_ws/install/irobot_create_ignition_plugins:/home/javierac/create3_ws/install/irobot_create_description:/home/javierac/create3_ws/install/irobot_create_control:${AMENT_PREFIX_PATH} CMAKE_PREFIX_PATH=/home/javierac/create3_ws/install/irobot_create_ignition_bringup:/home/javierac/create3_ws/install/irobot_create_common_bringup:/home/javierac/create3_ws/install/irobot_create_nodes:/home/javierac/create3_ws/install/irobot_create_ignition_toolbox:/home/javierac/create3_ws/install/irobot_create_toolbox:/home/javierac/create3_ws/install/irobot_create_ignition_plugins:/home/javierac/create3_ws/install/irobot_create_description:/home/javierac/create3_ws/install/irobot_create_control:/opt/ros/humble LD_LIBRARY_PATH=/home/javierac/create3_ws/install/irobot_create_nodes/lib:/home/javierac/create3_ws/install/irobot_create_ignition_toolbox/lib:/home/javierac/create3_ws/install/irobot_create_toolbox/lib:${LD_LIBRARY_PATH} PYTHONPATH=/home/javierac/create3_ws/install/irobot_create_common_bringup/local/lib/python3.10/dist-packages:${PYTHONPATH} /usr/bin/cmake --install /home/javierac/create3_ws/build/irobot_create_ignition_sim
[52.302s] Level 1:colcon.colcon_core.environment:create_environment_scripts_only(irobot_create_ignition_sim)
[52.303s] Level 1:colcon.colcon_core.environment:checking '/home/javierac/create3_ws/install/irobot_create_ignition_sim' for CMake module files
[52.303s] DEBUG:colcon.colcon_core.event_handler.log_command:Invoked command in '/home/javierac/create3_ws/build/irobot_create_ignition_sim' returned '0': AMENT_PREFIX_PATH=/home/javierac/create3_ws/install/irobot_create_ignition_bringup:/home/javierac/create3_ws/install/irobot_create_common_bringup:/home/javierac/create3_ws/install/irobot_create_nodes:/home/javierac/create3_ws/install/irobot_create_ignition_toolbox:/home/javierac/create3_ws/install/irobot_create_toolbox:/home/javierac/create3_ws/install/irobot_create_ignition_plugins:/home/javierac/create3_ws/install/irobot_create_description:/home/javierac/create3_ws/install/irobot_create_control:${AMENT_PREFIX_PATH} CMAKE_PREFIX_PATH=/home/javierac/create3_ws/install/irobot_create_ignition_bringup:/home/javierac/create3_ws/install/irobot_create_common_bringup:/home/javierac/create3_ws/install/irobot_create_nodes:/home/javierac/create3_ws/install/irobot_create_ignition_toolbox:/home/javierac/create3_ws/install/irobot_create_toolbox:/home/javierac/create3_ws/install/irobot_create_ignition_plugins:/home/javierac/create3_ws/install/irobot_create_description:/home/javierac/create3_ws/install/irobot_create_control:/opt/ros/humble LD_LIBRARY_PATH=/home/javierac/create3_ws/install/irobot_create_nodes/lib:/home/javierac/create3_ws/install/irobot_create_ignition_toolbox/lib:/home/javierac/create3_ws/install/irobot_create_toolbox/lib:${LD_LIBRARY_PATH} PYTHONPATH=/home/javierac/create3_ws/install/irobot_create_common_bringup/local/lib/python3.10/dist-packages:${PYTHONPATH} /usr/bin/cmake --install /home/javierac/create3_ws/build/irobot_create_ignition_sim
[52.304s] Level 1:colcon.colcon_core.environment:checking '/home/javierac/create3_ws/install/irobot_create_ignition_sim' for CMake config files
[52.304s] Level 1:colcon.colcon_core.shell:create_environment_hook('irobot_create_ignition_sim', 'cmake_prefix_path')
[52.304s] INFO:colcon.colcon_core.shell:Creating environment hook '/home/javierac/create3_ws/install/irobot_create_ignition_sim/share/irobot_create_ignition_sim/hook/cmake_prefix_path.ps1'
[52.305s] INFO:colcon.colcon_core.shell:Creating environment descriptor '/home/javierac/create3_ws/install/irobot_create_ignition_sim/share/irobot_create_ignition_sim/hook/cmake_prefix_path.dsv'
[52.305s] INFO:colcon.colcon_core.shell:Creating environment hook '/home/javierac/create3_ws/install/irobot_create_ignition_sim/share/irobot_create_ignition_sim/hook/cmake_prefix_path.sh'
[52.306s] Level 1:colcon.colcon_core.environment:checking '/home/javierac/create3_ws/install/irobot_create_ignition_sim/bin'
[52.306s] Level 1:colcon.colcon_core.environment:checking '/home/javierac/create3_ws/install/irobot_create_ignition_sim/lib/pkgconfig/irobot_create_ignition_sim.pc'
[52.306s] Level 1:colcon.colcon_core.environment:checking '/home/javierac/create3_ws/install/irobot_create_ignition_sim/lib/python3.10/site-packages'
[52.307s] Level 1:colcon.colcon_core.environment:checking '/home/javierac/create3_ws/install/irobot_create_ignition_sim/bin'
[52.307s] INFO:colcon.colcon_core.shell:Creating package script '/home/javierac/create3_ws/install/irobot_create_ignition_sim/share/irobot_create_ignition_sim/package.ps1'
[52.308s] INFO:colcon.colcon_core.shell:Creating package descriptor '/home/javierac/create3_ws/install/irobot_create_ignition_sim/share/irobot_create_ignition_sim/package.dsv'
[52.308s] INFO:colcon.colcon_core.shell:Creating package script '/home/javierac/create3_ws/install/irobot_create_ignition_sim/share/irobot_create_ignition_sim/package.sh'
[52.308s] INFO:colcon.colcon_core.shell:Creating package script '/home/javierac/create3_ws/install/irobot_create_ignition_sim/share/irobot_create_ignition_sim/package.bash'
[52.309s] INFO:colcon.colcon_core.shell:Creating package script '/home/javierac/create3_ws/install/irobot_create_ignition_sim/share/irobot_create_ignition_sim/package.zsh'
[52.309s] Level 1:colcon.colcon_core.environment:create_file_with_runtime_dependencies(/home/javierac/create3_ws/install/irobot_create_ignition_sim/share/colcon-core/packages/irobot_create_ignition_sim)
[52.310s] Level 1:colcon.colcon_core.environment:create_environment_scripts_only(irobot_create_ignition_sim)
[52.310s] Level 1:colcon.colcon_core.environment:checking '/home/javierac/create3_ws/install/irobot_create_ignition_sim' for CMake module files
[52.310s] Level 1:colcon.colcon_core.environment:checking '/home/javierac/create3_ws/install/irobot_create_ignition_sim' for CMake config files
[52.310s] Level 1:colcon.colcon_core.shell:create_environment_hook('irobot_create_ignition_sim', 'cmake_prefix_path')
[52.310s] INFO:colcon.colcon_core.shell:Creating environment hook '/home/javierac/create3_ws/install/irobot_create_ignition_sim/share/irobot_create_ignition_sim/hook/cmake_prefix_path.ps1'
[52.311s] INFO:colcon.colcon_core.shell:Creating environment descriptor '/home/javierac/create3_ws/install/irobot_create_ignition_sim/share/irobot_create_ignition_sim/hook/cmake_prefix_path.dsv'
[52.311s] INFO:colcon.colcon_core.shell:Creating environment hook '/home/javierac/create3_ws/install/irobot_create_ignition_sim/share/irobot_create_ignition_sim/hook/cmake_prefix_path.sh'
[52.312s] Level 1:colcon.colcon_core.environment:checking '/home/javierac/create3_ws/install/irobot_create_ignition_sim/bin'
[52.312s] Level 1:colcon.colcon_core.environment:checking '/home/javierac/create3_ws/install/irobot_create_ignition_sim/lib/pkgconfig/irobot_create_ignition_sim.pc'
[52.312s] Level 1:colcon.colcon_core.environment:checking '/home/javierac/create3_ws/install/irobot_create_ignition_sim/lib/python3.10/site-packages'
[52.312s] Level 1:colcon.colcon_core.environment:checking '/home/javierac/create3_ws/install/irobot_create_ignition_sim/bin'
[52.313s] INFO:colcon.colcon_core.shell:Creating package script '/home/javierac/create3_ws/install/irobot_create_ignition_sim/share/irobot_create_ignition_sim/package.ps1'
[52.313s] INFO:colcon.colcon_core.shell:Creating package descriptor '/home/javierac/create3_ws/install/irobot_create_ignition_sim/share/irobot_create_ignition_sim/package.dsv'
[52.314s] INFO:colcon.colcon_core.shell:Creating package script '/home/javierac/create3_ws/install/irobot_create_ignition_sim/share/irobot_create_ignition_sim/package.sh'
[52.314s] INFO:colcon.colcon_core.shell:Creating package script '/home/javierac/create3_ws/install/irobot_create_ignition_sim/share/irobot_create_ignition_sim/package.bash'
[52.315s] INFO:colcon.colcon_core.shell:Creating package script '/home/javierac/create3_ws/install/irobot_create_ignition_sim/share/irobot_create_ignition_sim/package.zsh'
[52.315s] Level 1:colcon.colcon_core.environment:create_file_with_runtime_dependencies(/home/javierac/create3_ws/install/irobot_create_ignition_sim/share/colcon-core/packages/irobot_create_ignition_sim)
[52.708s] DEBUG:colcon.colcon_core.event_handler.log_command:Invoked command in '/home/javierac/create3_ws/build/irobot_create_gazebo_bringup' returned '0': AMENT_PREFIX_PATH=/home/javierac/create3_ws/install/irobot_create_common_bringup:/home/javierac/create3_ws/install/irobot_create_nodes:/home/javierac/create3_ws/install/irobot_create_gazebo_plugins:/home/javierac/create3_ws/install/irobot_create_toolbox:/home/javierac/create3_ws/install/irobot_create_description:/home/javierac/create3_ws/install/irobot_create_control:${AMENT_PREFIX_PATH} CMAKE_PREFIX_PATH=/home/javierac/create3_ws/install/irobot_create_common_bringup:/home/javierac/create3_ws/install/irobot_create_nodes:/home/javierac/create3_ws/install/irobot_create_gazebo_plugins:/home/javierac/create3_ws/install/irobot_create_toolbox:/home/javierac/create3_ws/install/irobot_create_description:/home/javierac/create3_ws/install/irobot_create_control:/opt/ros/humble LD_LIBRARY_PATH=/home/javierac/create3_ws/install/irobot_create_nodes/lib:/home/javierac/create3_ws/install/irobot_create_gazebo_plugins/lib:/home/javierac/create3_ws/install/irobot_create_toolbox/lib:${LD_LIBRARY_PATH} PYTHONPATH=/home/javierac/create3_ws/install/irobot_create_common_bringup/local/lib/python3.10/dist-packages:${PYTHONPATH} /usr/bin/cmake /home/javierac/create3_ws/src/irobot_create_gazebo/irobot_create_gazebo_bringup -DAMENT_CMAKE_SYMLINK_INSTALL=1 -DCMAKE_INSTALL_PREFIX=/home/javierac/create3_ws/install/irobot_create_gazebo_bringup
[52.710s] DEBUG:colcon.colcon_core.event_handler.log_command:Invoking command in '/home/javierac/create3_ws/build/irobot_create_gazebo_bringup': AMENT_PREFIX_PATH=/home/javierac/create3_ws/install/irobot_create_common_bringup:/home/javierac/create3_ws/install/irobot_create_nodes:/home/javierac/create3_ws/install/irobot_create_gazebo_plugins:/home/javierac/create3_ws/install/irobot_create_toolbox:/home/javierac/create3_ws/install/irobot_create_description:/home/javierac/create3_ws/install/irobot_create_control:${AMENT_PREFIX_PATH} CMAKE_PREFIX_PATH=/home/javierac/create3_ws/install/irobot_create_common_bringup:/home/javierac/create3_ws/install/irobot_create_nodes:/home/javierac/create3_ws/install/irobot_create_gazebo_plugins:/home/javierac/create3_ws/install/irobot_create_toolbox:/home/javierac/create3_ws/install/irobot_create_description:/home/javierac/create3_ws/install/irobot_create_control:/opt/ros/humble LD_LIBRARY_PATH=/home/javierac/create3_ws/install/irobot_create_nodes/lib:/home/javierac/create3_ws/install/irobot_create_gazebo_plugins/lib:/home/javierac/create3_ws/install/irobot_create_toolbox/lib:${LD_LIBRARY_PATH} PYTHONPATH=/home/javierac/create3_ws/install/irobot_create_common_bringup/local/lib/python3.10/dist-packages:${PYTHONPATH} /usr/bin/cmake --build /home/javierac/create3_ws/build/irobot_create_gazebo_bringup -- -j20 -l20
[52.765s] DEBUG:colcon.colcon_core.event_handler.log_command:Invoked command in '/home/javierac/create3_ws/build/irobot_create_gazebo_bringup' returned '0': AMENT_PREFIX_PATH=/home/javierac/create3_ws/install/irobot_create_common_bringup:/home/javierac/create3_ws/install/irobot_create_nodes:/home/javierac/create3_ws/install/irobot_create_gazebo_plugins:/home/javierac/create3_ws/install/irobot_create_toolbox:/home/javierac/create3_ws/install/irobot_create_description:/home/javierac/create3_ws/install/irobot_create_control:${AMENT_PREFIX_PATH} CMAKE_PREFIX_PATH=/home/javierac/create3_ws/install/irobot_create_common_bringup:/home/javierac/create3_ws/install/irobot_create_nodes:/home/javierac/create3_ws/install/irobot_create_gazebo_plugins:/home/javierac/create3_ws/install/irobot_create_toolbox:/home/javierac/create3_ws/install/irobot_create_description:/home/javierac/create3_ws/install/irobot_create_control:/opt/ros/humble LD_LIBRARY_PATH=/home/javierac/create3_ws/install/irobot_create_nodes/lib:/home/javierac/create3_ws/install/irobot_create_gazebo_plugins/lib:/home/javierac/create3_ws/install/irobot_create_toolbox/lib:${LD_LIBRARY_PATH} PYTHONPATH=/home/javierac/create3_ws/install/irobot_create_common_bringup/local/lib/python3.10/dist-packages:${PYTHONPATH} /usr/bin/cmake --build /home/javierac/create3_ws/build/irobot_create_gazebo_bringup -- -j20 -l20
[52.767s] DEBUG:colcon.colcon_core.event_handler.log_command:Invoking command in '/home/javierac/create3_ws/build/irobot_create_gazebo_bringup': AMENT_PREFIX_PATH=/home/javierac/create3_ws/install/irobot_create_common_bringup:/home/javierac/create3_ws/install/irobot_create_nodes:/home/javierac/create3_ws/install/irobot_create_gazebo_plugins:/home/javierac/create3_ws/install/irobot_create_toolbox:/home/javierac/create3_ws/install/irobot_create_description:/home/javierac/create3_ws/install/irobot_create_control:${AMENT_PREFIX_PATH} CMAKE_PREFIX_PATH=/home/javierac/create3_ws/install/irobot_create_common_bringup:/home/javierac/create3_ws/install/irobot_create_nodes:/home/javierac/create3_ws/install/irobot_create_gazebo_plugins:/home/javierac/create3_ws/install/irobot_create_toolbox:/home/javierac/create3_ws/install/irobot_create_description:/home/javierac/create3_ws/install/irobot_create_control:/opt/ros/humble LD_LIBRARY_PATH=/home/javierac/create3_ws/install/irobot_create_nodes/lib:/home/javierac/create3_ws/install/irobot_create_gazebo_plugins/lib:/home/javierac/create3_ws/install/irobot_create_toolbox/lib:${LD_LIBRARY_PATH} PYTHONPATH=/home/javierac/create3_ws/install/irobot_create_common_bringup/local/lib/python3.10/dist-packages:${PYTHONPATH} /usr/bin/cmake --install /home/javierac/create3_ws/build/irobot_create_gazebo_bringup
[53.016s] Level 1:colcon.colcon_core.environment:create_environment_scripts_only(irobot_create_gazebo_bringup)
[53.016s] Level 1:colcon.colcon_core.environment:checking '/home/javierac/create3_ws/install/irobot_create_gazebo_bringup' for CMake module files
[53.017s] DEBUG:colcon.colcon_core.event_handler.log_command:Invoked command in '/home/javierac/create3_ws/build/irobot_create_gazebo_bringup' returned '0': AMENT_PREFIX_PATH=/home/javierac/create3_ws/install/irobot_create_common_bringup:/home/javierac/create3_ws/install/irobot_create_nodes:/home/javierac/create3_ws/install/irobot_create_gazebo_plugins:/home/javierac/create3_ws/install/irobot_create_toolbox:/home/javierac/create3_ws/install/irobot_create_description:/home/javierac/create3_ws/install/irobot_create_control:${AMENT_PREFIX_PATH} CMAKE_PREFIX_PATH=/home/javierac/create3_ws/install/irobot_create_common_bringup:/home/javierac/create3_ws/install/irobot_create_nodes:/home/javierac/create3_ws/install/irobot_create_gazebo_plugins:/home/javierac/create3_ws/install/irobot_create_toolbox:/home/javierac/create3_ws/install/irobot_create_description:/home/javierac/create3_ws/install/irobot_create_control:/opt/ros/humble LD_LIBRARY_PATH=/home/javierac/create3_ws/install/irobot_create_nodes/lib:/home/javierac/create3_ws/install/irobot_create_gazebo_plugins/lib:/home/javierac/create3_ws/install/irobot_create_toolbox/lib:${LD_LIBRARY_PATH} PYTHONPATH=/home/javierac/create3_ws/install/irobot_create_common_bringup/local/lib/python3.10/dist-packages:${PYTHONPATH} /usr/bin/cmake --install /home/javierac/create3_ws/build/irobot_create_gazebo_bringup
[53.018s] Level 1:colcon.colcon_core.environment:checking '/home/javierac/create3_ws/install/irobot_create_gazebo_bringup' for CMake config files
[53.018s] Level 1:colcon.colcon_core.shell:create_environment_hook('irobot_create_gazebo_bringup', 'cmake_prefix_path')
[53.018s] INFO:colcon.colcon_core.shell:Creating environment hook '/home/javierac/create3_ws/install/irobot_create_gazebo_bringup/share/irobot_create_gazebo_bringup/hook/cmake_prefix_path.ps1'
[53.019s] INFO:colcon.colcon_core.shell:Creating environment descriptor '/home/javierac/create3_ws/install/irobot_create_gazebo_bringup/share/irobot_create_gazebo_bringup/hook/cmake_prefix_path.dsv'
[53.019s] INFO:colcon.colcon_core.shell:Creating environment hook '/home/javierac/create3_ws/install/irobot_create_gazebo_bringup/share/irobot_create_gazebo_bringup/hook/cmake_prefix_path.sh'
[53.020s] Level 1:colcon.colcon_core.environment:checking '/home/javierac/create3_ws/install/irobot_create_gazebo_bringup/bin'
[53.020s] Level 1:colcon.colcon_core.environment:checking '/home/javierac/create3_ws/install/irobot_create_gazebo_bringup/lib/pkgconfig/irobot_create_gazebo_bringup.pc'
[53.020s] Level 1:colcon.colcon_core.environment:checking '/home/javierac/create3_ws/install/irobot_create_gazebo_bringup/lib/python3.10/site-packages'
[53.021s] Level 1:colcon.colcon_core.environment:checking '/home/javierac/create3_ws/install/irobot_create_gazebo_bringup/bin'
[53.021s] INFO:colcon.colcon_core.shell:Creating package script '/home/javierac/create3_ws/install/irobot_create_gazebo_bringup/share/irobot_create_gazebo_bringup/package.ps1'
[53.021s] INFO:colcon.colcon_core.shell:Creating package descriptor '/home/javierac/create3_ws/install/irobot_create_gazebo_bringup/share/irobot_create_gazebo_bringup/package.dsv'
[53.022s] INFO:colcon.colcon_core.shell:Creating package script '/home/javierac/create3_ws/install/irobot_create_gazebo_bringup/share/irobot_create_gazebo_bringup/package.sh'
[53.022s] INFO:colcon.colcon_core.shell:Creating package script '/home/javierac/create3_ws/install/irobot_create_gazebo_bringup/share/irobot_create_gazebo_bringup/package.bash'
[53.023s] INFO:colcon.colcon_core.shell:Creating package script '/home/javierac/create3_ws/install/irobot_create_gazebo_bringup/share/irobot_create_gazebo_bringup/package.zsh'
[53.023s] Level 1:colcon.colcon_core.environment:create_file_with_runtime_dependencies(/home/javierac/create3_ws/install/irobot_create_gazebo_bringup/share/colcon-core/packages/irobot_create_gazebo_bringup)
[53.024s] Level 1:colcon.colcon_core.environment:create_environment_scripts_only(irobot_create_gazebo_bringup)
[53.024s] Level 1:colcon.colcon_core.environment:checking '/home/javierac/create3_ws/install/irobot_create_gazebo_bringup' for CMake module files
[53.025s] Level 1:colcon.colcon_core.environment:checking '/home/javierac/create3_ws/install/irobot_create_gazebo_bringup' for CMake config files
[53.025s] Level 1:colcon.colcon_core.shell:create_environment_hook('irobot_create_gazebo_bringup', 'cmake_prefix_path')
[53.025s] INFO:colcon.colcon_core.shell:Creating environment hook '/home/javierac/create3_ws/install/irobot_create_gazebo_bringup/share/irobot_create_gazebo_bringup/hook/cmake_prefix_path.ps1'
[53.026s] INFO:colcon.colcon_core.shell:Creating environment descriptor '/home/javierac/create3_ws/install/irobot_create_gazebo_bringup/share/irobot_create_gazebo_bringup/hook/cmake_prefix_path.dsv'
[53.026s] INFO:colcon.colcon_core.shell:Creating environment hook '/home/javierac/create3_ws/install/irobot_create_gazebo_bringup/share/irobot_create_gazebo_bringup/hook/cmake_prefix_path.sh'
[53.027s] Level 1:colcon.colcon_core.environment:checking '/home/javierac/create3_ws/install/irobot_create_gazebo_bringup/bin'
[53.027s] Level 1:colcon.colcon_core.environment:checking '/home/javierac/create3_ws/install/irobot_create_gazebo_bringup/lib/pkgconfig/irobot_create_gazebo_bringup.pc'
[53.027s] Level 1:colcon.colcon_core.environment:checking '/home/javierac/create3_ws/install/irobot_create_gazebo_bringup/lib/python3.10/site-packages'
[53.027s] Level 1:colcon.colcon_core.environment:checking '/home/javierac/create3_ws/install/irobot_create_gazebo_bringup/bin'
[53.028s] INFO:colcon.colcon_core.shell:Creating package script '/home/javierac/create3_ws/install/irobot_create_gazebo_bringup/share/irobot_create_gazebo_bringup/package.ps1'
[53.028s] INFO:colcon.colcon_core.shell:Creating package descriptor '/home/javierac/create3_ws/install/irobot_create_gazebo_bringup/share/irobot_create_gazebo_bringup/package.dsv'
[53.029s] INFO:colcon.colcon_core.shell:Creating package script '/home/javierac/create3_ws/install/irobot_create_gazebo_bringup/share/irobot_create_gazebo_bringup/package.sh'
[53.029s] INFO:colcon.colcon_core.shell:Creating package script '/home/javierac/create3_ws/install/irobot_create_gazebo_bringup/share/irobot_create_gazebo_bringup/package.bash'
[53.030s] INFO:colcon.colcon_core.shell:Creating package script '/home/javierac/create3_ws/install/irobot_create_gazebo_bringup/share/irobot_create_gazebo_bringup/package.zsh'
[53.030s] Level 1:colcon.colcon_core.environment:create_file_with_runtime_dependencies(/home/javierac/create3_ws/install/irobot_create_gazebo_bringup/share/colcon-core/packages/irobot_create_gazebo_bringup)
[53.030s] INFO:colcon.colcon_ros.task.ament_cmake.build:Building ROS package in '/home/javierac/create3_ws/src/irobot_create_gazebo/irobot_create_gazebo_sim' with build type 'ament_cmake'
[53.031s] INFO:colcon.colcon_cmake.task.cmake.build:Building CMake package in '/home/javierac/create3_ws/src/irobot_create_gazebo/irobot_create_gazebo_sim'
[53.031s] INFO:colcon.colcon_core.shell:Skip shell extension 'powershell' for command environment: Not usable outside of PowerShell
[53.031s] DEBUG:colcon.colcon_core.shell:Skip shell extension 'dsv' for command environment
[53.059s] DEBUG:colcon.colcon_core.event_handler.log_command:Invoking command in '/home/javierac/create3_ws/build/irobot_create_gazebo_sim': AMENT_PREFIX_PATH=/home/javierac/create3_ws/install/irobot_create_gazebo_bringup:/home/javierac/create3_ws/install/irobot_create_common_bringup:/home/javierac/create3_ws/install/irobot_create_nodes:/home/javierac/create3_ws/install/irobot_create_gazebo_plugins:/home/javierac/create3_ws/install/irobot_create_toolbox:/home/javierac/create3_ws/install/irobot_create_description:/home/javierac/create3_ws/install/irobot_create_control:${AMENT_PREFIX_PATH} CMAKE_PREFIX_PATH=/home/javierac/create3_ws/install/irobot_create_gazebo_bringup:/home/javierac/create3_ws/install/irobot_create_common_bringup:/home/javierac/create3_ws/install/irobot_create_nodes:/home/javierac/create3_ws/install/irobot_create_gazebo_plugins:/home/javierac/create3_ws/install/irobot_create_toolbox:/home/javierac/create3_ws/install/irobot_create_description:/home/javierac/create3_ws/install/irobot_create_control:/opt/ros/humble LD_LIBRARY_PATH=/home/javierac/create3_ws/install/irobot_create_nodes/lib:/home/javierac/create3_ws/install/irobot_create_gazebo_plugins/lib:/home/javierac/create3_ws/install/irobot_create_toolbox/lib:${LD_LIBRARY_PATH} PYTHONPATH=/home/javierac/create3_ws/install/irobot_create_common_bringup/local/lib/python3.10/dist-packages:${PYTHONPATH} /usr/bin/cmake /home/javierac/create3_ws/src/irobot_create_gazebo/irobot_create_gazebo_sim -DAMENT_CMAKE_SYMLINK_INSTALL=1 -DCMAKE_INSTALL_PREFIX=/home/javierac/create3_ws/install/irobot_create_gazebo_sim
[53.765s] DEBUG:colcon.colcon_core.event_handler.log_command:Invoked command in '/home/javierac/create3_ws/build/irobot_create_gazebo_sim' returned '0': AMENT_PREFIX_PATH=/home/javierac/create3_ws/install/irobot_create_gazebo_bringup:/home/javierac/create3_ws/install/irobot_create_common_bringup:/home/javierac/create3_ws/install/irobot_create_nodes:/home/javierac/create3_ws/install/irobot_create_gazebo_plugins:/home/javierac/create3_ws/install/irobot_create_toolbox:/home/javierac/create3_ws/install/irobot_create_description:/home/javierac/create3_ws/install/irobot_create_control:${AMENT_PREFIX_PATH} CMAKE_PREFIX_PATH=/home/javierac/create3_ws/install/irobot_create_gazebo_bringup:/home/javierac/create3_ws/install/irobot_create_common_bringup:/home/javierac/create3_ws/install/irobot_create_nodes:/home/javierac/create3_ws/install/irobot_create_gazebo_plugins:/home/javierac/create3_ws/install/irobot_create_toolbox:/home/javierac/create3_ws/install/irobot_create_description:/home/javierac/create3_ws/install/irobot_create_control:/opt/ros/humble LD_LIBRARY_PATH=/home/javierac/create3_ws/install/irobot_create_nodes/lib:/home/javierac/create3_ws/install/irobot_create_gazebo_plugins/lib:/home/javierac/create3_ws/install/irobot_create_toolbox/lib:${LD_LIBRARY_PATH} PYTHONPATH=/home/javierac/create3_ws/install/irobot_create_common_bringup/local/lib/python3.10/dist-packages:${PYTHONPATH} /usr/bin/cmake /home/javierac/create3_ws/src/irobot_create_gazebo/irobot_create_gazebo_sim -DAMENT_CMAKE_SYMLINK_INSTALL=1 -DCMAKE_INSTALL_PREFIX=/home/javierac/create3_ws/install/irobot_create_gazebo_sim
[53.767s] DEBUG:colcon.colcon_core.event_handler.log_command:Invoking command in '/home/javierac/create3_ws/build/irobot_create_gazebo_sim': AMENT_PREFIX_PATH=/home/javierac/create3_ws/install/irobot_create_gazebo_bringup:/home/javierac/create3_ws/install/irobot_create_common_bringup:/home/javierac/create3_ws/install/irobot_create_nodes:/home/javierac/create3_ws/install/irobot_create_gazebo_plugins:/home/javierac/create3_ws/install/irobot_create_toolbox:/home/javierac/create3_ws/install/irobot_create_description:/home/javierac/create3_ws/install/irobot_create_control:${AMENT_PREFIX_PATH} CMAKE_PREFIX_PATH=/home/javierac/create3_ws/install/irobot_create_gazebo_bringup:/home/javierac/create3_ws/install/irobot_create_common_bringup:/home/javierac/create3_ws/install/irobot_create_nodes:/home/javierac/create3_ws/install/irobot_create_gazebo_plugins:/home/javierac/create3_ws/install/irobot_create_toolbox:/home/javierac/create3_ws/install/irobot_create_description:/home/javierac/create3_ws/install/irobot_create_control:/opt/ros/humble LD_LIBRARY_PATH=/home/javierac/create3_ws/install/irobot_create_nodes/lib:/home/javierac/create3_ws/install/irobot_create_gazebo_plugins/lib:/home/javierac/create3_ws/install/irobot_create_toolbox/lib:${LD_LIBRARY_PATH} PYTHONPATH=/home/javierac/create3_ws/install/irobot_create_common_bringup/local/lib/python3.10/dist-packages:${PYTHONPATH} /usr/bin/cmake --build /home/javierac/create3_ws/build/irobot_create_gazebo_sim -- -j20 -l20
[53.819s] DEBUG:colcon.colcon_core.event_handler.log_command:Invoked command in '/home/javierac/create3_ws/build/irobot_create_gazebo_sim' returned '0': AMENT_PREFIX_PATH=/home/javierac/create3_ws/install/irobot_create_gazebo_bringup:/home/javierac/create3_ws/install/irobot_create_common_bringup:/home/javierac/create3_ws/install/irobot_create_nodes:/home/javierac/create3_ws/install/irobot_create_gazebo_plugins:/home/javierac/create3_ws/install/irobot_create_toolbox:/home/javierac/create3_ws/install/irobot_create_description:/home/javierac/create3_ws/install/irobot_create_control:${AMENT_PREFIX_PATH} CMAKE_PREFIX_PATH=/home/javierac/create3_ws/install/irobot_create_gazebo_bringup:/home/javierac/create3_ws/install/irobot_create_common_bringup:/home/javierac/create3_ws/install/irobot_create_nodes:/home/javierac/create3_ws/install/irobot_create_gazebo_plugins:/home/javierac/create3_ws/install/irobot_create_toolbox:/home/javierac/create3_ws/install/irobot_create_description:/home/javierac/create3_ws/install/irobot_create_control:/opt/ros/humble LD_LIBRARY_PATH=/home/javierac/create3_ws/install/irobot_create_nodes/lib:/home/javierac/create3_ws/install/irobot_create_gazebo_plugins/lib:/home/javierac/create3_ws/install/irobot_create_toolbox/lib:${LD_LIBRARY_PATH} PYTHONPATH=/home/javierac/create3_ws/install/irobot_create_common_bringup/local/lib/python3.10/dist-packages:${PYTHONPATH} /usr/bin/cmake --build /home/javierac/create3_ws/build/irobot_create_gazebo_sim -- -j20 -l20
[53.821s] DEBUG:colcon.colcon_core.event_handler.log_command:Invoking command in '/home/javierac/create3_ws/build/irobot_create_gazebo_sim': AMENT_PREFIX_PATH=/home/javierac/create3_ws/install/irobot_create_gazebo_bringup:/home/javierac/create3_ws/install/irobot_create_common_bringup:/home/javierac/create3_ws/install/irobot_create_nodes:/home/javierac/create3_ws/install/irobot_create_gazebo_plugins:/home/javierac/create3_ws/install/irobot_create_toolbox:/home/javierac/create3_ws/install/irobot_create_description:/home/javierac/create3_ws/install/irobot_create_control:${AMENT_PREFIX_PATH} CMAKE_PREFIX_PATH=/home/javierac/create3_ws/install/irobot_create_gazebo_bringup:/home/javierac/create3_ws/install/irobot_create_common_bringup:/home/javierac/create3_ws/install/irobot_create_nodes:/home/javierac/create3_ws/install/irobot_create_gazebo_plugins:/home/javierac/create3_ws/install/irobot_create_toolbox:/home/javierac/create3_ws/install/irobot_create_description:/home/javierac/create3_ws/install/irobot_create_control:/opt/ros/humble LD_LIBRARY_PATH=/home/javierac/create3_ws/install/irobot_create_nodes/lib:/home/javierac/create3_ws/install/irobot_create_gazebo_plugins/lib:/home/javierac/create3_ws/install/irobot_create_toolbox/lib:${LD_LIBRARY_PATH} PYTHONPATH=/home/javierac/create3_ws/install/irobot_create_common_bringup/local/lib/python3.10/dist-packages:${PYTHONPATH} /usr/bin/cmake --install /home/javierac/create3_ws/build/irobot_create_gazebo_sim
[53.979s] Level 1:colcon.colcon_core.environment:create_environment_scripts_only(irobot_create_gazebo_sim)
[53.980s] Level 1:colcon.colcon_core.environment:checking '/home/javierac/create3_ws/install/irobot_create_gazebo_sim' for CMake module files
[53.981s] DEBUG:colcon.colcon_core.event_handler.log_command:Invoked command in '/home/javierac/create3_ws/build/irobot_create_gazebo_sim' returned '0': AMENT_PREFIX_PATH=/home/javierac/create3_ws/install/irobot_create_gazebo_bringup:/home/javierac/create3_ws/install/irobot_create_common_bringup:/home/javierac/create3_ws/install/irobot_create_nodes:/home/javierac/create3_ws/install/irobot_create_gazebo_plugins:/home/javierac/create3_ws/install/irobot_create_toolbox:/home/javierac/create3_ws/install/irobot_create_description:/home/javierac/create3_ws/install/irobot_create_control:${AMENT_PREFIX_PATH} CMAKE_PREFIX_PATH=/home/javierac/create3_ws/install/irobot_create_gazebo_bringup:/home/javierac/create3_ws/install/irobot_create_common_bringup:/home/javierac/create3_ws/install/irobot_create_nodes:/home/javierac/create3_ws/install/irobot_create_gazebo_plugins:/home/javierac/create3_ws/install/irobot_create_toolbox:/home/javierac/create3_ws/install/irobot_create_description:/home/javierac/create3_ws/install/irobot_create_control:/opt/ros/humble LD_LIBRARY_PATH=/home/javierac/create3_ws/install/irobot_create_nodes/lib:/home/javierac/create3_ws/install/irobot_create_gazebo_plugins/lib:/home/javierac/create3_ws/install/irobot_create_toolbox/lib:${LD_LIBRARY_PATH} PYTHONPATH=/home/javierac/create3_ws/install/irobot_create_common_bringup/local/lib/python3.10/dist-packages:${PYTHONPATH} /usr/bin/cmake --install /home/javierac/create3_ws/build/irobot_create_gazebo_sim
[53.982s] Level 1:colcon.colcon_core.environment:checking '/home/javierac/create3_ws/install/irobot_create_gazebo_sim' for CMake config files
[53.982s] Level 1:colcon.colcon_core.shell:create_environment_hook('irobot_create_gazebo_sim', 'cmake_prefix_path')
[53.982s] INFO:colcon.colcon_core.shell:Creating environment hook '/home/javierac/create3_ws/install/irobot_create_gazebo_sim/share/irobot_create_gazebo_sim/hook/cmake_prefix_path.ps1'
[53.983s] INFO:colcon.colcon_core.shell:Creating environment descriptor '/home/javierac/create3_ws/install/irobot_create_gazebo_sim/share/irobot_create_gazebo_sim/hook/cmake_prefix_path.dsv'
[53.984s] INFO:colcon.colcon_core.shell:Creating environment hook '/home/javierac/create3_ws/install/irobot_create_gazebo_sim/share/irobot_create_gazebo_sim/hook/cmake_prefix_path.sh'
[53.985s] Level 1:colcon.colcon_core.environment:checking '/home/javierac/create3_ws/install/irobot_create_gazebo_sim/bin'
[53.985s] Level 1:colcon.colcon_core.environment:checking '/home/javierac/create3_ws/install/irobot_create_gazebo_sim/lib/pkgconfig/irobot_create_gazebo_sim.pc'
[53.985s] Level 1:colcon.colcon_core.environment:checking '/home/javierac/create3_ws/install/irobot_create_gazebo_sim/lib/python3.10/site-packages'
[53.986s] Level 1:colcon.colcon_core.environment:checking '/home/javierac/create3_ws/install/irobot_create_gazebo_sim/bin'
[53.986s] INFO:colcon.colcon_core.shell:Creating package script '/home/javierac/create3_ws/install/irobot_create_gazebo_sim/share/irobot_create_gazebo_sim/package.ps1'
[53.987s] INFO:colcon.colcon_core.shell:Creating package descriptor '/home/javierac/create3_ws/install/irobot_create_gazebo_sim/share/irobot_create_gazebo_sim/package.dsv'
[53.988s] INFO:colcon.colcon_core.shell:Creating package script '/home/javierac/create3_ws/install/irobot_create_gazebo_sim/share/irobot_create_gazebo_sim/package.sh'
[53.988s] INFO:colcon.colcon_core.shell:Creating package script '/home/javierac/create3_ws/install/irobot_create_gazebo_sim/share/irobot_create_gazebo_sim/package.bash'
[53.989s] INFO:colcon.colcon_core.shell:Creating package script '/home/javierac/create3_ws/install/irobot_create_gazebo_sim/share/irobot_create_gazebo_sim/package.zsh'
[53.990s] Level 1:colcon.colcon_core.environment:create_file_with_runtime_dependencies(/home/javierac/create3_ws/install/irobot_create_gazebo_sim/share/colcon-core/packages/irobot_create_gazebo_sim)
[53.991s] Level 1:colcon.colcon_core.environment:create_environment_scripts_only(irobot_create_gazebo_sim)
[53.991s] Level 1:colcon.colcon_core.environment:checking '/home/javierac/create3_ws/install/irobot_create_gazebo_sim' for CMake module files
[53.991s] Level 1:colcon.colcon_core.environment:checking '/home/javierac/create3_ws/install/irobot_create_gazebo_sim' for CMake config files
[53.992s] Level 1:colcon.colcon_core.shell:create_environment_hook('irobot_create_gazebo_sim', 'cmake_prefix_path')
[53.992s] INFO:colcon.colcon_core.shell:Creating environment hook '/home/javierac/create3_ws/install/irobot_create_gazebo_sim/share/irobot_create_gazebo_sim/hook/cmake_prefix_path.ps1'
[53.992s] INFO:colcon.colcon_core.shell:Creating environment descriptor '/home/javierac/create3_ws/install/irobot_create_gazebo_sim/share/irobot_create_gazebo_sim/hook/cmake_prefix_path.dsv'
[53.992s] INFO:colcon.colcon_core.shell:Creating environment hook '/home/javierac/create3_ws/install/irobot_create_gazebo_sim/share/irobot_create_gazebo_sim/hook/cmake_prefix_path.sh'
[53.993s] Level 1:colcon.colcon_core.environment:checking '/home/javierac/create3_ws/install/irobot_create_gazebo_sim/bin'
[53.993s] Level 1:colcon.colcon_core.environment:checking '/home/javierac/create3_ws/install/irobot_create_gazebo_sim/lib/pkgconfig/irobot_create_gazebo_sim.pc'
[53.993s] Level 1:colcon.colcon_core.environment:checking '/home/javierac/create3_ws/install/irobot_create_gazebo_sim/lib/python3.10/site-packages'
[53.993s] Level 1:colcon.colcon_core.environment:checking '/home/javierac/create3_ws/install/irobot_create_gazebo_sim/bin'
[53.994s] INFO:colcon.colcon_core.shell:Creating package script '/home/javierac/create3_ws/install/irobot_create_gazebo_sim/share/irobot_create_gazebo_sim/package.ps1'
[53.994s] INFO:colcon.colcon_core.shell:Creating package descriptor '/home/javierac/create3_ws/install/irobot_create_gazebo_sim/share/irobot_create_gazebo_sim/package.dsv'
[53.995s] INFO:colcon.colcon_core.shell:Creating package script '/home/javierac/create3_ws/install/irobot_create_gazebo_sim/share/irobot_create_gazebo_sim/package.sh'
[53.995s] INFO:colcon.colcon_core.shell:Creating package script '/home/javierac/create3_ws/install/irobot_create_gazebo_sim/share/irobot_create_gazebo_sim/package.bash'
[53.995s] INFO:colcon.colcon_core.shell:Creating package script '/home/javierac/create3_ws/install/irobot_create_gazebo_sim/share/irobot_create_gazebo_sim/package.zsh'
[53.995s] Level 1:colcon.colcon_core.environment:create_file_with_runtime_dependencies(/home/javierac/create3_ws/install/irobot_create_gazebo_sim/share/colcon-core/packages/irobot_create_gazebo_sim)
[53.996s] DEBUG:colcon.colcon_parallel_executor.executor.parallel:closing loop
[53.996s] DEBUG:colcon.colcon_parallel_executor.executor.parallel:loop closed
[53.996s] DEBUG:colcon.colcon_parallel_executor.executor.parallel:run_until_complete finished with '0'
[53.996s] DEBUG:colcon.colcon_core.event_reactor:joining thread
[54.003s] INFO:colcon.colcon_core.plugin_system:Skipping extension 'colcon_notification.desktop_notification.notify_send': Could not find 'notify-send'
[54.003s] INFO:colcon.colcon_core.plugin_system:Skipping extension 'colcon_notification.desktop_notification.terminal_notifier': Not used on non-Darwin systems
[54.003s] INFO:colcon.colcon_core.plugin_system:Skipping extension 'colcon_notification.desktop_notification.win32': Not used on non-Windows systems
[54.003s] INFO:colcon.colcon_notification.desktop_notification:Sending desktop notification using 'notify2'
[54.006s] DEBUG:colcon.colcon_notification.desktop_notification.notify2:Failed to initialize notify2: org.freedesktop.DBus.Error.Spawn.ExecFailed: /usr/bin/dbus-launch terminated abnormally without any error message
[54.007s] DEBUG:colcon.colcon_core.event_reactor:joined thread
[54.007s] INFO:colcon.colcon_core.shell:Creating prefix script '/home/javierac/create3_ws/install/local_setup.ps1'
[54.008s] INFO:colcon.colcon_core.shell:Creating prefix util module '/home/javierac/create3_ws/install/_local_setup_util_ps1.py'
[54.009s] INFO:colcon.colcon_core.shell:Creating prefix chain script '/home/javierac/create3_ws/install/setup.ps1'
[54.010s] INFO:colcon.colcon_core.shell:Creating prefix script '/home/javierac/create3_ws/install/local_setup.sh'
[54.011s] INFO:colcon.colcon_core.shell:Creating prefix util module '/home/javierac/create3_ws/install/_local_setup_util_sh.py'
[54.011s] INFO:colcon.colcon_core.shell:Creating prefix chain script '/home/javierac/create3_ws/install/setup.sh'
[54.012s] INFO:colcon.colcon_core.shell:Creating prefix script '/home/javierac/create3_ws/install/local_setup.bash'
[54.012s] INFO:colcon.colcon_core.shell:Creating prefix chain script '/home/javierac/create3_ws/install/setup.bash'
[54.013s] INFO:colcon.colcon_core.shell:Creating prefix script '/home/javierac/create3_ws/install/local_setup.zsh'
[54.014s] INFO:colcon.colcon_core.shell:Creating prefix chain script '/home/javierac/create3_ws/install/setup.zsh'
