[0.131s] DEBUG:colcon:Command line arguments: ['/usr/bin/colcon', 'build', '--symlink-install']
[0.131s] DEBUG:colcon:Parsed command line arguments: Namespace(log_base=None, log_level=None, verb_name='build', build_base='build', install_base='install', merge_install=False, symlink_install=True, test_result_base=None, continue_on_error=False, executor='parallel', parallel_workers=20, event_handlers=None, ignore_user_meta=False, metas=['./colcon.meta'], base_paths=['.'], packages_ignore=None, packages_ignore_regex=None, paths=None, packages_up_to=None, packages_up_to_regex=None, packages_above=None, packages_above_and_dependencies=None, packages_above_depth=None, packages_select_by_dep=None, packages_skip_by_dep=None, packages_skip_up_to=None, packages_select_build_failed=False, packages_skip_build_finished=False, packages_select_test_failures=False, packages_skip_test_passed=False, packages_select=None, packages_skip=None, packages_select_regex=None, packages_skip_regex=None, packages_start=None, packages_end=None, cmake_args=None, cmake_target=None, cmake_target_skip_unavailable=False, cmake_clean_cache=False, cmake_clean_first=False, cmake_force_configure=False, ament_cmake_args=None, catkin_cmake_args=None, catkin_skip_building_tests=False, mixin_files=None, mixin=None, verb_parser=<colcon_mixin.mixin.mixin_argument.MixinArgumentDecorator object at 0x7798c49cd550>, verb_extension=<colcon_core.verb.build.BuildVerb object at 0x7798c49cd4c0>, main=<bound method BuildVerb.main of <colcon_core.verb.build.BuildVerb object at 0x7798c49cd4c0>>, mixin_verb=('build',))
[0.178s] Level 1:colcon.colcon_core.package_discovery:discover_packages(colcon_meta) check parameters
[0.178s] INFO:colcon.colcon_metadata.package_discovery.colcon_meta:Using configuration from '/root/.colcon/metadata/default/Gazebo.meta'
[0.179s] INFO:colcon.colcon_metadata.package_discovery.colcon_meta:Using configuration from '/root/.colcon/metadata/default/fastdds.meta'
[0.179s] INFO:colcon.colcon_metadata.package_discovery.colcon_meta:Using configuration from '/root/.colcon/metadata/default/fastrtps.meta'
[0.179s] Level 1:colcon.colcon_core.package_discovery:discover_packages(recursive) check parameters
[0.179s] Level 1:colcon.colcon_core.package_discovery:discover_packages(ignore) check parameters
[0.179s] Level 1:colcon.colcon_core.package_discovery:discover_packages(path) check parameters
[0.179s] Level 1:colcon.colcon_core.package_discovery:discover_packages(colcon_meta) discover
[0.180s] Level 1:colcon.colcon_core.package_discovery:discover_packages(recursive) discover
[0.180s] INFO:colcon.colcon_core.package_discovery:Crawling recursively for packages in '/home/javierac/create3_ws'
[0.180s] Level 1:colcon.colcon_core.package_identification:_identify(.) by extensions ['ignore', 'ignore_ament_install']
[0.180s] Level 1:colcon.colcon_core.package_identification:_identify(.) by extension 'ignore'
[0.180s] Level 1:colcon.colcon_core.package_identification:_identify(.) by extension 'ignore_ament_install'
[0.180s] Level 1:colcon.colcon_core.package_identification:_identify(.) by extensions ['colcon_pkg']
[0.180s] Level 1:colcon.colcon_core.package_identification:_identify(.) by extension 'colcon_pkg'
[0.180s] Level 1:colcon.colcon_core.package_identification:_identify(.) by extensions ['colcon_meta']
[0.180s] Level 1:colcon.colcon_core.package_identification:_identify(.) by extension 'colcon_meta'
[0.180s] Level 1:colcon.colcon_core.package_identification:_identify(.) by extensions ['ros']
[0.180s] Level 1:colcon.colcon_core.package_identification:_identify(.) by extension 'ros'
[0.213s] Level 1:colcon.colcon_core.package_identification:_identify(.) by extensions ['cmake', 'python']
[0.213s] Level 1:colcon.colcon_core.package_identification:_identify(.) by extension 'cmake'
[0.213s] Level 1:colcon.colcon_core.package_identification:_identify(.) by extension 'python'
[0.213s] Level 1:colcon.colcon_core.package_identification:_identify(.) by extensions ['python_setup_py']
[0.213s] Level 1:colcon.colcon_core.package_identification:_identify(.) by extension 'python_setup_py'
[0.213s] Level 1:colcon.colcon_core.package_identification:_identify(build) by extensions ['ignore', 'ignore_ament_install']
[0.213s] Level 1:colcon.colcon_core.package_identification:_identify(build) by extension 'ignore'
[0.213s] Level 1:colcon.colcon_core.package_identification:_identify(build) ignored
[0.213s] Level 1:colcon.colcon_core.package_identification:_identify(install) by extensions ['ignore', 'ignore_ament_install']
[0.213s] Level 1:colcon.colcon_core.package_identification:_identify(install) by extension 'ignore'
[0.213s] Level 1:colcon.colcon_core.package_identification:_identify(install) ignored
[0.214s] Level 1:colcon.colcon_core.package_identification:_identify(log) by extensions ['ignore', 'ignore_ament_install']
[0.214s] Level 1:colcon.colcon_core.package_identification:_identify(log) by extension 'ignore'
[0.214s] Level 1:colcon.colcon_core.package_identification:_identify(log) ignored
[0.214s] Level 1:colcon.colcon_core.package_identification:_identify(src) by extensions ['ignore', 'ignore_ament_install']
[0.214s] Level 1:colcon.colcon_core.package_identification:_identify(src) by extension 'ignore'
[0.214s] Level 1:colcon.colcon_core.package_identification:_identify(src) by extension 'ignore_ament_install'
[0.214s] Level 1:colcon.colcon_core.package_identification:_identify(src) by extensions ['colcon_pkg']
[0.214s] Level 1:colcon.colcon_core.package_identification:_identify(src) by extension 'colcon_pkg'
[0.214s] Level 1:colcon.colcon_core.package_identification:_identify(src) by extensions ['colcon_meta']
[0.214s] Level 1:colcon.colcon_core.package_identification:_identify(src) by extension 'colcon_meta'
[0.214s] Level 1:colcon.colcon_core.package_identification:_identify(src) by extensions ['ros']
[0.214s] Level 1:colcon.colcon_core.package_identification:_identify(src) by extension 'ros'
[0.214s] Level 1:colcon.colcon_core.package_identification:_identify(src) by extensions ['cmake', 'python']
[0.214s] Level 1:colcon.colcon_core.package_identification:_identify(src) by extension 'cmake'
[0.214s] Level 1:colcon.colcon_core.package_identification:_identify(src) by extension 'python'
[0.214s] Level 1:colcon.colcon_core.package_identification:_identify(src) by extensions ['python_setup_py']
[0.214s] Level 1:colcon.colcon_core.package_identification:_identify(src) by extension 'python_setup_py'
[0.214s] Level 1:colcon.colcon_core.package_identification:_identify(src/irobot_create_common) by extensions ['ignore', 'ignore_ament_install']
[0.214s] Level 1:colcon.colcon_core.package_identification:_identify(src/irobot_create_common) by extension 'ignore'
[0.215s] Level 1:colcon.colcon_core.package_identification:_identify(src/irobot_create_common) by extension 'ignore_ament_install'
[0.215s] Level 1:colcon.colcon_core.package_identification:_identify(src/irobot_create_common) by extensions ['colcon_pkg']
[0.215s] Level 1:colcon.colcon_core.package_identification:_identify(src/irobot_create_common) by extension 'colcon_pkg'
[0.215s] Level 1:colcon.colcon_core.package_identification:_identify(src/irobot_create_common) by extensions ['colcon_meta']
[0.215s] Level 1:colcon.colcon_core.package_identification:_identify(src/irobot_create_common) by extension 'colcon_meta'
[0.215s] Level 1:colcon.colcon_core.package_identification:_identify(src/irobot_create_common) by extensions ['ros']
[0.215s] Level 1:colcon.colcon_core.package_identification:_identify(src/irobot_create_common) by extension 'ros'
[0.215s] Level 1:colcon.colcon_core.package_identification:_identify(src/irobot_create_common) by extensions ['cmake', 'python']
[0.215s] Level 1:colcon.colcon_core.package_identification:_identify(src/irobot_create_common) by extension 'cmake'
[0.215s] Level 1:colcon.colcon_core.package_identification:_identify(src/irobot_create_common) by extension 'python'
[0.215s] Level 1:colcon.colcon_core.package_identification:_identify(src/irobot_create_common) by extensions ['python_setup_py']
[0.215s] Level 1:colcon.colcon_core.package_identification:_identify(src/irobot_create_common) by extension 'python_setup_py'
[0.215s] Level 1:colcon.colcon_core.package_identification:_identify(src/irobot_create_common/irobot_create_common_bringup) by extensions ['ignore', 'ignore_ament_install']
[0.215s] Level 1:colcon.colcon_core.package_identification:_identify(src/irobot_create_common/irobot_create_common_bringup) by extension 'ignore'
[0.215s] Level 1:colcon.colcon_core.package_identification:_identify(src/irobot_create_common/irobot_create_common_bringup) by extension 'ignore_ament_install'
[0.215s] Level 1:colcon.colcon_core.package_identification:_identify(src/irobot_create_common/irobot_create_common_bringup) by extensions ['colcon_pkg']
[0.215s] Level 1:colcon.colcon_core.package_identification:_identify(src/irobot_create_common/irobot_create_common_bringup) by extension 'colcon_pkg'
[0.215s] Level 1:colcon.colcon_core.package_identification:_identify(src/irobot_create_common/irobot_create_common_bringup) by extensions ['colcon_meta']
[0.215s] Level 1:colcon.colcon_core.package_identification:_identify(src/irobot_create_common/irobot_create_common_bringup) by extension 'colcon_meta'
[0.215s] Level 1:colcon.colcon_core.package_identification:_identify(src/irobot_create_common/irobot_create_common_bringup) by extensions ['ros']
[0.215s] Level 1:colcon.colcon_core.package_identification:_identify(src/irobot_create_common/irobot_create_common_bringup) by extension 'ros'
[0.218s] DEBUG:colcon.colcon_core.package_identification:Package 'src/irobot_create_common/irobot_create_common_bringup' with type 'ros.ament_cmake' and name 'irobot_create_common_bringup'
[0.219s] Level 1:colcon.colcon_core.package_identification:_identify(src/irobot_create_common/irobot_create_control) by extensions ['ignore', 'ignore_ament_install']
[0.219s] Level 1:colcon.colcon_core.package_identification:_identify(src/irobot_create_common/irobot_create_control) by extension 'ignore'
[0.219s] Level 1:colcon.colcon_core.package_identification:_identify(src/irobot_create_common/irobot_create_control) by extension 'ignore_ament_install'
[0.219s] Level 1:colcon.colcon_core.package_identification:_identify(src/irobot_create_common/irobot_create_control) by extensions ['colcon_pkg']
[0.219s] Level 1:colcon.colcon_core.package_identification:_identify(src/irobot_create_common/irobot_create_control) by extension 'colcon_pkg'
[0.219s] Level 1:colcon.colcon_core.package_identification:_identify(src/irobot_create_common/irobot_create_control) by extensions ['colcon_meta']
[0.219s] Level 1:colcon.colcon_core.package_identification:_identify(src/irobot_create_common/irobot_create_control) by extension 'colcon_meta'
[0.219s] Level 1:colcon.colcon_core.package_identification:_identify(src/irobot_create_common/irobot_create_control) by extensions ['ros']
[0.219s] Level 1:colcon.colcon_core.package_identification:_identify(src/irobot_create_common/irobot_create_control) by extension 'ros'
[0.220s] DEBUG:colcon.colcon_core.package_identification:Package 'src/irobot_create_common/irobot_create_control' with type 'ros.ament_cmake' and name 'irobot_create_control'
[0.220s] Level 1:colcon.colcon_core.package_identification:_identify(src/irobot_create_common/irobot_create_description) by extensions ['ignore', 'ignore_ament_install']
[0.220s] Level 1:colcon.colcon_core.package_identification:_identify(src/irobot_create_common/irobot_create_description) by extension 'ignore'
[0.220s] Level 1:colcon.colcon_core.package_identification:_identify(src/irobot_create_common/irobot_create_description) by extension 'ignore_ament_install'
[0.220s] Level 1:colcon.colcon_core.package_identification:_identify(src/irobot_create_common/irobot_create_description) by extensions ['colcon_pkg']
[0.220s] Level 1:colcon.colcon_core.package_identification:_identify(src/irobot_create_common/irobot_create_description) by extension 'colcon_pkg'
[0.220s] Level 1:colcon.colcon_core.package_identification:_identify(src/irobot_create_common/irobot_create_description) by extensions ['colcon_meta']
[0.220s] Level 1:colcon.colcon_core.package_identification:_identify(src/irobot_create_common/irobot_create_description) by extension 'colcon_meta'
[0.220s] Level 1:colcon.colcon_core.package_identification:_identify(src/irobot_create_common/irobot_create_description) by extensions ['ros']
[0.220s] Level 1:colcon.colcon_core.package_identification:_identify(src/irobot_create_common/irobot_create_description) by extension 'ros'
[0.221s] DEBUG:colcon.colcon_core.package_identification:Package 'src/irobot_create_common/irobot_create_description' with type 'ros.ament_cmake' and name 'irobot_create_description'
[0.221s] Level 1:colcon.colcon_core.package_identification:_identify(src/irobot_create_common/irobot_create_nodes) by extensions ['ignore', 'ignore_ament_install']
[0.221s] Level 1:colcon.colcon_core.package_identification:_identify(src/irobot_create_common/irobot_create_nodes) by extension 'ignore'
[0.221s] Level 1:colcon.colcon_core.package_identification:_identify(src/irobot_create_common/irobot_create_nodes) by extension 'ignore_ament_install'
[0.221s] Level 1:colcon.colcon_core.package_identification:_identify(src/irobot_create_common/irobot_create_nodes) by extensions ['colcon_pkg']
[0.221s] Level 1:colcon.colcon_core.package_identification:_identify(src/irobot_create_common/irobot_create_nodes) by extension 'colcon_pkg'
[0.221s] Level 1:colcon.colcon_core.package_identification:_identify(src/irobot_create_common/irobot_create_nodes) by extensions ['colcon_meta']
[0.221s] Level 1:colcon.colcon_core.package_identification:_identify(src/irobot_create_common/irobot_create_nodes) by extension 'colcon_meta'
[0.221s] Level 1:colcon.colcon_core.package_identification:_identify(src/irobot_create_common/irobot_create_nodes) by extensions ['ros']
[0.221s] Level 1:colcon.colcon_core.package_identification:_identify(src/irobot_create_common/irobot_create_nodes) by extension 'ros'
[0.223s] DEBUG:colcon.colcon_core.package_identification:Package 'src/irobot_create_common/irobot_create_nodes' with type 'ros.ament_cmake' and name 'irobot_create_nodes'
[0.223s] Level 1:colcon.colcon_core.package_identification:_identify(src/irobot_create_common/irobot_create_toolbox) by extensions ['ignore', 'ignore_ament_install']
[0.223s] Level 1:colcon.colcon_core.package_identification:_identify(src/irobot_create_common/irobot_create_toolbox) by extension 'ignore'
[0.223s] Level 1:colcon.colcon_core.package_identification:_identify(src/irobot_create_common/irobot_create_toolbox) by extension 'ignore_ament_install'
[0.223s] Level 1:colcon.colcon_core.package_identification:_identify(src/irobot_create_common/irobot_create_toolbox) by extensions ['colcon_pkg']
[0.223s] Level 1:colcon.colcon_core.package_identification:_identify(src/irobot_create_common/irobot_create_toolbox) by extension 'colcon_pkg'
[0.223s] Level 1:colcon.colcon_core.package_identification:_identify(src/irobot_create_common/irobot_create_toolbox) by extensions ['colcon_meta']
[0.223s] Level 1:colcon.colcon_core.package_identification:_identify(src/irobot_create_common/irobot_create_toolbox) by extension 'colcon_meta'
[0.223s] Level 1:colcon.colcon_core.package_identification:_identify(src/irobot_create_common/irobot_create_toolbox) by extensions ['ros']
[0.223s] Level 1:colcon.colcon_core.package_identification:_identify(src/irobot_create_common/irobot_create_toolbox) by extension 'ros'
[0.224s] DEBUG:colcon.colcon_core.package_identification:Package 'src/irobot_create_common/irobot_create_toolbox' with type 'ros.ament_cmake' and name 'irobot_create_toolbox'
[0.224s] Level 1:colcon.colcon_core.package_identification:_identify(src/irobot_create_gz) by extensions ['ignore', 'ignore_ament_install']
[0.224s] Level 1:colcon.colcon_core.package_identification:_identify(src/irobot_create_gz) by extension 'ignore'
[0.224s] Level 1:colcon.colcon_core.package_identification:_identify(src/irobot_create_gz) by extension 'ignore_ament_install'
[0.224s] Level 1:colcon.colcon_core.package_identification:_identify(src/irobot_create_gz) by extensions ['colcon_pkg']
[0.224s] Level 1:colcon.colcon_core.package_identification:_identify(src/irobot_create_gz) by extension 'colcon_pkg'
[0.224s] Level 1:colcon.colcon_core.package_identification:_identify(src/irobot_create_gz) by extensions ['colcon_meta']
[0.224s] Level 1:colcon.colcon_core.package_identification:_identify(src/irobot_create_gz) by extension 'colcon_meta'
[0.224s] Level 1:colcon.colcon_core.package_identification:_identify(src/irobot_create_gz) by extensions ['ros']
[0.224s] Level 1:colcon.colcon_core.package_identification:_identify(src/irobot_create_gz) by extension 'ros'
[0.225s] Level 1:colcon.colcon_core.package_identification:_identify(src/irobot_create_gz) by extensions ['cmake', 'python']
[0.225s] Level 1:colcon.colcon_core.package_identification:_identify(src/irobot_create_gz) by extension 'cmake'
[0.225s] Level 1:colcon.colcon_core.package_identification:_identify(src/irobot_create_gz) by extension 'python'
[0.225s] Level 1:colcon.colcon_core.package_identification:_identify(src/irobot_create_gz) by extensions ['python_setup_py']
[0.225s] Level 1:colcon.colcon_core.package_identification:_identify(src/irobot_create_gz) by extension 'python_setup_py'
[0.225s] Level 1:colcon.colcon_core.package_identification:_identify(src/irobot_create_gz/irobot_create_gz_bringup) by extensions ['ignore', 'ignore_ament_install']
[0.225s] Level 1:colcon.colcon_core.package_identification:_identify(src/irobot_create_gz/irobot_create_gz_bringup) by extension 'ignore'
[0.225s] Level 1:colcon.colcon_core.package_identification:_identify(src/irobot_create_gz/irobot_create_gz_bringup) by extension 'ignore_ament_install'
[0.225s] Level 1:colcon.colcon_core.package_identification:_identify(src/irobot_create_gz/irobot_create_gz_bringup) by extensions ['colcon_pkg']
[0.225s] Level 1:colcon.colcon_core.package_identification:_identify(src/irobot_create_gz/irobot_create_gz_bringup) by extension 'colcon_pkg'
[0.225s] Level 1:colcon.colcon_core.package_identification:_identify(src/irobot_create_gz/irobot_create_gz_bringup) by extensions ['colcon_meta']
[0.225s] Level 1:colcon.colcon_core.package_identification:_identify(src/irobot_create_gz/irobot_create_gz_bringup) by extension 'colcon_meta'
[0.225s] Level 1:colcon.colcon_core.package_identification:_identify(src/irobot_create_gz/irobot_create_gz_bringup) by extensions ['ros']
[0.225s] Level 1:colcon.colcon_core.package_identification:_identify(src/irobot_create_gz/irobot_create_gz_bringup) by extension 'ros'
[0.226s] DEBUG:colcon.colcon_core.package_identification:Package 'src/irobot_create_gz/irobot_create_gz_bringup' with type 'ros.ament_cmake' and name 'irobot_create_gz_bringup'
[0.226s] Level 1:colcon.colcon_core.package_identification:_identify(src/irobot_create_gz/irobot_create_gz_plugins) by extensions ['ignore', 'ignore_ament_install']
[0.226s] Level 1:colcon.colcon_core.package_identification:_identify(src/irobot_create_gz/irobot_create_gz_plugins) by extension 'ignore'
[0.226s] Level 1:colcon.colcon_core.package_identification:_identify(src/irobot_create_gz/irobot_create_gz_plugins) by extension 'ignore_ament_install'
[0.226s] Level 1:colcon.colcon_core.package_identification:_identify(src/irobot_create_gz/irobot_create_gz_plugins) by extensions ['colcon_pkg']
[0.226s] Level 1:colcon.colcon_core.package_identification:_identify(src/irobot_create_gz/irobot_create_gz_plugins) by extension 'colcon_pkg'
[0.226s] Level 1:colcon.colcon_core.package_identification:_identify(src/irobot_create_gz/irobot_create_gz_plugins) by extensions ['colcon_meta']
[0.226s] Level 1:colcon.colcon_core.package_identification:_identify(src/irobot_create_gz/irobot_create_gz_plugins) by extension 'colcon_meta'
[0.226s] Level 1:colcon.colcon_core.package_identification:_identify(src/irobot_create_gz/irobot_create_gz_plugins) by extensions ['ros']
[0.226s] Level 1:colcon.colcon_core.package_identification:_identify(src/irobot_create_gz/irobot_create_gz_plugins) by extension 'ros'
[0.227s] DEBUG:colcon.colcon_core.package_identification:Package 'src/irobot_create_gz/irobot_create_gz_plugins' with type 'ros.ament_cmake' and name 'irobot_create_gz_plugins'
[0.227s] Level 1:colcon.colcon_core.package_identification:_identify(src/irobot_create_gz/irobot_create_gz_sim) by extensions ['ignore', 'ignore_ament_install']
[0.227s] Level 1:colcon.colcon_core.package_identification:_identify(src/irobot_create_gz/irobot_create_gz_sim) by extension 'ignore'
[0.227s] Level 1:colcon.colcon_core.package_identification:_identify(src/irobot_create_gz/irobot_create_gz_sim) by extension 'ignore_ament_install'
[0.227s] Level 1:colcon.colcon_core.package_identification:_identify(src/irobot_create_gz/irobot_create_gz_sim) by extensions ['colcon_pkg']
[0.227s] Level 1:colcon.colcon_core.package_identification:_identify(src/irobot_create_gz/irobot_create_gz_sim) by extension 'colcon_pkg'
[0.227s] Level 1:colcon.colcon_core.package_identification:_identify(src/irobot_create_gz/irobot_create_gz_sim) by extensions ['colcon_meta']
[0.227s] Level 1:colcon.colcon_core.package_identification:_identify(src/irobot_create_gz/irobot_create_gz_sim) by extension 'colcon_meta'
[0.227s] Level 1:colcon.colcon_core.package_identification:_identify(src/irobot_create_gz/irobot_create_gz_sim) by extensions ['ros']
[0.227s] Level 1:colcon.colcon_core.package_identification:_identify(src/irobot_create_gz/irobot_create_gz_sim) by extension 'ros'
[0.228s] DEBUG:colcon.colcon_core.package_identification:Package 'src/irobot_create_gz/irobot_create_gz_sim' with type 'ros.ament_cmake' and name 'irobot_create_gz_sim'
[0.228s] Level 1:colcon.colcon_core.package_identification:_identify(src/irobot_create_gz/irobot_create_gz_toolbox) by extensions ['ignore', 'ignore_ament_install']
[0.228s] Level 1:colcon.colcon_core.package_identification:_identify(src/irobot_create_gz/irobot_create_gz_toolbox) by extension 'ignore'
[0.228s] Level 1:colcon.colcon_core.package_identification:_identify(src/irobot_create_gz/irobot_create_gz_toolbox) by extension 'ignore_ament_install'
[0.228s] Level 1:colcon.colcon_core.package_identification:_identify(src/irobot_create_gz/irobot_create_gz_toolbox) by extensions ['colcon_pkg']
[0.228s] Level 1:colcon.colcon_core.package_identification:_identify(src/irobot_create_gz/irobot_create_gz_toolbox) by extension 'colcon_pkg'
[0.228s] Level 1:colcon.colcon_core.package_identification:_identify(src/irobot_create_gz/irobot_create_gz_toolbox) by extensions ['colcon_meta']
[0.228s] Level 1:colcon.colcon_core.package_identification:_identify(src/irobot_create_gz/irobot_create_gz_toolbox) by extension 'colcon_meta'
[0.229s] Level 1:colcon.colcon_core.package_identification:_identify(src/irobot_create_gz/irobot_create_gz_toolbox) by extensions ['ros']
[0.229s] Level 1:colcon.colcon_core.package_identification:_identify(src/irobot_create_gz/irobot_create_gz_toolbox) by extension 'ros'
[0.230s] DEBUG:colcon.colcon_core.package_identification:Package 'src/irobot_create_gz/irobot_create_gz_toolbox' with type 'ros.ament_cmake' and name 'irobot_create_gz_toolbox'
[0.230s] Level 1:colcon.colcon_core.package_discovery:discover_packages(recursive) using defaults
[0.230s] Level 1:colcon.colcon_core.package_discovery:discover_packages(ignore) discover
[0.230s] Level 1:colcon.colcon_core.package_discovery:discover_packages(ignore) using defaults
[0.230s] Level 1:colcon.colcon_core.package_discovery:discover_packages(path) discover
[0.230s] Level 1:colcon.colcon_core.package_discovery:discover_packages(path) using defaults
[0.255s] Level 5:colcon.colcon_core.verb:set package 'irobot_create_control' build argument 'cmake_args' from command line to 'None'
[0.255s] Level 5:colcon.colcon_core.verb:set package 'irobot_create_control' build argument 'cmake_target' from command line to 'None'
[0.255s] Level 5:colcon.colcon_core.verb:set package 'irobot_create_control' build argument 'cmake_target_skip_unavailable' from command line to 'False'
[0.255s] Level 5:colcon.colcon_core.verb:set package 'irobot_create_control' build argument 'cmake_clean_cache' from command line to 'False'
[0.255s] Level 5:colcon.colcon_core.verb:set package 'irobot_create_control' build argument 'cmake_clean_first' from command line to 'False'
[0.255s] Level 5:colcon.colcon_core.verb:set package 'irobot_create_control' build argument 'cmake_force_configure' from command line to 'False'
[0.255s] Level 5:colcon.colcon_core.verb:set package 'irobot_create_control' build argument 'ament_cmake_args' from command line to 'None'
[0.255s] Level 5:colcon.colcon_core.verb:set package 'irobot_create_control' build argument 'catkin_cmake_args' from command line to 'None'
[0.255s] Level 5:colcon.colcon_core.verb:set package 'irobot_create_control' build argument 'catkin_skip_building_tests' from command line to 'False'
[0.255s] DEBUG:colcon.colcon_core.verb:Building package 'irobot_create_control' with the following arguments: {'ament_cmake_args': None, 'build_base': '/home/javierac/create3_ws/build/irobot_create_control', 'catkin_cmake_args': None, 'catkin_skip_building_tests': False, 'cmake_args': None, 'cmake_clean_cache': False, 'cmake_clean_first': False, 'cmake_force_configure': False, 'cmake_target': None, 'cmake_target_skip_unavailable': False, 'install_base': '/home/javierac/create3_ws/install/irobot_create_control', 'merge_install': False, 'path': '/home/javierac/create3_ws/src/irobot_create_common/irobot_create_control', 'symlink_install': True, 'test_result_base': None}
[0.256s] Level 5:colcon.colcon_core.verb:set package 'irobot_create_gz_plugins' build argument 'cmake_args' from command line to 'None'
[0.256s] Level 5:colcon.colcon_core.verb:set package 'irobot_create_gz_plugins' build argument 'cmake_target' from command line to 'None'
[0.256s] Level 5:colcon.colcon_core.verb:set package 'irobot_create_gz_plugins' build argument 'cmake_target_skip_unavailable' from command line to 'False'
[0.256s] Level 5:colcon.colcon_core.verb:set package 'irobot_create_gz_plugins' build argument 'cmake_clean_cache' from command line to 'False'
[0.256s] Level 5:colcon.colcon_core.verb:set package 'irobot_create_gz_plugins' build argument 'cmake_clean_first' from command line to 'False'
[0.256s] Level 5:colcon.colcon_core.verb:set package 'irobot_create_gz_plugins' build argument 'cmake_force_configure' from command line to 'False'
[0.256s] Level 5:colcon.colcon_core.verb:set package 'irobot_create_gz_plugins' build argument 'ament_cmake_args' from command line to 'None'
[0.256s] Level 5:colcon.colcon_core.verb:set package 'irobot_create_gz_plugins' build argument 'catkin_cmake_args' from command line to 'None'
[0.256s] Level 5:colcon.colcon_core.verb:set package 'irobot_create_gz_plugins' build argument 'catkin_skip_building_tests' from command line to 'False'
[0.256s] DEBUG:colcon.colcon_core.verb:Building package 'irobot_create_gz_plugins' with the following arguments: {'ament_cmake_args': None, 'build_base': '/home/javierac/create3_ws/build/irobot_create_gz_plugins', 'catkin_cmake_args': None, 'catkin_skip_building_tests': False, 'cmake_args': None, 'cmake_clean_cache': False, 'cmake_clean_first': False, 'cmake_force_configure': False, 'cmake_target': None, 'cmake_target_skip_unavailable': False, 'install_base': '/home/javierac/create3_ws/install/irobot_create_gz_plugins', 'merge_install': False, 'path': '/home/javierac/create3_ws/src/irobot_create_gz/irobot_create_gz_plugins', 'symlink_install': True, 'test_result_base': None}
[0.256s] Level 5:colcon.colcon_core.verb:set package 'irobot_create_toolbox' build argument 'cmake_args' from command line to 'None'
[0.256s] Level 5:colcon.colcon_core.verb:set package 'irobot_create_toolbox' build argument 'cmake_target' from command line to 'None'
[0.256s] Level 5:colcon.colcon_core.verb:set package 'irobot_create_toolbox' build argument 'cmake_target_skip_unavailable' from command line to 'False'
[0.256s] Level 5:colcon.colcon_core.verb:set package 'irobot_create_toolbox' build argument 'cmake_clean_cache' from command line to 'False'
[0.256s] Level 5:colcon.colcon_core.verb:set package 'irobot_create_toolbox' build argument 'cmake_clean_first' from command line to 'False'
[0.256s] Level 5:colcon.colcon_core.verb:set package 'irobot_create_toolbox' build argument 'cmake_force_configure' from command line to 'False'
[0.256s] Level 5:colcon.colcon_core.verb:set package 'irobot_create_toolbox' build argument 'ament_cmake_args' from command line to 'None'
[0.256s] Level 5:colcon.colcon_core.verb:set package 'irobot_create_toolbox' build argument 'catkin_cmake_args' from command line to 'None'
[0.256s] Level 5:colcon.colcon_core.verb:set package 'irobot_create_toolbox' build argument 'catkin_skip_building_tests' from command line to 'False'
[0.256s] DEBUG:colcon.colcon_core.verb:Building package 'irobot_create_toolbox' with the following arguments: {'ament_cmake_args': None, 'build_base': '/home/javierac/create3_ws/build/irobot_create_toolbox', 'catkin_cmake_args': None, 'catkin_skip_building_tests': False, 'cmake_args': None, 'cmake_clean_cache': False, 'cmake_clean_first': False, 'cmake_force_configure': False, 'cmake_target': None, 'cmake_target_skip_unavailable': False, 'install_base': '/home/javierac/create3_ws/install/irobot_create_toolbox', 'merge_install': False, 'path': '/home/javierac/create3_ws/src/irobot_create_common/irobot_create_toolbox', 'symlink_install': True, 'test_result_base': None}
[0.257s] Level 5:colcon.colcon_core.verb:set package 'irobot_create_description' build argument 'cmake_args' from command line to 'None'
[0.257s] Level 5:colcon.colcon_core.verb:set package 'irobot_create_description' build argument 'cmake_target' from command line to 'None'
[0.257s] Level 5:colcon.colcon_core.verb:set package 'irobot_create_description' build argument 'cmake_target_skip_unavailable' from command line to 'False'
[0.257s] Level 5:colcon.colcon_core.verb:set package 'irobot_create_description' build argument 'cmake_clean_cache' from command line to 'False'
[0.257s] Level 5:colcon.colcon_core.verb:set package 'irobot_create_description' build argument 'cmake_clean_first' from command line to 'False'
[0.257s] Level 5:colcon.colcon_core.verb:set package 'irobot_create_description' build argument 'cmake_force_configure' from command line to 'False'
[0.257s] Level 5:colcon.colcon_core.verb:set package 'irobot_create_description' build argument 'ament_cmake_args' from command line to 'None'
[0.257s] Level 5:colcon.colcon_core.verb:set package 'irobot_create_description' build argument 'catkin_cmake_args' from command line to 'None'
[0.257s] Level 5:colcon.colcon_core.verb:set package 'irobot_create_description' build argument 'catkin_skip_building_tests' from command line to 'False'
[0.257s] DEBUG:colcon.colcon_core.verb:Building package 'irobot_create_description' with the following arguments: {'ament_cmake_args': None, 'build_base': '/home/javierac/create3_ws/build/irobot_create_description', 'catkin_cmake_args': None, 'catkin_skip_building_tests': False, 'cmake_args': None, 'cmake_clean_cache': False, 'cmake_clean_first': False, 'cmake_force_configure': False, 'cmake_target': None, 'cmake_target_skip_unavailable': False, 'install_base': '/home/javierac/create3_ws/install/irobot_create_description', 'merge_install': False, 'path': '/home/javierac/create3_ws/src/irobot_create_common/irobot_create_description', 'symlink_install': True, 'test_result_base': None}
[0.257s] Level 5:colcon.colcon_core.verb:set package 'irobot_create_gz_toolbox' build argument 'cmake_args' from command line to 'None'
[0.257s] Level 5:colcon.colcon_core.verb:set package 'irobot_create_gz_toolbox' build argument 'cmake_target' from command line to 'None'
[0.257s] Level 5:colcon.colcon_core.verb:set package 'irobot_create_gz_toolbox' build argument 'cmake_target_skip_unavailable' from command line to 'False'
[0.257s] Level 5:colcon.colcon_core.verb:set package 'irobot_create_gz_toolbox' build argument 'cmake_clean_cache' from command line to 'False'
[0.257s] Level 5:colcon.colcon_core.verb:set package 'irobot_create_gz_toolbox' build argument 'cmake_clean_first' from command line to 'False'
[0.257s] Level 5:colcon.colcon_core.verb:set package 'irobot_create_gz_toolbox' build argument 'cmake_force_configure' from command line to 'False'
[0.257s] Level 5:colcon.colcon_core.verb:set package 'irobot_create_gz_toolbox' build argument 'ament_cmake_args' from command line to 'None'
[0.257s] Level 5:colcon.colcon_core.verb:set package 'irobot_create_gz_toolbox' build argument 'catkin_cmake_args' from command line to 'None'
[0.257s] Level 5:colcon.colcon_core.verb:set package 'irobot_create_gz_toolbox' build argument 'catkin_skip_building_tests' from command line to 'False'
[0.257s] DEBUG:colcon.colcon_core.verb:Building package 'irobot_create_gz_toolbox' with the following arguments: {'ament_cmake_args': None, 'build_base': '/home/javierac/create3_ws/build/irobot_create_gz_toolbox', 'catkin_cmake_args': None, 'catkin_skip_building_tests': False, 'cmake_args': None, 'cmake_clean_cache': False, 'cmake_clean_first': False, 'cmake_force_configure': False, 'cmake_target': None, 'cmake_target_skip_unavailable': False, 'install_base': '/home/javierac/create3_ws/install/irobot_create_gz_toolbox', 'merge_install': False, 'path': '/home/javierac/create3_ws/src/irobot_create_gz/irobot_create_gz_toolbox', 'symlink_install': True, 'test_result_base': None}
[0.257s] Level 5:colcon.colcon_core.verb:set package 'irobot_create_nodes' build argument 'cmake_args' from command line to 'None'
[0.257s] Level 5:colcon.colcon_core.verb:set package 'irobot_create_nodes' build argument 'cmake_target' from command line to 'None'
[0.257s] Level 5:colcon.colcon_core.verb:set package 'irobot_create_nodes' build argument 'cmake_target_skip_unavailable' from command line to 'False'
[0.258s] Level 5:colcon.colcon_core.verb:set package 'irobot_create_nodes' build argument 'cmake_clean_cache' from command line to 'False'
[0.258s] Level 5:colcon.colcon_core.verb:set package 'irobot_create_nodes' build argument 'cmake_clean_first' from command line to 'False'
[0.258s] Level 5:colcon.colcon_core.verb:set package 'irobot_create_nodes' build argument 'cmake_force_configure' from command line to 'False'
[0.258s] Level 5:colcon.colcon_core.verb:set package 'irobot_create_nodes' build argument 'ament_cmake_args' from command line to 'None'
[0.258s] Level 5:colcon.colcon_core.verb:set package 'irobot_create_nodes' build argument 'catkin_cmake_args' from command line to 'None'
[0.258s] Level 5:colcon.colcon_core.verb:set package 'irobot_create_nodes' build argument 'catkin_skip_building_tests' from command line to 'False'
[0.258s] DEBUG:colcon.colcon_core.verb:Building package 'irobot_create_nodes' with the following arguments: {'ament_cmake_args': None, 'build_base': '/home/javierac/create3_ws/build/irobot_create_nodes', 'catkin_cmake_args': None, 'catkin_skip_building_tests': False, 'cmake_args': None, 'cmake_clean_cache': False, 'cmake_clean_first': False, 'cmake_force_configure': False, 'cmake_target': None, 'cmake_target_skip_unavailable': False, 'install_base': '/home/javierac/create3_ws/install/irobot_create_nodes', 'merge_install': False, 'path': '/home/javierac/create3_ws/src/irobot_create_common/irobot_create_nodes', 'symlink_install': True, 'test_result_base': None}
[0.258s] Level 5:colcon.colcon_core.verb:set package 'irobot_create_common_bringup' build argument 'cmake_args' from command line to 'None'
[0.258s] Level 5:colcon.colcon_core.verb:set package 'irobot_create_common_bringup' build argument 'cmake_target' from command line to 'None'
[0.258s] Level 5:colcon.colcon_core.verb:set package 'irobot_create_common_bringup' build argument 'cmake_target_skip_unavailable' from command line to 'False'
[0.258s] Level 5:colcon.colcon_core.verb:set package 'irobot_create_common_bringup' build argument 'cmake_clean_cache' from command line to 'False'
[0.258s] Level 5:colcon.colcon_core.verb:set package 'irobot_create_common_bringup' build argument 'cmake_clean_first' from command line to 'False'
[0.258s] Level 5:colcon.colcon_core.verb:set package 'irobot_create_common_bringup' build argument 'cmake_force_configure' from command line to 'False'
[0.258s] Level 5:colcon.colcon_core.verb:set package 'irobot_create_common_bringup' build argument 'ament_cmake_args' from command line to 'None'
[0.258s] Level 5:colcon.colcon_core.verb:set package 'irobot_create_common_bringup' build argument 'catkin_cmake_args' from command line to 'None'
[0.258s] Level 5:colcon.colcon_core.verb:set package 'irobot_create_common_bringup' build argument 'catkin_skip_building_tests' from command line to 'False'
[0.258s] DEBUG:colcon.colcon_core.verb:Building package 'irobot_create_common_bringup' with the following arguments: {'ament_cmake_args': None, 'build_base': '/home/javierac/create3_ws/build/irobot_create_common_bringup', 'catkin_cmake_args': None, 'catkin_skip_building_tests': False, 'cmake_args': None, 'cmake_clean_cache': False, 'cmake_clean_first': False, 'cmake_force_configure': False, 'cmake_target': None, 'cmake_target_skip_unavailable': False, 'install_base': '/home/javierac/create3_ws/install/irobot_create_common_bringup', 'merge_install': False, 'path': '/home/javierac/create3_ws/src/irobot_create_common/irobot_create_common_bringup', 'symlink_install': True, 'test_result_base': None}
[0.258s] Level 5:colcon.colcon_core.verb:set package 'irobot_create_gz_bringup' build argument 'cmake_args' from command line to 'None'
[0.258s] Level 5:colcon.colcon_core.verb:set package 'irobot_create_gz_bringup' build argument 'cmake_target' from command line to 'None'
[0.258s] Level 5:colcon.colcon_core.verb:set package 'irobot_create_gz_bringup' build argument 'cmake_target_skip_unavailable' from command line to 'False'
[0.258s] Level 5:colcon.colcon_core.verb:set package 'irobot_create_gz_bringup' build argument 'cmake_clean_cache' from command line to 'False'
[0.258s] Level 5:colcon.colcon_core.verb:set package 'irobot_create_gz_bringup' build argument 'cmake_clean_first' from command line to 'False'
[0.258s] Level 5:colcon.colcon_core.verb:set package 'irobot_create_gz_bringup' build argument 'cmake_force_configure' from command line to 'False'
[0.258s] Level 5:colcon.colcon_core.verb:set package 'irobot_create_gz_bringup' build argument 'ament_cmake_args' from command line to 'None'
[0.258s] Level 5:colcon.colcon_core.verb:set package 'irobot_create_gz_bringup' build argument 'catkin_cmake_args' from command line to 'None'
[0.258s] Level 5:colcon.colcon_core.verb:set package 'irobot_create_gz_bringup' build argument 'catkin_skip_building_tests' from command line to 'False'
[0.258s] DEBUG:colcon.colcon_core.verb:Building package 'irobot_create_gz_bringup' with the following arguments: {'ament_cmake_args': None, 'build_base': '/home/javierac/create3_ws/build/irobot_create_gz_bringup', 'catkin_cmake_args': None, 'catkin_skip_building_tests': False, 'cmake_args': None, 'cmake_clean_cache': False, 'cmake_clean_first': False, 'cmake_force_configure': False, 'cmake_target': None, 'cmake_target_skip_unavailable': False, 'install_base': '/home/javierac/create3_ws/install/irobot_create_gz_bringup', 'merge_install': False, 'path': '/home/javierac/create3_ws/src/irobot_create_gz/irobot_create_gz_bringup', 'symlink_install': True, 'test_result_base': None}
[0.259s] Level 5:colcon.colcon_core.verb:set package 'irobot_create_gz_sim' build argument 'cmake_args' from command line to 'None'
[0.259s] Level 5:colcon.colcon_core.verb:set package 'irobot_create_gz_sim' build argument 'cmake_target' from command line to 'None'
[0.259s] Level 5:colcon.colcon_core.verb:set package 'irobot_create_gz_sim' build argument 'cmake_target_skip_unavailable' from command line to 'False'
[0.259s] Level 5:colcon.colcon_core.verb:set package 'irobot_create_gz_sim' build argument 'cmake_clean_cache' from command line to 'False'
[0.259s] Level 5:colcon.colcon_core.verb:set package 'irobot_create_gz_sim' build argument 'cmake_clean_first' from command line to 'False'
[0.259s] Level 5:colcon.colcon_core.verb:set package 'irobot_create_gz_sim' build argument 'cmake_force_configure' from command line to 'False'
[0.259s] Level 5:colcon.colcon_core.verb:set package 'irobot_create_gz_sim' build argument 'ament_cmake_args' from command line to 'None'
[0.259s] Level 5:colcon.colcon_core.verb:set package 'irobot_create_gz_sim' build argument 'catkin_cmake_args' from command line to 'None'
[0.259s] Level 5:colcon.colcon_core.verb:set package 'irobot_create_gz_sim' build argument 'catkin_skip_building_tests' from command line to 'False'
[0.259s] DEBUG:colcon.colcon_core.verb:Building package 'irobot_create_gz_sim' with the following arguments: {'ament_cmake_args': None, 'build_base': '/home/javierac/create3_ws/build/irobot_create_gz_sim', 'catkin_cmake_args': None, 'catkin_skip_building_tests': False, 'cmake_args': None, 'cmake_clean_cache': False, 'cmake_clean_first': False, 'cmake_force_configure': False, 'cmake_target': None, 'cmake_target_skip_unavailable': False, 'install_base': '/home/javierac/create3_ws/install/irobot_create_gz_sim', 'merge_install': False, 'path': '/home/javierac/create3_ws/src/irobot_create_gz/irobot_create_gz_sim', 'symlink_install': True, 'test_result_base': None}
[0.259s] INFO:colcon.colcon_core.executor:Executing jobs using 'parallel' executor
[0.260s] DEBUG:colcon.colcon_parallel_executor.executor.parallel:run_until_complete
[0.261s] INFO:colcon.colcon_ros.task.ament_cmake.build:Building ROS package in '/home/javierac/create3_ws/src/irobot_create_common/irobot_create_toolbox' with build type 'ament_cmake'
[0.261s] INFO:colcon.colcon_cmake.task.cmake.build:Building CMake package in '/home/javierac/create3_ws/src/irobot_create_common/irobot_create_toolbox'
[0.263s] INFO:colcon.colcon_core.plugin_system:Skipping extension 'colcon_core.shell.bat': Not used on non-Windows systems
[0.263s] INFO:colcon.colcon_core.shell:Skip shell extension 'powershell' for command environment: Not usable outside of PowerShell
[0.263s] DEBUG:colcon.colcon_core.shell:Skip shell extension 'dsv' for command environment
[0.269s] INFO:colcon.colcon_ros.task.ament_cmake.build:Building ROS package in '/home/javierac/create3_ws/src/irobot_create_common/irobot_create_control' with build type 'ament_cmake'
[0.269s] INFO:colcon.colcon_cmake.task.cmake.build:Building CMake package in '/home/javierac/create3_ws/src/irobot_create_common/irobot_create_control'
[0.269s] INFO:colcon.colcon_core.shell:Skip shell extension 'powershell' for command environment: Not usable outside of PowerShell
[0.269s] DEBUG:colcon.colcon_core.shell:Skip shell extension 'dsv' for command environment
[0.273s] INFO:colcon.colcon_ros.task.ament_cmake.build:Building ROS package in '/home/javierac/create3_ws/src/irobot_create_gz/irobot_create_gz_plugins' with build type 'ament_cmake'
[0.273s] INFO:colcon.colcon_cmake.task.cmake.build:Building CMake package in '/home/javierac/create3_ws/src/irobot_create_gz/irobot_create_gz_plugins'
[0.273s] INFO:colcon.colcon_core.shell:Skip shell extension 'powershell' for command environment: Not usable outside of PowerShell
[0.273s] DEBUG:colcon.colcon_core.shell:Skip shell extension 'dsv' for command environment
[0.279s] DEBUG:colcon.colcon_core.event_handler.log_command:Invoking command in '/home/javierac/create3_ws/build/irobot_create_toolbox': CMAKE_PREFIX_PATH=${CMAKE_PREFIX_PATH}:/opt/ros/jazzy /usr/bin/cmake /home/javierac/create3_ws/src/irobot_create_common/irobot_create_toolbox -DAMENT_CMAKE_SYMLINK_INSTALL=1 -DCMAKE_INSTALL_PREFIX=/home/javierac/create3_ws/install/irobot_create_toolbox
[0.281s] DEBUG:colcon.colcon_core.event_handler.log_command:Invoking command in '/home/javierac/create3_ws/build/irobot_create_control': CMAKE_PREFIX_PATH=${CMAKE_PREFIX_PATH}:/opt/ros/jazzy /usr/bin/cmake /home/javierac/create3_ws/src/irobot_create_common/irobot_create_control -DAMENT_CMAKE_SYMLINK_INSTALL=1 -DCMAKE_INSTALL_PREFIX=/home/javierac/create3_ws/install/irobot_create_control
[0.284s] DEBUG:colcon.colcon_core.event_handler.log_command:Invoking command in '/home/javierac/create3_ws/build/irobot_create_gz_plugins': CMAKE_PREFIX_PATH=${CMAKE_PREFIX_PATH}:/opt/ros/jazzy /usr/bin/cmake /home/javierac/create3_ws/src/irobot_create_gz/irobot_create_gz_plugins -DAMENT_CMAKE_SYMLINK_INSTALL=1 -DCMAKE_INSTALL_PREFIX=/home/javierac/create3_ws/install/irobot_create_gz_plugins
[1.179s] DEBUG:colcon.colcon_core.event_handler.log_command:Invoked command in '/home/javierac/create3_ws/build/irobot_create_control' returned '0': CMAKE_PREFIX_PATH=${CMAKE_PREFIX_PATH}:/opt/ros/jazzy /usr/bin/cmake /home/javierac/create3_ws/src/irobot_create_common/irobot_create_control -DAMENT_CMAKE_SYMLINK_INSTALL=1 -DCMAKE_INSTALL_PREFIX=/home/javierac/create3_ws/install/irobot_create_control
[1.181s] DEBUG:colcon.colcon_core.event_handler.log_command:Invoking command in '/home/javierac/create3_ws/build/irobot_create_control': CMAKE_PREFIX_PATH=${CMAKE_PREFIX_PATH}:/opt/ros/jazzy /usr/bin/cmake --build /home/javierac/create3_ws/build/irobot_create_control -- -j20 -l20
[1.227s] DEBUG:colcon.colcon_core.event_handler.log_command:Invoked command in '/home/javierac/create3_ws/build/irobot_create_control' returned '0': CMAKE_PREFIX_PATH=${CMAKE_PREFIX_PATH}:/opt/ros/jazzy /usr/bin/cmake --build /home/javierac/create3_ws/build/irobot_create_control -- -j20 -l20
[1.237s] DEBUG:colcon.colcon_core.event_handler.log_command:Invoking command in '/home/javierac/create3_ws/build/irobot_create_control': CMAKE_PREFIX_PATH=${CMAKE_PREFIX_PATH}:/opt/ros/jazzy /usr/bin/cmake --install /home/javierac/create3_ws/build/irobot_create_control
[1.405s] Level 1:colcon.colcon_core.environment:create_environment_scripts_only(irobot_create_control)
[1.406s] DEBUG:colcon.colcon_core.event_handler.log_command:Invoked command in '/home/javierac/create3_ws/build/irobot_create_control' returned '0': CMAKE_PREFIX_PATH=${CMAKE_PREFIX_PATH}:/opt/ros/jazzy /usr/bin/cmake --install /home/javierac/create3_ws/build/irobot_create_control
[1.408s] Level 1:colcon.colcon_core.environment:checking '/home/javierac/create3_ws/install/irobot_create_control' for CMake module files
[1.408s] Level 1:colcon.colcon_core.environment:checking '/home/javierac/create3_ws/install/irobot_create_control' for CMake config files
[1.408s] Level 1:colcon.colcon_core.shell:create_environment_hook('irobot_create_control', 'cmake_prefix_path')
[1.409s] INFO:colcon.colcon_core.shell:Creating environment hook '/home/javierac/create3_ws/install/irobot_create_control/share/irobot_create_control/hook/cmake_prefix_path.ps1'
[1.409s] INFO:colcon.colcon_core.shell:Creating environment descriptor '/home/javierac/create3_ws/install/irobot_create_control/share/irobot_create_control/hook/cmake_prefix_path.dsv'
[1.410s] INFO:colcon.colcon_core.shell:Creating environment hook '/home/javierac/create3_ws/install/irobot_create_control/share/irobot_create_control/hook/cmake_prefix_path.sh'
[1.411s] Level 1:colcon.colcon_core.environment:checking '/home/javierac/create3_ws/install/irobot_create_control/bin'
[1.411s] Level 1:colcon.colcon_core.environment:checking '/home/javierac/create3_ws/install/irobot_create_control/lib/pkgconfig/irobot_create_control.pc'
[1.413s] Level 1:colcon.colcon_core.environment:checking '/home/javierac/create3_ws/install/irobot_create_control/lib/python3.12/site-packages'
[1.413s] Level 1:colcon.colcon_core.environment:checking '/home/javierac/create3_ws/install/irobot_create_control/bin'
[1.414s] INFO:colcon.colcon_core.shell:Creating package script '/home/javierac/create3_ws/install/irobot_create_control/share/irobot_create_control/package.ps1'
[1.414s] INFO:colcon.colcon_core.shell:Creating package descriptor '/home/javierac/create3_ws/install/irobot_create_control/share/irobot_create_control/package.dsv'
[1.415s] INFO:colcon.colcon_core.shell:Creating package script '/home/javierac/create3_ws/install/irobot_create_control/share/irobot_create_control/package.sh'
[1.416s] INFO:colcon.colcon_core.shell:Creating package script '/home/javierac/create3_ws/install/irobot_create_control/share/irobot_create_control/package.bash'
[1.416s] INFO:colcon.colcon_core.shell:Creating package script '/home/javierac/create3_ws/install/irobot_create_control/share/irobot_create_control/package.zsh'
[1.417s] Level 1:colcon.colcon_core.environment:create_file_with_runtime_dependencies(/home/javierac/create3_ws/install/irobot_create_control/share/colcon-core/packages/irobot_create_control)
[1.417s] Level 1:colcon.colcon_core.environment:create_environment_scripts_only(irobot_create_control)
[1.417s] Level 1:colcon.colcon_core.environment:checking '/home/javierac/create3_ws/install/irobot_create_control' for CMake module files
[1.418s] Level 1:colcon.colcon_core.environment:checking '/home/javierac/create3_ws/install/irobot_create_control' for CMake config files
[1.418s] Level 1:colcon.colcon_core.shell:create_environment_hook('irobot_create_control', 'cmake_prefix_path')
[1.419s] INFO:colcon.colcon_core.shell:Creating environment hook '/home/javierac/create3_ws/install/irobot_create_control/share/irobot_create_control/hook/cmake_prefix_path.ps1'
[1.419s] INFO:colcon.colcon_core.shell:Creating environment descriptor '/home/javierac/create3_ws/install/irobot_create_control/share/irobot_create_control/hook/cmake_prefix_path.dsv'
[1.419s] INFO:colcon.colcon_core.shell:Creating environment hook '/home/javierac/create3_ws/install/irobot_create_control/share/irobot_create_control/hook/cmake_prefix_path.sh'
[1.420s] Level 1:colcon.colcon_core.environment:checking '/home/javierac/create3_ws/install/irobot_create_control/bin'
[1.420s] Level 1:colcon.colcon_core.environment:checking '/home/javierac/create3_ws/install/irobot_create_control/lib/pkgconfig/irobot_create_control.pc'
[1.420s] Level 1:colcon.colcon_core.environment:checking '/home/javierac/create3_ws/install/irobot_create_control/lib/python3.12/site-packages'
[1.420s] Level 1:colcon.colcon_core.environment:checking '/home/javierac/create3_ws/install/irobot_create_control/bin'
[1.421s] INFO:colcon.colcon_core.shell:Creating package script '/home/javierac/create3_ws/install/irobot_create_control/share/irobot_create_control/package.ps1'
[1.421s] INFO:colcon.colcon_core.shell:Creating package descriptor '/home/javierac/create3_ws/install/irobot_create_control/share/irobot_create_control/package.dsv'
[1.422s] INFO:colcon.colcon_core.shell:Creating package script '/home/javierac/create3_ws/install/irobot_create_control/share/irobot_create_control/package.sh'
[1.423s] INFO:colcon.colcon_core.shell:Creating package script '/home/javierac/create3_ws/install/irobot_create_control/share/irobot_create_control/package.bash'
[1.423s] INFO:colcon.colcon_core.shell:Creating package script '/home/javierac/create3_ws/install/irobot_create_control/share/irobot_create_control/package.zsh'
[1.424s] Level 1:colcon.colcon_core.environment:create_file_with_runtime_dependencies(/home/javierac/create3_ws/install/irobot_create_control/share/colcon-core/packages/irobot_create_control)
[1.424s] INFO:colcon.colcon_ros.task.ament_cmake.build:Building ROS package in '/home/javierac/create3_ws/src/irobot_create_common/irobot_create_description' with build type 'ament_cmake'
[1.424s] INFO:colcon.colcon_cmake.task.cmake.build:Building CMake package in '/home/javierac/create3_ws/src/irobot_create_common/irobot_create_description'
[1.424s] INFO:colcon.colcon_core.shell:Skip shell extension 'powershell' for command environment: Not usable outside of PowerShell
[1.424s] DEBUG:colcon.colcon_core.shell:Skip shell extension 'dsv' for command environment
[1.434s] DEBUG:colcon.colcon_core.event_handler.log_command:Invoking command in '/home/javierac/create3_ws/build/irobot_create_description': AMENT_PREFIX_PATH=/home/javierac/create3_ws/install/irobot_create_control:${AMENT_PREFIX_PATH} CMAKE_PREFIX_PATH=/home/javierac/create3_ws/install/irobot_create_control:/opt/ros/jazzy/opt/gz_sim_vendor:/opt/ros/jazzy/opt/gz_sensors_vendor:/opt/ros/jazzy/opt/gz_physics_vendor:/opt/ros/jazzy/opt/sdformat_vendor:/opt/ros/jazzy/opt/gz_gui_vendor:/opt/ros/jazzy/opt/gz_transport_vendor:/opt/ros/jazzy/opt/gz_rendering_vendor:/opt/ros/jazzy/opt/gz_plugin_vendor:/opt/ros/jazzy/opt/gz_fuel_tools_vendor:/opt/ros/jazzy/opt/gz_msgs_vendor:/opt/ros/jazzy/opt/gz_common_vendor:/opt/ros/jazzy/opt/gz_math_vendor:/opt/ros/jazzy/opt/gz_utils_vendor:/opt/ros/jazzy/opt/gz_tools_vendor:/opt/ros/jazzy/opt/gz_ogre_next_vendor:/opt/ros/jazzy/opt/gz_dartsim_vendor:/opt/ros/jazzy/opt/gz_cmake_vendor:/opt/ros/jazzy /usr/bin/cmake /home/javierac/create3_ws/src/irobot_create_common/irobot_create_description -DAMENT_CMAKE_SYMLINK_INSTALL=1 -DCMAKE_INSTALL_PREFIX=/home/javierac/create3_ws/install/irobot_create_description
[1.858s] DEBUG:colcon.colcon_core.event_handler.log_command:Invoked command in '/home/javierac/create3_ws/build/irobot_create_toolbox' returned '0': CMAKE_PREFIX_PATH=${CMAKE_PREFIX_PATH}:/opt/ros/jazzy /usr/bin/cmake /home/javierac/create3_ws/src/irobot_create_common/irobot_create_toolbox -DAMENT_CMAKE_SYMLINK_INSTALL=1 -DCMAKE_INSTALL_PREFIX=/home/javierac/create3_ws/install/irobot_create_toolbox
[1.860s] DEBUG:colcon.colcon_core.event_handler.log_command:Invoking command in '/home/javierac/create3_ws/build/irobot_create_toolbox': CMAKE_PREFIX_PATH=${CMAKE_PREFIX_PATH}:/opt/ros/jazzy /usr/bin/cmake --build /home/javierac/create3_ws/build/irobot_create_toolbox -- -j20 -l20
[1.941s] DEBUG:colcon.colcon_core.event_handler.log_command:Invoked command in '/home/javierac/create3_ws/build/irobot_create_gz_plugins' returned '0': CMAKE_PREFIX_PATH=${CMAKE_PREFIX_PATH}:/opt/ros/jazzy /usr/bin/cmake /home/javierac/create3_ws/src/irobot_create_gz/irobot_create_gz_plugins -DAMENT_CMAKE_SYMLINK_INSTALL=1 -DCMAKE_INSTALL_PREFIX=/home/javierac/create3_ws/install/irobot_create_gz_plugins
[1.942s] DEBUG:colcon.colcon_core.event_handler.log_command:Invoking command in '/home/javierac/create3_ws/build/irobot_create_gz_plugins': CMAKE_PREFIX_PATH=${CMAKE_PREFIX_PATH}:/opt/ros/jazzy /usr/bin/cmake --build /home/javierac/create3_ws/build/irobot_create_gz_plugins -- -j20 -l20
[2.320s] DEBUG:colcon.colcon_core.event_handler.log_command:Invoked command in '/home/javierac/create3_ws/build/irobot_create_description' returned '0': AMENT_PREFIX_PATH=/home/javierac/create3_ws/install/irobot_create_control:${AMENT_PREFIX_PATH} CMAKE_PREFIX_PATH=/home/javierac/create3_ws/install/irobot_create_control:/opt/ros/jazzy/opt/gz_sim_vendor:/opt/ros/jazzy/opt/gz_sensors_vendor:/opt/ros/jazzy/opt/gz_physics_vendor:/opt/ros/jazzy/opt/sdformat_vendor:/opt/ros/jazzy/opt/gz_gui_vendor:/opt/ros/jazzy/opt/gz_transport_vendor:/opt/ros/jazzy/opt/gz_rendering_vendor:/opt/ros/jazzy/opt/gz_plugin_vendor:/opt/ros/jazzy/opt/gz_fuel_tools_vendor:/opt/ros/jazzy/opt/gz_msgs_vendor:/opt/ros/jazzy/opt/gz_common_vendor:/opt/ros/jazzy/opt/gz_math_vendor:/opt/ros/jazzy/opt/gz_utils_vendor:/opt/ros/jazzy/opt/gz_tools_vendor:/opt/ros/jazzy/opt/gz_ogre_next_vendor:/opt/ros/jazzy/opt/gz_dartsim_vendor:/opt/ros/jazzy/opt/gz_cmake_vendor:/opt/ros/jazzy /usr/bin/cmake /home/javierac/create3_ws/src/irobot_create_common/irobot_create_description -DAMENT_CMAKE_SYMLINK_INSTALL=1 -DCMAKE_INSTALL_PREFIX=/home/javierac/create3_ws/install/irobot_create_description
[2.322s] DEBUG:colcon.colcon_core.event_handler.log_command:Invoking command in '/home/javierac/create3_ws/build/irobot_create_description': AMENT_PREFIX_PATH=/home/javierac/create3_ws/install/irobot_create_control:${AMENT_PREFIX_PATH} CMAKE_PREFIX_PATH=/home/javierac/create3_ws/install/irobot_create_control:/opt/ros/jazzy/opt/gz_sim_vendor:/opt/ros/jazzy/opt/gz_sensors_vendor:/opt/ros/jazzy/opt/gz_physics_vendor:/opt/ros/jazzy/opt/sdformat_vendor:/opt/ros/jazzy/opt/gz_gui_vendor:/opt/ros/jazzy/opt/gz_transport_vendor:/opt/ros/jazzy/opt/gz_rendering_vendor:/opt/ros/jazzy/opt/gz_plugin_vendor:/opt/ros/jazzy/opt/gz_fuel_tools_vendor:/opt/ros/jazzy/opt/gz_msgs_vendor:/opt/ros/jazzy/opt/gz_common_vendor:/opt/ros/jazzy/opt/gz_math_vendor:/opt/ros/jazzy/opt/gz_utils_vendor:/opt/ros/jazzy/opt/gz_tools_vendor:/opt/ros/jazzy/opt/gz_ogre_next_vendor:/opt/ros/jazzy/opt/gz_dartsim_vendor:/opt/ros/jazzy/opt/gz_cmake_vendor:/opt/ros/jazzy /usr/bin/cmake --build /home/javierac/create3_ws/build/irobot_create_description -- -j20 -l20
[2.376s] DEBUG:colcon.colcon_core.event_handler.log_command:Invoked command in '/home/javierac/create3_ws/build/irobot_create_description' returned '0': AMENT_PREFIX_PATH=/home/javierac/create3_ws/install/irobot_create_control:${AMENT_PREFIX_PATH} CMAKE_PREFIX_PATH=/home/javierac/create3_ws/install/irobot_create_control:/opt/ros/jazzy/opt/gz_sim_vendor:/opt/ros/jazzy/opt/gz_sensors_vendor:/opt/ros/jazzy/opt/gz_physics_vendor:/opt/ros/jazzy/opt/sdformat_vendor:/opt/ros/jazzy/opt/gz_gui_vendor:/opt/ros/jazzy/opt/gz_transport_vendor:/opt/ros/jazzy/opt/gz_rendering_vendor:/opt/ros/jazzy/opt/gz_plugin_vendor:/opt/ros/jazzy/opt/gz_fuel_tools_vendor:/opt/ros/jazzy/opt/gz_msgs_vendor:/opt/ros/jazzy/opt/gz_common_vendor:/opt/ros/jazzy/opt/gz_math_vendor:/opt/ros/jazzy/opt/gz_utils_vendor:/opt/ros/jazzy/opt/gz_tools_vendor:/opt/ros/jazzy/opt/gz_ogre_next_vendor:/opt/ros/jazzy/opt/gz_dartsim_vendor:/opt/ros/jazzy/opt/gz_cmake_vendor:/opt/ros/jazzy /usr/bin/cmake --build /home/javierac/create3_ws/build/irobot_create_description -- -j20 -l20
[2.378s] DEBUG:colcon.colcon_core.event_handler.log_command:Invoking command in '/home/javierac/create3_ws/build/irobot_create_description': AMENT_PREFIX_PATH=/home/javierac/create3_ws/install/irobot_create_control:${AMENT_PREFIX_PATH} CMAKE_PREFIX_PATH=/home/javierac/create3_ws/install/irobot_create_control:/opt/ros/jazzy/opt/gz_sim_vendor:/opt/ros/jazzy/opt/gz_sensors_vendor:/opt/ros/jazzy/opt/gz_physics_vendor:/opt/ros/jazzy/opt/sdformat_vendor:/opt/ros/jazzy/opt/gz_gui_vendor:/opt/ros/jazzy/opt/gz_transport_vendor:/opt/ros/jazzy/opt/gz_rendering_vendor:/opt/ros/jazzy/opt/gz_plugin_vendor:/opt/ros/jazzy/opt/gz_fuel_tools_vendor:/opt/ros/jazzy/opt/gz_msgs_vendor:/opt/ros/jazzy/opt/gz_common_vendor:/opt/ros/jazzy/opt/gz_math_vendor:/opt/ros/jazzy/opt/gz_utils_vendor:/opt/ros/jazzy/opt/gz_tools_vendor:/opt/ros/jazzy/opt/gz_ogre_next_vendor:/opt/ros/jazzy/opt/gz_dartsim_vendor:/opt/ros/jazzy/opt/gz_cmake_vendor:/opt/ros/jazzy /usr/bin/cmake --install /home/javierac/create3_ws/build/irobot_create_description
[2.484s] DEBUG:colcon.colcon_core.event_handler.log_command:Invoked command in '/home/javierac/create3_ws/build/irobot_create_toolbox' returned '0': CMAKE_PREFIX_PATH=${CMAKE_PREFIX_PATH}:/opt/ros/jazzy /usr/bin/cmake --build /home/javierac/create3_ws/build/irobot_create_toolbox -- -j20 -l20
[2.485s] DEBUG:colcon.colcon_core.event_handler.log_command:Invoking command in '/home/javierac/create3_ws/build/irobot_create_toolbox': CMAKE_PREFIX_PATH=${CMAKE_PREFIX_PATH}:/opt/ros/jazzy /usr/bin/cmake --install /home/javierac/create3_ws/build/irobot_create_toolbox
[2.711s] Level 1:colcon.colcon_core.environment:create_environment_scripts_only(irobot_create_toolbox)
[2.712s] Level 1:colcon.colcon_core.environment:checking '/home/javierac/create3_ws/install/irobot_create_toolbox' for CMake module files
[2.712s] DEBUG:colcon.colcon_core.event_handler.log_command:Invoked command in '/home/javierac/create3_ws/build/irobot_create_toolbox' returned '0': CMAKE_PREFIX_PATH=${CMAKE_PREFIX_PATH}:/opt/ros/jazzy /usr/bin/cmake --install /home/javierac/create3_ws/build/irobot_create_toolbox
[2.712s] Level 1:colcon.colcon_core.environment:checking '/home/javierac/create3_ws/install/irobot_create_toolbox' for CMake config files
[2.713s] Level 1:colcon.colcon_core.shell:create_environment_hook('irobot_create_toolbox', 'cmake_prefix_path')
[2.713s] INFO:colcon.colcon_core.shell:Creating environment hook '/home/javierac/create3_ws/install/irobot_create_toolbox/share/irobot_create_toolbox/hook/cmake_prefix_path.ps1'
[2.713s] INFO:colcon.colcon_core.shell:Creating environment descriptor '/home/javierac/create3_ws/install/irobot_create_toolbox/share/irobot_create_toolbox/hook/cmake_prefix_path.dsv'
[2.713s] INFO:colcon.colcon_core.shell:Creating environment hook '/home/javierac/create3_ws/install/irobot_create_toolbox/share/irobot_create_toolbox/hook/cmake_prefix_path.sh'
[2.714s] Level 1:colcon.colcon_core.environment:checking '/home/javierac/create3_ws/install/irobot_create_toolbox/lib'
[2.714s] Level 1:colcon.colcon_core.shell:create_environment_hook('irobot_create_toolbox', 'ld_library_path_lib')
[2.714s] INFO:colcon.colcon_core.shell:Creating environment hook '/home/javierac/create3_ws/install/irobot_create_toolbox/share/irobot_create_toolbox/hook/ld_library_path_lib.ps1'
[2.715s] INFO:colcon.colcon_core.shell:Creating environment descriptor '/home/javierac/create3_ws/install/irobot_create_toolbox/share/irobot_create_toolbox/hook/ld_library_path_lib.dsv'
[2.715s] INFO:colcon.colcon_core.shell:Creating environment hook '/home/javierac/create3_ws/install/irobot_create_toolbox/share/irobot_create_toolbox/hook/ld_library_path_lib.sh'
[2.715s] Level 1:colcon.colcon_core.environment:checking '/home/javierac/create3_ws/install/irobot_create_toolbox/bin'
[2.715s] Level 1:colcon.colcon_core.environment:checking '/home/javierac/create3_ws/install/irobot_create_toolbox/lib/pkgconfig/irobot_create_toolbox.pc'
[2.716s] Level 1:colcon.colcon_core.environment:checking '/home/javierac/create3_ws/install/irobot_create_toolbox/lib/python3.12/site-packages'
[2.716s] Level 1:colcon.colcon_core.environment:checking '/home/javierac/create3_ws/install/irobot_create_toolbox/bin'
[2.716s] INFO:colcon.colcon_core.shell:Creating package script '/home/javierac/create3_ws/install/irobot_create_toolbox/share/irobot_create_toolbox/package.ps1'
[2.716s] INFO:colcon.colcon_core.shell:Creating package descriptor '/home/javierac/create3_ws/install/irobot_create_toolbox/share/irobot_create_toolbox/package.dsv'
[2.718s] INFO:colcon.colcon_core.shell:Creating package script '/home/javierac/create3_ws/install/irobot_create_toolbox/share/irobot_create_toolbox/package.sh'
[2.718s] INFO:colcon.colcon_core.shell:Creating package script '/home/javierac/create3_ws/install/irobot_create_toolbox/share/irobot_create_toolbox/package.bash'
[2.719s] INFO:colcon.colcon_core.shell:Creating package script '/home/javierac/create3_ws/install/irobot_create_toolbox/share/irobot_create_toolbox/package.zsh'
[2.719s] Level 1:colcon.colcon_core.environment:create_file_with_runtime_dependencies(/home/javierac/create3_ws/install/irobot_create_toolbox/share/colcon-core/packages/irobot_create_toolbox)
[2.720s] Level 1:colcon.colcon_core.environment:create_environment_scripts_only(irobot_create_toolbox)
[2.720s] Level 1:colcon.colcon_core.environment:checking '/home/javierac/create3_ws/install/irobot_create_toolbox' for CMake module files
[2.722s] Level 1:colcon.colcon_core.environment:checking '/home/javierac/create3_ws/install/irobot_create_toolbox' for CMake config files
[2.722s] Level 1:colcon.colcon_core.shell:create_environment_hook('irobot_create_toolbox', 'cmake_prefix_path')
[2.722s] INFO:colcon.colcon_core.shell:Creating environment hook '/home/javierac/create3_ws/install/irobot_create_toolbox/share/irobot_create_toolbox/hook/cmake_prefix_path.ps1'
[2.723s] INFO:colcon.colcon_core.shell:Creating environment descriptor '/home/javierac/create3_ws/install/irobot_create_toolbox/share/irobot_create_toolbox/hook/cmake_prefix_path.dsv'
[2.724s] INFO:colcon.colcon_core.shell:Creating environment hook '/home/javierac/create3_ws/install/irobot_create_toolbox/share/irobot_create_toolbox/hook/cmake_prefix_path.sh'
[2.725s] Level 1:colcon.colcon_core.environment:checking '/home/javierac/create3_ws/install/irobot_create_toolbox/lib'
[2.725s] Level 1:colcon.colcon_core.shell:create_environment_hook('irobot_create_toolbox', 'ld_library_path_lib')
[2.725s] INFO:colcon.colcon_core.shell:Creating environment hook '/home/javierac/create3_ws/install/irobot_create_toolbox/share/irobot_create_toolbox/hook/ld_library_path_lib.ps1'
[2.726s] INFO:colcon.colcon_core.shell:Creating environment descriptor '/home/javierac/create3_ws/install/irobot_create_toolbox/share/irobot_create_toolbox/hook/ld_library_path_lib.dsv'
[2.726s] INFO:colcon.colcon_core.shell:Creating environment hook '/home/javierac/create3_ws/install/irobot_create_toolbox/share/irobot_create_toolbox/hook/ld_library_path_lib.sh'
[2.727s] Level 1:colcon.colcon_core.environment:checking '/home/javierac/create3_ws/install/irobot_create_toolbox/bin'
[2.727s] Level 1:colcon.colcon_core.environment:checking '/home/javierac/create3_ws/install/irobot_create_toolbox/lib/pkgconfig/irobot_create_toolbox.pc'
[2.727s] Level 1:colcon.colcon_core.environment:checking '/home/javierac/create3_ws/install/irobot_create_toolbox/lib/python3.12/site-packages'
[2.728s] Level 1:colcon.colcon_core.environment:checking '/home/javierac/create3_ws/install/irobot_create_toolbox/bin'
[2.728s] INFO:colcon.colcon_core.shell:Creating package script '/home/javierac/create3_ws/install/irobot_create_toolbox/share/irobot_create_toolbox/package.ps1'
[2.729s] INFO:colcon.colcon_core.shell:Creating package descriptor '/home/javierac/create3_ws/install/irobot_create_toolbox/share/irobot_create_toolbox/package.dsv'
[2.730s] INFO:colcon.colcon_core.shell:Creating package script '/home/javierac/create3_ws/install/irobot_create_toolbox/share/irobot_create_toolbox/package.sh'
[2.731s] INFO:colcon.colcon_core.shell:Creating package script '/home/javierac/create3_ws/install/irobot_create_toolbox/share/irobot_create_toolbox/package.bash'
[2.731s] INFO:colcon.colcon_core.shell:Creating package script '/home/javierac/create3_ws/install/irobot_create_toolbox/share/irobot_create_toolbox/package.zsh'
[2.732s] Level 1:colcon.colcon_core.environment:create_file_with_runtime_dependencies(/home/javierac/create3_ws/install/irobot_create_toolbox/share/colcon-core/packages/irobot_create_toolbox)
[2.733s] INFO:colcon.colcon_ros.task.ament_cmake.build:Building ROS package in '/home/javierac/create3_ws/src/irobot_create_common/irobot_create_nodes' with build type 'ament_cmake'
[2.733s] INFO:colcon.colcon_cmake.task.cmake.build:Building CMake package in '/home/javierac/create3_ws/src/irobot_create_common/irobot_create_nodes'
[2.733s] INFO:colcon.colcon_core.shell:Skip shell extension 'powershell' for command environment: Not usable outside of PowerShell
[2.733s] DEBUG:colcon.colcon_core.shell:Skip shell extension 'dsv' for command environment
[2.738s] INFO:colcon.colcon_ros.task.ament_cmake.build:Building ROS package in '/home/javierac/create3_ws/src/irobot_create_gz/irobot_create_gz_toolbox' with build type 'ament_cmake'
[2.739s] INFO:colcon.colcon_cmake.task.cmake.build:Building CMake package in '/home/javierac/create3_ws/src/irobot_create_gz/irobot_create_gz_toolbox'
[2.739s] INFO:colcon.colcon_core.shell:Skip shell extension 'powershell' for command environment: Not usable outside of PowerShell
[2.739s] DEBUG:colcon.colcon_core.shell:Skip shell extension 'dsv' for command environment
[2.749s] DEBUG:colcon.colcon_core.event_handler.log_command:Invoking command in '/home/javierac/create3_ws/build/irobot_create_nodes': AMENT_PREFIX_PATH=/home/javierac/create3_ws/install/irobot_create_toolbox:${AMENT_PREFIX_PATH} CMAKE_PREFIX_PATH=/home/javierac/create3_ws/install/irobot_create_toolbox:/opt/ros/jazzy/opt/gz_sim_vendor:/opt/ros/jazzy/opt/gz_sensors_vendor:/opt/ros/jazzy/opt/gz_physics_vendor:/opt/ros/jazzy/opt/sdformat_vendor:/opt/ros/jazzy/opt/gz_gui_vendor:/opt/ros/jazzy/opt/gz_transport_vendor:/opt/ros/jazzy/opt/gz_rendering_vendor:/opt/ros/jazzy/opt/gz_plugin_vendor:/opt/ros/jazzy/opt/gz_fuel_tools_vendor:/opt/ros/jazzy/opt/gz_msgs_vendor:/opt/ros/jazzy/opt/gz_common_vendor:/opt/ros/jazzy/opt/gz_math_vendor:/opt/ros/jazzy/opt/gz_utils_vendor:/opt/ros/jazzy/opt/gz_tools_vendor:/opt/ros/jazzy/opt/gz_ogre_next_vendor:/opt/ros/jazzy/opt/gz_dartsim_vendor:/opt/ros/jazzy/opt/gz_cmake_vendor:/opt/ros/jazzy LD_LIBRARY_PATH=/home/javierac/create3_ws/install/irobot_create_toolbox/lib:${LD_LIBRARY_PATH} /usr/bin/cmake /home/javierac/create3_ws/src/irobot_create_common/irobot_create_nodes -DAMENT_CMAKE_SYMLINK_INSTALL=1 -DCMAKE_INSTALL_PREFIX=/home/javierac/create3_ws/install/irobot_create_nodes
[2.752s] DEBUG:colcon.colcon_core.event_handler.log_command:Invoking command in '/home/javierac/create3_ws/build/irobot_create_gz_toolbox': AMENT_PREFIX_PATH=/home/javierac/create3_ws/install/irobot_create_toolbox:${AMENT_PREFIX_PATH} CMAKE_PREFIX_PATH=/home/javierac/create3_ws/install/irobot_create_toolbox:/opt/ros/jazzy/opt/gz_sim_vendor:/opt/ros/jazzy/opt/gz_sensors_vendor:/opt/ros/jazzy/opt/gz_physics_vendor:/opt/ros/jazzy/opt/sdformat_vendor:/opt/ros/jazzy/opt/gz_gui_vendor:/opt/ros/jazzy/opt/gz_transport_vendor:/opt/ros/jazzy/opt/gz_rendering_vendor:/opt/ros/jazzy/opt/gz_plugin_vendor:/opt/ros/jazzy/opt/gz_fuel_tools_vendor:/opt/ros/jazzy/opt/gz_msgs_vendor:/opt/ros/jazzy/opt/gz_common_vendor:/opt/ros/jazzy/opt/gz_math_vendor:/opt/ros/jazzy/opt/gz_utils_vendor:/opt/ros/jazzy/opt/gz_tools_vendor:/opt/ros/jazzy/opt/gz_ogre_next_vendor:/opt/ros/jazzy/opt/gz_dartsim_vendor:/opt/ros/jazzy/opt/gz_cmake_vendor:/opt/ros/jazzy LD_LIBRARY_PATH=/home/javierac/create3_ws/install/irobot_create_toolbox/lib:${LD_LIBRARY_PATH} /usr/bin/cmake /home/javierac/create3_ws/src/irobot_create_gz/irobot_create_gz_toolbox -DAMENT_CMAKE_SYMLINK_INSTALL=1 -DCMAKE_INSTALL_PREFIX=/home/javierac/create3_ws/install/irobot_create_gz_toolbox
[2.779s] Level 1:colcon.colcon_core.environment:create_environment_scripts_only(irobot_create_description)
[2.779s] Level 1:colcon.colcon_core.environment:checking '/home/javierac/create3_ws/install/irobot_create_description' for CMake module files
[2.780s] DEBUG:colcon.colcon_core.event_handler.log_command:Invoked command in '/home/javierac/create3_ws/build/irobot_create_description' returned '0': AMENT_PREFIX_PATH=/home/javierac/create3_ws/install/irobot_create_control:${AMENT_PREFIX_PATH} CMAKE_PREFIX_PATH=/home/javierac/create3_ws/install/irobot_create_control:/opt/ros/jazzy/opt/gz_sim_vendor:/opt/ros/jazzy/opt/gz_sensors_vendor:/opt/ros/jazzy/opt/gz_physics_vendor:/opt/ros/jazzy/opt/sdformat_vendor:/opt/ros/jazzy/opt/gz_gui_vendor:/opt/ros/jazzy/opt/gz_transport_vendor:/opt/ros/jazzy/opt/gz_rendering_vendor:/opt/ros/jazzy/opt/gz_plugin_vendor:/opt/ros/jazzy/opt/gz_fuel_tools_vendor:/opt/ros/jazzy/opt/gz_msgs_vendor:/opt/ros/jazzy/opt/gz_common_vendor:/opt/ros/jazzy/opt/gz_math_vendor:/opt/ros/jazzy/opt/gz_utils_vendor:/opt/ros/jazzy/opt/gz_tools_vendor:/opt/ros/jazzy/opt/gz_ogre_next_vendor:/opt/ros/jazzy/opt/gz_dartsim_vendor:/opt/ros/jazzy/opt/gz_cmake_vendor:/opt/ros/jazzy /usr/bin/cmake --install /home/javierac/create3_ws/build/irobot_create_description
[2.782s] Level 1:colcon.colcon_core.environment:checking '/home/javierac/create3_ws/install/irobot_create_description' for CMake config files
[2.782s] Level 1:colcon.colcon_core.shell:create_environment_hook('irobot_create_description', 'cmake_prefix_path')
[2.783s] INFO:colcon.colcon_core.shell:Creating environment hook '/home/javierac/create3_ws/install/irobot_create_description/share/irobot_create_description/hook/cmake_prefix_path.ps1'
[2.783s] INFO:colcon.colcon_core.shell:Creating environment descriptor '/home/javierac/create3_ws/install/irobot_create_description/share/irobot_create_description/hook/cmake_prefix_path.dsv'
[2.784s] INFO:colcon.colcon_core.shell:Creating environment hook '/home/javierac/create3_ws/install/irobot_create_description/share/irobot_create_description/hook/cmake_prefix_path.sh'
[2.784s] Level 1:colcon.colcon_core.environment:checking '/home/javierac/create3_ws/install/irobot_create_description/bin'
[2.784s] Level 1:colcon.colcon_core.environment:checking '/home/javierac/create3_ws/install/irobot_create_description/lib/pkgconfig/irobot_create_description.pc'
[2.785s] Level 1:colcon.colcon_core.environment:checking '/home/javierac/create3_ws/install/irobot_create_description/lib/python3.12/site-packages'
[2.785s] Level 1:colcon.colcon_core.environment:checking '/home/javierac/create3_ws/install/irobot_create_description/bin'
[2.785s] INFO:colcon.colcon_core.shell:Creating package script '/home/javierac/create3_ws/install/irobot_create_description/share/irobot_create_description/package.ps1'
[2.785s] INFO:colcon.colcon_core.shell:Creating package descriptor '/home/javierac/create3_ws/install/irobot_create_description/share/irobot_create_description/package.dsv'
[2.786s] INFO:colcon.colcon_core.shell:Creating package script '/home/javierac/create3_ws/install/irobot_create_description/share/irobot_create_description/package.sh'
[2.786s] INFO:colcon.colcon_core.shell:Creating package script '/home/javierac/create3_ws/install/irobot_create_description/share/irobot_create_description/package.bash'
[2.786s] INFO:colcon.colcon_core.shell:Creating package script '/home/javierac/create3_ws/install/irobot_create_description/share/irobot_create_description/package.zsh'
[2.787s] Level 1:colcon.colcon_core.environment:create_file_with_runtime_dependencies(/home/javierac/create3_ws/install/irobot_create_description/share/colcon-core/packages/irobot_create_description)
[2.787s] Level 1:colcon.colcon_core.environment:create_environment_scripts_only(irobot_create_description)
[2.787s] Level 1:colcon.colcon_core.environment:checking '/home/javierac/create3_ws/install/irobot_create_description' for CMake module files
[2.788s] Level 1:colcon.colcon_core.environment:checking '/home/javierac/create3_ws/install/irobot_create_description' for CMake config files
[2.788s] Level 1:colcon.colcon_core.shell:create_environment_hook('irobot_create_description', 'cmake_prefix_path')
[2.788s] INFO:colcon.colcon_core.shell:Creating environment hook '/home/javierac/create3_ws/install/irobot_create_description/share/irobot_create_description/hook/cmake_prefix_path.ps1'
[2.788s] INFO:colcon.colcon_core.shell:Creating environment descriptor '/home/javierac/create3_ws/install/irobot_create_description/share/irobot_create_description/hook/cmake_prefix_path.dsv'
[2.789s] INFO:colcon.colcon_core.shell:Creating environment hook '/home/javierac/create3_ws/install/irobot_create_description/share/irobot_create_description/hook/cmake_prefix_path.sh'
[2.789s] Level 1:colcon.colcon_core.environment:checking '/home/javierac/create3_ws/install/irobot_create_description/bin'
[2.789s] Level 1:colcon.colcon_core.environment:checking '/home/javierac/create3_ws/install/irobot_create_description/lib/pkgconfig/irobot_create_description.pc'
[2.789s] Level 1:colcon.colcon_core.environment:checking '/home/javierac/create3_ws/install/irobot_create_description/lib/python3.12/site-packages'
[2.790s] Level 1:colcon.colcon_core.environment:checking '/home/javierac/create3_ws/install/irobot_create_description/bin'
[2.790s] INFO:colcon.colcon_core.shell:Creating package script '/home/javierac/create3_ws/install/irobot_create_description/share/irobot_create_description/package.ps1'
[2.790s] INFO:colcon.colcon_core.shell:Creating package descriptor '/home/javierac/create3_ws/install/irobot_create_description/share/irobot_create_description/package.dsv'
[2.791s] INFO:colcon.colcon_core.shell:Creating package script '/home/javierac/create3_ws/install/irobot_create_description/share/irobot_create_description/package.sh'
[2.791s] INFO:colcon.colcon_core.shell:Creating package script '/home/javierac/create3_ws/install/irobot_create_description/share/irobot_create_description/package.bash'
[2.791s] INFO:colcon.colcon_core.shell:Creating package script '/home/javierac/create3_ws/install/irobot_create_description/share/irobot_create_description/package.zsh'
[2.791s] Level 1:colcon.colcon_core.environment:create_file_with_runtime_dependencies(/home/javierac/create3_ws/install/irobot_create_description/share/colcon-core/packages/irobot_create_description)
[4.895s] DEBUG:colcon.colcon_core.event_handler.log_command:Invoked command in '/home/javierac/create3_ws/build/irobot_create_gz_toolbox' returned '0': AMENT_PREFIX_PATH=/home/javierac/create3_ws/install/irobot_create_toolbox:${AMENT_PREFIX_PATH} CMAKE_PREFIX_PATH=/home/javierac/create3_ws/install/irobot_create_toolbox:/opt/ros/jazzy/opt/gz_sim_vendor:/opt/ros/jazzy/opt/gz_sensors_vendor:/opt/ros/jazzy/opt/gz_physics_vendor:/opt/ros/jazzy/opt/sdformat_vendor:/opt/ros/jazzy/opt/gz_gui_vendor:/opt/ros/jazzy/opt/gz_transport_vendor:/opt/ros/jazzy/opt/gz_rendering_vendor:/opt/ros/jazzy/opt/gz_plugin_vendor:/opt/ros/jazzy/opt/gz_fuel_tools_vendor:/opt/ros/jazzy/opt/gz_msgs_vendor:/opt/ros/jazzy/opt/gz_common_vendor:/opt/ros/jazzy/opt/gz_math_vendor:/opt/ros/jazzy/opt/gz_utils_vendor:/opt/ros/jazzy/opt/gz_tools_vendor:/opt/ros/jazzy/opt/gz_ogre_next_vendor:/opt/ros/jazzy/opt/gz_dartsim_vendor:/opt/ros/jazzy/opt/gz_cmake_vendor:/opt/ros/jazzy LD_LIBRARY_PATH=/home/javierac/create3_ws/install/irobot_create_toolbox/lib:${LD_LIBRARY_PATH} /usr/bin/cmake /home/javierac/create3_ws/src/irobot_create_gz/irobot_create_gz_toolbox -DAMENT_CMAKE_SYMLINK_INSTALL=1 -DCMAKE_INSTALL_PREFIX=/home/javierac/create3_ws/install/irobot_create_gz_toolbox
[4.896s] DEBUG:colcon.colcon_core.event_handler.log_command:Invoking command in '/home/javierac/create3_ws/build/irobot_create_gz_toolbox': AMENT_PREFIX_PATH=/home/javierac/create3_ws/install/irobot_create_toolbox:${AMENT_PREFIX_PATH} CMAKE_PREFIX_PATH=/home/javierac/create3_ws/install/irobot_create_toolbox:/opt/ros/jazzy/opt/gz_sim_vendor:/opt/ros/jazzy/opt/gz_sensors_vendor:/opt/ros/jazzy/opt/gz_physics_vendor:/opt/ros/jazzy/opt/sdformat_vendor:/opt/ros/jazzy/opt/gz_gui_vendor:/opt/ros/jazzy/opt/gz_transport_vendor:/opt/ros/jazzy/opt/gz_rendering_vendor:/opt/ros/jazzy/opt/gz_plugin_vendor:/opt/ros/jazzy/opt/gz_fuel_tools_vendor:/opt/ros/jazzy/opt/gz_msgs_vendor:/opt/ros/jazzy/opt/gz_common_vendor:/opt/ros/jazzy/opt/gz_math_vendor:/opt/ros/jazzy/opt/gz_utils_vendor:/opt/ros/jazzy/opt/gz_tools_vendor:/opt/ros/jazzy/opt/gz_ogre_next_vendor:/opt/ros/jazzy/opt/gz_dartsim_vendor:/opt/ros/jazzy/opt/gz_cmake_vendor:/opt/ros/jazzy LD_LIBRARY_PATH=/home/javierac/create3_ws/install/irobot_create_toolbox/lib:${LD_LIBRARY_PATH} /usr/bin/cmake --build /home/javierac/create3_ws/build/irobot_create_gz_toolbox -- -j20 -l20
[4.942s] DEBUG:colcon.colcon_core.event_handler.log_command:Invoked command in '/home/javierac/create3_ws/build/irobot_create_nodes' returned '0': AMENT_PREFIX_PATH=/home/javierac/create3_ws/install/irobot_create_toolbox:${AMENT_PREFIX_PATH} CMAKE_PREFIX_PATH=/home/javierac/create3_ws/install/irobot_create_toolbox:/opt/ros/jazzy/opt/gz_sim_vendor:/opt/ros/jazzy/opt/gz_sensors_vendor:/opt/ros/jazzy/opt/gz_physics_vendor:/opt/ros/jazzy/opt/sdformat_vendor:/opt/ros/jazzy/opt/gz_gui_vendor:/opt/ros/jazzy/opt/gz_transport_vendor:/opt/ros/jazzy/opt/gz_rendering_vendor:/opt/ros/jazzy/opt/gz_plugin_vendor:/opt/ros/jazzy/opt/gz_fuel_tools_vendor:/opt/ros/jazzy/opt/gz_msgs_vendor:/opt/ros/jazzy/opt/gz_common_vendor:/opt/ros/jazzy/opt/gz_math_vendor:/opt/ros/jazzy/opt/gz_utils_vendor:/opt/ros/jazzy/opt/gz_tools_vendor:/opt/ros/jazzy/opt/gz_ogre_next_vendor:/opt/ros/jazzy/opt/gz_dartsim_vendor:/opt/ros/jazzy/opt/gz_cmake_vendor:/opt/ros/jazzy LD_LIBRARY_PATH=/home/javierac/create3_ws/install/irobot_create_toolbox/lib:${LD_LIBRARY_PATH} /usr/bin/cmake /home/javierac/create3_ws/src/irobot_create_common/irobot_create_nodes -DAMENT_CMAKE_SYMLINK_INSTALL=1 -DCMAKE_INSTALL_PREFIX=/home/javierac/create3_ws/install/irobot_create_nodes
[4.943s] DEBUG:colcon.colcon_core.event_handler.log_command:Invoking command in '/home/javierac/create3_ws/build/irobot_create_nodes': AMENT_PREFIX_PATH=/home/javierac/create3_ws/install/irobot_create_toolbox:${AMENT_PREFIX_PATH} CMAKE_PREFIX_PATH=/home/javierac/create3_ws/install/irobot_create_toolbox:/opt/ros/jazzy/opt/gz_sim_vendor:/opt/ros/jazzy/opt/gz_sensors_vendor:/opt/ros/jazzy/opt/gz_physics_vendor:/opt/ros/jazzy/opt/sdformat_vendor:/opt/ros/jazzy/opt/gz_gui_vendor:/opt/ros/jazzy/opt/gz_transport_vendor:/opt/ros/jazzy/opt/gz_rendering_vendor:/opt/ros/jazzy/opt/gz_plugin_vendor:/opt/ros/jazzy/opt/gz_fuel_tools_vendor:/opt/ros/jazzy/opt/gz_msgs_vendor:/opt/ros/jazzy/opt/gz_common_vendor:/opt/ros/jazzy/opt/gz_math_vendor:/opt/ros/jazzy/opt/gz_utils_vendor:/opt/ros/jazzy/opt/gz_tools_vendor:/opt/ros/jazzy/opt/gz_ogre_next_vendor:/opt/ros/jazzy/opt/gz_dartsim_vendor:/opt/ros/jazzy/opt/gz_cmake_vendor:/opt/ros/jazzy LD_LIBRARY_PATH=/home/javierac/create3_ws/install/irobot_create_toolbox/lib:${LD_LIBRARY_PATH} /usr/bin/cmake --build /home/javierac/create3_ws/build/irobot_create_nodes -- -j20 -l20
[8.113s] DEBUG:colcon.colcon_core.event_handler.log_command:Invoked command in '/home/javierac/create3_ws/build/irobot_create_gz_plugins' returned '0': CMAKE_PREFIX_PATH=${CMAKE_PREFIX_PATH}:/opt/ros/jazzy /usr/bin/cmake --build /home/javierac/create3_ws/build/irobot_create_gz_plugins -- -j20 -l20
[8.116s] DEBUG:colcon.colcon_core.event_handler.log_command:Invoking command in '/home/javierac/create3_ws/build/irobot_create_gz_plugins': CMAKE_PREFIX_PATH=${CMAKE_PREFIX_PATH}:/opt/ros/jazzy /usr/bin/cmake --install /home/javierac/create3_ws/build/irobot_create_gz_plugins
[8.623s] Level 1:colcon.colcon_core.environment:create_environment_scripts_only(irobot_create_gz_plugins)
[8.623s] Level 1:colcon.colcon_core.environment:checking '/home/javierac/create3_ws/install/irobot_create_gz_plugins' for CMake module files
[8.624s] Level 1:colcon.colcon_core.environment:checking '/home/javierac/create3_ws/install/irobot_create_gz_plugins' for CMake config files
[8.625s] Level 1:colcon.colcon_core.shell:create_environment_hook('irobot_create_gz_plugins', 'cmake_prefix_path')
[8.625s] INFO:colcon.colcon_core.shell:Creating environment hook '/home/javierac/create3_ws/install/irobot_create_gz_plugins/share/irobot_create_gz_plugins/hook/cmake_prefix_path.ps1'
[8.626s] INFO:colcon.colcon_core.shell:Creating environment descriptor '/home/javierac/create3_ws/install/irobot_create_gz_plugins/share/irobot_create_gz_plugins/hook/cmake_prefix_path.dsv'
[8.626s] INFO:colcon.colcon_core.shell:Creating environment hook '/home/javierac/create3_ws/install/irobot_create_gz_plugins/share/irobot_create_gz_plugins/hook/cmake_prefix_path.sh'
[8.630s] DEBUG:colcon.colcon_core.event_handler.log_command:Invoked command in '/home/javierac/create3_ws/build/irobot_create_gz_plugins' returned '0': CMAKE_PREFIX_PATH=${CMAKE_PREFIX_PATH}:/opt/ros/jazzy /usr/bin/cmake --install /home/javierac/create3_ws/build/irobot_create_gz_plugins
[8.631s] Level 1:colcon.colcon_core.environment:checking '/home/javierac/create3_ws/install/irobot_create_gz_plugins/bin'
[8.631s] Level 1:colcon.colcon_core.environment:checking '/home/javierac/create3_ws/install/irobot_create_gz_plugins/lib/pkgconfig/irobot_create_gz_plugins.pc'
[8.631s] Level 1:colcon.colcon_core.environment:checking '/home/javierac/create3_ws/install/irobot_create_gz_plugins/lib/python3.12/site-packages'
[8.631s] Level 1:colcon.colcon_core.environment:checking '/home/javierac/create3_ws/install/irobot_create_gz_plugins/bin'
[8.632s] INFO:colcon.colcon_core.shell:Creating package script '/home/javierac/create3_ws/install/irobot_create_gz_plugins/share/irobot_create_gz_plugins/package.ps1'
[8.633s] INFO:colcon.colcon_core.shell:Creating package descriptor '/home/javierac/create3_ws/install/irobot_create_gz_plugins/share/irobot_create_gz_plugins/package.dsv'
[8.633s] INFO:colcon.colcon_core.shell:Creating package script '/home/javierac/create3_ws/install/irobot_create_gz_plugins/share/irobot_create_gz_plugins/package.sh'
[8.637s] INFO:colcon.colcon_core.shell:Creating package script '/home/javierac/create3_ws/install/irobot_create_gz_plugins/share/irobot_create_gz_plugins/package.bash'
[8.638s] INFO:colcon.colcon_core.shell:Creating package script '/home/javierac/create3_ws/install/irobot_create_gz_plugins/share/irobot_create_gz_plugins/package.zsh'
[8.638s] Level 1:colcon.colcon_core.environment:create_file_with_runtime_dependencies(/home/javierac/create3_ws/install/irobot_create_gz_plugins/share/colcon-core/packages/irobot_create_gz_plugins)
[8.639s] Level 1:colcon.colcon_core.environment:create_environment_scripts_only(irobot_create_gz_plugins)
[8.639s] Level 1:colcon.colcon_core.environment:checking '/home/javierac/create3_ws/install/irobot_create_gz_plugins' for CMake module files
[8.643s] Level 1:colcon.colcon_core.environment:checking '/home/javierac/create3_ws/install/irobot_create_gz_plugins' for CMake config files
[8.644s] Level 1:colcon.colcon_core.shell:create_environment_hook('irobot_create_gz_plugins', 'cmake_prefix_path')
[8.644s] INFO:colcon.colcon_core.shell:Creating environment hook '/home/javierac/create3_ws/install/irobot_create_gz_plugins/share/irobot_create_gz_plugins/hook/cmake_prefix_path.ps1'
[8.645s] INFO:colcon.colcon_core.shell:Creating environment descriptor '/home/javierac/create3_ws/install/irobot_create_gz_plugins/share/irobot_create_gz_plugins/hook/cmake_prefix_path.dsv'
[8.645s] INFO:colcon.colcon_core.shell:Creating environment hook '/home/javierac/create3_ws/install/irobot_create_gz_plugins/share/irobot_create_gz_plugins/hook/cmake_prefix_path.sh'
[8.649s] Level 1:colcon.colcon_core.environment:checking '/home/javierac/create3_ws/install/irobot_create_gz_plugins/bin'
[8.649s] Level 1:colcon.colcon_core.environment:checking '/home/javierac/create3_ws/install/irobot_create_gz_plugins/lib/pkgconfig/irobot_create_gz_plugins.pc'
[8.650s] Level 1:colcon.colcon_core.environment:checking '/home/javierac/create3_ws/install/irobot_create_gz_plugins/lib/python3.12/site-packages'
[8.650s] Level 1:colcon.colcon_core.environment:checking '/home/javierac/create3_ws/install/irobot_create_gz_plugins/bin'
[8.650s] INFO:colcon.colcon_core.shell:Creating package script '/home/javierac/create3_ws/install/irobot_create_gz_plugins/share/irobot_create_gz_plugins/package.ps1'
[8.651s] INFO:colcon.colcon_core.shell:Creating package descriptor '/home/javierac/create3_ws/install/irobot_create_gz_plugins/share/irobot_create_gz_plugins/package.dsv'
[8.655s] INFO:colcon.colcon_core.shell:Creating package script '/home/javierac/create3_ws/install/irobot_create_gz_plugins/share/irobot_create_gz_plugins/package.sh'
[8.656s] INFO:colcon.colcon_core.shell:Creating package script '/home/javierac/create3_ws/install/irobot_create_gz_plugins/share/irobot_create_gz_plugins/package.bash'
[8.657s] INFO:colcon.colcon_core.shell:Creating package script '/home/javierac/create3_ws/install/irobot_create_gz_plugins/share/irobot_create_gz_plugins/package.zsh'
[8.657s] Level 1:colcon.colcon_core.environment:create_file_with_runtime_dependencies(/home/javierac/create3_ws/install/irobot_create_gz_plugins/share/colcon-core/packages/irobot_create_gz_plugins)
[31.462s] DEBUG:colcon.colcon_core.event_handler.log_command:Invoked command in '/home/javierac/create3_ws/build/irobot_create_gz_toolbox' returned '0': AMENT_PREFIX_PATH=/home/javierac/create3_ws/install/irobot_create_toolbox:${AMENT_PREFIX_PATH} CMAKE_PREFIX_PATH=/home/javierac/create3_ws/install/irobot_create_toolbox:/opt/ros/jazzy/opt/gz_sim_vendor:/opt/ros/jazzy/opt/gz_sensors_vendor:/opt/ros/jazzy/opt/gz_physics_vendor:/opt/ros/jazzy/opt/sdformat_vendor:/opt/ros/jazzy/opt/gz_gui_vendor:/opt/ros/jazzy/opt/gz_transport_vendor:/opt/ros/jazzy/opt/gz_rendering_vendor:/opt/ros/jazzy/opt/gz_plugin_vendor:/opt/ros/jazzy/opt/gz_fuel_tools_vendor:/opt/ros/jazzy/opt/gz_msgs_vendor:/opt/ros/jazzy/opt/gz_common_vendor:/opt/ros/jazzy/opt/gz_math_vendor:/opt/ros/jazzy/opt/gz_utils_vendor:/opt/ros/jazzy/opt/gz_tools_vendor:/opt/ros/jazzy/opt/gz_ogre_next_vendor:/opt/ros/jazzy/opt/gz_dartsim_vendor:/opt/ros/jazzy/opt/gz_cmake_vendor:/opt/ros/jazzy LD_LIBRARY_PATH=/home/javierac/create3_ws/install/irobot_create_toolbox/lib:${LD_LIBRARY_PATH} /usr/bin/cmake --build /home/javierac/create3_ws/build/irobot_create_gz_toolbox -- -j20 -l20
[31.464s] DEBUG:colcon.colcon_core.event_handler.log_command:Invoking command in '/home/javierac/create3_ws/build/irobot_create_gz_toolbox': AMENT_PREFIX_PATH=/home/javierac/create3_ws/install/irobot_create_toolbox:${AMENT_PREFIX_PATH} CMAKE_PREFIX_PATH=/home/javierac/create3_ws/install/irobot_create_toolbox:/opt/ros/jazzy/opt/gz_sim_vendor:/opt/ros/jazzy/opt/gz_sensors_vendor:/opt/ros/jazzy/opt/gz_physics_vendor:/opt/ros/jazzy/opt/sdformat_vendor:/opt/ros/jazzy/opt/gz_gui_vendor:/opt/ros/jazzy/opt/gz_transport_vendor:/opt/ros/jazzy/opt/gz_rendering_vendor:/opt/ros/jazzy/opt/gz_plugin_vendor:/opt/ros/jazzy/opt/gz_fuel_tools_vendor:/opt/ros/jazzy/opt/gz_msgs_vendor:/opt/ros/jazzy/opt/gz_common_vendor:/opt/ros/jazzy/opt/gz_math_vendor:/opt/ros/jazzy/opt/gz_utils_vendor:/opt/ros/jazzy/opt/gz_tools_vendor:/opt/ros/jazzy/opt/gz_ogre_next_vendor:/opt/ros/jazzy/opt/gz_dartsim_vendor:/opt/ros/jazzy/opt/gz_cmake_vendor:/opt/ros/jazzy LD_LIBRARY_PATH=/home/javierac/create3_ws/install/irobot_create_toolbox/lib:${LD_LIBRARY_PATH} /usr/bin/cmake --install /home/javierac/create3_ws/build/irobot_create_gz_toolbox
[31.827s] Level 1:colcon.colcon_core.environment:create_environment_scripts_only(irobot_create_gz_toolbox)
[31.828s] Level 1:colcon.colcon_core.environment:checking '/home/javierac/create3_ws/install/irobot_create_gz_toolbox' for CMake module files
[31.828s] DEBUG:colcon.colcon_core.event_handler.log_command:Invoked command in '/home/javierac/create3_ws/build/irobot_create_gz_toolbox' returned '0': AMENT_PREFIX_PATH=/home/javierac/create3_ws/install/irobot_create_toolbox:${AMENT_PREFIX_PATH} CMAKE_PREFIX_PATH=/home/javierac/create3_ws/install/irobot_create_toolbox:/opt/ros/jazzy/opt/gz_sim_vendor:/opt/ros/jazzy/opt/gz_sensors_vendor:/opt/ros/jazzy/opt/gz_physics_vendor:/opt/ros/jazzy/opt/sdformat_vendor:/opt/ros/jazzy/opt/gz_gui_vendor:/opt/ros/jazzy/opt/gz_transport_vendor:/opt/ros/jazzy/opt/gz_rendering_vendor:/opt/ros/jazzy/opt/gz_plugin_vendor:/opt/ros/jazzy/opt/gz_fuel_tools_vendor:/opt/ros/jazzy/opt/gz_msgs_vendor:/opt/ros/jazzy/opt/gz_common_vendor:/opt/ros/jazzy/opt/gz_math_vendor:/opt/ros/jazzy/opt/gz_utils_vendor:/opt/ros/jazzy/opt/gz_tools_vendor:/opt/ros/jazzy/opt/gz_ogre_next_vendor:/opt/ros/jazzy/opt/gz_dartsim_vendor:/opt/ros/jazzy/opt/gz_cmake_vendor:/opt/ros/jazzy LD_LIBRARY_PATH=/home/javierac/create3_ws/install/irobot_create_toolbox/lib:${LD_LIBRARY_PATH} /usr/bin/cmake --install /home/javierac/create3_ws/build/irobot_create_gz_toolbox
[31.829s] Level 1:colcon.colcon_core.environment:checking '/home/javierac/create3_ws/install/irobot_create_gz_toolbox' for CMake config files
[31.829s] Level 1:colcon.colcon_core.shell:create_environment_hook('irobot_create_gz_toolbox', 'cmake_prefix_path')
[31.829s] INFO:colcon.colcon_core.shell:Creating environment hook '/home/javierac/create3_ws/install/irobot_create_gz_toolbox/share/irobot_create_gz_toolbox/hook/cmake_prefix_path.ps1'
[31.829s] INFO:colcon.colcon_core.shell:Creating environment descriptor '/home/javierac/create3_ws/install/irobot_create_gz_toolbox/share/irobot_create_gz_toolbox/hook/cmake_prefix_path.dsv'
[31.830s] INFO:colcon.colcon_core.shell:Creating environment hook '/home/javierac/create3_ws/install/irobot_create_gz_toolbox/share/irobot_create_gz_toolbox/hook/cmake_prefix_path.sh'
[31.830s] Level 1:colcon.colcon_core.environment:checking '/home/javierac/create3_ws/install/irobot_create_gz_toolbox/lib'
[31.830s] Level 1:colcon.colcon_core.shell:create_environment_hook('irobot_create_gz_toolbox', 'ld_library_path_lib')
[31.830s] INFO:colcon.colcon_core.shell:Creating environment hook '/home/javierac/create3_ws/install/irobot_create_gz_toolbox/share/irobot_create_gz_toolbox/hook/ld_library_path_lib.ps1'
[31.831s] INFO:colcon.colcon_core.shell:Creating environment descriptor '/home/javierac/create3_ws/install/irobot_create_gz_toolbox/share/irobot_create_gz_toolbox/hook/ld_library_path_lib.dsv'
[31.832s] INFO:colcon.colcon_core.shell:Creating environment hook '/home/javierac/create3_ws/install/irobot_create_gz_toolbox/share/irobot_create_gz_toolbox/hook/ld_library_path_lib.sh'
[31.832s] Level 1:colcon.colcon_core.environment:checking '/home/javierac/create3_ws/install/irobot_create_gz_toolbox/bin'
[31.832s] Level 1:colcon.colcon_core.environment:checking '/home/javierac/create3_ws/install/irobot_create_gz_toolbox/lib/pkgconfig/irobot_create_gz_toolbox.pc'
[31.833s] Level 1:colcon.colcon_core.environment:checking '/home/javierac/create3_ws/install/irobot_create_gz_toolbox/lib/python3.12/site-packages'
[31.833s] Level 1:colcon.colcon_core.environment:checking '/home/javierac/create3_ws/install/irobot_create_gz_toolbox/bin'
[31.834s] INFO:colcon.colcon_core.shell:Creating package script '/home/javierac/create3_ws/install/irobot_create_gz_toolbox/share/irobot_create_gz_toolbox/package.ps1'
[31.834s] INFO:colcon.colcon_core.shell:Creating package descriptor '/home/javierac/create3_ws/install/irobot_create_gz_toolbox/share/irobot_create_gz_toolbox/package.dsv'
[31.835s] INFO:colcon.colcon_core.shell:Creating package script '/home/javierac/create3_ws/install/irobot_create_gz_toolbox/share/irobot_create_gz_toolbox/package.sh'
[31.836s] INFO:colcon.colcon_core.shell:Creating package script '/home/javierac/create3_ws/install/irobot_create_gz_toolbox/share/irobot_create_gz_toolbox/package.bash'
[31.837s] INFO:colcon.colcon_core.shell:Creating package script '/home/javierac/create3_ws/install/irobot_create_gz_toolbox/share/irobot_create_gz_toolbox/package.zsh'
[31.837s] Level 1:colcon.colcon_core.environment:create_file_with_runtime_dependencies(/home/javierac/create3_ws/install/irobot_create_gz_toolbox/share/colcon-core/packages/irobot_create_gz_toolbox)
[31.837s] Level 1:colcon.colcon_core.environment:create_environment_scripts_only(irobot_create_gz_toolbox)
[31.838s] Level 1:colcon.colcon_core.environment:checking '/home/javierac/create3_ws/install/irobot_create_gz_toolbox' for CMake module files
[31.838s] Level 1:colcon.colcon_core.environment:checking '/home/javierac/create3_ws/install/irobot_create_gz_toolbox' for CMake config files
[31.838s] Level 1:colcon.colcon_core.shell:create_environment_hook('irobot_create_gz_toolbox', 'cmake_prefix_path')
[31.838s] INFO:colcon.colcon_core.shell:Creating environment hook '/home/javierac/create3_ws/install/irobot_create_gz_toolbox/share/irobot_create_gz_toolbox/hook/cmake_prefix_path.ps1'
[31.839s] INFO:colcon.colcon_core.shell:Creating environment descriptor '/home/javierac/create3_ws/install/irobot_create_gz_toolbox/share/irobot_create_gz_toolbox/hook/cmake_prefix_path.dsv'
[31.839s] INFO:colcon.colcon_core.shell:Creating environment hook '/home/javierac/create3_ws/install/irobot_create_gz_toolbox/share/irobot_create_gz_toolbox/hook/cmake_prefix_path.sh'
[31.839s] Level 1:colcon.colcon_core.environment:checking '/home/javierac/create3_ws/install/irobot_create_gz_toolbox/lib'
[31.840s] Level 1:colcon.colcon_core.shell:create_environment_hook('irobot_create_gz_toolbox', 'ld_library_path_lib')
[31.840s] INFO:colcon.colcon_core.shell:Creating environment hook '/home/javierac/create3_ws/install/irobot_create_gz_toolbox/share/irobot_create_gz_toolbox/hook/ld_library_path_lib.ps1'
[31.840s] INFO:colcon.colcon_core.shell:Creating environment descriptor '/home/javierac/create3_ws/install/irobot_create_gz_toolbox/share/irobot_create_gz_toolbox/hook/ld_library_path_lib.dsv'
[31.840s] INFO:colcon.colcon_core.shell:Creating environment hook '/home/javierac/create3_ws/install/irobot_create_gz_toolbox/share/irobot_create_gz_toolbox/hook/ld_library_path_lib.sh'
[31.840s] Level 1:colcon.colcon_core.environment:checking '/home/javierac/create3_ws/install/irobot_create_gz_toolbox/bin'
[31.841s] Level 1:colcon.colcon_core.environment:checking '/home/javierac/create3_ws/install/irobot_create_gz_toolbox/lib/pkgconfig/irobot_create_gz_toolbox.pc'
[31.841s] Level 1:colcon.colcon_core.environment:checking '/home/javierac/create3_ws/install/irobot_create_gz_toolbox/lib/python3.12/site-packages'
[31.841s] Level 1:colcon.colcon_core.environment:checking '/home/javierac/create3_ws/install/irobot_create_gz_toolbox/bin'
[31.841s] INFO:colcon.colcon_core.shell:Creating package script '/home/javierac/create3_ws/install/irobot_create_gz_toolbox/share/irobot_create_gz_toolbox/package.ps1'
[31.842s] INFO:colcon.colcon_core.shell:Creating package descriptor '/home/javierac/create3_ws/install/irobot_create_gz_toolbox/share/irobot_create_gz_toolbox/package.dsv'
[31.842s] INFO:colcon.colcon_core.shell:Creating package script '/home/javierac/create3_ws/install/irobot_create_gz_toolbox/share/irobot_create_gz_toolbox/package.sh'
[31.842s] INFO:colcon.colcon_core.shell:Creating package script '/home/javierac/create3_ws/install/irobot_create_gz_toolbox/share/irobot_create_gz_toolbox/package.bash'
[31.843s] INFO:colcon.colcon_core.shell:Creating package script '/home/javierac/create3_ws/install/irobot_create_gz_toolbox/share/irobot_create_gz_toolbox/package.zsh'
[31.843s] Level 1:colcon.colcon_core.environment:create_file_with_runtime_dependencies(/home/javierac/create3_ws/install/irobot_create_gz_toolbox/share/colcon-core/packages/irobot_create_gz_toolbox)
[41.268s] DEBUG:colcon.colcon_core.event_handler.log_command:Invoked command in '/home/javierac/create3_ws/build/irobot_create_nodes' returned '0': AMENT_PREFIX_PATH=/home/javierac/create3_ws/install/irobot_create_toolbox:${AMENT_PREFIX_PATH} CMAKE_PREFIX_PATH=/home/javierac/create3_ws/install/irobot_create_toolbox:/opt/ros/jazzy/opt/gz_sim_vendor:/opt/ros/jazzy/opt/gz_sensors_vendor:/opt/ros/jazzy/opt/gz_physics_vendor:/opt/ros/jazzy/opt/sdformat_vendor:/opt/ros/jazzy/opt/gz_gui_vendor:/opt/ros/jazzy/opt/gz_transport_vendor:/opt/ros/jazzy/opt/gz_rendering_vendor:/opt/ros/jazzy/opt/gz_plugin_vendor:/opt/ros/jazzy/opt/gz_fuel_tools_vendor:/opt/ros/jazzy/opt/gz_msgs_vendor:/opt/ros/jazzy/opt/gz_common_vendor:/opt/ros/jazzy/opt/gz_math_vendor:/opt/ros/jazzy/opt/gz_utils_vendor:/opt/ros/jazzy/opt/gz_tools_vendor:/opt/ros/jazzy/opt/gz_ogre_next_vendor:/opt/ros/jazzy/opt/gz_dartsim_vendor:/opt/ros/jazzy/opt/gz_cmake_vendor:/opt/ros/jazzy LD_LIBRARY_PATH=/home/javierac/create3_ws/install/irobot_create_toolbox/lib:${LD_LIBRARY_PATH} /usr/bin/cmake --build /home/javierac/create3_ws/build/irobot_create_nodes -- -j20 -l20
[41.270s] DEBUG:colcon.colcon_core.event_handler.log_command:Invoking command in '/home/javierac/create3_ws/build/irobot_create_nodes': AMENT_PREFIX_PATH=/home/javierac/create3_ws/install/irobot_create_toolbox:${AMENT_PREFIX_PATH} CMAKE_PREFIX_PATH=/home/javierac/create3_ws/install/irobot_create_toolbox:/opt/ros/jazzy/opt/gz_sim_vendor:/opt/ros/jazzy/opt/gz_sensors_vendor:/opt/ros/jazzy/opt/gz_physics_vendor:/opt/ros/jazzy/opt/sdformat_vendor:/opt/ros/jazzy/opt/gz_gui_vendor:/opt/ros/jazzy/opt/gz_transport_vendor:/opt/ros/jazzy/opt/gz_rendering_vendor:/opt/ros/jazzy/opt/gz_plugin_vendor:/opt/ros/jazzy/opt/gz_fuel_tools_vendor:/opt/ros/jazzy/opt/gz_msgs_vendor:/opt/ros/jazzy/opt/gz_common_vendor:/opt/ros/jazzy/opt/gz_math_vendor:/opt/ros/jazzy/opt/gz_utils_vendor:/opt/ros/jazzy/opt/gz_tools_vendor:/opt/ros/jazzy/opt/gz_ogre_next_vendor:/opt/ros/jazzy/opt/gz_dartsim_vendor:/opt/ros/jazzy/opt/gz_cmake_vendor:/opt/ros/jazzy LD_LIBRARY_PATH=/home/javierac/create3_ws/install/irobot_create_toolbox/lib:${LD_LIBRARY_PATH} /usr/bin/cmake --install /home/javierac/create3_ws/build/irobot_create_nodes
[41.803s] Level 1:colcon.colcon_core.environment:create_environment_scripts_only(irobot_create_nodes)
[41.803s] DEBUG:colcon.colcon_core.event_handler.log_command:Invoked command in '/home/javierac/create3_ws/build/irobot_create_nodes' returned '0': AMENT_PREFIX_PATH=/home/javierac/create3_ws/install/irobot_create_toolbox:${AMENT_PREFIX_PATH} CMAKE_PREFIX_PATH=/home/javierac/create3_ws/install/irobot_create_toolbox:/opt/ros/jazzy/opt/gz_sim_vendor:/opt/ros/jazzy/opt/gz_sensors_vendor:/opt/ros/jazzy/opt/gz_physics_vendor:/opt/ros/jazzy/opt/sdformat_vendor:/opt/ros/jazzy/opt/gz_gui_vendor:/opt/ros/jazzy/opt/gz_transport_vendor:/opt/ros/jazzy/opt/gz_rendering_vendor:/opt/ros/jazzy/opt/gz_plugin_vendor:/opt/ros/jazzy/opt/gz_fuel_tools_vendor:/opt/ros/jazzy/opt/gz_msgs_vendor:/opt/ros/jazzy/opt/gz_common_vendor:/opt/ros/jazzy/opt/gz_math_vendor:/opt/ros/jazzy/opt/gz_utils_vendor:/opt/ros/jazzy/opt/gz_tools_vendor:/opt/ros/jazzy/opt/gz_ogre_next_vendor:/opt/ros/jazzy/opt/gz_dartsim_vendor:/opt/ros/jazzy/opt/gz_cmake_vendor:/opt/ros/jazzy LD_LIBRARY_PATH=/home/javierac/create3_ws/install/irobot_create_toolbox/lib:${LD_LIBRARY_PATH} /usr/bin/cmake --install /home/javierac/create3_ws/build/irobot_create_nodes
[41.804s] Level 1:colcon.colcon_core.environment:checking '/home/javierac/create3_ws/install/irobot_create_nodes' for CMake module files
[41.804s] Level 1:colcon.colcon_core.environment:checking '/home/javierac/create3_ws/install/irobot_create_nodes' for CMake config files
[41.805s] Level 1:colcon.colcon_core.shell:create_environment_hook('irobot_create_nodes', 'cmake_prefix_path')
[41.805s] INFO:colcon.colcon_core.shell:Creating environment hook '/home/javierac/create3_ws/install/irobot_create_nodes/share/irobot_create_nodes/hook/cmake_prefix_path.ps1'
[41.805s] INFO:colcon.colcon_core.shell:Creating environment descriptor '/home/javierac/create3_ws/install/irobot_create_nodes/share/irobot_create_nodes/hook/cmake_prefix_path.dsv'
[41.806s] INFO:colcon.colcon_core.shell:Creating environment hook '/home/javierac/create3_ws/install/irobot_create_nodes/share/irobot_create_nodes/hook/cmake_prefix_path.sh'
[41.806s] Level 1:colcon.colcon_core.environment:checking '/home/javierac/create3_ws/install/irobot_create_nodes/lib'
[41.806s] Level 1:colcon.colcon_core.shell:create_environment_hook('irobot_create_nodes', 'ld_library_path_lib')
[41.806s] INFO:colcon.colcon_core.shell:Creating environment hook '/home/javierac/create3_ws/install/irobot_create_nodes/share/irobot_create_nodes/hook/ld_library_path_lib.ps1'
[41.807s] INFO:colcon.colcon_core.shell:Creating environment descriptor '/home/javierac/create3_ws/install/irobot_create_nodes/share/irobot_create_nodes/hook/ld_library_path_lib.dsv'
[41.807s] INFO:colcon.colcon_core.shell:Creating environment hook '/home/javierac/create3_ws/install/irobot_create_nodes/share/irobot_create_nodes/hook/ld_library_path_lib.sh'
[41.807s] Level 1:colcon.colcon_core.environment:checking '/home/javierac/create3_ws/install/irobot_create_nodes/bin'
[41.807s] Level 1:colcon.colcon_core.environment:checking '/home/javierac/create3_ws/install/irobot_create_nodes/lib/pkgconfig/irobot_create_nodes.pc'
[41.808s] Level 1:colcon.colcon_core.environment:checking '/home/javierac/create3_ws/install/irobot_create_nodes/lib/python3.12/site-packages'
[41.808s] Level 1:colcon.colcon_core.environment:checking '/home/javierac/create3_ws/install/irobot_create_nodes/bin'
[41.808s] INFO:colcon.colcon_core.shell:Creating package script '/home/javierac/create3_ws/install/irobot_create_nodes/share/irobot_create_nodes/package.ps1'
[41.808s] INFO:colcon.colcon_core.shell:Creating package descriptor '/home/javierac/create3_ws/install/irobot_create_nodes/share/irobot_create_nodes/package.dsv'
[41.809s] INFO:colcon.colcon_core.shell:Creating package script '/home/javierac/create3_ws/install/irobot_create_nodes/share/irobot_create_nodes/package.sh'
[41.809s] INFO:colcon.colcon_core.shell:Creating package script '/home/javierac/create3_ws/install/irobot_create_nodes/share/irobot_create_nodes/package.bash'
[41.809s] INFO:colcon.colcon_core.shell:Creating package script '/home/javierac/create3_ws/install/irobot_create_nodes/share/irobot_create_nodes/package.zsh'
[41.810s] Level 1:colcon.colcon_core.environment:create_file_with_runtime_dependencies(/home/javierac/create3_ws/install/irobot_create_nodes/share/colcon-core/packages/irobot_create_nodes)
[41.810s] Level 1:colcon.colcon_core.environment:create_environment_scripts_only(irobot_create_nodes)
[41.810s] Level 1:colcon.colcon_core.environment:checking '/home/javierac/create3_ws/install/irobot_create_nodes' for CMake module files
[41.811s] Level 1:colcon.colcon_core.environment:checking '/home/javierac/create3_ws/install/irobot_create_nodes' for CMake config files
[41.811s] Level 1:colcon.colcon_core.shell:create_environment_hook('irobot_create_nodes', 'cmake_prefix_path')
[41.811s] INFO:colcon.colcon_core.shell:Creating environment hook '/home/javierac/create3_ws/install/irobot_create_nodes/share/irobot_create_nodes/hook/cmake_prefix_path.ps1'
[41.812s] INFO:colcon.colcon_core.shell:Creating environment descriptor '/home/javierac/create3_ws/install/irobot_create_nodes/share/irobot_create_nodes/hook/cmake_prefix_path.dsv'
[41.812s] INFO:colcon.colcon_core.shell:Creating environment hook '/home/javierac/create3_ws/install/irobot_create_nodes/share/irobot_create_nodes/hook/cmake_prefix_path.sh'
[41.813s] Level 1:colcon.colcon_core.environment:checking '/home/javierac/create3_ws/install/irobot_create_nodes/lib'
[41.813s] Level 1:colcon.colcon_core.shell:create_environment_hook('irobot_create_nodes', 'ld_library_path_lib')
[41.813s] INFO:colcon.colcon_core.shell:Creating environment hook '/home/javierac/create3_ws/install/irobot_create_nodes/share/irobot_create_nodes/hook/ld_library_path_lib.ps1'
[41.813s] INFO:colcon.colcon_core.shell:Creating environment descriptor '/home/javierac/create3_ws/install/irobot_create_nodes/share/irobot_create_nodes/hook/ld_library_path_lib.dsv'
[41.814s] INFO:colcon.colcon_core.shell:Creating environment hook '/home/javierac/create3_ws/install/irobot_create_nodes/share/irobot_create_nodes/hook/ld_library_path_lib.sh'
[41.814s] Level 1:colcon.colcon_core.environment:checking '/home/javierac/create3_ws/install/irobot_create_nodes/bin'
[41.814s] Level 1:colcon.colcon_core.environment:checking '/home/javierac/create3_ws/install/irobot_create_nodes/lib/pkgconfig/irobot_create_nodes.pc'
[41.814s] Level 1:colcon.colcon_core.environment:checking '/home/javierac/create3_ws/install/irobot_create_nodes/lib/python3.12/site-packages'
[41.815s] Level 1:colcon.colcon_core.environment:checking '/home/javierac/create3_ws/install/irobot_create_nodes/bin'
[41.815s] INFO:colcon.colcon_core.shell:Creating package script '/home/javierac/create3_ws/install/irobot_create_nodes/share/irobot_create_nodes/package.ps1'
[41.816s] INFO:colcon.colcon_core.shell:Creating package descriptor '/home/javierac/create3_ws/install/irobot_create_nodes/share/irobot_create_nodes/package.dsv'
[41.816s] INFO:colcon.colcon_core.shell:Creating package script '/home/javierac/create3_ws/install/irobot_create_nodes/share/irobot_create_nodes/package.sh'
[41.817s] INFO:colcon.colcon_core.shell:Creating package script '/home/javierac/create3_ws/install/irobot_create_nodes/share/irobot_create_nodes/package.bash'
[41.818s] INFO:colcon.colcon_core.shell:Creating package script '/home/javierac/create3_ws/install/irobot_create_nodes/share/irobot_create_nodes/package.zsh'
[41.818s] Level 1:colcon.colcon_core.environment:create_file_with_runtime_dependencies(/home/javierac/create3_ws/install/irobot_create_nodes/share/colcon-core/packages/irobot_create_nodes)
[41.818s] INFO:colcon.colcon_ros.task.ament_cmake.build:Building ROS package in '/home/javierac/create3_ws/src/irobot_create_common/irobot_create_common_bringup' with build type 'ament_cmake'
[41.818s] INFO:colcon.colcon_cmake.task.cmake.build:Building CMake package in '/home/javierac/create3_ws/src/irobot_create_common/irobot_create_common_bringup'
[41.819s] INFO:colcon.colcon_core.shell:Skip shell extension 'powershell' for command environment: Not usable outside of PowerShell
[41.819s] DEBUG:colcon.colcon_core.shell:Skip shell extension 'dsv' for command environment
[41.837s] DEBUG:colcon.colcon_core.event_handler.log_command:Invoking command in '/home/javierac/create3_ws/build/irobot_create_common_bringup': AMENT_PREFIX_PATH=/home/javierac/create3_ws/install/irobot_create_nodes:/home/javierac/create3_ws/install/irobot_create_description:/home/javierac/create3_ws/install/irobot_create_toolbox:/home/javierac/create3_ws/install/irobot_create_control:${AMENT_PREFIX_PATH} CMAKE_PREFIX_PATH=/home/javierac/create3_ws/install/irobot_create_nodes:/home/javierac/create3_ws/install/irobot_create_description:/home/javierac/create3_ws/install/irobot_create_toolbox:/home/javierac/create3_ws/install/irobot_create_control:/opt/ros/jazzy/opt/gz_sim_vendor:/opt/ros/jazzy/opt/gz_sensors_vendor:/opt/ros/jazzy/opt/gz_physics_vendor:/opt/ros/jazzy/opt/sdformat_vendor:/opt/ros/jazzy/opt/gz_gui_vendor:/opt/ros/jazzy/opt/gz_transport_vendor:/opt/ros/jazzy/opt/gz_rendering_vendor:/opt/ros/jazzy/opt/gz_plugin_vendor:/opt/ros/jazzy/opt/gz_fuel_tools_vendor:/opt/ros/jazzy/opt/gz_msgs_vendor:/opt/ros/jazzy/opt/gz_common_vendor:/opt/ros/jazzy/opt/gz_math_vendor:/opt/ros/jazzy/opt/gz_utils_vendor:/opt/ros/jazzy/opt/gz_tools_vendor:/opt/ros/jazzy/opt/gz_ogre_next_vendor:/opt/ros/jazzy/opt/gz_dartsim_vendor:/opt/ros/jazzy/opt/gz_cmake_vendor:/opt/ros/jazzy LD_LIBRARY_PATH=/home/javierac/create3_ws/install/irobot_create_nodes/lib:/home/javierac/create3_ws/install/irobot_create_toolbox/lib:${LD_LIBRARY_PATH} /usr/bin/cmake /home/javierac/create3_ws/src/irobot_create_common/irobot_create_common_bringup -DAMENT_CMAKE_SYMLINK_INSTALL=1 -DCMAKE_INSTALL_PREFIX=/home/javierac/create3_ws/install/irobot_create_common_bringup
[42.918s] DEBUG:colcon.colcon_core.event_handler.log_command:Invoked command in '/home/javierac/create3_ws/build/irobot_create_common_bringup' returned '0': AMENT_PREFIX_PATH=/home/javierac/create3_ws/install/irobot_create_nodes:/home/javierac/create3_ws/install/irobot_create_description:/home/javierac/create3_ws/install/irobot_create_toolbox:/home/javierac/create3_ws/install/irobot_create_control:${AMENT_PREFIX_PATH} CMAKE_PREFIX_PATH=/home/javierac/create3_ws/install/irobot_create_nodes:/home/javierac/create3_ws/install/irobot_create_description:/home/javierac/create3_ws/install/irobot_create_toolbox:/home/javierac/create3_ws/install/irobot_create_control:/opt/ros/jazzy/opt/gz_sim_vendor:/opt/ros/jazzy/opt/gz_sensors_vendor:/opt/ros/jazzy/opt/gz_physics_vendor:/opt/ros/jazzy/opt/sdformat_vendor:/opt/ros/jazzy/opt/gz_gui_vendor:/opt/ros/jazzy/opt/gz_transport_vendor:/opt/ros/jazzy/opt/gz_rendering_vendor:/opt/ros/jazzy/opt/gz_plugin_vendor:/opt/ros/jazzy/opt/gz_fuel_tools_vendor:/opt/ros/jazzy/opt/gz_msgs_vendor:/opt/ros/jazzy/opt/gz_common_vendor:/opt/ros/jazzy/opt/gz_math_vendor:/opt/ros/jazzy/opt/gz_utils_vendor:/opt/ros/jazzy/opt/gz_tools_vendor:/opt/ros/jazzy/opt/gz_ogre_next_vendor:/opt/ros/jazzy/opt/gz_dartsim_vendor:/opt/ros/jazzy/opt/gz_cmake_vendor:/opt/ros/jazzy LD_LIBRARY_PATH=/home/javierac/create3_ws/install/irobot_create_nodes/lib:/home/javierac/create3_ws/install/irobot_create_toolbox/lib:${LD_LIBRARY_PATH} /usr/bin/cmake /home/javierac/create3_ws/src/irobot_create_common/irobot_create_common_bringup -DAMENT_CMAKE_SYMLINK_INSTALL=1 -DCMAKE_INSTALL_PREFIX=/home/javierac/create3_ws/install/irobot_create_common_bringup
[42.918s] DEBUG:colcon.colcon_core.event_handler.log_command:Invoking command in '/home/javierac/create3_ws/build/irobot_create_common_bringup': AMENT_PREFIX_PATH=/home/javierac/create3_ws/install/irobot_create_nodes:/home/javierac/create3_ws/install/irobot_create_description:/home/javierac/create3_ws/install/irobot_create_toolbox:/home/javierac/create3_ws/install/irobot_create_control:${AMENT_PREFIX_PATH} CMAKE_PREFIX_PATH=/home/javierac/create3_ws/install/irobot_create_nodes:/home/javierac/create3_ws/install/irobot_create_description:/home/javierac/create3_ws/install/irobot_create_toolbox:/home/javierac/create3_ws/install/irobot_create_control:/opt/ros/jazzy/opt/gz_sim_vendor:/opt/ros/jazzy/opt/gz_sensors_vendor:/opt/ros/jazzy/opt/gz_physics_vendor:/opt/ros/jazzy/opt/sdformat_vendor:/opt/ros/jazzy/opt/gz_gui_vendor:/opt/ros/jazzy/opt/gz_transport_vendor:/opt/ros/jazzy/opt/gz_rendering_vendor:/opt/ros/jazzy/opt/gz_plugin_vendor:/opt/ros/jazzy/opt/gz_fuel_tools_vendor:/opt/ros/jazzy/opt/gz_msgs_vendor:/opt/ros/jazzy/opt/gz_common_vendor:/opt/ros/jazzy/opt/gz_math_vendor:/opt/ros/jazzy/opt/gz_utils_vendor:/opt/ros/jazzy/opt/gz_tools_vendor:/opt/ros/jazzy/opt/gz_ogre_next_vendor:/opt/ros/jazzy/opt/gz_dartsim_vendor:/opt/ros/jazzy/opt/gz_cmake_vendor:/opt/ros/jazzy LD_LIBRARY_PATH=/home/javierac/create3_ws/install/irobot_create_nodes/lib:/home/javierac/create3_ws/install/irobot_create_toolbox/lib:${LD_LIBRARY_PATH} /usr/bin/cmake --build /home/javierac/create3_ws/build/irobot_create_common_bringup -- -j20 -l20
[43.369s] DEBUG:colcon.colcon_core.event_handler.log_command:Invoked command in '/home/javierac/create3_ws/build/irobot_create_common_bringup' returned '0': AMENT_PREFIX_PATH=/home/javierac/create3_ws/install/irobot_create_nodes:/home/javierac/create3_ws/install/irobot_create_description:/home/javierac/create3_ws/install/irobot_create_toolbox:/home/javierac/create3_ws/install/irobot_create_control:${AMENT_PREFIX_PATH} CMAKE_PREFIX_PATH=/home/javierac/create3_ws/install/irobot_create_nodes:/home/javierac/create3_ws/install/irobot_create_description:/home/javierac/create3_ws/install/irobot_create_toolbox:/home/javierac/create3_ws/install/irobot_create_control:/opt/ros/jazzy/opt/gz_sim_vendor:/opt/ros/jazzy/opt/gz_sensors_vendor:/opt/ros/jazzy/opt/gz_physics_vendor:/opt/ros/jazzy/opt/sdformat_vendor:/opt/ros/jazzy/opt/gz_gui_vendor:/opt/ros/jazzy/opt/gz_transport_vendor:/opt/ros/jazzy/opt/gz_rendering_vendor:/opt/ros/jazzy/opt/gz_plugin_vendor:/opt/ros/jazzy/opt/gz_fuel_tools_vendor:/opt/ros/jazzy/opt/gz_msgs_vendor:/opt/ros/jazzy/opt/gz_common_vendor:/opt/ros/jazzy/opt/gz_math_vendor:/opt/ros/jazzy/opt/gz_utils_vendor:/opt/ros/jazzy/opt/gz_tools_vendor:/opt/ros/jazzy/opt/gz_ogre_next_vendor:/opt/ros/jazzy/opt/gz_dartsim_vendor:/opt/ros/jazzy/opt/gz_cmake_vendor:/opt/ros/jazzy LD_LIBRARY_PATH=/home/javierac/create3_ws/install/irobot_create_nodes/lib:/home/javierac/create3_ws/install/irobot_create_toolbox/lib:${LD_LIBRARY_PATH} /usr/bin/cmake --build /home/javierac/create3_ws/build/irobot_create_common_bringup -- -j20 -l20
[43.370s] DEBUG:colcon.colcon_core.event_handler.log_command:Invoking command in '/home/javierac/create3_ws/build/irobot_create_common_bringup': AMENT_PREFIX_PATH=/home/javierac/create3_ws/install/irobot_create_nodes:/home/javierac/create3_ws/install/irobot_create_description:/home/javierac/create3_ws/install/irobot_create_toolbox:/home/javierac/create3_ws/install/irobot_create_control:${AMENT_PREFIX_PATH} CMAKE_PREFIX_PATH=/home/javierac/create3_ws/install/irobot_create_nodes:/home/javierac/create3_ws/install/irobot_create_description:/home/javierac/create3_ws/install/irobot_create_toolbox:/home/javierac/create3_ws/install/irobot_create_control:/opt/ros/jazzy/opt/gz_sim_vendor:/opt/ros/jazzy/opt/gz_sensors_vendor:/opt/ros/jazzy/opt/gz_physics_vendor:/opt/ros/jazzy/opt/sdformat_vendor:/opt/ros/jazzy/opt/gz_gui_vendor:/opt/ros/jazzy/opt/gz_transport_vendor:/opt/ros/jazzy/opt/gz_rendering_vendor:/opt/ros/jazzy/opt/gz_plugin_vendor:/opt/ros/jazzy/opt/gz_fuel_tools_vendor:/opt/ros/jazzy/opt/gz_msgs_vendor:/opt/ros/jazzy/opt/gz_common_vendor:/opt/ros/jazzy/opt/gz_math_vendor:/opt/ros/jazzy/opt/gz_utils_vendor:/opt/ros/jazzy/opt/gz_tools_vendor:/opt/ros/jazzy/opt/gz_ogre_next_vendor:/opt/ros/jazzy/opt/gz_dartsim_vendor:/opt/ros/jazzy/opt/gz_cmake_vendor:/opt/ros/jazzy LD_LIBRARY_PATH=/home/javierac/create3_ws/install/irobot_create_nodes/lib:/home/javierac/create3_ws/install/irobot_create_toolbox/lib:${LD_LIBRARY_PATH} /usr/bin/cmake --install /home/javierac/create3_ws/build/irobot_create_common_bringup
[43.821s] Level 1:colcon.colcon_core.environment:create_environment_scripts_only(irobot_create_common_bringup)
[43.821s] Level 1:colcon.colcon_core.environment:checking '/home/javierac/create3_ws/install/irobot_create_common_bringup' for CMake module files
[43.822s] DEBUG:colcon.colcon_core.event_handler.log_command:Invoked command in '/home/javierac/create3_ws/build/irobot_create_common_bringup' returned '0': AMENT_PREFIX_PATH=/home/javierac/create3_ws/install/irobot_create_nodes:/home/javierac/create3_ws/install/irobot_create_description:/home/javierac/create3_ws/install/irobot_create_toolbox:/home/javierac/create3_ws/install/irobot_create_control:${AMENT_PREFIX_PATH} CMAKE_PREFIX_PATH=/home/javierac/create3_ws/install/irobot_create_nodes:/home/javierac/create3_ws/install/irobot_create_description:/home/javierac/create3_ws/install/irobot_create_toolbox:/home/javierac/create3_ws/install/irobot_create_control:/opt/ros/jazzy/opt/gz_sim_vendor:/opt/ros/jazzy/opt/gz_sensors_vendor:/opt/ros/jazzy/opt/gz_physics_vendor:/opt/ros/jazzy/opt/sdformat_vendor:/opt/ros/jazzy/opt/gz_gui_vendor:/opt/ros/jazzy/opt/gz_transport_vendor:/opt/ros/jazzy/opt/gz_rendering_vendor:/opt/ros/jazzy/opt/gz_plugin_vendor:/opt/ros/jazzy/opt/gz_fuel_tools_vendor:/opt/ros/jazzy/opt/gz_msgs_vendor:/opt/ros/jazzy/opt/gz_common_vendor:/opt/ros/jazzy/opt/gz_math_vendor:/opt/ros/jazzy/opt/gz_utils_vendor:/opt/ros/jazzy/opt/gz_tools_vendor:/opt/ros/jazzy/opt/gz_ogre_next_vendor:/opt/ros/jazzy/opt/gz_dartsim_vendor:/opt/ros/jazzy/opt/gz_cmake_vendor:/opt/ros/jazzy LD_LIBRARY_PATH=/home/javierac/create3_ws/install/irobot_create_nodes/lib:/home/javierac/create3_ws/install/irobot_create_toolbox/lib:${LD_LIBRARY_PATH} /usr/bin/cmake --install /home/javierac/create3_ws/build/irobot_create_common_bringup
[43.822s] Level 1:colcon.colcon_core.environment:checking '/home/javierac/create3_ws/install/irobot_create_common_bringup' for CMake config files
[43.822s] Level 1:colcon.colcon_core.shell:create_environment_hook('irobot_create_common_bringup', 'cmake_prefix_path')
[43.822s] INFO:colcon.colcon_core.shell:Creating environment hook '/home/javierac/create3_ws/install/irobot_create_common_bringup/share/irobot_create_common_bringup/hook/cmake_prefix_path.ps1'
[43.823s] INFO:colcon.colcon_core.shell:Creating environment descriptor '/home/javierac/create3_ws/install/irobot_create_common_bringup/share/irobot_create_common_bringup/hook/cmake_prefix_path.dsv'
[43.823s] INFO:colcon.colcon_core.shell:Creating environment hook '/home/javierac/create3_ws/install/irobot_create_common_bringup/share/irobot_create_common_bringup/hook/cmake_prefix_path.sh'
[43.824s] Level 1:colcon.colcon_core.environment:checking '/home/javierac/create3_ws/install/irobot_create_common_bringup/lib'
[43.824s] Level 1:colcon.colcon_core.environment:checking '/home/javierac/create3_ws/install/irobot_create_common_bringup/bin'
[43.824s] Level 1:colcon.colcon_core.environment:checking '/home/javierac/create3_ws/install/irobot_create_common_bringup/lib/pkgconfig/irobot_create_common_bringup.pc'
[43.824s] Level 1:colcon.colcon_core.environment:checking '/home/javierac/create3_ws/install/irobot_create_common_bringup/lib/python3.12/site-packages'
[43.824s] Level 1:colcon.colcon_core.shell:create_environment_hook('irobot_create_common_bringup', 'pythonpath')
[43.825s] INFO:colcon.colcon_core.shell:Creating environment hook '/home/javierac/create3_ws/install/irobot_create_common_bringup/share/irobot_create_common_bringup/hook/pythonpath.ps1'
[43.825s] INFO:colcon.colcon_core.shell:Creating environment descriptor '/home/javierac/create3_ws/install/irobot_create_common_bringup/share/irobot_create_common_bringup/hook/pythonpath.dsv'
[43.825s] INFO:colcon.colcon_core.shell:Creating environment hook '/home/javierac/create3_ws/install/irobot_create_common_bringup/share/irobot_create_common_bringup/hook/pythonpath.sh'
[43.826s] Level 1:colcon.colcon_core.environment:checking '/home/javierac/create3_ws/install/irobot_create_common_bringup/bin'
[43.826s] INFO:colcon.colcon_core.shell:Creating package script '/home/javierac/create3_ws/install/irobot_create_common_bringup/share/irobot_create_common_bringup/package.ps1'
[43.827s] INFO:colcon.colcon_core.shell:Creating package descriptor '/home/javierac/create3_ws/install/irobot_create_common_bringup/share/irobot_create_common_bringup/package.dsv'
[43.827s] INFO:colcon.colcon_core.shell:Creating package script '/home/javierac/create3_ws/install/irobot_create_common_bringup/share/irobot_create_common_bringup/package.sh'
[43.828s] INFO:colcon.colcon_core.shell:Creating package script '/home/javierac/create3_ws/install/irobot_create_common_bringup/share/irobot_create_common_bringup/package.bash'
[43.828s] INFO:colcon.colcon_core.shell:Creating package script '/home/javierac/create3_ws/install/irobot_create_common_bringup/share/irobot_create_common_bringup/package.zsh'
[43.828s] Level 1:colcon.colcon_core.environment:create_file_with_runtime_dependencies(/home/javierac/create3_ws/install/irobot_create_common_bringup/share/colcon-core/packages/irobot_create_common_bringup)
[43.829s] Level 1:colcon.colcon_core.environment:create_environment_scripts_only(irobot_create_common_bringup)
[43.829s] Level 1:colcon.colcon_core.environment:checking '/home/javierac/create3_ws/install/irobot_create_common_bringup' for CMake module files
[43.830s] Level 1:colcon.colcon_core.environment:checking '/home/javierac/create3_ws/install/irobot_create_common_bringup' for CMake config files
[43.830s] Level 1:colcon.colcon_core.shell:create_environment_hook('irobot_create_common_bringup', 'cmake_prefix_path')
[43.830s] INFO:colcon.colcon_core.shell:Creating environment hook '/home/javierac/create3_ws/install/irobot_create_common_bringup/share/irobot_create_common_bringup/hook/cmake_prefix_path.ps1'
[43.831s] INFO:colcon.colcon_core.shell:Creating environment descriptor '/home/javierac/create3_ws/install/irobot_create_common_bringup/share/irobot_create_common_bringup/hook/cmake_prefix_path.dsv'
[43.831s] INFO:colcon.colcon_core.shell:Creating environment hook '/home/javierac/create3_ws/install/irobot_create_common_bringup/share/irobot_create_common_bringup/hook/cmake_prefix_path.sh'
[43.832s] Level 1:colcon.colcon_core.environment:checking '/home/javierac/create3_ws/install/irobot_create_common_bringup/lib'
[43.832s] Level 1:colcon.colcon_core.environment:checking '/home/javierac/create3_ws/install/irobot_create_common_bringup/bin'
[43.832s] Level 1:colcon.colcon_core.environment:checking '/home/javierac/create3_ws/install/irobot_create_common_bringup/lib/pkgconfig/irobot_create_common_bringup.pc'
[43.832s] Level 1:colcon.colcon_core.environment:checking '/home/javierac/create3_ws/install/irobot_create_common_bringup/lib/python3.12/site-packages'
[43.832s] Level 1:colcon.colcon_core.shell:create_environment_hook('irobot_create_common_bringup', 'pythonpath')
[43.832s] INFO:colcon.colcon_core.shell:Creating environment hook '/home/javierac/create3_ws/install/irobot_create_common_bringup/share/irobot_create_common_bringup/hook/pythonpath.ps1'
[43.833s] INFO:colcon.colcon_core.shell:Creating environment descriptor '/home/javierac/create3_ws/install/irobot_create_common_bringup/share/irobot_create_common_bringup/hook/pythonpath.dsv'
[43.833s] INFO:colcon.colcon_core.shell:Creating environment hook '/home/javierac/create3_ws/install/irobot_create_common_bringup/share/irobot_create_common_bringup/hook/pythonpath.sh'
[43.834s] Level 1:colcon.colcon_core.environment:checking '/home/javierac/create3_ws/install/irobot_create_common_bringup/bin'
[43.834s] INFO:colcon.colcon_core.shell:Creating package script '/home/javierac/create3_ws/install/irobot_create_common_bringup/share/irobot_create_common_bringup/package.ps1'
[43.835s] INFO:colcon.colcon_core.shell:Creating package descriptor '/home/javierac/create3_ws/install/irobot_create_common_bringup/share/irobot_create_common_bringup/package.dsv'
[43.835s] INFO:colcon.colcon_core.shell:Creating package script '/home/javierac/create3_ws/install/irobot_create_common_bringup/share/irobot_create_common_bringup/package.sh'
[43.835s] INFO:colcon.colcon_core.shell:Creating package script '/home/javierac/create3_ws/install/irobot_create_common_bringup/share/irobot_create_common_bringup/package.bash'
[43.836s] INFO:colcon.colcon_core.shell:Creating package script '/home/javierac/create3_ws/install/irobot_create_common_bringup/share/irobot_create_common_bringup/package.zsh'
[43.836s] Level 1:colcon.colcon_core.environment:create_file_with_runtime_dependencies(/home/javierac/create3_ws/install/irobot_create_common_bringup/share/colcon-core/packages/irobot_create_common_bringup)
[43.837s] INFO:colcon.colcon_ros.task.ament_cmake.build:Building ROS package in '/home/javierac/create3_ws/src/irobot_create_gz/irobot_create_gz_bringup' with build type 'ament_cmake'
[43.837s] INFO:colcon.colcon_cmake.task.cmake.build:Building CMake package in '/home/javierac/create3_ws/src/irobot_create_gz/irobot_create_gz_bringup'
[43.837s] INFO:colcon.colcon_core.shell:Skip shell extension 'powershell' for command environment: Not usable outside of PowerShell
[43.837s] DEBUG:colcon.colcon_core.shell:Skip shell extension 'dsv' for command environment
[43.860s] DEBUG:colcon.colcon_core.event_handler.log_command:Invoking command in '/home/javierac/create3_ws/build/irobot_create_gz_bringup': AMENT_PREFIX_PATH=/home/javierac/create3_ws/install/irobot_create_common_bringup:/home/javierac/create3_ws/install/irobot_create_nodes:/home/javierac/create3_ws/install/irobot_create_gz_toolbox:/home/javierac/create3_ws/install/irobot_create_description:/home/javierac/create3_ws/install/irobot_create_toolbox:/home/javierac/create3_ws/install/irobot_create_control:${AMENT_PREFIX_PATH} CMAKE_PREFIX_PATH=/home/javierac/create3_ws/install/irobot_create_common_bringup:/home/javierac/create3_ws/install/irobot_create_nodes:/home/javierac/create3_ws/install/irobot_create_gz_toolbox:/home/javierac/create3_ws/install/irobot_create_description:/home/javierac/create3_ws/install/irobot_create_toolbox:/home/javierac/create3_ws/install/irobot_create_control:/opt/ros/jazzy/opt/gz_sim_vendor:/opt/ros/jazzy/opt/gz_sensors_vendor:/opt/ros/jazzy/opt/gz_physics_vendor:/opt/ros/jazzy/opt/sdformat_vendor:/opt/ros/jazzy/opt/gz_gui_vendor:/opt/ros/jazzy/opt/gz_transport_vendor:/opt/ros/jazzy/opt/gz_rendering_vendor:/opt/ros/jazzy/opt/gz_plugin_vendor:/opt/ros/jazzy/opt/gz_fuel_tools_vendor:/opt/ros/jazzy/opt/gz_msgs_vendor:/opt/ros/jazzy/opt/gz_common_vendor:/opt/ros/jazzy/opt/gz_math_vendor:/opt/ros/jazzy/opt/gz_utils_vendor:/opt/ros/jazzy/opt/gz_tools_vendor:/opt/ros/jazzy/opt/gz_ogre_next_vendor:/opt/ros/jazzy/opt/gz_dartsim_vendor:/opt/ros/jazzy/opt/gz_cmake_vendor:/opt/ros/jazzy LD_LIBRARY_PATH=/home/javierac/create3_ws/install/irobot_create_nodes/lib:/home/javierac/create3_ws/install/irobot_create_gz_toolbox/lib:/home/javierac/create3_ws/install/irobot_create_toolbox/lib:${LD_LIBRARY_PATH} PYTHONPATH=/home/javierac/create3_ws/install/irobot_create_common_bringup/lib/python3.12/site-packages:${PYTHONPATH} /usr/bin/cmake /home/javierac/create3_ws/src/irobot_create_gz/irobot_create_gz_bringup -DAMENT_CMAKE_SYMLINK_INSTALL=1 -DCMAKE_INSTALL_PREFIX=/home/javierac/create3_ws/install/irobot_create_gz_bringup
[45.262s] DEBUG:colcon.colcon_core.event_handler.log_command:Invoked command in '/home/javierac/create3_ws/build/irobot_create_gz_bringup' returned '0': AMENT_PREFIX_PATH=/home/javierac/create3_ws/install/irobot_create_common_bringup:/home/javierac/create3_ws/install/irobot_create_nodes:/home/javierac/create3_ws/install/irobot_create_gz_toolbox:/home/javierac/create3_ws/install/irobot_create_description:/home/javierac/create3_ws/install/irobot_create_toolbox:/home/javierac/create3_ws/install/irobot_create_control:${AMENT_PREFIX_PATH} CMAKE_PREFIX_PATH=/home/javierac/create3_ws/install/irobot_create_common_bringup:/home/javierac/create3_ws/install/irobot_create_nodes:/home/javierac/create3_ws/install/irobot_create_gz_toolbox:/home/javierac/create3_ws/install/irobot_create_description:/home/javierac/create3_ws/install/irobot_create_toolbox:/home/javierac/create3_ws/install/irobot_create_control:/opt/ros/jazzy/opt/gz_sim_vendor:/opt/ros/jazzy/opt/gz_sensors_vendor:/opt/ros/jazzy/opt/gz_physics_vendor:/opt/ros/jazzy/opt/sdformat_vendor:/opt/ros/jazzy/opt/gz_gui_vendor:/opt/ros/jazzy/opt/gz_transport_vendor:/opt/ros/jazzy/opt/gz_rendering_vendor:/opt/ros/jazzy/opt/gz_plugin_vendor:/opt/ros/jazzy/opt/gz_fuel_tools_vendor:/opt/ros/jazzy/opt/gz_msgs_vendor:/opt/ros/jazzy/opt/gz_common_vendor:/opt/ros/jazzy/opt/gz_math_vendor:/opt/ros/jazzy/opt/gz_utils_vendor:/opt/ros/jazzy/opt/gz_tools_vendor:/opt/ros/jazzy/opt/gz_ogre_next_vendor:/opt/ros/jazzy/opt/gz_dartsim_vendor:/opt/ros/jazzy/opt/gz_cmake_vendor:/opt/ros/jazzy LD_LIBRARY_PATH=/home/javierac/create3_ws/install/irobot_create_nodes/lib:/home/javierac/create3_ws/install/irobot_create_gz_toolbox/lib:/home/javierac/create3_ws/install/irobot_create_toolbox/lib:${LD_LIBRARY_PATH} PYTHONPATH=/home/javierac/create3_ws/install/irobot_create_common_bringup/lib/python3.12/site-packages:${PYTHONPATH} /usr/bin/cmake /home/javierac/create3_ws/src/irobot_create_gz/irobot_create_gz_bringup -DAMENT_CMAKE_SYMLINK_INSTALL=1 -DCMAKE_INSTALL_PREFIX=/home/javierac/create3_ws/install/irobot_create_gz_bringup
[45.263s] DEBUG:colcon.colcon_core.event_handler.log_command:Invoking command in '/home/javierac/create3_ws/build/irobot_create_gz_bringup': AMENT_PREFIX_PATH=/home/javierac/create3_ws/install/irobot_create_common_bringup:/home/javierac/create3_ws/install/irobot_create_nodes:/home/javierac/create3_ws/install/irobot_create_gz_toolbox:/home/javierac/create3_ws/install/irobot_create_description:/home/javierac/create3_ws/install/irobot_create_toolbox:/home/javierac/create3_ws/install/irobot_create_control:${AMENT_PREFIX_PATH} CMAKE_PREFIX_PATH=/home/javierac/create3_ws/install/irobot_create_common_bringup:/home/javierac/create3_ws/install/irobot_create_nodes:/home/javierac/create3_ws/install/irobot_create_gz_toolbox:/home/javierac/create3_ws/install/irobot_create_description:/home/javierac/create3_ws/install/irobot_create_toolbox:/home/javierac/create3_ws/install/irobot_create_control:/opt/ros/jazzy/opt/gz_sim_vendor:/opt/ros/jazzy/opt/gz_sensors_vendor:/opt/ros/jazzy/opt/gz_physics_vendor:/opt/ros/jazzy/opt/sdformat_vendor:/opt/ros/jazzy/opt/gz_gui_vendor:/opt/ros/jazzy/opt/gz_transport_vendor:/opt/ros/jazzy/opt/gz_rendering_vendor:/opt/ros/jazzy/opt/gz_plugin_vendor:/opt/ros/jazzy/opt/gz_fuel_tools_vendor:/opt/ros/jazzy/opt/gz_msgs_vendor:/opt/ros/jazzy/opt/gz_common_vendor:/opt/ros/jazzy/opt/gz_math_vendor:/opt/ros/jazzy/opt/gz_utils_vendor:/opt/ros/jazzy/opt/gz_tools_vendor:/opt/ros/jazzy/opt/gz_ogre_next_vendor:/opt/ros/jazzy/opt/gz_dartsim_vendor:/opt/ros/jazzy/opt/gz_cmake_vendor:/opt/ros/jazzy LD_LIBRARY_PATH=/home/javierac/create3_ws/install/irobot_create_nodes/lib:/home/javierac/create3_ws/install/irobot_create_gz_toolbox/lib:/home/javierac/create3_ws/install/irobot_create_toolbox/lib:${LD_LIBRARY_PATH} PYTHONPATH=/home/javierac/create3_ws/install/irobot_create_common_bringup/lib/python3.12/site-packages:${PYTHONPATH} /usr/bin/cmake --build /home/javierac/create3_ws/build/irobot_create_gz_bringup -- -j20 -l20
[45.313s] DEBUG:colcon.colcon_core.event_handler.log_command:Invoked command in '/home/javierac/create3_ws/build/irobot_create_gz_bringup' returned '0': AMENT_PREFIX_PATH=/home/javierac/create3_ws/install/irobot_create_common_bringup:/home/javierac/create3_ws/install/irobot_create_nodes:/home/javierac/create3_ws/install/irobot_create_gz_toolbox:/home/javierac/create3_ws/install/irobot_create_description:/home/javierac/create3_ws/install/irobot_create_toolbox:/home/javierac/create3_ws/install/irobot_create_control:${AMENT_PREFIX_PATH} CMAKE_PREFIX_PATH=/home/javierac/create3_ws/install/irobot_create_common_bringup:/home/javierac/create3_ws/install/irobot_create_nodes:/home/javierac/create3_ws/install/irobot_create_gz_toolbox:/home/javierac/create3_ws/install/irobot_create_description:/home/javierac/create3_ws/install/irobot_create_toolbox:/home/javierac/create3_ws/install/irobot_create_control:/opt/ros/jazzy/opt/gz_sim_vendor:/opt/ros/jazzy/opt/gz_sensors_vendor:/opt/ros/jazzy/opt/gz_physics_vendor:/opt/ros/jazzy/opt/sdformat_vendor:/opt/ros/jazzy/opt/gz_gui_vendor:/opt/ros/jazzy/opt/gz_transport_vendor:/opt/ros/jazzy/opt/gz_rendering_vendor:/opt/ros/jazzy/opt/gz_plugin_vendor:/opt/ros/jazzy/opt/gz_fuel_tools_vendor:/opt/ros/jazzy/opt/gz_msgs_vendor:/opt/ros/jazzy/opt/gz_common_vendor:/opt/ros/jazzy/opt/gz_math_vendor:/opt/ros/jazzy/opt/gz_utils_vendor:/opt/ros/jazzy/opt/gz_tools_vendor:/opt/ros/jazzy/opt/gz_ogre_next_vendor:/opt/ros/jazzy/opt/gz_dartsim_vendor:/opt/ros/jazzy/opt/gz_cmake_vendor:/opt/ros/jazzy LD_LIBRARY_PATH=/home/javierac/create3_ws/install/irobot_create_nodes/lib:/home/javierac/create3_ws/install/irobot_create_gz_toolbox/lib:/home/javierac/create3_ws/install/irobot_create_toolbox/lib:${LD_LIBRARY_PATH} PYTHONPATH=/home/javierac/create3_ws/install/irobot_create_common_bringup/lib/python3.12/site-packages:${PYTHONPATH} /usr/bin/cmake --build /home/javierac/create3_ws/build/irobot_create_gz_bringup -- -j20 -l20
[45.314s] DEBUG:colcon.colcon_core.event_handler.log_command:Invoking command in '/home/javierac/create3_ws/build/irobot_create_gz_bringup': AMENT_PREFIX_PATH=/home/javierac/create3_ws/install/irobot_create_common_bringup:/home/javierac/create3_ws/install/irobot_create_nodes:/home/javierac/create3_ws/install/irobot_create_gz_toolbox:/home/javierac/create3_ws/install/irobot_create_description:/home/javierac/create3_ws/install/irobot_create_toolbox:/home/javierac/create3_ws/install/irobot_create_control:${AMENT_PREFIX_PATH} CMAKE_PREFIX_PATH=/home/javierac/create3_ws/install/irobot_create_common_bringup:/home/javierac/create3_ws/install/irobot_create_nodes:/home/javierac/create3_ws/install/irobot_create_gz_toolbox:/home/javierac/create3_ws/install/irobot_create_description:/home/javierac/create3_ws/install/irobot_create_toolbox:/home/javierac/create3_ws/install/irobot_create_control:/opt/ros/jazzy/opt/gz_sim_vendor:/opt/ros/jazzy/opt/gz_sensors_vendor:/opt/ros/jazzy/opt/gz_physics_vendor:/opt/ros/jazzy/opt/sdformat_vendor:/opt/ros/jazzy/opt/gz_gui_vendor:/opt/ros/jazzy/opt/gz_transport_vendor:/opt/ros/jazzy/opt/gz_rendering_vendor:/opt/ros/jazzy/opt/gz_plugin_vendor:/opt/ros/jazzy/opt/gz_fuel_tools_vendor:/opt/ros/jazzy/opt/gz_msgs_vendor:/opt/ros/jazzy/opt/gz_common_vendor:/opt/ros/jazzy/opt/gz_math_vendor:/opt/ros/jazzy/opt/gz_utils_vendor:/opt/ros/jazzy/opt/gz_tools_vendor:/opt/ros/jazzy/opt/gz_ogre_next_vendor:/opt/ros/jazzy/opt/gz_dartsim_vendor:/opt/ros/jazzy/opt/gz_cmake_vendor:/opt/ros/jazzy LD_LIBRARY_PATH=/home/javierac/create3_ws/install/irobot_create_nodes/lib:/home/javierac/create3_ws/install/irobot_create_gz_toolbox/lib:/home/javierac/create3_ws/install/irobot_create_toolbox/lib:${LD_LIBRARY_PATH} PYTHONPATH=/home/javierac/create3_ws/install/irobot_create_common_bringup/lib/python3.12/site-packages:${PYTHONPATH} /usr/bin/cmake --install /home/javierac/create3_ws/build/irobot_create_gz_bringup
[45.581s] Level 1:colcon.colcon_core.environment:create_environment_scripts_only(irobot_create_gz_bringup)
[45.581s] Level 1:colcon.colcon_core.environment:checking '/home/javierac/create3_ws/install/irobot_create_gz_bringup' for CMake module files
[45.581s] DEBUG:colcon.colcon_core.event_handler.log_command:Invoked command in '/home/javierac/create3_ws/build/irobot_create_gz_bringup' returned '0': AMENT_PREFIX_PATH=/home/javierac/create3_ws/install/irobot_create_common_bringup:/home/javierac/create3_ws/install/irobot_create_nodes:/home/javierac/create3_ws/install/irobot_create_gz_toolbox:/home/javierac/create3_ws/install/irobot_create_description:/home/javierac/create3_ws/install/irobot_create_toolbox:/home/javierac/create3_ws/install/irobot_create_control:${AMENT_PREFIX_PATH} CMAKE_PREFIX_PATH=/home/javierac/create3_ws/install/irobot_create_common_bringup:/home/javierac/create3_ws/install/irobot_create_nodes:/home/javierac/create3_ws/install/irobot_create_gz_toolbox:/home/javierac/create3_ws/install/irobot_create_description:/home/javierac/create3_ws/install/irobot_create_toolbox:/home/javierac/create3_ws/install/irobot_create_control:/opt/ros/jazzy/opt/gz_sim_vendor:/opt/ros/jazzy/opt/gz_sensors_vendor:/opt/ros/jazzy/opt/gz_physics_vendor:/opt/ros/jazzy/opt/sdformat_vendor:/opt/ros/jazzy/opt/gz_gui_vendor:/opt/ros/jazzy/opt/gz_transport_vendor:/opt/ros/jazzy/opt/gz_rendering_vendor:/opt/ros/jazzy/opt/gz_plugin_vendor:/opt/ros/jazzy/opt/gz_fuel_tools_vendor:/opt/ros/jazzy/opt/gz_msgs_vendor:/opt/ros/jazzy/opt/gz_common_vendor:/opt/ros/jazzy/opt/gz_math_vendor:/opt/ros/jazzy/opt/gz_utils_vendor:/opt/ros/jazzy/opt/gz_tools_vendor:/opt/ros/jazzy/opt/gz_ogre_next_vendor:/opt/ros/jazzy/opt/gz_dartsim_vendor:/opt/ros/jazzy/opt/gz_cmake_vendor:/opt/ros/jazzy LD_LIBRARY_PATH=/home/javierac/create3_ws/install/irobot_create_nodes/lib:/home/javierac/create3_ws/install/irobot_create_gz_toolbox/lib:/home/javierac/create3_ws/install/irobot_create_toolbox/lib:${LD_LIBRARY_PATH} PYTHONPATH=/home/javierac/create3_ws/install/irobot_create_common_bringup/lib/python3.12/site-packages:${PYTHONPATH} /usr/bin/cmake --install /home/javierac/create3_ws/build/irobot_create_gz_bringup
[45.582s] Level 1:colcon.colcon_core.environment:checking '/home/javierac/create3_ws/install/irobot_create_gz_bringup' for CMake config files
[45.582s] Level 1:colcon.colcon_core.shell:create_environment_hook('irobot_create_gz_bringup', 'cmake_prefix_path')
[45.582s] INFO:colcon.colcon_core.shell:Creating environment hook '/home/javierac/create3_ws/install/irobot_create_gz_bringup/share/irobot_create_gz_bringup/hook/cmake_prefix_path.ps1'
[45.583s] INFO:colcon.colcon_core.shell:Creating environment descriptor '/home/javierac/create3_ws/install/irobot_create_gz_bringup/share/irobot_create_gz_bringup/hook/cmake_prefix_path.dsv'
[45.583s] INFO:colcon.colcon_core.shell:Creating environment hook '/home/javierac/create3_ws/install/irobot_create_gz_bringup/share/irobot_create_gz_bringup/hook/cmake_prefix_path.sh'
[45.583s] Level 1:colcon.colcon_core.environment:checking '/home/javierac/create3_ws/install/irobot_create_gz_bringup/bin'
[45.583s] Level 1:colcon.colcon_core.environment:checking '/home/javierac/create3_ws/install/irobot_create_gz_bringup/lib/pkgconfig/irobot_create_gz_bringup.pc'
[45.584s] Level 1:colcon.colcon_core.environment:checking '/home/javierac/create3_ws/install/irobot_create_gz_bringup/lib/python3.12/site-packages'
[45.584s] Level 1:colcon.colcon_core.environment:checking '/home/javierac/create3_ws/install/irobot_create_gz_bringup/bin'
[45.584s] INFO:colcon.colcon_core.shell:Creating package script '/home/javierac/create3_ws/install/irobot_create_gz_bringup/share/irobot_create_gz_bringup/package.ps1'
[45.584s] INFO:colcon.colcon_core.shell:Creating package descriptor '/home/javierac/create3_ws/install/irobot_create_gz_bringup/share/irobot_create_gz_bringup/package.dsv'
[45.585s] INFO:colcon.colcon_core.shell:Creating package script '/home/javierac/create3_ws/install/irobot_create_gz_bringup/share/irobot_create_gz_bringup/package.sh'
[45.585s] INFO:colcon.colcon_core.shell:Creating package script '/home/javierac/create3_ws/install/irobot_create_gz_bringup/share/irobot_create_gz_bringup/package.bash'
[45.585s] INFO:colcon.colcon_core.shell:Creating package script '/home/javierac/create3_ws/install/irobot_create_gz_bringup/share/irobot_create_gz_bringup/package.zsh'
[45.586s] Level 1:colcon.colcon_core.environment:create_file_with_runtime_dependencies(/home/javierac/create3_ws/install/irobot_create_gz_bringup/share/colcon-core/packages/irobot_create_gz_bringup)
[45.586s] Level 1:colcon.colcon_core.environment:create_environment_scripts_only(irobot_create_gz_bringup)
[45.586s] Level 1:colcon.colcon_core.environment:checking '/home/javierac/create3_ws/install/irobot_create_gz_bringup' for CMake module files
[45.586s] Level 1:colcon.colcon_core.environment:checking '/home/javierac/create3_ws/install/irobot_create_gz_bringup' for CMake config files
[45.587s] Level 1:colcon.colcon_core.shell:create_environment_hook('irobot_create_gz_bringup', 'cmake_prefix_path')
[45.587s] INFO:colcon.colcon_core.shell:Creating environment hook '/home/javierac/create3_ws/install/irobot_create_gz_bringup/share/irobot_create_gz_bringup/hook/cmake_prefix_path.ps1'
[45.587s] INFO:colcon.colcon_core.shell:Creating environment descriptor '/home/javierac/create3_ws/install/irobot_create_gz_bringup/share/irobot_create_gz_bringup/hook/cmake_prefix_path.dsv'
[45.587s] INFO:colcon.colcon_core.shell:Creating environment hook '/home/javierac/create3_ws/install/irobot_create_gz_bringup/share/irobot_create_gz_bringup/hook/cmake_prefix_path.sh'
[45.588s] Level 1:colcon.colcon_core.environment:checking '/home/javierac/create3_ws/install/irobot_create_gz_bringup/bin'
[45.588s] Level 1:colcon.colcon_core.environment:checking '/home/javierac/create3_ws/install/irobot_create_gz_bringup/lib/pkgconfig/irobot_create_gz_bringup.pc'
[45.588s] Level 1:colcon.colcon_core.environment:checking '/home/javierac/create3_ws/install/irobot_create_gz_bringup/lib/python3.12/site-packages'
[45.588s] Level 1:colcon.colcon_core.environment:checking '/home/javierac/create3_ws/install/irobot_create_gz_bringup/bin'
[45.588s] INFO:colcon.colcon_core.shell:Creating package script '/home/javierac/create3_ws/install/irobot_create_gz_bringup/share/irobot_create_gz_bringup/package.ps1'
[45.589s] INFO:colcon.colcon_core.shell:Creating package descriptor '/home/javierac/create3_ws/install/irobot_create_gz_bringup/share/irobot_create_gz_bringup/package.dsv'
[45.589s] INFO:colcon.colcon_core.shell:Creating package script '/home/javierac/create3_ws/install/irobot_create_gz_bringup/share/irobot_create_gz_bringup/package.sh'
[45.590s] INFO:colcon.colcon_core.shell:Creating package script '/home/javierac/create3_ws/install/irobot_create_gz_bringup/share/irobot_create_gz_bringup/package.bash'
[45.590s] INFO:colcon.colcon_core.shell:Creating package script '/home/javierac/create3_ws/install/irobot_create_gz_bringup/share/irobot_create_gz_bringup/package.zsh'
[45.590s] Level 1:colcon.colcon_core.environment:create_file_with_runtime_dependencies(/home/javierac/create3_ws/install/irobot_create_gz_bringup/share/colcon-core/packages/irobot_create_gz_bringup)
[45.591s] INFO:colcon.colcon_ros.task.ament_cmake.build:Building ROS package in '/home/javierac/create3_ws/src/irobot_create_gz/irobot_create_gz_sim' with build type 'ament_cmake'
[45.591s] INFO:colcon.colcon_cmake.task.cmake.build:Building CMake package in '/home/javierac/create3_ws/src/irobot_create_gz/irobot_create_gz_sim'
[45.591s] INFO:colcon.colcon_core.shell:Skip shell extension 'powershell' for command environment: Not usable outside of PowerShell
[45.591s] DEBUG:colcon.colcon_core.shell:Skip shell extension 'dsv' for command environment
[45.613s] DEBUG:colcon.colcon_core.event_handler.log_command:Invoking command in '/home/javierac/create3_ws/build/irobot_create_gz_sim': AMENT_PREFIX_PATH=/home/javierac/create3_ws/install/irobot_create_gz_bringup:/home/javierac/create3_ws/install/irobot_create_common_bringup:/home/javierac/create3_ws/install/irobot_create_nodes:/home/javierac/create3_ws/install/irobot_create_gz_toolbox:/home/javierac/create3_ws/install/irobot_create_description:/home/javierac/create3_ws/install/irobot_create_toolbox:/home/javierac/create3_ws/install/irobot_create_gz_plugins:/home/javierac/create3_ws/install/irobot_create_control:${AMENT_PREFIX_PATH} CMAKE_PREFIX_PATH=/home/javierac/create3_ws/install/irobot_create_gz_bringup:/home/javierac/create3_ws/install/irobot_create_common_bringup:/home/javierac/create3_ws/install/irobot_create_nodes:/home/javierac/create3_ws/install/irobot_create_gz_toolbox:/home/javierac/create3_ws/install/irobot_create_description:/home/javierac/create3_ws/install/irobot_create_toolbox:/home/javierac/create3_ws/install/irobot_create_gz_plugins:/home/javierac/create3_ws/install/irobot_create_control:/opt/ros/jazzy/opt/gz_sim_vendor:/opt/ros/jazzy/opt/gz_sensors_vendor:/opt/ros/jazzy/opt/gz_physics_vendor:/opt/ros/jazzy/opt/sdformat_vendor:/opt/ros/jazzy/opt/gz_gui_vendor:/opt/ros/jazzy/opt/gz_transport_vendor:/opt/ros/jazzy/opt/gz_rendering_vendor:/opt/ros/jazzy/opt/gz_plugin_vendor:/opt/ros/jazzy/opt/gz_fuel_tools_vendor:/opt/ros/jazzy/opt/gz_msgs_vendor:/opt/ros/jazzy/opt/gz_common_vendor:/opt/ros/jazzy/opt/gz_math_vendor:/opt/ros/jazzy/opt/gz_utils_vendor:/opt/ros/jazzy/opt/gz_tools_vendor:/opt/ros/jazzy/opt/gz_ogre_next_vendor:/opt/ros/jazzy/opt/gz_dartsim_vendor:/opt/ros/jazzy/opt/gz_cmake_vendor:/opt/ros/jazzy LD_LIBRARY_PATH=/home/javierac/create3_ws/install/irobot_create_nodes/lib:/home/javierac/create3_ws/install/irobot_create_gz_toolbox/lib:/home/javierac/create3_ws/install/irobot_create_toolbox/lib:${LD_LIBRARY_PATH} PYTHONPATH=/home/javierac/create3_ws/install/irobot_create_common_bringup/lib/python3.12/site-packages:${PYTHONPATH} /usr/bin/cmake /home/javierac/create3_ws/src/irobot_create_gz/irobot_create_gz_sim -DAMENT_CMAKE_SYMLINK_INSTALL=1 -DCMAKE_INSTALL_PREFIX=/home/javierac/create3_ws/install/irobot_create_gz_sim
[46.503s] DEBUG:colcon.colcon_core.event_handler.log_command:Invoked command in '/home/javierac/create3_ws/build/irobot_create_gz_sim' returned '0': AMENT_PREFIX_PATH=/home/javierac/create3_ws/install/irobot_create_gz_bringup:/home/javierac/create3_ws/install/irobot_create_common_bringup:/home/javierac/create3_ws/install/irobot_create_nodes:/home/javierac/create3_ws/install/irobot_create_gz_toolbox:/home/javierac/create3_ws/install/irobot_create_description:/home/javierac/create3_ws/install/irobot_create_toolbox:/home/javierac/create3_ws/install/irobot_create_gz_plugins:/home/javierac/create3_ws/install/irobot_create_control:${AMENT_PREFIX_PATH} CMAKE_PREFIX_PATH=/home/javierac/create3_ws/install/irobot_create_gz_bringup:/home/javierac/create3_ws/install/irobot_create_common_bringup:/home/javierac/create3_ws/install/irobot_create_nodes:/home/javierac/create3_ws/install/irobot_create_gz_toolbox:/home/javierac/create3_ws/install/irobot_create_description:/home/javierac/create3_ws/install/irobot_create_toolbox:/home/javierac/create3_ws/install/irobot_create_gz_plugins:/home/javierac/create3_ws/install/irobot_create_control:/opt/ros/jazzy/opt/gz_sim_vendor:/opt/ros/jazzy/opt/gz_sensors_vendor:/opt/ros/jazzy/opt/gz_physics_vendor:/opt/ros/jazzy/opt/sdformat_vendor:/opt/ros/jazzy/opt/gz_gui_vendor:/opt/ros/jazzy/opt/gz_transport_vendor:/opt/ros/jazzy/opt/gz_rendering_vendor:/opt/ros/jazzy/opt/gz_plugin_vendor:/opt/ros/jazzy/opt/gz_fuel_tools_vendor:/opt/ros/jazzy/opt/gz_msgs_vendor:/opt/ros/jazzy/opt/gz_common_vendor:/opt/ros/jazzy/opt/gz_math_vendor:/opt/ros/jazzy/opt/gz_utils_vendor:/opt/ros/jazzy/opt/gz_tools_vendor:/opt/ros/jazzy/opt/gz_ogre_next_vendor:/opt/ros/jazzy/opt/gz_dartsim_vendor:/opt/ros/jazzy/opt/gz_cmake_vendor:/opt/ros/jazzy LD_LIBRARY_PATH=/home/javierac/create3_ws/install/irobot_create_nodes/lib:/home/javierac/create3_ws/install/irobot_create_gz_toolbox/lib:/home/javierac/create3_ws/install/irobot_create_toolbox/lib:${LD_LIBRARY_PATH} PYTHONPATH=/home/javierac/create3_ws/install/irobot_create_common_bringup/lib/python3.12/site-packages:${PYTHONPATH} /usr/bin/cmake /home/javierac/create3_ws/src/irobot_create_gz/irobot_create_gz_sim -DAMENT_CMAKE_SYMLINK_INSTALL=1 -DCMAKE_INSTALL_PREFIX=/home/javierac/create3_ws/install/irobot_create_gz_sim
[46.503s] DEBUG:colcon.colcon_core.event_handler.log_command:Invoking command in '/home/javierac/create3_ws/build/irobot_create_gz_sim': AMENT_PREFIX_PATH=/home/javierac/create3_ws/install/irobot_create_gz_bringup:/home/javierac/create3_ws/install/irobot_create_common_bringup:/home/javierac/create3_ws/install/irobot_create_nodes:/home/javierac/create3_ws/install/irobot_create_gz_toolbox:/home/javierac/create3_ws/install/irobot_create_description:/home/javierac/create3_ws/install/irobot_create_toolbox:/home/javierac/create3_ws/install/irobot_create_gz_plugins:/home/javierac/create3_ws/install/irobot_create_control:${AMENT_PREFIX_PATH} CMAKE_PREFIX_PATH=/home/javierac/create3_ws/install/irobot_create_gz_bringup:/home/javierac/create3_ws/install/irobot_create_common_bringup:/home/javierac/create3_ws/install/irobot_create_nodes:/home/javierac/create3_ws/install/irobot_create_gz_toolbox:/home/javierac/create3_ws/install/irobot_create_description:/home/javierac/create3_ws/install/irobot_create_toolbox:/home/javierac/create3_ws/install/irobot_create_gz_plugins:/home/javierac/create3_ws/install/irobot_create_control:/opt/ros/jazzy/opt/gz_sim_vendor:/opt/ros/jazzy/opt/gz_sensors_vendor:/opt/ros/jazzy/opt/gz_physics_vendor:/opt/ros/jazzy/opt/sdformat_vendor:/opt/ros/jazzy/opt/gz_gui_vendor:/opt/ros/jazzy/opt/gz_transport_vendor:/opt/ros/jazzy/opt/gz_rendering_vendor:/opt/ros/jazzy/opt/gz_plugin_vendor:/opt/ros/jazzy/opt/gz_fuel_tools_vendor:/opt/ros/jazzy/opt/gz_msgs_vendor:/opt/ros/jazzy/opt/gz_common_vendor:/opt/ros/jazzy/opt/gz_math_vendor:/opt/ros/jazzy/opt/gz_utils_vendor:/opt/ros/jazzy/opt/gz_tools_vendor:/opt/ros/jazzy/opt/gz_ogre_next_vendor:/opt/ros/jazzy/opt/gz_dartsim_vendor:/opt/ros/jazzy/opt/gz_cmake_vendor:/opt/ros/jazzy LD_LIBRARY_PATH=/home/javierac/create3_ws/install/irobot_create_nodes/lib:/home/javierac/create3_ws/install/irobot_create_gz_toolbox/lib:/home/javierac/create3_ws/install/irobot_create_toolbox/lib:${LD_LIBRARY_PATH} PYTHONPATH=/home/javierac/create3_ws/install/irobot_create_common_bringup/lib/python3.12/site-packages:${PYTHONPATH} /usr/bin/cmake --build /home/javierac/create3_ws/build/irobot_create_gz_sim -- -j20 -l20
[46.554s] DEBUG:colcon.colcon_core.event_handler.log_command:Invoked command in '/home/javierac/create3_ws/build/irobot_create_gz_sim' returned '0': AMENT_PREFIX_PATH=/home/javierac/create3_ws/install/irobot_create_gz_bringup:/home/javierac/create3_ws/install/irobot_create_common_bringup:/home/javierac/create3_ws/install/irobot_create_nodes:/home/javierac/create3_ws/install/irobot_create_gz_toolbox:/home/javierac/create3_ws/install/irobot_create_description:/home/javierac/create3_ws/install/irobot_create_toolbox:/home/javierac/create3_ws/install/irobot_create_gz_plugins:/home/javierac/create3_ws/install/irobot_create_control:${AMENT_PREFIX_PATH} CMAKE_PREFIX_PATH=/home/javierac/create3_ws/install/irobot_create_gz_bringup:/home/javierac/create3_ws/install/irobot_create_common_bringup:/home/javierac/create3_ws/install/irobot_create_nodes:/home/javierac/create3_ws/install/irobot_create_gz_toolbox:/home/javierac/create3_ws/install/irobot_create_description:/home/javierac/create3_ws/install/irobot_create_toolbox:/home/javierac/create3_ws/install/irobot_create_gz_plugins:/home/javierac/create3_ws/install/irobot_create_control:/opt/ros/jazzy/opt/gz_sim_vendor:/opt/ros/jazzy/opt/gz_sensors_vendor:/opt/ros/jazzy/opt/gz_physics_vendor:/opt/ros/jazzy/opt/sdformat_vendor:/opt/ros/jazzy/opt/gz_gui_vendor:/opt/ros/jazzy/opt/gz_transport_vendor:/opt/ros/jazzy/opt/gz_rendering_vendor:/opt/ros/jazzy/opt/gz_plugin_vendor:/opt/ros/jazzy/opt/gz_fuel_tools_vendor:/opt/ros/jazzy/opt/gz_msgs_vendor:/opt/ros/jazzy/opt/gz_common_vendor:/opt/ros/jazzy/opt/gz_math_vendor:/opt/ros/jazzy/opt/gz_utils_vendor:/opt/ros/jazzy/opt/gz_tools_vendor:/opt/ros/jazzy/opt/gz_ogre_next_vendor:/opt/ros/jazzy/opt/gz_dartsim_vendor:/opt/ros/jazzy/opt/gz_cmake_vendor:/opt/ros/jazzy LD_LIBRARY_PATH=/home/javierac/create3_ws/install/irobot_create_nodes/lib:/home/javierac/create3_ws/install/irobot_create_gz_toolbox/lib:/home/javierac/create3_ws/install/irobot_create_toolbox/lib:${LD_LIBRARY_PATH} PYTHONPATH=/home/javierac/create3_ws/install/irobot_create_common_bringup/lib/python3.12/site-packages:${PYTHONPATH} /usr/bin/cmake --build /home/javierac/create3_ws/build/irobot_create_gz_sim -- -j20 -l20
[46.555s] DEBUG:colcon.colcon_core.event_handler.log_command:Invoking command in '/home/javierac/create3_ws/build/irobot_create_gz_sim': AMENT_PREFIX_PATH=/home/javierac/create3_ws/install/irobot_create_gz_bringup:/home/javierac/create3_ws/install/irobot_create_common_bringup:/home/javierac/create3_ws/install/irobot_create_nodes:/home/javierac/create3_ws/install/irobot_create_gz_toolbox:/home/javierac/create3_ws/install/irobot_create_description:/home/javierac/create3_ws/install/irobot_create_toolbox:/home/javierac/create3_ws/install/irobot_create_gz_plugins:/home/javierac/create3_ws/install/irobot_create_control:${AMENT_PREFIX_PATH} CMAKE_PREFIX_PATH=/home/javierac/create3_ws/install/irobot_create_gz_bringup:/home/javierac/create3_ws/install/irobot_create_common_bringup:/home/javierac/create3_ws/install/irobot_create_nodes:/home/javierac/create3_ws/install/irobot_create_gz_toolbox:/home/javierac/create3_ws/install/irobot_create_description:/home/javierac/create3_ws/install/irobot_create_toolbox:/home/javierac/create3_ws/install/irobot_create_gz_plugins:/home/javierac/create3_ws/install/irobot_create_control:/opt/ros/jazzy/opt/gz_sim_vendor:/opt/ros/jazzy/opt/gz_sensors_vendor:/opt/ros/jazzy/opt/gz_physics_vendor:/opt/ros/jazzy/opt/sdformat_vendor:/opt/ros/jazzy/opt/gz_gui_vendor:/opt/ros/jazzy/opt/gz_transport_vendor:/opt/ros/jazzy/opt/gz_rendering_vendor:/opt/ros/jazzy/opt/gz_plugin_vendor:/opt/ros/jazzy/opt/gz_fuel_tools_vendor:/opt/ros/jazzy/opt/gz_msgs_vendor:/opt/ros/jazzy/opt/gz_common_vendor:/opt/ros/jazzy/opt/gz_math_vendor:/opt/ros/jazzy/opt/gz_utils_vendor:/opt/ros/jazzy/opt/gz_tools_vendor:/opt/ros/jazzy/opt/gz_ogre_next_vendor:/opt/ros/jazzy/opt/gz_dartsim_vendor:/opt/ros/jazzy/opt/gz_cmake_vendor:/opt/ros/jazzy LD_LIBRARY_PATH=/home/javierac/create3_ws/install/irobot_create_nodes/lib:/home/javierac/create3_ws/install/irobot_create_gz_toolbox/lib:/home/javierac/create3_ws/install/irobot_create_toolbox/lib:${LD_LIBRARY_PATH} PYTHONPATH=/home/javierac/create3_ws/install/irobot_create_common_bringup/lib/python3.12/site-packages:${PYTHONPATH} /usr/bin/cmake --install /home/javierac/create3_ws/build/irobot_create_gz_sim
[46.716s] Level 1:colcon.colcon_core.environment:create_environment_scripts_only(irobot_create_gz_sim)
[46.716s] Level 1:colcon.colcon_core.environment:checking '/home/javierac/create3_ws/install/irobot_create_gz_sim' for CMake module files
[46.717s] DEBUG:colcon.colcon_core.event_handler.log_command:Invoked command in '/home/javierac/create3_ws/build/irobot_create_gz_sim' returned '0': AMENT_PREFIX_PATH=/home/javierac/create3_ws/install/irobot_create_gz_bringup:/home/javierac/create3_ws/install/irobot_create_common_bringup:/home/javierac/create3_ws/install/irobot_create_nodes:/home/javierac/create3_ws/install/irobot_create_gz_toolbox:/home/javierac/create3_ws/install/irobot_create_description:/home/javierac/create3_ws/install/irobot_create_toolbox:/home/javierac/create3_ws/install/irobot_create_gz_plugins:/home/javierac/create3_ws/install/irobot_create_control:${AMENT_PREFIX_PATH} CMAKE_PREFIX_PATH=/home/javierac/create3_ws/install/irobot_create_gz_bringup:/home/javierac/create3_ws/install/irobot_create_common_bringup:/home/javierac/create3_ws/install/irobot_create_nodes:/home/javierac/create3_ws/install/irobot_create_gz_toolbox:/home/javierac/create3_ws/install/irobot_create_description:/home/javierac/create3_ws/install/irobot_create_toolbox:/home/javierac/create3_ws/install/irobot_create_gz_plugins:/home/javierac/create3_ws/install/irobot_create_control:/opt/ros/jazzy/opt/gz_sim_vendor:/opt/ros/jazzy/opt/gz_sensors_vendor:/opt/ros/jazzy/opt/gz_physics_vendor:/opt/ros/jazzy/opt/sdformat_vendor:/opt/ros/jazzy/opt/gz_gui_vendor:/opt/ros/jazzy/opt/gz_transport_vendor:/opt/ros/jazzy/opt/gz_rendering_vendor:/opt/ros/jazzy/opt/gz_plugin_vendor:/opt/ros/jazzy/opt/gz_fuel_tools_vendor:/opt/ros/jazzy/opt/gz_msgs_vendor:/opt/ros/jazzy/opt/gz_common_vendor:/opt/ros/jazzy/opt/gz_math_vendor:/opt/ros/jazzy/opt/gz_utils_vendor:/opt/ros/jazzy/opt/gz_tools_vendor:/opt/ros/jazzy/opt/gz_ogre_next_vendor:/opt/ros/jazzy/opt/gz_dartsim_vendor:/opt/ros/jazzy/opt/gz_cmake_vendor:/opt/ros/jazzy LD_LIBRARY_PATH=/home/javierac/create3_ws/install/irobot_create_nodes/lib:/home/javierac/create3_ws/install/irobot_create_gz_toolbox/lib:/home/javierac/create3_ws/install/irobot_create_toolbox/lib:${LD_LIBRARY_PATH} PYTHONPATH=/home/javierac/create3_ws/install/irobot_create_common_bringup/lib/python3.12/site-packages:${PYTHONPATH} /usr/bin/cmake --install /home/javierac/create3_ws/build/irobot_create_gz_sim
[46.717s] Level 1:colcon.colcon_core.environment:checking '/home/javierac/create3_ws/install/irobot_create_gz_sim' for CMake config files
[46.717s] Level 1:colcon.colcon_core.shell:create_environment_hook('irobot_create_gz_sim', 'cmake_prefix_path')
[46.717s] INFO:colcon.colcon_core.shell:Creating environment hook '/home/javierac/create3_ws/install/irobot_create_gz_sim/share/irobot_create_gz_sim/hook/cmake_prefix_path.ps1'
[46.718s] INFO:colcon.colcon_core.shell:Creating environment descriptor '/home/javierac/create3_ws/install/irobot_create_gz_sim/share/irobot_create_gz_sim/hook/cmake_prefix_path.dsv'
[46.718s] INFO:colcon.colcon_core.shell:Creating environment hook '/home/javierac/create3_ws/install/irobot_create_gz_sim/share/irobot_create_gz_sim/hook/cmake_prefix_path.sh'
[46.718s] Level 1:colcon.colcon_core.environment:checking '/home/javierac/create3_ws/install/irobot_create_gz_sim/bin'
[46.719s] Level 1:colcon.colcon_core.environment:checking '/home/javierac/create3_ws/install/irobot_create_gz_sim/lib/pkgconfig/irobot_create_gz_sim.pc'
[46.719s] Level 1:colcon.colcon_core.environment:checking '/home/javierac/create3_ws/install/irobot_create_gz_sim/lib/python3.12/site-packages'
[46.719s] Level 1:colcon.colcon_core.environment:checking '/home/javierac/create3_ws/install/irobot_create_gz_sim/bin'
[46.719s] INFO:colcon.colcon_core.shell:Creating package script '/home/javierac/create3_ws/install/irobot_create_gz_sim/share/irobot_create_gz_sim/package.ps1'
[46.719s] INFO:colcon.colcon_core.shell:Creating package descriptor '/home/javierac/create3_ws/install/irobot_create_gz_sim/share/irobot_create_gz_sim/package.dsv'
[46.720s] INFO:colcon.colcon_core.shell:Creating package script '/home/javierac/create3_ws/install/irobot_create_gz_sim/share/irobot_create_gz_sim/package.sh'
[46.720s] INFO:colcon.colcon_core.shell:Creating package script '/home/javierac/create3_ws/install/irobot_create_gz_sim/share/irobot_create_gz_sim/package.bash'
[46.720s] INFO:colcon.colcon_core.shell:Creating package script '/home/javierac/create3_ws/install/irobot_create_gz_sim/share/irobot_create_gz_sim/package.zsh'
[46.721s] Level 1:colcon.colcon_core.environment:create_file_with_runtime_dependencies(/home/javierac/create3_ws/install/irobot_create_gz_sim/share/colcon-core/packages/irobot_create_gz_sim)
[46.721s] Level 1:colcon.colcon_core.environment:create_environment_scripts_only(irobot_create_gz_sim)
[46.721s] Level 1:colcon.colcon_core.environment:checking '/home/javierac/create3_ws/install/irobot_create_gz_sim' for CMake module files
[46.722s] Level 1:colcon.colcon_core.environment:checking '/home/javierac/create3_ws/install/irobot_create_gz_sim' for CMake config files
[46.722s] Level 1:colcon.colcon_core.shell:create_environment_hook('irobot_create_gz_sim', 'cmake_prefix_path')
[46.722s] INFO:colcon.colcon_core.shell:Creating environment hook '/home/javierac/create3_ws/install/irobot_create_gz_sim/share/irobot_create_gz_sim/hook/cmake_prefix_path.ps1'
[46.722s] INFO:colcon.colcon_core.shell:Creating environment descriptor '/home/javierac/create3_ws/install/irobot_create_gz_sim/share/irobot_create_gz_sim/hook/cmake_prefix_path.dsv'
[46.722s] INFO:colcon.colcon_core.shell:Creating environment hook '/home/javierac/create3_ws/install/irobot_create_gz_sim/share/irobot_create_gz_sim/hook/cmake_prefix_path.sh'
[46.723s] Level 1:colcon.colcon_core.environment:checking '/home/javierac/create3_ws/install/irobot_create_gz_sim/bin'
[46.723s] Level 1:colcon.colcon_core.environment:checking '/home/javierac/create3_ws/install/irobot_create_gz_sim/lib/pkgconfig/irobot_create_gz_sim.pc'
[46.723s] Level 1:colcon.colcon_core.environment:checking '/home/javierac/create3_ws/install/irobot_create_gz_sim/lib/python3.12/site-packages'
[46.723s] Level 1:colcon.colcon_core.environment:checking '/home/javierac/create3_ws/install/irobot_create_gz_sim/bin'
[46.724s] INFO:colcon.colcon_core.shell:Creating package script '/home/javierac/create3_ws/install/irobot_create_gz_sim/share/irobot_create_gz_sim/package.ps1'
[46.724s] INFO:colcon.colcon_core.shell:Creating package descriptor '/home/javierac/create3_ws/install/irobot_create_gz_sim/share/irobot_create_gz_sim/package.dsv'
[46.724s] INFO:colcon.colcon_core.shell:Creating package script '/home/javierac/create3_ws/install/irobot_create_gz_sim/share/irobot_create_gz_sim/package.sh'
[46.725s] INFO:colcon.colcon_core.shell:Creating package script '/home/javierac/create3_ws/install/irobot_create_gz_sim/share/irobot_create_gz_sim/package.bash'
[46.725s] INFO:colcon.colcon_core.shell:Creating package script '/home/javierac/create3_ws/install/irobot_create_gz_sim/share/irobot_create_gz_sim/package.zsh'
[46.725s] Level 1:colcon.colcon_core.environment:create_file_with_runtime_dependencies(/home/javierac/create3_ws/install/irobot_create_gz_sim/share/colcon-core/packages/irobot_create_gz_sim)
[46.725s] DEBUG:colcon.colcon_parallel_executor.executor.parallel:closing loop
[46.726s] DEBUG:colcon.colcon_parallel_executor.executor.parallel:loop closed
[46.726s] DEBUG:colcon.colcon_parallel_executor.executor.parallel:run_until_complete finished with '0'
[46.726s] DEBUG:colcon.colcon_core.event_reactor:joining thread
[46.737s] INFO:colcon.colcon_core.plugin_system:Skipping extension 'colcon_notification.desktop_notification.notify_send': Could not find 'notify-send'
[46.737s] INFO:colcon.colcon_core.plugin_system:Skipping extension 'colcon_notification.desktop_notification.terminal_notifier': Not used on non-Darwin systems
[46.737s] INFO:colcon.colcon_core.plugin_system:Skipping extension 'colcon_notification.desktop_notification.win32': Not used on non-Windows systems
[46.737s] INFO:colcon.colcon_notification.desktop_notification:Sending desktop notification using 'notify2'
[46.741s] DEBUG:colcon.colcon_notification.desktop_notification.notify2:Failed to initialize notify2: org.freedesktop.DBus.Error.Spawn.ExecFailed: /usr/bin/dbus-launch terminated abnormally without any error message
[46.741s] DEBUG:colcon.colcon_core.event_reactor:joined thread
[46.741s] INFO:colcon.colcon_core.shell:Creating prefix script '/home/javierac/create3_ws/install/local_setup.ps1'
[46.742s] INFO:colcon.colcon_core.shell:Creating prefix util module '/home/javierac/create3_ws/install/_local_setup_util_ps1.py'
[46.744s] INFO:colcon.colcon_core.shell:Creating prefix chain script '/home/javierac/create3_ws/install/setup.ps1'
[46.745s] INFO:colcon.colcon_core.shell:Creating prefix script '/home/javierac/create3_ws/install/local_setup.sh'
[46.746s] INFO:colcon.colcon_core.shell:Creating prefix util module '/home/javierac/create3_ws/install/_local_setup_util_sh.py'
[46.746s] INFO:colcon.colcon_core.shell:Creating prefix chain script '/home/javierac/create3_ws/install/setup.sh'
[46.748s] INFO:colcon.colcon_core.shell:Creating prefix script '/home/javierac/create3_ws/install/local_setup.bash'
[46.748s] INFO:colcon.colcon_core.shell:Creating prefix chain script '/home/javierac/create3_ws/install/setup.bash'
[46.749s] INFO:colcon.colcon_core.shell:Creating prefix script '/home/javierac/create3_ws/install/local_setup.zsh'
[46.750s] INFO:colcon.colcon_core.shell:Creating prefix chain script '/home/javierac/create3_ws/install/setup.zsh'
