episode, reward, success, duration, steps, total_steps, memory length, avg_critic_loss, avg_actor_loss
1, 8.17696322442498, 1, 34.501624245998755, 280, 15279, 15279, 0.041890788823366165, -0.5003039836883545
2, -1.2049432208295912, 2, 8.696346128001096, 67, 15346, 15346, 0.0394146665930748, -0.49564605951309204
3, -3.1962157716043293, 2, 7.139297296000223, 54, 15400, 15400, 0.04670385643839836, -0.49989551305770874
4, -0.9134600305405911, 4, 40.13423701600004, 325, 15725, 15725, 0.042154744267463684, -0.47918635606765747
5, -2.4197760935931, 2, 36.15678106300038, 293, 16018, 16018, 0.038767244666814804, -0.4787270724773407
6, -4.813464112168731, 2, 39.75797405599951, 322, 16340, 16340, 0.04345127195119858, -0.463657408952713
7, 1.7800413387885783, 4, 40.105524474998674, 326, 16666, 16666, 0.044263631105422974, -0.44066572189331055
8, -2.18812276259996, 2, 7.731242609001129, 59, 16725, 16725, 0.0439009815454483, -0.4351164698600769
9, -3.408815551396401, 2, 31.849693518001004, 257, 16982, 16982, 0.04039432480931282, -0.4162681996822357
10, -3.495245155179873, 2, 4.818428591999691, 35, 17017, 17017, 0.05010948330163956, -0.42039498686790466
11, -1.3567639933753526, 2, 21.31675213699964, 171, 17188, 17188, 0.04618505388498306, -0.4038293957710266
12, -0.9303503043465753, 2, 29.010550304999924, 234, 17422, 17422, 0.04205692186951637, -0.40548980236053467
13, 1.3942087737377733, 2, 21.15954120599963, 170, 17592, 17592, 0.03748674318194389, -0.398612380027771
14, -0.9950814826152055, 2, 24.46863057200062, 196, 17788, 17788, 0.03919641673564911, -0.3928666412830353
15, -5.232098790037526, 5, 4.274215479999839, 31, 17819, 17819, 0.033965814858675, -0.3695162534713745
16, -1.1047314417301095, 2, 15.607691490000434, 124, 17943, 17943, 0.044873129576444626, -0.378913015127182
17, -3.3592572761699557, 2, 7.350244491000922, 56, 17999, 17999, 0.044300276786088943, -0.3857336640357971
18, -2.9159894180484116, 2, 6.006697236000036, 45, 18044, 18044, 0.04279998317360878, -0.37325096130371094
19, -1.4399953931570053, 2, 18.03233836199979, 144, 18188, 18188, 0.0475982204079628, -0.3661274015903473
20, 0.009994735759391915, 2, 22.562778367000647, 181, 18369, 18369, 0.040759291499853134, -0.3548540472984314
21, -5.458165413700044, 2, 4.166308421999929, 30, 18399, 18399, 0.046648766845464706, -0.35280799865722656
22, -2.0679203077452257, 2, 9.267626274999202, 72, 18471, 18471, 0.04575016722083092, -0.3515710234642029
23, -2.5436214445726364, 2, 10.823525427000277, 84, 18555, 18555, 0.0393914133310318, -0.34982216358184814
24, -1.5067979553641635, 2, 29.8878838010005, 241, 18796, 18796, 0.03720055893063545, -0.3403022587299347
25, -3.5442100074142218, 2, 4.154788216999805, 30, 18826, 18826, 0.04202984645962715, -0.3375530242919922
26, -0.423604904259264, 2, 19.89757942899996, 159, 18985, 18985, 0.04026886820793152, -0.3230052888393402
27, -0.3703101676692313, 2, 35.17732820200035, 285, 19270, 19270, 0.04091315343976021, -0.31145381927490234
28, -3.07644249801524, 2, 7.424625214000116, 57, 19327, 19327, 0.041047703474760056, -0.3018101453781128
29, 3.97282362639271, 4, 40.15323791300034, 325, 19652, 19652, 0.038830455392599106, -0.29266417026519775
30, -2.9320140096824616, 2, 5.728689036001015, 43, 19695, 19695, 0.04451170936226845, -0.28187209367752075
31, -1.8548154671443626, 2, 11.365239270999155, 89, 19784, 19784, 0.03934068977832794, -0.2864014506340027
32, -3.382471236982383, 2, 14.705145579999225, 116, 19900, 19900, 0.04626285284757614, -0.2763597369194031
33, -3.6618330026976764, 2, 4.162289018999218, 30, 19930, 19930, 0.04967615753412247, -0.2820870578289032
34, -4.035652052378282, 2, 4.933955689999493, 36, 19966, 19966, 0.0383300855755806, -0.2892729640007019
35, 7.393644521084298, 1, 30.414420348999556, 245, 20211, 20211, 0.04766949266195297, -0.2696022689342499
36, -2.7078219192044344, 2, 11.398075161001543, 89, 20300, 20300, 0.04364094138145447, -0.2519744336605072
37, -3.260333701269701, 2, 4.166749682000955, 30, 20330, 20330, 0.04484863951802254, -0.25651341676712036
38, -5.194484210922383, 2, 4.186134081999626, 30, 20360, 20360, 0.04513222351670265, -0.2502891719341278
39, -3.4210053596179932, 2, 5.619713353000407, 42, 20402, 20402, 0.042336493730545044, -0.262123167514801
40, 0.11542079482023837, 4, 40.119780078000986, 324, 20726, 20726, 0.041564155369997025, -0.24591012299060822
41, -0.9081437635468319, 2, 12.297587504999683, 97, 20823, 20823, 0.04661574959754944, -0.2386544942855835
42, 0.9273943027365021, 4, 40.180410830000255, 326, 21149, 21149, 0.04229308292269707, -0.23371726274490356
43, -1.8815376481506974, 2, 7.225021242000366, 55, 21204, 21204, 0.051583126187324524, -0.21893790364265442
44, -2.6049119321396574, 2, 4.934027978999438, 36, 21240, 21240, 0.04589822515845299, -0.2075612097978592
45, -2.8571544001461007, 2, 16.655762263000724, 132, 21372, 21372, 0.04365748167037964, -0.21117210388183594
46, -2.3251321737188846, 2, 10.654068722000375, 83, 21455, 21455, 0.04235236719250679, -0.21757341921329498
47, -2.7413238836452365, 2, 6.704058499000894, 51, 21506, 21506, 0.04051729291677475, -0.19782672822475433
48, -4.422148275189102, 2, 4.176288949998707, 30, 21536, 21536, 0.046064138412475586, -0.21565863490104675
49, -2.8467831865418702, 2, 4.445552854998823, 32, 21568, 21568, 0.047132790088653564, -0.20057927072048187
50, -3.362711050081998, 2, 5.030745726999157, 37, 21605, 21605, 0.047881972044706345, -0.19449131190776825
51, -1.0443428196449531, 2, 11.858043804999397, 93, 21698, 21698, 0.05246097967028618, -0.21014033257961273
52, -1.4230513808433898, 2, 16.671729510999285, 133, 21831, 21831, 0.04347091168165207, -0.19113056361675262
53, -5.304616132751107, 2, 4.173797798999658, 30, 21861, 21861, 0.0676070973277092, -0.2043125182390213
54, -2.5728690954856575, 2, 11.533862828000565, 90, 21951, 21951, 0.04788762331008911, -0.18467466533184052
55, -2.6354317234945484, 2, 11.260708608000641, 88, 22039, 22039, 0.044491324573755264, -0.189344123005867
56, -4.7826355781871825, 2, 4.175337281998509, 30, 22069, 22069, 0.04761146381497383, -0.18887430429458618
57, 0.09230401809327304, 2, 13.107432082000742, 103, 22172, 22172, 0.04995676502585411, -0.18389558792114258
58, -4.799084417405538, 2, 4.166306009999971, 30, 22202, 22202, 0.04736851528286934, -0.1796937733888626
59, -3.556618256145157, 2, 4.207524310000736, 30, 22232, 22232, 0.04557556286454201, -0.18805761635303497
60, -2.616846955381334, 2, 32.53241286999946, 263, 22495, 22495, 0.04547492787241936, -0.17523211240768433
61, -2.236109201912768, 2, 9.451396050999392, 73, 22568, 22568, 0.04862532392144203, -0.15798021852970123
62, -3.799750787205994, 2, 5.094059392000418, 37, 22605, 22605, 0.038653671741485596, -0.17145828902721405
63, -5.258432956412435, 2, 4.180002168999636, 30, 22635, 22635, 0.04126693680882454, -0.16670045256614685
64, -5.53648001793772, 2, 4.189531874999375, 30, 22665, 22665, 0.054375387728214264, -0.15234948694705963
65, -0.37814167118631303, 2, 18.879506126000706, 151, 22816, 22816, 0.048628341406583786, -0.15936025977134705
66, -2.7993641125503927, 2, 7.4748216400003, 57, 22873, 22873, 0.04976992681622505, -0.1504039615392685
67, -3.948748149443418, 2, 4.166745332000573, 30, 22903, 22903, 0.04144555330276489, -0.15115784108638763
68, -2.966746262041852, 2, 9.965487764999125, 77, 22980, 22980, 0.05102544277906418, -0.14877744019031525
69, -1.2754148254171014, 2, 7.757925145999252, 57, 23037, 23037, 0.03963466361165047, -0.14819516241550446
70, -0.9032632471062243, 2, 9.147463115001301, 70, 23107, 23107, 0.048949602991342545, -0.13579700887203217
71, -3.4361819055629894, 2, 6.5264884709995385, 49, 23156, 23156, 0.04520450159907341, -0.1472790688276291
72, -0.37324988620821387, 2, 15.109037864000129, 120, 23276, 23276, 0.050109900534152985, -0.1380443423986435
73, -2.8012958539184183, 2, 8.445709435000026, 65, 23341, 23341, 0.040699027478694916, -0.136393204331398
74, -1.2414401652058586, 2, 10.388567870999395, 81, 23422, 23422, 0.05056232213973999, -0.13530027866363525
75, -3.6367774087702855, 2, 4.1615545640015625, 30, 23452, 23452, 0.05204472318291664, -0.15001434087753296
76, -3.643390572309727, 2, 6.143850233998819, 46, 23498, 23498, 0.05744696781039238, -0.1364181637763977
77, -3.769120601704344, 2, 6.30035920300179, 46, 23544, 23544, 0.05658208951354027, -0.13069388270378113
78, -1.9413867329712957, 2, 13.942132910999135, 108, 23652, 23652, 0.04111919552087784, -0.12976184487342834
79, -4.582202710444108, 2, 13.650062344999242, 107, 23759, 23759, 0.04603399336338043, -0.12802240252494812
80, -3.8096507572336122, 2, 6.744627914000375, 51, 23810, 23810, 0.05572456121444702, -0.12764869630336761
81, -3.0104796508094296, 2, 6.6157105670008605, 50, 23860, 23860, 0.05425738915801048, -0.11530618369579315
82, -0.428560245083645, 2, 16.321926105001694, 129, 23989, 23989, 0.051988400518894196, -0.112949900329113
83, -4.2284690734231845, 2, 11.17527791700013, 87, 24076, 24076, 0.04740031436085701, -0.10987235605716705
84, -1.8695184953976423, 2, 19.608140623999134, 156, 24232, 24232, 0.04576031491160393, -0.10743384808301926
85, -1.2467268020263873, 2, 22.40500188799888, 179, 24411, 24411, 0.05057460814714432, -0.09683916717767715
86, -4.548963567940518, 2, 4.183828073000768, 30, 24441, 24441, 0.05054658278822899, -0.0998053252696991
87, -2.5988341383635998, 2, 6.53574208200007, 49, 24490, 24490, 0.06137716397643089, -0.07816186547279358
88, -1.98553498450201, 2, 8.836509327000385, 68, 24558, 24558, 0.05814018100500107, -0.09103653579950333
89, -4.689521779539064, 2, 4.189714264000941, 30, 24588, 24588, 0.0547020398080349, -0.07801028341054916
90, -4.821208733133972, 2, 4.184096065999256, 30, 24618, 24618, 0.04622204601764679, -0.0939936563372612
91, -4.294144474901259, 2, 5.228356740999516, 38, 24656, 24656, 0.04686281457543373, -0.08566699922084808
92, -2.3215130623430014, 2, 7.403037011999913, 56, 24712, 24712, 0.04728740081191063, -0.0837557390332222
93, -1.6482233487768099, 2, 13.253544295999745, 104, 24816, 24816, 0.05514112859964371, -0.07657842338085175
94, -4.070562720182352, 2, 5.7640920789999655, 43, 24859, 24859, 0.04259156808257103, -0.07859199494123459
95, -2.645470979739912, 2, 12.62882365599944, 99, 24958, 24958, 0.05518919229507446, -0.07189580798149109
96, -0.9559421320855108, 2, 32.41599614900042, 262, 25220, 25220, 0.058541495352983475, -0.06363265961408615
97, -3.5245358144748025, 2, 8.912856791001104, 69, 25289, 25289, 0.05454787239432335, -0.054358553141355515
98, -0.15722404059488326, 2, 22.738306561999707, 183, 25472, 25472, 0.058504264801740646, -0.04709578678011894
99, -1.5232104978058487, 2, 11.225668904000486, 88, 25560, 25560, 0.05886249244213104, -0.04573014751076698
100, -0.586254584370181, 2, 19.67662926400044, 157, 25717, 25717, 0.04819583520293236, -0.04243903607130051
101, -0.9041929053291824, 2, 15.908214277000297, 126, 25843, 25843, 0.05574815720319748, -0.02452102303504944
102, -4.661100209399592, 2, 12.466298886000004, 98, 25941, 25941, 0.060405001044273376, -0.01881019026041031
103, -2.6530426177537265, 2, 11.949471206000453, 94, 26035, 26035, 0.05831897631287575, -0.01224827766418457
104, -3.2123002341249958, 2, 7.768961492000017, 59, 26094, 26094, 0.056299641728401184, -0.02353516034781933
105, -4.807607032940723, 2, 4.185277065000264, 30, 26124, 26124, 0.05956277996301651, -0.012047173455357552
106, -4.5073256195755675, 2, 4.180895973000588, 30, 26154, 26154, 0.05647314339876175, 0.0017406459664925933
107, -0.44637540777330287, 2, 33.7749095320014, 273, 26427, 26427, 0.05130347982048988, -0.004759255796670914
108, -3.610308645758778, 2, 12.120104722000178, 95, 26522, 26522, 0.05059405788779259, 0.018608298152685165
109, -2.0002707085222937, 2, 12.082441203001508, 95, 26617, 26617, 0.054548077285289764, 0.019062908366322517
110, -4.385878239059821, 2, 14.306494503000067, 113, 26730, 26730, 0.05652733892202377, 0.027831776067614555
111, -2.901407052297145, 2, 12.490117566998379, 98, 26828, 26828, 0.059471070766448975, 0.03470775485038757
112, -3.0950830982765183, 2, 5.895049077000294, 44, 26872, 26872, 0.05771327018737793, 0.055344901978969574
113, -3.60194319835864, 2, 6.980801232999511, 53, 26925, 26925, 0.060302652418613434, 0.028139987960457802
114, -0.5722990203066729, 2, 20.01520259499921, 160, 27085, 27085, 0.04824194312095642, 0.039128273725509644
115, -0.6306455701706, 2, 26.275118705998466, 211, 27296, 27296, 0.04901609942317009, 0.049774084240198135
116, -3.1145304198144004, 2, 7.247502207999787, 55, 27351, 27351, 0.05641637742519379, 0.056107860058546066
117, -5.4850001843879, 2, 4.186567176000608, 30, 27381, 27381, 0.05713077262043953, 0.042960118502378464
118, 7.342728596828238, 1, 25.41265526799907, 204, 27585, 27585, 0.05629695579409599, 0.07008427381515503
119, -3.7495059007778764, 2, 4.181938269000966, 30, 27615, 27615, 0.05314124375581741, 0.07102064788341522
120, -3.786456150235608, 2, 10.465246567999202, 81, 27696, 27696, 0.05756450444459915, 0.07804141938686371
121, -4.134206414222717, 2, 4.775644770999861, 35, 27731, 27731, 0.05884348228573799, 0.09115424007177353
122, 1.3574826201729593, 4, 40.168575416999374, 326, 28057, 28057, 0.0573793463408947, 0.09682773798704147
123, -4.195631433045492, 2, 5.221319792999566, 38, 28095, 28095, 0.04808550328016281, 0.08241734653711319
124, -0.6116696648532525, 2, 12.453991729000336, 98, 28193, 28193, 0.05786871537566185, 0.11945145577192307
125, -4.351282532559708, 2, 4.167636424999728, 30, 28223, 28223, 0.05216612294316292, 0.09905203431844711
126, -3.6690644678892568, 2, 4.897057821999624, 36, 28259, 28259, 0.056566111743450165, 0.09672811627388
127, -3.7850517713231966, 2, 4.179578969000431, 30, 28289, 28289, 0.07162655889987946, 0.10492550581693649
128, 8.038918316044146, 1, 32.43987269200079, 261, 28550, 28550, 0.05892311409115791, 0.1226830780506134
129, -5.157596136792563, 2, 4.1868853050000325, 30, 28580, 28580, 0.053975917398929596, 0.1286301165819168
130, -1.2371279015787877, 2, 15.421249140999862, 122, 28702, 28702, 0.0540730357170105, 0.12307794392108917
131, -2.563043141970411, 2, 7.851477170999715, 60, 28762, 28762, 0.058192379772663116, 0.1358511596918106
132, -3.755423831054941, 2, 9.638224326999989, 75, 28837, 28837, 0.04475567862391472, 0.14066757261753082
133, -1.7553295837715268, 2, 7.56749974000013, 58, 28895, 28895, 0.06086745485663414, 0.14726988971233368
134, -3.2507972478633747, 2, 5.623395996999534, 42, 28937, 28937, 0.05576080456376076, 0.1495964378118515
135, -0.2120647681877017, 2, 20.0603554850004, 160, 29097, 29097, 0.05982952564954758, 0.153220534324646
136, -2.9662221817998216, 2, 5.959255538999059, 44, 29141, 29141, 0.05572989210486412, 0.1695721298456192
137, -3.1435521679231897, 2, 15.038087109000116, 119, 29260, 29260, 0.052986666560173035, 0.15690363943576813
138, -3.4545631273649633, 2, 5.640042541999719, 42, 29302, 29302, 0.05458218604326248, 0.1745305061340332
139, -4.552215508418158, 2, 4.20629302999987, 30, 29332, 29332, 0.05980368331074715, 0.15738268196582794
140, -1.8246138795511797, 2, 7.656509723999989, 59, 29391, 29391, 0.0492270402610302, 0.17980559170246124
141, -1.011008435543772, 2, 34.86368244500045, 281, 29672, 29672, 0.053689535707235336, 0.18121986091136932
142, -1.2552090903066073, 2, 21.77998895699966, 174, 29846, 29846, 0.056534431874752045, 0.20089586079120636
143, -3.5950738777028164, 2, 11.1329984039985, 87, 29933, 29933, 0.05698898434638977, 0.2081766426563263
144, -3.717953581304755, 2, 13.77749747300004, 108, 30041, 30041, 0.05151956155896187, 0.20568065345287323
145, -4.5792154289083555, 2, 4.427569031999155, 32, 30073, 30073, 0.06257493793964386, 0.21762511134147644
146, 2.26620831922628, 4, 40.11520985000061, 325, 30398, 30398, 0.05618266761302948, 0.22374173998832703
147, -1.3520063133037183, 2, 30.627703010000914, 247, 30645, 30645, 0.05299574136734009, 0.2382175624370575
148, -0.477556288940832, 2, 12.804210846999922, 101, 30746, 30746, 0.056804388761520386, 0.24603064358234406
149, -3.29725465842057, 2, 5.081648445999235, 37, 30783, 30783, 0.0644378587603569, 0.24399980902671814
150, -2.2841602977132425, 2, 14.333857175000958, 113, 30896, 30896, 0.054121050983667374, 0.2612028121948242
151, 1.2111798678524792, 4, 40.12556360999952, 325, 31221, 31221, 0.05426624044775963, 0.2699560225009918
152, -3.7429476401302963, 2, 4.1788494949996675, 30, 31251, 31251, 0.06213708594441414, 0.2720196545124054
153, -0.8056280974997208, 2, 12.886062068000683, 102, 31353, 31353, 0.050573673099279404, 0.2908937931060791
154, -0.9455396385747008, 2, 36.139465259000644, 293, 31646, 31646, 0.05209888145327568, 0.30107226967811584
155, -4.8124649790115654, 2, 4.171769141999903, 30, 31676, 31676, 0.052854180335998535, 0.3041180372238159
156, -3.52282067516353, 2, 4.553148933000557, 33, 31709, 31709, 0.05107231065630913, 0.3305645287036896
157, -3.70554686858668, 2, 10.94501391599988, 85, 31794, 31794, 0.054341625422239304, 0.3140363097190857
158, -2.4117351891472936, 2, 5.867509892999806, 44, 31838, 31838, 0.04776926338672638, 0.3220862150192261
159, -2.620926439878531, 2, 6.973284528001386, 53, 31891, 31891, 0.05552111938595772, 0.3253517150878906
160, -3.698665742413141, 2, 4.290840330999345, 31, 31922, 31922, 0.04894325137138367, 0.32216209173202515
161, -3.6152584536466748, 2, 6.725705062999623, 51, 31973, 31973, 0.04738359525799751, 0.3288307189941406
162, -0.865194984828122, 2, 14.604254136000236, 115, 32088, 32088, 0.05657510459423065, 0.32969146966934204
163, -2.46845456387382, 2, 7.946373741000571, 61, 32149, 32149, 0.05870197340846062, 0.3423019051551819
164, -2.8855287983315066, 2, 5.990905382999699, 45, 32194, 32194, 0.05522536113858223, 0.32708853483200073
165, -2.614903813402634, 2, 15.146920197999862, 120, 32314, 32314, 0.0536629818379879, 0.34363797307014465
166, 0.2539047224854585, 2, 37.72279004699885, 305, 32619, 32619, 0.059021979570388794, 0.35447242856025696
167, -3.618850020458922, 2, 4.187682253001185, 30, 32649, 32649, 0.05065809190273285, 0.3677149713039398
168, -3.801295798853971, 2, 4.158173592000821, 30, 32679, 32679, 0.06168976053595543, 0.3608075678348541
169, 1.9131821209884947, 4, 40.08350918999895, 324, 33003, 33003, 0.052304062992334366, 0.3687388598918915
170, -2.1129988132743165, 2, 9.948183843000152, 77, 33080, 33080, 0.05202251300215721, 0.3932025134563446
171, -2.6486780092818663, 2, 4.409608477999427, 32, 33112, 33112, 0.05164260417222977, 0.3962723910808563
172, -3.9228794211521745, 2, 7.217991403000269, 55, 33167, 33167, 0.05727963522076607, 0.38123536109924316
173, -1.2056944816140458, 2, 11.756894424001075, 92, 33259, 33259, 0.05610981211066246, 0.4083487391471863
174, -5.114033509045839, 2, 4.186974573000043, 30, 33289, 33289, 0.054631806910037994, 0.40216514468193054
175, -3.051846219226718, 2, 6.397822503999123, 48, 33337, 33337, 0.0541255809366703, 0.4009722173213959
176, 0.1785426549904514, 2, 30.223064334999435, 244, 33581, 33581, 0.05764136463403702, 0.4114322364330292
177, -3.276276041637175, 2, 18.18860718599899, 145, 33726, 33726, 0.056086670607328415, 0.4167957305908203
178, -1.5408666947041638, 2, 26.55135215900009, 213, 33939, 33939, 0.05370941385626793, 0.42748600244522095
179, -2.520054792519659, 2, 9.498820259999775, 73, 34012, 34012, 0.05582977458834648, 0.4365094304084778
180, 0.6416142900925479, 2, 27.827385268999933, 224, 34236, 34236, 0.05381356552243233, 0.4365808963775635
181, -2.25166146713309, 2, 4.589631856999404, 33, 34269, 34269, 0.06201894208788872, 0.45690467953681946
182, -2.150415195617825, 2, 7.561869174998719, 58, 34327, 34327, 0.050127483904361725, 0.462470144033432
183, -2.171236232155934, 2, 7.032104430001709, 53, 34380, 34380, 0.053079232573509216, 0.461076021194458
184, -3.1892922170227394, 2, 7.12646690100155, 54, 34434, 34434, 0.06118376553058624, 0.4492141902446747
185, -3.968673075083643, 2, 5.735693671000263, 41, 34475, 34475, 0.0482322983443737, 0.4666769504547119
186, 0.5866798916831613, 2, 19.154030469000645, 153, 34628, 34628, 0.05713953450322151, 0.46675413846969604
187, -2.776783518027514, 2, 8.42894374000025, 65, 34693, 34693, 0.046938661485910416, 0.47684940695762634
188, 2.33002480356663, 4, 40.196236836000026, 325, 35018, 35018, 0.05675099417567253, 0.483561635017395
189, -0.8561822518822737, 2, 17.986252184000477, 143, 35161, 35161, 0.05097541958093643, 0.48760858178138733
190, 0.22363828506786376, 2, 29.895280266000555, 240, 35401, 35401, 0.05897722393274307, 0.5053274631500244
191, 6.999731055293523, 1, 23.335065441999177, 188, 35589, 35589, 0.05548383295536041, 0.5139948129653931
192, -1.6270441022934392, 2, 12.533085637000113, 98, 35687, 35687, 0.05610860139131546, 0.5185906291007996
193, -2.274458810383294, 2, 13.44639448000089, 106, 35793, 35793, 0.055101871490478516, 0.5281286239624023
194, -0.9421537542730221, 2, 18.949690114999612, 151, 35944, 35944, 0.04798880219459534, 0.5433222055435181
195, -3.670892565511167, 2, 4.221700096999484, 30, 35974, 35974, 0.05543623864650726, 0.5264988541603088
196, -2.1156681850912946, 2, 11.153026260999468, 87, 36061, 36061, 0.05132756382226944, 0.5497111678123474
197, -0.021540679095778614, 2, 39.779397500000414, 322, 36383, 36383, 0.057824935764074326, 0.5529769062995911
198, 7.19968746273662, 1, 26.422536410000248, 212, 36595, 36595, 0.0523783341050148, 0.5729848146438599
199, 0.12477173103252426, 2, 24.574442839999392, 198, 36793, 36793, 0.05263861268758774, 0.5804057121276855
200, -4.744997289963067, 2, 4.1666408459987, 30, 36823, 36823, 0.05149301141500473, 0.5826737284660339
201, 0.3791473950986983, 2, 38.79766224099876, 315, 37138, 37138, 0.05279867351055145, 0.5975239872932434
202, -0.7021273617865518, 2, 34.03507061200071, 276, 37414, 37414, 0.04725001007318497, 0.6092825531959534
203, -4.136311352078337, 2, 14.952089034000892, 119, 37533, 37533, 0.05547840893268585, 0.6182674169540405
204, -0.4481465485296212, 2, 16.270922883999447, 127, 37660, 37660, 0.05300907790660858, 0.6337658762931824
205, -1.8596858597593382, 2, 10.396270975999869, 81, 37741, 37741, 0.052675675600767136, 0.6557273268699646
206, -2.8598529571900144, 2, 13.605660686000192, 107, 37848, 37848, 0.05359362065792084, 0.6392008662223816
207, -3.342853380716406, 2, 7.490369150000333, 57, 37905, 37905, 0.05315730348229408, 0.6498103737831116
208, -2.085986513629905, 2, 14.268276173999766, 113, 38018, 38018, 0.052313487976789474, 0.6572308540344238
209, 4.801606586115668, 4, 40.17687292899973, 326, 38344, 38344, 0.05690041556954384, 0.6629898548126221
210, -2.5645167800830677, 2, 21.4908027019992, 172, 38516, 38516, 0.054670535027980804, 0.6782181859016418
211, -0.6120470257737907, 4, 40.132448037998984, 325, 38841, 38841, 0.054791130125522614, 0.6860865950584412
212, -4.69769445960992, 2, 35.783301737999864, 290, 39131, 39131, 0.05092153698205948, 0.7090900540351868
213, -2.754498152760789, 2, 6.387422394000168, 48, 39179, 39179, 0.05136329308152199, 0.7118950486183167
214, -1.0900339575018734, 2, 14.944938912998623, 118, 39297, 39297, 0.05264779552817345, 0.7199052572250366
215, -4.038765323814005, 2, 4.143545658000221, 30, 39327, 39327, 0.05442588031291962, 0.7321446537971497
216, 0.1937790361698717, 4, 40.18219728800068, 326, 39653, 39653, 0.05379008501768112, 0.7374955415725708
217, -4.1438278530258685, 2, 5.76502469099978, 43, 39696, 39696, 0.0477948896586895, 0.730738639831543
218, -2.26694012444932, 2, 7.624057778999486, 58, 39754, 39754, 0.05015627667307854, 0.7298632860183716
219, -2.2925015253713354, 2, 8.245465926000179, 63, 39817, 39817, 0.046011846512556076, 0.7417299747467041
220, -5.893431214615703, 2, 4.217879208999875, 30, 39847, 39847, 0.03973686322569847, 0.7315883040428162
221, -0.7322387950698612, 2, 21.862619956000344, 175, 40022, 40022, 0.047031402587890625, 0.7545366287231445
222, -3.883171883877367, 2, 4.169189903001097, 30, 40052, 40052, 0.049801453948020935, 0.7472315430641174
223, -2.536697395844385, 2, 8.307749567000428, 64, 40116, 40116, 0.05189603567123413, 0.7574247121810913
224, 1.070447004865855, 2, 22.088797024000087, 177, 40293, 40293, 0.05709025636315346, 0.7736865282058716
225, -3.6733558021951467, 2, 9.380952264998996, 72, 40365, 40365, 0.0519188791513443, 0.7717787623405457
226, -1.050958436790097, 2, 19.681235182999444, 157, 40522, 40522, 0.05247299373149872, 0.7795060276985168
227, -4.88821202761028, 2, 8.319823822999751, 64, 40586, 40586, 0.05594230443239212, 0.7952632308006287
228, -5.639066144824028, 2, 4.197212279001178, 30, 40616, 40616, 0.051943037658929825, 0.803397536277771
229, -2.397711659083143, 2, 10.247972537999885, 80, 40696, 40696, 0.06185172125697136, 0.8031202554702759
230, -3.5551157388836145, 2, 4.769575115000407, 35, 40731, 40731, 0.05389229580760002, 0.8157886862754822
231, -3.55214834632352, 2, 31.174387809998734, 251, 40982, 40982, 0.05304275453090668, 0.8060091137886047
232, -1.7323724137386307, 2, 15.845560918000047, 125, 41107, 41107, 0.050677694380283356, 0.8156187534332275
233, -1.3430492696352303, 2, 8.005575204999332, 61, 41168, 41168, 0.05785093829035759, 0.8214338421821594
234, -1.8112340928710182, 2, 38.21609430600074, 310, 41478, 41478, 0.05340021103620529, 0.8356302380561829
235, -1.0860420719254762, 2, 24.757451597999534, 199, 41677, 41677, 0.05024830251932144, 0.8362688422203064
236, -5.804996583145112, 2, 4.161193240999637, 30, 41707, 41707, 0.04446949064731598, 0.8564658761024475
237, -0.9440201395336771, 2, 34.908747039000446, 282, 41989, 41989, 0.05184052139520645, 0.8729585409164429
238, -3.2470470778644085, 2, 6.226881571999911, 47, 42036, 42036, 0.04948023706674576, 0.885169506072998
239, -3.6498308209702373, 2, 6.881647190000876, 52, 42088, 42088, 0.05437381565570831, 0.8826180696487427
240, -4.562250875402242, 2, 12.331299499999659, 97, 42185, 42185, 0.052629366517066956, 0.8838621377944946
241, -0.6424470446072519, 2, 13.366076317999614, 105, 42290, 42290, 0.0510663203895092, 0.8882058262825012
242, 2.4556394264218397, 4, 40.107910033000735, 325, 42615, 42615, 0.04948887601494789, 0.8946583867073059
243, -2.5470789835089818, 2, 7.237399383999218, 55, 42670, 42670, 0.05652253329753876, 0.9166671633720398
244, -1.2906775802839547, 2, 10.628868430001603, 83, 42753, 42753, 0.05591113492846489, 0.9081627726554871
245, -3.466511843027547, 2, 5.556248258000778, 41, 42794, 42794, 0.05646310746669769, 0.9118655323982239
246, -1.625797995715402, 2, 11.98233023800094, 94, 42888, 42888, 0.048287294805049896, 0.9106026291847229
247, -4.109663890325464, 2, 22.076570683000682, 177, 43065, 43065, 0.04914753511548042, 0.9243956208229065
248, -5.668021748855608, 2, 4.188529434999509, 30, 43095, 43095, 0.04548756778240204, 0.9361333847045898
249, -5.65051455097273, 2, 4.156185317000563, 30, 43125, 43125, 0.05196811258792877, 0.930134654045105
250, -2.5706898160387937, 2, 33.18735445200036, 267, 43392, 43392, 0.05153318867087364, 0.9383570551872253
251, -0.7732570285443217, 2, 19.24730850099877, 153, 43545, 43545, 0.058169569820165634, 0.9411452412605286
252, 0.8850857584038749, 2, 29.140911587999653, 235, 43780, 43780, 0.054155174642801285, 0.966093122959137
253, -1.8887321697548032, 2, 11.071807497000918, 86, 43866, 43866, 0.054697901010513306, 0.9563325643539429
254, 1.1569800943834707, 2, 18.79095364800014, 149, 44015, 44015, 0.05356933921575546, 0.9825587868690491
255, -1.2019601754145697, 2, 15.489307211999403, 122, 44137, 44137, 0.05111256614327431, 0.9855455756187439
256, -0.9893754767545033, 2, 35.770862336999926, 288, 44425, 44425, 0.0511108860373497, 0.9952884316444397
257, -0.511670719482936, 2, 28.259373302000313, 227, 44652, 44652, 0.054154690355062485, 1.006611943244934
258, -1.5136825827503344, 2, 15.17188457299926, 120, 44772, 44772, 0.04983137175440788, 1.0050053596496582
259, -2.568658232688904, 2, 17.38099987700116, 138, 44910, 44910, 0.0528729185461998, 1.0254799127578735
260, -4.215728271519765, 2, 5.790636874000484, 43, 44953, 44953, 0.05929424613714218, 1.013015866279602
261, -3.669490026892163, 2, 6.1400290950005, 46, 44999, 44999, 0.055122148245573044, 1.024149775505066
262, -1.1224396562683978, 2, 18.374731719999545, 146, 45145, 45145, 0.04994643107056618, 1.0276458263397217
263, -2.9319164280314, 2, 8.08774081699994, 62, 45207, 45207, 0.05224364250898361, 1.0403833389282227
264, -2.0094626041827723, 2, 10.246633284999916, 80, 45287, 45287, 0.05237332731485367, 1.0430551767349243
265, -2.9997802880825475, 2, 6.88014657200074, 52, 45339, 45339, 0.04641669616103172, 1.0417932271957397
266, -3.674360362929292, 2, 6.045553334999568, 45, 45384, 45384, 0.043044667690992355, 1.0353820323944092
267, -4.586516011389904, 2, 4.533313031999569, 33, 45417, 45417, 0.05112674832344055, 1.0431498289108276
268, -2.2017854845616966, 2, 10.145896115000141, 79, 45496, 45496, 0.049693573266267776, 1.0532381534576416
269, -1.4501546510728076, 2, 13.41246388000036, 106, 45602, 45602, 0.054448775947093964, 1.058717131614685
270, -2.674553660210222, 2, 8.934354470999097, 69, 45671, 45671, 0.05364063382148743, 1.0698906183242798
271, -2.9537344471318647, 2, 4.93321432599987, 36, 45707, 45707, 0.05117319896817207, 1.0547810792922974
272, -4.778571530943736, 2, 4.176117427999998, 30, 45737, 45737, 0.04441716894507408, 1.0556418895721436
273, -3.3113760985434055, 2, 7.42936291100159, 55, 45792, 45792, 0.05296418443322182, 1.0740717649459839
274, -4.2009820461971685, 2, 4.410827600999255, 31, 45823, 45823, 0.06245379149913788, 1.0645363330841064
275, -0.5998278646729887, 2, 17.75268349900034, 139, 45962, 45962, 0.053031910210847855, 1.067959189414978
276, 0.5786669958615676, 2, 19.89393762599866, 157, 46119, 46119, 0.05429248511791229, 1.069373607635498
277, -0.6504213256266667, 2, 39.575014670999735, 315, 46434, 46434, 0.0519857183098793, 1.0911051034927368
278, -3.5063968448666856, 2, 7.412788087000081, 56, 46490, 46490, 0.04394388198852539, 1.0911997556686401
279, -3.6505643551936373, 2, 4.193642870999611, 30, 46520, 46520, 0.048102542757987976, 1.1212271451950073
280, -3.180435116169974, 2, 9.995187572998475, 77, 46597, 46597, 0.05609805881977081, 1.1143425703048706
281, -3.1980855371948564, 2, 9.009260106999136, 68, 46665, 46665, 0.05696651712059975, 1.1322146654129028
282, -1.1611161914188415, 2, 9.115060260999599, 70, 46735, 46735, 0.05626798793673515, 1.1107563972473145
283, -0.2790256874577608, 4, 40.08694871700027, 322, 47057, 47057, 0.049719639122486115, 1.1190876960754395
284, 7.0972502042423, 1, 29.437671505000253, 237, 47294, 47294, 0.05018285661935806, 1.1272708177566528
285, -2.1360666310647503, 2, 10.912688637999963, 85, 47379, 47379, 0.04983900859951973, 1.14527428150177
286, -3.4681847118772566, 2, 5.405702236999787, 40, 47419, 47419, 0.055728472769260406, 1.1629178524017334
287, -2.772249657777138, 2, 12.0548267209997, 94, 47513, 47513, 0.049397751688957214, 1.157989740371704
288, -3.686157858930528, 2, 6.601842915000816, 50, 47563, 47563, 0.05386415496468544, 1.1698247194290161
289, -3.6542134203918977, 2, 7.059416734999104, 53, 47616, 47616, 0.045743223279714584, 1.1611779928207397
290, -5.314807837246917, 2, 4.193560715999411, 30, 47646, 47646, 0.04949285835027695, 1.150432825088501
291, -5.829057959839702, 2, 4.174245966998569, 30, 47676, 47676, 0.045611899346113205, 1.1534513235092163
292, 1.319982114636332, 4, 40.16722534099972, 325, 48001, 48001, 0.05004597082734108, 1.1642913818359375
293, -4.809635012876242, 2, 4.177316872001029, 30, 48031, 48031, 0.062434159219264984, 1.1816213130950928
294, -2.666767979506403, 2, 12.633786078000412, 99, 48130, 48130, 0.04716954752802849, 1.1908679008483887
295, -3.483516233973205, 2, 6.00870133799981, 45, 48175, 48175, 0.04454953968524933, 1.1790039539337158
296, -1.9324153218876745, 2, 14.535255368000435, 115, 48290, 48290, 0.05017251893877983, 1.19197678565979
297, -1.8167864257702604, 2, 12.743267045998437, 100, 48390, 48390, 0.052681826055049896, 1.188821792602539
298, -0.8753045597841265, 2, 10.231478828000036, 80, 48470, 48470, 0.05151902511715889, 1.1978651285171509
299, -3.650476736132987, 2, 4.6847478870004124, 34, 48504, 48504, 0.045375432819128036, 1.193444848060608
300, -1.211562944779871, 2, 21.414803925999877, 171, 48675, 48675, 0.054144810885190964, 1.2070832252502441
301, 1.13715021722237, 2, 28.36855616200046, 228, 48903, 48903, 0.05177130177617073, 1.2095359563827515
302, -2.444047686760314, 2, 11.767715665999276, 92, 48995, 48995, 0.04963551461696625, 1.220064640045166
303, -2.7730174886528403, 2, 4.541223827000067, 33, 49028, 49028, 0.04989589750766754, 1.22390878200531
304, -0.5493785226499313, 2, 35.78582877900044, 289, 49317, 49317, 0.05117879435420036, 1.2311772108078003
305, -0.8244122271426022, 2, 15.257830205999198, 121, 49438, 49438, 0.05526244267821312, 1.25821852684021
306, -3.661325642999145, 2, 18.14289955700042, 144, 49582, 49582, 0.049160346388816833, 1.256868839263916
307, -1.3304114239290357, 2, 10.484572400000616, 81, 49663, 49663, 0.04884783551096916, 1.2619342803955078
308, -3.441943873418495, 2, 23.31235315699996, 187, 49850, 49850, 0.05171016976237297, 1.2668825387954712
309, -2.3392674102797173, 2, 10.450265167000907, 81, 49931, 49931, 0.04614989459514618, 1.2575215101242065
310, -1.9461917780772637, 2, 35.47814996799934, 286, 50217, 50217, 0.04905726760625839, 1.277421236038208
311, 0.10110534750856459, 2, 15.627298372999576, 124, 50341, 50341, 0.048577167093753815, 1.2983654737472534
312, -1.150688545742014, 2, 18.044076969999878, 143, 50484, 50484, 0.05195462331175804, 1.2975105047225952
313, -1.3422791703196708, 2, 39.87989223899967, 322, 50806, 50806, 0.05265137553215027, 1.316746711730957
314, -0.36543126206379384, 2, 25.016228473999945, 200, 51006, 51006, 0.05070435628294945, 1.33266282081604
315, -0.9154715407639742, 2, 11.231677017000038, 88, 51094, 51094, 0.05697934702038765, 1.3375188112258911
316, -1.2341637284262106, 2, 10.682014832000277, 83, 51177, 51177, 0.05135711282491684, 1.339445948600769
317, -3.741056153550744, 2, 4.177733139000338, 30, 51207, 51207, 0.05553939566016197, 1.3619515895843506
318, -5.183559314464219, 2, 4.181928780000817, 30, 51237, 51237, 0.05195796862244606, 1.3311926126480103
319, 1.86007524211891, 4, 40.14050465699984, 325, 51562, 51562, 0.05280120298266411, 1.351737380027771
320, -1.12514152971562, 2, 12.934664398999303, 102, 51664, 51664, 0.04440272971987724, 1.3589000701904297
321, -3.3219616330461577, 2, 19.400257672001317, 155, 51819, 51819, 0.050583839416503906, 1.3667713403701782
322, -2.947239038068801, 2, 5.839363705999858, 44, 51863, 51863, 0.04787379130721092, 1.3516474962234497
323, -0.2916637556195951, 4, 40.144544408, 324, 52187, 52187, 0.04814688116312027, 1.380058765411377
324, -5.39409289858304, 2, 4.198210816999563, 30, 52217, 52217, 0.041380129754543304, 1.372200608253479
325, -3.0690281549468637, 2, 5.996588209000038, 45, 52262, 52262, 0.04874245449900627, 1.4042677879333496
326, -3.649677603505552, 2, 13.20701969699985, 104, 52366, 52366, 0.05158914998173714, 1.4161832332611084
327, -4.3050699677551165, 2, 4.216775519000294, 30, 52396, 52396, 0.046019937843084335, 1.4219592809677124
328, 0.41102235340827065, 2, 28.08817946200179, 226, 52622, 52622, 0.04682595282793045, 1.4099805355072021
329, -0.9176951666595414, 2, 12.583758176000629, 99, 52721, 52721, 0.054667577147483826, 1.416217565536499
330, -2.3332437469507568, 2, 9.273872047000623, 72, 52793, 52793, 0.04678661376237869, 1.4237064123153687
331, 1.2080922666937113, 4, 40.17952176200015, 325, 53118, 53118, 0.05010544881224632, 1.4348669052124023
332, -1.793883040198125, 2, 12.12692569399951, 95, 53213, 53213, 0.049541063606739044, 1.462857961654663
333, -0.08270064830867341, 2, 36.50682391800001, 295, 53508, 53508, 0.04822893440723419, 1.4617607593536377
334, -3.454014722723514, 2, 5.050784703998943, 37, 53545, 53545, 0.04938530921936035, 1.4652844667434692
335, -2.815915394341573, 2, 5.675985738998861, 42, 53587, 53587, 0.04776998981833458, 1.4610522985458374
336, 0.5007066380931064, 2, 14.376480601000367, 114, 53701, 53701, 0.04803217947483063, 1.4600439071655273
337, -3.463938322267495, 2, 5.501041297000484, 41, 53742, 53742, 0.0518760047852993, 1.4757026433944702
338, -4.712069236673415, 2, 4.206361273998482, 30, 53772, 53772, 0.04791134223341942, 1.47500479221344
339, -2.022731759643648, 2, 15.58282383400001, 123, 53895, 53895, 0.049683474004268646, 1.4820138216018677
340, -0.20635783086163428, 2, 11.42357037399961, 89, 53984, 53984, 0.049757786095142365, 1.4787501096725464
341, -2.667067493777722, 2, 8.21392297300008, 63, 54047, 54047, 0.04724728688597679, 1.4801691770553589
342, 7.643441341118887, 1, 33.742876276999596, 272, 54319, 54319, 0.04709383472800255, 1.501460075378418
343, -1.5683253015959053, 2, 22.677841124001134, 182, 54501, 54501, 0.050428763031959534, 1.5077048540115356
344, -3.632211512856884, 2, 17.72502521500064, 141, 54642, 54642, 0.04756738618016243, 1.515184760093689
345, -4.651187999813828, 2, 28.955559492998873, 233, 54875, 54875, 0.050743378698825836, 1.5277020931243896
346, -5.042889652657323, 2, 4.1875705090005795, 30, 54905, 54905, 0.05189895257353783, 1.5403836965560913
347, -4.24624200980179, 2, 6.051978170999064, 45, 54950, 54950, 0.04889760538935661, 1.536109447479248
348, -3.6509585012681782, 2, 23.660560596999858, 189, 55139, 55139, 0.04948587715625763, 1.5474932193756104
349, -0.0363843331579119, 2, 24.57970862700131, 196, 55335, 55335, 0.04906919598579407, 1.544825792312622
350, -1.400581645895727, 2, 8.83074403199862, 68, 55403, 55403, 0.04787629842758179, 1.5500233173370361
351, -1.4574933715630323, 2, 9.87986539099984, 76, 55479, 55479, 0.04410538449883461, 1.5691487789154053
352, -0.1894773366075242, 2, 15.36550021199946, 121, 55600, 55600, 0.04662606865167618, 1.5686755180358887
353, 2.4109826100466307, 4, 40.10202001699872, 324, 55924, 55924, 0.047089993953704834, 1.582763671875
354, -0.3255047732091043, 2, 27.94042557299872, 224, 56148, 56148, 0.04797320440411568, 1.5949426889419556
355, -0.32138118958391715, 2, 33.00539145100083, 266, 56414, 56414, 0.04626696929335594, 1.6120492219924927
356, -0.554316257708706, 2, 9.423442364999573, 73, 56487, 56487, 0.04128483310341835, 1.606243371963501
357, 0.34890036820434034, 2, 18.20830223700068, 145, 56632, 56632, 0.05064592510461807, 1.6091384887695312
358, -1.0491401597391814, 2, 9.809199110999543, 76, 56708, 56708, 0.048959143459796906, 1.635754108428955
359, -2.388052771006187, 2, 11.066337785001451, 86, 56794, 56794, 0.0446372851729393, 1.6262552738189697
360, -4.58126236544922, 2, 19.6268437309991, 157, 56951, 56951, 0.04682227596640587, 1.6384000778198242
361, -0.7245632621925324, 2, 14.247795524999674, 112, 57063, 57063, 0.046082425862550735, 1.6381367444992065
362, 2.857955854455213, 4, 40.21120225300001, 324, 57387, 57387, 0.047531165182590485, 1.658679723739624
363, 3.2285330755257746, 4, 40.158951265000724, 325, 57712, 57712, 0.04612975940108299, 1.6745284795761108
364, -2.2193946775514632, 2, 37.87725582699932, 306, 58018, 58018, 0.04783671721816063, 1.6889675855636597
365, -5.467673460487276, 2, 4.204898290001438, 30, 58048, 58048, 0.04437226429581642, 1.6897830963134766
366, -3.89720240526367, 2, 5.011498649000714, 37, 58085, 58085, 0.04744444787502289, 1.7118959426879883
367, -1.7396740587428212, 2, 8.3751657720004, 64, 58149, 58149, 0.0447833389043808, 1.7036985158920288
368, -4.516396761173382, 2, 4.239046467999287, 30, 58179, 58179, 0.04517209157347679, 1.685200810432434
369, -0.41316715988796204, 2, 34.39284942999984, 277, 58456, 58456, 0.04736649617552757, 1.7171378135681152
370, -3.6950684499461204, 2, 4.178565958000036, 30, 58486, 58486, 0.04583363980054855, 1.732810139656067
371, -0.9794515430694446, 2, 19.841158291001193, 159, 58645, 58645, 0.04269165173172951, 1.724168300628662
372, -2.589863615343347, 2, 7.099209269999847, 54, 58699, 58699, 0.04819381982088089, 1.7377079725265503
373, -0.3907042443752289, 2, 19.625798797000243, 157, 58856, 58856, 0.04855336621403694, 1.7384670972824097
374, -1.8458287268076674, 2, 29.984473915999843, 240, 59096, 59096, 0.04653318598866463, 1.7546206712722778
375, -5.2197230770252645, 2, 10.804389647999415, 84, 59180, 59180, 0.04280279576778412, 1.7554357051849365
376, -0.7587873791344464, 4, 40.13936059199841, 324, 59504, 59504, 0.047950588166713715, 1.7661899328231812
377, 0.18079694590414874, 4, 40.072220946000016, 323, 59827, 59827, 0.04391114041209221, 1.782844066619873
378, -1.1013430402235826, 2, 37.88197838300039, 306, 60133, 60133, 0.04429252818226814, 1.7964619398117065
379, -2.315713511314243, 2, 8.644938989998991, 66, 60199, 60199, 0.043102554976940155, 1.807854413986206
380, -2.1015187352895737, 2, 35.76131374099896, 289, 60488, 60488, 0.0455155074596405, 1.8261089324951172
381, -2.1037691342644393, 2, 9.358214226998825, 72, 60560, 60560, 0.045963965356349945, 1.8244653940200806
382, -3.4425547464052215, 2, 9.895185506000416, 77, 60637, 60637, 0.04697084054350853, 1.8298746347427368
383, -2.4126101301517338, 2, 11.771835966999788, 92, 60729, 60729, 0.04965360835194588, 1.835943579673767
384, -3.9263109797611833, 2, 4.2263996439996845, 30, 60759, 60759, 0.04500855132937431, 1.848573088645935
385, -1.1342138148029335, 2, 11.417254129999492, 89, 60848, 60848, 0.04489751160144806, 1.8280030488967896
386, -0.19508110864262562, 4, 40.12131482099903, 325, 61173, 61173, 0.04489470645785332, 1.8458454608917236
387, -4.65491144428961, 2, 20.666340055000546, 165, 61338, 61338, 0.04647073522210121, 1.8536574840545654
388, -2.707246069679968, 2, 18.505385709999246, 147, 61485, 61485, 0.0443117581307888, 1.8646509647369385
389, -2.7868729326874018, 2, 9.880155465998541, 76, 61561, 61561, 0.04439261555671692, 1.8546979427337646
390, -3.1340394087601453, 2, 5.7509547419995215, 43, 61604, 61604, 0.041861847043037415, 1.8738195896148682
391, 0.4300660757580772, 2, 15.127012939999986, 120, 61724, 61724, 0.04394181817770004, 1.868011713027954
392, -4.935877465875819, 2, 4.215914820000762, 30, 61754, 61754, 0.04357012361288071, 1.8549355268478394
393, -4.893490732647479, 2, 5.746407103999445, 43, 61797, 61797, 0.04971827566623688, 1.8763271570205688
394, -3.7836582890013233, 2, 11.00508143299885, 86, 61883, 61883, 0.04244593530893326, 1.8751940727233887
395, -1.2980221568286652, 2, 26.833969927, 215, 62098, 62098, 0.04092909023165703, 1.8947651386260986
396, -2.9917540833121166, 2, 5.644269747999715, 42, 62140, 62140, 0.0440274253487587, 1.8903977870941162
397, 2.0474887946038507, 4, 40.18320047199995, 322, 62462, 62462, 0.0422973670065403, 1.9001693725585938
398, -0.45378555048955604, 2, 19.68192494700088, 155, 62617, 62617, 0.04305269569158554, 1.9117298126220703
399, 5.254770059174916, 4, 40.10568746399986, 321, 62938, 62938, 0.04518101364374161, 1.9247475862503052
400, -3.0706826489185914, 2, 6.21638374900067, 46, 62984, 62984, 0.04418480396270752, 1.928162932395935
401, -1.2793953393120319, 2, 13.920138654000766, 110, 63094, 63094, 0.0398704893887043, 1.9427173137664795
402, -2.9157495743129402, 2, 9.347132901000805, 72, 63166, 63166, 0.04431629925966263, 1.9460697174072266
403, -4.384566703836754, 2, 11.739808766000351, 91, 63257, 63257, 0.043439917266368866, 1.9382455348968506
404, -3.658061666879803, 2, 7.176276658999996, 54, 63311, 63311, 0.039062704890966415, 1.9478318691253662
405, -5.142783144838177, 2, 4.217866621000212, 30, 63341, 63341, 0.04690893366932869, 1.9654161930084229
406, -0.4679406728828326, 2, 17.685729700999218, 139, 63480, 63480, 0.04362836480140686, 1.9458719491958618
407, -0.6311530973762274, 2, 15.55202619999909, 122, 63602, 63602, 0.04290495067834854, 1.9613581895828247
408, -1.630356955138268, 2, 27.407495638999535, 218, 63820, 63820, 0.04128385707736015, 1.9648603200912476
409, -3.844263764214702, 2, 5.00751946300079, 36, 63856, 63856, 0.041301507502794266, 1.9930663108825684
410, 0.02314718975685537, 2, 22.768915274999017, 180, 64036, 64036, 0.04215341806411743, 1.9752856492996216
411, -3.10742336534895, 2, 6.883286304000649, 52, 64088, 64088, 0.04441235214471817, 1.9727174043655396
412, -4.429714003577828, 2, 4.439520298998104, 32, 64120, 64120, 0.04312960058450699, 1.9863691329956055
413, -2.6292115142568946, 2, 6.36768409400247, 48, 64168, 64168, 0.04235118627548218, 1.9797433614730835
414, -4.166072686188272, 2, 6.909737283996947, 52, 64220, 64220, 0.040782906115055084, 1.9721527099609375
415, -1.2282627552049235, 2, 10.905485434999719, 85, 64305, 64305, 0.04085338115692139, 1.986960530281067
416, -1.3732419091611519, 2, 23.58797386399965, 188, 64493, 64493, 0.043289732187986374, 1.9859658479690552
417, -0.6150925583351636, 2, 23.92974031200356, 191, 64684, 64684, 0.04312172904610634, 2.0018250942230225
418, -5.235169085819507, 2, 30.509123353000177, 244, 64928, 64928, 0.043402139097452164, 2.0036516189575195
419, -3.6392725721234456, 2, 6.520253159000276, 49, 64977, 64977, 0.043489884585142136, 2.0183205604553223
420, 6.568646047164293, 1, 21.407445382999867, 170, 65147, 65147, 0.044587843120098114, 2.0203704833984375
421, -2.021092144306749, 2, 7.004563792997942, 52, 65199, 65199, 0.04065873473882675, 2.0164284706115723
422, -0.4920690164435655, 2, 17.46992692099957, 137, 65336, 65336, 0.04201721400022507, 2.0328269004821777
423, -2.1550588075770065, 2, 12.869898561002628, 100, 65436, 65436, 0.04416356608271599, 2.0508081912994385
424, -3.8984086273703724, 2, 4.214933099003247, 30, 65466, 65466, 0.043550778180360794, 2.03888201713562
425, -3.246444523334503, 2, 26.35273581599904, 211, 65677, 65677, 0.042364634573459625, 2.0475242137908936
426, 3.456191219647735, 4, 40.12424051299968, 323, 66000, 66000, 0.04220633581280708, 2.0558066368103027
427, -1.2451847869961057, 2, 33.88943902599931, 273, 66273, 66273, 0.04157308489084244, 2.06099271774292
428, -2.189325249986723, 2, 29.755116389998875, 240, 66513, 66513, 0.040115274488925934, 2.0749032497406006
429, -0.21030720504495548, 2, 23.96354884700122, 192, 66705, 66705, 0.0423550009727478, 2.0785446166992188
430, -1.3340188666479662, 2, 22.59171986399815, 180, 66885, 66885, 0.04165007174015045, 2.091662883758545
431, -3.0105264360609, 2, 7.231724878001842, 55, 66940, 66940, 0.04635090008378029, 2.095228910446167
432, -3.6378793886397034, 2, 4.337460217000626, 31, 66971, 66971, 0.04508642479777336, 2.10591983795166
433, -4.190965501824394, 2, 4.175178808000055, 30, 67001, 67001, 0.04360826313495636, 2.0956008434295654
434, -2.0364587642252445, 2, 16.420223090000945, 130, 67131, 67131, 0.04222824424505234, 2.113572835922241
435, -2.006796354340622, 2, 27.08898933800083, 217, 67348, 67348, 0.04102981090545654, 2.1039721965789795
436, -3.690824660472572, 2, 4.236765160003415, 30, 67378, 67378, 0.04083367437124252, 2.110166072845459
437, -1.0187228667200543, 4, 40.092010077998566, 324, 67702, 67702, 0.04127252474427223, 2.117002248764038
438, -4.877188873942941, 2, 4.179847838997375, 30, 67732, 67732, 0.03920071944594383, 2.140838384628296
439, -1.4905955539434217, 2, 21.118403194002894, 167, 67899, 67899, 0.04449049383401871, 2.1277613639831543
440, -1.1321406970964745, 2, 16.051497070999176, 126, 68025, 68025, 0.03967912867665291, 2.13389253616333
441, -1.0907089648717374, 2, 25.924182693997864, 206, 68231, 68231, 0.04213586449623108, 2.1418137550354004
442, -0.37913584061925576, 4, 40.10452831599832, 320, 68551, 68551, 0.04012823477387428, 2.152193069458008
443, -1.1387399118975736, 2, 20.277999401998386, 159, 68710, 68710, 0.03999950736761093, 2.165170192718506
444, -0.05620793526759371, 2, 24.393374382998445, 195, 68905, 68905, 0.04405597224831581, 2.17474102973938
445, -3.3250448230464826, 2, 7.6956046919985965, 58, 68963, 68963, 0.037594228982925415, 2.1803760528564453
446, -1.209878744353773, 2, 32.70094024800346, 261, 69224, 69224, 0.03976437821984291, 2.1785712242126465
447, -2.9631198733113706, 2, 13.064088600000105, 102, 69326, 69326, 0.043040189892053604, 2.1832406520843506
448, -1.2687838869169354, 2, 8.595050893000007, 66, 69392, 69392, 0.04014643654227257, 2.1939821243286133
449, -7.195952363312244, 2, 22.39841933900243, 179, 69571, 69571, 0.04097146540880203, 2.182615041732788
450, -3.644502245122567, 2, 5.4063650210009655, 40, 69611, 69611, 0.04119627922773361, 2.1896536350250244
451, -3.695115605951287, 2, 5.8797494859973085, 44, 69655, 69655, 0.03777733072638512, 2.20800518989563
452, -4.6644826179835945, 2, 4.22868073599966, 30, 69685, 69685, 0.04470976069569588, 2.1931943893432617
453, -3.2113538909470662, 2, 11.113802121002664, 87, 69772, 69772, 0.04048638790845871, 2.191103458404541
454, -3.6290110603440553, 2, 4.2150681169987365, 30, 69802, 69802, 0.04385090619325638, 2.211500883102417
455, -2.993523060926236, 2, 11.649894299000152, 91, 69893, 69893, 0.04080908000469208, 2.219888210296631
456, -5.731541760964319, 2, 15.26577900600023, 121, 70014, 70014, 0.03814096376299858, 2.2146246433258057
457, -2.5541561655700207, 2, 15.574829152999882, 123, 70137, 70137, 0.04260115325450897, 2.217885732650757
458, -4.806830568937585, 2, 4.215705336002429, 30, 70167, 70167, 0.03859545662999153, 2.219714641571045
459, 0.3923085826827446, 4, 40.10215944099764, 324, 70491, 70491, 0.04201139137148857, 2.232267379760742
460, -3.155529614072293, 2, 4.5786405760009075, 33, 70524, 70524, 0.04251415655016899, 2.231128692626953
461, -5.2523906484711915, 2, 4.174859732000186, 30, 70554, 70554, 0.040959663689136505, 2.2424209117889404
462, -4.7293921136297286, 2, 4.221794427001441, 30, 70584, 70584, 0.04366784542798996, 2.2299458980560303
463, 0.5158791660796851, 2, 33.31123033299809, 269, 70853, 70853, 0.04045450687408447, 2.2407732009887695
464, -3.8183526820503175, 2, 4.166307854997285, 30, 70883, 70883, 0.04219776764512062, 2.2313809394836426
465, -1.744488671887666, 2, 8.830281696002203, 68, 70951, 70951, 0.042022984474897385, 2.2451090812683105
466, -1.575934718362987, 2, 21.710155015000055, 174, 71125, 71125, 0.04389972239732742, 2.252624273300171
467, -1.3765027057379484, 2, 8.817341283000133, 68, 71193, 71193, 0.04333317279815674, 2.250938653945923
468, -4.759008857741719, 2, 15.467238708999503, 123, 71316, 71316, 0.04131059721112251, 2.2615134716033936
469, -2.981842809385853, 2, 16.013516438997613, 127, 71443, 71443, 0.04008980095386505, 2.262781858444214
470, 0.7765475795640668, 2, 19.174086916002125, 153, 71596, 71596, 0.04128081351518631, 2.277153968811035
471, -3.7847359474690165, 2, 5.6908263779987465, 42, 71638, 71638, 0.03827208653092384, 2.2697932720184326
472, -0.22644148289691657, 4, 40.10716879099709, 323, 71961, 71961, 0.04136432707309723, 2.287639856338501
473, -4.970698288991116, 2, 13.088942144000612, 103, 72064, 72064, 0.037458159029483795, 2.3057711124420166
474, -0.8736332769040018, 2, 29.466161080999882, 236, 72300, 72300, 0.039470408111810684, 2.299600124359131
475, -3.2971078240079805, 2, 5.832435699998314, 43, 72343, 72343, 0.043164338916540146, 2.315037488937378
476, -4.999536569463089, 2, 4.592174895002245, 33, 72376, 72376, 0.04888929799199104, 2.3002171516418457
477, -2.054155606108907, 2, 17.600881057998777, 138, 72514, 72514, 0.04379890486598015, 2.3222947120666504
478, 8.483214024687186, 1, 26.426614904001326, 211, 72725, 72725, 0.040800344198942184, 2.316894769668579
479, -3.7542594033293426, 2, 10.215546455998265, 79, 72804, 72804, 0.04239734634757042, 2.316660165786743
480, -2.7916234676158638, 2, 23.965260541001044, 192, 72996, 72996, 0.039294395595788956, 2.3293721675872803
481, -0.6578575766179711, 2, 10.559724422000727, 82, 73078, 73078, 0.04444703459739685, 2.3359317779541016
482, -3.7127680470002815, 2, 4.185263694998866, 30, 73108, 73108, 0.035207703709602356, 2.3276772499084473
483, 7.788566823350266, 1, 26.398608874002093, 211, 73319, 73319, 0.039577141404151917, 2.3329052925109863
484, -4.3637312554055825, 2, 4.229241524000827, 30, 73349, 73349, 0.04338868707418442, 2.324669361114502
485, 0.6594393597188173, 2, 36.054164598997886, 289, 73638, 73638, 0.040724799036979675, 2.3488616943359375
486, 6.388200124391005, 1, 33.498169545000565, 269, 73907, 73907, 0.04027004539966583, 2.367276668548584
487, 2.2773122033977415, 4, 40.1399708200006, 324, 74231, 74231, 0.0406503900885582, 2.3744254112243652
488, -1.8346333226654679, 2, 12.717104626000946, 100, 74331, 74331, 0.043046191334724426, 2.3815205097198486
489, -4.588323173113167, 2, 4.2070248129966785, 30, 74361, 74361, 0.04518062248826027, 2.396359920501709
490, -0.9925235396949574, 2, 8.860885120000603, 68, 74429, 74429, 0.03933531045913696, 2.401679515838623
491, -2.6940609018784016, 2, 5.1584683539986145, 38, 74467, 74467, 0.035892415791749954, 2.373295307159424
492, -4.449700387660414, 2, 4.222039991997008, 30, 74497, 74497, 0.03833658993244171, 2.3796286582946777
493, -1.0325516689335927, 2, 12.058876989001874, 94, 74591, 74591, 0.04048106074333191, 2.402475118637085
494, -2.968823164701462, 2, 13.40345145000174, 105, 74696, 74696, 0.03797560930252075, 2.3910531997680664
495, -5.742718818364665, 2, 34.79176630799702, 281, 74977, 74977, 0.0408884733915329, 2.39994215965271
496, -1.4496765178628266, 2, 8.781104473000596, 68, 75045, 75045, 0.04665379226207733, 2.4094247817993164
497, -1.1727596459677443, 2, 16.782430096001917, 133, 75178, 75178, 0.04024947062134743, 2.4111573696136475
498, -2.730906570912339, 2, 6.905743365001399, 52, 75230, 75230, 0.03928565979003906, 2.408121347427368
499, 0.6044175840183925, 4, 40.111624556000606, 324, 75554, 75554, 0.03826895356178284, 2.4102365970611572
500, -4.577088971855119, 2, 4.200901465999777, 30, 75584, 75584, 0.04377885162830353, 2.4165046215057373
501, -2.51858874456957, 2, 4.963220108002133, 36, 75620, 75620, 0.036950934678316116, 2.4221084117889404
502, -0.2661338498000987, 2, 25.454627975999756, 203, 75823, 75823, 0.03755242004990578, 2.432814598083496
503, -4.999996513477527, 2, 4.181039814997348, 30, 75853, 75853, 0.03855276107788086, 2.4335570335388184
504, -6.3534084025304765, 2, 30.149970590999146, 242, 76095, 76095, 0.039400555193424225, 2.4385881423950195
505, 3.458928292733617, 4, 40.13479826500043, 324, 76419, 76419, 0.03945523500442505, 2.452989101409912
506, -0.16558866808190942, 2, 11.54889299199931, 90, 76509, 76509, 0.043981801718473434, 2.450316905975342
507, -3.4868423909065314, 2, 5.395157699000265, 40, 76549, 76549, 0.04221520945429802, 2.4673118591308594
508, -3.5100493219215423, 2, 4.170373402997939, 30, 76579, 76579, 0.041648272424936295, 2.4504761695861816
509, -2.49842291418463, 2, 10.454480921998766, 81, 76660, 76660, 0.038421839475631714, 2.4700820446014404
510, -4.369100943906233, 2, 4.1744365580016165, 30, 76690, 76690, 0.03912130370736122, 2.4668991565704346
511, -4.169858347042464, 2, 4.176896790002502, 30, 76720, 76720, 0.03828059509396553, 2.46460223197937
512, -1.7520035665947944, 2, 12.346671825998783, 97, 76817, 76817, 0.03749118745326996, 2.4768383502960205
513, -3.791610704967752, 2, 6.662400348999654, 50, 76867, 76867, 0.04252147674560547, 2.4868762493133545
514, -1.9580977472942322, 2, 8.760600182999042, 65, 76932, 76932, 0.036797650158405304, 2.475635051727295
515, -1.411821150337346, 2, 21.870555628000147, 175, 77107, 77107, 0.04045744612812996, 2.472641944885254
516, -1.8435629481682554, 2, 17.411368748002133, 138, 77245, 77245, 0.03867834433913231, 2.4834814071655273
517, -3.537745292414911, 2, 4.322983138998097, 31, 77276, 77276, 0.03961573541164398, 2.495955467224121
518, -1.1547757694424945, 2, 28.26315916800013, 228, 77504, 77504, 0.039028190076351166, 2.493837833404541
519, -3.5752054979093373, 2, 5.640230827997584, 42, 77546, 77546, 0.03815879672765732, 2.473961114883423
520, -3.61053014267236, 2, 7.7191094379995775, 59, 77605, 77605, 0.035378750413656235, 2.4959192276000977
521, 0.5931059502872813, 2, 35.43354106499828, 286, 77891, 77891, 0.03901466354727745, 2.5104522705078125
522, -4.472605682909489, 2, 4.174957441002334, 30, 77921, 77921, 0.04269213601946831, 2.534590721130371
523, -4.761349542532116, 2, 4.162270745000569, 30, 77951, 77951, 0.04065569490194321, 2.5187268257141113
524, -3.2178710181106, 2, 28.374436694000906, 229, 78180, 78180, 0.04116740822792053, 2.519817590713501
525, -3.8568835442420095, 2, 4.156541424999887, 30, 78210, 78210, 0.039459824562072754, 2.5241644382476807
526, -1.6616563504212536, 2, 18.474247684000147, 147, 78357, 78357, 0.04204922541975975, 2.5248467922210693
527, -4.891616713255644, 2, 4.180382762999216, 30, 78387, 78387, 0.03670854866504669, 2.536508798599243
528, -2.2277549825957976, 2, 21.881874396000057, 175, 78562, 78562, 0.038983628153800964, 2.54001522064209
529, -2.3586678009014577, 2, 9.6524447519987, 75, 78637, 78637, 0.03945067152380943, 2.52475643157959
530, -5.47098274063319, 2, 4.190076710998255, 30, 78667, 78667, 0.03356222063302994, 2.5478663444519043
531, -1.5652802964905277, 2, 8.979555461999553, 69, 78736, 78736, 0.04200029373168945, 2.5517959594726562
532, -1.83715337945614, 2, 12.271850399996765, 96, 78832, 78832, 0.037992071360349655, 2.535101890563965
533, -1.9430871270305943, 2, 19.68029195499912, 157, 78989, 78989, 0.04106668755412102, 2.552595615386963
534, 1.289990987017518, 4, 40.10916106500008, 325, 79314, 79314, 0.04048498719930649, 2.555685520172119
535, -4.26322632888332, 2, 6.394459430001007, 48, 79362, 79362, 0.03875540941953659, 2.5647542476654053
536, -4.2552166286623105, 2, 4.171455240997602, 30, 79392, 79392, 0.03927818313241005, 2.5526700019836426
537, 1.5304706962269847, 4, 40.11478582299969, 326, 79718, 79718, 0.0396609865128994, 2.5693397521972656
538, -3.967549048946239, 2, 4.205301613998017, 30, 79748, 79748, 0.038987044245004654, 2.5858242511749268
539, -2.587309194386762, 2, 14.246897740002169, 112, 79860, 79860, 0.03757495805621147, 2.581164598464966
540, -1.8049174991901964, 2, 11.864708794997568, 93, 79953, 79953, 0.03843095898628235, 2.579092502593994
541, 0.20633480137621518, 2, 24.944039493002492, 200, 80153, 80153, 0.04093439504504204, 2.588350296020508
542, -0.7142961552599445, 2, 12.111266856998554, 95, 80248, 80248, 0.03852320462465286, 2.606677770614624
543, -1.6698673744685948, 2, 8.762543578999612, 68, 80316, 80316, 0.03677947074174881, 2.590452194213867
544, -5.253470316762105, 2, 4.160313912001584, 30, 80346, 80346, 0.03844156116247177, 2.5801920890808105
545, -0.36794495646608993, 2, 12.79208264800036, 101, 80447, 80447, 0.039491139352321625, 2.5872507095336914
546, 3.438989680757004, 4, 40.1776519030027, 325, 80772, 80772, 0.037557266652584076, 2.5991806983947754
547, -1.424932794761844, 4, 40.130040562999056, 326, 81098, 81098, 0.037041522562503815, 2.606606960296631
548, -5.050075983628631, 2, 4.172002406998217, 30, 81128, 81128, 0.040267929434776306, 2.600471019744873
549, -0.5952567185740918, 2, 11.10726247599814, 86, 81214, 81214, 0.04014970362186432, 2.619638442993164
550, -4.496941889403388, 2, 4.232486864999373, 30, 81244, 81244, 0.039488036185503006, 2.6068427562713623
551, -2.7423115198034793, 2, 6.363879275999352, 48, 81292, 81292, 0.03963639587163925, 2.61905837059021
552, -3.423326820571674, 2, 37.638019182999415, 305, 81597, 81597, 0.037096790969371796, 2.6302154064178467
553, -2.3781170414295048, 2, 6.80995849899773, 51, 81648, 81648, 0.03958498314023018, 2.61600923538208
554, -4.1032475244719535, 2, 4.213245065002411, 30, 81678, 81678, 0.038490451872348785, 2.622067451477051
555, -1.0027471499051899, 2, 11.33980223600156, 89, 81767, 81767, 0.037305671721696854, 2.651397705078125
556, -4.736017157556489, 2, 4.232741250998515, 30, 81797, 81797, 0.03887977823615074, 2.6403608322143555
557, -1.293611521483399, 2, 14.450192729000264, 114, 81911, 81911, 0.037063006311655045, 2.6324596405029297
558, -1.0402340104374161, 2, 30.126828321001085, 243, 82154, 82154, 0.03654976561665535, 2.6415627002716064
559, -5.128839075798169, 2, 4.1831214939993515, 30, 82184, 82184, 0.03766273707151413, 2.663400888442993
560, -3.030033248855034, 2, 21.23151777900057, 171, 82355, 82355, 0.03825828433036804, 2.6522583961486816
561, -0.7216762501047924, 2, 13.667783308999788, 108, 82463, 82463, 0.042674873024225235, 2.652705430984497
562, -3.1943971905857325, 2, 6.533880025999679, 49, 82512, 82512, 0.03807912394404411, 2.662666082382202
563, 3.3253831362592337, 4, 40.13792028899843, 326, 82838, 82838, 0.03676076605916023, 2.6635982990264893
564, -0.6910293445907882, 2, 23.232829611999477, 187, 83025, 83025, 0.03960048779845238, 2.6785967350006104
565, -0.5160047661629505, 2, 15.472959342998365, 123, 83148, 83148, 0.04086500033736229, 2.669948101043701
566, -0.080446063009731, 2, 28.450066191002406, 230, 83378, 83378, 0.035675376653671265, 2.6858105659484863
567, -0.5307079907506704, 2, 14.883988646000944, 118, 83496, 83496, 0.03845306858420372, 2.686319589614868
568, 0.3112575615523383, 2, 16.78745515400078, 134, 83630, 83630, 0.03654269874095917, 2.6858787536621094
569, -3.936312604928389, 2, 13.201390089998313, 105, 83735, 83735, 0.036423590034246445, 2.691282033920288
570, -0.3894241719972342, 2, 12.554823466998641, 99, 83834, 83834, 0.035911183804273605, 2.7196478843688965
571, -3.2290994265181325, 2, 39.75600075500188, 323, 84157, 84157, 0.03842847794294357, 2.7042877674102783
572, -3.2951976428739727, 2, 12.052091751000262, 95, 84252, 84252, 0.035554494708776474, 2.7156097888946533
573, -3.677755960961804, 2, 7.356379248998564, 56, 84308, 84308, 0.04195144772529602, 2.703681230545044
574, -5.539424847112969, 2, 22.26502899800107, 179, 84487, 84487, 0.03679259493947029, 2.710876703262329
575, -4.172229586401954, 2, 24.493527152000752, 198, 84685, 84685, 0.038556601852178574, 2.7239036560058594
576, -0.3904754876930383, 2, 21.791708679000294, 174, 84859, 84859, 0.0374542698264122, 2.730020761489868
577, -3.0063417714554816, 2, 5.1292522180010565, 38, 84897, 84897, 0.03528844192624092, 2.7276968955993652
578, -3.6192117059836164, 2, 17.830691141996795, 142, 85039, 85039, 0.03927095606923103, 2.736734390258789
579, -1.0543801826279378, 2, 36.818176200999005, 298, 85337, 85337, 0.03638448193669319, 2.7369940280914307
580, -2.507867392012031, 2, 24.57534778900299, 197, 85534, 85534, 0.03826357424259186, 2.7487802505493164
581, -1.721288455184549, 2, 8.940519659001438, 69, 85603, 85603, 0.03560129180550575, 2.7632534503936768
582, -1.790855762315914, 2, 24.16314558799786, 194, 85797, 85797, 0.03904523700475693, 2.743237018585205
583, -2.5120904399082065, 2, 9.997026969002036, 78, 85875, 85875, 0.036464445292949677, 2.7481822967529297
584, -3.7539722506771795, 2, 16.44294949399773, 131, 86006, 86006, 0.04049864411354065, 2.7613329887390137
585, -1.235645019600497, 2, 24.136665643000015, 194, 86200, 86200, 0.0357733853161335, 2.760901927947998
586, -0.11517157673370093, 2, 38.621219478001876, 314, 86514, 86514, 0.03875449299812317, 2.765146017074585
587, -2.339402930898359, 2, 33.90231305599809, 274, 86788, 86788, 0.035732951015233994, 2.7754135131835938
588, -2.3910563579411246, 2, 19.741143262999685, 158, 86946, 86946, 0.03603193163871765, 2.78813099861145
589, -0.6203206855570897, 2, 20.800636633000977, 167, 87113, 87113, 0.03622005134820938, 2.785984516143799
590, -3.486027830746025, 2, 8.684834908999619, 67, 87180, 87180, 0.03198428452014923, 2.798405408859253
591, -2.570199047753704, 2, 32.8906010790015, 266, 87446, 87446, 0.03511496260762215, 2.8003041744232178
592, -4.418600778197288, 2, 16.35584665300121, 131, 87577, 87577, 0.036506813019514084, 2.8004775047302246
593, -3.0537007914390415, 2, 5.446376585001417, 40, 87617, 87617, 0.04122110456228256, 2.7937896251678467
594, -1.6027967276822892, 2, 27.513560371000494, 222, 87839, 87839, 0.03589823842048645, 2.798241138458252
595, -3.5523905919271783, 2, 32.886747529002605, 266, 88105, 88105, 0.03579026460647583, 2.8134336471557617
596, -3.5700228615969536, 2, 11.920967745998496, 94, 88199, 88199, 0.034287042915821075, 2.809077501296997
597, -4.093528913566843, 2, 6.8650784860001295, 52, 88251, 88251, 0.040494076907634735, 2.819194793701172
598, 4.787582421230809, 4, 40.14249822999773, 326, 88577, 88577, 0.035165127366781235, 2.8310749530792236
599, 0.019960924022598192, 2, 32.29800355900079, 261, 88838, 88838, 0.034525126218795776, 2.8356728553771973
600, 0.22858083505707327, 2, 33.446228783999686, 270, 89108, 89108, 0.03594718873500824, 2.83647084236145
601, -3.7092356415232643, 2, 4.915357974998187, 36, 89144, 89144, 0.037308502942323685, 2.8444607257843018
602, -3.7080508074868703, 2, 37.43048924600225, 305, 89449, 89449, 0.036198701709508896, 2.8513972759246826
603, -0.1291642585711088, 2, 35.06738840000253, 284, 89733, 89733, 0.035673823207616806, 2.8546061515808105
604, -2.918675835011527, 2, 14.543691128998034, 115, 89848, 89848, 0.033799298107624054, 2.8470444679260254
605, -4.892492370330729, 2, 29.970573768001486, 242, 90090, 90090, 0.03419960290193558, 2.8544859886169434
606, -0.05842255789320916, 2, 13.967490481001732, 110, 90200, 90200, 0.03144235536456108, 2.8701529502868652
607, 4.296831896499498, 4, 40.11054439700092, 326, 90526, 90526, 0.03376937285065651, 2.8707313537597656
608, 3.095462030512863, 4, 40.16893295099726, 325, 90851, 90851, 0.03377524018287659, 2.879321336746216
609, 1.3076337035745382, 2, 26.84334662800029, 215, 91066, 91066, 0.03356802836060524, 2.8815412521362305
610, -3.8513032293412834, 2, 4.203445423998346, 30, 91096, 91096, 0.031355421990156174, 2.884883165359497
611, 0.9574476465859334, 2, 29.263284789001773, 236, 91332, 91332, 0.03328048810362816, 2.8897345066070557
612, 1.7361977947803098, 4, 40.09206750999874, 325, 91657, 91657, 0.034150950610637665, 2.8978097438812256
613, -1.5327487034955993, 2, 14.267781861999538, 113, 91770, 91770, 0.033752720803022385, 2.9105634689331055
614, 0.47210920384009114, 4, 40.150033592999534, 325, 92095, 92095, 0.03373433277010918, 2.905047655105591
615, -0.5343084047781304, 2, 17.752706764000322, 142, 92237, 92237, 0.032954517751932144, 2.9174845218658447
616, -3.2112737870775163, 2, 6.587689685999067, 50, 92287, 92287, 0.036809202283620834, 2.9011805057525635
617, -2.3844423909904435, 2, 8.650019546999829, 67, 92354, 92354, 0.03634244576096535, 2.937758445739746
618, -2.217863545520231, 2, 11.165693604998523, 87, 92441, 92441, 0.03128441050648689, 2.91924786567688
619, -2.294702602783218, 2, 6.131731907000358, 46, 92487, 92487, 0.03675651550292969, 2.9151527881622314
620, -2.2785055123240454, 2, 13.553900238002825, 107, 92594, 92594, 0.032887522131204605, 2.9285144805908203
621, -1.20234021730721, 2, 19.856885393000994, 159, 92753, 92753, 0.032423119992017746, 2.9212899208068848
622, -4.027374856028473, 2, 9.052576942998712, 70, 92823, 92823, 0.0344238318502903, 2.924665689468384
623, -2.135953589575365, 2, 16.096260114998586, 128, 92951, 92951, 0.03484119474887848, 2.919961929321289
624, -2.8250622884952463, 2, 8.1727614229967, 63, 93014, 93014, 0.03322731330990791, 2.925194263458252
625, -4.946766717592254, 2, 4.16564027899949, 30, 93044, 93044, 0.031232822686433792, 2.926405429840088
626, -1.216950458707288, 2, 20.442266515001393, 164, 93208, 93208, 0.03256829455494881, 2.9233646392822266
627, -2.390215092236758, 2, 15.327060366998921, 121, 93329, 93329, 0.03730424866080284, 2.939141035079956
628, -0.7981288158334792, 2, 20.596739223998156, 165, 93494, 93494, 0.03470204025506973, 2.9441139698028564
629, 0.9235676197567955, 4, 40.18357117800042, 326, 93820, 93820, 0.03319691866636276, 2.939387321472168
630, 4.227973986417055, 4, 40.11708318000092, 325, 94145, 94145, 0.03341668099164963, 2.9458816051483154
631, -2.298387775023002, 2, 6.337115647002065, 48, 94193, 94193, 0.035096075385808945, 2.9642293453216553
632, -0.513325194013305, 2, 12.825247641001624, 101, 94294, 94294, 0.033785730600357056, 2.9642257690429688
633, -3.201245163101703, 2, 8.204900717999408, 63, 94357, 94357, 0.029961325228214264, 2.953306198120117
634, 8.061690863236436, 1, 20.376797506000003, 164, 94521, 94521, 0.03256966918706894, 2.9627208709716797
635, -2.517207964672707, 2, 11.895295592003094, 93, 94614, 94614, 0.034605104476213455, 2.95414400100708
636, -1.055628966918448, 2, 30.046735048999835, 243, 94857, 94857, 0.03421417251229286, 2.9624927043914795
637, -3.5791719952831045, 2, 35.451453039000626, 287, 95144, 95144, 0.032795801758766174, 2.9617598056793213
638, -3.0102224642178044, 2, 7.645160284002486, 58, 95202, 95202, 0.03375639766454697, 2.979832649230957
639, 0.2974208145515149, 2, 20.046856385000865, 160, 95362, 95362, 0.03013722226023674, 2.965991258621216
640, -4.343526123186166, 2, 39.99498228499942, 325, 95687, 95687, 0.03088388592004776, 2.9750237464904785
641, 0.22069091082084924, 2, 17.966243663999194, 143, 95830, 95830, 0.030645383521914482, 2.9865612983703613
642, -1.743853382406087, 2, 35.35527624699898, 287, 96117, 96117, 0.03160823509097099, 2.9824180603027344
643, -0.8438324390444905, 2, 10.8810239609993, 85, 96202, 96202, 0.03367278724908829, 2.982030153274536
644, -2.326155803864822, 2, 5.694167931997072, 42, 96244, 96244, 0.02988385036587715, 2.974365711212158
645, -0.7621348033644608, 2, 22.17674782299946, 178, 96422, 96422, 0.03189077600836754, 2.9703822135925293
646, -3.907129312166944, 2, 4.156215840001096, 30, 96452, 96452, 0.031803593039512634, 2.9897356033325195
647, -1.8733780106704216, 2, 19.83242444499774, 158, 96610, 96610, 0.03341493010520935, 2.988553762435913
648, 4.409607572495588, 4, 40.120257649999985, 325, 96935, 96935, 0.032374124974012375, 2.9912264347076416
649, 3.7072872097269283, 4, 40.508105476998026, 328, 97263, 97263, 0.033129699528217316, 2.9961941242218018
650, -5.176835287944414, 2, 4.441874824999104, 32, 97295, 97295, 0.0337509885430336, 2.992476463317871
651, 7.0454400348244235, 1, 25.0649203690009, 202, 97497, 97497, 0.032696887850761414, 3.001303195953369
652, -0.8804516803356819, 2, 35.61041435199877, 288, 97785, 97785, 0.032840460538864136, 2.997769594192505
653, -3.396577733452432, 2, 9.765669153999625, 76, 97861, 97861, 0.026964806020259857, 3.015117883682251
654, -0.6040252099046484, 2, 22.081161460999283, 177, 98038, 98038, 0.03202791139483452, 3.007855176925659
655, -1.8079260773956776, 2, 22.265026482000394, 179, 98217, 98217, 0.03338567912578583, 3.0105199813842773
656, -0.36168463082867675, 4, 40.16063319599925, 326, 98543, 98543, 0.032992348074913025, 3.013792037963867
657, -0.29499403038062155, 2, 20.105175598000642, 160, 98703, 98703, 0.03341444954276085, 3.0129313468933105
658, -0.47137661916167417, 2, 10.784155995002948, 84, 98787, 98787, 0.03235870227217674, 3.018672466278076
659, -3.5472799969138578, 2, 7.085735520999151, 54, 98841, 98841, 0.034722451120615005, 3.0175535678863525
660, 0.317902514943853, 2, 17.482534072998533, 139, 98980, 98980, 0.03334952890872955, 3.0088346004486084
661, -2.004232942388626, 2, 13.636390910996852, 108, 99088, 99088, 0.032985422760248184, 3.016063928604126
662, 0.22005435750179458, 2, 27.995876060998853, 226, 99314, 99314, 0.032333582639694214, 3.0268185138702393
663, -4.7582281397189945, 2, 4.179521433001355, 30, 99344, 99344, 0.034493498504161835, 3.0271804332733154
664, 7.331840316881426, 1, 21.350525686000765, 171, 99515, 99515, 0.032293498516082764, 3.023850202560425
665, -0.7843061073726858, 2, 19.023466200000257, 152, 99667, 99667, 0.03167130798101425, 3.042011022567749
666, -2.7083421505521983, 2, 8.674045506002585, 67, 99734, 99734, 0.031179603189229965, 3.024862051010132
667, -0.6666563667822629, 2, 14.71573607299797, 117, 99851, 99851, 0.031533338129520416, 3.030762195587158
668, -2.3222919309628196, 2, 11.370824022000306, 89, 99940, 99940, 0.03126015141606331, 3.0379550457000732
669, -2.838452874450013, 2, 8.829534837997926, 68, 100008, 100008, 0.029216937720775604, 3.028270959854126
670, -2.8282039390178397, 2, 9.783798051001213, 76, 100084, 100084, 0.031543146818876266, 3.0304388999938965
671, -4.240616719471291, 2, 5.392665989998932, 40, 100124, 100124, 0.02987886406481266, 3.0594167709350586
672, -5.452356112655252, 2, 4.196816134000983, 30, 100154, 100154, 0.03048185259103775, 3.031629800796509
673, -2.361693816143088, 2, 18.073688764001417, 144, 100298, 100298, 0.03146430104970932, 3.0370805263519287
674, -5.443054640840273, 2, 23.39633662599954, 188, 100486, 100486, 0.03273182362318039, 3.0465941429138184
675, -0.08348859939724207, 2, 12.835821999997279, 101, 100587, 100587, 0.0314602330327034, 3.058208703994751
676, -3.765450440114364, 2, 10.515688406001573, 82, 100669, 100669, 0.02768535353243351, 3.049938678741455
677, -0.9442744661919278, 2, 21.268129046002286, 170, 100839, 100839, 0.030409391969442368, 3.0458948612213135
678, -5.7349309381097555, 2, 4.2295671309984755, 30, 100869, 100869, 0.02990412712097168, 3.0723488330841064
679, -5.766396204009652, 2, 4.207457291999162, 30, 100899, 100899, 0.03395878151059151, 3.0482335090637207
680, -0.4837673350702971, 2, 17.264626428001066, 137, 101036, 101036, 0.0300101600587368, 3.0378952026367188
681, -3.580317171057686, 2, 12.530963062999945, 98, 101134, 101134, 0.030509058386087418, 3.0549449920654297
682, -0.5337659856595565, 2, 27.160118825999234, 219, 101353, 101353, 0.03072693757712841, 3.0404016971588135
683, -4.531299921218306, 2, 4.510918490999757, 32, 101385, 101385, 0.028002344071865082, 3.037916898727417
684, -2.783125834132079, 2, 10.110812964001525, 79, 101464, 101464, 0.027580581605434418, 3.0507915019989014
685, -1.1331055962582468, 2, 33.53653585799839, 272, 101736, 101736, 0.030292430892586708, 3.0614190101623535
686, -2.378892096807249, 2, 11.251369411998894, 88, 101824, 101824, 0.03131311759352684, 3.0570242404937744
687, -4.28178085188847, 2, 4.213507446998847, 30, 101854, 101854, 0.031786851584911346, 3.068167209625244
688, -0.32530620077159256, 2, 10.976102679000178, 86, 101940, 101940, 0.02881135791540146, 3.065493583679199
689, 1.6499138638964723, 4, 40.17994464400181, 326, 102266, 102266, 0.03300726041197777, 3.062081813812256
690, 1.5907000488368794, 2, 21.953150441000616, 176, 102442, 102442, 0.0318269357085228, 3.0702059268951416
691, -1.280916000920115, 2, 13.880395625998062, 110, 102552, 102552, 0.032739926129579544, 3.0691473484039307
692, -0.7725779908359982, 2, 30.211816716000612, 244, 102796, 102796, 0.03050483576953411, 3.071712017059326
693, -3.1598433444742113, 2, 4.949469390998274, 36, 102832, 102832, 0.033232901245355606, 3.055321216583252
694, -3.4276074272347614, 2, 5.7320960690012726, 43, 102875, 102875, 0.029264604672789574, 3.059581756591797
695, -0.7255409978097305, 2, 16.351034649000212, 130, 103005, 103005, 0.029714539647102356, 3.060814380645752
696, -3.391573514789343, 2, 6.182829444998788, 46, 103051, 103051, 0.029868770390748978, 3.0806381702423096
697, -4.732292483255151, 2, 8.573020353000175, 66, 103117, 103117, 0.03291422128677368, 3.071794271469116
698, -4.980333275278099, 2, 4.2032909440022195, 30, 103147, 103147, 0.032224204391241074, 3.0965218544006348
699, -3.0534905196982436, 2, 14.802545320999343, 117, 103264, 103264, 0.03372393921017647, 3.083951950073242
700, -5.405614011455327, 2, 4.1864890750002814, 30, 103294, 103294, 0.02872474677860737, 3.0776445865631104
701, -2.252782135270536, 2, 6.973683864998748, 53, 103347, 103347, 0.030257422477006912, 3.0845754146575928
702, -2.7345418357872404, 2, 35.389949010001146, 286, 103633, 103633, 0.03012671135365963, 3.091209888458252
703, -4.821520877070725, 2, 4.195149469000171, 30, 103663, 103663, 0.03359948843717575, 3.0785508155822754
704, -5.330292599508539, 2, 9.52716099600002, 74, 103737, 103737, 0.03146776929497719, 3.084388256072998
705, -2.483620923361741, 2, 6.140169726997556, 46, 103783, 103783, 0.03072669915854931, 3.0811710357666016
706, -0.07522339254501276, 2, 29.654278041998623, 239, 104022, 104022, 0.030499063432216644, 3.094301700592041
707, -0.915946177294245, 2, 39.954017888001545, 324, 104346, 104346, 0.029851965606212616, 3.0954134464263916
708, -1.1612810996448388, 4, 40.09776475700346, 326, 104672, 104672, 0.031530462205410004, 3.095792293548584
709, -5.028941244352609, 2, 4.175177162000182, 30, 104702, 104702, 0.035930730402469635, 3.086200714111328
710, -3.2562900378834456, 2, 6.2302410769989365, 47, 104749, 104749, 0.025296898558735847, 3.105587959289551
711, -4.328431088943034, 2, 5.024441744997603, 37, 104786, 104786, 0.034510672092437744, 3.1027672290802
712, -1.7227965407489592, 2, 22.564291940998373, 180, 104966, 104966, 0.030997470021247864, 3.103304624557495
713, 2.5899649248167407, 4, 40.07044393999968, 325, 105291, 105291, 0.030824029818177223, 3.105616331100464
714, -4.629736304981634, 2, 10.246574774999317, 80, 105371, 105371, 0.02799459919333458, 3.112046480178833
715, -3.863562682119664, 2, 26.49551291899843, 214, 105585, 105585, 0.028172405436635017, 3.107515335083008
716, -4.334175138617866, 2, 4.581848816000274, 33, 105618, 105618, 0.026154428720474243, 3.0985517501831055
717, -0.06698169838637114, 2, 31.17521814200154, 251, 105869, 105869, 0.02927430160343647, 3.1048643589019775
718, -3.9397879124153405, 2, 5.0957707180023135, 37, 105906, 105906, 0.02822943590581417, 3.1024694442749023
719, -0.9287964273971738, 2, 26.9789818859972, 217, 106123, 106123, 0.029171882197260857, 3.1053359508514404
720, -4.7567263804376125, 2, 4.168753180998465, 30, 106153, 106153, 0.026102837175130844, 3.0979342460632324
721, -2.2234613655600697, 2, 21.942510681001295, 176, 106329, 106329, 0.029028672724962234, 3.112666130065918
722, -0.18341625249013305, 2, 21.672630778000894, 174, 106503, 106503, 0.02929234690964222, 3.131448984146118
723, -1.334710116032511, 2, 11.375672343001497, 89, 106592, 106592, 0.03214192017912865, 3.1201062202453613
724, -1.401872589951381, 2, 17.05947956500313, 136, 106728, 106728, 0.03085993602871895, 3.1354668140411377
725, -0.46545124259137083, 2, 15.90974687400012, 126, 106854, 106854, 0.030671458691358566, 3.123563289642334
726, -0.9909900047059637, 2, 27.61079578299905, 222, 107076, 107076, 0.029650995507836342, 3.131715774536133
727, 2.0284325449028984, 4, 40.185959473001276, 326, 107402, 107402, 0.03029126115143299, 3.131277084350586
728, -2.220205345434806, 2, 31.179491522001626, 250, 107652, 107652, 0.031107064336538315, 3.1321096420288086
729, -4.674239249667153, 2, 4.230404527999781, 30, 107682, 107682, 0.03055301494896412, 3.1558456420898438
730, -5.223220829386264, 2, 9.051833738998539, 70, 107752, 107752, 0.03057507425546646, 3.125995635986328
731, 7.880871335888514, 1, 20.95626506299959, 167, 107919, 107919, 0.02857143059372902, 3.142521858215332
732, -1.5960122963879257, 2, 9.945086029998492, 77, 107996, 107996, 0.028552312403917313, 3.1344199180603027
733, -4.119388005383371, 2, 27.173361443998147, 219, 108215, 108215, 0.03024933487176895, 3.13379168510437
734, 1.5114479303156259, 2, 29.000800087000243, 234, 108449, 108449, 0.030043117702007294, 3.150636672973633
735, 3.4641878119582543, 4, 40.11986502500076, 325, 108774, 108774, 0.028783302754163742, 3.1487250328063965
736, -0.5352666191756725, 2, 15.738065555000503, 125, 108899, 108899, 0.02970300428569317, 3.149768590927124
737, 3.3187762905618, 4, 40.11498546399889, 325, 109224, 109224, 0.03064691461622715, 3.148874044418335
738, -0.9589585012290627, 2, 10.88015694600108, 85, 109309, 109309, 0.03446437418460846, 3.1376514434814453
739, -0.7368143764117576, 2, 38.89810369299812, 312, 109621, 109621, 0.029698867350816727, 3.1545331478118896
740, -0.13106727035483345, 2, 34.12545267400128, 276, 109897, 109897, 0.031036725267767906, 3.160973072052002
741, -3.548736733966507, 2, 6.7474157310025475, 51, 109948, 109948, 0.03394055739045143, 3.154484748840332
742, -3.2353686671704054, 2, 18.175882777999504, 145, 110093, 110093, 0.030347462743520737, 3.1543407440185547
743, -1.4666411270518438, 2, 13.437186511000618, 106, 110199, 110199, 0.027346672490239143, 3.171764373779297
744, -1.11109873445821, 4, 40.16522690899728, 326, 110525, 110525, 0.029239244759082794, 3.161076545715332
745, -3.548655900071026, 2, 18.52980318399932, 147, 110672, 110672, 0.030467895790934563, 3.1651041507720947
746, -3.098428117809817, 2, 5.852190467998298, 44, 110716, 110716, 0.03265715017914772, 3.1492233276367188
747, -4.814830950228497, 2, 4.793167808998987, 35, 110751, 110751, 0.029474997892975807, 3.185685396194458
748, -4.730354482831899, 2, 23.003111449001153, 185, 110936, 110936, 0.028356565162539482, 3.1678338050842285
749, -4.178194239386357, 2, 7.946074816001783, 61, 110997, 110997, 0.03567347303032875, 3.1696348190307617
750, 3.021683018119802, 4, 40.190921836998314, 325, 111322, 111322, 0.030974892899394035, 3.174452066421509
751, -2.6822892639320344, 2, 6.136208207997697, 46, 111368, 111368, 0.027872590348124504, 3.1703684329986572
752, -3.0591599765466526, 2, 14.078002236998145, 111, 111479, 111479, 0.027603862807154655, 3.1717748641967773
753, -3.505917989881709, 2, 8.042385884997202, 62, 111541, 111541, 0.030373219400644302, 3.163149833679199
754, -4.444035594118759, 2, 4.218678710996755, 30, 111571, 111571, 0.0323244072496891, 3.196380376815796
755, -3.6729343532351777, 2, 4.4300849130013376, 32, 111603, 111603, 0.03472687304019928, 3.17307186126709
756, -3.3316702782176435, 2, 10.260834281998541, 80, 111683, 111683, 0.03013983927667141, 3.180311679840088
757, -3.3260659956577, 2, 5.763754523002717, 43, 111726, 111726, 0.03310031071305275, 3.1552646160125732
758, -3.250875706318766, 2, 5.1954430129990214, 38, 111764, 111764, 0.029374098405241966, 3.1701080799102783
759, -4.580523218726739, 2, 4.702343421999103, 34, 111798, 111798, 0.03237597271800041, 3.1702921390533447
760, -3.5186256368178874, 2, 23.751745655998093, 191, 111989, 111989, 0.02960648201406002, 3.1779298782348633
761, -1.3836060343310237, 2, 8.07191985100144, 62, 112051, 112051, 0.028633955866098404, 3.1913154125213623
762, 0.08112511719809845, 2, 40.44719023899961, 328, 112379, 112379, 0.027392325922846794, 3.1716833114624023
763, -4.802677320316434, 2, 4.196295386002021, 30, 112409, 112409, 0.034865010529756546, 3.187950372695923
764, -5.839534606784582, 2, 4.148415881998517, 30, 112439, 112439, 0.03145451843738556, 3.192718267440796
765, -1.0462413911009207, 2, 35.77086323099866, 290, 112729, 112729, 0.028973227366805077, 3.1840667724609375
766, -3.5039745694957674, 2, 4.826510549999512, 35, 112764, 112764, 0.029652785509824753, 3.1749839782714844
767, -5.3974920600885525, 2, 20.68440721799925, 166, 112930, 112930, 0.027197452262043953, 3.176239013671875
768, -4.022663114708848, 2, 4.2299343650011, 30, 112960, 112960, 0.030113164335489273, 3.1650123596191406
769, -5.372170893475413, 2, 4.161052783001651, 30, 112990, 112990, 0.029602259397506714, 3.186300039291382
770, -0.7833136654226109, 2, 15.985300237996853, 127, 113117, 113117, 0.03147684037685394, 3.185380697250366
771, -2.9182107681408525, 2, 5.539420832999895, 41, 113158, 113158, 0.025907428935170174, 3.178929328918457
772, 0.09353416732847109, 4, 40.10012018800262, 325, 113483, 113483, 0.028899360448122025, 3.19128680229187
773, -5.263601107522845, 2, 4.173743921001005, 30, 113513, 113513, 0.029409822076559067, 3.192725419998169
774, -5.698456132784486, 2, 4.216450921001524, 30, 113543, 113543, 0.02618645876646042, 3.172602415084839
775, -4.6243030747864395, 2, 12.557488720001857, 99, 113642, 113642, 0.02947632223367691, 3.1977856159210205
776, -0.04398527165176347, 2, 30.02012751499933, 241, 113883, 113883, 0.030281933024525642, 3.185920238494873
777, -3.0934882168658078, 2, 34.862210969000444, 281, 114164, 114164, 0.029086632654070854, 3.1863906383514404
778, -0.7739116502925754, 2, 12.113396306998766, 95, 114259, 114259, 0.02758575975894928, 3.1999263763427734
779, -1.2843209269922227, 2, 14.78493562299991, 117, 114376, 114376, 0.027472708374261856, 3.1959755420684814
780, -5.5821694121696055, 2, 4.2298141950013814, 30, 114406, 114406, 0.030987199395895004, 3.1815054416656494
781, -3.0420319206023123, 2, 16.830675467997935, 134, 114540, 114540, 0.028651796281337738, 3.195323944091797
782, -2.4636600204976276, 2, 8.719685566000408, 67, 114607, 114607, 0.029624352231621742, 3.176806926727295
783, -3.888795047532767, 2, 9.98807072099953, 78, 114685, 114685, 0.02679835818707943, 3.1920597553253174
784, -4.4347179578617215, 2, 4.79180368499874, 35, 114720, 114720, 0.028940850868821144, 3.184596061706543
785, -4.227165838703513, 2, 4.231396979001147, 30, 114750, 114750, 0.031708210706710815, 3.17861008644104
786, -4.04952804709319, 2, 7.088174956999865, 54, 114804, 114804, 0.027623843401670456, 3.1893510818481445
787, -3.442227160325274, 2, 16.633750118002354, 132, 114936, 114936, 0.027054086327552795, 3.200117588043213
788, -0.3352636459239875, 2, 33.68971116699686, 272, 115208, 115208, 0.029780959710478783, 3.1908109188079834
789, -4.596391956671141, 2, 4.231634935000329, 30, 115238, 115238, 0.0282818041741848, 3.1933443546295166
790, -2.2511312626302242, 2, 18.868841110001085, 151, 115389, 115389, 0.027538811787962914, 3.191972255706787
791, -1.2022104817442596, 2, 9.65370638800232, 75, 115464, 115464, 0.02863520011305809, 3.189150094985962
792, -5.456491130637005, 2, 4.212563321001653, 30, 115494, 115494, 0.03021943010389805, 3.190178871154785
793, -0.5623605211731046, 2, 12.132111316001101, 95, 115589, 115589, 0.027735654264688492, 3.19888973236084
794, -1.3097627836687025, 2, 16.799683706001815, 133, 115722, 115722, 0.029246406629681587, 3.2147607803344727
795, -3.8197182887233794, 2, 4.181496255998354, 30, 115752, 115752, 0.026109080761671066, 3.1920855045318604
796, -2.2370418317150325, 2, 11.995756600001187, 94, 115846, 115846, 0.02717670239508152, 3.19053053855896
797, -5.312733817379922, 2, 4.174374257996533, 30, 115876, 115876, 0.032581228762865067, 3.1881680488586426
798, 8.004088377812877, 1, 21.391673163001542, 171, 116047, 116047, 0.027270955964922905, 3.2054014205932617
799, -1.4292947678009114, 2, 25.423384739999165, 204, 116251, 116251, 0.029838833957910538, 3.19518780708313
800, 0.09327266482432606, 2, 29.981588001999626, 241, 116492, 116492, 0.029222864657640457, 3.2033607959747314
801, -0.8251931653030624, 2, 39.12648968699796, 316, 116808, 116808, 0.02762276865541935, 3.2045516967773438
802, 1.301678580166481, 2, 29.474108837999665, 237, 117045, 117045, 0.0291646309196949, 3.200366258621216
803, 7.617400543308122, 1, 32.47688955200283, 262, 117307, 117307, 0.028184691444039345, 3.203742742538452
804, -0.736774623648671, 2, 13.996576114997879, 111, 117418, 117418, 0.031354837119579315, 3.197922468185425
805, 0.35567964858364576, 2, 21.22241154400035, 170, 117588, 117588, 0.03054737113416195, 3.2128872871398926
806, -4.442416516249068, 2, 7.935064269000577, 61, 117649, 117649, 0.028672510758042336, 3.220754623413086
807, 0.3318344104809512, 2, 17.75461281200114, 141, 117790, 117790, 0.034458644688129425, 3.2078564167022705
808, -5.7958043701946735, 2, 4.199744601999555, 30, 117820, 117820, 0.027595778927206993, 3.204580068588257
809, -5.607801388912776, 2, 4.15843390399823, 30, 117850, 117850, 0.028407495468854904, 3.2012155055999756
810, -1.866709361282119, 2, 24.792081988001883, 198, 118048, 118048, 0.029531454667448997, 3.2062511444091797
811, -0.8582654770143563, 2, 29.233588619998045, 236, 118284, 118284, 0.029552321881055832, 3.2206270694732666
812, -0.13886808417737484, 2, 21.90994086700084, 176, 118460, 118460, 0.02923952229321003, 3.216794013977051
813, 0.9110975417424925, 2, 22.99449963400184, 184, 118644, 118644, 0.028634265065193176, 3.2179219722747803
814, 1.3372791371366475, 4, 40.106362102000276, 325, 118969, 118969, 0.027898063883185387, 3.222853422164917
815, -0.5780272617994342, 2, 19.525036876999366, 156, 119125, 119125, 0.026171620935201645, 3.218930959701538
816, -2.515819331863895, 2, 13.933137373998761, 110, 119235, 119235, 0.02732880786061287, 3.2258503437042236
817, -4.565870431950316, 2, 18.17444530800276, 145, 119380, 119380, 0.02775818482041359, 3.218447208404541
818, -3.2395135555416346, 2, 7.335303640997154, 56, 119436, 119436, 0.02658628299832344, 3.2057430744171143
819, -3.800204413040774, 2, 17.04100012499839, 136, 119572, 119572, 0.030180763453245163, 3.2312161922454834
820, 4.113465342459676, 4, 40.15549805099727, 326, 119898, 119898, 0.029476279392838478, 3.218228816986084
821, -0.6864133166527608, 4, 40.066906599000504, 325, 120223, 120223, 0.028073612600564957, 3.2317757606506348
822, -4.398812984349206, 2, 5.405564460997994, 40, 120263, 120263, 0.030866894870996475, 3.2131106853485107
823, -3.1016111657954752, 2, 4.8769896869998774, 36, 120299, 120299, 0.03017679788172245, 3.2286975383758545
824, -0.4709907745127566, 2, 20.1387811420027, 161, 120460, 120460, 0.02803770825266838, 3.23486328125
825, -0.6322576109741931, 2, 23.533876680001413, 188, 120648, 120648, 0.027295321226119995, 3.225630521774292
826, 7.301320372778719, 1, 29.780652956000267, 241, 120889, 120889, 0.029171103611588478, 3.2273027896881104
827, -2.394819383509457, 2, 8.683703308000986, 67, 120956, 120956, 0.028358260169625282, 3.2244133949279785
828, -2.474092316115275, 2, 8.250776999000664, 63, 121019, 121019, 0.02836746722459793, 3.2276034355163574
829, -1.6145710456185043, 2, 10.05927439199877, 78, 121097, 121097, 0.02576860971748829, 3.236431121826172
830, -2.1475144284777343, 2, 18.16292386599889, 145, 121242, 121242, 0.026444094255566597, 3.219348907470703
831, -2.981434397865087, 2, 4.9186875890009105, 36, 121278, 121278, 0.02540750801563263, 3.186159133911133
832, -2.2244149330072105, 2, 8.660904925000068, 67, 121345, 121345, 0.028663842007517815, 3.2478222846984863
833, -0.5180456153757405, 2, 21.753572392000933, 173, 121518, 121518, 0.029049934819340706, 3.2269506454467773
834, -0.9038290205644444, 2, 14.66331677999915, 116, 121634, 121634, 0.027930840849876404, 3.232659101486206
835, -3.779461856931448, 2, 13.09873417199924, 103, 121737, 121737, 0.026566579937934875, 3.2249815464019775
836, 6.839299546845723, 1, 25.457643567999185, 204, 121941, 121941, 0.027466097846627235, 3.230527400970459
837, -1.174163063056767, 2, 9.834246231002908, 76, 122017, 122017, 0.02953617461025715, 3.2448670864105225
838, -4.329472411889583, 2, 4.162963938997564, 30, 122047, 122047, 0.022991541773080826, 3.221595525741577
839, 3.4705563441093545, 4, 40.145388286000525, 325, 122372, 122372, 0.027601445093750954, 3.2288355827331543
840, -2.2087184136616997, 2, 24.15453996499855, 194, 122566, 122566, 0.02759667858481407, 3.238964319229126
841, -3.392738734604791, 2, 9.440674992998538, 73, 122639, 122639, 0.030301788821816444, 3.258538246154785
842, -4.936026655137539, 2, 4.152375370002119, 30, 122669, 122669, 0.028643639758229256, 3.2361395359039307
843, -5.705982370302081, 2, 4.21884153100109, 30, 122699, 122699, 0.03513457626104355, 3.2273573875427246
844, -1.5598486131057143, 2, 12.648920125000586, 99, 122798, 122798, 0.02751234546303749, 3.225461959838867
845, -1.338373266180497, 2, 21.729062091999367, 174, 122972, 122972, 0.02766166813671589, 3.2354283332824707
846, -4.49835173424799, 2, 33.968651233000855, 275, 123247, 123247, 0.02724200114607811, 3.2386910915374756
847, -1.4493126098145694, 2, 35.19168325300052, 285, 123532, 123532, 0.02801765874028206, 3.238055467605591
848, -4.637523349607363, 2, 4.752518034001696, 35, 123567, 123567, 0.02738226391375065, 3.2328808307647705
849, -3.9235583439003676, 2, 4.197082768998371, 30, 123597, 123597, 0.031507182866334915, 3.2403650283813477
850, -3.0266307809506543, 2, 15.623394305999682, 124, 123721, 123721, 0.02906683273613453, 3.24758243560791
851, 8.181854522876165, 1, 31.49904654999773, 254, 123975, 123975, 0.02914992906153202, 3.231623411178589
852, -2.678859745617956, 2, 8.934930453000561, 69, 124044, 124044, 0.027022821828722954, 3.2480149269104004
853, -2.930875147692859, 2, 7.731971724999312, 59, 124103, 124103, 0.026880722492933273, 3.2402091026306152
854, -3.406507619889453, 2, 5.666241552000429, 42, 124145, 124145, 0.02808108553290367, 3.2430920600891113
855, -0.7642346011707559, 2, 20.721416664997378, 165, 124310, 124310, 0.02820999175310135, 3.2423107624053955
856, 2.367240047780797, 4, 40.09564969799976, 324, 124634, 124634, 0.029262812808156013, 3.2481846809387207
857, -1.1860875831916928, 2, 16.460919473000104, 130, 124764, 124764, 0.02969234623014927, 3.2538270950317383
858, -3.790752376895398, 2, 16.675239497999428, 132, 124896, 124896, 0.027599960565567017, 3.2509593963623047
859, -0.5269373608316528, 2, 34.12383571600003, 275, 125171, 125171, 0.029255038127303123, 3.24375581741333
860, -3.244234638288617, 2, 5.693070574001467, 42, 125213, 125213, 0.025014536455273628, 3.2361559867858887
861, -0.4064126286903047, 2, 30.172698403999675, 244, 125457, 125457, 0.02689928002655506, 3.2480649948120117
862, -0.6912346256358433, 2, 27.763768336000794, 224, 125681, 125681, 0.02794520929455757, 3.2482705116271973
863, -1.1254873346915701, 2, 22.696836264000012, 182, 125863, 125863, 0.027959339320659637, 3.2570924758911133
864, -3.654882916714996, 2, 8.690402026000811, 67, 125930, 125930, 0.03203171491622925, 3.25038480758667
865, -1.3656400713371113, 2, 14.654909721997683, 116, 126046, 126046, 0.027630649507045746, 3.2418642044067383
866, -0.6144477857742459, 2, 16.172294236002926, 128, 126174, 126174, 0.02574387937784195, 3.244235038757324
867, -3.559085718356073, 2, 5.180863493002107, 38, 126212, 126212, 0.02718137390911579, 3.2381467819213867
868, -2.8671291005884996, 2, 11.153318030999799, 87, 126299, 126299, 0.026124225929379463, 3.256579637527466
869, -1.151465033646673, 2, 11.853466365999338, 93, 126392, 126392, 0.027602773159742355, 3.256488084793091
870, -4.615948709659278, 2, 4.1698171040006855, 30, 126422, 126422, 0.033469006419181824, 3.226539373397827
871, -0.052883046242641285, 2, 14.154446541000652, 112, 126534, 126534, 0.02617432177066803, 3.2601354122161865
872, -3.6880489457398653, 2, 4.564473848000489, 33, 126567, 126567, 0.022617103531956673, 3.2407901287078857
873, -2.3165870877855923, 2, 8.491550947001087, 65, 126632, 126632, 0.025316862389445305, 3.246816635131836
874, -2.733384009450674, 2, 7.975072664998152, 61, 126693, 126693, 0.028055451810359955, 3.2490713596343994
875, 8.704746736504603, 1, 26.774928120001277, 215, 126908, 126908, 0.027860846370458603, 3.264226198196411
876, -4.0186818446964025, 2, 5.843772470001568, 43, 126951, 126951, 0.030562689527869225, 3.2665069103240967
877, -3.3283889275044203, 2, 7.863798908001627, 60, 127011, 127011, 0.026521077379584312, 3.245384454727173
878, -2.688198763295077, 2, 8.941245844998775, 69, 127080, 127080, 0.029123693704605103, 3.260622978210449
879, -1.3245976796606556, 2, 7.429791652997665, 57, 127137, 127137, 0.02719072625041008, 3.265504837036133
880, -4.9085884193191305, 2, 4.597502311000426, 33, 127170, 127170, 0.030175279825925827, 3.2497475147247314
881, 0.34305661160033196, 2, 25.456531137999264, 205, 127375, 127375, 0.027416301891207695, 3.2517943382263184
882, -0.15483881711770664, 2, 16.37865102900105, 130, 127505, 127505, 0.02632535994052887, 3.2577974796295166
883, -3.7867024899460375, 2, 4.183867189000011, 30, 127535, 127535, 0.03433164581656456, 3.2524099349975586
884, 8.094575491180876, 1, 29.460262047003198, 238, 127773, 127773, 0.026983972638845444, 3.2596092224121094
885, -3.282572264841292, 2, 10.347297526001057, 78, 127851, 127851, 0.02635602094233036, 3.2564446926116943
886, -1.2361231474787928, 2, 22.504757353002788, 181, 128032, 128032, 0.026337724179029465, 3.2570042610168457
887, 2.580225968371451, 4, 40.19756556599896, 324, 128356, 128356, 0.029209254309535027, 3.2611331939697266
888, -1.0578934019322332, 2, 34.913369886999135, 282, 128638, 128638, 0.026936432346701622, 3.265106678009033
889, 4.406241836989466, 4, 40.12147007399835, 324, 128962, 128962, 0.028351271525025368, 3.2572176456451416
890, 0.7539314827845374, 2, 23.481546473998606, 188, 129150, 129150, 0.02868773601949215, 3.2662606239318848
891, -0.14133775662776316, 2, 25.20477274299992, 202, 129352, 129352, 0.026763979345560074, 3.2465460300445557
892, -3.882241603336297, 2, 4.149926324997068, 30, 129382, 129382, 0.026764115318655968, 3.2750303745269775
893, 2.662208147961792, 4, 40.07844111200029, 325, 129707, 129707, 0.02874637395143509, 3.2692832946777344
894, -1.9525164642836899, 2, 11.672747182998137, 91, 129798, 129798, 0.02790575474500656, 3.2545506954193115
895, -0.7710298595484346, 2, 14.082271527000557, 112, 129910, 129910, 0.02692617103457451, 3.263997793197632
896, -2.1880113928345963, 2, 8.455001419999462, 65, 129975, 129975, 0.028004856780171394, 3.2727510929107666
897, -3.9912578384391963, 2, 18.167890839999018, 145, 130120, 130120, 0.02758132852613926, 3.2597479820251465
898, -1.8837750733364373, 2, 31.5628641459989, 255, 130375, 130375, 0.027634115889668465, 3.259493350982666
899, -1.0396736871698522, 2, 27.896539355999266, 224, 130599, 130599, 0.0273286160081625, 3.2657694816589355
900, -3.4410533268237486, 2, 22.874153479999222, 182, 130781, 130781, 0.0265645869076252, 3.2603633403778076
901, -0.42561416469288815, 4, 40.1784346400018, 325, 131106, 131106, 0.02794884331524372, 3.2723336219787598
902, -1.7253657444380224, 2, 11.218302446002781, 88, 131194, 131194, 0.025891344994306564, 3.2649757862091064
903, -1.2005044472170994, 2, 19.970772108998062, 159, 131353, 131353, 0.026844894513487816, 3.2612574100494385
904, -1.5287445706781, 2, 9.519561138000427, 74, 131427, 131427, 0.027090664952993393, 3.258157730102539
905, -5.326108834240586, 2, 4.177795523999521, 30, 131457, 131457, 0.02485869638621807, 3.2632904052734375
906, -0.5365256098157261, 2, 21.637070916000084, 173, 131630, 131630, 0.02880498394370079, 3.2716283798217773
907, -4.757820178405382, 2, 4.203981463997479, 30, 131660, 131660, 0.029756683856248856, 3.272709608078003
908, -0.25877763900643913, 2, 38.86453487900144, 314, 131974, 131974, 0.026887699961662292, 3.2619247436523438
909, -4.681228637450658, 2, 19.187539358998038, 152, 132126, 132126, 0.026459649205207825, 3.2655513286590576
910, -1.159416654612869, 2, 11.729575394998392, 92, 132218, 132218, 0.029381249099969864, 3.2723474502563477
911, -3.742809152463451, 2, 5.383038593998208, 40, 132258, 132258, 0.02690419927239418, 3.2842464447021484
912, -1.7522423840127885, 2, 14.805802048998885, 117, 132375, 132375, 0.029919352382421494, 3.2689220905303955
913, -0.7229867726782686, 2, 20.54560459899949, 164, 132539, 132539, 0.02704928070306778, 3.2700142860412598
914, -3.0399087495170534, 2, 5.81415520900191, 43, 132582, 132582, 0.03285735845565796, 3.26420521736145
915, -1.1210060890880413, 2, 17.812895020000724, 142, 132724, 132724, 0.02741519920527935, 3.2683193683624268
916, -5.200080793816596, 2, 4.169412208000722, 30, 132754, 132754, 0.03057083673775196, 3.2841758728027344
917, 2.115732942649629, 4, 40.17224311899918, 324, 133078, 133078, 0.02819744125008583, 3.2738990783691406
918, 0.04078614595346153, 2, 26.20330875599757, 208, 133286, 133286, 0.02887440100312233, 3.2737581729888916
919, -5.82463245280087, 2, 4.184249068999634, 30, 133316, 133316, 0.03161242976784706, 3.265833616256714
920, -4.04712081985781, 2, 4.167658209997171, 30, 133346, 133346, 0.033104587346315384, 3.271052837371826
921, -2.5149797808844596, 2, 9.433529426998575, 73, 133419, 133419, 0.03068115934729576, 3.2766613960266113
922, -3.8112366404384375, 2, 7.031375892001961, 53, 133472, 133472, 0.027417408302426338, 3.2853708267211914
923, -1.0627762055955827, 2, 15.537115155999345, 123, 133595, 133595, 0.02787453681230545, 3.2710256576538086
924, -1.1407418916169263, 2, 27.59988733499995, 222, 133817, 133817, 0.027068698778748512, 3.2810022830963135
925, -2.74479018652346, 2, 8.703975727999932, 67, 133884, 133884, 0.030052321031689644, 3.2833635807037354
926, 2.5501164908600913, 4, 40.13007524499699, 324, 134208, 134208, 0.02667737938463688, 3.2778372764587402
927, -4.662678261753172, 2, 5.2708610970003065, 39, 134247, 134247, 0.026403069496154785, 3.2787303924560547
928, -0.6398891953285784, 2, 21.290499941002054, 170, 134417, 134417, 0.027555393055081367, 3.273606300354004
929, 3.0577478158897975, 4, 40.156660071999795, 325, 134742, 134742, 0.028665313497185707, 3.274282217025757
930, -3.619310546084307, 2, 13.182494861001032, 104, 134846, 134846, 0.029590193182229996, 3.2683236598968506
931, -1.1928777844150318, 2, 25.004465015997994, 200, 135046, 135046, 0.0269955825060606, 3.2820851802825928
932, -1.6189924257341772, 2, 13.336416522000945, 105, 135151, 135151, 0.029216676950454712, 3.2811965942382812
933, -1.3998978894669563, 2, 11.931265826999152, 93, 135244, 135244, 0.02700968272984028, 3.275510311126709
934, 6.858229910663795, 1, 26.399382477000472, 212, 135456, 135456, 0.025444313883781433, 3.2783052921295166
935, 2.4094359269602137, 4, 40.13097453999944, 325, 135781, 135781, 0.028472941368818283, 3.274280309677124
936, -0.6467246112442808, 2, 29.257702005001192, 235, 136016, 136016, 0.02781802788376808, 3.274704694747925
937, 0.941491739358753, 4, 40.157172972998524, 325, 136341, 136341, 0.026573246344923973, 3.272395133972168
938, -1.0329139138339087, 2, 32.527514613000676, 260, 136601, 136601, 0.027843214571475983, 3.292689323425293
939, -5.684984580613673, 2, 4.197916852001072, 30, 136631, 136631, 0.02903774194419384, 3.287012815475464
940, -3.153038746211678, 2, 9.038212449999264, 69, 136700, 136700, 0.02822725474834442, 3.2855451107025146
941, -0.3540699426084757, 2, 17.36158001899821, 137, 136837, 136837, 0.029479648917913437, 3.2911930084228516
942, -4.791724366368726, 2, 4.207725627999025, 30, 136867, 136867, 0.02667166106402874, 3.2639315128326416
943, -1.1227666651461732, 2, 23.742274664000433, 189, 137056, 137056, 0.02799580805003643, 3.28204345703125
944, -1.3255171333439648, 2, 9.196867145998112, 71, 137127, 137127, 0.028465643525123596, 3.281933307647705
945, 1.2939512383454712, 4, 40.143785086002026, 322, 137449, 137449, 0.029364822432398796, 3.2782998085021973
946, 2.7971593064430635, 4, 40.09485724899787, 322, 137771, 137771, 0.028271017596125603, 3.294344425201416
947, -0.13298809999832883, 2, 22.47758441699989, 178, 137949, 137949, 0.02712005376815796, 3.2804548740386963
948, -0.7647564883704945, 2, 23.393942696999147, 186, 138135, 138135, 0.030624859035015106, 3.287731170654297
949, 0.22425398935826024, 2, 23.496366988001682, 187, 138322, 138322, 0.028461698442697525, 3.294524908065796
950, -0.6977797424224264, 2, 24.959137412999553, 199, 138521, 138521, 0.027168231084942818, 3.2901861667633057
951, -0.5226487455656752, 2, 16.95476797399897, 134, 138655, 138655, 0.025464629754424095, 3.2970547676086426
952, -3.4822747967555188, 2, 15.068940733002819, 118, 138773, 138773, 0.026803048327565193, 3.2964603900909424
953, -4.129676548298448, 2, 4.193498878998071, 30, 138803, 138803, 0.026952553540468216, 3.271141767501831
954, -3.27863568488101, 2, 11.013522920002288, 85, 138888, 138888, 0.026681091636419296, 3.2737278938293457
955, -3.0228378425817937, 2, 5.685412063001422, 42, 138930, 138930, 0.02685444988310337, 3.2871294021606445
956, -3.598039394710213, 2, 8.763819668998622, 67, 138997, 138997, 0.029751809313893318, 3.2882275581359863
957, -4.915487414691597, 2, 4.245407649999834, 30, 139027, 139027, 0.023618487641215324, 3.31367826461792
958, -0.822788029559888, 2, 28.072855718000937, 224, 139251, 139251, 0.02918843738734722, 3.2944178581237793
959, -4.539514448195405, 2, 19.51501519700105, 155, 139406, 139406, 0.02828149124979973, 3.2953977584838867
960, 0.5465181822219165, 2, 20.83866392100026, 165, 139571, 139571, 0.027612922713160515, 3.291292428970337
961, 8.409871759824455, 1, 26.50740266700086, 211, 139782, 139782, 0.025511858984827995, 3.290487051010132
962, -5.050496660172939, 2, 4.199065855002118, 30, 139812, 139812, 0.029704857617616653, 3.294419288635254
963, -1.659653240836633, 2, 33.180876868998894, 266, 140078, 140078, 0.027961112558841705, 3.2882823944091797
964, 0.6886569304770092, 2, 28.188461654001003, 225, 140303, 140303, 0.029429038986563683, 3.293341636657715
965, -5.086100029526278, 2, 4.202365181998175, 30, 140333, 140333, 0.031154679134488106, 3.2822678089141846
966, -4.755141261732206, 2, 14.27757123900301, 112, 140445, 140445, 0.028750630095601082, 3.28904128074646
967, 0.3871041104030155, 2, 22.310416904001613, 175, 140620, 140620, 0.028565069660544395, 3.293222188949585
968, -2.3195904116146266, 2, 5.481956690000516, 40, 140660, 140660, 0.024062898010015488, 3.278327465057373
969, 0.05031463236082345, 2, 13.147248991001106, 103, 140763, 140763, 0.03036874160170555, 3.3037121295928955
970, 0.5734993726946414, 2, 26.570725109002524, 212, 140975, 140975, 0.0272518303245306, 3.29164457321167
971, -5.413950738497078, 2, 4.1989984110005025, 30, 141005, 141005, 0.027385255321860313, 3.297891855239868
972, 2.077041903627105, 4, 40.16148063500077, 323, 141328, 141328, 0.02799941971898079, 3.2996246814727783
973, 0.27523097780067474, 2, 23.756403727998986, 190, 141518, 141518, 0.02587083727121353, 3.2928993701934814
974, -0.8495133449323475, 2, 16.450951260001602, 129, 141647, 141647, 0.029824094846844673, 3.288708209991455
975, 1.099773931055097, 4, 40.17265096800111, 323, 141970, 141970, 0.027627278119325638, 3.295515537261963
976, -3.935365343117155, 2, 11.347614898000757, 88, 142058, 142058, 0.027898060157895088, 3.284794807434082
977, 2.63844725387753, 4, 40.16053639200254, 323, 142381, 142381, 0.029352834448218346, 3.2933719158172607
978, 0.526796767488122, 2, 20.764038366000023, 165, 142546, 142546, 0.02643773891031742, 3.298356771469116
979, 0.8468437835554141, 4, 40.0947548969998, 322, 142868, 142868, 0.027188558131456375, 3.299680233001709
980, -3.562811140116537, 2, 4.871749276000628, 35, 142903, 142903, 0.027083134278655052, 3.2888259887695312
981, -3.161418294184841, 2, 17.641893586998776, 139, 143042, 143042, 0.030177174136042595, 3.2898263931274414
982, 3.048344150010962, 4, 40.18334147399946, 323, 143365, 143365, 0.02728366293013096, 3.297954797744751
983, 2.5740922695345034, 4, 40.150934204000805, 323, 143688, 143688, 0.028924405574798584, 3.298769474029541
984, -4.008925918373279, 2, 9.974661615000514, 77, 143765, 143765, 0.02825726754963398, 3.284432888031006
985, -1.5393875994341215, 2, 35.06961576200047, 281, 144046, 144046, 0.0268928874284029, 3.306462287902832
986, -4.835085289669223, 2, 4.163307996001095, 30, 144076, 144076, 0.02848118729889393, 3.3099634647369385
987, -3.436321672052145, 2, 13.39178130900109, 105, 144181, 144181, 0.029528480023145676, 3.3055472373962402
988, -4.783164617139846, 2, 4.214384375998634, 30, 144211, 144211, 0.030732430517673492, 3.3046610355377197
989, -0.6562031064313487, 2, 35.47773451499961, 285, 144496, 144496, 0.026805471628904343, 3.3023767471313477
990, 0.25017684971680865, 2, 20.260432950002723, 160, 144656, 144656, 0.03121613897383213, 3.302696704864502
991, -3.792740347562358, 2, 4.465494893000141, 32, 144688, 144688, 0.02808702178299427, 3.285815715789795
992, -1.0501260191667825, 2, 12.059400983998785, 94, 144782, 144782, 0.0244645643979311, 3.294907569885254
993, -4.358006656868383, 2, 5.806950957998197, 43, 144825, 144825, 0.028640901669859886, 3.3059327602386475
994, -3.8376516218995675, 2, 4.181000765001954, 30, 144855, 144855, 0.02799198217689991, 3.305469036102295
995, -3.752734610638072, 2, 13.526342322998971, 106, 144961, 144961, 0.02711561694741249, 3.318535804748535
996, 0.20998467470053583, 2, 18.662136020997423, 147, 145108, 145108, 0.026954520493745804, 3.2953503131866455
997, -1.5364844356663525, 2, 7.136338562999299, 54, 145162, 145162, 0.03011775203049183, 3.3193724155426025
998, -4.072042534360662, 2, 4.2105902430012065, 30, 145192, 145192, 0.023904796689748764, 3.3057620525360107
999, 2.562435320119448, 4, 40.08630381799958, 321, 145513, 145513, 0.02686234377324581, 3.294804334640503
1000, 3.055007328390275, 4, 40.08615625099992, 322, 145835, 145835, 0.028575271368026733, 3.292560577392578
1001, -0.6361403299961239, 2, 11.574195576999045, 90, 145925, 145925, 0.025368208065629005, 3.3046939373016357
1002, -3.4980107517912984, 2, 4.325232971001242, 31, 145956, 145956, 0.02416144870221615, 3.304588794708252
1003, 7.596367744516101, 1, 31.773864375001722, 255, 146211, 146211, 0.027713049203157425, 3.3027994632720947
1004, -1.854383619123837, 2, 27.480647073, 220, 146431, 146431, 0.026659134775400162, 3.3002307415008545
1005, -2.644845337839797, 2, 7.304500220001501, 55, 146486, 146486, 0.032873496413230896, 3.304297924041748
1006, -3.66389173688367, 2, 10.429844546000822, 80, 146566, 146566, 0.027661025524139404, 3.3025035858154297
1007, -3.5318140789167956, 2, 4.683438176998607, 34, 146600, 146600, 0.021544670686125755, 3.3130674362182617
1008, -1.1206821699161083, 2, 10.53807925500223, 81, 146681, 146681, 0.027569830417633057, 3.3123390674591064
1009, -1.0507076800950017, 2, 28.77181113700135, 230, 146911, 146911, 0.027751518413424492, 3.30183482170105
1010, -3.7274293521186337, 2, 4.6137687919981545, 33, 146944, 146944, 0.027143234387040138, 3.2963712215423584
1011, -2.955271657090634, 2, 9.63474562600095, 74, 147018, 147018, 0.02679344080388546, 3.3074209690093994
1012, -2.2202995826955885, 2, 24.392746785997588, 195, 147213, 147213, 0.025374796241521835, 3.3057477474212646
1013, -4.232161666499451, 2, 4.229257803999644, 30, 147243, 147243, 0.023941805586218834, 3.3004953861236572
1014, -2.3733903374813963, 2, 40.19661071500013, 323, 147566, 147566, 0.027157071977853775, 3.3016481399536133
1015, -1.9571251762099564, 2, 11.69794079300118, 91, 147657, 147657, 0.031984131783246994, 3.309666633605957
1016, -1.4582656046841294, 2, 11.557410358000197, 90, 147747, 147747, 0.027493702247738838, 3.3046481609344482
1017, -3.980124161229469, 2, 4.212300753999443, 30, 147777, 147777, 0.0321698822081089, 3.288224458694458
1018, -1.147040343596018, 2, 24.000660256002448, 191, 147968, 147968, 0.025307590141892433, 3.3014345169067383
1019, 0.4026520901825279, 2, 16.70465380799942, 130, 148098, 148098, 0.02705882117152214, 3.3014376163482666
1020, -1.2023489958955906, 2, 24.6748518280001, 197, 148295, 148295, 0.02698325179517269, 3.293712854385376
1021, -1.1094587605330162, 2, 13.673709983002482, 107, 148402, 148402, 0.02948152646422386, 3.2973289489746094
1022, -0.40876032496453263, 2, 22.303496145999816, 177, 148579, 148579, 0.028666086494922638, 3.295868396759033
1023, -4.775711715599755, 2, 28.193774205999944, 226, 148805, 148805, 0.026710452511906624, 3.3119237422943115
1024, 7.60485699873243, 1, 38.43756388899783, 308, 149113, 149113, 0.02727968990802765, 3.2879457473754883
1025, -0.0588613986474229, 2, 28.2899567079985, 224, 149337, 149337, 0.027193332090973854, 3.304779052734375
1026, -1.2955366156529635, 2, 10.730664995000552, 81, 149418, 149418, 0.029795555397868156, 3.3031296730041504
1027, 1.069282503467548, 4, 40.097638523999194, 319, 149737, 149737, 0.027575043961405754, 3.303187370300293
1028, -0.7880099613685161, 2, 11.787557343999651, 90, 149827, 149827, 0.025124743580818176, 3.2979817390441895
1029, -4.18849615950603, 2, 4.22256956199999, 30, 149857, 149857, 0.02901732549071312, 3.301692247390747
1030, -0.4634708772646263, 2, 16.5109742679997, 129, 149986, 149986, 0.026195013895630836, 3.300147533416748
1031, -3.3229370149128954, 2, 37.67978643000242, 297, 150283, 150283, 0.0281591285020113, 3.298793315887451
1032, -4.942315218271688, 2, 4.210686888000055, 30, 150313, 150313, 0.027238329872488976, 3.2916276454925537
1033, 0.15261198347434402, 2, 20.561170831999334, 163, 150476, 150476, 0.025643184781074524, 3.305591106414795
1034, -3.9624358761138865, 2, 25.675509135999164, 204, 150680, 150680, 0.027301568537950516, 3.30354905128479
1035, -0.3954292342241388, 2, 14.102840863997699, 111, 150791, 150791, 0.026158401742577553, 3.312917947769165
1036, 0.25977021994185634, 2, 24.77339123799902, 197, 150988, 150988, 0.028168290853500366, 3.309298515319824
1037, 0.04630583373364061, 2, 16.283001452000462, 128, 151116, 151116, 0.027811801061034203, 3.3060882091522217
1038, -1.3761252413969487, 2, 17.842837344000145, 141, 151257, 151257, 0.029666423797607422, 3.3002336025238037
1039, -3.2724018179578707, 2, 5.675599427002453, 42, 151299, 151299, 0.035562485456466675, 3.3274660110473633
1040, -2.0261125674405775, 2, 16.48298955700011, 129, 151428, 151428, 0.027343090623617172, 3.2963993549346924
1041, -4.935437981388532, 2, 4.211912447000941, 30, 151458, 151458, 0.03009924292564392, 3.3107666969299316
1042, -1.343949698497454, 2, 16.609682120000798, 131, 151589, 151589, 0.028377508744597435, 3.3035664558410645
1043, -3.3380769059294835, 2, 6.2530777389984, 46, 151635, 151635, 0.03246023505926132, 3.30527663230896
1044, -4.808549548033625, 2, 4.337133257002279, 31, 151666, 151666, 0.027312401682138443, 3.297822952270508
1045, -0.12902656639926136, 2, 26.398239411999384, 211, 151877, 151877, 0.0255214124917984, 3.298100709915161
1046, -2.7824392596958205, 2, 11.074149544001557, 86, 151963, 151963, 0.026169752702116966, 3.3092281818389893
1047, -4.464853042503819, 2, 4.195010966002883, 30, 151993, 151993, 0.02554926648736, 3.306969165802002
1048, -2.745914557715878, 2, 9.966115080998861, 77, 152070, 152070, 0.03216409683227539, 3.2993199825286865
1049, -3.9334733649156988, 2, 4.246397104998323, 30, 152100, 152100, 0.03165598213672638, 3.3102400302886963
1050, -0.2282090493827127, 2, 18.69861342999866, 148, 152248, 152248, 0.02736051380634308, 3.2917661666870117
1051, -0.42287909421429504, 2, 33.17640189799931, 267, 152515, 152515, 0.026598403230309486, 3.297006368637085
1052, 0.4303198944689939, 2, 23.574092942999414, 187, 152702, 152702, 0.026901017874479294, 3.2988226413726807
1053, -3.5963881685456727, 2, 9.066496979998192, 69, 152771, 152771, 0.027206609025597572, 3.3125622272491455
1054, -4.226605546777137, 2, 4.219152903999202, 30, 152801, 152801, 0.026255672797560692, 3.301495313644409
1055, -2.285896559640605, 2, 34.170156791999034, 272, 153073, 153073, 0.026478812098503113, 3.3039560317993164
1056, -1.3083601662656292, 2, 12.55448088400226, 97, 153170, 153170, 0.028135012835264206, 3.3106844425201416
1057, -4.3535813129274175, 2, 6.043596118001005, 45, 153215, 153215, 0.029615985229611397, 3.3159477710723877
1058, -3.9221725363167934, 2, 22.394105420000415, 177, 153392, 153392, 0.028722381219267845, 3.2961652278900146
1059, -5.403211426746566, 2, 18.17941797399908, 144, 153536, 153536, 0.02890065312385559, 3.285220146179199
1060, -3.5087097928626463, 2, 4.309276846997818, 31, 153567, 153567, 0.027296746149659157, 3.3092188835144043
1061, 7.734695623468724, 1, 25.595562881997466, 205, 153772, 153772, 0.025950487703084946, 3.2957417964935303
1062, -0.4304304614197463, 2, 19.223886022999068, 153, 153925, 153925, 0.02979111112654209, 3.286224603652954
1063, -3.8505195039324462, 2, 4.232587913000316, 30, 153955, 153955, 0.024619292467832565, 3.2856028079986572
1064, -1.5981622393010184, 2, 11.573105104998831, 90, 154045, 154045, 0.02547159232199192, 3.29182505607605
1065, -2.0442112050950527, 2, 8.764398618000996, 67, 154112, 154112, 0.030268289148807526, 3.304144859313965
1066, -0.8736924360418925, 2, 30.725615104001918, 246, 154358, 154358, 0.02836422063410282, 3.2887938022613525
1067, -4.702475100565607, 2, 4.221638743001677, 30, 154388, 154388, 0.024835240095853806, 3.281595468521118
1068, -1.68952209292911, 2, 34.17365680999865, 275, 154663, 154663, 0.026843901723623276, 3.301499366760254
1069, -3.28929221398721, 2, 6.9896995250019245, 53, 154716, 154716, 0.02915034070611, 3.3005483150482178
1070, 0.4739083292661235, 2, 13.91087393700218, 109, 154825, 154825, 0.025845970958471298, 3.3053297996520996
1071, -3.2437945543788373, 2, 5.0867028960019525, 37, 154862, 154862, 0.024660425260663033, 3.3000876903533936
1072, 0.011004379666260888, 2, 19.519563122001273, 155, 155017, 155017, 0.028738467022776604, 3.3026509284973145
1073, -1.9889794366899878, 2, 9.739418902998295, 75, 155092, 155092, 0.026941820979118347, 3.285536050796509
1074, -3.3225567566696554, 2, 5.589707390001422, 41, 155133, 155133, 0.02537323720753193, 3.302323579788208
1075, -3.9198783424217254, 2, 4.198434401998384, 30, 155163, 155163, 0.025251789018511772, 3.3131778240203857
1076, 1.4825838964025024, 4, 40.13594363199809, 323, 155486, 155486, 0.02755153365433216, 3.3024134635925293
1077, 2.6845971179864137, 4, 40.11645786199733, 324, 155810, 155810, 0.02798548713326454, 3.298802614212036
1078, 0.6247178040066501, 2, 22.233341357001336, 178, 155988, 155988, 0.028815649449825287, 3.2945237159729004
1079, -0.906688119044702, 2, 39.993818317998375, 322, 156310, 156310, 0.026984399184584618, 3.2969698905944824
1080, -0.8596560278674588, 2, 27.516417588001786, 221, 156531, 156531, 0.02708335593342781, 3.296445369720459
1081, -4.077203336870298, 2, 5.527544327000214, 41, 156572, 156572, 0.023498479276895523, 3.2870521545410156
1082, -3.884757283492945, 2, 8.905133685999317, 68, 156640, 156640, 0.028860896825790405, 3.315141201019287
1083, -4.3760446009691805, 2, 4.185811242001364, 30, 156670, 156670, 0.025033365935087204, 3.2957234382629395
1084, -5.697114748269087, 2, 27.200756999001896, 218, 156888, 156888, 0.027847664430737495, 3.2996890544891357
1085, -0.809729301603511, 2, 11.957895618998009, 93, 156981, 156981, 0.028908319771289825, 3.295614004135132
1086, -3.2565518032060936, 2, 8.568786336996709, 66, 157047, 157047, 0.025367435067892075, 3.281525135040283
1087, -3.1242953506298363, 2, 6.062388121998083, 45, 157092, 157092, 0.03204507380723953, 3.2693216800689697
1088, -3.8263491874095052, 2, 20.173792042998684, 161, 157253, 157253, 0.028501631692051888, 3.2926480770111084
1089, -3.452215426368639, 2, 11.6440141100029, 91, 157344, 157344, 0.02626102790236473, 3.2933290004730225
1090, -0.26269222411792725, 2, 12.650293393999164, 99, 157443, 157443, 0.02826603315770626, 3.2898831367492676
1091, -3.331574474927038, 2, 5.689158471002884, 42, 157485, 157485, 0.023385364562273026, 3.302973747253418
1092, -3.9485313806217164, 2, 4.182838822998747, 30, 157515, 157515, 0.023778337985277176, 3.3017454147338867
1093, -2.4593150306027383, 2, 7.242860452999594, 55, 157570, 157570, 0.03175043314695358, 3.2882590293884277
1094, -0.4708140246802941, 2, 13.922047867999936, 109, 157679, 157679, 0.028145864605903625, 3.3093199729919434
1095, -1.230273419234436, 2, 14.725384680998104, 115, 157794, 157794, 0.027058351784944534, 3.294748306274414
1096, -0.6027409228008764, 2, 32.61873762100004, 262, 158056, 158056, 0.027848871424794197, 3.296997547149658
1097, 0.45929081010399386, 2, 23.398585005001223, 187, 158243, 158243, 0.027847491204738617, 3.2937893867492676
1098, 0.1463170307688415, 2, 20.098304233000817, 159, 158402, 158402, 0.027116362005472183, 3.2844595909118652
1099, -0.7748138930182904, 2, 20.14100220399996, 160, 158562, 158562, 0.02815662883222103, 3.298631191253662
1100, -4.5242046773200855, 2, 4.946791370999563, 36, 158598, 158598, 0.028928710147738457, 3.3106985092163086
1101, 1.9458586240652949, 4, 40.10996298200189, 323, 158921, 158921, 0.02618177980184555, 3.300100564956665
1102, -2.73259880929254, 2, 5.270466395999392, 39, 158960, 158960, 0.029085392132401466, 3.2766873836517334
1103, 0.09516907297074795, 2, 19.11416775500038, 152, 159112, 159112, 0.02832484245300293, 3.2982900142669678
1104, 1.3794692868782477, 2, 23.323178425998776, 186, 159298, 159298, 0.027381766587495804, 3.2954695224761963
1105, -1.1582529365550727, 2, 8.288994095000817, 63, 159361, 159361, 0.024102624505758286, 3.3217461109161377
1106, -2.734103995608166, 2, 6.419225499997992, 48, 159409, 159409, 0.0260121151804924, 3.282621383666992
1107, -0.1409124139463529, 2, 15.533147853999253, 123, 159532, 159532, 0.0265943743288517, 3.3001952171325684
1108, -0.5581043122365372, 2, 23.523920791998535, 188, 159720, 159720, 0.02629074640572071, 3.300126314163208
1109, -0.5774121052818373, 2, 10.351534522000293, 80, 159800, 159800, 0.025738859549164772, 3.2915585041046143
1110, 0.007457066443748772, 2, 17.831497464001586, 141, 159941, 159941, 0.02647501602768898, 3.2916431427001953
1111, -4.895066908327863, 2, 10.045216933998745, 78, 160019, 160019, 0.02480519749224186, 3.3021256923675537
1112, -5.226872958475724, 2, 4.168172926001716, 30, 160049, 160049, 0.024568118155002594, 3.324503183364868
1113, -0.38435311359353364, 2, 10.73810807100017, 84, 160133, 160133, 0.029555801302194595, 3.2915656566619873
1114, 3.5312242246582173, 4, 40.19163931299772, 324, 160457, 160457, 0.02769223041832447, 3.289579391479492
1115, -1.096036811126396, 2, 7.802172200998029, 59, 160516, 160516, 0.025555714964866638, 3.290213108062744
1116, -4.4244279763661325, 2, 4.221913929999573, 30, 160546, 160546, 0.030229836702346802, 3.3091750144958496
1117, -0.7994570339978964, 2, 26.2463006020007, 202, 160748, 160748, 0.02890606038272381, 3.2798283100128174
1118, 3.7588427326991223, 4, 40.16278647200306, 309, 161057, 161057, 0.028073593974113464, 3.296265125274658
1119, -2.8192385653965175, 2, 6.657227034000243, 48, 161105, 161105, 0.02541128732264042, 3.2861385345458984
1120, -3.3353955290513113, 2, 5.529927124000096, 39, 161144, 161144, 0.02788003534078598, 3.295109748840332
1121, 0.04100885475054383, 2, 18.535873300003004, 140, 161284, 161284, 0.027640044689178467, 3.295762777328491
1122, 7.325603259145282, 1, 30.499259703999996, 221, 161505, 161505, 0.02667773887515068, 3.302044153213501
1123, -3.9294677888974547, 2, 4.679380470999604, 30, 161535, 161535, 0.027291299775242805, 3.26653790473938
1124, -4.54233562880836, 2, 4.654253026998049, 30, 161565, 161565, 0.030957544222474098, 3.2909767627716064
1125, -3.354086524574086, 2, 5.599042799000017, 37, 161602, 161602, 0.02459840103983879, 3.2910072803497314
1126, -3.14756038680207, 2, 4.466097598000488, 30, 161632, 161632, 0.025426890701055527, 3.298600912094116
1127, -4.391741141909733, 2, 4.898472025997762, 33, 161665, 161665, 0.029761046171188354, 3.2772722244262695
1128, -5.078904513036832, 2, 4.438477576000878, 30, 161695, 161695, 0.026255296543240547, 3.2878000736236572
1129, -1.6496763594914228, 2, 10.387846825000452, 77, 161772, 161772, 0.028700079768896103, 3.283754587173462
1130, 2.3331480679116794, 4, 40.422709811999084, 294, 162066, 162066, 0.027149342000484467, 3.290625810623169
1131, 7.516706088266801, 1, 35.25327447100062, 272, 162338, 162338, 0.02785690873861313, 3.2900829315185547
1132, -4.7235028392169625, 2, 4.480475360000128, 30, 162368, 162368, 0.02656823955476284, 3.296536922454834
1133, -4.6126847041305155, 2, 5.728326684999047, 41, 162409, 162409, 0.02500017173588276, 3.3064749240875244
1134, -1.3249202839288046, 2, 20.896499406000657, 163, 162572, 162572, 0.027765531092882156, 3.2898616790771484
1135, 3.142832265366451, 4, 40.28357388199947, 304, 162876, 162876, 0.025372672826051712, 3.2892184257507324
1136, -4.238777359598316, 2, 7.647043798002414, 57, 162933, 162933, 0.02450626529753208, 3.3073854446411133
1137, -0.3573666561860591, 2, 21.126138908999565, 166, 163099, 163099, 0.029593665152788162, 3.292005777359009
1138, -1.9281369230011478, 2, 17.06751859599899, 132, 163231, 163231, 0.028230657801032066, 3.2959372997283936
1139, -2.029771585657727, 2, 36.00938618299915, 285, 163516, 163516, 0.028469102457165718, 3.29193377494812
1140, 7.654090891882333, 1, 37.56709868500184, 299, 163815, 163815, 0.027579741552472115, 3.2938644886016846
1141, -2.943837638478726, 2, 7.133701303002454, 52, 163867, 163867, 0.028973279520869255, 3.2817459106445312
1142, -1.3541268438857514, 2, 22.79952037199837, 177, 164044, 164044, 0.028782332316040993, 3.2988839149475098
1143, -0.04441384600886522, 2, 38.035733726002945, 297, 164341, 164341, 0.029239056631922722, 3.2979912757873535
1144, -0.329562742554117, 2, 18.39296563500102, 143, 164484, 164484, 0.02921193838119507, 3.2950656414031982
1145, -0.5814414127962664, 2, 12.1878654309985, 94, 164578, 164578, 0.03451164811849594, 3.3067805767059326
1146, -0.8894438652787358, 2, 14.193054890001804, 111, 164689, 164689, 0.02957240119576454, 3.2836077213287354
1147, -2.6075727499555796, 2, 8.555978028998652, 64, 164753, 164753, 0.026012439280748367, 3.295644760131836
1148, -0.19278635561931878, 2, 23.13401376299953, 181, 164934, 164934, 0.02773054875433445, 3.2891669273376465
1149, -1.1537758934318845, 2, 9.954672044998006, 75, 165009, 165009, 0.027279427275061607, 3.291560411453247
1150, -4.787425735616125, 2, 4.5838406460025, 33, 165042, 165042, 0.02561180852353573, 3.306108236312866
1151, -2.8871957405935973, 2, 6.558602438999515, 49, 165091, 165091, 0.027275409549474716, 3.2989025115966797
1152, -0.7797515972488327, 2, 35.94100696299938, 281, 165372, 165372, 0.027566131204366684, 3.2844698429107666
1153, -1.9248720532123116, 2, 28.37426756900095, 221, 165593, 165593, 0.027351588010787964, 3.2974398136138916
1154, -1.1929148768540472, 2, 10.27918665299876, 78, 165671, 165671, 0.028301144018769264, 3.30053973197937
1155, -0.3756986646912992, 2, 24.73313854600201, 194, 165865, 165865, 0.02906661666929722, 3.3083980083465576
1156, -4.966905885376036, 2, 4.209374461999687, 30, 165895, 165895, 0.027202069759368896, 3.2777795791625977
1157, -3.914115381776355, 2, 4.249022093001258, 30, 165925, 165925, 0.023019317537546158, 3.288464307785034
1158, -2.8370429542846978, 2, 6.030160530001012, 45, 165970, 165970, 0.028605835512280464, 3.3012681007385254
1159, -2.727873058291152, 2, 8.264439580998442, 63, 166033, 166033, 0.02704102359712124, 3.287459135055542
1160, -0.4960702843382023, 2, 23.133204444999137, 184, 166217, 166217, 0.0292883962392807, 3.300236940383911
1161, -0.5511883762665093, 2, 12.00165455500246, 93, 166310, 166310, 0.024011652916669846, 3.2977075576782227
1162, -1.0844269174122019, 2, 16.980231770998216, 133, 166443, 166443, 0.026309765875339508, 3.288752555847168
1163, 0.0534673361107707, 2, 17.031129787999816, 132, 166575, 166575, 0.025889884680509567, 3.292221784591675
1164, -1.1773486627498642, 2, 12.382916553000541, 88, 166663, 166663, 0.029044533148407936, 3.2916510105133057
1165, -1.4062830194598064, 2, 10.208858652000345, 72, 166735, 166735, 0.030591480433940887, 3.2958948612213135
1166, -2.658414594596252, 2, 10.27281847100312, 77, 166812, 166812, 0.0236586295068264, 3.3046765327453613
1167, -4.450777585152537, 2, 4.350077566003165, 30, 166842, 166842, 0.025103235617280006, 3.29386568069458
1168, 6.692162771414587, 1, 34.65498742399723, 263, 167105, 167105, 0.027387626469135284, 3.2929458618164062
1169, -3.545418656663969, 2, 8.43540895499973, 60, 167165, 167165, 0.02552873082458973, 3.2920241355895996
1170, 2.032821635631535, 4, 40.25318827499723, 308, 167473, 167473, 0.028467925265431404, 3.2936532497406006
1171, -2.8486286986153573, 2, 8.360657371998968, 61, 167534, 167534, 0.026422623544931412, 3.2916736602783203
1172, -1.9952682757111688, 2, 38.560505613000714, 307, 167841, 167841, 0.02887061983346939, 3.2886886596679688
1173, -3.5495189026696607, 2, 4.6069602929965185, 33, 167874, 167874, 0.02980036288499832, 3.3142969608306885
1174, -5.399297927506268, 2, 4.226007934001245, 30, 167904, 167904, 0.028508273884654045, 3.263216972351074
1175, 3.1050249863328645, 4, 40.165260708999995, 321, 168225, 168225, 0.027788376435637474, 3.301226854324341
1176, 7.58344406453034, 1, 32.463341028000286, 259, 168484, 168484, 0.027741340920329094, 3.2966837882995605
1177, -5.693470012396574, 2, 4.251497959001426, 30, 168514, 168514, 0.030259015038609505, 3.2799465656280518
1178, -3.035051071201451, 2, 10.421447426000668, 80, 168594, 168594, 0.025750044733285904, 3.3014423847198486
1179, -2.321889324051881, 2, 17.863931539999612, 141, 168735, 168735, 0.025020675733685493, 3.3068525791168213
1180, -3.984264805796556, 2, 4.232858382998529, 30, 168765, 168765, 0.02567133493721485, 3.2875490188598633
1181, 0.26426051650196314, 2, 11.796033614999033, 91, 168856, 168856, 0.028181126341223717, 3.2873430252075195
1182, -5.52587636467797, 2, 19.77881449099732, 156, 169012, 169012, 0.02747609093785286, 3.2947492599487305
1183, 4.848486754903206, 4, 40.10477090199856, 319, 169331, 169331, 0.028743542730808258, 3.299461841583252
1184, -1.892300674226135, 2, 8.078820979997545, 61, 169392, 169392, 0.029114004224538803, 3.2725539207458496
1185, -2.423789310036227, 2, 5.410765157001151, 39, 169431, 169431, 0.026261616498231888, 3.282203197479248
1186, 0.3548129725968465, 2, 32.22995651999736, 256, 169687, 169687, 0.02810927852988243, 3.2843542098999023
1187, -4.771647674147971, 2, 15.65823571799774, 121, 169808, 169808, 0.02982342056930065, 3.288069009780884
1188, -5.11327441316098, 2, 4.348575289001019, 31, 169839, 169839, 0.034332554787397385, 3.3180675506591797
1189, -0.13335936074145138, 2, 14.302040073998796, 111, 169950, 169950, 0.026446571573615074, 3.2904248237609863
1190, -0.31344208866357803, 2, 37.51124121199973, 300, 170250, 170250, 0.029534129425883293, 3.2895753383636475
1191, -5.39450815168675, 2, 8.71374490800008, 67, 170317, 170317, 0.028771433979272842, 3.2930901050567627
1192, -3.4662101168360095, 2, 5.34067031199811, 39, 170356, 170356, 0.02524084970355034, 3.2833282947540283
1193, -0.5944110047275899, 2, 16.73840976700012, 131, 170487, 170487, 0.027738520875573158, 3.2901806831359863
1194, -4.007283256214578, 2, 8.326439887998276, 63, 170550, 170550, 0.025108348578214645, 3.308784008026123
1195, -3.47707015206106, 2, 12.658776120999391, 99, 170649, 170649, 0.02638423629105091, 3.2903316020965576
1196, -2.535776089196588, 2, 34.01088601199808, 272, 170921, 170921, 0.027352893725037575, 3.2975025177001953
1197, -1.1505204148124903, 2, 16.061574379000376, 126, 171047, 171047, 0.026460131630301476, 3.296783924102783
1198, -2.5997088743606582, 2, 6.661713923000207, 50, 171097, 171097, 0.02748226188123226, 3.297342538833618
1199, 2.335881504579447, 4, 40.136954911999055, 320, 171417, 171417, 0.027891185134649277, 3.2914347648620605
1200, -2.1829105112919933, 4, 40.13973652599816, 319, 171736, 171736, 0.02831256575882435, 3.302520513534546
1201, -3.2593375770375133, 2, 4.871333478000452, 35, 171771, 171771, 0.03146975859999657, 3.2798941135406494
1202, -0.8542813711101189, 2, 11.720348907001608, 91, 171862, 171862, 0.0308245699852705, 3.3040919303894043
1203, -2.983400596654974, 2, 4.857675622002716, 35, 171897, 171897, 0.028119999915361404, 3.3000566959381104
1204, -1.7093547123949975, 2, 10.206730149002397, 79, 171976, 171976, 0.028880130499601364, 3.2915637493133545
1205, -3.524787488160655, 2, 4.25101734099735, 30, 172006, 172006, 0.02726544253528118, 3.295452833175659
1206, -1.2162292418070138, 2, 12.779198309999629, 100, 172106, 172106, 0.027712441980838776, 3.293577194213867
1207, -0.5614272719758446, 2, 15.181932983003207, 119, 172225, 172225, 0.026554355397820473, 3.296660900115967
1208, -3.1747586836572737, 2, 6.933861969002464, 52, 172277, 172277, 0.02902485989034176, 3.3052542209625244
1209, -3.1483631753362715, 2, 4.644188627000403, 33, 172310, 172310, 0.032012779265642166, 3.29010272026062
1210, 1.3153241153959243, 4, 40.106789491997915, 322, 172632, 172632, 0.028061380609869957, 3.2958431243896484
1211, -0.9255502775777131, 2, 33.793770141001005, 269, 172901, 172901, 0.028894037008285522, 3.295140266418457
1212, -1.1347659907041816, 2, 34.21893130399985, 273, 173174, 173174, 0.027178358286619186, 3.3002405166625977
1213, -4.2634808691218495, 2, 4.293960810999124, 30, 173204, 173204, 0.027880650013685226, 3.3349294662475586
1214, -4.1647961483104154, 2, 4.195372067999415, 30, 173234, 173234, 0.028853345662355423, 3.310302972793579
1215, -0.880428668577224, 2, 12.011343431000569, 93, 173327, 173327, 0.025726469233632088, 3.297959804534912
1216, -0.6566473846323788, 2, 10.535251666999102, 81, 173408, 173408, 0.026776205748319626, 3.301283836364746
1217, -0.5247395310143474, 2, 18.9702762190027, 149, 173557, 173557, 0.0280747227370739, 3.3070032596588135
1218, -0.7787813376635313, 2, 28.814232374999847, 229, 173786, 173786, 0.02755076251924038, 3.3028481006622314
1219, 7.519210414378904, 1, 31.486632757001644, 253, 174039, 174039, 0.02825028821825981, 3.302177906036377
1220, 4.388673279900104, 4, 40.183264346000215, 324, 174363, 174363, 0.02982364408671856, 3.305410146713257
1221, -3.608914891257882, 2, 4.193349796998518, 30, 174393, 174393, 0.03077814355492592, 3.2796261310577393
1222, -2.66054696683932, 2, 6.645122578000155, 50, 174443, 174443, 0.026678865775465965, 3.2873167991638184
1223, -0.4672496614512056, 2, 14.603792849000456, 115, 174558, 174558, 0.027225056663155556, 3.289231061935425
1224, -1.591223896946758, 2, 11.56238402300005, 90, 174648, 174648, 0.027077291160821915, 3.2902421951293945
1225, -1.3048591994302114, 2, 12.236948830999609, 96, 174744, 174744, 0.028173737227916718, 3.2803590297698975
1226, 0.663211755494558, 2, 27.85458923400074, 222, 174966, 174966, 0.025300541892647743, 3.292541742324829
1227, -3.9109190192539245, 2, 4.214555037000537, 30, 174996, 174996, 0.022689828649163246, 3.307710886001587
1228, 0.6225962172866275, 4, 40.18583258700164, 324, 175320, 175320, 0.026619236916303635, 3.2968575954437256
1229, -0.9549169512465596, 2, 14.810061666998081, 116, 175436, 175436, 0.03065582364797592, 3.304084300994873
1230, -1.5766179399797693, 2, 7.362408575001609, 56, 175492, 175492, 0.02711489610373974, 3.292254686355591
1231, -1.9676652662456036, 2, 9.69947230100297, 75, 175567, 175567, 0.025226907804608345, 3.3111536502838135
1232, -4.836615312495269, 2, 4.185898941999767, 30, 175597, 175597, 0.024176299571990967, 3.298173666000366
1233, -4.641524757840671, 2, 14.312938610997662, 113, 175710, 175710, 0.0277085080742836, 3.3033597469329834
1234, -4.8518899496411905, 2, 4.179167192000023, 30, 175740, 175740, 0.02674257755279541, 3.3007636070251465
1235, -3.515365415252745, 2, 4.183161802000541, 30, 175770, 175770, 0.02718430571258068, 3.309997320175171
1236, -1.0765786946576554, 2, 14.5499641910028, 114, 175884, 175884, 0.026546048000454903, 3.3003225326538086
1237, 0.317184547893703, 2, 20.09319249100008, 157, 176041, 176041, 0.02933632768690586, 3.297921657562256
1238, 3.161613997493987, 4, 40.07956993999687, 322, 176363, 176363, 0.028574075549840927, 3.3079962730407715
1239, -0.9469589535146952, 2, 9.481384872997296, 73, 176436, 176436, 0.028820116072893143, 3.3095386028289795
1240, 6.512425294786226, 1, 20.425013476997265, 163, 176599, 176599, 0.025006771087646484, 3.302349328994751
1241, -3.171098366146907, 2, 4.433122670001467, 32, 176631, 176631, 0.02595088630914688, 3.303656816482544
1242, -3.9906264944002032, 2, 5.269432216999121, 39, 176670, 176670, 0.027413664385676384, 3.270164966583252
1243, -0.7433692603372037, 2, 11.09989428100016, 86, 176756, 176756, 0.02941240184009075, 3.299899101257324
1244, -2.853210722678341, 2, 7.774164285001461, 59, 176815, 176815, 0.028788110241293907, 3.3208043575286865
1245, -2.594650586077478, 2, 20.186652824999328, 161, 176976, 176976, 0.027572110295295715, 3.28898024559021
1246, -5.209026963333599, 2, 11.80940021599963, 92, 177068, 177068, 0.03170602023601532, 3.299128770828247
1247, -3.550045286072418, 2, 9.146935177002888, 70, 177138, 177138, 0.022526491433382034, 3.3034214973449707
1248, -4.568462292081676, 2, 4.222687432000384, 30, 177168, 177168, 0.029787784442305565, 3.316145658493042
1249, -2.369664855650626, 2, 14.279316348001885, 112, 177280, 177280, 0.025494104251265526, 3.2967782020568848
1250, -2.2020738278515637, 2, 8.203430128000036, 63, 177343, 177343, 0.024585172533988953, 3.314723253250122
1251, -0.8082964279456064, 2, 10.120020772999851, 78, 177421, 177421, 0.026914235204458237, 3.294081926345825
1252, 4.599765667916472, 4, 40.207190053002705, 323, 177744, 177744, 0.02928556688129902, 3.302125930786133
1253, -0.6633890091907233, 2, 15.444885319997411, 122, 177866, 177866, 0.027905309572815895, 3.313183546066284
1254, -3.977519888198003, 2, 12.885334106998926, 101, 177967, 177967, 0.02910381183028221, 3.3054277896881104
1255, -1.1744298617704771, 2, 13.916263202001574, 109, 178076, 178076, 0.027918964624404907, 3.2929015159606934
1256, -1.3452232589697815, 2, 19.19833914499759, 152, 178228, 178228, 0.027625931426882744, 3.302879810333252
1257, -1.2313364461879246, 2, 27.296926987997722, 218, 178446, 178446, 0.027377020567655563, 3.2933425903320312
1258, -4.549662415287457, 2, 13.504146086997935, 106, 178552, 178552, 0.027219293639063835, 3.303034543991089
1259, -3.895576728740707, 2, 6.030904204999388, 45, 178597, 178597, 0.030123241245746613, 3.3143181800842285
1260, 0.7964533329941332, 2, 19.17964674399991, 152, 178749, 178749, 0.02574395388364792, 3.2923355102539062
1261, -0.9201702438294888, 2, 11.537437724000483, 90, 178839, 178839, 0.027175305411219597, 3.2970004081726074
1262, -3.6740383207798004, 2, 4.210739197002113, 30, 178869, 178869, 0.025463221594691277, 3.299635171890259
1263, -3.448319823713973, 2, 5.890257105998899, 43, 178912, 178912, 0.026308070868253708, 3.3233888149261475
1264, -2.4753570877946913, 2, 9.35847954899873, 72, 178984, 178984, 0.026157166808843613, 3.3173134326934814
1265, 2.8601232400687877, 4, 40.148222496001836, 324, 179308, 179308, 0.029042772948741913, 3.294983386993408
1266, -2.1597241121926345, 2, 23.26610781999989, 186, 179494, 179494, 0.027411730960011482, 3.3095357418060303
1267, -1.1891684609436197, 2, 17.56426591899799, 138, 179632, 179632, 0.027761146426200867, 3.2969279289245605
1268, -2.8622430014656857, 2, 7.763337767999474, 59, 179691, 179691, 0.028388289734721184, 3.3060991764068604
1269, -0.7068103982896901, 2, 16.969704778999585, 134, 179825, 179825, 0.02776321768760681, 3.2927558422088623
1270, -2.2386972191743553, 2, 8.394228995999583, 64, 179889, 179889, 0.02864929661154747, 3.2940666675567627
1271, 0.664547116139147, 2, 37.28807062299893, 300, 180189, 180189, 0.028909645974636078, 3.307114362716675
1272, -0.07531511632259935, 2, 12.024391381000896, 94, 180283, 180283, 0.02797165885567665, 3.3128249645233154
1273, -3.299517430481501, 2, 9.499037208999653, 73, 180356, 180356, 0.028034916147589684, 3.310183048248291
1274, -4.490750603377819, 2, 4.227007990000857, 30, 180386, 180386, 0.026435883715748787, 3.2756829261779785
1275, -5.775084443390369, 2, 4.200583056997857, 30, 180416, 180416, 0.023648211732506752, 3.3027920722961426
1276, -3.6201538425430044, 2, 6.980830896998668, 53, 180469, 180469, 0.027801010757684708, 3.2889554500579834
1277, -2.022451322322013, 2, 14.258244433000073, 112, 180581, 180581, 0.02519477717578411, 3.2954723834991455
1278, -0.3430634077230934, 2, 30.900075384000957, 247, 180828, 180828, 0.028713911771774292, 3.294160842895508
1279, -3.605290416860953, 2, 5.023126138999942, 37, 180865, 180865, 0.027717135846614838, 3.3029494285583496
1280, 1.6383074853987694, 4, 40.101221953002096, 323, 181188, 181188, 0.02784627489745617, 3.2961201667785645
1281, 0.5390600882092258, 4, 40.08347157199751, 323, 181511, 181511, 0.02747947908937931, 3.2964162826538086
1282, 0.42557182935706805, 2, 27.08603445799963, 215, 181726, 181726, 0.028606006875634193, 3.3003218173980713
1283, -3.6626882513519377, 2, 5.675235891001648, 42, 181768, 181768, 0.025185449048876762, 3.309603452682495
1284, -1.1822993242676603, 2, 23.167178577001323, 185, 181953, 181953, 0.02727331966161728, 3.301650047302246
1285, -3.222352002747357, 2, 4.191646331000811, 30, 181983, 181983, 0.029457835480570793, 3.3133363723754883
1286, -0.9885812404099852, 2, 9.78359677700064, 75, 182058, 182058, 0.027753541246056557, 3.2868947982788086
1287, 7.813956482044887, 1, 30.424696116999257, 243, 182301, 182301, 0.027181794866919518, 3.3069210052490234
1288, -2.155914440518245, 2, 6.652123380998091, 50, 182351, 182351, 0.02272886596620083, 3.2756927013397217
1289, -4.843839733512141, 2, 4.4499015850014985, 32, 182383, 182383, 0.027152307331562042, 3.298743963241577
1290, -1.7364199025323614, 2, 9.853201622998313, 76, 182459, 182459, 0.02797270379960537, 3.299191474914551
1291, -5.0997082034591585, 2, 4.206646630002069, 30, 182489, 182489, 0.028816785663366318, 3.3017189502716064
1292, -5.550094821373932, 2, 4.169546526998602, 30, 182519, 182519, 0.026779869571328163, 3.297567129135132
1293, 0.3914442199165933, 2, 18.386657799001114, 145, 182664, 182664, 0.028179984539747238, 3.3033862113952637
1294, -0.037076493114000186, 2, 24.596471659999224, 196, 182860, 182860, 0.026350941509008408, 3.3092739582061768
1295, 0.8741139855701476, 2, 16.11992679100149, 127, 182987, 182987, 0.02689879946410656, 3.3054025173187256
1296, 0.6745176855110913, 2, 21.60559358899991, 172, 183159, 183159, 0.028395408764481544, 3.291644334793091
1297, 8.10157290121424, 1, 31.456120472001203, 252, 183411, 183411, 0.028156397864222527, 3.309903860092163
1298, -3.9811093924799934, 2, 4.225830755000061, 30, 183441, 183441, 0.024598872289061546, 3.3068807125091553
1299, 0.38910949672572315, 2, 23.162271298999258, 184, 183625, 183625, 0.026905186474323273, 3.303863525390625
1300, 4.101005471427925, 4, 40.209909039000195, 324, 183949, 183949, 0.028092237189412117, 3.307424306869507
1301, -0.45234764483757317, 2, 9.635352746998251, 74, 184023, 184023, 0.027341771870851517, 3.2977294921875
1302, -4.039637972316996, 2, 27.385463095000887, 218, 184241, 184241, 0.026935763657093048, 3.3006060123443604
1303, -3.2238489089068025, 2, 5.337956526000198, 39, 184280, 184280, 0.025141431018710136, 3.2973616123199463
1304, 0.36901092517655343, 2, 35.24328964000233, 283, 184563, 184563, 0.027550429105758667, 3.3044326305389404
1305, 0.7451900484738871, 2, 21.35206378699877, 170, 184733, 184733, 0.02624506689608097, 3.3112950325012207
1306, -2.9022738211788237, 2, 6.167950163999194, 46, 184779, 184779, 0.025764135643839836, 3.29510760307312
1307, -3.463724659755826, 2, 4.200685578001867, 30, 184809, 184809, 0.025441594421863556, 3.302382469177246
1308, -1.491784250130877, 2, 9.452185155001644, 73, 184882, 184882, 0.030550220981240273, 3.278834819793701
1309, 0.18816720030736178, 4, 40.08766927000033, 323, 185205, 185205, 0.027733298018574715, 3.3054914474487305
1310, 0.5340642371011199, 2, 30.86273550599799, 247, 185452, 185452, 0.02422799915075302, 3.3091256618499756
1311, -2.017005257483106, 2, 15.349407961999532, 121, 185573, 185573, 0.025952957570552826, 3.2968056201934814
1312, -4.153134326799773, 2, 14.717489261998708, 116, 185689, 185689, 0.025903673842549324, 3.2990896701812744
1313, 2.3417404840256495, 4, 40.171603004000644, 323, 186012, 186012, 0.027543572708964348, 3.309218168258667
1314, 4.31514103639347, 4, 40.13978782599952, 324, 186336, 186336, 0.026399368420243263, 3.3006644248962402
1315, 0.8573664383584401, 4, 40.14689956800066, 324, 186660, 186660, 0.0275162011384964, 3.301363706588745
1316, -1.873829049491178, 2, 39.288836781997816, 317, 186977, 186977, 0.028619958087801933, 3.2991585731506348
1317, -0.1489988379944407, 2, 18.13803804499912, 144, 187121, 187121, 0.02679886296391487, 3.296564817428589
1318, -0.06808151630684733, 2, 25.93093330800184, 207, 187328, 187328, 0.025611011311411858, 3.3150436878204346
1319, 0.6577167523646494, 2, 24.544526564997796, 196, 187524, 187524, 0.02773815020918846, 3.3014492988586426
1320, -0.3851126678637229, 4, 40.17423155100187, 325, 187849, 187849, 0.02777140401303768, 3.300379991531372
1321, -2.1954301542573376, 2, 16.604063750000932, 131, 187980, 187980, 0.02484806440770626, 3.295027494430542
1322, -3.3627050796349067, 2, 33.56103575599991, 270, 188250, 188250, 0.02714923955500126, 3.303068161010742
1323, -4.390550206648186, 2, 4.1783436039986555, 30, 188280, 188280, 0.028388824313879013, 3.303147554397583
1324, -3.3727908346336335, 2, 4.907137776001036, 36, 188316, 188316, 0.028877930715680122, 3.3106696605682373
1325, 0.16698318348790053, 2, 16.331679936996807, 129, 188445, 188445, 0.03103031776845455, 3.3014540672302246
1326, -0.7951372179522878, 2, 28.892731207000907, 232, 188677, 188677, 0.02730499394237995, 3.3078603744506836
1327, -2.7770798908168217, 2, 17.023711390000244, 135, 188812, 188812, 0.027982188388705254, 3.29582142829895
1328, -4.776172975427471, 2, 4.191192719001265, 30, 188842, 188842, 0.026204384863376617, 3.2997219562530518
1329, 3.59967528910056, 4, 40.15873133900459, 323, 189165, 189165, 0.026104694232344627, 3.300493001937866
1330, -1.91732540295925, 2, 9.95316536899918, 77, 189242, 189242, 0.028964439406991005, 3.296130657196045
1331, -0.4794013269711286, 2, 35.96539249099442, 290, 189532, 189532, 0.027151597663760185, 3.296694278717041
1332, -4.3596038243267685, 2, 25.872360622997803, 207, 189739, 189739, 0.02587934024631977, 3.2985849380493164
1333, -0.6672676543239504, 2, 13.563797588998568, 107, 189846, 189846, 0.028353460133075714, 3.299459218978882
1334, -0.9721015722170705, 2, 30.363549415997113, 243, 190089, 190089, 0.02495395578444004, 3.2976293563842773
1335, -3.335059924311281, 2, 13.193059606004681, 104, 190193, 190193, 0.026577403768897057, 3.2976555824279785
1336, -3.020911439874908, 2, 23.762455853000574, 190, 190383, 190383, 0.027160031720995903, 3.2946953773498535
1337, 0.2945461839917698, 2, 32.74035690099845, 263, 190646, 190646, 0.027391206473112106, 3.301985502243042
1338, -5.078402783721685, 2, 4.20138841500011, 30, 190676, 190676, 0.03075728937983513, 3.288029432296753
1339, -0.9038454862893559, 2, 14.45898186499835, 114, 190790, 190790, 0.02746918611228466, 3.291795253753662
1340, -4.650403241626918, 2, 5.033734786004061, 37, 190827, 190827, 0.03047039732336998, 3.295427083969116
1341, -0.3376493683899753, 2, 22.17215204200329, 177, 191004, 191004, 0.026282213628292084, 3.2943522930145264
1342, -1.8298207379993983, 2, 15.591512940998655, 123, 191127, 191127, 0.0263063907623291, 3.300180673599243
1343, 7.064902562960924, 1, 26.43233868799871, 212, 191339, 191339, 0.02768714539706707, 3.2982280254364014
1344, -0.19449552171863616, 2, 13.664417482999852, 107, 191446, 191446, 0.02833564393222332, 3.295921802520752
1345, -4.23165191244334, 2, 4.190733078998164, 30, 191476, 191476, 0.03618786484003067, 3.27170467376709
1346, -3.2084234373178333, 2, 6.528598035001778, 49, 191525, 191525, 0.02577790431678295, 3.281062126159668
1347, 0.2765388471307233, 2, 17.053309597002226, 135, 191660, 191660, 0.02601146511733532, 3.300861120223999
1348, -4.451253424864262, 2, 8.61657692299923, 66, 191726, 191726, 0.024935893714427948, 3.2967493534088135
1349, -5.502870783209801, 2, 4.215619896000135, 30, 191756, 191756, 0.02984522096812725, 3.3137097358703613
1350, -3.2166204715613276, 2, 4.201253271996393, 30, 191786, 191786, 0.02939227782189846, 3.3298323154449463
1351, 0.20560823322739452, 2, 31.367864924002788, 252, 192038, 192038, 0.029446609318256378, 3.2934179306030273
1352, -3.3117753820260987, 2, 5.44295164700452, 40, 192078, 192078, 0.02854551374912262, 3.299039840698242
1353, 6.62102539523039, 1, 15.470325735004735, 122, 192200, 192200, 0.028013847768306732, 3.3207027912139893
1354, -2.3123700741125504, 2, 16.984263443999225, 134, 192334, 192334, 0.025242431089282036, 3.2883493900299072
1355, -4.719609132967889, 2, 4.225305056999787, 30, 192364, 192364, 0.024947412312030792, 3.284510374069214
1356, -2.221377036301419, 2, 6.047902931000863, 45, 192409, 192409, 0.028152992948889732, 3.278714895248413
1357, 8.522596619251999, 1, 20.489373112002795, 164, 192573, 192573, 0.02592487446963787, 3.3030543327331543
1358, -2.038467698963359, 2, 13.902472198002215, 109, 192682, 192682, 0.026760773733258247, 3.299220085144043
1359, -0.9243333474732935, 2, 8.509728270997584, 65, 192747, 192747, 0.02841074950993061, 3.3136417865753174
1360, 0.15717742312699556, 2, 19.2608661819977, 153, 192900, 192900, 0.027516203001141548, 3.2990546226501465
1361, -3.2996757440268993, 2, 8.363362566000433, 64, 192964, 192964, 0.025868326425552368, 3.278373956680298
1362, 2.686925211080961, 4, 40.077623662000406, 324, 193288, 193288, 0.028713200241327286, 3.292733669281006
1363, -4.313939745537937, 2, 8.731282371001726, 67, 193355, 193355, 0.027510924264788628, 3.2856075763702393
1364, -4.475217243423685, 2, 4.1886402780000935, 30, 193385, 193385, 0.0300464928150177, 3.3198466300964355
1365, -3.6252608252689242, 2, 4.195239287000732, 30, 193415, 193415, 0.029865188524127007, 3.2979867458343506
1366, -1.5008047068258747, 2, 9.26953402399522, 71, 193486, 193486, 0.02774890698492527, 3.3056821823120117
1367, 8.295997729932424, 1, 25.57898072199896, 205, 193691, 193691, 0.028046756982803345, 3.2922425270080566
1368, 1.8852265041787177, 1, 4.1878025679980055, 30, 193721, 193721, 0.022869504988193512, 3.2983322143554688
1369, -4.742823822773062, 2, 4.207794592999562, 30, 193751, 193751, 0.028066514059901237, 3.3251659870147705
1370, -5.152248000493273, 2, 4.190842438998516, 30, 193781, 193781, 0.032530367374420166, 3.3100690841674805
1371, -2.407690086401999, 2, 15.494800719003251, 123, 193904, 193904, 0.030652280896902084, 3.3048741817474365
1372, -0.6808604537509382, 2, 16.515775704996486, 131, 194035, 194035, 0.02819855511188507, 3.297445774078369
1373, 3.9044663596869214, 4, 40.17657989500003, 324, 194359, 194359, 0.027946466580033302, 3.302190065383911
1374, -2.7136712002102286, 2, 8.643215532996692, 66, 194425, 194425, 0.03187810629606247, 3.2816762924194336
1375, -4.203882847214118, 2, 22.38977046999935, 178, 194603, 194603, 0.0292640533298254, 3.292959213256836
1376, -4.915727957675699, 2, 4.199393390001205, 30, 194633, 194633, 0.028939999639987946, 3.302318572998047
1377, 2.1551070716013783, 4, 40.10697245399933, 323, 194956, 194956, 0.028463460505008698, 3.2984883785247803
1378, -2.601173432311043, 2, 7.789117664004152, 59, 195015, 195015, 0.030759358778595924, 3.2960023880004883
1379, -0.8255640070419759, 2, 13.511927173000004, 106, 195121, 195121, 0.026909882202744484, 3.2917253971099854
1380, -1.1014256966300309, 2, 20.00953702300467, 159, 195280, 195280, 0.025777490809559822, 3.2878284454345703
1381, 3.5651362754870206, 4, 40.07317199299723, 324, 195604, 195604, 0.027643604204058647, 3.2960257530212402
1382, -3.2342845767270774, 2, 8.11086453399912, 62, 195666, 195666, 0.029657991603016853, 3.3082616329193115
1383, -4.117235779063776, 2, 4.959098983999866, 36, 195702, 195702, 0.024012643843889236, 3.3006272315979004
1384, -4.379879999556579, 2, 9.347933043005469, 72, 195774, 195774, 0.029441287741065025, 3.2902684211730957
1385, -3.6356406207196414, 2, 4.2566543979992275, 30, 195804, 195804, 0.02928794175386429, 3.288597583770752
1386, -3.3200294562557247, 2, 5.798097214996233, 43, 195847, 195847, 0.027414271607995033, 3.2943029403686523
1387, -0.7519060646882281, 2, 18.370388149000064, 146, 195993, 195993, 0.029052700847387314, 3.2966837882995605
1388, 0.5098813285003416, 2, 27.7765718429946, 222, 196215, 196215, 0.02901691198348999, 3.2914090156555176
1389, -1.597664171946235, 2, 8.537331049003114, 66, 196281, 196281, 0.02814769558608532, 3.2934367656707764
1390, -0.2781282023015592, 2, 33.902320904999215, 272, 196553, 196553, 0.027463585138320923, 3.286893844604492
1391, -0.34430487430654466, 2, 11.34632779200183, 88, 196641, 196641, 0.028462285175919533, 3.2833120822906494
1392, -1.9848581476835534, 2, 10.542555129999528, 82, 196723, 196723, 0.031948015093803406, 3.2803993225097656
1393, -4.670214095385745, 2, 24.25687893400027, 194, 196917, 196917, 0.028631681576371193, 3.280620813369751
1394, -2.3506270991638303, 2, 9.566074358997867, 74, 196991, 196991, 0.027071839198470116, 3.3119845390319824
1395, -4.345562326023355, 2, 4.198757748003118, 30, 197021, 197021, 0.02647843025624752, 3.306699514389038
1396, -2.112221552291885, 2, 17.138522359993658, 136, 197157, 197157, 0.02602986805140972, 3.2896199226379395
1397, -0.35529768862761557, 2, 15.95995827599836, 125, 197282, 197282, 0.02580231800675392, 3.2923150062561035
1398, -2.1992717273533344, 2, 10.78767538399552, 84, 197366, 197366, 0.026115698739886284, 3.266658306121826
1399, 1.9532644205780798, 4, 40.11966068799666, 324, 197690, 197690, 0.0274493545293808, 3.294862747192383
1400, 0.7712407121289289, 2, 16.56651148200035, 131, 197821, 197821, 0.02711152657866478, 3.3005220890045166
1401, -0.34665021527325734, 2, 31.484561607001524, 252, 198073, 198073, 0.027529725804924965, 3.2875537872314453
1402, 1.100283421939821, 2, 25.03949915299745, 200, 198273, 198273, 0.029264800250530243, 3.2880866527557373
1403, -0.9332337616942823, 2, 16.642785285999707, 132, 198405, 198405, 0.023734651505947113, 3.288870096206665
1404, -1.7515493164537475, 2, 19.822825080002076, 158, 198563, 198563, 0.02759816125035286, 3.2944579124450684
1405, -4.05256880261004, 2, 4.17314941699442, 30, 198593, 198593, 0.029030654579401016, 3.270817279815674
1406, -3.256332597346045, 2, 7.599561271999846, 58, 198651, 198651, 0.030514191836118698, 3.274317979812622
1407, -5.183640569914132, 2, 4.179969117001747, 30, 198681, 198681, 0.03393982723355293, 3.288951873779297
1408, -3.921119289472699, 2, 5.818150303006405, 43, 198724, 198724, 0.027308564633131027, 3.302830934524536
1409, 0.10573562755962485, 2, 21.782114492998517, 173, 198897, 198897, 0.024622950702905655, 3.2870168685913086
1410, 3.2210053329954462, 4, 40.09072301500419, 322, 199219, 199219, 0.02791265770792961, 3.2963428497314453
1411, 3.7391322036964993, 4, 40.160576768998, 323, 199542, 199542, 0.029243052005767822, 3.291184186935425
1412, 4.4104142313299235, 4, 40.111920966999605, 322, 199864, 199864, 0.02846042811870575, 3.2894833087921143
1413, -3.6941428983118385, 2, 4.2008872399965185, 30, 199894, 199894, 0.03111669234931469, 3.2953317165374756
1414, -4.390684581383539, 2, 8.25146008199954, 63, 199957, 199957, 0.031139163300395012, 3.2717342376708984
1415, -2.945676237985026, 4, 40.13303857899882, 324, 200281, 200281, 0.027556484565138817, 3.2849011421203613
1416, -3.5872665042988956, 2, 4.173671337994165, 30, 200311, 200311, 0.024470094591379166, 3.2827260494232178
1417, -3.9462772549595684, 2, 4.1823658290013555, 30, 200341, 200341, 0.030087141320109367, 3.2691526412963867
1418, -4.960686308913864, 2, 4.186320820001129, 30, 200371, 200371, 0.031131962314248085, 3.2797093391418457
1419, -2.78537585423328, 2, 5.269924442996853, 39, 200410, 200410, 0.03305104374885559, 3.296970844268799
1420, -2.1104085110127926, 2, 10.852335134994064, 84, 200494, 200494, 0.028539467602968216, 3.278960704803467
1421, 2.9811910807238746, 4, 40.09002640499966, 322, 200816, 200816, 0.027766482904553413, 3.2906081676483154
1422, -0.5437692846853679, 2, 32.16592981699796, 258, 201074, 201074, 0.027157239615917206, 3.2957122325897217
1423, -1.7406806999479159, 2, 23.66193494300387, 189, 201263, 201263, 0.027123045176267624, 3.2836506366729736
1424, -1.382725428809863, 2, 20.646338231999835, 164, 201427, 201427, 0.027106450870633125, 3.2892351150512695
1425, 0.04292811955383513, 4, 40.08995703799883, 323, 201750, 201750, 0.026652837172150612, 3.3003289699554443
1426, 4.203908058392699, 4, 40.10825278300035, 324, 202074, 202074, 0.02868550457060337, 3.2917332649230957
1427, -1.5898901801556349, 2, 14.484919159003766, 113, 202187, 202187, 0.030201241374015808, 3.2883872985839844
1428, -2.377846277668141, 2, 8.340721921995282, 63, 202250, 202250, 0.028437791392207146, 3.298901081085205
1429, -1.7730598007328808, 2, 10.777692169001966, 83, 202333, 202333, 0.02828228659927845, 3.2829244136810303
1430, -3.7933877415489405, 2, 4.196774866999476, 30, 202363, 202363, 0.025580313056707382, 3.298065185546875
1431, -2.878174682613462, 2, 6.269926271997974, 47, 202410, 202410, 0.026593921706080437, 3.292079210281372
1432, 8.049047378066462, 1, 23.46665520800161, 187, 202597, 202597, 0.027774836868047714, 3.2922587394714355
1433, -5.243542777607217, 2, 4.177557993003575, 30, 202627, 202627, 0.028683433309197426, 3.29451847076416
1434, -1.5744264071108773, 2, 11.690856559005624, 91, 202718, 202718, 0.032243773341178894, 3.284389019012451
1435, -1.239318508960423, 2, 22.96533104399714, 183, 202901, 202901, 0.02931874245405197, 3.2990541458129883
1436, -0.06779296026797965, 2, 34.17821979000291, 274, 203175, 203175, 0.027678512036800385, 3.2943437099456787
1437, 7.122362665155379, 1, 35.433451349999814, 284, 203459, 203459, 0.026175323873758316, 3.2899720668792725
1438, -4.7351608879398555, 2, 4.220984709994809, 30, 203489, 203489, 0.027238426730036736, 3.310906171798706
1439, -2.0299308412941173, 2, 10.477949603002344, 81, 203570, 203570, 0.02656964398920536, 3.28304386138916
1440, -2.039124886490754, 2, 37.75470215799578, 304, 203874, 203874, 0.028270505368709564, 3.2841103076934814
1441, 0.6457245928468183, 2, 20.038951823997195, 159, 204033, 204033, 0.024782376363873482, 3.2844431400299072
1442, -3.1842897702008486, 2, 5.291564945997379, 39, 204072, 204072, 0.02623501792550087, 3.2645466327667236
1443, -0.7343695867675706, 2, 28.0597812470005, 224, 204296, 204296, 0.026311496272683144, 3.2803196907043457
1444, -3.3262547824997455, 2, 8.690630376004265, 67, 204363, 204363, 0.026594581082463264, 3.279359817504883
1445, -1.4435217347927392, 2, 8.448467164998874, 65, 204428, 204428, 0.027028728276491165, 3.2824671268463135
1446, -0.9294452873145929, 2, 23.732003224002256, 189, 204617, 204617, 0.027372973039746284, 3.282397508621216
1447, -2.503759887884371, 2, 11.66989035900042, 91, 204708, 204708, 0.025538478046655655, 3.284734010696411
1448, -4.050422140513547, 2, 4.194185686996207, 30, 204738, 204738, 0.03047235682606697, 3.273789167404175
1449, -4.549425609409809, 2, 4.176549158000853, 30, 204768, 204768, 0.034405745565891266, 3.2958567142486572
1450, 1.1752042912121397, 4, 40.114649011004076, 323, 205091, 205091, 0.029620539397001266, 3.2879889011383057
1451, 3.820700719625165, 4, 40.10204306800006, 323, 205414, 205414, 0.02850230224430561, 3.2814908027648926
1452, -1.3776837522746064, 2, 34.85357101399859, 280, 205694, 205694, 0.027719758450984955, 3.287379026412964
1453, -4.171280435519293, 2, 5.526080710995302, 41, 205735, 205735, 0.02927139587700367, 3.2800135612487793
1454, 3.171754774870351, 4, 40.14839120599936, 323, 206058, 206058, 0.02665705978870392, 3.2935428619384766
1455, -1.0201318514882587, 2, 31.753060923001613, 255, 206313, 206313, 0.02820286899805069, 3.291118621826172
1456, -2.21059188176514, 2, 19.189580276004563, 152, 206465, 206465, 0.030292056500911713, 3.2904787063598633
1457, 0.4848686968907714, 2, 17.46911320700019, 138, 206603, 206603, 0.02861546352505684, 3.281153678894043
1458, -4.057373451068997, 2, 4.197278359999473, 30, 206633, 206633, 0.026898181065917015, 3.296333074569702
1459, 2.7006822334369645, 4, 40.109737152997695, 322, 206955, 206955, 0.02763335220515728, 3.2967638969421387
1460, 1.1147327915532514, 4, 40.15584295200097, 323, 207278, 207278, 0.028069129213690758, 3.2839324474334717
1461, -4.102440571296029, 2, 5.021884087000217, 37, 207315, 207315, 0.027982154861092567, 3.2655978202819824
1462, -3.576805994613096, 2, 5.050698090999504, 37, 207352, 207352, 0.02731752023100853, 3.2857489585876465
1463, 8.38207539411087, 1, 32.395475169003475, 259, 207611, 207611, 0.0264964010566473, 3.28169322013855
1464, 1.8738461309966397, 4, 40.151766424001835, 323, 207934, 207934, 0.027396313846111298, 3.286874771118164
1465, -3.0462566572241485, 2, 12.633358174993191, 99, 208033, 208033, 0.029321745038032532, 3.285930633544922
1466, -3.3414615211077034, 2, 12.633617759995104, 98, 208131, 208131, 0.02450871281325817, 3.2885804176330566
1467, -3.181417293846607, 2, 7.286038742000528, 55, 208186, 208186, 0.030525410547852516, 3.2970168590545654
1468, -3.6663677943870425, 2, 4.184519230002479, 30, 208216, 208216, 0.025886649265885353, 3.2740790843963623
1469, 7.231575802841689, 1, 26.411289666997618, 211, 208427, 208427, 0.027568316087126732, 3.2924625873565674
1470, -3.2955128805479035, 2, 5.803749665996293, 43, 208470, 208470, 0.031948916614055634, 3.2717573642730713
1471, 2.325456595979631, 4, 40.15730027099926, 324, 208794, 208794, 0.027585461735725403, 3.2940077781677246
1472, 6.41694052843377, 1, 16.527161290003278, 131, 208925, 208925, 0.027174893766641617, 3.292696475982666
1473, -5.199048565933481, 2, 4.184994292001647, 30, 208955, 208955, 0.023907940834760666, 3.3086190223693848
1474, 8.853508952539414, 1, 17.534877858000982, 139, 209094, 209094, 0.03140614554286003, 3.280271291732788
1475, -3.341792844934389, 2, 7.436670467002841, 56, 209150, 209150, 0.0302849393337965, 3.279158353805542
1476, 1.669962600695726, 4, 40.135788642997795, 323, 209473, 209473, 0.02723739668726921, 3.28999662399292
1477, -3.6035153795965016, 2, 6.278064190002624, 47, 209520, 209520, 0.033797819167375565, 3.281399965286255
1478, -1.076655013137497, 2, 21.969111461003195, 175, 209695, 209695, 0.024915387853980064, 3.295640230178833
1479, -4.366003024100792, 2, 19.114993420000246, 152, 209847, 209847, 0.027726825326681137, 3.2869515419006348
1480, -0.2332042304915376, 2, 23.631913209996128, 188, 210035, 210035, 0.028813136741518974, 3.2848005294799805
1481, 1.883746626899665, 4, 40.166673821993754, 324, 210359, 210359, 0.028695980086922646, 3.28603458404541
1482, 6.716358697587566, 1, 29.53596178600128, 235, 210594, 210594, 0.027018755674362183, 3.2946441173553467
1483, 0.42100969806779176, 2, 22.7543848589994, 180, 210774, 210774, 0.02649100311100483, 3.2798259258270264
1484, -0.27821762692474294, 2, 25.475785540002107, 204, 210978, 210978, 0.026904549449682236, 3.2842602729797363
1485, -1.3953030547127128, 2, 9.825881607001065, 76, 211054, 211054, 0.028915926814079285, 3.2724521160125732
1486, -2.8790187054128182, 2, 22.3802716900027, 177, 211231, 211231, 0.026905644685029984, 3.2816503047943115
1487, 0.19095283070782898, 2, 39.05009191499994, 314, 211545, 211545, 0.02786635421216488, 3.2774510383605957
1488, -1.3596859032477369, 2, 33.701653622003505, 270, 211815, 211815, 0.028480367735028267, 3.280377149581909
1489, 4.149449499847833, 4, 40.170738504995825, 324, 212139, 212139, 0.028272690251469612, 3.281665086746216
1490, -4.4403570728327395, 2, 5.541411904996494, 41, 212180, 212180, 0.027408285066485405, 3.2651243209838867
1491, 0.49193872036994435, 2, 33.12034485999902, 266, 212446, 212446, 0.027063559740781784, 3.276742696762085
1492, 2.886399491064367, 4, 40.06001304399979, 322, 212768, 212768, 0.028228843584656715, 3.281456708908081
1493, -1.4302017341251485, 2, 20.940362930996343, 166, 212934, 212934, 0.025861989706754684, 3.294252634048462
1494, -3.490372759057209, 2, 6.014846247002424, 45, 212979, 212979, 0.03255050629377365, 3.256425380706787
1495, -0.22672330554632936, 2, 25.826609410003584, 206, 213185, 213185, 0.029288548976182938, 3.2894227504730225
1496, -3.6952321123098955, 2, 4.177903825002431, 30, 213215, 213215, 0.029911279678344727, 3.269219398498535
1497, -0.7287474506301805, 2, 22.465530068999215, 178, 213393, 213393, 0.0282164067029953, 3.2788994312286377
1498, -2.864308063639328, 2, 12.242992781000794, 95, 213488, 213488, 0.02465958520770073, 3.2851972579956055
1499, -3.088339021196589, 2, 7.6332562689931365, 58, 213546, 213546, 0.030434053391218185, 3.2847495079040527
1500, -4.679177280690055, 2, 21.56998131400178, 172, 213718, 213718, 0.029619695618748665, 3.2795424461364746
1501, -0.20589302382722963, 2, 15.328908534997026, 121, 213839, 213839, 0.02782919444143772, 3.300102710723877
1502, -2.0973008782602847, 2, 10.078987547996803, 78, 213917, 213917, 0.029506973922252655, 3.278162717819214
1503, -0.5824551122786943, 2, 31.846152139994956, 255, 214172, 214172, 0.029110416769981384, 3.2782187461853027
1504, 3.495158068224555, 4, 40.141992447999655, 322, 214494, 214494, 0.028631169348955154, 3.2795186042785645
1505, -0.2102179548019194, 2, 26.744748730998253, 214, 214708, 214708, 0.027986837550997734, 3.286888837814331
1506, -1.0684520053016513, 2, 36.70784477500274, 295, 215003, 215003, 0.028549058362841606, 3.287722110748291
1507, -3.5433651900384575, 2, 4.230944634997286, 30, 215033, 215033, 0.035740844905376434, 3.287108898162842
1508, -5.00131675763987, 2, 4.177478069999779, 30, 215063, 215063, 0.028304319828748703, 3.2839436531066895
1509, -5.010655847610906, 2, 11.579120094997052, 90, 215153, 215153, 0.033648982644081116, 3.2833194732666016
1510, -2.0699710909975693, 2, 12.264063832997635, 96, 215249, 215249, 0.02788524143397808, 3.2886180877685547
1511, -1.0428753605228849, 2, 20.15649776799546, 160, 215409, 215409, 0.02689942717552185, 3.2815349102020264
1512, -0.14415256585925817, 2, 9.790518144000089, 75, 215484, 215484, 0.027190914377570152, 3.28169322013855
1513, 3.7300084851849533, 4, 40.09246790800535, 323, 215807, 215807, 0.029473263770341873, 3.2746386528015137
1514, -1.0855195959738921, 2, 13.923262725998939, 109, 215916, 215916, 0.028808247298002243, 3.272796869277954
1515, -0.6154246375372168, 2, 18.364565530995606, 145, 216061, 216061, 0.027452604845166206, 3.276540756225586
1516, -0.44674457976361737, 2, 32.78019859899359, 263, 216324, 216324, 0.02934408001601696, 3.2847325801849365
1517, 0.5549959095660597, 4, 40.09090411399666, 322, 216646, 216646, 0.025696389377117157, 3.2804315090179443
1518, -0.3654876584387239, 2, 36.38861984799587, 291, 216937, 216937, 0.026706593111157417, 3.2838335037231445
1519, -1.4938252108549932, 2, 22.95718091299932, 182, 217119, 217119, 0.030083540827035904, 3.288161039352417
1520, -2.1258947944734246, 2, 7.257323409001401, 55, 217174, 217174, 0.025097226724028587, 3.291862726211548
1521, -4.347978679114021, 2, 4.1802502520004055, 30, 217204, 217204, 0.03175745904445648, 3.2890005111694336
1522, -1.9400552555453032, 2, 8.3540918409999, 64, 217268, 217268, 0.025316063314676285, 3.2823827266693115
1523, -4.236498398589902, 2, 5.4640715140049, 40, 217308, 217308, 0.023801520466804504, 3.3031532764434814
1524, -5.795400453731418, 2, 4.195389817999967, 30, 217338, 217338, 0.02586071938276291, 3.285189151763916
1525, -4.443240357097238, 2, 4.226260244999139, 30, 217368, 217368, 0.025135628879070282, 3.2830936908721924
1526, 0.980487168282707, 4, 40.120864907003124, 324, 217692, 217692, 0.02776399441063404, 3.279982089996338
1527, 0.06978945259470493, 2, 27.026095812994754, 216, 217908, 217908, 0.028529023751616478, 3.268749952316284
1528, -1.6057685830746777, 2, 14.635941933003778, 115, 218023, 218023, 0.028516337275505066, 3.2757210731506348
1529, -1.1444672632496804, 2, 17.684000537999964, 140, 218163, 218163, 0.03277982398867607, 3.2656664848327637
1530, -3.773718110547634, 2, 14.044405790999008, 110, 218273, 218273, 0.030027860775589943, 3.2804114818573
1531, -0.6614135259296745, 2, 13.666557650001778, 107, 218380, 218380, 0.02902132458984852, 3.280865430831909
1532, -0.5707640390610322, 2, 16.131988123001065, 127, 218507, 218507, 0.02796301059424877, 3.2747724056243896
1533, -2.1534633481351193, 2, 7.77199282500078, 59, 218566, 218566, 0.025054363533854485, 3.280475616455078
1534, -1.9650799159426242, 2, 16.83240774300066, 133, 218699, 218699, 0.028845777735114098, 3.2731704711914062
1535, 3.863355809084169, 4, 40.07389504399907, 322, 219021, 219021, 0.02764200046658516, 3.2766878604888916
1536, 3.639166592311085, 4, 40.10526840300008, 323, 219344, 219344, 0.026799095794558525, 3.2781221866607666
1537, -1.0797101147472858, 2, 11.942151064999052, 92, 219436, 219436, 0.027603499591350555, 3.277459144592285
1538, 1.8601610677806093, 4, 40.09510621600202, 323, 219759, 219759, 0.027230162173509598, 3.27846097946167
1539, -0.8082352107157931, 2, 19.575940394002828, 155, 219914, 219914, 0.02553938888013363, 3.263808012008667
1540, 8.362475413596258, 1, 35.53133574400272, 285, 220199, 220199, 0.026549702510237694, 3.2635412216186523
1541, -3.4844983540824614, 2, 9.110560245993838, 70, 220269, 220269, 0.028527582064270973, 3.2494542598724365
1542, -4.20545728248544, 2, 4.9696991100063315, 36, 220305, 220305, 0.027509301900863647, 3.276439666748047
1543, -1.646385998930782, 2, 12.10056932400039, 94, 220399, 220399, 0.027570653706789017, 3.2685863971710205
1544, 0.5271220802587777, 2, 37.022922511001525, 297, 220696, 220696, 0.03059631958603859, 3.2746529579162598
1545, -3.276623077923432, 2, 5.6839002769993385, 42, 220738, 220738, 0.02962951734662056, 3.2682530879974365
1546, 0.12071475409902632, 2, 19.96114300100453, 159, 220897, 220897, 0.0299980565905571, 3.2796239852905273
1547, 8.408697158560244, 1, 32.43813369300187, 260, 221157, 221157, 0.026836629956960678, 3.272280693054199
1548, -2.827227831003256, 2, 8.751097694999771, 67, 221224, 221224, 0.026281408965587616, 3.2836289405822754
1549, -3.920702710051046, 2, 5.817246888000227, 43, 221267, 221267, 0.028464755043387413, 3.2901952266693115
1550, -2.842774850432761, 2, 10.629182630997093, 82, 221349, 221349, 0.0265796035528183, 3.260601043701172
1551, -5.4719695372041315, 2, 21.416788636997808, 171, 221520, 221520, 0.026386674493551254, 3.276186466217041
1552, -0.8903147408600489, 2, 13.834105011999782, 108, 221628, 221628, 0.028573455289006233, 3.2719812393188477
1553, -5.482077343389392, 2, 4.194458717000089, 30, 221658, 221658, 0.024200258776545525, 3.2410643100738525
1554, -2.2435436650412157, 2, 12.177072367994697, 95, 221753, 221753, 0.026086872443556786, 3.285179376602173
1555, -0.9958055367460474, 2, 15.124920929003565, 119, 221872, 221872, 0.029128804802894592, 3.2684876918792725
1556, 7.354646592633799, 1, 17.440947253999184, 138, 222010, 222010, 0.02870076149702072, 3.2617921829223633
1557, -1.511057795083616, 4, 40.16462690500339, 323, 222333, 222333, 0.026749813929200172, 3.2629311084747314
1558, -2.2124554665060714, 2, 13.32632427399949, 104, 222437, 222437, 0.027952227741479874, 3.2712299823760986
1559, -5.226767897023819, 2, 13.933491257004789, 109, 222546, 222546, 0.029079141095280647, 3.2500710487365723
1560, -3.867997384397313, 2, 6.659142347001762, 50, 222596, 222596, 0.029300739988684654, 3.2543857097625732
1561, -5.59892141725868, 2, 4.19648599899665, 30, 222626, 222626, 0.02651146426796913, 3.266003370285034
1562, -2.672643774334574, 2, 13.463640189998841, 105, 222731, 222731, 0.02572193183004856, 3.276707887649536
1563, -4.192896223581556, 2, 31.415526543998567, 252, 222983, 222983, 0.029869263991713524, 3.261991500854492
1564, 7.846488992060586, 1, 28.544424152998545, 228, 223211, 223211, 0.02952340804040432, 3.2657487392425537
1565, -4.518666050513275, 2, 10.585561538995535, 82, 223293, 223293, 0.030107758939266205, 3.2678871154785156
1566, -2.580991551396437, 2, 8.249013971006207, 63, 223356, 223356, 0.025783861055970192, 3.2573306560516357
1567, -0.202262893137231, 4, 40.084860494003806, 322, 223678, 223678, 0.027590973302721977, 3.266521453857422
1568, -2.6473499431740493, 2, 12.295673984001041, 96, 223774, 223774, 0.030063988640904427, 3.253690719604492
1569, -3.0707859936228488, 2, 14.610407275999023, 114, 223888, 223888, 0.02895664982497692, 3.264478921890259
1570, -0.40581902145640925, 4, 40.282771009005955, 323, 224211, 224211, 0.029350871220231056, 3.2622263431549072
1571, -3.1692946356270113, 2, 35.797945173995686, 288, 224499, 224499, 0.027761217206716537, 3.2563037872314453
1572, -2.2722768508829176, 2, 8.881145578998257, 68, 224567, 224567, 0.028986113145947456, 3.260016679763794
1573, -1.3379242281371262, 2, 14.539423747999535, 114, 224681, 224681, 0.028625398874282837, 3.272094964981079
1574, -4.284354800824076, 2, 4.18728982200264, 30, 224711, 224711, 0.02775401435792446, 3.261417865753174
1575, -1.5981714287772775, 2, 37.96438884900272, 305, 225016, 225016, 0.028205014765262604, 3.262169361114502
1576, -4.295992186293006, 2, 8.278489361000538, 63, 225079, 225079, 0.025447160005569458, 3.246934175491333
1577, -5.449908341630362, 2, 24.362772815002245, 194, 225273, 225273, 0.02874908223748207, 3.262479782104492
1578, -0.4224454890936613, 2, 10.838909560996399, 84, 225357, 225357, 0.030340129509568214, 3.253051280975342
1579, 2.875364660980267, 4, 40.160655876999954, 322, 225679, 225679, 0.02871474251151085, 3.2651193141937256
1580, -4.918896535877138, 2, 4.185587403997488, 30, 225709, 225709, 0.027533521875739098, 3.273197889328003
1581, -2.7112328738985525, 2, 17.367437763001362, 137, 225846, 225846, 0.028326082974672318, 3.269927501678467
1582, -4.595732317582588, 2, 36.58195508499921, 294, 226140, 226140, 0.027094818651676178, 3.2568037509918213
1583, -4.605076388106681, 2, 4.2005835180025315, 30, 226170, 226170, 0.030369170010089874, 3.262294054031372
1584, -4.455876976600848, 2, 4.181520231999457, 30, 226200, 226200, 0.03277849406003952, 3.2654526233673096
1585, 0.1307743644574657, 2, 16.73905063300481, 132, 226332, 226332, 0.027068082243204117, 3.2605741024017334
1586, -5.32561834261287, 2, 4.221420681999007, 30, 226362, 226362, 0.029145777225494385, 3.250622272491455
1587, -5.433764962857822, 2, 36.99538044100336, 298, 226660, 226660, 0.028821183368563652, 3.2657597064971924
1588, -2.749712330842158, 2, 10.091539959001238, 78, 226738, 226738, 0.029392285272479057, 3.2593090534210205
1589, -1.3105384079099167, 2, 29.26208133399632, 234, 226972, 226972, 0.02942040003836155, 3.25874924659729
1590, -2.6454372357111424, 2, 7.536248673000955, 57, 227029, 227029, 0.02454937994480133, 3.2674872875213623
1591, -2.867947073507821, 2, 12.329487841001537, 96, 227125, 227125, 0.028198525309562683, 3.268423318862915
1592, -4.297166435979307, 2, 5.789693061997241, 43, 227168, 227168, 0.03035670705139637, 3.2667009830474854
1593, -3.6341633944407477, 2, 27.18890002599801, 217, 227385, 227385, 0.028213759884238243, 3.26228666305542
1594, -3.4803309359122068, 2, 7.685435270999733, 58, 227443, 227443, 0.028942996636033058, 3.2546274662017822
1595, -5.358886079513468, 2, 23.237364249005623, 185, 227628, 227628, 0.02809145115315914, 3.250675916671753
1596, 0.5839278833082062, 2, 25.069903653005895, 200, 227828, 227828, 0.027257706969976425, 3.258542776107788
1597, 0.7553706955914095, 4, 40.07945032799762, 323, 228151, 228151, 0.027221690863370895, 3.2617685794830322
1598, 0.1489596270257607, 2, 23.999055561995192, 192, 228343, 228343, 0.02641117386519909, 3.257251501083374
1599, 0.5288751958869398, 2, 24.572163457996794, 196, 228539, 228539, 0.027714258059859276, 3.261890411376953
1600, 7.883590907731559, 1, 28.391554300003918, 227, 228766, 228766, 0.027939587831497192, 3.2629144191741943
1601, -3.5899054459296167, 2, 5.7750000820014975, 43, 228809, 228809, 0.025507111102342606, 3.2595295906066895
1602, -1.4672524836823868, 2, 21.190199397999095, 168, 228977, 228977, 0.027771171182394028, 3.2679011821746826
1603, 2.22457173129078, 4, 40.17923656999483, 324, 229301, 229301, 0.027674822136759758, 3.26224422454834
1604, -3.839216122869402, 2, 4.271780955001304, 30, 229331, 229331, 0.030163057148456573, 3.26579213142395
1605, -2.9590637801447883, 2, 7.4102607059976435, 56, 229387, 229387, 0.028559189289808273, 3.262911081314087
1606, -1.1911492432118393, 2, 28.980151490002754, 232, 229619, 229619, 0.02835998684167862, 3.2642829418182373
1607, -0.9199054217897356, 2, 9.642572820004716, 74, 229693, 229693, 0.029499107971787453, 3.256464719772339
1608, -0.8724372725118883, 2, 28.47536006000155, 228, 229921, 229921, 0.026035822927951813, 3.2656335830688477
1609, -3.039828292588936, 2, 30.663048918999266, 246, 230167, 230167, 0.02828812599182129, 3.26239275932312
1610, -1.4502805463271216, 2, 19.07005055600166, 151, 230318, 230318, 0.028775056824088097, 3.259536027908325
1611, -2.350529317278415, 2, 9.387716327997623, 72, 230390, 230390, 0.028343014419078827, 3.25358247756958
1612, -5.0078956198412925, 2, 4.2440075679987785, 30, 230420, 230420, 0.028288383036851883, 3.2676784992218018
1613, 8.153436072752811, 1, 20.47580726900196, 162, 230582, 230582, 0.0289986040443182, 3.267584800720215
1614, 1.004037320963107, 2, 22.689847538997128, 180, 230762, 230762, 0.02771029993891716, 3.253493309020996
1615, 1.9375382511243515, 4, 40.115427706994524, 323, 231085, 231085, 0.02813141420483589, 3.2573959827423096
1616, -3.643040442490019, 2, 4.477037587006635, 32, 231117, 231117, 0.029401998966932297, 3.238030433654785
1617, -4.0327353067696095, 2, 4.323223131999839, 31, 231148, 231148, 0.0314418189227581, 3.2932541370391846
1618, -1.6002486517245416, 2, 30.075176329999522, 240, 231388, 231388, 0.02751147747039795, 3.2674245834350586
1619, -0.9485603839857504, 2, 10.722542159994191, 83, 231471, 231471, 0.025205722078680992, 3.259765625
1620, -3.374496140750125, 2, 4.999475665994396, 36, 231507, 231507, 0.02925865165889263, 3.2483439445495605
1621, -1.1434617817867547, 2, 11.447263486006705, 89, 231596, 231596, 0.03092128597199917, 3.250284194946289
1622, 3.1863488486851566, 4, 40.14181238299352, 322, 231918, 231918, 0.026377804577350616, 3.2587549686431885
1623, -0.7394709892105311, 2, 21.843552514001203, 174, 232092, 232092, 0.02716696448624134, 3.260850191116333
1624, -4.17139467492234, 2, 4.209895271000278, 30, 232122, 232122, 0.031647272408008575, 3.246074676513672
1625, 2.138919336296304, 4, 40.12877751800261, 322, 232444, 232444, 0.02913331612944603, 3.2584266662597656
1626, -4.341522254981101, 2, 4.199465099001827, 30, 232474, 232474, 0.031628891825675964, 3.2591776847839355
1627, -3.376236567826709, 2, 15.57625522500166, 123, 232597, 232597, 0.028768811374902725, 3.261748790740967
1628, -1.7526488928124309, 2, 15.055008644994814, 118, 232715, 232715, 0.025235222652554512, 3.252821207046509
1629, -3.937589162029326, 2, 4.180314470999292, 30, 232745, 232745, 0.02462492138147354, 3.2491421699523926
1630, -2.1149643009412102, 2, 8.000803791997896, 61, 232806, 232806, 0.026886895298957825, 3.267807722091675
1631, 6.621930023535242, 1, 32.269086614003754, 259, 233065, 233065, 0.027194445952773094, 3.2618024349212646
1632, -2.372579636052251, 2, 7.672207448995323, 58, 233123, 233123, 0.02738962322473526, 3.2567739486694336
1633, 2.465248487525969, 4, 40.09324638600083, 322, 233445, 233445, 0.02809598669409752, 3.2565011978149414
1634, 7.3634239757593605, 1, 31.421474741000566, 252, 233697, 233697, 0.029187418520450592, 3.250236988067627
1635, -5.807388506829739, 2, 4.210457872002735, 30, 233727, 233727, 0.03281041234731674, 3.252173900604248
1636, -5.424527181312442, 2, 4.182878004001395, 30, 233757, 233757, 0.03192329779267311, 3.25482177734375
1637, -2.9842917553614825, 2, 5.92217777800397, 44, 233801, 233801, 0.027869937941432, 3.2648656368255615
1638, -0.8703748431580607, 2, 35.37049689999549, 284, 234085, 234085, 0.026057660579681396, 3.2593777179718018
1639, -4.816528118797578, 2, 29.52378833200055, 236, 234321, 234321, 0.02884872630238533, 3.247769355773926
1640, -4.39270146394847, 2, 17.134546702996886, 135, 234456, 234456, 0.030527126044034958, 3.254045248031616
1641, -3.5306001618737355, 2, 9.829648912003904, 76, 234532, 234532, 0.02626976929605007, 3.2549471855163574
1642, -2.6893691854766075, 2, 17.853984481000225, 141, 234673, 234673, 0.028218813240528107, 3.2552268505096436
1643, 8.381256950946408, 1, 22.420634203997906, 178, 234851, 234851, 0.027215102687478065, 3.2693569660186768
1644, -3.089740453287959, 2, 7.802128210001683, 59, 234910, 234910, 0.0280349962413311, 3.242835521697998
1645, -2.389565204968676, 2, 11.700883753001108, 91, 235001, 235001, 0.029163213446736336, 3.2626516819000244
1646, -2.2783309067308437, 2, 14.95823545899475, 117, 235118, 235118, 0.02824721671640873, 3.2646074295043945
1647, -4.274154588812962, 2, 4.225765358998615, 30, 235148, 235148, 0.02919004298746586, 3.2514822483062744
1648, -0.2092941501950918, 2, 31.56791978199908, 252, 235400, 235400, 0.027829058468341827, 3.2616398334503174
1649, 8.103313403204083, 1, 19.441675571004453, 154, 235554, 235554, 0.026629064232110977, 3.258283853530884
1650, -4.780622298363596, 2, 4.217111569996632, 30, 235584, 235584, 0.026840519160032272, 3.2499873638153076
1651, 1.1549453301850008, 4, 40.060823948995676, 322, 235906, 235906, 0.02774081937968731, 3.2541613578796387
1652, 3.1748614913085476, 4, 40.10066913600167, 321, 236227, 236227, 0.02988286130130291, 3.2631330490112305
1653, 3.8097231145511614, 4, 40.13287208099791, 322, 236549, 236549, 0.02757834456861019, 3.2614519596099854
1654, -0.725788998256121, 2, 30.94356963899918, 247, 236796, 236796, 0.028439568355679512, 3.260248899459839
1655, -1.3615086436329875, 2, 17.607926256998326, 139, 236935, 236935, 0.02747989445924759, 3.267524480819702
1656, 3.0250893195552635, 4, 40.187055910995696, 321, 237256, 237256, 0.028373707085847855, 3.2533674240112305
1657, -0.9499937033688184, 2, 24.428473396998015, 194, 237450, 237450, 0.026482535526156425, 3.2494888305664062
1658, -5.190216588496696, 2, 28.130708409000363, 225, 237675, 237675, 0.02891211397945881, 3.2498936653137207
1659, -1.27272330638516, 2, 29.06490194700018, 232, 237907, 237907, 0.027623184025287628, 3.2544376850128174
1660, 7.7425226685008965, 1, 23.455328267998993, 186, 238093, 238093, 0.027965988963842392, 3.2520627975463867
1661, 0.13299109201579995, 2, 34.1987741999983, 274, 238367, 238367, 0.02611418440937996, 3.2583978176116943
1662, -2.9939386470941827, 2, 4.933105240997975, 36, 238403, 238403, 0.026492107659578323, 3.260195016860962
1663, -3.838418925763108, 2, 14.29158001599717, 112, 238515, 238515, 0.029935840517282486, 3.2576916217803955
1664, 6.659648570674108, 1, 26.518803290004143, 211, 238726, 238726, 0.02692374959588051, 3.252952814102173
1665, -2.757162959605921, 2, 30.35840509499394, 243, 238969, 238969, 0.02890974096953869, 3.2563345432281494
1666, -0.08219304350495804, 2, 37.081580011996266, 297, 239266, 239266, 0.02708091400563717, 3.2552812099456787
1667, -4.894398477394134, 2, 4.227886014996329, 30, 239296, 239296, 0.026448290795087814, 3.2555439472198486
1668, -3.1652604604605585, 2, 6.809057605998532, 51, 239347, 239347, 0.02310406230390072, 3.2383594512939453
1669, -4.835467170225456, 2, 14.983532533995458, 117, 239464, 239464, 0.029410384595394135, 3.24991774559021
1670, 0.14187320455675945, 2, 32.442694140998356, 259, 239723, 239723, 0.02732960879802704, 3.25801157951355
1671, -1.151972237159498, 2, 13.053172236002865, 102, 239825, 239825, 0.027794042602181435, 3.258329391479492
1672, 6.176877293008147, 1, 22.451925752000534, 178, 240003, 240003, 0.027420831844210625, 3.257671594619751
1673, -0.4372498049342539, 4, 40.06625302199973, 322, 240325, 240325, 0.027132507413625717, 3.2543752193450928
1674, -4.280436568660662, 2, 4.211301289004041, 30, 240355, 240355, 0.02442735806107521, 3.221122980117798
1675, -1.7757250822614878, 2, 8.569706774003862, 65, 240420, 240420, 0.025949111208319664, 3.270583391189575
1676, 7.799988626022241, 1, 38.468055652003386, 309, 240729, 240729, 0.0264335498213768, 3.2507503032684326
1677, -0.12407940113916993, 2, 26.644037275997107, 212, 240941, 240941, 0.028972070664167404, 3.256945848464966
1678, -0.4684275074978359, 2, 36.37585268399562, 292, 241233, 241233, 0.026521950960159302, 3.2531661987304688
1679, -3.312763551948592, 2, 7.221066735000932, 54, 241287, 241287, 0.02650061808526516, 3.2608530521392822
1680, -3.8443119609728456, 2, 4.204788321003434, 30, 241317, 241317, 0.03158530220389366, 3.229320764541626
1681, -2.48461398598738, 2, 9.551742367999395, 73, 241390, 241390, 0.026783470064401627, 3.2672805786132812
1682, -3.732727234484628, 2, 4.290809062993503, 30, 241420, 241420, 0.025251757353544235, 3.233433961868286
1683, -2.791148572228849, 2, 14.945895333999943, 117, 241537, 241537, 0.030555393546819687, 3.247509717941284
1684, 3.459937762992922, 4, 40.07026558100188, 321, 241858, 241858, 0.026593942195177078, 3.250507354736328
1685, -4.034414883586578, 2, 4.431183831999078, 32, 241890, 241890, 0.033014070242643356, 3.2421205043792725
1686, 2.1855987741728313, 4, 40.12412451400451, 323, 242213, 242213, 0.026443451642990112, 3.24900221824646
1687, -0.31083032338210614, 2, 31.380093040002976, 251, 242464, 242464, 0.027536464855074883, 3.2397379875183105
1688, -2.4090058804722503, 2, 7.196561776996532, 54, 242518, 242518, 0.028162812814116478, 3.251032829284668
1689, 6.955507665406913, 1, 17.407870240000193, 137, 242655, 242655, 0.028824597597122192, 3.2395129203796387
1690, -1.1874950166093186, 2, 22.15955559899885, 176, 242831, 242831, 0.027398591861128807, 3.2466790676116943
1691, -0.8716883317101747, 2, 19.180274669000937, 151, 242982, 242982, 0.02828866057097912, 3.2376456260681152
1692, 6.957368149087415, 1, 38.50848952100205, 308, 243290, 243290, 0.027730543166399002, 3.2491037845611572
1693, 4.765714398396085, 4, 40.14435279600002, 321, 243611, 243611, 0.03137245401740074, 3.239170789718628
1694, -3.701066523673944, 2, 6.8308803609979805, 51, 243662, 243662, 0.025579413399100304, 3.239656448364258
1695, -0.0046519506722688675, 2, 20.172197243999108, 160, 243822, 243822, 0.027398724108934402, 3.238236665725708
1696, -0.4473677497485369, 2, 31.508322726003826, 252, 244074, 244074, 0.028588665649294853, 3.2405261993408203
1697, 7.938074675732423, 1, 24.474999236001167, 194, 244268, 244268, 0.026889001950621605, 3.2448861598968506
1698, -1.1057308552553877, 4, 40.080272563995095, 322, 244590, 244590, 0.029383966699242592, 3.246752977371216
1699, 4.511394816378015, 4, 40.14501622699754, 322, 244912, 244912, 0.028880080208182335, 3.2510170936584473
1700, -2.4317701581167057, 2, 10.523463794997951, 81, 244993, 244993, 0.02587110921740532, 3.2435569763183594
1701, -3.14768058527261, 2, 7.64581416999863, 58, 245051, 245051, 0.027673544362187386, 3.2280750274658203
1702, -1.769591965014115, 2, 33.537258132004354, 268, 245319, 245319, 0.025476323440670967, 3.2367970943450928
1703, 3.3823946047923528, 4, 40.10822671099595, 322, 245641, 245641, 0.029319079592823982, 3.240466356277466
1704, 7.995394682387996, 1, 38.530084691999946, 309, 245950, 245950, 0.0278007909655571, 3.2377383708953857
1705, -3.619377207258367, 2, 9.039719952001178, 69, 246019, 246019, 0.02590402588248253, 3.236938714981079
1706, -0.10681279841810465, 2, 24.075421221998113, 191, 246210, 246210, 0.030517304316163063, 3.227864980697632
1707, -0.16317114458070137, 2, 14.878958856999816, 116, 246326, 246326, 0.02905978448688984, 3.2377257347106934
1708, 8.360897284163002, 1, 30.473313428999973, 243, 246569, 246569, 0.028011726215481758, 3.2342324256896973
1709, -4.468905220972374, 2, 4.2450715209997725, 30, 246599, 246599, 0.02733398601412773, 3.245880603790283
1710, -1.870882528484799, 2, 9.94046269300452, 76, 246675, 246675, 0.03156305477023125, 3.2359001636505127
1711, -3.3001066638389602, 2, 5.692073526006425, 42, 246717, 246717, 0.034277837723493576, 3.249568462371826
1712, -1.592599761323072, 2, 9.324038071004907, 71, 246788, 246788, 0.025276752188801765, 3.2249815464019775
1713, -3.594990541227162, 2, 6.327656034998654, 47, 246835, 246835, 0.02655738964676857, 3.236584186553955
1714, -2.9921704859625606, 2, 25.417709460998594, 202, 247037, 247037, 0.02748878113925457, 3.2371883392333984
1715, -4.788829394849017, 2, 4.195336866003345, 30, 247067, 247067, 0.030952859669923782, 3.211163282394409
1716, -2.8944426469970495, 4, 40.1518699119988, 323, 247390, 247390, 0.028025586158037186, 3.2392818927764893
1717, -2.42470877233427, 2, 8.516455259996292, 65, 247455, 247455, 0.028814109042286873, 3.23988938331604
1718, 4.051457963492794, 4, 40.108260512002744, 321, 247776, 247776, 0.02974257618188858, 3.239468812942505
1719, 7.813795332665904, 1, 26.46717825900123, 211, 247987, 247987, 0.027077268809080124, 3.2444841861724854
1720, -2.787467152113095, 2, 15.944488266999542, 125, 248112, 248112, 0.027522694319486618, 3.2160868644714355
1721, 8.009165767609375, 1, 21.12411513900588, 167, 248279, 248279, 0.029698869213461876, 3.242525815963745
1722, -4.564414981985465, 2, 4.204305180996016, 30, 248309, 248309, 0.030252020806074142, 3.2384846210479736
1723, -3.877267627744004, 2, 4.212199141002202, 30, 248339, 248339, 0.02923770621418953, 3.232154369354248
1724, 3.9430243688875635, 4, 40.08615750300669, 321, 248660, 248660, 0.029359642416238785, 3.237475872039795
1725, -2.1826696405842085, 2, 26.390960680000717, 210, 248870, 248870, 0.027953138574957848, 3.2374866008758545
1726, -4.437320697586983, 2, 7.0678467210018425, 53, 248923, 248923, 0.03215818852186203, 3.223562240600586
1727, -1.8496427629143, 4, 40.15140140999574, 322, 249245, 249245, 0.027363525703549385, 3.2365612983703613
1728, -2.135617526480928, 2, 8.121141524999985, 62, 249307, 249307, 0.027985643595457077, 3.2325997352600098
1729, -2.109483494597953, 2, 13.350292729002831, 104, 249411, 249411, 0.029509292915463448, 3.241393566131592
1730, -5.443574838631321, 2, 4.206887624997762, 30, 249441, 249441, 0.028125831857323647, 3.236562490463257
1731, -1.0016072945145424, 2, 37.36900517800677, 299, 249740, 249740, 0.026914242655038834, 3.228969097137451
1732, 0.978919644257985, 2, 21.038164322002558, 166, 249906, 249906, 0.029609404504299164, 3.227604866027832
1733, -2.2210160510148853, 2, 10.909866173999035, 84, 249990, 249990, 0.027559708803892136, 3.230814218521118
1734, 2.6709711916410015, 4, 40.16232819400466, 321, 250311, 250311, 0.027851425111293793, 3.2306935787200928
1735, 0.4748076586947718, 2, 25.961645720002707, 206, 250517, 250517, 0.028244027867913246, 3.2254860401153564
1736, -4.924988533952273, 2, 4.203164177000872, 30, 250547, 250547, 0.027411969378590584, 3.2060627937316895
1737, -2.827472045086324, 2, 6.850274670992803, 51, 250598, 250598, 0.023435143753886223, 3.2615952491760254
1738, -3.9169846502045402, 2, 34.29605997000181, 275, 250873, 250873, 0.027340006083250046, 3.2295236587524414
1739, 3.4026181818035184, 4, 40.128551138004696, 321, 251194, 251194, 0.026421867311000824, 3.2309939861297607
1740, -1.6047296883771196, 4, 40.16028026199638, 323, 251517, 251517, 0.02907896414399147, 3.232011556625366
1741, -3.916049223567825, 2, 9.595205600002373, 74, 251591, 251591, 0.0315142497420311, 3.2279274463653564
1742, 6.999078240245581, 1, 15.483933126997727, 121, 251712, 251712, 0.028889203444123268, 3.2264039516448975
1743, -2.5493420971615706, 2, 17.375799196001026, 137, 251849, 251849, 0.02699400670826435, 3.2276086807250977
1744, -3.4768376909196377, 2, 4.277825277000375, 30, 251879, 251879, 0.025650667026638985, 3.2001872062683105
1745, -3.112114667193964, 2, 8.066889137000544, 61, 251940, 251940, 0.03120782971382141, 3.214644432067871
1746, -1.8144614170496425, 2, 25.2471013530012, 201, 252141, 252141, 0.02866564691066742, 3.2329137325286865
1747, -1.2428077196818776, 2, 14.225322616002813, 111, 252252, 252252, 0.025470426306128502, 3.2197349071502686
1748, -1.2786376319418196, 2, 21.037649035999493, 166, 252418, 252418, 0.0298567246645689, 3.226820945739746
1749, 6.713962205423741, 1, 35.45636322599603, 283, 252701, 252701, 0.02799719013273716, 3.2426388263702393
1750, -5.014847581987851, 2, 4.210775966996152, 30, 252731, 252731, 0.029225094243884087, 3.23905873298645
1751, 7.448831918183714, 1, 18.117332711000927, 143, 252874, 252874, 0.027295758947730064, 3.2192840576171875
1752, -3.449356274912134, 2, 4.239761656994233, 30, 252904, 252904, 0.027738800272345543, 3.2382333278656006
1753, 8.267899423073686, 1, 33.480703641995206, 267, 253171, 253171, 0.02837608940899372, 3.2348926067352295
1754, -2.0545192880090326, 2, 8.305763730000763, 63, 253234, 253234, 0.027714533731341362, 3.2253012657165527
1755, -2.5080120382190216, 2, 29.001165533001767, 231, 253465, 253465, 0.028347644954919815, 3.232961893081665
1756, 3.6449314552373835, 4, 40.17635560499912, 322, 253787, 253787, 0.02725795842707157, 3.218311071395874
1757, -2.565821837247313, 2, 22.265094854999916, 176, 253963, 253963, 0.027840454131364822, 3.2270920276641846
1758, -2.0280646635219455, 2, 15.72625583500485, 123, 254086, 254086, 0.026628045365214348, 3.232212543487549
1759, 4.270105258678086, 4, 40.128743868997844, 321, 254407, 254407, 0.029206903651356697, 3.2287392616271973
1760, 3.595827938988805, 4, 40.117330441993545, 321, 254728, 254728, 0.029390724375844002, 3.230855941772461
1761, -0.8324747651349753, 2, 14.417332094999438, 113, 254841, 254841, 0.02739325538277626, 3.218238115310669
1762, -0.33933419694949407, 2, 33.36581272100011, 266, 255107, 255107, 0.030568905174732208, 3.213702917098999
1763, 4.8491334664140595, 4, 40.16670863499894, 322, 255429, 255429, 0.02693149633705616, 3.2305355072021484
1764, -3.7783126342110336, 2, 17.27874476699799, 136, 255565, 255565, 0.028543487191200256, 3.205824613571167
1765, -1.4846978326095268, 2, 12.58738878100121, 98, 255663, 255663, 0.027380244806408882, 3.237417697906494
1766, -0.10852369281928986, 2, 15.251287724000576, 120, 255783, 255783, 0.028620069846510887, 3.2377805709838867
1767, 7.923653780904715, 1, 22.49193815900071, 178, 255961, 255961, 0.030391618609428406, 3.2237484455108643
1768, -0.1012099844210752, 2, 34.9162026970007, 279, 256240, 256240, 0.028896499425172806, 3.2205474376678467
1769, -1.4511587780434638, 2, 39.2735968220004, 314, 256554, 256554, 0.026551295071840286, 3.2263762950897217
1770, -0.4397835972486064, 2, 10.149454698999762, 78, 256632, 256632, 0.028657279908657074, 3.2189884185791016
1771, -0.12475715923937969, 4, 40.095908146999136, 321, 256953, 256953, 0.029443901032209396, 3.2171144485473633
1772, -5.46542904607486, 2, 14.220004390997929, 111, 257064, 257064, 0.0273062065243721, 3.2144179344177246
1773, 2.673819185118191, 4, 40.142241820998606, 323, 257387, 257387, 0.02745879255235195, 3.2171380519866943
1774, -3.759399768896401, 2, 5.009584315994289, 36, 257423, 257423, 0.036216024309396744, 3.2265920639038086
1775, -0.5797962169599487, 2, 14.079962339004851, 110, 257533, 257533, 0.02838936075568199, 3.2241828441619873
1776, 3.5844524076383095, 4, 40.09559874400293, 321, 257854, 257854, 0.02644658274948597, 3.218686819076538
1777, -3.671451912028715, 2, 11.274982052003907, 87, 257941, 257941, 0.025130022317171097, 3.2130849361419678
1778, -1.989274267689325, 2, 13.067306057004316, 102, 258043, 258043, 0.029844213277101517, 3.2128045558929443
1779, -3.4384053383255377, 2, 5.235688630993536, 38, 258081, 258081, 0.025759046897292137, 3.2238471508026123
1780, -3.3524222425185144, 2, 20.624500491001527, 163, 258244, 258244, 0.02809840999543667, 3.2195770740509033
1781, 2.811953206139151, 4, 40.109169303999806, 322, 258566, 258566, 0.02854287624359131, 3.218695878982544
1782, -1.2018665418727323, 2, 20.98401179799839, 166, 258732, 258732, 0.028382539749145508, 3.2246053218841553
1783, 2.5484336843073834, 4, 40.180028192000464, 322, 259054, 259054, 0.02684333547949791, 3.2122514247894287
1784, -2.3261491602752358, 2, 12.488180060005106, 97, 259151, 259151, 0.027891144156455994, 3.2123708724975586
1785, 2.83833690785832, 4, 40.109792023999034, 321, 259472, 259472, 0.027932794764637947, 3.224240779876709
1786, 3.5805516960354, 4, 40.13810468799784, 321, 259793, 259793, 0.026441503316164017, 3.2087557315826416
1787, -2.0132422784809023, 2, 11.8544934179954, 92, 259885, 259885, 0.030262265354394913, 3.201223611831665
1788, -4.7340088579803705, 2, 4.241712719995121, 30, 259915, 259915, 0.031123045831918716, 3.223813772201538
1789, -0.9873102481888054, 2, 33.511904799997865, 267, 260182, 260182, 0.02597585879266262, 3.215970754623413
1790, 6.694931457401253, 1, 28.463208118002512, 226, 260408, 260408, 0.028119368478655815, 3.21594500541687
1791, -2.955080628860742, 2, 8.673301106995496, 66, 260474, 260474, 0.028820466250181198, 3.199901580810547
1792, 0.5976723830390256, 2, 20.349911640994833, 161, 260635, 260635, 0.026996463537216187, 3.218191623687744
1793, -1.568408556515351, 2, 11.078122597005859, 86, 260721, 260721, 0.03010578453540802, 3.1908810138702393
1794, -0.3654707722598687, 2, 24.116460789002303, 192, 260913, 260913, 0.02711339481174946, 3.213745355606079
1795, -4.640101277735084, 2, 4.205795945999853, 30, 260943, 260943, 0.024798866361379623, 3.232449531555176
1796, -1.5147750452451874, 2, 14.757211506999738, 115, 261058, 261058, 0.028698643669486046, 3.210968494415283
1797, -1.3109013782959664, 2, 28.604803554000682, 228, 261286, 261286, 0.02739635482430458, 3.220669746398926
1798, 4.37048307119403, 4, 40.07683778099454, 321, 261607, 261607, 0.02959367260336876, 3.208994150161743
1799, -2.316685621664874, 2, 34.46849865799595, 275, 261882, 261882, 0.030343523249030113, 3.204101800918579
1800, 3.3479187941920827, 4, 40.056664458999876, 319, 262201, 262201, 0.02923375368118286, 3.214050531387329
1801, -2.117323158774525, 2, 7.309668412999599, 55, 262256, 262256, 0.02836877852678299, 3.220386028289795
1802, -1.5582016877015121, 2, 13.45236832399678, 105, 262361, 262361, 0.025257153436541557, 3.2134580612182617
1803, 8.381461666547693, 1, 20.443659178003145, 162, 262523, 262523, 0.03180737420916557, 3.210862159729004
1804, -5.690834734705277, 2, 4.219689875004406, 30, 262553, 262553, 0.022980859503149986, 3.23174786567688
1805, -2.637216695700772, 2, 7.502436759001284, 57, 262610, 262610, 0.030306881293654442, 3.211500406265259
1806, 7.644678408614709, 1, 28.412313109001843, 226, 262836, 262836, 0.030350418761372566, 3.2203383445739746
1807, 0.7840064716438064, 2, 32.012812016997486, 256, 263092, 263092, 0.02921472303569317, 3.205777645111084
1808, 1.9399843912506185, 4, 40.12163821400463, 322, 263414, 263414, 0.030775662511587143, 3.2124903202056885
1809, -2.990085097029805, 2, 6.551130559004378, 49, 263463, 263463, 0.030851222574710846, 3.2105929851531982
1810, -4.633876162813976, 2, 4.223620824996033, 30, 263493, 263493, 0.02971615456044674, 3.2277517318725586
1811, -6.4742125468328595, 2, 33.3668020299956, 267, 263760, 263760, 0.027392270043492317, 3.204829454421997
1812, -2.2302714514080435, 2, 7.200663469004212, 54, 263814, 263814, 0.027449818328022957, 3.2356207370758057
1813, -2.787860468728468, 2, 7.715533311995387, 58, 263872, 263872, 0.02662135660648346, 3.2101426124572754
1814, -4.959036837797612, 2, 4.231021856001462, 30, 263902, 263902, 0.023443548008799553, 3.2197537422180176
1815, -3.5466039314633235, 2, 6.801130373001797, 51, 263953, 263953, 0.030148232355713844, 3.213153123855591
1816, -4.379068972892128, 2, 4.214401489000011, 30, 263983, 263983, 0.025492561981081963, 3.2132043838500977
1817, 8.155111837109871, 1, 28.439987694000592, 226, 264209, 264209, 0.026850290596485138, 3.2207119464874268
1818, -2.283492545946501, 2, 15.95815326400043, 125, 264334, 264334, 0.02709147147834301, 3.206108570098877
1819, -3.480251483973916, 2, 30.684757160997833, 245, 264579, 264579, 0.028030522167682648, 3.2020134925842285
1820, -2.1768515538424253, 2, 10.155855048004014, 78, 264657, 264657, 0.030034327879548073, 3.2204742431640625
1821, 2.5434416673742817, 4, 40.155842461994325, 321, 264978, 264978, 0.028555965051054955, 3.2095577716827393
1822, -4.753730887779966, 2, 4.581107942998642, 33, 265011, 265011, 0.02888011373579502, 3.2248642444610596
1823, -4.1649474676232785, 2, 11.26197763500386, 87, 265098, 265098, 0.025162696838378906, 3.217198133468628
1824, 2.9407257191633107, 4, 40.15963160400133, 321, 265419, 265419, 0.029734691604971886, 3.2102324962615967
1825, -4.703726616338827, 2, 4.215035208995687, 30, 265449, 265449, 0.02764488011598587, 3.198612928390503
1826, -2.0300718370854156, 2, 26.45673754499876, 210, 265659, 265659, 0.02769780345261097, 3.2050673961639404
1827, -3.2948627381119877, 2, 4.699142573001154, 34, 265693, 265693, 0.024939294904470444, 3.2125794887542725
1828, 7.254837921471335, 1, 33.47852359499666, 267, 265960, 265960, 0.028315847739577293, 3.213826894760132
1829, -3.3066959971583856, 2, 35.799298418001854, 286, 266246, 266246, 0.028510643169283867, 3.2182085514068604
1830, 8.548369586103945, 1, 23.473992445004114, 187, 266433, 266433, 0.02687137946486473, 3.199291229248047
1831, -4.001396747185936, 2, 16.4379688179979, 129, 266562, 266562, 0.029800092801451683, 3.2159171104431152
1832, 3.8668658402457368, 4, 40.116231726999104, 321, 266883, 266883, 0.028698422014713287, 3.204796314239502
1833, -3.3859821578953415, 2, 4.204635318994406, 30, 266913, 266913, 0.02382536418735981, 3.2255289554595947
1834, -1.0334902583854273, 2, 22.355765836997307, 176, 267089, 267089, 0.02831791713833809, 3.206827402114868
1835, -1.589314159064088, 2, 22.88062115300272, 181, 267270, 267270, 0.02678351104259491, 3.1972274780273438
1836, -1.800514487462351, 2, 23.3353466280023, 185, 267455, 267455, 0.034423548728227615, 3.199186325073242
1837, 7.096994016963436, 1, 39.443741209004656, 316, 267771, 267771, 0.029103433713316917, 3.2100729942321777
1838, -4.728538723895326, 2, 4.231839993000904, 30, 267801, 267801, 0.027721762657165527, 3.1816983222961426
1839, -3.9316482874564826, 2, 5.740915579997818, 42, 267843, 267843, 0.02571282722055912, 3.1833667755126953
1840, -3.081598051590845, 2, 5.309822950002854, 39, 267882, 267882, 0.024327248334884644, 3.1981303691864014
1841, 8.469967331315274, 1, 27.870034786996257, 221, 268103, 268103, 0.027625273913145065, 3.1987438201904297
1842, -2.093784735072404, 2, 8.030769958000747, 61, 268164, 268164, 0.026337694376707077, 3.2220652103424072
1843, -1.7640404159901664, 2, 11.360949438996613, 88, 268252, 268252, 0.027731047943234444, 3.1998414993286133
1844, -3.177905206102878, 2, 6.298073967998789, 47, 268299, 268299, 0.029121655970811844, 3.1912178993225098
1845, 2.9572090809415386, 4, 40.18168794200028, 322, 268621, 268621, 0.02950720675289631, 3.1953060626983643
1846, -4.082573431078345, 2, 4.180202966999786, 30, 268651, 268651, 0.03333980590105057, 3.2097268104553223
1847, 6.90212472435087, 1, 33.58343079599581, 268, 268919, 268919, 0.028429284691810608, 3.206897497177124
1848, -3.913996731280349, 2, 6.453591495002911, 48, 268967, 268967, 0.02899077720940113, 3.1883962154388428
1849, -4.4059308369178325, 2, 10.586442363994138, 82, 269049, 269049, 0.029188530519604683, 3.2014613151550293
1850, 7.005919611474383, 1, 39.50779408600647, 315, 269364, 269364, 0.027733687311410904, 3.203279495239258
1851, 0.3949909880029736, 2, 26.492391886000405, 211, 269575, 269575, 0.027685493230819702, 3.211010456085205
1852, -1.6753958457848057, 2, 11.038257961001364, 85, 269660, 269660, 0.03088241256773472, 3.2005813121795654
1853, -3.929264437058009, 2, 5.56818021700019, 41, 269701, 269701, 0.02824639156460762, 3.2029995918273926
1854, -3.359489971626317, 2, 32.546980147002614, 260, 269961, 269961, 0.027062401175498962, 3.1938412189483643
1855, -0.8113129903176741, 4, 40.061212447995786, 321, 270282, 270282, 0.028320778161287308, 3.210789203643799
1856, -4.295096707995981, 2, 4.238047193997772, 30, 270312, 270312, 0.034077130258083344, 3.2082736492156982
1857, -4.458391601685435, 2, 34.52449259300192, 276, 270588, 270588, 0.029130563139915466, 3.201361656188965
1858, -1.9477423507487401, 2, 7.262077824998414, 55, 270643, 270643, 0.028986435383558273, 3.2232441902160645
1859, -0.880283308273647, 2, 20.840293325003586, 165, 270808, 270808, 0.026119982823729515, 3.204127550125122
1860, -3.79134485963732, 2, 4.212464326999907, 30, 270838, 270838, 0.025196652859449387, 3.2104403972625732
1861, 8.120765650091926, 1, 18.909380229000817, 149, 270987, 270987, 0.02907281555235386, 3.214873790740967
1862, 0.11585712540545501, 2, 23.469532000999607, 186, 271173, 271173, 0.03009033389389515, 3.199784755706787
1863, -3.971832317765802, 2, 4.215623030999268, 30, 271203, 271203, 0.024564336985349655, 3.1764144897460938
1864, 6.547160742804408, 1, 16.47005722999893, 130, 271333, 271333, 0.027983004227280617, 3.202216625213623
1865, -1.3748128871666268, 2, 14.4697873529949, 113, 271446, 271446, 0.028740279376506805, 3.2093214988708496
1866, 3.358642138126015, 4, 40.09560644400335, 321, 271767, 271767, 0.027139898389577866, 3.200770616531372
1867, -4.721429385594092, 2, 4.198104069000692, 30, 271797, 271797, 0.026432907208800316, 3.185452461242676
1868, -1.0934490415966138, 2, 15.05319218600198, 118, 271915, 271915, 0.030183620750904083, 3.198894739151001
1869, -0.6576918530845433, 2, 39.509906298000715, 316, 272231, 272231, 0.02904350496828556, 3.203845977783203
1870, 0.4967745078029111, 2, 39.040943719002826, 311, 272542, 272542, 0.027637861669063568, 3.2023656368255615
1871, 0.05721190002805088, 2, 26.18272677299683, 208, 272750, 272750, 0.028261033818125725, 3.2026612758636475
1872, -0.2171109365299344, 2, 15.967752194999775, 125, 272875, 272875, 0.027328217402100563, 3.196941375732422
1873, 7.529752583723166, 1, 31.540482434000296, 251, 273126, 273126, 0.027505259960889816, 3.1886188983917236
1874, 6.494466048345203, 1, 37.481412811001064, 300, 273426, 273426, 0.027951154857873917, 3.1955275535583496
1875, -0.31645971024408937, 2, 11.723357875001966, 91, 273517, 273517, 0.026760835200548172, 3.180037021636963
1876, -4.633835498258122, 2, 4.226094343001023, 30, 273547, 273547, 0.03147194907069206, 3.158884286880493
1877, -3.7762541802367195, 2, 4.7351026620017365, 34, 273581, 273581, 0.0337282195687294, 3.2164530754089355
1878, -5.161679687444121, 2, 7.949743557001057, 60, 273641, 273641, 0.033883582800626755, 3.182178020477295
1879, -0.6264188296627253, 2, 13.596798563994525, 106, 273747, 273747, 0.025843359529972076, 3.188964366912842
1880, -3.2789606088772416, 2, 7.306492767995223, 55, 273802, 273802, 0.0334269180893898, 3.196007251739502
1881, -0.7459003529511392, 2, 9.753139797001495, 75, 273877, 273877, 0.02855241484940052, 3.175813913345337
1882, 2.720455418966594, 4, 40.10081671700027, 320, 274197, 274197, 0.030958756804466248, 3.195711612701416
1883, 7.480131615360733, 1, 32.543174778998946, 260, 274457, 274457, 0.028889134526252747, 3.19671630859375
1884, -0.3716946670319885, 2, 21.463231911002367, 169, 274626, 274626, 0.02996758744120598, 3.1927390098571777
1885, -4.469074880704284, 2, 4.226839805000054, 30, 274656, 274656, 0.03055419586598873, 3.1878607273101807
1886, 2.6850362304703594, 4, 40.15027793899935, 321, 274977, 274977, 0.030992083251476288, 3.1979238986968994
1887, -1.8789180042222142, 2, 9.179865625003004, 70, 275047, 275047, 0.030417803674936295, 3.199451446533203
1888, -3.5419264985248446, 2, 5.87591787600104, 43, 275090, 275090, 0.031153133139014244, 3.200105905532837
1889, -3.1936367427606456, 2, 30.148501805997512, 239, 275329, 275329, 0.029140420258045197, 3.1984148025512695
1890, -4.396487920312211, 2, 4.220265021001978, 30, 275359, 275359, 0.027739712968468666, 3.178410768508911
1891, -4.022568286163732, 2, 4.214048296002147, 30, 275389, 275389, 0.023646345362067223, 3.2016563415527344
1892, -4.02455532271415, 2, 4.210184171999572, 30, 275419, 275419, 0.03201419115066528, 3.190150022506714
1893, 7.253625126439147, 1, 35.49241623800481, 283, 275702, 275702, 0.028881244361400604, 3.191754102706909
1894, 7.995656129831332, 1, 32.44801513799757, 258, 275960, 275960, 0.029957633465528488, 3.1940696239471436
1895, -2.3171052248217165, 2, 7.370475780997367, 56, 276016, 276016, 0.0311965961009264, 3.1923060417175293
1896, -0.6517784062307328, 2, 11.607595220004441, 90, 276106, 276106, 0.028240421786904335, 3.19547963142395
1897, -3.6330130987334996, 2, 4.834315471001901, 35, 276141, 276141, 0.03156916797161102, 3.2108211517333984
1898, -4.658947237301618, 2, 5.338843141995312, 39, 276180, 276180, 0.029785312712192535, 3.1715898513793945
1899, -1.6649046902311966, 2, 15.747631956997793, 123, 276303, 276303, 0.026449991390109062, 3.181637763977051
1900, -3.3737320893415017, 2, 22.763808136005537, 181, 276484, 276484, 0.02745436131954193, 3.182813882827759
1901, 1.9129215067368932, 4, 40.08747858300194, 321, 276805, 276805, 0.031100327149033546, 3.1846084594726562
1902, -0.4917161663179286, 2, 19.436735748997307, 153, 276958, 276958, 0.026750829070806503, 3.174837112426758
1903, -4.720382451778278, 2, 4.27369626199652, 30, 276988, 276988, 0.02634151466190815, 3.182607889175415
1904, -2.672903882805258, 2, 6.126666607997322, 45, 277033, 277033, 0.027021357789635658, 3.183022975921631
1905, 3.7900618822022807, 4, 40.08392406900384, 321, 277354, 277354, 0.02982378378510475, 3.18774151802063
1906, -1.8941495281178504, 2, 9.522057803995267, 73, 277427, 277427, 0.03074277937412262, 3.1756858825683594
1907, -1.372545997080124, 2, 28.968441293996875, 231, 277658, 277658, 0.030369751155376434, 3.188005208969116
1908, -0.9186186129227281, 2, 11.001041565003106, 85, 277743, 277743, 0.027211152017116547, 3.186307907104492
1909, -4.893424972309731, 2, 4.271755223999207, 30, 277773, 277773, 0.03396909311413765, 3.183905839920044
1910, 7.958253539705765, 1, 21.518343203002587, 170, 277943, 277943, 0.027944186702370644, 3.1951487064361572
1911, 7.4528864700114354, 1, 17.828887041003327, 140, 278083, 278083, 0.029517047107219696, 3.1930110454559326
1912, 3.2012610436067916, 4, 40.179416593004134, 322, 278405, 278405, 0.028846267610788345, 3.1860404014587402
1913, -3.9423643012996763, 2, 4.218641915998887, 30, 278435, 278435, 0.024142954498529434, 3.1911780834198
1914, 1.9822135331341997, 4, 40.11614066900074, 321, 278756, 278756, 0.02968578040599823, 3.1881961822509766
1915, 0.1740399013797287, 2, 26.547963246994186, 211, 278967, 278967, 0.027787456288933754, 3.184475898742676
1916, -2.7160373543738388, 2, 13.045365973994194, 102, 279069, 279069, 0.02913406863808632, 3.189993381500244
1917, -1.1040172991342843, 2, 11.851808983999945, 92, 279161, 279161, 0.030630765482783318, 3.187037706375122
1918, -1.734769210073864, 2, 28.262465368999983, 225, 279386, 279386, 0.02776968665421009, 3.179020643234253
1919, -2.6891584459954174, 2, 11.65483266299998, 90, 279476, 279476, 0.028006982058286667, 3.17718505859375
1920, 2.505270825520711, 4, 40.12991501599754, 320, 279796, 279796, 0.02866220846772194, 3.183016777038574
1921, -3.757333905668929, 2, 5.9658522740064654, 44, 279840, 279840, 0.02656521089375019, 3.194236993789673
1922, -1.226986066554673, 2, 16.28833324200241, 128, 279968, 279968, 0.03144463524222374, 3.179497241973877
1923, -0.7746278181439266, 2, 15.051641389996803, 118, 280086, 280086, 0.03132924810051918, 3.184190034866333
1924, 6.6702535684162285, 1, 26.37993125000503, 209, 280295, 280295, 0.02648881822824478, 3.1787469387054443
1925, -0.4279819753719494, 2, 13.234210719005205, 103, 280398, 280398, 0.028955811634659767, 3.1809985637664795
1926, -3.6302637613844126, 2, 6.441213259997312, 48, 280446, 280446, 0.028840238228440285, 3.18756365776062
1927, -0.8540259744040668, 4, 40.08039400499547, 321, 280767, 280767, 0.029042894020676613, 3.1854782104492188
1928, -3.7232506022555754, 2, 10.158993618999375, 78, 280845, 280845, 0.025166187435388565, 3.1907920837402344
1929, -4.515239484084304, 2, 27.043895337999857, 215, 281060, 281060, 0.02904490754008293, 3.1826391220092773
1930, 2.1734947019140236, 4, 40.16293395399407, 322, 281382, 281382, 0.028934668749570847, 3.186753273010254
1931, -3.430147752398625, 2, 4.2018293630026164, 30, 281412, 281412, 0.024583540856838226, 3.1924338340759277
1932, -4.870479920413345, 2, 4.234006266000506, 30, 281442, 281442, 0.028017712756991386, 3.161975145339966
1933, -3.466658786870539, 2, 8.469425665003655, 64, 281506, 281506, 0.03179403394460678, 3.1803479194641113
1934, -3.8936270624399185, 2, 4.288683382001182, 30, 281536, 281536, 0.03240145742893219, 3.188415765762329
1935, -1.4686752188335959, 2, 32.63717629200255, 260, 281796, 281796, 0.02770453318953514, 3.1779167652130127
1936, -0.6636453499086201, 2, 21.730508237000322, 172, 281968, 281968, 0.02816740609705448, 3.1759731769561768
1937, -3.1650741207413375, 2, 4.335751553997397, 31, 281999, 281999, 0.02298792079091072, 3.173121690750122
1938, -3.3973789436277, 2, 7.342835883995576, 55, 282054, 282054, 0.03649083897471428, 3.164655923843384
1939, 2.8193171459133737, 4, 40.12358229099482, 320, 282374, 282374, 0.027264654636383057, 3.1852455139160156
1940, 3.3313671111900476, 4, 40.06509938700037, 320, 282694, 282694, 0.02955184318125248, 3.179658889770508
1941, 0.1993073840640136, 2, 39.46566465800424, 315, 283009, 283009, 0.029651418328285217, 3.1776366233825684
1942, -5.5347873363643885, 2, 4.212406186001317, 30, 283039, 283039, 0.0297433789819479, 3.1845412254333496
1943, 7.342124922048242, 1, 23.431223490995762, 185, 283224, 283224, 0.028377551585435867, 3.186645746231079
1944, -2.340591305401176, 2, 16.96795665299578, 133, 283357, 283357, 0.030628308653831482, 3.181722402572632
1945, -4.276062904158607, 2, 4.220663637002872, 30, 283387, 283387, 0.02925850823521614, 3.159179210662842
1946, -0.8241613227000926, 2, 22.997298688998853, 182, 283569, 283569, 0.02921222895383835, 3.177894353866577
1947, -2.730694779427722, 2, 6.720318318999489, 50, 283619, 283619, 0.030284546315670013, 3.185908555984497
1948, 7.060210768599063, 1, 16.53023127999768, 130, 283749, 283749, 0.031164221465587616, 3.18210506439209
1949, -1.5753889420884661, 2, 31.900979919999372, 254, 284003, 284003, 0.027857182547450066, 3.1896069049835205
1950, 3.378053874868783, 4, 40.16910497000208, 321, 284324, 284324, 0.028664348646998405, 3.183832883834839
1951, -2.971510618692264, 2, 7.325027876002423, 55, 284379, 284379, 0.02924741990864277, 3.175199031829834
1952, 6.442448691872414, 1, 28.4643068209989, 225, 284604, 284604, 0.026913611218333244, 3.1720597743988037
1953, -3.5548924307804555, 2, 6.231108485000732, 46, 284650, 284650, 0.03348073363304138, 3.1719019412994385
1954, -1.5102329909495893, 4, 40.17586482999468, 321, 284971, 284971, 0.029326708987355232, 3.183375358581543
1955, -3.162957933265716, 2, 4.583337328003836, 33, 285004, 285004, 0.03152402862906456, 3.1934280395507812
1956, 8.411621625142288, 1, 31.359353168998496, 249, 285253, 285253, 0.02847115322947502, 3.1821999549865723
1957, -4.332863230491057, 2, 4.245625399002165, 30, 285283, 285283, 0.02474643848836422, 3.175057888031006
1958, 0.22563683667976875, 2, 36.26261970100313, 289, 285572, 285572, 0.030332688242197037, 3.1830289363861084
1959, -0.3333323751503485, 2, 32.916531531001965, 262, 285834, 285834, 0.028238488361239433, 3.1818628311157227
1960, -0.5322070576949045, 2, 16.712471587001346, 131, 285965, 285965, 0.029154127463698387, 3.188985824584961
1961, 3.826923636093852, 4, 40.17398939600389, 321, 286286, 286286, 0.029165402054786682, 3.175687789916992
1962, -1.4163513570820214, 2, 28.17305153599591, 224, 286510, 286510, 0.028473934158682823, 3.1779863834381104
1963, 0.46607770360060385, 2, 32.452974881001865, 258, 286768, 286768, 0.028444379568099976, 3.184659719467163
1964, -0.35921798419440165, 2, 24.595210408995626, 195, 286963, 286963, 0.029085995629429817, 3.185482978820801
1965, -3.8634067128878087, 2, 12.942207298998255, 101, 287064, 287064, 0.027640484273433685, 3.1884169578552246
1966, -4.450803622545209, 2, 6.876094198996725, 51, 287115, 287115, 0.02892298996448517, 3.189438819885254
1967, -5.117831387469778, 2, 13.312556452001445, 104, 287219, 287219, 0.028677573427557945, 3.1818017959594727
1968, -2.560715334431734, 2, 24.935354778994224, 198, 287417, 287417, 0.027499807998538017, 3.1794872283935547
1969, -0.30503859266173095, 2, 15.93644137600495, 124, 287541, 287541, 0.029077421873807907, 3.1744236946105957
1970, -4.885088011738844, 2, 4.385262093004712, 31, 287572, 287572, 0.030928123742341995, 3.190549612045288
1971, 0.554831641009514, 2, 30.360967321998032, 241, 287813, 287813, 0.028819650411605835, 3.178495168685913
1972, 0.4056958028777444, 4, 40.12897170200449, 321, 288134, 288134, 0.028271745890378952, 3.1784260272979736
1973, -3.9868433986557648, 2, 4.239209966995986, 30, 288164, 288164, 0.025469688698649406, 3.168788194656372
1974, -3.46898209315259, 2, 4.503103929004283, 32, 288196, 288196, 0.03022974729537964, 3.18947172164917
1975, -0.5607119352480368, 2, 33.456495371996425, 267, 288463, 288463, 0.029004989191889763, 3.170443296432495
1976, -1.6718692291833577, 2, 20.2727795269966, 160, 288623, 288623, 0.02836410142481327, 3.191603183746338
1977, -3.9434332316741347, 2, 4.20419930999924, 30, 288653, 288653, 0.03297766298055649, 3.2027459144592285
1978, -3.322801252361387, 2, 5.751052161002008, 42, 288695, 288695, 0.026767965406179428, 3.185286045074463
1979, -0.1681439059029799, 4, 40.1629821020033, 321, 289016, 289016, 0.029081882908940315, 3.1723358631134033
1980, -0.3796434896066785, 2, 14.922791628996492, 117, 289133, 289133, 0.031370874494314194, 3.175524950027466
1981, 8.232559946503898, 1, 23.608499557005416, 186, 289319, 289319, 0.026735205203294754, 3.187161684036255
1982, -4.319024263648316, 2, 4.200425985000038, 30, 289349, 289349, 0.028620552271604538, 3.1775431632995605
1983, -3.710245911264792, 2, 11.854106469996623, 92, 289441, 289441, 0.03219597786664963, 3.1662893295288086
1984, -1.1839649544854183, 2, 32.969755145997624, 263, 289704, 289704, 0.02993548847734928, 3.173142433166504
1985, -0.8265647172520403, 4, 40.12631700199563, 321, 290025, 290025, 0.03028864599764347, 3.183443069458008
1986, 1.8899842993123457, 4, 40.06562796000071, 320, 290345, 290345, 0.030087467283010483, 3.184542655944824
1987, -3.725918193347752, 2, 4.249925517004158, 30, 290375, 290375, 0.0301505234092474, 3.1793336868286133
1988, -2.377834584680386, 2, 15.501343991003523, 121, 290496, 290496, 0.02707807905972004, 3.178086519241333
1989, -3.985315866419114, 2, 4.27585408899904, 30, 290526, 290526, 0.02690122276544571, 3.2031331062316895
1990, 1.2142720767360515, 4, 40.161142489996564, 321, 290847, 290847, 0.029102938249707222, 3.1794028282165527
1991, -1.4227336135227233, 2, 21.06202645799931, 166, 291013, 291013, 0.027972646057605743, 3.180116653442383
1992, -5.780136179411784, 2, 21.23283586600155, 168, 291181, 291181, 0.029100466519594193, 3.178926706314087
1993, 1.9842321275209542, 4, 40.1317127479997, 320, 291501, 291501, 0.028091484680771828, 3.1823551654815674
1994, -0.4556297982344404, 2, 13.431804369996826, 104, 291605, 291605, 0.03165537863969803, 3.176604747772217
1995, -3.099197936244309, 2, 5.561084100998414, 41, 291646, 291646, 0.028963536024093628, 3.174853801727295
1996, -4.71230688970536, 2, 4.222490195999853, 30, 291676, 291676, 0.03260769695043564, 3.1811177730560303
1997, -3.9324262803420424, 2, 11.897674058003759, 92, 291768, 291768, 0.02737060748040676, 3.1892457008361816
1998, 7.191227172603249, 1, 32.51080705899949, 259, 292027, 292027, 0.03169112652540207, 3.173487901687622
1999, -3.4521741999706137, 2, 18.157881610000913, 143, 292170, 292170, 0.027715768665075302, 3.18487286567688
2000, -2.4213563571684062, 4, 40.15115901399986, 322, 292492, 292492, 0.028706511482596397, 3.1888105869293213
2001, 7.59859525293723, 1, 24.0094052669956, 190, 292682, 292682, 0.029229754582047462, 3.1871912479400635
2002, -2.6030364567413926, 2, 20.15316235100181, 159, 292841, 292841, 0.03206603601574898, 3.16776180267334
2003, 2.7998466988265136, 4, 40.16492862200539, 321, 293162, 293162, 0.029991429299116135, 3.1743340492248535
2004, -0.3146827077725902, 2, 17.891183030995307, 141, 293303, 293303, 0.028913244605064392, 3.1764607429504395
2005, 8.70144763076678, 1, 28.38452595599665, 225, 293528, 293528, 0.029878631234169006, 3.167595386505127
2006, -4.736049665836617, 2, 4.479613624003832, 32, 293560, 293560, 0.02796301618218422, 3.184028148651123
2007, 6.81929320684867, 1, 20.553614860997186, 162, 293722, 293722, 0.027910282835364342, 3.1936676502227783
2008, 7.394045895431191, 1, 24.421025587995246, 193, 293915, 293915, 0.028600094839930534, 3.179305076599121
2009, 0.031698944279924035, 2, 30.307558747997973, 241, 294156, 294156, 0.028053922578692436, 3.17569637298584
2010, -4.526799461105838, 2, 4.187336986004084, 30, 294186, 294186, 0.03333539888262749, 3.180842638015747
2011, -5.437587944790721, 2, 4.214512067999749, 30, 294216, 294216, 0.03076951764523983, 3.187835931777954
2012, -2.405917490250431, 2, 30.037151292999624, 239, 294455, 294455, 0.028022918850183487, 3.1771841049194336
2013, 2.7132116974244127, 4, 40.10223655799928, 319, 294774, 294774, 0.03088819794356823, 3.1741762161254883
2014, -3.335145442310022, 2, 9.821278242998233, 75, 294849, 294849, 0.027426399290561676, 3.167574644088745
2015, -5.158389458869351, 2, 29.97137010000006, 239, 295088, 295088, 0.02854236215353012, 3.191307306289673
2016, -4.2472601210465655, 2, 4.741200044001744, 34, 295122, 295122, 0.02713986299932003, 3.194131851196289
2017, -4.797155944776023, 2, 19.240156427003967, 151, 295273, 295273, 0.030921541154384613, 3.183580160140991
2018, -1.8971412241226062, 2, 10.706982092000544, 82, 295355, 295355, 0.028582900762557983, 3.1719179153442383
2019, 0.2385947306829621, 2, 27.90001896100148, 222, 295577, 295577, 0.02802416868507862, 3.1812148094177246
2020, 7.917933391658153, 1, 31.452133498001785, 250, 295827, 295827, 0.02850591205060482, 3.1766207218170166
2021, -3.554733264259994, 2, 5.697075860000041, 42, 295869, 295869, 0.025601159781217575, 3.1890480518341064
2022, 0.3664419872986855, 2, 27.7391344380012, 220, 296089, 296089, 0.031260937452316284, 3.1749749183654785
2023, 7.450485360110179, 1, 18.465679204004118, 145, 296234, 296234, 0.03405627980828285, 3.1783318519592285
2024, -1.73151647971099, 2, 19.619811671000207, 154, 296388, 296388, 0.030805962160229683, 3.1759860515594482
2025, -2.1088363600429147, 2, 9.470135734998621, 72, 296460, 296460, 0.02812713384628296, 3.1908957958221436
2026, -2.7671709841815755, 2, 10.288252031998127, 79, 296539, 296539, 0.02470318228006363, 3.1758499145507812
2027, 3.3161261960922275, 4, 40.10178010399977, 320, 296859, 296859, 0.02995290793478489, 3.175611972808838
2028, -4.664011441636831, 2, 4.2422904089980875, 30, 296889, 296889, 0.03118046000599861, 3.153298854827881
2029, 1.7480649998324225, 4, 40.06713526100066, 320, 297209, 297209, 0.02820589579641819, 3.165091037750244
2030, -1.4976959898194764, 2, 12.154840888993931, 94, 297303, 297303, 0.029008900746703148, 3.1713905334472656
2031, -2.6216983762569726, 2, 5.723786793001636, 42, 297345, 297345, 0.029648825526237488, 3.1739466190338135
2032, -2.9166641386109404, 2, 8.262736404001771, 62, 297407, 297407, 0.02930106408894062, 3.176117181777954
2033, -1.5026771158445626, 2, 19.56464188300015, 154, 297561, 297561, 0.028050698339939117, 3.1770784854888916
2034, 0.34366242549731396, 2, 36.14224027199816, 288, 297849, 297849, 0.028904007747769356, 3.18027925491333
2035, -1.453734037000686, 2, 7.3360840899986215, 55, 297904, 297904, 0.02540884166955948, 3.1714866161346436
2036, -4.346685239113867, 2, 4.344684859002882, 31, 297935, 297935, 0.027223903685808182, 3.1856892108917236
2037, -1.9278152007609606, 2, 11.042818852001801, 85, 298020, 298020, 0.028166277334094048, 3.180089235305786
2038, 4.355035145097645, 4, 40.07471815199824, 319, 298339, 298339, 0.029951268807053566, 3.186613082885742
2039, -2.817848249920644, 2, 5.594331088999752, 41, 298380, 298380, 0.03076615184545517, 3.1739349365234375
2040, 6.780993648268463, 1, 38.49243192499853, 307, 298687, 298687, 0.02955041639506817, 3.1795215606689453
2041, -2.681988424155861, 2, 10.66668070400192, 82, 298769, 298769, 0.02883758768439293, 3.155946731567383
2042, -1.0673911397689153, 2, 33.39938990399969, 266, 299035, 299035, 0.02970907650887966, 3.176243305206299
2043, -0.46166935423389077, 2, 24.327123754999775, 192, 299227, 299227, 0.02706102468073368, 3.1805403232574463
2044, -4.106674216454849, 2, 4.714232977996289, 34, 299261, 299261, 0.03118126094341278, 3.172837972640991
2045, -4.5780176285188645, 2, 4.232839716001763, 30, 299291, 299291, 0.028824646025896072, 3.168549060821533
2046, 7.154806874012138, 1, 34.46725972100103, 275, 299566, 299566, 0.031522613018751144, 3.1809146404266357
2047, -3.923804479651153, 2, 9.974901667002996, 77, 299643, 299643, 0.030291935428977013, 3.1668527126312256
2048, 1.9342412068144768, 4, 40.06526895600109, 320, 299963, 299963, 0.030283888801932335, 3.176025390625
2049, -4.071215635398403, 2, 4.213331283994194, 30, 299993, 299993, 0.03472900390625, 3.2058563232421875
2050, 1.103826067992486, 2, 20.22963078799512, 159, 300152, 300152, 0.029840311035513878, 3.1719484329223633
2051, 8.484333013242576, 1, 20.4893632050007, 161, 300313, 300313, 0.0287775881588459, 3.1657676696777344
2052, -1.1004865104259807, 2, 12.458293495001271, 96, 300409, 300409, 0.03009302355349064, 3.1578142642974854
2053, -1.8069525874452665, 2, 13.951643109001452, 108, 300517, 300517, 0.030062485486268997, 3.1710119247436523
2054, -1.666661882889457, 2, 9.455062432003615, 72, 300589, 300589, 0.031633708626031876, 3.167750835418701
2055, 1.3869705776451156, 4, 40.08424616300181, 320, 300909, 300909, 0.030260369181632996, 3.164163112640381
2056, -4.0270707954332465, 2, 14.747541166005249, 115, 301024, 301024, 0.029313595965504646, 3.1820175647735596
2057, 8.275995178730227, 1, 21.431197457000962, 169, 301193, 301193, 0.030020564794540405, 3.1677913665771484
2058, -4.1994062189769465, 2, 21.136684393000905, 166, 301359, 301359, 0.030587784945964813, 3.182912826538086
2059, -2.723555772099644, 2, 10.942247582999698, 84, 301443, 301443, 0.02960187755525112, 3.1704163551330566
2060, -4.642808237113059, 2, 4.213543789999676, 30, 301473, 301473, 0.023281283676624298, 3.1454880237579346
2061, -3.2534779187990353, 2, 9.807733346002351, 75, 301548, 301548, 0.026621541008353233, 3.1867728233337402
2062, -3.881373902084306, 2, 4.837451979001344, 35, 301583, 301583, 0.025106703862547874, 3.1679813861846924
2063, -4.808209216338582, 2, 4.329603664999013, 31, 301614, 301614, 0.025731375440955162, 3.1626453399658203
2064, -1.621961768854817, 2, 19.06241645800037, 150, 301764, 301764, 0.029927320778369904, 3.171206474304199
2065, 8.345317531580804, 1, 29.367489793999994, 233, 301997, 301997, 0.028615765273571014, 3.1642398834228516
2066, 7.653680273564532, 1, 22.455094238997845, 177, 302174, 302174, 0.030251648277044296, 3.170471429824829
2067, -1.1213888703132397, 2, 34.57095212599961, 274, 302448, 302448, 0.030720137059688568, 3.162999153137207
2068, -4.8018218241631985, 2, 4.27117184799863, 30, 302478, 302478, 0.02777525968849659, 3.176252603530884
2069, 2.8094488367460144, 4, 40.13157616800163, 320, 302798, 302798, 0.02940286323428154, 3.166707754135132
2070, -3.420270687318407, 2, 5.250513985003636, 38, 302836, 302836, 0.03166063129901886, 3.1626944541931152
2071, -2.687983795403852, 2, 18.96959180400154, 149, 302985, 302985, 0.029722312465310097, 3.1714229583740234
2072, -3.70048351760488, 2, 8.697657065997191, 66, 303051, 303051, 0.03292571380734444, 3.1738393306732178
2073, -3.815429608715931, 2, 26.948857373005012, 214, 303265, 303265, 0.03138435259461403, 3.165679693222046
2074, -0.8006395206903107, 2, 27.0438652580051, 214, 303479, 303479, 0.02997232787311077, 3.1772711277008057
2075, 2.728047467615397, 4, 40.16493005400116, 320, 303799, 303799, 0.02882281504571438, 3.16550612449646
2076, -2.4284055817406625, 2, 8.049615855998127, 61, 303860, 303860, 0.029366781935095787, 3.1635994911193848
2077, -4.372630710247904, 2, 6.912198912999884, 52, 303912, 303912, 0.029048141092061996, 3.153663158416748
2078, -1.0575520971397054, 2, 34.983294692996424, 278, 304190, 304190, 0.028454072773456573, 3.1846423149108887
2079, -4.6524022503290325, 2, 4.244083026998851, 30, 304220, 304220, 0.030433770269155502, 3.180798053741455
2080, -3.7262397297890857, 2, 4.219897759001469, 30, 304250, 304250, 0.023690441623330116, 3.1896958351135254
2081, -2.2924389720428735, 2, 10.921872630002326, 84, 304334, 304334, 0.029126819223165512, 3.1750717163085938
2082, -4.717266642255709, 2, 4.22786061300576, 30, 304364, 304364, 0.03623677045106888, 3.1600096225738525
2083, -1.7274767766648438, 2, 11.566672237000603, 89, 304453, 304453, 0.02562008798122406, 3.162463903427124
2084, -0.48661922838073224, 2, 16.592667780998454, 130, 304583, 304583, 0.031252339482307434, 3.1663355827331543
2085, -3.4218152393586934, 2, 7.24070765000215, 54, 304637, 304637, 0.02881275676190853, 3.1345021724700928
2086, 0.11879419512115419, 2, 19.516107456998725, 153, 304790, 304790, 0.030445005744695663, 3.167757511138916
2087, 2.434163406800508, 4, 40.17701110900089, 320, 305110, 305110, 0.030029475688934326, 3.157649278640747
2088, -0.427869206527248, 2, 16.115875174000394, 126, 305236, 305236, 0.029739713296294212, 3.1758875846862793
2089, -3.972887139301747, 2, 4.334816153001157, 31, 305267, 305267, 0.03171354904770851, 3.186631679534912
2090, 4.718434101496541, 4, 40.175629672005016, 320, 305587, 305587, 0.030372196808457375, 3.175537347793579
2091, -5.929508498113137, 2, 26.044801026997447, 207, 305794, 305794, 0.028646964579820633, 3.1646084785461426
2092, -0.47985177079681307, 2, 18.347643357999914, 144, 305938, 305938, 0.031198492273688316, 3.174738883972168
2093, -1.2494535011937842, 2, 12.058661896997364, 93, 306031, 306031, 0.026536177843809128, 3.1797518730163574
2094, -3.579647088467027, 2, 16.72614269999758, 131, 306162, 306162, 0.02779367007315159, 3.1641275882720947
2095, 8.498918997906003, 1, 25.461511850000534, 201, 306363, 306363, 0.03023165464401245, 3.1641910076141357
2096, -0.035475864162435755, 2, 29.734306692000246, 235, 306598, 306598, 0.029191752895712852, 3.168705940246582
2097, -2.693762250011787, 2, 5.624121626999113, 41, 306639, 306639, 0.03149094432592392, 3.1819815635681152
2098, -2.453433177062834, 2, 12.100964484001452, 93, 306732, 306732, 0.028762856498360634, 3.1520838737487793
2099, -1.3932779360329732, 2, 6.45487315900391, 48, 306780, 306780, 0.027905108407139778, 3.173398733139038
2100, 1.6549478328288387, 4, 40.05889921000198, 319, 307099, 307099, 0.02816983312368393, 3.1608874797821045
2101, 2.8585972299042623, 4, 40.09680544099683, 320, 307419, 307419, 0.031877659261226654, 3.164233684539795
2102, -1.7438728911802173, 2, 12.865690933002043, 100, 307519, 307519, 0.033355627208948135, 3.1572461128234863
2103, 7.326568496348045, 1, 25.486148151001544, 201, 307720, 307720, 0.027987873181700706, 3.170708656311035
2104, -3.705009402416181, 2, 24.869618779004668, 197, 307917, 307917, 0.030426841229200363, 3.154463529586792
2105, 4.112675286567537, 4, 40.090694717997394, 319, 308236, 308236, 0.030470125377178192, 3.169672966003418
2106, -5.207182015758008, 2, 4.311469978005334, 30, 308266, 308266, 0.03265662491321564, 3.1812949180603027
2107, -5.486883483128622, 2, 24.10305813299783, 191, 308457, 308457, 0.02778623253107071, 3.1745035648345947
2108, -3.780365535058081, 2, 7.541199728999345, 57, 308514, 308514, 0.029362967237830162, 3.161012649536133
2109, -0.6337828410905786, 2, 24.373276944999816, 193, 308707, 308707, 0.031085485592484474, 3.1587185859680176
2110, -2.8949258466018364, 2, 15.763168412995583, 123, 308830, 308830, 0.029677655547857285, 3.158008098602295
2111, -2.448826847365126, 2, 7.988387974000943, 60, 308890, 308890, 0.029508547857403755, 3.1596386432647705
2112, 0.05177009105500474, 2, 27.916447304996836, 221, 309111, 309111, 0.02863757498562336, 3.15940523147583
2113, -3.0943314512551297, 2, 34.36666672300635, 274, 309385, 309385, 0.029828432947397232, 3.1663808822631836
2114, -1.0433891053689877, 2, 16.937473960002535, 132, 309517, 309517, 0.03044101409614086, 3.165334701538086
2115, 1.9647553744871402, 4, 40.11994814699574, 319, 309836, 309836, 0.03186227008700371, 3.1660497188568115
2116, -0.10457363464229275, 2, 22.103917646003538, 174, 310010, 310010, 0.029746420681476593, 3.1624128818511963
2117, -1.5086034038395155, 2, 18.464159054004995, 144, 310154, 310154, 0.027555275708436966, 3.1703555583953857
2118, -5.482166925445199, 2, 4.230755492004391, 30, 310184, 310184, 0.03116132691502571, 3.155160427093506
2119, -3.284294400596991, 2, 9.051542963999964, 69, 310253, 310253, 0.028022902086377144, 3.16495418548584
2120, 7.611092834325973, 1, 28.41848340800061, 221, 310474, 310474, 0.02731700800359249, 3.1642355918884277
2121, -2.519978303113021, 2, 7.627706076993491, 57, 310531, 310531, 0.03104509972035885, 3.1506364345550537
2122, -2.4072890434763394, 2, 19.791122522001388, 155, 310686, 310686, 0.027715196833014488, 3.1653966903686523
2123, 2.6673987718386343, 4, 40.05003004000173, 319, 311005, 311005, 0.027678880840539932, 3.1623613834381104
2124, -4.286316628400527, 2, 39.18571326300298, 313, 311318, 311318, 0.028540419414639473, 3.159057140350342
2125, 2.6837919496610994, 4, 40.1536221780043, 320, 311638, 311638, 0.02934129536151886, 3.16693377494812
2126, 7.297299826488597, 1, 33.41261732199928, 264, 311902, 311902, 0.028575051575899124, 3.1653947830200195
2127, -1.4160051656654105, 4, 40.09141979999549, 320, 312222, 312222, 0.027646005153656006, 3.166846990585327
2128, 0.07705890997385723, 2, 27.862899804000335, 220, 312442, 312442, 0.027337171137332916, 3.1663336753845215
2129, -2.6680044361855835, 2, 5.945525767005165, 44, 312486, 312486, 0.02547137811779976, 3.1674954891204834
2130, 8.004071683506481, 1, 24.451355568999134, 193, 312679, 312679, 0.032193731516599655, 3.1660661697387695
2131, 8.04457105009351, 1, 25.32259035899915, 200, 312879, 312879, 0.02824407070875168, 3.16636323928833
2132, -0.014996841084212065, 2, 26.464354081996134, 209, 313088, 313088, 0.0332137756049633, 3.1638081073760986
2133, -2.27783046499826, 2, 7.000333795003826, 52, 313140, 313140, 0.03068813681602478, 3.1691107749938965
2134, 1.9877044667191512, 4, 40.11602604799555, 320, 313460, 313460, 0.029983049258589745, 3.1662118434906006
2135, -4.651831413852051, 2, 4.261813781995443, 30, 313490, 313490, 0.03540417179465294, 3.1742212772369385
2136, -3.732761885446962, 2, 5.366013550999924, 39, 313529, 313529, 0.037689030170440674, 3.1655163764953613
2137, -0.8207349893637002, 2, 13.313132486997347, 103, 313632, 313632, 0.029289275407791138, 3.159456491470337
2138, -4.00384136242792, 2, 4.2802361130015925, 30, 313662, 313662, 0.0280610378831625, 3.1192522048950195
2139, -4.097807863960043, 2, 4.215032836000319, 30, 313692, 313692, 0.0300387442111969, 3.15631365776062
2140, -3.7530490001663566, 2, 5.769825982002658, 42, 313734, 313734, 0.026278749108314514, 3.138373613357544
2141, -2.8520728460280225, 2, 10.341437864997715, 79, 313813, 313813, 0.030636124312877655, 3.170328378677368
2142, 3.226293623331003, 4, 40.1540164820035, 319, 314132, 314132, 0.030416419729590416, 3.161289691925049
2143, 1.061708213062957, 4, 40.09254891300225, 321, 314453, 314453, 0.03006158582866192, 3.1628880500793457
2144, -1.1638873302581487, 2, 22.96752094200201, 181, 314634, 314634, 0.029128188267350197, 3.160207509994507
2145, -0.1521114569331985, 2, 20.523894772995845, 161, 314795, 314795, 0.031146204099059105, 3.15879487991333
2146, -1.5638219547618064, 2, 15.10775394099619, 118, 314913, 314913, 0.02863112837076187, 3.1610043048858643
2147, -4.290790579048917, 2, 4.248748446996615, 30, 314943, 314943, 0.025601403787732124, 3.1664817333221436
2148, 7.219237122233608, 1, 27.49956239700259, 217, 315160, 315160, 0.029185663908720016, 3.167868137359619
2149, -3.7803812632337213, 2, 4.231844021000143, 30, 315190, 315190, 0.031915225088596344, 3.165900707244873
2150, -4.919384954147972, 2, 28.06368262400065, 223, 315413, 315413, 0.03169582039117813, 3.1646857261657715
2151, -4.957216226495802, 2, 4.215373010003532, 30, 315443, 315443, 0.030048122629523277, 3.160851001739502
2152, -1.761400604620576, 2, 10.241005529001995, 79, 315522, 315522, 0.026865297928452492, 3.1550371646881104
2153, 8.176830089534633, 1, 39.41773937599646, 314, 315836, 315836, 0.03096918761730194, 3.168569326400757
2154, 1.8845422363374382, 1, 4.263189224002417, 30, 315866, 315866, 0.03086726740002632, 3.1555254459381104
2155, 2.152460143006465, 4, 40.15556345900404, 320, 316186, 316186, 0.030544836074113846, 3.1553728580474854
2156, 3.243553741282085, 4, 40.113687958997616, 319, 316505, 316505, 0.029142256826162338, 3.155675172805786
2157, -1.7676937017095042, 2, 23.864512463995197, 189, 316694, 316694, 0.03187573701143265, 3.164785861968994
2158, -0.2063427796238102, 2, 29.5673413800032, 233, 316927, 316927, 0.029046019539237022, 3.153801441192627
2159, 3.7648205961595522, 4, 40.13979901499988, 319, 317246, 317246, 0.028437046334147453, 3.16473126411438
2160, 3.039538046490634, 4, 40.09435716600274, 319, 317565, 317565, 0.030759718269109726, 3.1574418544769287
2161, -2.1241575805470347, 2, 26.05194859200128, 206, 317771, 317771, 0.030412284657359123, 3.1584811210632324
2162, -4.183832990238443, 2, 4.260823809003341, 30, 317801, 317801, 0.027885207906365395, 3.152996063232422
2163, -4.855483566003386, 2, 4.281752678005432, 30, 317831, 317831, 0.02946324460208416, 3.172987937927246
2164, -0.33610372769180685, 2, 20.219001340999966, 159, 317990, 317990, 0.031511638313531876, 3.1626393795013428
2165, -2.768174847587943, 2, 9.592662508999638, 73, 318063, 318063, 0.033667005598545074, 3.1588456630706787
2166, -3.3210145554039627, 2, 4.3624365360010415, 31, 318094, 318094, 0.02502962201833725, 3.1646246910095215
2167, -0.4640406687394716, 2, 15.153650150998146, 118, 318212, 318212, 0.02945695072412491, 3.1611287593841553
2168, -1.028706501083434, 2, 18.728698447004717, 147, 318359, 318359, 0.029869385063648224, 3.1699376106262207
2169, -3.0203416004078463, 2, 11.437056830000074, 87, 318446, 318446, 0.027800867334008217, 3.156466007232666
2170, -5.693034613505006, 2, 4.224790744003258, 30, 318476, 318476, 0.02931075170636177, 3.154637098312378
2171, 6.691680541087408, 1, 24.2184946999987, 191, 318667, 318667, 0.03042326681315899, 3.1603903770446777
2172, -0.3764843042808934, 2, 34.69138733999716, 275, 318942, 318942, 0.028294503688812256, 3.1641597747802734
2173, -1.9882354288129136, 2, 20.21660162500484, 159, 319101, 319101, 0.028708890080451965, 3.1595990657806396
2174, -4.774303944315761, 2, 4.214831808996678, 30, 319131, 319131, 0.025709550827741623, 3.173778533935547
2175, -1.2165491830091923, 2, 23.29798895499698, 183, 319314, 319314, 0.02834080345928669, 3.166346788406372
2176, -1.9135346182592912, 2, 19.768978983003763, 155, 319469, 319469, 0.029269279912114143, 3.167513608932495
2177, 8.117567668814445, 1, 36.54907320000348, 290, 319759, 319759, 0.029529854655265808, 3.1532113552093506
2178, -0.8840649303165264, 2, 17.37205066200113, 136, 319895, 319895, 0.028439944609999657, 3.169233798980713
2179, -1.3809570265002549, 2, 10.996983665005246, 84, 319979, 319979, 0.029961053282022476, 3.1699163913726807
2180, 2.900228142985725, 4, 40.11208807199728, 318, 320297, 320297, 0.030405329540371895, 3.1497299671173096
2181, 6.967233044284512, 1, 27.233115440998517, 216, 320513, 320513, 0.029620256274938583, 3.162644624710083
2182, -1.2793547664768994, 2, 11.541980551999586, 89, 320602, 320602, 0.030790671706199646, 3.151726484298706
2183, -5.123126053949818, 2, 4.984715793994837, 36, 320638, 320638, 0.024753879755735397, 3.1828906536102295
2184, 3.2092827423475683, 4, 40.063788605999434, 319, 320957, 320957, 0.030332451686263084, 3.1568095684051514
2185, -3.0555702183628455, 2, 5.153216279999469, 37, 320994, 320994, 0.03037666343152523, 3.1475331783294678
2186, 7.05645795550663, 1, 27.464315558005183, 217, 321211, 321211, 0.03095017559826374, 3.1564230918884277
2187, 0.43350544571876526, 4, 40.17536951800139, 321, 321532, 321532, 0.029719192534685135, 3.1481761932373047
2188, -1.4792924087123538, 2, 29.48814759800007, 233, 321765, 321765, 0.03213229030370712, 3.1595089435577393
2189, -1.7053802993614227, 2, 16.160071841994068, 126, 321891, 321891, 0.026998775079846382, 3.160827159881592
2190, -1.3198108397482429, 2, 31.264080312997976, 248, 322139, 322139, 0.03018130175769329, 3.152583360671997
2191, -1.7568309952039272, 2, 12.028060092998203, 93, 322232, 322232, 0.027527498081326485, 3.1449882984161377
2192, -3.164302051300183, 2, 5.978194071001781, 44, 322276, 322276, 0.03197026997804642, 3.1473143100738525
2193, -0.7583359570708126, 2, 20.71345161699719, 163, 322439, 322439, 0.031586624681949615, 3.160921573638916
2194, -4.185360782314092, 2, 4.20666269800131, 30, 322469, 322469, 0.028717953711748123, 3.150580883026123
2195, 7.496405369871354, 1, 28.42824980900332, 225, 322694, 322694, 0.028147326782345772, 3.1556971073150635
2196, -3.988214350771159, 2, 4.791484836001473, 34, 322728, 322728, 0.038234300911426544, 3.140580892562866
2197, -5.735048422589898, 2, 4.241655120997166, 30, 322758, 322758, 0.029202643781900406, 3.1604788303375244
2198, -5.695309356786311, 2, 4.238728372998594, 30, 322788, 322788, 0.029040474444627762, 3.1690938472747803
2199, -1.3171548176906072, 2, 33.822034619995975, 269, 323057, 323057, 0.028960606083273888, 3.1521997451782227
2200, -0.007186767645180225, 2, 15.131299339001998, 117, 323174, 323174, 0.02989966794848442, 3.148470163345337
2201, 7.518568775383756, 1, 31.018252229005157, 245, 323419, 323419, 0.0294292364269495, 3.16294264793396
2202, -3.2543076194706373, 2, 28.81198799899721, 228, 323647, 323647, 0.02975114807486534, 3.156651735305786
2203, -0.9304042370058596, 2, 14.723590585999773, 114, 323761, 323761, 0.029538219794631004, 3.1578996181488037
2204, -3.7912474448094144, 2, 6.582734477000486, 49, 323810, 323810, 0.031214959919452667, 3.1819710731506348
2205, -0.8184050614217995, 2, 23.65743583499716, 187, 323997, 323997, 0.028413884341716766, 3.150777816772461
2206, -0.7154431885883241, 2, 30.97713841600489, 245, 324242, 324242, 0.028987392783164978, 3.154412031173706
2207, -0.865793367207516, 2, 12.975826476998918, 100, 324342, 324342, 0.02916611358523369, 3.171757698059082
2208, 1.242748004195164, 4, 40.17777472399757, 320, 324662, 324662, 0.02916756272315979, 3.1504666805267334
2209, 6.801039719750406, 1, 32.45219457600615, 256, 324918, 324918, 0.031153790652751923, 3.151944398880005
2210, -2.5398704920662567, 2, 10.782887552006287, 83, 325001, 325001, 0.02705094963312149, 3.1408684253692627
2211, -0.8022731360979378, 2, 37.48125991300185, 299, 325300, 325300, 0.029087522998452187, 3.1599509716033936
2212, -0.7024979995803733, 2, 21.79935980799928, 171, 325471, 325471, 0.0301387719810009, 3.1574835777282715
2213, 7.912118709733477, 1, 32.42575981099799, 257, 325728, 325728, 0.030936086550354958, 3.1626908779144287
2214, 1.6673398904094938, 4, 40.12034698500065, 319, 326047, 326047, 0.03020046465098858, 3.15657377243042
2215, -3.339249401120469, 2, 5.746012356998108, 42, 326089, 326089, 0.030162382870912552, 3.1699349880218506
2216, -5.262847776524723, 2, 4.2982824979990255, 30, 326119, 326119, 0.03161558881402016, 3.1791391372680664
2217, -3.1985952792456374, 2, 24.70031361499423, 195, 326314, 326314, 0.028106315061450005, 3.1470766067504883
2218, -2.1482018099632114, 2, 11.139980530002504, 85, 326399, 326399, 0.027776701375842094, 3.1588242053985596
2219, 7.883682522224262, 1, 18.528412409999873, 145, 326544, 326544, 0.03079235553741455, 3.145970106124878
2220, 1.4589208845281973, 2, 34.21443770699989, 272, 326816, 326816, 0.027454085648059845, 3.143958568572998
2221, -1.7092665049694915, 2, 30.371234863996506, 240, 327056, 327056, 0.028972987085580826, 3.15934419631958
2222, -1.7321990091586486, 2, 15.612308788004157, 122, 327178, 327178, 0.030442001298069954, 3.1577491760253906
2223, -5.183195534511469, 2, 4.21378321100201, 30, 327208, 327208, 0.025147294625639915, 3.148811101913452
2224, -2.104190237005241, 2, 10.360292869001569, 79, 327287, 327287, 0.032890647649765015, 3.1686699390411377
2225, -4.18656778789591, 2, 14.327295670998865, 112, 327399, 327399, 0.0301774013787508, 3.1553704738616943
2226, -1.3585483138158452, 2, 12.05240026100364, 93, 327492, 327492, 0.028906146064400673, 3.1451964378356934
2227, 2.6062209282958975, 4, 40.087707478000084, 318, 327810, 327810, 0.031081685796380043, 3.1531102657318115
2228, 1.9247137015263434, 4, 40.162843376994715, 319, 328129, 328129, 0.029560554772615433, 3.1550164222717285
2229, 1.8706895439099753, 4, 40.118834183995205, 319, 328448, 328448, 0.030927086248993874, 3.157083749771118
2230, -5.742188516422175, 2, 39.148187147999124, 312, 328760, 328760, 0.03158584609627724, 3.1628990173339844
2231, -3.934330050367862, 2, 5.122849986997608, 37, 328797, 328797, 0.032581668347120285, 3.147430896759033
2232, -0.8091204641386867, 2, 38.87881717500568, 309, 329106, 329106, 0.029248293489217758, 3.156466484069824
2233, 0.2820851362484973, 2, 15.67389498600096, 122, 329228, 329228, 0.029630403965711594, 3.1429452896118164
2234, -0.41057381336577237, 2, 15.233987614003127, 118, 329346, 329346, 0.028297025710344315, 3.1641457080841064
2235, 7.870610380228754, 1, 25.368329261997133, 200, 329546, 329546, 0.029269864782691002, 3.168360948562622
2236, -0.8544518975249957, 2, 13.993539734001388, 109, 329655, 329655, 0.029546299949288368, 3.149111032485962
2237, 1.5141976449212962, 4, 40.17259647299943, 320, 329975, 329975, 0.029440447688102722, 3.147684335708618
2238, -2.803923170635244, 2, 15.197641102000489, 118, 330093, 330093, 0.03030238300561905, 3.153792142868042
2239, 2.5824764077551663, 4, 40.09266478399513, 319, 330412, 330412, 0.031095558777451515, 3.1538498401641846
2240, -4.292285412666388, 2, 4.366440145000524, 31, 330443, 330443, 0.03266441449522972, 3.166158437728882
2241, 6.356216119136661, 1, 15.098807032998593, 117, 330560, 330560, 0.03477654978632927, 3.1610562801361084
2242, -4.907211050391197, 2, 4.236621589996503, 30, 330590, 330590, 0.026548637077212334, 3.150031089782715
2243, -1.2974168896071205, 2, 37.87458832200355, 300, 330890, 330890, 0.03109034150838852, 3.1535608768463135
2244, -1.9003049473976716, 2, 13.062626785002067, 100, 330990, 330990, 0.02739563398063183, 3.156426429748535
2245, 2.939014966279501, 4, 40.17465594499663, 319, 331309, 331309, 0.029129166156053543, 3.155284881591797
2246, 3.07036792873987, 4, 40.14428731400403, 319, 331628, 331628, 0.030139736831188202, 3.1525022983551025
2247, -1.3988431917823618, 2, 31.04319005599973, 245, 331873, 331873, 0.02960062213242054, 3.1573383808135986
2248, 0.7391163936699741, 2, 17.561036621998937, 137, 332010, 332010, 0.029581137001514435, 3.160757303237915
2249, -0.20694033696781844, 2, 23.231570356998418, 183, 332193, 332193, 0.029024459421634674, 3.1524064540863037
2250, 2.4804140310152434, 4, 40.12213375900319, 319, 332512, 332512, 0.03192775323987007, 3.1653575897216797
2251, -3.4690036845277064, 2, 10.546914819999074, 81, 332593, 332593, 0.0312512181699276, 3.163794994354248
2252, 7.059984797611833, 1, 18.401297256998078, 144, 332737, 332737, 0.029773583635687828, 3.153090238571167
2253, -6.614948141770583, 2, 27.525361172003613, 218, 332955, 332955, 0.030086418613791466, 3.1468019485473633
2254, -2.0218738439289154, 2, 21.60916636500042, 170, 333125, 333125, 0.02977781929075718, 3.1664392948150635
2255, -2.7553585052810377, 2, 11.95145682599832, 92, 333217, 333217, 0.02902616560459137, 3.158867597579956
2256, -4.65059451572597, 2, 4.269746289006434, 30, 333247, 333247, 0.03216954693198204, 3.1534698009490967
2257, -2.658399226376787, 2, 5.97875838100299, 44, 333291, 333291, 0.02764122374355793, 3.1428472995758057
2258, -3.7555270737211686, 2, 18.890949521999573, 148, 333439, 333439, 0.031152119860053062, 3.156527042388916
2259, -0.009337343508377671, 2, 27.112627228998463, 213, 333652, 333652, 0.03234861046075821, 3.1514546871185303
2260, -1.8568825068650767, 2, 10.800610197999049, 83, 333735, 333735, 0.03202297165989876, 3.160365104675293
2261, -1.6022887806175277, 2, 7.839093465998303, 59, 333794, 333794, 0.02844630368053913, 3.1742348670959473
2262, 8.424489314114908, 1, 25.43256541700248, 200, 333994, 333994, 0.03391122445464134, 3.1536920070648193
2263, 2.4727831608324777, 4, 40.14703360600106, 319, 334313, 334313, 0.029655952006578445, 3.1597111225128174
2264, 1.8007689220248722, 4, 40.08252116799849, 319, 334632, 334632, 0.030153807252645493, 3.1574084758758545
2265, -1.277110911323689, 2, 18.565879756999493, 145, 334777, 334777, 0.031040886417031288, 3.1521871089935303
2266, -1.0381413596041966, 2, 23.46125960900099, 185, 334962, 334962, 0.030160270631313324, 3.1492059230804443
2267, -1.223729986930266, 2, 17.763952920999145, 139, 335101, 335101, 0.032587602734565735, 3.1485610008239746
2268, -0.75075270421803, 2, 22.383015863000765, 176, 335277, 335277, 0.03240193426609039, 3.164487361907959
2269, -0.7969200393017672, 2, 32.43459874900145, 256, 335533, 335533, 0.030449826270341873, 3.1543080806732178
2270, -4.940511778462678, 2, 5.498497815999144, 40, 335573, 335573, 0.0341397300362587, 3.166347026824951
2271, -1.493871976621449, 2, 10.17199050400086, 78, 335651, 335651, 0.026920786127448082, 3.159019947052002
2272, -4.354683813638985, 2, 9.602455864995136, 73, 335724, 335724, 0.03138317912817001, 3.1458301544189453
2273, 3.5265696858405136, 4, 40.14318785799696, 318, 336042, 336042, 0.02933124266564846, 3.160649061203003
2274, -5.139365101233125, 2, 4.241954057004477, 30, 336072, 336072, 0.03520071879029274, 3.1272053718566895
2275, -1.763339540179004, 2, 39.84943401700002, 316, 336388, 336388, 0.02963508851826191, 3.1515512466430664
2276, 3.3055879979401652, 4, 40.15624978199776, 319, 336707, 336707, 0.029561076313257217, 3.1496033668518066
2277, 7.003524300060462, 1, 33.480180821999966, 265, 336972, 336972, 0.028604403138160706, 3.146888494491577
2278, 8.214247734402306, 1, 25.49236214099801, 201, 337173, 337173, 0.03055574931204319, 3.146467924118042
2279, 0.23245746175234672, 2, 25.29810099000315, 200, 337373, 337373, 0.03403801470994949, 3.1503920555114746
2280, -2.8912533529801294, 2, 6.894085316998826, 51, 337424, 337424, 0.029894353821873665, 3.157853126525879
2281, -1.1803045644192025, 2, 14.936344458001258, 116, 337540, 337540, 0.030445095151662827, 3.130687952041626
2282, -3.367921636747269, 2, 19.7315581859948, 155, 337695, 337695, 0.031536001712083817, 3.1483819484710693
2283, -4.753069724421948, 2, 4.989662236002914, 36, 337731, 337731, 0.028696080669760704, 3.1631381511688232
2284, -4.203427592292428, 2, 6.120241063996218, 45, 337776, 337776, 0.028690647333860397, 3.1274566650390625
2285, -1.6585563126136549, 2, 23.01448662799521, 181, 337957, 337957, 0.02964754030108452, 3.1537249088287354
2286, 6.6745361622888595, 1, 20.489187608000066, 160, 338117, 338117, 0.03155224770307541, 3.161794424057007
2287, -3.669078584527597, 2, 5.8828406000029645, 43, 338160, 338160, 0.034180670976638794, 3.1632771492004395
2288, -3.531121846870519, 2, 10.44475135399989, 80, 338240, 338240, 0.03333142399787903, 3.1746978759765625
2289, -1.7919003490678733, 2, 31.289300825999817, 247, 338487, 338487, 0.02896294929087162, 3.1503000259399414
2290, -4.463634171755984, 2, 15.154858030000469, 118, 338605, 338605, 0.03154924511909485, 3.1630473136901855
2291, 1.0362888362724334, 4, 40.084139446000336, 319, 338924, 338924, 0.031354013830423355, 3.15605092048645
2292, 7.5066379175987095, 1, 24.423295729997335, 192, 339116, 339116, 0.030463607981801033, 3.1550378799438477
2293, -1.5606560502710636, 4, 40.15710131700325, 320, 339436, 339436, 0.032354675233364105, 3.1581835746765137
2294, -1.6284370865801066, 2, 36.29895934800152, 287, 339723, 339723, 0.03051959164440632, 3.154890537261963
2295, -4.946510196197778, 2, 4.248396971997863, 30, 339753, 339753, 0.0346677228808403, 3.1534836292266846
2296, 2.55436423725223, 4, 40.106209393001336, 319, 340072, 340072, 0.030177392065525055, 3.147930383682251
2297, -2.2008619089610875, 2, 12.428039968996018, 96, 340168, 340168, 0.030533166602253914, 3.1612155437469482
2298, 3.111030289486081, 4, 40.16086323700438, 318, 340486, 340486, 0.030104106292128563, 3.1491823196411133
2299, 8.183895284193568, 1, 26.52646066700254, 209, 340695, 340695, 0.029757410287857056, 3.1497714519500732
2300, -3.6770465887821047, 2, 21.138983976001327, 167, 340862, 340862, 0.029092086479067802, 3.15775728225708
2301, -4.5317914026090875, 2, 22.51462357499986, 177, 341039, 341039, 0.03205202892422676, 3.15718150138855
2302, -3.72862850013189, 2, 4.2497549269974115, 30, 341069, 341069, 0.028164634481072426, 3.1437981128692627
2303, -0.7185792100972321, 4, 40.09181586500199, 319, 341388, 341388, 0.030056854709982872, 3.149064779281616
2304, 0.053590961470035836, 4, 40.165954521995445, 319, 341707, 341707, 0.02844104915857315, 3.150312662124634
2305, 7.530456850377959, 1, 25.45151618700038, 200, 341907, 341907, 0.029148854315280914, 3.1515321731567383
2306, -2.457046617055312, 2, 9.330292116996134, 71, 341978, 341978, 0.0327107273042202, 3.1423213481903076
2307, 6.648014673104626, 1, 28.473154507999425, 225, 342203, 342203, 0.02907452918589115, 3.153402328491211
2308, -2.0318086390034296, 2, 24.886342428995704, 196, 342399, 342399, 0.030726736411452293, 3.1469249725341797
2309, -0.6169254190754145, 2, 14.276115929002117, 111, 342510, 342510, 0.02761395089328289, 3.146608829498291
2310, -3.9517613033094676, 2, 23.65033573099936, 186, 342696, 342696, 0.030995802953839302, 3.1573925018310547
2311, 0.24083909689215943, 2, 22.76210562000051, 179, 342875, 342875, 0.030362168326973915, 3.156097650527954
2312, 7.227189490418823, 1, 35.495241929005715, 280, 343155, 343155, 0.03206070885062218, 3.156130313873291
2313, -3.414615591726033, 2, 15.423638033993484, 119, 343274, 343274, 0.032205283641815186, 3.1507976055145264
2314, -3.434231085651845, 2, 15.1508944399975, 118, 343392, 343392, 0.02804500237107277, 3.1475305557250977
2315, -4.522787563386373, 2, 4.426585863002401, 31, 343423, 343423, 0.032044652849435806, 3.145838737487793
2316, 7.3624923806783045, 1, 25.50337618299818, 200, 343623, 343623, 0.030837995931506157, 3.155123233795166
2317, -3.30609087634366, 2, 33.032846390000486, 262, 343885, 343885, 0.031159523874521255, 3.1447372436523438
2318, -3.9529387946240604, 2, 4.312814242999593, 30, 343915, 343915, 0.03211120143532753, 3.1465423107147217
2319, 2.5380237749195658, 4, 40.11700527599896, 318, 344233, 344233, 0.029332997277379036, 3.149155616760254
2320, -2.601490748929791, 2, 7.1426781689951895, 53, 344286, 344286, 0.02864478901028633, 3.147859573364258
2321, -5.394193842541426, 2, 4.2513523119996535, 30, 344316, 344316, 0.030375324189662933, 3.1425423622131348
2322, 7.452666128810961, 1, 32.45021472799999, 256, 344572, 344572, 0.03045767918229103, 3.146198272705078
2323, -0.917248747398844, 2, 22.82695129000058, 179, 344751, 344751, 0.029631223529577255, 3.1490445137023926
2324, -0.2544326682109386, 2, 13.636359197000274, 105, 344856, 344856, 0.03030872717499733, 3.1422715187072754
2325, -2.2501335063716397, 2, 23.875785121999797, 188, 345044, 345044, 0.03263729065656662, 3.149118661880493
2326, -5.061523932687123, 2, 11.54024884699902, 89, 345133, 345133, 0.027094479650259018, 3.1396594047546387
2327, 1.2220043554061704, 4, 40.07598252600292, 319, 345452, 345452, 0.030398743227124214, 3.1466104984283447
2328, -3.5569811762543395, 2, 4.5355063089955365, 32, 345484, 345484, 0.028765952214598656, 3.1567089557647705
2329, 0.13496530475094914, 2, 22.62385616899701, 177, 345661, 345661, 0.029718918725848198, 3.1397459506988525
2330, 7.3209946480055805, 1, 25.465445364003244, 200, 345861, 345861, 0.028707845136523247, 3.1444365978240967
2331, -3.8876229213783517, 2, 25.645648065001296, 203, 346064, 346064, 0.030991951003670692, 3.1525704860687256
2332, -1.766702378867194, 4, 40.170830205999664, 320, 346384, 346384, 0.02930581197142601, 3.1512646675109863
2333, -3.8592731141252443, 2, 4.517820966997533, 32, 346416, 346416, 0.033535268157720566, 3.1600685119628906
2334, -3.0565777017036453, 2, 10.477695125002356, 80, 346496, 346496, 0.03043689765036106, 3.1386075019836426
2335, -4.1430643738713115, 2, 6.738568926004518, 50, 346546, 346546, 0.033043768256902695, 3.150568962097168
2336, 7.579864312210702, 1, 30.468912823998835, 240, 346786, 346786, 0.029080361127853394, 3.1535801887512207
2337, -2.325127608375624, 2, 13.952901061005832, 108, 346894, 346894, 0.028257951140403748, 3.1392152309417725
2338, -1.5477892720664386, 2, 23.903391140003805, 187, 347081, 347081, 0.030348502099514008, 3.1514692306518555
2339, -2.300659225767504, 2, 12.56255984299787, 97, 347178, 347178, 0.0337592214345932, 3.132951021194458
2340, -0.5810004528902937, 2, 21.16286916199897, 165, 347343, 347343, 0.033538274466991425, 3.1417202949523926
2341, 1.8373461791779846, 4, 40.157195118001255, 319, 347662, 347662, 0.028613867238163948, 3.1442923545837402
2342, -1.8441800201690057, 2, 29.845288828000776, 235, 347897, 347897, 0.02786550298333168, 3.147707939147949
2343, 0.7652704154148751, 4, 40.105665490998945, 319, 348216, 348216, 0.029688389971852303, 3.1470532417297363
2344, -1.648031578399241, 2, 8.784696340000664, 66, 348282, 348282, 0.03163725882768631, 3.164490222930908
2345, -1.876348198740743, 2, 10.628831911002635, 81, 348363, 348363, 0.03296968713402748, 3.153214693069458
2346, 8.08850436785724, 1, 23.468890839001688, 185, 348548, 348548, 0.027053136378526688, 3.1420092582702637
2347, -3.6446205681422725, 2, 5.007565375002741, 36, 348584, 348584, 0.03147842735052109, 3.1344008445739746
2348, -1.8636581604368985, 2, 11.323190538001654, 87, 348671, 348671, 0.028754856437444687, 3.1390507221221924
2349, -2.2591823112452403, 2, 8.36663393300114, 63, 348734, 348734, 0.029458049684762955, 3.1701767444610596
2350, 0.6389913937468918, 4, 40.105200568003056, 319, 349053, 349053, 0.029886789619922638, 3.145906925201416
2351, 3.754881901515546, 4, 40.07291630400141, 317, 349370, 349370, 0.03015514649450779, 3.1400952339172363
2352, -5.601792957255384, 2, 4.232585739999195, 30, 349400, 349400, 0.03668154776096344, 3.1515893936157227
2353, -0.7120104043278843, 2, 14.203390558999672, 110, 349510, 349510, 0.03167463466525078, 3.131373167037964
2354, -2.8730591766070575, 2, 8.107868626000709, 61, 349571, 349571, 0.033534418791532516, 3.115055561065674
2355, 2.711700023035519, 4, 40.16076542299561, 318, 349889, 349889, 0.030338509008288383, 3.1460320949554443
2356, -0.3671455813164357, 2, 18.654998534999322, 145, 350034, 350034, 0.030108412727713585, 3.1454854011535645
2357, -5.683313346467912, 2, 4.248538134001137, 30, 350064, 350064, 0.03283458948135376, 3.154669761657715
2358, -4.582357422215864, 2, 4.277941169006226, 30, 350094, 350094, 0.033621713519096375, 3.1770966053009033
2359, -0.9153300204779953, 2, 30.947501119000663, 244, 350338, 350338, 0.031057609245181084, 3.1536073684692383
2360, -4.343167661107145, 2, 4.269461689997115, 30, 350368, 350368, 0.02369285188615322, 3.1340200901031494
2361, -3.9383517864043824, 2, 4.263167201002943, 30, 350398, 350398, 0.028033239766955376, 3.1579411029815674
2362, 6.965832082903944, 1, 23.443735423999897, 184, 350582, 350582, 0.0319155752658844, 3.1461055278778076
2363, -4.36905286507681, 2, 4.371581219995278, 31, 350613, 350613, 0.02738495171070099, 3.15376615524292
2364, -3.018534271977842, 2, 7.655041764002817, 57, 350670, 350670, 0.025604136288166046, 3.157927989959717
2365, -1.4033324709453154, 2, 18.26783634799358, 143, 350813, 350813, 0.03183545917272568, 3.1409170627593994
2366, -1.1050939786291565, 2, 19.690603643997747, 154, 350967, 350967, 0.02784368209540844, 3.1469650268554688
2367, -1.4309518104419112, 2, 26.996333446993958, 213, 351180, 351180, 0.029536107555031776, 3.1431241035461426
2368, 8.125215921318159, 1, 21.488750978001917, 168, 351348, 351348, 0.030672620981931686, 3.1432931423187256
2369, 0.1811903958732728, 2, 22.21864402599749, 174, 351522, 351522, 0.029251685366034508, 3.1393439769744873
2370, -0.0991284103365615, 2, 12.750840943001094, 98, 351620, 351620, 0.031628724187612534, 3.148597240447998
2371, -0.30568231249344535, 2, 25.16361634900386, 198, 351818, 351818, 0.031772956252098083, 3.139613389968872
2372, 7.3133199693402275, 1, 22.418050314998254, 175, 351993, 351993, 0.028663210570812225, 3.133647918701172
2373, 2.080745276494781, 4, 40.12683521099825, 318, 352311, 352311, 0.032048050314188004, 3.147266387939453
2374, -3.2006617104634643, 2, 6.015908529996523, 44, 352355, 352355, 0.028262006118893623, 3.152850389480591
2375, -0.8677983542438596, 2, 21.01855174600496, 164, 352519, 352519, 0.028976716101169586, 3.146575450897217
2376, 7.368962293083314, 1, 37.44980577700335, 296, 352815, 352815, 0.029856430366635323, 3.145533800125122
2377, -1.5169997771081398, 2, 25.168929735002166, 197, 353012, 353012, 0.02877246029675007, 3.140403985977173
2378, -3.2515353828202933, 2, 7.332817648995842, 55, 353067, 353067, 0.0321064367890358, 3.1441876888275146
2379, -0.17533431644551456, 2, 12.379208049002045, 95, 353162, 353162, 0.030180243775248528, 3.1315536499023438
2380, -2.0416964507385273, 2, 13.260572423998383, 102, 353264, 353264, 0.02871897630393505, 3.1460986137390137
2381, -1.4287532844755333, 2, 39.76283568200597, 316, 353580, 353580, 0.03041963092982769, 3.1423871517181396
2382, 2.3007836229080567, 4, 40.15550032500323, 318, 353898, 353898, 0.030208896845579147, 3.1400179862976074
2383, 2.731129406223772, 4, 40.09847958300088, 318, 354216, 354216, 0.029249392449855804, 3.1498420238494873
2384, -0.8810613878304139, 2, 12.463767027002177, 96, 354312, 354312, 0.030689893290400505, 3.1428182125091553
2385, -0.7321316672023386, 2, 24.790759116003755, 195, 354507, 354507, 0.03273855522274971, 3.150045394897461
2386, 0.5597812848573085, 2, 27.36497722999775, 215, 354722, 354722, 0.030655179172754288, 3.1545419692993164
2387, -3.882242786581628, 2, 4.290746475999185, 30, 354752, 354752, 0.028206784278154373, 3.1446640491485596
2388, -4.18538213998545, 2, 4.617269016998762, 33, 354785, 354785, 0.03442124277353287, 3.141921043395996
2389, 0.693863170221448, 4, 40.17921756100259, 319, 355104, 355104, 0.02995993010699749, 3.1352479457855225
2390, -3.9287685869494453, 2, 4.21427290399879, 30, 355134, 355134, 0.032704565674066544, 3.154956579208374
2391, -3.3449332173913717, 2, 4.6281924099967, 33, 355167, 355167, 0.029980814084410667, 3.143954277038574
2392, -1.5352970121894032, 2, 23.312238091995823, 183, 355350, 355350, 0.031212808564305305, 3.1553308963775635
2393, 3.037580850563245, 4, 40.06660576900322, 318, 355668, 355668, 0.030262205749750137, 3.141141891479492
2394, -3.2303587874466757, 2, 21.675675251004577, 170, 355838, 355838, 0.028931865468621254, 3.1432979106903076
2395, 7.585529421805404, 1, 21.485350296999968, 168, 356006, 356006, 0.02966173179447651, 3.1497836112976074
2396, -0.5322651623282582, 2, 12.026633491004759, 92, 356098, 356098, 0.030406927689909935, 3.1249916553497314
2397, -0.7938274359330535, 2, 10.397307241997623, 79, 356177, 356177, 0.03083755448460579, 3.14139986038208
2398, -3.538862569956109, 2, 9.052103021997027, 68, 356245, 356245, 0.03301994130015373, 3.1314868927001953
2399, -2.760930828982964, 2, 13.208624202001374, 102, 356347, 356347, 0.029177570715546608, 3.14877986907959
2400, 2.9779413048945003, 4, 40.15048768899578, 318, 356665, 356665, 0.030194777995347977, 3.1436080932617188
2401, -0.9627996312920004, 2, 10.773307326999202, 82, 356747, 356747, 0.03239117190241814, 3.1454482078552246
2402, -4.528133201412857, 2, 4.2314482950023375, 30, 356777, 356777, 0.03487193584442139, 3.1480743885040283
2403, 2.9855482587736333, 4, 40.06647769799747, 317, 357094, 357094, 0.031047942116856575, 3.136399269104004
2404, -4.927867664024234, 2, 4.235902963999251, 30, 357124, 357124, 0.029197340831160545, 3.1445367336273193
2405, 7.51958686139551, 1, 26.482350140999188, 208, 357332, 357332, 0.031663890928030014, 3.135486602783203
2406, -4.2076089407783, 2, 5.519029793998925, 40, 357372, 357372, 0.03147623687982559, 3.1468353271484375
2407, 7.341266934676241, 1, 36.50813362599729, 288, 357660, 357660, 0.029762648046016693, 3.1438870429992676
2408, -0.1792215753084747, 2, 32.49402668300172, 256, 357916, 357916, 0.03111574985086918, 3.1376659870147705
2409, -3.827168553136289, 2, 4.2667737520023366, 30, 357946, 357946, 0.030322276055812836, 3.1445579528808594
2410, -1.3046094150049612, 2, 14.397122757000034, 111, 358057, 358057, 0.027229826897382736, 3.144676923751831
2411, -3.0910573011497036, 2, 12.903322184996796, 99, 358156, 358156, 0.030040312558412552, 3.134855270385742
2412, 7.430196711966346, 1, 30.43097770500026, 240, 358396, 358396, 0.028728624805808067, 3.1415438652038574
2413, 7.181620904535521, 1, 25.45554044000164, 200, 358596, 358596, 0.027946341782808304, 3.146291732788086
2414, 7.509713580016978, 1, 28.49497062699811, 225, 358821, 358821, 0.03049997054040432, 3.145454168319702
2415, -0.918150132347364, 2, 25.822178485999757, 203, 359024, 359024, 0.029397904872894287, 3.143338441848755
2416, -3.836170230875723, 2, 4.279161421000026, 30, 359054, 359054, 0.03224986046552658, 3.1464715003967285
2417, 2.942512365057155, 4, 40.072962749, 317, 359371, 359371, 0.03091007098555565, 3.148236036300659
2418, -0.07007325493032113, 2, 25.27810670799954, 199, 359570, 359570, 0.030098430812358856, 3.142117977142334
2419, -3.722596160368994, 2, 4.292597170002409, 30, 359600, 359600, 0.03086424246430397, 3.14439058303833
2420, -0.9449975003371947, 2, 18.347135384996363, 143, 359743, 359743, 0.03166220337152481, 3.146742343902588
2421, 6.605007104109973, 1, 29.552401091998036, 233, 359976, 359976, 0.03022359311580658, 3.1379611492156982
2422, -1.8313081320375204, 2, 12.615708028999506, 97, 360073, 360073, 0.030305685475468636, 3.145104169845581
2423, 2.081438464083476, 4, 40.16795740700036, 318, 360391, 360391, 0.030286593362689018, 3.143723249435425
2424, 2.2586266564030666, 4, 40.103329347999534, 318, 360709, 360709, 0.030038287863135338, 3.1384549140930176
2425, 7.014447115156145, 1, 30.46645524500491, 240, 360949, 360949, 0.03108813427388668, 3.142012596130371
2426, -3.678186614139122, 2, 9.523151691995736, 72, 361021, 361021, 0.03078405000269413, 3.1210010051727295
2427, 7.4505112621063745, 1, 20.444960533000994, 159, 361180, 361180, 0.030831322073936462, 3.1408746242523193
2428, 2.414649634214584, 4, 40.139291528001195, 318, 361498, 361498, 0.03131347894668579, 3.1401867866516113
2429, -3.6454993174411356, 2, 4.539939921996847, 32, 361530, 361530, 0.029636090621352196, 3.15869140625
2430, 7.693602039295001, 1, 28.506295361999946, 225, 361755, 361755, 0.028209464624524117, 3.140249013900757
2431, -5.016668163705617, 2, 14.98761466799624, 116, 361871, 361871, 0.030544517561793327, 3.147026538848877
2432, 3.202134497139923, 4, 40.07248126799823, 317, 362188, 362188, 0.03086753375828266, 3.1373636722564697
2433, -4.261219531530514, 2, 7.342021753000154, 55, 362243, 362243, 0.033653996884822845, 3.1315646171569824
2434, -2.5569258721116057, 2, 18.174255580001045, 141, 362384, 362384, 0.03085491806268692, 3.145085096359253
2435, -4.286179111106321, 2, 4.281320155998401, 30, 362414, 362414, 0.03158820420503616, 3.1357338428497314
2436, -2.9163944732863456, 2, 12.236454962003336, 94, 362508, 362508, 0.03300577029585838, 3.127809524536133
2437, 2.504995814655558, 4, 40.12896137699863, 318, 362826, 362826, 0.02989024855196476, 3.1454708576202393
2438, -0.12848796654725447, 2, 22.247852757005603, 174, 363000, 363000, 0.033685725182294846, 3.135352373123169
2439, 2.3527166757664872, 4, 40.09764874699613, 318, 363318, 363318, 0.031308215111494064, 3.139803409576416
2440, -4.674613838084042, 2, 4.350641432996781, 31, 363349, 363349, 0.034617070108652115, 3.1471612453460693
2441, 1.816286976878473, 4, 40.12808300400502, 319, 363668, 363668, 0.03122340701520443, 3.1485702991485596
2442, -4.230663445810933, 2, 9.900728594999237, 75, 363743, 363743, 0.03533155471086502, 3.1327438354492188
2443, -4.705082594882697, 2, 4.268501562000893, 30, 363773, 363773, 0.03552956506609917, 3.116417407989502
2444, -1.0788581522065215, 2, 25.802604201999202, 203, 363976, 363976, 0.031032752245664597, 3.138139009475708
2445, -3.8642757937777787, 2, 4.264925636001863, 30, 364006, 364006, 0.02657623030245304, 3.1403143405914307
2446, -4.411830403842032, 2, 4.286436668000533, 30, 364036, 364036, 0.0325586162507534, 3.1315901279449463
2447, -3.7446744833141565, 2, 4.266679582004144, 30, 364066, 364066, 0.02577873505651951, 3.1574864387512207
2448, 7.607686605406343, 1, 28.41264773200237, 224, 364290, 364290, 0.029986653476953506, 3.1292126178741455
2449, 7.13731076582917, 1, 24.508510382998793, 192, 364482, 364482, 0.03086809813976288, 3.1376419067382812
2450, -1.6456036870513344, 2, 39.46974183499697, 312, 364794, 364794, 0.031226996332406998, 3.1412816047668457
2451, -2.8244761610549176, 2, 17.245087092000176, 134, 364928, 364928, 0.028538452461361885, 3.1304514408111572
2452, -2.6654397789825452, 2, 15.636225571004616, 121, 365049, 365049, 0.027891166508197784, 3.128791570663452
2453, 1.0959018027351703, 4, 40.13524372599932, 318, 365367, 365367, 0.031003223732113838, 3.1324210166931152
2454, -3.3566984841017984, 2, 8.714192227998865, 66, 365433, 365433, 0.03019222617149353, 3.1292104721069336
2455, -2.6883556238608435, 2, 17.99233038300008, 140, 365573, 365573, 0.031451813876628876, 3.1381261348724365
2456, -2.074911923293257, 2, 27.345079878999968, 215, 365788, 365788, 0.030834294855594635, 3.1286633014678955
2457, -1.24694696709048, 2, 11.456237710001005, 87, 365875, 365875, 0.03250252828001976, 3.135122776031494
2458, 1.0289886719547212, 2, 27.36602648600092, 215, 366090, 366090, 0.030733104795217514, 3.1484601497650146
2459, 1.201596732253165, 4, 40.11921730699396, 317, 366407, 366407, 0.029814021661877632, 3.125462532043457
2460, -0.28192167882298236, 2, 23.9583091530003, 188, 366595, 366595, 0.028750460594892502, 3.1337640285491943
2461, 7.37415422135382, 1, 31.446047942001314, 248, 366843, 366843, 0.03393707796931267, 3.128157138824463
2462, 7.274317931260157, 1, 34.51229422599863, 272, 367115, 367115, 0.03250106796622276, 3.1377363204956055
2463, 6.85535971417994, 1, 33.44527730599657, 264, 367379, 367379, 0.031928565353155136, 3.133469581604004
2464, -0.24808116361964494, 2, 21.61921882799652, 169, 367548, 367548, 0.03119615651667118, 3.136505365371704
2465, 6.976213664747775, 1, 30.45188107699505, 240, 367788, 367788, 0.03121712990105152, 3.137540340423584
2466, -1.9805781544710044, 2, 17.8747075900028, 139, 367927, 367927, 0.02831944078207016, 3.1207525730133057
2467, 0.2131675701966742, 2, 28.97760605000076, 228, 368155, 368155, 0.03222321346402168, 3.1369733810424805
2468, -1.6398555813357234, 4, 40.08894867700292, 318, 368473, 368473, 0.030504398047924042, 3.133925437927246
2469, 7.287079261848703, 1, 22.493044345996168, 176, 368649, 368649, 0.03304227441549301, 3.122999429702759
2470, -0.8717500995844603, 2, 11.237270035999245, 86, 368735, 368735, 0.028223859146237373, 3.1213133335113525
2471, -0.40748223988339305, 2, 17.11873478999769, 133, 368868, 368868, 0.034550122916698456, 3.132087230682373
2472, -1.9309623211211147, 4, 40.16421256499598, 319, 369187, 369187, 0.030515190213918686, 3.130272150039673
2473, -1.4448917516274378, 4, 40.1049402389981, 318, 369505, 369505, 0.030699901282787323, 3.1280925273895264
2474, 7.328357036341913, 1, 29.452474721001636, 231, 369736, 369736, 0.03244614601135254, 3.1244897842407227
2475, 2.907960846205242, 4, 40.15102919600031, 317, 370053, 370053, 0.03188350796699524, 3.1283295154571533
2476, 0.15761139572714455, 2, 21.617935834998207, 169, 370222, 370222, 0.02895858883857727, 3.13808536529541
2477, -2.6731886623892933, 2, 7.413086273998488, 55, 370277, 370277, 0.02873123623430729, 3.140981435775757
2478, -2.8487845729105175, 2, 21.24704989699967, 166, 370443, 370443, 0.030192013829946518, 3.1291286945343018
2479, -4.96695845387876, 2, 4.24849843600532, 30, 370473, 370473, 0.033940259367227554, 3.1460719108581543
2480, -2.504830707475776, 2, 27.26001773600001, 214, 370687, 370687, 0.0278493482619524, 3.13726806640625
2481, -0.1756596965715289, 2, 16.949747762002517, 131, 370818, 370818, 0.03228545933961868, 3.122966766357422
2482, -4.944287064194214, 2, 17.109289879001153, 133, 370951, 370951, 0.030288079753518105, 3.119626760482788
2483, -4.793640865245834, 2, 24.885404046995973, 196, 371147, 371147, 0.03340505436062813, 3.123857259750366
2484, -5.120368165662512, 2, 4.3115584469996975, 30, 371177, 371177, 0.029701966792345047, 3.1473910808563232
2485, -0.2504548088181764, 2, 20.038171439999132, 156, 371333, 371333, 0.032046038657426834, 3.1295251846313477
2486, 7.874211469439615, 1, 25.447415385999193, 199, 371532, 371532, 0.029778504744172096, 3.1250689029693604
2487, -0.11943974887253717, 2, 29.17932356899837, 230, 371762, 371762, 0.028888637199997902, 3.136969566345215
2488, -4.510865330055822, 2, 4.32402045300114, 30, 371792, 371792, 0.03364992141723633, 3.138922691345215
2489, 0.3571358173794579, 2, 35.907006474997615, 283, 372075, 372075, 0.029764758422970772, 3.124232530593872
2490, -2.361871407367289, 2, 8.124734527998953, 61, 372136, 372136, 0.03396683558821678, 3.1092193126678467
2491, -0.17720715049654245, 2, 19.60644294499798, 153, 372289, 372289, 0.030640291050076485, 3.133756637573242
2492, 2.8636531990778167, 4, 40.178814646998944, 317, 372606, 372606, 0.03222337365150452, 3.130506753921509
2493, -0.9609002741344739, 2, 20.544728502994985, 160, 372766, 372766, 0.03044913150370121, 3.1375036239624023
2494, -3.675279477436561, 2, 11.537528223998379, 88, 372854, 372854, 0.028297800570726395, 3.1316819190979004
2495, -3.3109333858592436, 2, 13.10313820099691, 101, 372955, 372955, 0.03003770485520363, 3.1388909816741943
2496, -4.011123829601274, 2, 6.589957395000965, 49, 373004, 373004, 0.03229137882590294, 3.1278674602508545
2497, 2.65518681534013, 4, 40.16355568599829, 318, 373322, 373322, 0.030419589951634407, 3.130632162094116
2498, -1.1605445239692926, 2, 18.595283517999633, 144, 373466, 373466, 0.029053159058094025, 3.133810520172119
2499, 8.887647744471906, 1, 23.482011243999295, 184, 373650, 373650, 0.03033200278878212, 3.125643253326416
2500, -1.8483241145149805, 2, 28.802389125994523, 226, 373876, 373876, 0.03160514310002327, 3.133760690689087
2501, -4.530572512187064, 2, 4.298809936000907, 30, 373906, 373906, 0.03978344425559044, 3.1266250610351562
2502, -1.4776846976019442, 2, 19.78254299499531, 154, 374060, 374060, 0.02953830547630787, 3.1207892894744873
2503, 4.043953542248346, 4, 40.050103137000406, 317, 374377, 374377, 0.032370638102293015, 3.117692708969116
2504, 3.472963580866235, 4, 40.109442354005296, 317, 374694, 374694, 0.03195534646511078, 3.121713876724243
2505, -2.1228973245306406, 2, 16.045765647002554, 125, 374819, 374819, 0.028516804799437523, 3.120927333831787
2506, -1.6801885250606574, 2, 15.257146433999878, 118, 374937, 374937, 0.032043155282735825, 3.121746301651001
2507, -5.120764942781534, 2, 26.478174275995116, 207, 375144, 375144, 0.029395930469036102, 3.1220192909240723
2508, 0.23557150101987645, 2, 14.078925781002908, 109, 375253, 375253, 0.029733410105109215, 3.1243929862976074
2509, -0.46307910210452974, 2, 15.791416637999646, 123, 375376, 375376, 0.03401525691151619, 3.1192479133605957
2510, -4.232093905797228, 2, 4.514277030000812, 32, 375408, 375408, 0.03238498792052269, 3.102085590362549
2511, -0.6637150311726145, 2, 15.53432878699823, 120, 375528, 375528, 0.03180237114429474, 3.12312650680542
2512, 0.3302483871812001, 2, 20.348127119999845, 158, 375686, 375686, 0.030367963016033173, 3.124194860458374
2513, -4.560824573272839, 2, 5.933077487999981, 43, 375729, 375729, 0.029385389760136604, 3.0996549129486084
2514, 0.01800255640409887, 2, 21.06680330800009, 165, 375894, 375894, 0.03140490502119064, 3.1263267993927
2515, -1.4994900634046644, 4, 40.123069471002964, 318, 376212, 376212, 0.03263034671545029, 3.121915578842163
2516, -1.1437104064971209, 2, 11.443891718998202, 87, 376299, 376299, 0.03248770534992218, 3.129476547241211
2517, 8.168402122031239, 1, 35.48067672199977, 280, 376579, 376579, 0.031037963926792145, 3.122750759124756
2518, 0.4490533927746583, 4, 40.11842231400078, 312, 376891, 376891, 0.034439463168382645, 3.1255667209625244
2519, -3.6806908983562607, 2, 6.120649099997536, 45, 376936, 376936, 0.03109188936650753, 3.1042675971984863
2520, -3.7284052616450936, 2, 4.296973178999906, 30, 376966, 376966, 0.028710709884762764, 3.114555597305298
2521, -3.6530103080440313, 2, 11.594105512005626, 88, 377054, 377054, 0.027146948501467705, 3.1284148693084717
2522, -1.2022606700193137, 4, 40.10754517099849, 318, 377372, 377372, 0.03017040714621544, 3.1185142993927
2523, 3.025533637890476, 4, 40.10995943599846, 317, 377689, 377689, 0.029646070674061775, 3.119814395904541
2524, -2.6722251407336444, 2, 21.019208695004636, 164, 377853, 377853, 0.03273123502731323, 3.105804920196533
2525, -0.5866263892748975, 2, 31.355121805994713, 247, 378100, 378100, 0.03139466047286987, 3.117051362991333
2526, -3.559818871319294, 2, 6.365411967999535, 47, 378147, 378147, 0.03304239362478256, 3.119159698486328
2527, 3.2265010757137134, 4, 40.17531839599542, 317, 378464, 378464, 0.031053973361849785, 3.117093086242676
2528, -0.2254170071973931, 2, 22.253020636002475, 174, 378638, 378638, 0.028582386672496796, 3.1261096000671387
2529, -2.485029234638205, 2, 20.750595933001023, 161, 378799, 378799, 0.031091855838894844, 3.115591287612915
2530, -5.4307096395641565, 2, 4.286287868999352, 30, 378829, 378829, 0.030267514288425446, 3.1004226207733154
2531, -2.8501989436190343, 2, 28.55883835699933, 225, 379054, 379054, 0.03097369708120823, 3.119112968444824
2532, -1.7434901356464252, 2, 8.548389427000075, 64, 379118, 379118, 0.03295306861400604, 3.123262882232666
2533, -0.5740859899669886, 2, 24.71102940200217, 193, 379311, 379311, 0.029019368812441826, 3.1252059936523438
2534, -1.1774771442869678, 2, 21.357116218001465, 166, 379477, 379477, 0.029467955231666565, 3.115941047668457
2535, 2.7033929570607143, 4, 40.06588386600197, 316, 379793, 379793, 0.030306272208690643, 3.12851619720459
2536, 0.2899323010351509, 4, 40.06325406399992, 318, 380111, 380111, 0.031250063329935074, 3.115116596221924
2537, 6.787676906882552, 1, 20.48370041399903, 160, 380271, 380271, 0.03387684375047684, 3.114652156829834
2538, -5.373206016840413, 2, 16.62334178099991, 129, 380400, 380400, 0.031768616288900375, 3.1213083267211914
2539, -2.9320886214263737, 2, 15.25976142599393, 118, 380518, 380518, 0.03370880335569382, 3.1226611137390137
2540, -1.454482868051855, 2, 12.126146409995272, 93, 380611, 380611, 0.03669336065649986, 3.1073954105377197
2541, -0.1652462026104331, 2, 19.9368660570035, 156, 380767, 380767, 0.030375467613339424, 3.120959520339966
2542, -1.8522623751778156, 2, 12.944319194000855, 100, 380867, 380867, 0.027435066178441048, 3.1077239513397217
2543, -4.1384560585720465, 2, 4.234874008005136, 30, 380897, 380897, 0.033374760299921036, 3.1060073375701904
2544, -2.7249401512344775, 2, 23.398173301000497, 183, 381080, 381080, 0.03159763291478157, 3.1164209842681885
2545, -4.680099917808548, 2, 5.3107078230023035, 38, 381118, 381118, 0.031004980206489563, 3.116633415222168
2546, -3.8854036116972566, 2, 4.282078222000564, 30, 381148, 381148, 0.029837453737854958, 3.112359046936035
2547, -1.103366075491067, 2, 12.560206481000932, 96, 381244, 381244, 0.0323033332824707, 3.110985040664673
2548, -1.5951916612684727, 2, 14.170307914995647, 109, 381353, 381353, 0.030374916270375252, 3.1160149574279785
2549, -0.30022284237202257, 4, 40.10276530500414, 318, 381671, 381671, 0.030711738392710686, 3.117427349090576
2550, -4.022149058175273, 2, 4.2995009849983035, 30, 381701, 381701, 0.025822071358561516, 3.1077051162719727
2551, -0.36652984281317913, 2, 26.44031178700243, 207, 381908, 381908, 0.02883654087781906, 3.1116397380828857
2552, 5.726741459155164, 1, 16.415931695002655, 127, 382035, 382035, 0.03543863072991371, 3.1279006004333496
2553, -5.004445553408004, 2, 4.261964821998845, 30, 382065, 382065, 0.025538848713040352, 3.1304214000701904
2554, -2.2949789627309656, 2, 27.673270439998305, 218, 382283, 382283, 0.03346097841858864, 3.1082100868225098
2555, -2.1248032278876963, 2, 25.961657753003237, 204, 382487, 382487, 0.032141588628292084, 3.1125147342681885
2556, -1.9227071547065862, 2, 16.872103611000057, 131, 382618, 382618, 0.030380139127373695, 3.1136555671691895
2557, 0.3688595155981602, 2, 22.430594438003027, 175, 382793, 382793, 0.029390092939138412, 3.1178956031799316
2558, -1.354931297013536, 2, 15.019532270001946, 116, 382909, 382909, 0.03200117498636246, 3.128084897994995
2559, -0.5514206546358764, 2, 21.950841450001462, 171, 383080, 383080, 0.032350365072488785, 3.1200947761535645
2560, 7.65504104901629, 1, 24.416315914000734, 191, 383271, 383271, 0.033083897083997726, 3.119152545928955
2561, -0.23901898396434262, 2, 21.017276705999393, 164, 383435, 383435, 0.03155217692255974, 3.1204981803894043
2562, -1.3670036767143756, 2, 15.453431510999508, 119, 383554, 383554, 0.03300591558218002, 3.1266884803771973
2563, 0.7476796979899518, 4, 40.086113308003405, 318, 383872, 383872, 0.03211142122745514, 3.124904155731201
2564, -2.72913255559979, 2, 6.28617225799826, 46, 383918, 383918, 0.033943019807338715, 3.110867977142334
2565, -3.796855864886311, 2, 26.812394153006608, 211, 384129, 384129, 0.03207338601350784, 3.1236681938171387
2566, -4.00626308482606, 2, 7.528604926003027, 56, 384185, 384185, 0.03150900825858116, 3.1374785900115967
2567, -4.245451916300226, 2, 4.895680982001068, 35, 384220, 384220, 0.028952019289135933, 3.133052349090576
2568, 0.08588398015126586, 2, 25.69265493399871, 202, 384422, 384422, 0.03138577193021774, 3.115288257598877
2569, -3.7465883647091687, 2, 14.575716289000411, 113, 384535, 384535, 0.02987549640238285, 3.1240921020507812
2570, 1.6753520704369294, 4, 40.182480843999656, 318, 384853, 384853, 0.03239752724766731, 3.117912769317627
2571, -1.1821982390247285, 2, 11.558375602005981, 88, 384941, 384941, 0.030448179692029953, 3.09684157371521
2572, -1.0326817641034722, 2, 12.096237262005161, 92, 385033, 385033, 0.03232057765126228, 3.1148674488067627
2573, -4.9556461265310645, 2, 8.231276324004284, 62, 385095, 385095, 0.03448577597737312, 3.117532253265381
2574, 7.4906118249637075, 1, 23.449646300003224, 183, 385278, 385278, 0.02997875027358532, 3.1076877117156982
2575, 3.9433723206420837, 4, 40.15625316200021, 317, 385595, 385595, 0.03068702295422554, 3.1186418533325195
2576, -4.376022822223604, 2, 4.258059995001531, 30, 385625, 385625, 0.03145396336913109, 3.0951573848724365
2577, -4.427180095226504, 2, 4.234293970002909, 30, 385655, 385655, 0.027103867381811142, 3.108690023422241
2578, -4.718516239663586, 2, 4.24959896299697, 30, 385685, 385685, 0.03194790333509445, 3.1090424060821533
2579, -0.746535878861323, 2, 11.40188255799876, 87, 385772, 385772, 0.02857264131307602, 3.121718406677246
2580, 7.667084835818969, 1, 24.409142848002375, 191, 385963, 385963, 0.031405676156282425, 3.1137969493865967
2581, 0.4906361371395178, 2, 18.486549695997383, 144, 386107, 386107, 0.03229876980185509, 3.1111295223236084
2582, -0.21028465990639233, 2, 20.638361106000957, 161, 386268, 386268, 0.03052017278969288, 3.1163489818573
2583, -5.312973126536235, 2, 4.2727649890002795, 30, 386298, 386298, 0.031227760016918182, 3.1126327514648438
2584, 8.472560522532149, 1, 33.36108247700031, 263, 386561, 386561, 0.03219618648290634, 3.112518072128296
2585, 0.8431459936255123, 2, 29.77712102299847, 234, 386795, 386795, 0.032447271049022675, 3.1119863986968994
2586, -3.7956355971982703, 2, 5.234712924997439, 38, 386833, 386833, 0.03334725275635719, 3.1385269165039062
2587, 0.43614391727896873, 4, 40.1353597549969, 318, 387151, 387151, 0.030474431812763214, 3.129011392593384
2588, 7.681845673105272, 1, 24.46141683099995, 192, 387343, 387343, 0.0317208506166935, 3.1121394634246826
2589, -0.43474333239464613, 2, 32.91485109700443, 259, 387602, 387602, 0.030808739364147186, 3.119541645050049
2590, -1.6327789131137251, 2, 18.45312450500205, 143, 387745, 387745, 0.03268272057175636, 3.1158008575439453
2591, 2.8391531030938495, 4, 40.18042491199594, 318, 388063, 388063, 0.031069913879036903, 3.1267805099487305
2592, 7.329805302477325, 1, 25.43159420900338, 199, 388262, 388262, 0.0336340107023716, 3.117694139480591
2593, -0.18913938748301007, 2, 19.999991916003637, 155, 388417, 388417, 0.03386731818318367, 3.1235547065734863
2594, -1.023864804272307, 2, 12.674558074999368, 97, 388514, 388514, 0.033846426755189896, 3.114217519760132
2595, -0.6962724994700693, 2, 24.766369766002754, 194, 388708, 388708, 0.03138349950313568, 3.1177425384521484
2596, -3.858749912818894, 2, 4.268899056005466, 30, 388738, 388738, 0.03171975910663605, 3.134816884994507
2597, 3.560211636395252, 4, 40.072463494005206, 316, 389054, 389054, 0.030127298086881638, 3.122626543045044
2598, 0.5404423762265651, 4, 40.25909830900491, 319, 389373, 389373, 0.03466420993208885, 3.1137197017669678
2599, 1.756782760930946, 4, 40.19050881899602, 317, 389690, 389690, 0.03190471976995468, 3.1248843669891357
2600, -2.869655983056873, 2, 6.6451117290052935, 49, 389739, 389739, 0.029074151068925858, 3.107633352279663
2601, -2.9807524868519977, 2, 13.810709365003277, 106, 389845, 389845, 0.03044024109840393, 3.113624334335327
2602, -5.097753015696071, 2, 4.260607340998831, 30, 389875, 389875, 0.03309016302227974, 3.115920066833496
2603, -2.5625270319105766, 2, 31.638251320000563, 249, 390124, 390124, 0.03228642791509628, 3.1092514991760254
2604, 7.502984484046465, 1, 30.50000688200089, 239, 390363, 390363, 0.030519437044858932, 3.1153597831726074
2605, 1.595490223262459, 4, 40.103238823998254, 317, 390680, 390680, 0.03262336179614067, 3.114018201828003
2606, -4.4444967353047105, 2, 35.62981249400036, 281, 390961, 390961, 0.03227315470576286, 3.118326425552368
2607, -0.8416783479115111, 2, 26.847840200003702, 209, 391170, 391170, 0.02891782857477665, 3.1237802505493164
2608, -1.0589273446967127, 2, 28.90010942200024, 227, 391397, 391397, 0.03229653462767601, 3.118757963180542
2609, 6.988941108731524, 1, 33.45869897900411, 262, 391659, 391659, 0.032871052622795105, 3.1100034713745117
2610, -0.7158703787135892, 2, 21.540591380995465, 168, 391827, 391827, 0.02984430640935898, 3.117337226867676
2611, -2.130751172589953, 2, 30.31999358500616, 239, 392066, 392066, 0.033445946872234344, 3.1143269538879395
2612, -4.115819050464779, 2, 6.910800425001071, 51, 392117, 392117, 0.029356352984905243, 3.108597993850708
2613, -1.1320432454813272, 2, 14.915603970002849, 115, 392232, 392232, 0.029179571196436882, 3.11755633354187
2614, 1.289355407192943, 4, 40.14700120899943, 318, 392550, 392550, 0.032313648611307144, 3.117779493331909
2615, 3.187349420382816, 4, 40.08421320000343, 316, 392866, 392866, 0.030696747824549675, 3.1165335178375244
2616, -1.8925194086041301, 2, 13.645133938996878, 105, 392971, 392971, 0.028883634135127068, 3.110079526901245
2617, 8.463486279186327, 1, 23.527779771000496, 184, 393155, 393155, 0.031594160944223404, 3.126800537109375
2618, 4.273856798475208, 4, 40.115008764994855, 316, 393471, 393471, 0.03050621785223484, 3.11440372467041
2619, -2.4485780720133334, 2, 7.82681767000031, 58, 393529, 393529, 0.03349706530570984, 3.119276285171509
2620, 1.0451128849526867, 4, 40.13262436399964, 317, 393846, 393846, 0.03203372284770012, 3.1221957206726074
2621, 6.9777092949079815, 1, 30.141665672003, 237, 394083, 394083, 0.030969854444265366, 3.114938735961914
2622, -2.1288905618712306, 2, 9.978333015002136, 76, 394159, 394159, 0.027917303144931793, 3.120177745819092
2623, -2.2235196337860543, 2, 34.533074737999414, 272, 394431, 394431, 0.03390784561634064, 3.1197166442871094
2624, 3.672676531408797, 4, 40.081524927998544, 316, 394747, 394747, 0.03224269300699234, 3.102570056915283
2625, -0.18053378160402644, 2, 30.079466964001767, 236, 394983, 394983, 0.028180796653032303, 3.111398458480835
2626, -0.17156315677857492, 4, 40.062019245000556, 316, 395299, 395299, 0.033270128071308136, 3.123723268508911
2627, -3.768046726239845, 2, 4.261136207001982, 30, 395329, 395329, 0.0265220757573843, 3.141117811203003
2628, -2.293248218134977, 2, 8.40576805100136, 63, 395392, 395392, 0.03416287526488304, 3.120783567428589
2629, -1.281681416497122, 2, 18.750686418999976, 146, 395538, 395538, 0.03108622319996357, 3.122014045715332
2630, -3.3643996454775333, 2, 5.875088939996203, 43, 395581, 395581, 0.0320543572306633, 3.1189231872558594
2631, 1.990034891787218, 4, 40.07701945699955, 316, 395897, 395897, 0.03353828191757202, 3.1177446842193604
2632, -0.765909587193164, 2, 15.314939894997224, 118, 396015, 396015, 0.030051255598664284, 3.1194941997528076
2633, 2.0440918382664677, 4, 40.15286403699429, 317, 396332, 396332, 0.03052857704460621, 3.1192147731781006
2634, -4.639094699756242, 2, 6.9131702369995764, 51, 396383, 396383, 0.02751651406288147, 3.1384475231170654
2635, -1.180294616613537, 2, 12.717305326004862, 97, 396480, 396480, 0.03439440205693245, 3.118285894393921
2636, 7.563883165479638, 1, 20.458584047999466, 159, 396639, 396639, 0.030374353751540184, 3.1129932403564453
2637, -3.1003639733862656, 2, 15.309842034999747, 118, 396757, 396757, 0.03285885974764824, 3.1165013313293457
2638, 1.7064268017275026, 4, 40.16708223200112, 317, 397074, 397074, 0.03167399764060974, 3.1211256980895996
2639, -4.729971324908547, 2, 4.276864954998018, 30, 397104, 397104, 0.03252728283405304, 3.12546706199646
2640, 3.5954090852028457, 4, 40.140679224998166, 317, 397421, 397421, 0.03246116265654564, 3.117492914199829
2641, 0.5675464859232306, 2, 22.950953175000905, 179, 397600, 397600, 0.030009208247065544, 3.1198348999023438
2642, 7.768486149077944, 1, 27.40090993799822, 215, 397815, 397815, 0.031415436416864395, 3.1072163581848145
2643, 0.19050030202470225, 2, 37.36234188800154, 294, 398109, 398109, 0.030717626214027405, 3.1220099925994873
2644, 3.668674414002453, 4, 40.137217162002344, 317, 398426, 398426, 0.031868595629930496, 3.1156556606292725
2645, 4.15450092197716, 4, 40.052364621005836, 315, 398741, 398741, 0.031866662204265594, 3.1205759048461914
2646, 6.5052199422279955, 1, 19.45659959000477, 151, 398892, 398892, 0.030562950298190117, 3.1150074005126953
2647, 6.551715814333875, 1, 35.477429600003234, 279, 399171, 399171, 0.033278703689575195, 3.1254756450653076
2648, 7.998738441354362, 1, 21.515738833004434, 168, 399339, 399339, 0.03043338842689991, 3.128962278366089
2649, -4.401643008226529, 2, 4.2844690089987125, 30, 399369, 399369, 0.031308915466070175, 3.1177711486816406
2650, -3.5749067654833198, 2, 9.321958127999096, 70, 399439, 399439, 0.030986659228801727, 3.121242046356201
2651, 7.603930753917666, 1, 30.971569052999257, 243, 399682, 399682, 0.03353767842054367, 3.1145999431610107
2652, -1.4874572709668428, 2, 11.023707732994808, 83, 399765, 399765, 0.030702346935868263, 3.1113531589508057
2653, 2.286013320204802, 4, 40.07229915300559, 317, 400082, 400082, 0.03206383436918259, 3.1140849590301514
2654, -0.5747067620977759, 2, 16.69106589200237, 129, 400211, 400211, 0.02956697717308998, 3.1203694343566895
2655, -4.356126527301967, 2, 4.232713635996333, 30, 400241, 400241, 0.02866682969033718, 3.1307449340820312
2656, -4.241458604345098, 2, 4.384846490997006, 31, 400272, 400272, 0.031571004539728165, 3.1112656593322754
2657, 2.2765934516683046, 4, 40.07639687899791, 316, 400588, 400588, 0.03075719252228737, 3.1270828247070312
2658, -4.1962722862372175, 2, 4.337280874002317, 30, 400618, 400618, 0.022616969421505928, 3.1233606338500977
2659, -2.0216051136521855, 2, 36.19463908000034, 285, 400903, 400903, 0.030738309025764465, 3.1137781143188477
2660, -1.8290819262001605, 2, 27.764539801995852, 218, 401121, 401121, 0.030490826815366745, 3.1239545345306396
2661, -5.7320465464144945, 2, 4.304388313001255, 30, 401151, 401151, 0.02897537685930729, 3.1115522384643555
2662, -2.6875702036304574, 2, 14.37981883300381, 110, 401261, 401261, 0.031131012365221977, 3.10982608795166
2663, -3.9545065411366522, 2, 4.32179073500447, 30, 401291, 401291, 0.03115234710276127, 3.134939432144165
2664, 7.390952137880959, 1, 31.39760345799732, 246, 401537, 401537, 0.030916128307580948, 3.1210219860076904
2665, 1.0074013455305248, 2, 17.731696119000844, 137, 401674, 401674, 0.032024040818214417, 3.123002290725708
2666, -1.0821474650874734, 2, 9.567452182993293, 72, 401746, 401746, 0.029714487493038177, 3.123276710510254
2667, -2.828744310652837, 2, 7.915127332002157, 59, 401805, 401805, 0.03557191044092178, 3.1155900955200195
2668, -2.1470205117184378, 2, 32.33665634299541, 255, 402060, 402060, 0.031159698963165283, 3.1269917488098145
2669, -1.9002633929485455, 2, 25.225446445998386, 196, 402256, 402256, 0.032409004867076874, 3.1214282512664795
2670, 1.7234282516874373, 4, 40.13189760599926, 318, 402574, 402574, 0.031455956399440765, 3.1167969703674316
2671, -2.1987277744337916, 2, 6.921032304002438, 51, 402625, 402625, 0.02704608626663685, 3.107046604156494
2672, -5.745474038645625, 2, 4.236790707996988, 30, 402655, 402655, 0.03281937167048454, 3.108386993408203
2673, -3.2623064598301426, 2, 5.789341545001662, 42, 402697, 402697, 0.029045749455690384, 3.099823474884033
2674, -3.3102954474743456, 2, 4.305250924997381, 30, 402727, 402727, 0.03141874447464943, 3.1257240772247314
2675, 6.828521917886974, 1, 30.47170657800598, 239, 402966, 402966, 0.03155761957168579, 3.114224433898926
2676, -0.959329317585798, 2, 19.46492390200001, 151, 403117, 403117, 0.029343051835894585, 3.1302547454833984
2677, -4.490674468339421, 2, 4.319911710997985, 30, 403147, 403147, 0.031177591532468796, 3.1078476905822754
2678, 0.5303901335973933, 2, 24.427771832997678, 190, 403337, 403337, 0.03003467246890068, 3.1227362155914307
2679, -1.1033152726886328, 2, 27.764834249996056, 217, 403554, 403554, 0.03226301819086075, 3.116182565689087
2680, -5.2606872010510415, 2, 4.327600901997357, 30, 403584, 403584, 0.028447289019823074, 3.0996346473693848
2681, 2.8806471727148164, 4, 40.143498006997106, 317, 403901, 403901, 0.031228819862008095, 3.1175084114074707
2682, -4.314663357799873, 2, 4.303449860999535, 30, 403931, 403931, 0.0270189568400383, 3.099114418029785
2683, -0.7035042749485001, 2, 18.18430723599886, 141, 404072, 404072, 0.030846094712615013, 3.1133744716644287
2684, -5.405697118490934, 2, 4.333626659004949, 30, 404102, 404102, 0.03322329372167587, 3.1148264408111572
2685, -2.8017477435059845, 2, 6.302808603002632, 46, 404148, 404148, 0.027377871796488762, 3.1318368911743164
2686, -2.9150123330764472, 2, 5.158809671003837, 37, 404185, 404185, 0.028972793370485306, 3.106661558151245
2687, 6.6205393499186584, 1, 32.46058374000131, 254, 404439, 404439, 0.029800131916999817, 3.108887195587158
2688, -4.5392616401659325, 2, 25.53933000499819, 200, 404639, 404639, 0.03212948888540268, 3.106936454772949
2689, -2.881821622257121, 2, 6.619254288998491, 49, 404688, 404688, 0.02860124036669731, 3.1074283123016357
2690, -3.205194868860417, 2, 13.070044986998255, 100, 404788, 404788, 0.028442425653338432, 3.133882761001587
2691, 3.3210438094029087, 4, 40.15057153900125, 316, 405104, 405104, 0.031699441373348236, 3.1281940937042236
2692, 7.563100921077421, 1, 24.510195957998803, 191, 405295, 405295, 0.03297949209809303, 3.1223747730255127
2693, 2.532128014427144, 4, 40.10825604999991, 316, 405611, 405611, 0.032043781131505966, 3.1098098754882812
2694, -0.43923021502632764, 2, 36.44168324599741, 286, 405897, 405897, 0.030942533165216446, 3.111454725265503
2695, -4.024821318453178, 2, 4.436870156998339, 31, 405928, 405928, 0.02111760713160038, 3.115140438079834
2696, -0.5805783555988455, 2, 26.472871631995076, 207, 406135, 406135, 0.03332597017288208, 3.110628366470337
2697, -1.743313460272475, 2, 31.24138152699743, 245, 406380, 406380, 0.031625647097826004, 3.106989622116089
2698, 1.9276837343422812, 4, 40.16949793299864, 316, 406696, 406696, 0.030525077134370804, 3.114140510559082
2699, -0.8991177686621086, 2, 34.96687200499582, 274, 406970, 406970, 0.031621456146240234, 3.1178436279296875
2700, -0.8048207290335085, 2, 14.815459707002447, 114, 407084, 407084, 0.033775582909584045, 3.121643304824829
2701, 0.342684333154466, 2, 21.325091605001944, 166, 407250, 407250, 0.029532894492149353, 3.1224942207336426
2702, -3.875813803402707, 2, 22.733746153004176, 178, 407428, 407428, 0.028752844780683517, 3.117680311203003
2703, -4.101832938380539, 2, 15.34503949500504, 119, 407547, 407547, 0.03227594494819641, 3.1112070083618164
2704, -0.2667336257363786, 2, 28.924959951997153, 226, 407773, 407773, 0.029097408056259155, 3.115677833557129
2705, 7.508084183317351, 1, 27.590325561999634, 215, 407988, 407988, 0.02945062704384327, 3.1146929264068604
2706, -3.5165603437162645, 2, 34.71273422399827, 273, 408261, 408261, 0.029497524723410606, 3.12341570854187
2707, 3.553810710320249, 4, 40.16343736399722, 316, 408577, 408577, 0.031001625582575798, 3.1253299713134766
2708, -4.71692738274578, 2, 4.295956386995385, 30, 408607, 408607, 0.0323142483830452, 3.1115071773529053
2709, -5.288788313628174, 2, 4.268708543997491, 30, 408637, 408637, 0.029563946649432182, 3.1129722595214844
2710, -3.41139403231864, 2, 7.397419215994887, 55, 408692, 408692, 0.03039807453751564, 3.1105949878692627
2711, 7.4199570755590685, 1, 29.7976089770018, 233, 408925, 408925, 0.03157799690961838, 3.1212799549102783
2712, 7.9007161982153775, 1, 28.54815869000595, 222, 409147, 409147, 0.03332122415304184, 3.110045909881592
2713, -5.153143532807007, 2, 4.275382403000549, 30, 409177, 409177, 0.034957155585289, 3.130244493484497
2714, 8.078278275439516, 1, 37.434351376999984, 294, 409471, 409471, 0.032151877880096436, 3.1219375133514404
2715, -2.532940039993264, 2, 6.910976965002192, 51, 409522, 409522, 0.03477957099676132, 3.134887933731079
2716, -2.3670866203901824, 2, 20.72315659400192, 161, 409683, 409683, 0.033414870500564575, 3.1238317489624023
2717, 1.7053389519278426, 4, 40.164157529005024, 317, 410000, 410000, 0.030843621119856834, 3.1212449073791504
2718, -5.354853579076007, 2, 4.301811520999763, 30, 410030, 410030, 0.034666359424591064, 3.129211187362671
2719, -0.2515763115225127, 2, 30.406927377000102, 238, 410268, 410268, 0.030490266159176826, 3.12143611907959
2720, -0.06018086429685354, 2, 20.654990786999406, 161, 410429, 410429, 0.03309899941086769, 3.119014024734497
2721, 1.6853019453410525, 4, 40.06928353700641, 316, 410745, 410745, 0.03167404234409332, 3.123413562774658
2722, -1.2206437832210213, 2, 11.742080696996709, 89, 410834, 410834, 0.03270480036735535, 3.1173970699310303
2723, 7.661157863378321, 1, 24.397930845996598, 190, 411024, 411024, 0.03197965770959854, 3.121528148651123
2724, -0.31977721465955256, 4, 40.12928158399882, 316, 411340, 411340, 0.031983114778995514, 3.1091911792755127
2725, -1.134517009719275, 2, 16.39480968600401, 126, 411466, 411466, 0.02942955493927002, 3.1156914234161377
2726, -5.554846778977662, 5, 4.320685794999008, 30, 411496, 411496, 0.030894512310624123, 3.119662284851074
2727, 3.7201776056317613, 4, 40.14154684800451, 316, 411812, 411812, 0.029629133641719818, 3.123976230621338
2728, -3.828451781067997, 2, 5.421716035998543, 39, 411851, 411851, 0.03503398969769478, 3.1073801517486572
2729, -3.5180748865241185, 2, 8.78334239099786, 66, 411917, 411917, 0.03623010218143463, 3.0947954654693604
2730, 7.147007966777892, 1, 26.466186637000646, 206, 412123, 412123, 0.03108496405184269, 3.1309711933135986
2731, -0.9262282244162634, 2, 11.541636079993623, 88, 412211, 412211, 0.028797490522265434, 3.1387991905212402
2732, -2.4749762848223327, 2, 26.424819288004073, 206, 412417, 412417, 0.03289855644106865, 3.1152102947235107
2733, -0.24480889075493906, 2, 34.51450136399944, 271, 412688, 412688, 0.03007962740957737, 3.1257898807525635
2734, -3.3712263172492385, 2, 4.302339410998684, 30, 412718, 412718, 0.03197444602847099, 3.0994718074798584
2735, 3.4072664848790737, 4, 40.18333838299441, 316, 413034, 413034, 0.03192960098385811, 3.118931770324707
2736, -0.8106880106497556, 2, 11.91828944000008, 90, 413124, 413124, 0.032763585448265076, 3.1369149684906006
2737, 2.468295453774772, 4, 40.134442563998164, 316, 413440, 413440, 0.03291933238506317, 3.1179091930389404
2738, 2.3117185047158273, 4, 40.06743568600359, 316, 413756, 413756, 0.03254656493663788, 3.120891809463501
2739, 2.4692051498136607, 4, 40.17064164800104, 316, 414072, 414072, 0.032447680830955505, 3.1349892616271973
2740, -4.021564127644524, 2, 4.885837018999155, 35, 414107, 414107, 0.03324103355407715, 3.1428940296173096
2741, 1.3146670559654012, 4, 40.12175237500196, 316, 414423, 414423, 0.03216811642050743, 3.1275181770324707
2742, 3.8094167680319515, 4, 40.11858297800063, 315, 414738, 414738, 0.029955679550766945, 3.1191036701202393
2743, -0.9183442487119464, 2, 24.62319515099807, 192, 414930, 414930, 0.03338644281029701, 3.1099910736083984
2744, -5.361728602903895, 2, 4.334062322996033, 30, 414960, 414960, 0.031514644622802734, 3.1371076107025146
2745, -2.634974755172152, 2, 30.545378759001323, 239, 415199, 415199, 0.031617432832717896, 3.1184275150299072
2746, -4.621992529184354, 2, 13.702253490002477, 105, 415304, 415304, 0.03175928443670273, 3.1107177734375
2747, -0.263031276743277, 2, 28.663469576000352, 224, 415528, 415528, 0.032188016921281815, 3.131596326828003
2748, 2.766536911487492, 4, 40.10723943099583, 314, 415842, 415842, 0.030144160613417625, 3.124993085861206
2749, -1.4340950744808652, 2, 17.242560648002836, 133, 415975, 415975, 0.02894504740834236, 3.127002239227295
2750, 7.0762178190780105, 1, 35.54103614499763, 279, 416254, 416254, 0.03054826706647873, 3.1207852363586426
2751, -0.11622901537339203, 2, 25.116664616994967, 197, 416451, 416451, 0.031186167150735855, 3.1202807426452637
2752, -0.8467076231027022, 2, 16.15021740400698, 125, 416576, 416576, 0.03272264450788498, 3.12666654586792
2753, -0.6731462829047814, 2, 12.578854109997337, 96, 416672, 416672, 0.034317344427108765, 3.1156084537506104
2754, -0.8490105985256378, 2, 28.17659528600052, 220, 416892, 416892, 0.031339291483163834, 3.130066156387329
2755, -2.4479893217794597, 2, 6.399487476002832, 47, 416939, 416939, 0.02871009148657322, 3.1024816036224365
2756, -2.369855646858923, 2, 8.841980107994459, 66, 417005, 417005, 0.030139077454805374, 3.1327614784240723
2757, -2.495384656591341, 2, 10.156299991998821, 77, 417082, 417082, 0.029319239780306816, 3.1366002559661865
2758, -3.5931277966010384, 2, 24.41116366499773, 191, 417273, 417273, 0.031024795025587082, 3.1300506591796875
2759, 1.888085912047245, 4, 40.103716499004804, 316, 417589, 417589, 0.03201444819569588, 3.116534948348999
2760, -2.7189370640553534, 2, 5.874191915994743, 42, 417631, 417631, 0.03366648778319359, 3.106405258178711
2761, -0.15352956010610797, 2, 20.247780791003606, 157, 417788, 417788, 0.030841821804642677, 3.1209864616394043
2762, 7.616482040117262, 1, 22.565043335001974, 176, 417964, 417964, 0.03453890606760979, 3.1243200302124023
2763, -5.084945133188739, 2, 24.072281684995687, 189, 418153, 418153, 0.03131435438990593, 3.131453514099121
2764, -1.0835916727446602, 2, 22.938137513992842, 179, 418332, 418332, 0.03066396899521351, 3.119164228439331
2765, -1.912921739043668, 2, 8.45649592299742, 63, 418395, 418395, 0.02857976034283638, 3.139073133468628
2766, 1.5352237125480315, 4, 40.15444266299892, 316, 418711, 418711, 0.03059281036257744, 3.1224570274353027
2767, 7.50341699301498, 1, 22.473165700997924, 175, 418886, 418886, 0.03022560104727745, 3.103307008743286
2768, -4.60528363985577, 2, 23.06883458700031, 179, 419065, 419065, 0.030790476128458977, 3.1157069206237793
2769, 8.005882357247174, 1, 24.52485265499854, 190, 419255, 419255, 0.030217720195651054, 3.1115050315856934
2770, 6.939823736844119, 1, 29.438532148000377, 231, 419486, 419486, 0.031033333390951157, 3.125396490097046
2771, -2.864793090207968, 2, 32.353371236000385, 254, 419740, 419740, 0.029963284730911255, 3.117122173309326
2772, 1.3749395121412817, 4, 40.10289280500001, 316, 420056, 420056, 0.03338455781340599, 3.1268794536590576
2773, -3.5644558134954423, 2, 4.448128324998834, 31, 420087, 420087, 0.030727092176675797, 3.1347532272338867
2774, 2.866764685041744, 4, 40.11027732100047, 314, 420401, 420401, 0.03159453719854355, 3.1173059940338135
2775, -2.1380535778589547, 2, 11.719005314000242, 89, 420490, 420490, 0.03132978081703186, 3.1298937797546387
2776, 7.7859584665857255, 1, 22.4887237580042, 175, 420665, 420665, 0.031843312084674835, 3.1238555908203125
2777, -4.000359307508916, 2, 4.2924008530026185, 30, 420695, 420695, 0.02617643214762211, 3.1363637447357178
2778, -2.622126039437717, 2, 19.377183230004448, 151, 420846, 420846, 0.02907676249742508, 3.1313059329986572
2779, 3.8429270036949674, 4, 40.13447424599872, 315, 421161, 421161, 0.03067527897655964, 3.1240172386169434
2780, 1.8368335870618466, 4, 40.06446448000497, 315, 421476, 421476, 0.032944485545158386, 3.121854782104492
2781, -1.4634141465794528, 2, 37.04098418600188, 292, 421768, 421768, 0.03277073800563812, 3.1174895763397217
2782, -1.4300789950211765, 2, 13.436158720003732, 103, 421871, 421871, 0.03421453759074211, 3.1165332794189453
2783, -2.8299789782613516, 2, 8.612594622005417, 64, 421935, 421935, 0.027065495029091835, 3.108421802520752
2784, 0.3566482249298133, 2, 28.831914385002165, 225, 422160, 422160, 0.03189336508512497, 3.1218652725219727
2785, -4.283654631348327, 2, 4.2909744849966955, 30, 422190, 422190, 0.026494331657886505, 3.140232563018799
2786, -2.7719933728221804, 2, 14.645534403003694, 113, 422303, 422303, 0.029525723308324814, 3.115250587463379
2787, -2.930482430034317, 2, 19.049992933003523, 148, 422451, 422451, 0.03313739225268364, 3.1272330284118652
2788, -1.8974363600718789, 2, 12.860643671003345, 98, 422549, 422549, 0.033862948417663574, 3.111588478088379
2789, -2.599276219087187, 4, 40.08511877300043, 316, 422865, 422865, 0.03551695495843887, 3.116100788116455
2790, -2.826523982686922, 2, 11.704033182002604, 89, 422954, 422954, 0.03155900537967682, 3.1173789501190186
2791, -1.4526165696734097, 2, 15.966173222994257, 123, 423077, 423077, 0.034562110900878906, 3.1216201782226562
2792, 7.919781113509089, 1, 20.546852621002472, 160, 423237, 423237, 0.032338280230760574, 3.1239914894104004
2793, -0.8809337540296838, 2, 23.019581298001867, 179, 423416, 423416, 0.03309464082121849, 3.1281049251556396
2794, -5.621636586227396, 2, 30.341844458002015, 238, 423654, 423654, 0.030589634552598, 3.122340202331543
2795, -0.5318557424470782, 2, 37.07946983700094, 291, 423945, 423945, 0.032021671533584595, 3.1245803833007812
2796, -1.9506667632740573, 2, 11.894253407997894, 90, 424035, 424035, 0.03444331884384155, 3.11199951171875
2797, 0.45024430604371446, 2, 24.57160678999935, 191, 424226, 424226, 0.030553650110960007, 3.121194362640381
2798, 7.045705033931881, 1, 19.429908516998694, 151, 424377, 424377, 0.031110353767871857, 3.124028205871582
2799, -1.2343028585310094, 2, 15.167083895998076, 116, 424493, 424493, 0.03494800254702568, 3.1264896392822266
2800, -4.8262490526540205, 2, 4.298315877000277, 30, 424523, 424523, 0.029561137780547142, 3.1260597705841064
2801, 7.4722595785642625, 1, 36.94812329800334, 290, 424813, 424813, 0.032116007059812546, 3.115168809890747
2802, 2.352076560693604, 4, 40.128232915994886, 315, 425128, 425128, 0.031624991446733475, 3.1334171295166016
2803, -4.307506695156917, 2, 4.294798014001572, 30, 425158, 425158, 0.03436990827322006, 3.132401943206787
2804, -0.3792870140391642, 2, 16.946913744002813, 131, 425289, 425289, 0.033365778625011444, 3.1264374256134033
2805, -3.091260576969944, 2, 9.560960300004808, 72, 425361, 425361, 0.031753767281770706, 3.1311700344085693
2806, -3.0363036785274744, 2, 12.212046522996388, 93, 425454, 425454, 0.03413642197847366, 3.1128957271575928
2807, 2.427501521728118, 4, 40.13649757999519, 316, 425770, 425770, 0.03450573608279228, 3.1290996074676514
2808, 8.167853076389292, 1, 26.535117346000334, 207, 425977, 425977, 0.03308965265750885, 3.124070405960083
2809, -3.1567047661956167, 2, 17.405275789998996, 134, 426111, 426111, 0.032989367842674255, 3.1165406703948975
2810, -1.295211388276698, 2, 23.401483365996683, 182, 426293, 426293, 0.030309012159705162, 3.1228597164154053
2811, -2.9552638828754425, 2, 4.252801914000884, 30, 426323, 426323, 0.02896776609122753, 3.11177396774292
2812, -1.4558413503546035, 2, 27.323541976998968, 213, 426536, 426536, 0.03325255215167999, 3.1308741569519043
2813, 7.8100241474749055, 1, 26.470700830999704, 205, 426741, 426741, 0.031583741307258606, 3.117687463760376
2814, 4.088281172022107, 4, 40.06846064400452, 316, 427057, 427057, 0.03195832297205925, 3.124983549118042
2815, -2.2246472840197384, 2, 8.540046791997156, 64, 427121, 427121, 0.03046916238963604, 3.1318020820617676
2816, -4.134984949720092, 2, 5.180820132001827, 37, 427158, 427158, 0.02995186485350132, 3.1223015785217285
2817, -8.100993735832162, 2, 39.0409387740001, 307, 427465, 427465, 0.03115481324493885, 3.1187074184417725
2818, -0.19203399469552096, 2, 27.245082611996622, 212, 427677, 427677, 0.03052888996899128, 3.117522954940796
2819, -0.7536246207309887, 2, 9.656662078006775, 73, 427750, 427750, 0.031527675688266754, 3.132746934890747
2820, 0.9178427500737598, 2, 27.13685214400175, 211, 427961, 427961, 0.03261625021696091, 3.126861095428467
2821, 8.432564215920138, 1, 27.471301001998654, 214, 428175, 428175, 0.0325944721698761, 3.1169216632843018
2822, 1.8604024350643158, 1, 4.270149919000687, 30, 428205, 428205, 0.030425166711211205, 3.0985021591186523
2823, -4.762657042767387, 2, 14.023901678003313, 108, 428313, 428313, 0.0334320031106472, 3.1003758907318115
2824, -5.361321653588675, 2, 13.154112079995684, 101, 428414, 428414, 0.03265569359064102, 3.127124547958374
2825, -4.785830227076076, 2, 4.271548832999542, 30, 428444, 428444, 0.04020961374044418, 3.1187124252319336
2826, -4.7058070718776435, 2, 4.29648893999547, 30, 428474, 428474, 0.026052147150039673, 3.1290600299835205
2827, -4.800629304838367, 2, 4.2825933400017675, 30, 428504, 428504, 0.03756365925073624, 3.1048736572265625
2828, 6.825381470654975, 1, 29.512791811997886, 231, 428735, 428735, 0.03036549687385559, 3.1223556995391846
2829, 3.0349998268138734, 4, 40.177820322001935, 316, 429051, 429051, 0.03169286251068115, 3.115598440170288
2830, 0.24989129272580612, 2, 23.36882096000045, 182, 429233, 429233, 0.03402194753289223, 3.1150271892547607
2831, 7.501165838104498, 1, 26.554309253006068, 207, 429440, 429440, 0.03100431337952614, 3.113894462585449
2832, 1.851587118813768, 1, 4.309562226997514, 30, 429470, 429470, 0.028608469292521477, 3.122370958328247
2833, -3.438000063179061, 2, 10.177133222998236, 77, 429547, 429547, 0.03027934581041336, 3.1318931579589844
2834, -4.749660595552996, 2, 5.491762659999949, 40, 429587, 429587, 0.0349736362695694, 3.1248111724853516
2835, -3.731072294758633, 2, 4.25626008099789, 30, 429617, 429617, 0.03274333104491234, 3.122882843017578
2836, -1.0536057956051081, 2, 14.944810537999729, 115, 429732, 429732, 0.03884073719382286, 3.115504026412964
2837, -2.2659330655587837, 2, 6.773962194005435, 50, 429782, 429782, 0.032767266035079956, 3.132545232772827
2838, 0.9885462390884641, 4, 40.10658530199726, 315, 430097, 430097, 0.031395070254802704, 3.1187055110931396
2839, 0.10814072820357978, 4, 40.06815883899981, 316, 430413, 430413, 0.03256698325276375, 3.1187868118286133
2840, -3.100956104346551, 2, 6.914344306002022, 51, 430464, 430464, 0.027743607759475708, 3.135571002960205
2841, -4.216219040565193, 2, 4.294433429997298, 30, 430494, 430494, 0.030692342668771744, 3.115525484085083
2842, 7.087824469024781, 1, 30.50834232500347, 239, 430733, 430733, 0.03129296377301216, 3.12713360786438
2843, -2.871696213976975, 2, 8.198360768001294, 61, 430794, 430794, 0.032196253538131714, 3.1139888763427734
2844, -1.6659704410121776, 4, 40.140810600001714, 316, 431110, 431110, 0.03345846012234688, 3.114307165145874
2845, -3.378721601315192, 2, 17.5873309699964, 136, 431246, 431246, 0.03055557794868946, 3.1158432960510254
2846, -1.1542606443399563, 2, 17.2417557650042, 134, 431380, 431380, 0.030141524970531464, 3.104868173599243
2847, -4.568471458653221, 2, 33.03854007699556, 260, 431640, 431640, 0.032604947686195374, 3.1196963787078857
2848, -1.9452663196716458, 2, 13.862100408005062, 106, 431746, 431746, 0.033572401851415634, 3.119931221008301
2849, -3.257340230047703, 2, 22.22262725499604, 173, 431919, 431919, 0.029526572674512863, 3.1207408905029297
2850, -1.9603050290606916, 2, 39.10707525500038, 307, 432226, 432226, 0.03230612725019455, 3.118424415588379
2851, -2.924629397224635, 2, 5.042792246000317, 36, 432262, 432262, 0.03298506513237953, 3.1247119903564453
2852, 3.0691090170748794, 4, 40.148479452000174, 315, 432577, 432577, 0.032387517392635345, 3.117222785949707
2853, -3.1308796194498427, 2, 23.108396827003162, 180, 432757, 432757, 0.03641549125313759, 3.125608205795288
2854, -5.145505672600848, 5, 4.268056187000184, 30, 432787, 432787, 0.033311422914266586, 3.090906858444214
2855, -0.8338720425963402, 2, 21.578151883004466, 167, 432954, 432954, 0.03171934559941292, 3.117236375808716
2856, -4.885236667090794, 2, 27.178572561999317, 213, 433167, 433167, 0.031065046787261963, 3.108049154281616
2857, -0.5668233788310317, 4, 40.139016720000654, 316, 433483, 433483, 0.0320381335914135, 3.1188440322875977
2858, 3.8856202836468583, 4, 40.07857178300037, 315, 433798, 433798, 0.030454954132437706, 3.1151716709136963
2859, -0.9419137496515759, 2, 18.94174047999695, 146, 433944, 433944, 0.03079921193420887, 3.1138761043548584
2860, 2.527216121146921, 4, 40.10702627599676, 315, 434259, 434259, 0.03394998237490654, 3.11833119392395
2861, -4.939684218261391, 2, 5.065101245003461, 36, 434295, 434295, 0.03375885263085365, 3.1316511631011963
2862, -1.742443079012446, 2, 12.828472572000464, 98, 434393, 434393, 0.029736334457993507, 3.121499538421631
2863, -3.387936862069182, 2, 8.800534765003249, 66, 434459, 434459, 0.02890121191740036, 3.107910633087158
2864, 7.582772774709156, 1, 28.543210043993895, 223, 434682, 434682, 0.03088240697979927, 3.1127641201019287
2865, -2.8247165681095794, 2, 8.333261546002177, 62, 434744, 434744, 0.03272202983498573, 3.1103153228759766
2866, 8.268466028035618, 1, 26.50447353900381, 206, 434950, 434950, 0.03378353267908096, 3.1185462474823
2867, 2.6044392217881978, 4, 40.118495378999796, 315, 435265, 435265, 0.029539378359913826, 3.1160523891448975
2868, -5.6342306438600644, 2, 9.677304933000414, 73, 435338, 435338, 0.028618792071938515, 3.1258299350738525
2869, 1.9545355867012404, 4, 40.09562629599532, 315, 435653, 435653, 0.03084024414420128, 3.1191916465759277
2870, 2.243444951658603, 4, 40.122313623985974, 315, 435968, 435968, 0.03352360427379608, 3.1157033443450928
2871, 2.797812911510846, 4, 40.09195954899769, 315, 436283, 436283, 0.03244911879301071, 3.115914821624756
2872, 7.860595267848112, 1, 23.552656194995507, 183, 436466, 436466, 0.03444940969347954, 3.114603281021118
2873, 0.5015694478242949, 2, 35.81081134000851, 281, 436747, 436747, 0.032835446298122406, 3.1186001300811768
2874, -2.130791780524305, 2, 23.677518084004987, 185, 436932, 436932, 0.03067019395530224, 3.109053373336792
2875, -4.075330590130761, 2, 4.26628217700636, 30, 436962, 436962, 0.03332279995083809, 3.089146375656128
2876, -0.9238809670205228, 2, 13.33396750400425, 102, 437064, 437064, 0.034713637083768845, 3.101067543029785
2877, -1.8227428384125233, 2, 25.13326419000805, 196, 437260, 437260, 0.030669977888464928, 3.115501880645752
2878, 4.176277961149935, 4, 40.07092065199686, 313, 437573, 437573, 0.03157999366521835, 3.1090152263641357
2879, -4.782255703932606, 2, 4.305553896992933, 30, 437603, 437603, 0.03600330278277397, 3.1193060874938965
2880, -4.453316641680431, 2, 9.382883613012382, 71, 437674, 437674, 0.035245366394519806, 3.110682964324951
2881, 7.3382670932332985, 1, 25.374821156001417, 197, 437871, 437871, 0.03373859450221062, 3.119601249694824
2882, -3.6783568287355592, 2, 4.307831102996715, 30, 437901, 437901, 0.03155011683702469, 3.130347967147827
2883, 1.3260931408767647, 4, 40.147443918001954, 315, 438216, 438216, 0.033054184168577194, 3.1165289878845215
2884, -2.03313494194299, 2, 38.70152024300478, 305, 438521, 438521, 0.031138794496655464, 3.11832857131958
2885, 2.4940420061466284, 4, 40.18344762400375, 315, 438836, 438836, 0.03337541222572327, 3.114668607711792
2886, -3.40470566455042, 2, 32.691437607005355, 256, 439092, 439092, 0.03314334154129028, 3.1165077686309814
2887, 7.999860430947592, 1, 28.546942194996518, 223, 439315, 439315, 0.03189360722899437, 3.123901128768921
2888, -4.180213042534888, 2, 4.52859860600438, 32, 439347, 439347, 0.03234711289405823, 3.109342575073242
2889, -1.768134430370992, 2, 35.094880867996835, 275, 439622, 439622, 0.030006086453795433, 3.1238012313842773
2890, -5.521321693900973, 2, 4.263844033004716, 30, 439652, 439652, 0.02908606268465519, 3.11379337310791
2891, 7.4143659512046725, 1, 33.386103769997135, 261, 439913, 439913, 0.0311538428068161, 3.1216092109680176
2892, -1.4371783732494805, 2, 16.3998676600022, 126, 440039, 440039, 0.03251199051737785, 3.1307034492492676
2893, 4.111208842121414, 4, 40.15486883999256, 315, 440354, 440354, 0.03198690339922905, 3.122884511947632
2894, 7.262153777388448, 1, 31.45904884398624, 245, 440599, 440599, 0.030257772654294968, 3.1160545349121094
2895, -1.0200445657428645, 2, 37.20978912599094, 292, 440891, 440891, 0.03155006840825081, 3.1173291206359863
2896, 2.0022955413587624, 4, 40.18752846700954, 314, 441205, 441205, 0.03327830880880356, 3.1095943450927734
2897, 1.346450570927118, 4, 40.13852892999421, 315, 441520, 441520, 0.03142553195357323, 3.1178810596466064
2898, -3.9379322917666286, 2, 4.344451921002474, 30, 441550, 441550, 0.029860844835639, 3.1096346378326416
2899, 1.7955982154599042, 4, 40.07301875100529, 314, 441864, 441864, 0.030206874012947083, 3.118882179260254
2900, -1.872173338662833, 2, 22.783018340996932, 177, 442041, 442041, 0.03056389093399048, 3.1149585247039795
2901, -2.2348756386272726, 2, 16.518529321998358, 127, 442168, 442168, 0.034019798040390015, 3.1206319332122803
2902, -2.7638367370636843, 2, 11.703821584000252, 89, 442257, 442257, 0.03168873488903046, 3.111514091491699
2903, -0.7618275422391889, 2, 18.5347989879956, 143, 442400, 442400, 0.03335016220808029, 3.1159605979919434
2904, -4.4079942484386265, 2, 4.280493423008011, 30, 442430, 442430, 0.032353971153497696, 3.131228446960449
2905, -4.056494585587643, 2, 4.302002029013238, 30, 442460, 442460, 0.03240438178181648, 3.0727550983428955
2906, -1.7272011713357642, 2, 9.742043423000723, 73, 442533, 442533, 0.029810167849063873, 3.117706537246704
2907, -4.909536120481789, 2, 4.302871396008413, 30, 442563, 442563, 0.03348850458860397, 3.112656831741333
2908, 6.706293049561282, 1, 31.450741126012872, 246, 442809, 442809, 0.03127327561378479, 3.118088960647583
2909, -2.330247007019352, 2, 17.535384700997383, 134, 442943, 442943, 0.031237542629241943, 3.117436647415161
2910, -3.760556761670159, 2, 15.448072889994364, 119, 443062, 443062, 0.03504667058587074, 3.105908155441284
2911, -2.563130936352536, 2, 8.436883624992333, 63, 443125, 443125, 0.034088194370269775, 3.1323885917663574
2912, 8.30576310007018, 1, 31.498358425000333, 245, 443370, 443370, 0.031078863888978958, 3.1184921264648438
2913, -0.19828155171126127, 2, 20.96403924000333, 162, 443532, 443532, 0.034635260701179504, 3.112229824066162
2914, 7.23240019602963, 1, 28.45815023499017, 222, 443754, 443754, 0.034797027707099915, 3.1170997619628906
2915, 6.88652443580213, 1, 22.497593010994024, 174, 443928, 443928, 0.03193605691194534, 3.1200318336486816
2916, -0.34142762381816283, 2, 19.299788698001066, 149, 444077, 444077, 0.0322096087038517, 3.1114604473114014
2917, 7.861273886830531, 1, 28.5186069610063, 222, 444299, 444299, 0.03342774882912636, 3.1144535541534424
2918, -1.3341656449738366, 2, 17.572062973995344, 135, 444434, 444434, 0.03159002959728241, 3.127934694290161
2919, -3.0090281651355326, 2, 5.195069235007395, 37, 444471, 444471, 0.03203904628753662, 3.1171250343322754
2920, -1.3842371802020352, 2, 20.421141195009113, 158, 444629, 444629, 0.03468785434961319, 3.1024086475372314
2921, -1.8342669567500707, 2, 9.796651877011755, 74, 444703, 444703, 0.03434787690639496, 3.1123478412628174
2922, -1.8134596614545444, 2, 12.053505736999796, 91, 444794, 444794, 0.03089318983256817, 3.107285499572754
2923, 7.389464873351244, 1, 25.46816492799553, 198, 444992, 444992, 0.03506625071167946, 3.1272385120391846
2924, -1.0149475678335875, 2, 11.909680426993873, 90, 445082, 445082, 0.03311040252447128, 3.096463918685913
2925, -1.4782316734053893, 2, 32.01745104099973, 251, 445333, 445333, 0.030913004651665688, 3.1139519214630127
2926, 7.142356510128593, 1, 27.499416740000015, 214, 445547, 445547, 0.03155199810862541, 3.1106350421905518
2927, 4.177490341171506, 4, 40.095390941991354, 313, 445860, 445860, 0.03343202918767929, 3.1137819290161133
2928, -2.7426708205603063, 2, 8.904626920004375, 66, 445926, 445926, 0.03638630732893944, 3.0948877334594727
2929, -0.6342802794097224, 2, 19.495525991005707, 150, 446076, 446076, 0.034738875925540924, 3.111660957336426
2930, -4.0449668799337815, 2, 8.861891608001315, 66, 446142, 446142, 0.030255503952503204, 3.126278877258301
2931, -1.3925850759624154, 2, 10.388010313006816, 78, 446220, 446220, 0.02886897698044777, 3.111450672149658
2932, 0.4889480640995316, 4, 40.139212959998986, 315, 446535, 446535, 0.032907236367464066, 3.1058101654052734
2933, -1.3744332490023226, 2, 13.544366614994942, 103, 446638, 446638, 0.02903224714100361, 3.1000802516937256
2934, -0.9200128402935661, 2, 27.961568165002973, 218, 446856, 446856, 0.03702262043952942, 3.1162259578704834
2935, 6.683042587752425, 1, 30.368661015003454, 236, 447092, 447092, 0.034036725759506226, 3.107714891433716
2936, -1.3140141882468015, 2, 18.855999702005647, 146, 447238, 447238, 0.03364831581711769, 3.1128950119018555
2937, -3.927955934079364, 2, 4.302530610002577, 30, 447268, 447268, 0.029686037451028824, 3.1236603260040283
2938, 2.9127832336816937, 4, 40.115840231010225, 314, 447582, 447582, 0.03397500887513161, 3.109955072402954
2939, 6.894370659967535, 1, 31.423142878004, 245, 447827, 447827, 0.030851682648062706, 3.1077773571014404
2940, -4.105348397359194, 2, 6.4408349610021105, 47, 447874, 447874, 0.034074217081069946, 3.113283157348633
2941, 0.35042920779960696, 2, 26.866198356001405, 209, 448083, 448083, 0.03372441232204437, 3.1100668907165527
2942, -0.1574392729671672, 2, 26.143952316997456, 203, 448286, 448286, 0.03566015139222145, 3.111224412918091
2943, -2.1291222646832466, 2, 9.95498117498937, 75, 448361, 448361, 0.031895458698272705, 3.109272003173828
2944, -3.6820260731037706, 2, 5.208194225997431, 37, 448398, 448398, 0.03575872257351875, 3.1261653900146484
2945, -4.485083437291905, 2, 6.604606410997803, 48, 448446, 448446, 0.03328574076294899, 3.1066439151763916
2946, -1.462271345051704, 2, 28.32842312999128, 220, 448666, 448666, 0.03398357704281807, 3.119014024734497
2947, -4.081335262861103, 2, 4.291833994007902, 30, 448696, 448696, 0.03758133202791214, 3.137880563735962
2948, -5.707127610919997, 2, 4.318289112998173, 30, 448726, 448726, 0.040717147290706635, 3.115370988845825
2949, 7.4841361338365004, 1, 28.530115154004307, 222, 448948, 448948, 0.03285238519310951, 3.1234054565429688
2950, -1.3096507132286206, 2, 10.861043391007115, 82, 449030, 449030, 0.030783144757151604, 3.119661331176758
2951, 4.160256150305031, 4, 40.0648437130003, 314, 449344, 449344, 0.032990287989377975, 3.1114044189453125
2952, -4.798399860505015, 2, 4.279872551996959, 30, 449374, 449374, 0.03204889968037605, 3.1171021461486816
2953, -1.7892084294144297, 2, 34.92677550998633, 273, 449647, 449647, 0.03142507001757622, 3.1186916828155518
2954, -3.7561303611146286, 2, 5.414098185006878, 39, 449686, 449686, 0.026542415842413902, 3.128504991531372
2955, 7.400953326908677, 1, 27.49455487600062, 214, 449900, 449900, 0.03021569550037384, 3.113654851913452
2956, 2.500125093754832, 4, 40.108887309994316, 315, 450215, 450215, 0.031661711633205414, 3.109060525894165
2957, -0.5020582117140293, 2, 15.870259256989812, 121, 450336, 450336, 0.032378412783145905, 3.106558084487915
2958, 3.423044271869003, 4, 40.06944024100085, 313, 450649, 450649, 0.0323171466588974, 3.1117537021636963
2959, -5.607895072520478, 2, 23.695779625995783, 184, 450833, 450833, 0.03139771148562431, 3.1135177612304688
2960, -1.8757964752148837, 2, 13.753586621998693, 105, 450938, 450938, 0.033912353217601776, 3.113440752029419
2961, -3.853715109580662, 2, 8.098112659004983, 60, 450998, 450998, 0.028597235679626465, 3.127319812774658
2962, -0.24552920967835234, 2, 14.461541185999522, 110, 451108, 451108, 0.029595667496323586, 3.109112501144409
2963, -2.694020858616568, 2, 10.073375607011258, 76, 451184, 451184, 0.02999405562877655, 3.115483045578003
2964, -0.907059207034763, 2, 21.916646917001344, 170, 451354, 451354, 0.03516330569982529, 3.1092705726623535
2965, 2.145011185129988, 4, 40.16529153600277, 315, 451669, 451669, 0.03219705447554588, 3.119222402572632
2966, -3.2114946071524173, 2, 7.569838052004343, 56, 451725, 451725, 0.028755133971571922, 3.0973663330078125
2967, -0.18817650803248398, 2, 29.265826000992092, 228, 451953, 451953, 0.033275775611400604, 3.1099939346313477
2968, -2.0694149817863945, 2, 34.278922368001076, 267, 452220, 452220, 0.0324508398771286, 3.117276191711426
2969, 1.6478516998467967, 4, 40.17131326098752, 316, 452536, 452536, 0.03168955817818642, 3.110363245010376
2970, -0.7085589740163414, 2, 24.823956174994237, 192, 452728, 452728, 0.03207821771502495, 3.119262456893921
2971, -3.0425597850698978, 2, 8.878565655992134, 66, 452794, 452794, 0.03377179428935051, 3.1128087043762207
2972, -3.3388268533162773, 2, 11.029544785997132, 84, 452878, 452878, 0.0322469063103199, 3.131237506866455
2973, 7.344939324975712, 1, 23.438278134999564, 181, 453059, 453059, 0.03145340830087662, 3.118234634399414
2974, -0.446981999091804, 2, 19.103068070005975, 147, 453206, 453206, 0.03323719650506973, 3.1170296669006348
2975, 0.812963697459054, 4, 40.155963227007305, 315, 453521, 453521, 0.03487902134656906, 3.117844343185425
2976, -4.8157722083851695, 2, 4.278290852991631, 30, 453551, 453551, 0.037027839571237564, 3.1028168201446533
2977, -3.7010233017222163, 2, 11.743927401999827, 89, 453640, 453640, 0.03192106634378433, 3.106348991394043
2978, -0.8911372978473082, 2, 23.14814997900976, 179, 453819, 453819, 0.03539888188242912, 3.1133413314819336
2979, -0.17078274046070874, 2, 31.56689812699915, 246, 454065, 454065, 0.03190711513161659, 3.1150145530700684
2980, -3.977393858600408, 2, 6.183279613003833, 45, 454110, 454110, 0.03258443996310234, 3.0946462154388428
2981, -1.3198660994385136, 2, 18.50989887600008, 143, 454253, 454253, 0.030734442174434662, 3.116083860397339
2982, -1.2973083255274105, 2, 21.252448605999234, 164, 454417, 454417, 0.03197178617119789, 3.1140832901000977
2983, -1.7674263949738815, 2, 16.941862581996247, 130, 454547, 454547, 0.032801512628793716, 3.1055877208709717
2984, 7.845071338098933, 1, 36.480743777006865, 285, 454832, 454832, 0.03384140133857727, 3.113523483276367
2985, -1.125660070698359, 2, 10.613226379005937, 80, 454912, 454912, 0.02871771529316902, 3.118483066558838
2986, 2.3207663929497357, 4, 40.16409505798947, 315, 455227, 455227, 0.033563751727342606, 3.111530065536499
2987, 2.210198434331687, 4, 40.12066092398891, 314, 455541, 455541, 0.03325186297297478, 3.113246202468872
2988, -0.7731879874045262, 2, 29.53491880799993, 230, 455771, 455771, 0.029422814026474953, 3.1163175106048584
2989, -3.170168794807978, 2, 4.9500799310044385, 35, 455806, 455806, 0.02535082958638668, 3.1186790466308594
2990, -0.2422868681366026, 2, 22.267843093010015, 172, 455978, 455978, 0.03189826384186745, 3.1175756454467773
2991, 6.641653182537993, 1, 24.127841934008757, 186, 456164, 456164, 0.034252461045980453, 3.1126933097839355
2992, -0.30017068205052055, 2, 27.65501483499247, 215, 456379, 456379, 0.03271333873271942, 3.112071990966797
2993, -0.3410200950456783, 2, 38.57806496099511, 300, 456679, 456679, 0.033678729087114334, 3.1068761348724365
2994, 7.548748533539765, 1, 33.49862186299288, 261, 456940, 456940, 0.032578036189079285, 3.123159646987915
2995, -5.713769774418324, 2, 4.344006829007412, 30, 456970, 456970, 0.032493218779563904, 3.123300075531006
2996, 7.223095747132902, 1, 30.445776280001155, 237, 457207, 457207, 0.03064075857400894, 3.114863634109497
2997, -1.6448576216207584, 2, 29.44950253001298, 229, 457436, 457436, 0.03326974809169769, 3.1197266578674316
2998, -1.9025039013286005, 2, 39.79705465500592, 311, 457747, 457747, 0.03289366886019707, 3.1159162521362305
2999, 7.902572428196436, 1, 36.42936175999057, 284, 458031, 458031, 0.03191700577735901, 3.1088333129882812
3000, -1.063808986917138, 2, 7.473986281998805, 55, 458086, 458086, 0.031014222651720047, 3.0975427627563477
3001, -0.8979205978102982, 2, 9.49630337698909, 71, 458157, 458157, 0.0286208875477314, 3.101102590560913
3002, -1.7903108993778005, 2, 14.144551211997168, 108, 458265, 458265, 0.032709285616874695, 3.1016647815704346
3003, -3.526547823799774, 2, 4.4395600559946615, 31, 458296, 458296, 0.03344324603676796, 3.1228713989257812
3004, -4.050717259058729, 2, 10.484774080003262, 79, 458375, 458375, 0.03232748061418533, 3.1026437282562256
3005, -0.16965524313854985, 2, 30.19378632499138, 236, 458611, 458611, 0.03177898749709129, 3.1214985847473145
3006, -4.884518959093839, 2, 4.309611783988657, 30, 458641, 458641, 0.04558156058192253, 3.0859880447387695
3007, 0.9180513301198516, 4, 40.167552004000754, 315, 458956, 458956, 0.03200794383883476, 3.117866039276123
3008, -0.6186705137952231, 2, 24.46823238300567, 190, 459146, 459146, 0.03219867870211601, 3.113882064819336
3009, 2.0822768070574966, 4, 40.14888539399544, 315, 459461, 459461, 0.03274908289313316, 3.110431432723999
3010, 4.17176750609724, 4, 40.14567431100295, 312, 459773, 459773, 0.032064735889434814, 3.1147382259368896
3011, -1.5218508612597361, 2, 14.826924458000576, 113, 459886, 459886, 0.030762970447540283, 3.105480670928955
3012, -0.017299275343248155, 2, 31.344919883005787, 244, 460130, 460130, 0.03357191011309624, 3.107891082763672
3013, 1.842474945980939, 4, 40.07196710600692, 313, 460443, 460443, 0.03361208364367485, 3.110229969024658
3014, -0.934237948927148, 2, 37.15083380200667, 290, 460733, 460733, 0.031880706548690796, 3.1075994968414307
3015, -2.191542456333991, 2, 20.959969577001175, 162, 460895, 460895, 0.032943498343229294, 3.1096131801605225
3016, -4.012270572129637, 2, 6.359909816994332, 46, 460941, 460941, 0.029829706996679306, 3.10426664352417
3017, -3.1337972808396444, 2, 6.077849386012531, 44, 460985, 460985, 0.031374309211969376, 3.136648416519165
3018, 7.358917779347394, 1, 26.45822199700342, 205, 461190, 461190, 0.03417982533574104, 3.112694501876831
3019, -0.8841640134342015, 2, 11.393174229000579, 86, 461276, 461276, 0.032187532633543015, 3.1101436614990234
3020, 1.9974246271740412, 4, 40.10474060301203, 314, 461590, 461590, 0.03249458596110344, 3.11940598487854
3021, 1.6747775945113972, 4, 40.11610947699228, 314, 461904, 461904, 0.033395472913980484, 3.1196956634521484
3022, 2.961437130710692, 4, 40.13373697899806, 314, 462218, 462218, 0.034583743661642075, 3.121198892593384
3023, -2.240644806995988, 2, 8.716697447991464, 65, 462283, 462283, 0.032999493181705475, 3.1221604347229004
3024, -4.676134359207936, 2, 5.077943570999196, 36, 462319, 462319, 0.030858583748340607, 3.1201906204223633
3025, -3.84730284078978, 2, 9.073193987991544, 68, 462387, 462387, 0.03159132972359657, 3.119082450866699
3026, 0.9447218397108372, 4, 40.092437984989374, 313, 462700, 462700, 0.03430195525288582, 3.114075183868408
3027, -4.105962749803439, 2, 4.271362779996707, 30, 462730, 462730, 0.030601054430007935, 3.1300928592681885
3028, -3.310872357993503, 2, 12.63106277200859, 96, 462826, 462826, 0.03354513645172119, 3.1051406860351562
3029, -3.7121725495671853, 2, 4.34801211800368, 30, 462856, 462856, 0.034714896231889725, 3.1121132373809814
3030, 1.5663362879131455, 4, 40.08280864400149, 313, 463169, 463169, 0.03159889578819275, 3.1192712783813477
3031, -2.5005205660127103, 2, 8.745328816003166, 65, 463234, 463234, 0.031791944056749344, 3.1274452209472656
3032, 7.735488053658628, 1, 25.536203262992785, 197, 463431, 463431, 0.03125913441181183, 3.1202659606933594
3033, -1.419008017401211, 2, 18.852522810004302, 145, 463576, 463576, 0.029346195980906487, 3.1268599033355713
3034, -3.1153377399314195, 2, 4.7974062689900165, 34, 463610, 463610, 0.03169074282050133, 3.1460702419281006
3035, -1.4148950473972945, 2, 17.030094674002612, 130, 463740, 463740, 0.03176227957010269, 3.1293680667877197
3036, 0.4351593516767025, 4, 40.170410192004056, 315, 464055, 464055, 0.03194616734981537, 3.1210389137268066
3037, 2.770058787862581, 4, 40.159729203995084, 313, 464368, 464368, 0.03355206176638603, 3.114318609237671
3038, -2.14026361789729, 2, 22.595134375005728, 175, 464543, 464543, 0.03099644184112549, 3.121962785720825
3039, -5.124679237487726, 5, 4.301139450995834, 30, 464573, 464573, 0.043344251811504364, 3.1016440391540527
3040, -5.050230389650096, 2, 17.42109789099777, 134, 464707, 464707, 0.033107150346040726, 3.1227214336395264
3041, -1.158546440070495, 2, 33.629864039001404, 262, 464969, 464969, 0.03247540071606636, 3.1214041709899902
3042, 0.7624236588953863, 4, 40.069666184994276, 314, 465283, 465283, 0.032114095985889435, 3.1288790702819824
3043, -0.5606395130744204, 2, 27.883338672007085, 217, 465500, 465500, 0.030102115124464035, 3.1187851428985596
3044, -0.925013157477224, 2, 19.666274753995822, 152, 465652, 465652, 0.03271414712071419, 3.121762275695801
3045, -4.027554856031202, 2, 7.248206105999998, 53, 465705, 465705, 0.032403334975242615, 3.1190433502197266
3046, 0.5884693612388219, 4, 40.07506869500503, 314, 466019, 466019, 0.032351940870285034, 3.1249191761016846
3047, -3.8224173455964774, 2, 4.302327539000544, 30, 466049, 466049, 0.029278893023729324, 3.104809045791626
3048, -4.689642721321434, 2, 4.306551550995209, 30, 466079, 466079, 0.030343597754836082, 3.1258065700531006
3049, -1.0343382118862792, 2, 39.63636628999666, 310, 466389, 466389, 0.03150661662220955, 3.124647378921509
3050, -2.679723637877032, 2, 8.807222953997552, 65, 466454, 466454, 0.03457179293036461, 3.1235780715942383
3051, 0.9871175652879174, 4, 40.14015566499438, 314, 466768, 466768, 0.031905896961688995, 3.122436285018921
3052, 8.384809750597924, 1, 26.55235170701053, 206, 466974, 466974, 0.034403346478939056, 3.117147445678711
3053, 3.835724056654726, 4, 40.166775346995564, 314, 467288, 467288, 0.034362975507974625, 3.115398645401001
3054, -4.9281149294401985, 2, 32.090864664001856, 250, 467538, 467538, 0.032621342688798904, 3.1248209476470947
3055, -3.536643909290433, 2, 6.633177741008694, 48, 467586, 467586, 0.03676963225007057, 3.113626480102539
3056, 8.07200872595422, 1, 28.44737077600439, 221, 467807, 467807, 0.03405196964740753, 3.11385440826416
3057, 0.8086363961920142, 2, 25.931172662007157, 201, 468008, 468008, 0.03680424019694328, 3.1147286891937256
3058, -2.1175847452832386, 2, 9.5375662780134, 71, 468079, 468079, 0.03602496162056923, 3.1166749000549316
3059, -0.7588587044738233, 2, 14.101963205001084, 108, 468187, 468187, 0.03520209342241287, 3.123357057571411
3060, -1.7024443787013297, 2, 25.350407721998636, 197, 468384, 468384, 0.03210502490401268, 3.1148948669433594
3061, -1.2306616911664605, 2, 13.326297399995383, 101, 468485, 468485, 0.032988905906677246, 3.1333184242248535
3062, -0.5042424104976817, 2, 24.558184783003526, 190, 468675, 468675, 0.03414918854832649, 3.122814655303955
3063, -0.7437029145366978, 2, 36.99053606699454, 288, 468963, 468963, 0.030667761340737343, 3.1248083114624023
3064, -1.7040954931871966, 2, 31.379912805001368, 244, 469207, 469207, 0.0318942628800869, 3.1263105869293213
3065, -0.09423737914767116, 2, 16.342265626997687, 125, 469332, 469332, 0.03479279577732086, 3.131241798400879
3066, -2.04231422158, 4, 40.13950822399056, 315, 469647, 469647, 0.032570432871580124, 3.121584415435791
3067, -4.1945247570984066, 2, 4.324443389996304, 30, 469677, 469677, 0.02922252006828785, 3.1440141201019287
3068, -0.9294529855833389, 2, 23.02147628700186, 178, 469855, 469855, 0.03270965442061424, 3.123720645904541
3069, 7.245903441275004, 1, 25.46754626999609, 197, 470052, 470052, 0.03168323263525963, 3.1180226802825928
3070, -0.47563951440679375, 2, 40.01163748100225, 313, 470365, 470365, 0.032012004405260086, 3.1184544563293457
3071, 3.2064497691644647, 4, 40.18893730700074, 313, 470678, 470678, 0.03247905522584915, 3.118042230606079
3072, -1.9909640881232917, 2, 7.969730825992883, 59, 470737, 470737, 0.02946389466524124, 3.1188385486602783
3073, -0.9882096900837496, 2, 15.72295072999259, 120, 470857, 470857, 0.03365655243396759, 3.1059787273406982
3074, 3.7888371527737945, 4, 40.10108310299984, 314, 471171, 471171, 0.03311983495950699, 3.1228065490722656
3075, -0.37517818513151724, 2, 26.650447338004597, 206, 471377, 471377, 0.03031163103878498, 3.1148335933685303
3076, -1.5014272321714088, 2, 9.52862223199918, 71, 471448, 471448, 0.03135237470269203, 3.12266206741333
3077, 0.669498004252091, 2, 19.352575937999063, 149, 471597, 471597, 0.03434440493583679, 3.1137535572052
3078, -2.3612033294848516, 2, 32.61868471901107, 254, 471851, 471851, 0.034938693046569824, 3.1209561824798584
3079, 6.91817318595713, 1, 26.388681960990652, 204, 472055, 472055, 0.03368150070309639, 3.1099109649658203
3080, 1.8256346237612888, 1, 4.27807681899867, 30, 472085, 472085, 0.03447238728404045, 3.1295626163482666
3081, -0.14186877071188064, 2, 35.60273354999663, 278, 472363, 472363, 0.03229572996497154, 3.111476182937622
3082, -3.5348572195507586, 2, 4.956687094992958, 35, 472398, 472398, 0.03148697316646576, 3.119065999984741
3083, 1.5994542645203182, 4, 40.07834376599931, 314, 472712, 472712, 0.034208931028842926, 3.1261115074157715
3084, -0.3433850141154835, 2, 34.3595023460075, 268, 472980, 472980, 0.03340495005249977, 3.117253303527832
3085, 1.9522396373504307, 4, 40.140705281010014, 314, 473294, 473294, 0.03544444963335991, 3.117994785308838
3086, -1.1524308103721523, 2, 21.511176005995367, 166, 473460, 473460, 0.03247484564781189, 3.129157304763794
3087, 3.5747564784251153, 4, 40.100461443988024, 313, 473773, 473773, 0.03104415535926819, 3.117579936981201
3088, 0.577486229929491, 4, 40.07858230499551, 314, 474087, 474087, 0.03337427228689194, 3.1168477535247803
3089, 4.036741826874277, 4, 40.1973361739947, 314, 474401, 474401, 0.031246747821569443, 3.1127374172210693
3090, -2.9948436940721876, 2, 35.76863449999655, 279, 474680, 474680, 0.03285088762640953, 3.1220016479492188
3091, 7.239908655974432, 1, 39.79846748500131, 311, 474991, 474991, 0.03114308975636959, 3.122638702392578
3092, 2.784507378783019, 4, 40.10811234000721, 312, 475303, 475303, 0.03415457904338837, 3.124890089035034
3093, -5.576179401832633, 2, 4.314657007009373, 30, 475333, 475333, 0.03614111989736557, 3.0950276851654053
3094, 6.782656010618666, 1, 35.44578287799959, 276, 475609, 475609, 0.03228598088026047, 3.116943836212158
3095, -4.1563948560506105, 2, 4.436383902007947, 31, 475640, 475640, 0.03309433534741402, 3.1227383613586426
3096, 0.442572538391687, 2, 16.739512073007063, 128, 475768, 475768, 0.030494069680571556, 3.121276378631592
3097, -3.992233165190555, 2, 4.34415170099237, 30, 475798, 475798, 0.03079124540090561, 3.1579463481903076
3098, 1.971292376270867, 4, 40.09039649600163, 313, 476111, 476111, 0.032894909381866455, 3.1228110790252686
3099, -2.653043454833096, 2, 34.141679938009474, 260, 476371, 476371, 0.03397567197680473, 3.1213536262512207
3100, -4.053681518533267, 2, 4.359748793998733, 30, 476401, 476401, 0.034437622874975204, 3.106048583984375
3101, -4.3166133251506835, 2, 4.319334604006144, 30, 476431, 476431, 0.03889100253582001, 3.140343189239502
3102, -2.7519662301674543, 2, 35.50557285400282, 277, 476708, 476708, 0.031061213463544846, 3.1252448558807373
3103, -2.4081228531431407, 2, 12.456108762999065, 94, 476802, 476802, 0.03185269609093666, 3.1216514110565186
3104, -3.5020558587275445, 2, 13.547482066001976, 103, 476905, 476905, 0.033732786774635315, 3.1142024993896484
3105, 7.197643539500859, 1, 21.52932994600269, 166, 477071, 477071, 0.0307210274040699, 3.113792657852173
3106, -1.4812500320840627, 4, 40.06633706900175, 313, 477384, 477384, 0.03359369933605194, 3.1233012676239014
3107, -3.2970362320775166, 2, 5.105637083994225, 36, 477420, 477420, 0.031023694202303886, 3.123236656188965
3108, 3.415732928464422, 4, 40.08595989400055, 313, 477733, 477733, 0.03365848585963249, 3.1271588802337646
3109, 6.96774309547618, 1, 31.4938983739994, 244, 477977, 477977, 0.031087694689631462, 3.1113481521606445
3110, 6.991350765922107, 1, 18.507111155005987, 142, 478119, 478119, 0.03302357718348503, 3.1100046634674072
3111, 0.6357787881133845, 4, 40.11601126501046, 314, 478433, 478433, 0.033492859452962875, 3.1225671768188477
3112, -2.9384637366747484, 2, 7.096067702994333, 52, 478485, 478485, 0.035979706794023514, 3.1099016666412354
3113, 7.62208163525429, 1, 34.415763051001704, 268, 478753, 478753, 0.03138897567987442, 3.109151840209961
3114, 2.561283686773095, 4, 40.09214011600125, 313, 479066, 479066, 0.03240840509533882, 3.1141741275787354
3115, -0.9550540412310511, 2, 19.671288028999697, 151, 479217, 479217, 0.03177525848150253, 3.1123011112213135
3116, 2.6127554729682743, 4, 40.067854360997444, 312, 479529, 479529, 0.033486660569906235, 3.1127028465270996
3117, 2.273389568494167, 4, 40.196517015996506, 314, 479843, 479843, 0.030608806759119034, 3.1262781620025635
3118, -4.781661647255532, 2, 32.914338735994534, 257, 480100, 480100, 0.03302421048283577, 3.1179399490356445
3119, -0.7779881084570661, 2, 10.149756947997957, 76, 480176, 480176, 0.030955800786614418, 3.1268692016601562
3120, 3.7458117592614144, 4, 40.109414519989514, 312, 480488, 480488, 0.03331868350505829, 3.1243488788604736
3121, 0.055229844867426436, 2, 38.18973840700346, 298, 480786, 480786, 0.03203156962990761, 3.1130380630493164
3122, 2.0439921853349006, 4, 40.06028459100344, 312, 481098, 481098, 0.03494628518819809, 3.1135761737823486
3123, -2.8638106903308653, 2, 27.476208239997504, 213, 481311, 481311, 0.032056327909231186, 3.121183395385742
3124, -1.311285452109587, 2, 35.33948512299685, 275, 481586, 481586, 0.033201608806848526, 3.1230525970458984
3125, -4.286740978714079, 2, 5.435895531001734, 39, 481625, 481625, 0.03375351056456566, 3.136416435241699
3126, -4.7098399782553315, 2, 4.3446110260119895, 30, 481655, 481655, 0.03282181918621063, 3.1074118614196777
3127, 3.644353876588866, 4, 40.11790995400224, 312, 481967, 481967, 0.031409721821546555, 3.1322813034057617
3128, 1.7290769440114673, 4, 40.092512791001354, 314, 482281, 482281, 0.030231760814785957, 3.1303064823150635
3129, -4.841941237275023, 2, 4.302418680003029, 30, 482311, 482311, 0.038267720490694046, 3.1204187870025635
3130, -0.7047433335683309, 2, 25.488765550995595, 197, 482508, 482508, 0.031847331672906876, 3.123444080352783
3131, 2.1472334426025554, 4, 40.24371920200065, 314, 482822, 482822, 0.0322856605052948, 3.11897873878479
3132, -3.9286672598682344, 2, 4.306897600996308, 30, 482852, 482852, 0.028102660551667213, 3.125819683074951
3133, 7.766111847775392, 1, 27.50256680000166, 213, 483065, 483065, 0.03490249812602997, 3.1216742992401123
3134, 1.8935229258495383, 4, 40.08678949599562, 313, 483378, 483378, 0.0346648246049881, 3.1322286128997803
3135, -5.133549386751838, 2, 4.42748857200786, 31, 483409, 483409, 0.03258621692657471, 3.115903854370117
3136, -2.802072553895414, 2, 10.002226053999038, 74, 483483, 483483, 0.03375279903411865, 3.1208572387695312
3137, -3.42812391044572, 2, 5.30438198200136, 38, 483521, 483521, 0.029857905581593513, 3.098465919494629
3138, -3.975058122770861, 2, 4.332168404987897, 30, 483551, 483551, 0.034183319658041, 3.1552927494049072
3139, -2.0861886261100153, 2, 22.434568700002274, 173, 483724, 483724, 0.029131440445780754, 3.1224474906921387
3140, -3.2710804107482545, 2, 9.275238788002753, 69, 483793, 483793, 0.027945175766944885, 3.115868091583252
3141, 1.2187633894209284, 4, 40.060939981005504, 313, 484106, 484106, 0.03308382257819176, 3.125082492828369
3142, 6.966412321140524, 1, 21.426906841006712, 165, 484271, 484271, 0.03311273828148842, 3.1256728172302246
3143, -2.487671698210761, 2, 9.105100437009241, 68, 484339, 484339, 0.029147466644644737, 3.117281913757324
3144, -1.481993706056528, 2, 16.27996326299035, 125, 484464, 484464, 0.032074056565761566, 3.1202938556671143
3145, 7.55977117450675, 1, 20.497908296005335, 158, 484622, 484622, 0.032147035002708435, 3.1208291053771973
3146, 1.8635795239947583, 4, 40.10501943300187, 313, 484935, 484935, 0.029541613534092903, 3.115119695663452
3147, 0.5447113214904675, 2, 20.00915046299633, 153, 485088, 485088, 0.03194938600063324, 3.1177730560302734
3148, -4.3508212299784645, 2, 4.314272753006662, 30, 485118, 485118, 0.03231680020689964, 3.116562843322754
3149, 7.039854258320247, 1, 32.449871169010294, 253, 485371, 485371, 0.03366229310631752, 3.1240317821502686
3150, -0.12898099975427613, 2, 32.548422275009216, 253, 485624, 485624, 0.036827437579631805, 3.1147375106811523
3151, -4.26020901335869, 2, 8.622546411992516, 64, 485688, 485688, 0.03301124647259712, 3.112346649169922
3152, -0.866282724933626, 2, 19.173890316000325, 147, 485835, 485835, 0.031182600185275078, 3.1164236068725586
3153, -2.263357338262722, 2, 12.745629005003138, 97, 485932, 485932, 0.030336426571011543, 3.127102851867676
3154, -5.0540094575844705, 2, 4.314518528000917, 30, 485962, 485962, 0.0338931679725647, 3.108700752258301
3155, -2.3722445324528962, 2, 10.527953102005995, 79, 486041, 486041, 0.035775620490312576, 3.1338961124420166
3156, -4.857113126861805, 2, 16.061901761000627, 123, 486164, 486164, 0.034130826592445374, 3.1235711574554443
3157, -3.362312026176369, 2, 8.272150481003337, 61, 486225, 486225, 0.03155237063765526, 3.129869222640991
3158, -1.521209183265455, 2, 10.163720476004528, 76, 486301, 486301, 0.033915117383003235, 3.105541467666626
3159, 3.9219039804884233, 4, 40.14567983899906, 313, 486614, 486614, 0.032102737575769424, 3.118647336959839
3160, 1.830089604103705, 4, 40.09415019401058, 312, 486926, 486926, 0.03259234130382538, 3.1180803775787354
3161, -1.7923255187633913, 2, 34.286656757001765, 267, 487193, 487193, 0.0316513292491436, 3.111679792404175
3162, -1.1026555002172245, 2, 24.547405537989107, 190, 487383, 487383, 0.03176460415124893, 3.128213882446289
3163, -3.782854982186109, 2, 8.473447084994405, 63, 487446, 487446, 0.02916955016553402, 3.0920450687408447
3164, 0.6287078523746459, 4, 40.1739433400071, 313, 487759, 487759, 0.03314400091767311, 3.121593713760376
3165, -2.0513402295764536, 2, 9.640397932002088, 72, 487831, 487831, 0.033602360635995865, 3.134465456008911
3166, 7.001842217548983, 1, 25.48999716999242, 197, 488028, 488028, 0.031795524060726166, 3.116788864135742
3167, -4.552497007884085, 2, 4.313567913995939, 30, 488058, 488058, 0.03007909469306469, 3.109379529953003
3168, -3.135145545222258, 2, 38.87882698299654, 304, 488362, 488362, 0.03399268910288811, 3.116265058517456
3169, -1.6024557613818615, 2, 23.511858357000165, 181, 488543, 488543, 0.03277326002717018, 3.120041608810425
3170, -2.315928947296925, 2, 29.55140821399982, 229, 488772, 488772, 0.032712165266275406, 3.1285414695739746
3171, 3.653768053311296, 4, 40.08198420899862, 312, 489084, 489084, 0.03467968851327896, 3.129896879196167
3172, -2.903934643836692, 2, 7.133140562000335, 52, 489136, 489136, 0.027462324127554893, 3.131605386734009
3173, -4.493304797215387, 2, 5.447537852000096, 39, 489175, 489175, 0.032532699406147, 3.109992504119873
3174, -0.46024562744423747, 2, 16.241232070999104, 124, 489299, 489299, 0.03135014325380325, 3.118342638015747
3175, -0.8087944758299273, 2, 38.88754218000395, 303, 489602, 489602, 0.03334461525082588, 3.1196727752685547
3176, -5.671183745842427, 2, 4.332019652996678, 30, 489632, 489632, 0.03476649522781372, 3.1170990467071533
3177, -3.602395133348182, 2, 7.209295110995299, 53, 489685, 489685, 0.035444408655166626, 3.1184003353118896
3178, -0.6314820672851056, 2, 21.711113848999958, 167, 489852, 489852, 0.03279203549027443, 3.1048033237457275
3179, -4.091323912842199, 2, 5.619622794998577, 40, 489892, 489892, 0.0316166877746582, 3.119514226913452
3180, -1.0499964657938108, 2, 16.99837841599947, 130, 490022, 490022, 0.03017493709921837, 3.1216275691986084
3181, -3.1072012546937913, 2, 7.468121215002611, 55, 490077, 490077, 0.035237088799476624, 3.1202878952026367
3182, -0.39161203475669026, 2, 11.428078147990163, 86, 490163, 490163, 0.03551478311419487, 3.115288257598877
3183, -0.9405113940592855, 2, 10.43886694899993, 78, 490241, 490241, 0.029298556968569756, 3.124519109725952
3184, 7.9265414688998135, 1, 23.53395727300085, 181, 490422, 490422, 0.032578349113464355, 3.128187656402588
3185, -1.3171058351872489, 2, 11.261403988988604, 85, 490507, 490507, 0.03652583062648773, 3.1280198097229004
3186, -1.4305088012479246, 2, 13.536066835004021, 103, 490610, 490610, 0.0343627855181694, 3.1175081729888916
3187, -2.358051425704616, 2, 14.134854310002993, 107, 490717, 490717, 0.027915745973587036, 3.129577159881592
3188, 7.422330831119325, 1, 25.474679082995863, 197, 490914, 490914, 0.03208720684051514, 3.1081831455230713
3189, 8.195493409468327, 1, 20.460122693999438, 157, 491071, 491071, 0.034104105085134506, 3.119675874710083
3190, -1.0428994663525373, 2, 13.27065986400703, 100, 491171, 491171, 0.030331887304782867, 3.1305947303771973
3191, 0.06721146056224825, 2, 27.359940492999158, 212, 491383, 491383, 0.033851783722639084, 3.1199254989624023
3192, 1.796124960994348, 4, 40.17634760400688, 314, 491697, 491697, 0.03406733274459839, 3.1245148181915283
3193, -3.011745209340006, 2, 5.194411740012583, 37, 491734, 491734, 0.03898216411471367, 3.1103646755218506
3194, -4.423481859616004, 2, 4.314516771992203, 30, 491764, 491764, 0.032898373901844025, 3.1076178550720215
3195, -4.321365213254467, 2, 4.349039998996886, 30, 491794, 491794, 0.02672392688691616, 3.0909910202026367
3196, 7.008991257054731, 1, 21.50320726199425, 165, 491959, 491959, 0.03297556936740875, 3.127659320831299
3197, -1.4960020871367306, 2, 30.039199437000207, 233, 492192, 492192, 0.03321456164121628, 3.1190109252929688
3198, -3.800004161777906, 2, 4.296557405992644, 30, 492222, 492222, 0.04163113981485367, 3.1305205821990967
3199, 3.0224987997789867, 4, 40.10775885099429, 312, 492534, 492534, 0.030554765835404396, 3.1191065311431885
3200, 1.6389724067412317, 4, 40.16402498699608, 313, 492847, 492847, 0.033392421901226044, 3.123642683029175
3201, -1.120397669088561, 2, 13.285440936000668, 100, 492947, 492947, 0.03597024828195572, 3.126110553741455
3202, 2.1963208882480103, 4, 40.079751432000194, 312, 493259, 493259, 0.030930815264582634, 3.1191985607147217
3203, -3.9631980269914493, 2, 4.324409612003365, 30, 493289, 493289, 0.032539818435907364, 3.1211302280426025
3204, 2.94470801751595, 4, 40.072059218000504, 311, 493600, 493600, 0.03347258269786835, 3.1132397651672363
3205, -2.563768106047064, 2, 7.938785174992518, 58, 493658, 493658, 0.03776971995830536, 3.1052987575531006
3206, -1.9064915769267827, 4, 40.17299349300447, 314, 493972, 493972, 0.0334523543715477, 3.1229491233825684
3207, 2.038594451849349, 4, 40.07932989599067, 313, 494285, 494285, 0.03357734531164169, 3.125023365020752
3208, 0.32862228839076124, 4, 40.109938966008485, 313, 494598, 494598, 0.033053841441869736, 3.1182479858398438
3209, -3.4875606761779636, 2, 4.721747912000865, 33, 494631, 494631, 0.040156081318855286, 3.125316619873047
3210, 7.744097965169203, 1, 28.460868162001134, 220, 494851, 494851, 0.03409399464726448, 3.112717390060425
3211, -5.647383015137166, 2, 4.289006671999232, 30, 494881, 494881, 0.03030375950038433, 3.103046417236328
3212, -4.9249223209917545, 2, 4.3148599109990755, 30, 494911, 494911, 0.035941775888204575, 3.0825092792510986
3213, -3.12437875175965, 2, 23.47448172599252, 181, 495092, 495092, 0.0343138687312603, 3.1174256801605225
3214, -5.1621440823655576, 2, 4.3348593980044825, 30, 495122, 495122, 0.03299873322248459, 3.099412441253662
3215, 3.089199585455276, 4, 40.05831864899665, 312, 495434, 495434, 0.033478107303380966, 3.1212642192840576
3216, -1.7005483117536642, 2, 12.46331523200206, 94, 495528, 495528, 0.03581445664167404, 3.1057558059692383
3217, -1.4505358601745684, 2, 29.007819587990525, 223, 495751, 495751, 0.03335416316986084, 3.124068260192871
3218, -1.0030389262410608, 2, 26.37904568000522, 204, 495955, 495955, 0.03130899369716644, 3.1162288188934326
3219, -5.197721555363387, 2, 4.316579193997313, 30, 495985, 495985, 0.04052220657467842, 3.110799551010132
3220, -2.564428525045514, 2, 8.351119731989456, 62, 496047, 496047, 0.031613096594810486, 3.119868040084839
3221, -0.7849440275749657, 2, 14.8420802729961, 113, 496160, 496160, 0.030884580686688423, 3.1271278858184814
3222, 2.2397781082599977, 4, 40.16636719199596, 314, 496474, 496474, 0.032046910375356674, 3.1279261112213135
3223, 0.42255891946842894, 4, 40.12803055199038, 313, 496787, 496787, 0.031093936413526535, 3.126903533935547
3224, 0.48827646354038734, 2, 27.493682718995842, 212, 496999, 496999, 0.0327976793050766, 3.114908456802368
3225, 3.4910603829775937, 4, 40.13509303999308, 314, 497313, 497313, 0.03422215208411217, 3.123420000076294
3226, 2.8320540269778576, 4, 40.12496267500683, 312, 497625, 497625, 0.03466666862368584, 3.126849412918091
3227, 2.1996328154637013, 4, 40.18795395400957, 313, 497938, 497938, 0.033022381365299225, 3.1224288940429688
3228, 7.924450877995696, 1, 28.46051084699866, 221, 498159, 498159, 0.03384001925587654, 3.122755289077759
3229, 1.201555104489671, 4, 40.17840214401076, 314, 498473, 498473, 0.03151097148656845, 3.1157562732696533
3230, -3.659794297069311, 2, 4.327092147010262, 30, 498503, 498503, 0.03419862315058708, 3.1060140132904053
3231, -0.7045971616898896, 2, 21.316056391995517, 164, 498667, 498667, 0.03216876462101936, 3.1274774074554443
3232, 2.0953394197167654, 4, 40.14194148099341, 313, 498980, 498980, 0.03354968875646591, 3.12591552734375
3233, -1.8430378630873747, 2, 27.18194014499022, 209, 499189, 499189, 0.030981209129095078, 3.11862850189209
3234, 7.726685884488688, 1, 28.408063745999243, 220, 499409, 499409, 0.032202526926994324, 3.1190013885498047
3235, -0.8474705710541457, 2, 11.2997438099992, 85, 499494, 499494, 0.03357008099555969, 3.1221606731414795
3236, -3.0943347486900166, 2, 8.487829049001448, 63, 499557, 499557, 0.033124037086963654, 3.1043245792388916
3237, -2.728196062729694, 2, 25.362096962999203, 196, 499753, 499753, 0.03277929872274399, 3.1250109672546387
3238, 2.218317872233456, 4, 40.08955960300227, 312, 500065, 500065, 0.033660437911748886, 3.1144065856933594
3239, -1.7579242306237575, 2, 28.496668737003347, 221, 500286, 500286, 0.03352951258420944, 3.1200473308563232
3240, -1.962637239776086, 2, 29.069026990997372, 225, 500511, 500511, 0.03225332126021385, 3.1185576915740967
3241, 3.5904303208371857, 4, 40.128870052009006, 313, 500824, 500824, 0.03359116241335869, 3.1256299018859863
3242, 2.240762235291186, 4, 40.21966913899814, 313, 501137, 501137, 0.03334803506731987, 3.1243436336517334
3243, 3.7765619774163497, 4, 40.11303491098806, 312, 501449, 501449, 0.03399589657783508, 3.118133544921875
3244, 2.548764443275104, 4, 40.16437601899088, 313, 501762, 501762, 0.03275037929415703, 3.117471218109131
3245, 2.096449081742321, 4, 40.13108991899935, 313, 502075, 502075, 0.030502447858452797, 3.120514154434204
3246, 7.975837060890626, 1, 26.519606988003943, 205, 502280, 502280, 0.032472290098667145, 3.124553680419922
3247, -3.407179104629904, 2, 6.744928240994341, 49, 502329, 502329, 0.03784644603729248, 3.102567672729492
3248, 0.17703908443218097, 2, 22.650557216999005, 174, 502503, 502503, 0.034503888338804245, 3.126185178756714
3249, 0.6038877699756995, 2, 19.41942128300434, 149, 502652, 502652, 0.033400729298591614, 3.1228721141815186
3250, 7.309613335499307, 1, 22.525934491990483, 173, 502825, 502825, 0.03332831338047981, 3.122497320175171
3251, -0.03163843392394483, 2, 21.668611607005005, 166, 502991, 502991, 0.03232669085264206, 3.11456561088562
3252, 5.709838613671309, 1, 33.498886585992295, 259, 503250, 503250, 0.03529376909136772, 3.1191928386688232
3253, -2.077921993804921, 2, 36.37195253900427, 282, 503532, 503532, 0.03411264717578888, 3.1172497272491455
3254, -0.8160579632822191, 2, 21.092110845987918, 162, 503694, 503694, 0.032162465155124664, 3.1265010833740234
3255, -2.93299772311002, 2, 6.459021225993638, 47, 503741, 503741, 0.02953859604895115, 3.10947585105896
3256, 0.3731577218568418, 2, 37.23352569100098, 289, 504030, 504030, 0.03044840879738331, 3.1110947132110596
3257, 3.1497076992091024, 4, 40.1551061450009, 312, 504342, 504342, 0.033082425594329834, 3.1153459548950195
3258, -2.3542593851452693, 2, 12.55253910200554, 95, 504437, 504437, 0.03482498601078987, 3.097471237182617
3259, 1.9921366701310035, 4, 40.08766238899261, 312, 504749, 504749, 0.03285878896713257, 3.117079257965088
3260, -2.180740154457453, 4, 40.16732666498865, 313, 505062, 505062, 0.0312394630163908, 3.1222774982452393
3261, -1.803933577692078, 2, 37.269657196011394, 290, 505352, 505352, 0.034876901656389236, 3.1081953048706055
3262, -1.8496852065436542, 2, 10.197911294992082, 76, 505428, 505428, 0.032272689044475555, 3.115633010864258
3263, -4.221437162341317, 2, 10.029953164994367, 75, 505503, 505503, 0.03336242586374283, 3.121063709259033
3264, 1.7168037491064752, 4, 40.1471766869945, 313, 505816, 505816, 0.034161366522312164, 3.1335582733154297
3265, -0.3185648899525404, 2, 24.646421897006803, 189, 506005, 506005, 0.03573612868785858, 3.1202986240386963
3266, -1.374154491146328, 2, 17.52399147300457, 134, 506139, 506139, 0.035320889204740524, 3.1134889125823975
3267, -5.753459773957729, 2, 4.312368894999963, 30, 506169, 506169, 0.039093587547540665, 3.123274087905884
3268, -1.9003683873452246, 2, 11.741657086997293, 88, 506257, 506257, 0.033571235835552216, 3.1023309230804443
3269, -4.920043522957712, 2, 4.351004711992573, 30, 506287, 506287, 0.02620168961584568, 3.119288444519043
3270, 1.96094445583185, 4, 40.11263209900062, 312, 506599, 506599, 0.032078780233860016, 3.1292850971221924
3271, -3.198054544162005, 2, 4.340318118003779, 30, 506629, 506629, 0.025547273457050323, 3.096930980682373
3272, 1.674626766693109, 4, 40.10503715799132, 312, 506941, 506941, 0.03195898234844208, 3.1189169883728027
3273, 2.664185544825159, 4, 40.09767964099592, 312, 507253, 507253, 0.03398747369647026, 3.122224807739258
3274, -4.176338132703677, 2, 7.752858609994291, 57, 507310, 507310, 0.02880074642598629, 3.0943479537963867
3275, -1.8969938531517982, 2, 15.709634612998343, 120, 507430, 507430, 0.03303137794137001, 3.121446132659912
3276, -2.7511044057901017, 2, 23.97307463499601, 185, 507615, 507615, 0.0318291112780571, 3.1220881938934326
3277, 4.16278362121011, 4, 40.168390124003054, 312, 507927, 507927, 0.0330355241894722, 3.125229835510254
3278, 3.0255061357553714, 4, 40.09954775199003, 312, 508239, 508239, 0.03231625258922577, 3.119935989379883
3279, -0.1939929464715533, 2, 25.59644961199956, 197, 508436, 508436, 0.03121398389339447, 3.1280953884124756
3280, 0.19127229546575109, 2, 34.170178216998465, 264, 508700, 508700, 0.03454957902431488, 3.115703582763672
3281, -0.6083573705982417, 2, 10.851814552996075, 81, 508781, 508781, 0.0322604700922966, 3.1346447467803955
3282, 0.46967712986588595, 2, 30.68706854400807, 237, 509018, 509018, 0.03522516041994095, 3.1154229640960693
3283, -1.0524244462139904, 2, 10.571848242994747, 79, 509097, 509097, 0.03964732587337494, 3.1182408332824707
3284, -4.236298051531776, 2, 20.81976250700245, 160, 509257, 509257, 0.03137034922838211, 3.1071956157684326
3285, -5.440440879785456, 2, 4.322243488000822, 30, 509287, 509287, 0.03536142781376839, 3.1063649654388428
3286, -2.9326931173382036, 2, 11.070330928996555, 83, 509370, 509370, 0.02946566976606846, 3.132871627807617
3287, 3.642426655314921, 4, 40.21116406099463, 312, 509682, 509682, 0.031168879941105843, 3.1233136653900146
3288, -1.7217073399806395, 2, 14.349417036006344, 109, 509791, 509791, 0.03215692192316055, 3.1159117221832275
3289, 0.5216213500243612, 2, 25.274693724990357, 194, 509985, 509985, 0.03469216823577881, 3.1225829124450684
3290, -2.1511446423101006, 2, 23.337603047999437, 179, 510164, 510164, 0.030656035989522934, 3.116807222366333
3291, -3.434943833388388, 2, 18.170238221995533, 139, 510303, 510303, 0.03046935610473156, 3.1210057735443115
3292, -5.0645815142197534, 2, 4.349299459005124, 30, 510333, 510333, 0.028061458840966225, 3.117169141769409
3293, 6.033383255868102, 1, 26.543845716994838, 205, 510538, 510538, 0.03341655805706978, 3.1149137020111084
3294, 3.3309462242395966, 4, 40.099944607005455, 312, 510850, 510850, 0.034138284623622894, 3.1232242584228516
3295, -5.788672415539622, 2, 30.131041512999218, 234, 511084, 511084, 0.032965563237667084, 3.1282129287719727
3296, -2.699160120653687, 2, 22.734057560999645, 174, 511258, 511258, 0.03309233859181404, 3.1103105545043945
3297, -5.324016035301611, 2, 4.364800383991678, 30, 511288, 511288, 0.031332094222307205, 3.075761318206787
3298, 2.8242655250614916, 4, 40.053933040006086, 311, 511599, 511599, 0.03221464902162552, 3.1169447898864746
3299, -3.7997265866724774, 2, 6.601731300994288, 48, 511647, 511647, 0.03169583901762962, 3.1190147399902344
3300, 8.23693840460328, 1, 25.359230111003853, 195, 511842, 511842, 0.03178061544895172, 3.118180751800537
3301, -0.28031189097237075, 2, 23.104477608998423, 177, 512019, 512019, 0.03213956207036972, 3.1085145473480225
3302, 8.407442243769765, 1, 24.42303034500219, 188, 512207, 512207, 0.032067183405160904, 3.1148006916046143
3303, 1.8908140974817798, 1, 4.294334224992781, 30, 512237, 512237, 0.030661018565297127, 3.1187939643859863
3304, 3.7432713936577784, 4, 40.13415501700365, 311, 512548, 512548, 0.032176289707422256, 3.1147360801696777
3305, -4.553568417664792, 2, 20.20136094201007, 155, 512703, 512703, 0.032446570694446564, 3.114485740661621
3306, 6.698046546138357, 1, 20.46252984998864, 156, 512859, 512859, 0.032990530133247375, 3.10658860206604
3307, 7.499758384888992, 1, 33.39069351599028, 257, 513116, 513116, 0.03115738183259964, 3.1209065914154053
3308, 7.286545534931065, 1, 34.448930037993705, 267, 513383, 513383, 0.03129798173904419, 3.113888740539551
3309, -3.229525252711028, 2, 23.71120082300331, 183, 513566, 513566, 0.03430061414837837, 3.1202852725982666
3310, -2.6363972447434207, 2, 9.449841904992354, 70, 513636, 513636, 0.03802507743239403, 3.1080515384674072
3311, -1.9011219590902328, 2, 10.270085256997845, 77, 513713, 513713, 0.030497878789901733, 3.1232922077178955
3312, 2.0225519832347345, 4, 40.09377770200081, 311, 514024, 514024, 0.03402750566601753, 3.120532989501953
3313, 0.2063864084375382, 4, 40.12080960298772, 310, 514334, 514334, 0.03250270336866379, 3.1145544052124023
3314, 7.115626422029891, 1, 24.456459859007737, 188, 514522, 514522, 0.03248705714941025, 3.1335132122039795
3315, -0.07563789163714318, 4, 40.08390961799887, 312, 514834, 514834, 0.0334915854036808, 3.1077487468719482
3316, 7.247043351497268, 1, 29.46562185700168, 227, 515061, 515061, 0.029236650094389915, 3.1192331314086914
3317, 3.0052043661708012, 4, 40.144379290009965, 310, 515371, 515371, 0.034196607768535614, 3.1157732009887695
3318, -1.4754015228245407, 2, 14.188170484994771, 107, 515478, 515478, 0.031899161636829376, 3.106227159500122
3319, 2.2668552827412896, 4, 40.13472626399016, 312, 515790, 515790, 0.031046904623508453, 3.115790843963623
3320, -2.3251142380104284, 2, 17.556673390005017, 134, 515924, 515924, 0.0337040051817894, 3.1209092140197754
3321, 7.524854943680111, 1, 28.970156926006894, 224, 516148, 516148, 0.03211813420057297, 3.124948740005493
3322, -2.833825431764126, 2, 20.328343678003876, 156, 516304, 516304, 0.032595109194517136, 3.112067699432373
3323, -0.9965932995837647, 2, 26.421788260995527, 203, 516507, 516507, 0.0330490805208683, 3.108940839767456
3324, -1.6067007842902967, 2, 15.542295940002077, 118, 516625, 516625, 0.030765168368816376, 3.119990348815918
3325, 7.0346733799087815, 1, 32.48065936200146, 250, 516875, 516875, 0.032215461134910583, 3.11242413520813
3326, 8.339509016657757, 1, 29.53185146099713, 227, 517102, 517102, 0.03271099925041199, 3.1201345920562744
3327, 6.683149315707851, 1, 20.4623883220047, 156, 517258, 517258, 0.034025318920612335, 3.1056697368621826
3328, 3.565642754045257, 4, 40.0821142019995, 311, 517569, 517569, 0.03109614923596382, 3.1105589866638184
3329, -1.0237763590412214, 2, 12.857468722009799, 97, 517666, 517666, 0.029622837901115417, 3.1215882301330566
3330, -1.4459570921753766, 2, 39.985981359001016, 310, 517976, 517976, 0.03071139194071293, 3.121795177459717
3331, -5.030311796814203, 2, 4.322030120994896, 30, 518006, 518006, 0.03149022161960602, 3.112290143966675
3332, -1.2011178714164998, 2, 37.71096209400275, 293, 518299, 518299, 0.03373251110315323, 3.111246109008789
3333, -2.5757167234114604, 2, 35.877979281998705, 278, 518577, 518577, 0.03410622105002403, 3.11785888671875
3334, -0.34909932664595544, 2, 10.46171905999654, 78, 518655, 518655, 0.03359943628311157, 3.1291615962982178
3335, -3.5378847101237625, 2, 5.122067332005827, 36, 518691, 518691, 0.03530260547995567, 3.10835599899292
3336, 2.925264207588043, 4, 40.13811891200021, 312, 519003, 519003, 0.03319469466805458, 3.108973503112793
3337, 1.7789817187585868, 4, 40.11764349100122, 312, 519315, 519315, 0.03261353820562363, 3.114638328552246
3338, 2.6348317925803713, 4, 40.065614758990705, 311, 519626, 519626, 0.032369617372751236, 3.1178081035614014
3339, -0.299858121201396, 2, 17.84025550998922, 136, 519762, 519762, 0.03260602802038193, 3.1100168228149414
3340, -5.248005822344567, 5, 4.409691462002229, 30, 519792, 519792, 0.035915203392505646, 3.1281771659851074
3341, -0.8128695329974107, 2, 28.443990728992503, 219, 520011, 520011, 0.03557618707418442, 3.1219823360443115
3342, -3.8646852277452126, 2, 4.374581223994028, 30, 520041, 520041, 0.03335650637745857, 3.1175525188446045
3343, -3.174807293107733, 2, 9.81466261400783, 73, 520114, 520114, 0.03134441748261452, 3.121103048324585
3344, -1.1923081518452818, 2, 19.051939822995337, 145, 520259, 520259, 0.03452618792653084, 3.100322961807251
3345, 7.177851475251373, 1, 29.434351682008128, 227, 520486, 520486, 0.03219160810112953, 3.1172144412994385
3346, -0.22492713609244674, 2, 14.134153339997283, 106, 520592, 520592, 0.033328332006931305, 3.106940507888794
3347, -3.8500481457449496, 2, 4.344940393988509, 30, 520622, 520622, 0.027424605563282967, 3.1233396530151367
3348, -1.3023180769523606, 2, 23.057572327001253, 177, 520799, 520799, 0.03168843686580658, 3.1071012020111084
3349, -1.8018260836979607, 2, 34.81878475099802, 270, 521069, 521069, 0.03098214790225029, 3.1226959228515625
3350, -0.4890111940931092, 2, 26.706244301996776, 205, 521274, 521274, 0.03175047039985657, 3.1147046089172363
3351, -1.9179014069140976, 2, 21.72977684700163, 166, 521440, 521440, 0.030764944851398468, 3.105931282043457
3352, 7.320625247135467, 1, 36.46915316100058, 282, 521722, 521722, 0.033350229263305664, 3.122337579727173
3353, -0.6161033867883816, 2, 37.390998057991965, 289, 522011, 522011, 0.0322091244161129, 3.1102793216705322
3354, -0.7431790893897414, 2, 11.39853583999502, 85, 522096, 522096, 0.03471821919083595, 3.1173956394195557
3355, -4.504029065836221, 2, 4.341878911000094, 30, 522126, 522126, 0.030950672924518585, 3.122624635696411
3356, -3.8069197742734104, 2, 5.109328962993459, 36, 522162, 522162, 0.025409961119294167, 3.1250579357147217
3357, -3.8328511208528653, 2, 8.420460417997674, 62, 522224, 522224, 0.031447846442461014, 3.1064281463623047
3358, -3.9154087277129292, 2, 10.64091671499773, 79, 522303, 522303, 0.03070530667901039, 3.1024937629699707
3359, 3.1743818672166526, 4, 40.13538362199324, 310, 522613, 522613, 0.03228127583861351, 3.1081089973449707
3360, -0.732962714304449, 2, 29.020883978999336, 224, 522837, 522837, 0.031164970248937607, 3.1026508808135986
3361, 7.943563246226404, 1, 26.840300837007817, 206, 523043, 523043, 0.0335078164935112, 3.1184020042419434
3362, -0.17075815318821697, 2, 22.76644667099754, 175, 523218, 523218, 0.03222326934337616, 3.0970981121063232
3363, -4.927099621621892, 2, 4.339075010007946, 30, 523248, 523248, 0.03085148148238659, 3.1369709968566895
3364, 2.48374090201105, 4, 40.10390126700804, 311, 523559, 523559, 0.03164930269122124, 3.109426736831665
3365, -0.6469406092510326, 2, 37.67056676399079, 292, 523851, 523851, 0.031580954790115356, 3.117222309112549
3366, 1.4149453782497403, 4, 40.07320355300908, 311, 524162, 524162, 0.03556189686059952, 3.101381301879883
3367, -0.19021700840676203, 2, 18.317133520002244, 140, 524302, 524302, 0.030725503340363503, 3.1152150630950928
3368, 7.155485241059068, 1, 31.527738647011574, 243, 524545, 524545, 0.036088138818740845, 3.1040585041046143
3369, -3.0576500998577103, 2, 23.454309510008898, 180, 524725, 524725, 0.03332644701004028, 3.1155025959014893
3370, -4.712658503558487, 2, 4.310631075000856, 30, 524755, 524755, 0.03861198201775551, 3.092050790786743
3371, -1.596759752559592, 2, 12.8987820459879, 97, 524852, 524852, 0.03727666288614273, 3.108053684234619
3372, -3.825194922508672, 2, 4.3768663379887585, 30, 524882, 524882, 0.026286276057362556, 3.0900659561157227
3373, 2.779734652184743, 4, 40.07123141999182, 310, 525192, 525192, 0.031831804662942886, 3.113527774810791
3374, -0.9239393842290156, 2, 27.40175068299868, 210, 525402, 525402, 0.03481713682413101, 3.123929023742676
3375, 3.5113340372845414, 4, 40.307013633006136, 313, 525715, 525715, 0.032490216195583344, 3.1082355976104736
3376, 0.5304342056042515, 4, 40.05487164700753, 312, 526027, 526027, 0.03356034308671951, 3.10920786857605
3377, -3.8017681485507637, 2, 4.376003837009193, 30, 526057, 526057, 0.02873116359114647, 3.0872175693511963
3378, -2.305197148118168, 2, 10.725518089006073, 80, 526137, 526137, 0.03067747876048088, 3.1151175498962402
3379, -5.613464524969459, 2, 4.304103033995489, 30, 526167, 526167, 0.03425638750195503, 3.0876548290252686
3380, 6.776878395721724, 1, 32.442494910006644, 251, 526418, 526418, 0.031836800277233124, 3.1021273136138916
3381, 1.6122148497524904, 4, 40.12773929799732, 312, 526730, 526730, 0.03437162935733795, 3.1089038848876953
3382, -5.241405406501144, 2, 4.3305190579994814, 30, 526760, 526760, 0.0320008248090744, 3.0977590084075928
3383, 2.40155086285813, 4, 40.063658293001936, 311, 527071, 527071, 0.03248006850481033, 3.110729455947876
3384, -4.596384946256876, 2, 4.605991388001712, 32, 527103, 527103, 0.033473528921604156, 3.11588191986084
3385, 0.8411402305064257, 2, 30.985020205989713, 239, 527342, 527342, 0.03044506534934044, 3.109046697616577
3386, -3.126091930200346, 2, 9.943169776990544, 74, 527416, 527416, 0.03660387173295021, 3.1100151538848877
3387, -2.725550058792578, 2, 10.361540725993109, 77, 527493, 527493, 0.031599026173353195, 3.104496717453003
3388, -1.0287905065342784, 2, 16.078832883998984, 121, 527614, 527614, 0.028708074241876602, 3.116037607192993
3389, 3.8075910183251835, 4, 40.088290933999815, 310, 527924, 527924, 0.03141495957970619, 3.1048433780670166
3390, 3.857604478340363, 4, 40.17805981000129, 311, 528235, 528235, 0.033228930085897446, 3.113363742828369
3391, -0.8046401347965002, 2, 32.648931579999044, 252, 528487, 528487, 0.03329695761203766, 3.1024253368377686
3392, -1.832600065099541, 2, 15.665720049990341, 119, 528606, 528606, 0.032186537981033325, 3.097062349319458
3393, -0.9269142054254189, 2, 20.00188803700439, 152, 528758, 528758, 0.031145650893449783, 3.0944809913635254
3394, -5.7053101267665625, 2, 4.314356171002146, 30, 528788, 528788, 0.03104662150144577, 3.115216016769409
3395, -1.1515553010249278, 2, 28.13369393099856, 217, 529005, 529005, 0.032060399651527405, 3.115919351577759
3396, 7.171397534126299, 1, 24.397487142006867, 188, 529193, 529193, 0.03301926702260971, 3.0997886657714844
3397, -5.47553809825331, 2, 4.332165191997774, 30, 529223, 529223, 0.03060678020119667, 3.082831382751465
3398, -5.617191907949746, 2, 4.362246807999327, 30, 529253, 529253, 0.03571205958724022, 3.1148407459259033
3399, -2.3558549475856125, 2, 17.80337164599041, 135, 529388, 529388, 0.03457195311784744, 3.1022961139678955
3400, -0.7520763452484971, 2, 18.095251288003055, 137, 529525, 529525, 0.03185899928212166, 3.1062746047973633
3401, -1.8894189486309187, 2, 11.826889322997886, 88, 529613, 529613, 0.03370499983429909, 3.1200315952301025
3402, -0.2476343751186505, 2, 18.409711297004833, 140, 529753, 529753, 0.03441493213176727, 3.093600273132324
3403, -3.0063595277024433, 2, 6.0397972029895755, 43, 529796, 529796, 0.030935220420360565, 3.0976722240448
3404, -4.85569525253959, 2, 4.351171030997648, 30, 529826, 529826, 0.030363840982317924, 3.088536024093628
3405, -1.4709119296167046, 2, 11.882422032009345, 89, 529915, 529915, 0.029733823612332344, 3.0983872413635254
3406, 2.6050459364341805, 4, 40.09865442699811, 310, 530225, 530225, 0.030939674004912376, 3.102567672729492
3407, 1.2115197715174872, 4, 40.079978920999565, 310, 530535, 530535, 0.03271862864494324, 3.100470542907715
3408, 4.330303288050345, 4, 40.07666625001002, 310, 530845, 530845, 0.033274006098508835, 3.113084554672241
3409, -1.0929845612845384, 2, 25.195994966998114, 193, 531038, 531038, 0.03545753285288811, 3.096334457397461
3410, 4.5091833361821045, 4, 40.120607081000344, 309, 531347, 531347, 0.03157401457428932, 3.1003658771514893
3411, 2.6009900284552714, 4, 40.06667070099502, 310, 531657, 531657, 0.034206852316856384, 3.102116346359253
3412, -0.636184270188096, 4, 40.149430933000986, 311, 531968, 531968, 0.034374017268419266, 3.1020402908325195
3413, 7.315993469739624, 1, 28.477408192993607, 217, 532185, 532185, 0.03266894072294235, 3.1105048656463623
3414, 1.8912325024721213, 4, 40.096172215999104, 311, 532496, 532496, 0.03331359475851059, 3.107997179031372
3415, 5.903897043608595, 1, 36.3909350939939, 282, 532778, 532778, 0.03158312290906906, 3.1008386611938477
3416, -1.6039760516723618, 2, 9.590048297002795, 71, 532849, 532849, 0.032127950340509415, 3.108628511428833
3417, -2.1916347444057465, 2, 8.331520059989998, 61, 532910, 532910, 0.032415613532066345, 3.093019485473633
3418, -3.653827945352532, 2, 4.350485684000887, 30, 532940, 532940, 0.03509942442178726, 3.0831668376922607
3419, 6.1799763634946885, 1, 25.477219023989164, 196, 533136, 533136, 0.032697249203920364, 3.112105369567871
3420, 0.32364323051297106, 2, 29.159630424008355, 224, 533360, 533360, 0.03318026289343834, 3.0901336669921875
3421, 3.1770580868178513, 4, 40.12776189100987, 311, 533671, 533671, 0.03449297323822975, 3.1052520275115967
3422, 3.8210641166861024, 4, 40.083087794002495, 310, 533981, 533981, 0.03401944041252136, 3.1011548042297363
3423, 0.16377837370964698, 2, 32.05885582100018, 247, 534228, 534228, 0.033734280616045, 3.104891538619995
3424, -1.0735173911525635, 2, 39.11875474700355, 303, 534531, 534531, 0.03459426015615463, 3.092017650604248
3425, 6.45078067923896, 1, 22.43431040100404, 172, 534703, 534703, 0.031337395310401917, 3.1121389865875244
3426, 6.567393814839306, 1, 37.41223369000363, 290, 534993, 534993, 0.03233860433101654, 3.0959463119506836
3427, -4.56962920492515, 2, 4.975720058006118, 35, 535028, 535028, 0.02515324205160141, 3.123748302459717
3428, 2.8462494568084367, 4, 40.16957115099649, 310, 535338, 535338, 0.03315062075853348, 3.1068944931030273
3429, 1.048383407520305, 4, 40.14688189899607, 311, 535649, 535649, 0.034412235021591187, 3.101461887359619
3430, -4.095275996151031, 2, 35.49261987900536, 274, 535923, 535923, 0.033990852534770966, 3.102250576019287
3431, -2.213602182455361, 2, 29.672751196994795, 228, 536151, 536151, 0.03041662834584713, 3.1014151573181152
3432, 7.3414637564565055, 1, 25.51688805798767, 196, 536347, 536347, 0.03436112776398659, 3.1029114723205566
3433, -0.7709581397939473, 2, 14.907114189001732, 113, 536460, 536460, 0.03282574564218521, 3.1137256622314453
3434, -2.3420299352146685, 2, 7.028391322004609, 51, 536511, 536511, 0.034774139523506165, 3.116530179977417
3435, 2.5509085399098694, 4, 40.112056666999706, 310, 536821, 536821, 0.0339948944747448, 3.106826066970825
3436, -0.384426946984604, 2, 12.838399928994477, 96, 536917, 536917, 0.034460026770830154, 3.110049247741699
3437, 1.9819724372937344, 4, 40.146344929002225, 310, 537227, 537227, 0.033121928572654724, 3.1005656719207764
3438, -0.6661532750586048, 2, 12.059088704991154, 90, 537317, 537317, 0.031693410128355026, 3.0975148677825928
3439, -1.6352140583330765, 2, 12.374114085992915, 92, 537409, 537409, 0.035824816673994064, 3.100038528442383
3440, 2.65162621208583, 4, 40.18099344699294, 311, 537720, 537720, 0.033653128892183304, 3.0910632610321045
3441, 6.486761932057561, 1, 38.465121176006505, 297, 538017, 538017, 0.03380902484059334, 3.0976169109344482
3442, 0.12485150503925979, 2, 11.927653553997516, 89, 538106, 538106, 0.033506330102682114, 3.1129136085510254
3443, -3.0704860476762406, 2, 23.220222135991207, 178, 538284, 538284, 0.03113837167620659, 3.104029893875122
3444, 1.496504263865063, 4, 40.17936769100197, 311, 538595, 538595, 0.03163349628448486, 3.101492404937744
3445, 3.750554997473955, 4, 40.173338943001, 310, 538905, 538905, 0.03394671902060509, 3.095717668533325
3446, -3.5805802824907005, 2, 5.119148849000339, 36, 538941, 538941, 0.035455554723739624, 3.0940446853637695
3447, -1.1765339606208727, 2, 14.433018058000016, 109, 539050, 539050, 0.03255750238895416, 3.0977394580841064
3448, 7.092537764328881, 1, 23.40859245599131, 179, 539229, 539229, 0.03178996592760086, 3.090179920196533
3449, 3.4256517489507132, 4, 40.144651581998914, 311, 539540, 539540, 0.034945253282785416, 3.0955960750579834
3450, -0.05100425682030618, 2, 14.45274429798883, 102, 539642, 539642, 0.03144075721502304, 3.0984251499176025
3451, -2.233583088265732, 2, 9.309048454000731, 69, 539711, 539711, 0.03320925310254097, 3.086271286010742
3452, -3.8213826280552894, 2, 4.367054229005589, 30, 539741, 539741, 0.03528433293104172, 3.094451427459717
3453, -4.276247040368617, 2, 4.314765087998239, 30, 539771, 539771, 0.027941985055804253, 3.1124610900878906
3454, 7.4601081973232795, 1, 32.4847073090059, 250, 540021, 540021, 0.03362775221467018, 3.08730411529541
3455, -3.214698862822843, 2, 30.84051042700594, 238, 540259, 540259, 0.03301190212368965, 3.1005895137786865
3456, -1.90650603119866, 2, 13.947393148991978, 105, 540364, 540364, 0.030272692441940308, 3.109454393386841
3457, 2.241639296964422, 4, 40.12565997999627, 311, 540675, 540675, 0.035641808062791824, 3.0995352268218994
3458, 1.2423758356890175, 4, 40.06818428300903, 310, 540985, 540985, 0.03471601381897926, 3.105574607849121
3459, 7.115750954137184, 1, 30.431655441992916, 234, 541219, 541219, 0.03269354999065399, 3.091869592666626
3460, 3.053735109315312, 4, 40.09755825299362, 309, 541528, 541528, 0.03208313509821892, 3.094033718109131
3461, -1.3895382808404975, 2, 13.165169792991946, 99, 541627, 541627, 0.03353111073374748, 3.0944931507110596
3462, 7.8793696948559955, 1, 23.482587326012435, 179, 541806, 541806, 0.03499135375022888, 3.098541498184204
3463, -0.8061179161886685, 4, 40.1160518250108, 311, 542117, 542117, 0.0312710776925087, 3.0921685695648193
3464, -4.741066085160128, 2, 24.92456827299611, 192, 542309, 542309, 0.030460992828011513, 3.0896151065826416
3465, -1.3166990653262474, 2, 18.10807538899826, 138, 542447, 542447, 0.033778611570596695, 3.0894594192504883
3466, -3.8987670358037576, 2, 8.009568031004164, 59, 542506, 542506, 0.03400658443570137, 3.1074466705322266
3467, -4.95897503674496, 2, 4.346772075004992, 30, 542536, 542536, 0.03586600348353386, 3.0741584300994873
3468, -0.19346571143250912, 2, 22.09207008300291, 169, 542705, 542705, 0.032512880861759186, 3.0992746353149414
3469, 7.6377600181731395, 1, 34.5537302820012, 266, 542971, 542971, 0.033482443541288376, 3.0962493419647217
3470, -3.14026506152004, 2, 7.699369267997099, 56, 543027, 543027, 0.03298452869057655, 3.1195759773254395
3471, -4.310142844798975, 2, 7.573053781990893, 55, 543082, 543082, 0.039955466985702515, 3.0894031524658203
3472, -4.987940221908502, 2, 11.525999209014117, 87, 543169, 543169, 0.035579781979322433, 3.110002279281616
3473, 3.0492300238256576, 4, 40.15267879499879, 309, 543478, 543478, 0.03223042190074921, 3.0886402130126953
3474, 1.6026867336186115, 4, 40.127627238005516, 310, 543788, 543788, 0.03196217864751816, 3.0990779399871826
3475, 8.15599260320596, 1, 25.462889170012204, 195, 543983, 543983, 0.03214004635810852, 3.097947120666504
3476, 8.020397837972268, 1, 22.536489902005997, 172, 544155, 544155, 0.03344985842704773, 3.095248222351074
3477, 2.2052141827880405, 4, 40.063019064007676, 310, 544465, 544465, 0.033739231526851654, 3.0951426029205322
3478, 6.952068658662029, 1, 33.56082400798914, 259, 544724, 544724, 0.03422308713197708, 3.0898666381835938
3479, 6.5400604916212615, 1, 22.483646665001288, 172, 544896, 544896, 0.03452520817518234, 3.09574818611145
3480, -3.834427608293481, 2, 16.72134653100511, 127, 545023, 545023, 0.03175102174282074, 3.102193593978882
3481, 6.950743562279968, 1, 26.512642044006498, 203, 545226, 545226, 0.034086622297763824, 3.089311361312866
3482, -3.7852922636520816, 2, 36.96441661400604, 286, 545512, 545512, 0.03392067551612854, 3.086752414703369
3483, -2.4645911849220283, 2, 36.82348668600025, 285, 545797, 545797, 0.033467989414930344, 3.0936813354492188
3484, 0.37447468494065106, 2, 23.814245156012475, 182, 545979, 545979, 0.03179563954472542, 3.0868115425109863
3485, -5.050629578530788, 2, 4.357940959991538, 30, 546009, 546009, 0.02585870958864689, 3.0740652084350586
3486, 0.03606826672330499, 2, 19.135379044993897, 146, 546155, 546155, 0.03627277910709381, 3.0974600315093994
3487, 2.3844996541292858, 4, 40.1648292089958, 309, 546464, 546464, 0.035284824669361115, 3.0944693088531494
3488, -5.753899293486029, 2, 19.54247642600967, 150, 546614, 546614, 0.0345933772623539, 3.092679500579834
3489, -1.2597140549514734, 2, 30.229819940010202, 233, 546847, 546847, 0.03332909196615219, 3.090461492538452
3490, -4.7210312247043476, 2, 4.359198876001756, 30, 546877, 546877, 0.03760942444205284, 3.1034722328186035
3491, 3.1217347173806047, 4, 40.16796088400588, 311, 547188, 547188, 0.03144805505871773, 3.087317943572998
3492, -5.278161435155198, 2, 4.332425781991333, 30, 547218, 547218, 0.03165855631232262, 3.0805962085723877
3493, 7.85938497580355, 1, 29.417305985989515, 225, 547443, 547443, 0.03141946718096733, 3.0879828929901123
3494, -3.2236969384830445, 2, 5.391470937989652, 38, 547481, 547481, 0.02942982129752636, 3.09713077545166
3495, -4.766002714633942, 2, 4.345623157001683, 30, 547511, 547511, 0.029687969014048576, 3.0676109790802
3496, 0.23183687309210654, 2, 27.66773232301057, 213, 547724, 547724, 0.031448181718587875, 3.0998167991638184
3497, 0.12102912772024865, 2, 22.213207374996273, 170, 547894, 547894, 0.03301946446299553, 3.095759153366089
3498, -2.4156412755837664, 2, 10.237074881995795, 76, 547970, 547970, 0.032357990741729736, 3.0945241451263428
3499, 2.4707387771813956, 4, 40.14619859699451, 310, 548280, 548280, 0.03282099962234497, 3.0877299308776855
3500, -0.7766257807379588, 2, 21.557109854999, 165, 548445, 548445, 0.03403846547007561, 3.083810329437256
3501, 0.3797798156966792, 4, 40.15106910800387, 311, 548756, 548756, 0.032919492572546005, 3.0832905769348145
3502, -0.2898246389813721, 2, 21.474502926997957, 164, 548920, 548920, 0.030960233882069588, 3.0938937664031982
3503, 2.349605028721271, 4, 40.08065234399692, 310, 549230, 549230, 0.032450925558805466, 3.097710371017456
3504, -4.589706052094698, 2, 4.351372987992363, 30, 549260, 549260, 0.027600647881627083, 3.1013376712799072
3505, -1.7970613785364549, 2, 15.836825075006345, 119, 549379, 549379, 0.028993932530283928, 3.101066827774048
3506, 7.259760807733983, 1, 29.405497546991683, 226, 549605, 549605, 0.029976127669215202, 3.0892505645751953
3507, -4.299904105871974, 2, 16.17034911699011, 122, 549727, 549727, 0.03341270238161087, 3.105252742767334
3508, 0.07361193321412429, 2, 30.793522539999685, 237, 549964, 549964, 0.0304618738591671, 3.088806390762329
3509, 3.2117609037231887, 4, 40.12147599500895, 310, 550274, 550274, 0.03468751162290573, 3.088838815689087
3510, 1.2253522691316903, 4, 40.11204513399571, 309, 550583, 550583, 0.03232661262154579, 3.07500958442688
3511, 7.1720939236529375, 1, 39.25962745399738, 302, 550885, 550885, 0.0341309979557991, 3.077418088912964
3512, -3.6197170808445662, 2, 4.374888844002271, 30, 550915, 550915, 0.033798910677433014, 3.0999832153320312
3513, 0.5944869759841822, 4, 40.21763281199674, 310, 551225, 551225, 0.03280546888709068, 3.080482006072998
3514, -0.18323527462780476, 2, 28.915679698999156, 222, 551447, 551447, 0.03333212807774544, 3.0890328884124756
3515, -3.3902610167860985, 2, 7.430536127998494, 54, 551501, 551501, 0.03613836690783501, 3.084940195083618
3516, 7.125400213291869, 1, 23.427835042006336, 179, 551680, 551680, 0.033254824578762054, 3.0869760513305664
3517, -4.096914352383465, 2, 4.370379329993739, 30, 551710, 551710, 0.03587061166763306, 3.0918402671813965
3518, -0.5889197944634361, 2, 25.846909091007547, 198, 551908, 551908, 0.03288114070892334, 3.0957491397857666
3519, -5.228378564424929, 2, 4.339856617996702, 30, 551938, 551938, 0.03485095873475075, 3.058758497238159
3520, -0.7258188558262191, 2, 26.16628491700976, 200, 552138, 552138, 0.035092905163764954, 3.077803373336792
3521, -1.8384628106141463, 2, 11.127532760991016, 83, 552221, 552221, 0.03532073274254799, 3.081087827682495
3522, -0.4350856086530257, 2, 26.731300252999063, 205, 552426, 552426, 0.03333017975091934, 3.099154233932495
3523, -1.9486619686504127, 2, 23.921943182998803, 183, 552609, 552609, 0.03297474980354309, 3.082369089126587
3524, -4.132341131473368, 2, 15.72093526199751, 119, 552728, 552728, 0.03454744443297386, 3.088653564453125
3525, -1.2856066499298322, 2, 33.58216547999473, 258, 552986, 552986, 0.03179410099983215, 3.0868356227874756
3526, -2.088340476155281, 2, 6.851641583998571, 49, 553035, 553035, 0.03241409361362457, 3.07466459274292
3527, -4.820820948807523, 2, 4.311940330997459, 30, 553065, 553065, 0.025012396275997162, 3.0628113746643066
3528, 2.7182536069476555, 4, 40.07584870599385, 310, 553375, 553375, 0.0357191376388073, 3.08274507522583
3529, -1.7642780202586437, 2, 16.55711798100674, 125, 553500, 553500, 0.0302172489464283, 3.1023976802825928
3530, 7.0030137380817905, 1, 23.4181768510025, 178, 553678, 553678, 0.032987434417009354, 3.083343505859375
3531, 6.44556595220638, 1, 29.228917910993914, 224, 553902, 553902, 0.03357303515076637, 3.0818004608154297
3532, -1.3399880533106625, 2, 10.260367458991823, 76, 553978, 553978, 0.03399662673473358, 3.1024601459503174
3533, 2.5847583398863208, 4, 40.08325534900359, 310, 554288, 554288, 0.03483879193663597, 3.076645851135254
3534, 6.6058912791304465, 1, 30.560728359996574, 234, 554522, 554522, 0.034053582698106766, 3.085897922515869
3535, -0.6902605448849499, 2, 13.15311872800521, 98, 554620, 554620, 0.03119644522666931, 3.0857303142547607
3536, -3.7986615773988888, 2, 4.401809154005605, 30, 554650, 554650, 0.030330728739500046, 3.097806215286255
3537, -2.7035522036021575, 2, 12.141034275991842, 91, 554741, 554741, 0.035503242164850235, 3.0752007961273193
3538, 0.7548593573446851, 2, 23.200922114003333, 177, 554918, 554918, 0.034290436655282974, 3.0864124298095703
3539, 7.992325847793836, 1, 24.47331924199534, 187, 555105, 555105, 0.03539518639445305, 3.0821034908294678
3540, 6.4833597235947735, 1, 34.48470344400266, 265, 555370, 555370, 0.03284740820527077, 3.082714319229126
3541, 0.32640790520235896, 2, 17.01995170500595, 129, 555499, 555499, 0.030916595831513405, 3.083966016769409
3542, 8.011646424844002, 1, 24.559000471999752, 188, 555687, 555687, 0.034869275987148285, 3.071218967437744
3543, -4.013682826887816, 2, 4.375530720993993, 30, 555717, 555717, 0.038110051304101944, 3.0800695419311523
3544, -2.897416399093345, 4, 40.1123176819965, 311, 556028, 556028, 0.03373485058546066, 3.0812811851501465
3545, -0.90667060285341, 2, 16.920019847006188, 128, 556156, 556156, 0.03466632962226868, 3.0738377571105957
3546, -3.2613995124120265, 2, 5.754907103997539, 41, 556197, 556197, 0.028297223150730133, 3.0839028358459473
3547, 1.8329097227251623, 4, 40.196129260002635, 311, 556508, 556508, 0.03218180313706398, 3.0811386108398438
3548, -5.0752770765684545, 2, 4.390098877003766, 30, 556538, 556538, 0.03363656625151634, 3.090357780456543
3549, -3.907036517513916, 2, 4.401866838001297, 30, 556568, 556568, 0.025843573734164238, 3.06925106048584
3550, -4.695225275820121, 2, 4.390419361996464, 30, 556598, 556598, 0.034958526492118835, 3.0998623371124268
3551, -0.28274256816530396, 2, 29.23397568499786, 224, 556822, 556822, 0.034535542130470276, 3.0880134105682373
3552, 8.088534551323391, 1, 21.486346460005734, 164, 556986, 556986, 0.034320492297410965, 3.0851104259490967
3553, -2.698276799172163, 2, 9.866346326991334, 73, 557059, 557059, 0.03131597116589546, 3.0745081901550293
3554, -0.04146612109616399, 2, 26.604827752002166, 204, 557263, 557263, 0.0345320850610733, 3.0862536430358887
3555, 0.00599117718229536, 2, 18.25994968500163, 138, 557401, 557401, 0.03628769889473915, 3.069671392440796
3556, 7.243900771827612, 1, 26.413540121007827, 202, 557603, 557603, 0.03199700266122818, 3.077677011489868
3557, -0.9872920561101637, 2, 20.749996487007593, 158, 557761, 557761, 0.03243304789066315, 3.0767860412597656
3558, -3.9962946702726185, 2, 4.551146238998626, 31, 557792, 557792, 0.036408431828022, 3.0861566066741943
3559, 0.26642494555562735, 4, 40.08326134800154, 308, 558100, 558100, 0.034942951053380966, 3.0792236328125
3560, -2.41751745948568, 2, 19.84468645499146, 151, 558251, 558251, 0.03307956084609032, 3.075927495956421
3561, -3.0371549082919955, 2, 8.604729690996464, 63, 558314, 558314, 0.03398868069052696, 3.082632064819336
3562, -4.495620595436776, 2, 4.358553278987529, 30, 558344, 558344, 0.03539377078413963, 3.082120418548584
3563, 7.598636651098786, 1, 38.50733499501075, 296, 558640, 558640, 0.03417295590043068, 3.0816991329193115
3564, 0.009417081935680471, 2, 24.068194555002265, 184, 558824, 558824, 0.032302070409059525, 3.0750317573547363
3565, -1.0926388082443736, 2, 27.168088357997476, 208, 559032, 559032, 0.033133573830127716, 3.084397315979004
3566, 3.419969452515943, 4, 40.12866713000403, 309, 559341, 559341, 0.03213866800069809, 3.077040195465088
3567, -3.2577359499409795, 2, 5.650865326009807, 40, 559381, 559381, 0.041464559733867645, 3.075356960296631
3568, -4.045169940916821, 2, 5.026256135999574, 35, 559416, 559416, 0.033698856830596924, 3.0767602920532227
3569, -2.795998145826161, 2, 7.305849803989986, 53, 559469, 559469, 0.03390297666192055, 3.0827624797821045
3570, -1.06906833127141, 2, 30.9339987669955, 238, 559707, 559707, 0.0328969769179821, 3.0891377925872803
3571, -3.5403266941430047, 2, 4.35601538400806, 30, 559737, 559737, 0.0396510474383831, 3.071181058883667
3572, -0.537420517692226, 2, 32.39716426000814, 250, 559987, 559987, 0.03227236121892929, 3.0813863277435303
3573, -4.040719528216869, 2, 4.379240822003339, 30, 560017, 560017, 0.03031434677541256, 3.086799144744873
3574, -4.3634175336919725, 2, 7.603353071011952, 55, 560072, 560072, 0.03550206869840622, 3.057950735092163
3575, 0.002438057796098292, 2, 25.230369587996393, 193, 560265, 560265, 0.03266902640461922, 3.0757157802581787
3576, 2.440533084601384, 4, 40.103459389007185, 308, 560573, 560573, 0.03259194269776344, 3.08772611618042
3577, -3.096331173321232, 2, 6.525078862992814, 47, 560620, 560620, 0.032242365181446075, 3.0651955604553223
3578, 0.05057690679313964, 4, 40.19389849899744, 308, 560928, 560928, 0.03451778367161751, 3.0756161212921143
3579, -5.180734849884175, 2, 4.394747231999645, 30, 560958, 560958, 0.036553725600242615, 3.088794708251953
3580, -0.6974460534838727, 2, 30.59837250401324, 234, 561192, 561192, 0.032594989985227585, 3.083618640899658
3581, -5.004761429328937, 2, 15.30780279400642, 116, 561308, 561308, 0.03474004939198494, 3.08502197265625
3582, -3.1999371021520346, 2, 5.678518799002632, 40, 561348, 561348, 0.03832824528217316, 3.0768113136291504
3583, -4.773623303510249, 2, 4.358454069995787, 30, 561378, 561378, 0.03745510056614876, 3.070685386657715
3584, -0.7090267307357863, 2, 15.204737092994037, 114, 561492, 561492, 0.03434343636035919, 3.0824191570281982
3585, 1.872693054509, 4, 40.14983270899393, 308, 561800, 561800, 0.03257312625646591, 3.083923101425171
3586, -4.685191359370947, 2, 7.844170625001425, 57, 561857, 561857, 0.03596894070506096, 3.0850658416748047
3587, -5.193930042907596, 2, 4.348917284005438, 30, 561887, 561887, 0.03627081215381622, 3.0526280403137207
3588, 3.632871618756326, 4, 40.09638538499712, 308, 562195, 562195, 0.033786285668611526, 3.078599691390991
3589, -3.868067077943124, 2, 5.6489637039921945, 40, 562235, 562235, 0.03727108985185623, 3.088153600692749
3590, -0.20938737675896846, 2, 18.508845931006363, 140, 562375, 562375, 0.032896142452955246, 3.077404022216797
3591, -2.7816614711191505, 2, 9.914492658994277, 73, 562448, 562448, 0.039129260927438736, 3.073662281036377
3592, -1.6286788755096495, 2, 18.77194388001226, 142, 562590, 562590, 0.03356796130537987, 3.08388090133667
3593, -1.50765346782282, 2, 9.786597884987714, 72, 562662, 562662, 0.033372920006513596, 3.0909812450408936
3594, 1.383570356855671, 4, 40.116002569004195, 308, 562970, 562970, 0.033568352460861206, 3.0741934776306152
3595, 7.415741164848441, 1, 34.44479402300203, 263, 563233, 563233, 0.03337543457746506, 3.0766751766204834
3596, -1.1737984282663092, 2, 15.257624806996319, 114, 563347, 563347, 0.03195976838469505, 3.0801360607147217
3597, -1.038366376888007, 2, 12.316565696004545, 91, 563438, 563438, 0.03001108020544052, 3.083954095840454
3598, 7.578575595631264, 1, 31.474883753005997, 240, 563678, 563678, 0.033851128071546555, 3.0801124572753906
3599, 2.5904629804535944, 4, 40.19348709199403, 309, 563987, 563987, 0.03368599712848663, 3.0864651203155518
3600, 6.693238031002693, 1, 36.513799613006995, 279, 564266, 564266, 0.0331578366458416, 3.0765585899353027
3601, -3.7005020789802074, 2, 4.466905322988168, 31, 564297, 564297, 0.032008733600378036, 3.0771071910858154
3602, -2.7138447642792016, 2, 8.565933549005422, 62, 564359, 564359, 0.036939531564712524, 3.090914249420166
3603, -3.3963320793991443, 2, 8.413648985995678, 61, 564420, 564420, 0.036668453365564346, 3.07987380027771
3604, -5.36320340889506, 2, 4.369612815993605, 30, 564450, 564450, 0.029623346403241158, 3.0746471881866455
3605, 7.132733808945943, 1, 38.485150880005676, 295, 564745, 564745, 0.035142652690410614, 3.0824694633483887
3606, -0.7820452286177897, 2, 18.997112629003823, 143, 564888, 564888, 0.03130830451846123, 3.0785305500030518
3607, -4.624248731066473, 2, 4.403302040009294, 30, 564918, 564918, 0.03479401022195816, 3.063025712966919
3608, -0.5847851352300495, 2, 17.144293639998068, 129, 565047, 565047, 0.03077104687690735, 3.076112747192383
3609, -3.990726532880217, 2, 4.359245576008107, 30, 565077, 565077, 0.04013199731707573, 3.062072992324829
3610, -0.9641933177481405, 2, 17.516582126001595, 132, 565209, 565209, 0.03480936959385872, 3.0771591663360596
3611, 0.4873450050363317, 2, 20.775783788994886, 158, 565367, 565367, 0.03632521256804466, 3.0756425857543945
3612, 3.4967291326374834, 4, 40.13340244098799, 308, 565675, 565675, 0.03446582704782486, 3.0822131633758545
3613, -0.20363746648399683, 2, 23.298032915990916, 177, 565852, 565852, 0.03478481248021126, 3.0805716514587402
3614, -4.548286340665072, 2, 4.376873752000392, 30, 565882, 565882, 0.038307640701532364, 3.080610513687134
3615, -3.7307042632019147, 2, 4.355954079001094, 30, 565912, 565912, 0.032566141337156296, 3.046111822128296
3616, 2.0519716496874025, 4, 40.17644221600494, 310, 566222, 566222, 0.03354610130190849, 3.083561897277832
3617, -3.7429437614046037, 2, 7.048372246004874, 50, 566272, 566272, 0.03385365754365921, 3.0970849990844727
3618, -0.28592618023685645, 2, 15.719083948992193, 118, 566390, 566390, 0.033530496060848236, 3.0820200443267822
3619, -2.3375169076025486, 2, 6.69924776199332, 48, 566438, 566438, 0.033764418214559555, 3.0769174098968506
3620, 8.005184356345126, 1, 32.49310070800129, 248, 566686, 566686, 0.03517858311533928, 3.0736541748046875
3621, -0.7686899810796604, 2, 36.93990893299633, 283, 566969, 566969, 0.03261323645710945, 3.078655481338501
3622, -2.146614412544295, 2, 8.812135549000232, 64, 567033, 567033, 0.03407387435436249, 3.05606746673584
3623, -1.0048675721045583, 2, 17.575974025996402, 132, 567165, 567165, 0.037565164268016815, 3.07897686958313
3624, -0.05510643122397596, 2, 35.5882788279996, 272, 567437, 567437, 0.033642951399087906, 3.083526134490967
3625, -4.025713404640555, 2, 4.397263307997491, 30, 567467, 567467, 0.031578801572322845, 3.056749105453491
3626, 3.914615929374122, 4, 40.11915819400747, 308, 567775, 567775, 0.035435982048511505, 3.0773632526397705
3627, -2.910625131044071, 4, 40.09464782199939, 309, 568084, 568084, 0.03278467804193497, 3.0728936195373535
3628, 3.5902821374256746, 4, 40.18778978900809, 308, 568392, 568392, 0.0348128080368042, 3.0778796672821045
3629, -1.4105781493492486, 2, 20.164029764011502, 153, 568545, 568545, 0.032954826951026917, 3.077054977416992
3630, 2.8332516931222926, 4, 40.140937214004225, 307, 568852, 568852, 0.03387381136417389, 3.06498646736145
3631, -3.6483307475718902, 2, 26.06179726999835, 198, 569050, 569050, 0.033423297107219696, 3.084059953689575
3632, 5.99627477049944, 1, 35.430105324994656, 270, 569320, 569320, 0.03394032269716263, 3.078057050704956
3633, -0.9544271903578192, 2, 15.950571528999717, 120, 569440, 569440, 0.03405332192778587, 3.077545404434204
3634, 0.5350779830478132, 2, 14.49913939399994, 109, 569549, 569549, 0.031600747257471085, 3.0863664150238037
3635, 7.642430153064197, 1, 24.4123005559959, 185, 569734, 569734, 0.034561291337013245, 3.091535806655884
3636, 1.8411737753776833, 1, 4.4042298440035665, 30, 569764, 569764, 0.0356777161359787, 3.065807819366455
3637, -0.6900740583660081, 2, 20.917461666002055, 159, 569923, 569923, 0.03336657956242561, 3.0846149921417236
3638, -4.934767585713416, 2, 4.395529781002551, 30, 569953, 569953, 0.03009023889899254, 3.1098878383636475
3639, -2.6501894024549983, 2, 9.312432949998765, 68, 570021, 570021, 0.03148972615599632, 3.083388328552246
3640, 3.4848874497511133, 4, 40.22184966900386, 302, 570323, 570323, 0.033861320465803146, 3.0773003101348877
3641, 8.087468460995296, 1, 28.64414428299642, 218, 570541, 570541, 0.03485270217061043, 3.0743467807769775
3642, -4.334421110106632, 2, 5.350293807001435, 37, 570578, 570578, 0.02898525632917881, 3.0816521644592285
3643, 0.2235344060791249, 2, 23.026646023005014, 175, 570753, 570753, 0.0342601016163826, 3.0769925117492676
3644, 3.9595344858098542, 4, 40.17970477101335, 308, 571061, 571061, 0.035190898925065994, 3.0666708946228027
3645, 2.251341703820799, 4, 40.18235707799613, 309, 571370, 571370, 0.03194192796945572, 3.0823075771331787
3646, 1.8013386788152275, 4, 40.12406713901146, 307, 571677, 571677, 0.03401261568069458, 3.079378366470337
3647, -0.8994105850870255, 2, 20.298396072001196, 153, 571830, 571830, 0.03271148353815079, 3.0686309337615967
3648, -3.931316628702916, 2, 16.292578567998135, 122, 571952, 571952, 0.03158377483487129, 3.06736421585083
3649, 1.724321051427978, 4, 40.162011826003436, 308, 572260, 572260, 0.03606478124856949, 3.0853006839752197
3650, -3.785234317765571, 2, 4.413427940002293, 30, 572290, 572290, 0.02825692668557167, 3.0705504417419434
3651, 1.8486625416735478, 4, 40.13693530099408, 308, 572598, 572598, 0.03490375727415085, 3.0825440883636475
3652, -0.8704704517003847, 2, 22.275897369006998, 168, 572766, 572766, 0.03413692116737366, 3.077174186706543
3653, 0.6626373405233608, 2, 36.4134844729997, 279, 573045, 573045, 0.035531625151634216, 3.075310230255127
3654, -5.708340343087912, 2, 4.375299246006762, 30, 573075, 573075, 0.0375572070479393, 3.093994379043579
3655, -1.323573331872467, 2, 15.240114675994846, 115, 573190, 573190, 0.033772896975278854, 3.084693193435669
3656, 0.9188557835441316, 4, 40.09779785700084, 307, 573497, 573497, 0.034539978951215744, 3.0735912322998047
3657, 7.110735111156373, 1, 26.434884408998187, 199, 573696, 573696, 0.032597169280052185, 3.0699994564056396
3658, 1.5904130596900359, 4, 40.16084148999653, 309, 574005, 574005, 0.03569837287068367, 3.0739355087280273
3659, -0.5594351343024755, 4, 40.11318643100094, 309, 574314, 574314, 0.033557187765836716, 3.0757484436035156
3660, 0.4510522673954256, 2, 25.63941758000874, 194, 574508, 574508, 0.0352751798927784, 3.0839216709136963
3661, 0.3476747514987437, 4, 40.126495325996075, 308, 574816, 574816, 0.03352591022849083, 3.0766043663024902
3662, -4.458588776644319, 2, 4.414641199997277, 30, 574846, 574846, 0.03636835142970085, 3.06327223777771
3663, -5.173194225877523, 2, 4.363244991007377, 30, 574876, 574876, 0.03542211279273033, 3.0954487323760986
3664, 7.299616949469055, 1, 26.47230906499317, 201, 575077, 575077, 0.03500726819038391, 3.0804085731506348
3665, 1.3961272809046932, 4, 40.13832370900491, 306, 575383, 575383, 0.03416159003973007, 3.0756282806396484
3666, -0.5102608687593602, 2, 17.270199724007398, 130, 575513, 575513, 0.03231653571128845, 3.0786232948303223
3667, -0.33811309857992455, 2, 22.00715619100083, 167, 575680, 575680, 0.035171039402484894, 3.084679126739502
3668, 2.002328693277377, 4, 40.09463954500097, 307, 575987, 575987, 0.03454570099711418, 3.0760691165924072
3669, 3.2829607401945395, 4, 40.11144231299113, 307, 576294, 576294, 0.031709276139736176, 3.075758457183838
3670, -0.642604612512514, 2, 11.000489529003971, 81, 576375, 576375, 0.03602801263332367, 3.071993112564087
3671, -2.935811363335233, 2, 4.494072278990643, 30, 576405, 576405, 0.03537888824939728, 3.076178550720215
3672, -1.2756169807398692, 2, 16.95448867601226, 126, 576531, 576531, 0.03444898501038551, 3.0666582584381104
3673, 7.400181006174535, 1, 23.413112220994662, 177, 576708, 576708, 0.03328559920191765, 3.0808212757110596
3674, -0.9324947947752662, 2, 37.287668668999686, 285, 576993, 576993, 0.03417982906103134, 3.085312604904175
3675, 3.735136800489272, 4, 40.1186957280006, 309, 577302, 577302, 0.03223654627799988, 3.0810391902923584
3676, 2.5649435208761133, 4, 40.168091022002045, 309, 577611, 577611, 0.03341427817940712, 3.070718288421631
3677, 3.2040418508986477, 4, 40.066583489999175, 308, 577919, 577919, 0.03548528626561165, 3.079373359680176
3678, -0.9640550557742245, 2, 31.072577878003358, 238, 578157, 578157, 0.03346020355820656, 3.0687479972839355
3679, -5.28616295941174, 2, 4.433157965991995, 30, 578187, 578187, 0.03257754445075989, 3.057182550430298
3680, -1.2402366881724447, 2, 18.59742139199807, 141, 578328, 578328, 0.033414002507925034, 3.076561450958252
3681, 7.375730431493139, 1, 20.5776989050064, 156, 578484, 578484, 0.034510888159275055, 3.0766685009002686
3682, -5.57785824732855, 2, 4.434168845007662, 30, 578514, 578514, 0.02863549254834652, 3.0434765815734863
3683, 6.71830022830909, 1, 19.444779632991413, 147, 578661, 578661, 0.03468441963195801, 3.064649820327759
3684, 0.4580399635451613, 2, 23.440613275000942, 178, 578839, 578839, 0.03308689221739769, 3.076256275177002
3685, 7.3399775130383205, 1, 21.419776950002415, 163, 579002, 579002, 0.03687961399555206, 3.0773627758026123
3686, 1.5334255766356364, 1, 4.378909445003956, 30, 579032, 579032, 0.0299399234354496, 3.0760655403137207
3687, -2.2448988526593894, 2, 11.544920632994035, 86, 579118, 579118, 0.03210758417844772, 3.0859172344207764
3688, 6.666384642856428, 1, 28.496060075995047, 217, 579335, 579335, 0.03251712769269943, 3.063124418258667
3689, 3.168035411970777, 4, 40.064878039003816, 306, 579641, 579641, 0.035311583429574966, 3.070647954940796
3690, 2.281300427261158, 4, 40.115413419989636, 309, 579950, 579950, 0.0329807884991169, 3.073312997817993
3691, 6.859180983225087, 1, 32.54461920900212, 248, 580198, 580198, 0.03247777745127678, 3.077368974685669
3692, -2.598168998629262, 2, 27.905494838007144, 213, 580411, 580411, 0.035435669124126434, 3.0845189094543457
3693, -2.7314927610568702, 2, 5.543039425989264, 39, 580450, 580450, 0.03767041489481926, 3.074838638305664
3694, 2.4661962144382414, 4, 40.15198974098894, 307, 580757, 580757, 0.0351996049284935, 3.075209617614746
3695, 3.995840868083178, 4, 40.120603146002395, 305, 581062, 581062, 0.03708109259605408, 3.075540781021118
3696, 7.148710749315796, 1, 36.400336143997265, 278, 581340, 581340, 0.03575321286916733, 3.0708913803100586
3697, -2.983003414279665, 2, 23.00423391899676, 174, 581514, 581514, 0.03121337853372097, 3.0836939811706543
3698, 2.66660532563219, 4, 40.080387352005346, 305, 581819, 581819, 0.034610044211149216, 3.079709529876709
3699, -3.408893365645781, 2, 16.349394249002216, 123, 581942, 581942, 0.032492637634277344, 3.0837483406066895
3700, -4.2015558007597065, 2, 31.088314993001404, 237, 582179, 582179, 0.033680230379104614, 3.0774948596954346
3701, -0.7447744968667394, 2, 36.633240940995165, 280, 582459, 582459, 0.03366639465093613, 3.08105731010437
3702, -0.5057297786697745, 2, 21.87193224200746, 165, 582624, 582624, 0.03352798521518707, 3.094473123550415
3703, -1.745586558128707, 2, 14.985408937005559, 112, 582736, 582736, 0.03631154075264931, 3.081573963165283
3704, 7.80294042796595, 1, 23.422324768995168, 178, 582914, 582914, 0.03395310416817665, 3.0707919597625732
3705, -0.6927632666192949, 2, 21.066721843992127, 158, 583072, 583072, 0.03391082212328911, 3.070847511291504
3706, 6.671070244832663, 1, 29.48088043498865, 223, 583295, 583295, 0.03324025124311447, 3.071547746658325
3707, -3.586930634774035, 2, 11.2872656880063, 83, 583378, 583378, 0.03214762359857559, 3.074467420578003
3708, 1.7801707955659367, 4, 40.12339854601305, 308, 583686, 583686, 0.03697569668292999, 3.0713577270507812
3709, 7.6651754993072245, 1, 21.462253592995694, 161, 583847, 583847, 0.036110203713178635, 3.0812971591949463
3710, -0.876431707321899, 2, 36.27299406200473, 277, 584124, 584124, 0.035464052110910416, 3.068056583404541
3711, 3.2204289365763543, 4, 40.12634118599817, 306, 584430, 584430, 0.03408873453736305, 3.074768304824829
3712, 3.1834589517202403, 4, 40.08849806600483, 306, 584736, 584736, 0.03408312425017357, 3.075413227081299
3713, 7.2992907201296475, 1, 20.475671027001226, 154, 584890, 584890, 0.03331717848777771, 3.076284646987915
3714, 3.2602122720436455, 4, 40.073890738000046, 306, 585196, 585196, 0.03492758050560951, 3.075315237045288
3715, -2.809732799534686, 2, 11.757231918993057, 87, 585283, 585283, 0.03386368975043297, 3.0592947006225586
3716, 1.1588749574293615, 4, 40.14210425199417, 309, 585592, 585592, 0.03403196483850479, 3.078263759613037
3717, -1.1923709962502471, 2, 28.91701411201211, 220, 585812, 585812, 0.03472333773970604, 3.075068712234497
3718, -1.181938932644698, 2, 26.74890120999771, 203, 586015, 586015, 0.03470277041196823, 3.080734968185425
3719, 5.7914226240245625, 1, 33.504738597999676, 256, 586271, 586271, 0.03481495752930641, 3.066601514816284
3720, 7.783664001035504, 1, 24.50311322401103, 185, 586456, 586456, 0.033759649842977524, 3.069303274154663
3721, 6.791601838538099, 1, 31.35265616500692, 239, 586695, 586695, 0.03526011109352112, 3.0798847675323486
3722, 3.372963448964583, 4, 40.18102793999424, 307, 587002, 587002, 0.03407834842801094, 3.0738067626953125
3723, 1.3208718286041403, 4, 40.14712441399752, 306, 587308, 587308, 0.03496227413415909, 3.0824995040893555
3724, 7.105614572523336, 1, 29.54012062799302, 224, 587532, 587532, 0.034374140202999115, 3.0704402923583984
3725, 1.8520410037599504, 1, 4.358143339995877, 30, 587562, 587562, 0.038408637046813965, 3.0539135932922363
3726, 1.1787934527092148, 4, 40.17972035599814, 308, 587870, 587870, 0.03240581601858139, 3.069868326187134
3727, 4.088127099588746, 4, 40.085828068011324, 305, 588175, 588175, 0.034160565584897995, 3.0548899173736572
3728, 0.08692389075440587, 2, 16.982845735998126, 126, 588301, 588301, 0.03612976148724556, 3.0603837966918945
3729, -3.2717210890259594, 2, 5.000260173997958, 34, 588335, 588335, 0.03792475908994675, 3.092266798019409
3730, -1.3779666714253835, 2, 32.46594239100523, 245, 588580, 588580, 0.0340912789106369, 3.070603609085083
3731, 0.4479674045469437, 4, 40.13539710199984, 304, 588884, 588884, 0.03335361182689667, 3.074176549911499
3732, 2.1050774275354343, 4, 40.072243668997544, 307, 589191, 589191, 0.0340191051363945, 3.0667498111724854
3733, -1.1408793244045228, 2, 39.21726108400617, 300, 589491, 589491, 0.036372069269418716, 3.0645923614501953
3734, -1.964808149030432, 2, 18.479220210007043, 138, 589629, 589629, 0.03401923552155495, 3.0656588077545166
3735, 6.961036771535873, 1, 22.465785393011174, 169, 589798, 589798, 0.03328393027186394, 3.0839786529541016
3736, 2.309218817274086, 4, 40.13053233199753, 306, 590104, 590104, 0.030366243794560432, 3.0631701946258545
3737, 2.7645511690934654, 4, 40.073980753993965, 306, 590410, 590410, 0.03560056537389755, 3.0617897510528564
3738, 8.16166154621169, 1, 25.422062653989997, 193, 590603, 590603, 0.03349131718277931, 3.065538167953491
3739, 7.35087179360562, 1, 25.421716612996534, 192, 590795, 590795, 0.032094843685626984, 3.0727593898773193
3740, -2.424518225598149, 2, 14.54814129100123, 109, 590904, 590904, 0.03748795762658119, 3.0741074085235596
3741, -0.0774059696123004, 2, 19.288046100991778, 146, 591050, 591050, 0.03478720411658287, 3.0821030139923096
3742, -2.660155103658326, 2, 11.421865398006048, 85, 591135, 591135, 0.035123493522405624, 3.060903787612915
3743, -1.5729696344351396, 2, 14.177706937000039, 106, 591241, 591241, 0.03606324642896652, 3.068408489227295
3744, 0.25706370000261813, 2, 18.054129890995682, 136, 591377, 591377, 0.033033497631549835, 3.0713531970977783
3745, -4.370685206959024, 2, 5.062539512000512, 35, 591412, 591412, 0.03081960417330265, 3.070516586303711
3746, 3.883866676434991, 4, 40.14906609499303, 308, 591720, 591720, 0.0342971533536911, 3.0683631896972656
3747, -4.268209710484371, 2, 4.3889039310015505, 30, 591750, 591750, 0.04243932664394379, 3.081071615219116
3748, 0.20578642596956342, 2, 32.42337436100934, 247, 591997, 591997, 0.03340544551610947, 3.072275400161743
3749, -3.3601534562185407, 2, 11.207803068988142, 83, 592080, 592080, 0.03605237230658531, 3.0693695545196533
3750, -4.5143703520298, 2, 6.404902386988397, 46, 592126, 592126, 0.03515142202377319, 3.0718352794647217
3751, -3.172963581047952, 2, 5.773806552999304, 41, 592167, 592167, 0.03628681227564812, 3.059218406677246
3752, 7.720419182413025, 1, 20.551637270997162, 155, 592322, 592322, 0.034509263932704926, 3.0679738521575928
3753, 2.205258634785423, 4, 40.056220662998385, 308, 592630, 592630, 0.034238509833812714, 3.072856903076172
3754, 6.446924093703274, 1, 26.362350552008138, 200, 592830, 592830, 0.03329389914870262, 3.068415641784668
3755, 3.146329439172405, 4, 40.17701335900347, 308, 593138, 593138, 0.034884389489889145, 3.0734238624572754
3756, 8.222204133635387, 1, 20.397191726995516, 155, 593293, 593293, 0.03389909490942955, 3.06011962890625
3757, -2.8296142988838255, 2, 7.213752084993757, 52, 593345, 593345, 0.03368761017918587, 3.0841352939605713
3758, 7.853805575054139, 1, 25.42667025398987, 191, 593536, 593536, 0.03143225237727165, 3.0698752403259277
3759, 0.8232818555188715, 4, 40.17347363999579, 306, 593842, 593842, 0.03459072858095169, 3.0691590309143066
3760, -3.5416252490640545, 2, 31.877530546000344, 243, 594085, 594085, 0.03559134900569916, 3.065290689468384
3761, 7.7895778028760105, 1, 20.368891423000605, 153, 594238, 594238, 0.03299136087298393, 3.059882640838623
3762, 2.6606225200775953, 4, 40.19141740100167, 303, 594541, 594541, 0.03307465463876724, 3.066004753112793
3763, -3.552535581868142, 2, 4.504065616987646, 30, 594571, 594571, 0.03395640477538109, 3.066784620285034
3764, -3.2405538690509275, 2, 16.33221662399592, 122, 594693, 594693, 0.030127065256237984, 3.064190149307251
3765, -0.692301386850886, 2, 21.617907506995834, 162, 594855, 594855, 0.03263047710061073, 3.073364734649658
3766, -0.9059151038527489, 2, 11.564544681998086, 84, 594939, 594939, 0.03367441147565842, 3.076169729232788
3767, -0.6549493283491756, 4, 40.186332764002145, 304, 595243, 595243, 0.03469410538673401, 3.058223009109497
3768, 0.0011687843361869454, 2, 24.586354522005422, 185, 595428, 595428, 0.034752678126096725, 3.0590550899505615
3769, 0.2806866546161473, 2, 15.818573406999349, 118, 595546, 595546, 0.03439942002296448, 3.0599992275238037
3770, -4.930909079732373, 2, 4.409112202003598, 30, 595576, 595576, 0.03607788309454918, 3.067802667617798
3771, 8.037777329329401, 1, 22.2012510009954, 167, 595743, 595743, 0.033297594636678696, 3.059307813644409
3772, 1.8298647159244865, 1, 4.371790789999068, 30, 595773, 595773, 0.03384184092283249, 3.0597381591796875
3773, -2.1380691613303497, 2, 10.037582389995805, 74, 595847, 595847, 0.03397339582443237, 3.0491766929626465
3774, -0.568965454364843, 2, 28.631786350990296, 218, 596065, 596065, 0.033625438809394836, 3.0639052391052246
3775, -0.6129581233562931, 2, 19.43568803500966, 147, 596212, 596212, 0.034785229712724686, 3.0610616207122803
3776, 7.110174597299192, 1, 20.440109545001178, 154, 596366, 596366, 0.03661684691905975, 3.0588691234588623
3777, -2.0357013348839246, 2, 14.765830423988518, 110, 596476, 596476, 0.03579506278038025, 3.074777841567993
3778, -4.696556156384759, 2, 4.383723620005185, 30, 596506, 596506, 0.03216538950800896, 3.0678396224975586
3779, 1.6244594896143099, 4, 40.14900116399804, 307, 596813, 596813, 0.034513574093580246, 3.0634427070617676
3780, 3.7555346109729726, 4, 40.15411680701072, 307, 597120, 597120, 0.03553476557135582, 3.0641252994537354
3781, -3.693637825548649, 2, 4.359072666004067, 30, 597150, 597150, 0.03288814052939415, 3.0535502433776855
3782, 2.0384032904403284, 4, 40.186723673003144, 307, 597457, 597457, 0.034505683928728104, 3.058494806289673
3783, -1.2821365711279213, 2, 11.616733723989455, 86, 597543, 597543, 0.03693842515349388, 3.0369057655334473
3784, -1.9180967750580749, 2, 35.11389854599838, 268, 597811, 597811, 0.03510075807571411, 3.066671133041382
3785, 2.254856465519879, 4, 40.11970370999188, 308, 598119, 598119, 0.034990984946489334, 3.067492961883545
3786, -0.662405694834888, 2, 10.757311801004107, 79, 598198, 598198, 0.03312849625945091, 3.051543712615967
3787, 0.177836820948869, 2, 24.6924997419992, 186, 598384, 598384, 0.03538953885436058, 3.06299090385437
3788, 0.6625138337694807, 2, 29.152437686992926, 222, 598606, 598606, 0.033372197300195694, 3.0577476024627686
3789, -5.177753364550881, 2, 4.4938517050031805, 31, 598637, 598637, 0.034969836473464966, 3.0578927993774414
3790, -0.9802238583361031, 2, 24.40976719101309, 186, 598823, 598823, 0.035347212105989456, 3.0533437728881836
3791, -3.9987952630290238, 2, 27.356243190995883, 209, 599032, 599032, 0.03470856323838234, 3.059988021850586
3792, -5.824958839453757, 2, 4.392848336996394, 30, 599062, 599062, 0.03546476364135742, 3.0432116985321045
3793, -4.510803867131472, 2, 4.388710194005398, 30, 599092, 599092, 0.03434650972485542, 3.0683205127716064
3794, -4.7378189482260495, 2, 4.387213422989589, 30, 599122, 599122, 0.0323774628341198, 3.064023017883301
3795, 1.5123172625608277, 4, 40.07783409699914, 307, 599429, 599429, 0.03294123709201813, 3.0615837574005127
3796, 7.335019398158693, 1, 24.488022700999863, 186, 599615, 599615, 0.0341748371720314, 3.067880868911743
3797, 1.2245663220237475, 4, 40.0814354900067, 308, 599923, 599923, 0.03449839726090431, 3.065279245376587
3798, -3.0987562831724063, 2, 7.459453757997835, 54, 599977, 599977, 0.03588949888944626, 3.057680368423462
3799, -3.778846925823018, 2, 4.385274512998876, 30, 600007, 600007, 0.03739026561379433, 3.0503103733062744
3800, 6.7933290675937315, 1, 27.46312476899766, 210, 600217, 600217, 0.03341463580727577, 3.0682880878448486
3801, -2.2677826101571554, 2, 30.067816994007444, 229, 600446, 600446, 0.035355307161808014, 3.059718608856201
3802, 4.074416829880647, 4, 40.07536295300815, 304, 600750, 600750, 0.034679289907217026, 3.0634212493896484
3803, -1.7536278973857407, 2, 22.747666905997903, 172, 600922, 600922, 0.03473362699151039, 3.0529582500457764
3804, -0.301543636189308, 2, 31.071862961005536, 236, 601158, 601158, 0.03543328866362572, 3.054990530014038
3805, -1.3508230106672272, 2, 10.975866212989786, 81, 601239, 601239, 0.03023264743387699, 3.0770912170410156
3806, -3.96411003312096, 2, 4.638477768996381, 32, 601271, 601271, 0.029648486524820328, 3.052771806716919
3807, -4.042373271775432, 2, 6.5867657250055345, 47, 601318, 601318, 0.036310452967882156, 3.0605833530426025
3808, 6.744020004596678, 1, 30.47645390999969, 232, 601550, 601550, 0.03266734629869461, 3.0622544288635254
3809, 0.4529101077823725, 2, 24.923342547990615, 189, 601739, 601739, 0.03444336727261543, 3.0555472373962402
3810, -4.577766406117007, 2, 4.425681823995546, 30, 601769, 601769, 0.03745206817984581, 3.067631483078003
3811, -0.1882229840848595, 2, 13.726844289005385, 102, 601871, 601871, 0.03141240403056145, 3.068197250366211
3812, -4.635693449490645, 2, 6.053113115995075, 43, 601914, 601914, 0.0315748006105423, 3.0449166297912598
3813, -3.2836231454566587, 2, 13.055192241998157, 97, 602011, 602011, 0.03411063924431801, 3.069796562194824
3814, -1.938705416785524, 2, 39.28717368400248, 300, 602311, 602311, 0.03426121547818184, 3.0449516773223877
3815, 7.265879203565419, 1, 21.44453830800194, 161, 602472, 602472, 0.03587830439209938, 3.059515953063965
3816, -1.3519880000967532, 2, 17.349877547007054, 130, 602602, 602602, 0.035011861473321915, 3.0634102821350098
3817, 3.602980236057192, 4, 40.05542159700417, 305, 602907, 602907, 0.03387238085269928, 3.055021047592163
3818, 3.435356497131579, 4, 40.18329559000267, 307, 603214, 603214, 0.03508079797029495, 3.060539722442627
3819, -1.7224474071990699, 2, 25.246905785010313, 191, 603405, 603405, 0.034695930778980255, 3.050786256790161
3820, 0.0665868595970096, 4, 40.13818384699698, 308, 603713, 603713, 0.03315708413720131, 3.0603599548339844
3821, 2.2614594343758654, 4, 40.10697397199692, 307, 604020, 604020, 0.03555860370397568, 3.0577008724212646
3822, 1.5498175054672174, 4, 40.112822049995884, 307, 604327, 604327, 0.03232193738222122, 3.056114912033081
3823, 0.3305594720004592, 2, 38.76671713399992, 295, 604622, 604622, 0.0358765535056591, 3.061269998550415
3824, -5.462817991618067, 2, 4.3501879059913335, 30, 604652, 604652, 0.03804735839366913, 3.035153388977051
3825, 2.120324789597362, 4, 40.13740561300074, 307, 604959, 604959, 0.034626200795173645, 3.055501699447632
3826, -1.8774956512825156, 2, 21.669727586995577, 164, 605123, 605123, 0.03293013200163841, 3.048024892807007
3827, 3.6059842937393114, 4, 40.135082159002195, 307, 605430, 605430, 0.03447481244802475, 3.0597198009490967
3828, -3.5700366655364633, 2, 4.664572359004524, 32, 605462, 605462, 0.035869356244802475, 3.0544583797454834
3829, -4.504628993221559, 2, 4.39423455799988, 30, 605492, 605492, 0.04180646315217018, 3.066927671432495
3830, 1.5180019521649228, 4, 40.0653336510004, 307, 605799, 605799, 0.03447943180799484, 3.0537269115448
3831, -2.048005315766204, 2, 31.55105382000329, 240, 606039, 606039, 0.03132561594247818, 3.0445146560668945
3832, 7.319313312123995, 1, 24.407037833996583, 185, 606224, 606224, 0.03394780308008194, 3.043907403945923
3833, -0.0548244365490973, 2, 21.119600056001218, 159, 606383, 606383, 0.03260092809796333, 3.0580942630767822
3834, 7.6688522806507535, 1, 24.434942089006654, 185, 606568, 606568, 0.034498181194067, 3.05478572845459
3835, -1.1075075587723404, 2, 16.88438464300998, 127, 606695, 606695, 0.035073768347501755, 3.0487449169158936
3836, 7.335454573301831, 1, 30.48739962800755, 232, 606927, 606927, 0.034535929560661316, 3.067664861679077
3837, 0.28532810014439747, 2, 28.587363590006134, 217, 607144, 607144, 0.03304610028862953, 3.051475763320923
3838, -0.6195932973641902, 2, 30.767181821007398, 234, 607378, 607378, 0.0376078337430954, 3.053269147872925
3839, -2.347036495571956, 2, 8.117478662999929, 59, 607437, 607437, 0.037805598229169846, 3.0702850818634033
3840, -0.9706743902206654, 2, 32.57654816699505, 249, 607686, 607686, 0.03620534390211105, 3.0606868267059326
3841, 0.30503676930675283, 2, 33.07491875400592, 252, 607938, 607938, 0.03310495987534523, 3.0516977310180664
3842, -4.941659521078691, 2, 4.411549532000208, 30, 607968, 607968, 0.0381237231194973, 3.0487287044525146
3843, -1.1098140580579638, 2, 11.690335174003849, 87, 608055, 608055, 0.03547659516334534, 3.052696943283081
3844, -0.6805231910329894, 2, 25.08421045698924, 190, 608245, 608245, 0.03633476793766022, 3.05253529548645
3845, 0.0831400314145867, 2, 24.025420941994525, 182, 608427, 608427, 0.036932434886693954, 3.056804895401001
3846, -4.543425867101178, 2, 4.421962551001343, 30, 608457, 608457, 0.03468787670135498, 3.0697944164276123
3847, -2.742625877435785, 2, 39.332809925006586, 301, 608758, 608758, 0.03300688788294792, 3.0635929107666016
3848, 2.2319409439514857, 4, 40.052268548999564, 307, 609065, 609065, 0.03508468717336655, 3.0536744594573975
3849, -2.4205589797056746, 2, 34.45714932700503, 264, 609329, 609329, 0.0345628522336483, 3.054175853729248
3850, -1.0279472731563146, 2, 17.937234207987785, 135, 609464, 609464, 0.03545037657022476, 3.0519580841064453
3851, 3.988460229298653, 4, 40.096729206008604, 306, 609770, 609770, 0.0328635573387146, 3.052032947540283
3852, -2.496441714800312, 2, 11.752635718003148, 87, 609857, 609857, 0.03549133986234665, 3.047739028930664
3853, 7.701377184213925, 1, 28.425701315005426, 215, 610072, 610072, 0.033944789320230484, 3.048142433166504
3854, -0.2503204345557606, 4, 40.0620863649965, 307, 610379, 610379, 0.03465529531240463, 3.0475313663482666
3855, 7.9158614843618125, 1, 33.36170679499628, 253, 610632, 610632, 0.03441397100687027, 3.057462215423584
3856, -2.2834504151251167, 2, 17.631629124996834, 132, 610764, 610764, 0.03603556007146835, 3.05889630317688
3857, 7.416053895896766, 1, 39.52204056100163, 301, 611065, 611065, 0.03185970336198807, 3.054584264755249
3858, -5.727789107710123, 2, 4.4115794640092645, 30, 611095, 611095, 0.030032159760594368, 3.07080078125
3859, 7.600359367905185, 1, 20.409492594000767, 154, 611249, 611249, 0.03514200076460838, 3.0662262439727783
3860, 1.8649535175645724, 1, 4.382938127993839, 30, 611279, 611279, 0.029583273455500603, 3.04464054107666
3861, 7.969549687069957, 1, 21.997688599993126, 166, 611445, 611445, 0.034401386976242065, 3.0486245155334473
3862, 1.9297195104736602, 4, 40.066526228998555, 306, 611751, 611751, 0.03261315077543259, 3.0510027408599854
3863, -3.741359522464336, 2, 21.68444610601, 164, 611915, 611915, 0.035365473479032516, 3.052675247192383
3864, -2.4058988018659875, 2, 9.231519293010933, 67, 611982, 611982, 0.02867838554084301, 3.063584804534912
3865, -2.3081876324577024, 2, 38.07786227299948, 291, 612273, 612273, 0.034061968326568604, 3.0498316287994385
3866, 6.196677980171444, 1, 34.53448848699918, 262, 612535, 612535, 0.03231126442551613, 3.047276735305786
3867, -4.881629356183112, 2, 4.404628172997036, 30, 612565, 612565, 0.039669640362262726, 3.0667693614959717
3868, -1.8741368865594268, 2, 12.322049767011777, 91, 612656, 612656, 0.03674168139696121, 3.0640974044799805
3869, 6.827404547133483, 1, 24.442747153996606, 185, 612841, 612841, 0.03454664722084999, 3.0511388778686523
3870, -0.540477489164914, 4, 40.13443278799241, 307, 613148, 613148, 0.035818010568618774, 3.0535852909088135
3871, -5.5891141328029335, 2, 4.378312774992082, 30, 613178, 613178, 0.02845102548599243, 3.0260939598083496
3872, 1.7560051262080378, 4, 40.07573399900866, 305, 613483, 613483, 0.034851446747779846, 3.049619436264038
3873, -4.406348894699477, 2, 4.405754788997001, 30, 613513, 613513, 0.030440961942076683, 3.05260968208313
3874, 2.542802628049685, 4, 40.12517114600632, 307, 613820, 613820, 0.03379641845822334, 3.0509440898895264
3875, -4.074060841812752, 2, 21.16152171199792, 160, 613980, 613980, 0.0356488861143589, 3.05502986907959
3876, -3.7777526525314897, 2, 9.647842865990242, 70, 614050, 614050, 0.036668844521045685, 3.0418500900268555
3877, -5.041544285370037, 2, 4.385582407005131, 30, 614080, 614080, 0.03286503627896309, 3.0570456981658936
3878, -4.8742573230993, 2, 4.397932867999771, 30, 614110, 614110, 0.030584484338760376, 3.0489680767059326
3879, -3.094222338986583, 2, 11.096081258001504, 81, 614191, 614191, 0.032437413930892944, 3.051138401031494
3880, 7.522670411661238, 1, 34.47629618199426, 262, 614453, 614453, 0.033478379249572754, 3.0496397018432617
3881, -5.80032825894159, 2, 36.04696480699931, 276, 614729, 614729, 0.03167813643813133, 3.051138162612915
3882, -2.9947126699844375, 2, 10.706777950006654, 79, 614808, 614808, 0.03508905693888664, 3.050551176071167
3883, -2.0216231925660395, 2, 16.26879809400998, 122, 614930, 614930, 0.03817114979028702, 3.055891513824463
3884, -2.5248098955289606, 2, 15.480059819004964, 116, 615046, 615046, 0.035302914679050446, 3.0694379806518555
3885, 1.809073536132928, 4, 40.11073538000346, 307, 615353, 615353, 0.033500924706459045, 3.0549685955047607
3886, -2.4508316301507875, 2, 10.859193775002495, 80, 615433, 615433, 0.03576476871967316, 3.0397017002105713
3887, 2.1648156640003435, 4, 40.119811955009936, 306, 615739, 615739, 0.03424586355686188, 3.0394375324249268
3888, 3.0136077551505878, 4, 40.10399450799741, 306, 616045, 616045, 0.03576388582587242, 3.057502031326294
3889, 7.274363166636135, 1, 25.525028468997334, 193, 616238, 616238, 0.03544895723462105, 3.048701047897339
3890, -0.8817219047523395, 2, 17.050478606004617, 128, 616366, 616366, 0.03087281808257103, 3.040743350982666
3891, -2.825039428367745, 2, 7.109655110994936, 51, 616417, 616417, 0.030552735552191734, 3.0459890365600586
3892, 7.326515330909388, 1, 31.414077979992726, 238, 616655, 616655, 0.03354255110025406, 3.0609803199768066
3893, 7.216272017190931, 1, 27.38101733199437, 207, 616862, 616862, 0.03303588926792145, 3.058872699737549
3894, 6.743419171674759, 1, 26.478681598004187, 200, 617062, 617062, 0.03390337526798248, 3.05448579788208
3895, -0.8058149413845968, 2, 24.010310123994714, 182, 617244, 617244, 0.03203432261943817, 3.0487771034240723
3896, -1.0908434898592532, 2, 13.65171979299339, 102, 617346, 617346, 0.03186534717679024, 3.055006504058838
3897, 7.393233172271721, 1, 30.416024033009307, 231, 617577, 617577, 0.03417433425784111, 3.047638416290283
3898, -2.2024464923888445, 2, 11.382030502994894, 84, 617661, 617661, 0.031489793211221695, 3.0437750816345215
3899, -2.6971085304394364, 2, 6.069588800004567, 43, 617704, 617704, 0.03693227842450142, 3.0492703914642334
3900, 6.2745151694107335, 1, 23.448302880002302, 177, 617881, 617881, 0.034626416862010956, 3.0469655990600586
3901, 7.412083408766193, 1, 24.185456175997388, 182, 618063, 618063, 0.034907493740320206, 3.046154260635376
3902, 2.3723539112379513, 4, 40.1796967239934, 307, 618370, 618370, 0.03268980607390404, 3.0417861938476562
3903, -4.508483961224556, 2, 4.388003271000343, 30, 618400, 618400, 0.036040887236595154, 3.0670671463012695
3904, -1.3238275016192347, 2, 10.448824702994898, 76, 618476, 618476, 0.03433762118220329, 3.044729471206665
3905, 7.188961471489165, 1, 25.440138406003825, 193, 618669, 618669, 0.03446897119283676, 3.0390818119049072
3906, -3.230166981345974, 2, 6.8096358139882796, 48, 618717, 618717, 0.036473941057920456, 3.0512073040008545
3907, -1.075267959939083, 2, 20.556620689996635, 155, 618872, 618872, 0.0399341806769371, 3.0312306880950928
3908, 0.6505278671102133, 2, 25.22112839500187, 190, 619062, 619062, 0.034975815564394, 3.0532336235046387
3909, -2.823416855186224, 2, 11.35241790699365, 84, 619146, 619146, 0.03353007137775421, 3.053140163421631
3910, -4.472350069438107, 2, 5.550480434001656, 39, 619185, 619185, 0.039078228175640106, 3.068788766860962
3911, 3.543048155726865, 4, 40.10073477801052, 306, 619491, 619491, 0.037447504699230194, 3.0457050800323486
3912, 8.0946542557067, 1, 27.433937565001543, 209, 619700, 619700, 0.0360906608402729, 3.046534299850464
3913, -1.826483437558636, 2, 10.391637620006804, 76, 619776, 619776, 0.033364810049533844, 3.052964210510254
3914, 7.56094847881468, 1, 17.495632967998972, 130, 619906, 619906, 0.03371039777994156, 3.049943685531616
3915, 3.191829671184678, 4, 40.14387060399167, 308, 620214, 620214, 0.032869718968868256, 3.043715238571167
3916, -5.169117406476289, 2, 5.035325658987858, 35, 620249, 620249, 0.042019106447696686, 3.049330949783325
3917, 0.2148614185380211, 4, 40.1425896280125, 307, 620556, 620556, 0.035617630928754807, 3.042370557785034
3918, -0.3785172363568563, 2, 22.457402861007722, 170, 620726, 620726, 0.03544607758522034, 3.0402560234069824
3919, -4.012796811293811, 2, 4.455604390997905, 30, 620756, 620756, 0.03950802981853485, 3.068725824356079
3920, 3.446471343500889, 4, 40.15574943799584, 306, 621062, 621062, 0.03508313000202179, 3.047104835510254
3921, -0.6006004466908053, 2, 13.108125867001945, 96, 621158, 621158, 0.03596053645014763, 3.0425288677215576
3922, -3.484797446988523, 2, 32.170425017990055, 245, 621403, 621403, 0.033907707780599594, 3.040236711502075
3923, -0.8879792130901478, 2, 23.155001609004103, 174, 621577, 621577, 0.03488079831004143, 3.0387463569641113
3924, -4.570472395978868, 2, 17.500050729009672, 131, 621708, 621708, 0.03534725680947304, 3.0417182445526123
3925, 2.9435003958496964, 4, 40.13936703000218, 306, 622014, 622014, 0.03326696902513504, 3.048555850982666
3926, 2.581659073537594, 4, 40.12143502300023, 305, 622319, 622319, 0.032699521631002426, 3.050269842147827
3927, 1.0671977745514596, 2, 21.23691983000026, 159, 622478, 622478, 0.0375240221619606, 3.049546718597412
3928, 0.7162900282419287, 2, 22.5871969860018, 171, 622649, 622649, 0.03256109356880188, 3.046541213989258
3929, -0.7515595498261973, 4, 40.15619159399648, 307, 622956, 622956, 0.03524790704250336, 3.0364067554473877
3930, 6.696774339186959, 1, 27.404817985996488, 207, 623163, 623163, 0.037924617528915405, 3.0385210514068604
3931, -3.942999790644535, 2, 12.904939719999675, 96, 623259, 623259, 0.031469397246837616, 3.0470407009124756
3932, 7.968205395816767, 1, 31.442328912002267, 238, 623497, 623497, 0.03258977457880974, 3.0513243675231934
3933, -3.5062733084196225, 2, 5.345518318994436, 37, 623534, 623534, 0.03918643295764923, 3.0608062744140625
3934, -1.7871338612167165, 2, 23.23447524900257, 175, 623709, 623709, 0.03509080410003662, 3.039792537689209
3935, -0.6664365609758534, 2, 32.88481646300352, 250, 623959, 623959, 0.03730977699160576, 3.0441346168518066
3936, -4.17668380192481, 2, 17.2610161670018, 130, 624089, 624089, 0.03874090686440468, 3.0540390014648438
3937, -1.436537664354546, 2, 31.32794655401085, 238, 624327, 624327, 0.03540661931037903, 3.0552031993865967
3938, 3.1828739045304246, 4, 40.17482959800691, 306, 624633, 624633, 0.03561314567923546, 3.041125774383545
3939, -4.977776663959958, 2, 4.794352038996294, 33, 624666, 624666, 0.030073650181293488, 3.052180051803589
3940, 8.099613233527634, 1, 29.44877784900018, 223, 624889, 624889, 0.03506450727581978, 3.047025442123413
3941, 7.242682775235153, 1, 33.744130041013705, 256, 625145, 625145, 0.03250948712229729, 3.048977851867676
3942, 1.900461758254096, 1, 4.383034557002247, 30, 625175, 625175, 0.03334125131368637, 3.038813829421997
3943, 2.4704551727227226, 4, 40.07057624500885, 305, 625480, 625480, 0.03480212762951851, 3.042192220687866
3944, -1.916990962869022, 2, 15.19406745499873, 113, 625593, 625593, 0.03357069939374924, 3.03308367729187
3945, 0.027940830434090458, 4, 40.160925442993175, 307, 625900, 625900, 0.03586911782622337, 3.042966365814209
3946, -3.4275351577452966, 2, 7.7942535459878854, 56, 625956, 625956, 0.03347822278738022, 3.065135955810547
3947, -3.7590913228923455, 2, 4.429282592012896, 30, 625986, 625986, 0.033544931560754776, 3.057828664779663
3948, -4.797979824244976, 2, 4.926992690991028, 34, 626020, 626020, 0.03360021859407425, 3.0843870639801025
3949, -3.742871113936417, 2, 6.348982000999968, 45, 626065, 626065, 0.03382620960474014, 3.0418457984924316
3950, 2.07023956149078, 4, 40.06208121000964, 305, 626370, 626370, 0.03227398172020912, 3.045823097229004
3951, -1.6552657319698483, 2, 28.38506449801207, 216, 626586, 626586, 0.03294194117188454, 3.0411713123321533
3952, -1.0077494568959082, 2, 12.878946331999032, 95, 626681, 626681, 0.03317604213953018, 3.050297737121582
3953, -4.733856544014998, 2, 4.385381857995526, 30, 626711, 626711, 0.04234743118286133, 3.0300517082214355
3954, -3.5005183845714782, 2, 10.686907261013403, 78, 626789, 626789, 0.034251801669597626, 3.052138566970825
3955, 6.892455331239034, 1, 30.459649786003865, 231, 627020, 627020, 0.03383837640285492, 3.0499989986419678
3956, -1.4616242194533697, 2, 28.574230124009773, 217, 627237, 627237, 0.035218365490436554, 3.049265146255493
3957, 3.136847614659928, 4, 40.15737694299605, 306, 627543, 627543, 0.03392571955919266, 3.043675422668457
3958, -1.3364339206236764, 2, 24.109275009002886, 181, 627724, 627724, 0.033133506774902344, 3.044508695602417
3959, -3.9776359404204413, 2, 4.901022284000646, 34, 627758, 627758, 0.043009091168642044, 3.031919479370117
3960, 7.213569840678247, 1, 18.4375744049903, 137, 627895, 627895, 0.03698663040995598, 3.044214963912964
3961, -4.160097300307825, 2, 4.3829691739956615, 30, 627925, 627925, 0.03918742015957832, 3.063274621963501
3962, -5.1512013040483, 2, 5.064825150999241, 35, 627960, 627960, 0.031637053936719894, 3.0478978157043457
3963, 3.1985599919134984, 4, 40.15318836599181, 306, 628266, 628266, 0.03503871336579323, 3.044893741607666
3964, 3.4254844351526117, 4, 40.07109960899106, 305, 628571, 628571, 0.033281151205301285, 3.0496022701263428
3965, -0.9098949052058742, 2, 29.59384568700625, 223, 628794, 628794, 0.03522900864481926, 3.0482211112976074
3966, -3.6361111644655466, 2, 6.75527193499147, 48, 628842, 628842, 0.03720148652791977, 3.041773796081543
3967, -0.5063762028003111, 2, 21.656419088001712, 163, 629005, 629005, 0.03113609179854393, 3.0495572090148926
3968, -3.4341473564127227, 2, 6.864125050997245, 49, 629054, 629054, 0.03653421998023987, 3.0550432205200195
3969, -0.9454853282077238, 2, 25.498705504985992, 193, 629247, 629247, 0.03467097133398056, 3.0484883785247803
3970, -1.2107508913613856, 2, 15.796612521997304, 118, 629365, 629365, 0.035262711346149445, 3.05002498626709
3971, -1.5128204874872608, 2, 12.039371749997372, 89, 629454, 629454, 0.03257167339324951, 3.058807611465454
3972, -1.550639160326682, 2, 10.916777830992942, 80, 629534, 629534, 0.03743833675980568, 3.0519955158233643
3973, 7.757230959832668, 1, 20.47544726000342, 154, 629688, 629688, 0.0322052426636219, 3.038653612136841
3974, -3.69507327163592, 2, 5.370557916990947, 37, 629725, 629725, 0.03084356151521206, 3.0646896362304688
3975, 0.8160489970541676, 4, 40.07592592999572, 306, 630031, 630031, 0.03750326484441757, 3.0476162433624268
3976, -1.9912300063297153, 2, 15.938372798002092, 119, 630150, 630150, 0.03371855244040489, 3.0446834564208984
3977, -3.1970963578205556, 2, 9.904166638996685, 73, 630223, 630223, 0.03694307059049606, 3.045073986053467
3978, -0.17493472050409764, 2, 15.950012840010459, 119, 630342, 630342, 0.03421918302774429, 3.0346174240112305
3979, 7.6431171118329075, 1, 21.384070770989638, 161, 630503, 630503, 0.037630874663591385, 3.029981851577759
3980, 0.16220939206323237, 2, 19.74599758601107, 148, 630651, 630651, 0.03462887927889824, 3.038356065750122
3981, 2.0854834054771345, 4, 40.05248112200934, 306, 630957, 630957, 0.03402428701519966, 3.041893482208252
3982, -1.3571493703930173, 2, 28.15805407600419, 213, 631170, 631170, 0.03300018608570099, 3.0323257446289062
3983, -3.5543312234804034, 2, 5.6790534619940445, 40, 631210, 631210, 0.0328298918902874, 3.0316834449768066
3984, -4.403391418512911, 2, 4.408531337001477, 30, 631240, 631240, 0.0328337624669075, 3.037261486053467
3985, -1.9971694914856926, 2, 7.702870680994238, 55, 631295, 631295, 0.030952954664826393, 3.0544652938842773
3986, 1.6022754550504033, 4, 40.07487760799995, 306, 631601, 631601, 0.03528521582484245, 3.048056125640869
3987, -4.645743816392496, 2, 4.439675147004891, 30, 631631, 631631, 0.04257044941186905, 3.0521674156188965
3988, 3.896109894660185, 4, 40.19631149999623, 307, 631938, 631938, 0.03431437164545059, 3.047684907913208
3989, 7.401337386458181, 1, 23.43305547599448, 177, 632115, 632115, 0.0336516797542572, 3.0359792709350586
3990, -3.741080201230943, 2, 6.396064362008474, 45, 632160, 632160, 0.030907385051250458, 3.0456669330596924
3991, -0.9656979382962163, 2, 19.299632748006843, 144, 632304, 632304, 0.032702550292015076, 3.044372320175171
3992, -4.0867878556018695, 2, 4.412105620009243, 30, 632334, 632334, 0.032354310154914856, 3.0169029235839844
3993, 2.437836760051141, 4, 40.145832480004174, 305, 632639, 632639, 0.03558879718184471, 3.0483012199401855
3994, 7.918394774751505, 1, 22.436598225001944, 168, 632807, 632807, 0.03283710405230522, 3.050272226333618
3995, 7.1375878250401, 1, 24.401290337002138, 184, 632991, 632991, 0.0334257036447525, 3.0490758419036865
3996, -2.897351647960022, 2, 8.514211503003025, 62, 633053, 633053, 0.03313470631837845, 3.042518138885498
3997, 0.3823364170129935, 2, 26.30577046101098, 199, 633252, 633252, 0.03360286355018616, 3.0447652339935303
3998, 2.5043622836383292, 4, 40.14372425498732, 306, 633558, 633558, 0.03428422659635544, 3.043562889099121
3999, -0.11713109604897909, 2, 21.51336054399144, 162, 633720, 633720, 0.03191737085580826, 3.0361082553863525
4000, 4.894200205826564, 4, 40.07373488199664, 306, 634026, 634026, 0.03558103367686272, 3.047731637954712
4001, 7.660377052510739, 1, 37.88922734899097, 287, 634313, 634313, 0.03515912964940071, 3.048121213912964
4002, -1.3195554635021836, 2, 23.51099386700662, 177, 634490, 634490, 0.03212212026119232, 3.047243356704712
4003, -0.7748250120166631, 2, 35.71413886299706, 271, 634761, 634761, 0.03377149999141693, 3.0457780361175537
4004, -2.514376726699993, 2, 7.0617427569959546, 50, 634811, 634811, 0.031599100679159164, 3.0663650035858154
4005, -0.9013447073084535, 2, 19.019916127988836, 142, 634953, 634953, 0.03365842252969742, 3.038278818130493
4006, 2.143044715961878, 4, 40.11950579099357, 306, 635259, 635259, 0.034593746066093445, 3.043966054916382
4007, -1.9011927946703508, 2, 10.665096297001583, 78, 635337, 635337, 0.03421365097165108, 3.0342838764190674
4008, 2.5223502168046252, 4, 40.16335551100201, 305, 635642, 635642, 0.035319868475198746, 3.042346477508545
4009, -1.7929376732790843, 2, 15.79743883300398, 118, 635760, 635760, 0.03693912550806999, 3.0430004596710205
4010, -4.353921315690968, 2, 18.92015442698903, 142, 635902, 635902, 0.03443782031536102, 3.0524983406066895
4011, -4.137585021715495, 2, 39.66079153199098, 303, 636205, 636205, 0.03513515368103981, 3.0467231273651123
4012, -4.263665720820427, 2, 4.387870591002866, 30, 636235, 636235, 0.031129155308008194, 3.0443265438079834
4013, 4.3027585130912485, 4, 40.074972757996875, 304, 636539, 636539, 0.03553370013833046, 3.043889045715332
4014, 2.8437843922292814, 4, 40.13278677499329, 305, 636844, 636844, 0.03426630422472954, 3.045549154281616
4015, -4.584523233061191, 2, 4.410854756002664, 30, 636874, 636874, 0.03309271112084389, 3.0278189182281494
4016, 7.145546500265482, 1, 29.465624527991167, 223, 637097, 637097, 0.03538334369659424, 3.044466495513916
4017, 7.2358117979892995, 1, 24.480883612995967, 185, 637282, 637282, 0.03162731975317001, 3.044499158859253
4018, -3.992585057945689, 2, 33.575032187989564, 255, 637537, 637537, 0.033558622002601624, 3.044891834259033
4019, -2.2796730992849916, 2, 37.52193727600388, 285, 637822, 637822, 0.03424597159028053, 3.043053388595581
4020, -2.588295670764637, 2, 18.83815398000297, 141, 637963, 637963, 0.03588080778717995, 3.0435025691986084
4021, -1.6564904998522252, 2, 21.606587898000726, 162, 638125, 638125, 0.033987730741500854, 3.0427064895629883
4022, -2.603593701729551, 2, 7.257944460987346, 52, 638177, 638177, 0.03556498512625694, 3.0393831729888916
4023, 3.728143208718393, 4, 40.07617917000607, 305, 638482, 638482, 0.03396039828658104, 3.0356173515319824
4024, -0.27809862700814847, 2, 28.96027733599476, 218, 638700, 638700, 0.032283421605825424, 3.0344202518463135
4025, -3.3215562112163752, 2, 7.257287937987712, 52, 638752, 638752, 0.033019110560417175, 3.031125545501709
4026, 7.3701329753457685, 1, 20.50471938699775, 153, 638905, 638905, 0.0334731787443161, 3.0415091514587402
4027, -0.6631933743983609, 2, 37.27367131700157, 284, 639189, 639189, 0.03689061105251312, 3.0375897884368896
4028, -3.2327170768862743, 2, 33.15617317899887, 252, 639441, 639441, 0.03321238234639168, 3.0503318309783936
4029, -1.16387900178961, 2, 22.290814940002747, 168, 639609, 639609, 0.035507090389728546, 3.043609857559204
4030, -2.657697030511372, 2, 14.490137579996372, 107, 639716, 639716, 0.03228151425719261, 3.0381276607513428
4031, 1.5506416419520974, 4, 40.11532291000185, 305, 640021, 640021, 0.0332082062959671, 3.037043809890747
4032, 7.747313197018229, 1, 22.421277417000965, 169, 640190, 640190, 0.0351715013384819, 3.035968542098999
4033, 6.6573145605798345, 1, 22.480247179002617, 169, 640359, 640359, 0.03526217117905617, 3.0419909954071045
4034, -1.3415890285978094, 2, 14.561519875001977, 108, 640467, 640467, 0.033501509577035904, 3.032406806945801
4035, 2.5440022963593947, 4, 40.13485057899379, 305, 640772, 640772, 0.0353689081966877, 3.037142753601074
4036, 2.882502912398195, 4, 40.13468329999887, 305, 641077, 641077, 0.035933952778577805, 3.044417381286621
4037, -5.760267846286297, 2, 4.442942138004582, 30, 641107, 641107, 0.037965770810842514, 3.02133846282959
4038, 1.1905615282303188, 4, 40.0752172700013, 304, 641411, 641411, 0.03371238708496094, 3.0342800617218018
4039, -2.552884067685227, 2, 31.912205208995147, 242, 641653, 641653, 0.03319930657744408, 3.0457921028137207
4040, -5.154450915870257, 2, 4.42149977099325, 30, 641683, 641683, 0.045558732002973557, 3.0403387546539307
4041, -4.191526729729958, 2, 4.3927329139987705, 30, 641713, 641713, 0.03246372938156128, 3.0314459800720215
4042, -4.215470793657005, 2, 4.421911237994209, 30, 641743, 641743, 0.031149642542004585, 3.065196990966797
4043, -1.7126812813658034, 2, 17.854404073994374, 133, 641876, 641876, 0.03512740135192871, 3.018185615539551
4044, 1.6689742192393169, 4, 40.10455841298972, 305, 642181, 642181, 0.03593072667717934, 3.047908067703247
4045, -2.2339503744151443, 2, 30.166585150000174, 228, 642409, 642409, 0.034621112048625946, 3.036839485168457
4046, 7.909894975491625, 1, 31.50463342400326, 238, 642647, 642647, 0.03435780480504036, 3.0370476245880127
4047, -1.3744337821262889, 2, 29.76225904400053, 225, 642872, 642872, 0.03493988886475563, 3.0355098247528076
4048, 1.9322731565589493, 4, 40.18129022400535, 306, 643178, 643178, 0.03596808388829231, 3.0334038734436035
4049, -2.3385730481750215, 2, 29.403623741993215, 222, 643400, 643400, 0.03327921777963638, 3.0276310443878174
4050, -1.0251958479639143, 2, 14.123738049005624, 104, 643504, 643504, 0.03751986846327782, 3.027132749557495
4051, 1.7098131794919027, 4, 40.136825489011244, 304, 643808, 643808, 0.03362361714243889, 3.0444915294647217
4052, -4.130900657270104, 2, 4.462662211008137, 30, 643838, 643838, 0.03512877598404884, 3.028825283050537
4053, -2.4095803821255686, 2, 26.309860900000785, 199, 644037, 644037, 0.03471213951706886, 3.0437793731689453
4054, -4.741033111815341, 2, 13.250301234991639, 98, 644135, 644135, 0.03406761214137077, 3.0545542240142822
4055, 0.10528435210289899, 2, 33.04011648798769, 250, 644385, 644385, 0.03632960096001625, 3.0428569316864014
4056, -1.3914849089851486, 2, 24.74304022899014, 186, 644571, 644571, 0.03516635671257973, 3.040925979614258
4057, 3.5862933815078577, 4, 40.090895397006534, 303, 644874, 644874, 0.033973578363657, 3.0407817363739014
4058, -3.6765436448622495, 2, 4.489262081013294, 30, 644904, 644904, 0.03691191226243973, 3.0557827949523926
4059, 6.0313219437375665, 1, 27.496131262989365, 207, 645111, 645111, 0.03508531302213669, 3.0375518798828125
4060, -4.868644340080209, 2, 4.401564225991024, 30, 645141, 645141, 0.03806612268090248, 3.035027265548706
4061, 2.9571441870648414, 4, 40.10518495099677, 304, 645445, 645445, 0.034991584718227386, 3.036742687225342
4062, -2.2517612888041185, 2, 36.74581878000754, 279, 645724, 645724, 0.03565135970711708, 3.045276165008545
4063, 3.8513411943822575, 4, 40.0979927139997, 304, 646028, 646028, 0.0354214645922184, 3.041527271270752
4064, -0.7451336108206306, 2, 17.946369441997376, 133, 646161, 646161, 0.03419031947851181, 3.0470237731933594
4065, 0.3806402361515211, 2, 20.213711873991997, 151, 646312, 646312, 0.03529737517237663, 3.032362222671509
4066, -4.496695567458119, 2, 13.497126494999975, 100, 646412, 646412, 0.03668005391955376, 3.0437707901000977
4067, 5.895688048214652, 1, 22.449109055000008, 169, 646581, 646581, 0.03474704921245575, 3.0479800701141357
4068, 7.424675710746669, 1, 24.490604915001313, 184, 646765, 646765, 0.03438129276037216, 3.029975652694702
4069, 1.419591004967515, 4, 40.13740913600486, 306, 647071, 647071, 0.031314656138420105, 3.035419464111328
4070, 2.0363825043314137, 4, 40.0978368770011, 305, 647376, 647376, 0.03258135914802551, 3.0393478870391846
4071, 6.722879278235268, 1, 29.28420617899974, 221, 647597, 647597, 0.03189253434538841, 3.0393548011779785
4072, -1.875239479006268, 2, 9.60430703300517, 70, 647667, 647667, 0.03239131346344948, 3.023822546005249
4073, -0.765874763019383, 2, 16.890795963001437, 125, 647792, 647792, 0.03464222326874733, 3.038388252258301
4074, 7.520270188222639, 1, 22.47329112800071, 168, 647960, 647960, 0.03487146273255348, 3.034754991531372
4075, -1.0723218371240364, 2, 36.94085587600421, 281, 648241, 648241, 0.03117472492158413, 3.036886692047119
4076, 8.005101667135023, 1, 24.486013264991925, 184, 648425, 648425, 0.03200889751315117, 3.054351568222046
4077, -2.7309353766031563, 2, 25.468628917995375, 192, 648617, 648617, 0.034268975257873535, 3.0348405838012695
4078, -2.3221505450069344, 2, 17.42948562699894, 129, 648746, 648746, 0.03560972586274147, 3.0296778678894043
4079, 1.5304921271454077, 4, 40.07516464499349, 305, 649051, 649051, 0.03281538933515549, 3.0360450744628906
4080, -4.21084992075339, 2, 8.37030687200604, 60, 649111, 649111, 0.035817764699459076, 3.0266950130462646
4081, 7.571585027006222, 1, 38.197554529004265, 289, 649400, 649400, 0.03509420156478882, 3.0377767086029053
4082, 2.5761285600601695, 4, 40.09663833300874, 304, 649704, 649704, 0.034701403230428696, 3.0337438583374023
4083, -0.24414112290833145, 2, 30.472725017010816, 230, 649934, 649934, 0.034457091242074966, 3.0432214736938477
4084, 2.503366113320226, 4, 40.07390476700675, 304, 650238, 650238, 0.03392428532242775, 3.042738199234009
4085, -3.7105003547039814, 2, 15.393565207006759, 115, 650353, 650353, 0.03426854684948921, 3.0405490398406982
4086, 3.494584313623818, 4, 40.13481368799694, 304, 650657, 650657, 0.0347147136926651, 3.033543586730957
4087, -1.776131660957617, 2, 30.308174263002, 228, 650885, 650885, 0.03404047712683678, 3.040581703186035
4088, -4.292374728014693, 2, 5.061633924997295, 35, 650920, 650920, 0.03507829084992409, 3.0303120613098145
4089, 7.766867163911229, 1, 27.51265103899641, 208, 651128, 651128, 0.03368264436721802, 3.0429182052612305
4090, 2.9528397057874827, 4, 40.05983350299357, 303, 651431, 651431, 0.03677292913198471, 3.0415031909942627
4091, -2.318902263767086, 2, 5.203612725992571, 36, 651467, 651467, 0.03774615749716759, 3.0372438430786133
4092, -2.828092198818922, 2, 38.22158087400021, 291, 651758, 651758, 0.03548508509993553, 3.0371415615081787
4093, 6.669881183195685, 1, 30.539245441003004, 231, 651989, 651989, 0.034337133169174194, 3.036424160003662
4094, -0.7473946736718062, 2, 26.433582076002494, 198, 652187, 652187, 0.03478867933154106, 3.0419323444366455
4095, 3.1554065019008704, 4, 40.125695055001415, 305, 652492, 652492, 0.034456245601177216, 3.049710750579834
4096, -5.254028534167446, 2, 4.4150079719984205, 30, 652522, 652522, 0.02916969545185566, 3.0696656703948975
4097, -3.955652696546167, 2, 12.294719140001689, 91, 652613, 652613, 0.031913671642541885, 3.033644437789917
4098, 1.9034121195473972, 4, 40.09251570700144, 304, 652917, 652917, 0.03434417024254799, 3.0339581966400146
4099, -0.7429463937296532, 4, 40.0919779939868, 306, 653223, 653223, 0.033671312034130096, 3.0377628803253174
4100, 1.6616311178077012, 4, 40.06783751200419, 303, 653526, 653526, 0.03433160483837128, 3.0391147136688232
4101, -0.5459994375705719, 2, 11.310257534001721, 82, 653608, 653608, 0.03750179335474968, 3.040645122528076
4102, 2.766505002935446, 4, 40.07798209700559, 304, 653912, 653912, 0.03504045307636261, 3.0412209033966064
4103, -5.714684024453163, 2, 4.432217713998398, 30, 653942, 653942, 0.035099372267723083, 3.0207436084747314
4104, -5.466146665625274, 2, 4.419223528995644, 30, 653972, 653972, 0.03753650560975075, 3.0253102779388428
4105, -0.8791462226508884, 2, 26.394598070997745, 199, 654171, 654171, 0.034730345010757446, 3.035862684249878
4106, -0.5513709976221435, 2, 22.201752060005674, 167, 654338, 654338, 0.03505371883511543, 3.039968252182007
4107, 7.019749727311137, 1, 22.390154587003053, 167, 654505, 654505, 0.03186477720737457, 3.044404983520508
4108, 1.2360688007902354, 2, 18.271074613992823, 136, 654641, 654641, 0.03505094349384308, 3.034447193145752
4109, -0.9450932652689517, 2, 15.354637185009778, 113, 654754, 654754, 0.03469111770391464, 3.0435755252838135
4110, -1.3655065448838286, 2, 27.00384215899976, 203, 654957, 654957, 0.0347917266190052, 3.048992395401001
4111, 3.8399735601851717, 4, 40.16635149900685, 304, 655261, 655261, 0.033990174531936646, 3.0396676063537598
4112, -1.8464174157561501, 2, 28.216905102992314, 212, 655473, 655473, 0.035454362630844116, 3.044341802597046
4113, 7.805342803083477, 1, 22.394191573999706, 168, 655641, 655641, 0.033637646585702896, 3.0391337871551514
4114, -1.6228999603627017, 2, 18.24910722700588, 136, 655777, 655777, 0.0400131493806839, 3.0417282581329346
4115, -3.817036519292742, 2, 7.123138381997705, 51, 655828, 655828, 0.027260351926088333, 3.0349931716918945
4116, -3.2919742455706, 2, 5.121365945000434, 35, 655863, 655863, 0.030026227235794067, 3.072962760925293
4117, -2.2672146868426353, 2, 11.331223971006693, 83, 655946, 655946, 0.03833720460534096, 3.0278079509735107
4118, 0.09809672125265934, 4, 40.11202667199541, 306, 656252, 656252, 0.032952193170785904, 3.0400097370147705
4119, -3.098854817682877, 2, 7.804887803999009, 56, 656308, 656308, 0.03332475945353508, 3.0517241954803467
4120, -4.7647248663706705, 2, 4.415291513010743, 30, 656338, 656338, 0.033525798469781876, 3.0274946689605713
4121, 2.0750104841717985, 4, 40.12160512400442, 304, 656642, 656642, 0.033215027302503586, 3.0400197505950928
4122, 1.6708698209768045, 4, 40.12503099699097, 306, 656948, 656948, 0.033727653324604034, 3.0457634925842285
4123, -2.111752636366873, 2, 14.84482551801193, 110, 657058, 657058, 0.031569380313158035, 3.0453052520751953
4124, -3.1382229567680042, 2, 11.346540851998725, 83, 657141, 657141, 0.03347643092274666, 3.0357666015625
4125, -5.85416785099369, 2, 16.873139682997135, 126, 657267, 657267, 0.03639151528477669, 3.039588451385498
4126, 2.997407887567533, 4, 40.07713214799878, 303, 657570, 657570, 0.035501640290021896, 3.041001081466675
4127, -2.4454227856185753, 2, 30.263127277998137, 229, 657799, 657799, 0.03327414393424988, 3.0387039184570312
4128, -5.552130021969788, 2, 10.266771698996308, 75, 657874, 657874, 0.036913078278303146, 3.0363597869873047
4129, -0.2662892724474659, 2, 29.144636800003354, 220, 658094, 658094, 0.032319311052560806, 3.0372328758239746
4130, 0.5971107529258006, 4, 40.11658363700553, 304, 658398, 658398, 0.03338102623820305, 3.0304110050201416
4131, -1.2212568919640034, 2, 22.649133796992828, 170, 658568, 658568, 0.03434921056032181, 3.031050443649292
4132, 2.1165917006837844, 4, 40.072672423993936, 304, 658872, 658872, 0.035524655133485794, 3.02823805809021
4133, -2.656682952772826, 2, 15.580319689994212, 115, 658987, 658987, 0.033685214817523956, 3.041067600250244
4134, -4.651997410488548, 2, 12.467830773995956, 92, 659079, 659079, 0.03143397718667984, 3.048119306564331
4135, 2.6949754118431883, 4, 40.130622395998216, 303, 659382, 659382, 0.036538947373628616, 3.030681848526001
4136, -0.864847332413774, 2, 19.514190294998116, 145, 659527, 659527, 0.03554468974471092, 3.0454139709472656
4137, 7.082948608747756, 1, 29.4395041270036, 222, 659749, 659749, 0.035171546041965485, 3.0377719402313232
4138, 3.5141733051859774, 4, 40.10736307800107, 303, 660052, 660052, 0.03568705543875694, 3.040522336959839
4139, -2.3438526506070048, 2, 6.913321204003296, 49, 660101, 660101, 0.035360176116228104, 3.0465118885040283
4140, 0.7395785777262063, 4, 40.076817819994176, 304, 660405, 660405, 0.03536909446120262, 3.0383241176605225
4141, -1.3725709797581658, 2, 6.998739710994414, 50, 660455, 660455, 0.036600805819034576, 3.0409984588623047
4142, 2.038366346667317, 4, 40.098435613006586, 304, 660759, 660759, 0.03462114930152893, 3.0477681159973145
4143, -3.032976777263684, 2, 21.18053955999494, 159, 660918, 660918, 0.036182302981615067, 3.037381887435913
4144, -3.170195215032436, 2, 35.35956932599947, 268, 661186, 661186, 0.03538913279771805, 3.0383169651031494
4145, -2.8279222295932414, 2, 10.575422128997161, 77, 661263, 661263, 0.03307072073221207, 3.039383888244629
4146, 2.355312537692953, 4, 40.09727513999678, 304, 661567, 661567, 0.031351927667856216, 3.0316085815429688
4147, -1.433684895397164, 2, 37.4627809930098, 283, 661850, 661850, 0.03477988392114639, 3.0420515537261963
4148, 0.8529609607649036, 2, 24.448654013001942, 184, 662034, 662034, 0.03516241908073425, 3.027182102203369
4149, -5.549540601205081, 2, 4.418010527995648, 30, 662064, 662064, 0.03527341037988663, 3.0522749423980713
4150, -2.479138449183665, 2, 7.815538979994017, 56, 662120, 662120, 0.031147580593824387, 3.0346450805664062
4151, 3.590899492843164, 4, 40.09773373800272, 304, 662424, 662424, 0.033334456384181976, 3.0338547229766846
4152, -4.764997873222455, 2, 4.430259423999814, 30, 662454, 662454, 0.028939060866832733, 3.0266945362091064
4153, -2.726182082260493, 2, 12.931495518991142, 95, 662549, 662549, 0.034217704087495804, 3.0511462688446045
4154, -5.098346650484018, 2, 4.929274120993796, 34, 662583, 662583, 0.03859333321452141, 3.0564513206481934
4155, 3.2992160266821884, 4, 40.10817432600015, 304, 662887, 662887, 0.034577082842588425, 3.025905132293701
4156, -2.84423804434482, 2, 10.710631499008741, 78, 662965, 662965, 0.03528229519724846, 3.0496602058410645
4157, -3.920260854647495, 2, 16.489345690002665, 123, 663088, 663088, 0.029944010078907013, 3.0488734245300293
4158, 0.6381643327185884, 2, 20.778271225004573, 155, 663243, 663243, 0.03497070074081421, 3.031562566757202
4159, -4.858140128781088, 2, 4.412470585011761, 30, 663273, 663273, 0.035671427845954895, 3.0353457927703857
4160, -1.3685772315366194, 2, 10.048555379995378, 73, 663346, 663346, 0.033066682517528534, 3.0275259017944336
4161, -1.0780600853731812, 2, 36.2422049230081, 275, 663621, 663621, 0.033630676567554474, 3.034407377243042
4162, 1.8385742683167337, 4, 40.09428269100317, 304, 663925, 663925, 0.03538406640291214, 3.036587953567505
4163, -5.021763999713585, 2, 5.597636325008352, 39, 663964, 663964, 0.036877430975437164, 3.0255424976348877
4164, -2.223789792133175, 2, 23.738172097990173, 178, 664142, 664142, 0.030377810820937157, 3.031172513961792
4165, -2.1110720123469946, 2, 19.937395907996688, 149, 664291, 664291, 0.03650946542620659, 3.0346570014953613
4166, -4.900723749771714, 2, 4.398732969988487, 30, 664321, 664321, 0.04245186224579811, 3.0411088466644287
4167, -5.231166057288647, 2, 4.419080925013986, 30, 664351, 664351, 0.034185729920864105, 3.0593760013580322
4168, -0.5533938189037144, 2, 15.992838160993415, 118, 664469, 664469, 0.03408033028244972, 3.02579402923584
4169, -2.1198904108641727, 2, 38.223895689996425, 290, 664759, 664759, 0.03344413638114929, 3.037468433380127
4170, 6.989954396834946, 1, 26.422638137999456, 199, 664958, 664958, 0.03324471414089203, 3.027894973754883
4171, 7.621663835532672, 1, 24.800479448007536, 186, 665144, 665144, 0.03597744181752205, 3.0218164920806885
4172, 2.197995572030777, 4, 40.14085632300703, 304, 665448, 665448, 0.03565438836812973, 3.035353899002075
4173, 3.3360407426880556, 4, 40.06884502900357, 304, 665752, 665752, 0.035862866789102554, 3.038343906402588
4174, 2.687432640181214, 4, 40.08464168499631, 304, 666056, 666056, 0.03390328958630562, 3.0319957733154297
4175, 7.21367214240945, 1, 24.479810083998018, 184, 666240, 666240, 0.03635081648826599, 3.0234181880950928
4176, -0.8964594239369035, 2, 8.639563961012755, 62, 666302, 666302, 0.03527543693780899, 3.0303943157196045
4177, 6.684667221386917, 1, 21.52147003299615, 160, 666462, 666462, 0.03653011843562126, 3.029924154281616
4178, 2.555749831313733, 4, 40.05852820399741, 303, 666765, 666765, 0.03541804105043411, 3.035562753677368
4179, -3.05808012036141, 2, 32.24052717600716, 243, 667008, 667008, 0.03347659856081009, 3.028944492340088
4180, 0.5019910453120247, 2, 30.840831263005384, 232, 667240, 667240, 0.033985842019319534, 3.0348315238952637
4181, 7.474881131349321, 1, 31.717739422005252, 239, 667479, 667479, 0.034998293966054916, 3.0362446308135986
4182, -0.7846986814402044, 2, 15.640173024003161, 116, 667595, 667595, 0.03443766012787819, 3.0317487716674805
4183, 6.658599061833229, 1, 23.51304489999893, 176, 667771, 667771, 0.03235122188925743, 3.0348196029663086
4184, 0.901802219594174, 4, 40.06689173700579, 304, 668075, 668075, 0.03426466882228851, 3.0319020748138428
4185, -0.9380181810120121, 2, 17.780358414005605, 132, 668207, 668207, 0.03169620782136917, 3.0336074829101562
4186, -5.492284437990747, 2, 4.419179589996929, 30, 668237, 668237, 0.040447454899549484, 3.0411782264709473
4187, 0.5211141299332667, 4, 40.11354301900428, 304, 668541, 668541, 0.03578568622469902, 3.035797595977783
4188, -2.633664359585964, 2, 19.95340554098948, 149, 668690, 668690, 0.032195307314395905, 3.018049955368042
4189, 7.204506558482535, 1, 22.526104161996045, 169, 668859, 668859, 0.034738779067993164, 3.0385031700134277
4190, -5.341655888943933, 2, 4.443730218001292, 30, 668889, 668889, 0.0320480614900589, 3.0532100200653076
4191, -1.463697854174825, 2, 26.70343418698758, 201, 669090, 669090, 0.03432587906718254, 3.0350375175476074
4192, -5.49431997758802, 2, 18.89552888101025, 141, 669231, 669231, 0.03545593470335007, 3.0380704402923584
4193, -3.293600527835224, 2, 23.64885628000775, 177, 669408, 669408, 0.03542410954833031, 3.03104829788208
4194, -4.3342474431265146, 2, 4.478390029995353, 30, 669438, 669438, 0.03521354869008064, 3.0432209968566895
4195, -3.8948187745409086, 2, 4.408722824999131, 30, 669468, 669468, 0.04165014997124672, 3.0443766117095947
4196, -4.62279586974887, 2, 30.26184840100177, 229, 669697, 669697, 0.0349123440682888, 3.0300726890563965
4197, -1.1881008861528244, 2, 15.350990359991556, 113, 669810, 669810, 0.03078697808086872, 3.0303609371185303
4198, 6.649046825596088, 1, 28.46081169700483, 213, 670023, 670023, 0.03356191888451576, 3.034947395324707
4199, -1.2044791233493015, 2, 11.25884720600152, 82, 670105, 670105, 0.03219994530081749, 3.0350329875946045
4200, 2.302032801315363, 4, 40.180692633992294, 304, 670409, 670409, 0.035163577646017075, 3.042316198348999
4201, -0.42850463496506563, 4, 40.14611919099116, 304, 670713, 670713, 0.03403205797076225, 3.030038833618164
4202, 2.23266574507943, 4, 40.15728719800245, 304, 671017, 671017, 0.0369122289121151, 3.028390884399414
4203, 3.475268992166093, 4, 40.18283245099883, 304, 671321, 671321, 0.03301755711436272, 3.0355987548828125
4204, 1.977159305854002, 4, 40.155573173004086, 305, 671626, 671626, 0.03524487838149071, 3.0316643714904785
4205, -4.294037073676009, 2, 13.038970366993453, 96, 671722, 671722, 0.032746847718954086, 3.018456220626831
4206, 7.734585374360904, 1, 24.487220274007996, 183, 671905, 671905, 0.03532615303993225, 3.0324337482452393
4207, 7.264883326599374, 1, 23.439787907002028, 176, 672081, 672081, 0.03310287371277809, 3.0303094387054443
4208, -4.023459588643163, 2, 4.460032267001225, 30, 672111, 672111, 0.03222915902733803, 3.023200035095215
4209, -4.2902380637824535, 2, 4.447216151005705, 30, 672141, 672141, 0.03809211030602455, 3.0461785793304443
4210, -2.4986998052336276, 2, 39.70081236900296, 301, 672442, 672442, 0.0344596691429615, 3.032489061355591
4211, 6.554557421593927, 1, 16.616556908003986, 123, 672565, 672565, 0.03425338491797447, 3.0220932960510254
4212, -2.255334517452866, 2, 24.34480664700095, 183, 672748, 672748, 0.032465431839227676, 3.040996551513672
4213, 7.891193080693483, 1, 18.45479123799305, 137, 672885, 672885, 0.03498144447803497, 3.0417356491088867
4214, -0.4823810270318063, 2, 39.88136380199285, 301, 673186, 673186, 0.03529244661331177, 3.037935495376587
4215, 3.4913797363587946, 4, 40.1269382580067, 303, 673489, 673489, 0.03496571630239487, 3.0396978855133057
4216, -3.347698738798499, 2, 9.413851007993799, 68, 673557, 673557, 0.03494444862008095, 3.040212869644165
4217, -1.750069276735303, 2, 38.174226823000936, 289, 673846, 673846, 0.03396446257829666, 3.0291645526885986
4218, -0.8701152508147061, 2, 13.185892868001247, 96, 673942, 673942, 0.03422427922487259, 3.0236690044403076
4219, -4.337723243457731, 2, 9.769305761990836, 71, 674013, 674013, 0.03539999946951866, 3.0226728916168213
4220, 5.477446160482941, 1, 37.43422294600168, 282, 674295, 674295, 0.03538189455866814, 3.0313408374786377
4221, 3.035853166707966, 4, 40.10557559199515, 303, 674598, 674598, 0.035461246967315674, 3.035641670227051
4222, -5.2652287180535495, 2, 4.4147519870020915, 30, 674628, 674628, 0.04160689935088158, 3.0073373317718506
4223, -3.0672047431580722, 2, 6.953332367003895, 49, 674677, 674677, 0.03501864895224571, 3.0521695613861084
4224, 6.907132909283973, 1, 24.467695518003893, 184, 674861, 674861, 0.03274498134851456, 3.018787145614624
4225, 4.08180883921159, 4, 40.18731946400658, 303, 675164, 675164, 0.03497413545846939, 3.032623291015625
4226, -2.744546142850595, 2, 20.34499673701066, 152, 675316, 675316, 0.0354524664580822, 3.0368144512176514
4227, 7.235988247441128, 1, 26.448113127000397, 198, 675514, 675514, 0.03464684262871742, 3.0265085697174072
4228, -0.20148319711734075, 4, 40.13003750699863, 304, 675818, 675818, 0.03698240593075752, 3.0316786766052246
4229, -1.7201402303762734, 2, 17.387491557004978, 129, 675947, 675947, 0.03347267210483551, 3.026845693588257
4230, 7.686330913726124, 1, 27.522991025005467, 206, 676153, 676153, 0.03746303543448448, 3.0348546504974365
4231, -2.3000263420981355, 2, 26.835859167011222, 202, 676355, 676355, 0.03559532389044762, 3.0297670364379883
4232, 3.772617639424425, 4, 40.08787353799562, 302, 676657, 676657, 0.036485929042100906, 3.0332634449005127
4233, -2.2990597697207704, 2, 30.45518022000033, 230, 676887, 676887, 0.034235499799251556, 3.042628526687622
4234, -4.701614774065092, 2, 4.442588295001769, 30, 676917, 676917, 0.0363578237593174, 3.040715456008911
4235, -0.1512802311917767, 2, 21.87747180298902, 163, 677080, 677080, 0.036266423761844635, 3.037700653076172
4236, -2.633898241678253, 2, 16.690864807998878, 124, 677204, 677204, 0.03474007919430733, 3.039069175720215
4237, 7.65079936607799, 1, 33.50628234499891, 253, 677457, 677457, 0.0344272144138813, 3.0349011421203613
4238, -1.0028481049084803, 4, 40.14553266300936, 305, 677762, 677762, 0.03409303352236748, 3.031470537185669
4239, -3.0381393700372428, 2, 14.911051648989087, 110, 677872, 677872, 0.035182975232601166, 3.038421630859375
4240, 3.206594696181128, 4, 40.15095749098691, 303, 678175, 678175, 0.036781299859285355, 3.0326294898986816
4241, 3.383644644802189, 4, 40.11951453099027, 303, 678478, 678478, 0.034499481320381165, 3.03005313873291
4242, 1.6712848676834255, 4, 40.107367157004774, 303, 678781, 678781, 0.0346212312579155, 3.032435894012451
4243, 1.7715856994072965, 4, 40.14024914499896, 304, 679085, 679085, 0.03392026573419571, 3.034236431121826
4244, -0.7667083829292096, 2, 30.044309646997135, 226, 679311, 679311, 0.03524431213736534, 3.0325658321380615
4245, -4.437668952625245, 2, 9.49055411000154, 69, 679380, 679380, 0.03411771357059479, 3.0308175086975098
4246, -0.30503585188125726, 2, 23.559332121003536, 176, 679556, 679556, 0.03558642044663429, 3.031313896179199
4247, 2.6252717482784647, 4, 40.161478274996625, 303, 679859, 679859, 0.03492986410856247, 3.0352537631988525
4248, 7.2552393851510715, 1, 20.547483975999057, 153, 680012, 680012, 0.033047113567590714, 3.027754783630371
4249, -4.460452408995479, 2, 6.331233990000328, 44, 680056, 680056, 0.038697052747011185, 3.0388529300689697
4250, 6.1842395307758125, 1, 30.6010708459944, 222, 680278, 680278, 0.03465932607650757, 3.0365307331085205
4251, 3.791524010899593, 4, 40.23018430999946, 295, 680573, 680573, 0.03463560342788696, 3.0342676639556885
4252, -4.132891229353845, 2, 9.060448311996879, 64, 680637, 680637, 0.03402078151702881, 3.042721748352051
4253, -3.214136659982614, 2, 15.084183004000806, 110, 680747, 680747, 0.032342877238988876, 3.0345206260681152
4254, 3.086876090063015, 4, 40.189889975998085, 298, 681045, 681045, 0.0332830548286438, 3.0334551334381104
4255, -4.1156333341496065, 2, 4.560365133002051, 30, 681075, 681075, 0.03910229355096817, 3.027533531188965
4256, 2.5270104989758693, 4, 40.092616869005724, 300, 681375, 681375, 0.03591712564229965, 3.0358145236968994
4257, 8.00577606918523, 1, 23.45968987600645, 173, 681548, 681548, 0.036479268223047256, 3.0448551177978516
4258, 1.7392063571605831, 1, 4.46869994699955, 30, 681578, 681578, 0.03619590774178505, 3.0190908908843994
4259, -2.2673845172721485, 2, 29.599897952997708, 218, 681796, 681796, 0.03694073483347893, 3.0292930603027344
4260, 1.7014688685669626, 4, 40.14017087800312, 298, 682094, 682094, 0.037214238196611404, 3.028918981552124
4261, 1.3500455629764474, 4, 40.15057983000588, 297, 682391, 682391, 0.03287023678421974, 3.028571128845215
4262, -4.638257290236652, 2, 4.504319635001593, 30, 682421, 682421, 0.03226052224636078, 3.046970844268799
4263, 3.5383934858764405, 4, 40.16367974599416, 296, 682717, 682717, 0.035658642649650574, 3.03163480758667
4264, 0.7848635151967756, 4, 40.27794647500559, 297, 683014, 683014, 0.03437567874789238, 3.0247232913970947
4265, -2.3169521398522193, 2, 16.946643072005827, 123, 683137, 683137, 0.03581036999821663, 3.0310747623443604
4266, 2.9341431349457707, 4, 40.23508289500023, 297, 683434, 683434, 0.03436848521232605, 3.044316291809082
4267, -3.603495674113219, 2, 7.856078901997535, 55, 683489, 683489, 0.029222195968031883, 3.044328451156616
4268, -1.139646968105808, 2, 15.988782221000292, 116, 683605, 683605, 0.03593385964632034, 3.041478157043457
4269, -0.6426319341408089, 2, 28.8127300789929, 212, 683817, 683817, 0.036595750600099564, 3.038256883621216
4270, -1.1076719230040908, 2, 16.976544392993674, 123, 683940, 683940, 0.0318109355866909, 3.051429271697998
4271, 2.13248304562876, 4, 40.16630540799815, 298, 684238, 684238, 0.03521182760596275, 3.0342049598693848
4272, 7.199701280322188, 1, 23.633149952991516, 172, 684410, 684410, 0.035373229533433914, 3.0428152084350586
4273, 2.544098952334025, 4, 40.10085679098847, 295, 684705, 684705, 0.0343075655400753, 3.032766342163086
4274, -2.4801327456370927, 2, 12.12934002399561, 87, 684792, 684792, 0.030133409425616264, 3.0292961597442627
4275, -1.9765178967500106, 2, 7.486614666995592, 52, 684844, 684844, 0.03290450945496559, 3.036604642868042
4276, -1.034946707310155, 2, 22.21564123799908, 163, 685007, 685007, 0.03173349052667618, 3.0386922359466553
4277, -4.015039492980577, 2, 4.541014066999196, 30, 685037, 685037, 0.03959052637219429, 3.00752592086792
4278, -0.7390173389576375, 2, 9.141869536993909, 65, 685102, 685102, 0.03631453588604927, 3.04172682762146
4279, 7.408341658941936, 1, 25.45623831100238, 190, 685292, 685292, 0.03292250260710716, 3.0267140865325928
4280, 6.526237846177537, 1, 29.5505804179993, 221, 685513, 685513, 0.03383954241871834, 3.026069164276123
4281, 7.174174352056525, 1, 20.196205077008926, 150, 685663, 685663, 0.03418399766087532, 3.0427353382110596
4282, -3.955823701233385, 2, 25.575305211998057, 189, 685852, 685852, 0.03430677950382233, 3.0365242958068848
4283, -3.447025855537504, 2, 6.52156724400993, 45, 685897, 685897, 0.03856639936566353, 3.0276505947113037
4284, 6.853526032038644, 1, 31.48407338099787, 233, 686130, 686130, 0.03351188451051712, 3.020963191986084
4285, -1.050359154212856, 2, 18.610299104999285, 135, 686265, 686265, 0.036129120737314224, 3.0356245040893555
4286, 2.842844193757628, 4, 40.14245889199083, 292, 686557, 686557, 0.03344373032450676, 3.0330986976623535
4287, 1.1632993413077202, 4, 40.24717317499744, 295, 686852, 686852, 0.0364745669066906, 3.025920867919922
4288, -1.4980206966865808, 2, 22.965338560999953, 169, 687021, 687021, 0.03746006265282631, 3.02763032913208
4289, -3.4276286583626643, 2, 18.642715221998515, 137, 687158, 687158, 0.03209793195128441, 3.0389604568481445
4290, 6.682449203333817, 1, 23.493394495992106, 174, 687332, 687332, 0.03594674915075302, 3.0435545444488525
4291, 0.5367837249068543, 2, 23.24995043000672, 174, 687506, 687506, 0.036940332502126694, 3.0387492179870605
4292, -2.610063924017595, 2, 14.193168505007634, 105, 687611, 687611, 0.03323201835155487, 3.031306266784668
4293, 3.2244258816645015, 4, 40.08410383899172, 302, 687913, 687913, 0.03502015396952629, 3.020927667617798
4294, 2.069060639492818, 4, 40.180272657002206, 303, 688216, 688216, 0.03460131213068962, 3.020595073699951
4295, 2.77110239429021, 4, 40.156905265001114, 303, 688519, 688519, 0.03571774810552597, 3.0312247276306152
4296, -2.5414993985323235, 2, 17.045290723006474, 127, 688646, 688646, 0.03551006317138672, 3.039592742919922
4297, -3.774349727711524, 2, 24.837756975000957, 186, 688832, 688832, 0.034102749079465866, 3.036022663116455
4298, 3.1838188650190204, 4, 40.110770771003445, 303, 689135, 689135, 0.03621883690357208, 3.030721426010132
4299, 6.767188180689118, 1, 21.556861659002607, 160, 689295, 689295, 0.03331517428159714, 3.038994789123535
4300, 2.4021389709669165, 4, 40.18279959600477, 303, 689598, 689598, 0.03399764373898506, 3.0290300846099854
4301, 6.5154085851536365, 1, 18.08822543999122, 134, 689732, 689732, 0.03401978686451912, 3.0273611545562744
4302, 3.1481145694997394, 4, 40.07872976499493, 302, 690034, 690034, 0.035502757877111435, 3.030025005340576
4303, 0.36086975113721564, 4, 40.178904319007415, 300, 690334, 690334, 0.03391338512301445, 3.0309691429138184
4304, -2.526512492680922, 2, 10.735300133994315, 77, 690411, 690411, 0.03328648954629898, 3.0074069499969482
4305, 2.164011001770632, 4, 40.2395069829945, 299, 690710, 690710, 0.035636648535728455, 3.029892921447754
4306, -4.001424387912266, 2, 6.381126686988864, 44, 690754, 690754, 0.03275381028652191, 3.037726640701294
4307, 6.33595016059553, 1, 21.688025639989064, 161, 690915, 690915, 0.037022244185209274, 3.0196330547332764
4308, -0.27947140313153795, 4, 40.137097354992875, 299, 691214, 691214, 0.0330035574734211, 3.037855625152588
4309, -3.3651714540319517, 2, 15.592577192001045, 114, 691328, 691328, 0.037396643310785294, 3.0226786136627197
4310, -1.1604867638961878, 2, 19.59776316100033, 144, 691472, 691472, 0.03344171121716499, 3.0265378952026367
4311, -3.8987840564514045, 2, 4.581610118999379, 30, 691502, 691502, 0.02877880074083805, 3.0317039489746094
4312, 2.141623376403004, 4, 40.09400385399931, 299, 691801, 691801, 0.0387667715549469, 3.0245907306671143
4313, -0.8726423839107156, 2, 16.23362716700649, 119, 691920, 691920, 0.03369278833270073, 3.022543430328369
4314, -4.244399601593614, 2, 4.5187661230011145, 30, 691950, 691950, 0.03499313071370125, 3.038745880126953
4315, -4.950830208137631, 2, 11.423821179007064, 83, 692033, 692033, 0.03407594934105873, 3.0297553539276123
4316, -1.1490105609955208, 2, 39.18999146200076, 291, 692324, 692324, 0.03358662500977516, 3.025282859802246
4317, -0.4054039345064666, 2, 24.537000913987868, 180, 692504, 692504, 0.03541434556245804, 3.033121109008789
4318, -2.4356703830417246, 2, 8.713202968006954, 62, 692566, 692566, 0.034961458295583725, 3.024704933166504
4319, -2.3181814219806256, 2, 15.5004341390013, 114, 692680, 692680, 0.03301587328314781, 3.027801036834717
4320, -2.758470515953377, 2, 7.871249335003085, 56, 692736, 692736, 0.04033851996064186, 3.035412073135376
4321, -0.5979282957600844, 2, 34.88502425698971, 260, 692996, 692996, 0.03748707100749016, 3.0360169410705566
4322, 7.659834336962376, 1, 39.531438760997844, 294, 693290, 693290, 0.03251224011182785, 3.018601655960083
4323, -5.111866133869626, 2, 4.481730076004169, 30, 693320, 693320, 0.03188411146402359, 3.0066702365875244
4324, 7.279193366412073, 1, 25.416641160001745, 187, 693507, 693507, 0.03325262665748596, 3.019847869873047
4325, -1.8698406221810728, 2, 8.09327584100538, 57, 693564, 693564, 0.036453984677791595, 3.0380873680114746
4326, -4.10082288691774, 2, 4.489005862007616, 30, 693594, 693594, 0.033113062381744385, 3.0213828086853027
4327, -1.0861669105142937, 2, 33.62838279501011, 252, 693846, 693846, 0.036180686205625534, 3.0356247425079346
4328, 3.919787868333515, 4, 40.12920297800156, 302, 694148, 694148, 0.034375932067632675, 3.0299479961395264
4329, 6.908004068682203, 1, 29.53274450400204, 221, 694369, 694369, 0.035292111337184906, 3.0189969539642334
4330, 6.899080983319436, 1, 25.539074084997992, 190, 694559, 694559, 0.03419160470366478, 3.0276598930358887
4331, 2.260068589645016, 4, 40.20369685100741, 299, 694858, 694858, 0.03176802024245262, 3.029895782470703
4332, -3.3434576533472864, 2, 24.378790973001742, 180, 695038, 695038, 0.035334307700395584, 3.035064458847046
4333, 1.511858532729093, 4, 40.205951786003425, 300, 695338, 695338, 0.03597525134682655, 3.029740810394287
4334, -5.483026091009378, 2, 4.472214081994025, 30, 695368, 695368, 0.04016923904418945, 3.024749279022217
4335, -3.247770284768194, 2, 5.45275029700133, 37, 695405, 695405, 0.03240319341421127, 3.013530731201172
4336, 0.482865535239398, 4, 40.10946485301247, 298, 695703, 695703, 0.03610607609152794, 3.0260047912597656
4337, 2.8474748746375553, 4, 40.10075493200566, 296, 695999, 695999, 0.03451426327228546, 3.0303728580474854
4338, -2.59413407149259, 2, 9.262257137001143, 65, 696064, 696064, 0.03487507998943329, 3.0249905586242676
4339, 7.140873450203799, 1, 33.4887831100059, 249, 696313, 696313, 0.03639757260680199, 3.01987886428833
4340, -1.0190927930962062, 2, 24.07200336700771, 177, 696490, 696490, 0.03654296696186066, 3.026832342147827
4341, -3.49690049351193, 2, 4.922155538995867, 33, 696523, 696523, 0.034440040588378906, 3.0353317260742188
4342, 0.6955390508228447, 4, 40.10773668400361, 298, 696821, 696821, 0.03499670699238777, 3.032728672027588
4343, 7.017288809394813, 1, 22.508199570002034, 165, 696986, 696986, 0.03469435125589371, 3.0260190963745117
4344, 2.784060164456605, 4, 40.18270475900499, 297, 697283, 697283, 0.034879837185144424, 3.0166192054748535
4345, -5.231058413744904, 2, 4.491681566010811, 30, 697313, 697313, 0.03839873895049095, 3.025977373123169
4346, -4.014886482618749, 2, 4.733298475999618, 32, 697345, 697345, 0.03093382716178894, 3.031355857849121
4347, -3.9641346738208085, 2, 4.495769917004509, 30, 697375, 697375, 0.03664959967136383, 3.0293965339660645
4348, 3.2697942838112795, 4, 40.10855308400642, 296, 697671, 697671, 0.03486134856939316, 3.0338141918182373
4349, -2.3525249083177187, 2, 11.8678919239901, 85, 697756, 697756, 0.03773698955774307, 3.0161709785461426
4350, -0.20380460121668875, 2, 17.778177945001516, 130, 697886, 697886, 0.03078506886959076, 3.0293471813201904
4351, 7.713851799082477, 1, 31.90591165899241, 234, 698120, 698120, 0.03540481999516487, 3.0291645526885986
4352, -5.029314579442143, 2, 4.535489031011821, 30, 698150, 698150, 0.035636305809020996, 3.0199921131134033
4353, -1.7504770861096404, 2, 31.247819725991576, 229, 698379, 698379, 0.033716630190610886, 3.019526720046997
4354, -4.123796950909309, 2, 5.169616184008191, 35, 698414, 698414, 0.031014196574687958, 3.0347609519958496
4355, 2.7961540980031714, 4, 40.26236801799678, 298, 698712, 698712, 0.03542546555399895, 3.0198822021484375
4356, 6.8431728544746875, 1, 25.587743189011235, 187, 698899, 698899, 0.03435797244310379, 3.0289738178253174
4357, 2.3697885945948656, 4, 40.227493886995944, 296, 699195, 699195, 0.03468542918562889, 3.0226998329162598
4358, 2.0638140125665814, 4, 40.247577300993726, 296, 699491, 699491, 0.03755255788564682, 3.0250658988952637
4359, -4.316532866563648, 2, 4.544962075000512, 30, 699521, 699521, 0.031399574130773544, 3.002922773361206
4360, -0.9235854261642089, 2, 24.140586811001413, 176, 699697, 699697, 0.03768453747034073, 3.0269713401794434
4361, -2.5734101228881627, 2, 9.428021614003228, 66, 699763, 699763, 0.035149816423654556, 3.0355095863342285
4362, -2.1734814329538494, 2, 7.097875065010157, 48, 699811, 699811, 0.03419673070311546, 3.0005505084991455
4363, -1.1566837565042078, 2, 16.94359366998833, 123, 699934, 699934, 0.0329604297876358, 3.0312726497650146
4364, 1.9401219634601148, 4, 40.15215177999926, 299, 700233, 700233, 0.03378012031316757, 3.020540475845337
4365, -1.036508017219603, 2, 10.683592030007276, 77, 700310, 700310, 0.032856132835149765, 3.0322866439819336
4366, 0.2862440777171287, 4, 40.169200938995345, 301, 700611, 700611, 0.03416347876191139, 3.0224997997283936
4367, -2.3747258805578895, 2, 14.100081687996862, 102, 700713, 700713, 0.03623022511601448, 3.024412155151367
4368, 7.094740850341623, 1, 24.484221491002245, 181, 700894, 700894, 0.035556595772504807, 3.0133514404296875
4369, 6.80067689797761, 1, 34.5442560090014, 258, 701152, 701152, 0.03546459600329399, 3.027358055114746
4370, 6.493045701121446, 1, 18.403491296005086, 136, 701288, 701288, 0.03776930272579193, 3.0197644233703613
4371, 7.119393689208664, 1, 34.01048653500038, 254, 701542, 701542, 0.03686847537755966, 3.0276429653167725
4372, -3.859033183194697, 2, 15.353018167996197, 112, 701654, 701654, 0.032251596450805664, 3.022766590118408
4373, 6.8894330097027705, 1, 31.538513853010954, 234, 701888, 701888, 0.033452413976192474, 3.0262043476104736
4374, 6.593493600981674, 1, 30.386385953999707, 225, 702113, 702113, 0.033640146255493164, 3.024465322494507
4375, -1.207235904483241, 2, 19.505936525994912, 143, 702256, 702256, 0.033961232751607895, 3.020223617553711
4376, -1.5448871633852832, 2, 21.063802379008848, 155, 702411, 702411, 0.03344011306762695, 3.0237607955932617
4377, 0.9643630344362464, 4, 40.17334261799988, 301, 702712, 702712, 0.03339952975511551, 3.0362815856933594
4378, -4.266434495191788, 2, 31.1531422919943, 232, 702944, 702944, 0.03635051101446152, 3.0161795616149902
4379, 3.376502540293586, 4, 40.195158403003006, 300, 703244, 703244, 0.03567960858345032, 3.020721673965454
4380, -1.2163522311020643, 2, 14.684521639006562, 107, 703351, 703351, 0.036570873111486435, 3.0049233436584473
4381, 7.839278104365803, 1, 30.927671862009447, 230, 703581, 703581, 0.03596119210124016, 3.026897430419922
4382, -1.126102124559111, 2, 18.249628311998094, 134, 703715, 703715, 0.03284160792827606, 3.0280630588531494
4383, 1.6550360853207167, 4, 40.11946906000958, 301, 704016, 704016, 0.036390338093042374, 3.0231995582580566
4384, -3.3012932727579027, 2, 7.069548749990645, 49, 704065, 704065, 0.03821513429284096, 3.0305473804473877
4385, -1.8226680233819934, 2, 32.84588210700895, 246, 704311, 704311, 0.03623922914266586, 3.011310338973999
4386, -1.1024592395697255, 2, 16.297499228996458, 120, 704431, 704431, 0.032139673829078674, 3.0095648765563965
4387, 6.40460194577463, 1, 18.41230802499922, 136, 704567, 704567, 0.03339525684714317, 3.0066115856170654
4388, -4.07331243599765, 2, 4.642677547002677, 31, 704598, 704598, 0.03183318302035332, 3.0267248153686523
4389, 7.749153014068725, 1, 22.46520996899926, 166, 704764, 704764, 0.037534989416599274, 3.0221009254455566
4390, 0.5701819014211651, 4, 40.16339575800521, 301, 705065, 705065, 0.033457595854997635, 3.0189833641052246
4391, 7.573436444634353, 1, 22.779871972001274, 169, 705234, 705234, 0.036821331828832626, 3.0291237831115723
4392, -1.3882371818181127, 2, 21.573425857000984, 160, 705394, 705394, 0.03370536118745804, 3.0231785774230957
4393, 7.018024978751782, 1, 19.37664344299992, 143, 705537, 705537, 0.03523829206824303, 3.01338529586792
4394, -1.0118292971746996, 2, 12.95294506000937, 94, 705631, 705631, 0.032911937683820724, 3.0117733478546143
4395, 4.145276996438042, 4, 40.127202190007665, 299, 705930, 705930, 0.032716963440179825, 3.0215675830841064
4396, -3.0096089544240385, 2, 15.101773096001125, 110, 706040, 706040, 0.03384259343147278, 3.0183887481689453
4397, 7.217156617713044, 1, 23.451375574994017, 173, 706213, 706213, 0.03377766162157059, 3.023249864578247
4398, 1.5486748291586991, 4, 40.120232850007596, 301, 706514, 706514, 0.035621557384729385, 3.025393009185791
4399, -1.320095485993079, 2, 37.87943757000903, 284, 706798, 706798, 0.03432929143309593, 3.0153403282165527
4400, -2.7615965181030333, 2, 12.93781030899845, 94, 706892, 706892, 0.033297911286354065, 3.029198408126831
4401, -4.419308740179986, 2, 7.790134423994459, 55, 706947, 706947, 0.036659833043813705, 3.0211238861083984
4402, 2.31917388288457, 4, 40.07968038698891, 299, 707246, 707246, 0.034630924463272095, 3.026062250137329
4403, 6.530401134092244, 1, 28.481888548994903, 213, 707459, 707459, 0.03665803745388985, 3.0220203399658203
4404, 1.8850465817376971, 1, 4.422292851988459, 30, 707489, 707489, 0.03930641710758209, 3.0323057174682617
4405, -1.2475149442907423, 2, 13.952449542004615, 102, 707591, 707591, 0.03510892763733864, 3.017378807067871
4406, -0.18555682879377855, 2, 17.79385275200184, 131, 707722, 707722, 0.03511732444167137, 3.0171945095062256
4407, 2.681113441794878, 4, 40.14381331099139, 300, 708022, 708022, 0.036232829093933105, 3.013563871383667
4408, 0.06898433943570126, 2, 26.85695493099047, 198, 708220, 708220, 0.033750683069229126, 3.0265989303588867
4409, 0.0010845463439181913, 2, 21.577540368991322, 161, 708381, 708381, 0.03378204628825188, 3.0194756984710693
4410, 1.9518570282962173, 4, 40.133675017001224, 301, 708682, 708682, 0.0334029495716095, 3.0148720741271973
4411, -0.21914201861000038, 2, 23.615284555999096, 174, 708856, 708856, 0.03271282836794853, 3.016108751296997
4412, -2.966164652374573, 2, 6.840430727010244, 48, 708904, 708904, 0.03474271297454834, 3.0387065410614014
4413, -1.7662066054326715, 2, 11.90516012700391, 86, 708990, 708990, 0.039685383439064026, 3.0141913890838623
4414, -3.927400936372578, 2, 9.934257308996166, 71, 709061, 709061, 0.03272709995508194, 3.03294038772583
4415, 3.6887315255280555, 4, 40.21727527600888, 301, 709362, 709362, 0.034746330231428146, 3.0173845291137695
4416, 7.040934382996056, 1, 23.43308297698968, 173, 709535, 709535, 0.035785965621471405, 3.0151255130767822
4417, -4.457383554428816, 2, 4.534785811993061, 30, 709565, 709565, 0.03084016963839531, 3.018866777420044
4418, -4.631289661774645, 2, 12.663173406006536, 92, 709657, 709657, 0.03453490138053894, 3.025773048400879
4419, -1.260454337549163, 2, 22.100774156002444, 162, 709819, 709819, 0.03246570751070976, 3.0250084400177
