episode, reward, success, duration, steps, total_steps, memory length, avg_critic_loss, avg_actor_loss
1, -166.5403930800967, 2, 32.8105383209986, 255, 15000, 15000, 2.4898998737335205, 3.466902494430542
2, -57.51635814545443, 4, 50.249445611003466, 390, 15390, 15390, 2.5865657329559326, 3.5870440006256104
3, -163.7346891677007, 2, 4.346917935999954, 30, 15420, 15420, 2.466780185699463, 3.426030158996582
4, -147.1856743337121, 2, 27.253830264999124, 209, 15629, 15629, 2.5204579830169678, 3.6790969371795654
5, -159.05907200352522, 2, 26.75007639999967, 205, 15834, 15834, 2.586399793624878, 3.737086534500122
6, -152.81776316650212, 2, 4.352683822999097, 30, 15864, 15864, 2.849541425704956, 4.242893695831299
7, -68.75050463777734, 4, 50.01348481400055, 387, 16251, 16251, 2.5011467933654785, 3.9008753299713135
8, -157.12077041104203, 2, 14.359085701998993, 108, 16359, 16359, 2.5718348026275635, 4.0635271072387695
9, -150.9265717731614, 2, 8.436953844000527, 62, 16421, 16421, 2.4685287475585938, 4.1327738761901855
10, -146.38267175701912, 2, 12.734326983998471, 95, 16516, 16516, 2.168769359588623, 3.9029483795166016
11, -150.245027120749, 2, 5.41181946800134, 38, 16554, 16554, 2.2418558597564697, 3.7292191982269287
12, -165.85555370151997, 2, 4.361496981000528, 30, 16584, 16584, 2.6474173069000244, 3.8689723014831543
13, -161.14855441520922, 2, 21.38103357, 163, 16747, 16747, 2.4693117141723633, 4.04208517074585
14, -150.03454002691433, 2, 19.069007179001346, 145, 16892, 16892, 2.2944869995117188, 4.035465717315674
15, -152.131699439371, 2, 5.869721983999625, 42, 16934, 16934, 2.538054943084717, 3.9448184967041016
16, -151.44428639363105, 2, 14.294677051002509, 108, 17042, 17042, 2.507687568664551, 3.942831039428711
17, -154.33355570823187, 2, 33.381971524999244, 257, 17299, 17299, 2.304636240005493, 4.051790714263916
18, -151.46366960788146, 2, 15.967048476002674, 121, 17420, 17420, 2.418442726135254, 4.152901649475098
19, -150.23228625161573, 2, 5.001849185999163, 35, 17455, 17455, 2.463407278060913, 4.172176361083984
20, -153.67853834590642, 2, 4.346367461999762, 30, 17485, 17485, 1.8540302515029907, 3.907188892364502
21, -149.5595785693149, 2, 5.385200269000052, 38, 17523, 17523, 2.2756078243255615, 3.969144821166992
22, -147.03354845388094, 2, 9.157812239998748, 67, 17590, 17590, 2.5543575286865234, 4.451066970825195
23, -152.4895068729238, 2, 4.399974183001177, 30, 17620, 17620, 2.208956241607666, 4.333053112030029
24, -171.65864155837335, 2, 45.59629526500066, 352, 17972, 17972, 2.3383712768554688, 4.268845081329346
25, -163.31458942881727, 2, 34.265715492998424, 264, 18236, 18236, 2.4940898418426514, 4.251807689666748
26, -149.4874802063241, 2, 20.905910509998648, 160, 18396, 18396, 2.4363107681274414, 4.377812385559082
27, -150.0356235462241, 2, 5.201095912998426, 37, 18433, 18433, 2.2461037635803223, 4.1803059577941895
28, -46.21386573999189, 4, 49.747648207001475, 385, 18818, 18818, 2.324228525161743, 4.372921943664551
29, -151.69680312415585, 2, 20.330696305998572, 155, 18973, 18973, 2.644011974334717, 4.529883861541748
30, -155.4551643570885, 2, 8.4156544389989, 62, 19035, 19035, 2.5349934101104736, 4.682089805603027
31, -163.39720048452727, 2, 4.3330595689985785, 30, 19065, 19065, 2.6632461547851562, 4.812144756317139
32, -150.61157563392408, 2, 9.446143863999168, 70, 19135, 19135, 2.736417531967163, 4.417781352996826
33, -150.29106849007076, 2, 7.185099153997726, 52, 19187, 19187, 2.214644432067871, 4.172131061553955
34, -150.15204551490024, 2, 12.880652030002238, 97, 19284, 19284, 2.149695873260498, 4.529127597808838
35, -153.05793811241165, 2, 4.353069527001935, 30, 19314, 19314, 2.242980718612671, 4.573627948760986
36, -151.1724635878345, 2, 15.031905441999697, 113, 19427, 19427, 2.4704391956329346, 4.556636333465576
37, -149.7426207154058, 2, 5.229871720999654, 37, 19464, 19464, 2.670382022857666, 4.76432991027832
38, -150.2660710066557, 2, 5.133276550001028, 36, 19500, 19500, 1.9446558952331543, 4.312114715576172
39, -149.1423012955347, 2, 9.868750944999192, 72, 19572, 19572, 2.567495346069336, 4.638490676879883
40, -149.5416676424211, 2, 4.781330033001723, 33, 19605, 19605, 2.146497964859009, 4.286747932434082
41, -150.65221488359384, 2, 5.299678567000228, 37, 19642, 19642, 2.3708572387695312, 4.721991062164307
42, -153.616451740294, 2, 12.79370519999793, 96, 19738, 19738, 2.2133238315582275, 4.804947853088379
43, -151.2505276207812, 2, 4.372898338999221, 30, 19768, 19768, 2.650552272796631, 4.778875827789307
44, -150.7039978345856, 2, 4.3965538009979355, 30, 19798, 19798, 2.5110630989074707, 4.48412561416626
45, -152.49608202034142, 2, 4.38287496400153, 30, 19828, 19828, 2.3058154582977295, 4.405156135559082
46, -151.6032582600601, 2, 4.3564341720011726, 30, 19858, 19858, 3.4075119495391846, 4.807288646697998
47, -149.84299817011924, 2, 4.456157773001905, 31, 19889, 19889, 2.8827390670776367, 4.595381259918213
48, -152.57374847258325, 2, 32.9329591650021, 251, 20140, 20140, 2.7057600021362305, 4.626201629638672
49, -150.4247572219465, 2, 6.006749444997695, 43, 20183, 20183, 2.215893507003784, 4.214895725250244
50, -164.36256403534207, 2, 27.640142256001127, 212, 20395, 20395, 2.547790288925171, 4.679630279541016
51, -146.75387747585773, 2, 9.623242760997528, 71, 20466, 20466, 2.551201105117798, 4.705871105194092
52, -150.9284570198506, 2, 7.5929531380024855, 55, 20521, 20521, 2.6199347972869873, 4.693297863006592
53, -150.71487103495747, 2, 4.905270929000835, 34, 20555, 20555, 2.923184871673584, 4.765746593475342
54, -149.13223189827113, 2, 16.296938070001488, 122, 20677, 20677, 2.6374709606170654, 4.5232157707214355
55, -151.41086526354775, 2, 5.238998774999345, 37, 20714, 20714, 3.192495822906494, 5.044373989105225
56, -146.2866461717058, 2, 8.21199886300019, 60, 20774, 20774, 2.4978952407836914, 4.745506763458252
57, -151.1227504539129, 2, 6.954385466997337, 50, 20824, 20824, 2.5409746170043945, 4.601912021636963
58, -166.33101365715265, 2, 4.383383799999137, 30, 20854, 20854, 2.617396593093872, 4.861571311950684
59, -147.24489875510335, 2, 8.855836146998627, 65, 20919, 20919, 2.657881498336792, 4.826809883117676
60, -151.73356279839936, 2, 4.493732775998069, 31, 20950, 20950, 3.200144052505493, 4.758147716522217
61, -148.08525850839214, 2, 7.292516646997683, 53, 21003, 21003, 2.712127685546875, 4.728222370147705
62, -149.40494029712863, 2, 5.766408608000347, 41, 21044, 21044, 2.912465810775757, 4.609539031982422
63, -145.418983761454, 2, 18.53526045000035, 141, 21185, 21185, 2.7966251373291016, 4.67176628112793
64, -151.89032999286428, 2, 4.349744932002068, 30, 21215, 21215, 2.94344425201416, 4.8786773681640625
65, -147.18865506211296, 2, 8.550231688997883, 63, 21278, 21278, 3.053875684738159, 4.885845184326172
66, -151.06982626172248, 2, 10.519199510999897, 78, 21356, 21356, 3.0339479446411133, 4.917383670806885
67, -147.29332487320062, 2, 14.309706169999117, 108, 21464, 21464, 3.08980655670166, 4.915830135345459
68, -150.27457940392196, 2, 5.912122912999621, 42, 21506, 21506, 2.7026641368865967, 4.853464603424072
69, -154.22182788792998, 2, 15.639960966000217, 118, 21624, 21624, 2.875519037246704, 4.894689083099365
70, -151.69208868592978, 2, 5.02786800100148, 35, 21659, 21659, 2.4560256004333496, 4.857204914093018
71, -143.49863819064922, 2, 15.82125422700119, 119, 21778, 21778, 2.9438960552215576, 4.848243236541748
72, -154.90047218697146, 2, 14.37440589399921, 108, 21886, 21886, 2.9984593391418457, 4.9810357093811035
73, -153.55883132154122, 2, 4.84349087100054, 33, 21919, 21919, 2.7792141437530518, 4.983293533325195
74, -150.0418221130967, 2, 7.191324609000731, 52, 21971, 21971, 3.0501813888549805, 5.135460376739502
75, -66.54750422685174, 4, 49.540818765999575, 381, 22352, 22352, 2.805347204208374, 4.982879161834717
76, -27.971118207336986, 4, 49.63162668299992, 383, 22735, 22735, 2.769319534301758, 5.126323699951172
77, -152.9820971249137, 2, 4.355113449000783, 30, 22765, 22765, 2.9470372200012207, 5.132862567901611
78, -150.93679932551458, 2, 4.742156028001773, 33, 22798, 22798, 3.16141939163208, 5.552428722381592
79, -156.55017863408284, 2, 24.90418806100206, 191, 22989, 22989, 2.712763547897339, 5.318998336791992
80, -142.05672995664645, 2, 11.562423088002106, 86, 23075, 23075, 3.3582239151000977, 5.283502578735352
81, -147.77606488078163, 2, 10.117844745000184, 75, 23150, 23150, 2.6160924434661865, 5.4410271644592285
82, -66.76569280173862, 4, 49.493916816998535, 383, 23533, 23533, 2.5688819885253906, 5.276602745056152
83, -156.18583297124133, 2, 19.618296332999307, 149, 23682, 23682, 2.635390520095825, 5.359805107116699
84, -148.70617595335352, 2, 26.627214096999523, 204, 23886, 23886, 2.546694278717041, 5.4613356590271
85, -146.81823174620513, 2, 9.24367649299893, 68, 23954, 23954, 2.8063268661499023, 5.658600807189941
86, -150.8744047463988, 2, 5.15366078200168, 36, 23990, 23990, 3.0177226066589355, 5.495638370513916
87, -154.37642926411354, 2, 4.341813798000658, 30, 24020, 24020, 3.061520576477051, 5.3266801834106445
88, -146.48474145680666, 2, 10.629060494000441, 79, 24099, 24099, 2.417135715484619, 5.368224143981934
89, -153.48554184747627, 2, 4.393612029998621, 30, 24129, 24129, 2.6506402492523193, 5.496124744415283
90, -162.53129410231486, 2, 4.3429117539999424, 30, 24159, 24159, 3.0621724128723145, 5.660309314727783
91, -151.2394703549362, 2, 5.142173031999846, 36, 24195, 24195, 2.425445318222046, 5.365851879119873
92, -149.99476342916023, 2, 4.635973389998981, 32, 24227, 24227, 2.5369715690612793, 5.234207630157471
93, -143.52625932369847, 2, 13.445513884998945, 101, 24328, 24328, 2.6500706672668457, 5.430652141571045
94, -73.16841214987653, 4, 49.80766759099788, 385, 24713, 24713, 2.7349605560302734, 5.68135929107666
95, -51.74322471168125, 4, 49.6282997169983, 383, 25096, 25096, 3.001749038696289, 6.086787223815918
96, -30.00515598524362, 4, 49.47966712000198, 382, 25478, 25478, 2.792970895767212, 6.253803253173828
97, -151.36132443891643, 2, 5.138542849999794, 36, 25514, 25514, 2.950612783432007, 6.333570957183838
98, -155.06853897904512, 2, 4.356623235998995, 30, 25544, 25544, 3.3606021404266357, 6.397165775299072
99, -153.1367427665973, 2, 4.379070823997608, 30, 25574, 25574, 2.5652427673339844, 6.156829833984375
100, -148.00967387593118, 2, 12.047009502002766, 90, 25664, 25664, 2.7941157817840576, 6.083972930908203
101, -149.11935765188537, 2, 13.187217007998697, 99, 25763, 25763, 2.666215658187866, 6.397961139678955
102, -146.9257293813862, 2, 11.920933041001263, 89, 25852, 25852, 2.9967799186706543, 6.404017925262451
103, -148.0626326878264, 2, 20.775833929998043, 158, 26010, 26010, 2.5750579833984375, 6.17992639541626
104, -150.04707520780198, 2, 4.464411180000752, 31, 26041, 26041, 2.6810109615325928, 6.188292026519775
105, -160.6106208380079, 2, 20.478656078001222, 156, 26197, 26197, 2.856360673904419, 6.203386306762695
106, -153.45526765234536, 2, 14.836529359999986, 112, 26309, 26309, 2.923920154571533, 6.1783671379089355
107, -151.09479964684942, 2, 4.348203595000086, 30, 26339, 26339, 2.90450382232666, 6.68274450302124
108, -153.78759569076647, 2, 4.358976425999572, 30, 26369, 26369, 2.816649913787842, 6.182986259460449
109, -168.24834329262376, 2, 4.352582483999868, 30, 26399, 26399, 2.8682496547698975, 6.867704391479492
110, -149.80988623970188, 2, 18.71243914200022, 142, 26541, 26541, 3.150064468383789, 6.3095383644104
111, -150.66986197349615, 2, 20.500053405998187, 156, 26697, 26697, 2.8620240688323975, 6.358724117279053
112, -148.62127368501388, 2, 7.456617654999718, 54, 26751, 26751, 2.71566104888916, 6.178003787994385
113, -150.95858072850388, 2, 6.436187839000922, 46, 26797, 26797, 3.163644790649414, 6.428543567657471
114, -152.91168479633052, 2, 4.342026528000133, 30, 26827, 26827, 2.837944269180298, 6.6373066902160645
115, -152.6986892107816, 2, 17.7636889159985, 134, 26961, 26961, 3.230475902557373, 6.4895758628845215
116, -152.48237665044144, 2, 5.092887200997211, 36, 26997, 26997, 2.549840211868286, 6.433770179748535
117, -146.32120828673942, 2, 9.741801816999214, 72, 27069, 27069, 3.019540309906006, 6.609120845794678
118, -152.3177455845289, 2, 4.34430854799939, 30, 27099, 27099, 2.4674599170684814, 6.536513805389404
119, -153.3664841020509, 2, 12.058611803000531, 90, 27189, 27189, 3.1207754611968994, 6.48248815536499
120, -149.85982152477663, 2, 23.24994721999974, 177, 27366, 27366, 2.866185188293457, 6.662472724914551
121, -155.28585354518145, 2, 7.442496679999749, 54, 27420, 27420, 2.607546091079712, 6.555356979370117
122, -152.41701119407662, 2, 6.16705482499674, 44, 27464, 27464, 2.784390449523926, 6.461946487426758
123, -153.19535978825297, 2, 4.364453948001028, 30, 27494, 27494, 3.0254065990448, 6.722345352172852
124, -153.1644456081267, 2, 4.399623110999528, 30, 27524, 27524, 3.1210567951202393, 6.2635369300842285
125, -152.48756445292383, 2, 4.353850434999913, 30, 27554, 27554, 3.619046688079834, 6.705850601196289
126, -153.46210780739784, 2, 4.362058474001969, 30, 27584, 27584, 2.852311372756958, 6.059830665588379
127, -152.00212633504998, 2, 4.365022927002428, 30, 27614, 27614, 2.37619686126709, 6.563076496124268
128, -150.11048201913945, 2, 5.272803425999882, 37, 27651, 27651, 3.096203327178955, 6.6283955574035645
129, -28.882248444424476, 4, 49.535518125001545, 382, 28033, 28033, 2.9964849948883057, 6.708670139312744
130, -152.06238143041264, 2, 4.369587939996563, 30, 28063, 28063, 2.5752408504486084, 7.075531005859375
131, -152.90494654886425, 2, 4.399528406000172, 30, 28093, 28093, 3.0901143550872803, 7.046789169311523
132, -151.5049407518236, 2, 5.157801527999254, 36, 28129, 28129, 2.7311508655548096, 6.3044352531433105
133, -164.01326918558334, 2, 31.832757535001292, 242, 28371, 28371, 3.1009864807128906, 6.856139183044434
134, -147.56909116783208, 2, 13.76580457199816, 102, 28473, 28473, 3.1605422496795654, 6.614906311035156
135, -150.78219955827808, 2, 15.88700131099904, 120, 28593, 28593, 3.1822292804718018, 6.999448776245117
136, -152.30275759933284, 2, 4.49163080499784, 31, 28624, 28624, 2.710428476333618, 6.69631814956665
137, -150.57810351433, 2, 12.421324853999977, 93, 28717, 28717, 3.1329641342163086, 6.88138484954834
138, -155.74329821683932, 2, 23.46717240200087, 179, 28896, 28896, 3.1716904640197754, 6.862022876739502
139, -72.56438417092431, 4, 49.62252241800161, 383, 29279, 29279, 3.0417237281799316, 7.144150257110596
140, -152.90911163878627, 2, 4.366112633997545, 30, 29309, 29309, 2.982468843460083, 6.909150123596191
141, -152.35957619012333, 2, 4.336302769999747, 30, 29339, 29339, 2.4363086223602295, 6.890925884246826
142, -152.62856051960262, 2, 4.517442735002987, 31, 29370, 29370, 3.3702640533447266, 7.428802013397217
143, -154.3345138139557, 2, 6.2635303440001735, 45, 29415, 29415, 2.9374759197235107, 6.799652576446533
144, -160.38711207453161, 2, 19.436240405000717, 147, 29562, 29562, 2.7532076835632324, 7.341479778289795
145, -152.9058011956513, 2, 5.269901394000044, 37, 29599, 29599, 3.5381181240081787, 7.3060078620910645
146, -188.9194684160757, 2, 29.026974370997777, 222, 29821, 29821, 3.053156614303589, 7.1860671043396
147, -154.43765611900017, 2, 4.39255428999968, 30, 29851, 29851, 2.9065818786621094, 7.269816875457764
148, -152.61870818887837, 2, 6.89181325699974, 49, 29900, 29900, 2.8572421073913574, 6.745903015136719
149, -156.1735986720305, 2, 4.4600807940005325, 30, 29930, 29930, 3.4857535362243652, 7.804595947265625
150, -152.86082215351053, 2, 4.698741871998209, 32, 29962, 29962, 3.3463869094848633, 7.266617298126221
151, -152.6068344108644, 2, 16.637985916000616, 125, 30087, 30087, 3.0679843425750732, 7.321523666381836
152, -182.76997711905278, 2, 11.334294587999466, 84, 30171, 30171, 2.9676921367645264, 7.426487445831299
153, -151.86938691913383, 2, 5.053860378000536, 35, 30206, 30206, 3.1654984951019287, 7.529771327972412
154, -148.51115840434068, 2, 10.015054668998346, 74, 30280, 30280, 2.8976447582244873, 7.390020370483398
155, -150.92545655370532, 2, 4.358747485999629, 30, 30310, 30310, 3.298854112625122, 7.804797172546387
156, -152.05392371467315, 2, 4.393937902001198, 30, 30340, 30340, 3.667832851409912, 7.370983600616455
157, -154.81631066801492, 2, 11.401087095997354, 85, 30425, 30425, 3.3147783279418945, 7.8145623207092285
158, -152.20364220358897, 2, 12.898095371998352, 96, 30521, 30521, 3.1712646484375, 7.652846813201904
159, -153.9898480316624, 2, 4.415437277999445, 30, 30551, 30551, 3.0508055686950684, 7.54874849319458
160, -151.88326123496518, 2, 4.603320702997735, 32, 30583, 30583, 3.23355770111084, 8.10958194732666
161, -47.543304495105986, 4, 49.9909720809992, 383, 30966, 30966, 3.221668243408203, 7.830018043518066
162, -179.34736981301103, 2, 35.07498686299732, 269, 31235, 31235, 3.365870714187622, 7.908298492431641
163, -194.16165499872295, 2, 39.37711633800063, 302, 31537, 31537, 3.337333917617798, 8.061230659484863
164, -215.08245391128003, 2, 35.69609842599675, 273, 31810, 31810, 3.397308349609375, 8.280111312866211
165, -148.20076213800348, 2, 22.929650104000757, 174, 31984, 31984, 3.5550179481506348, 8.618967056274414
166, -153.20721137942746, 2, 11.411943892999261, 85, 32069, 32069, 3.6173644065856934, 8.373509407043457
167, -157.64858768170234, 2, 11.316418810001778, 84, 32153, 32153, 3.461703300476074, 8.255992889404297
168, -56.04852631571703, 4, 50.02115752700047, 384, 32537, 32537, 3.447503089904785, 8.449323654174805
169, -161.60269789855738, 2, 22.627032421998592, 172, 32709, 32709, 3.2798826694488525, 8.51437759399414
170, -152.3376182243228, 2, 11.799114904999442, 87, 32796, 32796, 3.401771306991577, 8.881148338317871
171, -154.22754336800426, 2, 6.18814827100141, 44, 32840, 32840, 3.156298875808716, 8.230453491210938
172, -153.24610937165198, 2, 11.086652107998816, 82, 32922, 32922, 3.148341417312622, 8.75182819366455
173, -154.16225740566733, 2, 4.376840709999669, 30, 32952, 32952, 2.8592655658721924, 8.608803749084473
174, -154.513949428685, 2, 4.625418694999098, 32, 32984, 32984, 3.141087532043457, 8.812572479248047
175, -187.82873635087162, 2, 49.38849556000059, 379, 33363, 33363, 3.500044107437134, 8.961043357849121
176, -147.9950832342438, 2, 26.29431874400325, 200, 33563, 33563, 3.225771188735962, 9.082779884338379
177, -153.22598908981308, 2, 4.361380520000239, 30, 33593, 33593, 3.475017786026001, 8.327555656433105
178, -150.8494779127068, 2, 7.302276209997217, 53, 33646, 33646, 3.5856456756591797, 9.006930351257324
179, -152.31904683998437, 2, 5.161815739000303, 36, 33682, 33682, 3.2152934074401855, 8.939194679260254
180, -178.7188062963396, 2, 46.412649360001524, 357, 34039, 34039, 3.48781418800354, 9.06248664855957
181, -148.10815467241628, 2, 16.556856539002183, 125, 34164, 34164, 3.4004857540130615, 9.287348747253418
182, -150.50944260368124, 2, 11.065089637999336, 82, 34246, 34246, 3.5966005325317383, 9.153788566589355
183, -156.30840578232892, 2, 7.1846793059994525, 52, 34298, 34298, 3.4060487747192383, 9.199543952941895
184, -50.1716285032453, 4, 49.31901816100071, 379, 34677, 34677, 3.4887499809265137, 9.271953582763672
185, -34.216090134577826, 4, 49.6625293060024, 382, 35059, 35059, 3.4569661617279053, 9.640398979187012
186, -148.96709894072046, 2, 15.104133027998614, 113, 35172, 35172, 3.43789005279541, 9.43799114227295
187, -150.81847723200917, 2, 5.017601289997401, 35, 35207, 35207, 3.664520263671875, 9.790799140930176
188, -154.9998815994477, 2, 10.583321525999054, 78, 35285, 35285, 3.562192440032959, 9.558148384094238
189, -49.08948779565617, 4, 49.49269483000171, 380, 35665, 35665, 3.5574347972869873, 9.825944900512695
190, -178.44057932525175, 2, 35.91071663599723, 275, 35940, 35940, 3.5902814865112305, 10.096494674682617
191, -154.19821524532745, 2, 15.591191301002254, 117, 36057, 36057, 3.6109275817871094, 10.035333633422852
192, -172.26301555230748, 2, 13.381599911001103, 100, 36157, 36157, 3.348501205444336, 9.964468955993652
193, -155.0360743831843, 2, 4.8972178180010815, 34, 36191, 36191, 3.608328104019165, 10.710607528686523
194, -149.08990475838073, 2, 6.410677253999893, 46, 36237, 36237, 3.167365312576294, 10.017773628234863
195, -158.6611741083616, 2, 24.85308386500037, 189, 36426, 36426, 3.8733694553375244, 10.287982940673828
196, -50.45350655517541, 4, 49.81051980800112, 383, 36809, 36809, 3.536177158355713, 10.42800235748291
197, -62.355283241311554, 4, 49.6166669660015, 381, 37190, 37190, 3.452435255050659, 10.51201057434082
198, -168.0506245720644, 2, 27.212990514999547, 207, 37397, 37397, 3.631561040878296, 10.412663459777832
199, -169.58296430949122, 2, 9.971734041002492, 73, 37470, 37470, 3.296811103820801, 10.648274421691895
200, -206.76107445714297, 2, 32.5808408649973, 249, 37719, 37719, 3.4739906787872314, 10.711294174194336
201, -20.781771499745446, 4, 49.524452652000036, 381, 38100, 38100, 3.5808639526367188, 10.88105583190918
202, -157.83322742312157, 2, 39.81484021899814, 305, 38405, 38405, 3.5470962524414062, 10.732319831848145
203, -18.529917069634394, 4, 50.40916979100075, 387, 38792, 38792, 3.5385680198669434, 10.865485191345215
204, -90.93802874907851, 4, 49.575260554000124, 381, 39173, 39173, 3.5739681720733643, 11.027377128601074
205, -88.15106292115524, 4, 49.65144596499886, 381, 39554, 39554, 3.5825390815734863, 11.201872825622559
206, -151.19821570118074, 2, 5.945381721998274, 42, 39596, 39596, 3.553054094314575, 10.9312162399292
207, -152.2103608821053, 2, 6.099475328999688, 43, 39639, 39639, 3.2162110805511475, 11.187103271484375
208, -151.1111043477722, 2, 6.037046132998512, 43, 39682, 39682, 3.9344003200531006, 11.838530540466309
209, -198.33408409122057, 2, 36.2477950149987, 278, 39960, 39960, 3.5889315605163574, 11.472981452941895
210, -195.90015189212863, 2, 18.537609451002936, 140, 40100, 40100, 3.6265580654144287, 11.534794807434082
211, -153.3697853003032, 2, 9.413519240002643, 69, 40169, 40169, 3.1028690338134766, 11.468745231628418
212, -154.99572024552617, 2, 17.122309873997438, 129, 40298, 40298, 3.6679131984710693, 11.52733325958252
213, -197.39447199911956, 2, 48.240979554997466, 370, 40668, 40668, 3.569654703140259, 11.64619255065918
214, -86.90998956156545, 4, 50.321715319998475, 386, 41054, 41054, 3.656749963760376, 12.036636352539062
215, -170.1544628017582, 2, 13.566253803001018, 101, 41155, 41155, 3.2215168476104736, 11.995012283325195
216, -152.88166259229183, 2, 7.58989007999844, 55, 41210, 41210, 3.7497048377990723, 11.83603286743164
217, -39.571368745702785, 4, 49.46889629200086, 379, 41589, 41589, 3.4391098022460938, 12.391444206237793
218, -149.1776158567518, 2, 9.966021472999273, 73, 41662, 41662, 3.542553186416626, 12.099044799804688
219, -150.22326604562113, 2, 5.164618816001166, 36, 41698, 41698, 3.7331533432006836, 12.336567878723145
220, -201.70090703995083, 2, 22.561906491999252, 171, 41869, 41869, 3.6907155513763428, 12.347174644470215
221, -104.48774696746841, 4, 49.49250948500048, 381, 42250, 42250, 3.445990800857544, 12.456490516662598
222, -152.3632007727865, 2, 5.900123814000835, 42, 42292, 42292, 4.026866436004639, 12.919605255126953
223, -144.58335948956665, 2, 11.83912717199928, 88, 42380, 42380, 3.596112012863159, 12.438846588134766
224, -151.99048077635234, 2, 6.332490364002297, 45, 42425, 42425, 3.665006160736084, 12.5056791305542
225, -142.57644152082503, 2, 14.339114856000378, 107, 42532, 42532, 3.4938888549804688, 12.730323791503906
226, -153.67105868004728, 2, 13.694382123998366, 102, 42634, 42634, 3.6131591796875, 12.62007999420166
227, -164.4201229029568, 2, 34.1411484679993, 261, 42895, 42895, 3.554070234298706, 12.261418342590332
228, -59.75278835056815, 4, 49.70777743299914, 381, 43276, 43276, 3.2858002185821533, 12.504725456237793
229, -163.11057787574828, 2, 10.432908023998607, 77, 43353, 43353, 3.6110055446624756, 12.435094833374023
230, -161.6476158713922, 2, 22.334201608999138, 169, 43522, 43522, 3.4058945178985596, 12.609557151794434
231, -94.7665877310792, 4, 49.9102127240003, 382, 43904, 43904, 3.3646271228790283, 13.177072525024414
232, -93.29597284813644, 4, 49.593889263000165, 381, 44285, 44285, 3.3514721393585205, 13.233346939086914
233, -153.3547543917084, 2, 13.021269941000355, 97, 44382, 44382, 3.6794795989990234, 13.257808685302734
234, -150.8741670686286, 2, 6.582157221000671, 47, 44429, 44429, 3.41215181350708, 13.645748138427734
235, -155.51149856299162, 2, 22.194435330999113, 168, 44597, 44597, 3.087047815322876, 13.376890182495117
236, -149.83965275075752, 2, 9.654259868002555, 71, 44668, 44668, 3.316378593444824, 13.936654090881348
237, -90.40070227137767, 4, 50.36613933600165, 385, 45053, 45053, 3.3490641117095947, 13.611798286437988
238, -95.12430158711504, 4, 49.53910128500138, 379, 45432, 45432, 3.4577932357788086, 13.930428504943848
239, -181.14339483820368, 2, 27.491472560999682, 208, 45640, 45640, 3.5598673820495605, 13.92612361907959
240, -232.2112278584391, 2, 45.30571181900086, 346, 45986, 45986, 3.5064477920532227, 14.26789379119873
241, -230.6465160384978, 2, 49.24991235000198, 375, 46361, 46361, 3.4014453887939453, 14.384451866149902
242, -155.1500540714478, 2, 13.881707903998176, 103, 46464, 46464, 3.3864455223083496, 14.102744102478027
243, -225.53572968998924, 2, 30.771668147001037, 233, 46697, 46697, 3.352126121520996, 14.435850143432617
244, -154.27479604864493, 2, 11.257715751999058, 83, 46780, 46780, 3.4333388805389404, 14.675182342529297
245, -55.769312575110234, 4, 50.081120660001034, 381, 47161, 47161, 3.351166248321533, 14.789316177368164
246, -154.29128507571295, 2, 4.833520302996476, 33, 47194, 47194, 3.794358730316162, 14.84619426727295
247, -277.84908139158506, 2, 43.46542018599939, 332, 47526, 47526, 3.2387030124664307, 14.592386245727539
248, -169.59517419223266, 2, 14.237291237997852, 106, 47632, 47632, 3.4432830810546875, 14.891804695129395
249, -123.03669144783635, 4, 49.91510250099964, 379, 48011, 48011, 3.375326156616211, 15.051514625549316
250, -158.44941511331126, 2, 20.32884379799725, 153, 48164, 48164, 3.492706060409546, 15.25015926361084
251, -152.5107728964649, 2, 16.99362105199907, 127, 48291, 48291, 3.2780470848083496, 14.97751235961914
252, -183.24504897976294, 2, 36.83017253100115, 281, 48572, 48572, 3.4090237617492676, 14.978670120239258
253, -66.62851862871321, 4, 50.085024790001626, 383, 48955, 48955, 3.098022222518921, 15.059974670410156
254, -160.93640916369623, 2, 13.788840839999466, 103, 49058, 49058, 3.342078924179077, 15.337109565734863
255, -151.08340682764538, 2, 5.1693987130020105, 36, 49094, 49094, 3.202394962310791, 15.132110595703125
256, -21.7028108057566, 4, 49.76732813200215, 381, 49475, 49475, 3.251432418823242, 15.201776504516602
257, -146.02487535914406, 2, 9.004760986998008, 66, 49541, 49541, 3.119124174118042, 14.899482727050781
258, -50.91462724027224, 4, 50.08253001900084, 384, 49925, 49925, 3.3624000549316406, 15.39680004119873
259, -160.51254393292038, 2, 32.07984379699701, 244, 50169, 50169, 3.4404051303863525, 15.20547103881836
260, -40.33319220278645, 4, 50.28158385899951, 384, 50553, 50553, 3.226893424987793, 15.450921058654785
261, -225.91190480488876, 2, 34.45054222100225, 262, 50815, 50815, 3.187528610229492, 15.847609519958496
262, -87.50193589166156, 4, 49.58917277799992, 380, 51195, 51195, 3.4764909744262695, 15.668874740600586
263, -149.49376570538152, 2, 13.454864546998579, 100, 51295, 51295, 2.9184558391571045, 15.998661994934082
264, -147.6749806527514, 2, 11.088796923999325, 82, 51377, 51377, 3.6187543869018555, 16.05548858642578
265, -144.93144679954275, 2, 8.543970948001515, 62, 51439, 51439, 3.363959312438965, 15.843931198120117
266, -177.4645346654579, 2, 22.87538593700083, 173, 51612, 51612, 3.204345464706421, 15.997138023376465
267, -80.82717682782095, 4, 49.91375033199802, 382, 51994, 51994, 3.0677812099456787, 15.971220970153809
268, -161.13029837420254, 2, 37.22835617700184, 284, 52278, 52278, 3.2633111476898193, 16.316694259643555
269, -208.04975696296606, 2, 45.95462620399849, 351, 52629, 52629, 3.156014919281006, 16.491649627685547
270, -85.17251096467953, 4, 49.60445388299922, 378, 53007, 53007, 3.262716054916382, 16.860849380493164
271, -150.15630472666817, 2, 11.8998708370018, 88, 53095, 53095, 3.105820417404175, 16.84945297241211
272, -148.0759265148081, 2, 9.290410065001197, 68, 53163, 53163, 3.5698020458221436, 17.04110336303711
273, -39.797496324026724, 4, 49.43956544500179, 378, 53541, 53541, 3.26902174949646, 16.927291870117188
274, -153.39543812558986, 2, 25.996162274001108, 197, 53738, 53738, 3.3285584449768066, 16.99247932434082
275, -143.9587555998005, 2, 16.390145261000725, 123, 53861, 53861, 3.2975451946258545, 16.809783935546875
276, -157.27420437755063, 2, 14.128508672001772, 105, 53966, 53966, 3.2234201431274414, 16.786985397338867
277, -151.96725019218866, 2, 7.103696878999472, 51, 54017, 54017, 3.241100311279297, 16.961780548095703
278, -85.03007310442626, 4, 50.23370085799979, 383, 54400, 54400, 3.2574150562286377, 17.109941482543945
279, -150.92944038135465, 2, 4.408540641001309, 30, 54430, 54430, 3.442697286605835, 16.940776824951172
280, -156.26984587311745, 2, 6.468719070999214, 46, 54476, 54476, 2.920644760131836, 16.944120407104492
281, -153.03448245464824, 2, 5.432099456000287, 38, 54514, 54514, 3.1548595428466797, 17.502761840820312
282, -152.89944246178493, 2, 5.43390900400118, 38, 54552, 54552, 3.9415442943573, 16.835681915283203
283, -145.7597987104673, 2, 16.376941363996593, 122, 54674, 54674, 3.0232608318328857, 17.05824089050293
284, -85.69887697137892, 4, 50.117528370999935, 383, 55057, 55057, 3.140699625015259, 17.36472511291504
285, -151.03816590239876, 2, 4.430375197000103, 30, 55087, 55087, 3.341702699661255, 17.393529891967773
286, -153.09966282360256, 2, 4.668330815002264, 32, 55119, 55119, 3.0100297927856445, 16.878421783447266
287, -155.5209284685552, 2, 8.60877693600196, 63, 55182, 55182, 3.6062114238739014, 18.085464477539062
288, -148.44971582200378, 2, 14.112483871998847, 105, 55287, 55287, 3.0647239685058594, 17.321815490722656
289, -83.31365667376667, 4, 50.01545214699945, 382, 55669, 55669, 3.036989212036133, 17.51853370666504
290, -87.57563387881964, 4, 49.55803202599782, 379, 56048, 56048, 3.2055249214172363, 17.718141555786133
291, -149.1962679636199, 2, 9.91790432400012, 73, 56121, 56121, 3.1456637382507324, 18.258094787597656
292, -154.44677259901073, 2, 15.561946456000442, 116, 56237, 56237, 3.264948606491089, 18.01565170288086
293, -179.86018135328777, 2, 26.973765311002353, 205, 56442, 56442, 3.189786195755005, 18.629758834838867
294, -201.7553011578566, 2, 27.33645221199913, 207, 56649, 56649, 3.1984522342681885, 18.549015045166016
295, -57.4427493220428, 4, 50.03352622999955, 382, 57031, 57031, 3.1470518112182617, 18.255859375
296, -141.59344800375402, 2, 11.788049384998885, 87, 57118, 57118, 3.370149850845337, 18.378313064575195
297, -166.27231922419742, 2, 41.53430992600261, 315, 57433, 57433, 3.2225489616394043, 18.455528259277344
298, -191.06266397191212, 2, 43.70134197199877, 333, 57766, 57766, 3.1117146015167236, 18.287334442138672
299, -157.28775660914835, 2, 25.903861028000392, 196, 57962, 57962, 3.15842604637146, 18.369529724121094
300, -51.28848488413496, 4, 50.151731504000054, 383, 58345, 58345, 3.401716470718384, 18.633766174316406
301, -155.4420739132911, 2, 24.75379419100136, 187, 58532, 58532, 3.157547950744629, 18.844989776611328
302, -58.76060281436094, 4, 49.37877030399977, 377, 58909, 58909, 3.2425084114074707, 18.98354148864746
303, -171.49962437240174, 2, 23.568677495000884, 177, 59086, 59086, 3.385984182357788, 19.142240524291992
304, -151.14383395039476, 2, 4.66672225900038, 32, 59118, 59118, 3.6325793266296387, 18.777015686035156
305, -182.0304496078752, 2, 25.878937436998967, 196, 59314, 59314, 3.408144950866699, 18.980178833007812
306, -190.55775523837656, 2, 34.49558598799922, 260, 59574, 59574, 3.297189712524414, 18.97711753845215
307, -152.79644893668592, 2, 5.293038877000072, 37, 59611, 59611, 2.928985357284546, 18.974727630615234
308, -59.646027320763096, 4, 49.56889412700184, 378, 59989, 59989, 3.2952587604522705, 19.058557510375977
309, -151.09595617151354, 2, 10.530220587999793, 77, 60066, 60066, 3.55401611328125, 19.220306396484375
310, -155.67718017485458, 2, 8.948494583000866, 65, 60131, 60131, 3.188056707382202, 19.317461013793945
311, -68.28563926671632, 4, 50.250768048998, 383, 60514, 60514, 3.175506114959717, 19.556900024414062
312, -164.15740473056212, 2, 34.33876811099981, 261, 60775, 60775, 3.3735413551330566, 19.46424674987793
313, -96.41234823621926, 4, 49.81569288800165, 380, 61155, 61155, 3.3731579780578613, 19.8604793548584
314, -154.60426464432385, 2, 6.065865381999174, 43, 61198, 61198, 3.2057242393493652, 20.167112350463867
315, -152.24296280926228, 2, 13.911137159000646, 103, 61301, 61301, 3.1630470752716064, 20.278095245361328
316, -163.33033266646453, 2, 12.083894938001322, 89, 61390, 61390, 3.5829410552978516, 20.628372192382812
317, -149.8082825806705, 2, 21.72396279500026, 163, 61553, 61553, 3.5047340393066406, 20.04212760925293
318, -81.91301542473957, 4, 50.154969401002745, 382, 61935, 61935, 3.3043782711029053, 20.366512298583984
319, -90.53689888777444, 4, 49.55731640299928, 377, 62312, 62312, 3.479612350463867, 20.94404411315918
320, -152.19025612145015, 2, 4.936237164998602, 34, 62346, 62346, 2.9378058910369873, 20.878684997558594
321, -150.45003859969438, 2, 11.95139424700028, 88, 62434, 62434, 3.211170196533203, 21.625232696533203
322, -154.0658557820134, 2, 4.403897901000164, 30, 62464, 62464, 3.6365556716918945, 22.445173263549805
323, -154.62895400333218, 2, 4.808483847999014, 33, 62497, 62497, 3.7496702671051025, 21.269399642944336
324, -155.39912188821472, 2, 4.40890651600057, 30, 62527, 62527, 3.3995988368988037, 20.886035919189453
325, -155.9474199960532, 2, 15.167673608000769, 113, 62640, 62640, 3.4423744678497314, 21.142255783081055
326, -165.03753762692213, 2, 4.405445324002358, 30, 62670, 62670, 3.438880205154419, 20.809993743896484
327, -153.31758572813123, 2, 4.395951642, 30, 62700, 62700, 3.247863531112671, 20.870929718017578
328, -155.10914710670477, 2, 5.947304345001612, 42, 62742, 62742, 3.734224319458008, 21.322738647460938
329, -153.73421605024487, 2, 8.170283658000699, 59, 62801, 62801, 3.418769121170044, 21.53468894958496
330, -146.55516498198267, 2, 13.319095517999813, 99, 62900, 62900, 3.4403903484344482, 21.1252498626709
331, -241.0291201211512, 2, 32.207056560997444, 244, 63144, 63144, 3.3172922134399414, 21.186176300048828
332, -148.68855190799513, 2, 19.823750362000283, 149, 63293, 63293, 3.3789005279541016, 21.5083065032959
333, -57.704667364945635, 4, 49.84204782500092, 380, 63673, 63673, 3.5917184352874756, 21.87203598022461
334, -154.4477708885097, 2, 10.709615155999927, 78, 63751, 63751, 3.4922919273376465, 22.276777267456055
335, -149.06982456007972, 2, 8.285106374998577, 60, 63811, 63811, 3.419290781021118, 22.02124786376953
336, -146.79876836930634, 2, 18.993124607000937, 142, 63953, 63953, 3.3931915760040283, 21.876386642456055
337, -153.33649076173788, 2, 14.771018585997808, 110, 64063, 64063, 3.571841239929199, 22.016841888427734
338, -146.28308117063716, 2, 8.81805455400172, 64, 64127, 64127, 3.476409673690796, 22.16219711303711
339, -168.76143367635086, 2, 17.379706312000053, 130, 64257, 64257, 3.368133306503296, 22.06167221069336
340, -148.3191717333866, 2, 14.707172728998557, 109, 64366, 64366, 3.162997245788574, 21.801069259643555
341, -161.5475171719445, 2, 25.14510872699975, 189, 64555, 64555, 3.272132396697998, 21.855350494384766
342, -154.6502330810763, 2, 23.903046301998984, 180, 64735, 64735, 3.5072879791259766, 21.545331954956055
343, -154.48225115746027, 2, 32.78397716700056, 248, 64983, 64983, 3.427828311920166, 21.752534866333008
344, -161.39904685481451, 2, 19.863645540997823, 149, 65132, 65132, 3.2716617584228516, 21.892732620239258
345, -150.64649306749925, 2, 4.50110254700121, 31, 65163, 65163, 2.8220913410186768, 21.81932830810547
346, -68.3561030808487, 4, 49.59588212100061, 377, 65540, 65540, 3.3636257648468018, 22.072460174560547
347, -152.4094804063934, 2, 4.414105439998821, 30, 65570, 65570, 2.927863597869873, 21.61786460876465
348, -153.7380281316582, 2, 8.27570850900156, 60, 65630, 65630, 3.647599935531616, 22.171667098999023
349, -152.92407441907562, 2, 4.406101807999221, 30, 65660, 65660, 3.9626476764678955, 22.51814079284668
350, -153.3403838884551, 2, 21.249712101001933, 159, 65819, 65819, 3.247959852218628, 21.995887756347656
351, -151.4117361963581, 2, 4.961600137001369, 34, 65853, 65853, 2.9838204383850098, 23.016204833984375
352, -154.51839102091617, 2, 18.69881118899866, 140, 65993, 65993, 3.440437078475952, 22.537704467773438
353, -156.14576749131083, 2, 4.421112625997921, 30, 66023, 66023, 3.543883800506592, 21.632230758666992
354, -81.42963393440004, 4, 50.01073932899817, 380, 66403, 66403, 3.5310685634613037, 22.39451026916504
355, -146.95384594076313, 2, 8.948655897998833, 65, 66468, 66468, 3.453458070755005, 22.929689407348633
356, -155.60331740012043, 2, 13.260101911000675, 98, 66566, 66566, 3.411043643951416, 22.27554702758789
357, -47.43377901731185, 4, 49.516174851996766, 376, 66942, 66942, 3.377286911010742, 22.357221603393555
358, -76.89628478779923, 4, 49.63162417000058, 377, 67319, 67319, 3.338557004928589, 22.651641845703125
359, -165.41175312176347, 2, 34.64678430300046, 262, 67581, 67581, 3.5335865020751953, 22.777118682861328
360, -151.7594679488102, 2, 10.29645448500014, 75, 67656, 67656, 3.553359031677246, 22.3138484954834
361, -148.45282908622175, 2, 10.558521871000266, 77, 67733, 67733, 3.6439390182495117, 23.029455184936523
362, -209.46675169141463, 2, 31.431039685998257, 238, 67971, 67971, 3.5839576721191406, 23.030651092529297
363, -154.93939926329767, 2, 10.94464463300028, 80, 68051, 68051, 3.1756975650787354, 23.103668212890625
364, -147.20508221536875, 2, 6.657800796001538, 47, 68098, 68098, 3.651287317276001, 22.70464515686035
365, -83.75663268333301, 4, 49.61097127500034, 377, 68475, 68475, 3.4320428371429443, 22.851694107055664
366, -63.64020299213007, 4, 49.56528784799957, 377, 68852, 68852, 3.5690817832946777, 23.055984497070312
367, -157.92114924581983, 2, 45.47847464300139, 345, 69197, 69197, 3.2609283924102783, 23.12287139892578
368, -51.60082616889849, 4, 49.883874482002284, 380, 69577, 69577, 3.410788059234619, 23.391267776489258
369, -179.70597968283982, 2, 24.367874673996994, 183, 69760, 69760, 3.410444498062134, 23.01409149169922
370, -193.03266928828089, 2, 33.698075000000244, 255, 70015, 70015, 3.310659646987915, 23.41828155517578
371, -154.79973720386624, 2, 4.83744323800056, 33, 70048, 70048, 2.9482998847961426, 23.21527099609375
372, -35.74578932276927, 4, 49.411269956999604, 376, 70424, 70424, 3.317594051361084, 23.303321838378906
373, -149.35743475150957, 2, 9.36782078199758, 68, 70492, 70492, 3.172605514526367, 24.062847137451172
374, -153.2947139252792, 2, 13.937285662999784, 103, 70595, 70595, 3.434265375137329, 23.96257209777832
375, -78.62481140019372, 4, 49.56155652800226, 377, 70972, 70972, 3.3352835178375244, 23.24555778503418
376, -39.7746809808159, 4, 49.62533057100154, 378, 71350, 71350, 3.2970333099365234, 23.46202278137207
377, -153.49741700477898, 2, 20.22595206800179, 150, 71500, 71500, 3.2010116577148438, 23.598878860473633
378, -80.22288091294467, 4, 49.89256810699953, 379, 71879, 71879, 3.208047389984131, 23.491226196289062
379, -146.62779915652936, 2, 8.038320928000758, 58, 71937, 71937, 3.3013265132904053, 23.597835540771484
380, -163.2520579067932, 2, 28.093438677999075, 211, 72148, 72148, 3.3566696643829346, 23.469717025756836
381, -216.00617723120376, 2, 44.030664778001665, 334, 72482, 72482, 3.497032642364502, 23.711530685424805
382, -179.02472194672737, 2, 48.98075671699917, 372, 72854, 72854, 3.457852840423584, 23.693496704101562
383, -153.40364040411077, 2, 4.428593059998093, 30, 72884, 72884, 3.873239755630493, 23.5704288482666
384, -154.10856361419428, 2, 4.448521374000848, 30, 72914, 72914, 3.921444892883301, 24.210981369018555
385, -153.95571941143135, 2, 26.176661761001014, 197, 73111, 73111, 3.3058505058288574, 23.88525390625
386, -150.18606447218917, 2, 10.774211738000304, 79, 73190, 73190, 3.7093660831451416, 24.062694549560547
387, -149.45824616169557, 2, 10.52698651800165, 77, 73267, 73267, 3.4483368396759033, 23.724491119384766
388, -80.09430499491282, 4, 50.37064507299874, 381, 73648, 73648, 3.380743980407715, 24.101606369018555
389, -88.59076307329815, 4, 49.70696595400295, 377, 74025, 74025, 3.335153341293335, 24.188926696777344
390, -155.0785375087289, 2, 7.456713512998249, 53, 74078, 74078, 3.5300958156585693, 24.122106552124023
391, -148.55974821117707, 2, 7.402574607000133, 53, 74131, 74131, 3.1643810272216797, 24.512924194335938
392, -150.38155752047896, 2, 6.781804709997232, 48, 74179, 74179, 3.3484575748443604, 24.407316207885742
393, -63.90986783511471, 4, 49.58186419000049, 376, 74555, 74555, 3.320605754852295, 23.988088607788086
394, -49.84619703303906, 4, 49.62687474199993, 377, 74932, 74932, 3.516566276550293, 24.40972900390625
395, -151.53874463267857, 2, 15.439192150999588, 114, 75046, 75046, 3.241520404815674, 24.346153259277344
396, -149.38137620508496, 2, 10.00647127800039, 73, 75119, 75119, 3.6973037719726562, 24.53375816345215
397, -153.0534315193072, 2, 4.422268493002775, 30, 75149, 75149, 3.627194404602051, 24.10890769958496
398, -154.42081796651473, 2, 4.471630810003262, 30, 75179, 75179, 4.180483818054199, 24.208637237548828
399, -173.10350717302936, 2, 26.201882164998096, 197, 75376, 75376, 3.494772434234619, 24.576129913330078
400, -167.07089259428903, 2, 14.872466163000354, 110, 75486, 75486, 3.435076951980591, 24.329090118408203
401, -60.76521888576099, 4, 49.695512708000024, 377, 75863, 75863, 3.4772517681121826, 24.528072357177734
402, -159.02159765585384, 2, 22.485907499998575, 168, 76031, 76031, 3.318136692047119, 24.843826293945312
403, -32.06137852638494, 4, 49.65939177299879, 376, 76407, 76407, 3.4841504096984863, 24.922447204589844
404, -152.28694574302062, 2, 4.424255162000918, 30, 76437, 76437, 3.9758927822113037, 24.90401268005371
405, -152.8766991556622, 2, 5.466680684003222, 38, 76475, 76475, 3.483992338180542, 24.574840545654297
406, -146.29262179872603, 2, 8.810589773001993, 64, 76539, 76539, 3.3447341918945312, 24.648658752441406
407, -166.51243427657755, 2, 28.12122343899682, 212, 76751, 76751, 3.6088881492614746, 24.74333953857422
408, -151.21513367583975, 2, 11.241767387000436, 82, 76833, 76833, 3.6288185119628906, 24.702877044677734
409, -99.65782998214127, 4, 49.476690433999465, 376, 77209, 77209, 3.5881803035736084, 24.884098052978516
410, -155.0066626756452, 2, 6.17973532799806, 43, 77252, 77252, 3.90791916847229, 24.845285415649414
411, -148.82148256758228, 2, 5.8317104110028595, 41, 77293, 77293, 3.5693931579589844, 25.24077033996582
412, -17.695179363479838, 4, 49.63513780100038, 376, 77669, 77669, 3.6652910709381104, 25.056411743164062
413, -157.86021331499796, 2, 29.17673839700001, 220, 77889, 77889, 3.4372706413269043, 24.871898651123047
414, -177.23396305693313, 2, 31.699023239998496, 239, 78128, 78128, 3.593135118484497, 24.995513916015625
415, -84.89831538149156, 4, 50.02613126300275, 379, 78507, 78507, 3.349323034286499, 25.086654663085938
416, -57.070154547691345, 4, 49.72191489100078, 378, 78885, 78885, 3.3634190559387207, 25.20135498046875
417, -254.1947618399281, 2, 45.02061979299833, 342, 79227, 79227, 3.3641858100891113, 25.304645538330078
418, -162.09693825407885, 2, 15.067140515002393, 111, 79338, 79338, 3.6917128562927246, 25.531951904296875
419, -146.43624112929683, 2, 8.775202525001077, 63, 79401, 79401, 3.209775686264038, 24.767114639282227
420, -152.38299242127687, 2, 4.728289019996737, 32, 79433, 79433, 3.3613462448120117, 26.138187408447266
421, -153.9539410608122, 2, 11.07373378400007, 81, 79514, 79514, 3.3971974849700928, 25.482189178466797
422, -149.04450051573804, 2, 21.628818477001914, 161, 79675, 79675, 3.332310199737549, 25.13485336303711
423, -151.4202716150321, 2, 9.409994516998267, 68, 79743, 79743, 3.538609266281128, 25.437681198120117
424, -195.49117132625543, 2, 37.50054050199833, 283, 80026, 80026, 3.415426254272461, 25.748653411865234
425, -144.35562966055295, 2, 11.03575279999859, 80, 80106, 80106, 3.2776710987091064, 25.969284057617188
426, -157.88370922737522, 2, 21.456604638002318, 160, 80266, 80266, 3.59130597114563, 25.7285099029541
427, -160.29846947593614, 2, 8.912064456002554, 64, 80330, 80330, 3.743316888809204, 25.870424270629883
428, -190.90989292226732, 2, 22.381469780997577, 167, 80497, 80497, 3.403104066848755, 25.634286880493164
429, -150.97526769709657, 2, 6.679475603003084, 47, 80544, 80544, 3.299400806427002, 25.562135696411133
430, -183.93509463647206, 2, 35.74799576600344, 270, 80814, 80814, 3.376774311065674, 25.572742462158203
431, -152.5322804786265, 2, 21.79894706399864, 163, 80977, 80977, 3.338064670562744, 25.60346221923828
432, -55.26498385326704, 4, 50.15822232899882, 380, 81357, 81357, 3.3357954025268555, 25.865758895874023
433, -180.60294974036515, 2, 13.346429488003196, 98, 81455, 81455, 3.391477108001709, 25.651046752929688
434, -76.63702018978074, 4, 49.89118365799732, 378, 81833, 81833, 3.3938944339752197, 26.013574600219727
435, -146.40503344032913, 2, 8.056818609999027, 57, 81890, 81890, 3.4126040935516357, 26.1552734375
436, -261.57535400259076, 2, 43.29184571500082, 327, 82217, 82217, 3.280951738357544, 25.997386932373047
437, -181.79355685738847, 2, 37.105381788998784, 280, 82497, 82497, 3.4331343173980713, 26.187246322631836
438, -188.75404560490279, 2, 44.87299986400103, 339, 82836, 82836, 3.4878616333007812, 26.04703140258789
439, -153.55631477944553, 2, 12.448384901999816, 91, 82927, 82927, 3.1538331508636475, 25.801916122436523
440, -194.5734419245273, 2, 44.57112691099974, 336, 83263, 83263, 3.28995943069458, 26.0812931060791
441, -167.47106153325876, 2, 40.38490349199856, 305, 83568, 83568, 3.4136319160461426, 26.18362808227539
442, -184.63567529362626, 2, 30.849680179999268, 232, 83800, 83800, 3.5551791191101074, 26.223482131958008
443, -150.38060963572934, 2, 11.942741726001259, 87, 83887, 83887, 3.287346839904785, 26.305049896240234
444, -322.43348831450567, 2, 46.05540244700023, 348, 84235, 84235, 3.280559778213501, 26.222251892089844
445, -153.35472263541305, 2, 4.43700766999973, 30, 84265, 84265, 3.4262938499450684, 27.325395584106445
446, -148.98946730652824, 2, 10.000293599001452, 72, 84337, 84337, 3.5240724086761475, 26.43108367919922
447, -180.62550836103037, 2, 23.112954188000003, 172, 84509, 84509, 3.5215582847595215, 26.590484619140625
448, -156.2445612726733, 2, 10.619968988001347, 77, 84586, 84586, 3.361848831176758, 26.238954544067383
449, -90.11170873220544, 4, 49.602455113999895, 375, 84961, 84961, 3.3033382892608643, 26.80799674987793
450, -63.34308226942085, 4, 49.697939341000165, 376, 85337, 85337, 3.429415702819824, 26.969158172607422
451, -157.81794331315905, 2, 15.192937645999336, 112, 85449, 85449, 3.4121909141540527, 27.54533576965332
452, -148.00420397723792, 2, 10.682198067999707, 78, 85527, 85527, 3.4442100524902344, 27.338197708129883
453, -154.04217801149935, 2, 6.270439642001293, 44, 85571, 85571, 3.1453285217285156, 27.867246627807617
454, -148.9401142024435, 2, 13.753001490000315, 101, 85672, 85672, 3.396916389465332, 27.831615447998047
455, -164.56163462949917, 2, 4.437219906998507, 30, 85702, 85702, 3.6226143836975098, 26.517297744750977
456, -149.76323372218758, 2, 17.088611008002772, 127, 85829, 85829, 3.368399143218994, 27.44878387451172
457, -155.6782484734431, 2, 4.44080692800344, 30, 85859, 85859, 3.806882619857788, 27.133562088012695
458, -155.2658358145709, 2, 24.844406187999994, 186, 86045, 86045, 3.552375078201294, 27.361278533935547
459, -150.91214711993234, 2, 7.083025619002001, 50, 86095, 86095, 3.1638612747192383, 27.812475204467773
460, -40.28003439126769, 4, 49.92875390599875, 379, 86474, 86474, 3.4037725925445557, 27.5478515625
461, -155.5545601585036, 2, 6.402567077999265, 45, 86519, 86519, 3.4931609630584717, 27.423084259033203
462, -216.44651105068624, 2, 19.81955228100196, 147, 86666, 86666, 3.4248762130737305, 27.326858520507812
463, -253.91125119756907, 2, 48.148656311001105, 364, 87030, 87030, 3.366480588912964, 27.400463104248047
464, -183.73835231782869, 2, 17.109885951998876, 127, 87157, 87157, 3.316300630569458, 27.91360092163086
465, -150.910064174328, 2, 10.219643989999895, 74, 87231, 87231, 3.817054033279419, 27.703418731689453
466, -182.19263975488866, 2, 18.417690985999798, 137, 87368, 87368, 3.6786158084869385, 27.795940399169922
467, -204.74548212625086, 2, 33.2662919400027, 250, 87618, 87618, 3.5142858028411865, 27.850006103515625
468, -153.53428334300406, 2, 5.470979832000012, 38, 87656, 87656, 3.2741918563842773, 26.8054256439209
469, -157.43782522366382, 2, 31.39703866000127, 236, 87892, 87892, 3.5535056591033936, 27.591434478759766
470, -91.65299583366141, 4, 49.826101597998786, 377, 88269, 88269, 3.406158685684204, 27.34980583190918
471, -15.897932171879802, 4, 49.756436624000344, 376, 88645, 88645, 3.385761022567749, 27.5653133392334
472, -151.30437340773642, 2, 8.004393767001602, 57, 88702, 88702, 3.371001720428467, 27.2793025970459
473, -149.13197851600125, 2, 5.335828464998485, 37, 88739, 88739, 3.4337241649627686, 27.892274856567383
474, -153.94732374581508, 2, 8.081626121002046, 58, 88797, 88797, 3.5278403759002686, 27.675519943237305
475, -154.5238995211257, 2, 31.17906251000022, 234, 89031, 89031, 3.2647547721862793, 27.548568725585938
476, -37.95299330109992, 4, 50.3956876250013, 380, 89411, 89411, 3.3199501037597656, 27.5622615814209
477, -74.8955128940288, 4, 49.72280232900084, 375, 89786, 89786, 3.3945045471191406, 27.90902328491211
478, -177.76010438310914, 2, 36.18067933600105, 273, 90059, 90059, 3.352116107940674, 28.216869354248047
479, -157.48484014166752, 2, 26.778587753000465, 200, 90259, 90259, 3.416790246963501, 28.060922622680664
480, -56.202878787065856, 4, 49.95436166700165, 378, 90637, 90637, 3.4859097003936768, 28.10030174255371
481, -181.92539335269248, 2, 37.19891157899838, 280, 90917, 90917, 3.160230875015259, 27.882484436035156
482, -148.5232105315372, 2, 11.192454520001775, 82, 90999, 90999, 3.618690252304077, 28.103515625
483, -149.51456766645424, 2, 12.31503337000322, 90, 91089, 91089, 3.3596272468566895, 27.951581954956055
484, -73.30405562603846, 4, 49.854505127001175, 377, 91466, 91466, 3.2819788455963135, 27.91427993774414
485, -145.62882389775768, 2, 19.863569159999315, 147, 91613, 91613, 3.3831276893615723, 27.941293716430664
486, -154.22330571255588, 2, 16.188305415002105, 120, 91733, 91733, 3.411681890487671, 27.72509765625
487, -168.4468678697158, 2, 29.61725953900168, 222, 91955, 91955, 3.3590188026428223, 27.946001052856445
488, -155.315336767002, 2, 11.755729090000386, 86, 92041, 92041, 3.536261558532715, 27.719261169433594
489, -151.4497732815223, 2, 11.986856544997863, 87, 92128, 92128, 3.6847643852233887, 27.418092727661133
490, -64.68816650682129, 4, 50.17934090400013, 379, 92507, 92507, 3.328758955001831, 27.888097763061523
491, -151.15194700006396, 2, 5.8729748190016835, 41, 92548, 92548, 3.6723239421844482, 28.111820220947266
492, -79.73522803153901, 4, 49.49281546999919, 374, 92922, 92922, 3.4254157543182373, 28.13603401184082
493, -152.28521386859939, 2, 5.872694852998393, 41, 92963, 92963, 3.240896463394165, 28.089805603027344
494, -167.1711641041329, 2, 30.905655557999125, 232, 93195, 93195, 3.213186264038086, 27.819475173950195
495, -59.144191662897356, 4, 50.10451777200069, 378, 93573, 93573, 3.1459617614746094, 28.212251663208008
496, -50.44487939629471, 4, 49.722404134998214, 377, 93950, 93950, 3.1690337657928467, 28.24058723449707
497, -158.92671452858485, 2, 25.786866180998913, 193, 94143, 94143, 3.328042984008789, 28.135122299194336
498, -150.88155661334167, 2, 21.502245856998343, 160, 94303, 94303, 3.321364164352417, 28.1378231048584
499, -146.4430895272526, 2, 12.567084340000292, 92, 94395, 94395, 3.1646475791931152, 27.84950065612793
500, -155.54238717490807, 2, 8.508402577997913, 61, 94456, 94456, 3.2464942932128906, 28.046009063720703
501, -97.2813643058762, 4, 49.66449191599895, 375, 94831, 94831, 3.3070414066314697, 28.186193466186523
502, -152.13812109304126, 2, 16.740194124999107, 124, 94955, 94955, 3.3288066387176514, 28.454845428466797
503, -83.4533350145648, 4, 49.596773855999345, 374, 95329, 95329, 3.2358627319335938, 28.345365524291992
504, -147.34536059666425, 2, 8.739568044999032, 63, 95392, 95392, 3.0381581783294678, 29.133195877075195
505, -65.24697756522801, 4, 49.50630191899836, 374, 95766, 95766, 3.2640302181243896, 28.708637237548828
506, -151.590751068994, 2, 21.076032429002225, 157, 95923, 95923, 3.349656105041504, 28.69683074951172
507, -195.17384940199554, 2, 21.636228822000703, 161, 96084, 96084, 3.389036178588867, 28.83130645751953
508, -148.16524807782844, 2, 13.479174478998175, 99, 96183, 96183, 3.0583009719848633, 28.403217315673828
509, -170.5037251394133, 2, 48.40485088800051, 366, 96549, 96549, 3.295480251312256, 28.55994987487793
510, -181.76713015523273, 2, 48.87503956600267, 369, 96918, 96918, 3.1675450801849365, 28.445465087890625
511, -163.46013978711562, 2, 23.11358074600139, 173, 97091, 97091, 3.017404556274414, 28.480525970458984
512, -64.14660025539342, 4, 50.081651676002366, 379, 97470, 97470, 3.175386667251587, 28.711620330810547
513, -151.98869746550918, 2, 6.247245187001681, 44, 97514, 97514, 3.296383857727051, 28.107824325561523
514, -148.107966857031, 2, 12.5557638470018, 92, 97606, 97606, 3.333871603012085, 28.595691680908203
515, -151.6000021789223, 2, 11.647191567997652, 85, 97691, 97691, 3.1756792068481445, 28.836761474609375
516, -148.0210092999041, 2, 9.611663183000928, 69, 97760, 97760, 3.252180576324463, 28.879426956176758
517, -148.46015195487416, 2, 17.618233013999998, 130, 97890, 97890, 3.314249277114868, 28.78858184814453
518, -150.64885561692063, 2, 19.352803489000507, 144, 98034, 98034, 3.188474655151367, 28.87362289428711
519, -86.37420782091795, 4, 50.21794342700014, 379, 98413, 98413, 3.343310594558716, 28.74101448059082
520, -49.38379718048964, 4, 49.766586752000876, 376, 98789, 98789, 3.3298122882843018, 28.845603942871094
521, -48.88380373007385, 4, 49.66120903599949, 375, 99164, 99164, 3.3614330291748047, 28.652301788330078
522, -151.85449667961802, 2, 5.327247448996786, 37, 99201, 99201, 3.5037574768066406, 29.031286239624023
523, -84.62133051361889, 4, 50.02920377600094, 378, 99579, 99579, 3.0488545894622803, 28.7338809967041
524, -150.20883852127008, 2, 4.967456785001559, 34, 99613, 99613, 3.477112293243408, 28.781585693359375
525, -150.29605699435342, 2, 11.158064716000808, 81, 99694, 99694, 3.259953737258911, 28.900562286376953
526, -50.69584455585573, 4, 49.76666109800135, 374, 100068, 100068, 3.169893264770508, 28.82908821105957
527, -70.41524957015645, 4, 49.792123919000005, 376, 100444, 100444, 3.2095274925231934, 28.99592399597168
528, -147.22860971523914, 2, 13.01159903000007, 95, 100539, 100539, 3.007878303527832, 28.589679718017578
529, -163.51508165127598, 2, 16.80007317899799, 124, 100663, 100663, 3.1736230850219727, 28.60540771484375
530, 3.2504198476672173, 1, 47.545060319000186, 358, 101021, 101021, 3.3078012466430664, 29.012908935546875
531, 23.66908585652709, 1, 4.415722115998506, 30, 101051, 101051, 3.323939323425293, 29.093175888061523
532, 25.405228473246098, 1, 4.4268273419984325, 30, 101081, 101081, 2.9025893211364746, 29.139163970947266
533, 24.45152836665511, 1, 4.445436351001263, 30, 101111, 101111, 3.458996295928955, 29.331575393676758
534, 27.43708240892738, 1, 4.444027834000735, 30, 101141, 101141, 3.4305715560913086, 29.396345138549805
535, 20.768295608460903, 1, 4.423944154998026, 30, 101171, 101171, 3.8087055683135986, 29.201257705688477
536, 20.90829073637724, 1, 4.443630409001344, 30, 101201, 101201, 2.6926417350769043, 28.96979522705078
537, 22.187275737524033, 1, 4.411818442997173, 30, 101231, 101231, 3.5484097003936768, 29.08127212524414
538, 22.565971922129393, 1, 4.494879759000469, 30, 101261, 101261, 2.87064528465271, 29.066570281982422
539, 22.556099459528923, 1, 4.441292261999479, 30, 101291, 101291, 3.3940773010253906, 29.999433517456055
540, 23.287744965404272, 1, 4.4423434119999, 30, 101321, 101321, 3.2325053215026855, 28.59310531616211
541, 25.550170993432403, 1, 4.453931686999567, 30, 101351, 101351, 3.379363775253296, 29.08469009399414
542, 21.6714970767498, 1, 4.473141292000946, 30, 101381, 101381, 3.501790761947632, 28.66825294494629
543, 22.04492510855198, 1, 4.440323639999406, 30, 101411, 101411, 2.9439139366149902, 29.064435958862305
544, 21.10556000471115, 1, 4.411945643998479, 30, 101441, 101441, 3.0332980155944824, 29.748268127441406
545, 18.264797389507294, 1, 4.424110350999399, 30, 101471, 101471, 2.94828200340271, 28.846771240234375
546, 18.47493453323841, 1, 4.39339174899942, 30, 101501, 101501, 3.9421892166137695, 29.310697555541992
547, 20.830356121063232, 1, 4.435466246002761, 30, 101531, 101531, 3.038982629776001, 29.550390243530273
548, 21.36483183503151, 1, 4.427092563997576, 30, 101561, 101561, 3.177696466445923, 29.632909774780273
549, 22.771987721323967, 1, 4.418059091000032, 30, 101591, 101591, 3.4229576587677, 28.677534103393555
550, 22.969020172953606, 1, 4.418542121999053, 30, 101621, 101621, 3.01292085647583, 28.80112648010254
551, 20.495455890893936, 1, 4.401535610002611, 30, 101651, 101651, 3.4132444858551025, 28.149532318115234
552, 18.062234967947006, 1, 4.429675599996699, 30, 101681, 101681, 3.3293745517730713, 29.024829864501953
553, 17.815651670098305, 1, 4.429032637999626, 30, 101711, 101711, 3.2589304447174072, 28.543550491333008
554, 17.988417983055115, 1, 4.451906116002647, 30, 101741, 101741, 3.1911532878875732, 28.873441696166992
555, 18.96487767994404, 1, 4.39716915399913, 30, 101771, 101771, 3.6642656326293945, 29.559907913208008
556, 21.204842373728752, 1, 4.438874169001792, 30, 101801, 101801, 3.2157492637634277, 29.9249324798584
557, 20.20547491312027, 1, 4.42916036799943, 30, 101831, 101831, 2.8009653091430664, 29.21824073791504
558, 20.66801032423973, 1, 4.416958992998843, 30, 101861, 101861, 3.579333782196045, 29.024751663208008
559, 21.442400455474854, 1, 4.475921270997787, 30, 101891, 101891, 3.1517341136932373, 28.6942195892334
560, 20.021677613258362, 1, 4.433123337999859, 30, 101921, 101921, 3.596128225326538, 29.682600021362305
561, 17.910722315311432, 1, 4.455491992001043, 30, 101951, 101951, 3.392803192138672, 29.854524612426758
562, 18.943027704954147, 1, 4.438680339997518, 30, 101981, 101981, 2.925041913986206, 28.953617095947266
563, 19.181414127349854, 1, 4.43383798600189, 30, 102011, 102011, 2.9748430252075195, 28.666013717651367
564, 19.87924137711525, 1, 4.42955381900174, 30, 102041, 102041, 3.794790506362915, 29.354808807373047
565, 19.9825609177351, 1, 4.4256670479990134, 30, 102071, 102071, 2.8789894580841064, 29.312843322753906
566, 20.631939187645912, 1, 4.449794649997784, 30, 102101, 102101, 3.348522186279297, 28.9688720703125
567, 20.558180645108223, 1, 4.460766180000064, 30, 102131, 102131, 3.3692867755889893, 28.71330451965332
568, 20.94960941374302, 1, 4.435938511000131, 30, 102161, 102161, 2.8034462928771973, 29.026140213012695
569, 21.675812736153603, 1, 4.4495741259997885, 30, 102191, 102191, 3.1362669467926025, 29.079692840576172
570, 22.202124893665314, 1, 4.428353540002718, 30, 102221, 102221, 3.605186700820923, 29.36789894104004
571, 18.386127032339573, 1, 4.457956543999899, 30, 102251, 102251, 3.042039155960083, 28.7071590423584
572, 17.210289806127548, 1, 4.436301157998969, 30, 102281, 102281, 3.2669999599456787, 27.760976791381836
573, 17.491573601961136, 1, 4.447874254001363, 30, 102311, 102311, 2.6689493656158447, 28.27071762084961
574, 19.28599415719509, 1, 4.4307834719984385, 30, 102341, 102341, 2.870197296142578, 29.412403106689453
575, 18.866803288459778, 1, 4.422554153999954, 30, 102371, 102371, 3.2201695442199707, 28.724275588989258
576, 20.845464378595352, 1, 4.430293503999565, 30, 102401, 102401, 3.2160704135894775, 28.099111557006836
577, 21.21793559193611, 1, 4.442616705000546, 30, 102431, 102431, 3.5887999534606934, 29.453462600708008
578, 21.510774970054626, 1, 4.405612569997174, 30, 102461, 102461, 3.218834400177002, 28.406660079956055
579, 21.265155494213104, 1, 4.420328045998758, 30, 102491, 102491, 2.9168763160705566, 28.64242935180664
580, 20.521217182278633, 1, 4.442999799000972, 30, 102521, 102521, 2.905672550201416, 28.649280548095703
581, 18.448194801807404, 1, 4.429167893002159, 30, 102551, 102551, 3.2667055130004883, 29.762264251708984
582, 18.332193188369274, 1, 4.423102455999469, 30, 102581, 102581, 3.2753584384918213, 29.23980140686035
583, 18.776726335287094, 1, 4.436376861998724, 30, 102611, 102611, 3.005126476287842, 29.132402420043945
584, 19.527160495519638, 1, 4.4359213930001715, 30, 102641, 102641, 3.218061923980713, 28.86806869506836
585, 20.397284731268883, 1, 4.471062337997864, 30, 102671, 102671, 2.99996280670166, 28.142738342285156
586, 19.493664354085922, 1, 4.432422746998782, 30, 102701, 102701, 3.148555040359497, 29.2258358001709
587, 19.503773882985115, 1, 4.447346489003394, 30, 102731, 102731, 2.843297004699707, 28.358158111572266
588, 20.54950514435768, 1, 4.450447945000633, 30, 102761, 102761, 3.324100971221924, 28.813413619995117
589, 21.321991562843323, 1, 4.448872341999959, 30, 102791, 102791, 2.861478090286255, 28.33518409729004
590, 20.917799338698387, 1, 4.492329280001286, 30, 102821, 102821, 3.43044114112854, 29.04770851135254
591, 20.595391988754272, 1, 4.427488576999167, 30, 102851, 102851, 3.554375171661377, 28.384702682495117
592, 17.681000009179115, 1, 4.436284945000807, 30, 102881, 102881, 3.49052095413208, 29.050458908081055
593, 17.8710944801569, 1, 4.443507919997501, 30, 102911, 102911, 2.7739715576171875, 28.84933853149414
594, 18.186224311590195, 1, 4.416046406000532, 30, 102941, 102941, 4.031437873840332, 28.50507164001465
595, 19.729149788618088, 1, 4.4202966679986275, 30, 102971, 102971, 3.4754021167755127, 29.303098678588867
596, 20.308513820171356, 1, 4.45327037899915, 30, 103001, 103001, 2.7658205032348633, 28.611787796020508
597, 19.961298525333405, 1, 4.422036751002452, 30, 103031, 103031, 3.726545572280884, 28.72505760192871
598, 19.63043972849846, 1, 4.44246411900167, 30, 103061, 103061, 3.659785270690918, 29.083715438842773
599, 21.1381014585495, 1, 4.407650604000082, 30, 103091, 103091, 3.270709991455078, 28.57763671875
600, 21.373804360628128, 1, 4.452217838999786, 30, 103121, 103121, 3.2249810695648193, 28.8026065826416
601, 20.46620661020279, 1, 4.42412336200141, 30, 103151, 103151, 3.130079984664917, 28.302770614624023
602, 20.871068090200424, 1, 4.444754713000293, 30, 103181, 103181, 3.3182623386383057, 28.514339447021484
603, 21.50967001914978, 1, 4.4618879160007054, 30, 103211, 103211, 2.9480860233306885, 29.697996139526367
604, 22.472287483513355, 1, 4.466920969000057, 30, 103241, 103241, 2.8014767169952393, 29.04958152770996
605, 23.88688664138317, 1, 4.423222795998299, 30, 103271, 103271, 3.8269259929656982, 29.795801162719727
606, 18.50494208931923, 1, 4.4582777739997255, 30, 103301, 103301, 3.1060256958007812, 29.61552619934082
607, 21.168536327779293, 1, 4.4206962149983156, 30, 103331, 103331, 3.2128427028656006, 29.9191951751709
608, 18.504127129912376, 1, 4.396260216002702, 30, 103361, 103361, 3.002312660217285, 29.083812713623047
609, 20.47152355313301, 1, 4.420392596999591, 30, 103391, 103391, 3.1131365299224854, 28.335941314697266
610, 21.023960009217262, 1, 4.4259527169997455, 30, 103421, 103421, 3.401684522628784, 28.881526947021484
611, 22.1643994897604, 1, 4.457494381000288, 30, 103451, 103451, 2.7309396266937256, 28.95331382751465
612, 20.669673070311546, 1, 4.470773999000812, 30, 103481, 103481, 2.9038937091827393, 28.969736099243164
613, 20.431566789746284, 1, 4.465474724001979, 30, 103511, 103511, 3.24495792388916, 28.855449676513672
614, 21.569865003228188, 1, 4.465961758000049, 30, 103541, 103541, 3.237576484680176, 29.073017120361328
615, 21.950576275587082, 1, 4.424959346997639, 30, 103571, 103571, 3.2847321033477783, 29.235864639282227
616, 20.345270082354546, 1, 4.409715441001026, 30, 103601, 103601, 3.1616733074188232, 28.94702911376953
617, 18.14515419304371, 1, 4.439708358000644, 30, 103631, 103631, 2.693765163421631, 29.67571449279785
618, 18.76387770473957, 1, 4.445052227998531, 30, 103661, 103661, 3.5673608779907227, 29.68813133239746
619, 18.492971286177635, 1, 4.421299688001454, 30, 103691, 103691, 3.0023322105407715, 28.20461654663086
620, 19.760126873850822, 1, 4.425436721001461, 30, 103721, 103721, 3.378830909729004, 29.050315856933594
621, 22.24470966309309, 1, 4.421729760000744, 30, 103751, 103751, 3.0809450149536133, 29.111766815185547
622, 18.90021502971649, 1, 4.440779551001469, 30, 103781, 103781, 2.835646867752075, 28.68317985534668
623, 14.148086741566658, 1, 4.438185513998178, 30, 103811, 103811, 3.5563223361968994, 27.703062057495117
624, 20.906001031398773, 1, 4.468489704999229, 30, 103841, 103841, 3.2856879234313965, 29.1685791015625
625, 14.727306693792343, 1, 4.449888224997267, 30, 103871, 103871, 3.0004818439483643, 29.553943634033203
626, 21.147750437259674, 1, 4.45352602300045, 30, 103901, 103901, 3.6280014514923096, 28.946733474731445
627, 16.224966011941433, 1, 4.454992593000497, 30, 103931, 103931, 3.4768025875091553, 28.46586036682129
628, 13.423613108694553, 1, 4.438502844997856, 30, 103961, 103961, 3.593562364578247, 28.695520401000977
629, 21.10955886542797, 1, 4.433946453002136, 30, 103991, 103991, 3.1827266216278076, 28.695093154907227
630, 18.807690516114235, 1, 4.445297131998814, 30, 104021, 104021, 3.3047406673431396, 28.994142532348633
631, 20.7328133136034, 1, 4.427108101997874, 30, 104051, 104051, 3.309056282043457, 28.864477157592773
632, 21.415342807769775, 1, 4.428941707999911, 30, 104081, 104081, 2.8518378734588623, 28.288782119750977
633, 20.859377279877663, 1, 4.435954019998462, 30, 104111, 104111, 3.463480234146118, 28.479610443115234
634, 23.009520575404167, 1, 4.4294258359987, 30, 104141, 104141, 2.744499921798706, 28.32498550415039
635, 21.429904580116272, 1, 4.423784911999974, 30, 104171, 104171, 3.420299530029297, 28.510679244995117
636, 22.732849970459938, 1, 4.448393758000748, 30, 104201, 104201, 3.044226884841919, 29.28656578063965
637, 23.039051711559296, 1, 4.45394956599921, 30, 104231, 104231, 3.0684654712677, 28.072214126586914
638, 24.338443149230443, 1, 4.4535950089994, 30, 104261, 104261, 3.031611204147339, 29.107818603515625
639, 18.930973298847675, 1, 4.4303149430015765, 30, 104291, 104291, 3.070296287536621, 28.47569465637207
640, 8.235740542411804, 1, 4.456921176999458, 30, 104321, 104321, 3.166581153869629, 27.51456069946289
641, 10.44956260919571, 1, 4.512143097999797, 30, 104351, 104351, 3.0197017192840576, 28.6583251953125
642, 9.094944953918457, 1, 4.439254769997206, 30, 104381, 104381, 2.653095245361328, 27.30853271484375
643, 9.759197741746902, 1, 4.4230773329982185, 30, 104411, 104411, 2.7909843921661377, 29.085073471069336
644, 9.293806374073029, 1, 4.426133877997927, 30, 104441, 104441, 3.333611488342285, 28.89044189453125
645, 9.85331118106842, 1, 4.455715765001514, 30, 104471, 104471, 2.5226423740386963, 28.793256759643555
646, 9.846072405576706, 1, 4.444509938999545, 30, 104501, 104501, 2.5914950370788574, 28.51345443725586
647, 6.4692347049713135, 1, 4.429637721998006, 30, 104531, 104531, 3.3964827060699463, 28.66313934326172
648, 7.449433416128159, 1, 4.446642394999799, 30, 104561, 104561, 3.1641578674316406, 28.06402015686035
649, 6.627891898155212, 1, 4.417267744000128, 30, 104591, 104591, 3.258143424987793, 28.315547943115234
650, 7.657390087842941, 1, 4.467224992000411, 30, 104621, 104621, 2.768704414367676, 28.789813995361328
651, 5.189069181680679, 1, 4.43759401999705, 30, 104651, 104651, 3.4555068016052246, 28.470300674438477
652, 4.744973868131638, 1, 4.445744314001786, 30, 104681, 104681, 3.551219940185547, 28.539180755615234
653, 6.141433149576187, 1, 4.4190166810003575, 30, 104711, 104711, 3.470954656600952, 28.849618911743164
654, 6.57093271613121, 1, 4.426194698000472, 30, 104741, 104741, 2.8835842609405518, 28.880952835083008
655, 7.608848392963409, 1, 4.432256686002802, 30, 104771, 104771, 3.495830535888672, 27.919830322265625
656, 6.888507962226868, 1, 4.4579807900008745, 30, 104801, 104801, 3.5770444869995117, 28.971797943115234
657, 10.208570092916489, 1, 4.438315229999716, 30, 104831, 104831, 3.595141649246216, 29.296367645263672
658, 6.676478296518326, 1, 4.454078283000854, 30, 104861, 104861, 3.149390459060669, 29.052616119384766
659, 9.083841890096664, 1, 4.4464141669996025, 30, 104891, 104891, 3.1202235221862793, 28.40262794494629
660, 11.66395753622055, 1, 4.43226515599963, 30, 104921, 104921, 2.8882081508636475, 29.011381149291992
661, 8.686230182647705, 1, 4.444002569001896, 30, 104951, 104951, 3.1234450340270996, 29.147829055786133
662, 7.622932314872742, 1, 4.453430101999402, 30, 104981, 104981, 3.0591647624969482, 28.06116485595703
663, -165.57311102747917, 2, 4.439413411000714, 30, 105011, 105011, 3.0596299171447754, 29.392148971557617
664, -191.2801048213114, 2, 29.326105887001177, 219, 105230, 105230, 3.3944547176361084, 28.505353927612305
665, -149.15207961481065, 2, 7.558184148001601, 54, 105284, 105284, 3.1857805252075195, 28.351354598999023
666, -30.059740304968727, 4, 50.347068467999634, 380, 105664, 105664, 3.0413284301757812, 28.773969650268555
667, -47.68701578816399, 4, 49.747032890998526, 375, 106039, 106039, 3.159386157989502, 28.779935836791992
668, -148.29517093254253, 2, 10.334628627999336, 75, 106114, 106114, 3.2182958126068115, 28.939762115478516
669, -152.4878701355774, 2, 7.173400465999293, 51, 106165, 106165, 2.6725239753723145, 29.207347869873047
670, -62.33652545523364, 4, 50.27653259399813, 380, 106545, 106545, 3.2271296977996826, 29.025102615356445
671, -205.05912359169452, 2, 43.843763573000615, 330, 106875, 106875, 3.247645854949951, 28.866008758544922
672, -42.11472259438597, 4, 49.68770175100144, 375, 107250, 107250, 3.1581361293792725, 29.052133560180664
673, -152.2100509093143, 2, 12.144007653998415, 89, 107339, 107339, 2.9187240600585938, 28.780431747436523
674, -39.282420750008896, 4, 50.23492527900089, 379, 107718, 107718, 3.109757900238037, 29.00202178955078
675, -196.08460887288675, 2, 25.54492690799816, 191, 107909, 107909, 3.255260944366455, 28.724397659301758
676, -149.54322184663033, 2, 14.984226853001019, 110, 108019, 108019, 3.2667574882507324, 29.034786224365234
677, -157.80496812658384, 2, 33.30238890799956, 250, 108269, 108269, 3.1449387073516846, 28.891315460205078
678, -157.85640390822664, 2, 11.22379593900041, 81, 108350, 108350, 3.1829965114593506, 29.014949798583984
679, -148.05953761184355, 2, 11.592277594001644, 84, 108434, 108434, 3.0620713233947754, 29.1644229888916
680, -143.83306451933458, 2, 18.01296147099856, 133, 108567, 108567, 3.245502471923828, 29.221017837524414
681, -61.068750681355596, 4, 49.7464853959973, 375, 108942, 108942, 3.2113876342773438, 29.083892822265625
682, -151.69825635838788, 2, 26.218008733001625, 196, 109138, 109138, 3.036433219909668, 28.83358383178711
683, -166.5095804222292, 2, 34.07558911399974, 256, 109394, 109394, 3.2985124588012695, 28.805309295654297
684, -144.39613706851378, 2, 17.858912453000812, 133, 109527, 109527, 3.246103286743164, 28.8577823638916
685, -165.0784196598688, 2, 33.75377456699789, 254, 109781, 109781, 3.140186309814453, 28.995349884033203
686, -168.94124661618844, 2, 23.46114775499882, 175, 109956, 109956, 3.2035183906555176, 29.021615982055664
687, -152.13933200854808, 2, 10.984963439001149, 80, 110036, 110036, 3.102768898010254, 28.826492309570312
688, -49.926556375285145, 4, 50.276194623002084, 380, 110416, 110416, 3.05812668800354, 28.698326110839844
689, -24.204125709324217, 4, 49.74275430599664, 374, 110790, 110790, 3.0588226318359375, 28.70820426940918
690, -84.9530802363879, 4, 49.66902998799924, 375, 111165, 111165, 3.0574891567230225, 29.02663230895996
691, -151.09753065191398, 2, 5.363661641000363, 37, 111202, 111202, 3.5680441856384277, 30.032764434814453
692, -150.19082502328092, 2, 28.130236438002612, 210, 111412, 111412, 3.0396525859832764, 28.543941497802734
693, -45.04521640265011, 4, 49.50226811999892, 374, 111786, 111786, 3.007211923599243, 28.981496810913086
694, -40.067263726959936, 4, 49.69898697300232, 375, 112161, 112161, 3.0673718452453613, 28.920442581176758
695, -86.67383178428281, 4, 49.80782978999923, 376, 112537, 112537, 3.0003578662872314, 28.84909439086914
696, -51.69966238737106, 4, 49.72415285700117, 375, 112912, 112912, 3.0195980072021484, 28.845483779907227
697, -177.32484370609745, 2, 19.877590460993815, 148, 113060, 113060, 3.2582614421844482, 29.230587005615234
698, -67.25216034892946, 4, 49.5049492160033, 373, 113433, 113433, 3.2172975540161133, 29.173948287963867
699, -146.66641584225, 2, 12.179395676997956, 89, 113522, 113522, 3.0575625896453857, 28.958053588867188
700, -84.93642101969454, 4, 50.19600083499972, 379, 113901, 113901, 3.108234167098999, 29.39374351501465
701, -62.62763041211292, 4, 49.893411807999655, 377, 114278, 114278, 3.2334208488464355, 29.23870849609375
702, -20.008008204029466, 4, 49.69396115299605, 374, 114652, 114652, 2.9048004150390625, 29.17078971862793
703, -148.94422775600106, 2, 15.311980045000382, 113, 114765, 114765, 3.0738818645477295, 29.266103744506836
704, -152.49427214550087, 2, 19.34379681399878, 144, 114909, 114909, 3.3675014972686768, 29.396223068237305
705, -157.0281302477233, 2, 11.914859948999947, 87, 114996, 114996, 3.0900394916534424, 29.33585548400879
706, -95.31723388028331, 4, 50.01610114399955, 377, 115373, 115373, 3.029339075088501, 29.01658821105957
707, -153.4975753009785, 2, 8.801157221998437, 63, 115436, 115436, 3.1432929039001465, 29.517606735229492
708, -60.49859248823486, 4, 49.488966103002895, 373, 115809, 115809, 3.119447708129883, 29.273372650146484
709, -155.71182036033133, 2, 15.915829545003362, 117, 115926, 115926, 2.9532368183135986, 29.30501937866211
710, -72.69783053047286, 4, 50.527261273004115, 381, 116307, 116307, 3.083158493041992, 29.159189224243164
711, -195.8778603343526, 2, 29.254486926001846, 219, 116526, 116526, 3.1759543418884277, 29.34227180480957
712, -152.33436546329176, 2, 6.5500750669962144, 46, 116572, 116572, 2.8420941829681396, 29.41914176940918
713, -46.288669898116495, 4, 50.14238042299985, 378, 116950, 116950, 3.0986690521240234, 29.546892166137695
714, -146.22995281545445, 2, 8.885860755006433, 64, 117014, 117014, 2.6971616744995117, 29.088008880615234
715, -148.6566285986919, 2, 10.185646358004306, 74, 117088, 117088, 3.3824985027313232, 29.3088436126709
716, -152.05488509847783, 2, 4.7026213010030915, 32, 117120, 117120, 3.0790369510650635, 29.272974014282227
717, -154.94234397576656, 2, 6.148927223999635, 43, 117163, 117163, 2.821866035461426, 29.61449432373047
718, -82.53916481672786, 4, 50.19070528899465, 378, 117541, 117541, 3.0002431869506836, 29.6125545501709
719, -155.12543123343494, 2, 10.323979274005978, 75, 117616, 117616, 3.24141001701355, 29.701642990112305
720, -184.70583419931063, 2, 44.62506503500481, 336, 117952, 117952, 3.099560022354126, 29.64139175415039
721, -161.94097982428502, 2, 17.225421292001556, 127, 118079, 118079, 3.0653984546661377, 29.162391662597656
722, -146.53672476182692, 2, 9.445099712997035, 68, 118147, 118147, 3.2750205993652344, 29.06972312927246
723, -92.28420441132039, 4, 49.69514295300178, 374, 118521, 118521, 3.098526954650879, 29.90920066833496
724, -148.5478171793511, 2, 19.664609110004676, 146, 118667, 118667, 3.0836493968963623, 30.234148025512695
725, -61.366778886294924, 4, 49.7663675540025, 375, 119042, 119042, 3.0185465812683105, 29.785429000854492
726, -148.8141964811948, 2, 10.528501262000646, 76, 119118, 119118, 3.1715993881225586, 29.459796905517578
727, -164.72422679455485, 2, 21.732921424998494, 162, 119280, 119280, 3.036104202270508, 29.71539306640625
728, -88.25307180266827, 4, 49.65268269200169, 374, 119654, 119654, 3.0511491298675537, 29.6297550201416
729, -150.73052950622514, 2, 5.804426987000625, 40, 119694, 119694, 2.6680409908294678, 29.440044403076172
730, -39.87685719494766, 4, 49.60727465600212, 373, 120067, 120067, 3.105801820755005, 29.92519187927246
731, -157.87058517266996, 2, 11.144187130994396, 81, 120148, 120148, 2.8164665699005127, 29.77566146850586
732, -152.25144000386354, 2, 9.996452785002475, 72, 120220, 120220, 2.7924630641937256, 29.941877365112305
733, -72.32433005352505, 4, 49.840034654997, 375, 120595, 120595, 2.882817268371582, 29.998310089111328
734, -51.079149802797474, 4, 49.828109620997566, 375, 120970, 120970, 2.8553545475006104, 30.093990325927734
735, -170.52017855644226, 2, 4.4782045950050815, 30, 121000, 121000, 2.912862539291382, 30.40105438232422
736, -155.60413601098116, 2, 17.585031018003065, 130, 121130, 121130, 2.8818137645721436, 29.96651840209961
737, -65.75888404482976, 4, 49.83686125000531, 375, 121505, 121505, 3.210444688796997, 29.99481773376465
738, -70.94707616278902, 4, 49.76335825500428, 375, 121880, 121880, 3.1128952503204346, 29.992921829223633
739, -145.20810556784272, 2, 20.44083232399862, 152, 122032, 122032, 3.1734766960144043, 30.205158233642578
740, -194.44791914866073, 2, 39.026640483003575, 293, 122325, 122325, 3.0395944118499756, 30.149606704711914
741, -91.27739897486754, 4, 49.79974196099647, 374, 122699, 122699, 3.078509569168091, 30.142982482910156
742, -71.53374207043089, 4, 49.76182439599506, 374, 123073, 123073, 3.009122848510742, 29.96201515197754
743, -147.6909566729155, 2, 9.922118490001594, 71, 123144, 123144, 2.931452512741089, 30.05738639831543
744, -174.63798182550818, 2, 16.302533893001964, 120, 123264, 123264, 3.0091001987457275, 30.72447395324707
745, -17.753043377015274, 4, 49.730083032998664, 374, 123638, 123638, 2.9205799102783203, 30.03941535949707
746, -71.88195304875262, 4, 49.853553911001654, 375, 124013, 124013, 2.9206130504608154, 29.89064598083496
747, -153.48863124614581, 2, 7.107243375998223, 50, 124063, 124063, 3.0632691383361816, 29.93758773803711
748, -153.429537794118, 2, 11.151278329998604, 81, 124144, 124144, 3.178709030151367, 29.935619354248047
749, -56.73178326210473, 4, 49.64385367400246, 374, 124518, 124518, 2.9745516777038574, 29.815168380737305
750, -147.07322107814252, 2, 7.669935018995602, 54, 124572, 124572, 2.976353406906128, 30.54416847229004
751, -149.47565138261416, 2, 5.099560857997858, 35, 124607, 124607, 2.8755624294281006, 29.90151023864746
752, -156.63945100735873, 2, 6.680956420001166, 47, 124654, 124654, 3.0223593711853027, 30.21581268310547
753, -167.02503260970116, 2, 4.4670654500005185, 30, 124684, 124684, 3.017540693283081, 29.675874710083008
754, -155.26744995216723, 2, 13.607280263997382, 99, 124783, 124783, 3.0907130241394043, 29.5269832611084
755, -151.0945880431682, 2, 4.621647715997824, 31, 124814, 124814, 2.5042779445648193, 30.911273956298828
756, -61.614314348087646, 4, 50.1041800210005, 377, 125191, 125191, 2.9566614627838135, 29.96722412109375
757, -53.392043460984496, 4, 49.82709606699791, 375, 125566, 125566, 2.993232488632202, 29.759323120117188
758, -185.95671954291174, 2, 37.713447238995286, 282, 125848, 125848, 3.0103530883789062, 29.67806625366211
759, -90.42347504012287, 4, 49.83455301300273, 375, 126223, 126223, 2.862027645111084, 30.178932189941406
760, -224.3409566283226, 2, 43.60302648799552, 328, 126551, 126551, 3.0105338096618652, 30.02399444580078
761, -84.72392137196948, 4, 50.03235975900316, 376, 126927, 126927, 2.966996431350708, 30.072237014770508
762, -40.582101880339906, 4, 49.74522488499497, 374, 127301, 127301, 2.9843344688415527, 30.259437561035156
763, -151.84636977227638, 2, 6.5367459550034255, 46, 127347, 127347, 3.1824893951416016, 29.938762664794922
764, -175.79678888525814, 2, 44.9910534360024, 338, 127685, 127685, 3.078367233276367, 30.079505920410156
765, -50.49066302741994, 4, 49.673075081002025, 373, 128058, 128058, 2.929579496383667, 30.410470962524414
766, -38.24261762658716, 4, 49.77421967600094, 373, 128431, 128431, 3.0566141605377197, 30.398723602294922
767, -55.40412594634108, 4, 49.839998584997375, 376, 128807, 128807, 2.913252592086792, 29.878080368041992
768, -51.921296654531034, 4, 49.7686906989984, 373, 129180, 129180, 3.0040283203125, 30.004756927490234
769, -67.83386348758359, 4, 49.911490397003945, 376, 129556, 129556, 2.9403235912323, 30.29836654663086
770, -151.69609012943693, 2, 18.869959527997707, 139, 129695, 129695, 2.892498254776001, 30.294044494628906
771, -155.05128612171393, 2, 14.185135393003293, 104, 129799, 129799, 3.0114338397979736, 29.88802146911621
772, -166.36340921267401, 2, 32.705912773999444, 244, 130043, 130043, 2.73136305809021, 30.13920021057129
773, -60.32421500666533, 4, 50.02531087600073, 376, 130419, 130419, 2.952690839767456, 29.894651412963867
774, -189.418385469442, 2, 41.38614939800027, 311, 130730, 130730, 2.9058988094329834, 30.050975799560547
775, -148.49379698862322, 2, 21.6997305900004, 161, 130891, 130891, 2.915886163711548, 29.884822845458984
776, -151.31424469221383, 2, 15.190636427003483, 112, 131003, 131003, 3.0269477367401123, 29.898578643798828
777, -36.701856321509695, 4, 49.58415875799983, 373, 131376, 131376, 2.879270553588867, 29.90623664855957
778, -63.80682551860809, 4, 49.79496140200354, 374, 131750, 131750, 2.7543528079986572, 30.047414779663086
779, -200.91650160064455, 2, 36.90429413699894, 276, 132026, 132026, 3.0103845596313477, 30.2804012298584
780, -167.95696962240618, 2, 36.181382192000456, 271, 132297, 132297, 2.9193830490112305, 29.844026565551758
781, -55.963168207599665, 4, 50.264022012997884, 379, 132676, 132676, 2.660522222518921, 29.98887062072754
782, -154.0499086441705, 2, 4.856585008004913, 33, 132709, 132709, 2.8131911754608154, 29.516033172607422
783, -43.16187137318775, 4, 50.56481955000345, 380, 133089, 133089, 2.946438789367676, 30.071725845336914
784, -146.39815184299368, 2, 8.545983652998984, 61, 133150, 133150, 3.0513577461242676, 30.40778160095215
785, -152.59051881314372, 2, 5.524708577002457, 38, 133188, 133188, 3.237151861190796, 30.756244659423828
786, -151.94982201047242, 2, 9.602492370002437, 69, 133257, 133257, 2.6773128509521484, 29.318124771118164
787, -172.65491076829312, 2, 34.34309297800064, 257, 133514, 133514, 2.8158257007598877, 29.748422622680664
788, -175.26311740046367, 2, 22.924458012996183, 170, 133684, 133684, 2.9040277004241943, 29.69350814819336
789, -159.7520366758108, 2, 9.465095236002526, 68, 133752, 133752, 2.558950662612915, 29.985475540161133
790, -175.23989378474653, 2, 18.685083800999564, 138, 133890, 133890, 2.822298765182495, 29.45281982421875
791, -188.13772428734228, 2, 49.08245165399421, 370, 134260, 134260, 2.9289543628692627, 30.12158966064453
792, -152.10123797790584, 2, 12.742245233996073, 93, 134353, 134353, 2.6611745357513428, 30.404422760009766
793, -150.6764170139213, 2, 6.1953884690010455, 43, 134396, 134396, 2.4654176235198975, 29.99254608154297
794, -42.767004261520924, 4, 50.193019283004105, 378, 134774, 134774, 2.7946112155914307, 30.09247398376465
795, -154.61906232405454, 2, 8.197334762000537, 58, 134832, 134832, 3.0337107181549072, 30.69989013671875
796, -171.4295857124962, 2, 25.80235902000277, 191, 135023, 135023, 2.9001107215881348, 30.198394775390625
797, -151.2510912979924, 2, 30.712925596002606, 229, 135252, 135252, 2.947930335998535, 30.259641647338867
798, -185.15000379434787, 2, 24.124265575999743, 179, 135431, 135431, 2.851128339767456, 29.821104049682617
799, -86.64595887763426, 4, 49.6751344469958, 373, 135804, 135804, 2.8172731399536133, 29.9664249420166
800, -181.9176890600247, 2, 22.010075576996314, 163, 135967, 135967, 2.4826481342315674, 29.421953201293945
801, -149.8442921374226, 2, 15.53944091899757, 114, 136081, 136081, 2.820049285888672, 29.97248077392578
802, -79.9293152904138, 4, 50.49989223400189, 379, 136460, 136460, 2.969599723815918, 30.129209518432617
803, -52.14699289621785, 4, 49.85476311000093, 374, 136834, 136834, 2.8330390453338623, 30.04033088684082
804, -79.08018353319494, 4, 49.795068858999, 373, 137207, 137207, 2.847180128097534, 30.136859893798828
805, -154.3690089394804, 2, 15.806584186997497, 116, 137323, 137323, 2.8791863918304443, 29.717100143432617
806, -59.53626541428093, 4, 49.71982994300197, 373, 137696, 137696, 2.8530938625335693, 29.816905975341797
807, -34.31488237992744, 4, 49.90743146999739, 374, 138070, 138070, 2.964423894882202, 29.987735748291016
808, -35.82002454029862, 4, 49.84560578799574, 374, 138444, 138444, 2.652116060256958, 29.95656394958496
809, -37.78410980978515, 4, 49.857347833996755, 375, 138819, 138819, 2.816716432571411, 29.967124938964844
810, -146.08006400009617, 2, 13.552110434000497, 99, 138918, 138918, 2.774183988571167, 29.900653839111328
811, -166.63659569015726, 2, 18.88824802799354, 139, 139057, 139057, 2.940192222595215, 30.12900161743164
812, -56.74870522180572, 4, 49.68417297200358, 374, 139431, 139431, 2.773970603942871, 29.805479049682617
813, -165.01456378030707, 2, 24.010004612995544, 178, 139609, 139609, 2.7835745811462402, 29.849477767944336
814, -153.66726877973997, 2, 24.50727074599854, 182, 139791, 139791, 2.6267595291137695, 29.849700927734375
815, -157.92850181291578, 2, 16.250918923004065, 119, 139910, 139910, 2.8036983013153076, 29.735687255859375
816, -212.5238483697176, 2, 48.72223686899815, 365, 140275, 140275, 2.8137497901916504, 29.996118545532227
817, -151.57355991983786, 2, 6.080696453995188, 42, 140317, 140317, 2.760612964630127, 30.155261993408203
818, -35.313711814204, 4, 49.75714863699977, 374, 140691, 140691, 2.773874282836914, 29.97873306274414
819, -40.59718905389309, 4, 49.82017466999969, 374, 141065, 141065, 2.7014646530151367, 29.817567825317383
820, -38.44750607723836, 4, 49.87451407100161, 373, 141438, 141438, 2.84387469291687, 29.891328811645508
821, -39.35252778919312, 4, 49.93279303699819, 375, 141813, 141813, 2.9322738647460938, 29.746614456176758
822, -178.89954908553045, 2, 41.34624101299414, 309, 142122, 142122, 2.9068119525909424, 29.996219635009766
823, -156.53281683381647, 2, 25.34440143300162, 188, 142310, 142310, 2.8022444248199463, 30.488311767578125
824, -40.0920193286147, 4, 49.65816192700004, 372, 142682, 142682, 2.750507116317749, 29.304500579833984
825, -150.46974915731698, 2, 10.283052557999326, 74, 142756, 142756, 2.48923397064209, 29.364439010620117
826, -48.16592385750846, 4, 50.25111328600178, 377, 143133, 143133, 2.758525848388672, 29.84385871887207
827, -153.91930651199073, 2, 16.384570283997164, 120, 143253, 143253, 2.7891414165496826, 30.046741485595703
828, -154.81553270522272, 2, 26.183367778998218, 195, 143448, 143448, 2.727268695831299, 29.812387466430664
829, -153.23987957462668, 2, 6.078415128002234, 42, 143490, 143490, 2.9624717235565186, 30.33274269104004
830, -112.97466347704176, 4, 50.05540130800364, 375, 143865, 143865, 2.863656997680664, 30.070253372192383
831, -171.46540899510728, 2, 26.014505794002616, 193, 144058, 144058, 2.7686312198638916, 29.866140365600586
832, -67.68623265996575, 4, 49.6673931309997, 372, 144430, 144430, 2.7742502689361572, 29.99554443359375
833, -90.61958668543957, 4, 49.95172961199569, 374, 144804, 144804, 2.8533403873443604, 29.983400344848633
834, -270.37091386015527, 2, 40.91355879999901, 305, 145109, 145109, 2.81510329246521, 30.062183380126953
835, -150.70083014118427, 2, 7.172114828004851, 50, 145159, 145159, 2.6813247203826904, 30.656591415405273
836, -153.048503363505, 2, 5.0061571069963975, 34, 145193, 145193, 2.802715539932251, 30.135055541992188
837, -204.64005685326993, 2, 35.99783119299536, 269, 145462, 145462, 2.7802324295043945, 30.397802352905273
838, -155.2249333341606, 2, 9.491845573997125, 68, 145530, 145530, 2.614354372024536, 29.56730842590332
839, -151.024190077791, 2, 19.637293211002543, 145, 145675, 145675, 2.9097611904144287, 30.14922523498535
840, -38.69352339243051, 4, 49.64994178000052, 373, 146048, 146048, 2.668887138366699, 30.114627838134766
841, -147.43405778054148, 2, 15.966403443002491, 117, 146165, 146165, 2.700784206390381, 30.302759170532227
842, -36.774093078493024, 4, 50.552368144002685, 379, 146544, 146544, 2.779531240463257, 30.112581253051758
843, -79.65715569606982, 4, 49.9319045480006, 374, 146918, 146918, 2.85787034034729, 29.958133697509766
844, -163.89468356611906, 2, 25.284850092997658, 188, 147106, 147106, 2.882607936859131, 30.327098846435547
845, -74.87551852629986, 4, 50.35282996100432, 378, 147484, 147484, 2.7879741191864014, 30.108993530273438
846, -157.41029807843734, 2, 16.711590745995636, 123, 147607, 147607, 2.7314326763153076, 30.141021728515625
847, -48.62184627528768, 4, 49.80992606599466, 374, 147981, 147981, 2.6440696716308594, 30.45913314819336
848, -33.89229576525395, 4, 49.96751849699649, 373, 148354, 148354, 2.7386693954467773, 29.926973342895508
849, -48.86992075899616, 4, 49.87902532300359, 374, 148728, 148728, 2.699108839035034, 30.10725975036621
850, -39.09759725269396, 4, 49.77226272199914, 373, 149101, 149101, 2.585416078567505, 30.17682647705078
851, -159.89289945410565, 2, 22.275320884000394, 165, 149266, 149266, 2.7769405841827393, 30.02426528930664
852, -153.4167538571637, 2, 13.945523303002119, 102, 149368, 149368, 2.714860439300537, 30.369009017944336
853, -150.84265403822064, 2, 7.351148350004223, 52, 149420, 149420, 3.049501657485962, 29.52806282043457
854, -154.23463122174144, 2, 5.402202001998376, 37, 149457, 149457, 2.808250904083252, 30.681076049804688
855, -155.96579121612012, 2, 6.851719243000844, 48, 149505, 149505, 2.7930333614349365, 29.87397003173828
856, -153.53846566466382, 2, 16.47146678900026, 121, 149626, 149626, 2.6541903018951416, 30.899438858032227
857, -159.5976074114442, 2, 8.042684191001172, 57, 149683, 149683, 2.5149173736572266, 30.11043930053711
858, -153.27542483527213, 2, 6.3489593289996265, 44, 149727, 149727, 2.806636095046997, 29.927324295043945
859, -49.44005773446406, 4, 50.44648908900126, 379, 150106, 150106, 2.7760815620422363, 30.17513656616211
860, -149.35250928695314, 2, 6.34158180400118, 44, 150150, 150150, 2.699960947036743, 30.492597579956055
861, -154.34139963495545, 2, 4.484474470002169, 30, 150180, 150180, 2.5378456115722656, 30.591312408447266
862, -19.96116888927645, 4, 50.162274046000675, 376, 150556, 150556, 2.570632219314575, 30.19919204711914
863, -160.35478874163528, 2, 20.4862407279943, 151, 150707, 150707, 2.769777536392212, 30.239606857299805
864, -222.50785410765093, 2, 44.632178142004705, 333, 151040, 151040, 2.6355514526367188, 30.249114990234375
865, -36.44109134259634, 4, 50.26850701300282, 377, 151417, 151417, 2.574760675430298, 30.047258377075195
866, -155.53347806143574, 2, 20.127237761000288, 148, 151565, 151565, 2.8401994705200195, 30.531131744384766
867, -156.5223212391138, 2, 12.927437402999203, 94, 151659, 151659, 2.8022444248199463, 30.458337783813477
868, -161.23810130282072, 2, 26.36770284600061, 196, 151855, 151855, 2.644132375717163, 30.15608787536621
869, -154.7430356249679, 2, 15.28305546300544, 112, 151967, 151967, 3.015874147415161, 30.494869232177734
870, -156.49640794284642, 2, 8.558708363998448, 61, 152028, 152028, 2.7025022506713867, 30.1092586517334
871, -165.4971040186938, 2, 27.313359659005073, 203, 152231, 152231, 2.820115804672241, 30.171993255615234
872, -162.41115092251857, 2, 34.72854757599998, 259, 152490, 152490, 2.6305088996887207, 30.160741806030273
873, -147.54506003460847, 2, 9.336820889999217, 67, 152557, 152557, 2.885668992996216, 30.485151290893555
874, -50.911270682452596, 4, 49.87326426800428, 374, 152931, 152931, 2.657341480255127, 30.030195236206055
875, -150.6154498725664, 2, 5.947153364999394, 41, 152972, 152972, 2.7240755558013916, 30.044300079345703
876, -49.710531471762806, 4, 50.537117379994015, 379, 153351, 153351, 2.635694742202759, 30.491403579711914
877, -45.86164072397514, 4, 49.874208114000794, 374, 153725, 153725, 2.711552619934082, 30.09132194519043
878, -53.862763579469174, 4, 50.080825969002035, 374, 154099, 154099, 2.7156004905700684, 30.34650421142578
879, -67.82899886695668, 4, 49.88282981499651, 373, 154472, 154472, 2.6254096031188965, 30.243459701538086
880, -76.2755854157731, 4, 49.9661927240013, 374, 154846, 154846, 2.829137086868286, 30.09735870361328
881, -41.04902350486827, 4, 49.82449226600147, 373, 155219, 155219, 2.8483054637908936, 30.185400009155273
882, -71.46369714741013, 4, 49.943783737995545, 374, 155593, 155593, 2.906219959259033, 30.12592887878418
883, -38.41106803144794, 4, 49.88701365799352, 373, 155966, 155966, 2.61808443069458, 30.12380027770996
884, -50.82538301614113, 4, 49.959036002001085, 374, 156340, 156340, 2.651071786880493, 30.159103393554688
885, -66.49611354898661, 4, 49.911814049002714, 373, 156713, 156713, 2.696038246154785, 30.132497787475586
886, -157.49560823125648, 2, 5.559994003000611, 38, 156751, 156751, 2.5075719356536865, 30.205286026000977
887, -155.02568819501903, 2, 12.089892295000027, 87, 156838, 156838, 2.9822916984558105, 30.762279510498047
888, -154.34346061339602, 2, 5.906172353999864, 41, 156879, 156879, 2.8092410564422607, 30.829212188720703
889, -56.79455662876717, 4, 50.19946716899722, 376, 157255, 157255, 2.718634843826294, 30.17609977722168
890, -156.96613934039488, 2, 35.42181301500386, 264, 157519, 157519, 2.803239583969116, 30.199256896972656
891, -150.04136827774346, 2, 11.204928259998269, 81, 157600, 157600, 2.811274528503418, 30.539966583251953
892, -210.51847610757977, 2, 36.074055116005184, 269, 157869, 157869, 2.6961662769317627, 30.43885040283203
893, -54.20786119776312, 4, 50.61420719200396, 379, 158248, 158248, 2.6844475269317627, 29.994230270385742
894, -148.34349551511696, 2, 9.901918266994471, 71, 158319, 158319, 2.7881019115448, 30.252573013305664
895, -41.74764329998288, 4, 50.617050455002754, 378, 158697, 158697, 2.578209638595581, 30.371240615844727
896, -154.7310359738185, 2, 31.913080780999735, 237, 158934, 158934, 2.8671605587005615, 30.104326248168945
897, -149.81182529730722, 2, 7.922822794003878, 56, 158990, 158990, 2.523268222808838, 30.22212028503418
898, -41.652880143607035, 4, 50.555784903997846, 378, 159368, 159368, 2.6863887310028076, 30.156991958618164
899, -43.96061344211739, 4, 49.814985674995114, 373, 159741, 159741, 2.777937412261963, 30.11898422241211
900, -39.74918139615329, 4, 49.9748560750013, 374, 160115, 160115, 2.7098944187164307, 30.41584587097168
901, -51.88795813682373, 4, 50.00342319699848, 374, 160489, 160489, 2.655947685241699, 30.371662139892578
902, -186.28678874584148, 2, 49.32781043200521, 368, 160857, 160857, 2.6543972492218018, 30.174419403076172
903, -195.7274716924876, 2, 49.390917514996545, 369, 161226, 161226, 2.6330342292785645, 30.23983383178711
904, -35.746529448602814, 4, 50.145786658998986, 375, 161601, 161601, 2.641798496246338, 30.268022537231445
905, -40.86288742732722, 4, 49.957245655001316, 374, 161975, 161975, 2.7194342613220215, 30.219165802001953
906, -82.25712516857311, 4, 49.86343047700211, 372, 162347, 162347, 2.719424247741699, 30.509973526000977
907, -71.55901418070425, 4, 50.09235856200394, 371, 162718, 162718, 2.819671630859375, 30.389421463012695
908, -145.43255389062688, 2, 16.69931144200382, 122, 162840, 162840, 2.7301292419433594, 30.383235931396484
909, -148.2642104186816, 2, 8.859191486000782, 63, 162903, 162903, 2.9517619609832764, 30.69668197631836
910, -68.73080230411142, 4, 49.931733484998404, 372, 163275, 163275, 2.656320333480835, 30.597333908081055
911, -151.56364269161713, 2, 23.84299346599437, 177, 163452, 163452, 2.7322916984558105, 31.033931732177734
912, -175.3436166442698, 2, 9.202305319995503, 65, 163517, 163517, 2.36244797706604, 30.373085021972656
913, -172.81135176680982, 2, 8.692143822998332, 62, 163579, 163579, 2.7291839122772217, 30.82216453552246
914, -40.017143134900834, 4, 50.477159066998865, 375, 163954, 163954, 2.7030041217803955, 30.720361709594727
915, -187.49807702191174, 2, 33.460834744997555, 247, 164201, 164201, 2.6525752544403076, 30.357799530029297
916, -55.24694637465291, 4, 50.45464759800234, 376, 164577, 164577, 2.590210199356079, 30.708755493164062
917, -19.161308217648184, 4, 49.944711356998596, 374, 164951, 164951, 2.7020249366760254, 30.41786766052246
918, -60.74161284242291, 4, 49.947406282000884, 373, 165324, 165324, 2.720952272415161, 30.44859504699707
919, -155.5421122792177, 2, 5.136801546999777, 35, 165359, 165359, 2.7381715774536133, 30.637826919555664
920, -66.38636880926788, 4, 50.521147323997866, 378, 165737, 165737, 2.8579766750335693, 30.926851272583008
921, -162.53690112163895, 2, 9.440730168003938, 67, 165804, 165804, 2.820279359817505, 30.923511505126953
922, -145.4785159113817, 2, 8.715791185000853, 62, 165866, 165866, 2.941869020462036, 30.472183227539062
923, -151.9641063134186, 2, 18.16875962499762, 133, 165999, 165999, 2.6493091583251953, 30.797719955444336
924, -156.58705709967762, 2, 6.596841406004387, 46, 166045, 166045, 2.494877815246582, 29.90384292602539
925, -205.35783855163027, 2, 28.747174688003724, 213, 166258, 166258, 2.907466411590576, 30.51092529296875
926, -290.8261581500992, 2, 42.34325603600155, 316, 166574, 166574, 2.6230595111846924, 30.850561141967773
927, -154.38277202716563, 2, 11.568373946996871, 84, 166658, 166658, 2.5004053115844727, 30.68793296813965
928, -53.30593913071789, 4, 50.44153518299572, 377, 167035, 167035, 2.75495982170105, 30.833364486694336
929, -56.84074718737975, 4, 50.02857355299784, 374, 167409, 167409, 2.725111961364746, 30.688526153564453
930, -47.83964386174921, 4, 49.98193598200305, 373, 167782, 167782, 2.599330425262451, 30.773296356201172
931, -148.73409394267946, 2, 9.363342602999182, 67, 167849, 167849, 2.5345027446746826, 30.63187599182129
932, -57.88815094938036, 4, 50.30968367700552, 376, 168225, 168225, 2.5806331634521484, 30.878488540649414
933, -45.87835238862317, 4, 50.03085569499672, 374, 168599, 168599, 2.473036527633667, 30.606042861938477
934, -153.34472449874738, 2, 5.029096756996296, 34, 168633, 168633, 2.538351535797119, 30.458654403686523
935, -57.8136220593442, 4, 50.48741343399888, 378, 169011, 169011, 2.7908935546875, 30.723312377929688
936, -157.53069149208022, 2, 35.130811695999, 262, 169273, 169273, 2.719282865524292, 30.733510971069336
937, -170.83103301956726, 2, 44.805848609998066, 334, 169607, 169607, 2.587451696395874, 30.822994232177734
938, -47.08940107736271, 4, 49.902534909997485, 372, 169979, 169979, 2.6859729290008545, 30.750104904174805
939, -189.79586029125494, 2, 36.13769037499878, 269, 170248, 170248, 2.733734130859375, 30.63225746154785
940, -52.499780766200274, 4, 50.70735368600435, 379, 170627, 170627, 2.6709117889404297, 30.715587615966797
941, -199.81326362118125, 2, 27.7475982390024, 205, 170832, 170832, 2.664902687072754, 30.50220489501953
942, -72.71811605547555, 4, 50.11972202600009, 375, 171207, 171207, 2.7514731884002686, 30.65888786315918
943, -154.83774205757072, 2, 5.137253206004971, 35, 171242, 171242, 2.483539581298828, 30.641504287719727
944, -41.27226098427491, 4, 50.42619280699728, 377, 171619, 171619, 2.558133363723755, 30.850008010864258
945, -53.76668631285429, 4, 50.08361712500482, 374, 171993, 171993, 2.598506450653076, 30.885984420776367
946, -31.268684573864448, 4, 50.14825343199482, 375, 172368, 172368, 2.5909006595611572, 30.753698348999023
947, -156.01915684342384, 2, 14.310485888003313, 104, 172472, 172472, 2.4780795574188232, 30.519813537597656
948, -55.137488377513364, 4, 50.52168321699719, 378, 172850, 172850, 2.5669188499450684, 30.64892578125
949, -167.50212561810622, 2, 21.916970380996645, 161, 173011, 173011, 2.647779703140259, 30.71274185180664
950, -153.6454027411528, 2, 14.319357814005343, 104, 173115, 173115, 2.633725166320801, 30.786527633666992
951, -152.57029085233808, 2, 4.753185560002748, 32, 173147, 173147, 3.19661283493042, 31.325227737426758
952, -149.7484272531583, 2, 12.367008451998117, 89, 173236, 173236, 2.5719313621520996, 31.04427719116211
953, -155.19794922642177, 2, 15.661127942003077, 114, 173350, 173350, 2.5632965564727783, 30.559518814086914
954, -183.8564202953712, 2, 42.984497507000924, 322, 173672, 173672, 2.632776975631714, 30.61948585510254
955, -155.9541519187187, 2, 17.783085270995798, 130, 173802, 173802, 2.553943634033203, 30.69405746459961
956, -156.32201611361234, 2, 5.082801053998992, 34, 173836, 173836, 2.439720869064331, 30.19524383544922
957, -178.31026540175662, 2, 27.555159358998935, 202, 174038, 174038, 2.513134717941284, 30.748489379882812
958, -160.74329047603533, 2, 6.847078558006615, 48, 174086, 174086, 2.561481475830078, 30.393165588378906
959, -60.68403997836867, 4, 50.069123806999414, 375, 174461, 174461, 2.6859934329986572, 30.476457595825195
960, -153.28004919941304, 2, 16.234599071998673, 118, 174579, 174579, 2.6473135948181152, 30.7431583404541
961, -155.82454090216197, 2, 10.180448711995268, 73, 174652, 174652, 2.604539155960083, 31.026865005493164
962, -157.8540436308831, 2, 5.409350939000433, 37, 174689, 174689, 2.6180901527404785, 31.259016036987305
963, -46.88723646767903, 4, 50.27288421599951, 374, 175063, 175063, 2.538212776184082, 30.612571716308594
964, -159.72258967068046, 2, 12.43144967599801, 90, 175153, 175153, 2.5250165462493896, 30.848567962646484
965, -168.97787491092458, 2, 13.367340960001457, 97, 175250, 175250, 2.5104124546051025, 30.50689125061035
966, -64.49373295810074, 4, 50.56465255600051, 376, 175626, 175626, 2.6208951473236084, 30.572280883789062
967, -165.23004050704185, 2, 23.406225067999912, 173, 175799, 175799, 2.609300374984741, 30.58420753479004
968, -45.68867529020645, 4, 50.44743847400241, 376, 176175, 176175, 2.5133652687072754, 30.60715103149414
969, -171.0911396780284, 2, 19.929982346999168, 146, 176321, 176321, 2.538489580154419, 30.709938049316406
970, -57.618989547598176, 4, 50.78808719399967, 378, 176699, 176699, 2.5545427799224854, 30.47429084777832
971, -166.61359558603726, 2, 10.547134635002294, 76, 176775, 176775, 2.460953950881958, 30.450321197509766
972, -63.15999061905313, 4, 50.407511459998204, 377, 177152, 177152, 2.6312899589538574, 30.824565887451172
973, -43.898369465605356, 4, 50.14893507100351, 375, 177527, 177527, 2.5288755893707275, 30.720508575439453
974, -45.09637070936151, 4, 50.0581019559977, 373, 177900, 177900, 2.53824520111084, 30.574522018432617
975, -21.244599628436845, 4, 50.060474023004645, 374, 178274, 178274, 2.5602400302886963, 30.515504837036133
976, -87.28108772658743, 4, 50.05538602099841, 374, 178648, 178648, 2.5264875888824463, 30.586166381835938
977, -58.43883970018942, 4, 49.9908597629983, 373, 179021, 179021, 2.507617712020874, 30.5738468170166
978, -84.42135944031179, 4, 50.04507925699727, 373, 179394, 179394, 2.4711735248565674, 30.819456100463867
979, -63.047323809951195, 4, 50.080851723003434, 373, 179767, 179767, 2.4866251945495605, 30.654254913330078
980, -173.52387681417167, 2, 42.524292788999446, 316, 180083, 180083, 2.6032145023345947, 30.876554489135742
981, -190.3014093838865, 2, 45.74867608000204, 341, 180424, 180424, 2.6792688369750977, 30.64688491821289
982, -157.57714878045954, 2, 5.721506035006314, 39, 180463, 180463, 2.394035577774048, 30.546546936035156
983, -94.17418253282085, 4, 50.72262232600042, 378, 180841, 180841, 2.4556353092193604, 30.532081604003906
984, -147.6709296705376, 2, 9.44152718300029, 67, 180908, 180908, 2.6524651050567627, 30.227380752563477
985, -37.45118374133017, 4, 50.243766731000505, 375, 181283, 181283, 2.5409510135650635, 30.520023345947266
986, -153.22109487990383, 2, 26.729375791001075, 198, 181481, 181481, 2.541553258895874, 30.639890670776367
987, -172.97869487700518, 2, 19.88492546699854, 146, 181627, 181627, 2.556614398956299, 30.605913162231445
988, -51.496685188605625, 4, 50.264454315001785, 375, 182002, 182002, 2.6123111248016357, 30.72812271118164
989, -150.135241786018, 2, 12.854369048996887, 93, 182095, 182095, 2.46120285987854, 30.36767578125
990, -156.0189315043972, 2, 8.32936421600607, 59, 182154, 182154, 2.5371015071868896, 30.5616397857666
991, -152.1600583938416, 2, 8.46018803500192, 60, 182214, 182214, 2.569835662841797, 30.263757705688477
992, -53.00086713413111, 4, 50.47004864500195, 375, 182589, 182589, 2.5995891094207764, 30.760374069213867
993, -55.003439423046075, 4, 50.08776543200656, 373, 182962, 182962, 2.440992832183838, 30.510051727294922
994, -120.73890648735687, 4, 50.07860251899547, 374, 183336, 183336, 2.7237772941589355, 30.683643341064453
995, -169.61174741305877, 2, 18.048442350002006, 132, 183468, 183468, 2.633542776107788, 30.771404266357422
996, -50.15789492649492, 4, 50.75775267699646, 379, 183847, 183847, 2.574981927871704, 30.584070205688477
997, -210.84984433092177, 2, 48.25417853899853, 359, 184206, 184206, 2.697723388671875, 30.997312545776367
998, -56.98633956146659, 4, 50.061967312998604, 373, 184579, 184579, 2.564789295196533, 30.961076736450195
999, -35.41005458892323, 4, 50.0903783879985, 374, 184953, 184953, 2.519585371017456, 30.684303283691406
1000, -157.9228952198755, 2, 15.51858423199883, 113, 185066, 185066, 2.699307680130005, 30.71832847595215
1001, -154.22319909068756, 2, 11.7815081239969, 85, 185151, 185151, 2.7410967350006104, 31.021148681640625
1002, -85.15365432400722, 4, 50.13679715499893, 374, 185525, 185525, 2.640183210372925, 30.570728302001953
1003, -44.79953986412147, 4, 50.124914423999144, 374, 185899, 185899, 2.540508508682251, 30.59272575378418
1004, -52.53212496524793, 4, 50.16342049800005, 374, 186273, 186273, 2.5241892337799072, 30.2791748046875
1005, -58.04029203785467, 4, 50.26704669200262, 374, 186647, 186647, 2.461526393890381, 30.498519897460938
1006, -35.90049165948585, 4, 50.047316427000624, 373, 187020, 187020, 2.5955660343170166, 30.4091854095459
1007, -43.58896757445473, 4, 50.16430368099827, 373, 187393, 187393, 2.51511549949646, 30.547666549682617
1008, -75.1831852986652, 4, 50.03476691299875, 372, 187765, 187765, 2.5368971824645996, 30.795753479003906
1009, -213.3650419247715, 2, 42.19123551299708, 314, 188079, 188079, 2.518954038619995, 30.40920066833496
1010, -163.21609438303858, 2, 11.284983609999472, 81, 188160, 188160, 2.766498565673828, 30.9536075592041
1011, -155.22807156853378, 2, 8.497635665000416, 60, 188220, 188220, 2.3149421215057373, 30.732585906982422
1012, -156.83172155544162, 2, 5.468469466999522, 37, 188257, 188257, 2.3013052940368652, 30.537395477294922
1013, -166.81278928813845, 2, 33.418065610996564, 247, 188504, 188504, 2.558863639831543, 30.56749153137207
1014, -164.5953485071659, 2, 4.505527675006306, 30, 188534, 188534, 2.6113297939300537, 30.147361755371094
1015, -57.91224605728348, 4, 50.58067089399992, 377, 188911, 188911, 2.5725643634796143, 30.282291412353516
1016, -176.352794718754, 2, 26.80372644000454, 198, 189109, 189109, 2.520784854888916, 30.55535888671875
1017, -47.487986038639065, 4, 50.210874110001896, 375, 189484, 189484, 2.54548716545105, 30.37711524963379
1018, -163.85941606992856, 2, 22.91040877300111, 168, 189652, 189652, 2.5597782135009766, 30.293228149414062
1019, -56.05285203200765, 4, 49.96461775100033, 373, 190025, 190025, 2.4492523670196533, 30.383604049682617
1020, -154.10807452959125, 2, 8.926741620998655, 63, 190088, 190088, 2.528148889541626, 30.441003799438477
1021, -77.02203251654282, 4, 50.96165461099736, 380, 190468, 190468, 2.498725414276123, 30.537059783935547
1022, -162.34280161035713, 2, 11.00624699799664, 79, 190547, 190547, 2.6785483360290527, 30.53545379638672
1023, -159.43494752701372, 2, 16.243019197005196, 118, 190665, 190665, 2.6558074951171875, 30.479084014892578
1024, -42.69049885543063, 4, 50.31015788100194, 374, 191039, 191039, 2.4786479473114014, 30.220073699951172
1025, -75.3369489684701, 4, 50.170559923004475, 373, 191412, 191412, 2.6477408409118652, 30.762117385864258
1026, -161.0169398718499, 2, 31.159611973998835, 231, 191643, 191643, 2.434452533721924, 30.416501998901367
1027, -50.10941434185952, 4, 50.883016832005524, 379, 192022, 192022, 2.457628011703491, 30.140134811401367
1028, -200.07726880721748, 2, 18.29463530099747, 134, 192156, 192156, 2.5146634578704834, 30.926401138305664
1029, -61.72963927581441, 4, 50.65091784399556, 377, 192533, 192533, 2.59319806098938, 30.560199737548828
1030, -150.90147007478663, 2, 21.131394408999768, 155, 192688, 192688, 2.741109848022461, 30.3968563079834
1031, -37.59503995254636, 4, 50.96036350099894, 379, 193067, 193067, 2.4707117080688477, 30.569337844848633
1032, -58.10708439769223, 4, 50.33289666000201, 375, 193442, 193442, 2.507063627243042, 30.29907989501953
1033, -38.48522199667059, 4, 50.17193158300506, 373, 193815, 193815, 2.5074307918548584, 30.667036056518555
1034, -155.1916121377144, 2, 4.671142238999892, 31, 193846, 193846, 2.3919289112091064, 30.569812774658203
1035, -162.72267798575922, 2, 18.257190252006694, 133, 193979, 193979, 2.458022117614746, 30.160266876220703
1036, -83.67789097502828, 4, 50.6925489819987, 378, 194357, 194357, 2.4922473430633545, 30.21501922607422
1037, -58.73455952608492, 4, 50.15030130199739, 374, 194731, 194731, 2.534256935119629, 30.271507263183594
1038, -155.157196193235, 2, 13.702055779998773, 99, 194830, 194830, 2.631939172744751, 29.9822940826416
1039, -154.1660795568023, 2, 9.08243541399861, 64, 194894, 194894, 2.403438091278076, 30.214372634887695
1040, -154.1800528311869, 2, 6.015455073000339, 41, 194935, 194935, 2.6827173233032227, 30.107406616210938
1041, -170.1932497471571, 2, 4.533098113999586, 30, 194965, 194965, 2.4583868980407715, 31.274539947509766
1042, -153.48553281012573, 2, 8.144633463998616, 57, 195022, 195022, 2.5404348373413086, 31.017318725585938
1043, -165.6488065123558, 2, 4.568905553998775, 30, 195052, 195052, 2.6366488933563232, 30.179922103881836
1044, -172.16059982776642, 2, 4.525443865997659, 30, 195082, 195082, 2.360280752182007, 30.88459587097168
1045, -62.47059819102287, 4, 50.055256895997445, 373, 195455, 195455, 2.4778246879577637, 30.489608764648438
1046, -11.32741070917109, 4, 50.15776617600204, 372, 195827, 195827, 2.6191351413726807, 30.44454574584961
1047, -10.658194452291355, 4, 50.299945742001, 372, 196199, 196199, 2.4476664066314697, 30.500905990600586
1048, -12.813491338863969, 4, 50.18377478599723, 372, 196571, 196571, 2.5300936698913574, 30.47442054748535
1049, -6.357481150422245, 4, 50.17265450299601, 369, 196940, 196940, 2.5368056297302246, 30.545207977294922
1050, -8.668381079216488, 4, 50.28983172400331, 370, 197310, 197310, 2.39907169342041, 30.40483856201172
1051, -13.599921719753183, 4, 50.22119639500306, 371, 197681, 197681, 2.4449853897094727, 30.20987319946289
1052, -167.53291161102243, 2, 73.69796334199782, 532, 198213, 198213, 2.4147331714630127, 30.129959106445312
1053, -167.8521836400032, 2, 5.2343567030038685, 30, 198243, 198243, 2.729212760925293, 30.914575576782227
1054, -17.313169334083796, 5, 5.474236229005328, 34, 198277, 198277, 2.783381462097168, 30.068294525146484
1055, -149.62804300198331, 2, 15.873856635000266, 116, 198393, 198393, 2.2076375484466553, 30.281780242919922
1056, -170.3918316518102, 2, 43.345469123996736, 324, 198717, 198717, 2.5697286128997803, 30.187047958374023
1057, -45.70720375410747, 4, 50.40224508499523, 376, 199093, 199093, 2.5857815742492676, 30.429534912109375
1058, -180.3383064555237, 2, 22.823264029997517, 169, 199262, 199262, 2.459984540939331, 30.641815185546875
1059, -195.9580325721763, 2, 34.03985860999819, 254, 199516, 199516, 2.4203593730926514, 30.218368530273438
1060, -190.18516587468912, 2, 28.68263098400348, 213, 199729, 199729, 2.5843632221221924, 30.41240692138672
1061, -162.76350895236828, 2, 33.62677591999818, 251, 199980, 199980, 2.622995615005493, 30.267311096191406
1062, -55.87969939682807, 4, 50.28909647399996, 377, 200357, 200357, 2.5917842388153076, 30.0266056060791
1063, -184.66723476001061, 2, 45.42655126700265, 340, 200697, 200697, 2.5562877655029297, 30.12575912475586
1064, -156.55847034347244, 2, 14.534213803999592, 106, 200803, 200803, 2.625974655151367, 30.284902572631836
1065, -156.0704316352494, 2, 13.56681611899694, 99, 200902, 200902, 2.648648262023926, 30.648799896240234
1066, -166.79479882353917, 2, 19.75065322699811, 145, 201047, 201047, 2.598442316055298, 30.0975341796875
1067, -154.1710952669382, 2, 7.888709240003664, 56, 201103, 201103, 2.4859426021575928, 30.681474685668945
1068, -191.5753950115759, 2, 49.26231414699578, 369, 201472, 201472, 2.641517162322998, 30.23651695251465
1069, -224.61611976336553, 2, 40.68438426800276, 304, 201776, 201776, 2.3936350345611572, 30.29681396484375
1070, -78.44734429568052, 4, 50.27068426099868, 376, 202152, 202152, 2.4296345710754395, 30.011581420898438
1071, -149.38000839488814, 2, 9.905235596001148, 71, 202223, 202223, 2.3335795402526855, 30.36197853088379
1072, -49.399719140608795, 4, 50.59471527399728, 380, 202603, 202603, 2.4840192794799805, 30.281354904174805
1073, -82.49216814665124, 4, 50.04493386700051, 374, 202977, 202977, 2.5458717346191406, 30.071020126342773
1074, -52.49420148531499, 4, 49.9130978089961, 374, 203351, 203351, 2.3412654399871826, 29.99843406677246
1075, -154.70266125100898, 2, 12.170927289997053, 88, 203439, 203439, 2.5127978324890137, 30.572853088378906
1076, -157.7670124894521, 2, 34.64776115099812, 258, 203697, 203697, 2.5464115142822266, 30.280975341796875
1077, -152.92360444634687, 2, 15.65433968299476, 114, 203811, 203811, 2.6502323150634766, 30.422706604003906
1078, -26.986438327352516, 4, 50.532209270997555, 378, 204189, 204189, 2.519613027572632, 30.14540672302246
1079, -173.33466560626402, 2, 22.110897135993582, 163, 204352, 204352, 2.4672226905822754, 30.098112106323242
1080, -150.61837848555297, 2, 10.658334947002004, 76, 204428, 204428, 2.4229111671447754, 30.13420295715332
1081, -152.44646821869537, 2, 18.52918367899838, 136, 204564, 204564, 2.27288818359375, 29.73407554626465
1082, -161.22747384367904, 2, 25.13896129299974, 186, 204750, 204750, 2.4295544624328613, 30.07952880859375
1083, -146.9161842938047, 2, 8.306346085002588, 59, 204809, 204809, 2.605968713760376, 30.026458740234375
1084, -152.4371878579259, 2, 8.187830406001012, 58, 204867, 204867, 2.421203136444092, 30.3790283203125
1085, -155.85875877767103, 2, 19.273777880000125, 142, 205009, 205009, 2.5354747772216797, 30.087839126586914
1086, -80.04549182963092, 4, 50.61320362600236, 379, 205388, 205388, 2.4499711990356445, 30.199018478393555
1087, -73.97246063873172, 4, 49.9298971659955, 373, 205761, 205761, 2.500514030456543, 30.167997360229492
1088, -164.4508923687972, 2, 11.685830783004349, 84, 205845, 205845, 2.6989691257476807, 30.17267417907715
1089, -37.53379299747667, 4, 49.981416009002714, 373, 206218, 206218, 2.552264451980591, 30.136171340942383
1090, -177.90819666179596, 2, 26.888841189997038, 199, 206417, 206417, 2.5079212188720703, 30.324804306030273
1091, -47.42879779206123, 4, 50.02388018100464, 375, 206792, 206792, 2.3770031929016113, 30.132949829101562
1092, -165.750380106183, 2, 39.151934761997836, 293, 207085, 207085, 2.5372917652130127, 30.356531143188477
1093, -79.89391097822227, 4, 50.45129707200249, 380, 207465, 207465, 2.4873769283294678, 30.09756088256836
1094, -66.62674231933488, 4, 49.82852879699931, 375, 207840, 207840, 2.508291006088257, 30.338809967041016
1095, -155.14958405145444, 2, 20.752274631995533, 154, 207994, 207994, 2.5459530353546143, 30.33565902709961
1096, -199.98556510114577, 2, 42.81092089699814, 321, 208315, 208315, 2.464599370956421, 30.400897979736328
1097, -73.97774893392489, 4, 49.73573887399834, 373, 208688, 208688, 2.461825370788574, 30.32246971130371
1098, -63.23296191013651, 4, 49.89260660700529, 376, 209064, 209064, 2.38785719871521, 29.917966842651367
1099, -188.96615469065728, 2, 44.80921848199796, 336, 209400, 209400, 2.45063853263855, 29.850284576416016
1100, -40.375592252006754, 4, 49.757392808001896, 374, 209774, 209774, 2.3912200927734375, 30.094587326049805
1101, -51.223719159985194, 4, 49.843976698000915, 377, 210151, 210151, 2.4821510314941406, 30.192556381225586
1102, -191.87740692379884, 2, 44.397402241003874, 335, 210486, 210486, 2.45511794090271, 29.9630184173584
1103, -179.71110778374714, 2, 45.49571611200372, 343, 210829, 210829, 2.403594970703125, 29.975942611694336
1104, -155.8890035985969, 2, 9.01286515800166, 65, 210894, 210894, 2.3530848026275635, 30.068761825561523
1105, -87.6234206520021, 4, 50.047220448999724, 378, 211272, 211272, 2.454434394836426, 29.941661834716797
1106, -152.65018516685814, 2, 4.444372717000078, 30, 211302, 211302, 2.537372350692749, 29.94920539855957
1107, -78.38227851892589, 4, 49.86493367799994, 377, 211679, 211679, 2.4945361614227295, 30.261022567749023
1108, -153.38044049637392, 2, 4.866843017000065, 33, 211712, 211712, 2.4977619647979736, 30.212356567382812
1109, -175.05305755138397, 2, 15.24934397800098, 113, 211825, 211825, 2.387662172317505, 29.818967819213867
1110, -151.01816879864782, 2, 4.617153726001561, 31, 211856, 211856, 2.7800333499908447, 30.313800811767578
1111, -248.2306351037696, 2, 46.11457755500305, 348, 212204, 212204, 2.3390605449676514, 30.025123596191406
1112, -51.84247222589329, 4, 50.36535341799754, 381, 212585, 212585, 2.5597012042999268, 30.44537353515625
1113, -164.71298491864582, 2, 34.858442642995215, 261, 212846, 212846, 2.506971836090088, 29.977581024169922
1114, -158.09466565959156, 2, 9.925379255997541, 72, 212918, 212918, 2.316804885864258, 29.97395133972168
1115, -160.08998819300905, 2, 10.238185973998043, 74, 212992, 212992, 2.368497848510742, 29.535255432128906
1116, -156.4811132539544, 2, 20.740473460995418, 154, 213146, 213146, 2.410173177719116, 29.95473289489746
1117, -161.79170373425586, 2, 21.01017607900576, 156, 213302, 213302, 2.492058277130127, 30.147397994995117
1118, -32.32180922269981, 4, 50.29800041499402, 380, 213682, 213682, 2.5429182052612305, 30.19051742553711
1119, -28.339386822292, 4, 49.758684849999554, 376, 214058, 214058, 2.471529006958008, 30.080995559692383
1120, -151.77380740270019, 2, 4.453433112001221, 30, 214088, 214088, 2.7268874645233154, 30.14037322998047
1121, -154.6017162775388, 2, 10.363849563000258, 75, 214163, 214163, 2.483386278152466, 30.069557189941406
1122, -55.38443206087686, 4, 50.216802675997315, 379, 214542, 214542, 2.451382637023926, 30.407943725585938
1123, -158.55978422074986, 2, 30.61120255500282, 229, 214771, 214771, 2.3562490940093994, 29.920801162719727
1124, -149.12298010036466, 2, 10.15310547399713, 73, 214844, 214844, 2.5350797176361084, 30.304380416870117
1125, -66.9467344651348, 4, 50.5122896249959, 379, 215223, 215223, 2.4675869941711426, 30.49873161315918
1126, -158.13056875392795, 2, 18.872707154994714, 138, 215361, 215361, 2.355792284011841, 29.94474983215332
1127, -175.77467094000895, 2, 31.336543309000263, 235, 215596, 215596, 2.549103021621704, 30.208303451538086
1128, -192.1141596881207, 2, 17.89161155900365, 133, 215729, 215729, 2.3968417644500732, 29.800477981567383
1129, -157.9652873435989, 2, 15.676129462997778, 116, 215845, 215845, 2.547273874282837, 30.10775375366211
1130, -153.34483199263923, 2, 14.898881408000307, 110, 215955, 215955, 2.4681808948516846, 30.096782684326172
1131, -161.44268997572362, 2, 8.800297512003453, 63, 216018, 216018, 2.6865570545196533, 30.52207374572754
1132, -243.7191457254812, 2, 28.323271390996524, 211, 216229, 216229, 2.2602176666259766, 30.047523498535156
1133, -74.18410324119031, 4, 49.83368729200447, 375, 216604, 216604, 2.4733760356903076, 30.106359481811523
1134, -92.08955499250442, 4, 49.85991441599617, 377, 216981, 216981, 2.3612608909606934, 29.977439880371094
1135, -191.92361032034387, 2, 37.12810624299891, 280, 217261, 217261, 2.5488414764404297, 30.206594467163086
1136, -152.42942694784142, 2, 15.352725406999525, 113, 217374, 217374, 2.4439449310302734, 30.359737396240234
1137, -40.143315939974855, 4, 49.67775213200366, 375, 217749, 217749, 2.387117385864258, 30.362689971923828
1138, -78.65629386692308, 4, 49.84026162399823, 376, 218125, 218125, 2.49021315574646, 30.046344757080078
1139, -192.13248247955926, 2, 37.32494363099977, 281, 218406, 218406, 2.4351565837860107, 29.93361473083496
1140, -35.30349839355404, 4, 50.222943982997094, 379, 218785, 218785, 2.372781753540039, 30.37040138244629
1141, -152.65969079034403, 2, 6.43766418100131, 45, 218830, 218830, 2.363135576248169, 30.146671295166016
1142, -86.87815011758357, 4, 49.9973571139999, 377, 219207, 219207, 2.3053784370422363, 30.136402130126953
1143, -194.26574596390128, 2, 25.41896388299938, 190, 219397, 219397, 2.5373189449310303, 30.24551010131836
1144, -51.77512587848469, 4, 50.1655922400023, 378, 219775, 219775, 2.527958869934082, 30.240053176879883
1145, -53.14064883708488, 4, 49.73995816199749, 375, 220150, 220150, 2.3783016204833984, 30.413543701171875
1146, -49.270532106864266, 4, 49.903564072003064, 376, 220526, 220526, 2.5077946186065674, 30.263256072998047
1147, -156.55918965296587, 2, 25.63179781499639, 192, 220718, 220718, 2.359098196029663, 30.043031692504883
1148, -155.53463928568817, 2, 25.513061926001683, 190, 220908, 220908, 2.44610857963562, 29.912193298339844
1149, -165.79938204144128, 2, 13.653620878998481, 100, 221008, 221008, 1.9402036666870117, 30.234264373779297
1150, -155.99201695714146, 2, 10.057217282002966, 73, 221081, 221081, 2.3473458290100098, 30.1190242767334
1151, -35.67323355770827, 4, 48.23472255500383, 363, 221444, 221444, 2.5323736667633057, 30.077232360839844
1152, -44.3033662722446, 4, 49.97589589900599, 376, 221820, 221820, 2.4807350635528564, 30.3751163482666
1153, -158.29935898119584, 2, 7.524923816999944, 53, 221873, 221873, 2.71806001663208, 29.896318435668945
1154, -78.61529553029686, 4, 50.026961130002746, 376, 222249, 222249, 2.3801968097686768, 30.177236557006836
1155, -181.61557102389634, 2, 22.28096713600098, 164, 222413, 222413, 2.4222354888916016, 30.22617530822754
1156, -185.5526662170887, 2, 30.35171820299729, 226, 222639, 222639, 2.4809014797210693, 30.18077278137207
1157, -182.77438705740497, 2, 38.832148182998935, 290, 222929, 222929, 2.5348894596099854, 30.33333396911621
1158, -73.64212884395965, 4, 49.79071670099802, 373, 223302, 223302, 2.4743430614471436, 29.885814666748047
1159, -167.5778790032491, 2, 13.736008815998503, 100, 223402, 223402, 2.4022932052612305, 29.92197036743164
1160, -197.0018329162267, 2, 42.09054705299786, 315, 223717, 223717, 2.467057704925537, 30.153156280517578
1161, -116.07263328391127, 4, 49.674990216997685, 374, 224091, 224091, 2.517138719558716, 30.23206329345703
1162, -43.05455189492204, 4, 49.9621732500018, 376, 224467, 224467, 2.481541395187378, 30.097026824951172
1163, -175.23623853363097, 2, 27.848272819996055, 208, 224675, 224675, 2.494818687438965, 30.00077247619629
1164, -158.68496106611565, 2, 14.308256655996956, 105, 224780, 224780, 2.476620674133301, 29.9029483795166
1165, -182.18839281972032, 2, 23.944643042996177, 178, 224958, 224958, 2.3239665031433105, 29.963041305541992
1166, -153.31154286349192, 2, 5.222726394000347, 36, 224994, 224994, 2.520495891571045, 29.76515007019043
1167, -156.37335475592408, 2, 8.799636752999504, 63, 225057, 225057, 2.5418002605438232, 30.266481399536133
1168, -167.40284747068654, 2, 42.482178653997835, 320, 225377, 225377, 2.298438787460327, 30.18560791015625
1169, -32.88361704722047, 4, 50.527601009001955, 382, 225759, 225759, 2.4027504920959473, 30.278743743896484
1170, -172.61960227414966, 4, 49.77968078399863, 376, 226135, 226135, 2.560184955596924, 30.279905319213867
1171, -73.48936607968062, 4, 49.94481085000007, 376, 226511, 226511, 2.328674793243408, 30.33591079711914
1172, -159.00801000883803, 2, 11.307760078001593, 82, 226593, 226593, 2.3262503147125244, 30.316608428955078
1173, -155.09626809647307, 2, 4.461070550998556, 30, 226623, 226623, 2.30399489402771, 30.03751564025879
1174, -46.92933596344665, 4, 50.3238852459981, 379, 227002, 227002, 2.4344921112060547, 30.15909767150879
1175, -57.02960373891983, 4, 49.9553757629983, 376, 227378, 227378, 2.441293239593506, 30.37152671813965
1176, -154.3643910670653, 2, 9.717652416999044, 70, 227448, 227448, 2.357217311859131, 30.256731033325195
1177, -63.80717407539487, 4, 49.73138396199647, 374, 227822, 227822, 2.541881799697876, 30.291940689086914
1178, -25.574804108706303, 4, 49.85200123399409, 375, 228197, 228197, 2.3882129192352295, 30.15940284729004
1179, -190.25451349659124, 2, 27.88769947199762, 208, 228405, 228405, 2.45161771774292, 29.911540985107422
1180, -40.75319832537207, 4, 49.81939498500287, 375, 228780, 228780, 2.320941686630249, 30.189037322998047
1181, -65.34925971832126, 4, 49.87385706599889, 375, 229155, 229155, 2.343252420425415, 30.28964614868164
1182, -202.1438139533857, 2, 48.679589295999904, 367, 229522, 229522, 2.383669376373291, 30.065916061401367
1183, -158.0331267247966, 2, 17.433361351999338, 129, 229651, 229651, 2.4358444213867188, 30.1383056640625
1184, -168.0468305265531, 2, 4.491170936998969, 30, 229681, 229681, 2.4045190811157227, 29.420589447021484
1185, -46.55818152496795, 4, 50.56284388900531, 381, 230062, 230062, 2.4741415977478027, 29.980497360229492
1186, -20.880088531428555, 4, 49.935329045998515, 376, 230438, 230438, 2.3726956844329834, 30.041290283203125
1187, -44.773946491768584, 4, 49.9011791380035, 375, 230813, 230813, 2.3776440620422363, 29.928590774536133
1188, -158.16111402236857, 2, 12.44556576100149, 91, 230904, 230904, 2.3812339305877686, 30.11791229248047
1189, -171.21504541067407, 2, 21.886700684997777, 163, 231067, 231067, 2.3673698902130127, 30.214323043823242
1190, -152.7835662055295, 2, 18.11902020600246, 134, 231201, 231201, 2.320347309112549, 29.92637062072754
1191, -66.81129852560116, 4, 50.600004520005314, 382, 231583, 231583, 2.415428400039673, 29.82025909423828
1192, -172.77399982244242, 2, 35.55777343700174, 267, 231850, 231850, 2.3421380519866943, 30.015077590942383
1193, -190.80194494780153, 2, 29.019726727005036, 217, 232067, 232067, 2.4654414653778076, 29.941781997680664
1194, -155.80912787513807, 2, 4.764132983997115, 32, 232099, 232099, 2.2437994480133057, 29.91400146484375
1195, -56.52868911693804, 4, 49.852044700004626, 375, 232474, 232474, 2.3233959674835205, 29.91489028930664
1196, -68.05892363190651, 4, 49.86711260899756, 376, 232850, 232850, 2.281266450881958, 29.942920684814453
1197, -169.48605324367236, 2, 45.00012839300325, 338, 233188, 233188, 2.296786069869995, 29.871858596801758
1198, -156.1700814170763, 2, 11.091814475999854, 80, 233268, 233268, 2.4321353435516357, 29.855220794677734
1199, -154.34819280571537, 2, 10.011013497998647, 72, 233340, 233340, 2.4148035049438477, 29.774208068847656
1200, -174.73684122832492, 2, 21.05816104400583, 156, 233496, 233496, 2.2985827922821045, 29.983570098876953
1201, -152.31579805724323, 2, 6.931553189999249, 49, 233545, 233545, 2.355135917663574, 30.0816707611084
1202, -163.58559281023918, 2, 32.15798216799885, 240, 233785, 233785, 2.4512922763824463, 30.009822845458984
1203, -154.86208494054154, 2, 4.453827394005202, 30, 233815, 233815, 2.349731683731079, 30.072336196899414
1204, -151.19364797089656, 2, 19.833736065003905, 147, 233962, 233962, 2.213895797729492, 29.936107635498047
1205, -171.3279736424447, 2, 38.89543577600125, 292, 234254, 234254, 2.302260160446167, 29.968154907226562
1206, -151.54085097520147, 2, 5.951446540995676, 41, 234295, 234295, 2.2110509872436523, 30.064983367919922
1207, -154.17332789348438, 2, 4.490059545001714, 30, 234325, 234325, 2.449147939682007, 29.75122833251953
1208, -52.84690098215651, 4, 49.804748290000134, 374, 234699, 234699, 2.2708802223205566, 29.906354904174805
1209, -157.5733848795062, 2, 23.58695379999699, 175, 234874, 234874, 2.339817762374878, 29.57038688659668
1210, -65.18628565664403, 4, 50.238705621006375, 378, 235252, 235252, 2.27864670753479, 29.825416564941406
1211, -44.5303283953981, 4, 48.581258628000796, 365, 235617, 235617, 2.230328321456909, 29.7683162689209
1212, -158.89323826541658, 2, 10.57453983999585, 76, 235693, 235693, 2.3438034057617188, 29.6309757232666
1213, -157.91093035275117, 2, 10.55252877699968, 76, 235769, 235769, 2.3514750003814697, 29.824256896972656
1214, -170.4459155201912, 2, 4.503793803000008, 30, 235799, 235799, 1.9995453357696533, 29.716108322143555
1215, -75.27646040963009, 4, 50.22819721500127, 378, 236177, 236177, 2.3808436393737793, 29.74656105041504
1216, -158.86578082725464, 2, 13.343442347999371, 97, 236274, 236274, 2.247023820877075, 29.463125228881836
1217, -170.04185622930527, 2, 4.486431730001641, 30, 236304, 236304, 2.5415382385253906, 29.770618438720703
1218, -157.55726581264753, 2, 6.300652803001867, 44, 236348, 236348, 2.666743755340576, 29.915386199951172
1219, -50.621571475465316, 4, 49.78203343899804, 375, 236723, 236723, 2.383700370788574, 29.693397521972656
1220, -53.711484986459254, 4, 49.98478354600229, 376, 237099, 237099, 2.380216121673584, 29.824838638305664
1221, -157.57801946275868, 2, 11.067361037996307, 80, 237179, 237179, 2.312019109725952, 29.666250228881836
1222, -160.4405713165179, 2, 19.22154292799678, 142, 237321, 237321, 2.3757100105285645, 29.613435745239258
1223, -51.14798635238549, 4, 50.07417180599441, 376, 237697, 237697, 2.3949410915374756, 29.895523071289062
1224, -151.12591488438193, 2, 20.420877133998147, 151, 237848, 237848, 2.551701307296753, 29.40836524963379
1225, -92.97102540265769, 4, 50.326551348000066, 378, 238226, 238226, 2.3420183658599854, 29.745702743530273
1226, -64.84766213130206, 4, 50.02533662500355, 376, 238602, 238602, 2.3953864574432373, 29.686243057250977
1227, -85.693051379174, 4, 49.92734875500173, 374, 238976, 238976, 2.3082730770111084, 29.9754638671875
1228, -49.9091876540333, 4, 50.002671397000086, 376, 239352, 239352, 2.2846977710723877, 29.701696395874023
1229, -24.764770069043152, 4, 50.093299279003986, 376, 239728, 239728, 2.209540605545044, 29.56875228881836
1230, -262.0104590721894, 2, 45.06927689100121, 337, 240065, 240065, 2.4365854263305664, 29.695255279541016
1231, -75.45881794729212, 4, 50.06293196099432, 376, 240441, 240441, 2.402806520462036, 29.584707260131836
1232, -26.41718368882357, 4, 50.07835598299425, 376, 240817, 240817, 2.252518892288208, 29.40809440612793
1233, -162.017817143118, 2, 24.35123316399404, 181, 240998, 240998, 2.286755084991455, 29.714309692382812
1234, -182.65300338622183, 2, 12.054778792000434, 87, 241085, 241085, 2.4374420642852783, 29.85230255126953
1235, -154.5675060870126, 2, 5.6809820709968335, 39, 241124, 241124, 2.5001540184020996, 29.323925018310547
1236, -70.14301145984791, 4, 50.26430669199908, 377, 241501, 241501, 2.398181915283203, 29.74213218688965
1237, -33.646332455347874, 4, 49.98654884600546, 375, 241876, 241876, 2.244405746459961, 29.360013961791992
1238, -56.223482249552035, 4, 50.06005542299681, 376, 242252, 242252, 2.299501657485962, 29.58405113220215
1239, -162.47095745037768, 2, 23.173220202996163, 172, 242424, 242424, 2.5012190341949463, 29.51969337463379
1240, -153.11398340691812, 2, 9.486119895998854, 68, 242492, 242492, 2.3844194412231445, 29.616334915161133
1241, -172.67017316818237, 2, 4.484412137004256, 30, 242522, 242522, 2.381039619445801, 29.583087921142578
1242, -50.26565918175038, 4, 50.03329666200443, 376, 242898, 242898, 2.277899742126465, 29.320648193359375
1243, -71.30513408132538, 4, 50.11986880400218, 376, 243274, 243274, 2.3335678577423096, 29.3968505859375
1244, -165.45606219931506, 2, 9.851541117001034, 71, 243345, 243345, 2.3522210121154785, 29.583145141601562
1245, -154.3474507779465, 2, 24.459373074001633, 181, 243526, 243526, 2.266162872314453, 29.504823684692383
1246, -83.88483219477348, 4, 50.254690654001024, 377, 243903, 243903, 2.3115200996398926, 29.594573974609375
1247, -164.65900416659133, 2, 31.04448531199887, 231, 244134, 244134, 2.403620958328247, 29.798908233642578
1248, -179.50544329732656, 2, 20.10086703599518, 148, 244282, 244282, 2.177541971206665, 29.459674835205078
1249, -51.53689563134685, 4, 50.590029174993106, 379, 244661, 244661, 2.3129591941833496, 29.56721305847168
1250, -153.99023488652892, 2, 8.690700303995982, 62, 244723, 244723, 2.3069467544555664, 29.37972640991211
1251, -147.63463933451567, 2, 11.647141593995912, 84, 244807, 244807, 2.238762378692627, 29.296464920043945
1252, -153.4262377951527, 2, 20.746441481998772, 153, 244960, 244960, 2.4017832279205322, 29.402860641479492
1253, -56.18992039770819, 4, 50.129670223002904, 376, 245336, 245336, 2.257310628890991, 29.016599655151367
1254, -48.25320263043977, 4, 50.08327198799816, 375, 245711, 245711, 2.353553295135498, 29.884382247924805
1255, -161.74562690616585, 2, 22.910195937001845, 170, 245881, 245881, 2.162490129470825, 29.50429916381836
1256, -151.86091342382133, 2, 5.148367200003122, 35, 245916, 245916, 2.3622934818267822, 29.351394653320312
1257, -186.838332406478, 2, 40.79520608099847, 305, 246221, 246221, 2.3242392539978027, 29.174772262573242
1258, -27.966248674783856, 4, 50.848380402996554, 381, 246602, 246602, 2.3092997074127197, 29.302034378051758
1259, -156.50463704532012, 2, 12.14364952899632, 88, 246690, 246690, 2.3094098567962646, 29.626134872436523
1260, -188.53069070866331, 2, 27.86551840700122, 207, 246897, 246897, 2.224931001663208, 29.129840850830078
1261, -150.54402484511957, 2, 10.277469860993733, 74, 246971, 246971, 2.3596510887145996, 29.31791114807129
1262, -158.4735017286148, 2, 5.672680298004707, 39, 247010, 247010, 2.223158121109009, 29.227933883666992
1263, -170.42102963477373, 2, 14.3258143330022, 104, 247114, 247114, 2.2127816677093506, 29.703510284423828
1264, -79.4747837674804, 4, 50.69841945700318, 379, 247493, 247493, 2.3196659088134766, 29.624286651611328
1265, -155.50257810833864, 2, 16.87848456500069, 124, 247617, 247617, 2.3514833450317383, 29.31760025024414
1266, -165.82863513706252, 2, 9.88903705800476, 71, 247688, 247688, 2.2171471118927, 29.185876846313477
1267, -171.49234288930893, 2, 4.4755203729946516, 30, 247718, 247718, 2.522853374481201, 29.01064682006836
1268, -155.93658429500647, 2, 8.450140950000787, 60, 247778, 247778, 2.441101551055908, 29.984086990356445
1269, -171.18107295036316, 2, 4.524059240997303, 30, 247808, 247808, 2.477163791656494, 29.15133285522461
1270, -19.56400755001232, 4, 50.325459794999915, 377, 248185, 248185, 2.3572030067443848, 29.23479652404785
1271, -13.153408903162926, 4, 50.08777120099694, 375, 248560, 248560, 2.2610809803009033, 29.39497184753418
1272, -16.55946055520326, 4, 50.19220961799874, 375, 248935, 248935, 2.333348274230957, 29.335817337036133
1273, -13.23134874983225, 4, 50.21414003699465, 374, 249309, 249309, 2.2394092082977295, 29.521833419799805
1274, -10.283267996972427, 4, 50.1230927209981, 375, 249684, 249684, 2.193803548812866, 29.390684127807617
1275, -10.571791058348026, 4, 50.362286841998866, 377, 250061, 250061, 2.3008759021759033, 29.121841430664062
1276, -12.63125718611991, 4, 50.10121827299736, 375, 250436, 250436, 2.2525181770324707, 29.303054809570312
1277, -10.122998123639263, 4, 50.25083811600052, 375, 250811, 250811, 2.1852645874023438, 29.259122848510742
1278, -8.839867400471121, 4, 50.107229068999004, 374, 251185, 251185, 2.2783925533294678, 29.282108306884766
1279, -8.25366397970356, 4, 50.232010638996144, 376, 251561, 251561, 2.2616944313049316, 29.010147094726562
1280, -11.580954830744304, 4, 50.126527176005766, 374, 251935, 251935, 2.331068992614746, 29.14224624633789
1281, -9.461461196420714, 4, 50.1555662949977, 374, 252309, 252309, 2.3700153827667236, 28.94884490966797
1282, -11.880839610588737, 4, 50.25094635900314, 375, 252684, 252684, 2.2382378578186035, 29.0863094329834
1283, -11.928679767530411, 4, 50.1937004240026, 374, 253058, 253058, 2.2147068977355957, 29.18701934814453
1284, -13.939426076132804, 4, 50.07919400399987, 373, 253431, 253431, 2.24709415435791, 29.038650512695312
1285, -11.245187981054187, 4, 50.225481841000146, 374, 253805, 253805, 2.2966628074645996, 29.016433715820312
1286, -9.098359570256434, 4, 50.26512682699831, 375, 254180, 254180, 2.3956217765808105, 29.147476196289062
1287, -171.71553086861968, 2, 4.555212118000782, 30, 254210, 254210, 2.3517189025878906, 29.305200576782227
1288, -16.58393394763698, 4, 50.36655263099965, 376, 254586, 254586, 2.2684829235076904, 28.929019927978516
1289, -14.620342677808367, 4, 50.282611704999, 375, 254961, 254961, 2.2971880435943604, 29.06519317626953
1290, -11.173321955138817, 4, 50.201570476994675, 374, 255335, 255335, 2.311837911605835, 28.87458038330078
1291, -11.44932626944501, 4, 48.46224666899798, 362, 255697, 255697, 2.2172322273254395, 28.810544967651367
1292, -11.009980789152905, 4, 50.240887220999866, 374, 256071, 256071, 2.1761884689331055, 28.879579544067383
1293, -11.325365648255683, 4, 50.20912179000152, 374, 256445, 256445, 2.1553289890289307, 29.25913429260254
1294, -11.172775664366782, 4, 50.27038639099919, 374, 256819, 256819, 2.2017388343811035, 28.662357330322266
1295, -12.771304739639163, 4, 50.153589713001566, 374, 257193, 257193, 2.3387064933776855, 28.695056915283203
1296, -14.130397318134783, 4, 50.18923987099697, 374, 257567, 257567, 2.2278921604156494, 28.893611907958984
1297, -9.22320413601119, 4, 50.21847320500092, 374, 257941, 257941, 2.2527499198913574, 28.9722900390625
1298, -10.291657480760477, 4, 50.250430160005635, 375, 258316, 258316, 2.3101677894592285, 28.78280258178711
1299, -17.156066450290382, 4, 50.33961247399566, 374, 258690, 258690, 2.258756160736084, 28.604225158691406
1300, -10.771398657932878, 4, 50.453942262000055, 376, 259066, 259066, 2.2767951488494873, 28.817790985107422
1301, -10.737269237288274, 4, 50.29132824899716, 375, 259441, 259441, 2.2364284992218018, 28.663084030151367
1302, -10.183686343953013, 4, 50.25847710800008, 375, 259816, 259816, 2.115412950515747, 28.644033432006836
1303, -11.224086329806596, 4, 50.25951650099887, 375, 260191, 260191, 2.258230209350586, 28.70342254638672
1304, -12.267355110467179, 4, 50.259980069997255, 374, 260565, 260565, 2.200296401977539, 28.894113540649414
1305, -12.255160314962268, 4, 50.15823278899916, 374, 260939, 260939, 2.1318910121917725, 28.801321029663086
1306, -11.871050993795507, 4, 50.317542878001404, 375, 261314, 261314, 2.1843249797821045, 28.64153480529785
1307, -12.38332266319776, 4, 50.27296996200312, 374, 261688, 261688, 2.225594997406006, 28.654376983642578
1308, -13.431504287931602, 4, 50.25368902099581, 374, 262062, 262062, 2.338244676589966, 28.687055587768555
1309, -10.275949594797567, 4, 50.214230272998975, 373, 262435, 262435, 2.330811023712158, 28.61293601989746
1310, -12.58954083127901, 4, 50.263762627997494, 374, 262809, 262809, 2.1437666416168213, 28.457273483276367
1311, -12.11692480230704, 4, 50.480274007000844, 375, 263184, 263184, 2.1868510246276855, 28.410669326782227
1312, -26.835381888551638, 4, 50.320179292997636, 374, 263558, 263558, 2.256096124649048, 28.36250114440918
1313, -31.190397608326748, 4, 50.39468553000188, 376, 263934, 263934, 2.252013683319092, 28.30984878540039
1314, -12.474813667591661, 4, 50.2025547719968, 374, 264308, 264308, 2.0959134101867676, 28.41145896911621
1315, -8.878064663149416, 4, 50.34221555299882, 375, 264683, 264683, 2.2436742782592773, 28.337696075439453
1316, -9.26789436902618, 4, 50.28731084800529, 375, 265058, 265058, 2.157449245452881, 28.291160583496094
1317, -10.13212941238453, 4, 50.22250145900034, 374, 265432, 265432, 2.2454278469085693, 28.398099899291992
1318, -15.038454769179225, 4, 50.36658608200378, 375, 265807, 265807, 2.229846954345703, 28.509321212768555
1319, -15.98471370342304, 4, 50.26091758199618, 374, 266181, 266181, 2.102541446685791, 28.18036460876465
1320, -14.111433524638414, 4, 50.4255134720006, 375, 266556, 266556, 2.0962867736816406, 28.294879913330078
1321, -14.60353130416479, 4, 50.22366237099777, 373, 266929, 266929, 2.2138707637786865, 28.172090530395508
1322, -12.460791681252886, 4, 50.41334448999987, 375, 267304, 267304, 2.160823106765747, 28.223922729492188
1323, -16.481955090072006, 4, 50.30176124800346, 374, 267678, 267678, 2.1320855617523193, 28.207624435424805
1324, -9.793885697814403, 4, 50.35211211200658, 375, 268053, 268053, 2.147554874420166, 28.18667221069336
1325, -15.137025728821754, 4, 50.35381242999574, 374, 268427, 268427, 2.196518659591675, 28.16942024230957
1326, -11.333502478897572, 4, 50.29134351800167, 374, 268801, 268801, 2.066545009613037, 28.265399932861328
1327, -10.823447096627206, 4, 50.30909482899733, 374, 269175, 269175, 2.2088117599487305, 28.21029281616211
1328, -6.038073873321991, 4, 50.26330980200146, 374, 269549, 269549, 2.081634998321533, 28.259157180786133
1329, -14.438662382308394, 4, 50.36540269400575, 374, 269923, 269923, 2.116389274597168, 28.092857360839844
1330, -16.881830971688032, 4, 50.26459299900307, 373, 270296, 270296, 2.103855609893799, 28.093393325805664
1331, -33.89905023435131, 4, 50.353201269004785, 374, 270670, 270670, 2.098384380340576, 27.983760833740234
1332, -26.52713616238907, 4, 50.19738650100044, 373, 271043, 271043, 2.2188422679901123, 27.968393325805664
1333, -51.927105761133134, 4, 50.42540464099875, 374, 271417, 271417, 2.093533754348755, 28.033536911010742
1334, -13.42637490638299, 4, 50.32185621000099, 374, 271791, 271791, 2.0489799976348877, 28.284732818603516
1335, -8.637630508514121, 4, 50.371602245999384, 374, 272165, 272165, 2.109274387359619, 27.83806800842285
1336, -10.734429978998378, 4, 50.453449790002196, 375, 272540, 272540, 2.0331168174743652, 27.920799255371094
1337, -11.789350087754428, 4, 50.43030242399982, 375, 272915, 272915, 2.26029109954834, 28.080713272094727
1338, -24.439964830875397, 4, 50.579539170001226, 376, 273291, 273291, 2.123901128768921, 27.641206741333008
1339, -10.306157179933507, 4, 50.466684175997216, 374, 273665, 273665, 2.2450475692749023, 28.059612274169922
1340, -170.77991274371743, 2, 4.552588569000363, 30, 273695, 273695, 2.133805274963379, 27.84880828857422
1341, -11.81514547704137, 4, 50.63749245600047, 376, 274071, 274071, 2.063183307647705, 27.852323532104492
1342, -16.996280872728676, 4, 50.3422311050017, 374, 274445, 274445, 2.045579433441162, 27.80959701538086
1343, -9.786650666035712, 4, 50.402394377000746, 374, 274819, 274819, 2.107787609100342, 27.606487274169922
1344, -14.547394664754393, 4, 50.4506514159948, 375, 275194, 275194, 2.055314540863037, 27.773746490478516
1345, -40.34091464965604, 4, 50.298955822996504, 374, 275568, 275568, 2.0847818851470947, 27.770187377929688
1346, -19.10197929525748, 4, 50.345673571006046, 373, 275941, 275941, 2.149627447128296, 27.63043785095215
1347, -11.538479253649712, 4, 50.386210491000384, 374, 276315, 276315, 1.9737677574157715, 27.443429946899414
1348, -11.9606583310524, 4, 50.33526771199831, 373, 276688, 276688, 2.073113441467285, 27.457685470581055
1349, -20.088450455106795, 4, 50.42786124900158, 374, 277062, 277062, 2.133263349533081, 27.700740814208984
1350, -12.221265401283745, 4, 50.51483763100259, 374, 277436, 277436, 2.097090244293213, 27.430185317993164
1351, -168.03140139579773, 2, 4.534079261997249, 30, 277466, 277466, 1.7595348358154297, 27.047380447387695
1352, -15.154581786133349, 4, 50.46128199800296, 375, 277841, 277841, 2.053866147994995, 27.636812210083008
1353, -10.75867821322754, 4, 50.4016656849999, 373, 278214, 278214, 1.998083472251892, 27.591320037841797
1354, -50.18109364807606, 4, 50.4492666820006, 373, 278587, 278587, 2.0346975326538086, 27.573110580444336
1355, -10.598216349259019, 4, 50.30306818700046, 372, 278959, 278959, 2.0875134468078613, 27.531652450561523
1356, -11.266775992233306, 4, 50.44478149800125, 373, 279332, 279332, 2.0839316844940186, 27.213165283203125
1357, -19.79934111563489, 4, 50.341937341007, 373, 279705, 279705, 2.1966962814331055, 27.486446380615234
1358, -11.673564915137831, 4, 50.412035799003206, 372, 280077, 280077, 1.9539695978164673, 27.363658905029297
1359, -24.62640606056084, 4, 50.28818262400455, 372, 280449, 280449, 2.103175401687622, 27.243303298950195
1360, -172.46105915308, 2, 4.612983639002778, 30, 280479, 280479, 1.8023260831832886, 26.816234588623047
1361, -10.376296705915593, 4, 50.434366850000515, 373, 280852, 280852, 2.077714204788208, 27.242326736450195
1362, -33.28989542560885, 4, 50.466767664001964, 374, 281226, 281226, 2.1894922256469727, 27.34510040283203
1363, -18.796282741241157, 4, 50.53827278500103, 374, 281600, 281600, 2.0808143615722656, 27.24912452697754
1364, -17.494583608582616, 4, 50.446111277000455, 374, 281974, 281974, 1.947547435760498, 27.336254119873047
1365, -16.022532761795446, 4, 50.36047730600694, 373, 282347, 282347, 2.092900514602661, 27.055980682373047
1366, -9.742428128258325, 4, 50.34980462100066, 372, 282719, 282719, 2.0234036445617676, 27.311079025268555
1367, -17.139654495753348, 4, 50.410236300995166, 372, 283091, 283091, 2.1478421688079834, 27.174442291259766
1368, -22.420776527374983, 4, 50.39229594900098, 373, 283464, 283464, 2.058349132537842, 27.16541290283203
1369, -9.658298101043329, 4, 50.48289870300505, 373, 283837, 283837, 2.014741897583008, 27.30097007751465
1370, -14.88255130359903, 4, 50.35041971600003, 372, 284209, 284209, 1.997933030128479, 26.962438583374023
1371, -11.758556657470763, 4, 50.56272837200231, 374, 284583, 284583, 2.08347487449646, 27.12775230407715
1372, -27.871191169135273, 4, 50.41090974100371, 372, 284955, 284955, 1.9040391445159912, 27.056562423706055
1373, -15.806551342830062, 4, 50.376846836996265, 373, 285328, 285328, 2.1182796955108643, 27.312414169311523
1374, -26.665026138536632, 4, 50.45693075300369, 373, 285701, 285701, 1.961326003074646, 26.896625518798828
1375, -12.385089262883412, 4, 50.36216063599568, 372, 286073, 286073, 1.9637895822525024, 26.914077758789062
1376, -13.9903657597024, 4, 50.40206838299491, 373, 286446, 286446, 2.0697312355041504, 27.19835662841797
1377, -12.219349349848926, 4, 50.392442372001824, 372, 286818, 286818, 2.0420210361480713, 26.938810348510742
1378, -23.174377489602193, 4, 50.460525294001854, 373, 287191, 287191, 1.987883448600769, 26.76449966430664
1379, -8.666136595478747, 4, 50.56763076500647, 374, 287565, 287565, 2.044792652130127, 27.03615951538086
1380, -16.547290552873164, 4, 50.36319208700297, 372, 287937, 287937, 1.9903355836868286, 26.865388870239258
1381, -10.191221429791767, 4, 50.434849755998584, 373, 288310, 288310, 2.017590045928955, 26.957889556884766
1382, -13.280424972297624, 4, 50.42293932600296, 373, 288683, 288683, 2.0726521015167236, 26.88033103942871
1383, -8.20538691652473, 4, 50.426792698999634, 373, 289056, 289056, 1.9077483415603638, 26.95473861694336
1384, -18.12460796907544, 4, 50.516175516997464, 373, 289429, 289429, 1.9398530721664429, 26.873870849609375
1385, -22.390521857887506, 4, 50.341642045998015, 372, 289801, 289801, 1.9700217247009277, 27.05274772644043
1386, -24.174030801281333, 4, 50.457902820002346, 374, 290175, 290175, 2.006490468978882, 26.91194725036621
1387, -8.457882408038131, 4, 50.45172425000055, 373, 290548, 290548, 2.0182127952575684, 26.73137664794922
1388, -22.284662675112486, 4, 50.49352031500166, 373, 290921, 290921, 2.1129305362701416, 26.81986427307129
1389, -18.84451792947948, 4, 50.545674435001274, 374, 291295, 291295, 1.9720720052719116, 26.847923278808594
1390, -15.186278692446649, 4, 50.3796740780017, 372, 291667, 291667, 2.035142183303833, 26.94627571105957
1391, -10.791496058693156, 4, 50.48941779800225, 374, 292041, 292041, 2.001926898956299, 26.7745361328125
1392, -10.050140954146627, 4, 50.34650074000092, 372, 292413, 292413, 1.9643912315368652, 26.56833267211914
1393, -17.563853413797915, 4, 50.534991711996554, 374, 292787, 292787, 2.105950117111206, 26.782955169677734
1394, -17.322214167099446, 4, 50.36700754999765, 372, 293159, 293159, 2.0982162952423096, 26.77888298034668
1395, -15.695055324584246, 4, 50.502535291998356, 373, 293532, 293532, 1.949742317199707, 26.535396575927734
1396, -17.78752596024424, 4, 50.29471080299845, 372, 293904, 293904, 1.9707480669021606, 26.420799255371094
1397, -17.671931208577007, 4, 50.373766673998034, 373, 294277, 294277, 1.9748355150222778, 26.442262649536133
1398, -18.099135354161263, 4, 50.53887039900292, 374, 294651, 294651, 1.996538758277893, 26.569894790649414
1399, -17.941941626369953, 4, 50.291952466999646, 373, 295024, 295024, 1.9261269569396973, 26.25522804260254
1400, -19.957134185358882, 4, 50.38847274600266, 373, 295397, 295397, 2.0049681663513184, 26.59348487854004
1401, -21.163429895881563, 4, 50.30523346499831, 373, 295770, 295770, 1.965970516204834, 26.811100006103516
1402, -20.43136410880834, 4, 50.42401405599958, 373, 296143, 296143, 1.9890105724334717, 26.547351837158203
1403, -17.843743231147528, 4, 50.28245400299784, 372, 296515, 296515, 2.0206520557403564, 26.470670700073242
1404, -20.339876842685044, 4, 50.40570215999469, 372, 296887, 296887, 1.8481847047805786, 26.61479377746582
1405, -21.13886194396764, 4, 50.309757776005426, 372, 297259, 297259, 1.9393832683563232, 26.466733932495117
1406, -21.67208264861256, 4, 50.425658389998716, 374, 297633, 297633, 1.9338277578353882, 26.554332733154297
1407, -22.091940067708492, 4, 50.43805264199909, 373, 298006, 298006, 1.917077898979187, 26.632768630981445
1408, -18.78215678408742, 4, 50.38676884600136, 373, 298379, 298379, 1.9894752502441406, 26.440481185913086
1409, -22.30222335830331, 4, 50.41731670599984, 373, 298752, 298752, 2.033914089202881, 26.503286361694336
1410, -18.09757357928902, 4, 50.300014467997244, 372, 299124, 299124, 1.963891625404358, 26.192485809326172
1411, -19.569922959432006, 4, 50.310096219000116, 373, 299497, 299497, 1.9052865505218506, 26.36853790283203
1412, -20.83751097880304, 4, 50.392685266000626, 374, 299871, 299871, 1.9834502935409546, 26.333261489868164
1413, -17.983851519413292, 4, 50.31468417999713, 373, 300244, 300244, 2.033717632293701, 26.437908172607422
1414, -18.38370732218027, 4, 50.48688566200144, 374, 300618, 300618, 2.0297493934631348, 26.292558670043945
1415, -17.848094314336777, 4, 50.25304071300343, 371, 300989, 300989, 2.0209100246429443, 26.201457977294922
1416, -19.400711754336953, 4, 50.47832080900116, 374, 301363, 301363, 2.0133864879608154, 26.17819595336914
1417, -20.28187827486545, 4, 50.48738209399744, 374, 301737, 301737, 1.8449938297271729, 26.199369430541992
1418, -19.690869965590537, 4, 50.37383686099929, 373, 302110, 302110, 1.9977679252624512, 26.12616539001465
1419, -18.44754716847092, 4, 50.376164159002656, 372, 302482, 302482, 1.9999667406082153, 26.149925231933594
1420, -16.39177383389324, 4, 50.316916388997925, 372, 302854, 302854, 1.9369773864746094, 26.192485809326172
1421, -18.07941674441099, 4, 50.2784995730035, 372, 303226, 303226, 1.923419713973999, 26.012004852294922
1422, -16.766480915248394, 4, 50.41832786899613, 373, 303599, 303599, 1.7365254163742065, 25.941890716552734
1423, -19.183875759132206, 4, 50.266691866003384, 372, 303971, 303971, 1.912856101989746, 25.865074157714844
1424, -17.237599100917578, 4, 50.39664458999323, 372, 304343, 304343, 1.9129829406738281, 26.17026138305664
1425, -20.174478696659207, 4, 50.44119958800002, 374, 304717, 304717, 1.9954118728637695, 26.067468643188477
1426, -20.529252368956804, 4, 50.429678767999576, 373, 305090, 305090, 1.994147777557373, 25.939971923828125
1427, -20.89804618060589, 4, 50.344348555998295, 373, 305463, 305463, 1.9363957643508911, 25.94936752319336
1428, -18.48608574550599, 4, 50.483165501995245, 373, 305836, 305836, 1.911123275756836, 25.9135799407959
1429, -18.36429385561496, 4, 50.40552568400017, 372, 306208, 306208, 1.9988975524902344, 25.952756881713867
1430, -18.059447756037116, 4, 50.35234372400009, 372, 306580, 306580, 1.8773102760314941, 25.978059768676758
1431, -18.56484158663079, 4, 50.4043037060037, 373, 306953, 306953, 1.8812801837921143, 26.106998443603516
1432, -16.68907091440633, 4, 50.292814788001124, 373, 307326, 307326, 1.8651885986328125, 25.997915267944336
1433, -21.044632683508098, 4, 50.416374253996764, 373, 307699, 307699, 1.8733348846435547, 25.846637725830078
1434, -18.431080162525177, 4, 50.360626909998246, 372, 308071, 308071, 1.866979956626892, 25.832483291625977
1435, -16.939975113607943, 4, 50.30103362399677, 372, 308443, 308443, 1.9322887659072876, 25.88883399963379
1436, -19.330780340358615, 4, 50.48764638300054, 372, 308815, 308815, 1.9511966705322266, 25.98551368713379
1437, -19.501581917516887, 4, 50.39080941199791, 372, 309187, 309187, 1.9826719760894775, 25.85519027709961
1438, -16.235421272926033, 4, 50.30791128700366, 372, 309559, 309559, 1.9510270357131958, 25.847412109375
1439, -16.366508687846363, 4, 50.333507685005316, 372, 309931, 309931, 1.884354591369629, 25.769866943359375
1440, -19.029808253981173, 4, 50.38255893400492, 373, 310304, 310304, 1.8623842000961304, 25.539384841918945
1441, -13.888744433876127, 4, 50.37009532400407, 372, 310676, 310676, 1.89333975315094, 25.916412353515625
1442, -18.12717701587826, 4, 50.300088411000615, 371, 311047, 311047, 1.8898892402648926, 25.703041076660156
1443, -16.633455144241452, 4, 50.47646107100445, 373, 311420, 311420, 1.9211057424545288, 25.651853561401367
1444, -18.81718709645793, 4, 50.215790869995544, 371, 311791, 311791, 1.8743177652359009, 25.674636840820312
1445, -18.99942915001884, 4, 50.37925134899706, 373, 312164, 312164, 1.9167321920394897, 25.376754760742188
1446, -15.293528204783797, 4, 50.353443920001155, 373, 312537, 312537, 2.0107810497283936, 25.57094383239746
1447, -17.693774515762925, 4, 50.354595305005205, 372, 312909, 312909, 1.8767329454421997, 25.595247268676758
1448, -18.07024495396763, 4, 50.35285777899844, 373, 313282, 313282, 1.8367023468017578, 25.4781551361084
1449, -13.383498748764396, 4, 50.30424009000126, 371, 313653, 313653, 1.949323058128357, 25.449777603149414
1450, -12.324493065942079, 4, 50.40376252200076, 372, 314025, 314025, 1.8983250856399536, 25.515052795410156
1451, -14.186629985459149, 4, 50.3151380729978, 372, 314397, 314397, 1.8159902095794678, 25.48244285583496
1452, -12.060031654778868, 4, 50.408202473998244, 374, 314771, 314771, 1.95803701877594, 25.490474700927734
1453, -10.110556892119348, 4, 50.39313670399861, 372, 315143, 315143, 1.852954626083374, 25.34611701965332
1454, -11.81480284081772, 4, 50.33616211399931, 372, 315515, 315515, 1.8213210105895996, 25.26927947998047
1455, -10.123836997896433, 4, 50.31542419800098, 372, 315887, 315887, 1.8878562450408936, 25.217973709106445
1456, -9.126373331993818, 4, 50.35721074499452, 373, 316260, 316260, 1.829599380493164, 25.04953956604004
1457, -9.569464982487261, 4, 50.27331215499726, 371, 316631, 316631, 1.8595112562179565, 25.308515548706055
1458, -8.250541894230992, 4, 50.42437224600144, 372, 317003, 317003, 1.882547378540039, 25.269254684448242
1459, -10.32019848562777, 4, 50.33716501500021, 371, 317374, 317374, 1.8780440092086792, 25.240089416503906
1460, -9.942106428556144, 4, 50.415309966003406, 372, 317746, 317746, 1.8907183408737183, 25.203718185424805
1461, -8.113573257811368, 4, 50.27432790899911, 371, 318117, 318117, 1.8698195219039917, 25.17406463623047
1462, -9.163362668361515, 4, 50.484524034996866, 372, 318489, 318489, 1.9066039323806763, 25.16225814819336
1463, -7.387065136805177, 4, 50.25462812000478, 371, 318860, 318860, 1.8502177000045776, 25.0737361907959
1464, -8.022112221457064, 4, 50.45525577600347, 374, 319234, 319234, 1.7771251201629639, 25.300840377807617
1465, -7.141804350540042, 4, 50.330979869002476, 372, 319606, 319606, 1.8345751762390137, 25.034353256225586
1466, -7.2120862188749015, 4, 50.378363787000126, 372, 319978, 319978, 1.7738332748413086, 25.047746658325195
1467, -7.51983781857416, 4, 50.33366359399952, 373, 320351, 320351, 1.8651411533355713, 25.02889633178711
1468, -6.716027927584946, 4, 50.396062596002594, 373, 320724, 320724, 1.8605233430862427, 24.837581634521484
1469, -6.487088264897466, 4, 50.23764054200001, 371, 321095, 321095, 1.864424467086792, 25.100379943847656
1470, -7.507413092534989, 4, 50.38466211600462, 372, 321467, 321467, 1.9107744693756104, 24.940261840820312
1471, -6.830682270228863, 4, 50.345745542996156, 372, 321839, 321839, 1.851002812385559, 24.908620834350586
1472, -6.249227893073112, 4, 50.321132793003926, 372, 322211, 322211, 2.0189626216888428, 24.841245651245117
1473, -6.549740249756724, 4, 50.48299885899905, 373, 322584, 322584, 1.9006450176239014, 25.034971237182617
1474, -6.216818359680474, 4, 50.35571424200316, 372, 322956, 322956, 1.8626868724822998, 24.72915267944336
1475, -6.1756615224294364, 4, 50.35096223800065, 371, 323327, 323327, 1.8614799976348877, 24.835426330566406
1476, -5.565913762897253, 4, 50.38749957500113, 372, 323699, 323699, 1.8071590662002563, 24.865564346313477
1477, -6.1767570045776665, 4, 50.32917125899985, 371, 324070, 324070, 1.8803030252456665, 24.689298629760742
1478, -5.766480660066009, 4, 50.39305106300162, 370, 324440, 324440, 1.8965626955032349, 24.891572952270508
1479, -6.072296448983252, 4, 50.34064894999756, 372, 324812, 324812, 1.9020464420318604, 24.876157760620117
1480, -6.6205535577610135, 4, 50.319926051997754, 372, 325184, 325184, 1.8427590131759644, 24.72174072265625
1481, -6.744906880427152, 4, 50.41228560599848, 373, 325557, 325557, 1.88115656375885, 24.644224166870117
1482, -5.947540269698948, 4, 50.31621515599545, 372, 325929, 325929, 1.8887377977371216, 24.57198715209961
1483, -6.006933557335287, 4, 50.29910599000141, 372, 326301, 326301, 1.8346155881881714, 24.542404174804688
1484, -6.196406675036997, 4, 50.43351637500018, 372, 326673, 326673, 1.913939118385315, 24.65654754638672
1485, -5.795249437447637, 4, 50.509542958003294, 372, 327045, 327045, 1.8649920225143433, 24.573060989379883
1486, -6.238789246417582, 4, 50.441490853001596, 372, 327417, 327417, 1.8910255432128906, 24.587854385375977
1487, -6.0258268672041595, 4, 50.30265956099902, 372, 327789, 327789, 1.803686499595642, 24.483041763305664
1488, -6.2075249487534165, 4, 50.38406430199393, 373, 328162, 328162, 1.836582899093628, 24.587526321411133
1489, -5.525238904170692, 4, 50.28184834199783, 371, 328533, 328533, 1.8322198390960693, 24.476959228515625
1490, -6.093448992352933, 4, 50.36933199700434, 372, 328905, 328905, 1.7859570980072021, 24.419466018676758
1491, -5.625600441824645, 4, 50.42074654899625, 372, 329277, 329277, 1.8860077857971191, 24.153060913085938
1492, -5.58221489796415, 4, 50.26882837699668, 371, 329648, 329648, 1.8067060708999634, 24.4945011138916
1493, -5.614748121239245, 4, 50.37992303100327, 371, 330019, 330019, 1.8078244924545288, 24.45382308959961
1494, -6.2575050462037325, 4, 50.32730562299548, 371, 330390, 330390, 1.6929991245269775, 24.14547348022461
1495, -5.314699722453952, 4, 50.44056263299717, 373, 330763, 330763, 1.7992470264434814, 24.306779861450195
1496, -5.978711726143956, 4, 50.35712726699421, 372, 331135, 331135, 1.9678009748458862, 24.474910736083984
1497, -5.268404252361506, 4, 50.475059636999504, 372, 331507, 331507, 1.875698447227478, 24.076616287231445
1498, -5.010739469900727, 4, 50.305531477999466, 371, 331878, 331878, 1.8152304887771606, 24.1830997467041
1499, -6.0585170281119645, 4, 50.32786171599582, 371, 332249, 332249, 1.8173121213912964, 24.18392562866211
1500, -5.704502983484417, 4, 50.31829884400213, 371, 332620, 332620, 1.8426140546798706, 24.378145217895508
1501, -5.658216231036931, 4, 50.384365366000566, 372, 332992, 332992, 1.9315404891967773, 24.33228302001953
1502, -5.15131467115134, 4, 50.297217542, 371, 333363, 333363, 1.9478867053985596, 24.20046615600586
1503, -5.76168176997453, 4, 50.398100029997295, 371, 333734, 333734, 1.885094165802002, 24.034423828125
1504, -6.165377143304795, 4, 50.379758727998706, 372, 334106, 334106, 1.8112194538116455, 24.078466415405273
1505, -5.9842290370725095, 4, 50.574830639998254, 374, 334480, 334480, 1.848629355430603, 23.98468017578125
1506, -5.63933110749349, 4, 50.4873023149994, 373, 334853, 334853, 1.8407847881317139, 24.221904754638672
1507, -5.4536567204631865, 4, 50.40142400100012, 373, 335226, 335226, 1.8497416973114014, 23.98999786376953
1508, -6.8601496373303235, 4, 50.45640417800314, 373, 335599, 335599, 1.8799288272857666, 24.180164337158203
1509, -5.9782745083794, 4, 50.41669282499788, 372, 335971, 335971, 1.8444023132324219, 23.92049217224121
1510, -6.339120556600392, 4, 50.28780153700063, 372, 336343, 336343, 1.8738032579421997, 23.9077205657959
1511, -6.208745242096484, 4, 50.273881342000095, 371, 336714, 336714, 1.8676387071609497, 24.070026397705078
1512, -6.009108570870012, 4, 50.36561190299835, 372, 337086, 337086, 1.7187049388885498, 23.634244918823242
1513, -5.447718079201877, 4, 50.36357451799995, 371, 337457, 337457, 1.8840694427490234, 24.002769470214844
1514, -5.521183722652495, 4, 50.27652366100665, 371, 337828, 337828, 1.8100264072418213, 23.877384185791016
1515, -5.7766816155053675, 4, 50.43322107799759, 371, 338199, 338199, 1.9209399223327637, 23.707229614257812
1516, -6.511283716652542, 4, 50.38691986800404, 372, 338571, 338571, 1.8749996423721313, 23.752742767333984
1517, -6.631103799678385, 4, 50.35028910700203, 372, 338943, 338943, 1.9018969535827637, 23.738536834716797
1518, -6.18472644360736, 4, 50.40607599299983, 372, 339315, 339315, 1.8160029649734497, 23.71561622619629
1519, -6.599284708034247, 4, 50.245028978002665, 372, 339687, 339687, 1.8226052522659302, 23.679777145385742
1520, -5.748886606190354, 4, 50.33735042299668, 371, 340058, 340058, 1.7951205968856812, 23.44013023376465
1521, -6.238456580787897, 4, 50.37282628600224, 371, 340429, 340429, 1.8795162439346313, 23.53782081604004
1522, -6.492064520716667, 4, 50.42319606300589, 373, 340802, 340802, 1.8028796911239624, 23.559722900390625
1523, -7.441236421931535, 4, 50.28345843600255, 371, 341173, 341173, 1.7991214990615845, 23.450456619262695
1524, -6.6378103364259005, 4, 50.35555900899635, 371, 341544, 341544, 1.8485275506973267, 23.80890464782715
1525, -6.0242134388536215, 4, 50.317162450999604, 371, 341915, 341915, 1.8699536323547363, 23.51179313659668
1526, -6.493155955802649, 4, 50.492570750000596, 373, 342288, 342288, 1.8198199272155762, 23.63503074645996
1527, -6.425937191117555, 4, 50.34416870299901, 372, 342660, 342660, 1.8942748308181763, 23.484445571899414
1528, -6.958068256266415, 4, 50.32082614400133, 371, 343031, 343031, 1.856050968170166, 23.546676635742188
1529, -6.220675030723214, 4, 50.32573070299986, 372, 343403, 343403, 1.8622313737869263, 23.545787811279297
1530, -7.289710042532533, 4, 50.28974063899659, 371, 343774, 343774, 1.8831993341445923, 23.404033660888672
1531, -6.520845788531005, 4, 50.3588230940004, 372, 344146, 344146, 1.8584991693496704, 23.263025283813477
1532, -7.3362934263423085, 4, 50.32652194699767, 371, 344517, 344517, 1.8761887550354004, 23.35355567932129
1533, -6.656963658519089, 4, 50.39352670699736, 372, 344889, 344889, 1.8094426393508911, 23.14286994934082
1534, -6.780513009056449, 4, 50.285366985997825, 371, 345260, 345260, 1.7613991498947144, 23.466276168823242
1535, -7.3636585883796215, 4, 50.287467641006515, 371, 345631, 345631, 1.8638784885406494, 23.13205909729004
1536, -7.3774939817376435, 4, 50.407806946001074, 372, 346003, 346003, 1.8223873376846313, 23.16193962097168
1537, -7.782531192526221, 4, 50.34755321699777, 371, 346374, 346374, 1.8658936023712158, 23.105802536010742
1538, -8.254318064078689, 4, 50.463157801001216, 373, 346747, 346747, 1.8583412170410156, 23.16722297668457
1539, -7.781360557768494, 4, 50.346729238997796, 372, 347119, 347119, 1.8088836669921875, 23.06892967224121
1540, -7.819172095973045, 4, 50.45967106000171, 373, 347492, 347492, 1.751521110534668, 23.179330825805664
1541, -8.15193553129211, 4, 50.282204888004344, 372, 347864, 347864, 1.8769826889038086, 23.015695571899414
1542, -8.43131726142019, 4, 50.38027042100293, 372, 348236, 348236, 1.8206729888916016, 23.032011032104492
1543, -9.23413086635992, 4, 50.20859539499361, 371, 348607, 348607, 1.8344298601150513, 22.88871192932129
1544, -8.275765346363187, 4, 50.441894347000925, 372, 348979, 348979, 1.7766687870025635, 23.087982177734375
1545, -8.66299084527418, 4, 50.369538384002226, 372, 349351, 349351, 1.8061802387237549, 22.853410720825195
1546, -7.675820220261812, 4, 50.364519555005245, 372, 349723, 349723, 1.8757880926132202, 23.085464477539062
1547, -7.9154037102125585, 4, 50.333739041991066, 372, 350095, 350095, 1.887649416923523, 22.78857421875
1548, -7.738398571964353, 4, 50.26341535500251, 370, 350465, 350465, 1.9093294143676758, 22.765527725219727
1549, -8.662508308887482, 4, 50.302258762996644, 371, 350836, 350836, 1.9123743772506714, 23.011863708496094
1550, -7.656165640801191, 4, 50.35961111300276, 371, 351207, 351207, 1.8528074026107788, 23.039691925048828
1551, -8.479264181107283, 4, 50.36116432599374, 371, 351578, 351578, 1.7332699298858643, 22.64504623413086
1552, -9.778376458678395, 4, 50.444597451001755, 372, 351950, 351950, 1.9013968706130981, 22.85665512084961
1553, -8.686508026439697, 4, 50.389137805992505, 373, 352323, 352323, 1.879841923713684, 22.95198631286621
1554, -8.965918686240911, 4, 50.39424308099842, 372, 352695, 352695, 1.821820616722107, 22.70900535583496
1555, -10.607691241893917, 4, 50.340653128005215, 371, 353066, 353066, 1.8851717710494995, 22.9384822845459
1556, -10.218519349116832, 4, 50.34860677999677, 372, 353438, 353438, 1.7216737270355225, 22.54531478881836
1557, -9.350545158144087, 4, 50.33801194700936, 373, 353811, 353811, 1.904991626739502, 22.724130630493164
1558, -10.170189653523266, 4, 50.29740476800362, 372, 354183, 354183, 1.8573535680770874, 22.601165771484375
1559, -8.24667705502361, 4, 50.360256761006895, 371, 354554, 354554, 1.859059453010559, 22.79425811767578
1560, -9.2006826819852, 4, 50.399420310990536, 372, 354926, 354926, 1.8430595397949219, 22.725189208984375
1561, -10.873128115199506, 4, 50.302407224997296, 371, 355297, 355297, 1.9431668519973755, 22.49056053161621
1562, -10.158861392643303, 4, 50.41785744299705, 372, 355669, 355669, 1.758151650428772, 22.385833740234375
1563, -8.707480515819043, 4, 50.30698412000493, 371, 356040, 356040, 1.904991626739502, 22.49646759033203
1564, -9.15053192852065, 4, 50.27614100900246, 371, 356411, 356411, 1.878891944885254, 22.29007911682129
1565, -9.268165384884924, 4, 50.4368744759995, 372, 356783, 356783, 1.8722360134124756, 22.63083267211914
1566, -8.813987743575126, 4, 50.46972261600604, 372, 357155, 357155, 1.8261654376983643, 22.41704750061035
1567, -10.759435500018299, 4, 50.39530133298831, 372, 357527, 357527, 1.813462257385254, 22.55735969543457
1568, -9.513864228501916, 4, 50.55362799699651, 372, 357899, 357899, 1.7916717529296875, 22.771442413330078
1569, -11.080875014420599, 4, 50.27272397399065, 371, 358270, 358270, 1.7603126764297485, 22.3391170501709
1570, -10.235169955994934, 4, 50.38150666600268, 372, 358642, 358642, 1.8971400260925293, 22.271764755249023
1571, -11.394646076019853, 4, 50.363045095000416, 372, 359014, 359014, 1.894507646560669, 22.27971649169922
1572, -11.198504943866283, 4, 50.26221019399236, 371, 359385, 359385, 1.8522135019302368, 22.2414608001709
1573, -8.003078097011894, 4, 50.34899778399267, 372, 359757, 359757, 1.8050066232681274, 22.29147720336914
1574, -11.39776650769636, 4, 50.311627001996385, 371, 360128, 360128, 1.7979953289031982, 22.436792373657227
1575, -9.666362722404301, 4, 50.37519377301214, 371, 360499, 360499, 1.9860050678253174, 22.253236770629883
1576, -11.56502579106018, 4, 50.340681973000756, 371, 360870, 360870, 1.8499542474746704, 22.345481872558594
1577, -10.04043155349791, 4, 50.35189500299748, 372, 361242, 361242, 1.8399391174316406, 22.40605354309082
1578, -9.760316635947675, 4, 50.36559651599964, 371, 361613, 361613, 1.8425582647323608, 22.35848617553711
1579, -10.253911135252565, 4, 50.2793688570091, 370, 361983, 361983, 1.7959165573120117, 22.495391845703125
1580, -9.952639849390835, 4, 50.369060608005384, 372, 362355, 362355, 1.8638153076171875, 22.421478271484375
1581, -9.824427320621908, 4, 50.34710997001093, 371, 362726, 362726, 1.842087745666504, 22.21481704711914
1582, -9.956495739985257, 4, 50.34709590599232, 371, 363097, 363097, 1.8808529376983643, 22.24355125427246
1583, -11.093870933167636, 4, 50.4280566929956, 372, 363469, 363469, 1.7914677858352661, 21.96829605102539
1584, -11.669723147992045, 4, 50.41120613599196, 372, 363841, 363841, 1.9621800184249878, 22.111557006835938
1585, -10.83829304901883, 4, 50.30841749199317, 370, 364211, 364211, 1.8008263111114502, 22.075119018554688
1586, -10.535633676685393, 4, 50.32609844200488, 371, 364582, 364582, 1.8620996475219727, 22.109695434570312
1587, -9.697495242580771, 4, 50.42745259500225, 372, 364954, 364954, 1.8022586107254028, 22.153661727905273
1588, -10.771017337217927, 4, 50.279501099998015, 371, 365325, 365325, 1.867579698562622, 22.08197021484375
1589, -11.290605284739286, 4, 50.36568812499172, 371, 365696, 365696, 1.7677569389343262, 22.088699340820312
1590, -9.340429885312915, 4, 50.29096626400133, 371, 366067, 366067, 1.8915444612503052, 22.032249450683594
1591, -10.522527319844812, 4, 50.395582116005244, 372, 366439, 366439, 1.8536807298660278, 22.013057708740234
1592, -12.566229769028723, 4, 50.57866422900406, 373, 366812, 366812, 2.021850109100342, 22.14623260498047
1593, -10.199861806351691, 4, 50.38419713600888, 372, 367184, 367184, 1.8001154661178589, 22.290109634399414
1594, -10.566623684484512, 4, 50.39592325600097, 372, 367556, 367556, 1.8719396591186523, 21.71884536743164
1595, -11.462499599903822, 4, 50.54702939999697, 372, 367928, 367928, 1.851609230041504, 21.857831954956055
1596, -12.461462154518813, 4, 50.31519805199059, 371, 368299, 368299, 1.7435317039489746, 21.89540672302246
1597, -15.653122130781412, 4, 50.36078145100328, 371, 368670, 368670, 1.8235111236572266, 21.545757293701172
1598, -12.202523665037006, 4, 50.34312949501327, 372, 369042, 369042, 1.7190024852752686, 21.80636978149414
1599, -15.920323523227125, 4, 50.348309575987514, 371, 369413, 369413, 1.8865654468536377, 21.82811737060547
1600, -10.38916325289756, 4, 50.309816591005074, 371, 369784, 369784, 1.8854373693466187, 21.884389877319336
1601, -11.717064262833446, 4, 50.33104701800039, 370, 370154, 370154, 1.735796570777893, 21.76783561706543
1602, -14.216233956161886, 4, 50.462067145999754, 371, 370525, 370525, 1.8925575017929077, 21.93267250061035
1603, -11.196821065153927, 4, 50.32263639199664, 371, 370896, 370896, 1.84259033203125, 21.74923324584961
1604, -12.215414516162127, 4, 50.29575816699071, 371, 371267, 371267, 1.8230054378509521, 21.766489028930664
1605, -13.967824491206557, 4, 50.343261961999815, 372, 371639, 371639, 1.8621180057525635, 21.726062774658203
1606, -11.696003436576575, 4, 50.399502863001544, 371, 372010, 372010, 1.8597105741500854, 21.462318420410156
1607, -12.35568629996851, 4, 50.27463673199236, 370, 372380, 372380, 1.9214414358139038, 21.613752365112305
1608, -17.227183015085757, 4, 50.360147997998865, 371, 372751, 372751, 1.8395096063613892, 21.554519653320312
1609, -11.797017565462738, 4, 50.36537219300226, 371, 373122, 373122, 1.7585456371307373, 21.55834197998047
1610, -11.067166471853852, 4, 50.445864125998924, 371, 373493, 373493, 1.7774577140808105, 21.501806259155273
1611, -12.055824361741543, 4, 50.413229811005294, 372, 373865, 373865, 1.8321946859359741, 21.57579803466797
1612, -11.852813974022865, 4, 50.41499120699882, 371, 374236, 374236, 1.8719303607940674, 21.41362953186035
1613, -11.034000001847744, 4, 50.3670924409962, 371, 374607, 374607, 1.7889633178710938, 21.46232795715332
1614, -8.053050683811307, 4, 50.31661536300089, 371, 374978, 374978, 1.7328869104385376, 21.3182430267334
1615, -10.808896344155073, 4, 50.27200356600224, 371, 375349, 375349, 1.8728793859481812, 21.44837188720703
1616, -13.427465830463916, 4, 50.42007384299359, 371, 375720, 375720, 1.8005657196044922, 21.2683048248291
1617, -11.56268104724586, 4, 50.229725774988765, 369, 376089, 376089, 1.736903429031372, 21.3701114654541
1618, -17.426466153003275, 4, 50.49346419800713, 372, 376461, 376461, 1.7226561307907104, 21.55373764038086
1619, -13.650292918551713, 4, 50.433259117999114, 371, 376832, 376832, 1.8736592531204224, 21.39613151550293
1620, -14.380593587644398, 4, 50.44720857599168, 372, 377204, 377204, 1.7670758962631226, 21.260087966918945
1621, -13.355821569915861, 4, 50.37853355600964, 370, 377574, 377574, 1.7355711460113525, 21.27341079711914
1622, -10.953915315214545, 4, 50.43023616701248, 371, 377945, 377945, 1.8572126626968384, 21.404428482055664
1623, -14.08937527379021, 4, 50.41834445299173, 372, 378317, 378317, 1.8789139986038208, 21.18450164794922
1624, -15.1228455635719, 4, 50.358390722001786, 370, 378687, 378687, 1.7632969617843628, 21.395626068115234
1625, -13.975561640691012, 4, 50.33291432799888, 371, 379058, 379058, 1.7327139377593994, 21.104209899902344
1626, -12.740641559008509, 4, 50.32219080699724, 370, 379428, 379428, 1.745749592781067, 21.045246124267578
1627, -12.697430221829563, 4, 50.252883347988245, 370, 379798, 379798, 1.8685327768325806, 21.412206649780273
1628, -12.09633921738714, 4, 50.35771520900016, 371, 380169, 380169, 1.9091598987579346, 21.105979919433594
1629, -11.05582512030378, 4, 50.40076512200176, 371, 380540, 380540, 1.745458722114563, 21.32481575012207
1630, -12.233364390674978, 4, 50.36546038801316, 371, 380911, 380911, 1.7846086025238037, 21.0318603515625
1631, -11.995449897833169, 4, 50.359980634995736, 371, 381282, 381282, 1.9792574644088745, 20.94864845275879
1632, -8.506105337757617, 4, 50.31346819999453, 370, 381652, 381652, 1.8821749687194824, 20.94148063659668
1633, -10.865786853712052, 4, 50.43152257299516, 372, 382024, 382024, 1.804362177848816, 20.886005401611328
1634, -10.829239321872592, 4, 50.31949064799119, 371, 382395, 382395, 1.8393447399139404, 20.90142250061035
1635, -12.237713196780533, 4, 50.22767711000051, 370, 382765, 382765, 1.8069599866867065, 20.93373680114746
1636, -10.379095423966646, 4, 50.430782395997085, 371, 383136, 383136, 1.6453967094421387, 20.979679107666016
1637, -9.253586143720895, 4, 50.364739005002775, 372, 383508, 383508, 1.8956124782562256, 20.767501831054688
1638, -8.364282226189971, 4, 50.506195017995196, 372, 383880, 383880, 1.737505316734314, 21.086849212646484
1639, -7.76140327565372, 4, 50.433801438994124, 372, 384252, 384252, 1.7579559087753296, 20.710939407348633
1640, -8.905844921246171, 4, 50.44319432300108, 371, 384623, 384623, 1.8106788396835327, 21.02237319946289
1641, -9.20761752454564, 4, 50.28670560401224, 370, 384993, 384993, 1.7891054153442383, 20.86119270324707
1642, -10.80223145056516, 4, 50.40369713101245, 371, 385364, 385364, 1.8320209980010986, 21.13060188293457
1643, -12.09918125718832, 4, 50.31820706599683, 370, 385734, 385734, 1.7919834852218628, 20.963422775268555
1644, -11.16988192871213, 4, 50.30085174900887, 371, 386105, 386105, 1.64335298538208, 20.84438133239746
1645, -12.06895449757576, 4, 50.38743954700476, 371, 386476, 386476, 1.7547141313552856, 20.768898010253906
1646, -11.026183012872934, 4, 50.28074220199778, 370, 386846, 386846, 1.7937816381454468, 20.703975677490234
1647, -8.508459264412522, 4, 50.34273129000212, 371, 387217, 387217, 1.79097580909729, 20.714468002319336
1648, -12.003019775729626, 4, 50.34874499500438, 366, 387583, 387583, 1.8990211486816406, 20.664094924926758
1649, -10.763833887409419, 4, 50.404763407990686, 371, 387954, 387954, 1.8612308502197266, 20.819198608398438
1650, -17.148448340129107, 4, 50.355744465996395, 371, 388325, 388325, 1.7409517765045166, 20.849727630615234
1651, -12.311856576241553, 4, 50.35905935100163, 371, 388696, 388696, 1.7979702949523926, 20.743539810180664
1652, -14.117024184204638, 4, 50.419730315989, 372, 389068, 389068, 1.7992197275161743, 20.7421932220459
1653, -8.817641532514244, 4, 50.368254183005774, 371, 389439, 389439, 1.8251843452453613, 21.01434898376465
1654, -8.194812522269785, 4, 50.254702570993686, 370, 389809, 389809, 1.8221935033798218, 20.6269588470459
1655, -9.630580462515354, 4, 50.285330793005414, 370, 390179, 390179, 1.7264964580535889, 20.713172912597656
1656, -12.553877090103924, 4, 50.43683618999785, 370, 390549, 390549, 1.8335179090499878, 20.85801887512207
1657, -13.604838874656707, 4, 50.23875919599959, 370, 390919, 390919, 1.7451224327087402, 20.63678550720215
1658, -11.633490894921124, 4, 50.40465286099061, 371, 391290, 391290, 1.8252453804016113, 20.87268829345703
1659, -14.288008879404515, 4, 50.32871839700965, 370, 391660, 391660, 1.746329665184021, 20.458715438842773
1660, -9.279994149226695, 4, 50.33044638299907, 371, 392031, 392031, 1.765898585319519, 20.66512680053711
1661, -12.063242076896131, 4, 50.38111891700828, 370, 392401, 392401, 1.858260154724121, 20.745803833007812
1662, -13.121135441586375, 4, 50.41677225500462, 370, 392771, 392771, 1.8481717109680176, 20.93770408630371
1663, -9.802311919163913, 4, 50.41241344400623, 370, 393141, 393141, 1.8073976039886475, 20.858661651611328
1664, -8.772719073109329, 4, 50.269752624997636, 370, 393511, 393511, 1.814141869544983, 20.427988052368164
1665, -10.503803310450166, 4, 50.39148185099475, 371, 393882, 393882, 1.840438961982727, 20.831111907958984
1666, -9.930822158232331, 4, 50.2922414749919, 370, 394252, 394252, 1.8242243528366089, 20.50230598449707
1667, -10.76770122628659, 4, 50.34803250100231, 370, 394622, 394622, 1.9010648727416992, 20.77445411682129
1668, -7.274275097530335, 4, 50.320822694004164, 370, 394992, 394992, 1.8340411186218262, 20.610410690307617
1669, -10.618084632325917, 4, 50.36009145600838, 370, 395362, 395362, 1.8043577671051025, 20.52336883544922
1670, -11.838545318692923, 4, 50.3899432800099, 370, 395732, 395732, 1.865638256072998, 20.522937774658203
1671, -10.08920750953257, 4, 50.24175374400511, 370, 396102, 396102, 1.739038109779358, 20.3197021484375
1672, -8.279642738867551, 4, 50.44206935899274, 371, 396473, 396473, 1.8310117721557617, 20.543272018432617
1673, -8.147294810507447, 4, 50.28530615899945, 370, 396843, 396843, 1.8499094247817993, 20.467683792114258
1674, -8.755666497163475, 4, 50.429596458008746, 371, 397214, 397214, 1.7860891819000244, 20.609716415405273
1675, -7.806983124930412, 4, 50.52108187699923, 371, 397585, 397585, 1.812437653541565, 20.65657615661621
1676, -8.315042024012655, 4, 50.47841134099872, 371, 397956, 397956, 1.8091315031051636, 20.600078582763672
1677, -9.086089837364852, 4, 50.25958942998841, 370, 398326, 398326, 1.8237260580062866, 20.82199478149414
1678, -7.782497841864824, 4, 50.33054977300344, 370, 398696, 398696, 1.7562190294265747, 20.753509521484375
1679, -7.58718786155805, 4, 50.34795130000566, 371, 399067, 399067, 1.7595994472503662, 20.91401481628418
1680, -7.359624235890806, 4, 50.4296270699997, 371, 399438, 399438, 1.7885236740112305, 20.817354202270508
1681, -9.96126235416159, 4, 50.28672354100854, 370, 399808, 399808, 1.8162230253219604, 21.08420753479004
1682, -6.371258445549756, 4, 50.354880792991025, 370, 400178, 400178, 1.7985306978225708, 20.710935592651367
1683, -8.722093236166984, 4, 50.32975100100157, 369, 400547, 400547, 1.7458441257476807, 20.776592254638672
1684, -10.769707336090505, 4, 50.38476934900973, 370, 400917, 400917, 1.8197603225708008, 20.715307235717773
1685, -7.3143137553706765, 4, 50.35607233700284, 370, 401287, 401287, 1.7230075597763062, 20.81189727783203
1686, -8.224707457702607, 4, 50.343720056000166, 371, 401658, 401658, 1.7512236833572388, 21.019872665405273
1687, -9.371742450632155, 4, 50.373865581001155, 370, 402028, 402028, 1.726396083831787, 20.675636291503906
1688, -9.944226648658514, 4, 50.22431974801293, 369, 402397, 402397, 1.8037610054016113, 20.85311508178711
1689, -12.015333229675889, 4, 50.382251154995174, 370, 402767, 402767, 1.7651647329330444, 20.755346298217773
1690, -11.925451735500246, 4, 50.32889248500578, 369, 403136, 403136, 1.6421573162078857, 20.525941848754883
1691, -12.979310885537416, 4, 50.41868846100988, 371, 403507, 403507, 1.7327566146850586, 20.632333755493164
1692, -11.098692924715579, 4, 50.44035717299266, 372, 403879, 403879, 1.7022919654846191, 20.788063049316406
1693, -14.176814372185618, 4, 50.265932428010274, 370, 404249, 404249, 1.8177739381790161, 20.66358184814453
1694, -11.12938194675371, 4, 50.466547450996586, 371, 404620, 404620, 1.8001527786254883, 20.98004722595215
1695, -11.503968250006437, 4, 50.351468396998825, 370, 404990, 404990, 1.8235629796981812, 20.671661376953125
1696, -9.743248111568391, 4, 50.280379703006474, 369, 405359, 405359, 1.8075740337371826, 20.674264907836914
1697, -8.456593956798315, 4, 50.39104151100037, 370, 405729, 405729, 1.694106101989746, 20.51693344116211
1698, -8.61731460224837, 4, 50.24934480099182, 369, 406098, 406098, 1.717611312866211, 20.938838958740234
1699, -7.015843910165131, 4, 50.32542670800467, 370, 406468, 406468, 1.7234816551208496, 20.669456481933594
1700, -7.799462519586086, 4, 50.496128547994886, 371, 406839, 406839, 1.7569392919540405, 20.4749813079834
1701, -8.339484493248165, 4, 50.428777669992996, 370, 407209, 407209, 1.7391893863677979, 20.786575317382812
1702, -9.14884440926835, 4, 50.34661540600064, 369, 407578, 407578, 1.7374438047409058, 20.72384262084961
1703, -7.073781552258879, 4, 50.422251602998585, 370, 407948, 407948, 1.6180570125579834, 20.602373123168945
1704, -8.171703147236258, 4, 50.459837738002534, 370, 408318, 408318, 1.7432091236114502, 20.581960678100586
1705, -7.6423853654414415, 4, 50.31063360099506, 369, 408687, 408687, 1.7381207942962646, 20.922353744506836
1706, -6.8445304948836565, 4, 50.3418406980054, 370, 409057, 409057, 1.741697072982788, 20.532455444335938
1707, -8.11392850941047, 4, 50.42159935300879, 370, 409427, 409427, 1.8547101020812988, 20.450801849365234
1708, -6.334840341471136, 4, 50.30486892099725, 369, 409796, 409796, 1.773990511894226, 20.602951049804688
1709, -7.616864914540201, 4, 50.35855293199711, 370, 410166, 410166, 1.7450703382492065, 20.53753089904785
1710, -7.652992934919894, 4, 50.284118769006454, 369, 410535, 410535, 1.6518280506134033, 20.651996612548828
1711, -6.465849115047604, 4, 50.380270815003314, 369, 410904, 410904, 1.771569848060608, 20.549663543701172
1712, -7.716675234492868, 4, 50.42987464601174, 370, 411274, 411274, 1.6148347854614258, 20.7187557220459
1713, -6.603457093238831, 4, 50.40575141100271, 371, 411645, 411645, 1.6867077350616455, 20.37557601928711
1714, -6.848627800121903, 4, 50.52373408700805, 370, 412015, 412015, 1.6617258787155151, 20.706727981567383
1715, -6.981316487770528, 4, 50.53876021699398, 371, 412386, 412386, 1.664812684059143, 20.33308219909668
1716, -6.509156179614365, 4, 50.36221000399382, 369, 412755, 412755, 1.7789208889007568, 20.606300354003906
1717, -6.68635245738551, 4, 50.42095264499949, 370, 413125, 413125, 1.7691600322723389, 20.40911102294922
1718, -6.857892625033855, 4, 50.30299328600813, 370, 413495, 413495, 1.6728712320327759, 20.320022583007812
1719, -6.898618838749826, 4, 50.374732230993686, 370, 413865, 413865, 1.7079377174377441, 20.293659210205078
1720, -7.597661450970918, 4, 50.34090637200279, 369, 414234, 414234, 1.6729856729507446, 20.259441375732422
1721, -6.914295695722103, 4, 50.26210113000707, 369, 414603, 414603, 1.7122936248779297, 20.335575103759766
1722, -7.798144201282412, 4, 50.32474478401127, 369, 414972, 414972, 1.6709201335906982, 20.178621292114258
1723, -8.813414574135095, 4, 50.462231498007895, 370, 415342, 415342, 1.6768141984939575, 20.371095657348633
1724, -6.498117697425187, 4, 50.47518440100248, 371, 415713, 415713, 1.7611711025238037, 20.148635864257812
1725, -8.50548714119941, 4, 50.412834711998585, 370, 416083, 416083, 1.7342517375946045, 20.408191680908203
1726, -6.9960288484580815, 4, 50.3361772299977, 370, 416453, 416453, 1.75732421875, 20.034961700439453
1727, -7.223690782207996, 4, 50.374585776007734, 370, 416823, 416823, 1.8319382667541504, 20.31597137451172
1728, -7.2379988501779735, 4, 50.24341986500076, 368, 417191, 417191, 1.695044755935669, 20.272035598754883
1729, -8.886498569976538, 4, 50.33699572000478, 370, 417561, 417561, 1.754499912261963, 20.348905563354492
1730, -9.626981143839657, 4, 50.31142345299304, 370, 417931, 417931, 1.7252038717269897, 20.364957809448242
1731, -8.384107240010053, 4, 50.371489900004235, 369, 418300, 418300, 1.5428645610809326, 20.079235076904297
1732, -7.566938618198037, 4, 50.33548915799474, 369, 418669, 418669, 1.6568294763565063, 19.985755920410156
1733, -7.710080790799111, 4, 50.498021758001414, 371, 419040, 419040, 1.7031794786453247, 19.971355438232422
1734, -8.689363345969468, 4, 50.31745088900789, 371, 419411, 419411, 1.6657347679138184, 20.11349105834961
1735, -9.242812963202596, 4, 50.42793572299706, 370, 419781, 419781, 1.5971816778182983, 20.15619659423828
1736, -8.244726967997849, 4, 50.31328822800424, 369, 420150, 420150, 1.7301796674728394, 19.999414443969727
1737, -9.74435402173549, 4, 50.38420523398963, 370, 420520, 420520, 1.6815403699874878, 20.03896141052246
1738, -9.306160465814173, 4, 50.344097387991496, 369, 420889, 420889, 1.7749354839324951, 19.838817596435547
1739, -8.062015463132411, 4, 50.36573998800304, 369, 421258, 421258, 1.6025382280349731, 20.192211151123047
1740, -8.433992375154048, 4, 50.25042779100477, 369, 421627, 421627, 1.6498242616653442, 20.107454299926758
1741, -8.979801770765334, 4, 50.436157306001405, 369, 421996, 421996, 1.7821338176727295, 20.050941467285156
1742, -11.463360430207103, 4, 50.313742161000846, 369, 422365, 422365, 1.701888084411621, 19.802858352661133
1743, -7.404752511996776, 4, 50.39009404499666, 369, 422734, 422734, 1.6333434581756592, 20.224987030029297
1744, -14.256830701138824, 4, 50.314871394992224, 370, 423104, 423104, 1.6720731258392334, 20.039121627807617
1745, -10.453822227660567, 4, 50.52086591000261, 371, 423475, 423475, 1.7090259790420532, 19.661298751831055
1746, -9.029247662052512, 4, 50.37376118300017, 369, 423844, 423844, 1.6167256832122803, 19.90302848815918
1747, -10.976681498344988, 4, 50.48628658999223, 371, 424215, 424215, 1.683443546295166, 20.05916404724121
1748, -8.249679928645492, 4, 50.42234084500524, 370, 424585, 424585, 1.5820788145065308, 19.779943466186523
1749, -8.333441507071257, 4, 50.31656178399862, 369, 424954, 424954, 1.770318865776062, 20.245040893554688
1750, -8.057634681463242, 4, 50.32460844400339, 370, 425324, 425324, 1.6700528860092163, 19.649961471557617
1751, -7.519395429641008, 4, 50.368023671006085, 369, 425693, 425693, 1.6908611059188843, 19.94656753540039
1752, -6.838953471276909, 4, 50.35762604599586, 369, 426062, 426062, 1.5938096046447754, 19.624568939208984
1753, -7.737508861348033, 4, 50.27552517100412, 369, 426431, 426431, 1.619246006011963, 19.979141235351562
1754, -8.964207750745118, 4, 50.45601741599967, 369, 426800, 426800, 1.810766577720642, 19.915447235107422
1755, -9.414043630007654, 4, 50.39648227801081, 369, 427169, 427169, 1.6969332695007324, 19.70244598388672
1756, -7.368809680920094, 4, 50.37974558099813, 369, 427538, 427538, 1.7195947170257568, 19.81998634338379
1757, -8.374941748101264, 4, 50.34160498599522, 369, 427907, 427907, 1.6996800899505615, 19.65912437438965
1758, -10.764465455897152, 4, 50.333230446995, 369, 428276, 428276, 1.7608181238174438, 19.80337142944336
1759, -8.583945645950735, 4, 50.443945746999816, 369, 428645, 428645, 1.765971302986145, 19.768041610717773
1760, -12.41022529779002, 4, 50.30143370699079, 369, 429014, 429014, 1.7516112327575684, 19.6406192779541
1761, -12.249491344206035, 4, 50.280716563996975, 369, 429383, 429383, 1.6613231897354126, 19.48053550720215
1762, -16.547999217174947, 4, 50.38612752400513, 369, 429752, 429752, 1.7328108549118042, 19.57633399963379
1763, -12.631652789190412, 4, 50.344328773004236, 369, 430121, 430121, 1.6836423873901367, 19.74800682067871
1764, -14.0473489202559, 4, 50.2848324229999, 368, 430489, 430489, 1.6799520254135132, 19.690553665161133
1765, -15.904915924184024, 4, 50.30539187899558, 368, 430857, 430857, 1.6523921489715576, 19.571714401245117
1766, -22.347737541422248, 4, 50.459239892996266, 371, 431228, 431228, 1.6933298110961914, 19.657028198242188
1767, -18.480092057958245, 4, 50.45694613100204, 371, 431599, 431599, 1.716591238975525, 19.376272201538086
1768, -21.215685296803713, 4, 50.4843383510015, 370, 431969, 431969, 1.7348079681396484, 19.636999130249023
1769, -26.365241603925824, 4, 50.39748576800048, 369, 432338, 432338, 1.6460926532745361, 19.56416130065918
1770, -20.782917009666562, 4, 50.29576091999479, 370, 432708, 432708, 1.7502386569976807, 19.697633743286133
1771, -25.82260828651488, 4, 50.49562427299679, 370, 433078, 433078, 1.5935945510864258, 19.769439697265625
1772, -24.917147973552346, 4, 50.30914296899573, 369, 433447, 433447, 1.7795848846435547, 19.84366226196289
1773, -24.549749152734876, 4, 50.27490440499969, 368, 433815, 433815, 1.7826783657073975, 19.748645782470703
1774, -26.85599817149341, 4, 50.471112308994634, 370, 434185, 434185, 1.5798420906066895, 19.254045486450195
1775, -25.3823762498796, 4, 50.258931207994465, 368, 434553, 434553, 1.6174156665802002, 19.554216384887695
1776, -26.344626483507454, 4, 50.341327864996856, 369, 434922, 434922, 1.6762173175811768, 19.57627296447754
1777, -23.707656297832727, 4, 50.313392347001354, 369, 435291, 435291, 1.743717074394226, 19.270029067993164
1778, -23.680884962901473, 4, 50.394536507999874, 367, 435658, 435658, 1.7937095165252686, 19.27561378479004
1779, -25.662232413887978, 4, 50.236473427008605, 368, 436026, 436026, 1.68495774269104, 19.495742797851562
1780, -25.343645110726357, 4, 50.35302262401092, 369, 436395, 436395, 1.627465009689331, 19.34302520751953
1781, -24.846205903217196, 4, 50.45332233600493, 369, 436764, 436764, 1.8023556470870972, 19.218738555908203
1782, -25.397798435762525, 4, 50.47031504799088, 369, 437133, 437133, 1.6047508716583252, 19.300424575805664
1783, -27.41007807292044, 4, 50.50106925900036, 370, 437503, 437503, 1.6536900997161865, 19.42288589477539
1784, -28.372190667316318, 4, 50.30657626199536, 369, 437872, 437872, 1.7202354669570923, 19.28653335571289
1785, -26.72087538521737, 4, 50.2643942470022, 369, 438241, 438241, 1.6496000289916992, 19.347122192382812
1786, -27.58287864178419, 4, 50.391216688003624, 369, 438610, 438610, 1.719485878944397, 19.20376968383789
1787, -28.84727391600609, 4, 50.26038845299627, 368, 438978, 438978, 1.69254469871521, 19.36328887939453
1788, -31.515445921570063, 4, 50.41676718300732, 370, 439348, 439348, 1.6539150476455688, 19.31271743774414
1789, -32.45127571746707, 4, 50.26426519299275, 367, 439715, 439715, 1.620485782623291, 19.28547477722168
1790, -29.666175603866577, 4, 50.36395581199031, 369, 440084, 440084, 1.740992546081543, 19.276613235473633
1791, -29.923228377476335, 4, 50.39981627400266, 369, 440453, 440453, 1.7513666152954102, 19.395177841186523
1792, -31.828370731323957, 4, 50.392859753002995, 370, 440823, 440823, 1.7005549669265747, 19.037132263183594
1793, -29.736541701480746, 4, 50.25300957400759, 369, 441192, 441192, 1.5974708795547485, 18.95854377746582
1794, -32.36016255430877, 4, 50.431188279995695, 370, 441562, 441562, 1.5800793170928955, 19.236621856689453
1795, -33.37850708886981, 4, 50.32401844700507, 368, 441930, 441930, 1.6280308961868286, 19.140897750854492
1796, -35.67728644423187, 4, 50.21083369299595, 367, 442297, 442297, 1.7288920879364014, 19.240182876586914
1797, -37.46827968582511, 4, 50.4635436420067, 369, 442666, 442666, 1.578573226928711, 18.933609008789062
1798, -38.40116651728749, 4, 50.23063191901019, 367, 443033, 443033, 1.7069073915481567, 18.973785400390625
1799, -40.90534054487944, 4, 50.39548213699891, 368, 443401, 443401, 1.6309480667114258, 18.91500473022461
1800, -40.94215188547969, 4, 50.29858022200642, 368, 443769, 443769, 1.6169908046722412, 19.069595336914062
1801, -38.804225977510214, 4, 50.42444584300392, 368, 444137, 444137, 1.6342493295669556, 19.1713924407959
1802, -43.71407746523619, 4, 50.32184207199316, 368, 444505, 444505, 1.5932444334030151, 19.311290740966797
1803, -41.676364328712225, 4, 50.40649064500758, 369, 444874, 444874, 1.638056755065918, 18.92975425720215
1804, -34.53536943718791, 4, 50.26823944099306, 368, 445242, 445242, 1.6219816207885742, 19.111957550048828
1805, -44.94200827181339, 4, 50.40903121199517, 369, 445611, 445611, 1.7115007638931274, 18.960189819335938
1806, -44.82097716256976, 4, 50.27961928199511, 368, 445979, 445979, 1.572296142578125, 18.908327102661133
1807, -45.36475208774209, 4, 50.3968559030036, 368, 446347, 446347, 1.6539076566696167, 19.094125747680664
1808, -45.87684267386794, 4, 50.29935776999628, 368, 446715, 446715, 1.6387807130813599, 19.390655517578125
1809, -46.10304179787636, 4, 50.486123814000166, 370, 447085, 447085, 1.6667139530181885, 19.173431396484375
1810, -49.014872562140226, 4, 50.52410805200634, 370, 447455, 447455, 1.68710458278656, 19.098386764526367
1811, -41.82417859509587, 4, 50.39450315000431, 368, 447823, 447823, 1.5680854320526123, 19.131563186645508
1812, -42.9870987534523, 4, 50.445851006006706, 370, 448193, 448193, 1.7040740251541138, 18.835264205932617
1813, -40.20080880448222, 4, 50.508750809996855, 370, 448563, 448563, 1.5917868614196777, 18.97635841369629
1814, -40.81360434368253, 4, 50.474795261994586, 369, 448932, 448932, 1.5746119022369385, 18.879335403442383
1815, -41.61250422522426, 4, 50.29733492899686, 368, 449300, 449300, 1.6728986501693726, 19.008337020874023
1816, -38.76950974389911, 4, 50.37946877599461, 368, 449668, 449668, 1.6193091869354248, 19.021394729614258
1817, -40.23071935027838, 4, 50.44301320798695, 370, 450038, 450038, 1.6477389335632324, 19.100730895996094
1818, -42.53421565517783, 4, 50.32412823699997, 369, 450407, 450407, 1.579064965248108, 19.037870407104492
1819, -40.990161035209894, 4, 50.24004299999797, 367, 450774, 450774, 1.6564692258834839, 18.751689910888672
1820, -41.80547433719039, 4, 50.41787781000312, 368, 451142, 451142, 1.628141164779663, 18.60089111328125
1821, -42.63148459047079, 4, 50.32195525499992, 367, 451509, 451509, 1.639927864074707, 18.91334342956543
1822, -40.59713376313448, 4, 50.415647109999554, 368, 451877, 451877, 1.6496104001998901, 18.711536407470703
1823, -39.636618092656136, 4, 50.296971738003776, 368, 452245, 452245, 1.6672990322113037, 18.959806442260742
1824, -47.13335134834051, 4, 50.40051269100513, 368, 452613, 452613, 1.6785914897918701, 18.762523651123047
1825, -42.92787246033549, 4, 50.26707969100971, 368, 452981, 452981, 1.5438421964645386, 18.955965042114258
1826, -44.0705141723156, 4, 50.4017027150112, 369, 453350, 453350, 1.6225154399871826, 18.71514892578125
1827, -43.64698428288102, 4, 50.23123843999929, 368, 453718, 453718, 1.5702968835830688, 18.84322166442871
1828, -45.72542528808117, 4, 50.3518987409916, 368, 454086, 454086, 1.6020817756652832, 18.89399528503418
1829, -41.016393799334764, 4, 50.425175480006146, 368, 454454, 454454, 1.51483154296875, 18.73338508605957
1830, -45.395648423582315, 4, 50.35609130100056, 369, 454823, 454823, 1.646318793296814, 18.617015838623047
1831, -48.345582120120525, 4, 50.334561208990635, 368, 455191, 455191, 1.685067057609558, 18.896873474121094
1832, -38.3677983880043, 4, 50.37769446299353, 369, 455560, 455560, 1.6161997318267822, 19.005359649658203
1833, -32.76555288955569, 4, 50.40611135400832, 369, 455929, 455929, 1.5108376741409302, 18.766923904418945
1834, -42.92423225566745, 4, 50.321556725000846, 368, 456297, 456297, 1.6236069202423096, 18.678831100463867
1835, -43.14027996733785, 4, 50.302346783995745, 368, 456665, 456665, 1.595158576965332, 18.779403686523438
1836, -47.21759315952659, 4, 50.32384556499892, 367, 457032, 457032, 1.6343114376068115, 18.952735900878906
1837, -42.743708334863186, 4, 50.23115838399099, 367, 457399, 457399, 1.667478322982788, 18.699880599975586
1838, -40.549514926970005, 4, 50.34659415400529, 368, 457767, 457767, 1.6202303171157837, 18.54052734375
1839, -30.145442774519324, 4, 50.54488349700114, 370, 458137, 458137, 1.5953525304794312, 18.62656021118164
1840, -27.466874077916145, 4, 50.464052524999715, 369, 458506, 458506, 1.5713061094284058, 18.83326530456543
1841, -27.326190697029233, 4, 50.304637171007926, 367, 458873, 458873, 1.6316590309143066, 18.702465057373047
1842, -30.175886772572994, 4, 50.437365537000005, 369, 459242, 459242, 1.5721524953842163, 18.545299530029297
1843, -29.1612943187356, 4, 50.3582184620027, 369, 459611, 459611, 1.8683719635009766, 18.8515625
1844, -26.12454592809081, 4, 50.26126343999931, 367, 459978, 459978, 1.5332746505737305, 18.748106002807617
1845, -26.854569783434272, 4, 50.327583859005244, 368, 460346, 460346, 1.645395040512085, 18.827871322631836
1846, -30.898992624133825, 4, 50.353028486992116, 367, 460713, 460713, 1.553855299949646, 18.72499656677246
1847, -27.203413674607873, 4, 50.39360680700338, 368, 461081, 461081, 1.559073567390442, 18.3978271484375
1848, -29.709033681079745, 4, 50.38703772300505, 367, 461448, 461448, 1.5932528972625732, 18.448244094848633
1849, -28.928425626829267, 4, 50.45973307800887, 369, 461817, 461817, 1.5949257612228394, 18.54889488220215
1850, -31.213788805529475, 4, 50.476654248006525, 369, 462186, 462186, 1.5630788803100586, 18.50450897216797
1851, -30.718810945749283, 4, 50.416654465996544, 368, 462554, 462554, 1.5276710987091064, 18.722749710083008
1852, -30.408363269641995, 4, 50.386446889009676, 369, 462923, 462923, 1.6122111082077026, 18.370269775390625
1853, -34.652572367340326, 4, 50.3608591890079, 368, 463291, 463291, 1.5632644891738892, 18.654848098754883
1854, -31.988887682557106, 4, 50.32702006099862, 368, 463659, 463659, 1.6744449138641357, 18.6752872467041
1855, -31.15935966745019, 4, 50.274521871993784, 368, 464027, 464027, 1.634291648864746, 18.3900203704834
1856, -30.453914476558566, 4, 50.42888932900678, 368, 464395, 464395, 1.7595036029815674, 18.5966854095459
1857, -30.47257469780743, 4, 50.37034666100226, 368, 464763, 464763, 1.64250910282135, 18.809919357299805
1858, -32.355037946254015, 4, 50.315596177999396, 367, 465130, 465130, 1.5408536195755005, 18.25979232788086
1859, -30.56421031244099, 4, 50.253885336001986, 367, 465497, 465497, 1.641806960105896, 18.435386657714844
1860, -28.47460637614131, 4, 50.34824743399804, 368, 465865, 465865, 1.5892632007598877, 18.946914672851562
1861, -26.156788816675544, 4, 50.37886210301076, 368, 466233, 466233, 1.5102711915969849, 18.38184356689453
1862, -27.04255615733564, 4, 50.38698671199381, 368, 466601, 466601, 1.6778196096420288, 18.536357879638672
1863, -27.4178008120507, 4, 50.34306953600026, 368, 466969, 466969, 1.6644542217254639, 18.699752807617188
1864, -27.60003463923931, 4, 50.453454028000124, 368, 467337, 467337, 1.6734038591384888, 18.25279998779297
1865, -23.945855954661965, 4, 50.29385132799507, 368, 467705, 467705, 1.6890119314193726, 18.673267364501953
1866, -22.959483733400702, 4, 50.401304993996746, 367, 468072, 468072, 1.6054484844207764, 18.528772354125977
1867, -25.335743747651577, 4, 50.41391483100597, 368, 468440, 468440, 1.5062156915664673, 18.544435501098633
1868, -24.91355544794351, 4, 50.23821926100936, 367, 468807, 468807, 1.5873287916183472, 18.602102279663086
1869, -24.424417536705732, 4, 50.2895036139962, 367, 469174, 469174, 1.6950039863586426, 18.362024307250977
1870, -23.201579343527555, 4, 50.434308178009815, 368, 469542, 469542, 1.6237627267837524, 18.424823760986328
1871, -20.886606018058956, 4, 50.33167457499076, 367, 469909, 469909, 1.5688180923461914, 18.31138038635254
1872, -21.2343345079571, 4, 50.417588911004714, 368, 470277, 470277, 1.5540320873260498, 18.46245574951172
1873, -21.86597247608006, 4, 50.381214470995474, 368, 470645, 470645, 1.556178331375122, 18.3151912689209
1874, -22.500686676241457, 4, 50.334197989010136, 366, 471011, 471011, 1.5983448028564453, 18.5362548828125
1875, -189.16978849982843, 2, 49.25358037398837, 342, 471353, 471353, 1.5182092189788818, 18.47827911376953
1876, -169.9198212325573, 2, 5.250085422012489, 30, 471383, 471383, 1.7204347848892212, 18.200923919677734
1877, -170.35684165358543, 2, 5.2178753939952, 30, 471413, 471413, 1.679015874862671, 18.71060562133789
1878, -169.308258831501, 2, 4.718358124009683, 30, 471443, 471443, 1.4092252254486084, 18.41099739074707
1879, -60.40240750624798, 4, 50.23534165100136, 368, 471811, 471811, 1.584965467453003, 18.50758934020996
1880, -167.07487138174474, 2, 18.10390444699442, 130, 471941, 471941, 1.5258985757827759, 18.654687881469727
1881, -171.59400761127472, 2, 4.555954309005756, 30, 471971, 471971, 1.7117449045181274, 18.25425148010254
1882, -171.69109004735947, 2, 4.591848691998166, 30, 472001, 472001, 1.6604361534118652, 18.96956443786621
1883, -81.40927416854538, 4, 50.98872962000314, 374, 472375, 472375, 1.628380298614502, 18.564773559570312
1884, -34.23619763094757, 4, 50.30317022399686, 369, 472744, 472744, 1.5630364418029785, 18.582183837890625
1885, -171.37859612703323, 2, 4.575772026000777, 30, 472774, 472774, 1.472482681274414, 18.41350746154785
1886, -155.7325140987523, 2, 7.4599419820006005, 51, 472825, 472825, 1.8254565000534058, 18.51964569091797
1887, -93.90425818506628, 4, 50.47303521899448, 370, 473195, 473195, 1.5946170091629028, 18.868436813354492
1888, -91.84787353675347, 4, 50.28898991100141, 369, 473564, 473564, 1.616869568824768, 18.665359497070312
1889, -156.88476610335056, 2, 19.523445521001122, 141, 473705, 473705, 1.5097289085388184, 18.901960372924805
1890, -83.36346798948944, 4, 50.44010264999815, 370, 474075, 474075, 1.6983922719955444, 18.676876068115234
1891, -80.65324989473447, 4, 50.23382028299966, 369, 474444, 474444, 1.6961230039596558, 18.431894302368164
1892, -68.34252139518503, 4, 50.22599594799976, 368, 474812, 474812, 1.5979975461959839, 18.752151489257812
1893, -95.26161054580007, 4, 50.28709741200146, 369, 475181, 475181, 1.5564032793045044, 18.743675231933594
1894, -94.24378257244825, 4, 50.18228697500308, 367, 475548, 475548, 1.6211870908737183, 18.615982055664062
1895, -96.53415064699948, 4, 50.26851886199438, 368, 475916, 475916, 1.7074766159057617, 18.56531524658203
1896, -81.17844290006906, 4, 50.27741986299225, 368, 476284, 476284, 1.565811038017273, 18.474424362182617
1897, -67.43054237641627, 4, 50.35640662300284, 369, 476653, 476653, 1.6450234651565552, 18.757627487182617
1898, -76.74037622706965, 4, 50.24460240500048, 368, 477021, 477021, 1.6539140939712524, 18.5666446685791
1899, -91.42281490564346, 4, 50.282987148006214, 369, 477390, 477390, 1.5648010969161987, 18.512903213500977
1900, -66.03703598026186, 4, 50.35696581500815, 369, 477759, 477759, 1.6227408647537231, 18.890045166015625
1901, -170.97641822043806, 2, 10.90345457699732, 77, 477836, 477836, 1.723367691040039, 18.74241828918457
1902, -86.01104791718535, 4, 50.048567314996035, 367, 478203, 478203, 1.7418347597122192, 18.93613624572754
1903, -79.22359387145843, 4, 50.27736868598731, 369, 478572, 478572, 1.6939655542373657, 18.610509872436523
1904, -157.65039384248666, 2, 12.677365586001542, 90, 478662, 478662, 1.705662488937378, 18.927989959716797
1905, -86.99584075901657, 4, 50.30431676399894, 369, 479031, 479031, 1.6013827323913574, 18.92936897277832
1906, -89.1356260557659, 4, 50.195730912993895, 368, 479399, 479399, 1.6581636667251587, 18.992769241333008
1907, -82.77891553135123, 4, 50.21151314400777, 368, 479767, 479767, 1.674474835395813, 19.084749221801758
1908, -160.84027380165935, 2, 8.657908483000938, 60, 479827, 479827, 1.7057127952575684, 19.17840003967285
1909, -65.69989706436172, 4, 50.33060679498885, 368, 480195, 480195, 1.5991066694259644, 19.05738639831543
1910, -94.24410987272859, 4, 50.39976642599504, 369, 480564, 480564, 1.684896469116211, 19.163768768310547
1911, -89.73960744665237, 4, 50.26214366599743, 368, 480932, 480932, 1.655663013458252, 18.966489791870117
1912, -84.51678933482617, 4, 50.29489524100791, 369, 481301, 481301, 1.5811444520950317, 19.01402473449707
1913, -39.330127642228035, 4, 50.2892106060026, 369, 481670, 481670, 1.661633849143982, 18.805824279785156
1914, -171.94856494665146, 2, 4.636463807008113, 30, 481700, 481700, 1.6674892902374268, 19.354034423828125
1915, -157.71922585181892, 2, 9.360177102993475, 65, 481765, 481765, 1.6429234743118286, 18.8095645904541
1916, -205.94466075021774, 2, 31.649827574001392, 230, 481995, 481995, 1.583147644996643, 18.82505226135254
1917, -162.7162310450658, 2, 21.70970025200222, 157, 482152, 482152, 1.6965665817260742, 18.600942611694336
1918, -172.68984681367874, 2, 4.6030106999969576, 30, 482182, 482182, 1.6837540864944458, 18.629053115844727
1919, -77.01254571974277, 4, 50.416107316996204, 369, 482551, 482551, 1.660384178161621, 18.926406860351562
1920, -11.133604410104454, 4, 50.28716350100876, 367, 482918, 482918, 1.7093732357025146, 18.92454719543457
1921, -31.07923677098006, 4, 50.46518841700163, 368, 483286, 483286, 1.5289119482040405, 18.576984405517578
1922, -13.21466762246564, 4, 50.40869712799031, 368, 483654, 483654, 1.6984783411026, 18.994531631469727
1923, -17.446047688252293, 4, 50.63221131899627, 370, 484024, 484024, 1.7260665893554688, 19.065908432006836
1924, -83.1804407236632, 4, 50.51429043299868, 370, 484394, 484394, 1.5681654214859009, 18.700092315673828
1925, -89.46237134188414, 4, 50.49072421299934, 369, 484763, 484763, 1.7034024000167847, 19.254369735717773
1926, -30.26686770003289, 4, 50.53145648899954, 369, 485132, 485132, 1.583353042602539, 19.038896560668945
1927, -32.52836820483208, 4, 50.533999321996816, 369, 485501, 485501, 1.5633174180984497, 18.920209884643555
1928, -12.346095195040107, 4, 50.404612040001666, 368, 485869, 485869, 1.576183795928955, 18.798959732055664
1929, -167.86402408778667, 2, 4.593094615003793, 30, 485899, 485899, 1.601117730140686, 19.245534896850586
1930, -28.903941828757524, 4, 50.57001247898734, 369, 486268, 486268, 1.591542363166809, 18.94623565673828
1931, -9.234242618113058, 4, 50.4733467699989, 368, 486636, 486636, 1.6060417890548706, 19.158124923706055
1932, -8.858904910564888, 4, 50.40246203300194, 368, 487004, 487004, 1.649023413658142, 19.124387741088867
1933, -168.98623288050294, 2, 4.599314987994148, 30, 487034, 487034, 1.8763922452926636, 18.978670120239258
1934, -169.02071100473404, 2, 4.6020811190101085, 30, 487064, 487064, 1.886728286743164, 18.45716094970703
1935, -36.48437452875078, 4, 50.54059572301048, 369, 487433, 487433, 1.6776255369186401, 18.93201446533203
1936, -13.019875361584127, 4, 50.495528555999044, 368, 487801, 487801, 1.633283019065857, 18.9320125579834
1937, -13.349591099191457, 4, 50.47861679100606, 368, 488169, 488169, 1.6426199674606323, 18.980863571166992
1938, -50.568706379737705, 4, 50.41336470100214, 368, 488537, 488537, 1.67325758934021, 18.997194290161133
1939, -23.18380342517048, 4, 50.43712050101021, 368, 488905, 488905, 1.6909539699554443, 19.184913635253906
1940, -18.872967668808997, 4, 50.517652736991295, 368, 489273, 489273, 1.6680272817611694, 19.160459518432617
1941, -172.4375459405128, 2, 73.66795185000228, 498, 489771, 489771, 1.5571218729019165, 18.903303146362305
1942, -162.65986183285713, 2, 5.060909983003512, 30, 489801, 489801, 1.8744467496871948, 18.695798873901367
1943, -151.96484276931733, 2, 4.732194882002659, 31, 489832, 489832, 1.7450976371765137, 18.521522521972656
1944, -165.30628436803818, 2, 4.546541543997591, 30, 489862, 489862, 1.4417989253997803, 18.774147033691406
1945, -91.77220010897145, 4, 50.08232112000405, 366, 490228, 490228, 1.7253674268722534, 19.027185440063477
1946, -163.41983290619828, 2, 18.79373311600648, 134, 490362, 490362, 1.5283857583999634, 18.835004806518555
