[0.109s] DEBUG:colcon:Command line arguments: ['/usr/bin/colcon', 'build']
[0.109s] DEBUG:colcon:Parsed command line arguments: Namespace(log_base=None, log_level=None, verb_name='build', build_base='build', install_base='install', merge_install=False, symlink_install=False, test_result_base=None, continue_on_error=False, executor='parallel', parallel_workers=20, event_handlers=None, ignore_user_meta=False, metas=['./colcon.meta'], base_paths=['.'], packages_ignore=None, packages_ignore_regex=None, paths=None, packages_up_to=None, packages_up_to_regex=None, packages_above=None, packages_above_and_dependencies=None, packages_above_depth=None, packages_select_by_dep=None, packages_skip_by_dep=None, packages_skip_up_to=None, packages_select_build_failed=False, packages_skip_build_finished=False, packages_select_test_failures=False, packages_skip_test_passed=False, packages_select=None, packages_skip=None, packages_select_regex=None, packages_skip_regex=None, packages_start=None, packages_end=None, cmake_args=None, cmake_target=None, cmake_target_skip_unavailable=False, cmake_clean_cache=False, cmake_clean_first=False, cmake_force_configure=False, ament_cmake_args=None, catkin_cmake_args=None, catkin_skip_building_tests=False, mixin_files=None, mixin=None, verb_parser=<colcon_mixin.mixin.mixin_argument.MixinArgumentDecorator object at 0x721691249490>, verb_extension=<colcon_core.verb.build.BuildVerb object at 0x721691249160>, main=<bound method BuildVerb.main of <colcon_core.verb.build.BuildVerb object at 0x721691249160>>, mixin_verb=('build',))
[0.147s] Level 1:colcon.colcon_core.package_discovery:discover_packages(colcon_meta) check parameters
[0.148s] INFO:colcon.colcon_metadata.package_discovery.colcon_meta:Using configuration from '/root/.colcon/metadata/default/Gazebo.meta'
[0.148s] INFO:colcon.colcon_metadata.package_discovery.colcon_meta:Using configuration from '/root/.colcon/metadata/default/fastdds.meta'
[0.148s] INFO:colcon.colcon_metadata.package_discovery.colcon_meta:Using configuration from '/root/.colcon/metadata/default/fastrtps.meta'
[0.148s] Level 1:colcon.colcon_core.package_discovery:discover_packages(recursive) check parameters
[0.148s] Level 1:colcon.colcon_core.package_discovery:discover_packages(ignore) check parameters
[0.148s] Level 1:colcon.colcon_core.package_discovery:discover_packages(path) check parameters
[0.148s] Level 1:colcon.colcon_core.package_discovery:discover_packages(colcon_meta) discover
[0.149s] Level 1:colcon.colcon_core.package_discovery:discover_packages(recursive) discover
[0.149s] INFO:colcon.colcon_core.package_discovery:Crawling recursively for packages in '/home/javierac/create3_ws'
[0.149s] Level 1:colcon.colcon_core.package_identification:_identify(.) by extensions ['ignore', 'ignore_ament_install']
[0.149s] Level 1:colcon.colcon_core.package_identification:_identify(.) by extension 'ignore'
[0.149s] Level 1:colcon.colcon_core.package_identification:_identify(.) by extension 'ignore_ament_install'
[0.149s] Level 1:colcon.colcon_core.package_identification:_identify(.) by extensions ['colcon_pkg']
[0.149s] Level 1:colcon.colcon_core.package_identification:_identify(.) by extension 'colcon_pkg'
[0.149s] Level 1:colcon.colcon_core.package_identification:_identify(.) by extensions ['colcon_meta']
[0.149s] Level 1:colcon.colcon_core.package_identification:_identify(.) by extension 'colcon_meta'
[0.149s] Level 1:colcon.colcon_core.package_identification:_identify(.) by extensions ['ros']
[0.149s] Level 1:colcon.colcon_core.package_identification:_identify(.) by extension 'ros'
[0.175s] Level 1:colcon.colcon_core.package_identification:_identify(.) by extensions ['cmake', 'python']
[0.175s] Level 1:colcon.colcon_core.package_identification:_identify(.) by extension 'cmake'
[0.175s] Level 1:colcon.colcon_core.package_identification:_identify(.) by extension 'python'
[0.175s] Level 1:colcon.colcon_core.package_identification:_identify(.) by extensions ['python_setup_py']
[0.175s] Level 1:colcon.colcon_core.package_identification:_identify(.) by extension 'python_setup_py'
[0.176s] Level 1:colcon.colcon_core.package_identification:_identify(build) by extensions ['ignore', 'ignore_ament_install']
[0.176s] Level 1:colcon.colcon_core.package_identification:_identify(build) by extension 'ignore'
[0.176s] Level 1:colcon.colcon_core.package_identification:_identify(build) ignored
[0.176s] Level 1:colcon.colcon_core.package_identification:_identify(install) by extensions ['ignore', 'ignore_ament_install']
[0.176s] Level 1:colcon.colcon_core.package_identification:_identify(install) by extension 'ignore'
[0.176s] Level 1:colcon.colcon_core.package_identification:_identify(install) ignored
[0.176s] Level 1:colcon.colcon_core.package_identification:_identify(log) by extensions ['ignore', 'ignore_ament_install']
[0.176s] Level 1:colcon.colcon_core.package_identification:_identify(log) by extension 'ignore'
[0.176s] Level 1:colcon.colcon_core.package_identification:_identify(log) ignored
[0.176s] Level 1:colcon.colcon_core.package_identification:_identify(src) by extensions ['ignore', 'ignore_ament_install']
[0.176s] Level 1:colcon.colcon_core.package_identification:_identify(src) by extension 'ignore'
[0.176s] Level 1:colcon.colcon_core.package_identification:_identify(src) by extension 'ignore_ament_install'
[0.176s] Level 1:colcon.colcon_core.package_identification:_identify(src) by extensions ['colcon_pkg']
[0.176s] Level 1:colcon.colcon_core.package_identification:_identify(src) by extension 'colcon_pkg'
[0.176s] Level 1:colcon.colcon_core.package_identification:_identify(src) by extensions ['colcon_meta']
[0.176s] Level 1:colcon.colcon_core.package_identification:_identify(src) by extension 'colcon_meta'
[0.177s] Level 1:colcon.colcon_core.package_identification:_identify(src) by extensions ['ros']
[0.177s] Level 1:colcon.colcon_core.package_identification:_identify(src) by extension 'ros'
[0.177s] Level 1:colcon.colcon_core.package_identification:_identify(src) by extensions ['cmake', 'python']
[0.177s] Level 1:colcon.colcon_core.package_identification:_identify(src) by extension 'cmake'
[0.177s] Level 1:colcon.colcon_core.package_identification:_identify(src) by extension 'python'
[0.177s] Level 1:colcon.colcon_core.package_identification:_identify(src) by extensions ['python_setup_py']
[0.177s] Level 1:colcon.colcon_core.package_identification:_identify(src) by extension 'python_setup_py'
[0.177s] Level 1:colcon.colcon_core.package_identification:_identify(src/irobot_create_common) by extensions ['ignore', 'ignore_ament_install']
[0.177s] Level 1:colcon.colcon_core.package_identification:_identify(src/irobot_create_common) by extension 'ignore'
[0.177s] Level 1:colcon.colcon_core.package_identification:_identify(src/irobot_create_common) by extension 'ignore_ament_install'
[0.177s] Level 1:colcon.colcon_core.package_identification:_identify(src/irobot_create_common) by extensions ['colcon_pkg']
[0.177s] Level 1:colcon.colcon_core.package_identification:_identify(src/irobot_create_common) by extension 'colcon_pkg'
[0.177s] Level 1:colcon.colcon_core.package_identification:_identify(src/irobot_create_common) by extensions ['colcon_meta']
[0.177s] Level 1:colcon.colcon_core.package_identification:_identify(src/irobot_create_common) by extension 'colcon_meta'
[0.177s] Level 1:colcon.colcon_core.package_identification:_identify(src/irobot_create_common) by extensions ['ros']
[0.177s] Level 1:colcon.colcon_core.package_identification:_identify(src/irobot_create_common) by extension 'ros'
[0.177s] Level 1:colcon.colcon_core.package_identification:_identify(src/irobot_create_common) by extensions ['cmake', 'python']
[0.177s] Level 1:colcon.colcon_core.package_identification:_identify(src/irobot_create_common) by extension 'cmake'
[0.177s] Level 1:colcon.colcon_core.package_identification:_identify(src/irobot_create_common) by extension 'python'
[0.177s] Level 1:colcon.colcon_core.package_identification:_identify(src/irobot_create_common) by extensions ['python_setup_py']
[0.177s] Level 1:colcon.colcon_core.package_identification:_identify(src/irobot_create_common) by extension 'python_setup_py'
[0.177s] Level 1:colcon.colcon_core.package_identification:_identify(src/irobot_create_common/irobot_create_common_bringup) by extensions ['ignore', 'ignore_ament_install']
[0.177s] Level 1:colcon.colcon_core.package_identification:_identify(src/irobot_create_common/irobot_create_common_bringup) by extension 'ignore'
[0.177s] Level 1:colcon.colcon_core.package_identification:_identify(src/irobot_create_common/irobot_create_common_bringup) by extension 'ignore_ament_install'
[0.178s] Level 1:colcon.colcon_core.package_identification:_identify(src/irobot_create_common/irobot_create_common_bringup) by extensions ['colcon_pkg']
[0.178s] Level 1:colcon.colcon_core.package_identification:_identify(src/irobot_create_common/irobot_create_common_bringup) by extension 'colcon_pkg'
[0.178s] Level 1:colcon.colcon_core.package_identification:_identify(src/irobot_create_common/irobot_create_common_bringup) by extensions ['colcon_meta']
[0.178s] Level 1:colcon.colcon_core.package_identification:_identify(src/irobot_create_common/irobot_create_common_bringup) by extension 'colcon_meta'
[0.178s] Level 1:colcon.colcon_core.package_identification:_identify(src/irobot_create_common/irobot_create_common_bringup) by extensions ['ros']
[0.178s] Level 1:colcon.colcon_core.package_identification:_identify(src/irobot_create_common/irobot_create_common_bringup) by extension 'ros'
[0.180s] DEBUG:colcon.colcon_core.package_identification:Package 'src/irobot_create_common/irobot_create_common_bringup' with type 'ros.ament_cmake' and name 'irobot_create_common_bringup'
[0.180s] Level 1:colcon.colcon_core.package_identification:_identify(src/irobot_create_common/irobot_create_control) by extensions ['ignore', 'ignore_ament_install']
[0.180s] Level 1:colcon.colcon_core.package_identification:_identify(src/irobot_create_common/irobot_create_control) by extension 'ignore'
[0.180s] Level 1:colcon.colcon_core.package_identification:_identify(src/irobot_create_common/irobot_create_control) by extension 'ignore_ament_install'
[0.180s] Level 1:colcon.colcon_core.package_identification:_identify(src/irobot_create_common/irobot_create_control) by extensions ['colcon_pkg']
[0.180s] Level 1:colcon.colcon_core.package_identification:_identify(src/irobot_create_common/irobot_create_control) by extension 'colcon_pkg'
[0.181s] Level 1:colcon.colcon_core.package_identification:_identify(src/irobot_create_common/irobot_create_control) by extensions ['colcon_meta']
[0.181s] Level 1:colcon.colcon_core.package_identification:_identify(src/irobot_create_common/irobot_create_control) by extension 'colcon_meta'
[0.181s] Level 1:colcon.colcon_core.package_identification:_identify(src/irobot_create_common/irobot_create_control) by extensions ['ros']
[0.181s] Level 1:colcon.colcon_core.package_identification:_identify(src/irobot_create_common/irobot_create_control) by extension 'ros'
[0.181s] DEBUG:colcon.colcon_core.package_identification:Package 'src/irobot_create_common/irobot_create_control' with type 'ros.ament_cmake' and name 'irobot_create_control'
[0.181s] Level 1:colcon.colcon_core.package_identification:_identify(src/irobot_create_common/irobot_create_description) by extensions ['ignore', 'ignore_ament_install']
[0.181s] Level 1:colcon.colcon_core.package_identification:_identify(src/irobot_create_common/irobot_create_description) by extension 'ignore'
[0.181s] Level 1:colcon.colcon_core.package_identification:_identify(src/irobot_create_common/irobot_create_description) by extension 'ignore_ament_install'
[0.181s] Level 1:colcon.colcon_core.package_identification:_identify(src/irobot_create_common/irobot_create_description) by extensions ['colcon_pkg']
[0.181s] Level 1:colcon.colcon_core.package_identification:_identify(src/irobot_create_common/irobot_create_description) by extension 'colcon_pkg'
[0.182s] Level 1:colcon.colcon_core.package_identification:_identify(src/irobot_create_common/irobot_create_description) by extensions ['colcon_meta']
[0.182s] Level 1:colcon.colcon_core.package_identification:_identify(src/irobot_create_common/irobot_create_description) by extension 'colcon_meta'
[0.182s] Level 1:colcon.colcon_core.package_identification:_identify(src/irobot_create_common/irobot_create_description) by extensions ['ros']
[0.182s] Level 1:colcon.colcon_core.package_identification:_identify(src/irobot_create_common/irobot_create_description) by extension 'ros'
[0.182s] DEBUG:colcon.colcon_core.package_identification:Package 'src/irobot_create_common/irobot_create_description' with type 'ros.ament_cmake' and name 'irobot_create_description'
[0.182s] Level 1:colcon.colcon_core.package_identification:_identify(src/irobot_create_common/irobot_create_nodes) by extensions ['ignore', 'ignore_ament_install']
[0.182s] Level 1:colcon.colcon_core.package_identification:_identify(src/irobot_create_common/irobot_create_nodes) by extension 'ignore'
[0.182s] Level 1:colcon.colcon_core.package_identification:_identify(src/irobot_create_common/irobot_create_nodes) by extension 'ignore_ament_install'
[0.182s] Level 1:colcon.colcon_core.package_identification:_identify(src/irobot_create_common/irobot_create_nodes) by extensions ['colcon_pkg']
[0.182s] Level 1:colcon.colcon_core.package_identification:_identify(src/irobot_create_common/irobot_create_nodes) by extension 'colcon_pkg'
[0.182s] Level 1:colcon.colcon_core.package_identification:_identify(src/irobot_create_common/irobot_create_nodes) by extensions ['colcon_meta']
[0.182s] Level 1:colcon.colcon_core.package_identification:_identify(src/irobot_create_common/irobot_create_nodes) by extension 'colcon_meta'
[0.183s] Level 1:colcon.colcon_core.package_identification:_identify(src/irobot_create_common/irobot_create_nodes) by extensions ['ros']
[0.183s] Level 1:colcon.colcon_core.package_identification:_identify(src/irobot_create_common/irobot_create_nodes) by extension 'ros'
[0.184s] DEBUG:colcon.colcon_core.package_identification:Package 'src/irobot_create_common/irobot_create_nodes' with type 'ros.ament_cmake' and name 'irobot_create_nodes'
[0.184s] Level 1:colcon.colcon_core.package_identification:_identify(src/irobot_create_common/irobot_create_toolbox) by extensions ['ignore', 'ignore_ament_install']
[0.184s] Level 1:colcon.colcon_core.package_identification:_identify(src/irobot_create_common/irobot_create_toolbox) by extension 'ignore'
[0.184s] Level 1:colcon.colcon_core.package_identification:_identify(src/irobot_create_common/irobot_create_toolbox) by extension 'ignore_ament_install'
[0.184s] Level 1:colcon.colcon_core.package_identification:_identify(src/irobot_create_common/irobot_create_toolbox) by extensions ['colcon_pkg']
[0.184s] Level 1:colcon.colcon_core.package_identification:_identify(src/irobot_create_common/irobot_create_toolbox) by extension 'colcon_pkg'
[0.184s] Level 1:colcon.colcon_core.package_identification:_identify(src/irobot_create_common/irobot_create_toolbox) by extensions ['colcon_meta']
[0.184s] Level 1:colcon.colcon_core.package_identification:_identify(src/irobot_create_common/irobot_create_toolbox) by extension 'colcon_meta'
[0.184s] Level 1:colcon.colcon_core.package_identification:_identify(src/irobot_create_common/irobot_create_toolbox) by extensions ['ros']
[0.184s] Level 1:colcon.colcon_core.package_identification:_identify(src/irobot_create_common/irobot_create_toolbox) by extension 'ros'
[0.185s] DEBUG:colcon.colcon_core.package_identification:Package 'src/irobot_create_common/irobot_create_toolbox' with type 'ros.ament_cmake' and name 'irobot_create_toolbox'
[0.185s] Level 1:colcon.colcon_core.package_identification:_identify(src/irobot_create_gz) by extensions ['ignore', 'ignore_ament_install']
[0.185s] Level 1:colcon.colcon_core.package_identification:_identify(src/irobot_create_gz) by extension 'ignore'
[0.185s] Level 1:colcon.colcon_core.package_identification:_identify(src/irobot_create_gz) by extension 'ignore_ament_install'
[0.185s] Level 1:colcon.colcon_core.package_identification:_identify(src/irobot_create_gz) by extensions ['colcon_pkg']
[0.185s] Level 1:colcon.colcon_core.package_identification:_identify(src/irobot_create_gz) by extension 'colcon_pkg'
[0.185s] Level 1:colcon.colcon_core.package_identification:_identify(src/irobot_create_gz) by extensions ['colcon_meta']
[0.185s] Level 1:colcon.colcon_core.package_identification:_identify(src/irobot_create_gz) by extension 'colcon_meta'
[0.185s] Level 1:colcon.colcon_core.package_identification:_identify(src/irobot_create_gz) by extensions ['ros']
[0.185s] Level 1:colcon.colcon_core.package_identification:_identify(src/irobot_create_gz) by extension 'ros'
[0.185s] Level 1:colcon.colcon_core.package_identification:_identify(src/irobot_create_gz) by extensions ['cmake', 'python']
[0.185s] Level 1:colcon.colcon_core.package_identification:_identify(src/irobot_create_gz) by extension 'cmake'
[0.185s] Level 1:colcon.colcon_core.package_identification:_identify(src/irobot_create_gz) by extension 'python'
[0.185s] Level 1:colcon.colcon_core.package_identification:_identify(src/irobot_create_gz) by extensions ['python_setup_py']
[0.185s] Level 1:colcon.colcon_core.package_identification:_identify(src/irobot_create_gz) by extension 'python_setup_py'
[0.185s] Level 1:colcon.colcon_core.package_identification:_identify(src/irobot_create_gz/irobot_create_gz_bringup) by extensions ['ignore', 'ignore_ament_install']
[0.186s] Level 1:colcon.colcon_core.package_identification:_identify(src/irobot_create_gz/irobot_create_gz_bringup) by extension 'ignore'
[0.186s] Level 1:colcon.colcon_core.package_identification:_identify(src/irobot_create_gz/irobot_create_gz_bringup) by extension 'ignore_ament_install'
[0.186s] Level 1:colcon.colcon_core.package_identification:_identify(src/irobot_create_gz/irobot_create_gz_bringup) by extensions ['colcon_pkg']
[0.186s] Level 1:colcon.colcon_core.package_identification:_identify(src/irobot_create_gz/irobot_create_gz_bringup) by extension 'colcon_pkg'
[0.186s] Level 1:colcon.colcon_core.package_identification:_identify(src/irobot_create_gz/irobot_create_gz_bringup) by extensions ['colcon_meta']
[0.186s] Level 1:colcon.colcon_core.package_identification:_identify(src/irobot_create_gz/irobot_create_gz_bringup) by extension 'colcon_meta'
[0.186s] Level 1:colcon.colcon_core.package_identification:_identify(src/irobot_create_gz/irobot_create_gz_bringup) by extensions ['ros']
[0.186s] Level 1:colcon.colcon_core.package_identification:_identify(src/irobot_create_gz/irobot_create_gz_bringup) by extension 'ros'
[0.186s] DEBUG:colcon.colcon_core.package_identification:Package 'src/irobot_create_gz/irobot_create_gz_bringup' with type 'ros.ament_cmake' and name 'irobot_create_gz_bringup'
[0.187s] Level 1:colcon.colcon_core.package_identification:_identify(src/irobot_create_gz/irobot_create_gz_plugins) by extensions ['ignore', 'ignore_ament_install']
[0.187s] Level 1:colcon.colcon_core.package_identification:_identify(src/irobot_create_gz/irobot_create_gz_plugins) by extension 'ignore'
[0.187s] Level 1:colcon.colcon_core.package_identification:_identify(src/irobot_create_gz/irobot_create_gz_plugins) by extension 'ignore_ament_install'
[0.187s] Level 1:colcon.colcon_core.package_identification:_identify(src/irobot_create_gz/irobot_create_gz_plugins) by extensions ['colcon_pkg']
[0.187s] Level 1:colcon.colcon_core.package_identification:_identify(src/irobot_create_gz/irobot_create_gz_plugins) by extension 'colcon_pkg'
[0.187s] Level 1:colcon.colcon_core.package_identification:_identify(src/irobot_create_gz/irobot_create_gz_plugins) by extensions ['colcon_meta']
[0.187s] Level 1:colcon.colcon_core.package_identification:_identify(src/irobot_create_gz/irobot_create_gz_plugins) by extension 'colcon_meta'
[0.187s] Level 1:colcon.colcon_core.package_identification:_identify(src/irobot_create_gz/irobot_create_gz_plugins) by extensions ['ros']
[0.187s] Level 1:colcon.colcon_core.package_identification:_identify(src/irobot_create_gz/irobot_create_gz_plugins) by extension 'ros'
[0.188s] DEBUG:colcon.colcon_core.package_identification:Package 'src/irobot_create_gz/irobot_create_gz_plugins' with type 'ros.ament_cmake' and name 'irobot_create_gz_plugins'
[0.188s] Level 1:colcon.colcon_core.package_identification:_identify(src/irobot_create_gz/irobot_create_gz_sim) by extensions ['ignore', 'ignore_ament_install']
[0.188s] Level 1:colcon.colcon_core.package_identification:_identify(src/irobot_create_gz/irobot_create_gz_sim) by extension 'ignore'
[0.188s] Level 1:colcon.colcon_core.package_identification:_identify(src/irobot_create_gz/irobot_create_gz_sim) by extension 'ignore_ament_install'
[0.188s] Level 1:colcon.colcon_core.package_identification:_identify(src/irobot_create_gz/irobot_create_gz_sim) by extensions ['colcon_pkg']
[0.188s] Level 1:colcon.colcon_core.package_identification:_identify(src/irobot_create_gz/irobot_create_gz_sim) by extension 'colcon_pkg'
[0.188s] Level 1:colcon.colcon_core.package_identification:_identify(src/irobot_create_gz/irobot_create_gz_sim) by extensions ['colcon_meta']
[0.188s] Level 1:colcon.colcon_core.package_identification:_identify(src/irobot_create_gz/irobot_create_gz_sim) by extension 'colcon_meta'
[0.188s] Level 1:colcon.colcon_core.package_identification:_identify(src/irobot_create_gz/irobot_create_gz_sim) by extensions ['ros']
[0.188s] Level 1:colcon.colcon_core.package_identification:_identify(src/irobot_create_gz/irobot_create_gz_sim) by extension 'ros'
[0.189s] DEBUG:colcon.colcon_core.package_identification:Package 'src/irobot_create_gz/irobot_create_gz_sim' with type 'ros.ament_cmake' and name 'irobot_create_gz_sim'
[0.189s] Level 1:colcon.colcon_core.package_identification:_identify(src/irobot_create_gz/irobot_create_gz_toolbox) by extensions ['ignore', 'ignore_ament_install']
[0.189s] Level 1:colcon.colcon_core.package_identification:_identify(src/irobot_create_gz/irobot_create_gz_toolbox) by extension 'ignore'
[0.189s] Level 1:colcon.colcon_core.package_identification:_identify(src/irobot_create_gz/irobot_create_gz_toolbox) by extension 'ignore_ament_install'
[0.189s] Level 1:colcon.colcon_core.package_identification:_identify(src/irobot_create_gz/irobot_create_gz_toolbox) by extensions ['colcon_pkg']
[0.189s] Level 1:colcon.colcon_core.package_identification:_identify(src/irobot_create_gz/irobot_create_gz_toolbox) by extension 'colcon_pkg'
[0.189s] Level 1:colcon.colcon_core.package_identification:_identify(src/irobot_create_gz/irobot_create_gz_toolbox) by extensions ['colcon_meta']
[0.189s] Level 1:colcon.colcon_core.package_identification:_identify(src/irobot_create_gz/irobot_create_gz_toolbox) by extension 'colcon_meta'
[0.189s] Level 1:colcon.colcon_core.package_identification:_identify(src/irobot_create_gz/irobot_create_gz_toolbox) by extensions ['ros']
[0.189s] Level 1:colcon.colcon_core.package_identification:_identify(src/irobot_create_gz/irobot_create_gz_toolbox) by extension 'ros'
[0.190s] DEBUG:colcon.colcon_core.package_identification:Package 'src/irobot_create_gz/irobot_create_gz_toolbox' with type 'ros.ament_cmake' and name 'irobot_create_gz_toolbox'
[0.190s] Level 1:colcon.colcon_core.package_discovery:discover_packages(recursive) using defaults
[0.190s] Level 1:colcon.colcon_core.package_discovery:discover_packages(ignore) discover
[0.190s] Level 1:colcon.colcon_core.package_discovery:discover_packages(ignore) using defaults
[0.190s] Level 1:colcon.colcon_core.package_discovery:discover_packages(path) discover
[0.190s] Level 1:colcon.colcon_core.package_discovery:discover_packages(path) using defaults
[0.211s] Level 5:colcon.colcon_core.verb:set package 'irobot_create_control' build argument 'cmake_args' from command line to 'None'
[0.211s] Level 5:colcon.colcon_core.verb:set package 'irobot_create_control' build argument 'cmake_target' from command line to 'None'
[0.211s] Level 5:colcon.colcon_core.verb:set package 'irobot_create_control' build argument 'cmake_target_skip_unavailable' from command line to 'False'
[0.211s] Level 5:colcon.colcon_core.verb:set package 'irobot_create_control' build argument 'cmake_clean_cache' from command line to 'False'
[0.211s] Level 5:colcon.colcon_core.verb:set package 'irobot_create_control' build argument 'cmake_clean_first' from command line to 'False'
[0.211s] Level 5:colcon.colcon_core.verb:set package 'irobot_create_control' build argument 'cmake_force_configure' from command line to 'False'
[0.211s] Level 5:colcon.colcon_core.verb:set package 'irobot_create_control' build argument 'ament_cmake_args' from command line to 'None'
[0.211s] Level 5:colcon.colcon_core.verb:set package 'irobot_create_control' build argument 'catkin_cmake_args' from command line to 'None'
[0.211s] Level 5:colcon.colcon_core.verb:set package 'irobot_create_control' build argument 'catkin_skip_building_tests' from command line to 'False'
[0.211s] DEBUG:colcon.colcon_core.verb:Building package 'irobot_create_control' with the following arguments: {'ament_cmake_args': None, 'build_base': '/home/javierac/create3_ws/build/irobot_create_control', 'catkin_cmake_args': None, 'catkin_skip_building_tests': False, 'cmake_args': None, 'cmake_clean_cache': False, 'cmake_clean_first': False, 'cmake_force_configure': False, 'cmake_target': None, 'cmake_target_skip_unavailable': False, 'install_base': '/home/javierac/create3_ws/install/irobot_create_control', 'merge_install': False, 'path': '/home/javierac/create3_ws/src/irobot_create_common/irobot_create_control', 'symlink_install': False, 'test_result_base': None}
[0.211s] Level 5:colcon.colcon_core.verb:set package 'irobot_create_gz_plugins' build argument 'cmake_args' from command line to 'None'
[0.211s] Level 5:colcon.colcon_core.verb:set package 'irobot_create_gz_plugins' build argument 'cmake_target' from command line to 'None'
[0.211s] Level 5:colcon.colcon_core.verb:set package 'irobot_create_gz_plugins' build argument 'cmake_target_skip_unavailable' from command line to 'False'
[0.211s] Level 5:colcon.colcon_core.verb:set package 'irobot_create_gz_plugins' build argument 'cmake_clean_cache' from command line to 'False'
[0.211s] Level 5:colcon.colcon_core.verb:set package 'irobot_create_gz_plugins' build argument 'cmake_clean_first' from command line to 'False'
[0.211s] Level 5:colcon.colcon_core.verb:set package 'irobot_create_gz_plugins' build argument 'cmake_force_configure' from command line to 'False'
[0.211s] Level 5:colcon.colcon_core.verb:set package 'irobot_create_gz_plugins' build argument 'ament_cmake_args' from command line to 'None'
[0.211s] Level 5:colcon.colcon_core.verb:set package 'irobot_create_gz_plugins' build argument 'catkin_cmake_args' from command line to 'None'
[0.211s] Level 5:colcon.colcon_core.verb:set package 'irobot_create_gz_plugins' build argument 'catkin_skip_building_tests' from command line to 'False'
[0.211s] DEBUG:colcon.colcon_core.verb:Building package 'irobot_create_gz_plugins' with the following arguments: {'ament_cmake_args': None, 'build_base': '/home/javierac/create3_ws/build/irobot_create_gz_plugins', 'catkin_cmake_args': None, 'catkin_skip_building_tests': False, 'cmake_args': None, 'cmake_clean_cache': False, 'cmake_clean_first': False, 'cmake_force_configure': False, 'cmake_target': None, 'cmake_target_skip_unavailable': False, 'install_base': '/home/javierac/create3_ws/install/irobot_create_gz_plugins', 'merge_install': False, 'path': '/home/javierac/create3_ws/src/irobot_create_gz/irobot_create_gz_plugins', 'symlink_install': False, 'test_result_base': None}
[0.212s] Level 5:colcon.colcon_core.verb:set package 'irobot_create_toolbox' build argument 'cmake_args' from command line to 'None'
[0.212s] Level 5:colcon.colcon_core.verb:set package 'irobot_create_toolbox' build argument 'cmake_target' from command line to 'None'
[0.212s] Level 5:colcon.colcon_core.verb:set package 'irobot_create_toolbox' build argument 'cmake_target_skip_unavailable' from command line to 'False'
[0.212s] Level 5:colcon.colcon_core.verb:set package 'irobot_create_toolbox' build argument 'cmake_clean_cache' from command line to 'False'
[0.212s] Level 5:colcon.colcon_core.verb:set package 'irobot_create_toolbox' build argument 'cmake_clean_first' from command line to 'False'
[0.212s] Level 5:colcon.colcon_core.verb:set package 'irobot_create_toolbox' build argument 'cmake_force_configure' from command line to 'False'
[0.212s] Level 5:colcon.colcon_core.verb:set package 'irobot_create_toolbox' build argument 'ament_cmake_args' from command line to 'None'
[0.212s] Level 5:colcon.colcon_core.verb:set package 'irobot_create_toolbox' build argument 'catkin_cmake_args' from command line to 'None'
[0.212s] Level 5:colcon.colcon_core.verb:set package 'irobot_create_toolbox' build argument 'catkin_skip_building_tests' from command line to 'False'
[0.212s] DEBUG:colcon.colcon_core.verb:Building package 'irobot_create_toolbox' with the following arguments: {'ament_cmake_args': None, 'build_base': '/home/javierac/create3_ws/build/irobot_create_toolbox', 'catkin_cmake_args': None, 'catkin_skip_building_tests': False, 'cmake_args': None, 'cmake_clean_cache': False, 'cmake_clean_first': False, 'cmake_force_configure': False, 'cmake_target': None, 'cmake_target_skip_unavailable': False, 'install_base': '/home/javierac/create3_ws/install/irobot_create_toolbox', 'merge_install': False, 'path': '/home/javierac/create3_ws/src/irobot_create_common/irobot_create_toolbox', 'symlink_install': False, 'test_result_base': None}
[0.212s] Level 5:colcon.colcon_core.verb:set package 'irobot_create_description' build argument 'cmake_args' from command line to 'None'
[0.212s] Level 5:colcon.colcon_core.verb:set package 'irobot_create_description' build argument 'cmake_target' from command line to 'None'
[0.212s] Level 5:colcon.colcon_core.verb:set package 'irobot_create_description' build argument 'cmake_target_skip_unavailable' from command line to 'False'
[0.212s] Level 5:colcon.colcon_core.verb:set package 'irobot_create_description' build argument 'cmake_clean_cache' from command line to 'False'
[0.212s] Level 5:colcon.colcon_core.verb:set package 'irobot_create_description' build argument 'cmake_clean_first' from command line to 'False'
[0.212s] Level 5:colcon.colcon_core.verb:set package 'irobot_create_description' build argument 'cmake_force_configure' from command line to 'False'
[0.212s] Level 5:colcon.colcon_core.verb:set package 'irobot_create_description' build argument 'ament_cmake_args' from command line to 'None'
[0.212s] Level 5:colcon.colcon_core.verb:set package 'irobot_create_description' build argument 'catkin_cmake_args' from command line to 'None'
[0.212s] Level 5:colcon.colcon_core.verb:set package 'irobot_create_description' build argument 'catkin_skip_building_tests' from command line to 'False'
[0.212s] DEBUG:colcon.colcon_core.verb:Building package 'irobot_create_description' with the following arguments: {'ament_cmake_args': None, 'build_base': '/home/javierac/create3_ws/build/irobot_create_description', 'catkin_cmake_args': None, 'catkin_skip_building_tests': False, 'cmake_args': None, 'cmake_clean_cache': False, 'cmake_clean_first': False, 'cmake_force_configure': False, 'cmake_target': None, 'cmake_target_skip_unavailable': False, 'install_base': '/home/javierac/create3_ws/install/irobot_create_description', 'merge_install': False, 'path': '/home/javierac/create3_ws/src/irobot_create_common/irobot_create_description', 'symlink_install': False, 'test_result_base': None}
[0.212s] Level 5:colcon.colcon_core.verb:set package 'irobot_create_gz_toolbox' build argument 'cmake_args' from command line to 'None'
[0.212s] Level 5:colcon.colcon_core.verb:set package 'irobot_create_gz_toolbox' build argument 'cmake_target' from command line to 'None'
[0.212s] Level 5:colcon.colcon_core.verb:set package 'irobot_create_gz_toolbox' build argument 'cmake_target_skip_unavailable' from command line to 'False'
[0.212s] Level 5:colcon.colcon_core.verb:set package 'irobot_create_gz_toolbox' build argument 'cmake_clean_cache' from command line to 'False'
[0.212s] Level 5:colcon.colcon_core.verb:set package 'irobot_create_gz_toolbox' build argument 'cmake_clean_first' from command line to 'False'
[0.213s] Level 5:colcon.colcon_core.verb:set package 'irobot_create_gz_toolbox' build argument 'cmake_force_configure' from command line to 'False'
[0.213s] Level 5:colcon.colcon_core.verb:set package 'irobot_create_gz_toolbox' build argument 'ament_cmake_args' from command line to 'None'
[0.213s] Level 5:colcon.colcon_core.verb:set package 'irobot_create_gz_toolbox' build argument 'catkin_cmake_args' from command line to 'None'
[0.213s] Level 5:colcon.colcon_core.verb:set package 'irobot_create_gz_toolbox' build argument 'catkin_skip_building_tests' from command line to 'False'
[0.213s] DEBUG:colcon.colcon_core.verb:Building package 'irobot_create_gz_toolbox' with the following arguments: {'ament_cmake_args': None, 'build_base': '/home/javierac/create3_ws/build/irobot_create_gz_toolbox', 'catkin_cmake_args': None, 'catkin_skip_building_tests': False, 'cmake_args': None, 'cmake_clean_cache': False, 'cmake_clean_first': False, 'cmake_force_configure': False, 'cmake_target': None, 'cmake_target_skip_unavailable': False, 'install_base': '/home/javierac/create3_ws/install/irobot_create_gz_toolbox', 'merge_install': False, 'path': '/home/javierac/create3_ws/src/irobot_create_gz/irobot_create_gz_toolbox', 'symlink_install': False, 'test_result_base': None}
[0.213s] Level 5:colcon.colcon_core.verb:set package 'irobot_create_nodes' build argument 'cmake_args' from command line to 'None'
[0.213s] Level 5:colcon.colcon_core.verb:set package 'irobot_create_nodes' build argument 'cmake_target' from command line to 'None'
[0.213s] Level 5:colcon.colcon_core.verb:set package 'irobot_create_nodes' build argument 'cmake_target_skip_unavailable' from command line to 'False'
[0.213s] Level 5:colcon.colcon_core.verb:set package 'irobot_create_nodes' build argument 'cmake_clean_cache' from command line to 'False'
[0.213s] Level 5:colcon.colcon_core.verb:set package 'irobot_create_nodes' build argument 'cmake_clean_first' from command line to 'False'
[0.213s] Level 5:colcon.colcon_core.verb:set package 'irobot_create_nodes' build argument 'cmake_force_configure' from command line to 'False'
[0.213s] Level 5:colcon.colcon_core.verb:set package 'irobot_create_nodes' build argument 'ament_cmake_args' from command line to 'None'
[0.213s] Level 5:colcon.colcon_core.verb:set package 'irobot_create_nodes' build argument 'catkin_cmake_args' from command line to 'None'
[0.213s] Level 5:colcon.colcon_core.verb:set package 'irobot_create_nodes' build argument 'catkin_skip_building_tests' from command line to 'False'
[0.213s] DEBUG:colcon.colcon_core.verb:Building package 'irobot_create_nodes' with the following arguments: {'ament_cmake_args': None, 'build_base': '/home/javierac/create3_ws/build/irobot_create_nodes', 'catkin_cmake_args': None, 'catkin_skip_building_tests': False, 'cmake_args': None, 'cmake_clean_cache': False, 'cmake_clean_first': False, 'cmake_force_configure': False, 'cmake_target': None, 'cmake_target_skip_unavailable': False, 'install_base': '/home/javierac/create3_ws/install/irobot_create_nodes', 'merge_install': False, 'path': '/home/javierac/create3_ws/src/irobot_create_common/irobot_create_nodes', 'symlink_install': False, 'test_result_base': None}
[0.213s] Level 5:colcon.colcon_core.verb:set package 'irobot_create_common_bringup' build argument 'cmake_args' from command line to 'None'
[0.213s] Level 5:colcon.colcon_core.verb:set package 'irobot_create_common_bringup' build argument 'cmake_target' from command line to 'None'
[0.213s] Level 5:colcon.colcon_core.verb:set package 'irobot_create_common_bringup' build argument 'cmake_target_skip_unavailable' from command line to 'False'
[0.213s] Level 5:colcon.colcon_core.verb:set package 'irobot_create_common_bringup' build argument 'cmake_clean_cache' from command line to 'False'
[0.213s] Level 5:colcon.colcon_core.verb:set package 'irobot_create_common_bringup' build argument 'cmake_clean_first' from command line to 'False'
[0.213s] Level 5:colcon.colcon_core.verb:set package 'irobot_create_common_bringup' build argument 'cmake_force_configure' from command line to 'False'
[0.213s] Level 5:colcon.colcon_core.verb:set package 'irobot_create_common_bringup' build argument 'ament_cmake_args' from command line to 'None'
[0.213s] Level 5:colcon.colcon_core.verb:set package 'irobot_create_common_bringup' build argument 'catkin_cmake_args' from command line to 'None'
[0.213s] Level 5:colcon.colcon_core.verb:set package 'irobot_create_common_bringup' build argument 'catkin_skip_building_tests' from command line to 'False'
[0.213s] DEBUG:colcon.colcon_core.verb:Building package 'irobot_create_common_bringup' with the following arguments: {'ament_cmake_args': None, 'build_base': '/home/javierac/create3_ws/build/irobot_create_common_bringup', 'catkin_cmake_args': None, 'catkin_skip_building_tests': False, 'cmake_args': None, 'cmake_clean_cache': False, 'cmake_clean_first': False, 'cmake_force_configure': False, 'cmake_target': None, 'cmake_target_skip_unavailable': False, 'install_base': '/home/javierac/create3_ws/install/irobot_create_common_bringup', 'merge_install': False, 'path': '/home/javierac/create3_ws/src/irobot_create_common/irobot_create_common_bringup', 'symlink_install': False, 'test_result_base': None}
[0.213s] Level 5:colcon.colcon_core.verb:set package 'irobot_create_gz_bringup' build argument 'cmake_args' from command line to 'None'
[0.214s] Level 5:colcon.colcon_core.verb:set package 'irobot_create_gz_bringup' build argument 'cmake_target' from command line to 'None'
[0.214s] Level 5:colcon.colcon_core.verb:set package 'irobot_create_gz_bringup' build argument 'cmake_target_skip_unavailable' from command line to 'False'
[0.214s] Level 5:colcon.colcon_core.verb:set package 'irobot_create_gz_bringup' build argument 'cmake_clean_cache' from command line to 'False'
[0.214s] Level 5:colcon.colcon_core.verb:set package 'irobot_create_gz_bringup' build argument 'cmake_clean_first' from command line to 'False'
[0.214s] Level 5:colcon.colcon_core.verb:set package 'irobot_create_gz_bringup' build argument 'cmake_force_configure' from command line to 'False'
[0.214s] Level 5:colcon.colcon_core.verb:set package 'irobot_create_gz_bringup' build argument 'ament_cmake_args' from command line to 'None'
[0.214s] Level 5:colcon.colcon_core.verb:set package 'irobot_create_gz_bringup' build argument 'catkin_cmake_args' from command line to 'None'
[0.214s] Level 5:colcon.colcon_core.verb:set package 'irobot_create_gz_bringup' build argument 'catkin_skip_building_tests' from command line to 'False'
[0.214s] DEBUG:colcon.colcon_core.verb:Building package 'irobot_create_gz_bringup' with the following arguments: {'ament_cmake_args': None, 'build_base': '/home/javierac/create3_ws/build/irobot_create_gz_bringup', 'catkin_cmake_args': None, 'catkin_skip_building_tests': False, 'cmake_args': None, 'cmake_clean_cache': False, 'cmake_clean_first': False, 'cmake_force_configure': False, 'cmake_target': None, 'cmake_target_skip_unavailable': False, 'install_base': '/home/javierac/create3_ws/install/irobot_create_gz_bringup', 'merge_install': False, 'path': '/home/javierac/create3_ws/src/irobot_create_gz/irobot_create_gz_bringup', 'symlink_install': False, 'test_result_base': None}
[0.214s] Level 5:colcon.colcon_core.verb:set package 'irobot_create_gz_sim' build argument 'cmake_args' from command line to 'None'
[0.214s] Level 5:colcon.colcon_core.verb:set package 'irobot_create_gz_sim' build argument 'cmake_target' from command line to 'None'
[0.214s] Level 5:colcon.colcon_core.verb:set package 'irobot_create_gz_sim' build argument 'cmake_target_skip_unavailable' from command line to 'False'
[0.214s] Level 5:colcon.colcon_core.verb:set package 'irobot_create_gz_sim' build argument 'cmake_clean_cache' from command line to 'False'
[0.214s] Level 5:colcon.colcon_core.verb:set package 'irobot_create_gz_sim' build argument 'cmake_clean_first' from command line to 'False'
[0.214s] Level 5:colcon.colcon_core.verb:set package 'irobot_create_gz_sim' build argument 'cmake_force_configure' from command line to 'False'
[0.214s] Level 5:colcon.colcon_core.verb:set package 'irobot_create_gz_sim' build argument 'ament_cmake_args' from command line to 'None'
[0.214s] Level 5:colcon.colcon_core.verb:set package 'irobot_create_gz_sim' build argument 'catkin_cmake_args' from command line to 'None'
[0.214s] Level 5:colcon.colcon_core.verb:set package 'irobot_create_gz_sim' build argument 'catkin_skip_building_tests' from command line to 'False'
[0.214s] DEBUG:colcon.colcon_core.verb:Building package 'irobot_create_gz_sim' with the following arguments: {'ament_cmake_args': None, 'build_base': '/home/javierac/create3_ws/build/irobot_create_gz_sim', 'catkin_cmake_args': None, 'catkin_skip_building_tests': False, 'cmake_args': None, 'cmake_clean_cache': False, 'cmake_clean_first': False, 'cmake_force_configure': False, 'cmake_target': None, 'cmake_target_skip_unavailable': False, 'install_base': '/home/javierac/create3_ws/install/irobot_create_gz_sim', 'merge_install': False, 'path': '/home/javierac/create3_ws/src/irobot_create_gz/irobot_create_gz_sim', 'symlink_install': False, 'test_result_base': None}
[0.214s] INFO:colcon.colcon_core.executor:Executing jobs using 'parallel' executor
[0.215s] DEBUG:colcon.colcon_parallel_executor.executor.parallel:run_until_complete
[0.215s] INFO:colcon.colcon_ros.task.ament_cmake.build:Building ROS package in '/home/javierac/create3_ws/src/irobot_create_common/irobot_create_toolbox' with build type 'ament_cmake'
[0.215s] INFO:colcon.colcon_cmake.task.cmake.build:Building CMake package in '/home/javierac/create3_ws/src/irobot_create_common/irobot_create_toolbox'
[0.218s] INFO:colcon.colcon_core.plugin_system:Skipping extension 'colcon_core.shell.bat': Not used on non-Windows systems
[0.218s] INFO:colcon.colcon_core.shell:Skip shell extension 'powershell' for command environment: Not usable outside of PowerShell
[0.218s] DEBUG:colcon.colcon_core.shell:Skip shell extension 'dsv' for command environment
[0.224s] INFO:colcon.colcon_ros.task.ament_cmake.build:Building ROS package in '/home/javierac/create3_ws/src/irobot_create_common/irobot_create_control' with build type 'ament_cmake'
[0.225s] INFO:colcon.colcon_cmake.task.cmake.build:Building CMake package in '/home/javierac/create3_ws/src/irobot_create_common/irobot_create_control'
[0.225s] INFO:colcon.colcon_core.shell:Skip shell extension 'powershell' for command environment: Not usable outside of PowerShell
[0.225s] DEBUG:colcon.colcon_core.shell:Skip shell extension 'dsv' for command environment
[0.229s] INFO:colcon.colcon_ros.task.ament_cmake.build:Building ROS package in '/home/javierac/create3_ws/src/irobot_create_gz/irobot_create_gz_plugins' with build type 'ament_cmake'
[0.229s] INFO:colcon.colcon_cmake.task.cmake.build:Building CMake package in '/home/javierac/create3_ws/src/irobot_create_gz/irobot_create_gz_plugins'
[0.229s] INFO:colcon.colcon_core.shell:Skip shell extension 'powershell' for command environment: Not usable outside of PowerShell
[0.229s] DEBUG:colcon.colcon_core.shell:Skip shell extension 'dsv' for command environment
[0.238s] DEBUG:colcon.colcon_core.event_handler.log_command:Invoking command in '/home/javierac/create3_ws/build/irobot_create_toolbox': CMAKE_PREFIX_PATH=${CMAKE_PREFIX_PATH}:/opt/ros/jazzy /usr/bin/cmake --build /home/javierac/create3_ws/build/irobot_create_toolbox -- -j20 -l20
[0.240s] DEBUG:colcon.colcon_core.event_handler.log_command:Invoking command in '/home/javierac/create3_ws/build/irobot_create_control': CMAKE_PREFIX_PATH=${CMAKE_PREFIX_PATH}:/opt/ros/jazzy /usr/bin/cmake --build /home/javierac/create3_ws/build/irobot_create_control -- -j20 -l20
[0.243s] DEBUG:colcon.colcon_core.event_handler.log_command:Invoking command in '/home/javierac/create3_ws/build/irobot_create_gz_plugins': CMAKE_PREFIX_PATH=${CMAKE_PREFIX_PATH}:/opt/ros/jazzy /usr/bin/cmake --build /home/javierac/create3_ws/build/irobot_create_gz_plugins -- -j20 -l20
[0.288s] DEBUG:colcon.colcon_core.event_handler.log_command:Invoked command in '/home/javierac/create3_ws/build/irobot_create_control' returned '0': CMAKE_PREFIX_PATH=${CMAKE_PREFIX_PATH}:/opt/ros/jazzy /usr/bin/cmake --build /home/javierac/create3_ws/build/irobot_create_control -- -j20 -l20
[0.298s] DEBUG:colcon.colcon_core.event_handler.log_command:Invoking command in '/home/javierac/create3_ws/build/irobot_create_control': CMAKE_PREFIX_PATH=${CMAKE_PREFIX_PATH}:/opt/ros/jazzy /usr/bin/cmake --install /home/javierac/create3_ws/build/irobot_create_control
[0.314s] DEBUG:colcon.colcon_core.event_handler.log_command:Invoked command in '/home/javierac/create3_ws/build/irobot_create_toolbox' returned '0': CMAKE_PREFIX_PATH=${CMAKE_PREFIX_PATH}:/opt/ros/jazzy /usr/bin/cmake --build /home/javierac/create3_ws/build/irobot_create_toolbox -- -j20 -l20
[0.316s] DEBUG:colcon.colcon_core.event_handler.log_command:Invoking command in '/home/javierac/create3_ws/build/irobot_create_toolbox': CMAKE_PREFIX_PATH=${CMAKE_PREFIX_PATH}:/opt/ros/jazzy /usr/bin/cmake --install /home/javierac/create3_ws/build/irobot_create_toolbox
[0.321s] Level 1:colcon.colcon_core.environment:create_environment_scripts_only(irobot_create_control)
[0.321s] DEBUG:colcon.colcon_core.event_handler.log_command:Invoked command in '/home/javierac/create3_ws/build/irobot_create_control' returned '0': CMAKE_PREFIX_PATH=${CMAKE_PREFIX_PATH}:/opt/ros/jazzy /usr/bin/cmake --install /home/javierac/create3_ws/build/irobot_create_control
[0.323s] Level 1:colcon.colcon_core.environment:checking '/home/javierac/create3_ws/install/irobot_create_control' for CMake module files
[0.324s] Level 1:colcon.colcon_core.environment:checking '/home/javierac/create3_ws/install/irobot_create_control' for CMake config files
[0.325s] Level 1:colcon.colcon_core.shell:create_environment_hook('irobot_create_control', 'cmake_prefix_path')
[0.325s] INFO:colcon.colcon_core.shell:Creating environment hook '/home/javierac/create3_ws/install/irobot_create_control/share/irobot_create_control/hook/cmake_prefix_path.ps1'
[0.326s] INFO:colcon.colcon_core.shell:Creating environment descriptor '/home/javierac/create3_ws/install/irobot_create_control/share/irobot_create_control/hook/cmake_prefix_path.dsv'
[0.327s] INFO:colcon.colcon_core.shell:Creating environment hook '/home/javierac/create3_ws/install/irobot_create_control/share/irobot_create_control/hook/cmake_prefix_path.sh'
[0.328s] Level 1:colcon.colcon_core.environment:checking '/home/javierac/create3_ws/install/irobot_create_control/bin'
[0.328s] Level 1:colcon.colcon_core.environment:checking '/home/javierac/create3_ws/install/irobot_create_control/lib/pkgconfig/irobot_create_control.pc'
[0.330s] Level 1:colcon.colcon_core.environment:checking '/home/javierac/create3_ws/install/irobot_create_control/lib/python3.12/site-packages'
[0.330s] Level 1:colcon.colcon_core.environment:checking '/home/javierac/create3_ws/install/irobot_create_control/bin'
[0.330s] INFO:colcon.colcon_core.shell:Creating package script '/home/javierac/create3_ws/install/irobot_create_control/share/irobot_create_control/package.ps1'
[0.331s] INFO:colcon.colcon_core.shell:Creating package descriptor '/home/javierac/create3_ws/install/irobot_create_control/share/irobot_create_control/package.dsv'
[0.331s] INFO:colcon.colcon_core.shell:Creating package script '/home/javierac/create3_ws/install/irobot_create_control/share/irobot_create_control/package.sh'
[0.332s] INFO:colcon.colcon_core.shell:Creating package script '/home/javierac/create3_ws/install/irobot_create_control/share/irobot_create_control/package.bash'
[0.332s] INFO:colcon.colcon_core.shell:Creating package script '/home/javierac/create3_ws/install/irobot_create_control/share/irobot_create_control/package.zsh'
[0.333s] Level 1:colcon.colcon_core.environment:create_file_with_runtime_dependencies(/home/javierac/create3_ws/install/irobot_create_control/share/colcon-core/packages/irobot_create_control)
[0.333s] Level 1:colcon.colcon_core.environment:create_environment_scripts_only(irobot_create_control)
[0.334s] Level 1:colcon.colcon_core.environment:checking '/home/javierac/create3_ws/install/irobot_create_control' for CMake module files
[0.334s] Level 1:colcon.colcon_core.environment:checking '/home/javierac/create3_ws/install/irobot_create_control' for CMake config files
[0.334s] Level 1:colcon.colcon_core.shell:create_environment_hook('irobot_create_control', 'cmake_prefix_path')
[0.334s] INFO:colcon.colcon_core.shell:Creating environment hook '/home/javierac/create3_ws/install/irobot_create_control/share/irobot_create_control/hook/cmake_prefix_path.ps1'
[0.335s] INFO:colcon.colcon_core.shell:Creating environment descriptor '/home/javierac/create3_ws/install/irobot_create_control/share/irobot_create_control/hook/cmake_prefix_path.dsv'
[0.335s] INFO:colcon.colcon_core.shell:Creating environment hook '/home/javierac/create3_ws/install/irobot_create_control/share/irobot_create_control/hook/cmake_prefix_path.sh'
[0.336s] Level 1:colcon.colcon_core.environment:checking '/home/javierac/create3_ws/install/irobot_create_control/bin'
[0.336s] Level 1:colcon.colcon_core.environment:checking '/home/javierac/create3_ws/install/irobot_create_control/lib/pkgconfig/irobot_create_control.pc'
[0.337s] Level 1:colcon.colcon_core.environment:checking '/home/javierac/create3_ws/install/irobot_create_control/lib/python3.12/site-packages'
[0.337s] Level 1:colcon.colcon_core.environment:checking '/home/javierac/create3_ws/install/irobot_create_control/bin'
[0.337s] INFO:colcon.colcon_core.shell:Creating package script '/home/javierac/create3_ws/install/irobot_create_control/share/irobot_create_control/package.ps1'
[0.337s] INFO:colcon.colcon_core.shell:Creating package descriptor '/home/javierac/create3_ws/install/irobot_create_control/share/irobot_create_control/package.dsv'
[0.338s] INFO:colcon.colcon_core.shell:Creating package script '/home/javierac/create3_ws/install/irobot_create_control/share/irobot_create_control/package.sh'
[0.338s] INFO:colcon.colcon_core.shell:Creating package script '/home/javierac/create3_ws/install/irobot_create_control/share/irobot_create_control/package.bash'
[0.338s] INFO:colcon.colcon_core.shell:Creating package script '/home/javierac/create3_ws/install/irobot_create_control/share/irobot_create_control/package.zsh'
[0.339s] Level 1:colcon.colcon_core.environment:create_file_with_runtime_dependencies(/home/javierac/create3_ws/install/irobot_create_control/share/colcon-core/packages/irobot_create_control)
[0.339s] INFO:colcon.colcon_ros.task.ament_cmake.build:Building ROS package in '/home/javierac/create3_ws/src/irobot_create_common/irobot_create_description' with build type 'ament_cmake'
[0.340s] INFO:colcon.colcon_cmake.task.cmake.build:Building CMake package in '/home/javierac/create3_ws/src/irobot_create_common/irobot_create_description'
[0.340s] INFO:colcon.colcon_core.shell:Skip shell extension 'powershell' for command environment: Not usable outside of PowerShell
[0.340s] DEBUG:colcon.colcon_core.shell:Skip shell extension 'dsv' for command environment
[0.345s] Level 1:colcon.colcon_core.environment:create_environment_scripts_only(irobot_create_toolbox)
[0.345s] Level 1:colcon.colcon_core.environment:checking '/home/javierac/create3_ws/install/irobot_create_toolbox' for CMake module files
[0.345s] DEBUG:colcon.colcon_core.event_handler.log_command:Invoked command in '/home/javierac/create3_ws/build/irobot_create_toolbox' returned '0': CMAKE_PREFIX_PATH=${CMAKE_PREFIX_PATH}:/opt/ros/jazzy /usr/bin/cmake --install /home/javierac/create3_ws/build/irobot_create_toolbox
[0.346s] Level 1:colcon.colcon_core.environment:checking '/home/javierac/create3_ws/install/irobot_create_toolbox' for CMake config files
[0.346s] Level 1:colcon.colcon_core.shell:create_environment_hook('irobot_create_toolbox', 'cmake_prefix_path')
[0.346s] INFO:colcon.colcon_core.shell:Creating environment hook '/home/javierac/create3_ws/install/irobot_create_toolbox/share/irobot_create_toolbox/hook/cmake_prefix_path.ps1'
[0.346s] INFO:colcon.colcon_core.shell:Creating environment descriptor '/home/javierac/create3_ws/install/irobot_create_toolbox/share/irobot_create_toolbox/hook/cmake_prefix_path.dsv'
[0.347s] INFO:colcon.colcon_core.shell:Creating environment hook '/home/javierac/create3_ws/install/irobot_create_toolbox/share/irobot_create_toolbox/hook/cmake_prefix_path.sh'
[0.347s] Level 1:colcon.colcon_core.environment:checking '/home/javierac/create3_ws/install/irobot_create_toolbox/lib'
[0.347s] Level 1:colcon.colcon_core.shell:create_environment_hook('irobot_create_toolbox', 'ld_library_path_lib')
[0.347s] INFO:colcon.colcon_core.shell:Creating environment hook '/home/javierac/create3_ws/install/irobot_create_toolbox/share/irobot_create_toolbox/hook/ld_library_path_lib.ps1'
[0.348s] INFO:colcon.colcon_core.shell:Creating environment descriptor '/home/javierac/create3_ws/install/irobot_create_toolbox/share/irobot_create_toolbox/hook/ld_library_path_lib.dsv'
[0.348s] INFO:colcon.colcon_core.shell:Creating environment hook '/home/javierac/create3_ws/install/irobot_create_toolbox/share/irobot_create_toolbox/hook/ld_library_path_lib.sh'
[0.348s] Level 1:colcon.colcon_core.environment:checking '/home/javierac/create3_ws/install/irobot_create_toolbox/bin'
[0.348s] Level 1:colcon.colcon_core.environment:checking '/home/javierac/create3_ws/install/irobot_create_toolbox/lib/pkgconfig/irobot_create_toolbox.pc'
[0.349s] Level 1:colcon.colcon_core.environment:checking '/home/javierac/create3_ws/install/irobot_create_toolbox/lib/python3.12/site-packages'
[0.349s] Level 1:colcon.colcon_core.environment:checking '/home/javierac/create3_ws/install/irobot_create_toolbox/bin'
[0.349s] INFO:colcon.colcon_core.shell:Creating package script '/home/javierac/create3_ws/install/irobot_create_toolbox/share/irobot_create_toolbox/package.ps1'
[0.349s] INFO:colcon.colcon_core.shell:Creating package descriptor '/home/javierac/create3_ws/install/irobot_create_toolbox/share/irobot_create_toolbox/package.dsv'
[0.350s] INFO:colcon.colcon_core.shell:Creating package script '/home/javierac/create3_ws/install/irobot_create_toolbox/share/irobot_create_toolbox/package.sh'
[0.350s] INFO:colcon.colcon_core.shell:Creating package script '/home/javierac/create3_ws/install/irobot_create_toolbox/share/irobot_create_toolbox/package.bash'
[0.351s] INFO:colcon.colcon_core.shell:Creating package script '/home/javierac/create3_ws/install/irobot_create_toolbox/share/irobot_create_toolbox/package.zsh'
[0.351s] Level 1:colcon.colcon_core.environment:create_file_with_runtime_dependencies(/home/javierac/create3_ws/install/irobot_create_toolbox/share/colcon-core/packages/irobot_create_toolbox)
[0.351s] Level 1:colcon.colcon_core.environment:create_environment_scripts_only(irobot_create_toolbox)
[0.351s] Level 1:colcon.colcon_core.environment:checking '/home/javierac/create3_ws/install/irobot_create_toolbox' for CMake module files
[0.352s] Level 1:colcon.colcon_core.environment:checking '/home/javierac/create3_ws/install/irobot_create_toolbox' for CMake config files
[0.352s] Level 1:colcon.colcon_core.shell:create_environment_hook('irobot_create_toolbox', 'cmake_prefix_path')
[0.352s] INFO:colcon.colcon_core.shell:Creating environment hook '/home/javierac/create3_ws/install/irobot_create_toolbox/share/irobot_create_toolbox/hook/cmake_prefix_path.ps1'
[0.353s] INFO:colcon.colcon_core.shell:Creating environment descriptor '/home/javierac/create3_ws/install/irobot_create_toolbox/share/irobot_create_toolbox/hook/cmake_prefix_path.dsv'
[0.353s] INFO:colcon.colcon_core.shell:Creating environment hook '/home/javierac/create3_ws/install/irobot_create_toolbox/share/irobot_create_toolbox/hook/cmake_prefix_path.sh'
[0.353s] Level 1:colcon.colcon_core.environment:checking '/home/javierac/create3_ws/install/irobot_create_toolbox/lib'
[0.353s] Level 1:colcon.colcon_core.shell:create_environment_hook('irobot_create_toolbox', 'ld_library_path_lib')
[0.354s] INFO:colcon.colcon_core.shell:Creating environment hook '/home/javierac/create3_ws/install/irobot_create_toolbox/share/irobot_create_toolbox/hook/ld_library_path_lib.ps1'
[0.354s] INFO:colcon.colcon_core.shell:Creating environment descriptor '/home/javierac/create3_ws/install/irobot_create_toolbox/share/irobot_create_toolbox/hook/ld_library_path_lib.dsv'
[0.354s] INFO:colcon.colcon_core.shell:Creating environment hook '/home/javierac/create3_ws/install/irobot_create_toolbox/share/irobot_create_toolbox/hook/ld_library_path_lib.sh'
[0.355s] Level 1:colcon.colcon_core.environment:checking '/home/javierac/create3_ws/install/irobot_create_toolbox/bin'
[0.355s] Level 1:colcon.colcon_core.environment:checking '/home/javierac/create3_ws/install/irobot_create_toolbox/lib/pkgconfig/irobot_create_toolbox.pc'
[0.355s] Level 1:colcon.colcon_core.environment:checking '/home/javierac/create3_ws/install/irobot_create_toolbox/lib/python3.12/site-packages'
[0.355s] Level 1:colcon.colcon_core.environment:checking '/home/javierac/create3_ws/install/irobot_create_toolbox/bin'
[0.355s] INFO:colcon.colcon_core.shell:Creating package script '/home/javierac/create3_ws/install/irobot_create_toolbox/share/irobot_create_toolbox/package.ps1'
[0.356s] INFO:colcon.colcon_core.shell:Creating package descriptor '/home/javierac/create3_ws/install/irobot_create_toolbox/share/irobot_create_toolbox/package.dsv'
[0.356s] INFO:colcon.colcon_core.shell:Creating package script '/home/javierac/create3_ws/install/irobot_create_toolbox/share/irobot_create_toolbox/package.sh'
[0.356s] INFO:colcon.colcon_core.shell:Creating package script '/home/javierac/create3_ws/install/irobot_create_toolbox/share/irobot_create_toolbox/package.bash'
[0.357s] INFO:colcon.colcon_core.shell:Creating package script '/home/javierac/create3_ws/install/irobot_create_toolbox/share/irobot_create_toolbox/package.zsh'
[0.357s] Level 1:colcon.colcon_core.environment:create_file_with_runtime_dependencies(/home/javierac/create3_ws/install/irobot_create_toolbox/share/colcon-core/packages/irobot_create_toolbox)
[0.358s] INFO:colcon.colcon_ros.task.ament_cmake.build:Building ROS package in '/home/javierac/create3_ws/src/irobot_create_common/irobot_create_nodes' with build type 'ament_cmake'
[0.358s] INFO:colcon.colcon_cmake.task.cmake.build:Building CMake package in '/home/javierac/create3_ws/src/irobot_create_common/irobot_create_nodes'
[0.358s] INFO:colcon.colcon_core.shell:Skip shell extension 'powershell' for command environment: Not usable outside of PowerShell
[0.358s] DEBUG:colcon.colcon_core.shell:Skip shell extension 'dsv' for command environment
[0.363s] INFO:colcon.colcon_ros.task.ament_cmake.build:Building ROS package in '/home/javierac/create3_ws/src/irobot_create_gz/irobot_create_gz_toolbox' with build type 'ament_cmake'
[0.363s] INFO:colcon.colcon_cmake.task.cmake.build:Building CMake package in '/home/javierac/create3_ws/src/irobot_create_gz/irobot_create_gz_toolbox'
[0.363s] INFO:colcon.colcon_core.shell:Skip shell extension 'powershell' for command environment: Not usable outside of PowerShell
[0.363s] DEBUG:colcon.colcon_core.shell:Skip shell extension 'dsv' for command environment
[0.371s] DEBUG:colcon.colcon_core.event_handler.log_command:Invoking command in '/home/javierac/create3_ws/build/irobot_create_description': CMAKE_PREFIX_PATH=/home/javierac/create3_ws/install/irobot_create_control:/home/javierac/create3_ws/install/irobot_create_gz_sim:/home/javierac/create3_ws/install/irobot_create_gz_bringup:/home/javierac/create3_ws/install/irobot_create_common_bringup:/home/javierac/create3_ws/install/irobot_create_nodes:/home/javierac/create3_ws/install/irobot_create_gz_toolbox:/home/javierac/create3_ws/install/irobot_create_toolbox:/home/javierac/create3_ws/install/irobot_create_gz_plugins:/home/javierac/create3_ws/install/irobot_create_description:/opt/ros/jazzy/opt/gz_sim_vendor:/opt/ros/jazzy/opt/gz_sensors_vendor:/opt/ros/jazzy/opt/gz_physics_vendor:/opt/ros/jazzy/opt/sdformat_vendor:/opt/ros/jazzy/opt/gz_gui_vendor:/opt/ros/jazzy/opt/gz_transport_vendor:/opt/ros/jazzy/opt/gz_rendering_vendor:/opt/ros/jazzy/opt/gz_plugin_vendor:/opt/ros/jazzy/opt/gz_fuel_tools_vendor:/opt/ros/jazzy/opt/gz_msgs_vendor:/opt/ros/jazzy/opt/gz_common_vendor:/opt/ros/jazzy/opt/gz_math_vendor:/opt/ros/jazzy/opt/gz_utils_vendor:/opt/ros/jazzy/opt/gz_tools_vendor:/opt/ros/jazzy/opt/gz_ogre_next_vendor:/opt/ros/jazzy/opt/gz_dartsim_vendor:/opt/ros/jazzy/opt/gz_cmake_vendor:/opt/ros/jazzy /usr/bin/cmake --build /home/javierac/create3_ws/build/irobot_create_description -- -j20 -l20
[0.373s] DEBUG:colcon.colcon_core.event_handler.log_command:Invoking command in '/home/javierac/create3_ws/build/irobot_create_nodes': CMAKE_PREFIX_PATH=/home/javierac/create3_ws/install/irobot_create_toolbox:/home/javierac/create3_ws/install/irobot_create_gz_sim:/home/javierac/create3_ws/install/irobot_create_gz_bringup:/home/javierac/create3_ws/install/irobot_create_common_bringup:/home/javierac/create3_ws/install/irobot_create_nodes:/home/javierac/create3_ws/install/irobot_create_gz_toolbox:/home/javierac/create3_ws/install/irobot_create_gz_plugins:/home/javierac/create3_ws/install/irobot_create_description:/home/javierac/create3_ws/install/irobot_create_control:/opt/ros/jazzy/opt/gz_sim_vendor:/opt/ros/jazzy/opt/gz_sensors_vendor:/opt/ros/jazzy/opt/gz_physics_vendor:/opt/ros/jazzy/opt/sdformat_vendor:/opt/ros/jazzy/opt/gz_gui_vendor:/opt/ros/jazzy/opt/gz_transport_vendor:/opt/ros/jazzy/opt/gz_rendering_vendor:/opt/ros/jazzy/opt/gz_plugin_vendor:/opt/ros/jazzy/opt/gz_fuel_tools_vendor:/opt/ros/jazzy/opt/gz_msgs_vendor:/opt/ros/jazzy/opt/gz_common_vendor:/opt/ros/jazzy/opt/gz_math_vendor:/opt/ros/jazzy/opt/gz_utils_vendor:/opt/ros/jazzy/opt/gz_tools_vendor:/opt/ros/jazzy/opt/gz_ogre_next_vendor:/opt/ros/jazzy/opt/gz_dartsim_vendor:/opt/ros/jazzy/opt/gz_cmake_vendor:/opt/ros/jazzy LD_LIBRARY_PATH=/home/javierac/create3_ws/install/irobot_create_toolbox/lib:/home/javierac/create3_ws/install/irobot_create_nodes/lib:/home/javierac/create3_ws/install/irobot_create_gz_toolbox/lib:/opt/ros/jazzy/opt/gz_sim_vendor/lib:/opt/ros/jazzy/opt/gz_sensors_vendor/lib:/opt/ros/jazzy/opt/gz_physics_vendor/lib:/opt/ros/jazzy/opt/sdformat_vendor/lib:/opt/ros/jazzy/opt/rviz_ogre_vendor/lib:/opt/ros/jazzy/lib/x86_64-linux-gnu:/opt/ros/jazzy/opt/gz_gui_vendor/lib:/opt/ros/jazzy/opt/gz_transport_vendor/lib:/opt/ros/jazzy/opt/gz_rendering_vendor/lib:/opt/ros/jazzy/opt/gz_plugin_vendor/lib:/opt/ros/jazzy/opt/gz_fuel_tools_vendor/lib:/opt/ros/jazzy/opt/gz_msgs_vendor/lib:/opt/ros/jazzy/opt/gz_common_vendor/lib:/opt/ros/jazzy/opt/gz_math_vendor/lib:/opt/ros/jazzy/opt/gz_utils_vendor/lib:/opt/ros/jazzy/opt/gz_tools_vendor/lib:/opt/ros/jazzy/opt/gz_ogre_next_vendor/lib:/opt/ros/jazzy/opt/gz_dartsim_vendor/lib:/opt/ros/jazzy/opt/gz_cmake_vendor/lib:/opt/ros/jazzy/lib /usr/bin/cmake --build /home/javierac/create3_ws/build/irobot_create_nodes -- -j20 -l20
[0.375s] DEBUG:colcon.colcon_core.event_handler.log_command:Invoking command in '/home/javierac/create3_ws/build/irobot_create_gz_toolbox': CMAKE_PREFIX_PATH=/home/javierac/create3_ws/install/irobot_create_toolbox:/home/javierac/create3_ws/install/irobot_create_gz_sim:/home/javierac/create3_ws/install/irobot_create_gz_bringup:/home/javierac/create3_ws/install/irobot_create_common_bringup:/home/javierac/create3_ws/install/irobot_create_nodes:/home/javierac/create3_ws/install/irobot_create_gz_toolbox:/home/javierac/create3_ws/install/irobot_create_gz_plugins:/home/javierac/create3_ws/install/irobot_create_description:/home/javierac/create3_ws/install/irobot_create_control:/opt/ros/jazzy/opt/gz_sim_vendor:/opt/ros/jazzy/opt/gz_sensors_vendor:/opt/ros/jazzy/opt/gz_physics_vendor:/opt/ros/jazzy/opt/sdformat_vendor:/opt/ros/jazzy/opt/gz_gui_vendor:/opt/ros/jazzy/opt/gz_transport_vendor:/opt/ros/jazzy/opt/gz_rendering_vendor:/opt/ros/jazzy/opt/gz_plugin_vendor:/opt/ros/jazzy/opt/gz_fuel_tools_vendor:/opt/ros/jazzy/opt/gz_msgs_vendor:/opt/ros/jazzy/opt/gz_common_vendor:/opt/ros/jazzy/opt/gz_math_vendor:/opt/ros/jazzy/opt/gz_utils_vendor:/opt/ros/jazzy/opt/gz_tools_vendor:/opt/ros/jazzy/opt/gz_ogre_next_vendor:/opt/ros/jazzy/opt/gz_dartsim_vendor:/opt/ros/jazzy/opt/gz_cmake_vendor:/opt/ros/jazzy LD_LIBRARY_PATH=/home/javierac/create3_ws/install/irobot_create_toolbox/lib:/home/javierac/create3_ws/install/irobot_create_nodes/lib:/home/javierac/create3_ws/install/irobot_create_gz_toolbox/lib:/opt/ros/jazzy/opt/gz_sim_vendor/lib:/opt/ros/jazzy/opt/gz_sensors_vendor/lib:/opt/ros/jazzy/opt/gz_physics_vendor/lib:/opt/ros/jazzy/opt/sdformat_vendor/lib:/opt/ros/jazzy/opt/rviz_ogre_vendor/lib:/opt/ros/jazzy/lib/x86_64-linux-gnu:/opt/ros/jazzy/opt/gz_gui_vendor/lib:/opt/ros/jazzy/opt/gz_transport_vendor/lib:/opt/ros/jazzy/opt/gz_rendering_vendor/lib:/opt/ros/jazzy/opt/gz_plugin_vendor/lib:/opt/ros/jazzy/opt/gz_fuel_tools_vendor/lib:/opt/ros/jazzy/opt/gz_msgs_vendor/lib:/opt/ros/jazzy/opt/gz_common_vendor/lib:/opt/ros/jazzy/opt/gz_math_vendor/lib:/opt/ros/jazzy/opt/gz_utils_vendor/lib:/opt/ros/jazzy/opt/gz_tools_vendor/lib:/opt/ros/jazzy/opt/gz_ogre_next_vendor/lib:/opt/ros/jazzy/opt/gz_dartsim_vendor/lib:/opt/ros/jazzy/opt/gz_cmake_vendor/lib:/opt/ros/jazzy/lib /usr/bin/cmake --build /home/javierac/create3_ws/build/irobot_create_gz_toolbox -- -j20 -l20
[0.385s] DEBUG:colcon.colcon_core.event_handler.log_command:Invoked command in '/home/javierac/create3_ws/build/irobot_create_gz_plugins' returned '0': CMAKE_PREFIX_PATH=${CMAKE_PREFIX_PATH}:/opt/ros/jazzy /usr/bin/cmake --build /home/javierac/create3_ws/build/irobot_create_gz_plugins -- -j20 -l20
[0.386s] DEBUG:colcon.colcon_core.event_handler.log_command:Invoking command in '/home/javierac/create3_ws/build/irobot_create_gz_plugins': CMAKE_PREFIX_PATH=${CMAKE_PREFIX_PATH}:/opt/ros/jazzy /usr/bin/cmake --install /home/javierac/create3_ws/build/irobot_create_gz_plugins
[0.408s] Level 1:colcon.colcon_core.environment:create_environment_scripts_only(irobot_create_gz_plugins)
[0.409s] DEBUG:colcon.colcon_core.event_handler.log_command:Invoked command in '/home/javierac/create3_ws/build/irobot_create_gz_plugins' returned '0': CMAKE_PREFIX_PATH=${CMAKE_PREFIX_PATH}:/opt/ros/jazzy /usr/bin/cmake --install /home/javierac/create3_ws/build/irobot_create_gz_plugins
[0.409s] Level 1:colcon.colcon_core.environment:checking '/home/javierac/create3_ws/install/irobot_create_gz_plugins' for CMake module files
[0.409s] Level 1:colcon.colcon_core.environment:checking '/home/javierac/create3_ws/install/irobot_create_gz_plugins' for CMake config files
[0.410s] Level 1:colcon.colcon_core.shell:create_environment_hook('irobot_create_gz_plugins', 'cmake_prefix_path')
[0.410s] INFO:colcon.colcon_core.shell:Creating environment hook '/home/javierac/create3_ws/install/irobot_create_gz_plugins/share/irobot_create_gz_plugins/hook/cmake_prefix_path.ps1'
[0.410s] INFO:colcon.colcon_core.shell:Creating environment descriptor '/home/javierac/create3_ws/install/irobot_create_gz_plugins/share/irobot_create_gz_plugins/hook/cmake_prefix_path.dsv'
[0.411s] INFO:colcon.colcon_core.shell:Creating environment hook '/home/javierac/create3_ws/install/irobot_create_gz_plugins/share/irobot_create_gz_plugins/hook/cmake_prefix_path.sh'
[0.411s] Level 1:colcon.colcon_core.environment:checking '/home/javierac/create3_ws/install/irobot_create_gz_plugins/bin'
[0.411s] Level 1:colcon.colcon_core.environment:checking '/home/javierac/create3_ws/install/irobot_create_gz_plugins/lib/pkgconfig/irobot_create_gz_plugins.pc'
[0.411s] Level 1:colcon.colcon_core.environment:checking '/home/javierac/create3_ws/install/irobot_create_gz_plugins/lib/python3.12/site-packages'
[0.412s] Level 1:colcon.colcon_core.environment:checking '/home/javierac/create3_ws/install/irobot_create_gz_plugins/bin'
[0.412s] INFO:colcon.colcon_core.shell:Creating package script '/home/javierac/create3_ws/install/irobot_create_gz_plugins/share/irobot_create_gz_plugins/package.ps1'
[0.412s] INFO:colcon.colcon_core.shell:Creating package descriptor '/home/javierac/create3_ws/install/irobot_create_gz_plugins/share/irobot_create_gz_plugins/package.dsv'
[0.412s] INFO:colcon.colcon_core.shell:Creating package script '/home/javierac/create3_ws/install/irobot_create_gz_plugins/share/irobot_create_gz_plugins/package.sh'
[0.413s] INFO:colcon.colcon_core.shell:Creating package script '/home/javierac/create3_ws/install/irobot_create_gz_plugins/share/irobot_create_gz_plugins/package.bash'
[0.413s] INFO:colcon.colcon_core.shell:Creating package script '/home/javierac/create3_ws/install/irobot_create_gz_plugins/share/irobot_create_gz_plugins/package.zsh'
[0.413s] Level 1:colcon.colcon_core.environment:create_file_with_runtime_dependencies(/home/javierac/create3_ws/install/irobot_create_gz_plugins/share/colcon-core/packages/irobot_create_gz_plugins)
[0.414s] Level 1:colcon.colcon_core.environment:create_environment_scripts_only(irobot_create_gz_plugins)
[0.414s] Level 1:colcon.colcon_core.environment:checking '/home/javierac/create3_ws/install/irobot_create_gz_plugins' for CMake module files
[0.414s] Level 1:colcon.colcon_core.environment:checking '/home/javierac/create3_ws/install/irobot_create_gz_plugins' for CMake config files
[0.415s] Level 1:colcon.colcon_core.shell:create_environment_hook('irobot_create_gz_plugins', 'cmake_prefix_path')
[0.415s] INFO:colcon.colcon_core.shell:Creating environment hook '/home/javierac/create3_ws/install/irobot_create_gz_plugins/share/irobot_create_gz_plugins/hook/cmake_prefix_path.ps1'
[0.415s] INFO:colcon.colcon_core.shell:Creating environment descriptor '/home/javierac/create3_ws/install/irobot_create_gz_plugins/share/irobot_create_gz_plugins/hook/cmake_prefix_path.dsv'
[0.416s] INFO:colcon.colcon_core.shell:Creating environment hook '/home/javierac/create3_ws/install/irobot_create_gz_plugins/share/irobot_create_gz_plugins/hook/cmake_prefix_path.sh'
[0.416s] Level 1:colcon.colcon_core.environment:checking '/home/javierac/create3_ws/install/irobot_create_gz_plugins/bin'
[0.416s] Level 1:colcon.colcon_core.environment:checking '/home/javierac/create3_ws/install/irobot_create_gz_plugins/lib/pkgconfig/irobot_create_gz_plugins.pc'
[0.416s] Level 1:colcon.colcon_core.environment:checking '/home/javierac/create3_ws/install/irobot_create_gz_plugins/lib/python3.12/site-packages'
[0.416s] Level 1:colcon.colcon_core.environment:checking '/home/javierac/create3_ws/install/irobot_create_gz_plugins/bin'
[0.417s] INFO:colcon.colcon_core.shell:Creating package script '/home/javierac/create3_ws/install/irobot_create_gz_plugins/share/irobot_create_gz_plugins/package.ps1'
[0.417s] INFO:colcon.colcon_core.shell:Creating package descriptor '/home/javierac/create3_ws/install/irobot_create_gz_plugins/share/irobot_create_gz_plugins/package.dsv'
[0.417s] INFO:colcon.colcon_core.shell:Creating package script '/home/javierac/create3_ws/install/irobot_create_gz_plugins/share/irobot_create_gz_plugins/package.sh'
[0.418s] INFO:colcon.colcon_core.shell:Creating package script '/home/javierac/create3_ws/install/irobot_create_gz_plugins/share/irobot_create_gz_plugins/package.bash'
[0.418s] INFO:colcon.colcon_core.shell:Creating package script '/home/javierac/create3_ws/install/irobot_create_gz_plugins/share/irobot_create_gz_plugins/package.zsh'
[0.418s] Level 1:colcon.colcon_core.environment:create_file_with_runtime_dependencies(/home/javierac/create3_ws/install/irobot_create_gz_plugins/share/colcon-core/packages/irobot_create_gz_plugins)
[0.420s] DEBUG:colcon.colcon_core.event_handler.log_command:Invoked command in '/home/javierac/create3_ws/build/irobot_create_description' returned '0': CMAKE_PREFIX_PATH=/home/javierac/create3_ws/install/irobot_create_control:/home/javierac/create3_ws/install/irobot_create_gz_sim:/home/javierac/create3_ws/install/irobot_create_gz_bringup:/home/javierac/create3_ws/install/irobot_create_common_bringup:/home/javierac/create3_ws/install/irobot_create_nodes:/home/javierac/create3_ws/install/irobot_create_gz_toolbox:/home/javierac/create3_ws/install/irobot_create_toolbox:/home/javierac/create3_ws/install/irobot_create_gz_plugins:/home/javierac/create3_ws/install/irobot_create_description:/opt/ros/jazzy/opt/gz_sim_vendor:/opt/ros/jazzy/opt/gz_sensors_vendor:/opt/ros/jazzy/opt/gz_physics_vendor:/opt/ros/jazzy/opt/sdformat_vendor:/opt/ros/jazzy/opt/gz_gui_vendor:/opt/ros/jazzy/opt/gz_transport_vendor:/opt/ros/jazzy/opt/gz_rendering_vendor:/opt/ros/jazzy/opt/gz_plugin_vendor:/opt/ros/jazzy/opt/gz_fuel_tools_vendor:/opt/ros/jazzy/opt/gz_msgs_vendor:/opt/ros/jazzy/opt/gz_common_vendor:/opt/ros/jazzy/opt/gz_math_vendor:/opt/ros/jazzy/opt/gz_utils_vendor:/opt/ros/jazzy/opt/gz_tools_vendor:/opt/ros/jazzy/opt/gz_ogre_next_vendor:/opt/ros/jazzy/opt/gz_dartsim_vendor:/opt/ros/jazzy/opt/gz_cmake_vendor:/opt/ros/jazzy /usr/bin/cmake --build /home/javierac/create3_ws/build/irobot_create_description -- -j20 -l20
[0.421s] DEBUG:colcon.colcon_core.event_handler.log_command:Invoking command in '/home/javierac/create3_ws/build/irobot_create_description': CMAKE_PREFIX_PATH=/home/javierac/create3_ws/install/irobot_create_control:/home/javierac/create3_ws/install/irobot_create_gz_sim:/home/javierac/create3_ws/install/irobot_create_gz_bringup:/home/javierac/create3_ws/install/irobot_create_common_bringup:/home/javierac/create3_ws/install/irobot_create_nodes:/home/javierac/create3_ws/install/irobot_create_gz_toolbox:/home/javierac/create3_ws/install/irobot_create_toolbox:/home/javierac/create3_ws/install/irobot_create_gz_plugins:/home/javierac/create3_ws/install/irobot_create_description:/opt/ros/jazzy/opt/gz_sim_vendor:/opt/ros/jazzy/opt/gz_sensors_vendor:/opt/ros/jazzy/opt/gz_physics_vendor:/opt/ros/jazzy/opt/sdformat_vendor:/opt/ros/jazzy/opt/gz_gui_vendor:/opt/ros/jazzy/opt/gz_transport_vendor:/opt/ros/jazzy/opt/gz_rendering_vendor:/opt/ros/jazzy/opt/gz_plugin_vendor:/opt/ros/jazzy/opt/gz_fuel_tools_vendor:/opt/ros/jazzy/opt/gz_msgs_vendor:/opt/ros/jazzy/opt/gz_common_vendor:/opt/ros/jazzy/opt/gz_math_vendor:/opt/ros/jazzy/opt/gz_utils_vendor:/opt/ros/jazzy/opt/gz_tools_vendor:/opt/ros/jazzy/opt/gz_ogre_next_vendor:/opt/ros/jazzy/opt/gz_dartsim_vendor:/opt/ros/jazzy/opt/gz_cmake_vendor:/opt/ros/jazzy /usr/bin/cmake --install /home/javierac/create3_ws/build/irobot_create_description
[0.454s] Level 1:colcon.colcon_core.environment:create_environment_scripts_only(irobot_create_description)
[0.454s] Level 1:colcon.colcon_core.environment:checking '/home/javierac/create3_ws/install/irobot_create_description' for CMake module files
[0.455s] DEBUG:colcon.colcon_core.event_handler.log_command:Invoked command in '/home/javierac/create3_ws/build/irobot_create_description' returned '0': CMAKE_PREFIX_PATH=/home/javierac/create3_ws/install/irobot_create_control:/home/javierac/create3_ws/install/irobot_create_gz_sim:/home/javierac/create3_ws/install/irobot_create_gz_bringup:/home/javierac/create3_ws/install/irobot_create_common_bringup:/home/javierac/create3_ws/install/irobot_create_nodes:/home/javierac/create3_ws/install/irobot_create_gz_toolbox:/home/javierac/create3_ws/install/irobot_create_toolbox:/home/javierac/create3_ws/install/irobot_create_gz_plugins:/home/javierac/create3_ws/install/irobot_create_description:/opt/ros/jazzy/opt/gz_sim_vendor:/opt/ros/jazzy/opt/gz_sensors_vendor:/opt/ros/jazzy/opt/gz_physics_vendor:/opt/ros/jazzy/opt/sdformat_vendor:/opt/ros/jazzy/opt/gz_gui_vendor:/opt/ros/jazzy/opt/gz_transport_vendor:/opt/ros/jazzy/opt/gz_rendering_vendor:/opt/ros/jazzy/opt/gz_plugin_vendor:/opt/ros/jazzy/opt/gz_fuel_tools_vendor:/opt/ros/jazzy/opt/gz_msgs_vendor:/opt/ros/jazzy/opt/gz_common_vendor:/opt/ros/jazzy/opt/gz_math_vendor:/opt/ros/jazzy/opt/gz_utils_vendor:/opt/ros/jazzy/opt/gz_tools_vendor:/opt/ros/jazzy/opt/gz_ogre_next_vendor:/opt/ros/jazzy/opt/gz_dartsim_vendor:/opt/ros/jazzy/opt/gz_cmake_vendor:/opt/ros/jazzy /usr/bin/cmake --install /home/javierac/create3_ws/build/irobot_create_description
[0.456s] Level 1:colcon.colcon_core.environment:checking '/home/javierac/create3_ws/install/irobot_create_description' for CMake config files
[0.456s] Level 1:colcon.colcon_core.shell:create_environment_hook('irobot_create_description', 'cmake_prefix_path')
[0.456s] INFO:colcon.colcon_core.shell:Creating environment hook '/home/javierac/create3_ws/install/irobot_create_description/share/irobot_create_description/hook/cmake_prefix_path.ps1'
[0.457s] INFO:colcon.colcon_core.shell:Creating environment descriptor '/home/javierac/create3_ws/install/irobot_create_description/share/irobot_create_description/hook/cmake_prefix_path.dsv'
[0.457s] INFO:colcon.colcon_core.shell:Creating environment hook '/home/javierac/create3_ws/install/irobot_create_description/share/irobot_create_description/hook/cmake_prefix_path.sh'
[0.458s] Level 1:colcon.colcon_core.environment:checking '/home/javierac/create3_ws/install/irobot_create_description/bin'
[0.458s] Level 1:colcon.colcon_core.environment:checking '/home/javierac/create3_ws/install/irobot_create_description/lib/pkgconfig/irobot_create_description.pc'
[0.459s] Level 1:colcon.colcon_core.environment:checking '/home/javierac/create3_ws/install/irobot_create_description/lib/python3.12/site-packages'
[0.459s] Level 1:colcon.colcon_core.environment:checking '/home/javierac/create3_ws/install/irobot_create_description/bin'
[0.459s] INFO:colcon.colcon_core.shell:Creating package script '/home/javierac/create3_ws/install/irobot_create_description/share/irobot_create_description/package.ps1'
[0.460s] INFO:colcon.colcon_core.shell:Creating package descriptor '/home/javierac/create3_ws/install/irobot_create_description/share/irobot_create_description/package.dsv'
[0.460s] INFO:colcon.colcon_core.shell:Creating package script '/home/javierac/create3_ws/install/irobot_create_description/share/irobot_create_description/package.sh'
[0.461s] INFO:colcon.colcon_core.shell:Creating package script '/home/javierac/create3_ws/install/irobot_create_description/share/irobot_create_description/package.bash'
[0.462s] INFO:colcon.colcon_core.shell:Creating package script '/home/javierac/create3_ws/install/irobot_create_description/share/irobot_create_description/package.zsh'
[0.463s] Level 1:colcon.colcon_core.environment:create_file_with_runtime_dependencies(/home/javierac/create3_ws/install/irobot_create_description/share/colcon-core/packages/irobot_create_description)
[0.464s] Level 1:colcon.colcon_core.environment:create_environment_scripts_only(irobot_create_description)
[0.465s] Level 1:colcon.colcon_core.environment:checking '/home/javierac/create3_ws/install/irobot_create_description' for CMake module files
[0.466s] Level 1:colcon.colcon_core.environment:checking '/home/javierac/create3_ws/install/irobot_create_description' for CMake config files
[0.467s] Level 1:colcon.colcon_core.shell:create_environment_hook('irobot_create_description', 'cmake_prefix_path')
[0.467s] INFO:colcon.colcon_core.shell:Creating environment hook '/home/javierac/create3_ws/install/irobot_create_description/share/irobot_create_description/hook/cmake_prefix_path.ps1'
[0.467s] INFO:colcon.colcon_core.shell:Creating environment descriptor '/home/javierac/create3_ws/install/irobot_create_description/share/irobot_create_description/hook/cmake_prefix_path.dsv'
[0.468s] INFO:colcon.colcon_core.shell:Creating environment hook '/home/javierac/create3_ws/install/irobot_create_description/share/irobot_create_description/hook/cmake_prefix_path.sh'
[0.469s] Level 1:colcon.colcon_core.environment:checking '/home/javierac/create3_ws/install/irobot_create_description/bin'
[0.469s] Level 1:colcon.colcon_core.environment:checking '/home/javierac/create3_ws/install/irobot_create_description/lib/pkgconfig/irobot_create_description.pc'
[0.469s] Level 1:colcon.colcon_core.environment:checking '/home/javierac/create3_ws/install/irobot_create_description/lib/python3.12/site-packages'
[0.469s] Level 1:colcon.colcon_core.environment:checking '/home/javierac/create3_ws/install/irobot_create_description/bin'
[0.469s] INFO:colcon.colcon_core.shell:Creating package script '/home/javierac/create3_ws/install/irobot_create_description/share/irobot_create_description/package.ps1'
[0.470s] INFO:colcon.colcon_core.shell:Creating package descriptor '/home/javierac/create3_ws/install/irobot_create_description/share/irobot_create_description/package.dsv'
[0.470s] INFO:colcon.colcon_core.shell:Creating package script '/home/javierac/create3_ws/install/irobot_create_description/share/irobot_create_description/package.sh'
[0.471s] INFO:colcon.colcon_core.shell:Creating package script '/home/javierac/create3_ws/install/irobot_create_description/share/irobot_create_description/package.bash'
[0.471s] INFO:colcon.colcon_core.shell:Creating package script '/home/javierac/create3_ws/install/irobot_create_description/share/irobot_create_description/package.zsh'
[0.472s] Level 1:colcon.colcon_core.environment:create_file_with_runtime_dependencies(/home/javierac/create3_ws/install/irobot_create_description/share/colcon-core/packages/irobot_create_description)
[0.495s] DEBUG:colcon.colcon_core.event_handler.log_command:Invoked command in '/home/javierac/create3_ws/build/irobot_create_nodes' returned '0': CMAKE_PREFIX_PATH=/home/javierac/create3_ws/install/irobot_create_toolbox:/home/javierac/create3_ws/install/irobot_create_gz_sim:/home/javierac/create3_ws/install/irobot_create_gz_bringup:/home/javierac/create3_ws/install/irobot_create_common_bringup:/home/javierac/create3_ws/install/irobot_create_nodes:/home/javierac/create3_ws/install/irobot_create_gz_toolbox:/home/javierac/create3_ws/install/irobot_create_gz_plugins:/home/javierac/create3_ws/install/irobot_create_description:/home/javierac/create3_ws/install/irobot_create_control:/opt/ros/jazzy/opt/gz_sim_vendor:/opt/ros/jazzy/opt/gz_sensors_vendor:/opt/ros/jazzy/opt/gz_physics_vendor:/opt/ros/jazzy/opt/sdformat_vendor:/opt/ros/jazzy/opt/gz_gui_vendor:/opt/ros/jazzy/opt/gz_transport_vendor:/opt/ros/jazzy/opt/gz_rendering_vendor:/opt/ros/jazzy/opt/gz_plugin_vendor:/opt/ros/jazzy/opt/gz_fuel_tools_vendor:/opt/ros/jazzy/opt/gz_msgs_vendor:/opt/ros/jazzy/opt/gz_common_vendor:/opt/ros/jazzy/opt/gz_math_vendor:/opt/ros/jazzy/opt/gz_utils_vendor:/opt/ros/jazzy/opt/gz_tools_vendor:/opt/ros/jazzy/opt/gz_ogre_next_vendor:/opt/ros/jazzy/opt/gz_dartsim_vendor:/opt/ros/jazzy/opt/gz_cmake_vendor:/opt/ros/jazzy LD_LIBRARY_PATH=/home/javierac/create3_ws/install/irobot_create_toolbox/lib:/home/javierac/create3_ws/install/irobot_create_nodes/lib:/home/javierac/create3_ws/install/irobot_create_gz_toolbox/lib:/opt/ros/jazzy/opt/gz_sim_vendor/lib:/opt/ros/jazzy/opt/gz_sensors_vendor/lib:/opt/ros/jazzy/opt/gz_physics_vendor/lib:/opt/ros/jazzy/opt/sdformat_vendor/lib:/opt/ros/jazzy/opt/rviz_ogre_vendor/lib:/opt/ros/jazzy/lib/x86_64-linux-gnu:/opt/ros/jazzy/opt/gz_gui_vendor/lib:/opt/ros/jazzy/opt/gz_transport_vendor/lib:/opt/ros/jazzy/opt/gz_rendering_vendor/lib:/opt/ros/jazzy/opt/gz_plugin_vendor/lib:/opt/ros/jazzy/opt/gz_fuel_tools_vendor/lib:/opt/ros/jazzy/opt/gz_msgs_vendor/lib:/opt/ros/jazzy/opt/gz_common_vendor/lib:/opt/ros/jazzy/opt/gz_math_vendor/lib:/opt/ros/jazzy/opt/gz_utils_vendor/lib:/opt/ros/jazzy/opt/gz_tools_vendor/lib:/opt/ros/jazzy/opt/gz_ogre_next_vendor/lib:/opt/ros/jazzy/opt/gz_dartsim_vendor/lib:/opt/ros/jazzy/opt/gz_cmake_vendor/lib:/opt/ros/jazzy/lib /usr/bin/cmake --build /home/javierac/create3_ws/build/irobot_create_nodes -- -j20 -l20
[0.496s] DEBUG:colcon.colcon_core.event_handler.log_command:Invoking command in '/home/javierac/create3_ws/build/irobot_create_nodes': CMAKE_PREFIX_PATH=/home/javierac/create3_ws/install/irobot_create_toolbox:/home/javierac/create3_ws/install/irobot_create_gz_sim:/home/javierac/create3_ws/install/irobot_create_gz_bringup:/home/javierac/create3_ws/install/irobot_create_common_bringup:/home/javierac/create3_ws/install/irobot_create_nodes:/home/javierac/create3_ws/install/irobot_create_gz_toolbox:/home/javierac/create3_ws/install/irobot_create_gz_plugins:/home/javierac/create3_ws/install/irobot_create_description:/home/javierac/create3_ws/install/irobot_create_control:/opt/ros/jazzy/opt/gz_sim_vendor:/opt/ros/jazzy/opt/gz_sensors_vendor:/opt/ros/jazzy/opt/gz_physics_vendor:/opt/ros/jazzy/opt/sdformat_vendor:/opt/ros/jazzy/opt/gz_gui_vendor:/opt/ros/jazzy/opt/gz_transport_vendor:/opt/ros/jazzy/opt/gz_rendering_vendor:/opt/ros/jazzy/opt/gz_plugin_vendor:/opt/ros/jazzy/opt/gz_fuel_tools_vendor:/opt/ros/jazzy/opt/gz_msgs_vendor:/opt/ros/jazzy/opt/gz_common_vendor:/opt/ros/jazzy/opt/gz_math_vendor:/opt/ros/jazzy/opt/gz_utils_vendor:/opt/ros/jazzy/opt/gz_tools_vendor:/opt/ros/jazzy/opt/gz_ogre_next_vendor:/opt/ros/jazzy/opt/gz_dartsim_vendor:/opt/ros/jazzy/opt/gz_cmake_vendor:/opt/ros/jazzy LD_LIBRARY_PATH=/home/javierac/create3_ws/install/irobot_create_toolbox/lib:/home/javierac/create3_ws/install/irobot_create_nodes/lib:/home/javierac/create3_ws/install/irobot_create_gz_toolbox/lib:/opt/ros/jazzy/opt/gz_sim_vendor/lib:/opt/ros/jazzy/opt/gz_sensors_vendor/lib:/opt/ros/jazzy/opt/gz_physics_vendor/lib:/opt/ros/jazzy/opt/sdformat_vendor/lib:/opt/ros/jazzy/opt/rviz_ogre_vendor/lib:/opt/ros/jazzy/lib/x86_64-linux-gnu:/opt/ros/jazzy/opt/gz_gui_vendor/lib:/opt/ros/jazzy/opt/gz_transport_vendor/lib:/opt/ros/jazzy/opt/gz_rendering_vendor/lib:/opt/ros/jazzy/opt/gz_plugin_vendor/lib:/opt/ros/jazzy/opt/gz_fuel_tools_vendor/lib:/opt/ros/jazzy/opt/gz_msgs_vendor/lib:/opt/ros/jazzy/opt/gz_common_vendor/lib:/opt/ros/jazzy/opt/gz_math_vendor/lib:/opt/ros/jazzy/opt/gz_utils_vendor/lib:/opt/ros/jazzy/opt/gz_tools_vendor/lib:/opt/ros/jazzy/opt/gz_ogre_next_vendor/lib:/opt/ros/jazzy/opt/gz_dartsim_vendor/lib:/opt/ros/jazzy/opt/gz_cmake_vendor/lib:/opt/ros/jazzy/lib /usr/bin/cmake --install /home/javierac/create3_ws/build/irobot_create_nodes
[0.518s] DEBUG:colcon.colcon_core.event_handler.log_command:Invoked command in '/home/javierac/create3_ws/build/irobot_create_gz_toolbox' returned '0': CMAKE_PREFIX_PATH=/home/javierac/create3_ws/install/irobot_create_toolbox:/home/javierac/create3_ws/install/irobot_create_gz_sim:/home/javierac/create3_ws/install/irobot_create_gz_bringup:/home/javierac/create3_ws/install/irobot_create_common_bringup:/home/javierac/create3_ws/install/irobot_create_nodes:/home/javierac/create3_ws/install/irobot_create_gz_toolbox:/home/javierac/create3_ws/install/irobot_create_gz_plugins:/home/javierac/create3_ws/install/irobot_create_description:/home/javierac/create3_ws/install/irobot_create_control:/opt/ros/jazzy/opt/gz_sim_vendor:/opt/ros/jazzy/opt/gz_sensors_vendor:/opt/ros/jazzy/opt/gz_physics_vendor:/opt/ros/jazzy/opt/sdformat_vendor:/opt/ros/jazzy/opt/gz_gui_vendor:/opt/ros/jazzy/opt/gz_transport_vendor:/opt/ros/jazzy/opt/gz_rendering_vendor:/opt/ros/jazzy/opt/gz_plugin_vendor:/opt/ros/jazzy/opt/gz_fuel_tools_vendor:/opt/ros/jazzy/opt/gz_msgs_vendor:/opt/ros/jazzy/opt/gz_common_vendor:/opt/ros/jazzy/opt/gz_math_vendor:/opt/ros/jazzy/opt/gz_utils_vendor:/opt/ros/jazzy/opt/gz_tools_vendor:/opt/ros/jazzy/opt/gz_ogre_next_vendor:/opt/ros/jazzy/opt/gz_dartsim_vendor:/opt/ros/jazzy/opt/gz_cmake_vendor:/opt/ros/jazzy LD_LIBRARY_PATH=/home/javierac/create3_ws/install/irobot_create_toolbox/lib:/home/javierac/create3_ws/install/irobot_create_nodes/lib:/home/javierac/create3_ws/install/irobot_create_gz_toolbox/lib:/opt/ros/jazzy/opt/gz_sim_vendor/lib:/opt/ros/jazzy/opt/gz_sensors_vendor/lib:/opt/ros/jazzy/opt/gz_physics_vendor/lib:/opt/ros/jazzy/opt/sdformat_vendor/lib:/opt/ros/jazzy/opt/rviz_ogre_vendor/lib:/opt/ros/jazzy/lib/x86_64-linux-gnu:/opt/ros/jazzy/opt/gz_gui_vendor/lib:/opt/ros/jazzy/opt/gz_transport_vendor/lib:/opt/ros/jazzy/opt/gz_rendering_vendor/lib:/opt/ros/jazzy/opt/gz_plugin_vendor/lib:/opt/ros/jazzy/opt/gz_fuel_tools_vendor/lib:/opt/ros/jazzy/opt/gz_msgs_vendor/lib:/opt/ros/jazzy/opt/gz_common_vendor/lib:/opt/ros/jazzy/opt/gz_math_vendor/lib:/opt/ros/jazzy/opt/gz_utils_vendor/lib:/opt/ros/jazzy/opt/gz_tools_vendor/lib:/opt/ros/jazzy/opt/gz_ogre_next_vendor/lib:/opt/ros/jazzy/opt/gz_dartsim_vendor/lib:/opt/ros/jazzy/opt/gz_cmake_vendor/lib:/opt/ros/jazzy/lib /usr/bin/cmake --build /home/javierac/create3_ws/build/irobot_create_gz_toolbox -- -j20 -l20
[0.518s] DEBUG:colcon.colcon_core.event_handler.log_command:Invoking command in '/home/javierac/create3_ws/build/irobot_create_gz_toolbox': CMAKE_PREFIX_PATH=/home/javierac/create3_ws/install/irobot_create_toolbox:/home/javierac/create3_ws/install/irobot_create_gz_sim:/home/javierac/create3_ws/install/irobot_create_gz_bringup:/home/javierac/create3_ws/install/irobot_create_common_bringup:/home/javierac/create3_ws/install/irobot_create_nodes:/home/javierac/create3_ws/install/irobot_create_gz_toolbox:/home/javierac/create3_ws/install/irobot_create_gz_plugins:/home/javierac/create3_ws/install/irobot_create_description:/home/javierac/create3_ws/install/irobot_create_control:/opt/ros/jazzy/opt/gz_sim_vendor:/opt/ros/jazzy/opt/gz_sensors_vendor:/opt/ros/jazzy/opt/gz_physics_vendor:/opt/ros/jazzy/opt/sdformat_vendor:/opt/ros/jazzy/opt/gz_gui_vendor:/opt/ros/jazzy/opt/gz_transport_vendor:/opt/ros/jazzy/opt/gz_rendering_vendor:/opt/ros/jazzy/opt/gz_plugin_vendor:/opt/ros/jazzy/opt/gz_fuel_tools_vendor:/opt/ros/jazzy/opt/gz_msgs_vendor:/opt/ros/jazzy/opt/gz_common_vendor:/opt/ros/jazzy/opt/gz_math_vendor:/opt/ros/jazzy/opt/gz_utils_vendor:/opt/ros/jazzy/opt/gz_tools_vendor:/opt/ros/jazzy/opt/gz_ogre_next_vendor:/opt/ros/jazzy/opt/gz_dartsim_vendor:/opt/ros/jazzy/opt/gz_cmake_vendor:/opt/ros/jazzy LD_LIBRARY_PATH=/home/javierac/create3_ws/install/irobot_create_toolbox/lib:/home/javierac/create3_ws/install/irobot_create_nodes/lib:/home/javierac/create3_ws/install/irobot_create_gz_toolbox/lib:/opt/ros/jazzy/opt/gz_sim_vendor/lib:/opt/ros/jazzy/opt/gz_sensors_vendor/lib:/opt/ros/jazzy/opt/gz_physics_vendor/lib:/opt/ros/jazzy/opt/sdformat_vendor/lib:/opt/ros/jazzy/opt/rviz_ogre_vendor/lib:/opt/ros/jazzy/lib/x86_64-linux-gnu:/opt/ros/jazzy/opt/gz_gui_vendor/lib:/opt/ros/jazzy/opt/gz_transport_vendor/lib:/opt/ros/jazzy/opt/gz_rendering_vendor/lib:/opt/ros/jazzy/opt/gz_plugin_vendor/lib:/opt/ros/jazzy/opt/gz_fuel_tools_vendor/lib:/opt/ros/jazzy/opt/gz_msgs_vendor/lib:/opt/ros/jazzy/opt/gz_common_vendor/lib:/opt/ros/jazzy/opt/gz_math_vendor/lib:/opt/ros/jazzy/opt/gz_utils_vendor/lib:/opt/ros/jazzy/opt/gz_tools_vendor/lib:/opt/ros/jazzy/opt/gz_ogre_next_vendor/lib:/opt/ros/jazzy/opt/gz_dartsim_vendor/lib:/opt/ros/jazzy/opt/gz_cmake_vendor/lib:/opt/ros/jazzy/lib /usr/bin/cmake --install /home/javierac/create3_ws/build/irobot_create_gz_toolbox
[0.524s] Level 1:colcon.colcon_core.environment:create_environment_scripts_only(irobot_create_nodes)
[0.524s] Level 1:colcon.colcon_core.environment:checking '/home/javierac/create3_ws/install/irobot_create_nodes' for CMake module files
[0.524s] DEBUG:colcon.colcon_core.event_handler.log_command:Invoked command in '/home/javierac/create3_ws/build/irobot_create_nodes' returned '0': CMAKE_PREFIX_PATH=/home/javierac/create3_ws/install/irobot_create_toolbox:/home/javierac/create3_ws/install/irobot_create_gz_sim:/home/javierac/create3_ws/install/irobot_create_gz_bringup:/home/javierac/create3_ws/install/irobot_create_common_bringup:/home/javierac/create3_ws/install/irobot_create_nodes:/home/javierac/create3_ws/install/irobot_create_gz_toolbox:/home/javierac/create3_ws/install/irobot_create_gz_plugins:/home/javierac/create3_ws/install/irobot_create_description:/home/javierac/create3_ws/install/irobot_create_control:/opt/ros/jazzy/opt/gz_sim_vendor:/opt/ros/jazzy/opt/gz_sensors_vendor:/opt/ros/jazzy/opt/gz_physics_vendor:/opt/ros/jazzy/opt/sdformat_vendor:/opt/ros/jazzy/opt/gz_gui_vendor:/opt/ros/jazzy/opt/gz_transport_vendor:/opt/ros/jazzy/opt/gz_rendering_vendor:/opt/ros/jazzy/opt/gz_plugin_vendor:/opt/ros/jazzy/opt/gz_fuel_tools_vendor:/opt/ros/jazzy/opt/gz_msgs_vendor:/opt/ros/jazzy/opt/gz_common_vendor:/opt/ros/jazzy/opt/gz_math_vendor:/opt/ros/jazzy/opt/gz_utils_vendor:/opt/ros/jazzy/opt/gz_tools_vendor:/opt/ros/jazzy/opt/gz_ogre_next_vendor:/opt/ros/jazzy/opt/gz_dartsim_vendor:/opt/ros/jazzy/opt/gz_cmake_vendor:/opt/ros/jazzy LD_LIBRARY_PATH=/home/javierac/create3_ws/install/irobot_create_toolbox/lib:/home/javierac/create3_ws/install/irobot_create_nodes/lib:/home/javierac/create3_ws/install/irobot_create_gz_toolbox/lib:/opt/ros/jazzy/opt/gz_sim_vendor/lib:/opt/ros/jazzy/opt/gz_sensors_vendor/lib:/opt/ros/jazzy/opt/gz_physics_vendor/lib:/opt/ros/jazzy/opt/sdformat_vendor/lib:/opt/ros/jazzy/opt/rviz_ogre_vendor/lib:/opt/ros/jazzy/lib/x86_64-linux-gnu:/opt/ros/jazzy/opt/gz_gui_vendor/lib:/opt/ros/jazzy/opt/gz_transport_vendor/lib:/opt/ros/jazzy/opt/gz_rendering_vendor/lib:/opt/ros/jazzy/opt/gz_plugin_vendor/lib:/opt/ros/jazzy/opt/gz_fuel_tools_vendor/lib:/opt/ros/jazzy/opt/gz_msgs_vendor/lib:/opt/ros/jazzy/opt/gz_common_vendor/lib:/opt/ros/jazzy/opt/gz_math_vendor/lib:/opt/ros/jazzy/opt/gz_utils_vendor/lib:/opt/ros/jazzy/opt/gz_tools_vendor/lib:/opt/ros/jazzy/opt/gz_ogre_next_vendor/lib:/opt/ros/jazzy/opt/gz_dartsim_vendor/lib:/opt/ros/jazzy/opt/gz_cmake_vendor/lib:/opt/ros/jazzy/lib /usr/bin/cmake --install /home/javierac/create3_ws/build/irobot_create_nodes
[0.525s] Level 1:colcon.colcon_core.environment:checking '/home/javierac/create3_ws/install/irobot_create_nodes' for CMake config files
[0.525s] Level 1:colcon.colcon_core.shell:create_environment_hook('irobot_create_nodes', 'cmake_prefix_path')
[0.526s] INFO:colcon.colcon_core.shell:Creating environment hook '/home/javierac/create3_ws/install/irobot_create_nodes/share/irobot_create_nodes/hook/cmake_prefix_path.ps1'
[0.526s] INFO:colcon.colcon_core.shell:Creating environment descriptor '/home/javierac/create3_ws/install/irobot_create_nodes/share/irobot_create_nodes/hook/cmake_prefix_path.dsv'
[0.526s] INFO:colcon.colcon_core.shell:Creating environment hook '/home/javierac/create3_ws/install/irobot_create_nodes/share/irobot_create_nodes/hook/cmake_prefix_path.sh'
[0.527s] Level 1:colcon.colcon_core.environment:checking '/home/javierac/create3_ws/install/irobot_create_nodes/lib'
[0.527s] Level 1:colcon.colcon_core.shell:create_environment_hook('irobot_create_nodes', 'ld_library_path_lib')
[0.527s] INFO:colcon.colcon_core.shell:Creating environment hook '/home/javierac/create3_ws/install/irobot_create_nodes/share/irobot_create_nodes/hook/ld_library_path_lib.ps1'
[0.528s] INFO:colcon.colcon_core.shell:Creating environment descriptor '/home/javierac/create3_ws/install/irobot_create_nodes/share/irobot_create_nodes/hook/ld_library_path_lib.dsv'
[0.529s] INFO:colcon.colcon_core.shell:Creating environment hook '/home/javierac/create3_ws/install/irobot_create_nodes/share/irobot_create_nodes/hook/ld_library_path_lib.sh'
[0.529s] Level 1:colcon.colcon_core.environment:checking '/home/javierac/create3_ws/install/irobot_create_nodes/bin'
[0.529s] Level 1:colcon.colcon_core.environment:checking '/home/javierac/create3_ws/install/irobot_create_nodes/lib/pkgconfig/irobot_create_nodes.pc'
[0.530s] Level 1:colcon.colcon_core.environment:checking '/home/javierac/create3_ws/install/irobot_create_nodes/lib/python3.12/site-packages'
[0.530s] Level 1:colcon.colcon_core.environment:checking '/home/javierac/create3_ws/install/irobot_create_nodes/bin'
[0.530s] INFO:colcon.colcon_core.shell:Creating package script '/home/javierac/create3_ws/install/irobot_create_nodes/share/irobot_create_nodes/package.ps1'
[0.531s] INFO:colcon.colcon_core.shell:Creating package descriptor '/home/javierac/create3_ws/install/irobot_create_nodes/share/irobot_create_nodes/package.dsv'
[0.533s] INFO:colcon.colcon_core.shell:Creating package script '/home/javierac/create3_ws/install/irobot_create_nodes/share/irobot_create_nodes/package.sh'
[0.533s] INFO:colcon.colcon_core.shell:Creating package script '/home/javierac/create3_ws/install/irobot_create_nodes/share/irobot_create_nodes/package.bash'
[0.533s] INFO:colcon.colcon_core.shell:Creating package script '/home/javierac/create3_ws/install/irobot_create_nodes/share/irobot_create_nodes/package.zsh'
[0.534s] Level 1:colcon.colcon_core.environment:create_file_with_runtime_dependencies(/home/javierac/create3_ws/install/irobot_create_nodes/share/colcon-core/packages/irobot_create_nodes)
[0.534s] Level 1:colcon.colcon_core.environment:create_environment_scripts_only(irobot_create_nodes)
[0.534s] Level 1:colcon.colcon_core.environment:checking '/home/javierac/create3_ws/install/irobot_create_nodes' for CMake module files
[0.535s] Level 1:colcon.colcon_core.environment:checking '/home/javierac/create3_ws/install/irobot_create_nodes' for CMake config files
[0.535s] Level 1:colcon.colcon_core.shell:create_environment_hook('irobot_create_nodes', 'cmake_prefix_path')
[0.535s] INFO:colcon.colcon_core.shell:Creating environment hook '/home/javierac/create3_ws/install/irobot_create_nodes/share/irobot_create_nodes/hook/cmake_prefix_path.ps1'
[0.535s] INFO:colcon.colcon_core.shell:Creating environment descriptor '/home/javierac/create3_ws/install/irobot_create_nodes/share/irobot_create_nodes/hook/cmake_prefix_path.dsv'
[0.536s] INFO:colcon.colcon_core.shell:Creating environment hook '/home/javierac/create3_ws/install/irobot_create_nodes/share/irobot_create_nodes/hook/cmake_prefix_path.sh'
[0.536s] Level 1:colcon.colcon_core.environment:checking '/home/javierac/create3_ws/install/irobot_create_nodes/lib'
[0.536s] Level 1:colcon.colcon_core.shell:create_environment_hook('irobot_create_nodes', 'ld_library_path_lib')
[0.536s] INFO:colcon.colcon_core.shell:Creating environment hook '/home/javierac/create3_ws/install/irobot_create_nodes/share/irobot_create_nodes/hook/ld_library_path_lib.ps1'
[0.537s] INFO:colcon.colcon_core.shell:Creating environment descriptor '/home/javierac/create3_ws/install/irobot_create_nodes/share/irobot_create_nodes/hook/ld_library_path_lib.dsv'
[0.537s] INFO:colcon.colcon_core.shell:Creating environment hook '/home/javierac/create3_ws/install/irobot_create_nodes/share/irobot_create_nodes/hook/ld_library_path_lib.sh'
[0.537s] Level 1:colcon.colcon_core.environment:checking '/home/javierac/create3_ws/install/irobot_create_nodes/bin'
[0.537s] Level 1:colcon.colcon_core.environment:checking '/home/javierac/create3_ws/install/irobot_create_nodes/lib/pkgconfig/irobot_create_nodes.pc'
[0.538s] Level 1:colcon.colcon_core.environment:checking '/home/javierac/create3_ws/install/irobot_create_nodes/lib/python3.12/site-packages'
[0.538s] Level 1:colcon.colcon_core.environment:checking '/home/javierac/create3_ws/install/irobot_create_nodes/bin'
[0.538s] INFO:colcon.colcon_core.shell:Creating package script '/home/javierac/create3_ws/install/irobot_create_nodes/share/irobot_create_nodes/package.ps1'
[0.538s] INFO:colcon.colcon_core.shell:Creating package descriptor '/home/javierac/create3_ws/install/irobot_create_nodes/share/irobot_create_nodes/package.dsv'
[0.539s] INFO:colcon.colcon_core.shell:Creating package script '/home/javierac/create3_ws/install/irobot_create_nodes/share/irobot_create_nodes/package.sh'
[0.539s] INFO:colcon.colcon_core.shell:Creating package script '/home/javierac/create3_ws/install/irobot_create_nodes/share/irobot_create_nodes/package.bash'
[0.539s] INFO:colcon.colcon_core.shell:Creating package script '/home/javierac/create3_ws/install/irobot_create_nodes/share/irobot_create_nodes/package.zsh'
[0.540s] Level 1:colcon.colcon_core.environment:create_file_with_runtime_dependencies(/home/javierac/create3_ws/install/irobot_create_nodes/share/colcon-core/packages/irobot_create_nodes)
[0.540s] INFO:colcon.colcon_ros.task.ament_cmake.build:Building ROS package in '/home/javierac/create3_ws/src/irobot_create_common/irobot_create_common_bringup' with build type 'ament_cmake'
[0.540s] INFO:colcon.colcon_cmake.task.cmake.build:Building CMake package in '/home/javierac/create3_ws/src/irobot_create_common/irobot_create_common_bringup'
[0.540s] INFO:colcon.colcon_core.shell:Skip shell extension 'powershell' for command environment: Not usable outside of PowerShell
[0.540s] DEBUG:colcon.colcon_core.shell:Skip shell extension 'dsv' for command environment
[0.547s] Level 1:colcon.colcon_core.environment:create_environment_scripts_only(irobot_create_gz_toolbox)
[0.547s] Level 1:colcon.colcon_core.environment:checking '/home/javierac/create3_ws/install/irobot_create_gz_toolbox' for CMake module files
[0.548s] DEBUG:colcon.colcon_core.event_handler.log_command:Invoked command in '/home/javierac/create3_ws/build/irobot_create_gz_toolbox' returned '0': CMAKE_PREFIX_PATH=/home/javierac/create3_ws/install/irobot_create_toolbox:/home/javierac/create3_ws/install/irobot_create_gz_sim:/home/javierac/create3_ws/install/irobot_create_gz_bringup:/home/javierac/create3_ws/install/irobot_create_common_bringup:/home/javierac/create3_ws/install/irobot_create_nodes:/home/javierac/create3_ws/install/irobot_create_gz_toolbox:/home/javierac/create3_ws/install/irobot_create_gz_plugins:/home/javierac/create3_ws/install/irobot_create_description:/home/javierac/create3_ws/install/irobot_create_control:/opt/ros/jazzy/opt/gz_sim_vendor:/opt/ros/jazzy/opt/gz_sensors_vendor:/opt/ros/jazzy/opt/gz_physics_vendor:/opt/ros/jazzy/opt/sdformat_vendor:/opt/ros/jazzy/opt/gz_gui_vendor:/opt/ros/jazzy/opt/gz_transport_vendor:/opt/ros/jazzy/opt/gz_rendering_vendor:/opt/ros/jazzy/opt/gz_plugin_vendor:/opt/ros/jazzy/opt/gz_fuel_tools_vendor:/opt/ros/jazzy/opt/gz_msgs_vendor:/opt/ros/jazzy/opt/gz_common_vendor:/opt/ros/jazzy/opt/gz_math_vendor:/opt/ros/jazzy/opt/gz_utils_vendor:/opt/ros/jazzy/opt/gz_tools_vendor:/opt/ros/jazzy/opt/gz_ogre_next_vendor:/opt/ros/jazzy/opt/gz_dartsim_vendor:/opt/ros/jazzy/opt/gz_cmake_vendor:/opt/ros/jazzy LD_LIBRARY_PATH=/home/javierac/create3_ws/install/irobot_create_toolbox/lib:/home/javierac/create3_ws/install/irobot_create_nodes/lib:/home/javierac/create3_ws/install/irobot_create_gz_toolbox/lib:/opt/ros/jazzy/opt/gz_sim_vendor/lib:/opt/ros/jazzy/opt/gz_sensors_vendor/lib:/opt/ros/jazzy/opt/gz_physics_vendor/lib:/opt/ros/jazzy/opt/sdformat_vendor/lib:/opt/ros/jazzy/opt/rviz_ogre_vendor/lib:/opt/ros/jazzy/lib/x86_64-linux-gnu:/opt/ros/jazzy/opt/gz_gui_vendor/lib:/opt/ros/jazzy/opt/gz_transport_vendor/lib:/opt/ros/jazzy/opt/gz_rendering_vendor/lib:/opt/ros/jazzy/opt/gz_plugin_vendor/lib:/opt/ros/jazzy/opt/gz_fuel_tools_vendor/lib:/opt/ros/jazzy/opt/gz_msgs_vendor/lib:/opt/ros/jazzy/opt/gz_common_vendor/lib:/opt/ros/jazzy/opt/gz_math_vendor/lib:/opt/ros/jazzy/opt/gz_utils_vendor/lib:/opt/ros/jazzy/opt/gz_tools_vendor/lib:/opt/ros/jazzy/opt/gz_ogre_next_vendor/lib:/opt/ros/jazzy/opt/gz_dartsim_vendor/lib:/opt/ros/jazzy/opt/gz_cmake_vendor/lib:/opt/ros/jazzy/lib /usr/bin/cmake --install /home/javierac/create3_ws/build/irobot_create_gz_toolbox
[0.548s] Level 1:colcon.colcon_core.environment:checking '/home/javierac/create3_ws/install/irobot_create_gz_toolbox' for CMake config files
[0.549s] Level 1:colcon.colcon_core.shell:create_environment_hook('irobot_create_gz_toolbox', 'cmake_prefix_path')
[0.549s] INFO:colcon.colcon_core.shell:Creating environment hook '/home/javierac/create3_ws/install/irobot_create_gz_toolbox/share/irobot_create_gz_toolbox/hook/cmake_prefix_path.ps1'
[0.549s] INFO:colcon.colcon_core.shell:Creating environment descriptor '/home/javierac/create3_ws/install/irobot_create_gz_toolbox/share/irobot_create_gz_toolbox/hook/cmake_prefix_path.dsv'
[0.549s] INFO:colcon.colcon_core.shell:Creating environment hook '/home/javierac/create3_ws/install/irobot_create_gz_toolbox/share/irobot_create_gz_toolbox/hook/cmake_prefix_path.sh'
[0.550s] Level 1:colcon.colcon_core.environment:checking '/home/javierac/create3_ws/install/irobot_create_gz_toolbox/lib'
[0.550s] Level 1:colcon.colcon_core.shell:create_environment_hook('irobot_create_gz_toolbox', 'ld_library_path_lib')
[0.550s] INFO:colcon.colcon_core.shell:Creating environment hook '/home/javierac/create3_ws/install/irobot_create_gz_toolbox/share/irobot_create_gz_toolbox/hook/ld_library_path_lib.ps1'
[0.550s] INFO:colcon.colcon_core.shell:Creating environment descriptor '/home/javierac/create3_ws/install/irobot_create_gz_toolbox/share/irobot_create_gz_toolbox/hook/ld_library_path_lib.dsv'
[0.551s] INFO:colcon.colcon_core.shell:Creating environment hook '/home/javierac/create3_ws/install/irobot_create_gz_toolbox/share/irobot_create_gz_toolbox/hook/ld_library_path_lib.sh'
[0.551s] Level 1:colcon.colcon_core.environment:checking '/home/javierac/create3_ws/install/irobot_create_gz_toolbox/bin'
[0.551s] Level 1:colcon.colcon_core.environment:checking '/home/javierac/create3_ws/install/irobot_create_gz_toolbox/lib/pkgconfig/irobot_create_gz_toolbox.pc'
[0.551s] Level 1:colcon.colcon_core.environment:checking '/home/javierac/create3_ws/install/irobot_create_gz_toolbox/lib/python3.12/site-packages'
[0.551s] Level 1:colcon.colcon_core.environment:checking '/home/javierac/create3_ws/install/irobot_create_gz_toolbox/bin'
[0.552s] INFO:colcon.colcon_core.shell:Creating package script '/home/javierac/create3_ws/install/irobot_create_gz_toolbox/share/irobot_create_gz_toolbox/package.ps1'
[0.552s] INFO:colcon.colcon_core.shell:Creating package descriptor '/home/javierac/create3_ws/install/irobot_create_gz_toolbox/share/irobot_create_gz_toolbox/package.dsv'
[0.553s] INFO:colcon.colcon_core.shell:Creating package script '/home/javierac/create3_ws/install/irobot_create_gz_toolbox/share/irobot_create_gz_toolbox/package.sh'
[0.553s] INFO:colcon.colcon_core.shell:Creating package script '/home/javierac/create3_ws/install/irobot_create_gz_toolbox/share/irobot_create_gz_toolbox/package.bash'
[0.553s] INFO:colcon.colcon_core.shell:Creating package script '/home/javierac/create3_ws/install/irobot_create_gz_toolbox/share/irobot_create_gz_toolbox/package.zsh'
[0.554s] Level 1:colcon.colcon_core.environment:create_file_with_runtime_dependencies(/home/javierac/create3_ws/install/irobot_create_gz_toolbox/share/colcon-core/packages/irobot_create_gz_toolbox)
[0.554s] Level 1:colcon.colcon_core.environment:create_environment_scripts_only(irobot_create_gz_toolbox)
[0.554s] Level 1:colcon.colcon_core.environment:checking '/home/javierac/create3_ws/install/irobot_create_gz_toolbox' for CMake module files
[0.555s] Level 1:colcon.colcon_core.environment:checking '/home/javierac/create3_ws/install/irobot_create_gz_toolbox' for CMake config files
[0.555s] Level 1:colcon.colcon_core.shell:create_environment_hook('irobot_create_gz_toolbox', 'cmake_prefix_path')
[0.555s] INFO:colcon.colcon_core.shell:Creating environment hook '/home/javierac/create3_ws/install/irobot_create_gz_toolbox/share/irobot_create_gz_toolbox/hook/cmake_prefix_path.ps1'
[0.555s] INFO:colcon.colcon_core.shell:Creating environment descriptor '/home/javierac/create3_ws/install/irobot_create_gz_toolbox/share/irobot_create_gz_toolbox/hook/cmake_prefix_path.dsv'
[0.556s] INFO:colcon.colcon_core.shell:Creating environment hook '/home/javierac/create3_ws/install/irobot_create_gz_toolbox/share/irobot_create_gz_toolbox/hook/cmake_prefix_path.sh'
[0.556s] Level 1:colcon.colcon_core.environment:checking '/home/javierac/create3_ws/install/irobot_create_gz_toolbox/lib'
[0.556s] Level 1:colcon.colcon_core.shell:create_environment_hook('irobot_create_gz_toolbox', 'ld_library_path_lib')
[0.556s] INFO:colcon.colcon_core.shell:Creating environment hook '/home/javierac/create3_ws/install/irobot_create_gz_toolbox/share/irobot_create_gz_toolbox/hook/ld_library_path_lib.ps1'
[0.557s] INFO:colcon.colcon_core.shell:Creating environment descriptor '/home/javierac/create3_ws/install/irobot_create_gz_toolbox/share/irobot_create_gz_toolbox/hook/ld_library_path_lib.dsv'
[0.557s] INFO:colcon.colcon_core.shell:Creating environment hook '/home/javierac/create3_ws/install/irobot_create_gz_toolbox/share/irobot_create_gz_toolbox/hook/ld_library_path_lib.sh'
[0.557s] Level 1:colcon.colcon_core.environment:checking '/home/javierac/create3_ws/install/irobot_create_gz_toolbox/bin'
[0.557s] Level 1:colcon.colcon_core.environment:checking '/home/javierac/create3_ws/install/irobot_create_gz_toolbox/lib/pkgconfig/irobot_create_gz_toolbox.pc'
[0.558s] Level 1:colcon.colcon_core.environment:checking '/home/javierac/create3_ws/install/irobot_create_gz_toolbox/lib/python3.12/site-packages'
[0.558s] Level 1:colcon.colcon_core.environment:checking '/home/javierac/create3_ws/install/irobot_create_gz_toolbox/bin'
[0.558s] INFO:colcon.colcon_core.shell:Creating package script '/home/javierac/create3_ws/install/irobot_create_gz_toolbox/share/irobot_create_gz_toolbox/package.ps1'
[0.558s] INFO:colcon.colcon_core.shell:Creating package descriptor '/home/javierac/create3_ws/install/irobot_create_gz_toolbox/share/irobot_create_gz_toolbox/package.dsv'
[0.559s] INFO:colcon.colcon_core.shell:Creating package script '/home/javierac/create3_ws/install/irobot_create_gz_toolbox/share/irobot_create_gz_toolbox/package.sh'
[0.559s] INFO:colcon.colcon_core.shell:Creating package script '/home/javierac/create3_ws/install/irobot_create_gz_toolbox/share/irobot_create_gz_toolbox/package.bash'
[0.560s] INFO:colcon.colcon_core.shell:Creating package script '/home/javierac/create3_ws/install/irobot_create_gz_toolbox/share/irobot_create_gz_toolbox/package.zsh'
[0.560s] Level 1:colcon.colcon_core.environment:create_file_with_runtime_dependencies(/home/javierac/create3_ws/install/irobot_create_gz_toolbox/share/colcon-core/packages/irobot_create_gz_toolbox)
[0.563s] DEBUG:colcon.colcon_core.event_handler.log_command:Invoking command in '/home/javierac/create3_ws/build/irobot_create_common_bringup': CMAKE_PREFIX_PATH=/home/javierac/create3_ws/install/irobot_create_nodes:/home/javierac/create3_ws/install/irobot_create_description:/home/javierac/create3_ws/install/irobot_create_toolbox:/home/javierac/create3_ws/install/irobot_create_control:/home/javierac/create3_ws/install/irobot_create_gz_sim:/home/javierac/create3_ws/install/irobot_create_gz_bringup:/home/javierac/create3_ws/install/irobot_create_common_bringup:/home/javierac/create3_ws/install/irobot_create_gz_toolbox:/home/javierac/create3_ws/install/irobot_create_gz_plugins:/opt/ros/jazzy/opt/gz_sim_vendor:/opt/ros/jazzy/opt/gz_sensors_vendor:/opt/ros/jazzy/opt/gz_physics_vendor:/opt/ros/jazzy/opt/sdformat_vendor:/opt/ros/jazzy/opt/gz_gui_vendor:/opt/ros/jazzy/opt/gz_transport_vendor:/opt/ros/jazzy/opt/gz_rendering_vendor:/opt/ros/jazzy/opt/gz_plugin_vendor:/opt/ros/jazzy/opt/gz_fuel_tools_vendor:/opt/ros/jazzy/opt/gz_msgs_vendor:/opt/ros/jazzy/opt/gz_common_vendor:/opt/ros/jazzy/opt/gz_math_vendor:/opt/ros/jazzy/opt/gz_utils_vendor:/opt/ros/jazzy/opt/gz_tools_vendor:/opt/ros/jazzy/opt/gz_ogre_next_vendor:/opt/ros/jazzy/opt/gz_dartsim_vendor:/opt/ros/jazzy/opt/gz_cmake_vendor:/opt/ros/jazzy LD_LIBRARY_PATH=/home/javierac/create3_ws/install/irobot_create_nodes/lib:/home/javierac/create3_ws/install/irobot_create_toolbox/lib:/home/javierac/create3_ws/install/irobot_create_gz_toolbox/lib:/opt/ros/jazzy/opt/gz_sim_vendor/lib:/opt/ros/jazzy/opt/gz_sensors_vendor/lib:/opt/ros/jazzy/opt/gz_physics_vendor/lib:/opt/ros/jazzy/opt/sdformat_vendor/lib:/opt/ros/jazzy/opt/rviz_ogre_vendor/lib:/opt/ros/jazzy/lib/x86_64-linux-gnu:/opt/ros/jazzy/opt/gz_gui_vendor/lib:/opt/ros/jazzy/opt/gz_transport_vendor/lib:/opt/ros/jazzy/opt/gz_rendering_vendor/lib:/opt/ros/jazzy/opt/gz_plugin_vendor/lib:/opt/ros/jazzy/opt/gz_fuel_tools_vendor/lib:/opt/ros/jazzy/opt/gz_msgs_vendor/lib:/opt/ros/jazzy/opt/gz_common_vendor/lib:/opt/ros/jazzy/opt/gz_math_vendor/lib:/opt/ros/jazzy/opt/gz_utils_vendor/lib:/opt/ros/jazzy/opt/gz_tools_vendor/lib:/opt/ros/jazzy/opt/gz_ogre_next_vendor/lib:/opt/ros/jazzy/opt/gz_dartsim_vendor/lib:/opt/ros/jazzy/opt/gz_cmake_vendor/lib:/opt/ros/jazzy/lib /usr/bin/cmake --build /home/javierac/create3_ws/build/irobot_create_common_bringup -- -j20 -l20
[0.940s] DEBUG:colcon.colcon_core.event_handler.log_command:Invoked command in '/home/javierac/create3_ws/build/irobot_create_common_bringup' returned '0': CMAKE_PREFIX_PATH=/home/javierac/create3_ws/install/irobot_create_nodes:/home/javierac/create3_ws/install/irobot_create_description:/home/javierac/create3_ws/install/irobot_create_toolbox:/home/javierac/create3_ws/install/irobot_create_control:/home/javierac/create3_ws/install/irobot_create_gz_sim:/home/javierac/create3_ws/install/irobot_create_gz_bringup:/home/javierac/create3_ws/install/irobot_create_common_bringup:/home/javierac/create3_ws/install/irobot_create_gz_toolbox:/home/javierac/create3_ws/install/irobot_create_gz_plugins:/opt/ros/jazzy/opt/gz_sim_vendor:/opt/ros/jazzy/opt/gz_sensors_vendor:/opt/ros/jazzy/opt/gz_physics_vendor:/opt/ros/jazzy/opt/sdformat_vendor:/opt/ros/jazzy/opt/gz_gui_vendor:/opt/ros/jazzy/opt/gz_transport_vendor:/opt/ros/jazzy/opt/gz_rendering_vendor:/opt/ros/jazzy/opt/gz_plugin_vendor:/opt/ros/jazzy/opt/gz_fuel_tools_vendor:/opt/ros/jazzy/opt/gz_msgs_vendor:/opt/ros/jazzy/opt/gz_common_vendor:/opt/ros/jazzy/opt/gz_math_vendor:/opt/ros/jazzy/opt/gz_utils_vendor:/opt/ros/jazzy/opt/gz_tools_vendor:/opt/ros/jazzy/opt/gz_ogre_next_vendor:/opt/ros/jazzy/opt/gz_dartsim_vendor:/opt/ros/jazzy/opt/gz_cmake_vendor:/opt/ros/jazzy LD_LIBRARY_PATH=/home/javierac/create3_ws/install/irobot_create_nodes/lib:/home/javierac/create3_ws/install/irobot_create_toolbox/lib:/home/javierac/create3_ws/install/irobot_create_gz_toolbox/lib:/opt/ros/jazzy/opt/gz_sim_vendor/lib:/opt/ros/jazzy/opt/gz_sensors_vendor/lib:/opt/ros/jazzy/opt/gz_physics_vendor/lib:/opt/ros/jazzy/opt/sdformat_vendor/lib:/opt/ros/jazzy/opt/rviz_ogre_vendor/lib:/opt/ros/jazzy/lib/x86_64-linux-gnu:/opt/ros/jazzy/opt/gz_gui_vendor/lib:/opt/ros/jazzy/opt/gz_transport_vendor/lib:/opt/ros/jazzy/opt/gz_rendering_vendor/lib:/opt/ros/jazzy/opt/gz_plugin_vendor/lib:/opt/ros/jazzy/opt/gz_fuel_tools_vendor/lib:/opt/ros/jazzy/opt/gz_msgs_vendor/lib:/opt/ros/jazzy/opt/gz_common_vendor/lib:/opt/ros/jazzy/opt/gz_math_vendor/lib:/opt/ros/jazzy/opt/gz_utils_vendor/lib:/opt/ros/jazzy/opt/gz_tools_vendor/lib:/opt/ros/jazzy/opt/gz_ogre_next_vendor/lib:/opt/ros/jazzy/opt/gz_dartsim_vendor/lib:/opt/ros/jazzy/opt/gz_cmake_vendor/lib:/opt/ros/jazzy/lib /usr/bin/cmake --build /home/javierac/create3_ws/build/irobot_create_common_bringup -- -j20 -l20
[0.941s] DEBUG:colcon.colcon_core.event_handler.log_command:Invoking command in '/home/javierac/create3_ws/build/irobot_create_common_bringup': CMAKE_PREFIX_PATH=/home/javierac/create3_ws/install/irobot_create_nodes:/home/javierac/create3_ws/install/irobot_create_description:/home/javierac/create3_ws/install/irobot_create_toolbox:/home/javierac/create3_ws/install/irobot_create_control:/home/javierac/create3_ws/install/irobot_create_gz_sim:/home/javierac/create3_ws/install/irobot_create_gz_bringup:/home/javierac/create3_ws/install/irobot_create_common_bringup:/home/javierac/create3_ws/install/irobot_create_gz_toolbox:/home/javierac/create3_ws/install/irobot_create_gz_plugins:/opt/ros/jazzy/opt/gz_sim_vendor:/opt/ros/jazzy/opt/gz_sensors_vendor:/opt/ros/jazzy/opt/gz_physics_vendor:/opt/ros/jazzy/opt/sdformat_vendor:/opt/ros/jazzy/opt/gz_gui_vendor:/opt/ros/jazzy/opt/gz_transport_vendor:/opt/ros/jazzy/opt/gz_rendering_vendor:/opt/ros/jazzy/opt/gz_plugin_vendor:/opt/ros/jazzy/opt/gz_fuel_tools_vendor:/opt/ros/jazzy/opt/gz_msgs_vendor:/opt/ros/jazzy/opt/gz_common_vendor:/opt/ros/jazzy/opt/gz_math_vendor:/opt/ros/jazzy/opt/gz_utils_vendor:/opt/ros/jazzy/opt/gz_tools_vendor:/opt/ros/jazzy/opt/gz_ogre_next_vendor:/opt/ros/jazzy/opt/gz_dartsim_vendor:/opt/ros/jazzy/opt/gz_cmake_vendor:/opt/ros/jazzy LD_LIBRARY_PATH=/home/javierac/create3_ws/install/irobot_create_nodes/lib:/home/javierac/create3_ws/install/irobot_create_toolbox/lib:/home/javierac/create3_ws/install/irobot_create_gz_toolbox/lib:/opt/ros/jazzy/opt/gz_sim_vendor/lib:/opt/ros/jazzy/opt/gz_sensors_vendor/lib:/opt/ros/jazzy/opt/gz_physics_vendor/lib:/opt/ros/jazzy/opt/sdformat_vendor/lib:/opt/ros/jazzy/opt/rviz_ogre_vendor/lib:/opt/ros/jazzy/lib/x86_64-linux-gnu:/opt/ros/jazzy/opt/gz_gui_vendor/lib:/opt/ros/jazzy/opt/gz_transport_vendor/lib:/opt/ros/jazzy/opt/gz_rendering_vendor/lib:/opt/ros/jazzy/opt/gz_plugin_vendor/lib:/opt/ros/jazzy/opt/gz_fuel_tools_vendor/lib:/opt/ros/jazzy/opt/gz_msgs_vendor/lib:/opt/ros/jazzy/opt/gz_common_vendor/lib:/opt/ros/jazzy/opt/gz_math_vendor/lib:/opt/ros/jazzy/opt/gz_utils_vendor/lib:/opt/ros/jazzy/opt/gz_tools_vendor/lib:/opt/ros/jazzy/opt/gz_ogre_next_vendor/lib:/opt/ros/jazzy/opt/gz_dartsim_vendor/lib:/opt/ros/jazzy/opt/gz_cmake_vendor/lib:/opt/ros/jazzy/lib /usr/bin/cmake --install /home/javierac/create3_ws/build/irobot_create_common_bringup
[1.006s] Level 1:colcon.colcon_core.environment:create_environment_scripts_only(irobot_create_common_bringup)
[1.007s] Level 1:colcon.colcon_core.environment:checking '/home/javierac/create3_ws/install/irobot_create_common_bringup' for CMake module files
[1.007s] DEBUG:colcon.colcon_core.event_handler.log_command:Invoked command in '/home/javierac/create3_ws/build/irobot_create_common_bringup' returned '0': CMAKE_PREFIX_PATH=/home/javierac/create3_ws/install/irobot_create_nodes:/home/javierac/create3_ws/install/irobot_create_description:/home/javierac/create3_ws/install/irobot_create_toolbox:/home/javierac/create3_ws/install/irobot_create_control:/home/javierac/create3_ws/install/irobot_create_gz_sim:/home/javierac/create3_ws/install/irobot_create_gz_bringup:/home/javierac/create3_ws/install/irobot_create_common_bringup:/home/javierac/create3_ws/install/irobot_create_gz_toolbox:/home/javierac/create3_ws/install/irobot_create_gz_plugins:/opt/ros/jazzy/opt/gz_sim_vendor:/opt/ros/jazzy/opt/gz_sensors_vendor:/opt/ros/jazzy/opt/gz_physics_vendor:/opt/ros/jazzy/opt/sdformat_vendor:/opt/ros/jazzy/opt/gz_gui_vendor:/opt/ros/jazzy/opt/gz_transport_vendor:/opt/ros/jazzy/opt/gz_rendering_vendor:/opt/ros/jazzy/opt/gz_plugin_vendor:/opt/ros/jazzy/opt/gz_fuel_tools_vendor:/opt/ros/jazzy/opt/gz_msgs_vendor:/opt/ros/jazzy/opt/gz_common_vendor:/opt/ros/jazzy/opt/gz_math_vendor:/opt/ros/jazzy/opt/gz_utils_vendor:/opt/ros/jazzy/opt/gz_tools_vendor:/opt/ros/jazzy/opt/gz_ogre_next_vendor:/opt/ros/jazzy/opt/gz_dartsim_vendor:/opt/ros/jazzy/opt/gz_cmake_vendor:/opt/ros/jazzy LD_LIBRARY_PATH=/home/javierac/create3_ws/install/irobot_create_nodes/lib:/home/javierac/create3_ws/install/irobot_create_toolbox/lib:/home/javierac/create3_ws/install/irobot_create_gz_toolbox/lib:/opt/ros/jazzy/opt/gz_sim_vendor/lib:/opt/ros/jazzy/opt/gz_sensors_vendor/lib:/opt/ros/jazzy/opt/gz_physics_vendor/lib:/opt/ros/jazzy/opt/sdformat_vendor/lib:/opt/ros/jazzy/opt/rviz_ogre_vendor/lib:/opt/ros/jazzy/lib/x86_64-linux-gnu:/opt/ros/jazzy/opt/gz_gui_vendor/lib:/opt/ros/jazzy/opt/gz_transport_vendor/lib:/opt/ros/jazzy/opt/gz_rendering_vendor/lib:/opt/ros/jazzy/opt/gz_plugin_vendor/lib:/opt/ros/jazzy/opt/gz_fuel_tools_vendor/lib:/opt/ros/jazzy/opt/gz_msgs_vendor/lib:/opt/ros/jazzy/opt/gz_common_vendor/lib:/opt/ros/jazzy/opt/gz_math_vendor/lib:/opt/ros/jazzy/opt/gz_utils_vendor/lib:/opt/ros/jazzy/opt/gz_tools_vendor/lib:/opt/ros/jazzy/opt/gz_ogre_next_vendor/lib:/opt/ros/jazzy/opt/gz_dartsim_vendor/lib:/opt/ros/jazzy/opt/gz_cmake_vendor/lib:/opt/ros/jazzy/lib /usr/bin/cmake --install /home/javierac/create3_ws/build/irobot_create_common_bringup
[1.007s] Level 1:colcon.colcon_core.environment:checking '/home/javierac/create3_ws/install/irobot_create_common_bringup' for CMake config files
[1.008s] Level 1:colcon.colcon_core.shell:create_environment_hook('irobot_create_common_bringup', 'cmake_prefix_path')
[1.008s] INFO:colcon.colcon_core.shell:Creating environment hook '/home/javierac/create3_ws/install/irobot_create_common_bringup/share/irobot_create_common_bringup/hook/cmake_prefix_path.ps1'
[1.008s] INFO:colcon.colcon_core.shell:Creating environment descriptor '/home/javierac/create3_ws/install/irobot_create_common_bringup/share/irobot_create_common_bringup/hook/cmake_prefix_path.dsv'
[1.009s] INFO:colcon.colcon_core.shell:Creating environment hook '/home/javierac/create3_ws/install/irobot_create_common_bringup/share/irobot_create_common_bringup/hook/cmake_prefix_path.sh'
[1.009s] Level 1:colcon.colcon_core.environment:checking '/home/javierac/create3_ws/install/irobot_create_common_bringup/lib'
[1.009s] Level 1:colcon.colcon_core.environment:checking '/home/javierac/create3_ws/install/irobot_create_common_bringup/bin'
[1.010s] Level 1:colcon.colcon_core.environment:checking '/home/javierac/create3_ws/install/irobot_create_common_bringup/lib/pkgconfig/irobot_create_common_bringup.pc'
[1.010s] Level 1:colcon.colcon_core.environment:checking '/home/javierac/create3_ws/install/irobot_create_common_bringup/lib/python3.12/site-packages'
[1.010s] Level 1:colcon.colcon_core.shell:create_environment_hook('irobot_create_common_bringup', 'pythonpath')
[1.010s] INFO:colcon.colcon_core.shell:Creating environment hook '/home/javierac/create3_ws/install/irobot_create_common_bringup/share/irobot_create_common_bringup/hook/pythonpath.ps1'
[1.010s] INFO:colcon.colcon_core.shell:Creating environment descriptor '/home/javierac/create3_ws/install/irobot_create_common_bringup/share/irobot_create_common_bringup/hook/pythonpath.dsv'
[1.011s] INFO:colcon.colcon_core.shell:Creating environment hook '/home/javierac/create3_ws/install/irobot_create_common_bringup/share/irobot_create_common_bringup/hook/pythonpath.sh'
[1.011s] Level 1:colcon.colcon_core.environment:checking '/home/javierac/create3_ws/install/irobot_create_common_bringup/bin'
[1.012s] INFO:colcon.colcon_core.shell:Creating package script '/home/javierac/create3_ws/install/irobot_create_common_bringup/share/irobot_create_common_bringup/package.ps1'
[1.012s] INFO:colcon.colcon_core.shell:Creating package descriptor '/home/javierac/create3_ws/install/irobot_create_common_bringup/share/irobot_create_common_bringup/package.dsv'
[1.013s] INFO:colcon.colcon_core.shell:Creating package script '/home/javierac/create3_ws/install/irobot_create_common_bringup/share/irobot_create_common_bringup/package.sh'
[1.013s] INFO:colcon.colcon_core.shell:Creating package script '/home/javierac/create3_ws/install/irobot_create_common_bringup/share/irobot_create_common_bringup/package.bash'
[1.013s] INFO:colcon.colcon_core.shell:Creating package script '/home/javierac/create3_ws/install/irobot_create_common_bringup/share/irobot_create_common_bringup/package.zsh'
[1.014s] Level 1:colcon.colcon_core.environment:create_file_with_runtime_dependencies(/home/javierac/create3_ws/install/irobot_create_common_bringup/share/colcon-core/packages/irobot_create_common_bringup)
[1.014s] Level 1:colcon.colcon_core.environment:create_environment_scripts_only(irobot_create_common_bringup)
[1.014s] Level 1:colcon.colcon_core.environment:checking '/home/javierac/create3_ws/install/irobot_create_common_bringup' for CMake module files
[1.015s] Level 1:colcon.colcon_core.environment:checking '/home/javierac/create3_ws/install/irobot_create_common_bringup' for CMake config files
[1.015s] Level 1:colcon.colcon_core.shell:create_environment_hook('irobot_create_common_bringup', 'cmake_prefix_path')
[1.015s] INFO:colcon.colcon_core.shell:Creating environment hook '/home/javierac/create3_ws/install/irobot_create_common_bringup/share/irobot_create_common_bringup/hook/cmake_prefix_path.ps1'
[1.016s] INFO:colcon.colcon_core.shell:Creating environment descriptor '/home/javierac/create3_ws/install/irobot_create_common_bringup/share/irobot_create_common_bringup/hook/cmake_prefix_path.dsv'
[1.016s] INFO:colcon.colcon_core.shell:Creating environment hook '/home/javierac/create3_ws/install/irobot_create_common_bringup/share/irobot_create_common_bringup/hook/cmake_prefix_path.sh'
[1.017s] Level 1:colcon.colcon_core.environment:checking '/home/javierac/create3_ws/install/irobot_create_common_bringup/lib'
[1.017s] Level 1:colcon.colcon_core.environment:checking '/home/javierac/create3_ws/install/irobot_create_common_bringup/bin'
[1.017s] Level 1:colcon.colcon_core.environment:checking '/home/javierac/create3_ws/install/irobot_create_common_bringup/lib/pkgconfig/irobot_create_common_bringup.pc'
[1.017s] Level 1:colcon.colcon_core.environment:checking '/home/javierac/create3_ws/install/irobot_create_common_bringup/lib/python3.12/site-packages'
[1.017s] Level 1:colcon.colcon_core.shell:create_environment_hook('irobot_create_common_bringup', 'pythonpath')
[1.017s] INFO:colcon.colcon_core.shell:Creating environment hook '/home/javierac/create3_ws/install/irobot_create_common_bringup/share/irobot_create_common_bringup/hook/pythonpath.ps1'
[1.018s] INFO:colcon.colcon_core.shell:Creating environment descriptor '/home/javierac/create3_ws/install/irobot_create_common_bringup/share/irobot_create_common_bringup/hook/pythonpath.dsv'
[1.018s] INFO:colcon.colcon_core.shell:Creating environment hook '/home/javierac/create3_ws/install/irobot_create_common_bringup/share/irobot_create_common_bringup/hook/pythonpath.sh'
[1.019s] Level 1:colcon.colcon_core.environment:checking '/home/javierac/create3_ws/install/irobot_create_common_bringup/bin'
[1.019s] INFO:colcon.colcon_core.shell:Creating package script '/home/javierac/create3_ws/install/irobot_create_common_bringup/share/irobot_create_common_bringup/package.ps1'
[1.019s] INFO:colcon.colcon_core.shell:Creating package descriptor '/home/javierac/create3_ws/install/irobot_create_common_bringup/share/irobot_create_common_bringup/package.dsv'
[1.020s] INFO:colcon.colcon_core.shell:Creating package script '/home/javierac/create3_ws/install/irobot_create_common_bringup/share/irobot_create_common_bringup/package.sh'
[1.020s] INFO:colcon.colcon_core.shell:Creating package script '/home/javierac/create3_ws/install/irobot_create_common_bringup/share/irobot_create_common_bringup/package.bash'
[1.021s] INFO:colcon.colcon_core.shell:Creating package script '/home/javierac/create3_ws/install/irobot_create_common_bringup/share/irobot_create_common_bringup/package.zsh'
[1.021s] Level 1:colcon.colcon_core.environment:create_file_with_runtime_dependencies(/home/javierac/create3_ws/install/irobot_create_common_bringup/share/colcon-core/packages/irobot_create_common_bringup)
[1.021s] INFO:colcon.colcon_ros.task.ament_cmake.build:Building ROS package in '/home/javierac/create3_ws/src/irobot_create_gz/irobot_create_gz_bringup' with build type 'ament_cmake'
[1.022s] INFO:colcon.colcon_cmake.task.cmake.build:Building CMake package in '/home/javierac/create3_ws/src/irobot_create_gz/irobot_create_gz_bringup'
[1.022s] INFO:colcon.colcon_core.shell:Skip shell extension 'powershell' for command environment: Not usable outside of PowerShell
[1.022s] DEBUG:colcon.colcon_core.shell:Skip shell extension 'dsv' for command environment
[1.045s] DEBUG:colcon.colcon_core.event_handler.log_command:Invoking command in '/home/javierac/create3_ws/build/irobot_create_gz_bringup': CMAKE_PREFIX_PATH=/home/javierac/create3_ws/install/irobot_create_common_bringup:/home/javierac/create3_ws/install/irobot_create_nodes:/home/javierac/create3_ws/install/irobot_create_gz_toolbox:/home/javierac/create3_ws/install/irobot_create_description:/home/javierac/create3_ws/install/irobot_create_toolbox:/home/javierac/create3_ws/install/irobot_create_control:/home/javierac/create3_ws/install/irobot_create_gz_sim:/home/javierac/create3_ws/install/irobot_create_gz_bringup:/home/javierac/create3_ws/install/irobot_create_gz_plugins:/opt/ros/jazzy/opt/gz_sim_vendor:/opt/ros/jazzy/opt/gz_sensors_vendor:/opt/ros/jazzy/opt/gz_physics_vendor:/opt/ros/jazzy/opt/sdformat_vendor:/opt/ros/jazzy/opt/gz_gui_vendor:/opt/ros/jazzy/opt/gz_transport_vendor:/opt/ros/jazzy/opt/gz_rendering_vendor:/opt/ros/jazzy/opt/gz_plugin_vendor:/opt/ros/jazzy/opt/gz_fuel_tools_vendor:/opt/ros/jazzy/opt/gz_msgs_vendor:/opt/ros/jazzy/opt/gz_common_vendor:/opt/ros/jazzy/opt/gz_math_vendor:/opt/ros/jazzy/opt/gz_utils_vendor:/opt/ros/jazzy/opt/gz_tools_vendor:/opt/ros/jazzy/opt/gz_ogre_next_vendor:/opt/ros/jazzy/opt/gz_dartsim_vendor:/opt/ros/jazzy/opt/gz_cmake_vendor:/opt/ros/jazzy /usr/bin/cmake --build /home/javierac/create3_ws/build/irobot_create_gz_bringup -- -j20 -l20
[1.088s] DEBUG:colcon.colcon_core.event_handler.log_command:Invoked command in '/home/javierac/create3_ws/build/irobot_create_gz_bringup' returned '0': CMAKE_PREFIX_PATH=/home/javierac/create3_ws/install/irobot_create_common_bringup:/home/javierac/create3_ws/install/irobot_create_nodes:/home/javierac/create3_ws/install/irobot_create_gz_toolbox:/home/javierac/create3_ws/install/irobot_create_description:/home/javierac/create3_ws/install/irobot_create_toolbox:/home/javierac/create3_ws/install/irobot_create_control:/home/javierac/create3_ws/install/irobot_create_gz_sim:/home/javierac/create3_ws/install/irobot_create_gz_bringup:/home/javierac/create3_ws/install/irobot_create_gz_plugins:/opt/ros/jazzy/opt/gz_sim_vendor:/opt/ros/jazzy/opt/gz_sensors_vendor:/opt/ros/jazzy/opt/gz_physics_vendor:/opt/ros/jazzy/opt/sdformat_vendor:/opt/ros/jazzy/opt/gz_gui_vendor:/opt/ros/jazzy/opt/gz_transport_vendor:/opt/ros/jazzy/opt/gz_rendering_vendor:/opt/ros/jazzy/opt/gz_plugin_vendor:/opt/ros/jazzy/opt/gz_fuel_tools_vendor:/opt/ros/jazzy/opt/gz_msgs_vendor:/opt/ros/jazzy/opt/gz_common_vendor:/opt/ros/jazzy/opt/gz_math_vendor:/opt/ros/jazzy/opt/gz_utils_vendor:/opt/ros/jazzy/opt/gz_tools_vendor:/opt/ros/jazzy/opt/gz_ogre_next_vendor:/opt/ros/jazzy/opt/gz_dartsim_vendor:/opt/ros/jazzy/opt/gz_cmake_vendor:/opt/ros/jazzy /usr/bin/cmake --build /home/javierac/create3_ws/build/irobot_create_gz_bringup -- -j20 -l20
[1.089s] DEBUG:colcon.colcon_core.event_handler.log_command:Invoking command in '/home/javierac/create3_ws/build/irobot_create_gz_bringup': CMAKE_PREFIX_PATH=/home/javierac/create3_ws/install/irobot_create_common_bringup:/home/javierac/create3_ws/install/irobot_create_nodes:/home/javierac/create3_ws/install/irobot_create_gz_toolbox:/home/javierac/create3_ws/install/irobot_create_description:/home/javierac/create3_ws/install/irobot_create_toolbox:/home/javierac/create3_ws/install/irobot_create_control:/home/javierac/create3_ws/install/irobot_create_gz_sim:/home/javierac/create3_ws/install/irobot_create_gz_bringup:/home/javierac/create3_ws/install/irobot_create_gz_plugins:/opt/ros/jazzy/opt/gz_sim_vendor:/opt/ros/jazzy/opt/gz_sensors_vendor:/opt/ros/jazzy/opt/gz_physics_vendor:/opt/ros/jazzy/opt/sdformat_vendor:/opt/ros/jazzy/opt/gz_gui_vendor:/opt/ros/jazzy/opt/gz_transport_vendor:/opt/ros/jazzy/opt/gz_rendering_vendor:/opt/ros/jazzy/opt/gz_plugin_vendor:/opt/ros/jazzy/opt/gz_fuel_tools_vendor:/opt/ros/jazzy/opt/gz_msgs_vendor:/opt/ros/jazzy/opt/gz_common_vendor:/opt/ros/jazzy/opt/gz_math_vendor:/opt/ros/jazzy/opt/gz_utils_vendor:/opt/ros/jazzy/opt/gz_tools_vendor:/opt/ros/jazzy/opt/gz_ogre_next_vendor:/opt/ros/jazzy/opt/gz_dartsim_vendor:/opt/ros/jazzy/opt/gz_cmake_vendor:/opt/ros/jazzy /usr/bin/cmake --install /home/javierac/create3_ws/build/irobot_create_gz_bringup
[1.129s] Level 1:colcon.colcon_core.environment:create_environment_scripts_only(irobot_create_gz_bringup)
[1.129s] Level 1:colcon.colcon_core.environment:checking '/home/javierac/create3_ws/install/irobot_create_gz_bringup' for CMake module files
[1.129s] DEBUG:colcon.colcon_core.event_handler.log_command:Invoked command in '/home/javierac/create3_ws/build/irobot_create_gz_bringup' returned '0': CMAKE_PREFIX_PATH=/home/javierac/create3_ws/install/irobot_create_common_bringup:/home/javierac/create3_ws/install/irobot_create_nodes:/home/javierac/create3_ws/install/irobot_create_gz_toolbox:/home/javierac/create3_ws/install/irobot_create_description:/home/javierac/create3_ws/install/irobot_create_toolbox:/home/javierac/create3_ws/install/irobot_create_control:/home/javierac/create3_ws/install/irobot_create_gz_sim:/home/javierac/create3_ws/install/irobot_create_gz_bringup:/home/javierac/create3_ws/install/irobot_create_gz_plugins:/opt/ros/jazzy/opt/gz_sim_vendor:/opt/ros/jazzy/opt/gz_sensors_vendor:/opt/ros/jazzy/opt/gz_physics_vendor:/opt/ros/jazzy/opt/sdformat_vendor:/opt/ros/jazzy/opt/gz_gui_vendor:/opt/ros/jazzy/opt/gz_transport_vendor:/opt/ros/jazzy/opt/gz_rendering_vendor:/opt/ros/jazzy/opt/gz_plugin_vendor:/opt/ros/jazzy/opt/gz_fuel_tools_vendor:/opt/ros/jazzy/opt/gz_msgs_vendor:/opt/ros/jazzy/opt/gz_common_vendor:/opt/ros/jazzy/opt/gz_math_vendor:/opt/ros/jazzy/opt/gz_utils_vendor:/opt/ros/jazzy/opt/gz_tools_vendor:/opt/ros/jazzy/opt/gz_ogre_next_vendor:/opt/ros/jazzy/opt/gz_dartsim_vendor:/opt/ros/jazzy/opt/gz_cmake_vendor:/opt/ros/jazzy /usr/bin/cmake --install /home/javierac/create3_ws/build/irobot_create_gz_bringup
[1.130s] Level 1:colcon.colcon_core.environment:checking '/home/javierac/create3_ws/install/irobot_create_gz_bringup' for CMake config files
[1.130s] Level 1:colcon.colcon_core.shell:create_environment_hook('irobot_create_gz_bringup', 'cmake_prefix_path')
[1.130s] INFO:colcon.colcon_core.shell:Creating environment hook '/home/javierac/create3_ws/install/irobot_create_gz_bringup/share/irobot_create_gz_bringup/hook/cmake_prefix_path.ps1'
[1.130s] INFO:colcon.colcon_core.shell:Creating environment descriptor '/home/javierac/create3_ws/install/irobot_create_gz_bringup/share/irobot_create_gz_bringup/hook/cmake_prefix_path.dsv'
[1.131s] INFO:colcon.colcon_core.shell:Creating environment hook '/home/javierac/create3_ws/install/irobot_create_gz_bringup/share/irobot_create_gz_bringup/hook/cmake_prefix_path.sh'
[1.131s] Level 1:colcon.colcon_core.environment:checking '/home/javierac/create3_ws/install/irobot_create_gz_bringup/bin'
[1.131s] Level 1:colcon.colcon_core.environment:checking '/home/javierac/create3_ws/install/irobot_create_gz_bringup/lib/pkgconfig/irobot_create_gz_bringup.pc'
[1.132s] Level 1:colcon.colcon_core.environment:checking '/home/javierac/create3_ws/install/irobot_create_gz_bringup/lib/python3.12/site-packages'
[1.132s] Level 1:colcon.colcon_core.environment:checking '/home/javierac/create3_ws/install/irobot_create_gz_bringup/bin'
[1.132s] INFO:colcon.colcon_core.shell:Creating package script '/home/javierac/create3_ws/install/irobot_create_gz_bringup/share/irobot_create_gz_bringup/package.ps1'
[1.132s] INFO:colcon.colcon_core.shell:Creating package descriptor '/home/javierac/create3_ws/install/irobot_create_gz_bringup/share/irobot_create_gz_bringup/package.dsv'
[1.133s] INFO:colcon.colcon_core.shell:Creating package script '/home/javierac/create3_ws/install/irobot_create_gz_bringup/share/irobot_create_gz_bringup/package.sh'
[1.133s] INFO:colcon.colcon_core.shell:Creating package script '/home/javierac/create3_ws/install/irobot_create_gz_bringup/share/irobot_create_gz_bringup/package.bash'
[1.133s] INFO:colcon.colcon_core.shell:Creating package script '/home/javierac/create3_ws/install/irobot_create_gz_bringup/share/irobot_create_gz_bringup/package.zsh'
[1.134s] Level 1:colcon.colcon_core.environment:create_file_with_runtime_dependencies(/home/javierac/create3_ws/install/irobot_create_gz_bringup/share/colcon-core/packages/irobot_create_gz_bringup)
[1.134s] Level 1:colcon.colcon_core.environment:create_environment_scripts_only(irobot_create_gz_bringup)
[1.134s] Level 1:colcon.colcon_core.environment:checking '/home/javierac/create3_ws/install/irobot_create_gz_bringup' for CMake module files
[1.134s] Level 1:colcon.colcon_core.environment:checking '/home/javierac/create3_ws/install/irobot_create_gz_bringup' for CMake config files
[1.135s] Level 1:colcon.colcon_core.shell:create_environment_hook('irobot_create_gz_bringup', 'cmake_prefix_path')
[1.135s] INFO:colcon.colcon_core.shell:Creating environment hook '/home/javierac/create3_ws/install/irobot_create_gz_bringup/share/irobot_create_gz_bringup/hook/cmake_prefix_path.ps1'
[1.135s] INFO:colcon.colcon_core.shell:Creating environment descriptor '/home/javierac/create3_ws/install/irobot_create_gz_bringup/share/irobot_create_gz_bringup/hook/cmake_prefix_path.dsv'
[1.135s] INFO:colcon.colcon_core.shell:Creating environment hook '/home/javierac/create3_ws/install/irobot_create_gz_bringup/share/irobot_create_gz_bringup/hook/cmake_prefix_path.sh'
[1.136s] Level 1:colcon.colcon_core.environment:checking '/home/javierac/create3_ws/install/irobot_create_gz_bringup/bin'
[1.136s] Level 1:colcon.colcon_core.environment:checking '/home/javierac/create3_ws/install/irobot_create_gz_bringup/lib/pkgconfig/irobot_create_gz_bringup.pc'
[1.136s] Level 1:colcon.colcon_core.environment:checking '/home/javierac/create3_ws/install/irobot_create_gz_bringup/lib/python3.12/site-packages'
[1.136s] Level 1:colcon.colcon_core.environment:checking '/home/javierac/create3_ws/install/irobot_create_gz_bringup/bin'
[1.136s] INFO:colcon.colcon_core.shell:Creating package script '/home/javierac/create3_ws/install/irobot_create_gz_bringup/share/irobot_create_gz_bringup/package.ps1'
[1.137s] INFO:colcon.colcon_core.shell:Creating package descriptor '/home/javierac/create3_ws/install/irobot_create_gz_bringup/share/irobot_create_gz_bringup/package.dsv'
[1.137s] INFO:colcon.colcon_core.shell:Creating package script '/home/javierac/create3_ws/install/irobot_create_gz_bringup/share/irobot_create_gz_bringup/package.sh'
[1.138s] INFO:colcon.colcon_core.shell:Creating package script '/home/javierac/create3_ws/install/irobot_create_gz_bringup/share/irobot_create_gz_bringup/package.bash'
[1.138s] INFO:colcon.colcon_core.shell:Creating package script '/home/javierac/create3_ws/install/irobot_create_gz_bringup/share/irobot_create_gz_bringup/package.zsh'
[1.138s] Level 1:colcon.colcon_core.environment:create_file_with_runtime_dependencies(/home/javierac/create3_ws/install/irobot_create_gz_bringup/share/colcon-core/packages/irobot_create_gz_bringup)
[1.139s] INFO:colcon.colcon_ros.task.ament_cmake.build:Building ROS package in '/home/javierac/create3_ws/src/irobot_create_gz/irobot_create_gz_sim' with build type 'ament_cmake'
[1.139s] INFO:colcon.colcon_cmake.task.cmake.build:Building CMake package in '/home/javierac/create3_ws/src/irobot_create_gz/irobot_create_gz_sim'
[1.139s] INFO:colcon.colcon_core.shell:Skip shell extension 'powershell' for command environment: Not usable outside of PowerShell
[1.139s] DEBUG:colcon.colcon_core.shell:Skip shell extension 'dsv' for command environment
[1.164s] DEBUG:colcon.colcon_core.event_handler.log_command:Invoking command in '/home/javierac/create3_ws/build/irobot_create_gz_sim': CMAKE_PREFIX_PATH=/home/javierac/create3_ws/install/irobot_create_gz_bringup:/home/javierac/create3_ws/install/irobot_create_common_bringup:/home/javierac/create3_ws/install/irobot_create_nodes:/home/javierac/create3_ws/install/irobot_create_gz_toolbox:/home/javierac/create3_ws/install/irobot_create_description:/home/javierac/create3_ws/install/irobot_create_toolbox:/home/javierac/create3_ws/install/irobot_create_gz_plugins:/home/javierac/create3_ws/install/irobot_create_control:/home/javierac/create3_ws/install/irobot_create_gz_sim:/opt/ros/jazzy/opt/gz_sim_vendor:/opt/ros/jazzy/opt/gz_sensors_vendor:/opt/ros/jazzy/opt/gz_physics_vendor:/opt/ros/jazzy/opt/sdformat_vendor:/opt/ros/jazzy/opt/gz_gui_vendor:/opt/ros/jazzy/opt/gz_transport_vendor:/opt/ros/jazzy/opt/gz_rendering_vendor:/opt/ros/jazzy/opt/gz_plugin_vendor:/opt/ros/jazzy/opt/gz_fuel_tools_vendor:/opt/ros/jazzy/opt/gz_msgs_vendor:/opt/ros/jazzy/opt/gz_common_vendor:/opt/ros/jazzy/opt/gz_math_vendor:/opt/ros/jazzy/opt/gz_utils_vendor:/opt/ros/jazzy/opt/gz_tools_vendor:/opt/ros/jazzy/opt/gz_ogre_next_vendor:/opt/ros/jazzy/opt/gz_dartsim_vendor:/opt/ros/jazzy/opt/gz_cmake_vendor:/opt/ros/jazzy /usr/bin/cmake --build /home/javierac/create3_ws/build/irobot_create_gz_sim -- -j20 -l20
[1.208s] DEBUG:colcon.colcon_core.event_handler.log_command:Invoked command in '/home/javierac/create3_ws/build/irobot_create_gz_sim' returned '0': CMAKE_PREFIX_PATH=/home/javierac/create3_ws/install/irobot_create_gz_bringup:/home/javierac/create3_ws/install/irobot_create_common_bringup:/home/javierac/create3_ws/install/irobot_create_nodes:/home/javierac/create3_ws/install/irobot_create_gz_toolbox:/home/javierac/create3_ws/install/irobot_create_description:/home/javierac/create3_ws/install/irobot_create_toolbox:/home/javierac/create3_ws/install/irobot_create_gz_plugins:/home/javierac/create3_ws/install/irobot_create_control:/home/javierac/create3_ws/install/irobot_create_gz_sim:/opt/ros/jazzy/opt/gz_sim_vendor:/opt/ros/jazzy/opt/gz_sensors_vendor:/opt/ros/jazzy/opt/gz_physics_vendor:/opt/ros/jazzy/opt/sdformat_vendor:/opt/ros/jazzy/opt/gz_gui_vendor:/opt/ros/jazzy/opt/gz_transport_vendor:/opt/ros/jazzy/opt/gz_rendering_vendor:/opt/ros/jazzy/opt/gz_plugin_vendor:/opt/ros/jazzy/opt/gz_fuel_tools_vendor:/opt/ros/jazzy/opt/gz_msgs_vendor:/opt/ros/jazzy/opt/gz_common_vendor:/opt/ros/jazzy/opt/gz_math_vendor:/opt/ros/jazzy/opt/gz_utils_vendor:/opt/ros/jazzy/opt/gz_tools_vendor:/opt/ros/jazzy/opt/gz_ogre_next_vendor:/opt/ros/jazzy/opt/gz_dartsim_vendor:/opt/ros/jazzy/opt/gz_cmake_vendor:/opt/ros/jazzy /usr/bin/cmake --build /home/javierac/create3_ws/build/irobot_create_gz_sim -- -j20 -l20
[1.209s] DEBUG:colcon.colcon_core.event_handler.log_command:Invoking command in '/home/javierac/create3_ws/build/irobot_create_gz_sim': CMAKE_PREFIX_PATH=/home/javierac/create3_ws/install/irobot_create_gz_bringup:/home/javierac/create3_ws/install/irobot_create_common_bringup:/home/javierac/create3_ws/install/irobot_create_nodes:/home/javierac/create3_ws/install/irobot_create_gz_toolbox:/home/javierac/create3_ws/install/irobot_create_description:/home/javierac/create3_ws/install/irobot_create_toolbox:/home/javierac/create3_ws/install/irobot_create_gz_plugins:/home/javierac/create3_ws/install/irobot_create_control:/home/javierac/create3_ws/install/irobot_create_gz_sim:/opt/ros/jazzy/opt/gz_sim_vendor:/opt/ros/jazzy/opt/gz_sensors_vendor:/opt/ros/jazzy/opt/gz_physics_vendor:/opt/ros/jazzy/opt/sdformat_vendor:/opt/ros/jazzy/opt/gz_gui_vendor:/opt/ros/jazzy/opt/gz_transport_vendor:/opt/ros/jazzy/opt/gz_rendering_vendor:/opt/ros/jazzy/opt/gz_plugin_vendor:/opt/ros/jazzy/opt/gz_fuel_tools_vendor:/opt/ros/jazzy/opt/gz_msgs_vendor:/opt/ros/jazzy/opt/gz_common_vendor:/opt/ros/jazzy/opt/gz_math_vendor:/opt/ros/jazzy/opt/gz_utils_vendor:/opt/ros/jazzy/opt/gz_tools_vendor:/opt/ros/jazzy/opt/gz_ogre_next_vendor:/opt/ros/jazzy/opt/gz_dartsim_vendor:/opt/ros/jazzy/opt/gz_cmake_vendor:/opt/ros/jazzy /usr/bin/cmake --install /home/javierac/create3_ws/build/irobot_create_gz_sim
[1.229s] Level 1:colcon.colcon_core.environment:create_environment_scripts_only(irobot_create_gz_sim)
[1.229s] Level 1:colcon.colcon_core.environment:checking '/home/javierac/create3_ws/install/irobot_create_gz_sim' for CMake module files
[1.230s] DEBUG:colcon.colcon_core.event_handler.log_command:Invoked command in '/home/javierac/create3_ws/build/irobot_create_gz_sim' returned '0': CMAKE_PREFIX_PATH=/home/javierac/create3_ws/install/irobot_create_gz_bringup:/home/javierac/create3_ws/install/irobot_create_common_bringup:/home/javierac/create3_ws/install/irobot_create_nodes:/home/javierac/create3_ws/install/irobot_create_gz_toolbox:/home/javierac/create3_ws/install/irobot_create_description:/home/javierac/create3_ws/install/irobot_create_toolbox:/home/javierac/create3_ws/install/irobot_create_gz_plugins:/home/javierac/create3_ws/install/irobot_create_control:/home/javierac/create3_ws/install/irobot_create_gz_sim:/opt/ros/jazzy/opt/gz_sim_vendor:/opt/ros/jazzy/opt/gz_sensors_vendor:/opt/ros/jazzy/opt/gz_physics_vendor:/opt/ros/jazzy/opt/sdformat_vendor:/opt/ros/jazzy/opt/gz_gui_vendor:/opt/ros/jazzy/opt/gz_transport_vendor:/opt/ros/jazzy/opt/gz_rendering_vendor:/opt/ros/jazzy/opt/gz_plugin_vendor:/opt/ros/jazzy/opt/gz_fuel_tools_vendor:/opt/ros/jazzy/opt/gz_msgs_vendor:/opt/ros/jazzy/opt/gz_common_vendor:/opt/ros/jazzy/opt/gz_math_vendor:/opt/ros/jazzy/opt/gz_utils_vendor:/opt/ros/jazzy/opt/gz_tools_vendor:/opt/ros/jazzy/opt/gz_ogre_next_vendor:/opt/ros/jazzy/opt/gz_dartsim_vendor:/opt/ros/jazzy/opt/gz_cmake_vendor:/opt/ros/jazzy /usr/bin/cmake --install /home/javierac/create3_ws/build/irobot_create_gz_sim
[1.230s] Level 1:colcon.colcon_core.environment:checking '/home/javierac/create3_ws/install/irobot_create_gz_sim' for CMake config files
[1.230s] Level 1:colcon.colcon_core.shell:create_environment_hook('irobot_create_gz_sim', 'cmake_prefix_path')
[1.230s] INFO:colcon.colcon_core.shell:Creating environment hook '/home/javierac/create3_ws/install/irobot_create_gz_sim/share/irobot_create_gz_sim/hook/cmake_prefix_path.ps1'
[1.231s] INFO:colcon.colcon_core.shell:Creating environment descriptor '/home/javierac/create3_ws/install/irobot_create_gz_sim/share/irobot_create_gz_sim/hook/cmake_prefix_path.dsv'
[1.231s] INFO:colcon.colcon_core.shell:Creating environment hook '/home/javierac/create3_ws/install/irobot_create_gz_sim/share/irobot_create_gz_sim/hook/cmake_prefix_path.sh'
[1.232s] Level 1:colcon.colcon_core.environment:checking '/home/javierac/create3_ws/install/irobot_create_gz_sim/bin'
[1.232s] Level 1:colcon.colcon_core.environment:checking '/home/javierac/create3_ws/install/irobot_create_gz_sim/lib/pkgconfig/irobot_create_gz_sim.pc'
[1.232s] Level 1:colcon.colcon_core.environment:checking '/home/javierac/create3_ws/install/irobot_create_gz_sim/lib/python3.12/site-packages'
[1.232s] Level 1:colcon.colcon_core.environment:checking '/home/javierac/create3_ws/install/irobot_create_gz_sim/bin'
[1.232s] INFO:colcon.colcon_core.shell:Creating package script '/home/javierac/create3_ws/install/irobot_create_gz_sim/share/irobot_create_gz_sim/package.ps1'
[1.233s] INFO:colcon.colcon_core.shell:Creating package descriptor '/home/javierac/create3_ws/install/irobot_create_gz_sim/share/irobot_create_gz_sim/package.dsv'
[1.233s] INFO:colcon.colcon_core.shell:Creating package script '/home/javierac/create3_ws/install/irobot_create_gz_sim/share/irobot_create_gz_sim/package.sh'
[1.234s] INFO:colcon.colcon_core.shell:Creating package script '/home/javierac/create3_ws/install/irobot_create_gz_sim/share/irobot_create_gz_sim/package.bash'
[1.234s] INFO:colcon.colcon_core.shell:Creating package script '/home/javierac/create3_ws/install/irobot_create_gz_sim/share/irobot_create_gz_sim/package.zsh'
[1.235s] Level 1:colcon.colcon_core.environment:create_file_with_runtime_dependencies(/home/javierac/create3_ws/install/irobot_create_gz_sim/share/colcon-core/packages/irobot_create_gz_sim)
[1.236s] Level 1:colcon.colcon_core.environment:create_environment_scripts_only(irobot_create_gz_sim)
[1.236s] Level 1:colcon.colcon_core.environment:checking '/home/javierac/create3_ws/install/irobot_create_gz_sim' for CMake module files
[1.236s] Level 1:colcon.colcon_core.environment:checking '/home/javierac/create3_ws/install/irobot_create_gz_sim' for CMake config files
[1.236s] Level 1:colcon.colcon_core.shell:create_environment_hook('irobot_create_gz_sim', 'cmake_prefix_path')
[1.236s] INFO:colcon.colcon_core.shell:Creating environment hook '/home/javierac/create3_ws/install/irobot_create_gz_sim/share/irobot_create_gz_sim/hook/cmake_prefix_path.ps1'
[1.237s] INFO:colcon.colcon_core.shell:Creating environment descriptor '/home/javierac/create3_ws/install/irobot_create_gz_sim/share/irobot_create_gz_sim/hook/cmake_prefix_path.dsv'
[1.237s] INFO:colcon.colcon_core.shell:Creating environment hook '/home/javierac/create3_ws/install/irobot_create_gz_sim/share/irobot_create_gz_sim/hook/cmake_prefix_path.sh'
[1.238s] Level 1:colcon.colcon_core.environment:checking '/home/javierac/create3_ws/install/irobot_create_gz_sim/bin'
[1.238s] Level 1:colcon.colcon_core.environment:checking '/home/javierac/create3_ws/install/irobot_create_gz_sim/lib/pkgconfig/irobot_create_gz_sim.pc'
[1.238s] Level 1:colcon.colcon_core.environment:checking '/home/javierac/create3_ws/install/irobot_create_gz_sim/lib/python3.12/site-packages'
[1.238s] Level 1:colcon.colcon_core.environment:checking '/home/javierac/create3_ws/install/irobot_create_gz_sim/bin'
[1.238s] INFO:colcon.colcon_core.shell:Creating package script '/home/javierac/create3_ws/install/irobot_create_gz_sim/share/irobot_create_gz_sim/package.ps1'
[1.239s] INFO:colcon.colcon_core.shell:Creating package descriptor '/home/javierac/create3_ws/install/irobot_create_gz_sim/share/irobot_create_gz_sim/package.dsv'
[1.239s] INFO:colcon.colcon_core.shell:Creating package script '/home/javierac/create3_ws/install/irobot_create_gz_sim/share/irobot_create_gz_sim/package.sh'
[1.239s] INFO:colcon.colcon_core.shell:Creating package script '/home/javierac/create3_ws/install/irobot_create_gz_sim/share/irobot_create_gz_sim/package.bash'
[1.240s] INFO:colcon.colcon_core.shell:Creating package script '/home/javierac/create3_ws/install/irobot_create_gz_sim/share/irobot_create_gz_sim/package.zsh'
[1.240s] Level 1:colcon.colcon_core.environment:create_file_with_runtime_dependencies(/home/javierac/create3_ws/install/irobot_create_gz_sim/share/colcon-core/packages/irobot_create_gz_sim)
[1.240s] DEBUG:colcon.colcon_parallel_executor.executor.parallel:closing loop
[1.240s] DEBUG:colcon.colcon_parallel_executor.executor.parallel:loop closed
[1.240s] DEBUG:colcon.colcon_parallel_executor.executor.parallel:run_until_complete finished with '0'
[1.241s] DEBUG:colcon.colcon_core.event_reactor:joining thread
[1.249s] INFO:colcon.colcon_core.plugin_system:Skipping extension 'colcon_notification.desktop_notification.notify_send': Could not find 'notify-send'
[1.249s] INFO:colcon.colcon_core.plugin_system:Skipping extension 'colcon_notification.desktop_notification.terminal_notifier': Not used on non-Darwin systems
[1.249s] INFO:colcon.colcon_core.plugin_system:Skipping extension 'colcon_notification.desktop_notification.win32': Not used on non-Windows systems
[1.249s] INFO:colcon.colcon_notification.desktop_notification:Sending desktop notification using 'notify2'
[1.252s] DEBUG:colcon.colcon_notification.desktop_notification.notify2:Failed to initialize notify2: org.freedesktop.DBus.Error.Spawn.ExecFailed: /usr/bin/dbus-launch terminated abnormally without any error message
[1.253s] DEBUG:colcon.colcon_core.event_reactor:joined thread
[1.253s] INFO:colcon.colcon_core.shell:Creating prefix script '/home/javierac/create3_ws/install/local_setup.ps1'
[1.254s] INFO:colcon.colcon_core.shell:Creating prefix util module '/home/javierac/create3_ws/install/_local_setup_util_ps1.py'
[1.255s] INFO:colcon.colcon_core.shell:Creating prefix chain script '/home/javierac/create3_ws/install/setup.ps1'
[1.256s] INFO:colcon.colcon_core.shell:Creating prefix script '/home/javierac/create3_ws/install/local_setup.sh'
[1.257s] INFO:colcon.colcon_core.shell:Creating prefix util module '/home/javierac/create3_ws/install/_local_setup_util_sh.py'
[1.257s] INFO:colcon.colcon_core.shell:Creating prefix chain script '/home/javierac/create3_ws/install/setup.sh'
[1.258s] INFO:colcon.colcon_core.shell:Creating prefix script '/home/javierac/create3_ws/install/local_setup.bash'
[1.259s] INFO:colcon.colcon_core.shell:Creating prefix chain script '/home/javierac/create3_ws/install/setup.bash'
[1.260s] INFO:colcon.colcon_core.shell:Creating prefix script '/home/javierac/create3_ws/install/local_setup.zsh'
[1.260s] INFO:colcon.colcon_core.shell:Creating prefix chain script '/home/javierac/create3_ws/install/setup.zsh'
