episode, reward, success, duration, steps, total_steps, memory length, avg_critic_loss, avg_actor_loss
1, -5.431290065636858, 2, 7.611367858015001, 57, 15001, 15001, 0.04686371609568596, 2.7345383167266846
2, -3.949166035905364, 4, 40.11357724806294, 318, 15319, 15319, 0.04568779468536377, 2.7445192337036133
3, -5.269105006707832, 2, 8.288422976154834, 62, 15381, 15381, 0.043784886598587036, 2.7607572078704834
4, -5.020560760749504, 2, 4.278160461690277, 30, 15411, 15411, 0.049208540469408035, 2.7492613792419434
5, -5.0491696717217565, 2, 4.827058793976903, 34, 15445, 15445, 0.047817569226026535, 2.8069989681243896
6, -5.147105670534074, 2, 5.4389532851055264, 39, 15484, 15484, 0.05043881759047508, 2.74483060836792
7, -5.073436106555164, 2, 4.544704368337989, 32, 15516, 15516, 0.05533256754279137, 2.7883594036102295
8, -6.345718203578144, 2, 20.656380845233798, 161, 15677, 15677, 0.04904757812619209, 2.796833038330078
9, -5.214182599447668, 2, 4.296530821826309, 30, 15707, 15707, 0.058194659650325775, 2.8289947509765625
10, -5.151192868273938, 2, 5.54980489006266, 40, 15747, 15747, 0.04564428701996803, 2.785160541534424
11, -5.06020623492077, 2, 4.2894988670013845, 30, 15777, 15777, 0.04779525101184845, 2.813136339187622
12, -5.828638109087478, 2, 14.629930386319757, 113, 15890, 15890, 0.04833829402923584, 2.810734510421753
13, -5.951387712507312, 2, 14.726386934984475, 114, 16004, 16004, 0.049023017287254333, 2.834216356277466
14, -5.140857955862884, 2, 6.080564478877932, 44, 16048, 16048, 0.047693535685539246, 2.7976362705230713
15, -4.428101266300473, 4, 40.20193288801238, 318, 16366, 16366, 0.05434316396713257, 2.8783583641052246
16, -8.194545819424093, 2, 33.22281498229131, 262, 16628, 16628, 0.0523211769759655, 2.9289467334747314
17, -4.207797443612435, 4, 40.15978832775727, 318, 16946, 16946, 0.0525037944316864, 2.9519176483154297
18, -4.614667327579809, 4, 40.11959332600236, 317, 17263, 17263, 0.052568219602108, 2.9860525131225586
19, -5.757621451604791, 2, 11.404175550211221, 87, 17350, 17350, 0.05499562621116638, 3.000720739364624
20, -4.487012967147166, 4, 40.123271661344916, 317, 17667, 17667, 0.04987002909183502, 3.012026309967041
21, -5.098661657015327, 2, 5.277274135034531, 38, 17705, 17705, 0.052575260400772095, 2.9612717628479004
22, -5.375156242516823, 2, 7.788741732016206, 58, 17763, 17763, 0.05137204751372337, 3.044464111328125
23, -5.29953606222989, 2, 7.579109578859061, 56, 17819, 17819, 0.0515550933778286, 3.0069739818573
24, -5.1365453926846385, 2, 4.566957562696189, 32, 17851, 17851, 0.05584752559661865, 3.0982184410095215
25, -5.444795914227143, 2, 8.117542664986104, 60, 17911, 17911, 0.0476854033768177, 2.9992382526397705
26, -5.3032951944478555, 2, 4.821622877847403, 34, 17945, 17945, 0.04611274227499962, 3.0757808685302734
27, -6.19221097452828, 2, 17.40418617380783, 135, 18080, 18080, 0.050984613597393036, 3.077197790145874
28, -5.291925130615709, 2, 4.781047192867845, 34, 18114, 18114, 0.04923326522111893, 3.1054632663726807
29, -5.381369344424456, 2, 6.331485454924405, 46, 18160, 18160, 0.05061754584312439, 3.100292682647705
30, -5.497919598594308, 2, 8.317258851602674, 60, 18220, 18220, 0.05228692293167114, 3.1073296070098877
31, -5.200953891035169, 2, 6.779655158054084, 50, 18270, 18270, 0.051229748874902725, 3.102623701095581
32, -5.111937121488154, 2, 4.304028644692153, 30, 18300, 18300, 0.047482915222644806, 3.0956814289093018
33, -5.536467191996053, 2, 10.54559144610539, 80, 18380, 18380, 0.05759921669960022, 3.1347169876098633
34, -6.821342567942338, 2, 24.241726542357355, 190, 18570, 18570, 0.04905794933438301, 3.11816143989563
35, -7.185240641236305, 2, 26.134018555749208, 205, 18775, 18775, 0.04893708974123001, 3.1389312744140625
36, -5.1091561070643365, 2, 6.804649600293487, 48, 18823, 18823, 0.04895541071891785, 3.1368227005004883
37, -5.194427310954779, 2, 7.052896388806403, 52, 18875, 18875, 0.0540693923830986, 3.2379071712493896
38, -5.514815264265053, 2, 5.960341066122055, 43, 18918, 18918, 0.048232920467853546, 3.135146141052246
39, -4.4655405931480345, 4, 40.51952292630449, 319, 19237, 19237, 0.04895910248160362, 3.1526265144348145
40, -5.122490682406351, 2, 4.321488324087113, 30, 19267, 19267, 0.043395597487688065, 3.149634599685669
41, -7.005407869582996, 2, 19.18823633901775, 149, 19416, 19416, 0.048011358827352524, 3.197291135787964
42, -5.174458079842225, 2, 6.443773556966335, 47, 19463, 19463, 0.04975494369864464, 3.2677719593048096
43, -5.164413881022483, 2, 7.666338124778122, 57, 19520, 19520, 0.05292019248008728, 3.2261412143707275
44, -5.309980611898936, 2, 4.3812822927720845, 30, 19550, 19550, 0.0476098470389843, 3.2038826942443848
45, -5.368401145766256, 2, 8.66955888690427, 65, 19615, 19615, 0.04798430576920509, 3.2522029876708984
46, -6.45953494652349, 2, 20.113355837762356, 157, 19772, 19772, 0.050279922783374786, 3.2400331497192383
47, -6.507543792016804, 4, 40.152102075051516, 319, 20091, 20091, 0.04901336133480072, 3.2516331672668457
48, -4.196480619488284, 4, 40.12583835795522, 318, 20409, 20409, 0.04813355952501297, 3.2773311138153076
49, -5.032098703784868, 2, 5.363571573980153, 36, 20445, 20445, 0.050514061003923416, 3.2854137420654297
50, -5.642736306646839, 2, 12.939697443973273, 99, 20544, 20544, 0.04486999288201332, 3.273674964904785
51, -5.222430861322209, 2, 4.310649793129414, 30, 20574, 20574, 0.0445270910859108, 3.2773208618164062
52, -5.8130886457220186, 2, 15.319264593999833, 118, 20692, 20692, 0.04769947752356529, 3.3114442825317383
53, -5.120503176935017, 2, 4.309354867786169, 30, 20722, 20722, 0.04896220192313194, 3.2867400646209717
54, -4.13034774211701, 4, 40.33770397910848, 317, 21039, 21039, 0.0497894361615181, 3.3180296421051025
55, -5.265798482578248, 2, 4.292683933861554, 30, 21069, 21069, 0.04802699759602547, 3.3047373294830322
56, -5.4459553110427805, 2, 10.608673925045878, 78, 21147, 21147, 0.05265970155596733, 3.3181464672088623
57, -4.164193340031488, 4, 40.091660818085074, 316, 21463, 21463, 0.046785999089479446, 3.335573673248291
58, -5.167810389306396, 2, 4.279604003764689, 30, 21493, 21493, 0.04825286194682121, 3.3465631008148193
59, -5.3818973996676505, 2, 10.410066965036094, 79, 21572, 21572, 0.049812860786914825, 3.3814828395843506
60, -5.518789401743561, 2, 12.168199126143008, 93, 21665, 21665, 0.04617800936102867, 3.328460931777954
61, -5.1851566348050255, 2, 7.6958353272639215, 57, 21722, 21722, 0.048624247312545776, 3.330489158630371
62, -4.353144800646987, 4, 40.14057675888762, 317, 22039, 22039, 0.04618731141090393, 3.3441555500030518
63, -5.340175866032951, 2, 5.067095218226314, 36, 22075, 22075, 0.047340843826532364, 3.376220226287842
64, -5.555212792158272, 2, 11.494748994708061, 86, 22161, 22161, 0.04641048237681389, 3.365370750427246
65, -5.938314771628939, 2, 16.198518997989595, 125, 22286, 22286, 0.045795928686857224, 3.3530824184417725
66, -5.520370804122649, 2, 9.664015428163111, 73, 22359, 22359, 0.045905694365501404, 3.357649326324463
67, -5.823591227643192, 2, 16.041190972086042, 124, 22483, 22483, 0.04341232776641846, 3.382051467895508
68, -5.5159313409239985, 2, 12.918412486091256, 99, 22582, 22582, 0.04371606558561325, 3.346923589706421
69, -5.140854952362133, 2, 5.273920780979097, 38, 22620, 22620, 0.04662083461880684, 3.4140419960021973
70, -5.491824539378285, 2, 4.69086723215878, 33, 22653, 22653, 0.04326578974723816, 3.4120190143585205
71, -7.931191026931629, 2, 35.144068996887654, 277, 22930, 22930, 0.04482654109597206, 3.3941614627838135
72, -8.337641502730548, 2, 36.56004576291889, 293, 23223, 23223, 0.04262193292379379, 3.3935153484344482
73, -4.71554478976941, 4, 40.13820837717503, 323, 23546, 23546, 0.04126819595694542, 3.4179699420928955
74, -6.096009319340737, 2, 16.729164408985525, 132, 23678, 23678, 0.04063211753964424, 3.4135825634002686
75, -5.191737504210323, 2, 5.535993940196931, 41, 23719, 23719, 0.04322398826479912, 3.438488006591797
76, -6.183619655959774, 2, 17.46324201207608, 138, 23857, 23857, 0.04096096009016037, 3.4532909393310547
77, -5.115002945065498, 2, 4.796915537212044, 35, 23892, 23892, 0.04272031784057617, 3.494044780731201
78, -5.78721665777266, 2, 13.13999020960182, 103, 23995, 23995, 0.04056631401181221, 3.433581590652466
79, -6.3315341741727025, 2, 17.962596146855503, 142, 24137, 24137, 0.040434498339891434, 3.449681282043457
80, -5.118664543842897, 2, 4.702415943145752, 34, 24171, 24171, 0.04362915828824043, 3.427934169769287
81, -5.802620990114519, 2, 14.518205071333796, 114, 24285, 24285, 0.04198351502418518, 3.4443681240081787
82, -6.383608903808636, 2, 19.406038669869304, 153, 24438, 24438, 0.038109250366687775, 3.4399218559265137
83, -6.158401842287276, 2, 18.603197179269046, 147, 24585, 24585, 0.037734825164079666, 3.4626150131225586
84, -5.151542788371444, 2, 4.230629676952958, 30, 24615, 24615, 0.040085650980472565, 3.499326467514038
85, -9.001796420663595, 2, 40.298746877815574, 322, 24937, 24937, 0.039076708257198334, 3.460930347442627
86, -6.869875016622245, 2, 26.667581747751683, 208, 25145, 25145, 0.038875166326761246, 3.488367795944214
87, -6.748722294236359, 2, 24.512212864123285, 192, 25337, 25337, 0.03569600731134415, 3.490001916885376
88, -6.54853789669869, 2, 20.641585336998105, 162, 25499, 25499, 0.035478632897138596, 3.480388879776001
89, -6.636046970241296, 2, 21.30482475599274, 166, 25665, 25665, 0.03353707864880562, 3.48406720161438
90, -5.414080702554202, 2, 10.758745489176363, 82, 25747, 25747, 0.03434039279818535, 3.489753246307373
91, -5.784254958038218, 2, 12.96178543427959, 100, 25847, 25847, 0.034812863916158676, 3.496006727218628
92, -5.09123375127092, 2, 4.254701039753854, 30, 25877, 25877, 0.03395961970090866, 3.5245137214660645
93, -7.5726107650843915, 2, 31.139161356259137, 246, 26123, 26123, 0.03535934537649155, 3.510883331298828
94, -4.371225742157549, 4, 40.17060534702614, 319, 26442, 26442, 0.03407473862171173, 3.5231850147247314
95, -5.08363499189727, 2, 4.299331469926983, 30, 26472, 26472, 0.0337904617190361, 3.5721142292022705
96, -6.417646000394598, 2, 20.680435820948333, 161, 26633, 26633, 0.032422881573438644, 3.5509352684020996
97, -5.391475910484587, 2, 8.463973514270037, 63, 26696, 26696, 0.03435683995485306, 3.5152149200439453
98, -7.841887255824986, 2, 37.604138542898, 296, 26992, 26992, 0.03148886561393738, 3.5506467819213867
99, -5.99874016468857, 2, 17.970024445094168, 140, 27132, 27132, 0.03213191777467728, 3.5832278728485107
100, -5.0076767317950726, 2, 4.557294117286801, 32, 27164, 27164, 0.033775318413972855, 3.616615056991577
101, -8.284308118345507, 2, 38.832460241857916, 307, 27471, 27471, 0.03095153346657753, 3.603936195373535
102, -4.4951975212934485, 4, 40.20759167522192, 317, 27788, 27788, 0.03124161809682846, 3.616105079650879
103, -5.611273260787129, 2, 11.829556720331311, 90, 27878, 27878, 0.03203083202242851, 3.6144416332244873
104, -8.565327210351825, 2, 30.67597599606961, 242, 28120, 28120, 0.031072508543729782, 3.6232759952545166
105, -5.541505195054924, 2, 11.200829924084246, 85, 28205, 28205, 0.02784612402319908, 3.6630866527557373
106, -5.117483004301903, 2, 4.929624213837087, 35, 28240, 28240, 0.029292576014995575, 3.6288061141967773
107, -5.413102343678474, 2, 9.666856145020574, 71, 28311, 28311, 0.030297355726361275, 3.6432130336761475
108, -5.776311156456359, 2, 14.897429103963077, 115, 28426, 28426, 0.0302595142275095, 3.655749559402466
109, -5.180251916171983, 2, 4.664177992846817, 33, 28459, 28459, 0.02666902355849743, 3.6509323120117188
110, -5.497373457998037, 2, 10.670638085808605, 81, 28540, 28540, 0.03012971021234989, 3.6548285484313965
111, -5.1170336985669564, 2, 4.910939779132605, 35, 28575, 28575, 0.028568891808390617, 3.6308181285858154
112, -8.997037156717852, 2, 37.792276897933334, 298, 28873, 28873, 0.02854148857295513, 3.652716875076294
113, -4.587911743743462, 4, 40.33621126692742, 318, 29191, 29191, 0.027321072295308113, 3.66597580909729
114, -6.221344938327093, 2, 19.50587287079543, 150, 29341, 29341, 0.02777150832116604, 3.6856184005737305
115, -5.279659325256944, 2, 4.6722948513925076, 33, 29374, 29374, 0.0315471775829792, 3.716409921646118
116, -5.265596342738718, 2, 9.47482687793672, 70, 29444, 29444, 0.029125649482011795, 3.688114643096924
117, -6.06282972387271, 2, 16.782360305078328, 130, 29574, 29574, 0.026851927861571312, 3.6894795894622803
118, -4.41818617892568, 4, 40.21602384513244, 318, 29892, 29892, 0.026513690128922462, 3.6975643634796143
119, -5.7928055338561535, 2, 14.546708723064512, 111, 30003, 30003, 0.0256911963224411, 3.7030885219573975
120, -5.478002853473299, 2, 10.30478022992611, 78, 30081, 30081, 0.02840675413608551, 3.7088191509246826
121, -6.281404337147251, 2, 19.376491787843406, 151, 30232, 30232, 0.02726055309176445, 3.6991868019104004
122, -5.787293425062671, 2, 13.541859429329634, 104, 30336, 30336, 0.02667422965168953, 3.7184088230133057
123, -7.653304778639722, 2, 32.84023839002475, 258, 30594, 30594, 0.02697010152041912, 3.7189013957977295
124, -4.134612491601729, 4, 40.40430828090757, 318, 30912, 30912, 0.02614206075668335, 3.70171856880188
125, -6.283443080435973, 2, 18.58998670661822, 145, 31057, 31057, 0.026784665882587433, 3.7047300338745117
126, -5.295624834951013, 2, 4.961551616899669, 35, 31092, 31092, 0.03164108470082283, 3.7125422954559326
127, -6.367008767556399, 2, 19.533373028971255, 150, 31242, 31242, 0.02706422470510006, 3.7071871757507324
128, -8.75792580191046, 2, 39.11016702884808, 309, 31551, 31551, 0.024997767060995102, 3.7129218578338623
129, -6.839642785911565, 2, 25.916950300335884, 203, 31754, 31754, 0.024919284507632256, 3.715815305709839
130, -5.996778701432049, 2, 10.416535231750458, 79, 31833, 31833, 0.023381086066365242, 3.726822853088379
131, -6.217842165577167, 2, 17.260935288853943, 134, 31967, 31967, 0.024678528308868408, 3.710224151611328
132, -5.5281014432548545, 2, 9.059447249863297, 68, 32035, 32035, 0.021809713914990425, 3.7275702953338623
133, -5.382719128381723, 2, 9.077063181903213, 68, 32103, 32103, 0.023882348090410233, 3.7324821949005127
134, -5.425086286326405, 2, 9.560917360708117, 72, 32175, 32175, 0.023386571556329727, 3.7046165466308594
135, -4.378247787739383, 4, 40.20971600711346, 317, 32492, 32492, 0.02353842183947563, 3.7208120822906494
136, -5.02282537764404, 2, 4.2924359403550625, 30, 32522, 32522, 0.024951763451099396, 3.718315362930298
137, -6.156746535678394, 2, 15.323872906155884, 116, 32638, 32638, 0.021142976358532906, 3.735203266143799
138, -5.121078493524692, 4, 40.45188402477652, 316, 32954, 32954, 0.022747447714209557, 3.7228095531463623
139, -5.29843647335656, 2, 5.921613635960966, 43, 32997, 32997, 0.022856328636407852, 3.7494421005249023
140, -6.781766474246979, 2, 17.074396929703653, 133, 33130, 33130, 0.02283330447971821, 3.745067834854126
141, -5.952424894079741, 2, 14.773141575977206, 114, 33244, 33244, 0.022941842675209045, 3.7477235794067383
142, -6.766301158408169, 2, 21.43029925180599, 167, 33411, 33411, 0.02100187912583351, 3.740183115005493
143, -6.108934788608167, 2, 18.11092625092715, 139, 33550, 33550, 0.020317696034908295, 3.761397361755371
144, -6.350805484049488, 2, 17.541914110071957, 136, 33686, 33686, 0.022207658737897873, 3.7653274536132812
145, -4.584799421354546, 4, 40.14180823089555, 317, 34003, 34003, 0.020803213119506836, 3.7527544498443604
146, -6.159713021697826, 2, 17.830715368967503, 138, 34141, 34141, 0.02248038724064827, 3.7567780017852783
147, -5.502516041509807, 2, 7.071903671137989, 50, 34191, 34191, 0.02134031616151333, 3.7587509155273438
148, -5.824112500340561, 2, 14.528819245751947, 112, 34303, 34303, 0.02116948366165161, 3.7518980503082275
149, -5.401458751410246, 4, 40.119186465162784, 316, 34619, 34619, 0.02149609662592411, 3.76511287689209
150, -4.629381851447761, 4, 40.143956841900945, 317, 34936, 34936, 0.019594302400946617, 3.776343584060669
151, -4.675122196553275, 4, 40.167702748440206, 317, 35253, 35253, 0.020865343511104584, 3.7687411308288574
152, -5.108163880882785, 2, 4.374859300907701, 30, 35283, 35283, 0.02012868970632553, 3.7913506031036377
153, -7.811706498498097, 2, 31.074249829165637, 242, 35525, 35525, 0.021620891988277435, 3.7563581466674805
154, -5.992791763856076, 4, 40.19231353607029, 318, 35843, 35843, 0.020428014919161797, 3.7642226219177246
155, -6.163110193563625, 2, 15.685773431323469, 121, 35964, 35964, 0.01690528355538845, 3.770477533340454
156, -5.23277555034656, 4, 40.10657350206748, 317, 36281, 36281, 0.020621998235583305, 3.772024154663086
157, -6.222685174783692, 2, 15.98991243680939, 124, 36405, 36405, 0.020914744585752487, 3.7874755859375
158, -6.83751427201787, 2, 23.17634963011369, 181, 36586, 36586, 0.019947851076722145, 3.7643885612487793
159, -8.301963719539344, 2, 29.984909135848284, 236, 36822, 36822, 0.019286081194877625, 3.7798244953155518
160, -5.138214820435678, 2, 4.9157769731245935, 35, 36857, 36857, 0.018635213375091553, 3.7856967449188232
161, -6.014526727376506, 2, 15.02863811608404, 116, 36973, 36973, 0.01744353398680687, 3.7740321159362793
162, -4.775242115192668, 4, 40.528598411008716, 318, 37291, 37291, 0.019719569012522697, 3.783027410507202
163, -5.57516216361546, 2, 11.066582205705345, 84, 37375, 37375, 0.018552526831626892, 3.7847988605499268
164, -5.99383463524282, 2, 9.586293153930455, 70, 37445, 37445, 0.018238792195916176, 3.7920265197753906
165, -4.867749759374419, 4, 40.16798647493124, 317, 37762, 37762, 0.018541140481829643, 3.7836482524871826
166, -5.847710686037317, 2, 12.904699478764087, 99, 37861, 37861, 0.01930779591202736, 3.7998805046081543
167, -6.542170146480203, 2, 19.193291483912617, 149, 38010, 38010, 0.018798578530550003, 3.7829248905181885
168, -4.903758983535226, 4, 40.150017159059644, 316, 38326, 38326, 0.018590399995446205, 3.795933961868286
169, -4.969069191371091, 4, 40.07959647104144, 316, 38642, 38642, 0.01820242777466774, 3.783838987350464
170, -5.1416681118134875, 2, 4.895527764689177, 35, 38677, 38677, 0.019223788753151894, 3.7944750785827637
171, -7.0128021894197445, 2, 24.918940437026322, 194, 38871, 38871, 0.018631018698215485, 3.797003746032715
172, -5.89641558052972, 2, 14.69212432904169, 113, 38984, 38984, 0.016786707565188408, 3.7872154712677
173, -4.856186462304322, 4, 40.12269275216386, 316, 39300, 39300, 0.017250677570700645, 3.793365955352783
174, -5.140764627507451, 2, 5.181083098053932, 37, 39337, 39337, 0.017768055200576782, 3.7788515090942383
175, -5.710616098949686, 2, 10.78848873777315, 82, 39419, 39419, 0.01621135324239731, 3.7956840991973877
176, -4.872612617808045, 4, 40.403371904976666, 318, 39737, 39737, 0.018213098868727684, 3.790374517440796
177, -5.561444622344993, 2, 9.868723930325359, 72, 39809, 39809, 0.016688914969563484, 3.7933926582336426
178, -5.199403967009857, 4, 40.1842078268528, 317, 40126, 40126, 0.017208613455295563, 3.789478302001953
179, -5.17845760990167, 2, 4.80941747687757, 34, 40160, 40160, 0.019821330904960632, 3.7995004653930664
180, -5.004293695812521, 4, 40.12584173493087, 317, 40477, 40477, 0.017274094745516777, 3.7851150035858154
181, -5.075413472077344, 4, 40.167651529889554, 317, 40794, 40794, 0.01670028455555439, 3.776085376739502
182, -5.426801776764478, 2, 9.300932131242007, 70, 40864, 40864, 0.017136363312602043, 3.7694928646087646
183, -6.142561028048476, 2, 16.20567579427734, 125, 40989, 40989, 0.01548162940889597, 3.7776942253112793
184, -5.041006233077496, 4, 40.19762366311625, 315, 41304, 41304, 0.017567113041877747, 3.7879457473754883
185, -6.313818066613749, 2, 16.6984714102, 129, 41433, 41433, 0.015605935826897621, 3.7968974113464355
186, -6.629697321055573, 2, 19.408484072890133, 151, 41584, 41584, 0.01699984073638916, 3.786259651184082
187, -5.2316879173740745, 4, 40.15115441288799, 317, 41901, 41901, 0.01642596535384655, 3.7789525985717773
188, -5.165576825605967, 2, 5.698577988892794, 41, 41942, 41942, 0.016063334420323372, 3.808894157409668
189, -8.372687850147486, 2, 35.28028912562877, 278, 42220, 42220, 0.015929553657770157, 3.778337001800537
190, -6.514817182192928, 2, 21.028485957998782, 161, 42381, 42381, 0.0166618712246418, 3.7857472896575928
191, -5.538426976068877, 2, 7.942915599793196, 59, 42440, 42440, 0.017144080251455307, 3.767428398132324
192, -5.11074955156073, 4, 40.16361274011433, 317, 42757, 42757, 0.015951737761497498, 3.7844645977020264
193, -4.820767981582321, 4, 40.108880958054215, 313, 43070, 43070, 0.015429013408720493, 3.7728657722473145
194, -5.1459041174384765, 2, 5.752979832235724, 40, 43110, 43110, 0.018814709037542343, 3.762819766998291
195, -4.929691078461474, 4, 40.16656053485349, 317, 43427, 43427, 0.017123054713010788, 3.780812978744507
196, -5.268283935612999, 4, 40.14196363091469, 317, 43744, 43744, 0.016931284219026566, 3.7723193168640137
197, -5.3377330612856895, 2, 6.541355775203556, 48, 43792, 43792, 0.01803998462855816, 3.765676259994507
198, -7.676177571061999, 2, 28.549750177189708, 222, 44014, 44014, 0.014706379733979702, 3.7790544033050537
199, -5.710713270374981, 2, 11.76352171972394, 88, 44102, 44102, 0.015163972042500973, 3.768533229827881
200, -5.32481839437969, 4, 40.08944826526567, 316, 44418, 44418, 0.016747908666729927, 3.7729310989379883
201, -7.62052363112889, 2, 28.249205270316452, 222, 44640, 44640, 0.017288176342844963, 3.77542781829834
202, -6.791915769164916, 2, 20.644724666140974, 161, 44801, 44801, 0.01573498360812664, 3.7918131351470947
203, -6.68315139063634, 2, 20.79787260107696, 162, 44963, 44963, 0.016564082354307175, 3.788438558578491
204, -7.857164637791357, 2, 31.345376159995794, 245, 45208, 45208, 0.015407559461891651, 3.780212640762329
205, -4.945410940868896, 4, 40.17570528620854, 317, 45525, 45525, 0.014705887995660305, 3.7850072383880615
206, -5.403506263217423, 4, 40.198626508936286, 316, 45841, 45841, 0.01572023704648018, 3.7769370079040527
207, -6.58765629606205, 2, 19.936885151080787, 151, 45992, 45992, 0.014374113641679287, 3.7821691036224365
208, -5.75249716185499, 4, 40.14057916775346, 317, 46309, 46309, 0.015813695266842842, 3.771436929702759
209, -5.350004670887756, 4, 40.13841963605955, 317, 46626, 46626, 0.01462365873157978, 3.777480363845825
210, -6.179687705269316, 2, 15.90223000338301, 121, 46747, 46747, 0.015306960791349411, 3.764819383621216
211, -7.93931410559162, 2, 32.68301465595141, 257, 47004, 47004, 0.015526818111538887, 3.7696540355682373
212, -5.218476686975919, 2, 6.065030238125473, 44, 47048, 47048, 0.015210152603685856, 3.7884504795074463
213, -7.109046833767934, 2, 23.47984012681991, 182, 47230, 47230, 0.015547274611890316, 3.779996156692505
214, -8.446952275233343, 2, 35.721243877895176, 282, 47512, 47512, 0.013506569899618626, 3.7658591270446777
215, -7.27109495321929, 2, 24.599255415145308, 193, 47705, 47705, 0.015376304276287556, 3.7803537845611572
216, -5.960930899891537, 2, 14.627335334196687, 112, 47817, 47817, 0.014297036454081535, 3.772526502609253
217, -6.188081090018386, 2, 15.26875973911956, 118, 47935, 47935, 0.01412416435778141, 3.7721457481384277
218, -6.764446258563112, 2, 21.997877168934792, 172, 48107, 48107, 0.014651414938271046, 3.7675652503967285
219, -7.971489196759649, 2, 32.2681715474464, 253, 48360, 48360, 0.014498293399810791, 3.780543088912964
220, -6.169405144362827, 2, 17.795201614964753, 138, 48498, 48498, 0.014320245943963528, 3.7845935821533203
221, -9.19716851762496, 2, 37.64521588990465, 296, 48794, 48794, 0.014938590116798878, 3.7745094299316406
222, -6.23818486277014, 4, 40.09067217307165, 317, 49111, 49111, 0.01374482549726963, 3.7786152362823486
223, -5.66413163573452, 4, 40.14284140011296, 315, 49426, 49426, 0.013879028148949146, 3.7733449935913086
224, -5.015454515814781, 4, 40.144715370144695, 317, 49743, 49743, 0.013568855822086334, 3.7712459564208984
225, -5.336013133754022, 4, 40.1088033602573, 314, 50057, 50057, 0.013034127652645111, 3.7717080116271973
226, -5.541766420472413, 2, 7.960654458031058, 59, 50116, 50116, 0.015044770203530788, 3.756408452987671
227, -5.470904375077225, 4, 40.1401285151951, 317, 50433, 50433, 0.013315225020051003, 3.7563953399658203
228, -5.674900946167327, 4, 40.20603085728362, 318, 50751, 50751, 0.011986251920461655, 3.76336407661438
229, -6.241867538483348, 2, 15.463409456890076, 119, 50870, 50870, 0.014164539985358715, 3.779834747314453
230, -5.6880038598465035, 4, 40.1556645440869, 317, 51187, 51187, 0.01216677762567997, 3.765645742416382
231, -5.241724122723099, 4, 40.16561291087419, 317, 51504, 51504, 0.012621681205928326, 3.7560596466064453
232, -5.904392302327324, 2, 10.571393373887986, 80, 51584, 51584, 0.012791303917765617, 3.749419689178467
233, -4.798892955164774, 4, 40.39868352608755, 317, 51901, 51901, 0.012857696041464806, 3.750279664993286
234, -5.502891196636483, 2, 8.21052809106186, 61, 51962, 51962, 0.014052670449018478, 3.7546753883361816
235, -5.892378239892423, 4, 40.16235656896606, 318, 52280, 52280, 0.012872937135398388, 3.741800546646118
236, -5.1624358664266765, 2, 5.061039192136377, 36, 52316, 52316, 0.013315855525434017, 3.74588942527771
237, -5.745207891683094, 4, 40.173039839137346, 317, 52633, 52633, 0.012707138434052467, 3.7426369190216064
238, -5.674479166416859, 2, 12.014614816755056, 92, 52725, 52725, 0.014830905012786388, 3.7423479557037354
239, -5.72169361707347, 4, 40.121612621005625, 317, 53042, 53042, 0.012524235062301159, 3.7468717098236084
240, -8.261358484436641, 2, 29.8940639202483, 235, 53277, 53277, 0.012358397245407104, 3.745424270629883
241, -5.706949779116258, 4, 40.12298361212015, 317, 53594, 53594, 0.011662904173135757, 3.7358055114746094
242, -6.184708751534345, 4, 40.14051011623815, 321, 53915, 53915, 0.011165518313646317, 3.7352945804595947
243, -6.046378290222492, 2, 12.564858408179134, 97, 54012, 54012, 0.010517362505197525, 3.7506966590881348
244, -6.365123494062573, 2, 17.375137044116855, 136, 54148, 54148, 0.011573503725230694, 3.7283501625061035
245, -5.30770398020104, 4, 40.390146718360484, 324, 54472, 54472, 0.010879890993237495, 3.7270708084106445
246, -5.626118522981415, 4, 40.15874514589086, 322, 54794, 54794, 0.01271261926740408, 3.723421573638916
247, -5.37127420498291, 2, 8.33619738696143, 62, 54856, 54856, 0.011348439380526543, 3.7179131507873535
248, -5.93935439811321, 2, 12.806225380860269, 96, 54952, 54952, 0.012424658052623272, 3.720075845718384
249, -5.808432590136363, 4, 40.12316089076921, 316, 55268, 55268, 0.013567043468356133, 3.717155694961548
250, -6.5616574957966805, 4, 40.1297432789579, 318, 55586, 55586, 0.01122432854026556, 3.710003614425659
251, -6.097056764061563, 4, 40.14175628591329, 317, 55903, 55903, 0.012573322281241417, 3.719428539276123
252, -5.40754661851679, 2, 7.479568195994943, 54, 55957, 55957, 0.01270537730306387, 3.7065012454986572
253, -5.218232545303181, 4, 40.08542836504057, 316, 56273, 56273, 0.011686978861689568, 3.7083473205566406
254, -5.8720545464548195, 4, 40.11154705611989, 318, 56591, 56591, 0.01171187125146389, 3.698336124420166
255, -5.2537699728272855, 4, 40.156194447074085, 316, 56907, 56907, 0.011841815896332264, 3.7091965675354004
256, -6.184854221937712, 4, 40.12233644397929, 318, 57225, 57225, 0.011138658970594406, 3.691725254058838
257, -5.794294648454525, 4, 40.49367861729115, 322, 57547, 57547, 0.012525786645710468, 3.688608169555664
258, -6.092913207117817, 4, 40.32148027094081, 320, 57867, 57867, 0.01193192321807146, 3.6807777881622314
259, -5.68320851563476, 4, 40.49853205587715, 320, 58187, 58187, 0.011954111978411674, 3.6810336112976074
260, -5.39802769315429, 4, 40.132134093903005, 319, 58506, 58506, 0.011209103278815746, 3.681051731109619
261, -5.153994146530749, 4, 40.159131532069296, 317, 58823, 58823, 0.011887121945619583, 3.677934169769287
262, -6.34869716007961, 2, 17.648709127213806, 137, 58960, 58960, 0.012360133230686188, 3.6708126068115234
263, -6.008256972883828, 4, 40.09296966902912, 318, 59278, 59278, 0.012120835483074188, 3.672403573989868
264, -5.502664793166332, 2, 8.61909470334649, 65, 59343, 59343, 0.011679897084832191, 3.6697304248809814
265, -5.114453918380605, 4, 40.20189117640257, 319, 59662, 59662, 0.01155022345483303, 3.665029525756836
266, -6.028465361836425, 4, 40.16322940308601, 319, 59981, 59981, 0.011644033715128899, 3.659834861755371
267, -6.170932148466818, 4, 40.20538768498227, 317, 60298, 60298, 0.011098778806626797, 3.66292142868042
268, -5.528596391668543, 2, 11.005230159964412, 82, 60380, 60380, 0.011791916564106941, 3.660399913787842
269, -5.689844376407564, 2, 12.481844902038574, 96, 60476, 60476, 0.010457047261297703, 3.6505820751190186
270, -8.07921612910286, 2, 29.503167883027345, 233, 60709, 60709, 0.010117447935044765, 3.656982421875
271, -6.096165756258415, 4, 40.13295711297542, 317, 61026, 61026, 0.012462569400668144, 3.6482045650482178
272, -5.733641482773237, 4, 40.371571951080114, 318, 61344, 61344, 0.010893672704696655, 3.6347663402557373
273, -5.517185482720379, 4, 40.07395366206765, 319, 61663, 61663, 0.010096310637891293, 3.64262318611145
274, -6.694195442192722, 4, 40.1897980957292, 319, 61982, 61982, 0.010237488895654678, 3.637037992477417
275, -6.244371096936447, 4, 40.09872168675065, 318, 62300, 62300, 0.01161731593310833, 3.627851724624634
276, -5.298382591325208, 2, 6.6306837517768145, 49, 62349, 62349, 0.011047259904444218, 3.6280300617218018
277, -5.426241180772195, 2, 7.286294258199632, 54, 62403, 62403, 0.01175038143992424, 3.6199703216552734
278, -5.716082278129761, 4, 40.20091033587232, 319, 62722, 62722, 0.012216191738843918, 3.631470203399658
279, -5.6256268550641835, 4, 40.150137273129076, 319, 63041, 63041, 0.011148530058562756, 3.6250462532043457
280, -8.48935402231291, 2, 31.06612673588097, 246, 63287, 63287, 0.011529354378581047, 3.6199042797088623
281, -9.044693423900753, 2, 38.726725389715284, 304, 63591, 63591, 0.010493405163288116, 3.6167497634887695
282, -7.627763354277704, 2, 27.209726510103792, 210, 63801, 63801, 0.011386332102119923, 3.614607572555542
283, -5.9640915979398414, 4, 40.1199308000505, 319, 64120, 64120, 0.011487037874758244, 3.619630813598633
284, -5.866630147458636, 2, 13.25589735712856, 102, 64222, 64222, 0.011107436381280422, 3.6224780082702637
285, -5.57594303713995, 4, 40.15517291799188, 315, 64537, 64537, 0.01201901026070118, 3.614966869354248
286, -5.6186755129892845, 2, 9.665267367381603, 72, 64609, 64609, 0.010830990970134735, 3.60701584815979
287, -5.828709538211115, 4, 40.445566278882325, 321, 64930, 64930, 0.009297581389546394, 3.605050802230835
288, -5.458791258373822, 2, 8.759421984665096, 66, 64996, 64996, 0.011830221861600876, 3.608785629272461
289, -5.480727855232544, 4, 40.153674855828285, 319, 65315, 65315, 0.011560517363250256, 3.604050636291504
290, -7.289741328917444, 4, 40.09036853071302, 319, 65634, 65634, 0.010389488190412521, 3.5993690490722656
291, -5.9868580753100105, 2, 12.812691611703485, 99, 65733, 65733, 0.011196753941476345, 3.598034143447876
292, -5.471773200959433, 4, 40.15845100209117, 317, 66050, 66050, 0.012053608894348145, 3.599646806716919
293, -5.708563360640255, 4, 40.1483711428009, 316, 66366, 66366, 0.01159552950412035, 3.5948846340179443
294, -6.003528584697051, 4, 40.15490305097774, 319, 66685, 66685, 0.011689824052155018, 3.581378698348999
295, -7.707163315266371, 4, 40.17711669392884, 320, 67005, 67005, 0.012206001207232475, 3.5773003101348877
296, -5.878052325831959, 4, 40.164080885238945, 319, 67324, 67324, 0.010789760388433933, 3.5804386138916016
297, -5.706568715162575, 2, 12.265374389942735, 94, 67418, 67418, 0.011286533437669277, 3.579535961151123
298, -5.8901359836163465, 4, 40.50467927614227, 321, 67739, 67739, 0.012065360322594643, 3.5631494522094727
299, -6.043850626097992, 4, 40.40849922131747, 321, 68060, 68060, 0.011510631069540977, 3.568451404571533
300, -5.828357835765928, 4, 40.1346570122987, 319, 68379, 68379, 0.011213498190045357, 3.5632262229919434
301, -5.9446767620393075, 2, 14.82771557662636, 115, 68494, 68494, 0.011432385072112083, 3.555079460144043
302, -5.5696362617309205, 2, 9.951677670702338, 76, 68570, 68570, 0.012601633556187153, 3.543241024017334
303, -5.835008558817208, 4, 40.09876569965854, 319, 68889, 68889, 0.011136607266962528, 3.55318021774292
304, -5.878113566941465, 4, 40.30683548981324, 318, 69207, 69207, 0.010989821515977383, 3.547046661376953
305, -5.655496210409183, 2, 9.691005930770189, 73, 69280, 69280, 0.011276893317699432, 3.5436313152313232
306, -8.075082111579832, 2, 28.91782209696248, 228, 69508, 69508, 0.01175070833414793, 3.5496022701263428
307, -6.200128325741389, 4, 40.49492128798738, 320, 69828, 69828, 0.011005612090229988, 3.545057773590088
308, -9.641019801609218, 2, 39.13444166397676, 310, 70138, 70138, 0.010251308791339397, 3.541494131088257
309, -5.167212886415655, 4, 40.11287134420127, 317, 70455, 70455, 0.01064265239983797, 3.541921377182007
310, -6.173705854807849, 4, 40.139045652002096, 318, 70773, 70773, 0.010455110110342503, 3.534747838973999
311, -5.370559940671228, 4, 40.20495151588693, 319, 71092, 71092, 0.010269805788993835, 3.5362188816070557
312, -6.574839847977273, 2, 18.174925460014492, 142, 71234, 71234, 0.011077859438955784, 3.532217502593994
313, -5.933958575653378, 2, 12.266030738130212, 94, 71328, 71328, 0.012904424220323563, 3.5189883708953857
314, -8.877240872214315, 2, 33.87655932223424, 268, 71596, 71596, 0.01064769085496664, 3.524818181991577
315, -6.4997501922771335, 4, 40.09919131034985, 319, 71915, 71915, 0.011224335990846157, 3.5295796394348145
316, -5.821526919997268, 4, 40.11377591313794, 318, 72233, 72233, 0.01163569651544094, 3.5262105464935303
317, -5.828479117131792, 4, 40.10035240184516, 318, 72551, 72551, 0.011057821102440357, 3.52529239654541
318, -5.871215090934129, 4, 40.508056110236794, 321, 72872, 72872, 0.011142460629343987, 3.5173168182373047
319, -5.132837615790777, 4, 40.081714503932744, 315, 73187, 73187, 0.010537154972553253, 3.5148863792419434
320, -5.335360007011332, 4, 40.13406771607697, 319, 73506, 73506, 0.010543126612901688, 3.512847900390625
321, -6.184460194439453, 4, 40.09529127087444, 319, 73825, 73825, 0.010877102613449097, 3.506267786026001
322, -6.0239028616051655, 4, 40.10281066503376, 318, 74143, 74143, 0.010598418302834034, 3.505157947540283
323, -5.833257883816259, 4, 40.09494289429858, 318, 74461, 74461, 0.010994515381753445, 3.501645565032959
324, -6.176014711847529, 2, 17.429613135755062, 136, 74597, 74597, 0.01151310745626688, 3.490709066390991
325, -5.627519348567148, 4, 40.27359641902149, 318, 74915, 74915, 0.01074634213000536, 3.4992964267730713
326, -6.130795146862511, 4, 40.13117737695575, 318, 75233, 75233, 0.010557101108133793, 3.496371269226074
327, -7.151592948910547, 2, 25.513169521000236, 201, 75434, 75434, 0.010257266461849213, 3.4797134399414062
328, -5.800685553404037, 2, 12.089545973110944, 93, 75527, 75527, 0.011772042140364647, 3.4802072048187256
329, -5.703174035268603, 4, 40.20031540514901, 319, 75846, 75846, 0.010199588723480701, 3.4892020225524902
330, -6.002727354760282, 2, 13.081476309802383, 101, 75947, 75947, 0.01062888652086258, 3.488440752029419
331, -5.770958773762686, 4, 40.05764829413965, 318, 76265, 76265, 0.010060394182801247, 3.4870712757110596
332, -6.276460149674676, 2, 13.859897062182426, 107, 76372, 76372, 0.011919335462152958, 3.481769323348999
333, -5.248394769150764, 4, 40.389682413078845, 321, 76693, 76693, 0.010130740702152252, 3.4789376258850098
334, -5.551780978217721, 2, 8.749343040864915, 66, 76759, 76759, 0.008677829056978226, 3.4871981143951416
335, -6.669884078932228, 4, 40.06765934964642, 318, 77077, 77077, 0.009224994108080864, 3.4714040756225586
336, -5.687249100184999, 4, 40.2077158279717, 319, 77396, 77396, 0.010308211669325829, 3.4698379039764404
337, -5.238065598634421, 2, 5.181435943115503, 37, 77433, 77433, 0.01143003348261118, 3.4773592948913574
338, -5.653016517269862, 4, 40.136727024801075, 317, 77750, 77750, 0.011233512312173843, 3.4646151065826416
339, -5.435147044248879, 2, 4.9112422107718885, 35, 77785, 77785, 0.010737401433289051, 3.4524106979370117
340, -5.657229975891823, 4, 40.135133418254554, 318, 78103, 78103, 0.010627918876707554, 3.467799425125122
341, -5.894630634265923, 4, 40.429693886078894, 320, 78423, 78423, 0.01165589690208435, 3.4543051719665527
342, -6.061487257942645, 4, 40.17917062481865, 319, 78742, 78742, 0.010204209946095943, 3.4527664184570312
343, -6.0243428409448825, 4, 40.13415148667991, 316, 79058, 79058, 0.00937357172369957, 3.4549455642700195
344, -6.398676573371631, 4, 40.52955420920625, 320, 79378, 79378, 0.01108025386929512, 3.4460418224334717
345, -8.193549846566384, 2, 34.12014829926193, 270, 79648, 79648, 0.010594001971185207, 3.4392025470733643
346, -5.576316872611642, 2, 5.544513361994177, 40, 79688, 79688, 0.01000503171235323, 3.4389712810516357
347, -5.386316372547299, 4, 40.2066425527446, 319, 80007, 80007, 0.009489255025982857, 3.4334800243377686
348, -6.241753239941318, 2, 15.194170055910945, 116, 80123, 80123, 0.010036025196313858, 3.4382340908050537
349, -6.105788482353091, 4, 40.17501535033807, 319, 80442, 80442, 0.010563296265900135, 3.4365954399108887
350, -6.527269588710624, 4, 40.11910686828196, 318, 80760, 80760, 0.009600968100130558, 3.433851718902588
351, -6.060550098743988, 4, 40.148273864760995, 319, 81079, 81079, 0.01020179595798254, 3.43180251121521
352, -5.968754455447197, 4, 40.18490118579939, 319, 81398, 81398, 0.010244161821901798, 3.421948194503784
353, -5.767928754998138, 4, 40.08081329893321, 317, 81715, 81715, 0.01099048089236021, 3.41890025138855
354, -5.365445710494896, 4, 40.182127587962896, 318, 82033, 82033, 0.010238162241876125, 3.4155795574188232
355, -5.250301173276966, 4, 40.19577456172556, 319, 82352, 82352, 0.010546550154685974, 3.4109530448913574
356, -6.081494679401203, 4, 40.09772802935913, 315, 82667, 82667, 0.009381966665387154, 3.4061484336853027
357, -9.431084014417138, 2, 39.881271002814174, 316, 82983, 82983, 0.010061017237603664, 3.4076106548309326
358, -6.6339680925011635, 2, 18.901921252720058, 145, 83128, 83128, 0.0097945686429739, 3.403104066848755
359, -7.031352581981082, 2, 16.835374874062836, 131, 83259, 83259, 0.009757976047694683, 3.403071880340576
360, -6.774339558091015, 4, 40.13626760896295, 318, 83577, 83577, 0.010110508650541306, 3.399559497833252
361, -5.462021347222617, 2, 7.8857621741481125, 57, 83634, 83634, 0.010166103020310402, 3.399447202682495
362, -5.869235842488706, 4, 40.48660759674385, 320, 83954, 83954, 0.009568313136696815, 3.397963285446167
363, -4.971836950062425, 4, 40.38420315319672, 320, 84274, 84274, 0.010504664853215218, 3.402925491333008
364, -5.3081401102099335, 2, 8.219794475007802, 59, 84333, 84333, 0.011831645853817463, 3.3907687664031982
365, -6.032628629182, 4, 40.14958255318925, 317, 84650, 84650, 0.010988065041601658, 3.3865890502929688
366, -7.2485382908525935, 2, 26.02367187011987, 205, 84855, 84855, 0.010695270262658596, 3.3849213123321533
367, -5.021632773452438, 4, 40.086526550818235, 316, 85171, 85171, 0.009555391035974026, 3.3806028366088867
368, -6.159807159703632, 4, 40.1553017529659, 318, 85489, 85489, 0.010180390439927578, 3.3765265941619873
369, -6.281258713454008, 2, 17.677808068692684, 137, 85626, 85626, 0.009248366579413414, 3.372105836868286
370, -5.672339514596388, 4, 40.474527799058706, 318, 85944, 85944, 0.011542792432010174, 3.3736307621002197
371, -5.520571338125592, 4, 40.39134886395186, 319, 86263, 86263, 0.010219469666481018, 3.3694770336151123
372, -7.943384062496079, 2, 31.5023518987, 247, 86510, 86510, 0.009919009171426296, 3.368760824203491
373, -5.2199277617219195, 4, 40.10347042325884, 318, 86828, 86828, 0.010136974975466728, 3.361476182937622
374, -6.075653603533283, 4, 40.36653384240344, 318, 87146, 87146, 0.010506055317819118, 3.356130599975586
375, -6.021526738475586, 2, 12.558313821908087, 96, 87242, 87242, 0.011928246356546879, 3.3621222972869873
376, -6.070058673387393, 4, 40.09111206000671, 318, 87560, 87560, 0.01067978236824274, 3.353238582611084
377, -4.653317577030975, 4, 40.148584958631545, 318, 87878, 87878, 0.009693099185824394, 3.351966619491577
378, -5.6254387106746435, 2, 6.337370974943042, 45, 87923, 87923, 0.01081500481814146, 3.352987051010132
379, -5.15832007152494, 4, 40.12292352784425, 317, 88240, 88240, 0.009836099110543728, 3.340864658355713
380, -7.0058540649479255, 2, 22.06428799405694, 172, 88412, 88412, 0.011049330234527588, 3.344391107559204
381, -5.97078584319388, 4, 40.156535977032036, 318, 88730, 88730, 0.010290989652276039, 3.345212459564209
382, -5.678890063989456, 4, 40.109945870004594, 319, 89049, 89049, 0.011221739463508129, 3.335533857345581
383, -8.401228109212752, 2, 30.01373980473727, 234, 89283, 89283, 0.009870869107544422, 3.3301103115081787
384, -6.03747335405933, 4, 40.47463031485677, 319, 89602, 89602, 0.010975073091685772, 3.3322412967681885
385, -5.772746779432055, 4, 40.196089004166424, 316, 89918, 89918, 0.010431019589304924, 3.3238208293914795
386, -5.160653430619277, 4, 40.166405704803765, 318, 90236, 90236, 0.009632883593440056, 3.3229873180389404
387, -5.170752913836623, 4, 40.078257428016514, 318, 90554, 90554, 0.011170648969709873, 3.3241143226623535
388, -5.683077252790099, 2, 10.39849019702524, 77, 90631, 90631, 0.013213515281677246, 3.3267834186553955
389, -6.090895096756867, 4, 40.46666799206287, 319, 90950, 90950, 0.009375197812914848, 3.317457914352417
390, -6.191001916653477, 4, 40.19094099989161, 317, 91267, 91267, 0.011328250169754028, 3.3091044425964355
391, -8.727158832421992, 2, 36.221193581819534, 284, 91551, 91551, 0.009413380175828934, 3.3143630027770996
392, -5.0831748666241765, 2, 4.4301816816441715, 30, 91581, 91581, 0.00721996882930398, 3.3167617321014404
393, -5.200911706779152, 2, 5.534253997262567, 40, 91621, 91621, 0.013061391189694405, 3.3061306476593018
394, -5.223667369806208, 4, 40.169079809915274, 318, 91939, 91939, 0.009791022166609764, 3.306847095489502
395, -5.2930455536115915, 4, 40.121104530990124, 317, 92256, 92256, 0.009926863014698029, 3.3084943294525146
396, -5.076014487043722, 4, 40.14562969096005, 318, 92574, 92574, 0.01106677670031786, 3.2997007369995117
397, -6.7229942861013114, 4, 40.09611272998154, 316, 92890, 92890, 0.010972096584737301, 3.2977819442749023
398, -5.602255826932378, 4, 40.15645990381017, 318, 93208, 93208, 0.01044961903244257, 3.2952346801757812
399, -5.9021021138032665, 4, 40.16925058979541, 319, 93527, 93527, 0.010065343230962753, 3.2891898155212402
400, -5.412549837841652, 4, 40.47892619576305, 319, 93846, 93846, 0.010216512717306614, 3.2868435382843018
401, -5.725088144162328, 4, 40.11454623984173, 318, 94164, 94164, 0.009742996655404568, 3.2860465049743652
402, -7.092355450615287, 4, 40.39265714492649, 320, 94484, 94484, 0.00975567102432251, 3.2825474739074707
403, -4.9098648119252175, 4, 40.133521616924554, 318, 94802, 94802, 0.011013159528374672, 3.267014265060425
404, -5.6906061748741195, 4, 40.09626082284376, 318, 95120, 95120, 0.010231565684080124, 3.270763874053955
405, -5.733353637493565, 4, 40.16134590608999, 316, 95436, 95436, 0.010870439931750298, 3.2710351943969727
406, -5.434013027523179, 4, 40.466526817996055, 319, 95755, 95755, 0.008406220935285091, 3.26999568939209
407, -5.251983710484637, 4, 40.44569696392864, 320, 96075, 96075, 0.009331890381872654, 3.2644736766815186
408, -6.081154834591871, 2, 13.500237222760916, 104, 96179, 96179, 0.010944673791527748, 3.2613844871520996
409, -5.787271340575899, 4, 40.39789123414084, 319, 96498, 96498, 0.009636102244257927, 3.262026309967041
410, -7.252821900881827, 4, 40.16626382106915, 318, 96816, 96816, 0.00989881344139576, 3.2560882568359375
411, -5.537952884100378, 4, 40.109225363936275, 317, 97133, 97133, 0.009957089088857174, 3.2548038959503174
412, -6.537439240019012, 4, 40.202677943278104, 319, 97452, 97452, 0.010031195357441902, 3.2548649311065674
413, -5.630666115874192, 4, 40.08149097627029, 318, 97770, 97770, 0.01071140356361866, 3.249246835708618
414, -5.627851140132407, 4, 40.134388144593686, 318, 98088, 98088, 0.010083504021167755, 3.246001720428467
415, -5.670518332713982, 4, 40.05826718080789, 315, 98403, 98403, 0.009950613602995872, 3.2456483840942383
416, -5.438490000469756, 4, 40.16374012362212, 318, 98721, 98721, 0.010070955380797386, 3.248159646987915
417, -8.523369130329229, 2, 36.09276151191443, 285, 99006, 99006, 0.011019916273653507, 3.248307704925537
418, -7.398498916067183, 2, 24.17282765498385, 189, 99195, 99195, 0.010581574402749538, 3.2409486770629883
419, -6.028973434607906, 4, 40.39352246886119, 319, 99514, 99514, 0.010668492875993252, 3.2369120121002197
420, -5.150697418288473, 4, 40.37666238518432, 313, 99827, 99827, 0.010226182639598846, 3.237816333770752
421, -8.394932177790906, 2, 32.308497584890574, 254, 100081, 100081, 0.01122314017266035, 3.2321414947509766
422, -5.355495414463803, 4, 40.156292331870645, 318, 100399, 100399, 0.010430732741951942, 3.2263479232788086
423, -5.415994551687618, 4, 40.11674984404817, 318, 100717, 100717, 0.010525412857532501, 3.2271056175231934
424, -5.693558717459382, 4, 40.139508561231196, 318, 101035, 101035, 0.009673343040049076, 3.2256031036376953
425, -6.2402998251745885, 4, 40.13873877981678, 318, 101353, 101353, 0.010415780358016491, 3.225498914718628
426, -5.731270019419753, 4, 40.18027580343187, 317, 101670, 101670, 0.010785401798784733, 3.2278521060943604
427, -5.6522121131420135, 2, 8.756367148831487, 64, 101734, 101734, 0.009912771172821522, 3.227980136871338
428, -5.83906242903322, 4, 40.38966891588643, 321, 102055, 102055, 0.011101431213319302, 3.221848249435425
429, -7.235351564362645, 4, 40.174430936109275, 319, 102374, 102374, 0.009683559648692608, 3.2213199138641357
430, -5.463641337424633, 4, 40.477267710026354, 321, 102695, 102695, 0.01074388436973095, 3.208137035369873
431, -5.3712422169373895, 4, 40.10378222586587, 314, 103009, 103009, 0.010505488142371178, 3.2140750885009766
432, -6.78903266787529, 4, 40.16982721025124, 320, 103329, 103329, 0.010016762651503086, 3.212453842163086
433, -5.632979160640389, 2, 10.88355452241376, 83, 103412, 103412, 0.011752280406653881, 3.2129266262054443
434, -6.084333685663296, 4, 40.173392532859, 316, 103728, 103728, 0.010936267673969269, 3.2057077884674072
435, -6.117482245186693, 4, 40.11835710192099, 318, 104046, 104046, 0.010179060511291027, 3.200178384780884
436, -8.8057103282772, 2, 39.54014879884198, 311, 104357, 104357, 0.010552224703133106, 3.1984691619873047
437, -5.290909832314355, 4, 40.21715079015121, 313, 104670, 104670, 0.009815050289034843, 3.195774555206299
438, -5.952775930934877, 4, 40.09828249597922, 317, 104987, 104987, 0.010675743222236633, 3.2016756534576416
439, -5.356111735178274, 4, 40.11157197225839, 318, 105305, 105305, 0.01083704549819231, 3.1996653079986572
440, -5.499531262750679, 4, 40.137400259729475, 317, 105622, 105622, 0.01107246708124876, 3.1990292072296143
441, -5.021116010917467, 4, 40.072119885124266, 318, 105940, 105940, 0.009352555498480797, 3.191236972808838
442, -5.708337719057454, 4, 40.172024104278535, 318, 106258, 106258, 0.010504043661057949, 3.1902616024017334
443, -5.237394122872502, 4, 40.17963248025626, 316, 106574, 106574, 0.011080452241003513, 3.1907949447631836
444, -6.794694005460769, 4, 40.154646412003785, 318, 106892, 106892, 0.010167821310460567, 3.184420585632324
445, -5.949242765433155, 2, 14.14652133313939, 109, 107001, 107001, 0.010553930886089802, 3.1853926181793213
446, -5.879800562339369, 4, 40.13335949461907, 317, 107318, 107318, 0.010084507055580616, 3.185127019882202
447, -7.007500575622544, 2, 21.177402946632355, 166, 107484, 107484, 0.01038731075823307, 3.1839754581451416
448, -5.320012526746723, 4, 40.15544202784076, 318, 107802, 107802, 0.011268717236816883, 3.185188055038452
449, -7.353495055809617, 4, 40.071830484084785, 319, 108121, 108121, 0.010931800119578838, 3.188109874725342
450, -5.619476826571372, 4, 40.29829411394894, 318, 108439, 108439, 0.009726970456540585, 3.1789703369140625
451, -7.43679853528738, 4, 40.15636208187789, 319, 108758, 108758, 0.009570428170263767, 3.1843035221099854
452, -6.430569824879058, 4, 40.481968553271145, 321, 109079, 109079, 0.010176874697208405, 3.1771676540374756
453, -5.335088775027543, 4, 40.143377042841166, 318, 109397, 109397, 0.0103971092030406, 3.1747140884399414
454, -5.845369097776711, 2, 10.22539124218747, 78, 109475, 109475, 0.013331546448171139, 3.1724042892456055
455, -5.5975790658267215, 4, 40.19328860193491, 318, 109793, 109793, 0.011187255382537842, 3.1722354888916016
456, -5.611247796070529, 4, 40.168923165183514, 317, 110110, 110110, 0.010497063398361206, 3.176497220993042
457, -6.1785633371164295, 4, 40.457576824352145, 318, 110428, 110428, 0.010010823607444763, 3.169001340866089
458, -5.6501181133207865, 4, 40.10739367408678, 317, 110745, 110745, 0.010333682410418987, 3.161456346511841
459, -5.713576745707542, 4, 40.16399649390951, 316, 111061, 111061, 0.010953438468277454, 3.1580617427825928
460, -5.8797518619394396, 4, 40.183697066735476, 318, 111379, 111379, 0.010576315224170685, 3.157512664794922
461, -5.078366238769377, 4, 40.1469729593955, 318, 111697, 111697, 0.0101919611915946, 3.1553237438201904
462, -5.986505609471351, 4, 40.17564207455143, 318, 112015, 112015, 0.010504224337637424, 3.1524858474731445
463, -5.301260894120787, 4, 40.103548428975046, 317, 112332, 112332, 0.009996977634727955, 3.146242380142212
464, -5.601409092661925, 4, 40.11628480814397, 318, 112650, 112650, 0.011681592091917992, 3.151491165161133
465, -5.064852132229134, 4, 40.47572570107877, 319, 112969, 112969, 0.010537028312683105, 3.14846134185791
466, -5.995019472553395, 4, 40.12852887669578, 315, 113284, 113284, 0.0099058011546731, 3.1477997303009033
467, -5.679130965119839, 4, 40.17025226680562, 318, 113602, 113602, 0.010770566761493683, 3.144031524658203
468, -5.677959164837375, 4, 40.14144818112254, 315, 113917, 113917, 0.011071744374930859, 3.1486666202545166
469, -6.13407750513943, 2, 14.88721129624173, 115, 114032, 114032, 0.008752256631851196, 3.1443395614624023
470, -5.506263254268561, 4, 40.18543462269008, 318, 114350, 114350, 0.009661601856350899, 3.1388142108917236
471, -7.1213587795209605, 2, 21.58675710996613, 169, 114519, 114519, 0.010175570845603943, 3.1344995498657227
472, -5.703049247211311, 4, 40.19843113236129, 319, 114838, 114838, 0.011398795060813427, 3.1432127952575684
473, -6.29575558938086, 4, 40.10168625228107, 318, 115156, 115156, 0.010706390254199505, 3.1453049182891846
474, -5.234598049923079, 4, 40.172709019854665, 318, 115474, 115474, 0.009840570390224457, 3.1304984092712402
475, -5.460616744996514, 2, 7.648127822205424, 55, 115529, 115529, 0.01065377239137888, 3.130953073501587
476, -8.866734043695033, 2, 34.35485645290464, 270, 115799, 115799, 0.010182135738432407, 3.1363511085510254
477, -5.271954574656775, 4, 40.09756778785959, 317, 116116, 116116, 0.010635042563080788, 3.13438081741333
478, -5.829286953381597, 2, 10.937705085147172, 83, 116199, 116199, 0.010275537148118019, 3.1287522315979004
479, -7.841427841503901, 2, 25.302620470989496, 198, 116397, 116397, 0.011478321626782417, 3.1290640830993652
480, -5.416737653365999, 4, 40.11996336001903, 317, 116714, 116714, 0.009862813167273998, 3.130908250808716
481, -6.713239076780155, 4, 40.115616851020604, 318, 117032, 117032, 0.010478452779352665, 3.1311118602752686
482, -6.154526691854699, 4, 40.68855609605089, 322, 117354, 117354, 0.011113579384982586, 3.129734754562378
483, -6.399842729762895, 4, 40.091286682058126, 317, 117671, 117671, 0.010590733960270882, 3.123732328414917
484, -5.7811400017817505, 4, 40.07766604376957, 317, 117988, 117988, 0.009691014885902405, 3.121619701385498
485, -6.444182171697321, 4, 40.19192107394338, 319, 118307, 118307, 0.010918413288891315, 3.1191556453704834
486, -5.959561931362259, 2, 11.786746024154127, 90, 118397, 118397, 0.00990304071456194, 3.1243011951446533
487, -5.632932618667837, 4, 40.11019970709458, 317, 118714, 118714, 0.010324007831513882, 3.1164793968200684
488, -5.765487797161768, 4, 40.044713981915265, 317, 119031, 119031, 0.010548845864832401, 3.1130993366241455
489, -6.241995900956681, 4, 40.14187282230705, 318, 119349, 119349, 0.011056529358029366, 3.1163744926452637
490, -5.640656637217035, 4, 40.18199945194647, 317, 119666, 119666, 0.010677050799131393, 3.1131680011749268
491, -6.039663867515628, 4, 40.204188354779035, 318, 119984, 119984, 0.010531392879784107, 3.117551326751709
492, -6.150781599339098, 4, 40.14077753992751, 318, 120302, 120302, 0.010185981169342995, 3.1084470748901367
493, -8.579412767314352, 2, 32.14219576912001, 254, 120556, 120556, 0.010544841177761555, 3.1067376136779785
494, -7.354207681375556, 2, 25.511285115033388, 200, 120756, 120756, 0.010243898257613182, 3.1140365600585938
495, -6.4468726298437105, 4, 40.10989645216614, 315, 121071, 121071, 0.011406302452087402, 3.11383318901062
496, -5.740472448567743, 4, 40.432754503097385, 320, 121391, 121391, 0.010962791740894318, 3.105238437652588
497, -7.669891526000356, 2, 28.337056037038565, 223, 121614, 121614, 0.009701628237962723, 3.1032259464263916
498, -6.125181938623427, 4, 40.112720435950905, 318, 121932, 121932, 0.009282222017645836, 3.1021888256073
499, -6.135453476803377, 4, 40.07224393310025, 315, 122247, 122247, 0.011060957796871662, 3.0971016883850098
500, -6.155284405685961, 4, 40.12887452263385, 317, 122564, 122564, 0.00984424538910389, 3.1026768684387207
501, -5.981276476064522, 4, 40.062025806866586, 318, 122882, 122882, 0.01010221429169178, 3.095510482788086
502, -6.122074474580586, 4, 40.13059119414538, 318, 123200, 123200, 0.01036141812801361, 3.096660614013672
503, -7.227724229967862, 2, 26.07090162206441, 205, 123405, 123405, 0.011485562659800053, 3.095407485961914
504, -5.170045663486235, 4, 40.20496414927766, 318, 123723, 123723, 0.009983737953007221, 3.0941555500030518
505, -7.55789370770799, 2, 27.0971741611138, 211, 123934, 123934, 0.01094738207757473, 3.092831611633301
506, -5.460471504877205, 4, 40.40042339032516, 318, 124252, 124252, 0.011340898461639881, 3.093078851699829
507, -6.169875730993226, 4, 40.165431446861476, 318, 124570, 124570, 0.01019555889070034, 3.0898375511169434
508, -5.8999023155192845, 4, 40.09273469587788, 317, 124887, 124887, 0.009761231951415539, 3.087428569793701
509, -6.517937448777957, 4, 40.13015940506011, 317, 125204, 125204, 0.01052169781178236, 3.079798936843872
510, -5.426784099050565, 4, 40.21259362343699, 318, 125522, 125522, 0.010242728516459465, 3.0845346450805664
511, -6.983650388840033, 2, 22.691191690042615, 178, 125700, 125700, 0.011492344550788403, 3.0878632068634033
512, -7.563229549385142, 2, 27.62767997616902, 218, 125918, 125918, 0.009792666882276535, 3.082098960876465
513, -6.369366300205002, 4, 40.14447072008625, 317, 126235, 126235, 0.010725455358624458, 3.086721420288086
514, -5.484829556313343, 4, 40.12783348467201, 315, 126550, 126550, 0.010276539251208305, 3.0805070400238037
515, -5.787807455984876, 2, 11.266617370769382, 86, 126636, 126636, 0.009966453537344933, 3.0829293727874756
516, -5.883633473495138, 4, 40.08613206632435, 317, 126953, 126953, 0.010263446718454361, 3.072096109390259
517, -8.607801388716325, 2, 35.77078206790611, 283, 127236, 127236, 0.009569261223077774, 3.073709011077881
518, -5.124908004887402, 2, 4.327156010083854, 30, 127266, 127266, 0.00976070761680603, 3.0680856704711914
519, -5.855832716992154, 4, 40.182763983961195, 318, 127584, 127584, 0.010246459394693375, 3.0752322673797607
520, -6.416288992681075, 4, 40.1166747068055, 318, 127902, 127902, 0.010253523476421833, 3.0738208293914795
521, -6.236627935082652, 4, 40.185405198019, 318, 128220, 128220, 0.01034814864397049, 3.0768070220947266
522, -5.9432043327979045, 4, 40.124015531037, 317, 128537, 128537, 0.010196158662438393, 3.0734188556671143
523, -5.740528974332847, 4, 40.110689422581345, 317, 128854, 128854, 0.011100140400230885, 3.0743672847747803
524, -5.5626102502264985, 4, 40.14410809893161, 316, 129170, 129170, 0.010610422119498253, 3.073685884475708
525, -5.437376741392654, 4, 40.19372218986973, 318, 129488, 129488, 0.01088661141693592, 3.0690269470214844
526, -6.8048053333186544, 2, 21.250606264919043, 166, 129654, 129654, 0.010578727349638939, 3.065861463546753
527, -5.858342384977732, 4, 40.09149915818125, 317, 129971, 129971, 0.010969050228595734, 3.0619585514068604
528, -6.960661959834397, 2, 19.632200533989817, 153, 130124, 130124, 0.011718971654772758, 3.069110870361328
529, -5.272462753171567, 2, 6.077339352574199, 43, 130167, 130167, 0.009189181961119175, 3.069597005844116
530, -5.743613606697181, 2, 10.904425933025777, 83, 130250, 130250, 0.00978914462029934, 3.0561892986297607
531, -6.222618557047099, 4, 40.4846580279991, 318, 130568, 130568, 0.010995609685778618, 3.065791130065918
532, -5.901088878104929, 4, 40.120351450983435, 317, 130885, 130885, 0.01098124124109745, 3.0665810108184814
533, -6.034623080973688, 4, 40.14740762906149, 318, 131203, 131203, 0.0106453076004982, 3.057508945465088
534, -5.563261419185437, 4, 40.15356905385852, 315, 131518, 131518, 0.010009311139583588, 3.05884051322937
535, -4.778532382319099, 4, 40.469992387108505, 320, 131838, 131838, 0.0102927191182971, 3.055506706237793
536, -5.848620500415564, 2, 6.7709025028161705, 50, 131888, 131888, 0.007906625047326088, 3.0623300075531006
537, -5.7942712897202, 2, 8.157120351679623, 61, 131949, 131949, 0.011979886330664158, 3.037734270095825
538, -5.5253707466617925, 4, 40.195807435084134, 318, 132267, 132267, 0.009977877140045166, 3.059037208557129
539, -5.268853319754271, 4, 40.188761974684894, 317, 132584, 132584, 0.010194497182965279, 3.056114912033081
540, -6.527085065812571, 4, 40.10390163771808, 317, 132901, 132901, 0.01125636138021946, 3.05348801612854
541, -6.590312452899525, 4, 40.12804467091337, 317, 133218, 133218, 0.010033640079200268, 3.0488383769989014
542, -6.761652802750177, 2, 19.480748222209513, 151, 133369, 133369, 0.010990460403263569, 3.049696445465088
543, -6.629338358005043, 4, 40.49890501284972, 321, 133690, 133690, 0.01046191155910492, 3.0457119941711426
544, -6.581962706753984, 2, 17.754369595088065, 138, 133828, 133828, 0.010794264264404774, 3.0559744834899902
545, -5.638835794154147, 4, 40.09236159734428, 317, 134145, 134145, 0.009654112160205841, 3.0451011657714844
546, -5.757389605802018, 4, 40.146678164135665, 317, 134462, 134462, 0.010564497672021389, 3.045290231704712
547, -6.119810379372211, 4, 40.09325747191906, 317, 134779, 134779, 0.009354798123240471, 3.043365001678467
548, -6.493317002401454, 2, 18.14080220879987, 141, 134920, 134920, 0.01073759701102972, 3.0468270778656006
549, -7.344517128760344, 2, 31.69693791680038, 250, 135170, 135170, 0.01059762667864561, 3.0435595512390137
550, -7.334019116591662, 2, 24.064944182056934, 189, 135359, 135359, 0.010156568139791489, 3.0344467163085938
551, -5.940822510514408, 4, 40.16307808412239, 317, 135676, 135676, 0.009739946573972702, 3.0377583503723145
552, -5.168245144246612, 4, 40.14411217113957, 317, 135993, 135993, 0.010216126218438148, 3.039665460586548
553, -6.4458818162729585, 2, 18.50919296592474, 144, 136137, 136137, 0.01139292772859335, 3.0349836349487305
554, -6.219752803444862, 4, 40.5191321792081, 320, 136457, 136457, 0.010380228981375694, 3.0353119373321533
555, -7.597188137471676, 4, 40.17074727918953, 319, 136776, 136776, 0.010238194838166237, 3.034506320953369
556, -5.460451953855227, 4, 40.12722961930558, 317, 137093, 137093, 0.010896913707256317, 3.0289952754974365
557, -5.890170595375821, 4, 40.329612724948674, 317, 137410, 137410, 0.010447210632264614, 3.032320499420166
558, -6.184517654328374, 4, 40.16397000104189, 318, 137728, 137728, 0.009470026008784771, 3.031090259552002
559, -5.715665376745164, 4, 40.11704883677885, 315, 138043, 138043, 0.011198712512850761, 3.0303726196289062
560, -5.589790132333292, 4, 40.09275309788063, 317, 138360, 138360, 0.009768414311110973, 3.0213658809661865
561, -6.1426610089838505, 4, 40.30389873217791, 319, 138679, 138679, 0.01049789972603321, 3.0236763954162598
562, -6.921218894422054, 2, 17.412153067998588, 136, 138815, 138815, 0.010607029311358929, 3.0224874019622803
563, -5.295357261085883, 2, 7.558285605628043, 55, 138870, 138870, 0.010066305287182331, 3.0235064029693604
564, -5.893363740004133, 4, 40.12307265540585, 317, 139187, 139187, 0.010224590077996254, 3.027113676071167
565, -6.543735497165471, 4, 40.15680281119421, 317, 139504, 139504, 0.010625991970300674, 3.0217761993408203
566, -5.291375471628271, 4, 40.17452087299898, 318, 139822, 139822, 0.009886009618639946, 3.0253710746765137
567, -5.595508206810337, 4, 40.11760158510879, 317, 140139, 140139, 0.010930730029940605, 3.0243148803710938
568, -6.359371313126758, 4, 40.08308813767508, 317, 140456, 140456, 0.010977305471897125, 3.025362730026245
569, -6.239255761960521, 4, 40.16830152273178, 318, 140774, 140774, 0.010582760907709599, 3.0224034786224365
570, -5.340374437742867, 2, 7.055231769103557, 52, 140826, 140826, 0.007711293175816536, 3.0179026126861572
571, -7.546917028725147, 2, 26.404640855733305, 207, 141033, 141033, 0.011007879860699177, 3.0242722034454346
572, -5.902223312295973, 2, 12.333003113977611, 92, 141125, 141125, 0.010837120935320854, 3.02427339553833
573, -5.230047182179987, 4, 40.142764364369214, 318, 141443, 141443, 0.010443480685353279, 3.0230069160461426
574, -6.051613081523101, 4, 40.117262286134064, 317, 141760, 141760, 0.0098138228058815, 3.0216619968414307
575, -5.707586050673854, 4, 40.09290204523131, 317, 142077, 142077, 0.011506319977343082, 3.0131239891052246
576, -5.581466989417095, 4, 40.150345765054226, 317, 142394, 142394, 0.009722706861793995, 3.026747941970825
577, -5.9509501853754045, 4, 40.098766952287406, 317, 142711, 142711, 0.010734575800597668, 3.0190768241882324
578, -6.367292496528535, 4, 40.404452899005264, 320, 143031, 143031, 0.01068278681486845, 3.02287220954895
579, -5.807148428473738, 4, 40.178291835822165, 317, 143348, 143348, 0.011582637205719948, 3.0183072090148926
580, -6.197347239531155, 4, 40.13743398198858, 317, 143665, 143665, 0.009779431857168674, 3.0129594802856445
581, -6.5815555532462895, 4, 40.09152028383687, 317, 143982, 143982, 0.009947388432919979, 3.017676591873169
582, -6.411377249634825, 2, 14.998331854119897, 113, 144095, 144095, 0.011037216521799564, 3.009876012802124
583, -5.385920889908448, 4, 40.46658087288961, 320, 144415, 144415, 0.011124640703201294, 3.0106804370880127
584, -7.805258655826037, 2, 30.362356812227517, 239, 144654, 144654, 0.009894202463328838, 3.0104751586914062
585, -6.554624850396067, 2, 18.16436154488474, 139, 144793, 144793, 0.010908478870987892, 3.0100655555725098
586, -6.556537809956353, 4, 40.453437582124025, 320, 145113, 145113, 0.01075890101492405, 3.0026307106018066
587, -6.077510772156529, 4, 40.17562396405265, 317, 145430, 145430, 0.010472862049937248, 3.014916181564331
588, -5.374018222268205, 4, 40.09742139093578, 318, 145748, 145748, 0.011284294538199902, 3.009307861328125
589, -5.675226158928126, 4, 40.057837564032525, 317, 146065, 146065, 0.010138038545846939, 3.005113363265991
590, -5.5253672655671835, 4, 40.1434386507608, 317, 146382, 146382, 0.012072757817804813, 3.0113701820373535
591, -5.244246852322249, 2, 7.87131768791005, 59, 146441, 146441, 0.009212212637066841, 2.9897656440734863
592, -7.499404731526738, 2, 27.508880254346877, 216, 146657, 146657, 0.011806763708591461, 3.012850046157837
593, -6.133187760584406, 4, 40.176779739093035, 317, 146974, 146974, 0.011295215226709843, 3.0082364082336426
594, -5.780666434875457, 4, 40.16097605461255, 317, 147291, 147291, 0.010372383520007133, 3.0046777725219727
595, -7.2916052006185055, 4, 40.475088278297335, 321, 147612, 147612, 0.011014756746590137, 3.011200189590454
596, -5.777233118667937, 4, 40.18170524574816, 318, 147930, 147930, 0.011569135822355747, 3.003828525543213
597, -6.3159809581702575, 4, 40.17754430975765, 318, 148248, 148248, 0.009804395958781242, 3.005894184112549
598, -5.785080834866676, 4, 40.39403036888689, 319, 148567, 148567, 0.010381448082625866, 3.003777265548706
599, -7.740318761207163, 4, 40.18076426582411, 317, 148884, 148884, 0.011089147999882698, 3.0001392364501953
600, -5.7447884315333795, 4, 40.17269193474203, 318, 149202, 149202, 0.010894503444433212, 2.998990774154663
601, -5.452688737852441, 4, 40.16167362034321, 318, 149520, 149520, 0.01044826116412878, 3.0021021366119385
602, -6.622487447297317, 2, 16.244097387883812, 124, 149644, 149644, 0.011185244657099247, 3.0018470287323
603, -5.277022018213756, 2, 6.181134156882763, 45, 149689, 149689, 0.010992173105478287, 3.0057616233825684
604, -5.623210737976478, 4, 40.0993197648786, 317, 150006, 150006, 0.00875761266797781, 2.998072862625122
605, -5.328825911377862, 4, 40.08244284288958, 317, 150323, 150323, 0.011924216523766518, 2.993824005126953
606, -8.248066608473891, 2, 30.520127177238464, 240, 150563, 150563, 0.010823720134794712, 2.993199110031128
607, -6.156641438254155, 2, 12.653982711024582, 97, 150660, 150660, 0.009812161326408386, 3.004014492034912
608, -5.395614080422092, 4, 40.09263193188235, 317, 150977, 150977, 0.01062326692044735, 2.9956090450286865
609, -8.721322875484475, 2, 39.53929797420278, 312, 151289, 151289, 0.01047736220061779, 2.992807149887085
610, -6.731459846982034, 2, 14.826568273827434, 115, 151404, 151404, 0.010595466941595078, 2.997138738632202
611, -4.854022348619765, 4, 40.1149577209726, 317, 151721, 151721, 0.010133362375199795, 2.9965291023254395
612, -6.434911113974522, 4, 40.3192235971801, 317, 152038, 152038, 0.01140408031642437, 2.992845296859741
613, -6.5667356620469945, 4, 40.270962197799236, 315, 152353, 152353, 0.011374039575457573, 2.9896256923675537
614, -8.77464006509399, 2, 30.764865368139, 241, 152594, 152594, 0.00993272103369236, 2.9893176555633545
615, -5.414332815766102, 4, 40.19872465590015, 318, 152912, 152912, 0.011267309077084064, 2.9914121627807617
616, -4.995445188833401, 2, 6.459391463082284, 47, 152959, 152959, 0.011070311069488525, 2.983686685562134
617, -5.129259974695742, 4, 40.116982717067, 318, 153277, 153277, 0.01218746043741703, 2.980400323867798
618, -5.625279085910734, 4, 40.15976363886148, 317, 153594, 153594, 0.010525127872824669, 2.9873721599578857
619, -5.676923242863268, 4, 40.44047152996063, 320, 153914, 153914, 0.01129419170320034, 2.9848101139068604
620, -8.64201230314211, 2, 34.91047374298796, 275, 154189, 154189, 0.01085787545889616, 2.979931592941284
621, -6.079345917212777, 4, 40.16175177786499, 317, 154506, 154506, 0.01052159909158945, 2.9826693534851074
622, -5.759889794047922, 4, 40.12316209403798, 317, 154823, 154823, 0.010802637785673141, 2.9796128273010254
623, -5.17633932386525, 2, 5.4119657427072525, 39, 154862, 154862, 0.01141447015106678, 2.9758903980255127
624, -8.313207886647433, 2, 38.12491192808375, 301, 155163, 155163, 0.01044552307575941, 2.9828126430511475
625, -5.558860078337602, 4, 40.504601809661835, 317, 155480, 155480, 0.010195084847509861, 2.9809017181396484
626, -5.18399696610868, 4, 40.50075418967754, 318, 155798, 155798, 0.010386117734014988, 2.97871994972229
627, -5.567078796271744, 2, 9.665558447130024, 73, 155871, 155871, 0.01201237365603447, 2.9751393795013428
628, -5.953617357328767, 4, 40.176365283783525, 317, 156188, 156188, 0.010264641605317593, 2.9797747135162354
629, -6.2242486404556985, 4, 40.12438076315448, 317, 156505, 156505, 0.011677977629005909, 2.976426839828491
630, -6.084317228865984, 4, 40.147220448125154, 315, 156820, 156820, 0.011089720763266087, 2.9783029556274414
631, -8.929408728145063, 2, 37.85614047618583, 299, 157119, 157119, 0.01207150798290968, 2.9762182235717773
632, -5.665927960420959, 4, 40.50788979511708, 318, 157437, 157437, 0.011323899962008, 2.975937843322754
633, -6.275713181763422, 4, 40.115242497995496, 317, 157754, 157754, 0.01053730957210064, 2.9718666076660156
634, -5.956095832865685, 4, 40.12068952200934, 315, 158069, 158069, 0.012416554614901543, 2.975468873977661
635, -5.013588199130027, 4, 40.11522415513173, 315, 158384, 158384, 0.01112379226833582, 2.9759271144866943
636, -5.87745352415368, 4, 40.16124405991286, 317, 158701, 158701, 0.010398722253739834, 2.972106456756592
637, -6.744673448614776, 4, 40.422944692894816, 318, 159019, 159019, 0.011985613033175468, 2.9711878299713135
638, -5.943082622776274, 4, 40.48737259628251, 318, 159337, 159337, 0.011912412010133266, 2.9635531902313232
639, -5.763692365850147, 4, 40.52475754311308, 315, 159652, 159652, 0.01054015476256609, 2.9725048542022705
640, -7.290334859862924, 4, 40.146578850690275, 318, 159970, 159970, 0.010289188474416733, 2.968858003616333
641, -6.313421308448596, 4, 40.07484654104337, 317, 160287, 160287, 0.010821758769452572, 2.966780424118042
642, -5.496799521584762, 4, 40.111865791957825, 317, 160604, 160604, 0.010985282249748707, 2.971789836883545
643, -6.156820512005652, 4, 40.15040386188775, 317, 160921, 160921, 0.01141158677637577, 2.964285373687744
644, -5.640133469365537, 4, 40.194121040869504, 318, 161239, 161239, 0.010965719819068909, 2.9608352184295654
645, -5.178706213657279, 4, 40.137554162647575, 317, 161556, 161556, 0.011016367934644222, 2.9653475284576416
646, -7.396093055838719, 2, 28.52775817224756, 223, 161779, 161779, 0.010030534118413925, 2.965524435043335
647, -5.27686527671176, 4, 40.117805674206465, 317, 162096, 162096, 0.01092983316630125, 2.9615542888641357
648, -5.474880692847364, 4, 40.18634330667555, 317, 162413, 162413, 0.010479656979441643, 2.9593610763549805
649, -6.30845345929265, 4, 40.19081412488595, 317, 162730, 162730, 0.009854577481746674, 2.9638586044311523
650, -6.283001450239681, 4, 40.16048655984923, 317, 163047, 163047, 0.011188208125531673, 2.958571434020996
651, -6.103086993884062, 4, 40.44516721274704, 320, 163367, 163367, 0.009981589391827583, 2.960705280303955
652, -5.174286869354546, 4, 40.12526526907459, 317, 163684, 163684, 0.010435817763209343, 2.9605026245117188
653, -9.263829685747623, 2, 34.28653828660026, 270, 163954, 163954, 0.01023278571665287, 2.9614367485046387
654, -6.456418218353065, 2, 17.911286967806518, 139, 164093, 164093, 0.010239185765385628, 2.960848093032837
655, -6.082529002713272, 2, 15.286082806997001, 118, 164211, 164211, 0.010747523978352547, 2.9679622650146484
656, -6.424064147489844, 4, 40.199697422795, 315, 164526, 164526, 0.010159862227737904, 2.960456371307373
657, -6.047361900738906, 4, 40.1506080632098, 317, 164843, 164843, 0.009957133792340755, 2.9577951431274414
658, -5.388215368264355, 4, 40.11057824688032, 317, 165160, 165160, 0.009917323477566242, 2.9568350315093994
659, -5.445670087028702, 2, 5.172266528941691, 37, 165197, 165197, 0.011638724245131016, 2.958367347717285
660, -5.647414506180212, 4, 40.15422148723155, 317, 165514, 165514, 0.011685548350214958, 2.956712484359741
661, -5.491782725264784, 2, 10.76671811612323, 82, 165596, 165596, 0.01126160379499197, 2.957284688949585
662, -5.8319575546374836, 4, 40.10221889708191, 317, 165913, 165913, 0.012356475926935673, 2.9562437534332275
663, -5.3801710182087845, 4, 40.17834758665413, 316, 166229, 166229, 0.010865681804716587, 2.958928108215332
664, -6.505513309064554, 2, 20.636639343108982, 161, 166390, 166390, 0.010411763563752174, 2.9553720951080322
665, -5.257627065293491, 2, 8.423185201827437, 63, 166453, 166453, 0.010094600729644299, 2.948298454284668
666, -5.080369779618195, 4, 40.134253514930606, 317, 166770, 166770, 0.01118294708430767, 2.955169677734375
667, -5.320859911036678, 4, 40.35440146597102, 316, 167086, 167086, 0.010972732678055763, 2.958890199661255
668, -4.965103056281805, 4, 40.11904412508011, 317, 167403, 167403, 0.0113644078373909, 2.95302677154541
669, -5.044283073744737, 4, 40.18566638184711, 318, 167721, 167721, 0.01146680861711502, 2.951228141784668
670, -7.518395449762465, 2, 25.69547418318689, 200, 167921, 167921, 0.01343078725039959, 2.9474945068359375
671, -5.477587211498758, 2, 11.057742218952626, 82, 168003, 168003, 0.010953612625598907, 2.9488165378570557
672, -5.765230579170748, 4, 40.18959423713386, 317, 168320, 168320, 0.010919247753918171, 2.956451416015625
673, -5.70580190763576, 4, 40.141981691122055, 317, 168637, 168637, 0.011149119585752487, 2.9481990337371826
674, -4.967453404053231, 4, 40.38275382574648, 319, 168956, 168956, 0.011337263509631157, 2.9499192237854004
675, -5.871570762130432, 2, 11.956073129083961, 90, 169046, 169046, 0.010548732243478298, 2.9529309272766113
676, -5.749977192226652, 4, 40.07123326603323, 317, 169363, 169363, 0.010776123031973839, 2.942551851272583
677, -5.390690783890022, 4, 40.45661033131182, 318, 169681, 169681, 0.011256037279963493, 2.946233034133911
678, -5.8304150360345375, 4, 40.10368250776082, 315, 169996, 169996, 0.011703487485647202, 2.9431324005126953
679, -6.028901416371809, 4, 40.074026277754456, 317, 170313, 170313, 0.011370078660547733, 2.946988582611084
680, -5.376341501221759, 4, 40.19654240086675, 317, 170630, 170630, 0.011664900928735733, 2.9450676441192627
681, -7.783359483451932, 2, 28.303491138853133, 222, 170852, 170852, 0.011806593276560307, 2.9424381256103516
682, -6.322204042371595, 2, 16.69424770306796, 127, 170979, 170979, 0.010873525403439999, 2.9324827194213867
683, -6.030233873054385, 4, 40.161901416722685, 317, 171296, 171296, 0.01019367203116417, 2.9488816261291504
684, -5.162458636856172, 2, 4.588519463781267, 30, 171326, 171326, 0.009861002676188946, 2.9357151985168457
685, -5.70768821547972, 4, 40.125904775224626, 317, 171643, 171643, 0.010673985816538334, 2.938804864883423
686, -6.8783132173120975, 2, 17.741240861825645, 138, 171781, 171781, 0.01142348162829876, 2.9461793899536133
687, -6.014328619086882, 4, 40.15902758296579, 317, 172098, 172098, 0.010477668605744839, 2.9395322799682617
688, -5.807560070155887, 4, 40.07551804697141, 317, 172415, 172415, 0.011118602007627487, 2.9393913745880127
689, -8.466358670308182, 2, 33.120538535062224, 260, 172675, 172675, 0.009582305327057838, 2.9432873725891113
690, -5.884351792235975, 4, 40.102169546764344, 317, 172992, 172992, 0.011444938369095325, 2.9469709396362305
691, -5.987760021816939, 4, 40.08671790221706, 317, 173309, 173309, 0.010826676152646542, 2.941995143890381
692, -8.71193650958594, 2, 34.2921695089899, 270, 173579, 173579, 0.01092226430773735, 2.9471614360809326
693, -5.795932132285088, 4, 40.088293426670134, 315, 173894, 173894, 0.010562912560999393, 2.9469971656799316
694, -5.16824320750311, 4, 40.06738994503394, 316, 174210, 174210, 0.010696512646973133, 2.942786455154419
695, -4.98283429586445, 4, 40.19190929085016, 317, 174527, 174527, 0.010033044964075089, 2.9450225830078125
696, -5.669740441022441, 2, 7.918213299009949, 59, 174586, 174586, 0.010095312260091305, 2.9498565196990967
697, -5.399077195848804, 4, 40.11319472407922, 315, 174901, 174901, 0.011621772311627865, 2.9413933753967285
698, -5.645527543849312, 4, 40.09305947879329, 313, 175214, 175214, 0.010455659590661526, 2.9393510818481445
699, -5.60342138283886, 2, 7.164318457245827, 53, 175267, 175267, 0.010629956610500813, 2.9479119777679443
700, -6.783236829563975, 2, 23.27817845903337, 182, 175449, 175449, 0.010776417329907417, 2.9413840770721436
701, -5.41152709160815, 4, 40.106602204963565, 317, 175766, 175766, 0.010734491050243378, 2.9397244453430176
702, -6.1430367671418935, 4, 40.43764985818416, 319, 176085, 176085, 0.010971305891871452, 2.941171407699585
703, -4.887976051075384, 4, 40.15235986607149, 317, 176402, 176402, 0.010392244905233383, 2.9437975883483887
704, -8.619670085550752, 2, 35.94456138787791, 280, 176682, 176682, 0.011157826520502567, 2.9382760524749756
705, -5.343357379817462, 4, 40.13533181324601, 317, 176999, 176999, 0.009600315243005753, 2.933511972427368
706, -5.622913982573664, 4, 40.43028936581686, 317, 177316, 177316, 0.012025140225887299, 2.9336066246032715
707, -5.355456625577062, 4, 40.47185508813709, 315, 177631, 177631, 0.011024975217878819, 2.9363481998443604
708, -5.587463434123492, 4, 40.51359665393829, 317, 177948, 177948, 0.0110374316573143, 2.934070110321045
709, -6.034806630574167, 4, 40.12274094624445, 317, 178265, 178265, 0.010379651561379433, 2.9309816360473633
710, -5.981484955409542, 4, 40.17307102819905, 317, 178582, 178582, 0.01092336792498827, 2.935889720916748
711, -5.683143828297034, 4, 40.1693993951194, 317, 178899, 178899, 0.00970006175339222, 2.9329938888549805
712, -5.380375801410992, 4, 40.143694702070206, 315, 179214, 179214, 0.010842939838767052, 2.9347903728485107
713, -6.826079463004135, 2, 18.307562271133065, 141, 179355, 179355, 0.011852895841002464, 2.9263503551483154
714, -6.363132589060115, 2, 18.409447126090527, 142, 179497, 179497, 0.008355353958904743, 2.924280881881714
715, -5.678770245518535, 4, 40.076827857643366, 317, 179814, 179814, 0.010396789759397507, 2.9265902042388916
716, -5.799640672164969, 4, 40.1070541748777, 317, 180131, 180131, 0.009673960506916046, 2.934598922729492
717, -6.112634390941821, 2, 14.784473012201488, 114, 180245, 180245, 0.009566833265125751, 2.9317924976348877
718, -5.412140239262953, 2, 10.311211093328893, 78, 180323, 180323, 0.010443122126162052, 2.929373264312744
719, -8.38056632783264, 2, 35.439427931793034, 277, 180600, 180600, 0.01126965880393982, 2.9339544773101807
720, -5.749207696411759, 4, 40.18471828661859, 315, 180915, 180915, 0.01043685618788004, 2.9317386150360107
721, -6.244661612960044, 4, 40.11761980690062, 317, 181232, 181232, 0.010884422808885574, 2.924492120742798
722, -5.2654633284546435, 2, 7.178802825044841, 53, 181285, 181285, 0.009734591469168663, 2.910097599029541
723, -5.513172156490327, 4, 40.148951759561896, 317, 181602, 181602, 0.01143038272857666, 2.9309794902801514
724, -5.501910930266604, 4, 40.140769601333886, 314, 181916, 181916, 0.010401030071079731, 2.92844295501709
725, -5.873145007761195, 4, 40.32314221281558, 317, 182233, 182233, 0.010754624381661415, 2.925056219100952
726, -5.864564257017719, 4, 40.19758388819173, 317, 182550, 182550, 0.010349576361477375, 2.926429510116577
727, -7.1461780545068905, 4, 40.13455954100937, 317, 182867, 182867, 0.010828183963894844, 2.9252278804779053
728, -5.462913326337002, 4, 40.18074154481292, 317, 183184, 183184, 0.010695763863623142, 2.9195120334625244
729, -5.7674840875642985, 4, 40.112825982272625, 317, 183501, 183501, 0.010610722936689854, 2.9263267517089844
730, -6.2381689022586215, 2, 12.908545219805092, 99, 183600, 183600, 0.010069131851196289, 2.921550750732422
731, -6.047313526913058, 4, 40.097690677735955, 317, 183917, 183917, 0.010366378352046013, 2.9186105728149414
732, -5.623048669658601, 4, 40.17622663034126, 315, 184232, 184232, 0.011075234971940517, 2.917984962463379
733, -8.01004714598821, 2, 32.29928967030719, 253, 184485, 184485, 0.010295597836375237, 2.920898675918579
734, -5.734449953190051, 4, 40.14121376443654, 316, 184801, 184801, 0.010886913165450096, 2.9203665256500244
735, -5.838674622755207, 2, 12.015003333799541, 91, 184892, 184892, 0.009081465192139149, 2.923274517059326
736, -6.1466100830584764, 4, 40.14319935627282, 317, 185209, 185209, 0.011175734922289848, 2.9219119548797607
737, -5.230956104642246, 4, 40.161026041954756, 317, 185526, 185526, 0.010396859608590603, 2.9194345474243164
738, -6.493844796728808, 4, 40.149575733114034, 315, 185841, 185841, 0.010490884073078632, 2.9160802364349365
739, -6.093670261660009, 4, 40.177464053966105, 315, 186156, 186156, 0.010567774996161461, 2.9187865257263184
740, -7.342575691640377, 4, 40.13453461788595, 318, 186474, 186474, 0.010532648302614689, 2.9213171005249023
741, -6.641271937791316, 2, 19.039085091091692, 148, 186622, 186622, 0.01175409834831953, 2.9196035861968994
742, -6.60240707360208, 4, 40.07082871114835, 317, 186939, 186939, 0.0112689770758152, 2.9166629314422607
743, -6.777632319368422, 4, 40.08315268997103, 317, 187256, 187256, 0.01062320638448, 2.9211535453796387
744, -6.139293406740762, 4, 40.177174928132445, 317, 187573, 187573, 0.010550492443144321, 2.9160373210906982
745, -5.335217683110386, 4, 40.17362299980596, 317, 187890, 187890, 0.010325640439987183, 2.9219110012054443
746, -5.85891392341, 4, 40.12454308895394, 317, 188207, 188207, 0.010053410194814205, 2.924797534942627
747, -5.737830990809016, 4, 40.18964134110138, 317, 188524, 188524, 0.010343396104872227, 2.91949462890625
748, -5.620726058376022, 4, 40.39597492478788, 317, 188841, 188841, 0.010734805837273598, 2.915303945541382
749, -6.2477105762809515, 4, 40.17770505696535, 318, 189159, 189159, 0.01119161956012249, 2.924185037612915
750, -5.22880357503891, 4, 40.12159439222887, 317, 189476, 189476, 0.011111708357930183, 2.9177510738372803
751, -6.379024813650176, 2, 16.38376601226628, 127, 189603, 189603, 0.010749045759439468, 2.9196176528930664
752, -6.277057220228016, 4, 40.181204767897725, 317, 189920, 189920, 0.010437163524329662, 2.910216808319092
753, -6.341156505091931, 2, 14.29494994925335, 110, 190030, 190030, 0.011923898011446, 2.9117681980133057
754, -6.01123322280182, 4, 40.1411880091764, 317, 190347, 190347, 0.010575613938272, 2.914695978164673
755, -6.190872251347173, 4, 40.466254238039255, 320, 190667, 190667, 0.011305487714707851, 2.9143500328063965
756, -5.568139474780764, 4, 40.41081055626273, 319, 190986, 190986, 0.011802236549556255, 2.906914234161377
757, -7.060169322707225, 4, 40.14268618822098, 314, 191300, 191300, 0.011294202879071236, 2.911278486251831
758, -5.835781093686819, 4, 40.44875996699557, 317, 191617, 191617, 0.010225516743957996, 2.91477370262146
759, -5.618964398978278, 4, 40.1272651492618, 317, 191934, 191934, 0.010054786689579487, 2.9119322299957275
760, -6.042311681288993, 4, 40.110186039004475, 316, 192250, 192250, 0.010968118906021118, 2.908170223236084
761, -5.934961642546114, 2, 13.523234729189426, 104, 192354, 192354, 0.010637671686708927, 2.912611961364746
762, -5.865341424811049, 4, 40.42171936109662, 318, 192672, 192672, 0.011393863707780838, 2.910836935043335
763, -5.863646138619515, 4, 40.074884383007884, 316, 192988, 192988, 0.011350991204380989, 2.908301830291748
764, -7.329429086559685, 2, 25.263727106153965, 198, 193186, 193186, 0.011133805848658085, 2.912607431411743
765, -5.582049142205506, 4, 40.081114429980516, 315, 193501, 193501, 0.010720618069171906, 2.9129273891448975
766, -5.673954503836285, 2, 11.665634948760271, 89, 193590, 193590, 0.009350410662591457, 2.903914213180542
767, -6.177845849655569, 4, 40.135774889960885, 317, 193907, 193907, 0.011077268049120903, 2.906013011932373
768, -5.302172095376591, 4, 40.09371032891795, 314, 194221, 194221, 0.010569882579147816, 2.9058806896209717
769, -5.562247094261693, 4, 40.19899843679741, 317, 194538, 194538, 0.010914686135947704, 2.9092001914978027
770, -5.2436047598021105, 4, 40.05431207595393, 316, 194854, 194854, 0.010521415621042252, 2.9134533405303955
771, -5.372576148598455, 4, 40.472925945650786, 318, 195172, 195172, 0.010620546527206898, 2.91087007522583
772, -5.776465629640825, 4, 40.50043661892414, 317, 195489, 195489, 0.01043849065899849, 2.9155666828155518
773, -5.952132395002991, 4, 40.337819387204945, 316, 195805, 195805, 0.011536328122019768, 2.91294264793396
774, -6.317449438225594, 4, 40.08181847399101, 316, 196121, 196121, 0.010103782638907433, 2.907872438430786
775, -5.062815337034408, 4, 40.13594228308648, 317, 196438, 196438, 0.011343268677592278, 2.914031505584717
776, -5.790068626913126, 4, 40.200303140096366, 317, 196755, 196755, 0.010334123857319355, 2.9083445072174072
777, -6.848971423198236, 4, 40.13105002511293, 317, 197072, 197072, 0.01061287708580494, 2.905028820037842
778, -6.62016885553021, 4, 40.090161993168294, 314, 197386, 197386, 0.010523656383156776, 2.907047748565674
779, -5.567398406332359, 4, 40.138382375240326, 317, 197703, 197703, 0.010358194820582867, 2.906277656555176
780, -5.3802507365180645, 4, 40.429190170019865, 319, 198022, 198022, 0.011387028731405735, 2.9118869304656982
781, -5.191401970107108, 4, 40.09246172988787, 315, 198337, 198337, 0.010243629105389118, 2.908639430999756
782, -5.738791599054821, 4, 40.30533926701173, 315, 198652, 198652, 0.01179566327482462, 2.908376455307007
783, -6.3935352944536135, 4, 40.33044275082648, 317, 198969, 198969, 0.010272779501974583, 2.908106803894043
784, -7.457254261244088, 2, 24.772013772744685, 194, 199163, 199163, 0.009909896180033684, 2.9134769439697266
785, -5.056009300344158, 4, 40.16516825230792, 317, 199480, 199480, 0.010750429704785347, 2.9069228172302246
786, -6.1163999552081805, 4, 40.13559576077387, 317, 199797, 199797, 0.011212310753762722, 2.9088823795318604
787, -5.5333945653401315, 4, 40.157113974913955, 317, 200114, 200114, 0.01116267777979374, 2.9080705642700195
788, -6.593258806758968, 4, 40.381455556023866, 319, 200433, 200433, 0.01042504794895649, 2.9048469066619873
789, -6.159197599576146, 4, 40.095175231806934, 316, 200749, 200749, 0.010585489682853222, 2.9116547107696533
790, -5.839127594255842, 4, 40.30398868396878, 316, 201065, 201065, 0.01070277951657772, 2.90828275680542
791, -6.391325897719071, 4, 40.0506427846849, 316, 201381, 201381, 0.010141526348888874, 2.9076569080352783
792, -5.85752918291837, 2, 11.01336037972942, 84, 201465, 201465, 0.01059285830706358, 2.9012203216552734
793, -8.482400232380314, 2, 34.80280865682289, 274, 201739, 201739, 0.011155550368130207, 2.9063637256622314
794, -5.695396120392847, 4, 40.180357520934194, 317, 202056, 202056, 0.010997584089636803, 2.9043750762939453
795, -5.960043757469975, 4, 40.07267312007025, 315, 202371, 202371, 0.01075724046677351, 2.9058549404144287
796, -5.667989192006644, 2, 7.547178836073726, 56, 202427, 202427, 0.009969862177968025, 2.9076764583587646
797, -5.580131355090998, 4, 40.16073847608641, 313, 202740, 202740, 0.010450034402310848, 2.903529167175293
798, -5.3211203442988335, 4, 40.343511139974, 315, 203055, 203055, 0.010985285975039005, 2.906578540802002
799, -6.988968437381118, 2, 21.048090591095388, 164, 203219, 203219, 0.011383803561329842, 2.9017539024353027
800, -5.4439519608567934, 4, 40.13626597961411, 317, 203536, 203536, 0.01001401711255312, 2.901001453399658
801, -5.165110665606335, 4, 40.13218680117279, 317, 203853, 203853, 0.01073670294135809, 2.903438091278076
802, -5.773299268155824, 4, 40.41711481800303, 319, 204172, 204172, 0.01089718658477068, 2.9025490283966064
803, -4.904733894043602, 4, 40.082028560806066, 316, 204488, 204488, 0.009865832515060902, 2.899686813354492
804, -5.633208866696805, 4, 40.11671497114003, 317, 204805, 204805, 0.010956883430480957, 2.898752212524414
805, -5.469802870269632, 4, 40.1556792370975, 316, 205121, 205121, 0.010182831436395645, 2.9061105251312256
806, -7.017717087990604, 2, 22.055033172946423, 172, 205293, 205293, 0.010785659775137901, 2.9031569957733154
807, -5.922601270094674, 4, 40.17035484407097, 317, 205610, 205610, 0.010527808219194412, 2.901643991470337
808, -4.881138621349237, 4, 40.137613529805094, 317, 205927, 205927, 0.011220261454582214, 2.891153335571289
809, -6.269101040641544, 4, 40.08311984781176, 316, 206243, 206243, 0.010616691783070564, 2.899556875228882
810, -5.400686075823614, 4, 40.515951099805534, 320, 206563, 206563, 0.010837765410542488, 2.905252456665039
811, -6.024123185779899, 2, 15.160834417212754, 117, 206680, 206680, 0.011353326961398125, 2.895991086959839
812, -5.788623632630333, 4, 40.15717678843066, 317, 206997, 206997, 0.011085126549005508, 2.8947808742523193
813, -5.549521456936077, 4, 40.08561615506187, 316, 207313, 207313, 0.010443809442222118, 2.893324136734009
814, -6.478507099207491, 4, 40.11784233292565, 317, 207630, 207630, 0.011320080608129501, 2.8968687057495117
815, -5.445331622147933, 4, 40.128124774899334, 317, 207947, 207947, 0.010769414715468884, 2.8938212394714355
816, -6.798526712693274, 4, 40.131427029147744, 315, 208262, 208262, 0.011603150516748428, 2.9007818698883057
817, -6.268641433678567, 4, 40.15941313561052, 317, 208579, 208579, 0.010191420093178749, 2.8908145427703857
818, -6.441447742516175, 2, 17.45123980473727, 135, 208714, 208714, 0.01100648008286953, 2.891749143600464
819, -7.700920412150481, 2, 25.109950866084546, 197, 208911, 208911, 0.01093054935336113, 2.8926823139190674
820, -5.176740333845373, 4, 40.11790979793295, 314, 209225, 209225, 0.010208423249423504, 2.8929593563079834
821, -7.145135917555308, 2, 22.912930252030492, 179, 209404, 209404, 0.01092096883803606, 2.8902580738067627
822, -6.375333858188242, 4, 40.167975473217666, 317, 209721, 209721, 0.011260582134127617, 2.890228033065796
823, -5.577344609540887, 4, 40.137053140904754, 317, 210038, 210038, 0.011381812393665314, 2.895763635635376
824, -5.563422047300264, 4, 40.16976247681305, 317, 210355, 210355, 0.010170361027121544, 2.8986196517944336
825, -5.602956633782014, 4, 40.39734168769792, 317, 210672, 210672, 0.011259742081165314, 2.897700548171997
826, -5.369992663152516, 4, 40.11654836917296, 317, 210989, 210989, 0.011515924707055092, 2.8868465423583984
827, -6.144209840451367, 4, 40.094026539009064, 316, 211305, 211305, 0.010347218252718449, 2.887922525405884
828, -5.7271817553191795, 4, 40.093751195818186, 316, 211621, 211621, 0.010738929733633995, 2.897075653076172
829, -5.24736669761478, 2, 6.344837159849703, 45, 211666, 211666, 0.013331826776266098, 2.8996100425720215
830, -5.321340276510455, 2, 6.377392351161689, 47, 211713, 211713, 0.012454679235816002, 2.9035680294036865
831, -5.5370026709279045, 2, 11.664448468014598, 87, 211800, 211800, 0.012135950848460197, 2.876549482345581
832, -5.207004845375195, 4, 40.1292537311092, 317, 212117, 212117, 0.01081114448606968, 2.894545793533325
833, -5.645635765366023, 4, 40.18799968622625, 317, 212434, 212434, 0.011292528361082077, 2.892728328704834
834, -5.325594259393256, 4, 40.081614619120955, 316, 212750, 212750, 0.010388809256255627, 2.896393299102783
835, -5.273500630617491, 4, 40.35205884790048, 316, 213066, 213066, 0.011204415932297707, 2.889237880706787
836, -5.188661278414656, 4, 40.12328994181007, 315, 213381, 213381, 0.010434617288410664, 2.8899292945861816
837, -4.9966570640171994, 4, 40.1933001531288, 317, 213698, 213698, 0.01154891587793827, 2.8858139514923096
838, -5.599694146460479, 2, 12.424145940225571, 95, 213793, 213793, 0.00971687026321888, 2.875913619995117
839, -5.364298229105771, 4, 40.16504889400676, 317, 214110, 214110, 0.010907539166510105, 2.8943963050842285
840, -5.399889522232115, 4, 40.16684903483838, 315, 214425, 214425, 0.01099320501089096, 2.8913047313690186
841, -6.10258806658203, 4, 40.06942073488608, 314, 214739, 214739, 0.010222634300589561, 2.8937172889709473
842, -5.669928619696293, 4, 40.47636413294822, 317, 215056, 215056, 0.010849080979824066, 2.8875226974487305
843, -6.787278805160895, 2, 25.257116260007024, 198, 215254, 215254, 0.01096328441053629, 2.883815288543701
844, -5.429670758094289, 4, 40.06466029211879, 316, 215570, 215570, 0.011557589285075665, 2.8906748294830322
845, -5.5365017316289595, 4, 40.43423502007499, 319, 215889, 215889, 0.010743320919573307, 2.8946361541748047
846, -6.080908319156151, 4, 40.193636778742075, 315, 216204, 216204, 0.00995977595448494, 2.8939156532287598
847, -5.537493317911867, 4, 40.13750080578029, 317, 216521, 216521, 0.009431183338165283, 2.887816905975342
848, -6.111302564622747, 4, 40.19717667903751, 317, 216838, 216838, 0.010845656506717205, 2.8842175006866455
849, -5.581102126532642, 4, 40.17451494606212, 317, 217155, 217155, 0.010238444432616234, 2.892732620239258
850, -6.272848831489682, 4, 40.203581099864095, 317, 217472, 217472, 0.010991230607032776, 2.890042781829834
851, -6.454995296397101, 4, 40.149241926148534, 317, 217789, 217789, 0.011050601489841938, 2.890272855758667
852, -5.393731206539087, 4, 40.12093798723072, 316, 218105, 218105, 0.01057460531592369, 2.8853683471679688
853, -6.414701312984107, 4, 40.20755743002519, 317, 218422, 218422, 0.01214247103780508, 2.884409189224243
854, -5.486137147876434, 4, 40.13389746006578, 316, 218738, 218738, 0.01100678276270628, 2.887019634246826
855, -5.654326229821891, 4, 40.44235906098038, 317, 219055, 219055, 0.010545731522142887, 2.882014036178589
856, -5.695558097577305, 4, 40.100981576833874, 316, 219371, 219371, 0.011222111992537975, 2.8840293884277344
857, -5.818140204937663, 4, 40.201970065012574, 315, 219686, 219686, 0.01027541235089302, 2.880635976791382
858, -5.211504844337469, 4, 40.19306431291625, 317, 220003, 220003, 0.011185591109097004, 2.8821308612823486
859, -5.647222952095035, 4, 40.444702505134046, 319, 220322, 220322, 0.011231287382543087, 2.8847806453704834
860, -6.178765462304, 2, 13.562515249010175, 104, 220426, 220426, 0.009886009618639946, 2.8686680793762207
861, -5.721931597057846, 4, 40.177295153960586, 317, 220743, 220743, 0.010476487688720226, 2.881089210510254
862, -5.961159730533836, 4, 40.12912604492158, 317, 221060, 221060, 0.010716336779296398, 2.883615732192993
863, -7.32548687706003, 2, 24.114821791183203, 188, 221248, 221248, 0.01066910196095705, 2.880216598510742
864, -8.868855278240517, 2, 31.91949033178389, 251, 221499, 221499, 0.009549051523208618, 2.8753297328948975
865, -5.466339821345173, 4, 40.4561565220356, 319, 221818, 221818, 0.010462353937327862, 2.8819375038146973
866, -5.896316746599041, 2, 13.933799519203603, 107, 221925, 221925, 0.011930418200790882, 2.890275001525879
867, -5.170924425125122, 4, 40.12491075694561, 317, 222242, 222242, 0.010237136855721474, 2.877202033996582
868, -5.449353564996272, 4, 40.192921604029834, 317, 222559, 222559, 0.010135659947991371, 2.8843700885772705
869, -5.188594681589166, 4, 40.429191764909774, 317, 222876, 222876, 0.0106293223798275, 2.8848021030426025
870, -5.521799657068641, 4, 40.11793379671872, 316, 223192, 223192, 0.011023175902664661, 2.8742358684539795
871, -4.95911782438634, 4, 40.083233025856316, 316, 223508, 223508, 0.011234743520617485, 2.8761672973632812
872, -5.951493492349982, 4, 40.144841426983476, 317, 223825, 223825, 0.010289971716701984, 2.8784594535827637
873, -5.333397707494441, 2, 7.761005840264261, 53, 223878, 223878, 0.01002583559602499, 2.875253915786743
874, -5.940237071821684, 4, 40.19397640088573, 315, 224193, 224193, 0.009511612355709076, 2.8827531337738037
875, -5.55551365762949, 2, 6.080455305054784, 43, 224236, 224236, 0.009726095013320446, 2.881565570831299
876, -6.253593176916183, 4, 40.07199309999123, 316, 224552, 224552, 0.010700036771595478, 2.8815181255340576
877, -7.413034175668145, 2, 29.024194424040616, 225, 224777, 224777, 0.0104353167116642, 2.8815460205078125
878, -5.995919302331458, 4, 40.110743368044496, 316, 225093, 225093, 0.01002725400030613, 2.8793907165527344
879, -5.203608610521769, 4, 40.12513997964561, 316, 225409, 225409, 0.009425005875527859, 2.874911069869995
880, -6.284081300967955, 2, 17.447544426191598, 135, 225544, 225544, 0.01086617074906826, 2.8717145919799805
881, -5.8538365388521925, 2, 13.80581971583888, 106, 225650, 225650, 0.010615501552820206, 2.8675026893615723
882, -5.772045994177461, 2, 12.452450974844396, 93, 225743, 225743, 0.010932489298284054, 2.877331495285034
883, -6.0730007875245064, 4, 40.08031402621418, 316, 226059, 226059, 0.010252803564071655, 2.871462106704712
884, -5.730068644275889, 4, 40.09940282907337, 315, 226374, 226374, 0.011115037836134434, 2.8751778602600098
885, -5.644840828135784, 4, 40.100626164115965, 314, 226688, 226688, 0.01037923339754343, 2.8732171058654785
886, -5.393888112535933, 4, 40.10394926415756, 316, 227004, 227004, 0.01171727292239666, 2.8769454956054688
887, -10.03368958691135, 2, 35.180586614180356, 277, 227281, 227281, 0.01123932097107172, 2.874217987060547
888, -5.913046253997891, 4, 40.09738048585132, 316, 227597, 227597, 0.010392311960458755, 2.87310791015625
889, -5.599234530352987, 4, 40.10675574513152, 316, 227913, 227913, 0.009884471073746681, 2.8758819103240967
890, -5.330163319129497, 4, 40.50103543698788, 319, 228232, 228232, 0.010911836288869381, 2.871398448944092
891, -6.103305652097333, 4, 40.14365963404998, 317, 228549, 228549, 0.010545173659920692, 2.878342866897583
892, -5.44663204032986, 4, 40.08233316708356, 316, 228865, 228865, 0.010862406343221664, 2.8732264041900635
893, -6.384402710158611, 4, 40.15629719290882, 316, 229181, 229181, 0.010203054174780846, 2.867102861404419
894, -5.6831637969153235, 4, 40.11579321185127, 316, 229497, 229497, 0.010450770147144794, 2.8768041133880615
895, -7.655285782297142, 2, 24.06294127833098, 188, 229685, 229685, 0.011938991956412792, 2.8690309524536133
896, -5.505361079791328, 4, 40.112100773025304, 314, 229999, 229999, 0.00993428099900484, 2.875609874725342
897, -7.202509380411357, 2, 25.083356718998402, 196, 230195, 230195, 0.011476268991827965, 2.8751220703125
898, -8.603318458255671, 2, 22.073152133263648, 172, 230367, 230367, 0.010201435536146164, 2.8683981895446777
899, -5.544581523336092, 4, 40.11911772983149, 316, 230683, 230683, 0.010764704085886478, 2.87768816947937
900, -6.0317044872790575, 4, 40.09155001398176, 314, 230997, 230997, 0.010923421010375023, 2.8732874393463135
901, -5.507509619892517, 2, 8.407644550781697, 63, 231060, 231060, 0.011456968262791634, 2.877713918685913
902, -6.152944008586928, 4, 40.169946488924325, 316, 231376, 231376, 0.011285962536931038, 2.867511510848999
903, -6.15089405933395, 4, 40.12445112783462, 314, 231690, 231690, 0.010787634178996086, 2.874803304672241
904, -4.669034677091986, 4, 40.145513168070465, 316, 232006, 232006, 0.01102615799754858, 2.8685314655303955
905, -5.8316489909775555, 4, 40.09935094509274, 316, 232322, 232322, 0.010722384788095951, 2.8738131523132324
906, -5.808714627113659, 4, 40.504885490983725, 319, 232641, 232641, 0.010235266759991646, 2.8676767349243164
907, -5.810849563112242, 4, 40.159774295054376, 317, 232958, 232958, 0.010728777386248112, 2.8729124069213867
908, -5.638580341532361, 4, 40.169346743263304, 317, 233275, 233275, 0.010664754547178745, 2.8676562309265137
909, -5.930950655834749, 4, 40.43724806094542, 319, 233594, 233594, 0.010878500528633595, 2.8656699657440186
910, -5.577541569396033, 4, 40.40229391399771, 319, 233913, 233913, 0.010395576246082783, 2.865367889404297
911, -6.357733181182994, 4, 40.409249724820256, 319, 234232, 234232, 0.010336794890463352, 2.8627846240997314
912, -5.679746769135818, 4, 40.122433110140264, 316, 234548, 234548, 0.010694008320569992, 2.868852138519287
913, -5.769005795707926, 4, 40.15946836071089, 317, 234865, 234865, 0.011081302538514137, 2.8726892471313477
914, -5.156377934501506, 4, 40.17488571908325, 316, 235181, 235181, 0.011521578766405582, 2.86962628364563
915, -9.288298686034977, 2, 37.97832014830783, 299, 235480, 235480, 0.011275455355644226, 2.866481065750122
916, -5.382427005271893, 4, 40.08968365704641, 316, 235796, 235796, 0.01064879260957241, 2.8642024993896484
917, -5.45536977739539, 4, 40.07772961817682, 316, 236112, 236112, 0.0105481818318367, 2.8667988777160645
918, -5.451898133003851, 4, 40.11646812641993, 316, 236428, 236428, 0.01077917218208313, 2.864619493484497
919, -6.5896332878182875, 4, 40.09145293291658, 316, 236744, 236744, 0.010791342705488205, 2.8661181926727295
920, -6.2898454189016775, 4, 40.42645043134689, 317, 237061, 237061, 0.011108171194791794, 2.8677823543548584
921, -5.581279049118166, 4, 40.490710547659546, 319, 237380, 237380, 0.01112635713070631, 2.8671152591705322
922, -5.527906643139431, 4, 40.51897400710732, 319, 237699, 237699, 0.011147581972181797, 2.8635568618774414
923, -6.012237244678545, 4, 40.16834985231981, 314, 238013, 238013, 0.01035312470048666, 2.869924545288086
924, -6.418120599410031, 4, 40.37026097625494, 316, 238329, 238329, 0.010784793645143509, 2.8660380840301514
925, -5.452955206324987, 4, 40.30915520898998, 317, 238646, 238646, 0.01136202272027731, 2.8591222763061523
926, -6.084031627862714, 4, 40.09013802418485, 316, 238962, 238962, 0.01101919449865818, 2.8614814281463623
927, -5.35105392850528, 4, 40.1485779103823, 316, 239278, 239278, 0.010899645276367664, 2.8670294284820557
928, -5.185650117171463, 4, 40.17508091684431, 316, 239594, 239594, 0.010517539456486702, 2.869370460510254
929, -6.2267351157497615, 4, 40.44460547110066, 319, 239913, 239913, 0.009922399185597897, 2.8642685413360596
930, -5.734874931418744, 2, 9.337080743163824, 70, 239983, 239983, 0.0098651684820652, 2.8605620861053467
931, -8.759851707727648, 2, 37.756685932166874, 297, 240280, 240280, 0.010607480071485043, 2.8572468757629395
932, -5.197066906199325, 4, 40.51782634295523, 317, 240597, 240597, 0.011130139231681824, 2.860905647277832
933, -5.861464702757075, 4, 40.43761434778571, 316, 240913, 240913, 0.0093838544562459, 2.8640995025634766
934, -5.6157098358962685, 4, 40.13915527891368, 316, 241229, 241229, 0.01007875893265009, 2.861929178237915
935, -6.029715451244556, 4, 40.1620500520803, 316, 241545, 241545, 0.010716813616454601, 2.864720582962036
936, -6.215188302448951, 4, 40.13809813000262, 316, 241861, 241861, 0.010009859688580036, 2.866637706756592
937, -5.286180450497341, 2, 8.219212592113763, 61, 241922, 241922, 0.011244390159845352, 2.861083984375
938, -5.5074058901227545, 2, 9.659802727866918, 73, 241995, 241995, 0.013372821733355522, 2.869654417037964
939, -5.575021936325356, 4, 40.107048166915774, 316, 242311, 242311, 0.009929236024618149, 2.8597774505615234
940, -6.220066113135545, 4, 40.09249909501523, 316, 242627, 242627, 0.010463937185704708, 2.858049154281616
941, -5.588844456797233, 2, 8.69095134921372, 65, 242692, 242692, 0.011559794656932354, 2.858264446258545
942, -5.758170540910214, 2, 11.94767654594034, 91, 242783, 242783, 0.01048049796372652, 2.858637809753418
943, -5.806722863126197, 4, 40.13893295638263, 316, 243099, 243099, 0.009650163352489471, 2.8638265132904053
944, -7.664546073065139, 2, 30.382599040400237, 238, 243337, 243337, 0.011491264216601849, 2.8602654933929443
945, -5.544172408990562, 4, 40.11733952211216, 316, 243653, 243653, 0.011185462586581707, 2.8647778034210205
946, -6.100854836637154, 4, 40.166889179032296, 316, 243969, 243969, 0.010344479233026505, 2.8565120697021484
947, -5.6287898198352195, 4, 40.11202448094264, 316, 244285, 244285, 0.010131534188985825, 2.8618905544281006
948, -5.996021521888906, 4, 40.12682579783723, 316, 244601, 244601, 0.012026558630168438, 2.855992555618286
949, -5.413875767029822, 2, 4.306459275074303, 30, 244631, 244631, 0.009781168773770332, 2.8559556007385254
950, -5.394458231283352, 4, 40.118429203052074, 316, 244947, 244947, 0.011184792965650558, 2.8593924045562744
951, -5.511721449205652, 4, 40.09323966037482, 316, 245263, 245263, 0.011364073492586613, 2.8555500507354736
952, -5.637107037934754, 4, 40.139476171694696, 316, 245579, 245579, 0.011337297037243843, 2.855664014816284
953, -5.715867833896482, 4, 40.21314143203199, 317, 245896, 245896, 0.010459843091666698, 2.8612542152404785
954, -5.780645888582512, 4, 40.13555467594415, 316, 246212, 246212, 0.011105981655418873, 2.856807231903076
955, -5.365117667883169, 2, 9.700387615710497, 73, 246285, 246285, 0.0097102802246809, 2.8646273612976074
956, -5.123766488046385, 2, 6.447507295291871, 47, 246332, 246332, 0.010331367142498493, 2.863074779510498
957, -7.7046380352112465, 2, 25.96113120112568, 203, 246535, 246535, 0.012071344070136547, 2.8598217964172363
958, -5.473576944437809, 4, 40.106205564923584, 316, 246851, 246851, 0.010953941382467747, 2.8581223487854004
959, -5.724206207349198, 4, 40.09848585398868, 315, 247166, 247166, 0.010173957794904709, 2.861121654510498
960, -5.372832035610713, 4, 40.106170943938196, 316, 247482, 247482, 0.011023475788533688, 2.8627419471740723
961, -5.991293875791598, 4, 40.19515947299078, 317, 247799, 247799, 0.01057371310889721, 2.863780975341797
962, -6.293575724761467, 2, 15.860613942611963, 121, 247920, 247920, 0.012193533591926098, 2.8688364028930664
963, -5.463322018098552, 4, 40.18752410681918, 316, 248236, 248236, 0.010689746588468552, 2.858038902282715
964, -6.538560559878533, 2, 18.45776470610872, 141, 248377, 248377, 0.011234447360038757, 2.8601016998291016
965, -5.664861814351752, 4, 40.09525900101289, 316, 248693, 248693, 0.01050477847456932, 2.8645575046539307
966, -6.146063181709906, 4, 40.10874190926552, 316, 249009, 249009, 0.010930587537586689, 2.860644578933716
967, -5.48899023301783, 2, 9.684484602883458, 73, 249082, 249082, 0.01219004113227129, 2.862417459487915
968, -5.068766227690503, 2, 5.1764508271589875, 37, 249119, 249119, 0.010559084825217724, 2.853102922439575
969, -5.4996985726829735, 4, 40.08755656192079, 316, 249435, 249435, 0.011160935275256634, 2.859969139099121
970, -6.1114240946335485, 4, 40.15479789907113, 317, 249752, 249752, 0.010131455957889557, 2.864096164703369
971, -5.457714704331011, 4, 40.42989535490051, 316, 250068, 250068, 0.011233393102884293, 2.867032289505005
972, -5.352948315208778, 4, 40.174330241046846, 317, 250385, 250385, 0.01091266330331564, 2.8610055446624756
973, -6.5759289803681895, 4, 40.20656923716888, 317, 250702, 250702, 0.01098236907273531, 2.8627665042877197
974, -5.081974839908071, 4, 40.1150817098096, 316, 251018, 251018, 0.01057399157434702, 2.8646185398101807
975, -6.154203203506768, 4, 40.436633822042495, 319, 251337, 251337, 0.01102493703365326, 2.857015371322632
976, -5.465638833120465, 4, 40.141548873856664, 316, 251653, 251653, 0.010012655518949032, 2.8641648292541504
977, -5.88382141116017, 4, 40.12690529413521, 316, 251969, 251969, 0.01092220377177, 2.8637444972991943
978, -5.081779584288597, 2, 4.327277842909098, 30, 251999, 251999, 0.010011091828346252, 2.880781650543213
979, -6.682498989554915, 2, 19.34299675980583, 150, 252149, 252149, 0.011317748576402664, 2.866349935531616
980, -5.14078793535009, 4, 40.447115790098906, 318, 252467, 252467, 0.011493542231619358, 2.8597896099090576
981, -6.447672629263252, 4, 40.07502786628902, 316, 252783, 252783, 0.010984333232045174, 2.859468936920166
982, -7.505109629812068, 2, 27.377709548920393, 214, 252997, 252997, 0.010548369027674198, 2.861755132675171
983, -7.917598417960107, 2, 32.49815308768302, 255, 253252, 253252, 0.01114897895604372, 2.8644700050354004
984, -6.362249828292988, 4, 40.51403904007748, 319, 253571, 253571, 0.011432102881371975, 2.85587215423584
985, -5.759460592205869, 4, 40.083229061216116, 316, 253887, 253887, 0.011633996851742268, 2.860783100128174
986, -6.106005524634384, 4, 40.126574468333274, 313, 254200, 254200, 0.011769485659897327, 2.862198829650879
987, -5.918770481366664, 2, 13.0292997402139, 100, 254300, 254300, 0.010997687466442585, 2.85866641998291
988, -6.175339991459623, 4, 40.48188315704465, 316, 254616, 254616, 0.010636897757649422, 2.8517868518829346
989, -6.0106557726394385, 2, 12.54207876091823, 93, 254709, 254709, 0.010210719890892506, 2.849788188934326
990, -5.472510160412639, 4, 40.41717169107869, 314, 255023, 255023, 0.012067949399352074, 2.8624162673950195
991, -5.118639921456634, 4, 40.10134307714179, 316, 255339, 255339, 0.011110212653875351, 2.858841896057129
992, -6.0723410999635234, 4, 40.16764062969014, 316, 255655, 255655, 0.011479517444968224, 2.856092691421509
993, -7.505103843883262, 2, 26.88650818169117, 210, 255865, 255865, 0.010721365921199322, 2.860506296157837
994, -4.9453611290082335, 4, 40.117465822957456, 316, 256181, 256181, 0.011806301772594452, 2.8604817390441895
995, -6.3948417464707745, 4, 40.205439399927855, 317, 256498, 256498, 0.010665848851203918, 2.852586507797241
996, -5.4005457035164, 4, 40.063384206965566, 315, 256813, 256813, 0.010523725301027298, 2.8561930656433105
997, -5.733560607623076, 4, 40.083422095980495, 316, 257129, 257129, 0.01159368921071291, 2.8626327514648438
998, -7.495158368605189, 2, 26.971530605107546, 208, 257337, 257337, 0.011004536412656307, 2.8632850646972656
999, -6.0934391717019025, 4, 40.168659549206495, 315, 257652, 257652, 0.011016798205673695, 2.861865282058716
1000, -5.971208665985614, 4, 40.31011945521459, 316, 257968, 257968, 0.010164781473577023, 2.860593795776367
1001, -5.30737533820502, 4, 40.096460558939725, 316, 258284, 258284, 0.010492834262549877, 2.8586199283599854
1002, -5.846357618593174, 4, 40.17757504200563, 317, 258601, 258601, 0.010870562866330147, 2.8598127365112305
1003, -5.720849894913044, 4, 40.124603159725666, 316, 258917, 258917, 0.010218190960586071, 2.8605241775512695
1004, -6.640476695261896, 4, 40.20866034599021, 317, 259234, 259234, 0.011508411727845669, 2.8571603298187256
1005, -5.730330728212721, 4, 40.16052314732224, 316, 259550, 259550, 0.011027459055185318, 2.856299877166748
1006, -4.987570409255568, 4, 40.15571044385433, 316, 259866, 259866, 0.010550816543400288, 2.856309652328491
1007, -5.445233479491435, 4, 40.136751138139516, 315, 260181, 260181, 0.010445081628859043, 2.8563196659088135
1008, -6.042118298821151, 4, 40.16156734293327, 316, 260497, 260497, 0.01063591055572033, 2.8631515502929688
1009, -6.994271008996293, 4, 40.111922981683165, 316, 260813, 260813, 0.01085182186216116, 2.859038829803467
1010, -8.357551113964291, 2, 33.99251954490319, 267, 261080, 261080, 0.011133314110338688, 2.8567569255828857
1011, -6.1749743654509075, 4, 40.37963310396299, 318, 261398, 261398, 0.01016285177320242, 2.8572275638580322
1012, -5.577522007981315, 4, 40.42522204713896, 318, 261716, 261716, 0.010267657227814198, 2.850914239883423
1013, -5.534457122441381, 4, 40.32742850435898, 316, 262032, 262032, 0.010223436169326305, 2.853675127029419
1014, -5.6815364268259145, 4, 40.45782908704132, 319, 262351, 262351, 0.01092339213937521, 2.8623077869415283
1015, -5.54985781526193, 4, 40.14153186697513, 316, 262667, 262667, 0.01047490444034338, 2.8562028408050537
1016, -5.434554589679465, 4, 40.65771693130955, 319, 262986, 262986, 0.010920477099716663, 2.8533473014831543
1017, -5.842469323113619, 4, 40.15511754108593, 315, 263301, 263301, 0.010404217056930065, 2.857736825942993
1018, -5.988566350511974, 4, 40.334905583411455, 317, 263618, 263618, 0.010912400670349598, 2.857239246368408
1019, -5.487588463613065, 4, 40.15444250963628, 316, 263934, 263934, 0.010763149708509445, 2.857722759246826
1020, -5.233955039671855, 4, 40.126583026722074, 316, 264250, 264250, 0.011810638941824436, 2.8570990562438965
1021, -5.84824351593852, 4, 40.42008656868711, 316, 264566, 264566, 0.011497543193399906, 2.849407434463501
1022, -6.421055049984716, 4, 40.44579739496112, 316, 264882, 264882, 0.011502481997013092, 2.858550548553467
1023, -5.834007853030926, 4, 40.44266110705212, 318, 265200, 265200, 0.011736918240785599, 2.853569984436035
1024, -5.088563634431921, 4, 40.12791704013944, 316, 265516, 265516, 0.010868766345083714, 2.8615427017211914
1025, -8.137768632972438, 2, 32.364441346842796, 253, 265769, 265769, 0.010768460109829903, 2.8613219261169434
1026, -6.4709931024117395, 4, 40.14808263629675, 316, 266085, 266085, 0.01166145596653223, 2.8529138565063477
1027, -5.593432021938497, 4, 40.16814912389964, 316, 266401, 266401, 0.012073575519025326, 2.853806734085083
1028, -6.5067780832469, 4, 40.49756816402078, 316, 266717, 266717, 0.010519630275666714, 2.85274600982666
1029, -6.740654944936978, 4, 40.1211298299022, 315, 267032, 267032, 0.01044012326747179, 2.8576581478118896
1030, -5.774686565026059, 4, 40.07909789402038, 315, 267347, 267347, 0.01146488543599844, 2.8524858951568604
1031, -7.883985160064185, 2, 30.33988441899419, 235, 267582, 267582, 0.010586514137685299, 2.855574369430542
1032, -5.869487305579241, 4, 40.09999631298706, 316, 267898, 267898, 0.010868951678276062, 2.8542652130126953
1033, -6.172853767784545, 4, 40.33111463719979, 315, 268213, 268213, 0.011601955629885197, 2.854078531265259
1034, -5.130023445002735, 2, 4.666914142668247, 33, 268246, 268246, 0.011259609833359718, 2.891773223876953
1035, -5.60857294620655, 2, 10.395273707807064, 78, 268324, 268324, 0.011313138529658318, 2.8645284175872803
1036, -5.556000958196819, 4, 40.12509183213115, 316, 268640, 268640, 0.011056715622544289, 2.851149082183838
1037, -5.486321319593117, 4, 40.18676347006112, 314, 268954, 268954, 0.010878661647439003, 2.8535473346710205
1038, -6.437277434626594, 4, 40.437012480106205, 318, 269272, 269272, 0.011424069292843342, 2.855074167251587
1039, -7.107303720898926, 2, 23.557877355255187, 183, 269455, 269455, 0.01129982527345419, 2.8512825965881348
1040, -6.335145007295068, 4, 40.15103122219443, 316, 269771, 269771, 0.010250074788928032, 2.8557240962982178
1041, -5.8213966686817, 4, 40.4613446239382, 316, 270087, 270087, 0.010617655701935291, 2.8542699813842773
1042, -5.71192951919511, 4, 40.159083344973624, 315, 270402, 270402, 0.01117070484906435, 2.8573451042175293
1043, -5.455300850328058, 4, 40.17041974980384, 316, 270718, 270718, 0.011381149291992188, 2.852421522140503
1044, -7.141269038431346, 4, 40.09984726598486, 316, 271034, 271034, 0.011498645879328251, 2.8521013259887695
1045, -6.2821726815850525, 4, 40.14708582498133, 316, 271350, 271350, 0.011887847445905209, 2.856041431427002
1046, -5.500549968099222, 2, 7.701881158165634, 57, 271407, 271407, 0.0111598065122962, 2.8533833026885986
1047, -6.146127258936758, 4, 40.43337298789993, 318, 271725, 271725, 0.011810668744146824, 2.853792667388916
1048, -5.921704523163498, 4, 40.15202881535515, 316, 272041, 272041, 0.011082611046731472, 2.857222557067871
1049, -4.9480701526626945, 4, 40.20629694405943, 316, 272357, 272357, 0.01165269035845995, 2.854120969772339
1050, -5.501331744715571, 4, 40.09846291737631, 315, 272672, 272672, 0.01251625269651413, 2.8492918014526367
1051, -4.956889535213122, 4, 40.069806333165616, 315, 272987, 272987, 0.012545264326035976, 2.8563830852508545
1052, -5.066081018361729, 4, 40.19893482606858, 316, 273303, 273303, 0.012218659743666649, 2.8565573692321777
1053, -5.181144597707316, 2, 4.502385266125202, 30, 273333, 273333, 0.010774491354823112, 2.8424789905548096
1054, -6.2321649042387435, 4, 40.200053304899484, 316, 273649, 273649, 0.009737910702824593, 2.852654218673706
1055, -6.333671004729695, 4, 40.45171115361154, 318, 273967, 273967, 0.011073249392211437, 2.853438377380371
1056, -4.902818804257549, 4, 40.409431803040206, 315, 274282, 274282, 0.010786662809550762, 2.8539719581604004
1057, -8.19331533787772, 2, 29.959448295179754, 232, 274514, 274514, 0.012018829584121704, 2.8558883666992188
1058, -6.560718848602846, 4, 40.09160949802026, 313, 274827, 274827, 0.01081053726375103, 2.860208034515381
1059, -5.611873026471585, 4, 40.166167528834194, 316, 275143, 275143, 0.01155279204249382, 2.8569209575653076
1060, -5.618475081282668, 4, 40.170177263673395, 316, 275459, 275459, 0.010930389165878296, 2.854511022567749
1061, -5.840750802330149, 4, 40.155495120212436, 314, 275773, 275773, 0.011044629849493504, 2.8527591228485107
1062, -6.370771283116483, 4, 40.144970706198364, 316, 276089, 276089, 0.011121771298348904, 2.8583128452301025
1063, -7.405021954327822, 4, 40.168628035113215, 317, 276406, 276406, 0.010781773366034031, 2.8558261394500732
1064, -6.422904493443639, 4, 40.48780063772574, 314, 276720, 276720, 0.011484759859740734, 2.8595869541168213
1065, -6.3732591844163835, 4, 40.108468524646014, 313, 277033, 277033, 0.010980364866554737, 2.852794885635376
1066, -5.513929357388406, 4, 40.154759536031634, 316, 277349, 277349, 0.0102738281711936, 2.851985454559326
1067, -6.1304212014401855, 4, 40.18255796795711, 316, 277665, 277665, 0.012115834280848503, 2.8499505519866943
1068, -5.704156851104926, 4, 40.16915590502322, 316, 277981, 277981, 0.012686335481703281, 2.8469438552856445
1069, -5.370425188157242, 4, 40.12058374797925, 314, 278295, 278295, 0.010031378827989101, 2.8521671295166016
1070, -5.6337421979842475, 4, 40.10421460168436, 315, 278610, 278610, 0.010458855889737606, 2.847473382949829
1071, -6.2066607984634174, 4, 40.09157609473914, 315, 278925, 278925, 0.010178286582231522, 2.850938558578491
1072, -5.928285679618057, 4, 40.16148460423574, 316, 279241, 279241, 0.010542834177613258, 2.8468103408813477
1073, -5.44479057706485, 4, 40.210453525185585, 316, 279557, 279557, 0.010412023402750492, 2.8528029918670654
1074, -4.962044878739107, 4, 40.16475465614349, 316, 279873, 279873, 0.011102154850959778, 2.857269525527954
1075, -5.109193399082869, 4, 40.190818754956126, 314, 280187, 280187, 0.011072688736021519, 2.8494455814361572
1076, -5.264012041247042, 2, 7.098664576653391, 52, 280239, 280239, 0.012487388215959072, 2.842890501022339
1077, -6.082725007378031, 4, 40.19788274774328, 316, 280555, 280555, 0.011116613633930683, 2.859234094619751
1078, -6.6293809034687, 4, 40.12106270901859, 315, 280870, 280870, 0.010755856521427631, 2.854522228240967
1079, -8.904879695934142, 2, 36.64688797807321, 287, 281157, 281157, 0.010656429454684258, 2.8460025787353516
1080, -5.796481682889862, 4, 40.187487739138305, 316, 281473, 281473, 0.010966009460389614, 2.848986864089966
1081, -7.050896174681839, 2, 22.35681007709354, 174, 281647, 281647, 0.01001079473644495, 2.856602191925049
1082, -5.985776601941325, 4, 40.4006459726952, 315, 281962, 281962, 0.013034256175160408, 2.8561501502990723
1083, -5.689743630237899, 4, 40.088889059145004, 314, 282276, 282276, 0.010173674672842026, 2.852080821990967
1084, -5.637517555849627, 4, 40.17328674066812, 313, 282589, 282589, 0.011931882239878178, 2.8587822914123535
1085, -5.613477531656827, 4, 40.19052064605057, 316, 282905, 282905, 0.0115579878911376, 2.8492207527160645
1086, -6.847401051054476, 4, 40.45024851989001, 315, 283220, 283220, 0.01205691322684288, 2.854358196258545
1087, -5.3680396403651685, 4, 40.415443788748235, 315, 283535, 283535, 0.01060580089688301, 2.8466429710388184
1088, -6.7420963366748765, 2, 17.464214217849076, 133, 283668, 283668, 0.01163546647876501, 2.8414900302886963
1089, -5.576977480319329, 4, 40.14737357990816, 316, 283984, 283984, 0.011668100021779537, 2.85762357711792
1090, -6.190803965902887, 4, 40.14762353198603, 316, 284300, 284300, 0.011608078144490719, 2.853731870651245
1091, -5.4792734099319205, 4, 40.39094779826701, 316, 284616, 284616, 0.01053931750357151, 2.856891632080078
1092, -5.302039509639144, 4, 40.135069988202304, 316, 284932, 284932, 0.012685897760093212, 2.857386827468872
1093, -5.289664584888669, 4, 40.06836905190721, 315, 285247, 285247, 0.01108420267701149, 2.860241413116455
1094, -6.141806792467833, 4, 40.17935866583139, 316, 285563, 285563, 0.010972321964800358, 2.8569936752319336
1095, -5.348310523899272, 4, 40.5081702102907, 318, 285881, 285881, 0.010900365188717842, 2.8598554134368896
1096, -7.437967330319225, 2, 24.682274345308542, 190, 286071, 286071, 0.01239081472158432, 2.8511159420013428
1097, -5.761030454963475, 2, 12.024278591852635, 89, 286160, 286160, 0.011257835663855076, 2.867624044418335
1098, -5.839508962351829, 4, 40.31082494370639, 315, 286475, 286475, 0.011258454993367195, 2.8570075035095215
1099, -5.662404270362458, 4, 40.417364574968815, 318, 286793, 286793, 0.01101949904114008, 2.856783866882324
1100, -6.314642926794477, 2, 15.365149565041065, 118, 286911, 286911, 0.01191631704568863, 2.8579251766204834
1101, -5.891609884869467, 4, 40.14442168409005, 316, 287227, 287227, 0.011728165671229362, 2.8566384315490723
1102, -5.670209883029656, 4, 40.097827489022166, 313, 287540, 287540, 0.010851155035197735, 2.850691795349121
1103, -6.328332835502806, 4, 40.11457643797621, 316, 287856, 287856, 0.011411402374505997, 2.8575472831726074
1104, -5.824231201055227, 4, 40.06857102876529, 313, 288169, 288169, 0.01126597635447979, 2.8579516410827637
1105, -5.777728973800549, 4, 40.10389721067622, 313, 288482, 288482, 0.010843214578926563, 2.8610284328460693
1106, -5.053506587981246, 2, 6.34200778324157, 46, 288528, 288528, 0.010795765556395054, 2.864637613296509
1107, -5.416990976329544, 4, 40.12413703277707, 315, 288843, 288843, 0.01080118864774704, 2.8517701625823975
1108, -5.808173152938252, 4, 40.17876741010696, 316, 289159, 289159, 0.010981174185872078, 2.8522424697875977
1109, -6.244231953722192, 4, 40.405089245177805, 317, 289476, 289476, 0.012160580605268478, 2.8562657833099365
1110, -5.756493285705801, 4, 40.099454635288566, 315, 289791, 289791, 0.012016072869300842, 2.864748001098633
1111, -6.08529897662811, 4, 40.19362375931814, 316, 290107, 290107, 0.010825864970684052, 2.8577897548675537
1112, -5.186199834686704, 4, 40.09137653326616, 315, 290422, 290422, 0.011468220502138138, 2.85416579246521
1113, -9.290110849775374, 2, 22.877253787126392, 178, 290600, 290600, 0.010456512682139874, 2.8481593132019043
1114, -5.886967192578595, 4, 40.136701760813594, 315, 290915, 290915, 0.011581473052501678, 2.8557052612304688
1115, -5.357554428104777, 4, 40.14674407010898, 315, 291230, 291230, 0.011707811616361141, 2.858203649520874
1116, -5.910058310371824, 4, 40.182599862106144, 316, 291546, 291546, 0.011200749315321445, 2.857229471206665
1117, -5.765953676003846, 4, 40.156959225889295, 315, 291861, 291861, 0.011284703388810158, 2.8518552780151367
1118, -5.9964558511273935, 4, 40.1542457761243, 315, 292176, 292176, 0.01137545332312584, 2.8541061878204346
1119, -5.3437817172325595, 4, 40.15495608607307, 315, 292491, 292491, 0.010948793031275272, 2.855056047439575
1120, -6.127742635144386, 4, 40.128504301887006, 315, 292806, 292806, 0.011610220186412334, 2.8569154739379883
1121, -5.981874225108186, 4, 40.18734553316608, 316, 293122, 293122, 0.010898729786276817, 2.859184980392456
1122, -6.145549962704536, 4, 40.461671967990696, 316, 293438, 293438, 0.011190268211066723, 2.8483221530914307
1123, -5.89961317349298, 4, 40.18848903989419, 316, 293754, 293754, 0.010896828956902027, 2.8507230281829834
1124, -7.588657987387705, 2, 28.19862596830353, 220, 293974, 293974, 0.01113890204578638, 2.850154161453247
1125, -6.7044412422778805, 4, 40.075062369927764, 315, 294289, 294289, 0.011822059750556946, 2.85204815864563
1126, -5.454271708756551, 4, 40.2087687891908, 316, 294605, 294605, 0.011064228601753712, 2.8456692695617676
1127, -6.566201433881361, 4, 40.14063015393913, 316, 294921, 294921, 0.010465373285114765, 2.856231689453125
1128, -5.590650698257377, 4, 40.449953047093004, 316, 295237, 295237, 0.011149690486490726, 2.8557002544403076
1129, -5.949746355065145, 4, 40.459687090013176, 316, 295553, 295553, 0.011872474104166031, 2.848874807357788
1130, -5.962555413367227, 4, 40.212577647995204, 316, 295869, 295869, 0.011173965409398079, 2.8519139289855957
1131, -5.2186160029959865, 4, 40.09102107770741, 315, 296184, 296184, 0.010204908438026905, 2.854492425918579
1132, -5.976517210219754, 4, 40.09220170136541, 315, 296499, 296499, 0.011693073436617851, 2.856363534927368
1133, -6.25896248560457, 4, 40.40047426521778, 317, 296816, 296816, 0.011066459119319916, 2.8528997898101807
1134, -5.342193342043174, 4, 40.38504950888455, 315, 297131, 297131, 0.010529383085668087, 2.8535447120666504
1135, -5.823498306097463, 2, 12.625746327918023, 94, 297225, 297225, 0.010867535136640072, 2.8509738445281982
1136, -6.327141979243606, 4, 40.370490797795355, 315, 297540, 297540, 0.011287899687886238, 2.8553223609924316
1137, -6.026226355112158, 4, 40.0738336420618, 313, 297853, 297853, 0.011080987751483917, 2.8525686264038086
1138, -5.989385094144382, 4, 40.38915094407275, 315, 298168, 298168, 0.01114815752953291, 2.8534491062164307
1139, -5.959087911469396, 4, 40.09849743079394, 313, 298481, 298481, 0.011896109208464622, 2.8554234504699707
1140, -5.050524432910606, 2, 5.768100747372955, 40, 298521, 298521, 0.01084444671869278, 2.8454060554504395
1141, -6.533506269624922, 4, 40.175158966332674, 316, 298837, 298837, 0.0120248943567276, 2.8503057956695557
1142, -5.648902456683572, 4, 40.3594924909994, 317, 299154, 299154, 0.011447508819401264, 2.846395492553711
1143, -5.645106658776058, 4, 40.15610266011208, 315, 299469, 299469, 0.010694504715502262, 2.846235990524292
1144, -6.121174953281297, 4, 40.17583806300536, 314, 299783, 299783, 0.011028158478438854, 2.8482160568237305
1145, -6.145900678839098, 4, 40.17564655141905, 315, 300098, 300098, 0.010474544949829578, 2.843632459640503
1146, -6.1105211668036645, 4, 40.1117950361222, 315, 300413, 300413, 0.012142647989094257, 2.850238561630249
1147, -5.641423903929535, 4, 40.17157752579078, 316, 300729, 300729, 0.011217024177312851, 2.847005844116211
1148, -5.596694552747067, 4, 40.11950596095994, 313, 301042, 301042, 0.010688835754990578, 2.848928928375244
1149, -5.88455088052433, 4, 40.15763688925654, 313, 301355, 301355, 0.011375968344509602, 2.8396971225738525
1150, -6.870629286459007, 2, 21.555238825734705, 167, 301522, 301522, 0.01246573869138956, 2.840479612350464
1151, -6.035640014655655, 4, 40.10117230704054, 315, 301837, 301837, 0.011545639485120773, 2.84716796875
1152, -5.549753170460463, 4, 40.17544085206464, 315, 302152, 302152, 0.011330329813063145, 2.8488070964813232
1153, -5.37535548795131, 4, 40.167734584305435, 315, 302467, 302467, 0.01114320382475853, 2.8391170501708984
1154, -6.391893602856726, 4, 40.14393328083679, 315, 302782, 302782, 0.010777022689580917, 2.841791868209839
1155, -6.148071734583937, 4, 40.13182033319026, 315, 303097, 303097, 0.010452799499034882, 2.8401801586151123
1156, -5.408216295327293, 4, 40.17027092073113, 315, 303412, 303412, 0.011223066598176956, 2.841938018798828
1157, -5.81338626446086, 4, 40.167041349224746, 315, 303727, 303727, 0.010907044634222984, 2.8377442359924316
1158, -7.595880229957402, 2, 22.56529345596209, 175, 303902, 303902, 0.010026277974247932, 2.843083143234253
1159, -5.600874375624699, 4, 40.37922996701673, 315, 304217, 304217, 0.01192178763449192, 2.8432953357696533
1160, -6.026596692056046, 4, 40.1229448011145, 315, 304532, 304532, 0.01145130768418312, 2.8377931118011475
1161, -5.670733688537439, 4, 40.21092150406912, 315, 304847, 304847, 0.011468218639492989, 2.8396999835968018
1162, -5.980499788725865, 4, 40.11878659809008, 315, 305162, 305162, 0.012004144489765167, 2.8355720043182373
1163, -5.924749099533074, 4, 40.15670104324818, 315, 305477, 305477, 0.011283790692687035, 2.8354289531707764
1164, -5.719440634245984, 4, 40.3487939783372, 315, 305792, 305792, 0.010802719742059708, 2.8385186195373535
1165, -6.094026431725069, 4, 40.490189369767904, 316, 306108, 306108, 0.010927162133157253, 2.839878559112549
1166, -5.420609090477228, 2, 4.7219144171103835, 33, 306141, 306141, 0.008190670050680637, 2.8348281383514404
1167, -5.810005356557667, 2, 9.015817448031157, 67, 306208, 306208, 0.010955121368169785, 2.837919235229492
1168, -5.52520286408253, 2, 9.631078957114369, 72, 306280, 306280, 0.00841779075562954, 2.8251047134399414
1169, -5.962424379773438, 4, 40.12052464392036, 313, 306593, 306593, 0.01040441170334816, 2.835012674331665
1170, -5.9093161478376715, 4, 40.123821882065386, 315, 306908, 306908, 0.010975508019328117, 2.8437650203704834
1171, -5.523375550983474, 4, 40.08479457581416, 315, 307223, 307223, 0.010922220535576344, 2.8402271270751953
1172, -5.848853420904561, 2, 12.674816377926618, 96, 307319, 307319, 0.009907213039696217, 2.839707136154175
1173, -5.676411421736702, 4, 40.18060319405049, 315, 307634, 307634, 0.011309969238936901, 2.836411952972412
1174, -5.434480592477485, 4, 40.16651549004018, 316, 307950, 307950, 0.010723871178925037, 2.8348560333251953
1175, -5.704017173356988, 4, 40.12228560401127, 315, 308265, 308265, 0.01103493943810463, 2.8414416313171387
1176, -5.944842464057729, 4, 40.12714772392064, 315, 308580, 308580, 0.011072996072471142, 2.8330135345458984
1177, -5.755721592577174, 4, 40.1396008701995, 315, 308895, 308895, 0.011179877445101738, 2.837421417236328
1178, -5.94804897949507, 2, 14.859896732959896, 114, 309009, 309009, 0.012236281298100948, 2.8341410160064697
1179, -5.423740389975137, 4, 40.09651336912066, 315, 309324, 309324, 0.010955912061035633, 2.8381853103637695
1180, -5.851499686716124, 4, 40.165854308754206, 315, 309639, 309639, 0.010195043869316578, 2.83376407623291
1181, -5.545044705977489, 4, 40.22214952297509, 316, 309955, 309955, 0.011786846444010735, 2.8331565856933594
1182, -5.85477012944466, 4, 40.16849925508723, 316, 310271, 310271, 0.012096268124878407, 2.8307275772094727
1183, -6.051500974564988, 4, 40.12576168309897, 315, 310586, 310586, 0.012148106470704079, 2.831761121749878
1184, -5.452774932287866, 4, 40.169292740989476, 314, 310900, 310900, 0.011170580983161926, 2.8251044750213623
1185, -5.328259826870635, 4, 40.14229538384825, 315, 311215, 311215, 0.012119729071855545, 2.8347742557525635
1186, -6.070247943367576, 2, 14.833560154307634, 113, 311328, 311328, 0.01024907361716032, 2.83426570892334
1187, -5.3441875684511615, 4, 40.13542344979942, 313, 311641, 311641, 0.011778821237385273, 2.8244402408599854
1188, -6.04648476588045, 4, 40.148438886739314, 315, 311956, 311956, 0.010948967188596725, 2.82702898979187
1189, -5.597512771724723, 2, 8.568192292936146, 61, 312017, 312017, 0.011519969440996647, 2.8381001949310303
1190, -5.760057899906315, 4, 40.20304286619648, 315, 312332, 312332, 0.01041368953883648, 2.82712721824646
1191, -6.128280934295617, 4, 40.15911406790838, 315, 312647, 312647, 0.010444113984704018, 2.8281919956207275
1192, -6.404687777336221, 4, 40.120023825671524, 315, 312962, 312962, 0.011141951195895672, 2.8219876289367676
1193, -5.7174510152835865, 4, 40.20016320981085, 316, 313278, 313278, 0.010394162498414516, 2.8240668773651123
1194, -5.6161613699490545, 4, 40.38290852913633, 313, 313591, 313591, 0.00997211690992117, 2.8251092433929443
1195, -6.780945035628974, 4, 40.20561089087278, 317, 313908, 313908, 0.01095993909984827, 2.8238251209259033
1196, -5.425044694231474, 4, 40.08404793404043, 317, 314225, 314225, 0.010617037303745747, 2.824889898300171
1197, -5.846480150765274, 4, 40.1605398808606, 315, 314540, 314540, 0.012106952257454395, 2.823740243911743
1198, -5.430690758308629, 4, 40.19303860794753, 314, 314854, 314854, 0.011078563518822193, 2.825629234313965
1199, -5.437818963080645, 4, 40.356802854686975, 316, 315170, 315170, 0.01082927081733942, 2.824157476425171
1200, -6.042944079701556, 4, 40.295926216989756, 310, 315480, 315480, 0.011223805136978626, 2.8192155361175537
1201, -5.754526660544798, 4, 40.13865903299302, 293, 315773, 315773, 0.01124997902661562, 2.8234078884124756
1202, -5.683356067573186, 4, 40.13652170216665, 301, 316074, 316074, 0.012052681297063828, 2.815192937850952
1203, -6.227518314786721, 4, 40.18170998990536, 305, 316379, 316379, 0.010993420146405697, 2.82462739944458
1204, -5.194802037556656, 2, 4.44072670629248, 30, 316409, 316409, 0.01142606046050787, 2.8317489624023438
1205, -5.4624359094159445, 4, 40.08743085991591, 302, 316711, 316711, 0.012260502204298973, 2.8177077770233154
1206, -5.42483191867359, 4, 40.1934554358013, 292, 317003, 317003, 0.010159886442124844, 2.820220947265625
1207, -5.5934609239629935, 4, 40.11130090197548, 296, 317299, 317299, 0.010341002605855465, 2.8182921409606934
1208, -5.306652027124073, 4, 40.175500109791756, 316, 317615, 317615, 0.011490914039313793, 2.817091464996338
1209, -5.866736532487266, 4, 40.372395465150476, 316, 317931, 317931, 0.011220766231417656, 2.817239761352539
1210, -5.701990281115286, 4, 40.41256092581898, 314, 318245, 318245, 0.011031304486095905, 2.8118863105773926
1211, -8.397383982030078, 2, 34.39599232329056, 269, 318514, 318514, 0.010514928959310055, 2.8150665760040283
1212, -5.263735790496867, 4, 40.05927337286994, 317, 318831, 318831, 0.010169108398258686, 2.8158130645751953
1213, -5.46321484920918, 2, 7.0413902988657355, 52, 318883, 318883, 0.010809673927724361, 2.8211331367492676
1214, -5.606360513120308, 4, 40.12963252980262, 316, 319199, 319199, 0.010838016867637634, 2.814781904220581
1215, -5.811821145005524, 4, 40.179411792661995, 299, 319498, 319498, 0.011460468173027039, 2.820758104324341
1216, -5.141174344229512, 4, 40.148034791927785, 300, 319798, 319798, 0.011031600646674633, 2.817919969558716
1217, -8.086236964329146, 2, 28.732997972052544, 214, 320012, 320012, 0.011612200178205967, 2.8111069202423096
1218, -5.63706104666926, 4, 40.12619389919564, 304, 320316, 320316, 0.010916548781096935, 2.813260078430176
1219, -5.1545815953286365, 4, 40.12380682723597, 302, 320618, 320618, 0.011603563092648983, 2.8153188228607178
1220, -9.024934598041, 2, 36.494823589921, 276, 320894, 320894, 0.01071026548743248, 2.8132452964782715
1221, -5.459057751111686, 2, 4.971493329852819, 34, 320928, 320928, 0.011101462878286839, 2.81189227104187
1222, -5.717785905813798, 4, 40.10440240288153, 304, 321232, 321232, 0.012338582426309586, 2.81447696685791
1223, -6.201186058402527, 4, 40.176407544873655, 295, 321527, 321527, 0.010682252235710621, 2.814159631729126
1224, -8.46589456195943, 2, 36.769736375659704, 270, 321797, 321797, 0.01165921613574028, 2.8100738525390625
1225, -5.650378465349149, 4, 40.20005077403039, 300, 322097, 322097, 0.00999052170664072, 2.808851718902588
1226, -5.460956724431526, 4, 40.18960653897375, 298, 322395, 322395, 0.011242258362472057, 2.8112287521362305
1227, -5.462947210879065, 4, 40.18050461309031, 315, 322710, 322710, 0.010174110531806946, 2.8078413009643555
1228, -4.931097073138517, 4, 40.17415590584278, 291, 323001, 323001, 0.009966478683054447, 2.8055779933929443
1229, -5.2916479599662125, 4, 40.40355978999287, 287, 323288, 323288, 0.010012525133788586, 2.8099653720855713
1230, -5.49874113680562, 4, 40.533809553831816, 288, 323576, 323576, 0.010955668054521084, 2.8043179512023926
1231, -5.453729994580499, 4, 40.103250592947006, 293, 323869, 323869, 0.009944840334355831, 2.8070714473724365
1232, -6.153061282413546, 4, 40.51714920019731, 301, 324170, 324170, 0.009999782778322697, 2.804691791534424
1233, -5.406039888155647, 4, 40.09344548173249, 291, 324461, 324461, 0.011425657197833061, 2.8063859939575195
1234, -6.057677644275827, 4, 40.13436166476458, 304, 324765, 324765, 0.010265115648508072, 2.806619644165039
1235, -6.073717492399737, 4, 40.10271162400022, 302, 325067, 325067, 0.01056929025799036, 2.80666446685791
1236, -5.347211931220954, 4, 40.1430404111743, 304, 325371, 325371, 0.01013320405036211, 2.8006539344787598
1237, -5.472428041597595, 2, 7.581411212217063, 53, 325424, 325424, 0.009296650998294353, 2.7956767082214355
1238, -5.3032553368248045, 4, 40.11992993205786, 296, 325720, 325720, 0.010485861450433731, 2.805316925048828
1239, -5.161412521760212, 4, 40.40436779288575, 306, 326026, 326026, 0.010274684056639671, 2.8035616874694824
1240, -5.730072578997351, 4, 40.11592571809888, 316, 326342, 326342, 0.010601152665913105, 2.8035333156585693
1241, -5.950424924103572, 4, 40.16914699180052, 318, 326660, 326660, 0.01001008041203022, 2.8048110008239746
1242, -6.17829389765393, 4, 40.074326027184725, 317, 326977, 326977, 0.010254488326609135, 2.806791305541992
1243, -5.837908475245058, 4, 40.48491818923503, 319, 327296, 327296, 0.011185314506292343, 2.8034934997558594
1244, -6.218802394461818, 4, 40.41257486399263, 319, 327615, 327615, 0.011385403573513031, 2.7970919609069824
1245, -5.71795376035152, 4, 40.45559632126242, 315, 327930, 327930, 0.010873105376958847, 2.8016419410705566
1246, -6.486166527232854, 2, 19.556336819194257, 149, 328079, 328079, 0.010543565265834332, 2.8001320362091064
1247, -6.4292973569681635, 4, 40.07331685023382, 317, 328396, 328396, 0.011052216403186321, 2.796718120574951
1248, -5.596935957262758, 2, 10.886965145822614, 83, 328479, 328479, 0.011189817450940609, 2.8012430667877197
1249, -5.612823121831752, 2, 10.002467727288604, 76, 328555, 328555, 0.009784651920199394, 2.7936513423919678
1250, -5.6368690457893535, 4, 40.1163964420557, 317, 328872, 328872, 0.010890034027397633, 2.798863172531128
1251, -5.624779095312988, 4, 40.18220340413973, 315, 329187, 329187, 0.011295833624899387, 2.8000802993774414
1252, -5.390484261792153, 4, 40.32732075313106, 314, 329501, 329501, 0.01119210571050644, 2.80255389213562
1253, -6.405117410002276, 4, 40.165723429992795, 316, 329817, 329817, 0.011074122972786427, 2.7947089672088623
1254, -5.201185676320165, 4, 40.16482016630471, 316, 330133, 330133, 0.010883611626923084, 2.7912378311157227
1255, -5.4915241790004075, 4, 40.18757002800703, 314, 330447, 330447, 0.011352159082889557, 2.7960925102233887
1256, -5.595562982693082, 4, 40.231729549821466, 315, 330762, 330762, 0.01002686470746994, 2.795377731323242
1257, -5.2842793016461655, 2, 7.528926021885127, 56, 330818, 330818, 0.010716757737100124, 2.805846929550171
1258, -5.868414554279298, 4, 40.12679320387542, 318, 331136, 331136, 0.010075056925415993, 2.797471046447754
1259, -6.218310373194981, 4, 40.146348451729864, 317, 331453, 331453, 0.010176206938922405, 2.794524908065796
1260, -5.61663500132272, 4, 40.49455454573035, 316, 331769, 331769, 0.011170408688485622, 2.792224645614624
1261, -5.571704314133967, 4, 40.14450000785291, 312, 332081, 332081, 0.010864408686757088, 2.7947521209716797
1262, -5.577472217264585, 4, 40.53814529813826, 313, 332394, 332394, 0.011441124603152275, 2.7933669090270996
1263, -5.467450304815429, 4, 40.10557207930833, 317, 332711, 332711, 0.01092449389398098, 2.791027545928955
1264, -6.3214309898176, 2, 18.19760059705004, 138, 332849, 332849, 0.011225062422454357, 2.7913291454315186
1265, -4.651323488893013, 4, 40.44116267701611, 316, 333165, 333165, 0.009436524473130703, 2.7862048149108887
1266, -5.808583969686879, 4, 40.504041930660605, 321, 333486, 333486, 0.010784084908664227, 2.791749954223633
1267, -6.6472119434329215, 4, 40.09926670510322, 318, 333804, 333804, 0.010557176545262337, 2.7928106784820557
1268, -6.025639720406616, 4, 40.11215979466215, 317, 334121, 334121, 0.010436048731207848, 2.792135238647461
1269, -5.61564097036171, 4, 40.11894992785528, 298, 334419, 334419, 0.011400362476706505, 2.7830758094787598
1270, -5.8699055114993826, 4, 40.29028289904818, 300, 334719, 334719, 0.010612054727971554, 2.7835042476654053
1271, -5.581189186676056, 4, 40.27829234208912, 295, 335014, 335014, 0.01115445327013731, 2.788679361343384
1272, -5.1016399239888415, 4, 40.13833950692788, 294, 335308, 335308, 0.011476807296276093, 2.784303903579712
1273, -5.73617729882244, 4, 40.15402928413823, 312, 335620, 335620, 0.010300354100763798, 2.7837612628936768
1274, -5.069662718593463, 4, 40.18093513371423, 318, 335938, 335938, 0.010730557143688202, 2.7925453186035156
1275, -5.976759049022803, 4, 40.19657822372392, 318, 336256, 336256, 0.011177487671375275, 2.787914991378784
1276, -5.375227063917009, 4, 40.293439025990665, 307, 336563, 336563, 0.010933738201856613, 2.781095266342163
1277, -5.552138353589726, 4, 40.09309645323083, 291, 336854, 336854, 0.010826713405549526, 2.7853357791900635
1278, -5.380318291077856, 4, 40.5025779241696, 297, 337151, 337151, 0.011444908566772938, 2.7814831733703613
1279, -4.907354566785216, 4, 40.17767663812265, 300, 337451, 337451, 0.011541612446308136, 2.780639171600342
1280, -5.740364161098114, 4, 40.496432511135936, 300, 337751, 337751, 0.01094229705631733, 2.7820117473602295
1281, -5.548917417327175, 4, 40.15277413465083, 299, 338050, 338050, 0.010865666903555393, 2.7779293060302734
1282, -5.125727227656171, 4, 40.111215450335294, 298, 338348, 338348, 0.010082432068884373, 2.77693247795105
1283, -5.697369071189314, 4, 40.121061976999044, 298, 338646, 338646, 0.009627822786569595, 2.774270534515381
1284, -5.399111326201819, 4, 40.12758997268975, 297, 338943, 338943, 0.010749912820756435, 2.7764971256256104
1285, -5.146713877504226, 4, 40.141518936958164, 293, 339236, 339236, 0.009222310036420822, 2.7768843173980713
1286, -5.253299969714135, 4, 40.07683750707656, 295, 339531, 339531, 0.010337403044104576, 2.7718281745910645
1287, -5.4499635982792825, 4, 40.22072589490563, 310, 339841, 339841, 0.011967948637902737, 2.7809927463531494
1288, -5.43039579087781, 4, 40.17416694480926, 283, 340124, 340124, 0.01104308944195509, 2.782032012939453
1289, -4.644752922758926, 4, 40.18978637782857, 283, 340407, 340407, 0.010686141438782215, 2.77858304977417
1290, -5.6408969414187595, 4, 40.170891208108515, 283, 340690, 340690, 0.01083328016102314, 2.7722599506378174
1291, -5.911238284315914, 4, 40.05462148506194, 282, 340972, 340972, 0.01116094645112753, 2.7750697135925293
1292, -4.677577342939912, 4, 40.17317227134481, 283, 341255, 341255, 0.011824262328445911, 2.7716121673583984
1293, -5.214281367487274, 4, 40.09707107581198, 280, 341535, 341535, 0.011694950051605701, 2.7679460048675537
1294, -5.459263130935142, 2, 7.9921575919725, 53, 341588, 341588, 0.01208182331174612, 2.7715742588043213
1295, -5.341067788656801, 4, 40.40495640132576, 282, 341870, 341870, 0.009213580749928951, 2.7714550495147705
1296, -5.277758429700043, 4, 40.1863202820532, 283, 342153, 342153, 0.01144603081047535, 2.774947166442871
1297, -6.039910369028803, 4, 40.15339520806447, 296, 342449, 342449, 0.011693154461681843, 2.7695138454437256
1298, -5.9404139367397875, 4, 40.17174173472449, 317, 342766, 342766, 0.011025883257389069, 2.7755048274993896
1299, -6.017842459026724, 4, 40.148815574124455, 318, 343084, 343084, 0.010768196545541286, 2.765698194503784
1300, -5.741683594882488, 4, 40.11544852890074, 318, 343402, 343402, 0.010585254989564419, 2.7677273750305176
1301, -5.848192218558324, 4, 40.12016274500638, 316, 343718, 343718, 0.010597527027130127, 2.774367332458496
1302, -5.426031238457654, 4, 40.172388904727995, 295, 344013, 344013, 0.011662173084914684, 2.771599054336548
1303, -6.264016868779436, 2, 16.023193839006126, 117, 344130, 344130, 0.011579545214772224, 2.7660422325134277
1304, -5.926672251429409, 4, 40.096244445070624, 295, 344425, 344425, 0.010551384650170803, 2.7700343132019043
1305, -6.023088043264579, 4, 40.204130630008876, 288, 344713, 344713, 0.010678469203412533, 2.7625389099121094
1306, -5.271135850009159, 4, 40.22018179995939, 290, 345003, 345003, 0.01103051658719778, 2.768620014190674
1307, -5.003868471249007, 4, 40.15432084724307, 304, 345307, 345307, 0.01049747783690691, 2.768822431564331
1308, -6.088381191540975, 4, 40.178069381043315, 316, 345623, 345623, 0.010238210670650005, 2.766310214996338
1309, -6.140665299939428, 4, 40.14474154310301, 317, 345940, 345940, 0.009968283586204052, 2.762788772583008
1310, -6.157789967299323, 4, 40.19768227171153, 314, 346254, 346254, 0.010124585591256618, 2.7661659717559814
1311, -5.601624705595896, 4, 40.163984146434814, 315, 346569, 346569, 0.01013624481856823, 2.768613576889038
1312, -6.84764861073927, 2, 20.85315227834508, 160, 346729, 346729, 0.010754481889307499, 2.7696328163146973
1313, -5.41572249867022, 2, 4.332611040212214, 30, 346759, 346759, 0.011974604800343513, 2.776111125946045
1314, -6.2294355383492075, 4, 40.24509542901069, 303, 347062, 347062, 0.012249352410435677, 2.769714593887329
1315, -5.789382808667142, 4, 40.118958223145455, 310, 347372, 347372, 0.010926783084869385, 2.7624528408050537
1316, -6.2631126044525445, 4, 40.09499916480854, 317, 347689, 347689, 0.010856295935809612, 2.760484218597412
1317, -5.855818840209395, 2, 11.890068530105054, 91, 347780, 347780, 0.011498126201331615, 2.761066436767578
1318, -6.111869022715837, 4, 40.1767586087808, 318, 348098, 348098, 0.010733475908637047, 2.7541613578796387
1319, -5.553184907290415, 4, 40.116323145106435, 317, 348415, 348415, 0.010790620930492878, 2.7590978145599365
1320, -5.793758399784565, 4, 40.16520353127271, 311, 348726, 348726, 0.011675382032990456, 2.7579140663146973
1321, -5.170035452058073, 4, 40.11370861483738, 296, 349022, 349022, 0.011080333963036537, 2.7609505653381348
1322, -5.368888462253381, 4, 40.20231949398294, 305, 349327, 349327, 0.009954332374036312, 2.7493841648101807
1323, -6.1195309407194145, 4, 40.102768905926496, 308, 349635, 349635, 0.01120998989790678, 2.7597222328186035
1324, -5.4804679264634615, 4, 40.18072211090475, 301, 349936, 349936, 0.010817211121320724, 2.759636878967285
1325, -6.034661807963857, 4, 40.079712241888046, 296, 350232, 350232, 0.010059488005936146, 2.7602157592773438
1326, -5.484272893998423, 4, 40.16674445895478, 303, 350535, 350535, 0.011021711863577366, 2.7556514739990234
1327, -5.305500958347693, 4, 40.2036291602999, 311, 350846, 350846, 0.009951493702828884, 2.755728006362915
1328, -8.235381725506159, 2, 28.543833375908434, 223, 351069, 351069, 0.010213874280452728, 2.7490737438201904
1329, -5.305883004592033, 4, 40.151322347112, 318, 351387, 351387, 0.009757380932569504, 2.7539641857147217
1330, -5.863332744746003, 4, 40.46414576191455, 317, 351704, 351704, 0.010299141518771648, 2.7558252811431885
1331, -5.854183950228617, 2, 15.106642899103463, 107, 351811, 351811, 0.012579860165715218, 2.7517356872558594
1332, -5.4672419597627595, 4, 40.09884925093502, 294, 352105, 352105, 0.010695033706724644, 2.7572689056396484
1333, -5.454666380304843, 4, 40.1822148184292, 301, 352406, 352406, 0.01045291032642126, 2.7475788593292236
1334, -4.937568369146902, 4, 40.127024441957474, 301, 352707, 352707, 0.01105188112705946, 2.7516672611236572
1335, -5.262033214850817, 4, 40.14659888809547, 302, 353009, 353009, 0.010669803246855736, 2.755152463912964
1336, -6.119645517668687, 4, 40.129751089029014, 301, 353310, 353310, 0.009996367618441582, 2.757840871810913
1337, -6.791399574372917, 2, 23.338358757086098, 173, 353483, 353483, 0.010504284873604774, 2.7520992755889893
1338, -5.358920109516475, 4, 40.14959606807679, 301, 353784, 353784, 0.01118644792586565, 2.7498130798339844
1339, -5.998607745394111, 4, 40.10424310294911, 302, 354086, 354086, 0.011682775802910328, 2.752443552017212
1340, -5.311211478459882, 2, 6.44294306403026, 45, 354131, 354131, 0.010610603727400303, 2.742227554321289
1341, -6.409297431731829, 4, 40.09056937368587, 302, 354433, 354433, 0.010145419277250767, 2.754575729370117
1342, -5.395040715498908, 4, 40.15003330912441, 300, 354733, 354733, 0.01021777093410492, 2.745832920074463
1343, -6.079628109320765, 4, 40.078540086746216, 304, 355037, 355037, 0.011051605455577374, 2.749541997909546
1344, -6.0189861592734815, 4, 40.08945436915383, 301, 355338, 355338, 0.009557034820318222, 2.746039867401123
1345, -5.93715831280133, 4, 40.06372694624588, 301, 355639, 355639, 0.010923579335212708, 2.7430756092071533
1346, -5.400591834913939, 4, 40.20676187472418, 302, 355941, 355941, 0.011095884256064892, 2.7454967498779297
1347, -5.725363358622417, 4, 40.19185980409384, 302, 356243, 356243, 0.010400819592177868, 2.744684934616089
1348, -6.363152409976465, 4, 40.093511880841106, 297, 356540, 356540, 0.011189929209649563, 2.7392196655273438
1349, -5.509840585960774, 4, 40.16773180384189, 300, 356840, 356840, 0.010459826327860355, 2.7469582557678223
1350, -5.703950893028377, 4, 40.14057890418917, 296, 357136, 357136, 0.009813019074499607, 2.7480125427246094
1351, -5.544517406058731, 4, 40.15370299201459, 300, 357436, 357436, 0.010865038260817528, 2.7414357662200928
1352, -5.829951639685532, 4, 40.375916230957955, 303, 357739, 357739, 0.0102292625233531, 2.7416114807128906
1353, -5.892299872939475, 4, 40.19474220788106, 305, 358044, 358044, 0.010325809009373188, 2.7432680130004883
1354, -5.098517788734171, 4, 40.1273229541257, 304, 358348, 358348, 0.010362084954977036, 2.7415053844451904
1355, -5.3544703329775984, 4, 40.173426227178425, 308, 358656, 358656, 0.00970980804413557, 2.741722345352173
1356, -5.150954849086702, 4, 40.24183229589835, 293, 358949, 358949, 0.010731318965554237, 2.7446978092193604
1357, -5.163008700590581, 4, 40.214196362067014, 300, 359249, 359249, 0.009283902123570442, 2.7474911212921143
1358, -6.015614076750353, 4, 40.18524096393958, 313, 359562, 359562, 0.010294736362993717, 2.750797748565674
1359, -5.925489543820731, 4, 40.11293816519901, 317, 359879, 359879, 0.010521904565393925, 2.740128755569458
1360, -5.487381741695572, 4, 40.38716206187382, 320, 360199, 360199, 0.009905357845127583, 2.7463788986206055
1361, -5.989529417362064, 4, 40.112805070821196, 317, 360516, 360516, 0.010606493800878525, 2.736967086791992
1362, -6.345454844646156, 2, 13.809496751055121, 104, 360620, 360620, 0.011925814673304558, 2.7469089031219482
1363, -5.225014412688324, 2, 7.605958747677505, 54, 360674, 360674, 0.009169020690023899, 2.7420246601104736
1364, -5.340454545104876, 4, 40.117109190206975, 314, 360988, 360988, 0.011054118163883686, 2.733687400817871
1365, -6.082016994711012, 4, 40.08846196113154, 315, 361303, 361303, 0.010140727274119854, 2.741486072540283
1366, -5.229701755568385, 4, 40.13205616781488, 298, 361601, 361601, 0.009311022236943245, 2.7427735328674316
1367, -6.214293773519785, 4, 40.495382419321686, 320, 361921, 361921, 0.01047458779066801, 2.739403247833252
1368, -6.609037116926629, 4, 40.54157279105857, 321, 362242, 362242, 0.010125511325895786, 2.7345001697540283
1369, -5.947674885217566, 4, 40.06968561280519, 315, 362557, 362557, 0.010512346401810646, 2.7371065616607666
1370, -5.662774037336931, 4, 40.17272697482258, 302, 362859, 362859, 0.010014873929321766, 2.7344348430633545
1371, -5.086855629342608, 4, 40.11470219725743, 303, 363162, 363162, 0.011218585073947906, 2.7429378032684326
1372, -5.448618823029392, 4, 40.09215630218387, 293, 363455, 363455, 0.010592928156256676, 2.739661455154419
1373, -5.941017258548527, 4, 40.18055325420573, 302, 363757, 363757, 0.010680661536753178, 2.734123945236206
1374, -5.99062621374469, 4, 40.1846593930386, 312, 364069, 364069, 0.011779911816120148, 2.736786365509033
1375, -5.550185352432891, 4, 40.192632562015206, 305, 364374, 364374, 0.00979139469563961, 2.7372167110443115
1376, -5.983486473414814, 4, 40.15850708913058, 301, 364675, 364675, 0.010363238863646984, 2.738259792327881
1377, -6.015045808417199, 4, 40.26690689101815, 303, 364978, 364978, 0.011603119783103466, 2.736862897872925
1378, -5.578721524798311, 4, 40.091671391390264, 317, 365295, 365295, 0.010287685319781303, 2.731635808944702
1379, -5.762282408773899, 4, 40.195111628156155, 318, 365613, 365613, 0.01126119401305914, 2.738980770111084
1380, -5.520148045063252, 4, 40.15443737898022, 317, 365930, 365930, 0.01081357803195715, 2.735466241836548
1381, -5.777775835391367, 4, 40.07843302609399, 311, 366241, 366241, 0.010343835689127445, 2.7378311157226562
1382, -6.216358616336947, 4, 40.41963704302907, 319, 366560, 366560, 0.01017098780721426, 2.7367231845855713
1383, -5.886480435037811, 4, 40.10279995203018, 317, 366877, 366877, 0.011013335548341274, 2.7380239963531494
1384, -5.479390207561664, 4, 40.186763449106365, 316, 367193, 367193, 0.01079791970551014, 2.733765125274658
1385, -5.290749221807346, 4, 40.1034369347617, 313, 367506, 367506, 0.009988983161747456, 2.7331454753875732
1386, -6.111544597777538, 4, 40.122908688150346, 313, 367819, 367819, 0.00980840902775526, 2.7288005352020264
1387, -6.322635829652427, 4, 40.5250968770124, 297, 368116, 368116, 0.010153336450457573, 2.733424186706543
1388, -6.273291214369237, 4, 40.1734714563936, 290, 368406, 368406, 0.010744518600404263, 2.7327768802642822
1389, -5.6382844443724025, 4, 40.081877034157515, 291, 368697, 368697, 0.00994142796844244, 2.7274794578552246
1390, -5.404571258448414, 4, 40.14685276802629, 299, 368996, 368996, 0.010874097235500813, 2.740813732147217
1391, -6.528351258231851, 2, 13.037976371124387, 95, 369091, 369091, 0.009151400066912174, 2.7346818447113037
1392, -5.833007124776486, 4, 40.07829969422892, 301, 369392, 369392, 0.0104286540299654, 2.725414276123047
1393, -5.051677477429621, 4, 40.14566165115684, 307, 369699, 369699, 0.010011971928179264, 2.728865146636963
1394, -4.969472154713003, 4, 40.18563701584935, 294, 369993, 369993, 0.009364060126245022, 2.7265095710754395
1395, -5.631172258697916, 4, 40.14306743303314, 295, 370288, 370288, 0.010049385018646717, 2.7306716442108154
1396, -5.666992908634711, 4, 40.099946518894285, 317, 370605, 370605, 0.009997189976274967, 2.7338051795959473
1397, -6.58468410995556, 4, 40.40392533876002, 319, 370924, 370924, 0.009628931060433388, 2.7283387184143066
1398, -6.702037527153152, 4, 40.16363751096651, 317, 371241, 371241, 0.010106385685503483, 2.727978467941284
1399, -6.528641069307923, 4, 40.16956026293337, 318, 371559, 371559, 0.010343188419938087, 2.72068190574646
1400, -6.236265884508612, 4, 40.43363700713962, 316, 371875, 371875, 0.01099994033575058, 2.721513271331787
1401, -7.230934038758278, 4, 40.135433609131724, 315, 372190, 372190, 0.01010944601148367, 2.72041654586792
1402, -5.5144224227406085, 2, 7.925527055282146, 59, 372249, 372249, 0.010727043263614178, 2.7101786136627197
1403, -5.1442251754924655, 2, 4.975596665404737, 35, 372284, 372284, 0.00895167700946331, 2.7364354133605957
1404, -5.774848624190781, 4, 40.13032933976501, 317, 372601, 372601, 0.010190554894506931, 2.718804359436035
1405, -5.804889687045943, 4, 40.131352057214826, 313, 372914, 372914, 0.009828709997236729, 2.7180404663085938
1406, -5.581142524959432, 2, 10.188640646636486, 72, 372986, 372986, 0.009150288067758083, 2.718580484390259
1407, -6.175831735366955, 4, 40.507332370616496, 318, 373304, 373304, 0.010207295417785645, 2.7212631702423096
1408, -10.396191239356995, 2, 37.90835298597813, 301, 373605, 373605, 0.01077265851199627, 2.7193024158477783
1409, -5.583080506447004, 4, 40.07917813397944, 317, 373922, 373922, 0.009692911058664322, 2.72213077545166
1410, -6.110345724504441, 4, 40.06684120697901, 317, 374239, 374239, 0.01097774039953947, 2.7154526710510254
1411, -5.209747391752899, 4, 40.18690586462617, 318, 374557, 374557, 0.010061664506793022, 2.7241806983947754
1412, -5.828293505415786, 4, 40.202198343817145, 318, 374875, 374875, 0.01022699847817421, 2.7198312282562256
1413, -5.7180143278164905, 4, 40.50381173379719, 314, 375189, 375189, 0.009013671427965164, 2.720263719558716
1414, -5.935240495426115, 4, 40.18023047968745, 293, 375482, 375482, 0.009642649441957474, 2.7142627239227295
1415, -5.601193163136486, 2, 7.990385700948536, 59, 375541, 375541, 0.01055392250418663, 2.7114057540893555
1416, -5.23462320206454, 4, 40.49431426730007, 313, 375854, 375854, 0.011537383310496807, 2.719176769256592
1417, -6.3413137975439895, 4, 40.20652037812397, 312, 376166, 376166, 0.00990721769630909, 2.7227988243103027
1418, -5.657311230752384, 2, 10.710955512709916, 74, 376240, 376240, 0.010618386790156364, 2.7088260650634766
1419, -5.376178679522127, 4, 40.10421324521303, 294, 376534, 376534, 0.009885150007903576, 2.7129955291748047
1420, -5.312450692174025, 4, 40.11638050712645, 294, 376828, 376828, 0.010255211032927036, 2.7162327766418457
1421, -5.221132090431638, 4, 40.04658347507939, 295, 377123, 377123, 0.010130885057151318, 2.713472843170166
1422, -5.488192252290901, 4, 40.12321173213422, 288, 377411, 377411, 0.008878509514033794, 2.7083308696746826
1423, -5.367177535488736, 4, 40.180778042878956, 291, 377702, 377702, 0.009198097512125969, 2.7161707878112793
1424, -5.668810971270432, 4, 40.18920516129583, 293, 377995, 377995, 0.009445926174521446, 2.7097792625427246
1425, -5.498531056218781, 4, 40.10633398219943, 292, 378287, 378287, 0.010049194097518921, 2.7099926471710205
1426, -5.37752851517871, 4, 40.281919438391924, 291, 378578, 378578, 0.009727400727570057, 2.715973377227783
1427, -5.444550392712699, 4, 40.12352160690352, 294, 378872, 378872, 0.009954019449651241, 2.7125084400177
1428, -5.105069407494739, 4, 40.09708117414266, 290, 379162, 379162, 0.010209204629063606, 2.7088189125061035
1429, -5.539898464165162, 4, 40.11554916296154, 291, 379453, 379453, 0.010232836939394474, 2.7112085819244385
1430, -5.58704164577648, 2, 9.72249258402735, 68, 379521, 379521, 0.007991613820195198, 2.7163383960723877
1431, -5.4992655862588435, 4, 40.1321655199863, 309, 379830, 379830, 0.009136778302490711, 2.7132487297058105
1432, -6.130784118751762, 4, 40.35695722326636, 301, 380131, 380131, 0.009898217394948006, 2.711089611053467
1433, -6.138557858808781, 4, 40.50163841480389, 320, 380451, 380451, 0.00972615648061037, 2.7093186378479004
1434, -5.731234192848206, 4, 40.618739736266434, 321, 380772, 380772, 0.010814297944307327, 2.7054738998413086
1435, -6.063918585627107, 2, 11.412367318756878, 87, 380859, 380859, 0.010191499255597591, 2.7163450717926025
1436, -5.750142306584166, 4, 40.14616699004546, 318, 381177, 381177, 0.009514360688626766, 2.7120277881622314
1437, -5.296562602074118, 4, 40.099840600043535, 317, 381494, 381494, 0.009831001982092857, 2.7147603034973145
1438, -5.794655765872449, 4, 40.31376535072923, 319, 381813, 381813, 0.010327240452170372, 2.7038700580596924
1439, -5.821317905254546, 4, 40.170324861072004, 317, 382130, 382130, 0.009565133601427078, 2.7113473415374756
1440, -5.796505024260114, 4, 40.10398965794593, 317, 382447, 382447, 0.010027997195720673, 2.7027180194854736
1441, -5.662273984751664, 4, 40.1754777058959, 318, 382765, 382765, 0.009984825737774372, 2.7005817890167236
1442, -6.12066329710251, 4, 40.12526693753898, 317, 383082, 383082, 0.01084150094538927, 2.7055013179779053
1443, -6.946301182673778, 4, 40.19483795389533, 318, 383400, 383400, 0.01086911279708147, 2.7010700702667236
1444, -6.205518105114606, 4, 40.09426609892398, 317, 383717, 383717, 0.01010900642722845, 2.7054033279418945
1445, -5.403074290792574, 4, 40.10971385799348, 317, 384034, 384034, 0.010776589624583721, 2.7012758255004883
1446, -5.480231044013635, 4, 40.24354235641658, 318, 384352, 384352, 0.009364979341626167, 2.7051472663879395
1447, -5.7846944165139575, 4, 40.07144406018779, 317, 384669, 384669, 0.010927551425993443, 2.700904607772827
1448, -6.377205603290349, 4, 40.114129830151796, 316, 384985, 384985, 0.010227923281490803, 2.702223300933838
1449, -6.044356535334373, 4, 40.07686673896387, 317, 385302, 385302, 0.00901781115680933, 2.7047574520111084
1450, -5.611847817723174, 4, 40.096984539180994, 317, 385619, 385619, 0.010549376718699932, 2.699441909790039
1451, -5.729426025573048, 4, 40.09479242935777, 317, 385936, 385936, 0.009419704787433147, 2.6996238231658936
1452, -6.126511494396254, 4, 40.06468921992928, 317, 386253, 386253, 0.010455174371600151, 2.703338384628296
1453, -5.782339354103897, 4, 40.11134824808687, 317, 386570, 386570, 0.010457131080329418, 2.702057123184204
1454, -5.931355430628173, 4, 40.130243385676295, 317, 386887, 386887, 0.010045390576124191, 2.699213743209839
1455, -5.917029453674331, 4, 40.14106166968122, 317, 387204, 387204, 0.009561214596033096, 2.6980183124542236
1456, -5.185956996894674, 4, 40.17474304093048, 318, 387522, 387522, 0.010225430130958557, 2.7010858058929443
1457, -5.954889064152667, 4, 40.09990012086928, 317, 387839, 387839, 0.010367333889007568, 2.695164918899536
1458, -6.407342613994842, 4, 40.36923110997304, 319, 388158, 388158, 0.010403256863355637, 2.6927523612976074
1459, -8.190024577081203, 2, 29.32915672985837, 231, 388389, 388389, 0.009039152413606644, 2.6944949626922607
1460, -5.616465077269822, 4, 40.13057205500081, 317, 388706, 388706, 0.00962930265814066, 2.6994693279266357
1461, -6.465313004970085, 2, 17.713578260038048, 138, 388844, 388844, 0.009997767396271229, 2.700528383255005
1462, -5.064169126388151, 4, 40.161775178741664, 318, 389162, 389162, 0.009592914953827858, 2.691741466522217
1463, -5.934808261226863, 4, 40.136354743968695, 317, 389479, 389479, 0.010171960107982159, 2.6947097778320312
1464, -5.5289423681097105, 4, 40.07984822196886, 317, 389796, 389796, 0.010131552815437317, 2.6961660385131836
1465, -5.144680554047227, 2, 5.07245679339394, 36, 389832, 389832, 0.012328138574957848, 2.6869547367095947
1466, -6.322397587608066, 4, 40.09799749823287, 317, 390149, 390149, 0.009730364196002483, 2.6939077377319336
1467, -5.434092313284054, 4, 40.158332340884954, 315, 390464, 390464, 0.010988900437951088, 2.69977068901062
1468, -5.888353104099224, 4, 40.07919585611671, 317, 390781, 390781, 0.009641259908676147, 2.689361810684204
1469, -6.214177351503167, 4, 40.19191954191774, 317, 391098, 391098, 0.010182695463299751, 2.696251153945923
1470, -5.743604288698407, 2, 9.932710662018508, 75, 391173, 391173, 0.009626287035644054, 2.678989887237549
1471, -5.61630020046141, 4, 40.136822706088424, 317, 391490, 391490, 0.010398597456514835, 2.6925153732299805
1472, -5.644302587475977, 4, 40.09956875210628, 317, 391807, 391807, 0.010094111785292625, 2.6978983879089355
1473, -5.853399114021158, 2, 11.976624006871134, 92, 391899, 391899, 0.01004901435226202, 2.6908037662506104
1474, -5.860915446799481, 4, 40.10766552807763, 314, 392213, 392213, 0.009652740322053432, 2.694723129272461
1475, -5.888785550254397, 4, 40.15152968512848, 317, 392530, 392530, 0.00978936068713665, 2.6921167373657227
1476, -5.251530789053504, 4, 40.16521607199684, 315, 392845, 392845, 0.010292296297848225, 2.687995433807373
1477, -5.714676629198948, 4, 40.182430856861174, 318, 393163, 393163, 0.011206630617380142, 2.6925950050354004
1478, -5.250527054769918, 2, 4.286717840936035, 30, 393193, 393193, 0.010835815221071243, 2.707443952560425
1479, -5.560508633207064, 4, 40.13087916793302, 317, 393510, 393510, 0.010524267330765724, 2.689605474472046
1480, -8.277960288454778, 2, 35.07829667394981, 277, 393787, 393787, 0.00948011688888073, 2.688688278198242
1481, -6.416696816875628, 4, 40.13580998685211, 317, 394104, 394104, 0.009767977520823479, 2.6867802143096924
1482, -5.926986599341035, 4, 40.0834929253906, 318, 394422, 394422, 0.010030170902609825, 2.6934187412261963
1483, -6.539898654649733, 4, 40.126637601759285, 317, 394739, 394739, 0.010544028133153915, 2.6919057369232178
1484, -6.404385512927547, 4, 40.36628682911396, 317, 395056, 395056, 0.010545712895691395, 2.6889142990112305
1485, -5.704504994839226, 2, 11.238776500802487, 86, 395142, 395142, 0.01122713927179575, 2.690844774246216
1486, -6.6606229646276915, 4, 40.09758985089138, 317, 395459, 395459, 0.010363206267356873, 2.6881723403930664
1487, -5.901900650991593, 4, 40.17999448487535, 318, 395777, 395777, 0.009477849118411541, 2.686593770980835
1488, -6.241283967043273, 2, 16.017381224781275, 124, 395901, 395901, 0.009560579434037209, 2.6836938858032227
1489, -5.907511595782125, 4, 40.12964732712135, 317, 396218, 396218, 0.009541204199194908, 2.684133529663086
1490, -6.302332810795633, 4, 40.10035129310563, 316, 396534, 396534, 0.009877645410597324, 2.6851415634155273
1491, -6.019859098945744, 4, 40.078876281157136, 317, 396851, 396851, 0.009606404229998589, 2.680495023727417
1492, -5.744062612589914, 4, 40.36466727918014, 318, 397169, 397169, 0.010068336501717567, 2.6886956691741943
1493, -5.237681879538286, 4, 40.11180317122489, 317, 397486, 397486, 0.009695012122392654, 2.6828453540802
1494, -5.0706411507605935, 4, 40.095756395254284, 317, 397803, 397803, 0.009930179454386234, 2.691901922225952
1495, -5.9488122870679945, 2, 11.903660525102168, 91, 397894, 397894, 0.011071347631514072, 2.6850719451904297
1496, -6.52556420017936, 4, 40.14489793498069, 317, 398211, 398211, 0.010679014958441257, 2.686293601989746
1497, -5.968044513312634, 4, 40.122221678029746, 315, 398526, 398526, 0.009911280125379562, 2.687633991241455
1498, -6.207920370958163, 2, 18.172951150219887, 141, 398667, 398667, 0.010079728439450264, 2.685832977294922
1499, -6.551848745817551, 4, 40.16193721909076, 317, 398984, 398984, 0.010797041468322277, 2.686018943786621
1500, -5.87044684542343, 4, 40.139281504787505, 303, 399287, 399287, 0.010697867721319199, 2.6801488399505615
1501, -7.6171497321047354, 2, 27.659373892005533, 211, 399498, 399498, 0.010681956075131893, 2.6761538982391357
1502, -5.898392944625812, 4, 40.20058460300788, 296, 399794, 399794, 0.010992254130542278, 2.6844685077667236
1503, -5.438986682594987, 4, 40.16781840426847, 293, 400087, 400087, 0.00978400744497776, 2.681854248046875
1504, -5.435158867388964, 4, 40.49670584127307, 290, 400377, 400377, 0.0099465511739254, 2.682255506515503
1505, -5.376803104096325, 4, 40.215444314759225, 304, 400681, 400681, 0.009934665635228157, 2.6836655139923096
1506, -5.457263573334785, 4, 40.15151690877974, 304, 400985, 400985, 0.009583480656147003, 2.6847481727600098
1507, -5.30054029476014, 4, 40.20563510013744, 304, 401289, 401289, 0.010260244831442833, 2.683871269226074
1508, -5.718945223066839, 4, 40.11480071302503, 317, 401606, 401606, 0.01009338814765215, 2.684487819671631
1509, -5.301616765282233, 4, 40.10181737365201, 302, 401908, 401908, 0.010439958423376083, 2.6799070835113525
1510, -5.6907753351842985, 2, 10.24963092803955, 76, 401984, 401984, 0.011558813974261284, 2.670928478240967
1511, -5.760164049192099, 4, 40.16136530414224, 297, 402281, 402281, 0.010955557227134705, 2.6808865070343018
1512, -5.243780996330315, 4, 40.22595686092973, 295, 402576, 402576, 0.009904613718390465, 2.684072732925415
1513, -6.110927128524054, 4, 40.16274584084749, 305, 402881, 402881, 0.011431433260440826, 2.676262617111206
1514, -5.9371326661494095, 4, 40.205213190056384, 297, 403178, 403178, 0.010251181200146675, 2.679280996322632
1515, -5.466458609589608, 4, 40.2137595997192, 313, 403491, 403491, 0.010567836463451385, 2.6777920722961426
1516, -6.7061839327870985, 2, 17.75240934593603, 128, 403619, 403619, 0.008936048485338688, 2.673872470855713
1517, -5.653405073899194, 4, 40.33782249875367, 305, 403924, 403924, 0.010844691656529903, 2.681610345840454
1518, -4.947121477314795, 4, 40.10744114872068, 297, 404221, 404221, 0.011197145096957684, 2.6787190437316895
1519, -5.627151121851057, 4, 40.19626015610993, 317, 404538, 404538, 0.009665091522037983, 2.6777098178863525
1520, -6.153243718203157, 4, 40.1619328269735, 317, 404855, 404855, 0.010645813308656216, 2.677393913269043
1521, -5.451427241554484, 4, 40.16577641759068, 311, 405166, 405166, 0.010808726772665977, 2.685023784637451
1522, -5.3046613026745035, 2, 7.709135085809976, 52, 405218, 405218, 0.00923119392246008, 2.6768603324890137
1523, -5.067256655253004, 4, 40.44042860297486, 300, 405518, 405518, 0.009788096882402897, 2.6764657497406006
1524, -6.18723804470801, 4, 40.44920755317435, 309, 405827, 405827, 0.009947250597178936, 2.6776301860809326
1525, -6.0024224727239925, 4, 40.240133120212704, 301, 406128, 406128, 0.009739851579070091, 2.677576780319214
1526, -8.94845782732591, 2, 34.85101519804448, 256, 406384, 406384, 0.00934987049549818, 2.685743808746338
1527, -7.344583351165056, 4, 40.16135237598792, 317, 406701, 406701, 0.008930814452469349, 2.678645133972168
1528, -6.025064281900995, 4, 40.130639095790684, 317, 407018, 407018, 0.009000926278531551, 2.6767895221710205
1529, -5.736720038607018, 4, 40.107589981053025, 317, 407335, 407335, 0.010019292123615742, 2.6784799098968506
1530, -6.340493402465654, 4, 40.12975653773174, 317, 407652, 407652, 0.011156468652188778, 2.6792120933532715
1531, -5.627643015992362, 4, 40.080939415842295, 316, 407968, 407968, 0.009954775683581829, 2.676157236099243
1532, -6.5231388291788335, 4, 40.0481282598339, 316, 408284, 408284, 0.009569824673235416, 2.6793406009674072
1533, -6.189170122641372, 4, 40.158350916113704, 317, 408601, 408601, 0.009794601239264011, 2.6836020946502686
1534, -6.162158246006584, 4, 40.13674881029874, 315, 408916, 408916, 0.010044258087873459, 2.6779944896698
1535, -6.175974082837456, 4, 40.16424324410036, 316, 409232, 409232, 0.01015555765479803, 2.6810455322265625
1536, -5.77400777162984, 4, 40.454096774570644, 315, 409547, 409547, 0.009626333601772785, 2.6819918155670166
1537, -5.699985172133893, 4, 40.14988968009129, 316, 409863, 409863, 0.010397263802587986, 2.6753034591674805
1538, -5.374688996693294, 4, 40.08958877297118, 316, 410179, 410179, 0.010034436360001564, 2.676832675933838
1539, -6.936536666937172, 4, 40.445336625445634, 319, 410498, 410498, 0.00998331792652607, 2.676853895187378
1540, -6.07243527637911, 4, 40.05987844290212, 315, 410813, 410813, 0.010140798054635525, 2.676959276199341
1541, -7.196272348985076, 4, 40.45163203775883, 319, 411132, 411132, 0.010751870460808277, 2.6747756004333496
1542, -6.149656559879077, 4, 40.1411568778567, 306, 411438, 411438, 0.010243239812552929, 2.676264524459839
1543, -8.876090693331207, 2, 39.18104457296431, 307, 411745, 411745, 0.01069821696728468, 2.676590919494629
1544, -5.2241733523551375, 4, 40.068739282898605, 315, 412060, 412060, 0.010260351002216339, 2.675808906555176
1545, -5.5804615780944005, 4, 40.36929967999458, 316, 412376, 412376, 0.00881210993975401, 2.6704673767089844
1546, -5.741392013762379, 4, 40.088736716192216, 314, 412690, 412690, 0.010368569754064083, 2.675342082977295
1547, -6.147516676486703, 4, 40.15665149688721, 317, 413007, 413007, 0.010259158909320831, 2.675961494445801
1548, -5.16875267715659, 4, 40.11978493118659, 315, 413322, 413322, 0.010499478317797184, 2.6776275634765625
1549, -5.040545513846155, 4, 40.13874618988484, 317, 413639, 413639, 0.010828141123056412, 2.6781020164489746
1550, -6.31557561748923, 4, 40.74140643281862, 319, 413958, 413958, 0.010079734958708286, 2.675565242767334
1551, -7.31767970402143, 2, 26.864214188884944, 211, 414169, 414169, 0.010297360830008984, 2.680354595184326
1552, -5.380619437011774, 4, 40.15551053080708, 317, 414486, 414486, 0.010031799785792828, 2.6774954795837402
1553, -5.009937817623722, 4, 40.054851648863405, 316, 414802, 414802, 0.009734596125781536, 2.6759235858917236
1554, -5.600177601998439, 4, 40.125268230680376, 317, 415119, 415119, 0.011169965378940105, 2.6819334030151367
1555, -5.226262162657804, 4, 40.06840365193784, 316, 415435, 415435, 0.009833410382270813, 2.679227113723755
1556, -5.536988150328398, 4, 40.17659687483683, 317, 415752, 415752, 0.010618526488542557, 2.6760952472686768
1557, -5.16531283675431, 4, 40.14232695708051, 314, 416066, 416066, 0.009990347549319267, 2.671030282974243
1558, -5.096262407198083, 4, 40.38471639016643, 315, 416381, 416381, 0.010509300976991653, 2.6800456047058105
1559, -5.298030328296591, 4, 40.45384545903653, 314, 416695, 416695, 0.009817087091505527, 2.670722246170044
1560, -6.151343536534114, 4, 40.46803511120379, 314, 417009, 417009, 0.009891067631542683, 2.6745426654815674
1561, -8.425126196350902, 2, 27.203500927891582, 210, 417219, 417219, 0.009692620486021042, 2.6712937355041504
1562, -5.941550069197547, 2, 14.960185491945595, 112, 417331, 417331, 0.009907880797982216, 2.6698381900787354
1563, -6.186622534354683, 4, 40.29767333576456, 313, 417644, 417644, 0.009772290475666523, 2.674262523651123
1564, -5.794167434491101, 4, 40.10737062199041, 314, 417958, 417958, 0.009481731802225113, 2.674344778060913
1565, -5.7291870365152135, 4, 40.18904119031504, 314, 418272, 418272, 0.010351275093853474, 2.6773953437805176
1566, -5.402453948394395, 4, 40.483630049042404, 315, 418587, 418587, 0.01052931696176529, 2.6733765602111816
1567, -8.39139538895688, 2, 33.613625950645655, 262, 418849, 418849, 0.00950678251683712, 2.6729981899261475
1568, -5.318478683126159, 4, 40.12346465187147, 313, 419162, 419162, 0.009756912477314472, 2.6784181594848633
1569, -5.606287715512735, 4, 40.15307377604768, 314, 419476, 419476, 0.009766754694283009, 2.6729133129119873
1570, -5.9076773633714765, 4, 40.08063474204391, 313, 419789, 419789, 0.011219014413654804, 2.674652576446533
1571, -5.827244395157322, 4, 40.09808834595606, 312, 420101, 420101, 0.009339092299342155, 2.6752398014068604
1572, -5.4330280111171305, 4, 40.228719908278435, 309, 420410, 420410, 0.009951080195605755, 2.677446126937866
1573, -7.908883138464262, 2, 36.649960733018816, 264, 420674, 420674, 0.010623770765960217, 2.6720244884490967
1574, -4.56754285749048, 4, 40.18439490906894, 302, 420976, 420976, 0.010186308063566685, 2.6850528717041016
1575, -5.794856307038572, 4, 40.444708523806185, 293, 421269, 421269, 0.010929510928690434, 2.675442695617676
1576, -5.340533243233949, 4, 40.129773613996804, 290, 421559, 421559, 0.01008690521121025, 2.6755177974700928
1577, -4.998175160093524, 4, 40.458096033893526, 299, 421858, 421858, 0.010853582061827183, 2.673710584640503
1578, -5.741969919879921, 4, 40.33382891770452, 315, 422173, 422173, 0.010227389633655548, 2.674159526824951
1579, -6.240187185845571, 4, 40.193105969112366, 316, 422489, 422489, 0.00998343899846077, 2.667482376098633
1580, -6.100451775215333, 4, 40.10805783374235, 312, 422801, 422801, 0.010859961621463299, 2.6708648204803467
1581, -6.571674932783935, 4, 40.08374589215964, 317, 423118, 423118, 0.010061045177280903, 2.6727545261383057
1582, -5.575136956147617, 4, 40.115147666074336, 314, 423432, 423432, 0.009146344847977161, 2.673581123352051
1583, -6.138810453223414, 4, 40.10790393687785, 317, 423749, 423749, 0.011039940640330315, 2.669675827026367
1584, -5.462113854846393, 2, 8.37167663499713, 63, 423812, 423812, 0.007500448729842901, 2.6669325828552246
1585, -6.708663158322452, 4, 40.14027099125087, 317, 424129, 424129, 0.010537880472838879, 2.674255132675171
1586, -6.0935921327909455, 4, 40.11291674291715, 317, 424446, 424446, 0.01109203603118658, 2.663975477218628
1587, -6.02964591071941, 4, 40.125994785223156, 317, 424763, 424763, 0.01092782523483038, 2.665956735610962
1588, -7.042416192649398, 2, 22.27241429965943, 174, 424937, 424937, 0.009401938877999783, 2.6660149097442627
1589, -5.625757119210903, 4, 40.39582019019872, 319, 425256, 425256, 0.010700648650527, 2.669217109680176
1590, -5.603522912540939, 4, 40.16480424720794, 317, 425573, 425573, 0.010229705832898617, 2.6668667793273926
1591, -5.692472276103217, 4, 40.06789938593283, 317, 425890, 425890, 0.009958832524716854, 2.6676557064056396
1592, -6.008680529848789, 4, 40.480393640697, 320, 426210, 426210, 0.010890701785683632, 2.6674647331237793
1593, -5.514442073676037, 4, 40.10715086106211, 317, 426527, 426527, 0.009296243079006672, 2.669027805328369
1594, -5.431245782529004, 4, 40.145122656133026, 317, 426844, 426844, 0.010728537105023861, 2.6694376468658447
1595, -7.557986302534118, 2, 26.86729839676991, 211, 427055, 427055, 0.00968172401189804, 2.669346570968628
1596, -5.576804892509244, 4, 40.1319591938518, 317, 427372, 427372, 0.009961048141121864, 2.6657910346984863
1597, -7.806427161820466, 4, 40.176267175003886, 314, 427686, 427686, 0.010821203701198101, 2.6685726642608643
1598, -5.667442860081792, 4, 40.093074226751924, 314, 428000, 428000, 0.009408554062247276, 2.670405387878418
1599, -5.5026063487894135, 4, 40.0872367718257, 316, 428316, 428316, 0.010712378658354282, 2.6745171546936035
1600, -6.533330273174215, 4, 40.10246149497107, 317, 428633, 428633, 0.010205446742475033, 2.667693853378296
1601, -5.94947704198421, 4, 40.09798470791429, 317, 428950, 428950, 0.01031955610960722, 2.6683509349823
1602, -5.885909167351201, 4, 40.108221563044935, 316, 429266, 429266, 0.010688413865864277, 2.6698219776153564
1603, -5.892255808561458, 4, 40.10025922488421, 317, 429583, 429583, 0.009820285253226757, 2.6723694801330566
1604, -5.404430307738949, 4, 40.23997810296714, 318, 429901, 429901, 0.010499871335923672, 2.6756398677825928
1605, -5.358033427692135, 4, 40.16042053885758, 317, 430218, 430218, 0.009848198853433132, 2.6660969257354736
1606, -6.283876194967888, 4, 40.120698757935315, 317, 430535, 430535, 0.010434620082378387, 2.6641640663146973
1607, -6.149099591362756, 4, 40.16820554807782, 317, 430852, 430852, 0.011088721454143524, 2.669734477996826
1608, -5.968585760878341, 4, 40.422190845012665, 317, 431169, 431169, 0.011568579822778702, 2.670133113861084
1609, -5.622864290344296, 4, 40.46252481685951, 318, 431487, 431487, 0.011090319603681564, 2.669466257095337
1610, -5.95060892222682, 4, 40.07477888977155, 316, 431803, 431803, 0.00968717597424984, 2.668588161468506
1611, -6.274093784173601, 4, 40.13219883618876, 317, 432120, 432120, 0.01033469382673502, 2.6720824241638184
1612, -5.52073340586503, 4, 40.40025975042954, 319, 432439, 432439, 0.010919773019850254, 2.6656761169433594
1613, -5.697212974453578, 4, 40.120384853798896, 317, 432756, 432756, 0.00945357233285904, 2.667855978012085
1614, -7.161435562527913, 4, 40.104893426876515, 315, 433071, 433071, 0.010425091721117496, 2.6589736938476562
1615, -6.554634530875774, 4, 40.1374572920613, 317, 433388, 433388, 0.010423875413835049, 2.6669929027557373
1616, -5.694360705114377, 4, 40.417768048122525, 319, 433707, 433707, 0.010758686810731888, 2.6657872200012207
1617, -6.290138745418517, 4, 40.169897431042045, 317, 434024, 434024, 0.010109793394804, 2.6654131412506104
1618, -6.452654261374846, 4, 40.11885864287615, 317, 434341, 434341, 0.010764691978693008, 2.6677865982055664
1619, -5.726398517843336, 4, 40.163129372987896, 317, 434658, 434658, 0.010105186142027378, 2.6664772033691406
1620, -6.0617696518093, 4, 40.32793071400374, 318, 434976, 434976, 0.011002457700669765, 2.6609835624694824
1621, -5.341402983787702, 4, 40.09026757674292, 317, 435293, 435293, 0.009974612854421139, 2.6598615646362305
1622, -6.012288304984395, 4, 40.12993605574593, 317, 435610, 435610, 0.010489416308701038, 2.664780378341675
1623, -5.615078359725885, 4, 40.14778728177771, 317, 435927, 435927, 0.009863421320915222, 2.6616053581237793
1624, -5.853698329476174, 4, 40.3796606939286, 315, 436242, 436242, 0.009777582250535488, 2.6603777408599854
1625, -5.752441182354232, 4, 40.113109230063856, 315, 436557, 436557, 0.011103132739663124, 2.6590921878814697
1626, -6.1461710560543, 4, 40.188229594845325, 317, 436874, 436874, 0.009890773333609104, 2.6607697010040283
1627, -5.600809978845064, 4, 40.11650955863297, 315, 437189, 437189, 0.01074935682117939, 2.6621689796447754
1628, -6.188408180139959, 4, 40.12482553208247, 317, 437506, 437506, 0.01045138482004404, 2.6613807678222656
1629, -5.100303431623615, 4, 40.1412302358076, 317, 437823, 437823, 0.010793489404022694, 2.664276123046875
1630, -5.960715123030241, 4, 40.15192623902112, 317, 438140, 438140, 0.009998305700719357, 2.659505605697632
1631, -5.233151542022824, 4, 40.08645167108625, 317, 438457, 438457, 0.010926314629614353, 2.659487009048462
1632, -5.498677760042483, 4, 40.12698187306523, 317, 438774, 438774, 0.009405374526977539, 2.66389799118042
1633, -6.361463870154694, 4, 40.07540822867304, 316, 439090, 439090, 0.01007978618144989, 2.6630163192749023
1634, -6.255501775536686, 4, 40.11990855494514, 315, 439405, 439405, 0.011577903293073177, 2.659219980239868
1635, -5.24637407285627, 4, 40.125808832235634, 317, 439722, 439722, 0.010918708518147469, 2.661620855331421
1636, -5.6892035414639395, 4, 40.15369826182723, 317, 440039, 440039, 0.010024451650679111, 2.658738613128662
1637, -5.931634485234099, 4, 40.185416008811444, 317, 440356, 440356, 0.009822377935051918, 2.6656014919281006
1638, -5.772301755001536, 4, 40.16552435327321, 317, 440673, 440673, 0.01008154358714819, 2.6669397354125977
1639, -6.795160655863583, 2, 21.672459887340665, 169, 440842, 440842, 0.010651702992618084, 2.666062831878662
1640, -5.730020053357293, 4, 40.11600671289489, 317, 441159, 441159, 0.01017737202346325, 2.6643781661987305
1641, -5.795595995965414, 4, 40.171949843876064, 317, 441476, 441476, 0.010025575757026672, 2.666369915008545
1642, -5.7599229023908265, 4, 40.15556771680713, 317, 441793, 441793, 0.011660388670861721, 2.6625137329101562
1643, -6.141959029555437, 4, 40.11803254624829, 317, 442110, 442110, 0.010312465950846672, 2.6602284908294678
1644, -5.902613037324045, 4, 40.084446489810944, 316, 442426, 442426, 0.010117647238075733, 2.6585018634796143
1645, -5.179637879773509, 4, 40.068301694002, 309, 442735, 442735, 0.01125392597168684, 2.6606943607330322
1646, -5.44310085021425, 4, 40.06634752592072, 316, 443051, 443051, 0.009768000803887844, 2.6606738567352295
1647, -6.735155093163485, 4, 40.08877488458529, 316, 443367, 443367, 0.010346034541726112, 2.657564401626587
1648, -6.475998523623275, 4, 40.134197229053825, 317, 443684, 443684, 0.009960854426026344, 2.661719799041748
1649, -5.9598809559538495, 4, 40.49836313026026, 319, 444003, 444003, 0.0096975639462471, 2.656187057495117
1650, -5.804878557183656, 4, 40.16290945792571, 317, 444320, 444320, 0.008861520327627659, 2.6604177951812744
1651, -7.2159666163388465, 2, 24.685669396072626, 192, 444512, 444512, 0.009858611039817333, 2.658494710922241
1652, -5.622071422898443, 4, 40.13392970105633, 316, 444828, 444828, 0.01016621757298708, 2.658596992492676
1653, -6.194067828990228, 4, 40.54036274086684, 316, 445144, 445144, 0.010267728939652443, 2.6548802852630615
1654, -6.227700681018177, 4, 40.072138502728194, 313, 445457, 445457, 0.010649186559021473, 2.6530368328094482
1655, -5.024587704858277, 4, 40.08260243665427, 310, 445767, 445767, 0.010295024141669273, 2.6515395641326904
1656, -5.8290198990143836, 4, 40.06712671928108, 312, 446079, 446079, 0.010280155576765537, 2.6511080265045166
1657, -6.790556212887168, 4, 40.08613847196102, 313, 446392, 446392, 0.009663138538599014, 2.656373977661133
1658, -5.901819070451893, 4, 40.20295951887965, 314, 446706, 446706, 0.009513931348919868, 2.655139207839966
1659, -6.9619993679225445, 4, 40.14309073286131, 314, 447020, 447020, 0.009914670139551163, 2.6494333744049072
1660, -5.88233203033451, 4, 40.11932058259845, 313, 447333, 447333, 0.009653679095208645, 2.6503610610961914
1661, -5.616807650862029, 4, 40.13961695879698, 313, 447646, 447646, 0.009621839970350266, 2.656757116317749
1662, -5.048785917089845, 4, 40.12005931697786, 313, 447959, 447959, 0.011183230206370354, 2.6524107456207275
1663, -5.978585808421485, 4, 40.42611399991438, 314, 448273, 448273, 0.009716544300317764, 2.650785207748413
1664, -6.040497599737137, 4, 40.20785025181249, 314, 448587, 448587, 0.010827545076608658, 2.6530003547668457
1665, -8.075403380826174, 2, 31.15599886700511, 242, 448829, 448829, 0.009477448649704456, 2.6517698764801025
1666, -5.77542996064949, 4, 40.132361730095, 313, 449142, 449142, 0.010556427761912346, 2.650404453277588
1667, -6.240728836506605, 4, 40.12684267107397, 313, 449455, 449455, 0.010310930199921131, 2.652437448501587
1668, -5.8025112065370195, 4, 40.51829496724531, 316, 449771, 449771, 0.009480662643909454, 2.6465976238250732
1669, -5.445567577611655, 2, 7.101139412261546, 52, 449823, 449823, 0.009012489579617977, 2.648571014404297
1670, -5.36350597901037, 4, 40.1588522028178, 313, 450136, 450136, 0.01019277237355709, 2.6523571014404297
1671, -5.517364141065627, 4, 40.140336834825575, 312, 450448, 450448, 0.010267716832458973, 2.6577863693237305
1672, -6.302214744369849, 4, 40.10136109776795, 313, 450761, 450761, 0.009955884888768196, 2.6484534740448
1673, -5.723434326588176, 4, 40.447856567334384, 314, 451075, 451075, 0.011002940125763416, 2.644331455230713
1674, -6.173667321763787, 4, 40.16803635470569, 313, 451388, 451388, 0.0106406444683671, 2.6428403854370117
1675, -5.941803871770389, 4, 40.10950611485168, 313, 451701, 451701, 0.009296782314777374, 2.6449978351593018
1676, -6.2384881165926345, 4, 40.167574422899634, 311, 452012, 452012, 0.009371950291097164, 2.647465467453003
1677, -6.157673501984391, 4, 40.12187193706632, 313, 452325, 452325, 0.010228420607745647, 2.6463348865509033
1678, -5.60627561842557, 4, 40.151035993825644, 313, 452638, 452638, 0.010930478572845459, 2.6477601528167725
1679, -5.23797329806257, 4, 40.1249764142558, 313, 452951, 452951, 0.010364705696702003, 2.652798652648926
1680, -5.11244049371453, 4, 40.15399938123301, 313, 453264, 453264, 0.010318725369870663, 2.6421797275543213
1681, -6.133230486768298, 4, 40.370405884925276, 313, 453577, 453577, 0.009861144237220287, 2.6484713554382324
1682, -5.606197865214199, 4, 40.18811322096735, 313, 453890, 453890, 0.009774354286491871, 2.6433844566345215
1683, -5.346030044485815, 4, 40.16609525959939, 313, 454203, 454203, 0.009305836632847786, 2.643876552581787
1684, -5.2968487868783996, 4, 40.17549626994878, 313, 454516, 454516, 0.009555840864777565, 2.640810251235962
1685, -5.364882591471542, 4, 40.15226772101596, 313, 454829, 454829, 0.00986421201378107, 2.6443071365356445
1686, -5.674155436194269, 4, 40.502307064365596, 316, 455145, 455145, 0.01039418950676918, 2.6349685192108154
1687, -5.9840643020843345, 4, 40.1659641568549, 313, 455458, 455458, 0.010161159560084343, 2.647806167602539
1688, -5.717258506319013, 4, 40.101057374849916, 313, 455771, 455771, 0.01033647358417511, 2.6491641998291016
1689, -6.369055215676781, 4, 40.17517873784527, 313, 456084, 456084, 0.010712949559092522, 2.646211862564087
1690, -5.508507842358085, 4, 40.48236507084221, 316, 456400, 456400, 0.009294250048696995, 2.641191244125366
1691, -7.2916480312123895, 4, 40.1223617666401, 317, 456717, 456717, 0.00949056725949049, 2.635721445083618
1692, -6.95388263091445, 4, 40.28895334294066, 318, 457035, 457035, 0.010750114917755127, 2.6391537189483643
1693, -5.7431862294033635, 4, 40.10178744606674, 315, 457350, 457350, 0.010512180626392365, 2.6435441970825195
1694, -5.964419517287752, 4, 40.10704050306231, 316, 457666, 457666, 0.009327001869678497, 2.6438229084014893
1695, -6.002519903529901, 4, 40.100452232174575, 316, 457982, 457982, 0.01071858685463667, 2.6360204219818115
1696, -5.8015119999327, 4, 40.115129408892244, 316, 458298, 458298, 0.009412565268576145, 2.6430671215057373
1697, -6.33126008202089, 4, 40.130650462117046, 316, 458614, 458614, 0.01041446253657341, 2.6362345218658447
1698, -5.919022419118846, 4, 40.191964629106224, 316, 458930, 458930, 0.011034831404685974, 2.6381874084472656
1699, -5.633209901105147, 4, 40.096032372675836, 315, 459245, 459245, 0.009478691965341568, 2.6328229904174805
1700, -6.666280666133389, 4, 40.119712135754526, 316, 459561, 459561, 0.010556168854236603, 2.630587100982666
1701, -5.839995994931087, 4, 40.12594661582261, 316, 459877, 459877, 0.010928553529083729, 2.6334924697875977
1702, -5.686406157779857, 4, 40.119880793150514, 316, 460193, 460193, 0.009365951642394066, 2.632329225540161
1703, -5.171186853534891, 4, 40.119383392855525, 316, 460509, 460509, 0.009334776550531387, 2.6380908489227295
1704, -5.909899338934338, 4, 40.15777718601748, 316, 460825, 460825, 0.008683742955327034, 2.6323277950286865
1705, -5.861614178225864, 4, 40.1612593960017, 315, 461140, 461140, 0.010118486359715462, 2.634178400039673
1706, -5.054697604420653, 4, 40.161076518241316, 316, 461456, 461456, 0.009655154310166836, 2.632192373275757
1707, -5.665213462692918, 4, 40.13217247929424, 314, 461770, 461770, 0.0102241737768054, 2.6279821395874023
1708, -5.348853369243443, 4, 40.18350175302476, 317, 462087, 462087, 0.009745456278324127, 2.635927677154541
1709, -5.252233456398244, 4, 40.075645338743925, 316, 462403, 462403, 0.0109782163053751, 2.6350018978118896
1710, -6.223220434971154, 4, 40.17744308011606, 317, 462720, 462720, 0.01027302909642458, 2.63688588142395
1711, -5.2944467931229156, 4, 40.10020429035649, 316, 463036, 463036, 0.009671904146671295, 2.6318225860595703
1712, -5.584685045294464, 4, 40.15107029816136, 316, 463352, 463352, 0.009739825502038002, 2.6318304538726807
1713, -5.904219208618088, 4, 40.142720468807966, 317, 463669, 463669, 0.009990375488996506, 2.6305365562438965
1714, -5.522982966649579, 4, 40.135798681061715, 316, 463985, 463985, 0.00916507001966238, 2.635929822921753
1715, -5.166792329349846, 4, 40.13579295575619, 316, 464301, 464301, 0.010518460534512997, 2.631951332092285
1716, -5.662496303761145, 4, 40.14645005436614, 316, 464617, 464617, 0.010341896675527096, 2.6287319660186768
1717, -5.6411837049236055, 4, 40.15990067087114, 314, 464931, 464931, 0.010516064241528511, 2.628772258758545
1718, -6.17829168245953, 4, 40.1051874239929, 316, 465247, 465247, 0.009678971022367477, 2.6321916580200195
1719, -5.828255500382511, 4, 40.18317794892937, 316, 465563, 465563, 0.009515696205198765, 2.6270911693573
1720, -6.5532692335837055, 4, 40.137330915778875, 315, 465878, 465878, 0.009563655592501163, 2.63177752494812
1721, -5.403714487329125, 4, 40.103970035910606, 316, 466194, 466194, 0.010166994296014309, 2.6293370723724365
1722, -6.370842899588752, 4, 40.15334757696837, 316, 466510, 466510, 0.010308426804840565, 2.6239075660705566
1723, -7.068426037032623, 2, 24.461386733222753, 189, 466699, 466699, 0.009444735944271088, 2.613823175430298
1724, -5.331774232414318, 4, 40.10669096279889, 316, 467015, 467015, 0.009924489073455334, 2.6210415363311768
1725, -6.2714949457440525, 4, 40.07642608508468, 316, 467331, 467331, 0.009283768013119698, 2.6235687732696533
1726, -5.446572587010451, 4, 40.13834858313203, 313, 467644, 467644, 0.009556921198964119, 2.625730276107788
1727, -6.317083208472468, 4, 40.105867272708565, 312, 467956, 467956, 0.009730822406709194, 2.6163384914398193
1728, -5.856186924735084, 4, 40.39668039511889, 318, 468274, 468274, 0.01047187764197588, 2.626980781555176
1729, -5.912346634897403, 4, 40.12845950527117, 316, 468590, 468590, 0.009506030939519405, 2.6221487522125244
1730, -6.33151696708228, 4, 40.130195723846555, 316, 468906, 468906, 0.00973753072321415, 2.6225337982177734
1731, -5.514513550791889, 4, 40.09820156684145, 316, 469222, 469222, 0.010081491433084011, 2.6187806129455566
1732, -6.702019607037073, 4, 40.10502444440499, 315, 469537, 469537, 0.010708916932344437, 2.621983528137207
1733, -6.278383701901475, 4, 40.12213746691123, 315, 469852, 469852, 0.009968687780201435, 2.622295618057251
1734, -5.774651572806761, 4, 40.062047274783254, 313, 470165, 470165, 0.010634453035891056, 2.6211724281311035
1735, -5.945185931050219, 4, 40.10294838715345, 316, 470481, 470481, 0.009156416170299053, 2.6179895401000977
1736, -6.606615140015492, 4, 40.16978553310037, 316, 470797, 470797, 0.009392045438289642, 2.615448236465454
1737, -6.302561703370884, 4, 40.06672896910459, 316, 471113, 471113, 0.010996846482157707, 2.6219823360443115
1738, -5.756865453544378, 4, 40.178176490124315, 316, 471429, 471429, 0.009614307433366776, 2.6182785034179688
1739, -6.0866933047364, 4, 40.156811125110835, 316, 471745, 471745, 0.009702742099761963, 2.6145989894866943
1740, -6.485772189174895, 4, 40.12953767878935, 313, 472058, 472058, 0.009219193831086159, 2.6234209537506104
1741, -6.629420396871865, 4, 40.09495934192091, 316, 472374, 472374, 0.011036249808967113, 2.6149027347564697
1742, -5.951390284346417, 4, 40.07426626421511, 315, 472689, 472689, 0.009669603779911995, 2.619565725326538
1743, -6.0187074304849375, 4, 40.40468295523897, 318, 473007, 473007, 0.01036860328167677, 2.614084243774414
1744, -5.994349287850127, 4, 40.09710130188614, 313, 473320, 473320, 0.009906158782541752, 2.612318515777588
1745, -5.729717274138238, 4, 40.13747855182737, 316, 473636, 473636, 0.008589714765548706, 2.6127431392669678
1746, -7.798117328202352, 2, 29.217925096862018, 226, 473862, 473862, 0.010429475456476212, 2.611398935317993
1747, -5.934984352995343, 4, 40.07926155719906, 314, 474176, 474176, 0.00966061931103468, 2.614553451538086
1748, -5.634205077367369, 4, 40.20497786300257, 316, 474492, 474492, 0.009566734544932842, 2.6164119243621826
1749, -6.714757205976639, 4, 40.06859426712617, 313, 474805, 474805, 0.010456564836204052, 2.612616777420044
1750, -5.670857693803555, 4, 40.43048069393262, 312, 475117, 475117, 0.009917469695210457, 2.610975503921509
1751, -6.342803273815662, 4, 40.137168602086604, 313, 475430, 475430, 0.01032432820647955, 2.611618995666504
1752, -5.604949980162928, 4, 40.098177403211594, 312, 475742, 475742, 0.010516918264329433, 2.61468768119812
1753, -6.394873475775967, 4, 40.16579814720899, 313, 476055, 476055, 0.010112741030752659, 2.605468988418579
1754, -5.65864963439526, 4, 40.16825254773721, 313, 476368, 476368, 0.009275875985622406, 2.612043857574463
1755, -6.308049883984495, 4, 40.166391043923795, 313, 476681, 476681, 0.010214674286544323, 2.6065332889556885
1756, -5.700235013573547, 4, 40.13215826777741, 312, 476993, 476993, 0.011113174259662628, 2.6098620891571045
1757, -5.700443971843924, 4, 40.11657558288425, 312, 477305, 477305, 0.009508077055215836, 2.6023051738739014
1758, -5.787233076989651, 4, 40.10473835282028, 312, 477617, 477617, 0.009642066434025764, 2.6099069118499756
1759, -5.937032797053689, 4, 40.128583958838135, 312, 477929, 477929, 0.009252576157450676, 2.608036518096924
1760, -5.8093075926590245, 4, 40.09842302976176, 312, 478241, 478241, 0.010265432298183441, 2.6071314811706543
1761, -5.74357714256621, 4, 40.12295974930748, 312, 478553, 478553, 0.008787578903138638, 2.606131076812744
1762, -6.243089107883861, 4, 40.14863541116938, 313, 478866, 478866, 0.009449880570173264, 2.6061275005340576
1763, -6.248665247781901, 4, 40.075958070810884, 312, 479178, 479178, 0.01074930652976036, 2.602138042449951
1764, -5.943274442397524, 4, 40.20071145705879, 310, 479488, 479488, 0.00980012770742178, 2.602991819381714
1765, -5.986442244149657, 4, 40.15786764211953, 313, 479801, 479801, 0.010905331932008266, 2.6040732860565186
1766, -5.706312029069522, 4, 40.18968100612983, 313, 480114, 480114, 0.01036103069782257, 2.6079578399658203
1767, -7.463037366978824, 4, 40.080385928973556, 313, 480427, 480427, 0.01005584467202425, 2.600253105163574
1768, -5.463474652940931, 4, 40.084289432968944, 312, 480739, 480739, 0.009898439981043339, 2.599961280822754
1769, -6.354470373829827, 4, 40.07591370679438, 312, 481051, 481051, 0.01052770670503378, 2.6000237464904785
1770, -6.0724125121414545, 4, 40.13140627928078, 310, 481361, 481361, 0.009647415950894356, 2.6018753051757812
1771, -5.17765224831237, 2, 4.3304218868725, 30, 481391, 481391, 0.009120558388531208, 2.596078634262085
1772, -5.556425999824569, 4, 40.205057041719556, 312, 481703, 481703, 0.010466893203556538, 2.6034398078918457
1773, -5.335268185735913, 4, 40.18742238683626, 313, 482016, 482016, 0.009641628712415695, 2.5976791381835938
1774, -5.471326058846898, 4, 40.138284081127495, 313, 482329, 482329, 0.009287003427743912, 2.6010570526123047
1775, -5.806189228827861, 4, 40.37662034481764, 313, 482642, 482642, 0.009700899012386799, 2.5973660945892334
1776, -5.645760613726452, 4, 40.07849967991933, 312, 482954, 482954, 0.010094454512000084, 2.592519998550415
1777, -5.28848978393944, 4, 40.10699431784451, 312, 483266, 483266, 0.010022581554949284, 2.592672109603882
1778, -7.792329764808528, 2, 28.11193085508421, 217, 483483, 483483, 0.009644418023526669, 2.593745231628418
1779, -6.095765308942646, 4, 40.09093235479668, 312, 483795, 483795, 0.0095933573320508, 2.59591007232666
1780, -9.376510717964265, 2, 37.43824464967474, 290, 484085, 484085, 0.01010083220899105, 2.5950303077697754
1781, -5.695560024119914, 4, 40.17605346115306, 313, 484398, 484398, 0.010191435925662518, 2.597377061843872
1782, -6.4715499535841445, 2, 19.171448018867522, 147, 484545, 484545, 0.009376764297485352, 2.596172332763672
1783, -6.729301046521869, 4, 40.18427621386945, 313, 484858, 484858, 0.009063484147191048, 2.595611572265625
1784, -5.350549982729717, 4, 40.11080398503691, 312, 485170, 485170, 0.010774738155305386, 2.5911591053009033
1785, -10.658366154297255, 2, 37.7956052753143, 294, 485464, 485464, 0.009722206741571426, 2.5934765338897705
1786, -6.788048411021009, 4, 40.10810139076784, 311, 485775, 485775, 0.009538540616631508, 2.5893189907073975
1787, -6.020260413002688, 4, 40.079616939183325, 312, 486087, 486087, 0.010143064893782139, 2.5870401859283447
1788, -5.416050772997551, 4, 40.13398851500824, 310, 486397, 486397, 0.010365881957113743, 2.5852181911468506
1789, -5.81779383844696, 4, 40.10007195873186, 312, 486709, 486709, 0.010468763299286366, 2.581979751586914
1790, -5.697070940310368, 4, 40.11330638593063, 311, 487020, 487020, 0.009722167626023293, 2.5867645740509033
1791, -5.59542396258621, 4, 40.1348396781832, 313, 487333, 487333, 0.008675526827573776, 2.5848543643951416
1792, -5.661194275366142, 4, 40.17464166600257, 310, 487643, 487643, 0.0096534239128232, 2.5844218730926514
1793, -5.601756001662579, 4, 40.41570780612528, 312, 487955, 487955, 0.01024085097014904, 2.5854060649871826
1794, -5.976256870839279, 4, 40.096258054021746, 310, 488265, 488265, 0.011330835521221161, 2.5883731842041016
1795, -5.844384300289676, 4, 40.13473020168021, 310, 488575, 488575, 0.00981835089623928, 2.5842623710632324
1796, -5.287851880420931, 4, 40.109502700623125, 312, 488887, 488887, 0.009837046265602112, 2.583209753036499
1797, -5.931831052563211, 4, 40.14483643788844, 312, 489199, 489199, 0.00976504199206829, 2.580648899078369
1798, -8.32577333206791, 2, 29.756693960167468, 231, 489430, 489430, 0.010514532215893269, 2.582439661026001
