[0.109s] DEBUG:colcon:Command line arguments: ['/usr/bin/colcon', 'build']
[0.109s] DEBUG:colcon:Parsed command line arguments: Namespace(log_base=None, log_level=None, verb_name='build', build_base='build', install_base='install', merge_install=False, symlink_install=False, test_result_base=None, continue_on_error=False, executor='parallel', parallel_workers=20, event_handlers=None, ignore_user_meta=False, metas=['./colcon.meta'], base_paths=['.'], packages_ignore=None, packages_ignore_regex=None, paths=None, packages_up_to=None, packages_up_to_regex=None, packages_above=None, packages_above_and_dependencies=None, packages_above_depth=None, packages_select_by_dep=None, packages_skip_by_dep=None, packages_skip_up_to=None, packages_select_build_failed=False, packages_skip_build_finished=False, packages_select_test_failures=False, packages_skip_test_passed=False, packages_select=None, packages_skip=None, packages_select_regex=None, packages_skip_regex=None, packages_start=None, packages_end=None, cmake_args=None, cmake_target=None, cmake_target_skip_unavailable=False, cmake_clean_cache=False, cmake_clean_first=False, cmake_force_configure=False, ament_cmake_args=None, catkin_cmake_args=None, catkin_skip_building_tests=False, mixin_files=None, mixin=None, verb_parser=<colcon_mixin.mixin.mixin_argument.MixinArgumentDecorator object at 0x74038c84d5e0>, verb_extension=<colcon_core.verb.build.BuildVerb object at 0x74038c84d2e0>, main=<bound method BuildVerb.main of <colcon_core.verb.build.BuildVerb object at 0x74038c84d2e0>>, mixin_verb=('build',))
[0.147s] Level 1:colcon.colcon_core.package_discovery:discover_packages(colcon_meta) check parameters
[0.148s] INFO:colcon.colcon_metadata.package_discovery.colcon_meta:Using configuration from '/root/.colcon/metadata/default/Gazebo.meta'
[0.148s] INFO:colcon.colcon_metadata.package_discovery.colcon_meta:Using configuration from '/root/.colcon/metadata/default/fastdds.meta'
[0.148s] INFO:colcon.colcon_metadata.package_discovery.colcon_meta:Using configuration from '/root/.colcon/metadata/default/fastrtps.meta'
[0.148s] Level 1:colcon.colcon_core.package_discovery:discover_packages(recursive) check parameters
[0.148s] Level 1:colcon.colcon_core.package_discovery:discover_packages(ignore) check parameters
[0.148s] Level 1:colcon.colcon_core.package_discovery:discover_packages(path) check parameters
[0.148s] Level 1:colcon.colcon_core.package_discovery:discover_packages(colcon_meta) discover
[0.149s] Level 1:colcon.colcon_core.package_discovery:discover_packages(recursive) discover
[0.149s] INFO:colcon.colcon_core.package_discovery:Crawling recursively for packages in '/home/javierac/create3_ws'
[0.149s] Level 1:colcon.colcon_core.package_identification:_identify(.) by extensions ['ignore', 'ignore_ament_install']
[0.149s] Level 1:colcon.colcon_core.package_identification:_identify(.) by extension 'ignore'
[0.149s] Level 1:colcon.colcon_core.package_identification:_identify(.) by extension 'ignore_ament_install'
[0.149s] Level 1:colcon.colcon_core.package_identification:_identify(.) by extensions ['colcon_pkg']
[0.149s] Level 1:colcon.colcon_core.package_identification:_identify(.) by extension 'colcon_pkg'
[0.149s] Level 1:colcon.colcon_core.package_identification:_identify(.) by extensions ['colcon_meta']
[0.149s] Level 1:colcon.colcon_core.package_identification:_identify(.) by extension 'colcon_meta'
[0.149s] Level 1:colcon.colcon_core.package_identification:_identify(.) by extensions ['ros']
[0.149s] Level 1:colcon.colcon_core.package_identification:_identify(.) by extension 'ros'
[0.175s] Level 1:colcon.colcon_core.package_identification:_identify(.) by extensions ['cmake', 'python']
[0.175s] Level 1:colcon.colcon_core.package_identification:_identify(.) by extension 'cmake'
[0.175s] Level 1:colcon.colcon_core.package_identification:_identify(.) by extension 'python'
[0.175s] Level 1:colcon.colcon_core.package_identification:_identify(.) by extensions ['python_setup_py']
[0.175s] Level 1:colcon.colcon_core.package_identification:_identify(.) by extension 'python_setup_py'
[0.175s] Level 1:colcon.colcon_core.package_identification:_identify(build) by extensions ['ignore', 'ignore_ament_install']
[0.176s] Level 1:colcon.colcon_core.package_identification:_identify(build) by extension 'ignore'
[0.176s] Level 1:colcon.colcon_core.package_identification:_identify(build) ignored
[0.176s] Level 1:colcon.colcon_core.package_identification:_identify(install) by extensions ['ignore', 'ignore_ament_install']
[0.176s] Level 1:colcon.colcon_core.package_identification:_identify(install) by extension 'ignore'
[0.176s] Level 1:colcon.colcon_core.package_identification:_identify(install) ignored
[0.176s] Level 1:colcon.colcon_core.package_identification:_identify(log) by extensions ['ignore', 'ignore_ament_install']
[0.176s] Level 1:colcon.colcon_core.package_identification:_identify(log) by extension 'ignore'
[0.176s] Level 1:colcon.colcon_core.package_identification:_identify(log) ignored
[0.176s] Level 1:colcon.colcon_core.package_identification:_identify(src) by extensions ['ignore', 'ignore_ament_install']
[0.176s] Level 1:colcon.colcon_core.package_identification:_identify(src) by extension 'ignore'
[0.176s] Level 1:colcon.colcon_core.package_identification:_identify(src) by extension 'ignore_ament_install'
[0.176s] Level 1:colcon.colcon_core.package_identification:_identify(src) by extensions ['colcon_pkg']
[0.176s] Level 1:colcon.colcon_core.package_identification:_identify(src) by extension 'colcon_pkg'
[0.176s] Level 1:colcon.colcon_core.package_identification:_identify(src) by extensions ['colcon_meta']
[0.176s] Level 1:colcon.colcon_core.package_identification:_identify(src) by extension 'colcon_meta'
[0.176s] Level 1:colcon.colcon_core.package_identification:_identify(src) by extensions ['ros']
[0.176s] Level 1:colcon.colcon_core.package_identification:_identify(src) by extension 'ros'
[0.176s] Level 1:colcon.colcon_core.package_identification:_identify(src) by extensions ['cmake', 'python']
[0.176s] Level 1:colcon.colcon_core.package_identification:_identify(src) by extension 'cmake'
[0.177s] Level 1:colcon.colcon_core.package_identification:_identify(src) by extension 'python'
[0.177s] Level 1:colcon.colcon_core.package_identification:_identify(src) by extensions ['python_setup_py']
[0.177s] Level 1:colcon.colcon_core.package_identification:_identify(src) by extension 'python_setup_py'
[0.177s] Level 1:colcon.colcon_core.package_identification:_identify(src/irobot_create_common) by extensions ['ignore', 'ignore_ament_install']
[0.177s] Level 1:colcon.colcon_core.package_identification:_identify(src/irobot_create_common) by extension 'ignore'
[0.177s] Level 1:colcon.colcon_core.package_identification:_identify(src/irobot_create_common) by extension 'ignore_ament_install'
[0.177s] Level 1:colcon.colcon_core.package_identification:_identify(src/irobot_create_common) by extensions ['colcon_pkg']
[0.177s] Level 1:colcon.colcon_core.package_identification:_identify(src/irobot_create_common) by extension 'colcon_pkg'
[0.177s] Level 1:colcon.colcon_core.package_identification:_identify(src/irobot_create_common) by extensions ['colcon_meta']
[0.177s] Level 1:colcon.colcon_core.package_identification:_identify(src/irobot_create_common) by extension 'colcon_meta'
[0.177s] Level 1:colcon.colcon_core.package_identification:_identify(src/irobot_create_common) by extensions ['ros']
[0.177s] Level 1:colcon.colcon_core.package_identification:_identify(src/irobot_create_common) by extension 'ros'
[0.177s] Level 1:colcon.colcon_core.package_identification:_identify(src/irobot_create_common) by extensions ['cmake', 'python']
[0.177s] Level 1:colcon.colcon_core.package_identification:_identify(src/irobot_create_common) by extension 'cmake'
[0.177s] Level 1:colcon.colcon_core.package_identification:_identify(src/irobot_create_common) by extension 'python'
[0.177s] Level 1:colcon.colcon_core.package_identification:_identify(src/irobot_create_common) by extensions ['python_setup_py']
[0.177s] Level 1:colcon.colcon_core.package_identification:_identify(src/irobot_create_common) by extension 'python_setup_py'
[0.177s] Level 1:colcon.colcon_core.package_identification:_identify(src/irobot_create_common/irobot_create_common_bringup) by extensions ['ignore', 'ignore_ament_install']
[0.177s] Level 1:colcon.colcon_core.package_identification:_identify(src/irobot_create_common/irobot_create_common_bringup) by extension 'ignore'
[0.177s] Level 1:colcon.colcon_core.package_identification:_identify(src/irobot_create_common/irobot_create_common_bringup) by extension 'ignore_ament_install'
[0.177s] Level 1:colcon.colcon_core.package_identification:_identify(src/irobot_create_common/irobot_create_common_bringup) by extensions ['colcon_pkg']
[0.177s] Level 1:colcon.colcon_core.package_identification:_identify(src/irobot_create_common/irobot_create_common_bringup) by extension 'colcon_pkg'
[0.177s] Level 1:colcon.colcon_core.package_identification:_identify(src/irobot_create_common/irobot_create_common_bringup) by extensions ['colcon_meta']
[0.177s] Level 1:colcon.colcon_core.package_identification:_identify(src/irobot_create_common/irobot_create_common_bringup) by extension 'colcon_meta'
[0.177s] Level 1:colcon.colcon_core.package_identification:_identify(src/irobot_create_common/irobot_create_common_bringup) by extensions ['ros']
[0.178s] Level 1:colcon.colcon_core.package_identification:_identify(src/irobot_create_common/irobot_create_common_bringup) by extension 'ros'
[0.180s] DEBUG:colcon.colcon_core.package_identification:Package 'src/irobot_create_common/irobot_create_common_bringup' with type 'ros.ament_cmake' and name 'irobot_create_common_bringup'
[0.180s] Level 1:colcon.colcon_core.package_identification:_identify(src/irobot_create_common/irobot_create_control) by extensions ['ignore', 'ignore_ament_install']
[0.180s] Level 1:colcon.colcon_core.package_identification:_identify(src/irobot_create_common/irobot_create_control) by extension 'ignore'
[0.180s] Level 1:colcon.colcon_core.package_identification:_identify(src/irobot_create_common/irobot_create_control) by extension 'ignore_ament_install'
[0.180s] Level 1:colcon.colcon_core.package_identification:_identify(src/irobot_create_common/irobot_create_control) by extensions ['colcon_pkg']
[0.180s] Level 1:colcon.colcon_core.package_identification:_identify(src/irobot_create_common/irobot_create_control) by extension 'colcon_pkg'
[0.180s] Level 1:colcon.colcon_core.package_identification:_identify(src/irobot_create_common/irobot_create_control) by extensions ['colcon_meta']
[0.180s] Level 1:colcon.colcon_core.package_identification:_identify(src/irobot_create_common/irobot_create_control) by extension 'colcon_meta'
[0.180s] Level 1:colcon.colcon_core.package_identification:_identify(src/irobot_create_common/irobot_create_control) by extensions ['ros']
[0.180s] Level 1:colcon.colcon_core.package_identification:_identify(src/irobot_create_common/irobot_create_control) by extension 'ros'
[0.181s] DEBUG:colcon.colcon_core.package_identification:Package 'src/irobot_create_common/irobot_create_control' with type 'ros.ament_cmake' and name 'irobot_create_control'
[0.181s] Level 1:colcon.colcon_core.package_identification:_identify(src/irobot_create_common/irobot_create_description) by extensions ['ignore', 'ignore_ament_install']
[0.181s] Level 1:colcon.colcon_core.package_identification:_identify(src/irobot_create_common/irobot_create_description) by extension 'ignore'
[0.181s] Level 1:colcon.colcon_core.package_identification:_identify(src/irobot_create_common/irobot_create_description) by extension 'ignore_ament_install'
[0.181s] Level 1:colcon.colcon_core.package_identification:_identify(src/irobot_create_common/irobot_create_description) by extensions ['colcon_pkg']
[0.181s] Level 1:colcon.colcon_core.package_identification:_identify(src/irobot_create_common/irobot_create_description) by extension 'colcon_pkg'
[0.181s] Level 1:colcon.colcon_core.package_identification:_identify(src/irobot_create_common/irobot_create_description) by extensions ['colcon_meta']
[0.181s] Level 1:colcon.colcon_core.package_identification:_identify(src/irobot_create_common/irobot_create_description) by extension 'colcon_meta'
[0.181s] Level 1:colcon.colcon_core.package_identification:_identify(src/irobot_create_common/irobot_create_description) by extensions ['ros']
[0.181s] Level 1:colcon.colcon_core.package_identification:_identify(src/irobot_create_common/irobot_create_description) by extension 'ros'
[0.182s] DEBUG:colcon.colcon_core.package_identification:Package 'src/irobot_create_common/irobot_create_description' with type 'ros.ament_cmake' and name 'irobot_create_description'
[0.182s] Level 1:colcon.colcon_core.package_identification:_identify(src/irobot_create_common/irobot_create_nodes) by extensions ['ignore', 'ignore_ament_install']
[0.182s] Level 1:colcon.colcon_core.package_identification:_identify(src/irobot_create_common/irobot_create_nodes) by extension 'ignore'
[0.182s] Level 1:colcon.colcon_core.package_identification:_identify(src/irobot_create_common/irobot_create_nodes) by extension 'ignore_ament_install'
[0.182s] Level 1:colcon.colcon_core.package_identification:_identify(src/irobot_create_common/irobot_create_nodes) by extensions ['colcon_pkg']
[0.182s] Level 1:colcon.colcon_core.package_identification:_identify(src/irobot_create_common/irobot_create_nodes) by extension 'colcon_pkg'
[0.182s] Level 1:colcon.colcon_core.package_identification:_identify(src/irobot_create_common/irobot_create_nodes) by extensions ['colcon_meta']
[0.182s] Level 1:colcon.colcon_core.package_identification:_identify(src/irobot_create_common/irobot_create_nodes) by extension 'colcon_meta'
[0.182s] Level 1:colcon.colcon_core.package_identification:_identify(src/irobot_create_common/irobot_create_nodes) by extensions ['ros']
[0.182s] Level 1:colcon.colcon_core.package_identification:_identify(src/irobot_create_common/irobot_create_nodes) by extension 'ros'
[0.183s] DEBUG:colcon.colcon_core.package_identification:Package 'src/irobot_create_common/irobot_create_nodes' with type 'ros.ament_cmake' and name 'irobot_create_nodes'
[0.184s] Level 1:colcon.colcon_core.package_identification:_identify(src/irobot_create_common/irobot_create_toolbox) by extensions ['ignore', 'ignore_ament_install']
[0.184s] Level 1:colcon.colcon_core.package_identification:_identify(src/irobot_create_common/irobot_create_toolbox) by extension 'ignore'
[0.184s] Level 1:colcon.colcon_core.package_identification:_identify(src/irobot_create_common/irobot_create_toolbox) by extension 'ignore_ament_install'
[0.184s] Level 1:colcon.colcon_core.package_identification:_identify(src/irobot_create_common/irobot_create_toolbox) by extensions ['colcon_pkg']
[0.184s] Level 1:colcon.colcon_core.package_identification:_identify(src/irobot_create_common/irobot_create_toolbox) by extension 'colcon_pkg'
[0.184s] Level 1:colcon.colcon_core.package_identification:_identify(src/irobot_create_common/irobot_create_toolbox) by extensions ['colcon_meta']
[0.184s] Level 1:colcon.colcon_core.package_identification:_identify(src/irobot_create_common/irobot_create_toolbox) by extension 'colcon_meta'
[0.184s] Level 1:colcon.colcon_core.package_identification:_identify(src/irobot_create_common/irobot_create_toolbox) by extensions ['ros']
[0.184s] Level 1:colcon.colcon_core.package_identification:_identify(src/irobot_create_common/irobot_create_toolbox) by extension 'ros'
[0.184s] DEBUG:colcon.colcon_core.package_identification:Package 'src/irobot_create_common/irobot_create_toolbox' with type 'ros.ament_cmake' and name 'irobot_create_toolbox'
[0.185s] Level 1:colcon.colcon_core.package_identification:_identify(src/irobot_create_gz) by extensions ['ignore', 'ignore_ament_install']
[0.185s] Level 1:colcon.colcon_core.package_identification:_identify(src/irobot_create_gz) by extension 'ignore'
[0.185s] Level 1:colcon.colcon_core.package_identification:_identify(src/irobot_create_gz) by extension 'ignore_ament_install'
[0.185s] Level 1:colcon.colcon_core.package_identification:_identify(src/irobot_create_gz) by extensions ['colcon_pkg']
[0.185s] Level 1:colcon.colcon_core.package_identification:_identify(src/irobot_create_gz) by extension 'colcon_pkg'
[0.185s] Level 1:colcon.colcon_core.package_identification:_identify(src/irobot_create_gz) by extensions ['colcon_meta']
[0.185s] Level 1:colcon.colcon_core.package_identification:_identify(src/irobot_create_gz) by extension 'colcon_meta'
[0.185s] Level 1:colcon.colcon_core.package_identification:_identify(src/irobot_create_gz) by extensions ['ros']
[0.185s] Level 1:colcon.colcon_core.package_identification:_identify(src/irobot_create_gz) by extension 'ros'
[0.185s] Level 1:colcon.colcon_core.package_identification:_identify(src/irobot_create_gz) by extensions ['cmake', 'python']
[0.185s] Level 1:colcon.colcon_core.package_identification:_identify(src/irobot_create_gz) by extension 'cmake'
[0.185s] Level 1:colcon.colcon_core.package_identification:_identify(src/irobot_create_gz) by extension 'python'
[0.185s] Level 1:colcon.colcon_core.package_identification:_identify(src/irobot_create_gz) by extensions ['python_setup_py']
[0.185s] Level 1:colcon.colcon_core.package_identification:_identify(src/irobot_create_gz) by extension 'python_setup_py'
[0.185s] Level 1:colcon.colcon_core.package_identification:_identify(src/irobot_create_gz/irobot_create_gz_bringup) by extensions ['ignore', 'ignore_ament_install']
[0.185s] Level 1:colcon.colcon_core.package_identification:_identify(src/irobot_create_gz/irobot_create_gz_bringup) by extension 'ignore'
[0.185s] Level 1:colcon.colcon_core.package_identification:_identify(src/irobot_create_gz/irobot_create_gz_bringup) by extension 'ignore_ament_install'
[0.185s] Level 1:colcon.colcon_core.package_identification:_identify(src/irobot_create_gz/irobot_create_gz_bringup) by extensions ['colcon_pkg']
[0.185s] Level 1:colcon.colcon_core.package_identification:_identify(src/irobot_create_gz/irobot_create_gz_bringup) by extension 'colcon_pkg'
[0.185s] Level 1:colcon.colcon_core.package_identification:_identify(src/irobot_create_gz/irobot_create_gz_bringup) by extensions ['colcon_meta']
[0.185s] Level 1:colcon.colcon_core.package_identification:_identify(src/irobot_create_gz/irobot_create_gz_bringup) by extension 'colcon_meta'
[0.185s] Level 1:colcon.colcon_core.package_identification:_identify(src/irobot_create_gz/irobot_create_gz_bringup) by extensions ['ros']
[0.185s] Level 1:colcon.colcon_core.package_identification:_identify(src/irobot_create_gz/irobot_create_gz_bringup) by extension 'ros'
[0.186s] DEBUG:colcon.colcon_core.package_identification:Package 'src/irobot_create_gz/irobot_create_gz_bringup' with type 'ros.ament_cmake' and name 'irobot_create_gz_bringup'
[0.186s] Level 1:colcon.colcon_core.package_identification:_identify(src/irobot_create_gz/irobot_create_gz_plugins) by extensions ['ignore', 'ignore_ament_install']
[0.186s] Level 1:colcon.colcon_core.package_identification:_identify(src/irobot_create_gz/irobot_create_gz_plugins) by extension 'ignore'
[0.186s] Level 1:colcon.colcon_core.package_identification:_identify(src/irobot_create_gz/irobot_create_gz_plugins) by extension 'ignore_ament_install'
[0.186s] Level 1:colcon.colcon_core.package_identification:_identify(src/irobot_create_gz/irobot_create_gz_plugins) by extensions ['colcon_pkg']
[0.186s] Level 1:colcon.colcon_core.package_identification:_identify(src/irobot_create_gz/irobot_create_gz_plugins) by extension 'colcon_pkg'
[0.186s] Level 1:colcon.colcon_core.package_identification:_identify(src/irobot_create_gz/irobot_create_gz_plugins) by extensions ['colcon_meta']
[0.186s] Level 1:colcon.colcon_core.package_identification:_identify(src/irobot_create_gz/irobot_create_gz_plugins) by extension 'colcon_meta'
[0.186s] Level 1:colcon.colcon_core.package_identification:_identify(src/irobot_create_gz/irobot_create_gz_plugins) by extensions ['ros']
[0.186s] Level 1:colcon.colcon_core.package_identification:_identify(src/irobot_create_gz/irobot_create_gz_plugins) by extension 'ros'
[0.187s] DEBUG:colcon.colcon_core.package_identification:Package 'src/irobot_create_gz/irobot_create_gz_plugins' with type 'ros.ament_cmake' and name 'irobot_create_gz_plugins'
[0.187s] Level 1:colcon.colcon_core.package_identification:_identify(src/irobot_create_gz/irobot_create_gz_sim) by extensions ['ignore', 'ignore_ament_install']
[0.187s] Level 1:colcon.colcon_core.package_identification:_identify(src/irobot_create_gz/irobot_create_gz_sim) by extension 'ignore'
[0.187s] Level 1:colcon.colcon_core.package_identification:_identify(src/irobot_create_gz/irobot_create_gz_sim) by extension 'ignore_ament_install'
[0.187s] Level 1:colcon.colcon_core.package_identification:_identify(src/irobot_create_gz/irobot_create_gz_sim) by extensions ['colcon_pkg']
[0.187s] Level 1:colcon.colcon_core.package_identification:_identify(src/irobot_create_gz/irobot_create_gz_sim) by extension 'colcon_pkg'
[0.187s] Level 1:colcon.colcon_core.package_identification:_identify(src/irobot_create_gz/irobot_create_gz_sim) by extensions ['colcon_meta']
[0.187s] Level 1:colcon.colcon_core.package_identification:_identify(src/irobot_create_gz/irobot_create_gz_sim) by extension 'colcon_meta'
[0.188s] Level 1:colcon.colcon_core.package_identification:_identify(src/irobot_create_gz/irobot_create_gz_sim) by extensions ['ros']
[0.188s] Level 1:colcon.colcon_core.package_identification:_identify(src/irobot_create_gz/irobot_create_gz_sim) by extension 'ros'
[0.188s] DEBUG:colcon.colcon_core.package_identification:Package 'src/irobot_create_gz/irobot_create_gz_sim' with type 'ros.ament_cmake' and name 'irobot_create_gz_sim'
[0.188s] Level 1:colcon.colcon_core.package_identification:_identify(src/irobot_create_gz/irobot_create_gz_toolbox) by extensions ['ignore', 'ignore_ament_install']
[0.188s] Level 1:colcon.colcon_core.package_identification:_identify(src/irobot_create_gz/irobot_create_gz_toolbox) by extension 'ignore'
[0.188s] Level 1:colcon.colcon_core.package_identification:_identify(src/irobot_create_gz/irobot_create_gz_toolbox) by extension 'ignore_ament_install'
[0.188s] Level 1:colcon.colcon_core.package_identification:_identify(src/irobot_create_gz/irobot_create_gz_toolbox) by extensions ['colcon_pkg']
[0.188s] Level 1:colcon.colcon_core.package_identification:_identify(src/irobot_create_gz/irobot_create_gz_toolbox) by extension 'colcon_pkg'
[0.188s] Level 1:colcon.colcon_core.package_identification:_identify(src/irobot_create_gz/irobot_create_gz_toolbox) by extensions ['colcon_meta']
[0.189s] Level 1:colcon.colcon_core.package_identification:_identify(src/irobot_create_gz/irobot_create_gz_toolbox) by extension 'colcon_meta'
[0.189s] Level 1:colcon.colcon_core.package_identification:_identify(src/irobot_create_gz/irobot_create_gz_toolbox) by extensions ['ros']
[0.189s] Level 1:colcon.colcon_core.package_identification:_identify(src/irobot_create_gz/irobot_create_gz_toolbox) by extension 'ros'
[0.190s] DEBUG:colcon.colcon_core.package_identification:Package 'src/irobot_create_gz/irobot_create_gz_toolbox' with type 'ros.ament_cmake' and name 'irobot_create_gz_toolbox'
[0.190s] Level 1:colcon.colcon_core.package_discovery:discover_packages(recursive) using defaults
[0.190s] Level 1:colcon.colcon_core.package_discovery:discover_packages(ignore) discover
[0.190s] Level 1:colcon.colcon_core.package_discovery:discover_packages(ignore) using defaults
[0.190s] Level 1:colcon.colcon_core.package_discovery:discover_packages(path) discover
[0.190s] Level 1:colcon.colcon_core.package_discovery:discover_packages(path) using defaults
[0.210s] Level 5:colcon.colcon_core.verb:set package 'irobot_create_control' build argument 'cmake_args' from command line to 'None'
[0.210s] Level 5:colcon.colcon_core.verb:set package 'irobot_create_control' build argument 'cmake_target' from command line to 'None'
[0.210s] Level 5:colcon.colcon_core.verb:set package 'irobot_create_control' build argument 'cmake_target_skip_unavailable' from command line to 'False'
[0.210s] Level 5:colcon.colcon_core.verb:set package 'irobot_create_control' build argument 'cmake_clean_cache' from command line to 'False'
[0.210s] Level 5:colcon.colcon_core.verb:set package 'irobot_create_control' build argument 'cmake_clean_first' from command line to 'False'
[0.211s] Level 5:colcon.colcon_core.verb:set package 'irobot_create_control' build argument 'cmake_force_configure' from command line to 'False'
[0.211s] Level 5:colcon.colcon_core.verb:set package 'irobot_create_control' build argument 'ament_cmake_args' from command line to 'None'
[0.211s] Level 5:colcon.colcon_core.verb:set package 'irobot_create_control' build argument 'catkin_cmake_args' from command line to 'None'
[0.211s] Level 5:colcon.colcon_core.verb:set package 'irobot_create_control' build argument 'catkin_skip_building_tests' from command line to 'False'
[0.211s] DEBUG:colcon.colcon_core.verb:Building package 'irobot_create_control' with the following arguments: {'ament_cmake_args': None, 'build_base': '/home/javierac/create3_ws/build/irobot_create_control', 'catkin_cmake_args': None, 'catkin_skip_building_tests': False, 'cmake_args': None, 'cmake_clean_cache': False, 'cmake_clean_first': False, 'cmake_force_configure': False, 'cmake_target': None, 'cmake_target_skip_unavailable': False, 'install_base': '/home/javierac/create3_ws/install/irobot_create_control', 'merge_install': False, 'path': '/home/javierac/create3_ws/src/irobot_create_common/irobot_create_control', 'symlink_install': False, 'test_result_base': None}
[0.211s] Level 5:colcon.colcon_core.verb:set package 'irobot_create_gz_plugins' build argument 'cmake_args' from command line to 'None'
[0.211s] Level 5:colcon.colcon_core.verb:set package 'irobot_create_gz_plugins' build argument 'cmake_target' from command line to 'None'
[0.211s] Level 5:colcon.colcon_core.verb:set package 'irobot_create_gz_plugins' build argument 'cmake_target_skip_unavailable' from command line to 'False'
[0.211s] Level 5:colcon.colcon_core.verb:set package 'irobot_create_gz_plugins' build argument 'cmake_clean_cache' from command line to 'False'
[0.211s] Level 5:colcon.colcon_core.verb:set package 'irobot_create_gz_plugins' build argument 'cmake_clean_first' from command line to 'False'
[0.211s] Level 5:colcon.colcon_core.verb:set package 'irobot_create_gz_plugins' build argument 'cmake_force_configure' from command line to 'False'
[0.211s] Level 5:colcon.colcon_core.verb:set package 'irobot_create_gz_plugins' build argument 'ament_cmake_args' from command line to 'None'
[0.211s] Level 5:colcon.colcon_core.verb:set package 'irobot_create_gz_plugins' build argument 'catkin_cmake_args' from command line to 'None'
[0.211s] Level 5:colcon.colcon_core.verb:set package 'irobot_create_gz_plugins' build argument 'catkin_skip_building_tests' from command line to 'False'
[0.211s] DEBUG:colcon.colcon_core.verb:Building package 'irobot_create_gz_plugins' with the following arguments: {'ament_cmake_args': None, 'build_base': '/home/javierac/create3_ws/build/irobot_create_gz_plugins', 'catkin_cmake_args': None, 'catkin_skip_building_tests': False, 'cmake_args': None, 'cmake_clean_cache': False, 'cmake_clean_first': False, 'cmake_force_configure': False, 'cmake_target': None, 'cmake_target_skip_unavailable': False, 'install_base': '/home/javierac/create3_ws/install/irobot_create_gz_plugins', 'merge_install': False, 'path': '/home/javierac/create3_ws/src/irobot_create_gz/irobot_create_gz_plugins', 'symlink_install': False, 'test_result_base': None}
[0.211s] Level 5:colcon.colcon_core.verb:set package 'irobot_create_toolbox' build argument 'cmake_args' from command line to 'None'
[0.211s] Level 5:colcon.colcon_core.verb:set package 'irobot_create_toolbox' build argument 'cmake_target' from command line to 'None'
[0.211s] Level 5:colcon.colcon_core.verb:set package 'irobot_create_toolbox' build argument 'cmake_target_skip_unavailable' from command line to 'False'
[0.211s] Level 5:colcon.colcon_core.verb:set package 'irobot_create_toolbox' build argument 'cmake_clean_cache' from command line to 'False'
[0.211s] Level 5:colcon.colcon_core.verb:set package 'irobot_create_toolbox' build argument 'cmake_clean_first' from command line to 'False'
[0.211s] Level 5:colcon.colcon_core.verb:set package 'irobot_create_toolbox' build argument 'cmake_force_configure' from command line to 'False'
[0.211s] Level 5:colcon.colcon_core.verb:set package 'irobot_create_toolbox' build argument 'ament_cmake_args' from command line to 'None'
[0.211s] Level 5:colcon.colcon_core.verb:set package 'irobot_create_toolbox' build argument 'catkin_cmake_args' from command line to 'None'
[0.211s] Level 5:colcon.colcon_core.verb:set package 'irobot_create_toolbox' build argument 'catkin_skip_building_tests' from command line to 'False'
[0.211s] DEBUG:colcon.colcon_core.verb:Building package 'irobot_create_toolbox' with the following arguments: {'ament_cmake_args': None, 'build_base': '/home/javierac/create3_ws/build/irobot_create_toolbox', 'catkin_cmake_args': None, 'catkin_skip_building_tests': False, 'cmake_args': None, 'cmake_clean_cache': False, 'cmake_clean_first': False, 'cmake_force_configure': False, 'cmake_target': None, 'cmake_target_skip_unavailable': False, 'install_base': '/home/javierac/create3_ws/install/irobot_create_toolbox', 'merge_install': False, 'path': '/home/javierac/create3_ws/src/irobot_create_common/irobot_create_toolbox', 'symlink_install': False, 'test_result_base': None}
[0.212s] Level 5:colcon.colcon_core.verb:set package 'irobot_create_description' build argument 'cmake_args' from command line to 'None'
[0.212s] Level 5:colcon.colcon_core.verb:set package 'irobot_create_description' build argument 'cmake_target' from command line to 'None'
[0.212s] Level 5:colcon.colcon_core.verb:set package 'irobot_create_description' build argument 'cmake_target_skip_unavailable' from command line to 'False'
[0.212s] Level 5:colcon.colcon_core.verb:set package 'irobot_create_description' build argument 'cmake_clean_cache' from command line to 'False'
[0.212s] Level 5:colcon.colcon_core.verb:set package 'irobot_create_description' build argument 'cmake_clean_first' from command line to 'False'
[0.212s] Level 5:colcon.colcon_core.verb:set package 'irobot_create_description' build argument 'cmake_force_configure' from command line to 'False'
[0.212s] Level 5:colcon.colcon_core.verb:set package 'irobot_create_description' build argument 'ament_cmake_args' from command line to 'None'
[0.212s] Level 5:colcon.colcon_core.verb:set package 'irobot_create_description' build argument 'catkin_cmake_args' from command line to 'None'
[0.212s] Level 5:colcon.colcon_core.verb:set package 'irobot_create_description' build argument 'catkin_skip_building_tests' from command line to 'False'
[0.212s] DEBUG:colcon.colcon_core.verb:Building package 'irobot_create_description' with the following arguments: {'ament_cmake_args': None, 'build_base': '/home/javierac/create3_ws/build/irobot_create_description', 'catkin_cmake_args': None, 'catkin_skip_building_tests': False, 'cmake_args': None, 'cmake_clean_cache': False, 'cmake_clean_first': False, 'cmake_force_configure': False, 'cmake_target': None, 'cmake_target_skip_unavailable': False, 'install_base': '/home/javierac/create3_ws/install/irobot_create_description', 'merge_install': False, 'path': '/home/javierac/create3_ws/src/irobot_create_common/irobot_create_description', 'symlink_install': False, 'test_result_base': None}
[0.212s] Level 5:colcon.colcon_core.verb:set package 'irobot_create_gz_toolbox' build argument 'cmake_args' from command line to 'None'
[0.212s] Level 5:colcon.colcon_core.verb:set package 'irobot_create_gz_toolbox' build argument 'cmake_target' from command line to 'None'
[0.212s] Level 5:colcon.colcon_core.verb:set package 'irobot_create_gz_toolbox' build argument 'cmake_target_skip_unavailable' from command line to 'False'
[0.212s] Level 5:colcon.colcon_core.verb:set package 'irobot_create_gz_toolbox' build argument 'cmake_clean_cache' from command line to 'False'
[0.212s] Level 5:colcon.colcon_core.verb:set package 'irobot_create_gz_toolbox' build argument 'cmake_clean_first' from command line to 'False'
[0.212s] Level 5:colcon.colcon_core.verb:set package 'irobot_create_gz_toolbox' build argument 'cmake_force_configure' from command line to 'False'
[0.212s] Level 5:colcon.colcon_core.verb:set package 'irobot_create_gz_toolbox' build argument 'ament_cmake_args' from command line to 'None'
[0.212s] Level 5:colcon.colcon_core.verb:set package 'irobot_create_gz_toolbox' build argument 'catkin_cmake_args' from command line to 'None'
[0.212s] Level 5:colcon.colcon_core.verb:set package 'irobot_create_gz_toolbox' build argument 'catkin_skip_building_tests' from command line to 'False'
[0.212s] DEBUG:colcon.colcon_core.verb:Building package 'irobot_create_gz_toolbox' with the following arguments: {'ament_cmake_args': None, 'build_base': '/home/javierac/create3_ws/build/irobot_create_gz_toolbox', 'catkin_cmake_args': None, 'catkin_skip_building_tests': False, 'cmake_args': None, 'cmake_clean_cache': False, 'cmake_clean_first': False, 'cmake_force_configure': False, 'cmake_target': None, 'cmake_target_skip_unavailable': False, 'install_base': '/home/javierac/create3_ws/install/irobot_create_gz_toolbox', 'merge_install': False, 'path': '/home/javierac/create3_ws/src/irobot_create_gz/irobot_create_gz_toolbox', 'symlink_install': False, 'test_result_base': None}
[0.212s] Level 5:colcon.colcon_core.verb:set package 'irobot_create_nodes' build argument 'cmake_args' from command line to 'None'
[0.212s] Level 5:colcon.colcon_core.verb:set package 'irobot_create_nodes' build argument 'cmake_target' from command line to 'None'
[0.212s] Level 5:colcon.colcon_core.verb:set package 'irobot_create_nodes' build argument 'cmake_target_skip_unavailable' from command line to 'False'
[0.212s] Level 5:colcon.colcon_core.verb:set package 'irobot_create_nodes' build argument 'cmake_clean_cache' from command line to 'False'
[0.212s] Level 5:colcon.colcon_core.verb:set package 'irobot_create_nodes' build argument 'cmake_clean_first' from command line to 'False'
[0.212s] Level 5:colcon.colcon_core.verb:set package 'irobot_create_nodes' build argument 'cmake_force_configure' from command line to 'False'
[0.212s] Level 5:colcon.colcon_core.verb:set package 'irobot_create_nodes' build argument 'ament_cmake_args' from command line to 'None'
[0.212s] Level 5:colcon.colcon_core.verb:set package 'irobot_create_nodes' build argument 'catkin_cmake_args' from command line to 'None'
[0.212s] Level 5:colcon.colcon_core.verb:set package 'irobot_create_nodes' build argument 'catkin_skip_building_tests' from command line to 'False'
[0.212s] DEBUG:colcon.colcon_core.verb:Building package 'irobot_create_nodes' with the following arguments: {'ament_cmake_args': None, 'build_base': '/home/javierac/create3_ws/build/irobot_create_nodes', 'catkin_cmake_args': None, 'catkin_skip_building_tests': False, 'cmake_args': None, 'cmake_clean_cache': False, 'cmake_clean_first': False, 'cmake_force_configure': False, 'cmake_target': None, 'cmake_target_skip_unavailable': False, 'install_base': '/home/javierac/create3_ws/install/irobot_create_nodes', 'merge_install': False, 'path': '/home/javierac/create3_ws/src/irobot_create_common/irobot_create_nodes', 'symlink_install': False, 'test_result_base': None}
[0.213s] Level 5:colcon.colcon_core.verb:set package 'irobot_create_common_bringup' build argument 'cmake_args' from command line to 'None'
[0.213s] Level 5:colcon.colcon_core.verb:set package 'irobot_create_common_bringup' build argument 'cmake_target' from command line to 'None'
[0.213s] Level 5:colcon.colcon_core.verb:set package 'irobot_create_common_bringup' build argument 'cmake_target_skip_unavailable' from command line to 'False'
[0.213s] Level 5:colcon.colcon_core.verb:set package 'irobot_create_common_bringup' build argument 'cmake_clean_cache' from command line to 'False'
[0.213s] Level 5:colcon.colcon_core.verb:set package 'irobot_create_common_bringup' build argument 'cmake_clean_first' from command line to 'False'
[0.213s] Level 5:colcon.colcon_core.verb:set package 'irobot_create_common_bringup' build argument 'cmake_force_configure' from command line to 'False'
[0.213s] Level 5:colcon.colcon_core.verb:set package 'irobot_create_common_bringup' build argument 'ament_cmake_args' from command line to 'None'
[0.213s] Level 5:colcon.colcon_core.verb:set package 'irobot_create_common_bringup' build argument 'catkin_cmake_args' from command line to 'None'
[0.213s] Level 5:colcon.colcon_core.verb:set package 'irobot_create_common_bringup' build argument 'catkin_skip_building_tests' from command line to 'False'
[0.213s] DEBUG:colcon.colcon_core.verb:Building package 'irobot_create_common_bringup' with the following arguments: {'ament_cmake_args': None, 'build_base': '/home/javierac/create3_ws/build/irobot_create_common_bringup', 'catkin_cmake_args': None, 'catkin_skip_building_tests': False, 'cmake_args': None, 'cmake_clean_cache': False, 'cmake_clean_first': False, 'cmake_force_configure': False, 'cmake_target': None, 'cmake_target_skip_unavailable': False, 'install_base': '/home/javierac/create3_ws/install/irobot_create_common_bringup', 'merge_install': False, 'path': '/home/javierac/create3_ws/src/irobot_create_common/irobot_create_common_bringup', 'symlink_install': False, 'test_result_base': None}
[0.213s] Level 5:colcon.colcon_core.verb:set package 'irobot_create_gz_bringup' build argument 'cmake_args' from command line to 'None'
[0.213s] Level 5:colcon.colcon_core.verb:set package 'irobot_create_gz_bringup' build argument 'cmake_target' from command line to 'None'
[0.213s] Level 5:colcon.colcon_core.verb:set package 'irobot_create_gz_bringup' build argument 'cmake_target_skip_unavailable' from command line to 'False'
[0.213s] Level 5:colcon.colcon_core.verb:set package 'irobot_create_gz_bringup' build argument 'cmake_clean_cache' from command line to 'False'
[0.213s] Level 5:colcon.colcon_core.verb:set package 'irobot_create_gz_bringup' build argument 'cmake_clean_first' from command line to 'False'
[0.213s] Level 5:colcon.colcon_core.verb:set package 'irobot_create_gz_bringup' build argument 'cmake_force_configure' from command line to 'False'
[0.213s] Level 5:colcon.colcon_core.verb:set package 'irobot_create_gz_bringup' build argument 'ament_cmake_args' from command line to 'None'
[0.213s] Level 5:colcon.colcon_core.verb:set package 'irobot_create_gz_bringup' build argument 'catkin_cmake_args' from command line to 'None'
[0.213s] Level 5:colcon.colcon_core.verb:set package 'irobot_create_gz_bringup' build argument 'catkin_skip_building_tests' from command line to 'False'
[0.213s] DEBUG:colcon.colcon_core.verb:Building package 'irobot_create_gz_bringup' with the following arguments: {'ament_cmake_args': None, 'build_base': '/home/javierac/create3_ws/build/irobot_create_gz_bringup', 'catkin_cmake_args': None, 'catkin_skip_building_tests': False, 'cmake_args': None, 'cmake_clean_cache': False, 'cmake_clean_first': False, 'cmake_force_configure': False, 'cmake_target': None, 'cmake_target_skip_unavailable': False, 'install_base': '/home/javierac/create3_ws/install/irobot_create_gz_bringup', 'merge_install': False, 'path': '/home/javierac/create3_ws/src/irobot_create_gz/irobot_create_gz_bringup', 'symlink_install': False, 'test_result_base': None}
[0.213s] Level 5:colcon.colcon_core.verb:set package 'irobot_create_gz_sim' build argument 'cmake_args' from command line to 'None'
[0.213s] Level 5:colcon.colcon_core.verb:set package 'irobot_create_gz_sim' build argument 'cmake_target' from command line to 'None'
[0.213s] Level 5:colcon.colcon_core.verb:set package 'irobot_create_gz_sim' build argument 'cmake_target_skip_unavailable' from command line to 'False'
[0.213s] Level 5:colcon.colcon_core.verb:set package 'irobot_create_gz_sim' build argument 'cmake_clean_cache' from command line to 'False'
[0.213s] Level 5:colcon.colcon_core.verb:set package 'irobot_create_gz_sim' build argument 'cmake_clean_first' from command line to 'False'
[0.213s] Level 5:colcon.colcon_core.verb:set package 'irobot_create_gz_sim' build argument 'cmake_force_configure' from command line to 'False'
[0.213s] Level 5:colcon.colcon_core.verb:set package 'irobot_create_gz_sim' build argument 'ament_cmake_args' from command line to 'None'
[0.213s] Level 5:colcon.colcon_core.verb:set package 'irobot_create_gz_sim' build argument 'catkin_cmake_args' from command line to 'None'
[0.213s] Level 5:colcon.colcon_core.verb:set package 'irobot_create_gz_sim' build argument 'catkin_skip_building_tests' from command line to 'False'
[0.214s] DEBUG:colcon.colcon_core.verb:Building package 'irobot_create_gz_sim' with the following arguments: {'ament_cmake_args': None, 'build_base': '/home/javierac/create3_ws/build/irobot_create_gz_sim', 'catkin_cmake_args': None, 'catkin_skip_building_tests': False, 'cmake_args': None, 'cmake_clean_cache': False, 'cmake_clean_first': False, 'cmake_force_configure': False, 'cmake_target': None, 'cmake_target_skip_unavailable': False, 'install_base': '/home/javierac/create3_ws/install/irobot_create_gz_sim', 'merge_install': False, 'path': '/home/javierac/create3_ws/src/irobot_create_gz/irobot_create_gz_sim', 'symlink_install': False, 'test_result_base': None}
[0.214s] INFO:colcon.colcon_core.executor:Executing jobs using 'parallel' executor
[0.215s] DEBUG:colcon.colcon_parallel_executor.executor.parallel:run_until_complete
[0.215s] INFO:colcon.colcon_ros.task.ament_cmake.build:Building ROS package in '/home/javierac/create3_ws/src/irobot_create_common/irobot_create_toolbox' with build type 'ament_cmake'
[0.215s] INFO:colcon.colcon_cmake.task.cmake.build:Building CMake package in '/home/javierac/create3_ws/src/irobot_create_common/irobot_create_toolbox'
[0.218s] INFO:colcon.colcon_core.plugin_system:Skipping extension 'colcon_core.shell.bat': Not used on non-Windows systems
[0.218s] INFO:colcon.colcon_core.shell:Skip shell extension 'powershell' for command environment: Not usable outside of PowerShell
[0.218s] DEBUG:colcon.colcon_core.shell:Skip shell extension 'dsv' for command environment
[0.224s] INFO:colcon.colcon_ros.task.ament_cmake.build:Building ROS package in '/home/javierac/create3_ws/src/irobot_create_common/irobot_create_control' with build type 'ament_cmake'
[0.224s] INFO:colcon.colcon_cmake.task.cmake.build:Building CMake package in '/home/javierac/create3_ws/src/irobot_create_common/irobot_create_control'
[0.225s] INFO:colcon.colcon_core.shell:Skip shell extension 'powershell' for command environment: Not usable outside of PowerShell
[0.225s] DEBUG:colcon.colcon_core.shell:Skip shell extension 'dsv' for command environment
[0.229s] INFO:colcon.colcon_ros.task.ament_cmake.build:Building ROS package in '/home/javierac/create3_ws/src/irobot_create_gz/irobot_create_gz_plugins' with build type 'ament_cmake'
[0.229s] INFO:colcon.colcon_cmake.task.cmake.build:Building CMake package in '/home/javierac/create3_ws/src/irobot_create_gz/irobot_create_gz_plugins'
[0.229s] INFO:colcon.colcon_core.shell:Skip shell extension 'powershell' for command environment: Not usable outside of PowerShell
[0.229s] DEBUG:colcon.colcon_core.shell:Skip shell extension 'dsv' for command environment
[0.237s] DEBUG:colcon.colcon_core.event_handler.log_command:Invoking command in '/home/javierac/create3_ws/build/irobot_create_toolbox': CMAKE_PREFIX_PATH=${CMAKE_PREFIX_PATH}:/opt/ros/jazzy /usr/bin/cmake /home/javierac/create3_ws/src/irobot_create_common/irobot_create_toolbox -DCMAKE_INSTALL_PREFIX=/home/javierac/create3_ws/install/irobot_create_toolbox
[0.239s] DEBUG:colcon.colcon_core.event_handler.log_command:Invoking command in '/home/javierac/create3_ws/build/irobot_create_control': CMAKE_PREFIX_PATH=${CMAKE_PREFIX_PATH}:/opt/ros/jazzy /usr/bin/cmake /home/javierac/create3_ws/src/irobot_create_common/irobot_create_control -DCMAKE_INSTALL_PREFIX=/home/javierac/create3_ws/install/irobot_create_control
[0.243s] DEBUG:colcon.colcon_core.event_handler.log_command:Invoking command in '/home/javierac/create3_ws/build/irobot_create_gz_plugins': CMAKE_PREFIX_PATH=${CMAKE_PREFIX_PATH}:/opt/ros/jazzy /usr/bin/cmake /home/javierac/create3_ws/src/irobot_create_gz/irobot_create_gz_plugins -DCMAKE_INSTALL_PREFIX=/home/javierac/create3_ws/install/irobot_create_gz_plugins
[0.608s] DEBUG:colcon.colcon_core.event_handler.log_command:Invoked command in '/home/javierac/create3_ws/build/irobot_create_control' returned '0': CMAKE_PREFIX_PATH=${CMAKE_PREFIX_PATH}:/opt/ros/jazzy /usr/bin/cmake /home/javierac/create3_ws/src/irobot_create_common/irobot_create_control -DCMAKE_INSTALL_PREFIX=/home/javierac/create3_ws/install/irobot_create_control
[0.610s] DEBUG:colcon.colcon_core.event_handler.log_command:Invoking command in '/home/javierac/create3_ws/build/irobot_create_control': CMAKE_PREFIX_PATH=${CMAKE_PREFIX_PATH}:/opt/ros/jazzy /usr/bin/cmake --build /home/javierac/create3_ws/build/irobot_create_control -- -j20 -l20
[0.659s] DEBUG:colcon.colcon_core.event_handler.log_command:Invoked command in '/home/javierac/create3_ws/build/irobot_create_control' returned '0': CMAKE_PREFIX_PATH=${CMAKE_PREFIX_PATH}:/opt/ros/jazzy /usr/bin/cmake --build /home/javierac/create3_ws/build/irobot_create_control -- -j20 -l20
[0.668s] DEBUG:colcon.colcon_core.event_handler.log_command:Invoking command in '/home/javierac/create3_ws/build/irobot_create_control': CMAKE_PREFIX_PATH=${CMAKE_PREFIX_PATH}:/opt/ros/jazzy /usr/bin/cmake --install /home/javierac/create3_ws/build/irobot_create_control
[0.698s] Level 1:colcon.colcon_core.environment:create_environment_scripts_only(irobot_create_control)
[0.699s] DEBUG:colcon.colcon_core.event_handler.log_command:Invoked command in '/home/javierac/create3_ws/build/irobot_create_control' returned '0': CMAKE_PREFIX_PATH=${CMAKE_PREFIX_PATH}:/opt/ros/jazzy /usr/bin/cmake --install /home/javierac/create3_ws/build/irobot_create_control
[0.701s] Level 1:colcon.colcon_core.environment:checking '/home/javierac/create3_ws/install/irobot_create_control' for CMake module files
[0.701s] Level 1:colcon.colcon_core.environment:checking '/home/javierac/create3_ws/install/irobot_create_control' for CMake config files
[0.702s] Level 1:colcon.colcon_core.shell:create_environment_hook('irobot_create_control', 'cmake_prefix_path')
[0.702s] INFO:colcon.colcon_core.shell:Creating environment hook '/home/javierac/create3_ws/install/irobot_create_control/share/irobot_create_control/hook/cmake_prefix_path.ps1'
[0.702s] INFO:colcon.colcon_core.shell:Creating environment descriptor '/home/javierac/create3_ws/install/irobot_create_control/share/irobot_create_control/hook/cmake_prefix_path.dsv'
[0.703s] INFO:colcon.colcon_core.shell:Creating environment hook '/home/javierac/create3_ws/install/irobot_create_control/share/irobot_create_control/hook/cmake_prefix_path.sh'
[0.703s] Level 1:colcon.colcon_core.environment:checking '/home/javierac/create3_ws/install/irobot_create_control/bin'
[0.704s] Level 1:colcon.colcon_core.environment:checking '/home/javierac/create3_ws/install/irobot_create_control/lib/pkgconfig/irobot_create_control.pc'
[0.706s] Level 1:colcon.colcon_core.environment:checking '/home/javierac/create3_ws/install/irobot_create_control/lib/python3.12/site-packages'
[0.707s] Level 1:colcon.colcon_core.environment:checking '/home/javierac/create3_ws/install/irobot_create_control/bin'
[0.707s] INFO:colcon.colcon_core.shell:Creating package script '/home/javierac/create3_ws/install/irobot_create_control/share/irobot_create_control/package.ps1'
[0.709s] INFO:colcon.colcon_core.shell:Creating package descriptor '/home/javierac/create3_ws/install/irobot_create_control/share/irobot_create_control/package.dsv'
[0.710s] INFO:colcon.colcon_core.shell:Creating package script '/home/javierac/create3_ws/install/irobot_create_control/share/irobot_create_control/package.sh'
[0.712s] INFO:colcon.colcon_core.shell:Creating package script '/home/javierac/create3_ws/install/irobot_create_control/share/irobot_create_control/package.bash'
[0.713s] INFO:colcon.colcon_core.shell:Creating package script '/home/javierac/create3_ws/install/irobot_create_control/share/irobot_create_control/package.zsh'
[0.714s] Level 1:colcon.colcon_core.environment:create_file_with_runtime_dependencies(/home/javierac/create3_ws/install/irobot_create_control/share/colcon-core/packages/irobot_create_control)
[0.714s] Level 1:colcon.colcon_core.environment:create_environment_scripts_only(irobot_create_control)
[0.715s] Level 1:colcon.colcon_core.environment:checking '/home/javierac/create3_ws/install/irobot_create_control' for CMake module files
[0.715s] Level 1:colcon.colcon_core.environment:checking '/home/javierac/create3_ws/install/irobot_create_control' for CMake config files
[0.716s] Level 1:colcon.colcon_core.shell:create_environment_hook('irobot_create_control', 'cmake_prefix_path')
[0.716s] INFO:colcon.colcon_core.shell:Creating environment hook '/home/javierac/create3_ws/install/irobot_create_control/share/irobot_create_control/hook/cmake_prefix_path.ps1'
[0.716s] INFO:colcon.colcon_core.shell:Creating environment descriptor '/home/javierac/create3_ws/install/irobot_create_control/share/irobot_create_control/hook/cmake_prefix_path.dsv'
[0.717s] INFO:colcon.colcon_core.shell:Creating environment hook '/home/javierac/create3_ws/install/irobot_create_control/share/irobot_create_control/hook/cmake_prefix_path.sh'
[0.717s] Level 1:colcon.colcon_core.environment:checking '/home/javierac/create3_ws/install/irobot_create_control/bin'
[0.717s] Level 1:colcon.colcon_core.environment:checking '/home/javierac/create3_ws/install/irobot_create_control/lib/pkgconfig/irobot_create_control.pc'
[0.717s] Level 1:colcon.colcon_core.environment:checking '/home/javierac/create3_ws/install/irobot_create_control/lib/python3.12/site-packages'
[0.718s] Level 1:colcon.colcon_core.environment:checking '/home/javierac/create3_ws/install/irobot_create_control/bin'
[0.718s] INFO:colcon.colcon_core.shell:Creating package script '/home/javierac/create3_ws/install/irobot_create_control/share/irobot_create_control/package.ps1'
[0.718s] INFO:colcon.colcon_core.shell:Creating package descriptor '/home/javierac/create3_ws/install/irobot_create_control/share/irobot_create_control/package.dsv'
[0.719s] INFO:colcon.colcon_core.shell:Creating package script '/home/javierac/create3_ws/install/irobot_create_control/share/irobot_create_control/package.sh'
[0.719s] INFO:colcon.colcon_core.shell:Creating package script '/home/javierac/create3_ws/install/irobot_create_control/share/irobot_create_control/package.bash'
[0.719s] INFO:colcon.colcon_core.shell:Creating package script '/home/javierac/create3_ws/install/irobot_create_control/share/irobot_create_control/package.zsh'
[0.720s] Level 1:colcon.colcon_core.environment:create_file_with_runtime_dependencies(/home/javierac/create3_ws/install/irobot_create_control/share/colcon-core/packages/irobot_create_control)
[0.720s] INFO:colcon.colcon_ros.task.ament_cmake.build:Building ROS package in '/home/javierac/create3_ws/src/irobot_create_common/irobot_create_description' with build type 'ament_cmake'
[0.720s] INFO:colcon.colcon_cmake.task.cmake.build:Building CMake package in '/home/javierac/create3_ws/src/irobot_create_common/irobot_create_description'
[0.720s] INFO:colcon.colcon_core.shell:Skip shell extension 'powershell' for command environment: Not usable outside of PowerShell
[0.720s] DEBUG:colcon.colcon_core.shell:Skip shell extension 'dsv' for command environment
[0.731s] DEBUG:colcon.colcon_core.event_handler.log_command:Invoking command in '/home/javierac/create3_ws/build/irobot_create_description': CMAKE_PREFIX_PATH=/home/javierac/create3_ws/install/irobot_create_control:/home/javierac/create3_ws/install/irobot_create_gz_sim:/home/javierac/create3_ws/install/irobot_create_gz_bringup:/home/javierac/create3_ws/install/irobot_create_common_bringup:/home/javierac/create3_ws/install/irobot_create_nodes:/home/javierac/create3_ws/install/irobot_create_gz_toolbox:/home/javierac/create3_ws/install/irobot_create_toolbox:/home/javierac/create3_ws/install/irobot_create_gz_plugins:/home/javierac/create3_ws/install/irobot_create_description:/opt/ros/jazzy/opt/gz_sim_vendor:/opt/ros/jazzy/opt/gz_sensors_vendor:/opt/ros/jazzy/opt/gz_physics_vendor:/opt/ros/jazzy/opt/sdformat_vendor:/opt/ros/jazzy/opt/gz_gui_vendor:/opt/ros/jazzy/opt/gz_transport_vendor:/opt/ros/jazzy/opt/gz_rendering_vendor:/opt/ros/jazzy/opt/gz_plugin_vendor:/opt/ros/jazzy/opt/gz_fuel_tools_vendor:/opt/ros/jazzy/opt/gz_msgs_vendor:/opt/ros/jazzy/opt/gz_common_vendor:/opt/ros/jazzy/opt/gz_math_vendor:/opt/ros/jazzy/opt/gz_utils_vendor:/opt/ros/jazzy/opt/gz_tools_vendor:/opt/ros/jazzy/opt/gz_ogre_next_vendor:/opt/ros/jazzy/opt/gz_dartsim_vendor:/opt/ros/jazzy/opt/gz_cmake_vendor:/opt/ros/jazzy /usr/bin/cmake /home/javierac/create3_ws/src/irobot_create_common/irobot_create_description -DCMAKE_INSTALL_PREFIX=/home/javierac/create3_ws/install/irobot_create_description
[0.965s] DEBUG:colcon.colcon_core.event_handler.log_command:Invoked command in '/home/javierac/create3_ws/build/irobot_create_toolbox' returned '0': CMAKE_PREFIX_PATH=${CMAKE_PREFIX_PATH}:/opt/ros/jazzy /usr/bin/cmake /home/javierac/create3_ws/src/irobot_create_common/irobot_create_toolbox -DCMAKE_INSTALL_PREFIX=/home/javierac/create3_ws/install/irobot_create_toolbox
[0.966s] DEBUG:colcon.colcon_core.event_handler.log_command:Invoking command in '/home/javierac/create3_ws/build/irobot_create_toolbox': CMAKE_PREFIX_PATH=${CMAKE_PREFIX_PATH}:/opt/ros/jazzy /usr/bin/cmake --build /home/javierac/create3_ws/build/irobot_create_toolbox -- -j20 -l20
[1.052s] DEBUG:colcon.colcon_core.event_handler.log_command:Invoked command in '/home/javierac/create3_ws/build/irobot_create_toolbox' returned '0': CMAKE_PREFIX_PATH=${CMAKE_PREFIX_PATH}:/opt/ros/jazzy /usr/bin/cmake --build /home/javierac/create3_ws/build/irobot_create_toolbox -- -j20 -l20
[1.053s] DEBUG:colcon.colcon_core.event_handler.log_command:Invoking command in '/home/javierac/create3_ws/build/irobot_create_toolbox': CMAKE_PREFIX_PATH=${CMAKE_PREFIX_PATH}:/opt/ros/jazzy /usr/bin/cmake --install /home/javierac/create3_ws/build/irobot_create_toolbox
[1.082s] Level 1:colcon.colcon_core.environment:create_environment_scripts_only(irobot_create_toolbox)
[1.082s] Level 1:colcon.colcon_core.environment:checking '/home/javierac/create3_ws/install/irobot_create_toolbox' for CMake module files
[1.082s] DEBUG:colcon.colcon_core.event_handler.log_command:Invoked command in '/home/javierac/create3_ws/build/irobot_create_toolbox' returned '0': CMAKE_PREFIX_PATH=${CMAKE_PREFIX_PATH}:/opt/ros/jazzy /usr/bin/cmake --install /home/javierac/create3_ws/build/irobot_create_toolbox
[1.083s] Level 1:colcon.colcon_core.environment:checking '/home/javierac/create3_ws/install/irobot_create_toolbox' for CMake config files
[1.084s] Level 1:colcon.colcon_core.shell:create_environment_hook('irobot_create_toolbox', 'cmake_prefix_path')
[1.084s] INFO:colcon.colcon_core.shell:Creating environment hook '/home/javierac/create3_ws/install/irobot_create_toolbox/share/irobot_create_toolbox/hook/cmake_prefix_path.ps1'
[1.085s] INFO:colcon.colcon_core.shell:Creating environment descriptor '/home/javierac/create3_ws/install/irobot_create_toolbox/share/irobot_create_toolbox/hook/cmake_prefix_path.dsv'
[1.085s] INFO:colcon.colcon_core.shell:Creating environment hook '/home/javierac/create3_ws/install/irobot_create_toolbox/share/irobot_create_toolbox/hook/cmake_prefix_path.sh'
[1.085s] Level 1:colcon.colcon_core.environment:checking '/home/javierac/create3_ws/install/irobot_create_toolbox/lib'
[1.086s] Level 1:colcon.colcon_core.shell:create_environment_hook('irobot_create_toolbox', 'ld_library_path_lib')
[1.086s] INFO:colcon.colcon_core.shell:Creating environment hook '/home/javierac/create3_ws/install/irobot_create_toolbox/share/irobot_create_toolbox/hook/ld_library_path_lib.ps1'
[1.086s] INFO:colcon.colcon_core.shell:Creating environment descriptor '/home/javierac/create3_ws/install/irobot_create_toolbox/share/irobot_create_toolbox/hook/ld_library_path_lib.dsv'
[1.086s] INFO:colcon.colcon_core.shell:Creating environment hook '/home/javierac/create3_ws/install/irobot_create_toolbox/share/irobot_create_toolbox/hook/ld_library_path_lib.sh'
[1.087s] Level 1:colcon.colcon_core.environment:checking '/home/javierac/create3_ws/install/irobot_create_toolbox/bin'
[1.087s] Level 1:colcon.colcon_core.environment:checking '/home/javierac/create3_ws/install/irobot_create_toolbox/lib/pkgconfig/irobot_create_toolbox.pc'
[1.087s] Level 1:colcon.colcon_core.environment:checking '/home/javierac/create3_ws/install/irobot_create_toolbox/lib/python3.12/site-packages'
[1.087s] Level 1:colcon.colcon_core.environment:checking '/home/javierac/create3_ws/install/irobot_create_toolbox/bin'
[1.087s] INFO:colcon.colcon_core.shell:Creating package script '/home/javierac/create3_ws/install/irobot_create_toolbox/share/irobot_create_toolbox/package.ps1'
[1.088s] INFO:colcon.colcon_core.shell:Creating package descriptor '/home/javierac/create3_ws/install/irobot_create_toolbox/share/irobot_create_toolbox/package.dsv'
[1.088s] INFO:colcon.colcon_core.shell:Creating package script '/home/javierac/create3_ws/install/irobot_create_toolbox/share/irobot_create_toolbox/package.sh'
[1.089s] INFO:colcon.colcon_core.shell:Creating package script '/home/javierac/create3_ws/install/irobot_create_toolbox/share/irobot_create_toolbox/package.bash'
[1.089s] INFO:colcon.colcon_core.shell:Creating package script '/home/javierac/create3_ws/install/irobot_create_toolbox/share/irobot_create_toolbox/package.zsh'
[1.090s] Level 1:colcon.colcon_core.environment:create_file_with_runtime_dependencies(/home/javierac/create3_ws/install/irobot_create_toolbox/share/colcon-core/packages/irobot_create_toolbox)
[1.090s] Level 1:colcon.colcon_core.environment:create_environment_scripts_only(irobot_create_toolbox)
[1.090s] Level 1:colcon.colcon_core.environment:checking '/home/javierac/create3_ws/install/irobot_create_toolbox' for CMake module files
[1.091s] Level 1:colcon.colcon_core.environment:checking '/home/javierac/create3_ws/install/irobot_create_toolbox' for CMake config files
[1.091s] Level 1:colcon.colcon_core.shell:create_environment_hook('irobot_create_toolbox', 'cmake_prefix_path')
[1.091s] INFO:colcon.colcon_core.shell:Creating environment hook '/home/javierac/create3_ws/install/irobot_create_toolbox/share/irobot_create_toolbox/hook/cmake_prefix_path.ps1'
[1.092s] INFO:colcon.colcon_core.shell:Creating environment descriptor '/home/javierac/create3_ws/install/irobot_create_toolbox/share/irobot_create_toolbox/hook/cmake_prefix_path.dsv'
[1.092s] INFO:colcon.colcon_core.shell:Creating environment hook '/home/javierac/create3_ws/install/irobot_create_toolbox/share/irobot_create_toolbox/hook/cmake_prefix_path.sh'
[1.093s] Level 1:colcon.colcon_core.environment:checking '/home/javierac/create3_ws/install/irobot_create_toolbox/lib'
[1.093s] Level 1:colcon.colcon_core.shell:create_environment_hook('irobot_create_toolbox', 'ld_library_path_lib')
[1.093s] INFO:colcon.colcon_core.shell:Creating environment hook '/home/javierac/create3_ws/install/irobot_create_toolbox/share/irobot_create_toolbox/hook/ld_library_path_lib.ps1'
[1.093s] INFO:colcon.colcon_core.shell:Creating environment descriptor '/home/javierac/create3_ws/install/irobot_create_toolbox/share/irobot_create_toolbox/hook/ld_library_path_lib.dsv'
[1.093s] INFO:colcon.colcon_core.shell:Creating environment hook '/home/javierac/create3_ws/install/irobot_create_toolbox/share/irobot_create_toolbox/hook/ld_library_path_lib.sh'
[1.094s] Level 1:colcon.colcon_core.environment:checking '/home/javierac/create3_ws/install/irobot_create_toolbox/bin'
[1.094s] Level 1:colcon.colcon_core.environment:checking '/home/javierac/create3_ws/install/irobot_create_toolbox/lib/pkgconfig/irobot_create_toolbox.pc'
[1.094s] Level 1:colcon.colcon_core.environment:checking '/home/javierac/create3_ws/install/irobot_create_toolbox/lib/python3.12/site-packages'
[1.094s] Level 1:colcon.colcon_core.environment:checking '/home/javierac/create3_ws/install/irobot_create_toolbox/bin'
[1.094s] INFO:colcon.colcon_core.shell:Creating package script '/home/javierac/create3_ws/install/irobot_create_toolbox/share/irobot_create_toolbox/package.ps1'
[1.095s] INFO:colcon.colcon_core.shell:Creating package descriptor '/home/javierac/create3_ws/install/irobot_create_toolbox/share/irobot_create_toolbox/package.dsv'
[1.095s] INFO:colcon.colcon_core.shell:Creating package script '/home/javierac/create3_ws/install/irobot_create_toolbox/share/irobot_create_toolbox/package.sh'
[1.096s] INFO:colcon.colcon_core.shell:Creating package script '/home/javierac/create3_ws/install/irobot_create_toolbox/share/irobot_create_toolbox/package.bash'
[1.096s] INFO:colcon.colcon_core.shell:Creating package script '/home/javierac/create3_ws/install/irobot_create_toolbox/share/irobot_create_toolbox/package.zsh'
[1.096s] Level 1:colcon.colcon_core.environment:create_file_with_runtime_dependencies(/home/javierac/create3_ws/install/irobot_create_toolbox/share/colcon-core/packages/irobot_create_toolbox)
[1.096s] INFO:colcon.colcon_ros.task.ament_cmake.build:Building ROS package in '/home/javierac/create3_ws/src/irobot_create_common/irobot_create_nodes' with build type 'ament_cmake'
[1.097s] INFO:colcon.colcon_cmake.task.cmake.build:Building CMake package in '/home/javierac/create3_ws/src/irobot_create_common/irobot_create_nodes'
[1.097s] INFO:colcon.colcon_core.shell:Skip shell extension 'powershell' for command environment: Not usable outside of PowerShell
[1.097s] DEBUG:colcon.colcon_core.shell:Skip shell extension 'dsv' for command environment
[1.102s] INFO:colcon.colcon_ros.task.ament_cmake.build:Building ROS package in '/home/javierac/create3_ws/src/irobot_create_gz/irobot_create_gz_toolbox' with build type 'ament_cmake'
[1.102s] INFO:colcon.colcon_cmake.task.cmake.build:Building CMake package in '/home/javierac/create3_ws/src/irobot_create_gz/irobot_create_gz_toolbox'
[1.102s] INFO:colcon.colcon_core.shell:Skip shell extension 'powershell' for command environment: Not usable outside of PowerShell
[1.102s] DEBUG:colcon.colcon_core.shell:Skip shell extension 'dsv' for command environment
[1.110s] DEBUG:colcon.colcon_core.event_handler.log_command:Invoking command in '/home/javierac/create3_ws/build/irobot_create_nodes': CMAKE_PREFIX_PATH=/home/javierac/create3_ws/install/irobot_create_toolbox:/home/javierac/create3_ws/install/irobot_create_gz_sim:/home/javierac/create3_ws/install/irobot_create_gz_bringup:/home/javierac/create3_ws/install/irobot_create_common_bringup:/home/javierac/create3_ws/install/irobot_create_nodes:/home/javierac/create3_ws/install/irobot_create_gz_toolbox:/home/javierac/create3_ws/install/irobot_create_gz_plugins:/home/javierac/create3_ws/install/irobot_create_description:/home/javierac/create3_ws/install/irobot_create_control:/opt/ros/jazzy/opt/gz_sim_vendor:/opt/ros/jazzy/opt/gz_sensors_vendor:/opt/ros/jazzy/opt/gz_physics_vendor:/opt/ros/jazzy/opt/sdformat_vendor:/opt/ros/jazzy/opt/gz_gui_vendor:/opt/ros/jazzy/opt/gz_transport_vendor:/opt/ros/jazzy/opt/gz_rendering_vendor:/opt/ros/jazzy/opt/gz_plugin_vendor:/opt/ros/jazzy/opt/gz_fuel_tools_vendor:/opt/ros/jazzy/opt/gz_msgs_vendor:/opt/ros/jazzy/opt/gz_common_vendor:/opt/ros/jazzy/opt/gz_math_vendor:/opt/ros/jazzy/opt/gz_utils_vendor:/opt/ros/jazzy/opt/gz_tools_vendor:/opt/ros/jazzy/opt/gz_ogre_next_vendor:/opt/ros/jazzy/opt/gz_dartsim_vendor:/opt/ros/jazzy/opt/gz_cmake_vendor:/opt/ros/jazzy LD_LIBRARY_PATH=/home/javierac/create3_ws/install/irobot_create_toolbox/lib:/home/javierac/create3_ws/install/irobot_create_nodes/lib:/home/javierac/create3_ws/install/irobot_create_gz_toolbox/lib:/opt/ros/jazzy/opt/gz_sim_vendor/lib:/opt/ros/jazzy/opt/gz_sensors_vendor/lib:/opt/ros/jazzy/opt/gz_physics_vendor/lib:/opt/ros/jazzy/opt/sdformat_vendor/lib:/opt/ros/jazzy/opt/rviz_ogre_vendor/lib:/opt/ros/jazzy/lib/x86_64-linux-gnu:/opt/ros/jazzy/opt/gz_gui_vendor/lib:/opt/ros/jazzy/opt/gz_transport_vendor/lib:/opt/ros/jazzy/opt/gz_rendering_vendor/lib:/opt/ros/jazzy/opt/gz_plugin_vendor/lib:/opt/ros/jazzy/opt/gz_fuel_tools_vendor/lib:/opt/ros/jazzy/opt/gz_msgs_vendor/lib:/opt/ros/jazzy/opt/gz_common_vendor/lib:/opt/ros/jazzy/opt/gz_math_vendor/lib:/opt/ros/jazzy/opt/gz_utils_vendor/lib:/opt/ros/jazzy/opt/gz_tools_vendor/lib:/opt/ros/jazzy/opt/gz_ogre_next_vendor/lib:/opt/ros/jazzy/opt/gz_dartsim_vendor/lib:/opt/ros/jazzy/opt/gz_cmake_vendor/lib:/opt/ros/jazzy/lib /usr/bin/cmake /home/javierac/create3_ws/src/irobot_create_common/irobot_create_nodes -DCMAKE_INSTALL_PREFIX=/home/javierac/create3_ws/install/irobot_create_nodes
[1.112s] DEBUG:colcon.colcon_core.event_handler.log_command:Invoked command in '/home/javierac/create3_ws/build/irobot_create_description' returned '0': CMAKE_PREFIX_PATH=/home/javierac/create3_ws/install/irobot_create_control:/home/javierac/create3_ws/install/irobot_create_gz_sim:/home/javierac/create3_ws/install/irobot_create_gz_bringup:/home/javierac/create3_ws/install/irobot_create_common_bringup:/home/javierac/create3_ws/install/irobot_create_nodes:/home/javierac/create3_ws/install/irobot_create_gz_toolbox:/home/javierac/create3_ws/install/irobot_create_toolbox:/home/javierac/create3_ws/install/irobot_create_gz_plugins:/home/javierac/create3_ws/install/irobot_create_description:/opt/ros/jazzy/opt/gz_sim_vendor:/opt/ros/jazzy/opt/gz_sensors_vendor:/opt/ros/jazzy/opt/gz_physics_vendor:/opt/ros/jazzy/opt/sdformat_vendor:/opt/ros/jazzy/opt/gz_gui_vendor:/opt/ros/jazzy/opt/gz_transport_vendor:/opt/ros/jazzy/opt/gz_rendering_vendor:/opt/ros/jazzy/opt/gz_plugin_vendor:/opt/ros/jazzy/opt/gz_fuel_tools_vendor:/opt/ros/jazzy/opt/gz_msgs_vendor:/opt/ros/jazzy/opt/gz_common_vendor:/opt/ros/jazzy/opt/gz_math_vendor:/opt/ros/jazzy/opt/gz_utils_vendor:/opt/ros/jazzy/opt/gz_tools_vendor:/opt/ros/jazzy/opt/gz_ogre_next_vendor:/opt/ros/jazzy/opt/gz_dartsim_vendor:/opt/ros/jazzy/opt/gz_cmake_vendor:/opt/ros/jazzy /usr/bin/cmake /home/javierac/create3_ws/src/irobot_create_common/irobot_create_description -DCMAKE_INSTALL_PREFIX=/home/javierac/create3_ws/install/irobot_create_description
[1.112s] DEBUG:colcon.colcon_core.event_handler.log_command:Invoking command in '/home/javierac/create3_ws/build/irobot_create_description': CMAKE_PREFIX_PATH=/home/javierac/create3_ws/install/irobot_create_control:/home/javierac/create3_ws/install/irobot_create_gz_sim:/home/javierac/create3_ws/install/irobot_create_gz_bringup:/home/javierac/create3_ws/install/irobot_create_common_bringup:/home/javierac/create3_ws/install/irobot_create_nodes:/home/javierac/create3_ws/install/irobot_create_gz_toolbox:/home/javierac/create3_ws/install/irobot_create_toolbox:/home/javierac/create3_ws/install/irobot_create_gz_plugins:/home/javierac/create3_ws/install/irobot_create_description:/opt/ros/jazzy/opt/gz_sim_vendor:/opt/ros/jazzy/opt/gz_sensors_vendor:/opt/ros/jazzy/opt/gz_physics_vendor:/opt/ros/jazzy/opt/sdformat_vendor:/opt/ros/jazzy/opt/gz_gui_vendor:/opt/ros/jazzy/opt/gz_transport_vendor:/opt/ros/jazzy/opt/gz_rendering_vendor:/opt/ros/jazzy/opt/gz_plugin_vendor:/opt/ros/jazzy/opt/gz_fuel_tools_vendor:/opt/ros/jazzy/opt/gz_msgs_vendor:/opt/ros/jazzy/opt/gz_common_vendor:/opt/ros/jazzy/opt/gz_math_vendor:/opt/ros/jazzy/opt/gz_utils_vendor:/opt/ros/jazzy/opt/gz_tools_vendor:/opt/ros/jazzy/opt/gz_ogre_next_vendor:/opt/ros/jazzy/opt/gz_dartsim_vendor:/opt/ros/jazzy/opt/gz_cmake_vendor:/opt/ros/jazzy /usr/bin/cmake --build /home/javierac/create3_ws/build/irobot_create_description -- -j20 -l20
[1.115s] DEBUG:colcon.colcon_core.event_handler.log_command:Invoking command in '/home/javierac/create3_ws/build/irobot_create_gz_toolbox': CMAKE_PREFIX_PATH=/home/javierac/create3_ws/install/irobot_create_toolbox:/home/javierac/create3_ws/install/irobot_create_gz_sim:/home/javierac/create3_ws/install/irobot_create_gz_bringup:/home/javierac/create3_ws/install/irobot_create_common_bringup:/home/javierac/create3_ws/install/irobot_create_nodes:/home/javierac/create3_ws/install/irobot_create_gz_toolbox:/home/javierac/create3_ws/install/irobot_create_gz_plugins:/home/javierac/create3_ws/install/irobot_create_description:/home/javierac/create3_ws/install/irobot_create_control:/opt/ros/jazzy/opt/gz_sim_vendor:/opt/ros/jazzy/opt/gz_sensors_vendor:/opt/ros/jazzy/opt/gz_physics_vendor:/opt/ros/jazzy/opt/sdformat_vendor:/opt/ros/jazzy/opt/gz_gui_vendor:/opt/ros/jazzy/opt/gz_transport_vendor:/opt/ros/jazzy/opt/gz_rendering_vendor:/opt/ros/jazzy/opt/gz_plugin_vendor:/opt/ros/jazzy/opt/gz_fuel_tools_vendor:/opt/ros/jazzy/opt/gz_msgs_vendor:/opt/ros/jazzy/opt/gz_common_vendor:/opt/ros/jazzy/opt/gz_math_vendor:/opt/ros/jazzy/opt/gz_utils_vendor:/opt/ros/jazzy/opt/gz_tools_vendor:/opt/ros/jazzy/opt/gz_ogre_next_vendor:/opt/ros/jazzy/opt/gz_dartsim_vendor:/opt/ros/jazzy/opt/gz_cmake_vendor:/opt/ros/jazzy LD_LIBRARY_PATH=/home/javierac/create3_ws/install/irobot_create_toolbox/lib:/home/javierac/create3_ws/install/irobot_create_nodes/lib:/home/javierac/create3_ws/install/irobot_create_gz_toolbox/lib:/opt/ros/jazzy/opt/gz_sim_vendor/lib:/opt/ros/jazzy/opt/gz_sensors_vendor/lib:/opt/ros/jazzy/opt/gz_physics_vendor/lib:/opt/ros/jazzy/opt/sdformat_vendor/lib:/opt/ros/jazzy/opt/rviz_ogre_vendor/lib:/opt/ros/jazzy/lib/x86_64-linux-gnu:/opt/ros/jazzy/opt/gz_gui_vendor/lib:/opt/ros/jazzy/opt/gz_transport_vendor/lib:/opt/ros/jazzy/opt/gz_rendering_vendor/lib:/opt/ros/jazzy/opt/gz_plugin_vendor/lib:/opt/ros/jazzy/opt/gz_fuel_tools_vendor/lib:/opt/ros/jazzy/opt/gz_msgs_vendor/lib:/opt/ros/jazzy/opt/gz_common_vendor/lib:/opt/ros/jazzy/opt/gz_math_vendor/lib:/opt/ros/jazzy/opt/gz_utils_vendor/lib:/opt/ros/jazzy/opt/gz_tools_vendor/lib:/opt/ros/jazzy/opt/gz_ogre_next_vendor/lib:/opt/ros/jazzy/opt/gz_dartsim_vendor/lib:/opt/ros/jazzy/opt/gz_cmake_vendor/lib:/opt/ros/jazzy/lib /usr/bin/cmake /home/javierac/create3_ws/src/irobot_create_gz/irobot_create_gz_toolbox -DCMAKE_INSTALL_PREFIX=/home/javierac/create3_ws/install/irobot_create_gz_toolbox
[1.120s] DEBUG:colcon.colcon_core.event_handler.log_command:Invoked command in '/home/javierac/create3_ws/build/irobot_create_gz_plugins' returned '0': CMAKE_PREFIX_PATH=${CMAKE_PREFIX_PATH}:/opt/ros/jazzy /usr/bin/cmake /home/javierac/create3_ws/src/irobot_create_gz/irobot_create_gz_plugins -DCMAKE_INSTALL_PREFIX=/home/javierac/create3_ws/install/irobot_create_gz_plugins
[1.120s] DEBUG:colcon.colcon_core.event_handler.log_command:Invoking command in '/home/javierac/create3_ws/build/irobot_create_gz_plugins': CMAKE_PREFIX_PATH=${CMAKE_PREFIX_PATH}:/opt/ros/jazzy /usr/bin/cmake --build /home/javierac/create3_ws/build/irobot_create_gz_plugins -- -j20 -l20
[1.149s] DEBUG:colcon.colcon_core.event_handler.log_command:Invoked command in '/home/javierac/create3_ws/build/irobot_create_description' returned '0': CMAKE_PREFIX_PATH=/home/javierac/create3_ws/install/irobot_create_control:/home/javierac/create3_ws/install/irobot_create_gz_sim:/home/javierac/create3_ws/install/irobot_create_gz_bringup:/home/javierac/create3_ws/install/irobot_create_common_bringup:/home/javierac/create3_ws/install/irobot_create_nodes:/home/javierac/create3_ws/install/irobot_create_gz_toolbox:/home/javierac/create3_ws/install/irobot_create_toolbox:/home/javierac/create3_ws/install/irobot_create_gz_plugins:/home/javierac/create3_ws/install/irobot_create_description:/opt/ros/jazzy/opt/gz_sim_vendor:/opt/ros/jazzy/opt/gz_sensors_vendor:/opt/ros/jazzy/opt/gz_physics_vendor:/opt/ros/jazzy/opt/sdformat_vendor:/opt/ros/jazzy/opt/gz_gui_vendor:/opt/ros/jazzy/opt/gz_transport_vendor:/opt/ros/jazzy/opt/gz_rendering_vendor:/opt/ros/jazzy/opt/gz_plugin_vendor:/opt/ros/jazzy/opt/gz_fuel_tools_vendor:/opt/ros/jazzy/opt/gz_msgs_vendor:/opt/ros/jazzy/opt/gz_common_vendor:/opt/ros/jazzy/opt/gz_math_vendor:/opt/ros/jazzy/opt/gz_utils_vendor:/opt/ros/jazzy/opt/gz_tools_vendor:/opt/ros/jazzy/opt/gz_ogre_next_vendor:/opt/ros/jazzy/opt/gz_dartsim_vendor:/opt/ros/jazzy/opt/gz_cmake_vendor:/opt/ros/jazzy /usr/bin/cmake --build /home/javierac/create3_ws/build/irobot_create_description -- -j20 -l20
[1.150s] DEBUG:colcon.colcon_core.event_handler.log_command:Invoking command in '/home/javierac/create3_ws/build/irobot_create_description': CMAKE_PREFIX_PATH=/home/javierac/create3_ws/install/irobot_create_control:/home/javierac/create3_ws/install/irobot_create_gz_sim:/home/javierac/create3_ws/install/irobot_create_gz_bringup:/home/javierac/create3_ws/install/irobot_create_common_bringup:/home/javierac/create3_ws/install/irobot_create_nodes:/home/javierac/create3_ws/install/irobot_create_gz_toolbox:/home/javierac/create3_ws/install/irobot_create_toolbox:/home/javierac/create3_ws/install/irobot_create_gz_plugins:/home/javierac/create3_ws/install/irobot_create_description:/opt/ros/jazzy/opt/gz_sim_vendor:/opt/ros/jazzy/opt/gz_sensors_vendor:/opt/ros/jazzy/opt/gz_physics_vendor:/opt/ros/jazzy/opt/sdformat_vendor:/opt/ros/jazzy/opt/gz_gui_vendor:/opt/ros/jazzy/opt/gz_transport_vendor:/opt/ros/jazzy/opt/gz_rendering_vendor:/opt/ros/jazzy/opt/gz_plugin_vendor:/opt/ros/jazzy/opt/gz_fuel_tools_vendor:/opt/ros/jazzy/opt/gz_msgs_vendor:/opt/ros/jazzy/opt/gz_common_vendor:/opt/ros/jazzy/opt/gz_math_vendor:/opt/ros/jazzy/opt/gz_utils_vendor:/opt/ros/jazzy/opt/gz_tools_vendor:/opt/ros/jazzy/opt/gz_ogre_next_vendor:/opt/ros/jazzy/opt/gz_dartsim_vendor:/opt/ros/jazzy/opt/gz_cmake_vendor:/opt/ros/jazzy /usr/bin/cmake --install /home/javierac/create3_ws/build/irobot_create_description
[1.173s] Level 1:colcon.colcon_core.environment:create_environment_scripts_only(irobot_create_description)
[1.174s] DEBUG:colcon.colcon_core.event_handler.log_command:Invoked command in '/home/javierac/create3_ws/build/irobot_create_description' returned '0': CMAKE_PREFIX_PATH=/home/javierac/create3_ws/install/irobot_create_control:/home/javierac/create3_ws/install/irobot_create_gz_sim:/home/javierac/create3_ws/install/irobot_create_gz_bringup:/home/javierac/create3_ws/install/irobot_create_common_bringup:/home/javierac/create3_ws/install/irobot_create_nodes:/home/javierac/create3_ws/install/irobot_create_gz_toolbox:/home/javierac/create3_ws/install/irobot_create_toolbox:/home/javierac/create3_ws/install/irobot_create_gz_plugins:/home/javierac/create3_ws/install/irobot_create_description:/opt/ros/jazzy/opt/gz_sim_vendor:/opt/ros/jazzy/opt/gz_sensors_vendor:/opt/ros/jazzy/opt/gz_physics_vendor:/opt/ros/jazzy/opt/sdformat_vendor:/opt/ros/jazzy/opt/gz_gui_vendor:/opt/ros/jazzy/opt/gz_transport_vendor:/opt/ros/jazzy/opt/gz_rendering_vendor:/opt/ros/jazzy/opt/gz_plugin_vendor:/opt/ros/jazzy/opt/gz_fuel_tools_vendor:/opt/ros/jazzy/opt/gz_msgs_vendor:/opt/ros/jazzy/opt/gz_common_vendor:/opt/ros/jazzy/opt/gz_math_vendor:/opt/ros/jazzy/opt/gz_utils_vendor:/opt/ros/jazzy/opt/gz_tools_vendor:/opt/ros/jazzy/opt/gz_ogre_next_vendor:/opt/ros/jazzy/opt/gz_dartsim_vendor:/opt/ros/jazzy/opt/gz_cmake_vendor:/opt/ros/jazzy /usr/bin/cmake --install /home/javierac/create3_ws/build/irobot_create_description
[1.174s] Level 1:colcon.colcon_core.environment:checking '/home/javierac/create3_ws/install/irobot_create_description' for CMake module files
[1.174s] Level 1:colcon.colcon_core.environment:checking '/home/javierac/create3_ws/install/irobot_create_description' for CMake config files
[1.175s] Level 1:colcon.colcon_core.shell:create_environment_hook('irobot_create_description', 'cmake_prefix_path')
[1.175s] INFO:colcon.colcon_core.shell:Creating environment hook '/home/javierac/create3_ws/install/irobot_create_description/share/irobot_create_description/hook/cmake_prefix_path.ps1'
[1.175s] INFO:colcon.colcon_core.shell:Creating environment descriptor '/home/javierac/create3_ws/install/irobot_create_description/share/irobot_create_description/hook/cmake_prefix_path.dsv'
[1.176s] INFO:colcon.colcon_core.shell:Creating environment hook '/home/javierac/create3_ws/install/irobot_create_description/share/irobot_create_description/hook/cmake_prefix_path.sh'
[1.176s] Level 1:colcon.colcon_core.environment:checking '/home/javierac/create3_ws/install/irobot_create_description/bin'
[1.176s] Level 1:colcon.colcon_core.environment:checking '/home/javierac/create3_ws/install/irobot_create_description/lib/pkgconfig/irobot_create_description.pc'
[1.176s] Level 1:colcon.colcon_core.environment:checking '/home/javierac/create3_ws/install/irobot_create_description/lib/python3.12/site-packages'
[1.177s] Level 1:colcon.colcon_core.environment:checking '/home/javierac/create3_ws/install/irobot_create_description/bin'
[1.177s] INFO:colcon.colcon_core.shell:Creating package script '/home/javierac/create3_ws/install/irobot_create_description/share/irobot_create_description/package.ps1'
[1.177s] INFO:colcon.colcon_core.shell:Creating package descriptor '/home/javierac/create3_ws/install/irobot_create_description/share/irobot_create_description/package.dsv'
[1.177s] INFO:colcon.colcon_core.shell:Creating package script '/home/javierac/create3_ws/install/irobot_create_description/share/irobot_create_description/package.sh'
[1.178s] INFO:colcon.colcon_core.shell:Creating package script '/home/javierac/create3_ws/install/irobot_create_description/share/irobot_create_description/package.bash'
[1.178s] INFO:colcon.colcon_core.shell:Creating package script '/home/javierac/create3_ws/install/irobot_create_description/share/irobot_create_description/package.zsh'
[1.178s] Level 1:colcon.colcon_core.environment:create_file_with_runtime_dependencies(/home/javierac/create3_ws/install/irobot_create_description/share/colcon-core/packages/irobot_create_description)
[1.179s] Level 1:colcon.colcon_core.environment:create_environment_scripts_only(irobot_create_description)
[1.179s] Level 1:colcon.colcon_core.environment:checking '/home/javierac/create3_ws/install/irobot_create_description' for CMake module files
[1.179s] Level 1:colcon.colcon_core.environment:checking '/home/javierac/create3_ws/install/irobot_create_description' for CMake config files
[1.179s] Level 1:colcon.colcon_core.shell:create_environment_hook('irobot_create_description', 'cmake_prefix_path')
[1.180s] INFO:colcon.colcon_core.shell:Creating environment hook '/home/javierac/create3_ws/install/irobot_create_description/share/irobot_create_description/hook/cmake_prefix_path.ps1'
[1.180s] INFO:colcon.colcon_core.shell:Creating environment descriptor '/home/javierac/create3_ws/install/irobot_create_description/share/irobot_create_description/hook/cmake_prefix_path.dsv'
[1.180s] INFO:colcon.colcon_core.shell:Creating environment hook '/home/javierac/create3_ws/install/irobot_create_description/share/irobot_create_description/hook/cmake_prefix_path.sh'
[1.181s] Level 1:colcon.colcon_core.environment:checking '/home/javierac/create3_ws/install/irobot_create_description/bin'
[1.181s] Level 1:colcon.colcon_core.environment:checking '/home/javierac/create3_ws/install/irobot_create_description/lib/pkgconfig/irobot_create_description.pc'
[1.181s] Level 1:colcon.colcon_core.environment:checking '/home/javierac/create3_ws/install/irobot_create_description/lib/python3.12/site-packages'
[1.181s] Level 1:colcon.colcon_core.environment:checking '/home/javierac/create3_ws/install/irobot_create_description/bin'
[1.181s] INFO:colcon.colcon_core.shell:Creating package script '/home/javierac/create3_ws/install/irobot_create_description/share/irobot_create_description/package.ps1'
[1.182s] INFO:colcon.colcon_core.shell:Creating package descriptor '/home/javierac/create3_ws/install/irobot_create_description/share/irobot_create_description/package.dsv'
[1.182s] INFO:colcon.colcon_core.shell:Creating package script '/home/javierac/create3_ws/install/irobot_create_description/share/irobot_create_description/package.sh'
[1.182s] INFO:colcon.colcon_core.shell:Creating package script '/home/javierac/create3_ws/install/irobot_create_description/share/irobot_create_description/package.bash'
[1.183s] INFO:colcon.colcon_core.shell:Creating package script '/home/javierac/create3_ws/install/irobot_create_description/share/irobot_create_description/package.zsh'
[1.183s] Level 1:colcon.colcon_core.environment:create_file_with_runtime_dependencies(/home/javierac/create3_ws/install/irobot_create_description/share/colcon-core/packages/irobot_create_description)
[1.281s] DEBUG:colcon.colcon_core.event_handler.log_command:Invoked command in '/home/javierac/create3_ws/build/irobot_create_gz_plugins' returned '0': CMAKE_PREFIX_PATH=${CMAKE_PREFIX_PATH}:/opt/ros/jazzy /usr/bin/cmake --build /home/javierac/create3_ws/build/irobot_create_gz_plugins -- -j20 -l20
[1.283s] DEBUG:colcon.colcon_core.event_handler.log_command:Invoking command in '/home/javierac/create3_ws/build/irobot_create_gz_plugins': CMAKE_PREFIX_PATH=${CMAKE_PREFIX_PATH}:/opt/ros/jazzy /usr/bin/cmake --install /home/javierac/create3_ws/build/irobot_create_gz_plugins
[1.310s] Level 1:colcon.colcon_core.environment:create_environment_scripts_only(irobot_create_gz_plugins)
[1.311s] Level 1:colcon.colcon_core.environment:checking '/home/javierac/create3_ws/install/irobot_create_gz_plugins' for CMake module files
[1.312s] DEBUG:colcon.colcon_core.event_handler.log_command:Invoked command in '/home/javierac/create3_ws/build/irobot_create_gz_plugins' returned '0': CMAKE_PREFIX_PATH=${CMAKE_PREFIX_PATH}:/opt/ros/jazzy /usr/bin/cmake --install /home/javierac/create3_ws/build/irobot_create_gz_plugins
[1.312s] Level 1:colcon.colcon_core.environment:checking '/home/javierac/create3_ws/install/irobot_create_gz_plugins' for CMake config files
[1.312s] Level 1:colcon.colcon_core.shell:create_environment_hook('irobot_create_gz_plugins', 'cmake_prefix_path')
[1.312s] INFO:colcon.colcon_core.shell:Creating environment hook '/home/javierac/create3_ws/install/irobot_create_gz_plugins/share/irobot_create_gz_plugins/hook/cmake_prefix_path.ps1'
[1.313s] INFO:colcon.colcon_core.shell:Creating environment descriptor '/home/javierac/create3_ws/install/irobot_create_gz_plugins/share/irobot_create_gz_plugins/hook/cmake_prefix_path.dsv'
[1.313s] INFO:colcon.colcon_core.shell:Creating environment hook '/home/javierac/create3_ws/install/irobot_create_gz_plugins/share/irobot_create_gz_plugins/hook/cmake_prefix_path.sh'
[1.314s] Level 1:colcon.colcon_core.environment:checking '/home/javierac/create3_ws/install/irobot_create_gz_plugins/bin'
[1.314s] Level 1:colcon.colcon_core.environment:checking '/home/javierac/create3_ws/install/irobot_create_gz_plugins/lib/pkgconfig/irobot_create_gz_plugins.pc'
[1.314s] Level 1:colcon.colcon_core.environment:checking '/home/javierac/create3_ws/install/irobot_create_gz_plugins/lib/python3.12/site-packages'
[1.314s] Level 1:colcon.colcon_core.environment:checking '/home/javierac/create3_ws/install/irobot_create_gz_plugins/bin'
[1.314s] INFO:colcon.colcon_core.shell:Creating package script '/home/javierac/create3_ws/install/irobot_create_gz_plugins/share/irobot_create_gz_plugins/package.ps1'
[1.315s] INFO:colcon.colcon_core.shell:Creating package descriptor '/home/javierac/create3_ws/install/irobot_create_gz_plugins/share/irobot_create_gz_plugins/package.dsv'
[1.315s] INFO:colcon.colcon_core.shell:Creating package script '/home/javierac/create3_ws/install/irobot_create_gz_plugins/share/irobot_create_gz_plugins/package.sh'
[1.315s] INFO:colcon.colcon_core.shell:Creating package script '/home/javierac/create3_ws/install/irobot_create_gz_plugins/share/irobot_create_gz_plugins/package.bash'
[1.316s] INFO:colcon.colcon_core.shell:Creating package script '/home/javierac/create3_ws/install/irobot_create_gz_plugins/share/irobot_create_gz_plugins/package.zsh'
[1.316s] Level 1:colcon.colcon_core.environment:create_file_with_runtime_dependencies(/home/javierac/create3_ws/install/irobot_create_gz_plugins/share/colcon-core/packages/irobot_create_gz_plugins)
[1.317s] Level 1:colcon.colcon_core.environment:create_environment_scripts_only(irobot_create_gz_plugins)
[1.317s] Level 1:colcon.colcon_core.environment:checking '/home/javierac/create3_ws/install/irobot_create_gz_plugins' for CMake module files
[1.318s] Level 1:colcon.colcon_core.environment:checking '/home/javierac/create3_ws/install/irobot_create_gz_plugins' for CMake config files
[1.319s] Level 1:colcon.colcon_core.shell:create_environment_hook('irobot_create_gz_plugins', 'cmake_prefix_path')
[1.319s] INFO:colcon.colcon_core.shell:Creating environment hook '/home/javierac/create3_ws/install/irobot_create_gz_plugins/share/irobot_create_gz_plugins/hook/cmake_prefix_path.ps1'
[1.320s] INFO:colcon.colcon_core.shell:Creating environment descriptor '/home/javierac/create3_ws/install/irobot_create_gz_plugins/share/irobot_create_gz_plugins/hook/cmake_prefix_path.dsv'
[1.320s] INFO:colcon.colcon_core.shell:Creating environment hook '/home/javierac/create3_ws/install/irobot_create_gz_plugins/share/irobot_create_gz_plugins/hook/cmake_prefix_path.sh'
[1.321s] Level 1:colcon.colcon_core.environment:checking '/home/javierac/create3_ws/install/irobot_create_gz_plugins/bin'
[1.321s] Level 1:colcon.colcon_core.environment:checking '/home/javierac/create3_ws/install/irobot_create_gz_plugins/lib/pkgconfig/irobot_create_gz_plugins.pc'
[1.322s] Level 1:colcon.colcon_core.environment:checking '/home/javierac/create3_ws/install/irobot_create_gz_plugins/lib/python3.12/site-packages'
[1.322s] Level 1:colcon.colcon_core.environment:checking '/home/javierac/create3_ws/install/irobot_create_gz_plugins/bin'
[1.322s] INFO:colcon.colcon_core.shell:Creating package script '/home/javierac/create3_ws/install/irobot_create_gz_plugins/share/irobot_create_gz_plugins/package.ps1'
[1.323s] INFO:colcon.colcon_core.shell:Creating package descriptor '/home/javierac/create3_ws/install/irobot_create_gz_plugins/share/irobot_create_gz_plugins/package.dsv'
[1.323s] INFO:colcon.colcon_core.shell:Creating package script '/home/javierac/create3_ws/install/irobot_create_gz_plugins/share/irobot_create_gz_plugins/package.sh'
[1.324s] INFO:colcon.colcon_core.shell:Creating package script '/home/javierac/create3_ws/install/irobot_create_gz_plugins/share/irobot_create_gz_plugins/package.bash'
[1.324s] INFO:colcon.colcon_core.shell:Creating package script '/home/javierac/create3_ws/install/irobot_create_gz_plugins/share/irobot_create_gz_plugins/package.zsh'
[1.324s] Level 1:colcon.colcon_core.environment:create_file_with_runtime_dependencies(/home/javierac/create3_ws/install/irobot_create_gz_plugins/share/colcon-core/packages/irobot_create_gz_plugins)
[2.217s] DEBUG:colcon.colcon_core.event_handler.log_command:Invoked command in '/home/javierac/create3_ws/build/irobot_create_gz_toolbox' returned '0': CMAKE_PREFIX_PATH=/home/javierac/create3_ws/install/irobot_create_toolbox:/home/javierac/create3_ws/install/irobot_create_gz_sim:/home/javierac/create3_ws/install/irobot_create_gz_bringup:/home/javierac/create3_ws/install/irobot_create_common_bringup:/home/javierac/create3_ws/install/irobot_create_nodes:/home/javierac/create3_ws/install/irobot_create_gz_toolbox:/home/javierac/create3_ws/install/irobot_create_gz_plugins:/home/javierac/create3_ws/install/irobot_create_description:/home/javierac/create3_ws/install/irobot_create_control:/opt/ros/jazzy/opt/gz_sim_vendor:/opt/ros/jazzy/opt/gz_sensors_vendor:/opt/ros/jazzy/opt/gz_physics_vendor:/opt/ros/jazzy/opt/sdformat_vendor:/opt/ros/jazzy/opt/gz_gui_vendor:/opt/ros/jazzy/opt/gz_transport_vendor:/opt/ros/jazzy/opt/gz_rendering_vendor:/opt/ros/jazzy/opt/gz_plugin_vendor:/opt/ros/jazzy/opt/gz_fuel_tools_vendor:/opt/ros/jazzy/opt/gz_msgs_vendor:/opt/ros/jazzy/opt/gz_common_vendor:/opt/ros/jazzy/opt/gz_math_vendor:/opt/ros/jazzy/opt/gz_utils_vendor:/opt/ros/jazzy/opt/gz_tools_vendor:/opt/ros/jazzy/opt/gz_ogre_next_vendor:/opt/ros/jazzy/opt/gz_dartsim_vendor:/opt/ros/jazzy/opt/gz_cmake_vendor:/opt/ros/jazzy LD_LIBRARY_PATH=/home/javierac/create3_ws/install/irobot_create_toolbox/lib:/home/javierac/create3_ws/install/irobot_create_nodes/lib:/home/javierac/create3_ws/install/irobot_create_gz_toolbox/lib:/opt/ros/jazzy/opt/gz_sim_vendor/lib:/opt/ros/jazzy/opt/gz_sensors_vendor/lib:/opt/ros/jazzy/opt/gz_physics_vendor/lib:/opt/ros/jazzy/opt/sdformat_vendor/lib:/opt/ros/jazzy/opt/rviz_ogre_vendor/lib:/opt/ros/jazzy/lib/x86_64-linux-gnu:/opt/ros/jazzy/opt/gz_gui_vendor/lib:/opt/ros/jazzy/opt/gz_transport_vendor/lib:/opt/ros/jazzy/opt/gz_rendering_vendor/lib:/opt/ros/jazzy/opt/gz_plugin_vendor/lib:/opt/ros/jazzy/opt/gz_fuel_tools_vendor/lib:/opt/ros/jazzy/opt/gz_msgs_vendor/lib:/opt/ros/jazzy/opt/gz_common_vendor/lib:/opt/ros/jazzy/opt/gz_math_vendor/lib:/opt/ros/jazzy/opt/gz_utils_vendor/lib:/opt/ros/jazzy/opt/gz_tools_vendor/lib:/opt/ros/jazzy/opt/gz_ogre_next_vendor/lib:/opt/ros/jazzy/opt/gz_dartsim_vendor/lib:/opt/ros/jazzy/opt/gz_cmake_vendor/lib:/opt/ros/jazzy/lib /usr/bin/cmake /home/javierac/create3_ws/src/irobot_create_gz/irobot_create_gz_toolbox -DCMAKE_INSTALL_PREFIX=/home/javierac/create3_ws/install/irobot_create_gz_toolbox
[2.217s] DEBUG:colcon.colcon_core.event_handler.log_command:Invoking command in '/home/javierac/create3_ws/build/irobot_create_gz_toolbox': CMAKE_PREFIX_PATH=/home/javierac/create3_ws/install/irobot_create_toolbox:/home/javierac/create3_ws/install/irobot_create_gz_sim:/home/javierac/create3_ws/install/irobot_create_gz_bringup:/home/javierac/create3_ws/install/irobot_create_common_bringup:/home/javierac/create3_ws/install/irobot_create_nodes:/home/javierac/create3_ws/install/irobot_create_gz_toolbox:/home/javierac/create3_ws/install/irobot_create_gz_plugins:/home/javierac/create3_ws/install/irobot_create_description:/home/javierac/create3_ws/install/irobot_create_control:/opt/ros/jazzy/opt/gz_sim_vendor:/opt/ros/jazzy/opt/gz_sensors_vendor:/opt/ros/jazzy/opt/gz_physics_vendor:/opt/ros/jazzy/opt/sdformat_vendor:/opt/ros/jazzy/opt/gz_gui_vendor:/opt/ros/jazzy/opt/gz_transport_vendor:/opt/ros/jazzy/opt/gz_rendering_vendor:/opt/ros/jazzy/opt/gz_plugin_vendor:/opt/ros/jazzy/opt/gz_fuel_tools_vendor:/opt/ros/jazzy/opt/gz_msgs_vendor:/opt/ros/jazzy/opt/gz_common_vendor:/opt/ros/jazzy/opt/gz_math_vendor:/opt/ros/jazzy/opt/gz_utils_vendor:/opt/ros/jazzy/opt/gz_tools_vendor:/opt/ros/jazzy/opt/gz_ogre_next_vendor:/opt/ros/jazzy/opt/gz_dartsim_vendor:/opt/ros/jazzy/opt/gz_cmake_vendor:/opt/ros/jazzy LD_LIBRARY_PATH=/home/javierac/create3_ws/install/irobot_create_toolbox/lib:/home/javierac/create3_ws/install/irobot_create_nodes/lib:/home/javierac/create3_ws/install/irobot_create_gz_toolbox/lib:/opt/ros/jazzy/opt/gz_sim_vendor/lib:/opt/ros/jazzy/opt/gz_sensors_vendor/lib:/opt/ros/jazzy/opt/gz_physics_vendor/lib:/opt/ros/jazzy/opt/sdformat_vendor/lib:/opt/ros/jazzy/opt/rviz_ogre_vendor/lib:/opt/ros/jazzy/lib/x86_64-linux-gnu:/opt/ros/jazzy/opt/gz_gui_vendor/lib:/opt/ros/jazzy/opt/gz_transport_vendor/lib:/opt/ros/jazzy/opt/gz_rendering_vendor/lib:/opt/ros/jazzy/opt/gz_plugin_vendor/lib:/opt/ros/jazzy/opt/gz_fuel_tools_vendor/lib:/opt/ros/jazzy/opt/gz_msgs_vendor/lib:/opt/ros/jazzy/opt/gz_common_vendor/lib:/opt/ros/jazzy/opt/gz_math_vendor/lib:/opt/ros/jazzy/opt/gz_utils_vendor/lib:/opt/ros/jazzy/opt/gz_tools_vendor/lib:/opt/ros/jazzy/opt/gz_ogre_next_vendor/lib:/opt/ros/jazzy/opt/gz_dartsim_vendor/lib:/opt/ros/jazzy/opt/gz_cmake_vendor/lib:/opt/ros/jazzy/lib /usr/bin/cmake --build /home/javierac/create3_ws/build/irobot_create_gz_toolbox -- -j20 -l20
[2.300s] DEBUG:colcon.colcon_core.event_handler.log_command:Invoked command in '/home/javierac/create3_ws/build/irobot_create_nodes' returned '0': CMAKE_PREFIX_PATH=/home/javierac/create3_ws/install/irobot_create_toolbox:/home/javierac/create3_ws/install/irobot_create_gz_sim:/home/javierac/create3_ws/install/irobot_create_gz_bringup:/home/javierac/create3_ws/install/irobot_create_common_bringup:/home/javierac/create3_ws/install/irobot_create_nodes:/home/javierac/create3_ws/install/irobot_create_gz_toolbox:/home/javierac/create3_ws/install/irobot_create_gz_plugins:/home/javierac/create3_ws/install/irobot_create_description:/home/javierac/create3_ws/install/irobot_create_control:/opt/ros/jazzy/opt/gz_sim_vendor:/opt/ros/jazzy/opt/gz_sensors_vendor:/opt/ros/jazzy/opt/gz_physics_vendor:/opt/ros/jazzy/opt/sdformat_vendor:/opt/ros/jazzy/opt/gz_gui_vendor:/opt/ros/jazzy/opt/gz_transport_vendor:/opt/ros/jazzy/opt/gz_rendering_vendor:/opt/ros/jazzy/opt/gz_plugin_vendor:/opt/ros/jazzy/opt/gz_fuel_tools_vendor:/opt/ros/jazzy/opt/gz_msgs_vendor:/opt/ros/jazzy/opt/gz_common_vendor:/opt/ros/jazzy/opt/gz_math_vendor:/opt/ros/jazzy/opt/gz_utils_vendor:/opt/ros/jazzy/opt/gz_tools_vendor:/opt/ros/jazzy/opt/gz_ogre_next_vendor:/opt/ros/jazzy/opt/gz_dartsim_vendor:/opt/ros/jazzy/opt/gz_cmake_vendor:/opt/ros/jazzy LD_LIBRARY_PATH=/home/javierac/create3_ws/install/irobot_create_toolbox/lib:/home/javierac/create3_ws/install/irobot_create_nodes/lib:/home/javierac/create3_ws/install/irobot_create_gz_toolbox/lib:/opt/ros/jazzy/opt/gz_sim_vendor/lib:/opt/ros/jazzy/opt/gz_sensors_vendor/lib:/opt/ros/jazzy/opt/gz_physics_vendor/lib:/opt/ros/jazzy/opt/sdformat_vendor/lib:/opt/ros/jazzy/opt/rviz_ogre_vendor/lib:/opt/ros/jazzy/lib/x86_64-linux-gnu:/opt/ros/jazzy/opt/gz_gui_vendor/lib:/opt/ros/jazzy/opt/gz_transport_vendor/lib:/opt/ros/jazzy/opt/gz_rendering_vendor/lib:/opt/ros/jazzy/opt/gz_plugin_vendor/lib:/opt/ros/jazzy/opt/gz_fuel_tools_vendor/lib:/opt/ros/jazzy/opt/gz_msgs_vendor/lib:/opt/ros/jazzy/opt/gz_common_vendor/lib:/opt/ros/jazzy/opt/gz_math_vendor/lib:/opt/ros/jazzy/opt/gz_utils_vendor/lib:/opt/ros/jazzy/opt/gz_tools_vendor/lib:/opt/ros/jazzy/opt/gz_ogre_next_vendor/lib:/opt/ros/jazzy/opt/gz_dartsim_vendor/lib:/opt/ros/jazzy/opt/gz_cmake_vendor/lib:/opt/ros/jazzy/lib /usr/bin/cmake /home/javierac/create3_ws/src/irobot_create_common/irobot_create_nodes -DCMAKE_INSTALL_PREFIX=/home/javierac/create3_ws/install/irobot_create_nodes
[2.301s] DEBUG:colcon.colcon_core.event_handler.log_command:Invoking command in '/home/javierac/create3_ws/build/irobot_create_nodes': CMAKE_PREFIX_PATH=/home/javierac/create3_ws/install/irobot_create_toolbox:/home/javierac/create3_ws/install/irobot_create_gz_sim:/home/javierac/create3_ws/install/irobot_create_gz_bringup:/home/javierac/create3_ws/install/irobot_create_common_bringup:/home/javierac/create3_ws/install/irobot_create_nodes:/home/javierac/create3_ws/install/irobot_create_gz_toolbox:/home/javierac/create3_ws/install/irobot_create_gz_plugins:/home/javierac/create3_ws/install/irobot_create_description:/home/javierac/create3_ws/install/irobot_create_control:/opt/ros/jazzy/opt/gz_sim_vendor:/opt/ros/jazzy/opt/gz_sensors_vendor:/opt/ros/jazzy/opt/gz_physics_vendor:/opt/ros/jazzy/opt/sdformat_vendor:/opt/ros/jazzy/opt/gz_gui_vendor:/opt/ros/jazzy/opt/gz_transport_vendor:/opt/ros/jazzy/opt/gz_rendering_vendor:/opt/ros/jazzy/opt/gz_plugin_vendor:/opt/ros/jazzy/opt/gz_fuel_tools_vendor:/opt/ros/jazzy/opt/gz_msgs_vendor:/opt/ros/jazzy/opt/gz_common_vendor:/opt/ros/jazzy/opt/gz_math_vendor:/opt/ros/jazzy/opt/gz_utils_vendor:/opt/ros/jazzy/opt/gz_tools_vendor:/opt/ros/jazzy/opt/gz_ogre_next_vendor:/opt/ros/jazzy/opt/gz_dartsim_vendor:/opt/ros/jazzy/opt/gz_cmake_vendor:/opt/ros/jazzy LD_LIBRARY_PATH=/home/javierac/create3_ws/install/irobot_create_toolbox/lib:/home/javierac/create3_ws/install/irobot_create_nodes/lib:/home/javierac/create3_ws/install/irobot_create_gz_toolbox/lib:/opt/ros/jazzy/opt/gz_sim_vendor/lib:/opt/ros/jazzy/opt/gz_sensors_vendor/lib:/opt/ros/jazzy/opt/gz_physics_vendor/lib:/opt/ros/jazzy/opt/sdformat_vendor/lib:/opt/ros/jazzy/opt/rviz_ogre_vendor/lib:/opt/ros/jazzy/lib/x86_64-linux-gnu:/opt/ros/jazzy/opt/gz_gui_vendor/lib:/opt/ros/jazzy/opt/gz_transport_vendor/lib:/opt/ros/jazzy/opt/gz_rendering_vendor/lib:/opt/ros/jazzy/opt/gz_plugin_vendor/lib:/opt/ros/jazzy/opt/gz_fuel_tools_vendor/lib:/opt/ros/jazzy/opt/gz_msgs_vendor/lib:/opt/ros/jazzy/opt/gz_common_vendor/lib:/opt/ros/jazzy/opt/gz_math_vendor/lib:/opt/ros/jazzy/opt/gz_utils_vendor/lib:/opt/ros/jazzy/opt/gz_tools_vendor/lib:/opt/ros/jazzy/opt/gz_ogre_next_vendor/lib:/opt/ros/jazzy/opt/gz_dartsim_vendor/lib:/opt/ros/jazzy/opt/gz_cmake_vendor/lib:/opt/ros/jazzy/lib /usr/bin/cmake --build /home/javierac/create3_ws/build/irobot_create_nodes -- -j20 -l20
[2.398s] DEBUG:colcon.colcon_core.event_handler.log_command:Invoked command in '/home/javierac/create3_ws/build/irobot_create_gz_toolbox' returned '0': CMAKE_PREFIX_PATH=/home/javierac/create3_ws/install/irobot_create_toolbox:/home/javierac/create3_ws/install/irobot_create_gz_sim:/home/javierac/create3_ws/install/irobot_create_gz_bringup:/home/javierac/create3_ws/install/irobot_create_common_bringup:/home/javierac/create3_ws/install/irobot_create_nodes:/home/javierac/create3_ws/install/irobot_create_gz_toolbox:/home/javierac/create3_ws/install/irobot_create_gz_plugins:/home/javierac/create3_ws/install/irobot_create_description:/home/javierac/create3_ws/install/irobot_create_control:/opt/ros/jazzy/opt/gz_sim_vendor:/opt/ros/jazzy/opt/gz_sensors_vendor:/opt/ros/jazzy/opt/gz_physics_vendor:/opt/ros/jazzy/opt/sdformat_vendor:/opt/ros/jazzy/opt/gz_gui_vendor:/opt/ros/jazzy/opt/gz_transport_vendor:/opt/ros/jazzy/opt/gz_rendering_vendor:/opt/ros/jazzy/opt/gz_plugin_vendor:/opt/ros/jazzy/opt/gz_fuel_tools_vendor:/opt/ros/jazzy/opt/gz_msgs_vendor:/opt/ros/jazzy/opt/gz_common_vendor:/opt/ros/jazzy/opt/gz_math_vendor:/opt/ros/jazzy/opt/gz_utils_vendor:/opt/ros/jazzy/opt/gz_tools_vendor:/opt/ros/jazzy/opt/gz_ogre_next_vendor:/opt/ros/jazzy/opt/gz_dartsim_vendor:/opt/ros/jazzy/opt/gz_cmake_vendor:/opt/ros/jazzy LD_LIBRARY_PATH=/home/javierac/create3_ws/install/irobot_create_toolbox/lib:/home/javierac/create3_ws/install/irobot_create_nodes/lib:/home/javierac/create3_ws/install/irobot_create_gz_toolbox/lib:/opt/ros/jazzy/opt/gz_sim_vendor/lib:/opt/ros/jazzy/opt/gz_sensors_vendor/lib:/opt/ros/jazzy/opt/gz_physics_vendor/lib:/opt/ros/jazzy/opt/sdformat_vendor/lib:/opt/ros/jazzy/opt/rviz_ogre_vendor/lib:/opt/ros/jazzy/lib/x86_64-linux-gnu:/opt/ros/jazzy/opt/gz_gui_vendor/lib:/opt/ros/jazzy/opt/gz_transport_vendor/lib:/opt/ros/jazzy/opt/gz_rendering_vendor/lib:/opt/ros/jazzy/opt/gz_plugin_vendor/lib:/opt/ros/jazzy/opt/gz_fuel_tools_vendor/lib:/opt/ros/jazzy/opt/gz_msgs_vendor/lib:/opt/ros/jazzy/opt/gz_common_vendor/lib:/opt/ros/jazzy/opt/gz_math_vendor/lib:/opt/ros/jazzy/opt/gz_utils_vendor/lib:/opt/ros/jazzy/opt/gz_tools_vendor/lib:/opt/ros/jazzy/opt/gz_ogre_next_vendor/lib:/opt/ros/jazzy/opt/gz_dartsim_vendor/lib:/opt/ros/jazzy/opt/gz_cmake_vendor/lib:/opt/ros/jazzy/lib /usr/bin/cmake --build /home/javierac/create3_ws/build/irobot_create_gz_toolbox -- -j20 -l20
[2.400s] DEBUG:colcon.colcon_core.event_handler.log_command:Invoking command in '/home/javierac/create3_ws/build/irobot_create_gz_toolbox': CMAKE_PREFIX_PATH=/home/javierac/create3_ws/install/irobot_create_toolbox:/home/javierac/create3_ws/install/irobot_create_gz_sim:/home/javierac/create3_ws/install/irobot_create_gz_bringup:/home/javierac/create3_ws/install/irobot_create_common_bringup:/home/javierac/create3_ws/install/irobot_create_nodes:/home/javierac/create3_ws/install/irobot_create_gz_toolbox:/home/javierac/create3_ws/install/irobot_create_gz_plugins:/home/javierac/create3_ws/install/irobot_create_description:/home/javierac/create3_ws/install/irobot_create_control:/opt/ros/jazzy/opt/gz_sim_vendor:/opt/ros/jazzy/opt/gz_sensors_vendor:/opt/ros/jazzy/opt/gz_physics_vendor:/opt/ros/jazzy/opt/sdformat_vendor:/opt/ros/jazzy/opt/gz_gui_vendor:/opt/ros/jazzy/opt/gz_transport_vendor:/opt/ros/jazzy/opt/gz_rendering_vendor:/opt/ros/jazzy/opt/gz_plugin_vendor:/opt/ros/jazzy/opt/gz_fuel_tools_vendor:/opt/ros/jazzy/opt/gz_msgs_vendor:/opt/ros/jazzy/opt/gz_common_vendor:/opt/ros/jazzy/opt/gz_math_vendor:/opt/ros/jazzy/opt/gz_utils_vendor:/opt/ros/jazzy/opt/gz_tools_vendor:/opt/ros/jazzy/opt/gz_ogre_next_vendor:/opt/ros/jazzy/opt/gz_dartsim_vendor:/opt/ros/jazzy/opt/gz_cmake_vendor:/opt/ros/jazzy LD_LIBRARY_PATH=/home/javierac/create3_ws/install/irobot_create_toolbox/lib:/home/javierac/create3_ws/install/irobot_create_nodes/lib:/home/javierac/create3_ws/install/irobot_create_gz_toolbox/lib:/opt/ros/jazzy/opt/gz_sim_vendor/lib:/opt/ros/jazzy/opt/gz_sensors_vendor/lib:/opt/ros/jazzy/opt/gz_physics_vendor/lib:/opt/ros/jazzy/opt/sdformat_vendor/lib:/opt/ros/jazzy/opt/rviz_ogre_vendor/lib:/opt/ros/jazzy/lib/x86_64-linux-gnu:/opt/ros/jazzy/opt/gz_gui_vendor/lib:/opt/ros/jazzy/opt/gz_transport_vendor/lib:/opt/ros/jazzy/opt/gz_rendering_vendor/lib:/opt/ros/jazzy/opt/gz_plugin_vendor/lib:/opt/ros/jazzy/opt/gz_fuel_tools_vendor/lib:/opt/ros/jazzy/opt/gz_msgs_vendor/lib:/opt/ros/jazzy/opt/gz_common_vendor/lib:/opt/ros/jazzy/opt/gz_math_vendor/lib:/opt/ros/jazzy/opt/gz_utils_vendor/lib:/opt/ros/jazzy/opt/gz_tools_vendor/lib:/opt/ros/jazzy/opt/gz_ogre_next_vendor/lib:/opt/ros/jazzy/opt/gz_dartsim_vendor/lib:/opt/ros/jazzy/opt/gz_cmake_vendor/lib:/opt/ros/jazzy/lib /usr/bin/cmake --install /home/javierac/create3_ws/build/irobot_create_gz_toolbox
[2.427s] Level 1:colcon.colcon_core.environment:create_environment_scripts_only(irobot_create_gz_toolbox)
[2.427s] DEBUG:colcon.colcon_core.event_handler.log_command:Invoked command in '/home/javierac/create3_ws/build/irobot_create_gz_toolbox' returned '0': CMAKE_PREFIX_PATH=/home/javierac/create3_ws/install/irobot_create_toolbox:/home/javierac/create3_ws/install/irobot_create_gz_sim:/home/javierac/create3_ws/install/irobot_create_gz_bringup:/home/javierac/create3_ws/install/irobot_create_common_bringup:/home/javierac/create3_ws/install/irobot_create_nodes:/home/javierac/create3_ws/install/irobot_create_gz_toolbox:/home/javierac/create3_ws/install/irobot_create_gz_plugins:/home/javierac/create3_ws/install/irobot_create_description:/home/javierac/create3_ws/install/irobot_create_control:/opt/ros/jazzy/opt/gz_sim_vendor:/opt/ros/jazzy/opt/gz_sensors_vendor:/opt/ros/jazzy/opt/gz_physics_vendor:/opt/ros/jazzy/opt/sdformat_vendor:/opt/ros/jazzy/opt/gz_gui_vendor:/opt/ros/jazzy/opt/gz_transport_vendor:/opt/ros/jazzy/opt/gz_rendering_vendor:/opt/ros/jazzy/opt/gz_plugin_vendor:/opt/ros/jazzy/opt/gz_fuel_tools_vendor:/opt/ros/jazzy/opt/gz_msgs_vendor:/opt/ros/jazzy/opt/gz_common_vendor:/opt/ros/jazzy/opt/gz_math_vendor:/opt/ros/jazzy/opt/gz_utils_vendor:/opt/ros/jazzy/opt/gz_tools_vendor:/opt/ros/jazzy/opt/gz_ogre_next_vendor:/opt/ros/jazzy/opt/gz_dartsim_vendor:/opt/ros/jazzy/opt/gz_cmake_vendor:/opt/ros/jazzy LD_LIBRARY_PATH=/home/javierac/create3_ws/install/irobot_create_toolbox/lib:/home/javierac/create3_ws/install/irobot_create_nodes/lib:/home/javierac/create3_ws/install/irobot_create_gz_toolbox/lib:/opt/ros/jazzy/opt/gz_sim_vendor/lib:/opt/ros/jazzy/opt/gz_sensors_vendor/lib:/opt/ros/jazzy/opt/gz_physics_vendor/lib:/opt/ros/jazzy/opt/sdformat_vendor/lib:/opt/ros/jazzy/opt/rviz_ogre_vendor/lib:/opt/ros/jazzy/lib/x86_64-linux-gnu:/opt/ros/jazzy/opt/gz_gui_vendor/lib:/opt/ros/jazzy/opt/gz_transport_vendor/lib:/opt/ros/jazzy/opt/gz_rendering_vendor/lib:/opt/ros/jazzy/opt/gz_plugin_vendor/lib:/opt/ros/jazzy/opt/gz_fuel_tools_vendor/lib:/opt/ros/jazzy/opt/gz_msgs_vendor/lib:/opt/ros/jazzy/opt/gz_common_vendor/lib:/opt/ros/jazzy/opt/gz_math_vendor/lib:/opt/ros/jazzy/opt/gz_utils_vendor/lib:/opt/ros/jazzy/opt/gz_tools_vendor/lib:/opt/ros/jazzy/opt/gz_ogre_next_vendor/lib:/opt/ros/jazzy/opt/gz_dartsim_vendor/lib:/opt/ros/jazzy/opt/gz_cmake_vendor/lib:/opt/ros/jazzy/lib /usr/bin/cmake --install /home/javierac/create3_ws/build/irobot_create_gz_toolbox
[2.427s] Level 1:colcon.colcon_core.environment:checking '/home/javierac/create3_ws/install/irobot_create_gz_toolbox' for CMake module files
[2.428s] Level 1:colcon.colcon_core.environment:checking '/home/javierac/create3_ws/install/irobot_create_gz_toolbox' for CMake config files
[2.428s] Level 1:colcon.colcon_core.shell:create_environment_hook('irobot_create_gz_toolbox', 'cmake_prefix_path')
[2.428s] INFO:colcon.colcon_core.shell:Creating environment hook '/home/javierac/create3_ws/install/irobot_create_gz_toolbox/share/irobot_create_gz_toolbox/hook/cmake_prefix_path.ps1'
[2.429s] INFO:colcon.colcon_core.shell:Creating environment descriptor '/home/javierac/create3_ws/install/irobot_create_gz_toolbox/share/irobot_create_gz_toolbox/hook/cmake_prefix_path.dsv'
[2.429s] INFO:colcon.colcon_core.shell:Creating environment hook '/home/javierac/create3_ws/install/irobot_create_gz_toolbox/share/irobot_create_gz_toolbox/hook/cmake_prefix_path.sh'
[2.430s] Level 1:colcon.colcon_core.environment:checking '/home/javierac/create3_ws/install/irobot_create_gz_toolbox/lib'
[2.430s] Level 1:colcon.colcon_core.shell:create_environment_hook('irobot_create_gz_toolbox', 'ld_library_path_lib')
[2.430s] INFO:colcon.colcon_core.shell:Creating environment hook '/home/javierac/create3_ws/install/irobot_create_gz_toolbox/share/irobot_create_gz_toolbox/hook/ld_library_path_lib.ps1'
[2.430s] INFO:colcon.colcon_core.shell:Creating environment descriptor '/home/javierac/create3_ws/install/irobot_create_gz_toolbox/share/irobot_create_gz_toolbox/hook/ld_library_path_lib.dsv'
[2.431s] INFO:colcon.colcon_core.shell:Creating environment hook '/home/javierac/create3_ws/install/irobot_create_gz_toolbox/share/irobot_create_gz_toolbox/hook/ld_library_path_lib.sh'
[2.431s] Level 1:colcon.colcon_core.environment:checking '/home/javierac/create3_ws/install/irobot_create_gz_toolbox/bin'
[2.431s] Level 1:colcon.colcon_core.environment:checking '/home/javierac/create3_ws/install/irobot_create_gz_toolbox/lib/pkgconfig/irobot_create_gz_toolbox.pc'
[2.431s] Level 1:colcon.colcon_core.environment:checking '/home/javierac/create3_ws/install/irobot_create_gz_toolbox/lib/python3.12/site-packages'
[2.431s] Level 1:colcon.colcon_core.environment:checking '/home/javierac/create3_ws/install/irobot_create_gz_toolbox/bin'
[2.432s] INFO:colcon.colcon_core.shell:Creating package script '/home/javierac/create3_ws/install/irobot_create_gz_toolbox/share/irobot_create_gz_toolbox/package.ps1'
[2.432s] INFO:colcon.colcon_core.shell:Creating package descriptor '/home/javierac/create3_ws/install/irobot_create_gz_toolbox/share/irobot_create_gz_toolbox/package.dsv'
[2.433s] INFO:colcon.colcon_core.shell:Creating package script '/home/javierac/create3_ws/install/irobot_create_gz_toolbox/share/irobot_create_gz_toolbox/package.sh'
[2.433s] INFO:colcon.colcon_core.shell:Creating package script '/home/javierac/create3_ws/install/irobot_create_gz_toolbox/share/irobot_create_gz_toolbox/package.bash'
[2.433s] INFO:colcon.colcon_core.shell:Creating package script '/home/javierac/create3_ws/install/irobot_create_gz_toolbox/share/irobot_create_gz_toolbox/package.zsh'
[2.433s] Level 1:colcon.colcon_core.environment:create_file_with_runtime_dependencies(/home/javierac/create3_ws/install/irobot_create_gz_toolbox/share/colcon-core/packages/irobot_create_gz_toolbox)
[2.434s] Level 1:colcon.colcon_core.environment:create_environment_scripts_only(irobot_create_gz_toolbox)
[2.434s] Level 1:colcon.colcon_core.environment:checking '/home/javierac/create3_ws/install/irobot_create_gz_toolbox' for CMake module files
[2.434s] Level 1:colcon.colcon_core.environment:checking '/home/javierac/create3_ws/install/irobot_create_gz_toolbox' for CMake config files
[2.435s] Level 1:colcon.colcon_core.shell:create_environment_hook('irobot_create_gz_toolbox', 'cmake_prefix_path')
[2.435s] INFO:colcon.colcon_core.shell:Creating environment hook '/home/javierac/create3_ws/install/irobot_create_gz_toolbox/share/irobot_create_gz_toolbox/hook/cmake_prefix_path.ps1'
[2.435s] INFO:colcon.colcon_core.shell:Creating environment descriptor '/home/javierac/create3_ws/install/irobot_create_gz_toolbox/share/irobot_create_gz_toolbox/hook/cmake_prefix_path.dsv'
[2.435s] INFO:colcon.colcon_core.shell:Creating environment hook '/home/javierac/create3_ws/install/irobot_create_gz_toolbox/share/irobot_create_gz_toolbox/hook/cmake_prefix_path.sh'
[2.436s] Level 1:colcon.colcon_core.environment:checking '/home/javierac/create3_ws/install/irobot_create_gz_toolbox/lib'
[2.436s] Level 1:colcon.colcon_core.shell:create_environment_hook('irobot_create_gz_toolbox', 'ld_library_path_lib')
[2.436s] INFO:colcon.colcon_core.shell:Creating environment hook '/home/javierac/create3_ws/install/irobot_create_gz_toolbox/share/irobot_create_gz_toolbox/hook/ld_library_path_lib.ps1'
[2.436s] INFO:colcon.colcon_core.shell:Creating environment descriptor '/home/javierac/create3_ws/install/irobot_create_gz_toolbox/share/irobot_create_gz_toolbox/hook/ld_library_path_lib.dsv'
[2.437s] INFO:colcon.colcon_core.shell:Creating environment hook '/home/javierac/create3_ws/install/irobot_create_gz_toolbox/share/irobot_create_gz_toolbox/hook/ld_library_path_lib.sh'
[2.437s] Level 1:colcon.colcon_core.environment:checking '/home/javierac/create3_ws/install/irobot_create_gz_toolbox/bin'
[2.437s] Level 1:colcon.colcon_core.environment:checking '/home/javierac/create3_ws/install/irobot_create_gz_toolbox/lib/pkgconfig/irobot_create_gz_toolbox.pc'
[2.437s] Level 1:colcon.colcon_core.environment:checking '/home/javierac/create3_ws/install/irobot_create_gz_toolbox/lib/python3.12/site-packages'
[2.437s] Level 1:colcon.colcon_core.environment:checking '/home/javierac/create3_ws/install/irobot_create_gz_toolbox/bin'
[2.438s] INFO:colcon.colcon_core.shell:Creating package script '/home/javierac/create3_ws/install/irobot_create_gz_toolbox/share/irobot_create_gz_toolbox/package.ps1'
[2.438s] INFO:colcon.colcon_core.shell:Creating package descriptor '/home/javierac/create3_ws/install/irobot_create_gz_toolbox/share/irobot_create_gz_toolbox/package.dsv'
[2.438s] INFO:colcon.colcon_core.shell:Creating package script '/home/javierac/create3_ws/install/irobot_create_gz_toolbox/share/irobot_create_gz_toolbox/package.sh'
[2.439s] INFO:colcon.colcon_core.shell:Creating package script '/home/javierac/create3_ws/install/irobot_create_gz_toolbox/share/irobot_create_gz_toolbox/package.bash'
[2.439s] INFO:colcon.colcon_core.shell:Creating package script '/home/javierac/create3_ws/install/irobot_create_gz_toolbox/share/irobot_create_gz_toolbox/package.zsh'
[2.440s] Level 1:colcon.colcon_core.environment:create_file_with_runtime_dependencies(/home/javierac/create3_ws/install/irobot_create_gz_toolbox/share/colcon-core/packages/irobot_create_gz_toolbox)
[2.441s] DEBUG:colcon.colcon_core.event_handler.log_command:Invoked command in '/home/javierac/create3_ws/build/irobot_create_nodes' returned '0': CMAKE_PREFIX_PATH=/home/javierac/create3_ws/install/irobot_create_toolbox:/home/javierac/create3_ws/install/irobot_create_gz_sim:/home/javierac/create3_ws/install/irobot_create_gz_bringup:/home/javierac/create3_ws/install/irobot_create_common_bringup:/home/javierac/create3_ws/install/irobot_create_nodes:/home/javierac/create3_ws/install/irobot_create_gz_toolbox:/home/javierac/create3_ws/install/irobot_create_gz_plugins:/home/javierac/create3_ws/install/irobot_create_description:/home/javierac/create3_ws/install/irobot_create_control:/opt/ros/jazzy/opt/gz_sim_vendor:/opt/ros/jazzy/opt/gz_sensors_vendor:/opt/ros/jazzy/opt/gz_physics_vendor:/opt/ros/jazzy/opt/sdformat_vendor:/opt/ros/jazzy/opt/gz_gui_vendor:/opt/ros/jazzy/opt/gz_transport_vendor:/opt/ros/jazzy/opt/gz_rendering_vendor:/opt/ros/jazzy/opt/gz_plugin_vendor:/opt/ros/jazzy/opt/gz_fuel_tools_vendor:/opt/ros/jazzy/opt/gz_msgs_vendor:/opt/ros/jazzy/opt/gz_common_vendor:/opt/ros/jazzy/opt/gz_math_vendor:/opt/ros/jazzy/opt/gz_utils_vendor:/opt/ros/jazzy/opt/gz_tools_vendor:/opt/ros/jazzy/opt/gz_ogre_next_vendor:/opt/ros/jazzy/opt/gz_dartsim_vendor:/opt/ros/jazzy/opt/gz_cmake_vendor:/opt/ros/jazzy LD_LIBRARY_PATH=/home/javierac/create3_ws/install/irobot_create_toolbox/lib:/home/javierac/create3_ws/install/irobot_create_nodes/lib:/home/javierac/create3_ws/install/irobot_create_gz_toolbox/lib:/opt/ros/jazzy/opt/gz_sim_vendor/lib:/opt/ros/jazzy/opt/gz_sensors_vendor/lib:/opt/ros/jazzy/opt/gz_physics_vendor/lib:/opt/ros/jazzy/opt/sdformat_vendor/lib:/opt/ros/jazzy/opt/rviz_ogre_vendor/lib:/opt/ros/jazzy/lib/x86_64-linux-gnu:/opt/ros/jazzy/opt/gz_gui_vendor/lib:/opt/ros/jazzy/opt/gz_transport_vendor/lib:/opt/ros/jazzy/opt/gz_rendering_vendor/lib:/opt/ros/jazzy/opt/gz_plugin_vendor/lib:/opt/ros/jazzy/opt/gz_fuel_tools_vendor/lib:/opt/ros/jazzy/opt/gz_msgs_vendor/lib:/opt/ros/jazzy/opt/gz_common_vendor/lib:/opt/ros/jazzy/opt/gz_math_vendor/lib:/opt/ros/jazzy/opt/gz_utils_vendor/lib:/opt/ros/jazzy/opt/gz_tools_vendor/lib:/opt/ros/jazzy/opt/gz_ogre_next_vendor/lib:/opt/ros/jazzy/opt/gz_dartsim_vendor/lib:/opt/ros/jazzy/opt/gz_cmake_vendor/lib:/opt/ros/jazzy/lib /usr/bin/cmake --build /home/javierac/create3_ws/build/irobot_create_nodes -- -j20 -l20
[2.442s] DEBUG:colcon.colcon_core.event_handler.log_command:Invoking command in '/home/javierac/create3_ws/build/irobot_create_nodes': CMAKE_PREFIX_PATH=/home/javierac/create3_ws/install/irobot_create_toolbox:/home/javierac/create3_ws/install/irobot_create_gz_sim:/home/javierac/create3_ws/install/irobot_create_gz_bringup:/home/javierac/create3_ws/install/irobot_create_common_bringup:/home/javierac/create3_ws/install/irobot_create_nodes:/home/javierac/create3_ws/install/irobot_create_gz_toolbox:/home/javierac/create3_ws/install/irobot_create_gz_plugins:/home/javierac/create3_ws/install/irobot_create_description:/home/javierac/create3_ws/install/irobot_create_control:/opt/ros/jazzy/opt/gz_sim_vendor:/opt/ros/jazzy/opt/gz_sensors_vendor:/opt/ros/jazzy/opt/gz_physics_vendor:/opt/ros/jazzy/opt/sdformat_vendor:/opt/ros/jazzy/opt/gz_gui_vendor:/opt/ros/jazzy/opt/gz_transport_vendor:/opt/ros/jazzy/opt/gz_rendering_vendor:/opt/ros/jazzy/opt/gz_plugin_vendor:/opt/ros/jazzy/opt/gz_fuel_tools_vendor:/opt/ros/jazzy/opt/gz_msgs_vendor:/opt/ros/jazzy/opt/gz_common_vendor:/opt/ros/jazzy/opt/gz_math_vendor:/opt/ros/jazzy/opt/gz_utils_vendor:/opt/ros/jazzy/opt/gz_tools_vendor:/opt/ros/jazzy/opt/gz_ogre_next_vendor:/opt/ros/jazzy/opt/gz_dartsim_vendor:/opt/ros/jazzy/opt/gz_cmake_vendor:/opt/ros/jazzy LD_LIBRARY_PATH=/home/javierac/create3_ws/install/irobot_create_toolbox/lib:/home/javierac/create3_ws/install/irobot_create_nodes/lib:/home/javierac/create3_ws/install/irobot_create_gz_toolbox/lib:/opt/ros/jazzy/opt/gz_sim_vendor/lib:/opt/ros/jazzy/opt/gz_sensors_vendor/lib:/opt/ros/jazzy/opt/gz_physics_vendor/lib:/opt/ros/jazzy/opt/sdformat_vendor/lib:/opt/ros/jazzy/opt/rviz_ogre_vendor/lib:/opt/ros/jazzy/lib/x86_64-linux-gnu:/opt/ros/jazzy/opt/gz_gui_vendor/lib:/opt/ros/jazzy/opt/gz_transport_vendor/lib:/opt/ros/jazzy/opt/gz_rendering_vendor/lib:/opt/ros/jazzy/opt/gz_plugin_vendor/lib:/opt/ros/jazzy/opt/gz_fuel_tools_vendor/lib:/opt/ros/jazzy/opt/gz_msgs_vendor/lib:/opt/ros/jazzy/opt/gz_common_vendor/lib:/opt/ros/jazzy/opt/gz_math_vendor/lib:/opt/ros/jazzy/opt/gz_utils_vendor/lib:/opt/ros/jazzy/opt/gz_tools_vendor/lib:/opt/ros/jazzy/opt/gz_ogre_next_vendor/lib:/opt/ros/jazzy/opt/gz_dartsim_vendor/lib:/opt/ros/jazzy/opt/gz_cmake_vendor/lib:/opt/ros/jazzy/lib /usr/bin/cmake --install /home/javierac/create3_ws/build/irobot_create_nodes
[2.473s] Level 1:colcon.colcon_core.environment:create_environment_scripts_only(irobot_create_nodes)
[2.474s] Level 1:colcon.colcon_core.environment:checking '/home/javierac/create3_ws/install/irobot_create_nodes' for CMake module files
[2.475s] DEBUG:colcon.colcon_core.event_handler.log_command:Invoked command in '/home/javierac/create3_ws/build/irobot_create_nodes' returned '0': CMAKE_PREFIX_PATH=/home/javierac/create3_ws/install/irobot_create_toolbox:/home/javierac/create3_ws/install/irobot_create_gz_sim:/home/javierac/create3_ws/install/irobot_create_gz_bringup:/home/javierac/create3_ws/install/irobot_create_common_bringup:/home/javierac/create3_ws/install/irobot_create_nodes:/home/javierac/create3_ws/install/irobot_create_gz_toolbox:/home/javierac/create3_ws/install/irobot_create_gz_plugins:/home/javierac/create3_ws/install/irobot_create_description:/home/javierac/create3_ws/install/irobot_create_control:/opt/ros/jazzy/opt/gz_sim_vendor:/opt/ros/jazzy/opt/gz_sensors_vendor:/opt/ros/jazzy/opt/gz_physics_vendor:/opt/ros/jazzy/opt/sdformat_vendor:/opt/ros/jazzy/opt/gz_gui_vendor:/opt/ros/jazzy/opt/gz_transport_vendor:/opt/ros/jazzy/opt/gz_rendering_vendor:/opt/ros/jazzy/opt/gz_plugin_vendor:/opt/ros/jazzy/opt/gz_fuel_tools_vendor:/opt/ros/jazzy/opt/gz_msgs_vendor:/opt/ros/jazzy/opt/gz_common_vendor:/opt/ros/jazzy/opt/gz_math_vendor:/opt/ros/jazzy/opt/gz_utils_vendor:/opt/ros/jazzy/opt/gz_tools_vendor:/opt/ros/jazzy/opt/gz_ogre_next_vendor:/opt/ros/jazzy/opt/gz_dartsim_vendor:/opt/ros/jazzy/opt/gz_cmake_vendor:/opt/ros/jazzy LD_LIBRARY_PATH=/home/javierac/create3_ws/install/irobot_create_toolbox/lib:/home/javierac/create3_ws/install/irobot_create_nodes/lib:/home/javierac/create3_ws/install/irobot_create_gz_toolbox/lib:/opt/ros/jazzy/opt/gz_sim_vendor/lib:/opt/ros/jazzy/opt/gz_sensors_vendor/lib:/opt/ros/jazzy/opt/gz_physics_vendor/lib:/opt/ros/jazzy/opt/sdformat_vendor/lib:/opt/ros/jazzy/opt/rviz_ogre_vendor/lib:/opt/ros/jazzy/lib/x86_64-linux-gnu:/opt/ros/jazzy/opt/gz_gui_vendor/lib:/opt/ros/jazzy/opt/gz_transport_vendor/lib:/opt/ros/jazzy/opt/gz_rendering_vendor/lib:/opt/ros/jazzy/opt/gz_plugin_vendor/lib:/opt/ros/jazzy/opt/gz_fuel_tools_vendor/lib:/opt/ros/jazzy/opt/gz_msgs_vendor/lib:/opt/ros/jazzy/opt/gz_common_vendor/lib:/opt/ros/jazzy/opt/gz_math_vendor/lib:/opt/ros/jazzy/opt/gz_utils_vendor/lib:/opt/ros/jazzy/opt/gz_tools_vendor/lib:/opt/ros/jazzy/opt/gz_ogre_next_vendor/lib:/opt/ros/jazzy/opt/gz_dartsim_vendor/lib:/opt/ros/jazzy/opt/gz_cmake_vendor/lib:/opt/ros/jazzy/lib /usr/bin/cmake --install /home/javierac/create3_ws/build/irobot_create_nodes
[2.475s] Level 1:colcon.colcon_core.environment:checking '/home/javierac/create3_ws/install/irobot_create_nodes' for CMake config files
[2.476s] Level 1:colcon.colcon_core.shell:create_environment_hook('irobot_create_nodes', 'cmake_prefix_path')
[2.476s] INFO:colcon.colcon_core.shell:Creating environment hook '/home/javierac/create3_ws/install/irobot_create_nodes/share/irobot_create_nodes/hook/cmake_prefix_path.ps1'
[2.477s] INFO:colcon.colcon_core.shell:Creating environment descriptor '/home/javierac/create3_ws/install/irobot_create_nodes/share/irobot_create_nodes/hook/cmake_prefix_path.dsv'
[2.478s] INFO:colcon.colcon_core.shell:Creating environment hook '/home/javierac/create3_ws/install/irobot_create_nodes/share/irobot_create_nodes/hook/cmake_prefix_path.sh'
[2.478s] Level 1:colcon.colcon_core.environment:checking '/home/javierac/create3_ws/install/irobot_create_nodes/lib'
[2.478s] Level 1:colcon.colcon_core.shell:create_environment_hook('irobot_create_nodes', 'ld_library_path_lib')
[2.478s] INFO:colcon.colcon_core.shell:Creating environment hook '/home/javierac/create3_ws/install/irobot_create_nodes/share/irobot_create_nodes/hook/ld_library_path_lib.ps1'
[2.479s] INFO:colcon.colcon_core.shell:Creating environment descriptor '/home/javierac/create3_ws/install/irobot_create_nodes/share/irobot_create_nodes/hook/ld_library_path_lib.dsv'
[2.479s] INFO:colcon.colcon_core.shell:Creating environment hook '/home/javierac/create3_ws/install/irobot_create_nodes/share/irobot_create_nodes/hook/ld_library_path_lib.sh'
[2.479s] Level 1:colcon.colcon_core.environment:checking '/home/javierac/create3_ws/install/irobot_create_nodes/bin'
[2.479s] Level 1:colcon.colcon_core.environment:checking '/home/javierac/create3_ws/install/irobot_create_nodes/lib/pkgconfig/irobot_create_nodes.pc'
[2.480s] Level 1:colcon.colcon_core.environment:checking '/home/javierac/create3_ws/install/irobot_create_nodes/lib/python3.12/site-packages'
[2.480s] Level 1:colcon.colcon_core.environment:checking '/home/javierac/create3_ws/install/irobot_create_nodes/bin'
[2.480s] INFO:colcon.colcon_core.shell:Creating package script '/home/javierac/create3_ws/install/irobot_create_nodes/share/irobot_create_nodes/package.ps1'
[2.480s] INFO:colcon.colcon_core.shell:Creating package descriptor '/home/javierac/create3_ws/install/irobot_create_nodes/share/irobot_create_nodes/package.dsv'
[2.481s] INFO:colcon.colcon_core.shell:Creating package script '/home/javierac/create3_ws/install/irobot_create_nodes/share/irobot_create_nodes/package.sh'
[2.481s] INFO:colcon.colcon_core.shell:Creating package script '/home/javierac/create3_ws/install/irobot_create_nodes/share/irobot_create_nodes/package.bash'
[2.481s] INFO:colcon.colcon_core.shell:Creating package script '/home/javierac/create3_ws/install/irobot_create_nodes/share/irobot_create_nodes/package.zsh'
[2.482s] Level 1:colcon.colcon_core.environment:create_file_with_runtime_dependencies(/home/javierac/create3_ws/install/irobot_create_nodes/share/colcon-core/packages/irobot_create_nodes)
[2.482s] Level 1:colcon.colcon_core.environment:create_environment_scripts_only(irobot_create_nodes)
[2.482s] Level 1:colcon.colcon_core.environment:checking '/home/javierac/create3_ws/install/irobot_create_nodes' for CMake module files
[2.483s] Level 1:colcon.colcon_core.environment:checking '/home/javierac/create3_ws/install/irobot_create_nodes' for CMake config files
[2.483s] Level 1:colcon.colcon_core.shell:create_environment_hook('irobot_create_nodes', 'cmake_prefix_path')
[2.483s] INFO:colcon.colcon_core.shell:Creating environment hook '/home/javierac/create3_ws/install/irobot_create_nodes/share/irobot_create_nodes/hook/cmake_prefix_path.ps1'
[2.483s] INFO:colcon.colcon_core.shell:Creating environment descriptor '/home/javierac/create3_ws/install/irobot_create_nodes/share/irobot_create_nodes/hook/cmake_prefix_path.dsv'
[2.484s] INFO:colcon.colcon_core.shell:Creating environment hook '/home/javierac/create3_ws/install/irobot_create_nodes/share/irobot_create_nodes/hook/cmake_prefix_path.sh'
[2.484s] Level 1:colcon.colcon_core.environment:checking '/home/javierac/create3_ws/install/irobot_create_nodes/lib'
[2.484s] Level 1:colcon.colcon_core.shell:create_environment_hook('irobot_create_nodes', 'ld_library_path_lib')
[2.484s] INFO:colcon.colcon_core.shell:Creating environment hook '/home/javierac/create3_ws/install/irobot_create_nodes/share/irobot_create_nodes/hook/ld_library_path_lib.ps1'
[2.485s] INFO:colcon.colcon_core.shell:Creating environment descriptor '/home/javierac/create3_ws/install/irobot_create_nodes/share/irobot_create_nodes/hook/ld_library_path_lib.dsv'
[2.485s] INFO:colcon.colcon_core.shell:Creating environment hook '/home/javierac/create3_ws/install/irobot_create_nodes/share/irobot_create_nodes/hook/ld_library_path_lib.sh'
[2.485s] Level 1:colcon.colcon_core.environment:checking '/home/javierac/create3_ws/install/irobot_create_nodes/bin'
[2.485s] Level 1:colcon.colcon_core.environment:checking '/home/javierac/create3_ws/install/irobot_create_nodes/lib/pkgconfig/irobot_create_nodes.pc'
[2.486s] Level 1:colcon.colcon_core.environment:checking '/home/javierac/create3_ws/install/irobot_create_nodes/lib/python3.12/site-packages'
[2.486s] Level 1:colcon.colcon_core.environment:checking '/home/javierac/create3_ws/install/irobot_create_nodes/bin'
[2.486s] INFO:colcon.colcon_core.shell:Creating package script '/home/javierac/create3_ws/install/irobot_create_nodes/share/irobot_create_nodes/package.ps1'
[2.486s] INFO:colcon.colcon_core.shell:Creating package descriptor '/home/javierac/create3_ws/install/irobot_create_nodes/share/irobot_create_nodes/package.dsv'
[2.487s] INFO:colcon.colcon_core.shell:Creating package script '/home/javierac/create3_ws/install/irobot_create_nodes/share/irobot_create_nodes/package.sh'
[2.487s] INFO:colcon.colcon_core.shell:Creating package script '/home/javierac/create3_ws/install/irobot_create_nodes/share/irobot_create_nodes/package.bash'
[2.488s] INFO:colcon.colcon_core.shell:Creating package script '/home/javierac/create3_ws/install/irobot_create_nodes/share/irobot_create_nodes/package.zsh'
[2.488s] Level 1:colcon.colcon_core.environment:create_file_with_runtime_dependencies(/home/javierac/create3_ws/install/irobot_create_nodes/share/colcon-core/packages/irobot_create_nodes)
[2.488s] INFO:colcon.colcon_ros.task.ament_cmake.build:Building ROS package in '/home/javierac/create3_ws/src/irobot_create_common/irobot_create_common_bringup' with build type 'ament_cmake'
[2.488s] INFO:colcon.colcon_cmake.task.cmake.build:Building CMake package in '/home/javierac/create3_ws/src/irobot_create_common/irobot_create_common_bringup'
[2.488s] INFO:colcon.colcon_core.shell:Skip shell extension 'powershell' for command environment: Not usable outside of PowerShell
[2.488s] DEBUG:colcon.colcon_core.shell:Skip shell extension 'dsv' for command environment
[2.507s] DEBUG:colcon.colcon_core.event_handler.log_command:Invoking command in '/home/javierac/create3_ws/build/irobot_create_common_bringup': CMAKE_PREFIX_PATH=/home/javierac/create3_ws/install/irobot_create_nodes:/home/javierac/create3_ws/install/irobot_create_description:/home/javierac/create3_ws/install/irobot_create_toolbox:/home/javierac/create3_ws/install/irobot_create_control:/home/javierac/create3_ws/install/irobot_create_gz_sim:/home/javierac/create3_ws/install/irobot_create_gz_bringup:/home/javierac/create3_ws/install/irobot_create_common_bringup:/home/javierac/create3_ws/install/irobot_create_gz_toolbox:/home/javierac/create3_ws/install/irobot_create_gz_plugins:/opt/ros/jazzy/opt/gz_sim_vendor:/opt/ros/jazzy/opt/gz_sensors_vendor:/opt/ros/jazzy/opt/gz_physics_vendor:/opt/ros/jazzy/opt/sdformat_vendor:/opt/ros/jazzy/opt/gz_gui_vendor:/opt/ros/jazzy/opt/gz_transport_vendor:/opt/ros/jazzy/opt/gz_rendering_vendor:/opt/ros/jazzy/opt/gz_plugin_vendor:/opt/ros/jazzy/opt/gz_fuel_tools_vendor:/opt/ros/jazzy/opt/gz_msgs_vendor:/opt/ros/jazzy/opt/gz_common_vendor:/opt/ros/jazzy/opt/gz_math_vendor:/opt/ros/jazzy/opt/gz_utils_vendor:/opt/ros/jazzy/opt/gz_tools_vendor:/opt/ros/jazzy/opt/gz_ogre_next_vendor:/opt/ros/jazzy/opt/gz_dartsim_vendor:/opt/ros/jazzy/opt/gz_cmake_vendor:/opt/ros/jazzy LD_LIBRARY_PATH=/home/javierac/create3_ws/install/irobot_create_nodes/lib:/home/javierac/create3_ws/install/irobot_create_toolbox/lib:/home/javierac/create3_ws/install/irobot_create_gz_toolbox/lib:/opt/ros/jazzy/opt/gz_sim_vendor/lib:/opt/ros/jazzy/opt/gz_sensors_vendor/lib:/opt/ros/jazzy/opt/gz_physics_vendor/lib:/opt/ros/jazzy/opt/sdformat_vendor/lib:/opt/ros/jazzy/opt/rviz_ogre_vendor/lib:/opt/ros/jazzy/lib/x86_64-linux-gnu:/opt/ros/jazzy/opt/gz_gui_vendor/lib:/opt/ros/jazzy/opt/gz_transport_vendor/lib:/opt/ros/jazzy/opt/gz_rendering_vendor/lib:/opt/ros/jazzy/opt/gz_plugin_vendor/lib:/opt/ros/jazzy/opt/gz_fuel_tools_vendor/lib:/opt/ros/jazzy/opt/gz_msgs_vendor/lib:/opt/ros/jazzy/opt/gz_common_vendor/lib:/opt/ros/jazzy/opt/gz_math_vendor/lib:/opt/ros/jazzy/opt/gz_utils_vendor/lib:/opt/ros/jazzy/opt/gz_tools_vendor/lib:/opt/ros/jazzy/opt/gz_ogre_next_vendor/lib:/opt/ros/jazzy/opt/gz_dartsim_vendor/lib:/opt/ros/jazzy/opt/gz_cmake_vendor/lib:/opt/ros/jazzy/lib /usr/bin/cmake /home/javierac/create3_ws/src/irobot_create_common/irobot_create_common_bringup -DCMAKE_INSTALL_PREFIX=/home/javierac/create3_ws/install/irobot_create_common_bringup
[2.955s] DEBUG:colcon.colcon_core.event_handler.log_command:Invoked command in '/home/javierac/create3_ws/build/irobot_create_common_bringup' returned '0': CMAKE_PREFIX_PATH=/home/javierac/create3_ws/install/irobot_create_nodes:/home/javierac/create3_ws/install/irobot_create_description:/home/javierac/create3_ws/install/irobot_create_toolbox:/home/javierac/create3_ws/install/irobot_create_control:/home/javierac/create3_ws/install/irobot_create_gz_sim:/home/javierac/create3_ws/install/irobot_create_gz_bringup:/home/javierac/create3_ws/install/irobot_create_common_bringup:/home/javierac/create3_ws/install/irobot_create_gz_toolbox:/home/javierac/create3_ws/install/irobot_create_gz_plugins:/opt/ros/jazzy/opt/gz_sim_vendor:/opt/ros/jazzy/opt/gz_sensors_vendor:/opt/ros/jazzy/opt/gz_physics_vendor:/opt/ros/jazzy/opt/sdformat_vendor:/opt/ros/jazzy/opt/gz_gui_vendor:/opt/ros/jazzy/opt/gz_transport_vendor:/opt/ros/jazzy/opt/gz_rendering_vendor:/opt/ros/jazzy/opt/gz_plugin_vendor:/opt/ros/jazzy/opt/gz_fuel_tools_vendor:/opt/ros/jazzy/opt/gz_msgs_vendor:/opt/ros/jazzy/opt/gz_common_vendor:/opt/ros/jazzy/opt/gz_math_vendor:/opt/ros/jazzy/opt/gz_utils_vendor:/opt/ros/jazzy/opt/gz_tools_vendor:/opt/ros/jazzy/opt/gz_ogre_next_vendor:/opt/ros/jazzy/opt/gz_dartsim_vendor:/opt/ros/jazzy/opt/gz_cmake_vendor:/opt/ros/jazzy LD_LIBRARY_PATH=/home/javierac/create3_ws/install/irobot_create_nodes/lib:/home/javierac/create3_ws/install/irobot_create_toolbox/lib:/home/javierac/create3_ws/install/irobot_create_gz_toolbox/lib:/opt/ros/jazzy/opt/gz_sim_vendor/lib:/opt/ros/jazzy/opt/gz_sensors_vendor/lib:/opt/ros/jazzy/opt/gz_physics_vendor/lib:/opt/ros/jazzy/opt/sdformat_vendor/lib:/opt/ros/jazzy/opt/rviz_ogre_vendor/lib:/opt/ros/jazzy/lib/x86_64-linux-gnu:/opt/ros/jazzy/opt/gz_gui_vendor/lib:/opt/ros/jazzy/opt/gz_transport_vendor/lib:/opt/ros/jazzy/opt/gz_rendering_vendor/lib:/opt/ros/jazzy/opt/gz_plugin_vendor/lib:/opt/ros/jazzy/opt/gz_fuel_tools_vendor/lib:/opt/ros/jazzy/opt/gz_msgs_vendor/lib:/opt/ros/jazzy/opt/gz_common_vendor/lib:/opt/ros/jazzy/opt/gz_math_vendor/lib:/opt/ros/jazzy/opt/gz_utils_vendor/lib:/opt/ros/jazzy/opt/gz_tools_vendor/lib:/opt/ros/jazzy/opt/gz_ogre_next_vendor/lib:/opt/ros/jazzy/opt/gz_dartsim_vendor/lib:/opt/ros/jazzy/opt/gz_cmake_vendor/lib:/opt/ros/jazzy/lib /usr/bin/cmake /home/javierac/create3_ws/src/irobot_create_common/irobot_create_common_bringup -DCMAKE_INSTALL_PREFIX=/home/javierac/create3_ws/install/irobot_create_common_bringup
[2.956s] DEBUG:colcon.colcon_core.event_handler.log_command:Invoking command in '/home/javierac/create3_ws/build/irobot_create_common_bringup': CMAKE_PREFIX_PATH=/home/javierac/create3_ws/install/irobot_create_nodes:/home/javierac/create3_ws/install/irobot_create_description:/home/javierac/create3_ws/install/irobot_create_toolbox:/home/javierac/create3_ws/install/irobot_create_control:/home/javierac/create3_ws/install/irobot_create_gz_sim:/home/javierac/create3_ws/install/irobot_create_gz_bringup:/home/javierac/create3_ws/install/irobot_create_common_bringup:/home/javierac/create3_ws/install/irobot_create_gz_toolbox:/home/javierac/create3_ws/install/irobot_create_gz_plugins:/opt/ros/jazzy/opt/gz_sim_vendor:/opt/ros/jazzy/opt/gz_sensors_vendor:/opt/ros/jazzy/opt/gz_physics_vendor:/opt/ros/jazzy/opt/sdformat_vendor:/opt/ros/jazzy/opt/gz_gui_vendor:/opt/ros/jazzy/opt/gz_transport_vendor:/opt/ros/jazzy/opt/gz_rendering_vendor:/opt/ros/jazzy/opt/gz_plugin_vendor:/opt/ros/jazzy/opt/gz_fuel_tools_vendor:/opt/ros/jazzy/opt/gz_msgs_vendor:/opt/ros/jazzy/opt/gz_common_vendor:/opt/ros/jazzy/opt/gz_math_vendor:/opt/ros/jazzy/opt/gz_utils_vendor:/opt/ros/jazzy/opt/gz_tools_vendor:/opt/ros/jazzy/opt/gz_ogre_next_vendor:/opt/ros/jazzy/opt/gz_dartsim_vendor:/opt/ros/jazzy/opt/gz_cmake_vendor:/opt/ros/jazzy LD_LIBRARY_PATH=/home/javierac/create3_ws/install/irobot_create_nodes/lib:/home/javierac/create3_ws/install/irobot_create_toolbox/lib:/home/javierac/create3_ws/install/irobot_create_gz_toolbox/lib:/opt/ros/jazzy/opt/gz_sim_vendor/lib:/opt/ros/jazzy/opt/gz_sensors_vendor/lib:/opt/ros/jazzy/opt/gz_physics_vendor/lib:/opt/ros/jazzy/opt/sdformat_vendor/lib:/opt/ros/jazzy/opt/rviz_ogre_vendor/lib:/opt/ros/jazzy/lib/x86_64-linux-gnu:/opt/ros/jazzy/opt/gz_gui_vendor/lib:/opt/ros/jazzy/opt/gz_transport_vendor/lib:/opt/ros/jazzy/opt/gz_rendering_vendor/lib:/opt/ros/jazzy/opt/gz_plugin_vendor/lib:/opt/ros/jazzy/opt/gz_fuel_tools_vendor/lib:/opt/ros/jazzy/opt/gz_msgs_vendor/lib:/opt/ros/jazzy/opt/gz_common_vendor/lib:/opt/ros/jazzy/opt/gz_math_vendor/lib:/opt/ros/jazzy/opt/gz_utils_vendor/lib:/opt/ros/jazzy/opt/gz_tools_vendor/lib:/opt/ros/jazzy/opt/gz_ogre_next_vendor/lib:/opt/ros/jazzy/opt/gz_dartsim_vendor/lib:/opt/ros/jazzy/opt/gz_cmake_vendor/lib:/opt/ros/jazzy/lib /usr/bin/cmake --build /home/javierac/create3_ws/build/irobot_create_common_bringup -- -j20 -l20
[3.330s] DEBUG:colcon.colcon_core.event_handler.log_command:Invoked command in '/home/javierac/create3_ws/build/irobot_create_common_bringup' returned '0': CMAKE_PREFIX_PATH=/home/javierac/create3_ws/install/irobot_create_nodes:/home/javierac/create3_ws/install/irobot_create_description:/home/javierac/create3_ws/install/irobot_create_toolbox:/home/javierac/create3_ws/install/irobot_create_control:/home/javierac/create3_ws/install/irobot_create_gz_sim:/home/javierac/create3_ws/install/irobot_create_gz_bringup:/home/javierac/create3_ws/install/irobot_create_common_bringup:/home/javierac/create3_ws/install/irobot_create_gz_toolbox:/home/javierac/create3_ws/install/irobot_create_gz_plugins:/opt/ros/jazzy/opt/gz_sim_vendor:/opt/ros/jazzy/opt/gz_sensors_vendor:/opt/ros/jazzy/opt/gz_physics_vendor:/opt/ros/jazzy/opt/sdformat_vendor:/opt/ros/jazzy/opt/gz_gui_vendor:/opt/ros/jazzy/opt/gz_transport_vendor:/opt/ros/jazzy/opt/gz_rendering_vendor:/opt/ros/jazzy/opt/gz_plugin_vendor:/opt/ros/jazzy/opt/gz_fuel_tools_vendor:/opt/ros/jazzy/opt/gz_msgs_vendor:/opt/ros/jazzy/opt/gz_common_vendor:/opt/ros/jazzy/opt/gz_math_vendor:/opt/ros/jazzy/opt/gz_utils_vendor:/opt/ros/jazzy/opt/gz_tools_vendor:/opt/ros/jazzy/opt/gz_ogre_next_vendor:/opt/ros/jazzy/opt/gz_dartsim_vendor:/opt/ros/jazzy/opt/gz_cmake_vendor:/opt/ros/jazzy LD_LIBRARY_PATH=/home/javierac/create3_ws/install/irobot_create_nodes/lib:/home/javierac/create3_ws/install/irobot_create_toolbox/lib:/home/javierac/create3_ws/install/irobot_create_gz_toolbox/lib:/opt/ros/jazzy/opt/gz_sim_vendor/lib:/opt/ros/jazzy/opt/gz_sensors_vendor/lib:/opt/ros/jazzy/opt/gz_physics_vendor/lib:/opt/ros/jazzy/opt/sdformat_vendor/lib:/opt/ros/jazzy/opt/rviz_ogre_vendor/lib:/opt/ros/jazzy/lib/x86_64-linux-gnu:/opt/ros/jazzy/opt/gz_gui_vendor/lib:/opt/ros/jazzy/opt/gz_transport_vendor/lib:/opt/ros/jazzy/opt/gz_rendering_vendor/lib:/opt/ros/jazzy/opt/gz_plugin_vendor/lib:/opt/ros/jazzy/opt/gz_fuel_tools_vendor/lib:/opt/ros/jazzy/opt/gz_msgs_vendor/lib:/opt/ros/jazzy/opt/gz_common_vendor/lib:/opt/ros/jazzy/opt/gz_math_vendor/lib:/opt/ros/jazzy/opt/gz_utils_vendor/lib:/opt/ros/jazzy/opt/gz_tools_vendor/lib:/opt/ros/jazzy/opt/gz_ogre_next_vendor/lib:/opt/ros/jazzy/opt/gz_dartsim_vendor/lib:/opt/ros/jazzy/opt/gz_cmake_vendor/lib:/opt/ros/jazzy/lib /usr/bin/cmake --build /home/javierac/create3_ws/build/irobot_create_common_bringup -- -j20 -l20
[3.331s] DEBUG:colcon.colcon_core.event_handler.log_command:Invoking command in '/home/javierac/create3_ws/build/irobot_create_common_bringup': CMAKE_PREFIX_PATH=/home/javierac/create3_ws/install/irobot_create_nodes:/home/javierac/create3_ws/install/irobot_create_description:/home/javierac/create3_ws/install/irobot_create_toolbox:/home/javierac/create3_ws/install/irobot_create_control:/home/javierac/create3_ws/install/irobot_create_gz_sim:/home/javierac/create3_ws/install/irobot_create_gz_bringup:/home/javierac/create3_ws/install/irobot_create_common_bringup:/home/javierac/create3_ws/install/irobot_create_gz_toolbox:/home/javierac/create3_ws/install/irobot_create_gz_plugins:/opt/ros/jazzy/opt/gz_sim_vendor:/opt/ros/jazzy/opt/gz_sensors_vendor:/opt/ros/jazzy/opt/gz_physics_vendor:/opt/ros/jazzy/opt/sdformat_vendor:/opt/ros/jazzy/opt/gz_gui_vendor:/opt/ros/jazzy/opt/gz_transport_vendor:/opt/ros/jazzy/opt/gz_rendering_vendor:/opt/ros/jazzy/opt/gz_plugin_vendor:/opt/ros/jazzy/opt/gz_fuel_tools_vendor:/opt/ros/jazzy/opt/gz_msgs_vendor:/opt/ros/jazzy/opt/gz_common_vendor:/opt/ros/jazzy/opt/gz_math_vendor:/opt/ros/jazzy/opt/gz_utils_vendor:/opt/ros/jazzy/opt/gz_tools_vendor:/opt/ros/jazzy/opt/gz_ogre_next_vendor:/opt/ros/jazzy/opt/gz_dartsim_vendor:/opt/ros/jazzy/opt/gz_cmake_vendor:/opt/ros/jazzy LD_LIBRARY_PATH=/home/javierac/create3_ws/install/irobot_create_nodes/lib:/home/javierac/create3_ws/install/irobot_create_toolbox/lib:/home/javierac/create3_ws/install/irobot_create_gz_toolbox/lib:/opt/ros/jazzy/opt/gz_sim_vendor/lib:/opt/ros/jazzy/opt/gz_sensors_vendor/lib:/opt/ros/jazzy/opt/gz_physics_vendor/lib:/opt/ros/jazzy/opt/sdformat_vendor/lib:/opt/ros/jazzy/opt/rviz_ogre_vendor/lib:/opt/ros/jazzy/lib/x86_64-linux-gnu:/opt/ros/jazzy/opt/gz_gui_vendor/lib:/opt/ros/jazzy/opt/gz_transport_vendor/lib:/opt/ros/jazzy/opt/gz_rendering_vendor/lib:/opt/ros/jazzy/opt/gz_plugin_vendor/lib:/opt/ros/jazzy/opt/gz_fuel_tools_vendor/lib:/opt/ros/jazzy/opt/gz_msgs_vendor/lib:/opt/ros/jazzy/opt/gz_common_vendor/lib:/opt/ros/jazzy/opt/gz_math_vendor/lib:/opt/ros/jazzy/opt/gz_utils_vendor/lib:/opt/ros/jazzy/opt/gz_tools_vendor/lib:/opt/ros/jazzy/opt/gz_ogre_next_vendor/lib:/opt/ros/jazzy/opt/gz_dartsim_vendor/lib:/opt/ros/jazzy/opt/gz_cmake_vendor/lib:/opt/ros/jazzy/lib /usr/bin/cmake --install /home/javierac/create3_ws/build/irobot_create_common_bringup
[3.400s] Level 1:colcon.colcon_core.environment:create_environment_scripts_only(irobot_create_common_bringup)
[3.400s] Level 1:colcon.colcon_core.environment:checking '/home/javierac/create3_ws/install/irobot_create_common_bringup' for CMake module files
[3.400s] DEBUG:colcon.colcon_core.event_handler.log_command:Invoked command in '/home/javierac/create3_ws/build/irobot_create_common_bringup' returned '0': CMAKE_PREFIX_PATH=/home/javierac/create3_ws/install/irobot_create_nodes:/home/javierac/create3_ws/install/irobot_create_description:/home/javierac/create3_ws/install/irobot_create_toolbox:/home/javierac/create3_ws/install/irobot_create_control:/home/javierac/create3_ws/install/irobot_create_gz_sim:/home/javierac/create3_ws/install/irobot_create_gz_bringup:/home/javierac/create3_ws/install/irobot_create_common_bringup:/home/javierac/create3_ws/install/irobot_create_gz_toolbox:/home/javierac/create3_ws/install/irobot_create_gz_plugins:/opt/ros/jazzy/opt/gz_sim_vendor:/opt/ros/jazzy/opt/gz_sensors_vendor:/opt/ros/jazzy/opt/gz_physics_vendor:/opt/ros/jazzy/opt/sdformat_vendor:/opt/ros/jazzy/opt/gz_gui_vendor:/opt/ros/jazzy/opt/gz_transport_vendor:/opt/ros/jazzy/opt/gz_rendering_vendor:/opt/ros/jazzy/opt/gz_plugin_vendor:/opt/ros/jazzy/opt/gz_fuel_tools_vendor:/opt/ros/jazzy/opt/gz_msgs_vendor:/opt/ros/jazzy/opt/gz_common_vendor:/opt/ros/jazzy/opt/gz_math_vendor:/opt/ros/jazzy/opt/gz_utils_vendor:/opt/ros/jazzy/opt/gz_tools_vendor:/opt/ros/jazzy/opt/gz_ogre_next_vendor:/opt/ros/jazzy/opt/gz_dartsim_vendor:/opt/ros/jazzy/opt/gz_cmake_vendor:/opt/ros/jazzy LD_LIBRARY_PATH=/home/javierac/create3_ws/install/irobot_create_nodes/lib:/home/javierac/create3_ws/install/irobot_create_toolbox/lib:/home/javierac/create3_ws/install/irobot_create_gz_toolbox/lib:/opt/ros/jazzy/opt/gz_sim_vendor/lib:/opt/ros/jazzy/opt/gz_sensors_vendor/lib:/opt/ros/jazzy/opt/gz_physics_vendor/lib:/opt/ros/jazzy/opt/sdformat_vendor/lib:/opt/ros/jazzy/opt/rviz_ogre_vendor/lib:/opt/ros/jazzy/lib/x86_64-linux-gnu:/opt/ros/jazzy/opt/gz_gui_vendor/lib:/opt/ros/jazzy/opt/gz_transport_vendor/lib:/opt/ros/jazzy/opt/gz_rendering_vendor/lib:/opt/ros/jazzy/opt/gz_plugin_vendor/lib:/opt/ros/jazzy/opt/gz_fuel_tools_vendor/lib:/opt/ros/jazzy/opt/gz_msgs_vendor/lib:/opt/ros/jazzy/opt/gz_common_vendor/lib:/opt/ros/jazzy/opt/gz_math_vendor/lib:/opt/ros/jazzy/opt/gz_utils_vendor/lib:/opt/ros/jazzy/opt/gz_tools_vendor/lib:/opt/ros/jazzy/opt/gz_ogre_next_vendor/lib:/opt/ros/jazzy/opt/gz_dartsim_vendor/lib:/opt/ros/jazzy/opt/gz_cmake_vendor/lib:/opt/ros/jazzy/lib /usr/bin/cmake --install /home/javierac/create3_ws/build/irobot_create_common_bringup
[3.401s] Level 1:colcon.colcon_core.environment:checking '/home/javierac/create3_ws/install/irobot_create_common_bringup' for CMake config files
[3.401s] Level 1:colcon.colcon_core.shell:create_environment_hook('irobot_create_common_bringup', 'cmake_prefix_path')
[3.401s] INFO:colcon.colcon_core.shell:Creating environment hook '/home/javierac/create3_ws/install/irobot_create_common_bringup/share/irobot_create_common_bringup/hook/cmake_prefix_path.ps1'
[3.401s] INFO:colcon.colcon_core.shell:Creating environment descriptor '/home/javierac/create3_ws/install/irobot_create_common_bringup/share/irobot_create_common_bringup/hook/cmake_prefix_path.dsv'
[3.402s] INFO:colcon.colcon_core.shell:Creating environment hook '/home/javierac/create3_ws/install/irobot_create_common_bringup/share/irobot_create_common_bringup/hook/cmake_prefix_path.sh'
[3.402s] Level 1:colcon.colcon_core.environment:checking '/home/javierac/create3_ws/install/irobot_create_common_bringup/lib'
[3.402s] Level 1:colcon.colcon_core.environment:checking '/home/javierac/create3_ws/install/irobot_create_common_bringup/bin'
[3.402s] Level 1:colcon.colcon_core.environment:checking '/home/javierac/create3_ws/install/irobot_create_common_bringup/lib/pkgconfig/irobot_create_common_bringup.pc'
[3.403s] Level 1:colcon.colcon_core.environment:checking '/home/javierac/create3_ws/install/irobot_create_common_bringup/lib/python3.12/site-packages'
[3.403s] Level 1:colcon.colcon_core.shell:create_environment_hook('irobot_create_common_bringup', 'pythonpath')
[3.403s] INFO:colcon.colcon_core.shell:Creating environment hook '/home/javierac/create3_ws/install/irobot_create_common_bringup/share/irobot_create_common_bringup/hook/pythonpath.ps1'
[3.403s] INFO:colcon.colcon_core.shell:Creating environment descriptor '/home/javierac/create3_ws/install/irobot_create_common_bringup/share/irobot_create_common_bringup/hook/pythonpath.dsv'
[3.403s] INFO:colcon.colcon_core.shell:Creating environment hook '/home/javierac/create3_ws/install/irobot_create_common_bringup/share/irobot_create_common_bringup/hook/pythonpath.sh'
[3.404s] Level 1:colcon.colcon_core.environment:checking '/home/javierac/create3_ws/install/irobot_create_common_bringup/bin'
[3.404s] INFO:colcon.colcon_core.shell:Creating package script '/home/javierac/create3_ws/install/irobot_create_common_bringup/share/irobot_create_common_bringup/package.ps1'
[3.405s] INFO:colcon.colcon_core.shell:Creating package descriptor '/home/javierac/create3_ws/install/irobot_create_common_bringup/share/irobot_create_common_bringup/package.dsv'
[3.405s] INFO:colcon.colcon_core.shell:Creating package script '/home/javierac/create3_ws/install/irobot_create_common_bringup/share/irobot_create_common_bringup/package.sh'
[3.405s] INFO:colcon.colcon_core.shell:Creating package script '/home/javierac/create3_ws/install/irobot_create_common_bringup/share/irobot_create_common_bringup/package.bash'
[3.406s] INFO:colcon.colcon_core.shell:Creating package script '/home/javierac/create3_ws/install/irobot_create_common_bringup/share/irobot_create_common_bringup/package.zsh'
[3.406s] Level 1:colcon.colcon_core.environment:create_file_with_runtime_dependencies(/home/javierac/create3_ws/install/irobot_create_common_bringup/share/colcon-core/packages/irobot_create_common_bringup)
[3.406s] Level 1:colcon.colcon_core.environment:create_environment_scripts_only(irobot_create_common_bringup)
[3.406s] Level 1:colcon.colcon_core.environment:checking '/home/javierac/create3_ws/install/irobot_create_common_bringup' for CMake module files
[3.407s] Level 1:colcon.colcon_core.environment:checking '/home/javierac/create3_ws/install/irobot_create_common_bringup' for CMake config files
[3.407s] Level 1:colcon.colcon_core.shell:create_environment_hook('irobot_create_common_bringup', 'cmake_prefix_path')
[3.407s] INFO:colcon.colcon_core.shell:Creating environment hook '/home/javierac/create3_ws/install/irobot_create_common_bringup/share/irobot_create_common_bringup/hook/cmake_prefix_path.ps1'
[3.407s] INFO:colcon.colcon_core.shell:Creating environment descriptor '/home/javierac/create3_ws/install/irobot_create_common_bringup/share/irobot_create_common_bringup/hook/cmake_prefix_path.dsv'
[3.408s] INFO:colcon.colcon_core.shell:Creating environment hook '/home/javierac/create3_ws/install/irobot_create_common_bringup/share/irobot_create_common_bringup/hook/cmake_prefix_path.sh'
[3.408s] Level 1:colcon.colcon_core.environment:checking '/home/javierac/create3_ws/install/irobot_create_common_bringup/lib'
[3.408s] Level 1:colcon.colcon_core.environment:checking '/home/javierac/create3_ws/install/irobot_create_common_bringup/bin'
[3.408s] Level 1:colcon.colcon_core.environment:checking '/home/javierac/create3_ws/install/irobot_create_common_bringup/lib/pkgconfig/irobot_create_common_bringup.pc'
[3.408s] Level 1:colcon.colcon_core.environment:checking '/home/javierac/create3_ws/install/irobot_create_common_bringup/lib/python3.12/site-packages'
[3.409s] Level 1:colcon.colcon_core.shell:create_environment_hook('irobot_create_common_bringup', 'pythonpath')
[3.409s] INFO:colcon.colcon_core.shell:Creating environment hook '/home/javierac/create3_ws/install/irobot_create_common_bringup/share/irobot_create_common_bringup/hook/pythonpath.ps1'
[3.409s] INFO:colcon.colcon_core.shell:Creating environment descriptor '/home/javierac/create3_ws/install/irobot_create_common_bringup/share/irobot_create_common_bringup/hook/pythonpath.dsv'
[3.409s] INFO:colcon.colcon_core.shell:Creating environment hook '/home/javierac/create3_ws/install/irobot_create_common_bringup/share/irobot_create_common_bringup/hook/pythonpath.sh'
[3.410s] Level 1:colcon.colcon_core.environment:checking '/home/javierac/create3_ws/install/irobot_create_common_bringup/bin'
[3.410s] INFO:colcon.colcon_core.shell:Creating package script '/home/javierac/create3_ws/install/irobot_create_common_bringup/share/irobot_create_common_bringup/package.ps1'
[3.411s] INFO:colcon.colcon_core.shell:Creating package descriptor '/home/javierac/create3_ws/install/irobot_create_common_bringup/share/irobot_create_common_bringup/package.dsv'
[3.412s] INFO:colcon.colcon_core.shell:Creating package script '/home/javierac/create3_ws/install/irobot_create_common_bringup/share/irobot_create_common_bringup/package.sh'
[3.413s] INFO:colcon.colcon_core.shell:Creating package script '/home/javierac/create3_ws/install/irobot_create_common_bringup/share/irobot_create_common_bringup/package.bash'
[3.413s] INFO:colcon.colcon_core.shell:Creating package script '/home/javierac/create3_ws/install/irobot_create_common_bringup/share/irobot_create_common_bringup/package.zsh'
[3.414s] Level 1:colcon.colcon_core.environment:create_file_with_runtime_dependencies(/home/javierac/create3_ws/install/irobot_create_common_bringup/share/colcon-core/packages/irobot_create_common_bringup)
[3.414s] INFO:colcon.colcon_ros.task.ament_cmake.build:Building ROS package in '/home/javierac/create3_ws/src/irobot_create_gz/irobot_create_gz_bringup' with build type 'ament_cmake'
[3.414s] INFO:colcon.colcon_cmake.task.cmake.build:Building CMake package in '/home/javierac/create3_ws/src/irobot_create_gz/irobot_create_gz_bringup'
[3.414s] INFO:colcon.colcon_core.shell:Skip shell extension 'powershell' for command environment: Not usable outside of PowerShell
[3.414s] DEBUG:colcon.colcon_core.shell:Skip shell extension 'dsv' for command environment
[3.442s] DEBUG:colcon.colcon_core.event_handler.log_command:Invoking command in '/home/javierac/create3_ws/build/irobot_create_gz_bringup': CMAKE_PREFIX_PATH=/home/javierac/create3_ws/install/irobot_create_common_bringup:/home/javierac/create3_ws/install/irobot_create_nodes:/home/javierac/create3_ws/install/irobot_create_gz_toolbox:/home/javierac/create3_ws/install/irobot_create_description:/home/javierac/create3_ws/install/irobot_create_toolbox:/home/javierac/create3_ws/install/irobot_create_control:/home/javierac/create3_ws/install/irobot_create_gz_sim:/home/javierac/create3_ws/install/irobot_create_gz_bringup:/home/javierac/create3_ws/install/irobot_create_gz_plugins:/opt/ros/jazzy/opt/gz_sim_vendor:/opt/ros/jazzy/opt/gz_sensors_vendor:/opt/ros/jazzy/opt/gz_physics_vendor:/opt/ros/jazzy/opt/sdformat_vendor:/opt/ros/jazzy/opt/gz_gui_vendor:/opt/ros/jazzy/opt/gz_transport_vendor:/opt/ros/jazzy/opt/gz_rendering_vendor:/opt/ros/jazzy/opt/gz_plugin_vendor:/opt/ros/jazzy/opt/gz_fuel_tools_vendor:/opt/ros/jazzy/opt/gz_msgs_vendor:/opt/ros/jazzy/opt/gz_common_vendor:/opt/ros/jazzy/opt/gz_math_vendor:/opt/ros/jazzy/opt/gz_utils_vendor:/opt/ros/jazzy/opt/gz_tools_vendor:/opt/ros/jazzy/opt/gz_ogre_next_vendor:/opt/ros/jazzy/opt/gz_dartsim_vendor:/opt/ros/jazzy/opt/gz_cmake_vendor:/opt/ros/jazzy /usr/bin/cmake /home/javierac/create3_ws/src/irobot_create_gz/irobot_create_gz_bringup -DCMAKE_INSTALL_PREFIX=/home/javierac/create3_ws/install/irobot_create_gz_bringup
[3.981s] DEBUG:colcon.colcon_core.event_handler.log_command:Invoked command in '/home/javierac/create3_ws/build/irobot_create_gz_bringup' returned '0': CMAKE_PREFIX_PATH=/home/javierac/create3_ws/install/irobot_create_common_bringup:/home/javierac/create3_ws/install/irobot_create_nodes:/home/javierac/create3_ws/install/irobot_create_gz_toolbox:/home/javierac/create3_ws/install/irobot_create_description:/home/javierac/create3_ws/install/irobot_create_toolbox:/home/javierac/create3_ws/install/irobot_create_control:/home/javierac/create3_ws/install/irobot_create_gz_sim:/home/javierac/create3_ws/install/irobot_create_gz_bringup:/home/javierac/create3_ws/install/irobot_create_gz_plugins:/opt/ros/jazzy/opt/gz_sim_vendor:/opt/ros/jazzy/opt/gz_sensors_vendor:/opt/ros/jazzy/opt/gz_physics_vendor:/opt/ros/jazzy/opt/sdformat_vendor:/opt/ros/jazzy/opt/gz_gui_vendor:/opt/ros/jazzy/opt/gz_transport_vendor:/opt/ros/jazzy/opt/gz_rendering_vendor:/opt/ros/jazzy/opt/gz_plugin_vendor:/opt/ros/jazzy/opt/gz_fuel_tools_vendor:/opt/ros/jazzy/opt/gz_msgs_vendor:/opt/ros/jazzy/opt/gz_common_vendor:/opt/ros/jazzy/opt/gz_math_vendor:/opt/ros/jazzy/opt/gz_utils_vendor:/opt/ros/jazzy/opt/gz_tools_vendor:/opt/ros/jazzy/opt/gz_ogre_next_vendor:/opt/ros/jazzy/opt/gz_dartsim_vendor:/opt/ros/jazzy/opt/gz_cmake_vendor:/opt/ros/jazzy /usr/bin/cmake /home/javierac/create3_ws/src/irobot_create_gz/irobot_create_gz_bringup -DCMAKE_INSTALL_PREFIX=/home/javierac/create3_ws/install/irobot_create_gz_bringup
[3.982s] DEBUG:colcon.colcon_core.event_handler.log_command:Invoking command in '/home/javierac/create3_ws/build/irobot_create_gz_bringup': CMAKE_PREFIX_PATH=/home/javierac/create3_ws/install/irobot_create_common_bringup:/home/javierac/create3_ws/install/irobot_create_nodes:/home/javierac/create3_ws/install/irobot_create_gz_toolbox:/home/javierac/create3_ws/install/irobot_create_description:/home/javierac/create3_ws/install/irobot_create_toolbox:/home/javierac/create3_ws/install/irobot_create_control:/home/javierac/create3_ws/install/irobot_create_gz_sim:/home/javierac/create3_ws/install/irobot_create_gz_bringup:/home/javierac/create3_ws/install/irobot_create_gz_plugins:/opt/ros/jazzy/opt/gz_sim_vendor:/opt/ros/jazzy/opt/gz_sensors_vendor:/opt/ros/jazzy/opt/gz_physics_vendor:/opt/ros/jazzy/opt/sdformat_vendor:/opt/ros/jazzy/opt/gz_gui_vendor:/opt/ros/jazzy/opt/gz_transport_vendor:/opt/ros/jazzy/opt/gz_rendering_vendor:/opt/ros/jazzy/opt/gz_plugin_vendor:/opt/ros/jazzy/opt/gz_fuel_tools_vendor:/opt/ros/jazzy/opt/gz_msgs_vendor:/opt/ros/jazzy/opt/gz_common_vendor:/opt/ros/jazzy/opt/gz_math_vendor:/opt/ros/jazzy/opt/gz_utils_vendor:/opt/ros/jazzy/opt/gz_tools_vendor:/opt/ros/jazzy/opt/gz_ogre_next_vendor:/opt/ros/jazzy/opt/gz_dartsim_vendor:/opt/ros/jazzy/opt/gz_cmake_vendor:/opt/ros/jazzy /usr/bin/cmake --build /home/javierac/create3_ws/build/irobot_create_gz_bringup -- -j20 -l20
[4.028s] DEBUG:colcon.colcon_core.event_handler.log_command:Invoked command in '/home/javierac/create3_ws/build/irobot_create_gz_bringup' returned '0': CMAKE_PREFIX_PATH=/home/javierac/create3_ws/install/irobot_create_common_bringup:/home/javierac/create3_ws/install/irobot_create_nodes:/home/javierac/create3_ws/install/irobot_create_gz_toolbox:/home/javierac/create3_ws/install/irobot_create_description:/home/javierac/create3_ws/install/irobot_create_toolbox:/home/javierac/create3_ws/install/irobot_create_control:/home/javierac/create3_ws/install/irobot_create_gz_sim:/home/javierac/create3_ws/install/irobot_create_gz_bringup:/home/javierac/create3_ws/install/irobot_create_gz_plugins:/opt/ros/jazzy/opt/gz_sim_vendor:/opt/ros/jazzy/opt/gz_sensors_vendor:/opt/ros/jazzy/opt/gz_physics_vendor:/opt/ros/jazzy/opt/sdformat_vendor:/opt/ros/jazzy/opt/gz_gui_vendor:/opt/ros/jazzy/opt/gz_transport_vendor:/opt/ros/jazzy/opt/gz_rendering_vendor:/opt/ros/jazzy/opt/gz_plugin_vendor:/opt/ros/jazzy/opt/gz_fuel_tools_vendor:/opt/ros/jazzy/opt/gz_msgs_vendor:/opt/ros/jazzy/opt/gz_common_vendor:/opt/ros/jazzy/opt/gz_math_vendor:/opt/ros/jazzy/opt/gz_utils_vendor:/opt/ros/jazzy/opt/gz_tools_vendor:/opt/ros/jazzy/opt/gz_ogre_next_vendor:/opt/ros/jazzy/opt/gz_dartsim_vendor:/opt/ros/jazzy/opt/gz_cmake_vendor:/opt/ros/jazzy /usr/bin/cmake --build /home/javierac/create3_ws/build/irobot_create_gz_bringup -- -j20 -l20
[4.029s] DEBUG:colcon.colcon_core.event_handler.log_command:Invoking command in '/home/javierac/create3_ws/build/irobot_create_gz_bringup': CMAKE_PREFIX_PATH=/home/javierac/create3_ws/install/irobot_create_common_bringup:/home/javierac/create3_ws/install/irobot_create_nodes:/home/javierac/create3_ws/install/irobot_create_gz_toolbox:/home/javierac/create3_ws/install/irobot_create_description:/home/javierac/create3_ws/install/irobot_create_toolbox:/home/javierac/create3_ws/install/irobot_create_control:/home/javierac/create3_ws/install/irobot_create_gz_sim:/home/javierac/create3_ws/install/irobot_create_gz_bringup:/home/javierac/create3_ws/install/irobot_create_gz_plugins:/opt/ros/jazzy/opt/gz_sim_vendor:/opt/ros/jazzy/opt/gz_sensors_vendor:/opt/ros/jazzy/opt/gz_physics_vendor:/opt/ros/jazzy/opt/sdformat_vendor:/opt/ros/jazzy/opt/gz_gui_vendor:/opt/ros/jazzy/opt/gz_transport_vendor:/opt/ros/jazzy/opt/gz_rendering_vendor:/opt/ros/jazzy/opt/gz_plugin_vendor:/opt/ros/jazzy/opt/gz_fuel_tools_vendor:/opt/ros/jazzy/opt/gz_msgs_vendor:/opt/ros/jazzy/opt/gz_common_vendor:/opt/ros/jazzy/opt/gz_math_vendor:/opt/ros/jazzy/opt/gz_utils_vendor:/opt/ros/jazzy/opt/gz_tools_vendor:/opt/ros/jazzy/opt/gz_ogre_next_vendor:/opt/ros/jazzy/opt/gz_dartsim_vendor:/opt/ros/jazzy/opt/gz_cmake_vendor:/opt/ros/jazzy /usr/bin/cmake --install /home/javierac/create3_ws/build/irobot_create_gz_bringup
[4.064s] Level 1:colcon.colcon_core.environment:create_environment_scripts_only(irobot_create_gz_bringup)
[4.064s] Level 1:colcon.colcon_core.environment:checking '/home/javierac/create3_ws/install/irobot_create_gz_bringup' for CMake module files
[4.065s] DEBUG:colcon.colcon_core.event_handler.log_command:Invoked command in '/home/javierac/create3_ws/build/irobot_create_gz_bringup' returned '0': CMAKE_PREFIX_PATH=/home/javierac/create3_ws/install/irobot_create_common_bringup:/home/javierac/create3_ws/install/irobot_create_nodes:/home/javierac/create3_ws/install/irobot_create_gz_toolbox:/home/javierac/create3_ws/install/irobot_create_description:/home/javierac/create3_ws/install/irobot_create_toolbox:/home/javierac/create3_ws/install/irobot_create_control:/home/javierac/create3_ws/install/irobot_create_gz_sim:/home/javierac/create3_ws/install/irobot_create_gz_bringup:/home/javierac/create3_ws/install/irobot_create_gz_plugins:/opt/ros/jazzy/opt/gz_sim_vendor:/opt/ros/jazzy/opt/gz_sensors_vendor:/opt/ros/jazzy/opt/gz_physics_vendor:/opt/ros/jazzy/opt/sdformat_vendor:/opt/ros/jazzy/opt/gz_gui_vendor:/opt/ros/jazzy/opt/gz_transport_vendor:/opt/ros/jazzy/opt/gz_rendering_vendor:/opt/ros/jazzy/opt/gz_plugin_vendor:/opt/ros/jazzy/opt/gz_fuel_tools_vendor:/opt/ros/jazzy/opt/gz_msgs_vendor:/opt/ros/jazzy/opt/gz_common_vendor:/opt/ros/jazzy/opt/gz_math_vendor:/opt/ros/jazzy/opt/gz_utils_vendor:/opt/ros/jazzy/opt/gz_tools_vendor:/opt/ros/jazzy/opt/gz_ogre_next_vendor:/opt/ros/jazzy/opt/gz_dartsim_vendor:/opt/ros/jazzy/opt/gz_cmake_vendor:/opt/ros/jazzy /usr/bin/cmake --install /home/javierac/create3_ws/build/irobot_create_gz_bringup
[4.065s] Level 1:colcon.colcon_core.environment:checking '/home/javierac/create3_ws/install/irobot_create_gz_bringup' for CMake config files
[4.065s] Level 1:colcon.colcon_core.shell:create_environment_hook('irobot_create_gz_bringup', 'cmake_prefix_path')
[4.065s] INFO:colcon.colcon_core.shell:Creating environment hook '/home/javierac/create3_ws/install/irobot_create_gz_bringup/share/irobot_create_gz_bringup/hook/cmake_prefix_path.ps1'
[4.066s] INFO:colcon.colcon_core.shell:Creating environment descriptor '/home/javierac/create3_ws/install/irobot_create_gz_bringup/share/irobot_create_gz_bringup/hook/cmake_prefix_path.dsv'
[4.066s] INFO:colcon.colcon_core.shell:Creating environment hook '/home/javierac/create3_ws/install/irobot_create_gz_bringup/share/irobot_create_gz_bringup/hook/cmake_prefix_path.sh'
[4.066s] Level 1:colcon.colcon_core.environment:checking '/home/javierac/create3_ws/install/irobot_create_gz_bringup/bin'
[4.067s] Level 1:colcon.colcon_core.environment:checking '/home/javierac/create3_ws/install/irobot_create_gz_bringup/lib/pkgconfig/irobot_create_gz_bringup.pc'
[4.067s] Level 1:colcon.colcon_core.environment:checking '/home/javierac/create3_ws/install/irobot_create_gz_bringup/lib/python3.12/site-packages'
[4.067s] Level 1:colcon.colcon_core.environment:checking '/home/javierac/create3_ws/install/irobot_create_gz_bringup/bin'
[4.067s] INFO:colcon.colcon_core.shell:Creating package script '/home/javierac/create3_ws/install/irobot_create_gz_bringup/share/irobot_create_gz_bringup/package.ps1'
[4.068s] INFO:colcon.colcon_core.shell:Creating package descriptor '/home/javierac/create3_ws/install/irobot_create_gz_bringup/share/irobot_create_gz_bringup/package.dsv'
[4.068s] INFO:colcon.colcon_core.shell:Creating package script '/home/javierac/create3_ws/install/irobot_create_gz_bringup/share/irobot_create_gz_bringup/package.sh'
[4.068s] INFO:colcon.colcon_core.shell:Creating package script '/home/javierac/create3_ws/install/irobot_create_gz_bringup/share/irobot_create_gz_bringup/package.bash'
[4.069s] INFO:colcon.colcon_core.shell:Creating package script '/home/javierac/create3_ws/install/irobot_create_gz_bringup/share/irobot_create_gz_bringup/package.zsh'
[4.069s] Level 1:colcon.colcon_core.environment:create_file_with_runtime_dependencies(/home/javierac/create3_ws/install/irobot_create_gz_bringup/share/colcon-core/packages/irobot_create_gz_bringup)
[4.069s] Level 1:colcon.colcon_core.environment:create_environment_scripts_only(irobot_create_gz_bringup)
[4.069s] Level 1:colcon.colcon_core.environment:checking '/home/javierac/create3_ws/install/irobot_create_gz_bringup' for CMake module files
[4.070s] Level 1:colcon.colcon_core.environment:checking '/home/javierac/create3_ws/install/irobot_create_gz_bringup' for CMake config files
[4.070s] Level 1:colcon.colcon_core.shell:create_environment_hook('irobot_create_gz_bringup', 'cmake_prefix_path')
[4.071s] INFO:colcon.colcon_core.shell:Creating environment hook '/home/javierac/create3_ws/install/irobot_create_gz_bringup/share/irobot_create_gz_bringup/hook/cmake_prefix_path.ps1'
[4.071s] INFO:colcon.colcon_core.shell:Creating environment descriptor '/home/javierac/create3_ws/install/irobot_create_gz_bringup/share/irobot_create_gz_bringup/hook/cmake_prefix_path.dsv'
[4.072s] INFO:colcon.colcon_core.shell:Creating environment hook '/home/javierac/create3_ws/install/irobot_create_gz_bringup/share/irobot_create_gz_bringup/hook/cmake_prefix_path.sh'
[4.073s] Level 1:colcon.colcon_core.environment:checking '/home/javierac/create3_ws/install/irobot_create_gz_bringup/bin'
[4.073s] Level 1:colcon.colcon_core.environment:checking '/home/javierac/create3_ws/install/irobot_create_gz_bringup/lib/pkgconfig/irobot_create_gz_bringup.pc'
[4.073s] Level 1:colcon.colcon_core.environment:checking '/home/javierac/create3_ws/install/irobot_create_gz_bringup/lib/python3.12/site-packages'
[4.074s] Level 1:colcon.colcon_core.environment:checking '/home/javierac/create3_ws/install/irobot_create_gz_bringup/bin'
[4.074s] INFO:colcon.colcon_core.shell:Creating package script '/home/javierac/create3_ws/install/irobot_create_gz_bringup/share/irobot_create_gz_bringup/package.ps1'
[4.075s] INFO:colcon.colcon_core.shell:Creating package descriptor '/home/javierac/create3_ws/install/irobot_create_gz_bringup/share/irobot_create_gz_bringup/package.dsv'
[4.076s] INFO:colcon.colcon_core.shell:Creating package script '/home/javierac/create3_ws/install/irobot_create_gz_bringup/share/irobot_create_gz_bringup/package.sh'
[4.076s] INFO:colcon.colcon_core.shell:Creating package script '/home/javierac/create3_ws/install/irobot_create_gz_bringup/share/irobot_create_gz_bringup/package.bash'
[4.076s] INFO:colcon.colcon_core.shell:Creating package script '/home/javierac/create3_ws/install/irobot_create_gz_bringup/share/irobot_create_gz_bringup/package.zsh'
[4.077s] Level 1:colcon.colcon_core.environment:create_file_with_runtime_dependencies(/home/javierac/create3_ws/install/irobot_create_gz_bringup/share/colcon-core/packages/irobot_create_gz_bringup)
[4.077s] INFO:colcon.colcon_ros.task.ament_cmake.build:Building ROS package in '/home/javierac/create3_ws/src/irobot_create_gz/irobot_create_gz_sim' with build type 'ament_cmake'
[4.077s] INFO:colcon.colcon_cmake.task.cmake.build:Building CMake package in '/home/javierac/create3_ws/src/irobot_create_gz/irobot_create_gz_sim'
[4.078s] INFO:colcon.colcon_core.shell:Skip shell extension 'powershell' for command environment: Not usable outside of PowerShell
[4.078s] DEBUG:colcon.colcon_core.shell:Skip shell extension 'dsv' for command environment
[4.103s] DEBUG:colcon.colcon_core.event_handler.log_command:Invoking command in '/home/javierac/create3_ws/build/irobot_create_gz_sim': CMAKE_PREFIX_PATH=/home/javierac/create3_ws/install/irobot_create_gz_bringup:/home/javierac/create3_ws/install/irobot_create_common_bringup:/home/javierac/create3_ws/install/irobot_create_nodes:/home/javierac/create3_ws/install/irobot_create_gz_toolbox:/home/javierac/create3_ws/install/irobot_create_description:/home/javierac/create3_ws/install/irobot_create_toolbox:/home/javierac/create3_ws/install/irobot_create_gz_plugins:/home/javierac/create3_ws/install/irobot_create_control:/home/javierac/create3_ws/install/irobot_create_gz_sim:/opt/ros/jazzy/opt/gz_sim_vendor:/opt/ros/jazzy/opt/gz_sensors_vendor:/opt/ros/jazzy/opt/gz_physics_vendor:/opt/ros/jazzy/opt/sdformat_vendor:/opt/ros/jazzy/opt/gz_gui_vendor:/opt/ros/jazzy/opt/gz_transport_vendor:/opt/ros/jazzy/opt/gz_rendering_vendor:/opt/ros/jazzy/opt/gz_plugin_vendor:/opt/ros/jazzy/opt/gz_fuel_tools_vendor:/opt/ros/jazzy/opt/gz_msgs_vendor:/opt/ros/jazzy/opt/gz_common_vendor:/opt/ros/jazzy/opt/gz_math_vendor:/opt/ros/jazzy/opt/gz_utils_vendor:/opt/ros/jazzy/opt/gz_tools_vendor:/opt/ros/jazzy/opt/gz_ogre_next_vendor:/opt/ros/jazzy/opt/gz_dartsim_vendor:/opt/ros/jazzy/opt/gz_cmake_vendor:/opt/ros/jazzy /usr/bin/cmake /home/javierac/create3_ws/src/irobot_create_gz/irobot_create_gz_sim -DCMAKE_INSTALL_PREFIX=/home/javierac/create3_ws/install/irobot_create_gz_sim
[4.452s] DEBUG:colcon.colcon_core.event_handler.log_command:Invoked command in '/home/javierac/create3_ws/build/irobot_create_gz_sim' returned '0': CMAKE_PREFIX_PATH=/home/javierac/create3_ws/install/irobot_create_gz_bringup:/home/javierac/create3_ws/install/irobot_create_common_bringup:/home/javierac/create3_ws/install/irobot_create_nodes:/home/javierac/create3_ws/install/irobot_create_gz_toolbox:/home/javierac/create3_ws/install/irobot_create_description:/home/javierac/create3_ws/install/irobot_create_toolbox:/home/javierac/create3_ws/install/irobot_create_gz_plugins:/home/javierac/create3_ws/install/irobot_create_control:/home/javierac/create3_ws/install/irobot_create_gz_sim:/opt/ros/jazzy/opt/gz_sim_vendor:/opt/ros/jazzy/opt/gz_sensors_vendor:/opt/ros/jazzy/opt/gz_physics_vendor:/opt/ros/jazzy/opt/sdformat_vendor:/opt/ros/jazzy/opt/gz_gui_vendor:/opt/ros/jazzy/opt/gz_transport_vendor:/opt/ros/jazzy/opt/gz_rendering_vendor:/opt/ros/jazzy/opt/gz_plugin_vendor:/opt/ros/jazzy/opt/gz_fuel_tools_vendor:/opt/ros/jazzy/opt/gz_msgs_vendor:/opt/ros/jazzy/opt/gz_common_vendor:/opt/ros/jazzy/opt/gz_math_vendor:/opt/ros/jazzy/opt/gz_utils_vendor:/opt/ros/jazzy/opt/gz_tools_vendor:/opt/ros/jazzy/opt/gz_ogre_next_vendor:/opt/ros/jazzy/opt/gz_dartsim_vendor:/opt/ros/jazzy/opt/gz_cmake_vendor:/opt/ros/jazzy /usr/bin/cmake /home/javierac/create3_ws/src/irobot_create_gz/irobot_create_gz_sim -DCMAKE_INSTALL_PREFIX=/home/javierac/create3_ws/install/irobot_create_gz_sim
[4.454s] DEBUG:colcon.colcon_core.event_handler.log_command:Invoking command in '/home/javierac/create3_ws/build/irobot_create_gz_sim': CMAKE_PREFIX_PATH=/home/javierac/create3_ws/install/irobot_create_gz_bringup:/home/javierac/create3_ws/install/irobot_create_common_bringup:/home/javierac/create3_ws/install/irobot_create_nodes:/home/javierac/create3_ws/install/irobot_create_gz_toolbox:/home/javierac/create3_ws/install/irobot_create_description:/home/javierac/create3_ws/install/irobot_create_toolbox:/home/javierac/create3_ws/install/irobot_create_gz_plugins:/home/javierac/create3_ws/install/irobot_create_control:/home/javierac/create3_ws/install/irobot_create_gz_sim:/opt/ros/jazzy/opt/gz_sim_vendor:/opt/ros/jazzy/opt/gz_sensors_vendor:/opt/ros/jazzy/opt/gz_physics_vendor:/opt/ros/jazzy/opt/sdformat_vendor:/opt/ros/jazzy/opt/gz_gui_vendor:/opt/ros/jazzy/opt/gz_transport_vendor:/opt/ros/jazzy/opt/gz_rendering_vendor:/opt/ros/jazzy/opt/gz_plugin_vendor:/opt/ros/jazzy/opt/gz_fuel_tools_vendor:/opt/ros/jazzy/opt/gz_msgs_vendor:/opt/ros/jazzy/opt/gz_common_vendor:/opt/ros/jazzy/opt/gz_math_vendor:/opt/ros/jazzy/opt/gz_utils_vendor:/opt/ros/jazzy/opt/gz_tools_vendor:/opt/ros/jazzy/opt/gz_ogre_next_vendor:/opt/ros/jazzy/opt/gz_dartsim_vendor:/opt/ros/jazzy/opt/gz_cmake_vendor:/opt/ros/jazzy /usr/bin/cmake --build /home/javierac/create3_ws/build/irobot_create_gz_sim -- -j20 -l20
[4.497s] DEBUG:colcon.colcon_core.event_handler.log_command:Invoked command in '/home/javierac/create3_ws/build/irobot_create_gz_sim' returned '0': CMAKE_PREFIX_PATH=/home/javierac/create3_ws/install/irobot_create_gz_bringup:/home/javierac/create3_ws/install/irobot_create_common_bringup:/home/javierac/create3_ws/install/irobot_create_nodes:/home/javierac/create3_ws/install/irobot_create_gz_toolbox:/home/javierac/create3_ws/install/irobot_create_description:/home/javierac/create3_ws/install/irobot_create_toolbox:/home/javierac/create3_ws/install/irobot_create_gz_plugins:/home/javierac/create3_ws/install/irobot_create_control:/home/javierac/create3_ws/install/irobot_create_gz_sim:/opt/ros/jazzy/opt/gz_sim_vendor:/opt/ros/jazzy/opt/gz_sensors_vendor:/opt/ros/jazzy/opt/gz_physics_vendor:/opt/ros/jazzy/opt/sdformat_vendor:/opt/ros/jazzy/opt/gz_gui_vendor:/opt/ros/jazzy/opt/gz_transport_vendor:/opt/ros/jazzy/opt/gz_rendering_vendor:/opt/ros/jazzy/opt/gz_plugin_vendor:/opt/ros/jazzy/opt/gz_fuel_tools_vendor:/opt/ros/jazzy/opt/gz_msgs_vendor:/opt/ros/jazzy/opt/gz_common_vendor:/opt/ros/jazzy/opt/gz_math_vendor:/opt/ros/jazzy/opt/gz_utils_vendor:/opt/ros/jazzy/opt/gz_tools_vendor:/opt/ros/jazzy/opt/gz_ogre_next_vendor:/opt/ros/jazzy/opt/gz_dartsim_vendor:/opt/ros/jazzy/opt/gz_cmake_vendor:/opt/ros/jazzy /usr/bin/cmake --build /home/javierac/create3_ws/build/irobot_create_gz_sim -- -j20 -l20
[4.498s] DEBUG:colcon.colcon_core.event_handler.log_command:Invoking command in '/home/javierac/create3_ws/build/irobot_create_gz_sim': CMAKE_PREFIX_PATH=/home/javierac/create3_ws/install/irobot_create_gz_bringup:/home/javierac/create3_ws/install/irobot_create_common_bringup:/home/javierac/create3_ws/install/irobot_create_nodes:/home/javierac/create3_ws/install/irobot_create_gz_toolbox:/home/javierac/create3_ws/install/irobot_create_description:/home/javierac/create3_ws/install/irobot_create_toolbox:/home/javierac/create3_ws/install/irobot_create_gz_plugins:/home/javierac/create3_ws/install/irobot_create_control:/home/javierac/create3_ws/install/irobot_create_gz_sim:/opt/ros/jazzy/opt/gz_sim_vendor:/opt/ros/jazzy/opt/gz_sensors_vendor:/opt/ros/jazzy/opt/gz_physics_vendor:/opt/ros/jazzy/opt/sdformat_vendor:/opt/ros/jazzy/opt/gz_gui_vendor:/opt/ros/jazzy/opt/gz_transport_vendor:/opt/ros/jazzy/opt/gz_rendering_vendor:/opt/ros/jazzy/opt/gz_plugin_vendor:/opt/ros/jazzy/opt/gz_fuel_tools_vendor:/opt/ros/jazzy/opt/gz_msgs_vendor:/opt/ros/jazzy/opt/gz_common_vendor:/opt/ros/jazzy/opt/gz_math_vendor:/opt/ros/jazzy/opt/gz_utils_vendor:/opt/ros/jazzy/opt/gz_tools_vendor:/opt/ros/jazzy/opt/gz_ogre_next_vendor:/opt/ros/jazzy/opt/gz_dartsim_vendor:/opt/ros/jazzy/opt/gz_cmake_vendor:/opt/ros/jazzy /usr/bin/cmake --install /home/javierac/create3_ws/build/irobot_create_gz_sim
[4.519s] Level 1:colcon.colcon_core.environment:create_environment_scripts_only(irobot_create_gz_sim)
[4.519s] DEBUG:colcon.colcon_core.event_handler.log_command:Invoked command in '/home/javierac/create3_ws/build/irobot_create_gz_sim' returned '0': CMAKE_PREFIX_PATH=/home/javierac/create3_ws/install/irobot_create_gz_bringup:/home/javierac/create3_ws/install/irobot_create_common_bringup:/home/javierac/create3_ws/install/irobot_create_nodes:/home/javierac/create3_ws/install/irobot_create_gz_toolbox:/home/javierac/create3_ws/install/irobot_create_description:/home/javierac/create3_ws/install/irobot_create_toolbox:/home/javierac/create3_ws/install/irobot_create_gz_plugins:/home/javierac/create3_ws/install/irobot_create_control:/home/javierac/create3_ws/install/irobot_create_gz_sim:/opt/ros/jazzy/opt/gz_sim_vendor:/opt/ros/jazzy/opt/gz_sensors_vendor:/opt/ros/jazzy/opt/gz_physics_vendor:/opt/ros/jazzy/opt/sdformat_vendor:/opt/ros/jazzy/opt/gz_gui_vendor:/opt/ros/jazzy/opt/gz_transport_vendor:/opt/ros/jazzy/opt/gz_rendering_vendor:/opt/ros/jazzy/opt/gz_plugin_vendor:/opt/ros/jazzy/opt/gz_fuel_tools_vendor:/opt/ros/jazzy/opt/gz_msgs_vendor:/opt/ros/jazzy/opt/gz_common_vendor:/opt/ros/jazzy/opt/gz_math_vendor:/opt/ros/jazzy/opt/gz_utils_vendor:/opt/ros/jazzy/opt/gz_tools_vendor:/opt/ros/jazzy/opt/gz_ogre_next_vendor:/opt/ros/jazzy/opt/gz_dartsim_vendor:/opt/ros/jazzy/opt/gz_cmake_vendor:/opt/ros/jazzy /usr/bin/cmake --install /home/javierac/create3_ws/build/irobot_create_gz_sim
[4.520s] Level 1:colcon.colcon_core.environment:checking '/home/javierac/create3_ws/install/irobot_create_gz_sim' for CMake module files
[4.521s] Level 1:colcon.colcon_core.environment:checking '/home/javierac/create3_ws/install/irobot_create_gz_sim' for CMake config files
[4.521s] Level 1:colcon.colcon_core.shell:create_environment_hook('irobot_create_gz_sim', 'cmake_prefix_path')
[4.521s] INFO:colcon.colcon_core.shell:Creating environment hook '/home/javierac/create3_ws/install/irobot_create_gz_sim/share/irobot_create_gz_sim/hook/cmake_prefix_path.ps1'
[4.522s] INFO:colcon.colcon_core.shell:Creating environment descriptor '/home/javierac/create3_ws/install/irobot_create_gz_sim/share/irobot_create_gz_sim/hook/cmake_prefix_path.dsv'
[4.522s] INFO:colcon.colcon_core.shell:Creating environment hook '/home/javierac/create3_ws/install/irobot_create_gz_sim/share/irobot_create_gz_sim/hook/cmake_prefix_path.sh'
[4.522s] Level 1:colcon.colcon_core.environment:checking '/home/javierac/create3_ws/install/irobot_create_gz_sim/bin'
[4.523s] Level 1:colcon.colcon_core.environment:checking '/home/javierac/create3_ws/install/irobot_create_gz_sim/lib/pkgconfig/irobot_create_gz_sim.pc'
[4.523s] Level 1:colcon.colcon_core.environment:checking '/home/javierac/create3_ws/install/irobot_create_gz_sim/lib/python3.12/site-packages'
[4.523s] Level 1:colcon.colcon_core.environment:checking '/home/javierac/create3_ws/install/irobot_create_gz_sim/bin'
[4.523s] INFO:colcon.colcon_core.shell:Creating package script '/home/javierac/create3_ws/install/irobot_create_gz_sim/share/irobot_create_gz_sim/package.ps1'
[4.524s] INFO:colcon.colcon_core.shell:Creating package descriptor '/home/javierac/create3_ws/install/irobot_create_gz_sim/share/irobot_create_gz_sim/package.dsv'
[4.524s] INFO:colcon.colcon_core.shell:Creating package script '/home/javierac/create3_ws/install/irobot_create_gz_sim/share/irobot_create_gz_sim/package.sh'
[4.524s] INFO:colcon.colcon_core.shell:Creating package script '/home/javierac/create3_ws/install/irobot_create_gz_sim/share/irobot_create_gz_sim/package.bash'
[4.525s] INFO:colcon.colcon_core.shell:Creating package script '/home/javierac/create3_ws/install/irobot_create_gz_sim/share/irobot_create_gz_sim/package.zsh'
[4.525s] Level 1:colcon.colcon_core.environment:create_file_with_runtime_dependencies(/home/javierac/create3_ws/install/irobot_create_gz_sim/share/colcon-core/packages/irobot_create_gz_sim)
[4.525s] Level 1:colcon.colcon_core.environment:create_environment_scripts_only(irobot_create_gz_sim)
[4.525s] Level 1:colcon.colcon_core.environment:checking '/home/javierac/create3_ws/install/irobot_create_gz_sim' for CMake module files
[4.526s] Level 1:colcon.colcon_core.environment:checking '/home/javierac/create3_ws/install/irobot_create_gz_sim' for CMake config files
[4.526s] Level 1:colcon.colcon_core.shell:create_environment_hook('irobot_create_gz_sim', 'cmake_prefix_path')
[4.526s] INFO:colcon.colcon_core.shell:Creating environment hook '/home/javierac/create3_ws/install/irobot_create_gz_sim/share/irobot_create_gz_sim/hook/cmake_prefix_path.ps1'
[4.527s] INFO:colcon.colcon_core.shell:Creating environment descriptor '/home/javierac/create3_ws/install/irobot_create_gz_sim/share/irobot_create_gz_sim/hook/cmake_prefix_path.dsv'
[4.527s] INFO:colcon.colcon_core.shell:Creating environment hook '/home/javierac/create3_ws/install/irobot_create_gz_sim/share/irobot_create_gz_sim/hook/cmake_prefix_path.sh'
[4.527s] Level 1:colcon.colcon_core.environment:checking '/home/javierac/create3_ws/install/irobot_create_gz_sim/bin'
[4.527s] Level 1:colcon.colcon_core.environment:checking '/home/javierac/create3_ws/install/irobot_create_gz_sim/lib/pkgconfig/irobot_create_gz_sim.pc'
[4.528s] Level 1:colcon.colcon_core.environment:checking '/home/javierac/create3_ws/install/irobot_create_gz_sim/lib/python3.12/site-packages'
[4.528s] Level 1:colcon.colcon_core.environment:checking '/home/javierac/create3_ws/install/irobot_create_gz_sim/bin'
[4.528s] INFO:colcon.colcon_core.shell:Creating package script '/home/javierac/create3_ws/install/irobot_create_gz_sim/share/irobot_create_gz_sim/package.ps1'
[4.528s] INFO:colcon.colcon_core.shell:Creating package descriptor '/home/javierac/create3_ws/install/irobot_create_gz_sim/share/irobot_create_gz_sim/package.dsv'
[4.529s] INFO:colcon.colcon_core.shell:Creating package script '/home/javierac/create3_ws/install/irobot_create_gz_sim/share/irobot_create_gz_sim/package.sh'
[4.529s] INFO:colcon.colcon_core.shell:Creating package script '/home/javierac/create3_ws/install/irobot_create_gz_sim/share/irobot_create_gz_sim/package.bash'
[4.529s] INFO:colcon.colcon_core.shell:Creating package script '/home/javierac/create3_ws/install/irobot_create_gz_sim/share/irobot_create_gz_sim/package.zsh'
[4.530s] Level 1:colcon.colcon_core.environment:create_file_with_runtime_dependencies(/home/javierac/create3_ws/install/irobot_create_gz_sim/share/colcon-core/packages/irobot_create_gz_sim)
[4.530s] DEBUG:colcon.colcon_parallel_executor.executor.parallel:closing loop
[4.530s] DEBUG:colcon.colcon_parallel_executor.executor.parallel:loop closed
[4.530s] DEBUG:colcon.colcon_parallel_executor.executor.parallel:run_until_complete finished with '0'
[4.531s] DEBUG:colcon.colcon_core.event_reactor:joining thread
[4.536s] INFO:colcon.colcon_core.plugin_system:Skipping extension 'colcon_notification.desktop_notification.notify_send': Could not find 'notify-send'
[4.536s] INFO:colcon.colcon_core.plugin_system:Skipping extension 'colcon_notification.desktop_notification.terminal_notifier': Not used on non-Darwin systems
[4.536s] INFO:colcon.colcon_core.plugin_system:Skipping extension 'colcon_notification.desktop_notification.win32': Not used on non-Windows systems
[4.536s] INFO:colcon.colcon_notification.desktop_notification:Sending desktop notification using 'notify2'
[4.539s] DEBUG:colcon.colcon_notification.desktop_notification.notify2:Failed to initialize notify2: org.freedesktop.DBus.Error.Spawn.ExecFailed: /usr/bin/dbus-launch terminated abnormally without any error message
[4.539s] DEBUG:colcon.colcon_core.event_reactor:joined thread
[4.539s] INFO:colcon.colcon_core.shell:Creating prefix script '/home/javierac/create3_ws/install/local_setup.ps1'
[4.540s] INFO:colcon.colcon_core.shell:Creating prefix util module '/home/javierac/create3_ws/install/_local_setup_util_ps1.py'
[4.541s] INFO:colcon.colcon_core.shell:Creating prefix chain script '/home/javierac/create3_ws/install/setup.ps1'
[4.542s] INFO:colcon.colcon_core.shell:Creating prefix script '/home/javierac/create3_ws/install/local_setup.sh'
[4.543s] INFO:colcon.colcon_core.shell:Creating prefix util module '/home/javierac/create3_ws/install/_local_setup_util_sh.py'
[4.543s] INFO:colcon.colcon_core.shell:Creating prefix chain script '/home/javierac/create3_ws/install/setup.sh'
[4.545s] INFO:colcon.colcon_core.shell:Creating prefix script '/home/javierac/create3_ws/install/local_setup.bash'
[4.545s] INFO:colcon.colcon_core.shell:Creating prefix chain script '/home/javierac/create3_ws/install/setup.bash'
[4.546s] INFO:colcon.colcon_core.shell:Creating prefix script '/home/javierac/create3_ws/install/local_setup.zsh'
[4.547s] INFO:colcon.colcon_core.shell:Creating prefix chain script '/home/javierac/create3_ws/install/setup.zsh'
