episode, reward, success, duration, steps, total_steps, memory length, avg_critic_loss, avg_actor_loss
1, -2.4327077757334337, 2, 28.37625145772472, 211, 15090, 15090, 0.022026728838682175, 0.30255794525146484
2, -13.05712646432221, 4, 44.09029603609815, 334, 15424, 15424, 0.021203985437750816, 0.31907132267951965
3, -13.61282910918817, 4, 44.168391176033765, 333, 15757, 15757, 0.020028093829751015, 0.33543258905410767
4, -9.362253647035686, 4, 44.107522485777736, 330, 16087, 16087, 0.020275209099054337, 0.35161665081977844
5, -9.72524473152589, 4, 44.089462890289724, 330, 16417, 16417, 0.018336692824959755, 0.3978758454322815
6, -10.232979253167287, 4, 44.159300746861845, 328, 16745, 16745, 0.017251823097467422, 0.4329030215740204
7, -0.7603417696955148, 2, 12.702969683799893, 92, 16837, 16837, 0.01673649623990059, 0.4627053737640381
8, -9.30639310827246, 4, 44.215921070892364, 332, 17169, 17169, 0.01591869816184044, 0.47767141461372375
9, -0.38314623362384737, 2, 6.8642335049808025, 48, 17217, 17217, 0.015436798334121704, 0.4981527328491211
10, -0.8661455610417761, 2, 17.67709456710145, 130, 17347, 17347, 0.015344580635428429, 0.5022262334823608
11, -1.0606958006392233, 2, 25.45258825365454, 189, 17536, 17536, 0.01652326062321663, 0.5163259506225586
12, -0.28791557741351426, 2, 8.166691442020237, 58, 17594, 17594, 0.0173630528151989, 0.5120416283607483
13, -9.829542566556484, 4, 44.1396523360163, 331, 17925, 17925, 0.015795670449733734, 0.5412086248397827
14, -0.6848147437995067, 2, 10.98385579418391, 79, 18004, 18004, 0.015033137984573841, 0.5573522448539734
15, -3.6429181061685085, 2, 4.477175374981016, 30, 18034, 18034, 0.016929030418395996, 0.5620309710502625
16, -4.948300525313243, 4, 44.17400817805901, 331, 18365, 18365, 0.016352396458387375, 0.5749938488006592
17, -1.7196217770979274, 2, 13.746162177994847, 100, 18465, 18465, 0.015353437513113022, 0.5790596008300781
18, -1.7213011183048366, 2, 14.527134528849274, 106, 18571, 18571, 0.015374266542494297, 0.5898354053497314
19, -5.158480069367215, 4, 44.22515862202272, 332, 18903, 18903, 0.0156176732853055, 0.6050665974617004
20, -7.089553059078753, 4, 44.173609477933496, 331, 19234, 19234, 0.014288850128650665, 0.6307365894317627
21, 0.12972316471859813, 2, 7.9198526702821255, 56, 19290, 19290, 0.01346619427204132, 0.6354473829269409
22, 0.181966797914356, 2, 6.072973465081304, 42, 19332, 19332, 0.01210564561188221, 0.6405560374259949
23, -5.895493341202382, 4, 44.14904985809699, 331, 19663, 19663, 0.014228523708879948, 0.650708794593811
24, -9.510333151789382, 4, 44.207950113806874, 334, 19997, 19997, 0.013622117228806019, 0.6678215861320496
25, -1.8763331258815015, 2, 29.021259089931846, 219, 20216, 20216, 0.012851503677666187, 0.6874955892562866
26, -5.3702836679294705, 4, 44.14949763799086, 335, 20551, 20551, 0.012968987226486206, 0.7097630500793457
27, -0.48215142893604934, 2, 10.086567661724985, 72, 20623, 20623, 0.012791730463504791, 0.7373375296592712
28, -4.163093090988696, 4, 44.21795555902645, 331, 20954, 20954, 0.01176750659942627, 0.7398815155029297
29, -2.8803715727372037, 4, 44.15954794501886, 330, 21284, 21284, 0.011434205807745457, 0.7526746392250061
30, -1.2147427057643654, 2, 18.06309471698478, 133, 21417, 21417, 0.011352837085723877, 0.7568190693855286
31, -8.431156769074732, 4, 44.12787089822814, 329, 21746, 21746, 0.011572195217013359, 0.7737767100334167
32, -0.22470393893308938, 2, 9.264096351806074, 66, 21812, 21812, 0.01188770029693842, 0.806601345539093
33, -15.37370529025793, 4, 44.172021970152855, 332, 22144, 22144, 0.011566370725631714, 0.7924442291259766
34, -15.245212484151125, 4, 44.09651018027216, 333, 22477, 22477, 0.011489242315292358, 0.7900605797767639
35, -3.9042438183678314, 4, 44.15884949686006, 334, 22811, 22811, 0.010471951216459274, 0.783872663974762
36, -0.16505231615155935, 2, 5.533335818909109, 38, 22849, 22849, 0.010630033910274506, 0.8340449929237366
37, -4.571335699351039, 4, 44.08512058109045, 334, 23183, 23183, 0.010071096010506153, 0.8024072647094727
38, -4.299865223456436, 4, 44.19399105198681, 335, 23518, 23518, 0.010850134305655956, 0.8270886540412903
39, -0.4688838007277809, 2, 12.039668621029705, 88, 23606, 23606, 0.01003243587911129, 0.8354394435882568
40, -4.908204660168849, 4, 44.09619696997106, 335, 23941, 23941, 0.010396186262369156, 0.8319811224937439
41, -5.11623363540275, 4, 44.17971590673551, 330, 24271, 24271, 0.010090967640280724, 0.850994884967804
42, -6.061961782164872, 2, 19.65775055391714, 145, 24416, 24416, 0.009681654162704945, 0.8596833944320679
43, -3.941243579611182, 4, 44.18718258617446, 331, 24747, 24747, 0.009495189413428307, 0.8685978651046753
44, -4.69065998262522, 4, 44.18154755374417, 331, 25078, 25078, 0.00915317889302969, 0.8748276829719543
45, -0.45607477065641433, 2, 7.705447449814528, 54, 25132, 25132, 0.008679479360580444, 0.8667313456535339
46, -0.8210323302364486, 2, 26.48166667902842, 197, 25329, 25329, 0.009155001491308212, 0.8783846497535706
47, -1.6021287193289027, 2, 15.391848442144692, 113, 25442, 25442, 0.009583828039467335, 0.8908935785293579
48, -7.105653685517609, 4, 44.18694539787248, 331, 25773, 25773, 0.0091374097391963, 0.8970178961753845
49, -2.1231439475668594, 2, 19.01561994617805, 140, 25913, 25913, 0.009012602269649506, 0.9117794632911682
50, -0.5681500925711589, 2, 23.272426831070334, 172, 26085, 26085, 0.008964940905570984, 0.9011884331703186
51, -3.925982817367185, 2, 33.0089946789667, 246, 26331, 26331, 0.009390577673912048, 0.918853759765625
52, -0.2462860142113641, 2, 8.886199628002942, 63, 26394, 26394, 0.008382483385503292, 0.9508513808250427
53, -0.5410163356573321, 2, 10.337097386363894, 74, 26468, 26468, 0.008713833056390285, 0.9236438870429993
54, -8.020365024218336, 2, 39.034022744745016, 291, 26759, 26759, 0.009085682220757008, 0.9305417537689209
55, -6.195619750629703, 4, 44.136805455200374, 331, 27090, 27090, 0.00857393816113472, 0.940746545791626
56, -2.9285719353792956, 2, 20.97174078412354, 155, 27245, 27245, 0.00917349848896265, 0.9477868676185608
57, -1.0997383989888476, 2, 23.252571171615273, 172, 27417, 27417, 0.009027713909745216, 0.9553131461143494
58, 0.13824526767712086, 2, 4.733495075255632, 32, 27449, 27449, 0.008263976313173771, 0.9483414888381958
59, -0.5974939507432282, 2, 7.796795370988548, 55, 27504, 27504, 0.008615135215222836, 0.9616435170173645
60, -0.9591309528477723, 2, 10.432627962902188, 75, 27579, 27579, 0.0087485546246171, 0.9693840742111206
61, -3.430889847339131, 2, 26.603078849613667, 197, 27776, 27776, 0.009066032245755196, 0.9724693298339844
62, -0.3589316887082532, 2, 12.554221680853516, 91, 27867, 27867, 0.008644805289804935, 0.9809538722038269
63, -0.047024497762322426, 2, 6.093440671917051, 42, 27909, 27909, 0.008492272347211838, 0.9784644246101379
64, -1.3595715268456843, 2, 30.959707161877304, 230, 28139, 28139, 0.009103375487029552, 0.9838812947273254
65, -2.5200658534849936, 4, 44.099085805006325, 329, 28468, 28468, 0.008764686994254589, 0.9985423684120178
66, -0.5531575013264955, 2, 17.57192722009495, 129, 28597, 28597, 0.00884243380278349, 1.0064723491668701
67, -0.07821948081254959, 2, 4.646234904881567, 31, 28628, 28628, 0.009225218556821346, 0.9811742901802063
68, -0.11440885486081243, 2, 4.602391084656119, 31, 28659, 28659, 0.008642683736979961, 1.0129790306091309
69, -0.3867187596624717, 2, 8.99039753479883, 64, 28723, 28723, 0.00914065446704626, 1.0243196487426758
70, -0.0030431501800194383, 2, 6.5803014962002635, 45, 28768, 28768, 0.010032102465629578, 0.9929299354553223
71, -1.9973576357442653, 4, 44.132002480793744, 330, 29098, 29098, 0.00845978781580925, 1.0077990293502808
72, -7.317014943226241, 4, 44.155596198979765, 331, 29429, 29429, 0.008829182013869286, 1.021186113357544
73, -4.736798412137432, 4, 44.091034634038806, 330, 29759, 29759, 0.00891756359487772, 1.0235788822174072
74, -0.5895807390916161, 2, 12.238723136950284, 88, 29847, 29847, 0.00846906378865242, 1.0441999435424805
75, -0.2957587030250579, 2, 9.010046243201941, 64, 29911, 29911, 0.008353577926754951, 1.0227928161621094
76, -0.2157761091948487, 2, 7.1151422671973705, 50, 29961, 29961, 0.00876600295305252, 1.037109375
77, -8.093138530501164, 4, 44.16843833215535, 330, 30291, 30291, 0.008455776609480381, 1.0492819547653198
78, -1.0094426766609104, 2, 23.997610449325293, 177, 30468, 30468, 0.008309759199619293, 1.0586274862289429
79, 0.08467926236335188, 2, 6.626341687049717, 46, 30514, 30514, 0.008591735735535622, 1.0715068578720093
80, -0.5706536668585613, 2, 8.361349003855139, 59, 30573, 30573, 0.007987353019416332, 1.0665370225906372
81, -2.6707256680820137, 2, 20.899838296230882, 154, 30727, 30727, 0.008466086350381374, 1.0575592517852783
82, -5.178635786178347, 4, 44.18876178190112, 330, 31057, 31057, 0.008544879034161568, 1.0702799558639526
83, -3.260687836984289, 4, 44.103824091143906, 329, 31386, 31386, 0.008226913399994373, 1.0878273248672485
84, -2.751916075067129, 2, 39.45959137799218, 295, 31681, 31681, 0.007758894003927708, 1.090143084526062
85, -4.516954819802777, 4, 44.18970523402095, 331, 32012, 32012, 0.007719359826296568, 1.1032732725143433
86, 0.037985390867106616, 2, 6.60722875688225, 46, 32058, 32058, 0.007574995514005423, 1.0847358703613281
87, -0.41825517686083913, 2, 9.913526271935552, 71, 32129, 32129, 0.008438408374786377, 1.1006226539611816
88, -1.1855752395931631, 2, 11.520723985042423, 83, 32212, 32212, 0.008331275545060635, 1.1023811101913452
89, -3.6173201968631474, 4, 44.101378455758095, 329, 32541, 32541, 0.007861078716814518, 1.1067532300949097
90, -4.23255576864176, 4, 44.211387163959444, 330, 32871, 32871, 0.007858025841414928, 1.1163846254348755
91, -3.09798546024831, 2, 29.030802587978542, 216, 33087, 33087, 0.007418675348162651, 1.124730110168457
92, -1.8495185726642376, 2, 28.54082774464041, 215, 33302, 33302, 0.007208210416138172, 1.1243735551834106
93, 0.07472670217975974, 2, 14.801772663835436, 110, 33412, 33412, 0.007581407204270363, 1.1271287202835083
94, -7.509799887862755, 2, 44.17191924294457, 335, 33747, 33747, 0.007472710683941841, 1.1453328132629395
95, -0.5753173143039021, 2, 14.467044758144766, 106, 33853, 33853, 0.007181661203503609, 1.1425471305847168
96, -1.0244505424052477, 2, 24.916518279816955, 187, 34040, 34040, 0.007470130920410156, 1.148188591003418
97, -1.4719301415352675, 4, 44.1262005479075, 336, 34376, 34376, 0.007203820161521435, 1.1651109457015991
98, -0.7353724685235647, 2, 11.866149032954127, 87, 34463, 34463, 0.007032487075775862, 1.167107105255127
99, 0.05094074283260852, 2, 7.47663041902706, 53, 34516, 34516, 0.006818721536546946, 1.1608197689056396
100, -0.623743380070664, 2, 17.348123877309263, 129, 34645, 34645, 0.006889077369123697, 1.166365623474121
101, 0.16705520861432888, 2, 5.344667611643672, 37, 34682, 34682, 0.007671178784221411, 1.1611528396606445
102, -0.14758869167417288, 2, 5.21154757309705, 36, 34718, 34718, 0.0075142476707696915, 1.19160795211792
103, -1.3595832616556436, 2, 4.453881600871682, 30, 34748, 34748, 0.0068287611939013, 1.1603150367736816
104, -0.5385103147709742, 2, 7.181336645036936, 51, 34799, 34799, 0.007850433699786663, 1.1576520204544067
105, -1.9069203164453938, 2, 29.285361282061785, 221, 35020, 35020, 0.007341805845499039, 1.176652193069458
106, -0.22648050205316395, 2, 13.448739167302847, 99, 35119, 35119, 0.00767689710482955, 1.185837984085083
107, -0.6639752460541786, 2, 17.942805333063006, 134, 35253, 35253, 0.0075959633104503155, 1.1739791631698608
108, -1.1291179998625012, 2, 27.408192709088326, 207, 35460, 35460, 0.006738246884196997, 1.1754566431045532
109, -0.6577413575432729, 2, 24.878619725815952, 187, 35647, 35647, 0.006736632902175188, 1.1833795309066772
110, -0.4406426481436938, 2, 8.09817972406745, 58, 35705, 35705, 0.007260170299559832, 1.1865005493164062
111, -0.4183429616387002, 2, 8.335335925221443, 60, 35765, 35765, 0.006751147098839283, 1.1835553646087646
112, 0.03655652317684144, 2, 7.732944807037711, 55, 35820, 35820, 0.007111613638699055, 1.2014182806015015
113, -0.04363574646413326, 2, 21.630405806005, 162, 35982, 35982, 0.007110178470611572, 1.188085913658142
114, -11.732298424234614, 2, 33.06727039208636, 250, 36232, 36232, 0.006891255732625723, 1.2000479698181152
115, -3.1877565031172708, 2, 31.705444940831512, 240, 36472, 36472, 0.006714874412864447, 1.2030320167541504
116, 0.1085548623232171, 2, 10.823590073734522, 79, 36551, 36551, 0.006407567765563726, 1.1934412717819214
117, -0.6197957049589604, 2, 6.663312862161547, 47, 36598, 36598, 0.00648657139390707, 1.1954494714736938
118, -0.608370831105276, 2, 10.038980934768915, 73, 36671, 36671, 0.0068796006962656975, 1.2097431421279907
119, -4.1011407766491175, 4, 44.18481963919476, 335, 37006, 37006, 0.006699869409203529, 1.2089920043945312
120, -3.2176535385660827, 2, 33.583997858688235, 254, 37260, 37260, 0.006844832096248865, 1.214596152305603
121, -9.13492981204763, 4, 44.18228305876255, 335, 37595, 37595, 0.006664936430752277, 1.2192387580871582
122, -8.348429356155975, 2, 43.56395322130993, 331, 37926, 37926, 0.006319613661617041, 1.2295293807983398
123, -0.8234194734250195, 2, 23.85480871098116, 179, 38105, 38105, 0.006204504054039717, 1.2128556966781616
124, -0.8355196363991126, 2, 16.453515557106584, 122, 38227, 38227, 0.006639210041612387, 1.2221771478652954
125, -0.4708402867981931, 2, 18.712201762013137, 139, 38366, 38366, 0.006801677402108908, 1.2296855449676514
126, -6.54478361855945, 4, 44.08911654306576, 334, 38700, 38700, 0.0066384850069880486, 1.2357492446899414
127, -0.711755832147901, 2, 20.817831558641046, 156, 38856, 38856, 0.006410743109881878, 1.2450345754623413
128, -0.3710303254192695, 2, 10.687311665154994, 78, 38934, 38934, 0.006102235987782478, 1.2332227230072021
129, -6.232148615643382, 4, 44.47809511097148, 337, 39271, 39271, 0.006358832120895386, 1.24860417842865
130, 0.08224779585725628, 2, 15.659743653144687, 116, 39387, 39387, 0.006715676747262478, 1.2588849067687988
131, -0.1472124956198968, 2, 5.746069214306772, 40, 39427, 39427, 0.007257057819515467, 1.2550052404403687
132, -4.757742194700995, 4, 44.13012364227325, 335, 39762, 39762, 0.006677601020783186, 1.2569546699523926
133, -4.867861708509736, 4, 44.17355528194457, 335, 40097, 40097, 0.006132352165877819, 1.2707911729812622
134, -8.765602890227456, 4, 44.11591961607337, 335, 40432, 40432, 0.006116848438978195, 1.2667123079299927
135, -0.5489774711895734, 2, 10.822151097934693, 79, 40511, 40511, 0.006080200430005789, 1.2557650804519653
136, 0.020573623420204967, 2, 12.695326783228666, 93, 40604, 40604, 0.006143846083432436, 1.2671144008636475
137, -0.21611097757704556, 2, 7.165190007071942, 51, 40655, 40655, 0.006236848887056112, 1.265468955039978
138, -0.8383893021382391, 2, 19.180436027236283, 143, 40798, 40798, 0.005879505071789026, 1.2599672079086304
139, -0.13350495416671038, 2, 6.923462034668773, 49, 40847, 40847, 0.005775909870862961, 1.2712301015853882
140, -1.578807388432324, 2, 29.31895542424172, 221, 41068, 41068, 0.006202043499797583, 1.271246075630188
141, -0.42201433482114226, 2, 11.32077979017049, 83, 41151, 41151, 0.005839903838932514, 1.2674893140792847
142, -1.0231854740995914, 2, 11.997883368749171, 88, 41239, 41239, 0.006286067888140678, 1.2770675420761108
143, -4.905152693623677, 4, 44.210285633802414, 336, 41575, 41575, 0.005869308952242136, 1.2683870792388916
144, -0.5686703638020845, 2, 15.389692823868245, 114, 41689, 41689, 0.005747239105403423, 1.2789884805679321
145, -0.07547876320313662, 2, 7.5602474878542125, 54, 41743, 41743, 0.0055704545229673386, 1.2860491275787354
146, -0.2875444353558123, 2, 7.1792244841344655, 51, 41794, 41794, 0.006093830335885286, 1.3009227514266968
147, 0.6504844542650972, 2, 11.493721432983875, 84, 41878, 41878, 0.006060148123651743, 1.261889934539795
148, 0.1818383950740099, 2, 4.433194120880216, 30, 41908, 41908, 0.005974183324724436, 1.2792723178863525
149, -1.0289850003318861, 2, 4.692517000250518, 32, 41940, 41940, 0.0062623778358101845, 1.2836679220199585
150, 0.09446475666482002, 2, 6.5329872239381075, 46, 41986, 41986, 0.0059518637135624886, 1.2758337259292603
151, -3.0317293033003807, 2, 43.46652919705957, 330, 42316, 42316, 0.006011411547660828, 1.285714864730835
152, -0.8919866894211737, 2, 24.387343141250312, 183, 42499, 42499, 0.005779843311756849, 1.2946935892105103
153, -0.6979537842562422, 2, 14.761351884808391, 109, 42608, 42608, 0.005849205423146486, 1.2873591184616089
154, 0.1428446019999683, 2, 7.416317333001643, 53, 42661, 42661, 0.006086417939513922, 1.2907164096832275
155, -4.986033097608015, 4, 44.13801820669323, 335, 42996, 42996, 0.00607785489410162, 1.2835438251495361
156, -1.7168340788393834, 2, 37.622316791675985, 285, 43281, 43281, 0.006123470142483711, 1.2943025827407837
157, -5.5747056989130215, 4, 44.11386044090614, 333, 43614, 43614, 0.005848987028002739, 1.2944566011428833
158, -0.33662690152414143, 2, 13.655837855767459, 101, 43715, 43715, 0.005842282436788082, 1.2912367582321167
159, -0.07635455182753503, 2, 10.07217556424439, 73, 43788, 43788, 0.005794866476207972, 1.2953540086746216
160, 0.3427211877715308, 2, 16.778553774114698, 125, 43913, 43913, 0.005646269768476486, 1.2899024486541748
161, -1.3267248993906833, 2, 31.25474913418293, 236, 44149, 44149, 0.005788901820778847, 1.2891558408737183
162, -9.223199312807992, 4, 44.15273177297786, 335, 44484, 44484, 0.00570888863876462, 1.2970556020736694
163, 0.010434570955112576, 2, 7.842062760144472, 56, 44540, 44540, 0.005540659185498953, 1.3061678409576416
164, -2.3041162298759446, 2, 26.707391580101103, 201, 44741, 44741, 0.006113824434578419, 1.3098604679107666
165, -0.5610466118378099, 2, 20.23464136198163, 150, 44891, 44891, 0.0054489304311573505, 1.3022255897521973
166, -0.24174755765125155, 2, 8.109838041011244, 58, 44949, 44949, 0.005414843093603849, 1.302396535873413
167, 0.33785801418707706, 2, 17.159599379636347, 127, 45076, 45076, 0.005479868501424789, 1.296139121055603
168, -0.26445410831365734, 2, 4.5743969338946044, 31, 45107, 45107, 0.005075340159237385, 1.313854694366455
169, 0.33198250620625913, 2, 18.56548272119835, 138, 45245, 45245, 0.0055541303008794785, 1.3139091730117798
170, -2.86180717123716, 2, 37.50619971379638, 284, 45529, 45529, 0.006003530230373144, 1.3007142543792725
171, 0.0717218336649239, 2, 6.635399161837995, 47, 45576, 45576, 0.005509124603122473, 1.3174128532409668
172, -0.35246309731155634, 2, 9.002145714126527, 65, 45641, 45641, 0.005642415955662727, 1.319082498550415
173, -3.006605145767935, 4, 44.16382709564641, 335, 45976, 45976, 0.005590756889432669, 1.314439058303833
174, 0.059999958612024784, 2, 6.516779776196927, 46, 46022, 46022, 0.004955005832016468, 1.3198387622833252
175, -0.06415473436936736, 2, 6.3075172221288085, 44, 46066, 46066, 0.005332307890057564, 1.315981388092041
176, -0.26230076064530294, 2, 18.50384291121736, 138, 46204, 46204, 0.00566859869286418, 1.309282898902893
177, -0.1479036370292306, 2, 6.034506259020418, 42, 46246, 46246, 0.005344352684915066, 1.2959145307540894
178, 0.8062456879997626, 2, 12.090741334017366, 89, 46335, 46335, 0.005505443550646305, 1.3139201402664185
179, -0.23502392508089542, 2, 9.787066458258778, 71, 46406, 46406, 0.005615279544144869, 1.3245271444320679
180, -0.4962218505970668, 2, 12.82348386803642, 94, 46500, 46500, 0.005820735823363066, 1.3201185464859009
181, -0.3813776596216485, 2, 23.583471053279936, 177, 46677, 46677, 0.005749664269387722, 1.3202426433563232
182, 0.014983943667175481, 2, 14.090428233146667, 104, 46781, 46781, 0.005347353871911764, 1.3197543621063232
183, 0.12591741641517729, 2, 5.7900724723003805, 40, 46821, 46821, 0.00539345433935523, 1.3087959289550781
184, -8.921077779086772, 4, 44.12465929193422, 335, 47156, 47156, 0.0058552236296236515, 1.3247406482696533
185, -4.629936994228046, 2, 36.838060446083546, 278, 47434, 47434, 0.005729677155613899, 1.3267725706100464
186, 0.07361416472122073, 2, 12.560061638709158, 92, 47526, 47526, 0.00525778578594327, 1.323925495147705
187, -4.5500891271512955, 2, 31.24920491175726, 236, 47762, 47762, 0.00565039599314332, 1.3290146589279175
188, -0.7328050276264548, 2, 11.47247231611982, 84, 47846, 47846, 0.005874112714082003, 1.3269531726837158
189, -0.5458388229599223, 2, 8.737678565084934, 63, 47909, 47909, 0.005408948753029108, 1.317495346069336
190, 0.25661711193970405, 2, 14.137582529336214, 104, 48013, 48013, 0.0059931459836661816, 1.3273228406906128
191, 0.15965485735796392, 2, 7.33631785819307, 52, 48065, 48065, 0.005421587266027927, 1.3306505680084229
192, -0.7480087460717186, 2, 17.116486309096217, 127, 48192, 48192, 0.0056459298357367516, 1.3215093612670898
193, -1.3955671925577917, 2, 22.582573186140507, 169, 48361, 48361, 0.0056404597125947475, 1.326427936553955
194, -0.010336113977245986, 2, 7.604118933901191, 54, 48415, 48415, 0.006434593815356493, 1.3324981927871704
195, 0.18864216201473027, 2, 5.2470563552342355, 36, 48451, 48451, 0.00600181519985199, 1.3294272422790527
196, -0.46615171534358524, 2, 21.27645389083773, 159, 48610, 48610, 0.006185329519212246, 1.3293739557266235
197, -0.41556631750427186, 2, 7.2304713749326766, 51, 48661, 48661, 0.006360417697578669, 1.3257817029953003
198, 0.279284170595929, 2, 6.769462453201413, 48, 48709, 48709, 0.006532843690365553, 1.3215423822402954
199, -2.198160074693078, 4, 44.20381890330464, 335, 49044, 49044, 0.005682830233126879, 1.3265657424926758
200, -1.6717709906515665, 4, 44.12255031708628, 334, 49378, 49378, 0.005638003349304199, 1.3352869749069214
201, -5.342311339802109, 4, 44.13911636499688, 335, 49713, 49713, 0.005747479386627674, 1.3384305238723755
202, -0.6066221222281456, 2, 6.3062078561633825, 42, 49755, 49755, 0.005487985908985138, 1.3324311971664429
203, -0.011172590486239642, 2, 4.4596814420074224, 30, 49785, 49785, 0.005908260587602854, 1.3519614934921265
204, 0.5093078788486309, 2, 19.574406549334526, 146, 49931, 49931, 0.005769135430455208, 1.3372035026550293
205, 0.2312687032390386, 2, 4.501395627856255, 30, 49961, 49961, 0.005741794593632221, 1.3316798210144043
206, -0.09608611930161715, 2, 7.329078950919211, 52, 50013, 50013, 0.005019656848162413, 1.3399981260299683
207, 0.6122772086237092, 2, 11.765305798966438, 86, 50099, 50099, 0.005350205581635237, 1.331911325454712
208, -0.020532399998046458, 2, 6.905084051657468, 46, 50145, 50145, 0.005375436972826719, 1.3679734468460083
209, -0.4665614450350404, 2, 5.362132174894214, 37, 50182, 50182, 0.005562497302889824, 1.3377689123153687
210, -0.7537766197929159, 2, 8.39723094785586, 60, 50242, 50242, 0.0055994815193116665, 1.335382103919983
211, 0.26417743624188006, 2, 6.285519115161151, 44, 50286, 50286, 0.005789602175354958, 1.3483929634094238
212, 0.3120780798562919, 2, 15.959790700115263, 118, 50404, 50404, 0.005479068029671907, 1.3439173698425293
213, -0.4550183658138849, 2, 14.992121457122266, 111, 50515, 50515, 0.005359143950045109, 1.32926344871521
214, 0.3093939879909158, 2, 5.200908231083304, 36, 50551, 50551, 0.005806328728795052, 1.3493493795394897
215, -4.358414706832264, 4, 44.160348032135516, 334, 50885, 50885, 0.005411976017057896, 1.335127592086792
216, -2.121082552126609, 2, 28.25356031022966, 212, 51097, 51097, 0.0054091657511889935, 1.345640778541565
217, -0.18678833299782127, 2, 4.433004069607705, 30, 51127, 51127, 0.0058094533160328865, 1.342008113861084
218, 0.25055746924044797, 2, 11.244649249128997, 82, 51209, 51209, 0.005792516749352217, 1.3439688682556152
219, -6.5141526626212, 2, 43.58857247792184, 330, 51539, 51539, 0.005447336006909609, 1.3479552268981934
220, -0.242006171727553, 2, 11.14125603158027, 81, 51620, 51620, 0.005468560848385096, 1.3496757745742798
221, 0.5166281858691946, 2, 12.12637044955045, 89, 51709, 51709, 0.0054893819615244865, 1.3535712957382202
222, 0.37975350220222026, 2, 7.587974383030087, 54, 51763, 51763, 0.005711066536605358, 1.3418586254119873
223, 0.16931615432258695, 2, 6.25268386118114, 44, 51807, 51807, 0.005739638116210699, 1.3379216194152832
224, 0.1382162517402321, 2, 5.648591385688633, 39, 51846, 51846, 0.005589880049228668, 1.3360157012939453
225, -2.246196958651126, 2, 42.49365324014798, 321, 52167, 52167, 0.0056632342748343945, 1.3397272825241089
226, 0.056395187275484204, 2, 13.290675819851458, 98, 52265, 52265, 0.005539943929761648, 1.350711464881897
227, 0.07600425090640783, 2, 4.433184718247503, 30, 52295, 52295, 0.00550785381346941, 1.3598380088806152
228, -1.3552250151406042, 2, 31.703616180922836, 239, 52534, 52534, 0.0053975991904735565, 1.3532569408416748
229, 0.37883148819673806, 2, 14.457261281087995, 106, 52640, 52640, 0.005763450171798468, 1.352428674697876
230, -1.8548017294087913, 2, 32.38494608318433, 244, 52884, 52884, 0.0054869940504431725, 1.3393728733062744
231, -0.44484904394630576, 2, 15.548672752920538, 115, 52999, 52999, 0.005818633362650871, 1.3438031673431396
232, -0.4015220399014652, 2, 5.612033262848854, 39, 53038, 53038, 0.005204112268984318, 1.3588602542877197
233, -0.21984237257856876, 2, 7.203444052953273, 51, 53089, 53089, 0.005309524945914745, 1.3347796201705933
234, 0.2978250321466476, 2, 8.189340004697442, 58, 53147, 53147, 0.005420744884759188, 1.3394978046417236
235, -1.8330553444684483, 2, 31.681995309889317, 239, 53386, 53386, 0.005600157659500837, 1.3466607332229614
236, -0.1943778854329139, 2, 15.174174711108208, 112, 53498, 53498, 0.005177802871912718, 1.3496218919754028
237, -4.323476398800267, 2, 42.37515251291916, 321, 53819, 53819, 0.00540830148383975, 1.3480756282806396
238, -1.1734904262448254, 2, 27.601678259205073, 208, 54027, 54027, 0.005434519611299038, 1.3551983833312988
239, -0.06904253437096486, 2, 22.01099964696914, 165, 54192, 54192, 0.0053505017422139645, 1.3566570281982422
240, -1.1939806648151716, 2, 19.349240995012224, 144, 54336, 54336, 0.005081471521407366, 1.349278211593628
241, 0.16083014347532298, 2, 8.21030787192285, 59, 54395, 54395, 0.005126048345118761, 1.3480597734451294
242, -0.30115317995660007, 2, 8.804664704017341, 63, 54458, 54458, 0.004748078528791666, 1.3636494874954224
243, -1.2982893395528663, 2, 17.83124524122104, 133, 54591, 54591, 0.005379033274948597, 1.3514213562011719
244, -0.3814873961964622, 2, 7.616743220947683, 54, 54645, 54645, 0.005507450085133314, 1.3499760627746582
245, -0.6054481125902385, 2, 6.531356872059405, 46, 54691, 54691, 0.0059936740435659885, 1.338417410850525
246, 0.023898624873254448, 2, 17.464082039892673, 130, 54821, 54821, 0.005780694540590048, 1.3473683595657349
247, -2.1765001558233052, 2, 4.462470182217658, 30, 54851, 54851, 0.0053360434249043465, 1.3326935768127441
248, -3.8386552737792954, 4, 44.14295944198966, 334, 55185, 55185, 0.005575104150921106, 1.348670244216919
249, -0.4531655445462093, 2, 25.273719236720353, 190, 55375, 55375, 0.00537779601290822, 1.3556780815124512
250, -0.430419878102839, 2, 8.156171552836895, 58, 55433, 55433, 0.005540226586163044, 1.3691489696502686
251, -0.5692290464648977, 2, 20.46101491479203, 153, 55586, 55586, 0.005553881172090769, 1.3504881858825684
252, -0.22007456212304533, 2, 15.956901265773922, 118, 55704, 55704, 0.005866237450391054, 1.358323097229004
253, -0.17184302723035216, 2, 6.425377620849758, 45, 55749, 55749, 0.005491488613188267, 1.3429237604141235
254, -0.2676635514944792, 2, 4.429854696150869, 30, 55779, 55779, 0.005307793617248535, 1.3540867567062378
255, 0.3794462584191933, 2, 8.780740307178348, 63, 55842, 55842, 0.005676157306879759, 1.3574644327163696
256, 0.34557268721982837, 2, 5.267743492033333, 36, 55878, 55878, 0.005023607984185219, 1.3648289442062378
257, 0.29299569851718843, 2, 7.052515225019306, 50, 55928, 55928, 0.005885107442736626, 1.3763737678527832
258, 0.14211281752795912, 2, 14.896791615057737, 110, 56038, 56038, 0.005266471765935421, 1.3532160520553589
259, -0.24868143611820415, 2, 15.409664705395699, 114, 56152, 56152, 0.005215142387896776, 1.3593878746032715
260, -1.3468403088627383, 2, 21.422454397194088, 160, 56312, 56312, 0.004994163755327463, 1.3434908390045166
261, -0.8123126099817455, 2, 10.050387531984597, 73, 56385, 56385, 0.005228963680565357, 1.357952356338501
262, -2.57045686035417, 2, 21.164738094899803, 158, 56543, 56543, 0.005165316164493561, 1.3490196466445923
263, 0.018839059775928035, 2, 12.395138961728662, 91, 56634, 56634, 0.005332351662218571, 1.339032769203186
264, -0.11811151658184826, 2, 8.263714898843318, 59, 56693, 56693, 0.005204742308706045, 1.3453632593154907
265, -0.20638205716386437, 2, 4.575776350218803, 31, 56724, 56724, 0.005871001165360212, 1.372105360031128
266, 0.1770795187112526, 2, 12.424362314864993, 91, 56815, 56815, 0.005174361634999514, 1.3536440134048462
267, -0.19270192016847432, 2, 5.9107044050469995, 41, 56856, 56856, 0.004900896921753883, 1.3619214296340942
268, 0.009148786775767803, 2, 5.767190400045365, 40, 56896, 56896, 0.005278664641082287, 1.3549776077270508
269, -2.690281242481433, 2, 24.413982820231467, 183, 57079, 57079, 0.0055029005743563175, 1.3555662631988525
270, -0.13015002082102, 2, 9.646441421005875, 70, 57149, 57149, 0.005260405130684376, 1.355994462966919
271, 0.01837030961178243, 2, 7.280225399881601, 52, 57201, 57201, 0.005313249304890633, 1.3563458919525146
272, -0.05809950859111268, 2, 15.04798554815352, 111, 57312, 57312, 0.005368361249566078, 1.355553150177002
273, -0.8385768702719361, 2, 6.962405119091272, 49, 57361, 57361, 0.0053033847361803055, 1.3632863759994507
274, 0.07109903049422428, 2, 5.238258371129632, 36, 57397, 57397, 0.005933273583650589, 1.3658097982406616
275, -0.0008510237094014883, 2, 10.559353725984693, 77, 57474, 57474, 0.006092121824622154, 1.3498743772506714
276, 0.12581207137554884, 2, 7.836225321982056, 56, 57530, 57530, 0.005704193376004696, 1.3291969299316406
277, -0.2673655498656444, 2, 13.570812162943184, 100, 57630, 57630, 0.0054782177321612835, 1.3640245199203491
278, -0.050394408746797126, 2, 19.69917655689642, 147, 57777, 57777, 0.005211604293435812, 1.355737328529358
279, -0.7636336493087583, 2, 13.688740259036422, 101, 57878, 57878, 0.005290621425956488, 1.3458476066589355
280, -0.6646530561847612, 2, 9.426371950656176, 68, 57946, 57946, 0.005446517374366522, 1.3510011434555054
281, 0.10374442080501467, 2, 6.128945508040488, 43, 57989, 57989, 0.004875764716416597, 1.3508191108703613
282, -0.1833488247357309, 2, 4.876219084020704, 33, 58022, 58022, 0.005034048110246658, 1.360389232635498
283, -1.3729963470650546, 2, 24.157771387137473, 181, 58203, 58203, 0.005365406628698111, 1.354321837425232
284, -0.7894439026713371, 2, 8.743785454891622, 63, 58266, 58266, 0.0048521701246500015, 1.3610392808914185
285, -0.4219197436468676, 2, 6.25793152814731, 44, 58310, 58310, 0.005461128428578377, 1.3452481031417847
286, -0.2562283589504659, 2, 7.731240855995566, 55, 58365, 58365, 0.005727570503950119, 1.3556187152862549
287, 0.39614013073151, 2, 16.464266078080982, 122, 58487, 58487, 0.005268363282084465, 1.345812201499939
288, 0.07498530321754515, 2, 16.945743557065725, 126, 58613, 58613, 0.005323303397744894, 1.3512099981307983
289, 0.23894683201797307, 2, 5.248703697230667, 36, 58649, 58649, 0.0056520369835197926, 1.373008370399475
290, -3.532033775874879, 2, 32.08982273098081, 242, 58891, 58891, 0.005571931134909391, 1.3631846904754639
291, -0.5272375002969056, 2, 8.151535890996456, 58, 58949, 58949, 0.0053622303530573845, 1.364890694618225
292, 0.3799694866829668, 2, 18.898622839245945, 141, 59090, 59090, 0.005453440826386213, 1.351753830909729
293, 0.19497542607132345, 2, 18.442539452109486, 137, 59227, 59227, 0.0052224439568817616, 1.3613178730010986
294, -1.1477707993617514, 2, 17.64434451283887, 131, 59358, 59358, 0.0051977490074932575, 1.3524448871612549
295, -0.030882474762620404, 2, 16.481847243849188, 122, 59480, 59480, 0.005403687711805105, 1.3542921543121338
296, -0.6037098478991538, 2, 9.81232120282948, 71, 59551, 59551, 0.005664180964231491, 1.3673732280731201
297, 0.15276721550617367, 2, 4.998531965073198, 34, 59585, 59585, 0.005234995391219854, 1.3510419130325317
298, -1.653213732475706, 2, 34.500485403928906, 260, 59845, 59845, 0.0052217296324670315, 1.3577079772949219
299, -1.167780663454323, 2, 27.108002746012062, 203, 60048, 60048, 0.005297524388879538, 1.3596603870391846
300, 0.26730853191111237, 2, 15.414826342370361, 114, 60162, 60162, 0.005526341497898102, 1.3517836332321167
301, -0.2952675646811258, 2, 15.937008083797991, 118, 60280, 60280, 0.005177154205739498, 1.3552868366241455
302, -0.8869590516842436, 2, 27.038841607049108, 203, 60483, 60483, 0.005134646315127611, 1.3503087759017944
303, 0.00919024262111634, 2, 16.066683226730675, 119, 60602, 60602, 0.005276591517031193, 1.3664048910140991
304, -0.41335332895687316, 2, 29.47602973226458, 222, 60824, 60824, 0.004934243857860565, 1.361339807510376
305, -0.38450648402795196, 2, 5.9008391527459025, 41, 60865, 60865, 0.004986288491636515, 1.3546661138534546
306, 0.16867444128729403, 2, 6.143595988396555, 43, 60908, 60908, 0.005422402638942003, 1.366374135017395
307, -0.0931817065463747, 2, 19.06315865321085, 142, 61050, 61050, 0.005101560615003109, 1.3722398281097412
308, -5.639155841199681, 2, 38.93684628093615, 294, 61344, 61344, 0.005078943911939859, 1.3594547510147095
309, -0.354868664056994, 2, 5.523457071278244, 38, 61382, 61382, 0.005162560846656561, 1.363359808921814
310, -0.36671127896988764, 2, 25.456664158962667, 191, 61573, 61573, 0.004996021278202534, 1.3580222129821777
311, -0.009722950402647257, 2, 6.382030341308564, 45, 61618, 61618, 0.005203031003475189, 1.3582826852798462
312, 0.11411740828771144, 2, 6.533771310932934, 46, 61664, 61664, 0.005442786030471325, 1.3492052555084229
313, 0.20562847645487636, 2, 13.466610610950738, 99, 61763, 61763, 0.005266995169222355, 1.3603882789611816
314, -1.0867146002856316, 2, 13.754291403107345, 101, 61864, 61864, 0.0048785824328660965, 1.3594484329223633
315, -0.2061605381895788, 2, 15.709041714668274, 116, 61980, 61980, 0.005031817127019167, 1.3564664125442505
316, 0.43766020028851926, 2, 4.47205502493307, 30, 62010, 62010, 0.005018830765038729, 1.3463447093963623
317, -0.43095077166799456, 2, 17.210930141620338, 128, 62138, 62138, 0.005308143794536591, 1.3653680086135864
318, -0.20180323885870166, 2, 23.881142931059003, 179, 62317, 62317, 0.005111522041261196, 1.3508551120758057
319, -0.8357685482405941, 2, 19.576192368753254, 146, 62463, 62463, 0.00520606292411685, 1.3595271110534668
320, -4.916779725845117, 4, 44.17486649565399, 335, 62798, 62798, 0.005212272051721811, 1.3541033267974854
321, -0.9010783272970002, 2, 19.934836965054274, 149, 62947, 62947, 0.005197769496589899, 1.3610597848892212
322, -0.2851331931306049, 2, 4.980750761926174, 34, 62981, 62981, 0.00488627701997757, 1.3666824102401733
323, -0.9933617429924197, 2, 13.314417440909892, 98, 63079, 63079, 0.005051420070230961, 1.3718206882476807
324, -4.43823005806189, 4, 44.207551513798535, 335, 63414, 63414, 0.005034441594034433, 1.366058111190796
325, -0.31465100489276665, 2, 27.67222135188058, 208, 63622, 63622, 0.0050029330886900425, 1.3587514162063599
326, 0.19480773736722767, 2, 6.718186403159052, 47, 63669, 63669, 0.0056976075284183025, 1.3524280786514282
327, 0.11773697845637798, 2, 4.849059666041285, 33, 63702, 63702, 0.005044146440923214, 1.3758893013000488
328, -0.0741410895716399, 2, 5.23271400667727, 36, 63738, 63738, 0.005368852987885475, 1.3456040620803833
329, -4.503789242236962, 2, 42.52877694601193, 322, 64060, 64060, 0.005009325221180916, 1.3568506240844727
330, -0.04476302769035101, 2, 6.786012715660036, 48, 64108, 64108, 0.00470932899042964, 1.3557825088500977
331, -0.13214156328467652, 2, 15.374180943705142, 114, 64222, 64222, 0.0047413865104317665, 1.351773977279663
332, -0.9988039146992378, 2, 25.58997089602053, 192, 64414, 64414, 0.0049695889465510845, 1.354072093963623
333, -0.10702322149882093, 2, 6.652431211899966, 47, 64461, 64461, 0.005206114146858454, 1.3714653253555298
334, -3.3385270130820572, 2, 31.342396860942245, 236, 64697, 64697, 0.005026001017540693, 1.3550547361373901
335, -0.3424550315539818, 2, 22.84920436097309, 171, 64868, 64868, 0.004889416974037886, 1.3599539995193481
336, -2.7474832501520723, 2, 41.39722307026386, 313, 65181, 65181, 0.005058423150330782, 1.3497912883758545
337, 0.11449522728798911, 2, 17.215867429040372, 128, 65309, 65309, 0.004975134041160345, 1.3533779382705688
338, 0.47693919186713174, 2, 13.97572664776817, 103, 65412, 65412, 0.004937703721225262, 1.3543304204940796
339, -0.3477824403962586, 2, 11.495048279874027, 84, 65496, 65496, 0.004922232590615749, 1.347361445426941
340, 0.3423013568390161, 2, 12.92640780378133, 95, 65591, 65591, 0.0051049720495939255, 1.3636723756790161
341, 0.09090645473406767, 2, 22.820928242988884, 171, 65762, 65762, 0.0049307700246572495, 1.3586353063583374
342, -0.4250239172251895, 2, 5.646620171144605, 39, 65801, 65801, 0.004779609851539135, 1.3592705726623535
343, 0.2975151694845408, 2, 11.215793583076447, 82, 65883, 65883, 0.004790750797837973, 1.3596857786178589
344, 0.3141513420268893, 2, 7.068355865776539, 50, 65933, 65933, 0.00469279894605279, 1.3623868227005005
345, -5.050817855168134, 2, 29.58672672882676, 223, 66156, 66156, 0.005154585465788841, 1.3549437522888184
346, -0.9566616453230381, 2, 12.648593394085765, 93, 66249, 66249, 0.0050802212208509445, 1.3603850603103638
347, -1.7848106781893875, 2, 22.926453365944326, 172, 66421, 66421, 0.005024793092161417, 1.3521571159362793
348, -7.706179884728044, 2, 31.923259655945003, 239, 66660, 66660, 0.005027098581194878, 1.3467248678207397
349, -2.626698976782791, 2, 32.08981599099934, 242, 66902, 66902, 0.004709514789283276, 1.3498002290725708
350, 0.34011361363809556, 2, 6.6431635450571775, 47, 66949, 66949, 0.005137792322784662, 1.3357584476470947
351, -2.4583394183428027, 2, 31.201745256781578, 235, 67184, 67184, 0.004896335769444704, 1.3489618301391602
352, -0.014517506817355752, 2, 4.816020280122757, 33, 67217, 67217, 0.004616742953658104, 1.349874496459961
353, -0.3584744435502216, 2, 12.049770356621593, 88, 67305, 67305, 0.004616789519786835, 1.3567391633987427
354, 0.02045152452774346, 2, 17.340570050291717, 129, 67434, 67434, 0.004721514880657196, 1.3457974195480347
355, -4.6691276593228395, 4, 44.17364851711318, 335, 67769, 67769, 0.004778530448675156, 1.3485804796218872
356, -4.916460870066658, 2, 42.946986043825746, 325, 68094, 68094, 0.004804360214620829, 1.3457461595535278
357, 0.11119072046130896, 2, 5.472212011925876, 38, 68132, 68132, 0.004584066104143858, 1.3509968519210815
358, -0.3306933557614684, 2, 4.454785335808992, 30, 68162, 68162, 0.004640039522200823, 1.3476184606552124
359, -0.05485052796029777, 2, 13.340682356152683, 98, 68260, 68260, 0.004618993028998375, 1.3393032550811768
360, -6.238896094029769, 2, 25.98345153219998, 195, 68455, 68455, 0.004900418687611818, 1.3428590297698975
361, -0.32546259497758, 2, 4.5740969008766115, 31, 68486, 68486, 0.004816548898816109, 1.335436224937439
362, -1.2052517221309245, 2, 11.792670974042267, 86, 68572, 68572, 0.004768275655806065, 1.3389363288879395
363, 0.021606246649753302, 2, 14.602730181068182, 108, 68680, 68680, 0.005166232585906982, 1.3395612239837646
364, 0.7160579703486292, 2, 12.617999040987343, 93, 68773, 68773, 0.005072055850178003, 1.3463367223739624
365, -0.457768446605769, 2, 29.81382104381919, 224, 68997, 68997, 0.005050700157880783, 1.3427754640579224
366, -0.09860308188945055, 2, 7.455912468954921, 53, 69050, 69050, 0.004580708686262369, 1.3371598720550537
367, -0.5651676718844101, 2, 4.427323221694678, 30, 69080, 69080, 0.004767083562910557, 1.3504464626312256
368, -0.4063565725227818, 2, 5.741579472087324, 40, 69120, 69120, 0.004793610889464617, 1.3411725759506226
369, 0.6708706433419138, 2, 12.385982770007104, 91, 69211, 69211, 0.004738368093967438, 1.3336995840072632
370, -10.453311448916793, 4, 44.09778092009947, 334, 69545, 69545, 0.004926206544041634, 1.332763910293579
371, -1.1577738549094647, 2, 13.026253580115736, 96, 69641, 69641, 0.004670383874326944, 1.3438647985458374
372, -8.521098464960232, 4, 44.1895021260716, 335, 69976, 69976, 0.004743444267660379, 1.3338068723678589
373, 0.035324045340530574, 2, 14.140926699154079, 104, 70080, 70080, 0.00446881540119648, 1.336403727531433
374, 0.08313443191582337, 2, 12.930898142047226, 95, 70175, 70175, 0.004485471174120903, 1.3361313343048096
375, -0.06408797390758991, 2, 7.832061165012419, 56, 70231, 70231, 0.004742148332297802, 1.344268798828125
376, -0.6321825172635727, 2, 11.89174286229536, 87, 70318, 70318, 0.0047930036671459675, 1.3412059545516968
377, -0.3715048967860639, 2, 4.454359019175172, 30, 70348, 70348, 0.004732965491712093, 1.3367804288864136
378, 0.2731093012262136, 2, 5.917055810801685, 41, 70389, 70389, 0.004700656980276108, 1.3221797943115234
379, -0.35956237279606285, 2, 9.642531883902848, 70, 70459, 70459, 0.004777078982442617, 1.3337479829788208
380, 0.2163711446337402, 2, 6.125135043170303, 43, 70502, 70502, 0.0047277179546654224, 1.3231985569000244
381, -0.27119862218387425, 2, 7.3033995209261775, 52, 70554, 70554, 0.004582065623253584, 1.325470209121704
382, 0.04430318612139672, 2, 20.89718620479107, 156, 70710, 70710, 0.004601317457854748, 1.3320815563201904
383, -2.6366047937626718, 2, 35.39088490232825, 267, 70977, 70977, 0.0046653589233756065, 1.3293676376342773
384, -0.8312701658287551, 2, 21.858553327154368, 163, 71140, 71140, 0.004875474609434605, 1.3284765481948853
385, -0.3430734953144565, 2, 6.195248436182737, 43, 71183, 71183, 0.004697126802057028, 1.3360198736190796
386, -6.558149260737991, 4, 44.199306909926236, 335, 71518, 71518, 0.004905134905129671, 1.3347240686416626
387, -0.2783556522372237, 2, 20.649553624913096, 154, 71672, 71672, 0.0047148894518613815, 1.3298627138137817
388, 0.12905739259440452, 2, 11.598435278050601, 85, 71757, 71757, 0.00449705496430397, 1.3364465236663818
389, 0.49637853319291025, 2, 13.092967420816422, 96, 71853, 71853, 0.004733750130981207, 1.3211385011672974
390, 0.6558253955854525, 2, 20.257855690084398, 151, 72004, 72004, 0.004906351678073406, 1.3168597221374512
391, -5.688709596986882, 4, 44.13705943804234, 334, 72338, 72338, 0.004763939417898655, 1.3328442573547363
392, -0.8473496496444568, 2, 7.695717819966376, 55, 72393, 72393, 0.005082567222416401, 1.3257406949996948
393, -1.6251862285716925, 2, 26.122473365161568, 196, 72589, 72589, 0.005014338064938784, 1.3243509531021118
394, 0.8907928731059656, 2, 8.244288230780512, 59, 72648, 72648, 0.0048960912972688675, 1.3284811973571777
395, -0.47816537914332, 2, 5.129906967282295, 35, 72683, 72683, 0.005135337356477976, 1.3222111463546753
396, -0.15897011570632458, 2, 11.37049454310909, 83, 72766, 72766, 0.004687440115958452, 1.3223938941955566
397, -1.137267476064153, 2, 9.149853680748492, 66, 72832, 72832, 0.0046502226032316685, 1.337179183959961
398, -0.5137541278163553, 2, 15.944126112852246, 118, 72950, 72950, 0.004675824660807848, 1.3325291872024536
399, -4.1395784972605725, 4, 44.11049323808402, 334, 73284, 73284, 0.004720971453934908, 1.3289602994918823
400, -1.217033363180235, 2, 5.272118117194623, 36, 73320, 73320, 0.004456989001482725, 1.3164377212524414
401, -0.244957652175799, 2, 12.787068875040859, 94, 73414, 73414, 0.004710025154054165, 1.321762204170227
402, 0.13128484089975245, 2, 6.171216710936278, 43, 73457, 73457, 0.0049501038156449795, 1.3376293182373047
403, -3.186948716029292, 4, 44.15225933119655, 334, 73791, 73791, 0.00462085846811533, 1.3364912271499634
404, -0.37442073073179927, 2, 16.33028551004827, 121, 73912, 73912, 0.0048681749030947685, 1.313598394393921
405, -1.2180335420998745, 2, 17.488244357984513, 130, 74042, 74042, 0.004980798810720444, 1.3277461528778076
406, -9.192622032016516, 4, 44.149560117162764, 334, 74376, 74376, 0.0047712670639157295, 1.3299793004989624
407, 0.06026637461036444, 2, 15.980794939212501, 118, 74494, 74494, 0.004888684023171663, 1.3285595178604126
408, -0.9463897506066132, 2, 18.16826783400029, 135, 74629, 74629, 0.004746891092509031, 1.3280245065689087
409, -0.208076250157319, 2, 8.295348063111305, 59, 74688, 74688, 0.004550788551568985, 1.3353737592697144
410, 0.11472218960989267, 2, 7.429681458044797, 53, 74741, 74741, 0.004541688598692417, 1.3237770795822144
411, -0.06905501335859299, 2, 7.20803624484688, 51, 74792, 74792, 0.005229990463703871, 1.3318294286727905
412, 0.6419534364540596, 2, 13.051920481026173, 96, 74888, 74888, 0.004720455966889858, 1.3352476358413696
413, 0.3649092783452943, 2, 11.375643614213914, 83, 74971, 74971, 0.004942275118082762, 1.325417160987854
414, -0.10519836206367472, 2, 11.49791633989662, 84, 75055, 75055, 0.0047495728358626366, 1.3265407085418701
415, 0.09167863792390563, 2, 8.751289804000407, 63, 75118, 75118, 0.004747310187667608, 1.3324429988861084
416, 0.3010322734480724, 2, 12.439268538728356, 91, 75209, 75209, 0.0046502067707479, 1.315574049949646
417, -0.08364427764900029, 2, 8.08161897212267, 58, 75267, 75267, 0.004710895009338856, 1.3256011009216309
418, 0.0896833967854036, 2, 11.087224782910198, 81, 75348, 75348, 0.004698315169662237, 1.3261833190917969
419, -0.2387186922642286, 2, 22.353437684010714, 167, 75515, 75515, 0.005076807923614979, 1.322689414024353
420, 0.2634543672611471, 2, 19.218653901014477, 143, 75658, 75658, 0.0050653419457376, 1.3206549882888794
421, -0.097220681476756, 2, 24.260948474984616, 182, 75840, 75840, 0.004688261076807976, 1.320546269416809
422, -0.013795577397104353, 2, 10.070726159028709, 73, 75913, 75913, 0.005421929527074099, 1.3175573348999023
423, -1.3509472875157371, 2, 18.140432227868587, 135, 76048, 76048, 0.004844224080443382, 1.3216129541397095
424, 0.07190210098633543, 2, 17.343070404604077, 129, 76177, 76177, 0.004915141500532627, 1.3235199451446533
425, -0.9040879868261982, 2, 17.229861775878817, 128, 76305, 76305, 0.004907273221760988, 1.3227064609527588
426, 0.11502650420879945, 2, 14.97813718020916, 111, 76416, 76416, 0.005182688124477863, 1.3149776458740234
427, -0.47678482554329094, 2, 30.191718673799187, 227, 76643, 76643, 0.004881570115685463, 1.3178675174713135
428, -0.4085400439798832, 2, 4.491147774271667, 30, 76673, 76673, 0.00528912665322423, 1.317602276802063
429, 0.39652948442380875, 2, 13.252425579819828, 97, 76770, 76770, 0.0047493283636868, 1.3271702527999878
430, -0.0849580685608089, 2, 11.629154596012086, 85, 76855, 76855, 0.004993613343685865, 1.3327438831329346
431, 0.1708958640228957, 2, 4.9484260417521, 34, 76889, 76889, 0.0056058261543512344, 1.3232123851776123
432, 0.06455339422973339, 2, 24.157606856897473, 181, 77070, 77070, 0.00501379044726491, 1.3135737180709839
433, -0.02259042311925441, 2, 6.726134668104351, 47, 77117, 77117, 0.00499778101220727, 1.313104271888733
434, -4.992586705600843, 4, 44.07739896606654, 334, 77451, 77451, 0.005038722418248653, 1.3130087852478027
435, 0.11975848732981831, 2, 14.358001668937504, 106, 77557, 77557, 0.005131508223712444, 1.3144508600234985
436, -1.06962588703027, 2, 16.16982440603897, 120, 77677, 77677, 0.004914764780551195, 1.3195452690124512
437, -1.2408960650209337, 2, 4.868895521853119, 33, 77710, 77710, 0.005329884588718414, 1.3136852979660034
438, 0.24348819605074823, 2, 6.040788224898279, 42, 77752, 77752, 0.004925117827951908, 1.3234331607818604
439, 0.6067365603521466, 2, 10.700447703246027, 78, 77830, 77830, 0.004945425316691399, 1.3111435174942017
440, -1.4760786215774715, 2, 7.035332662053406, 50, 77880, 77880, 0.00541946105659008, 1.3211798667907715
441, -0.5770762083120644, 2, 5.206995498854667, 36, 77916, 77916, 0.004623809829354286, 1.3223228454589844
442, -0.4961882390489336, 2, 20.186026205774397, 151, 78067, 78067, 0.005049446597695351, 1.313417673110962
443, -0.03257407003547996, 2, 5.502324365079403, 38, 78105, 78105, 0.005817178171128035, 1.3244420289993286
444, -0.2310413089580834, 2, 8.761555639095604, 63, 78168, 78168, 0.005597418174147606, 1.3126102685928345
445, -0.008583976348745637, 2, 13.50351471081376, 99, 78267, 78267, 0.005051858723163605, 1.3203418254852295
446, 0.21951538210123545, 2, 17.874718252103776, 133, 78400, 78400, 0.00495639443397522, 1.3173997402191162
447, 0.5061104723390599, 2, 17.42869907291606, 129, 78529, 78529, 0.004895177204161882, 1.3190115690231323
448, -0.10846556272008456, 2, 13.478656327817589, 99, 78628, 78628, 0.004921045619994402, 1.3031514883041382
449, -0.09388699824921787, 2, 5.111299137119204, 35, 78663, 78663, 0.005027778446674347, 1.3072751760482788
450, -0.07819482940249145, 2, 6.0098646162077785, 42, 78705, 78705, 0.005111862905323505, 1.3023580312728882
451, 0.03137053269892931, 2, 7.458116878755391, 53, 78758, 78758, 0.004965446889400482, 1.309099555015564
452, 0.34990549623034894, 2, 12.144255961757153, 89, 78847, 78847, 0.00497432192787528, 1.3207504749298096
453, 0.12348310835659504, 2, 5.491414362099022, 38, 78885, 78885, 0.005624700803309679, 1.3159338235855103
454, -0.27146252208331134, 2, 13.458128489088267, 99, 78984, 78984, 0.005025178659707308, 1.305497169494629
455, -2.976583163952455, 2, 4.449133911170065, 30, 79014, 79014, 0.0048787398263812065, 1.323097586631775
456, 0.0682380114303669, 2, 16.45652861939743, 122, 79136, 79136, 0.0051704528741538525, 1.305894374847412
457, -0.02704019140219316, 2, 15.536015399731696, 115, 79251, 79251, 0.004963988903909922, 1.3124730587005615
458, 0.1614941640291363, 2, 5.247437942773104, 36, 79287, 79287, 0.004868476651608944, 1.3195624351501465
459, -0.18758033937774599, 2, 9.134838035330176, 66, 79353, 79353, 0.004978305194526911, 1.324211597442627
460, 0.14634494873462245, 2, 19.356734981760383, 144, 79497, 79497, 0.00522746704518795, 1.3156324625015259
461, -0.3442449021167704, 2, 32.15625211643055, 242, 79739, 79739, 0.005013890564441681, 1.317911982536316
462, -1.7269044823333388, 2, 34.59880411392078, 261, 80000, 80000, 0.005071139894425869, 1.3090556859970093
463, 0.014187791966833174, 2, 4.431879551149905, 30, 80030, 80030, 0.004922492895275354, 1.3160737752914429
464, -0.267526967683807, 2, 5.61883528297767, 39, 80069, 80069, 0.005342586897313595, 1.3164223432540894
465, -0.13750503258779645, 2, 7.447065403219312, 53, 80122, 80122, 0.005275362636893988, 1.304711103439331
466, 0.286123217898421, 2, 5.919130779802799, 41, 80163, 80163, 0.0048233941197395325, 1.3021413087844849
467, 0.11536524316761643, 2, 4.832124206237495, 33, 80196, 80196, 0.004968006629496813, 1.332668423652649
468, -0.9757638510200195, 2, 28.183474151417613, 212, 80408, 80408, 0.005079674068838358, 1.3106516599655151
469, -0.32288174889981747, 2, 6.934558453969657, 49, 80457, 80457, 0.005276423413306475, 1.3185750246047974
470, -0.3288331615040079, 2, 5.259602727368474, 36, 80493, 80493, 0.005038856528699398, 1.3281768560409546
471, -0.09039321774616838, 2, 5.480796764604747, 38, 80531, 80531, 0.005020085722208023, 1.3162888288497925
472, 0.2874064756324515, 2, 6.041351756080985, 42, 80573, 80573, 0.005546276923269033, 1.325823187828064
473, -0.014573345892131329, 2, 8.495374844875187, 61, 80634, 80634, 0.005026215221732855, 1.3066623210906982
474, 0.07401988365018042, 2, 17.609110713005066, 131, 80765, 80765, 0.0051735746674239635, 1.3111374378204346
475, 0.421821506910419, 2, 20.64712751796469, 154, 80919, 80919, 0.005102007649838924, 1.3055592775344849
476, -0.17109239660203457, 2, 9.85532842995599, 71, 80990, 80990, 0.005258314777165651, 1.3168021440505981
477, 0.5142730420920998, 2, 6.524571512825787, 46, 81036, 81036, 0.005058674607425928, 1.3261698484420776
478, -0.13439414312597364, 2, 7.714775087777525, 55, 81091, 81091, 0.004863865673542023, 1.3052135705947876
479, -2.5550627515076485, 2, 32.60193089116365, 246, 81337, 81337, 0.0048972442746162415, 1.3135364055633545
480, 0.5783473253250122, 2, 6.94443763513118, 49, 81386, 81386, 0.004991819616407156, 1.2964842319488525
481, 0.22891783516388386, 2, 5.229487409815192, 36, 81422, 81422, 0.005211608950048685, 1.3069745302200317
482, -0.06179648591205478, 2, 6.777403918094933, 48, 81470, 81470, 0.004776350222527981, 1.3073970079421997
483, -0.7629632800662876, 2, 36.53570813592523, 276, 81746, 81746, 0.0051420992240309715, 1.3110625743865967
484, 0.23273226944729686, 2, 4.459156845230609, 30, 81776, 81776, 0.004955455660820007, 1.305030107498169
485, 0.20165189576800913, 2, 5.101029054727405, 35, 81811, 81811, 0.004982728511095047, 1.2930078506469727
486, -3.726992319803685, 2, 20.345255194231868, 152, 81963, 81963, 0.004941092338413, 1.3164879083633423
487, -0.31913775438442826, 2, 4.698793527670205, 32, 81995, 81995, 0.004738880321383476, 1.314626693725586
488, -0.5088536099065095, 2, 5.097715912386775, 35, 82030, 82030, 0.005061179865151644, 1.2996968030929565
489, -6.303296308033168, 4, 44.17114793881774, 335, 82365, 82365, 0.004920735023915768, 1.3088716268539429
490, 0.21094708691816777, 2, 6.920167041942477, 49, 82414, 82414, 0.004910260904580355, 1.3028934001922607
491, 0.2645330005325377, 2, 12.099977699108422, 89, 82503, 82503, 0.004958707373589277, 1.3136850595474243
492, -0.7947591241681948, 2, 4.479069058783352, 30, 82533, 82533, 0.00469799991697073, 1.3117048740386963
493, 0.2422521817497909, 2, 4.959675579331815, 34, 82567, 82567, 0.005011174362152815, 1.3115622997283936
494, -1.8008784955600277, 2, 24.65785598475486, 185, 82752, 82752, 0.004972411785274744, 1.2982885837554932
495, -0.8857902556628687, 2, 24.013539208099246, 180, 82932, 82932, 0.004856088198721409, 1.2954117059707642
496, -0.09384863288141787, 2, 4.455294189974666, 30, 82962, 82962, 0.004900512285530567, 1.2994552850723267
497, -0.12427732755895704, 2, 13.573892164044082, 100, 83062, 83062, 0.005051966290920973, 1.2917022705078125
498, -0.07965068831981625, 2, 23.26042689103633, 174, 83236, 83236, 0.004773950204253197, 1.3047502040863037
499, -0.429039740934968, 2, 4.826383608859032, 33, 83269, 83269, 0.005448928102850914, 1.2822917699813843
500, 0.6285762370098382, 2, 5.378475189674646, 37, 83306, 83306, 0.005050810053944588, 1.2900813817977905
501, -0.0391853095497936, 2, 8.17761661671102, 59, 83365, 83365, 0.004909960087388754, 1.3009551763534546
502, -0.4769579586572945, 2, 6.573348923120648, 45, 83410, 83410, 0.004465880338102579, 1.2994427680969238
503, -0.4748908126784954, 2, 15.154080520849675, 112, 83522, 83522, 0.004656883422285318, 1.2983251810073853
504, -0.13054008269682527, 2, 5.132835081312805, 35, 83557, 83557, 0.004517585039138794, 1.2977862358093262
505, 0.3120270107174292, 2, 5.499661038164049, 38, 83595, 83595, 0.004919358994811773, 1.2988946437835693
506, 0.2475108914077282, 2, 10.048188164830208, 73, 83668, 83668, 0.005154555197805166, 1.3007725477218628
507, -4.898120014870074, 4, 44.076156102120876, 334, 84002, 84002, 0.005043088458478451, 1.294255256652832
508, 0.311107101617381, 2, 4.860916580073535, 33, 84035, 84035, 0.005070627201348543, 1.2855195999145508
509, 0.15079097042325884, 2, 7.46483727125451, 53, 84088, 84088, 0.004478668328374624, 1.296185851097107
510, 0.2805018110666424, 2, 5.998323121108115, 42, 84130, 84130, 0.005142740439623594, 1.2726287841796875
511, -0.06214738846756518, 2, 22.99775001220405, 172, 84302, 84302, 0.004847790114581585, 1.297357201576233
512, -0.007893390953540802, 2, 14.145604482851923, 104, 84406, 84406, 0.004865348804742098, 1.2928707599639893
513, -0.3995147046225611, 2, 19.36079788999632, 144, 84550, 84550, 0.004848289769142866, 1.2953492403030396
514, -0.5694665319315391, 2, 29.373038503807038, 221, 84771, 84771, 0.004885772708803415, 1.2996641397476196
515, -0.5221650315797888, 2, 16.60066856490448, 123, 84894, 84894, 0.004914392251521349, 1.3024473190307617
516, -4.778095967427362, 4, 44.18909106403589, 335, 85229, 85229, 0.0048555638641119, 1.302686333656311
517, -3.5319524176884443, 2, 36.68512494536117, 277, 85506, 85506, 0.004803880117833614, 1.2930793762207031
518, 0.19930482892596046, 2, 15.005848536733538, 111, 85617, 85617, 0.004727896302938461, 1.2957931756973267
519, 0.19436737208161503, 2, 4.733124444726855, 32, 85649, 85649, 0.005126749165356159, 1.2786935567855835
520, -0.9055606388719752, 2, 6.056817350909114, 42, 85691, 85691, 0.004906774964183569, 1.2987977266311646
521, 0.42936462303623557, 2, 4.856824012007564, 33, 85724, 85724, 0.00474204495549202, 1.2892088890075684
522, 0.7277551810257137, 2, 9.815539786592126, 71, 85795, 85795, 0.004590143449604511, 1.3127142190933228
523, 0.3235112957190722, 2, 5.796103545930237, 40, 85835, 85835, 0.004914938006550074, 1.2917248010635376
524, -5.781190479872748, 4, 44.091431617271155, 334, 86169, 86169, 0.004743814934045076, 1.2926971912384033
525, -0.6703007754404098, 2, 9.406998933292925, 68, 86237, 86237, 0.004599541425704956, 1.294264554977417
526, 0.7436259722599061, 2, 11.734507810790092, 86, 86323, 86323, 0.004958920646458864, 1.2900723218917847
527, -0.10541144873423036, 2, 21.42104798555374, 160, 86483, 86483, 0.004638307727873325, 1.2946231365203857
528, -0.2815104176988825, 2, 15.774963839910924, 117, 86600, 86600, 0.004694461822509766, 1.2963809967041016
529, -1.72304959181929, 4, 44.119117497932166, 334, 86934, 86934, 0.004843754228204489, 1.2913635969161987
530, 0.16486845538020134, 2, 7.441734100226313, 53, 86987, 86987, 0.004662743769586086, 1.2986559867858887
531, -0.6703488665880286, 2, 25.868078697938472, 194, 87181, 87181, 0.004431392531841993, 1.2913137674331665
532, 0.3566178835462779, 2, 8.0001260349527, 57, 87238, 87238, 0.004365444649010897, 1.2787119150161743
533, 0.16577405482530594, 2, 5.3248647772707045, 37, 87275, 87275, 0.0043863290920853615, 1.29978346824646
534, 0.18343188683502376, 2, 6.019218042958528, 42, 87317, 87317, 0.004573491867631674, 1.2809791564941406
535, -0.4769417974312091, 2, 13.57614449877292, 100, 87417, 87417, 0.0046366071328520775, 1.2916464805603027
536, -0.06508606346324086, 2, 16.46583747677505, 122, 87539, 87539, 0.0044842930510640144, 1.2962286472320557
537, 0.13455215223075356, 2, 14.613659868948162, 108, 87647, 87647, 0.0044939047656953335, 1.2995694875717163
538, 0.005831487709656358, 2, 15.18775391485542, 112, 87759, 87759, 0.00456177769228816, 1.2960470914840698
539, 0.2518657218897715, 2, 10.219295769929886, 74, 87833, 87833, 0.0050200289115309715, 1.2964640855789185
540, -0.7159483032301068, 2, 5.384324064012617, 37, 87870, 87870, 0.005210375413298607, 1.2880603075027466
541, -0.28313131118466117, 2, 8.353166940622032, 60, 87930, 87930, 0.0046909274533391, 1.2872085571289062
542, 0.23057312819582876, 2, 20.750942633021623, 155, 88085, 88085, 0.0046995338052511215, 1.2907692193984985
543, 0.13129656622186303, 2, 15.28148702904582, 113, 88198, 88198, 0.004739199765026569, 1.2850298881530762
544, -0.038278196785540786, 2, 18.939065549056977, 141, 88339, 88339, 0.004624648950994015, 1.2969213724136353
545, 0.17780155187938362, 2, 7.4573008101433516, 53, 88392, 88392, 0.004551671911031008, 1.280109167098999
546, 0.14637841819785535, 2, 6.173883629031479, 43, 88435, 88435, 0.0043462710455060005, 1.295736312866211
547, -1.4488356303190812, 2, 14.404855448752642, 106, 88541, 88541, 0.004674254916608334, 1.286760926246643
548, -0.048615200619678944, 2, 6.008690639864653, 42, 88583, 88583, 0.004553294740617275, 1.2788269519805908
549, -0.17967318822047673, 2, 23.894895961042494, 179, 88762, 88762, 0.004528057761490345, 1.2857972383499146
550, -0.03820946905761957, 2, 4.941094416659325, 34, 88796, 88796, 0.004617779981344938, 1.2995935678482056
551, -0.24564528092741966, 2, 5.99315396277234, 42, 88838, 88838, 0.004847001284360886, 1.282837152481079
552, 0.9135104739107192, 2, 10.566463607829064, 77, 88915, 88915, 0.0047447518445551395, 1.2870984077453613
553, 0.07779415580444038, 2, 7.047021891921759, 50, 88965, 88965, 0.004880500957369804, 1.2834397554397583
554, -0.548693327466026, 2, 6.981202926952392, 49, 89014, 89014, 0.004607039038091898, 1.278210163116455
555, -0.024337678656593198, 2, 19.688166786916554, 147, 89161, 89161, 0.00462212972342968, 1.2850568294525146
556, 0.08818333775707288, 2, 17.001738891005516, 126, 89287, 89287, 0.004558627959340811, 1.2851229906082153
557, 0.5562619545089547, 2, 20.770691122859716, 155, 89442, 89442, 0.004797226283699274, 1.2810972929000854
558, -0.07721353859051305, 2, 16.635198523756117, 123, 89565, 89565, 0.004728863947093487, 1.2836238145828247
559, -0.06856769615842495, 2, 13.97644581599161, 103, 89668, 89668, 0.004512470681220293, 1.2852391004562378
560, -0.3184251820202917, 2, 13.436247434932739, 99, 89767, 89767, 0.004545923322439194, 1.2901326417922974
561, -0.08706458518281579, 2, 4.981955513358116, 34, 89801, 89801, 0.004581166431307793, 1.284766435623169
562, 0.2557998923584819, 2, 4.829997619148344, 33, 89834, 89834, 0.004573944956064224, 1.2707743644714355
563, -0.09421743056736887, 2, 4.816628252156079, 33, 89867, 89867, 0.004482956137508154, 1.2561912536621094
564, -9.302058154600672, 4, 44.106837641913444, 334, 90201, 90201, 0.004553291946649551, 1.2842777967453003
565, -0.33376830216730013, 2, 15.784721673000604, 117, 90318, 90318, 0.004508605692535639, 1.2804399728775024
566, 0.23593730491120368, 2, 6.327833203598857, 44, 90362, 90362, 0.004380935337394476, 1.2824058532714844
567, 0.5131680199410766, 2, 11.097605380229652, 81, 90443, 90443, 0.0045840623788535595, 1.2786715030670166
568, -0.3691316747390374, 2, 12.756290750578046, 94, 90537, 90537, 0.004407938569784164, 1.2767131328582764
569, -0.17555275153608818, 2, 21.301309899892658, 159, 90696, 90696, 0.004466936457902193, 1.2881430387496948
570, -7.136874814517796, 4, 44.182404396124184, 334, 91030, 91030, 0.00453636609017849, 1.2783149480819702
571, -0.21997188683599234, 2, 7.312747088260949, 52, 91082, 91082, 0.004258100409060717, 1.2678080797195435
572, -0.1534924623556435, 2, 6.283112777862698, 44, 91126, 91126, 0.004590755794197321, 1.288883924484253
573, -0.12139452691189945, 2, 6.644969408866018, 47, 91173, 91173, 0.004319789353758097, 1.285841941833496
574, -0.9248117856914178, 2, 14.758919222280383, 109, 91282, 91282, 0.004432836081832647, 1.2772079706192017
575, -0.10469969948462676, 2, 20.1144178789109, 150, 91432, 91432, 0.00446929270401597, 1.2749919891357422
576, -0.3169295662082732, 2, 11.74943799059838, 86, 91518, 91518, 0.004285453353077173, 1.2733861207962036
577, 0.719957982073538, 2, 10.296621968969703, 75, 91593, 91593, 0.004544724244624376, 1.2576804161071777
578, 0.08354040309859556, 2, 10.955365004017949, 80, 91673, 91673, 0.004802539944648743, 1.271718978881836
579, 0.40481727728183614, 2, 13.85746457008645, 102, 91775, 91775, 0.00475828954949975, 1.2774239778518677
580, -0.015755819098558277, 2, 17.87544227996841, 133, 91908, 91908, 0.0045089563354849815, 1.2722711563110352
581, -0.7219746531627607, 2, 21.5409403629601, 161, 92069, 92069, 0.0044464245438575745, 1.2706820964813232
582, -0.21689213695935905, 2, 6.716369017958641, 47, 92116, 92116, 0.004380712751299143, 1.2616338729858398
583, -0.7175524286649306, 2, 22.343671810813248, 167, 92283, 92283, 0.004510287661105394, 1.2671289443969727
584, 0.40198165574111044, 2, 4.844898714218289, 33, 92316, 92316, 0.004656563978642225, 1.286954402923584
585, 0.4050015916582197, 2, 7.714288874063641, 55, 92371, 92371, 0.004491159692406654, 1.2708537578582764
586, -0.0791761916334508, 2, 13.698583182878792, 101, 92472, 92472, 0.004709326196461916, 1.2701982259750366
587, 0.37055566810886376, 2, 23.862594953738153, 179, 92651, 92651, 0.004338146653026342, 1.2675474882125854
588, 0.1362277152184106, 2, 18.031594302039593, 134, 92785, 92785, 0.004632162861526012, 1.2606630325317383
589, 0.008839788075420074, 2, 22.049040178768337, 163, 92948, 92948, 0.004440157674252987, 1.2759532928466797
590, 0.14563125825952739, 2, 5.355009607970715, 37, 92985, 92985, 0.00457121804356575, 1.257380485534668
591, 0.4066898243036121, 2, 5.464164990931749, 38, 93023, 93023, 0.004869651049375534, 1.2803232669830322
592, -1.1313004810363054, 2, 4.84801622107625, 33, 93056, 93056, 0.004212699830532074, 1.2565730810165405
593, 0.03912086255149916, 2, 13.354542112909257, 98, 93154, 93154, 0.004362188745290041, 1.278258204460144
594, 0.11399490514304489, 2, 18.93040947197005, 141, 93295, 93295, 0.004658807534724474, 1.2572075128555298
595, -0.15418882598169148, 2, 6.5631185518577695, 46, 93341, 93341, 0.0042903609573841095, 1.2699357271194458
596, -4.0268321299190575, 4, 44.09703464899212, 334, 93675, 93675, 0.004404778126627207, 1.2674702405929565
597, 0.468509741127491, 2, 9.427141237072647, 68, 93743, 93743, 0.004462126642465591, 1.2637759447097778
598, 0.39041881571756676, 2, 13.839794902130961, 102, 93845, 93845, 0.0042889295145869255, 1.2617202997207642
599, -0.16201138379983604, 2, 6.539315520320088, 46, 93891, 93891, 0.004749723710119724, 1.2679977416992188
600, -1.1991822945037711, 2, 29.257671139203012, 220, 94111, 94111, 0.004442495759576559, 1.261983036994934
601, 0.29862794396467507, 2, 6.648715476039797, 47, 94158, 94158, 0.004415871109813452, 1.259261965751648
602, 0.3521818076260388, 2, 7.56274053780362, 54, 94212, 94212, 0.004603805486112833, 1.2693312168121338
603, 0.08469786774367094, 2, 4.447829682845622, 30, 94242, 94242, 0.004930749535560608, 1.248436450958252
604, 0.16432392655406147, 2, 7.873570112045854, 56, 94298, 94298, 0.004365652799606323, 1.2637126445770264
605, 0.266507466789335, 2, 5.6184496521018445, 39, 94337, 94337, 0.004564221482723951, 1.2567040920257568
606, 0.23508115694858134, 2, 6.65868617920205, 47, 94384, 94384, 0.004333744756877422, 1.255815029144287
607, -0.9330390125978738, 2, 15.820108534768224, 117, 94501, 94501, 0.0043731192126870155, 1.265707015991211
608, -3.767141441210697, 4, 44.12310599908233, 334, 94835, 94835, 0.004511874169111252, 1.2593532800674438
609, -1.5653460261892178, 2, 24.550805516075343, 184, 95019, 95019, 0.004412816371768713, 1.2688828706741333
610, 0.12424070376800955, 2, 22.86921369563788, 171, 95190, 95190, 0.004327654838562012, 1.2645344734191895
611, 0.5300558346061734, 2, 16.83829473890364, 125, 95315, 95315, 0.004477062728255987, 1.2706193923950195
612, -0.16237879765685648, 2, 13.072136557195336, 96, 95411, 95411, 0.004636951256543398, 1.2667008638381958
613, 0.8659651825437322, 2, 11.112664424814284, 81, 95492, 95492, 0.00432649627327919, 1.2593482732772827
614, -1.6198652285384014, 2, 4.467438688036054, 30, 95522, 95522, 0.004272437188774347, 1.255528211593628
615, 0.0027461008643285822, 2, 12.57003785809502, 92, 95614, 95614, 0.0042122285813093185, 1.2662570476531982
616, -0.24346038908697665, 2, 10.654204670805484, 76, 95690, 95690, 0.004490210209041834, 1.2657908201217651
617, -3.230986410519108, 4, 44.12700244411826, 334, 96024, 96024, 0.004425381310284138, 1.2660821676254272
618, 0.1707706245360896, 2, 7.100375071167946, 50, 96074, 96074, 0.004544530995190144, 1.2546875476837158
619, 0.15014694244018756, 2, 13.404254962224513, 96, 96170, 96170, 0.004590252880007029, 1.2670361995697021
620, -0.051150309620425105, 2, 7.593141152057797, 54, 96224, 96224, 0.004458147566765547, 1.2692745923995972
621, 0.8775541707291268, 2, 14.609063207171857, 108, 96332, 96332, 0.004438981879502535, 1.2645925283432007
622, -0.24885160324629396, 2, 4.484763436019421, 30, 96362, 96362, 0.004105250351130962, 1.2435829639434814
623, -2.105809419474099, 4, 44.17178790830076, 334, 96696, 96696, 0.004516036715358496, 1.263238549232483
624, 0.3683142027584836, 2, 4.4450270417146385, 30, 96726, 96726, 0.004763287492096424, 1.2623982429504395
625, -0.42338800337165594, 2, 4.445927603635937, 30, 96756, 96756, 0.004217162262648344, 1.2390345335006714
626, -3.0647045040968806, 2, 29.370821572374552, 221, 96977, 96977, 0.004340569023042917, 1.260469913482666
627, -0.5269729485735297, 2, 6.828962849453092, 48, 97025, 97025, 0.004755770321935415, 1.2455047369003296
628, -0.11436221838812344, 2, 13.244615158066154, 97, 97122, 97122, 0.004499917849898338, 1.2608813047409058
629, -0.4614520510658622, 2, 4.856161968782544, 33, 97155, 97155, 0.004387677181512117, 1.2466998100280762
630, -0.566538826096803, 2, 5.1189007088541985, 35, 97190, 97190, 0.004535412881523371, 1.2489749193191528
631, 0.11486658116336912, 2, 5.075890736654401, 35, 97225, 97225, 0.004278723616153002, 1.2353520393371582
632, -1.508763284800807, 2, 35.99704133858904, 272, 97497, 97497, 0.004469763487577438, 1.2571500539779663
633, 0.007844436215236783, 2, 12.526685280259699, 91, 97588, 97588, 0.004399872850626707, 1.2530897855758667
634, -0.43061859320732765, 2, 10.332499811891466, 75, 97663, 97663, 0.0045237126760184765, 1.2486037015914917
635, 0.12040984677150846, 2, 4.960366783197969, 34, 97697, 97697, 0.004264975432306528, 1.2539879083633423
636, -0.4089158386923373, 2, 8.868505443912, 64, 97761, 97761, 0.004703746642917395, 1.2616407871246338
637, -3.2531937374005793, 4, 44.123338881880045, 334, 98095, 98095, 0.004490023013204336, 1.25202476978302
638, -0.05721615464426577, 2, 8.00848412560299, 57, 98152, 98152, 0.004546943120658398, 1.2309421300888062
639, 0.52972788491752, 2, 11.74300889391452, 86, 98238, 98238, 0.00456344336271286, 1.2439415454864502
640, 0.11077270803798456, 2, 11.056784722954035, 81, 98319, 98319, 0.0045021651312708855, 1.2600805759429932
641, 1.0059171789325774, 2, 14.054127050098032, 104, 98423, 98423, 0.004398160148411989, 1.252643346786499
642, 0.2396766593446955, 2, 17.902582187671214, 131, 98554, 98554, 0.004498887807130814, 1.2516708374023438
643, -0.038155686990648974, 2, 18.8336233580485, 140, 98694, 98694, 0.004737865179777145, 1.2385157346725464
644, 0.27255119736946654, 2, 14.372948116157204, 106, 98800, 98800, 0.004499788396060467, 1.2500016689300537
645, -0.06447515485342592, 2, 5.238063661847264, 36, 98836, 98836, 0.004485816229134798, 1.2405766248703003
646, 0.5854665234219283, 2, 13.437231101095676, 99, 98935, 98935, 0.004360816441476345, 1.2436072826385498
647, 0.9044855901156552, 2, 14.383477743715048, 106, 99041, 99041, 0.004321872256696224, 1.2543237209320068
648, -0.09037599968723953, 2, 5.481806606054306, 38, 99079, 99079, 0.004526582080870867, 1.2423080205917358
649, -0.2898575151521072, 2, 34.61095012398437, 261, 99340, 99340, 0.004400191362947226, 1.2389522790908813
650, 0.5916310956235975, 2, 15.659334769006819, 116, 99456, 99456, 0.00413087522611022, 1.2481743097305298
651, -0.4962307392852381, 2, 4.596931204199791, 31, 99487, 99487, 0.004436873830854893, 1.2303452491760254
652, 0.20582616507454077, 2, 24.311487420927733, 182, 99669, 99669, 0.004319919738918543, 1.2407464981079102
653, -0.019939444842748344, 2, 12.188733913004398, 89, 99758, 99758, 0.00429528346285224, 1.2390851974487305
654, -0.0075762050691992044, 2, 11.900483443401754, 87, 99845, 99845, 0.004199276212602854, 1.245609164237976
655, 0.6715328972459247, 2, 22.642496276646852, 169, 100014, 100014, 0.0042913625948131084, 1.2435518503189087
656, 0.03340547205880284, 2, 5.4076301897875965, 37, 100051, 100051, 0.0048775882460176945, 1.2511638402938843
657, -0.3071682382142171, 2, 11.38237128034234, 83, 100134, 100134, 0.004359071608632803, 1.254696011543274
658, -0.016113579040393233, 2, 4.977369978092611, 34, 100168, 100168, 0.004106547683477402, 1.2429367303848267
659, -0.666409569273128, 2, 24.414782105013728, 183, 100351, 100351, 0.00450362591072917, 1.240726351737976
660, -0.1695899140322581, 2, 25.566567399073392, 191, 100542, 100542, 0.004482641350477934, 1.234202265739441
661, -11.944659088738263, 4, 44.12707770895213, 334, 100876, 100876, 0.004319892730563879, 1.2393232583999634
662, -0.9077917762333527, 2, 8.095849683042616, 58, 100934, 100934, 0.004326821770519018, 1.2231926918029785
663, -3.4604484942901763, 4, 44.10558705730364, 334, 101268, 101268, 0.004357635509222746, 1.232408046722412
664, 0.6929616602137685, 2, 7.710538035724312, 55, 101323, 101323, 0.004512731451541185, 1.2320936918258667
665, 0.4720151690999046, 2, 4.865222821943462, 33, 101356, 101356, 0.0048482720740139484, 1.2362713813781738
666, -0.3718032162505551, 2, 21.42217687983066, 160, 101516, 101516, 0.004315532743930817, 1.2366667985916138
667, -0.5819993115583202, 2, 17.63834984600544, 131, 101647, 101647, 0.004216272849589586, 1.2344105243682861
668, -1.06789247195411, 4, 44.12968395464122, 334, 101981, 101981, 0.004195086658000946, 1.231050729751587
669, -5.004840527326451, 4, 44.13174049323425, 334, 102315, 102315, 0.004392990842461586, 1.229186773300171
670, 0.3701483418699354, 2, 10.856850526761264, 79, 102394, 102394, 0.004255170468240976, 1.2223167419433594
671, -0.034827303257770836, 2, 4.441222349181771, 30, 102424, 102424, 0.004299464635550976, 1.2225441932678223
672, 0.2725802353434119, 2, 17.479266414884478, 130, 102554, 102554, 0.004257706925272942, 1.2302194833755493
673, 0.15673589456127957, 2, 9.539238207042217, 69, 102623, 102623, 0.004604747053235769, 1.2242978811264038
674, 0.6657956595299765, 2, 11.24057648377493, 82, 102705, 102705, 0.004302037414163351, 1.232872724533081
675, 0.07323544926475734, 2, 19.609120635781437, 146, 102851, 102851, 0.004322037100791931, 1.2238632440567017
676, 0.4910067633027211, 2, 14.776684681884944, 109, 102960, 102960, 0.00395823223516345, 1.2278932332992554
677, 0.1949146434199065, 2, 5.105158700142056, 35, 102995, 102995, 0.004365173634141684, 1.2309932708740234
678, 0.3257985655218363, 2, 8.280753646977246, 59, 103054, 103054, 0.004348797257989645, 1.237497091293335
679, 0.6082858284789836, 2, 17.643407242838293, 131, 103185, 103185, 0.004284918773919344, 1.2257559299468994
680, -0.21987468432052992, 2, 19.740268220193684, 147, 103332, 103332, 0.004187947604805231, 1.2174835205078125
681, -0.44647342260577716, 2, 21.139701838139445, 158, 103490, 103490, 0.004343975335359573, 1.230516791343689
682, -1.181027643277048, 2, 27.297396315727383, 205, 103695, 103695, 0.004316393751651049, 1.220000982284546
683, 0.8821694026410114, 2, 14.44756125798449, 107, 103802, 103802, 0.004171619191765785, 1.2307498455047607
684, 0.13178664696170017, 2, 16.43846435006708, 122, 103924, 103924, 0.004210781771689653, 1.2221201658248901
685, 0.11413090831774753, 2, 18.150305391754955, 135, 104059, 104059, 0.004401795566082001, 1.215924620628357
686, -0.014698217157274485, 2, 6.533184425905347, 46, 104105, 104105, 0.004271204583346844, 1.2249138355255127
687, 0.38167773419991136, 2, 19.861418021842837, 148, 104253, 104253, 0.004248295444995165, 1.224184274673462
688, 0.141967072035186, 2, 6.207450927235186, 43, 104296, 104296, 0.00417740922421217, 1.2163772583007812
689, 0.3507804616820067, 2, 12.413335560820997, 91, 104387, 104387, 0.004575508181005716, 1.2192059755325317
690, -1.3681719431187958, 2, 4.4924163250252604, 30, 104417, 104417, 0.004098820500075817, 1.1993597745895386
691, -4.6101828842965915, 4, 44.09726766496897, 334, 104751, 104751, 0.004324840381741524, 1.2184656858444214
692, 0.13958151495899074, 2, 20.334196101408452, 152, 104903, 104903, 0.004462879616767168, 1.2244367599487305
693, 0.36420958722010255, 2, 10.467252841219306, 74, 104977, 104977, 0.004345742054283619, 1.204519510269165
694, 0.3833390615727694, 2, 17.788262624759227, 132, 105109, 105109, 0.004475980065762997, 1.2159535884857178
695, 0.37643974693492055, 2, 8.48990524187684, 61, 105170, 105170, 0.0046613928861916065, 1.215993046760559
696, 0.25665049150120467, 2, 8.633756957948208, 62, 105232, 105232, 0.004308144096285105, 1.208644151687622
697, 0.2354633022332564, 2, 5.366784531157464, 37, 105269, 105269, 0.00440192362293601, 1.223332166671753
698, -1.244643741636537, 2, 5.242816448677331, 36, 105305, 105305, 0.004335866775363684, 1.2214964628219604
699, -1.0693902062484995, 2, 6.39871266996488, 45, 105350, 105350, 0.004073533229529858, 1.23063063621521
700, 0.26130651601124555, 2, 6.800691674929112, 48, 105398, 105398, 0.004099383484572172, 1.2376896142959595
701, 0.45327033393550664, 2, 5.227673640009016, 36, 105434, 105434, 0.004191036801785231, 1.2272754907608032
702, 0.08425397286191583, 2, 6.0108179110102355, 42, 105476, 105476, 0.00406675087288022, 1.2196667194366455
703, -1.1983198043890297, 2, 4.7430865010246634, 32, 105508, 105508, 0.004153389483690262, 1.1861369609832764
704, -0.2995876860804856, 2, 16.23594580590725, 120, 105628, 105628, 0.004157249815762043, 1.221838116645813
705, -0.41903211216413183, 2, 21.68924751598388, 162, 105790, 105790, 0.0042304894886910915, 1.2230682373046875
706, -0.33884194458369166, 2, 7.445618039928377, 53, 105843, 105843, 0.0044001564383506775, 1.2042007446289062
707, 0.3722451915491547, 2, 12.557438765186816, 92, 105935, 105935, 0.004488219507038593, 1.2207822799682617
708, 0.47858437011018395, 2, 11.787657242268324, 86, 106021, 106021, 0.00408085435628891, 1.2080022096633911
709, 0.2132836621167371, 2, 14.267487010918558, 105, 106126, 106126, 0.00414301548153162, 1.2208877801895142
710, -2.7679650744539686, 2, 34.27676173904911, 258, 106384, 106384, 0.004278032574802637, 1.2092714309692383
711, 0.5039737012266414, 2, 18.259882641024888, 136, 106520, 106520, 0.004284271504729986, 1.2111979722976685
712, 0.015167866760748439, 2, 21.284246942959726, 159, 106679, 106679, 0.00426219729706645, 1.2119746208190918
713, 0.48632190213538706, 2, 13.304005158133805, 98, 106777, 106777, 0.004123478662222624, 1.218751311302185
714, -0.7253575375070795, 2, 28.116901584900916, 211, 106988, 106988, 0.0042404853738844395, 1.2116044759750366
715, -0.29646829003468156, 2, 6.415374309755862, 45, 107033, 107033, 0.0042186579667031765, 1.2104434967041016
716, -0.09505198895931244, 2, 5.237772233784199, 36, 107069, 107069, 0.004423769656568766, 1.2006772756576538
717, 0.21596442339068744, 2, 24.97542285406962, 187, 107256, 107256, 0.004208682104945183, 1.214625358581543
718, -0.26757970463950187, 2, 5.481179515365511, 38, 107294, 107294, 0.004433766007423401, 1.2091022729873657
719, -0.7376283072371734, 2, 24.770614214241505, 185, 107479, 107479, 0.004064230713993311, 1.2178997993469238
720, 0.47505639800510835, 2, 12.230979098007083, 90, 107569, 107569, 0.004293463192880154, 1.2200665473937988
721, -0.032379225245676935, 2, 4.449535164050758, 30, 107599, 107599, 0.004190282430499792, 1.1897368431091309
722, -1.591511089442065, 2, 27.260605551768094, 205, 107804, 107804, 0.004122153855860233, 1.210581660270691
723, 0.23768246150575578, 2, 8.062115140259266, 57, 107861, 107861, 0.004535446409136057, 1.2077711820602417
724, -0.6965238757547922, 2, 16.360655449796468, 121, 107982, 107982, 0.004276998341083527, 1.2109713554382324
725, 1.1645929021760821, 2, 8.271704361308366, 59, 108041, 108041, 0.004045233596116304, 1.2089041471481323
726, 0.0036581410095095634, 2, 4.8504338837228715, 33, 108074, 108074, 0.004823343828320503, 1.2043802738189697
727, 0.13381686455704767, 2, 5.232101962901652, 36, 108110, 108110, 0.004249797202646732, 1.220889687538147
728, -0.505466400180012, 2, 6.424785021692514, 45, 108155, 108155, 0.0038433296140283346, 1.2129632234573364
729, 0.16384895506780595, 2, 4.7424878901802, 32, 108187, 108187, 0.004480469971895218, 1.2250721454620361
730, 0.14321233634836972, 2, 6.800153931137174, 48, 108235, 108235, 0.004444794729351997, 1.2021795511245728
731, -0.033858552982565016, 2, 14.514454227872193, 107, 108342, 108342, 0.004254277795553207, 1.2077258825302124
732, -0.09758737508673221, 2, 4.4793457430787385, 30, 108372, 108372, 0.004027881193906069, 1.2008804082870483
733, 0.18988434528000653, 2, 4.6982559082098305, 32, 108404, 108404, 0.003873765002936125, 1.2122976779937744
734, -0.38525354804005474, 2, 6.452347036916763, 45, 108449, 108449, 0.004190829582512379, 1.220338225364685
735, 0.09499482729006559, 2, 19.35543331503868, 144, 108593, 108593, 0.004054749384522438, 1.2074108123779297
736, -1.8780550673400285, 2, 29.95408427482471, 225, 108818, 108818, 0.004383754916489124, 1.2020639181137085
737, -0.08070245529233944, 2, 12.803302550688386, 94, 108912, 108912, 0.004605689086019993, 1.2087759971618652
738, -0.19859188637929037, 2, 4.488543238025159, 30, 108942, 108942, 0.004155355971306562, 1.212133765220642
739, -3.3678439978093593, 4, 44.160832380410284, 334, 109276, 109276, 0.004247782286256552, 1.2076692581176758
740, -1.0912505659507588, 2, 9.201638390310109, 66, 109342, 109342, 0.004224373959004879, 1.2089916467666626
741, 0.5938190845772624, 2, 8.666491098236293, 62, 109404, 109404, 0.004103424493223429, 1.2133339643478394
742, -0.3856252353871241, 2, 9.69723898312077, 70, 109474, 109474, 0.0039329007267951965, 1.214184284210205
743, 0.11436969018541276, 2, 5.128462886903435, 35, 109509, 109509, 0.004428814630955458, 1.1970059871673584
744, 0.11847862950526178, 2, 4.456802829168737, 30, 109539, 109539, 0.004556933417916298, 1.1878374814987183
745, 0.3836450834169227, 2, 21.14574289135635, 158, 109697, 109697, 0.004586813040077686, 1.210981011390686
746, -0.007131824386306107, 2, 12.845763938035816, 94, 109791, 109791, 0.004415780771523714, 1.211012601852417
747, -1.1205767471110448, 2, 4.45662822201848, 30, 109821, 109821, 0.003852538764476776, 1.2194386720657349
748, -0.5121890855953097, 2, 6.8096923236735165, 48, 109869, 109869, 0.0043296837247908115, 1.2011337280273438
749, -0.34109303436707705, 2, 4.462594230193645, 30, 109899, 109899, 0.004635790828615427, 1.2115459442138672
750, -3.5286710765212774, 4, 44.15500702895224, 334, 110233, 110233, 0.004192694555968046, 1.2036325931549072
751, -0.05788949145789957, 2, 11.217872811947018, 82, 110315, 110315, 0.0043034241534769535, 1.212105631828308
752, -0.4233489944599569, 2, 7.7429965948686, 55, 110370, 110370, 0.004350189585238695, 1.201707124710083
753, 0.3098461120389402, 2, 7.321934416890144, 52, 110422, 110422, 0.004318290390074253, 1.1994435787200928
754, 0.9534892808878794, 2, 11.526414154097438, 84, 110506, 110506, 0.004414970986545086, 1.2138508558273315
755, 0.8848519693128765, 2, 12.932970004156232, 95, 110601, 110601, 0.004372432827949524, 1.2080293893814087
756, -0.1832300724140623, 2, 19.365640725009143, 144, 110745, 110745, 0.004167842213064432, 1.2092148065567017
757, -0.0922278641955927, 2, 5.901141702197492, 41, 110786, 110786, 0.0041708312928676605, 1.1993474960327148
758, 0.4676949350396171, 2, 10.310297804884613, 75, 110861, 110861, 0.004229051526635885, 1.2095460891723633
759, -0.32035439484752715, 2, 12.058313806075603, 88, 110949, 110949, 0.004022341687232256, 1.1920828819274902
760, 0.10086254682391882, 2, 5.224380925297737, 36, 110985, 110985, 0.004245600663125515, 1.1840966939926147
761, -0.07025684582185932, 2, 13.227543324232101, 97, 111082, 111082, 0.004232997540384531, 1.2125838994979858
762, -0.17049255016900133, 2, 10.071293679066002, 73, 111155, 111155, 0.0044106957502663136, 1.1876001358032227
763, 0.4099690776783973, 2, 5.917298661079258, 41, 111196, 111196, 0.004013107158243656, 1.2046153545379639
764, 0.20841175829991698, 2, 9.944089933298528, 72, 111268, 111268, 0.004130872432142496, 1.2023810148239136
765, 0.7283697556122206, 2, 10.460188390687108, 76, 111344, 111344, 0.004163936246186495, 1.1962066888809204
766, 0.2548060219414765, 2, 21.056747865863144, 157, 111501, 111501, 0.004138808697462082, 1.199483871459961
767, 0.331261457526125, 2, 8.612990375142545, 62, 111563, 111563, 0.004024102818220854, 1.1937917470932007
768, 0.43361958814784884, 2, 14.143720205873251, 104, 111667, 111667, 0.00417884299531579, 1.1941827535629272
769, 0.4947335077158641, 2, 14.024779232218862, 103, 111770, 111770, 0.004384759347885847, 1.1906026601791382
770, 0.15348351397551596, 2, 5.789751260075718, 40, 111810, 111810, 0.004476030822843313, 1.209356665611267
771, -0.28528016491327435, 2, 4.692187108565122, 32, 111842, 111842, 0.004034993704408407, 1.2020342350006104
772, -0.7641291097970679, 2, 11.3552729440853, 83, 111925, 111925, 0.004374821204692125, 1.1959770917892456
773, 0.1698852312983945, 2, 6.714152245316654, 47, 111972, 111972, 0.004264698829501867, 1.2082126140594482
774, -0.5424261046646279, 2, 40.058855327777565, 303, 112275, 112275, 0.004211438819766045, 1.1998345851898193
775, 0.32360220653936267, 2, 23.744699590839446, 178, 112453, 112453, 0.004053069744259119, 1.1941343545913696
776, -0.7366060665808618, 2, 8.490634128917009, 61, 112514, 112514, 0.004325042944401503, 1.1916656494140625
777, -0.5642703796038404, 2, 7.900293556973338, 54, 112568, 112568, 0.003984177950769663, 1.2104657888412476
778, 0.4617135610897094, 2, 11.556510394904763, 84, 112652, 112652, 0.004214625805616379, 1.1937000751495361
779, -0.699098079407122, 2, 14.7370465840213, 109, 112761, 112761, 0.004395267926156521, 1.1866645812988281
780, 0.6405952874338254, 2, 12.039712245110422, 88, 112849, 112849, 0.004330441355705261, 1.192973017692566
781, -0.5583353282418102, 2, 5.897052617743611, 41, 112890, 112890, 0.004423449281603098, 1.2002954483032227
782, 0.3846135289641097, 2, 5.879487228114158, 41, 112931, 112931, 0.004195441957563162, 1.1983845233917236
783, -0.13087957235984504, 2, 7.483169625047594, 53, 112984, 112984, 0.004201848059892654, 1.1993662118911743
784, -1.5114637413062155, 2, 4.489787554368377, 30, 113014, 113014, 0.004387902561575174, 1.2074096202850342
785, 0.5177621075417846, 2, 8.771455150097609, 63, 113077, 113077, 0.004137211013585329, 1.1801979541778564
786, 0.8869206322451646, 2, 13.75419659120962, 101, 113178, 113178, 0.004334034398198128, 1.1867682933807373
787, 0.4786268903699238, 2, 18.08349106926471, 134, 113312, 113312, 0.004264517687261105, 1.1978535652160645
788, -0.5175074696308002, 2, 9.704592165071517, 70, 113382, 113382, 0.004276437684893608, 1.1892952919006348
789, -0.14877345750574023, 2, 4.447487393859774, 30, 113412, 113412, 0.004274716600775719, 1.182987928390503
790, -1.1023196323076263, 2, 16.759966798126698, 124, 113536, 113536, 0.00433079618960619, 1.193548321723938
791, 0.8549998571397737, 2, 9.00057072006166, 65, 113601, 113601, 0.004221316426992416, 1.1875959634780884
792, -1.027033575810492, 2, 4.453909022267908, 30, 113631, 113631, 0.004100280813872814, 1.1820247173309326
793, 0.00581867676373804, 2, 21.027899412903935, 157, 113788, 113788, 0.004154077731072903, 1.191960096359253
794, 0.6307873396144714, 2, 13.213257650844753, 97, 113885, 113885, 0.004308643285185099, 1.2068413496017456
795, -0.14398581007844768, 2, 19.85301795322448, 148, 114033, 114033, 0.004250430967658758, 1.1888773441314697
796, -0.000295788049697876, 2, 9.083278509322554, 65, 114098, 114098, 0.004020840860903263, 1.19363272190094
797, -0.5327660795301199, 2, 5.772512663155794, 40, 114138, 114138, 0.004379337187856436, 1.1928386688232422
798, -0.1276025427505374, 2, 4.721521467901766, 32, 114170, 114170, 0.004241903778165579, 1.185096025466919
799, -0.5451635397039354, 2, 5.233414719812572, 36, 114206, 114206, 0.004093815106898546, 1.1866587400436401
800, 0.3240377230104059, 2, 5.613354370929301, 39, 114245, 114245, 0.0044118864461779594, 1.1836880445480347
801, 0.10817236767616123, 2, 10.708506538067013, 78, 114323, 114323, 0.004289016593247652, 1.1859639883041382
802, -1.4530930574983358, 2, 4.595168788917363, 31, 114354, 114354, 0.004289537202566862, 1.190552830696106
803, 0.579983742441982, 2, 4.9832112193107605, 34, 114388, 114388, 0.004624350927770138, 1.1616264581680298
804, -0.022986110881902277, 2, 6.403311751317233, 45, 114433, 114433, 0.0041324300691485405, 1.1921149492263794
805, -0.040623944136314094, 2, 5.909311454277486, 41, 114474, 114474, 0.0045298319309949875, 1.179945707321167
806, -0.7502178899012506, 2, 5.521956759970635, 38, 114512, 114512, 0.00456889858469367, 1.191591739654541
807, 0.3654613339458592, 2, 11.345389770809561, 83, 114595, 114595, 0.004295487888157368, 1.183898687362671
808, -0.26858844503294677, 2, 8.354852273128927, 60, 114655, 114655, 0.004475608468055725, 1.203202486038208
809, 0.3846362547483295, 2, 5.528823495376855, 38, 114693, 114693, 0.004218702204525471, 1.190098762512207
810, -0.2419667477790881, 2, 38.815686784219, 293, 114986, 114986, 0.004216374363750219, 1.192417025566101
811, 0.7993473930982873, 2, 11.065706289839, 81, 115067, 115067, 0.004171581938862801, 1.199939250946045
812, -0.3375795412575826, 2, 4.966121222823858, 34, 115101, 115101, 0.004134384449571371, 1.1820179224014282
813, 0.2600485917064361, 2, 12.947109725791961, 95, 115196, 115196, 0.004194186069071293, 1.178283929824829
814, 0.6559624871761116, 2, 17.576163835357875, 131, 115327, 115327, 0.004000439774245024, 1.196435809135437
815, 0.5306292732711881, 2, 17.796183470170945, 132, 115459, 115459, 0.004283013287931681, 1.1835319995880127
816, 0.5311971389455721, 2, 11.91542352316901, 87, 115546, 115546, 0.004344805143773556, 1.1670506000518799
817, 0.5267364858882502, 2, 16.230340908747166, 120, 115666, 115666, 0.004168316721916199, 1.183331847190857
818, -0.5282099021133035, 2, 7.603036213200539, 54, 115720, 115720, 0.004017519764602184, 1.1837477684020996
819, 0.1536890996794682, 2, 13.963425328023732, 103, 115823, 115823, 0.004321225453168154, 1.1811566352844238
820, -0.01996262805914739, 2, 10.74483320536092, 78, 115901, 115901, 0.004389838315546513, 1.1889551877975464
821, 0.21275417890865356, 2, 7.1938042850233614, 51, 115952, 115952, 0.004137625452131033, 1.1619740724563599
822, 0.4018430438482028, 2, 25.22014680597931, 189, 116141, 116141, 0.004239956382662058, 1.1912751197814941
823, 0.4184925778536126, 2, 4.721677302848548, 32, 116173, 116173, 0.004082902800291777, 1.1854753494262695
824, 0.3033082718029618, 2, 5.630289037246257, 39, 116212, 116212, 0.004181289114058018, 1.1792165040969849
825, -1.2153656818554737, 2, 22.07957543991506, 165, 116377, 116377, 0.004173336550593376, 1.1911356449127197
826, -0.3659172897459939, 2, 5.1277217492461205, 35, 116412, 116412, 0.004143592901527882, 1.2031911611557007
827, 0.3121701186755672, 2, 5.09689343906939, 35, 116447, 116447, 0.0041468325071036816, 1.1929152011871338
828, 0.6464865665184334, 2, 11.779384961351752, 86, 116533, 116533, 0.004196660593152046, 1.1758148670196533
829, -2.0859857900068164, 2, 4.4406735030934215, 30, 116563, 116563, 0.004183041863143444, 1.195046067237854
830, -0.2069208030588925, 2, 4.484241354744881, 30, 116593, 116593, 0.003952623810619116, 1.1860905885696411
831, 0.35721632826607674, 2, 12.030609764158726, 88, 116681, 116681, 0.004071530420333147, 1.1870805025100708
832, -1.2285223249346018, 2, 4.466776893939823, 30, 116711, 116711, 0.004511876497417688, 1.1852829456329346
833, -0.28659707435872406, 2, 4.993717133998871, 34, 116745, 116745, 0.004522236995398998, 1.1923398971557617
834, -1.2632590651046485, 2, 4.492207103408873, 30, 116775, 116775, 0.004343666136264801, 1.1952025890350342
835, -0.4586092011304572, 2, 8.140901865437627, 58, 116833, 116833, 0.00440830085426569, 1.172694444656372
836, -0.14981587580405176, 2, 6.146701451390982, 43, 116876, 116876, 0.004560080356895924, 1.170655608177185
837, -0.2736957104643807, 2, 5.743412327952683, 40, 116916, 116916, 0.004018315114080906, 1.162606120109558
838, -0.8428424611920491, 2, 5.937171021942049, 41, 116957, 116957, 0.004408092238008976, 1.1743229627609253
839, -2.637693526383373, 4, 44.14533507404849, 334, 117291, 117291, 0.004260214976966381, 1.1809865236282349
840, -0.17829428031109273, 2, 9.18001147499308, 66, 117357, 117357, 0.004363353829830885, 1.1773761510849
841, 0.18231318518519402, 2, 8.515196834690869, 61, 117418, 117418, 0.004279119428247213, 1.1749008893966675
842, 0.12512640713248402, 2, 12.218530325684696, 89, 117507, 117507, 0.004478738643229008, 1.1724735498428345
843, 0.33510021737311035, 2, 11.838751530274749, 86, 117593, 117593, 0.004108926746994257, 1.180938720703125
844, -0.07354100025258958, 2, 7.446788568980992, 53, 117646, 117646, 0.004607806913554668, 1.1746907234191895
845, -0.15517845831345767, 2, 14.652002298738807, 108, 117754, 117754, 0.004314171615988016, 1.1936936378479004
846, 0.4260580994305201, 2, 17.2644969872199, 128, 117882, 117882, 0.004618615377694368, 1.1832154989242554
847, 0.4414590646047145, 2, 18.055796464905143, 134, 118016, 118016, 0.004137989599257708, 1.173641324043274
848, 0.28207565867342055, 2, 6.917813947889954, 49, 118065, 118065, 0.004069929011166096, 1.1802735328674316
849, 0.28470249590463936, 2, 14.740017693955451, 109, 118174, 118174, 0.0041418131440877914, 1.1749714612960815
850, 0.264900861075148, 2, 5.259061484131962, 36, 118210, 118210, 0.004049183335155249, 1.1918469667434692
851, 0.48044024978298694, 2, 12.92063463339582, 95, 118305, 118305, 0.004413257818669081, 1.177331566810608
852, -0.4629306932911277, 2, 5.759446509182453, 40, 118345, 118345, 0.004455840215086937, 1.1841726303100586
853, -1.366362723405473, 2, 5.361525377258658, 37, 118382, 118382, 0.004280558787286282, 1.1560779809951782
854, -0.20881044631823897, 2, 9.949664428364486, 72, 118454, 118454, 0.004387649241834879, 1.1664223670959473
855, 0.48112013295758516, 2, 5.784730197861791, 40, 118494, 118494, 0.00410803547129035, 1.1789722442626953
856, 0.38910018070600927, 2, 5.508546077180654, 38, 118532, 118532, 0.0048517147079110146, 1.1788034439086914
857, 0.5744817436461744, 2, 18.074917922727764, 134, 118666, 118666, 0.004456612281501293, 1.1635782718658447
858, -0.09834708755079191, 2, 15.044634927995503, 111, 118777, 118777, 0.0042797173373401165, 1.170551061630249
859, -0.18025633110664785, 2, 10.334586283192039, 75, 118852, 118852, 0.004386124201118946, 1.1720777750015259
860, 0.06511354302347172, 2, 18.66675239894539, 139, 118991, 118991, 0.004292624071240425, 1.1769356727600098
861, 0.4704822277853964, 2, 14.25661685783416, 105, 119096, 119096, 0.0042401934042572975, 1.164765477180481
862, 0.33856975787784904, 2, 7.999983684159815, 57, 119153, 119153, 0.004344882443547249, 1.1695810556411743
863, 0.15793351131287636, 2, 23.158648842014372, 173, 119326, 119326, 0.004420175217092037, 1.1691765785217285
864, 0.6906963980216005, 2, 16.58413087297231, 123, 119449, 119449, 0.004479322116822004, 1.1782945394515991
865, -0.29784958087839186, 2, 4.447532615158707, 30, 119479, 119479, 0.004519646987318993, 1.170591950416565
866, -0.1773687663662713, 2, 19.157849280629307, 142, 119621, 119621, 0.004151505883783102, 1.1812971830368042
867, 0.06834400200750679, 2, 9.692810500971973, 70, 119691, 119691, 0.004419833887368441, 1.1689891815185547
868, 0.03546609450131655, 2, 4.982897217851132, 34, 119725, 119725, 0.004257300868630409, 1.177171230316162
869, -0.20638023084029555, 2, 10.318248095922172, 75, 119800, 119800, 0.004325228743255138, 1.170448899269104
870, 1.160370819736272, 2, 13.723826738074422, 101, 119901, 119901, 0.004348102491348982, 1.1674761772155762
871, 0.3452194059500471, 2, 7.709452447015792, 55, 119956, 119956, 0.0041653551161289215, 1.1533349752426147
872, 0.7106814783910522, 2, 15.69121630396694, 116, 120072, 120072, 0.004564792383462191, 1.1711605787277222
873, -1.044599291519262, 2, 4.459361509419978, 30, 120102, 120102, 0.0042412434704601765, 1.1962699890136719
874, -1.0552217867225409, 2, 10.455195808317512, 76, 120178, 120178, 0.00450865039601922, 1.1716015338897705
875, 0.20387412316631526, 2, 6.831726789940149, 48, 120226, 120226, 0.0042514493688941, 1.1628042459487915
876, 0.12436680239625275, 2, 8.385034545790404, 60, 120286, 120286, 0.0043731858022511005, 1.1607551574707031
877, 0.12973496096674353, 2, 7.975905544124544, 57, 120343, 120343, 0.00434630922973156, 1.15689218044281
878, 0.8633147035143338, 2, 17.173988660797477, 127, 120470, 120470, 0.0042992932721972466, 1.1687456369400024
879, 0.495226921280846, 2, 11.63709020614624, 85, 120555, 120555, 0.004300232045352459, 1.168507695198059
880, -0.7536547390045598, 2, 5.763494891114533, 40, 120595, 120595, 0.0045256586745381355, 1.1835854053497314
881, -0.30349407671019435, 2, 7.052789893001318, 50, 120645, 120645, 0.0042672292329370975, 1.177579402923584
882, 0.4757533863885328, 2, 16.59535352792591, 123, 120768, 120768, 0.004342622589319944, 1.1549019813537598
883, 0.08218922954984009, 2, 17.640079171862453, 131, 120899, 120899, 0.0042500803247094154, 1.1617512702941895
884, 0.5847770487889647, 2, 6.272993972990662, 44, 120943, 120943, 0.004308909643441439, 1.1792209148406982
885, 0.1557851827237755, 2, 19.23351154802367, 143, 121086, 121086, 0.004242817871272564, 1.1667838096618652
886, 0.2300688805989921, 2, 4.477334832306951, 30, 121116, 121116, 0.00437832809984684, 1.1527715921401978
887, 0.3092991305748001, 2, 5.61702048080042, 39, 121155, 121155, 0.004579046741127968, 1.1561096906661987
888, 0.15442135953344405, 2, 13.47485830495134, 99, 121254, 121254, 0.004274213686585426, 1.1705249547958374
889, -1.8442206048639491, 2, 4.454253884032369, 30, 121284, 121284, 0.004023175220936537, 1.1471294164657593
890, 0.33038918336387724, 2, 4.457236343994737, 30, 121314, 121314, 0.004529982339590788, 1.1772760152816772
891, 0.1816000008257106, 2, 19.732263762969524, 147, 121461, 121461, 0.004169434309005737, 1.1630783081054688
892, 0.40805451988853747, 2, 12.948442344088107, 95, 121556, 121556, 0.004113208036869764, 1.1637845039367676
893, -0.15533385635353625, 2, 10.25617822818458, 74, 121630, 121630, 0.004501817282289267, 1.1717584133148193
894, -0.4937134569045156, 2, 4.87562862643972, 33, 121663, 121663, 0.004206405021250248, 1.1621758937835693
895, -1.3829773208126426, 2, 4.451765904668719, 30, 121693, 121693, 0.00433616666123271, 1.1695845127105713
896, 0.5372050509031396, 2, 15.975623285863549, 118, 121811, 121811, 0.004307391121983528, 1.1598995923995972
897, 0.2764515085145831, 2, 5.887147014029324, 41, 121852, 121852, 0.004058990627527237, 1.1651873588562012
898, -0.3582962295040488, 2, 7.4856662093661726, 53, 121905, 121905, 0.00415062578395009, 1.1636689901351929
899, 0.1501469042923418, 2, 22.300448040943593, 166, 122071, 122071, 0.004307975992560387, 1.1599175930023193
900, -0.7864288392011076, 2, 17.61362679116428, 131, 122202, 122202, 0.004270963836461306, 1.1667503118515015
901, 0.11912779297563247, 2, 6.92142717493698, 49, 122251, 122251, 0.00437481002882123, 1.1719776391983032
902, 0.40091132814995944, 2, 4.717764228116721, 32, 122283, 122283, 0.004439084324985743, 1.1639256477355957
903, -1.2722992576891556, 2, 4.461438945028931, 30, 122313, 122313, 0.0043962993659079075, 1.1530320644378662
904, 0.22859718545805663, 2, 7.999913152307272, 57, 122370, 122370, 0.004431041888892651, 1.1630394458770752
905, 0.04382726289622951, 2, 14.406647290103137, 106, 122476, 122476, 0.00450411532074213, 1.1531988382339478
906, -3.149655672938934, 2, 38.751744157169014, 292, 122768, 122768, 0.004308914300054312, 1.1570461988449097
907, -0.46577362215612084, 2, 5.362982919905335, 37, 122805, 122805, 0.004366655834019184, 1.1582378149032593
908, 0.19328195974230766, 2, 8.26449377508834, 59, 122864, 122864, 0.004421477671712637, 1.1535801887512207
909, 0.8469577369105536, 2, 18.140850813128054, 135, 122999, 122999, 0.00433539692312479, 1.161346673965454
910, -10.867170800105669, 4, 44.49846430402249, 334, 123333, 123333, 0.004310688469558954, 1.1588191986083984
911, 0.31160918390378356, 2, 12.023067194968462, 88, 123421, 123421, 0.004206690937280655, 1.1501712799072266
912, -0.6744645045837387, 2, 5.238117082044482, 36, 123457, 123457, 0.0043978276662528515, 1.1545090675354004
913, -0.12880743003915995, 2, 22.086788633838296, 165, 123622, 123622, 0.004748071543872356, 1.1585266590118408
914, -2.318344358820468, 2, 4.5064887860789895, 30, 123652, 123652, 0.004491300787776709, 1.1832950115203857
915, -0.016124544199556112, 2, 8.173316557426006, 58, 123710, 123710, 0.004407817963510752, 1.1630518436431885
916, -0.3736298505682498, 2, 5.111714508384466, 35, 123745, 123745, 0.0048690312542021275, 1.1513944864273071
917, -4.977733821317088, 4, 44.106423896271735, 334, 124079, 124079, 0.004504650831222534, 1.159664273262024
918, -0.2457822157884948, 2, 16.77421046793461, 124, 124203, 124203, 0.0044545019045472145, 1.1656416654586792
919, 0.5310735365528672, 2, 14.801484931726009, 109, 124312, 124312, 0.004574321676045656, 1.158970594406128
920, -1.7565383095061406, 2, 4.486823529005051, 30, 124342, 124342, 0.00462401332333684, 1.1696741580963135
921, 0.32750280818436295, 2, 6.062288603745401, 42, 124384, 124384, 0.004554039798676968, 1.1605393886566162
922, 0.4068007913447218, 2, 14.947836710140109, 110, 124494, 124494, 0.0044310432858765125, 1.1652897596359253
923, 0.07341505424119532, 2, 4.728664254304022, 32, 124526, 124526, 0.004891353193670511, 1.165095567703247
924, 0.3166368388835963, 2, 11.648816064931452, 85, 124611, 124611, 0.0044546849094331264, 1.1659395694732666
925, 0.27603805757826194, 2, 18.955715951044112, 141, 124752, 124752, 0.004438331816345453, 1.1613353490829468
926, 0.03734807437285781, 2, 8.244687231257558, 59, 124811, 124811, 0.004436095245182514, 1.1724605560302734
927, -0.8255886887200177, 2, 4.728747915942222, 32, 124843, 124843, 0.004301607143133879, 1.167515516281128
928, 0.33131250250153244, 2, 7.351420575287193, 52, 124895, 124895, 0.004333344288170338, 1.1555696725845337
929, -0.11714755254797637, 2, 8.045966217759997, 57, 124952, 124952, 0.004458916373550892, 1.1640971899032593
930, -0.024325006757862866, 2, 5.761083648074418, 40, 124992, 124992, 0.004079469945281744, 1.1495153903961182
931, 0.04999938327819109, 2, 4.690886517986655, 32, 125024, 125024, 0.00424574688076973, 1.161093831062317
932, -0.22609162237495184, 2, 5.1592336990870535, 35, 125059, 125059, 0.004519479349255562, 1.1505653858184814
933, -0.37118706852197647, 2, 4.716481518000364, 32, 125091, 125091, 0.004436506889760494, 1.1382967233657837
934, 0.3275996637476055, 2, 18.164488632697612, 135, 125226, 125226, 0.004312797449529171, 1.166182279586792
935, -0.08358478359878063, 2, 12.03256223257631, 88, 125314, 125314, 0.0041940403170883656, 1.142676591873169
936, 0.27835051332294825, 2, 21.527291659265757, 161, 125475, 125475, 0.0045101032592356205, 1.1506750583648682
937, 0.21254843682982028, 2, 4.95810083206743, 34, 125509, 125509, 0.004389623645693064, 1.169673204421997
938, 0.5419080188730732, 2, 10.682318762876093, 78, 125587, 125587, 0.004330979660153389, 1.1621304750442505
939, 0.3322464651428163, 2, 4.631617225240916, 31, 125618, 125618, 0.00425249757245183, 1.1510233879089355
940, 0.1844956394052133, 2, 5.666466062422842, 39, 125657, 125657, 0.004426644183695316, 1.1562557220458984
941, 0.4847584639210254, 2, 6.155564879998565, 43, 125700, 125700, 0.004455771762877703, 1.1693274974822998
942, 0.09335745754651725, 2, 7.988876664079726, 57, 125757, 125757, 0.004501832649111748, 1.1570600271224976
943, 0.4570241729961708, 2, 13.479238636326045, 99, 125856, 125856, 0.004307027440518141, 1.1519947052001953
944, -1.4144388876156881, 2, 4.455305243842304, 30, 125886, 125886, 0.004507021978497505, 1.1532684564590454
945, -2.7608699513366446, 2, 13.614035223145038, 100, 125986, 125986, 0.004552019760012627, 1.160567283630371
946, -0.6645078081637621, 2, 8.916999218985438, 64, 126050, 126050, 0.004339834675192833, 1.1502635478973389
947, -0.4788468792103231, 2, 5.645199190825224, 39, 126089, 126089, 0.004210967104882002, 1.1528123617172241
948, -0.1238873788388446, 2, 16.4038741402328, 121, 126210, 126210, 0.004597669001668692, 1.1507054567337036
949, 0.3422361142002046, 2, 6.416451408993453, 45, 126255, 126255, 0.0042897919192910194, 1.150180697441101
950, -0.4612930146031431, 2, 26.66614841390401, 200, 126455, 126455, 0.004537645727396011, 1.1470978260040283
951, -2.383107900910545, 4, 44.200390877667814, 334, 126789, 126789, 0.0044844564981758595, 1.148256540298462
952, 0.18895468837581575, 2, 5.63815579097718, 39, 126828, 126828, 0.00477220444008708, 1.1562265157699585
953, 0.060978466528467834, 2, 6.7060445519164205, 47, 126875, 126875, 0.004288513213396072, 1.1522003412246704
954, 0.12867954408284277, 2, 6.398430634755641, 45, 126920, 126920, 0.004430592060089111, 1.147002100944519
955, 0.33931440993910655, 2, 12.965222560800612, 95, 127015, 127015, 0.004426758736371994, 1.1579043865203857
956, -0.4161993310553953, 2, 4.727415666915476, 32, 127047, 127047, 0.004297795705497265, 1.160125494003296
957, 0.5054202917162911, 2, 8.250471644103527, 59, 127106, 127106, 0.004576320759952068, 1.1624441146850586
958, 0.790320878411876, 2, 17.28309382032603, 128, 127234, 127234, 0.0042398120276629925, 1.1459670066833496
959, -0.2451127958483994, 2, 9.46068915585056, 68, 127302, 127302, 0.004150169435888529, 1.15023934841156
960, 0.13909052657254506, 2, 20.10217004502192, 147, 127449, 127449, 0.0044517312198877335, 1.1552664041519165
961, -0.16342644882388413, 2, 9.532972994726151, 69, 127518, 127518, 0.004690428730100393, 1.1448489427566528
962, -0.07652502003475092, 2, 21.75411770120263, 162, 127680, 127680, 0.004298947751522064, 1.1466925144195557
963, 0.21283016994129866, 2, 16.610611136071384, 123, 127803, 127803, 0.004464517347514629, 1.1424843072891235
964, -0.8728642276255414, 2, 22.38741825800389, 167, 127970, 127970, 0.0044195279479026794, 1.1536365747451782
965, -0.4987498592818156, 2, 5.877057389821857, 41, 128011, 128011, 0.004058892838656902, 1.1447575092315674
966, -0.6660240024793893, 2, 5.678856098093092, 39, 128050, 128050, 0.0045356545597314835, 1.1451878547668457
967, 0.09085474000312388, 2, 6.299993005115539, 44, 128094, 128094, 0.004497210960835218, 1.1399236917495728
968, 0.5612917538965121, 2, 6.858505956828594, 48, 128142, 128142, 0.004363065119832754, 1.1404999494552612
969, 0.19186968449503183, 2, 7.74451938085258, 55, 128197, 128197, 0.004536700900644064, 1.1518460512161255
970, 0.3309320728367311, 2, 20.154279517941177, 150, 128347, 128347, 0.004332702606916428, 1.1515907049179077
971, 0.13655286852736026, 2, 5.369369538966566, 37, 128384, 128384, 0.004486629739403725, 1.143472671508789
972, -0.31828588791540824, 2, 11.010962234809995, 80, 128464, 128464, 0.004618711769580841, 1.1521272659301758
973, 0.5465824673883617, 2, 14.71470163622871, 108, 128572, 128572, 0.0043410384096205235, 1.1529428958892822
974, 0.41200769777060486, 2, 11.123176153283566, 81, 128653, 128653, 0.004097041208297014, 1.1569626331329346
975, 0.47662712819874287, 2, 4.485961368307471, 30, 128683, 128683, 0.004198594484478235, 1.1233865022659302
976, 0.3994628099608235, 2, 11.15201945696026, 81, 128764, 128764, 0.0045322529040277, 1.1496126651763916
977, 0.0274250052170828, 2, 20.64876932511106, 154, 128918, 128918, 0.004258500877767801, 1.147814393043518
978, 0.19850497494917363, 2, 9.801456678658724, 71, 128989, 128989, 0.004341864958405495, 1.1326253414154053
979, 0.1834599383873865, 2, 6.9797580586746335, 49, 129038, 129038, 0.004485965706408024, 1.1501109600067139
980, 0.5229588110232726, 2, 8.666400866117328, 62, 129100, 129100, 0.004606427159160376, 1.1421841382980347
981, 0.7604521235916764, 2, 10.339080397039652, 75, 129175, 129175, 0.004435284528881311, 1.149353265762329
982, -0.11670924199279398, 2, 18.857946061063558, 140, 129315, 129315, 0.004461432807147503, 1.147804617881775
983, -0.4777937263716012, 2, 13.373591651208699, 98, 129413, 129413, 0.004423856269568205, 1.1464368104934692
984, 0.854250900214538, 2, 12.832022930961102, 94, 129507, 129507, 0.004619217943400145, 1.144331455230713
985, 0.5562121916736942, 2, 15.062552377115935, 111, 129618, 129618, 0.004378446843475103, 1.1494196653366089
986, 0.18021197509369813, 2, 13.857356792781502, 102, 129720, 129720, 0.004558874294161797, 1.142584204673767
987, -4.231804694223683, 2, 24.056470880284905, 180, 129900, 129900, 0.004611005075275898, 1.1433039903640747
988, -0.25219511438626796, 2, 7.586679134983569, 54, 129954, 129954, 0.004210705403238535, 1.1489366292953491
989, 0.30317020160691754, 2, 21.03709392482415, 157, 130111, 130111, 0.004404390696436167, 1.1470849514007568
990, 0.12740975618362427, 2, 7.214476282242686, 51, 130162, 130162, 0.004307882394641638, 1.1381937265396118
991, -0.197088404900569, 2, 5.231528901960701, 36, 130198, 130198, 0.0045875501818954945, 1.1589795351028442
992, 0.05723551259143278, 2, 17.53604830801487, 130, 130328, 130328, 0.004361711908131838, 1.1391098499298096
993, -0.4381524194177473, 2, 22.890009880065918, 171, 130499, 130499, 0.004485693760216236, 1.1454981565475464
994, -0.22071480995509773, 2, 8.267311389092356, 59, 130558, 130558, 0.004660789389163256, 1.144192099571228
995, 0.3722539304735619, 2, 14.674698416143656, 108, 130666, 130666, 0.0043548340909183025, 1.1333043575286865
996, 0.3989613309693141, 2, 25.014881015755236, 187, 130853, 130853, 0.004359749145805836, 1.1450353860855103
997, 0.8041272811824456, 2, 14.422435375861824, 106, 130959, 130959, 0.004382845479995012, 1.1484180688858032
998, -0.1656586981844157, 2, 7.33936827396974, 52, 131011, 131011, 0.004443999845534563, 1.1379622220993042
999, -0.6263145571865607, 2, 17.409168684855103, 129, 131140, 131140, 0.004367446061223745, 1.1382819414138794
1000, 0.4307061967174377, 2, 14.532671888824552, 107, 131247, 131247, 0.004455157555639744, 1.1340610980987549
1001, 0.49548523989506066, 2, 6.3883610451593995, 45, 131292, 131292, 0.004756159149110317, 1.1332225799560547
1002, -2.44137299497379, 2, 30.471090266946703, 229, 131521, 131521, 0.004339499864727259, 1.1503506898880005
1003, 0.8439175146195339, 2, 18.457534305285662, 137, 131658, 131658, 0.0043766796588897705, 1.1429674625396729
1004, 0.45345192765671527, 2, 14.80106808617711, 109, 131767, 131767, 0.004370370414108038, 1.1458390951156616
1005, 0.2868773468071595, 2, 15.68911502091214, 116, 131883, 131883, 0.004432466812431812, 1.140406608581543
1006, -0.4045253716612933, 2, 29.31415730388835, 220, 132103, 132103, 0.004295592661947012, 1.1443599462509155
1007, 0.4685290622328466, 2, 16.049278852064162, 117, 132220, 132220, 0.00452842703089118, 1.138958215713501
1008, -0.028402050025761127, 2, 10.859358694870025, 79, 132299, 132299, 0.004251472186297178, 1.1422275304794312
1009, 0.19905471219681203, 2, 18.901533762924373, 139, 132438, 132438, 0.00429693516343832, 1.150158166885376
1010, 0.8155198032036424, 2, 15.032894205767661, 111, 132549, 132549, 0.004162889439612627, 1.1368438005447388
1011, 0.45062422557384707, 2, 14.392562554217875, 106, 132655, 132655, 0.004403623752295971, 1.1398967504501343
1012, -0.05778454162646085, 2, 14.553010704927146, 107, 132762, 132762, 0.0042376029305160046, 1.1462211608886719
1013, -0.3562628279469209, 2, 16.753082026261836, 124, 132886, 132886, 0.004224094562232494, 1.1400917768478394
1014, 0.7380017653340474, 2, 9.154956963844597, 66, 132952, 132952, 0.004495290108025074, 1.1310553550720215
1015, -0.26785946184099885, 2, 17.16858760174364, 127, 133079, 133079, 0.004268420860171318, 1.152188777923584
1016, 0.3451717176940292, 2, 4.622527553234249, 31, 133110, 133110, 0.004653806332498789, 1.142770528793335
1017, 0.6983101143268868, 2, 7.445583592168987, 53, 133163, 133163, 0.004134042654186487, 1.122360348701477
1018, -0.3752819849178195, 2, 5.776461315341294, 40, 133203, 133203, 0.00433717155829072, 1.1432253122329712
1019, 0.4304889689083211, 2, 19.355067991651595, 144, 133347, 133347, 0.004385383799672127, 1.1380524635314941
1020, -0.4538328978669597, 2, 24.80107472790405, 185, 133532, 133532, 0.004349696449935436, 1.144239902496338
1021, 0.2589708771556616, 2, 6.7949622557498515, 48, 133580, 133580, 0.004387525375932455, 1.1380765438079834
1022, 0.16803907416760921, 2, 6.180044507142156, 43, 133623, 133623, 0.004444857593625784, 1.1230641603469849
1023, 0.45241396728670225, 2, 12.842062269803137, 94, 133717, 133717, 0.004534561652690172, 1.1302801370620728
1024, -0.07977423106785864, 2, 14.269362000282854, 105, 133822, 133822, 0.004415355622768402, 1.1395999193191528
1025, -0.1143821471487172, 2, 6.057475678622723, 42, 133864, 133864, 0.00452066445723176, 1.1234060525894165
1026, -0.18448612157953903, 2, 17.760154174175113, 132, 133996, 133996, 0.004385542124509811, 1.1308656930923462
1027, 0.1859400451212423, 2, 14.512595095671713, 107, 134103, 134103, 0.004277141764760017, 1.1459976434707642
1028, 0.03625824558548629, 2, 28.154499095398933, 211, 134314, 134314, 0.004274426493793726, 1.1359785795211792
1029, -0.037892996217124164, 2, 14.936689158901572, 110, 134424, 134424, 0.0043838792480528355, 1.1368061304092407
1030, -0.3449448309838772, 2, 6.207677755970508, 41, 134465, 134465, 0.004300092812627554, 1.1433054208755493
1031, 0.009794946759939194, 2, 5.369362893979996, 37, 134502, 134502, 0.004334776662290096, 1.1371065378189087
1032, -0.14460971485823393, 2, 4.475549246650189, 30, 134532, 134532, 0.00416851881891489, 1.1260857582092285
1033, -0.03772718086838722, 2, 4.474423435982317, 30, 134562, 134562, 0.004378886427730322, 1.1414682865142822
1034, -0.21637811756227165, 2, 4.451897099148482, 30, 134592, 134592, 0.004301141016185284, 1.1262983083724976
1035, -0.4431490293936804, 2, 5.515245888847858, 38, 134630, 134630, 0.004305863752961159, 1.1303714513778687
1036, 0.13776013581082225, 2, 9.567603881005198, 69, 134699, 134699, 0.00433565815910697, 1.1412534713745117
1037, 0.5219226106273709, 2, 13.219632947817445, 97, 134796, 134796, 0.004372117575258017, 1.1343287229537964
1038, -0.17274753284664257, 2, 26.020560826640576, 195, 134991, 134991, 0.004484948236495256, 1.13339364528656
1039, 0.14740677550435066, 2, 13.274697280023247, 97, 135088, 135088, 0.004303308203816414, 1.1302803754806519
1040, 0.7637634846869332, 2, 14.951550437137485, 110, 135198, 135198, 0.004296217579394579, 1.1405857801437378
1041, 0.22016681195236742, 2, 13.454106947872788, 99, 135297, 135297, 0.0045701125636696815, 1.141958236694336
1042, -1.0907961105694994, 2, 22.052133527118713, 164, 135461, 135461, 0.0043092346750199795, 1.134989619255066
1043, 0.0736333553577424, 2, 18.57535144034773, 138, 135599, 135599, 0.004480845294892788, 1.12723708152771
1044, -1.2787475921213627, 2, 6.458577962126583, 45, 135644, 135644, 0.004191667772829533, 1.1484194993972778
1045, 0.5123953851762053, 2, 18.072779406327754, 134, 135778, 135778, 0.004213226027786732, 1.1383413076400757
1046, -0.018062165705487132, 2, 8.279410029761493, 59, 135837, 135837, 0.00432463688775897, 1.1385102272033691
1047, -3.047479683533311, 4, 44.222690106835216, 334, 136171, 136171, 0.004356228746473789, 1.1327871084213257
1048, 0.33876272512134165, 2, 20.32113480893895, 151, 136322, 136322, 0.004513626452535391, 1.1286916732788086
1049, 0.12592278595548123, 2, 12.080037352163345, 88, 136410, 136410, 0.004208373371511698, 1.1319845914840698
1050, -0.2454128578538075, 2, 5.004874754231423, 34, 136444, 136444, 0.004155892413109541, 1.1248657703399658
1051, -0.42571076721105783, 2, 27.338565915822983, 205, 136649, 136649, 0.0044591594487428665, 1.1315895318984985
1052, 0.47885916634550085, 2, 22.388909011147916, 167, 136816, 136816, 0.00421429006382823, 1.1408430337905884
1053, 0.007574162329547107, 2, 8.825681374873966, 63, 136879, 136879, 0.004352022893726826, 1.126928687095642
1054, -0.2923348245967645, 2, 20.53749123495072, 153, 137032, 137032, 0.00445322273299098, 1.1356289386749268
1055, 0.0986355347558856, 2, 8.44593013683334, 60, 137092, 137092, 0.004252959508448839, 1.136374831199646
1056, -0.06276683025498642, 2, 23.99510850291699, 179, 137271, 137271, 0.004215962253510952, 1.1360090970993042
1057, 0.8630813068521093, 2, 15.950638343114406, 118, 137389, 137389, 0.004183812998235226, 1.1369423866271973
1058, -0.09723710655816831, 2, 22.414120231289417, 167, 137556, 137556, 0.004412712994962931, 1.1282589435577393
1059, -0.03904304758179933, 2, 4.769069283735007, 32, 137588, 137588, 0.004042292479425669, 1.139687180519104
1060, 0.5062432843078568, 2, 20.08290131902322, 149, 137737, 137737, 0.004202906973659992, 1.13751220703125
1061, 0.2027299520559609, 2, 6.453167547937483, 45, 137782, 137782, 0.004095107316970825, 1.1294878721237183
1062, -0.058263749786419794, 2, 23.825242982711643, 178, 137960, 137960, 0.004412451758980751, 1.1271418333053589
1063, 0.16992775356629863, 2, 18.176854455377907, 134, 138094, 138094, 0.0044413465075194836, 1.1308071613311768
1064, -0.18139003848773427, 2, 21.45398115599528, 160, 138254, 138254, 0.004306154791265726, 1.1333458423614502
1065, 0.43402968491636784, 2, 25.789412247017026, 193, 138447, 138447, 0.004459737334400415, 1.134844422340393
1066, -0.5167885693954304, 2, 5.780461054760963, 40, 138487, 138487, 0.0042501999996602535, 1.147872805595398
1067, -0.0943108075298369, 2, 4.875997257884592, 33, 138520, 138520, 0.0040395488031208515, 1.1187140941619873
1068, -0.019936881260946393, 2, 8.418650076724589, 60, 138580, 138580, 0.004214709624648094, 1.1269118785858154
1069, -0.03172465483658016, 2, 4.834697991143912, 33, 138613, 138613, 0.004152445588260889, 1.1326481103897095
1070, -0.5832171413057949, 2, 11.397287860047072, 82, 138695, 138695, 0.004270289093255997, 1.1432608366012573
1071, 0.2650642159860581, 2, 4.946538123302162, 34, 138729, 138729, 0.004196781665086746, 1.1437650918960571
1072, -0.4557146098231897, 2, 6.94903022563085, 49, 138778, 138778, 0.0046355631202459335, 1.138614296913147
1073, 0.10286952008027583, 2, 4.728499877732247, 32, 138810, 138810, 0.004526827018707991, 1.1263474225997925
1074, 0.3102529626339674, 2, 6.7008400578051805, 47, 138857, 138857, 0.0040914081037044525, 1.136647343635559
1075, 0.3722767736762762, 2, 4.748396307229996, 32, 138889, 138889, 0.004252302926033735, 1.111609697341919
1076, 0.048347427509725094, 2, 6.053420329932123, 42, 138931, 138931, 0.004288957454264164, 1.1044669151306152
1077, 0.0757663622207474, 2, 22.369789822027087, 167, 139098, 139098, 0.00431387173011899, 1.1296229362487793
1078, -0.07901756441333418, 2, 14.537367810960859, 107, 139205, 139205, 0.004336168523877859, 1.131569266319275
1079, 0.32166757993400097, 2, 5.401079549919814, 37, 139242, 139242, 0.004130591172724962, 1.1473255157470703
1080, 0.024825040716677904, 2, 5.490311813075095, 38, 139280, 139280, 0.004673181101679802, 1.1251566410064697
1081, 0.41503798332996666, 2, 5.909493059851229, 41, 139321, 139321, 0.004349995870143175, 1.1263031959533691
1082, -1.2422276848626552, 2, 25.290002441965044, 189, 139510, 139510, 0.0042602806352078915, 1.1368579864501953
1083, 0.1683045569807291, 2, 12.17939099483192, 89, 139599, 139599, 0.004200576804578304, 1.137253761291504
1084, -3.070956487674266, 2, 29.84583188407123, 224, 139823, 139823, 0.00430122809484601, 1.1276494264602661
1085, -2.176045577041805, 2, 4.727143553085625, 30, 139853, 139853, 0.004207789432257414, 1.1540499925613403
1086, 0.22886362625285983, 2, 15.455689846072346, 114, 139967, 139967, 0.004443241283297539, 1.131058692932129
1087, -2.7253874580201227, 4, 44.18311540596187, 334, 140301, 140301, 0.00420550350099802, 1.1281630992889404
1088, -0.4454809402814135, 2, 6.663175427354872, 47, 140348, 140348, 0.00413267919793725, 1.1165322065353394
1089, 0.7720916637335904, 2, 17.929969256278127, 133, 140481, 140481, 0.004230249207466841, 1.1254547834396362
1090, 0.0544254929991439, 2, 5.417932566720992, 37, 140518, 140518, 0.004183145239949226, 1.1099934577941895
1091, 0.03532485384494066, 2, 4.444246163126081, 30, 140548, 140548, 0.004123226273804903, 1.1265182495117188
1092, -0.20879709627479315, 2, 5.630428485106677, 39, 140587, 140587, 0.004159402567893267, 1.130359411239624
1093, 0.11385175240502576, 2, 14.034460749011487, 103, 140690, 140690, 0.004361703991889954, 1.1209388971328735
1094, 0.10177806400315603, 2, 20.014931006822735, 149, 140839, 140839, 0.004452996421605349, 1.1213700771331787
1095, -3.547421289695194, 4, 44.13031482696533, 333, 141172, 141172, 0.004383299965411425, 1.1202218532562256
1096, 0.08924370305612683, 2, 7.994384360965341, 57, 141229, 141229, 0.004399166442453861, 1.1238789558410645
1097, 0.7192333989078179, 2, 11.882125785108656, 87, 141316, 141316, 0.0043459380976855755, 1.1153911352157593
1098, 0.2944882760057226, 2, 15.239344217814505, 112, 141428, 141428, 0.0041637481190264225, 1.1250882148742676
1099, 0.05114880255496246, 2, 16.149712825194, 119, 141547, 141547, 0.00402838597074151, 1.1295571327209473
1100, -0.11737482902390184, 2, 14.328851131722331, 105, 141652, 141652, 0.004342130851000547, 1.116835355758667
1101, 0.2855225873008749, 2, 13.237658116035163, 97, 141749, 141749, 0.004448635037988424, 1.1297160387039185
1102, -1.496935742907226, 2, 4.4945094040594995, 30, 141779, 141779, 0.004351918585598469, 1.09009850025177
1103, 0.28869917418342084, 2, 5.140102471224964, 35, 141814, 141814, 0.00454510934650898, 1.138429880142212
1104, -0.7102988680126145, 2, 18.42816060129553, 137, 141951, 141951, 0.004400923382490873, 1.1249160766601562
1105, 0.19721909861800668, 2, 22.62751891789958, 169, 142120, 142120, 0.004315373953431845, 1.1172724962234497
1106, -0.25033351324964315, 2, 5.044079522136599, 34, 142154, 142154, 0.004818775225430727, 1.124924659729004
1107, -0.14951974369614618, 2, 26.436771211680025, 198, 142352, 142352, 0.004204266704618931, 1.1298941373825073
1108, 0.36191045515442966, 2, 20.83528887713328, 155, 142507, 142507, 0.004607186187058687, 1.1265599727630615
1109, -0.49271958973258734, 2, 5.651055528316647, 39, 142546, 142546, 0.004234264139086008, 1.1289719343185425
1110, -1.516366713331081, 2, 4.4763921378180385, 30, 142576, 142576, 0.0041986750438809395, 1.1304306983947754
1111, -0.16781392469783896, 2, 19.098285367246717, 142, 142718, 142718, 0.00418844074010849, 1.1260130405426025
1112, 0.16264859738294035, 2, 6.023682131897658, 42, 142760, 142760, 0.004401143174618483, 1.126381278038025
1113, -0.12171902350019081, 2, 21.852424961980432, 163, 142923, 142923, 0.004066571593284607, 1.1200965642929077
1114, 0.5142771511455067, 2, 12.246512295678258, 89, 143012, 143012, 0.0041883522644639015, 1.1331020593643188
1115, -1.4628516909433529, 2, 28.829822877887636, 216, 143228, 143228, 0.004314153455197811, 1.1170729398727417
1116, -0.08387666352348333, 2, 25.396437217947096, 190, 143418, 143418, 0.004500389564782381, 1.1142008304595947
1117, 0.18089438788592815, 2, 4.715884222649038, 32, 143450, 143450, 0.00416470505297184, 1.1146173477172852
1118, 0.3104145087709185, 2, 11.121691967360675, 81, 143531, 143531, 0.004429312888532877, 1.1153905391693115
1119, 0.38539888155355584, 2, 17.271329783834517, 128, 143659, 143659, 0.004298220854252577, 1.1243952512741089
1120, 0.10370978381251916, 2, 24.071647625416517, 180, 143839, 143839, 0.004429723601788282, 1.1238832473754883
1121, 0.42610528133809566, 2, 13.2302834559232, 97, 143936, 143936, 0.004289235454052687, 1.1204973459243774
1122, 0.18588456115685403, 2, 11.006145464722067, 80, 144016, 144016, 0.004226303659379482, 1.1087839603424072
1123, 0.6595648480579257, 2, 7.055815895088017, 50, 144066, 144066, 0.004359337966889143, 1.1216310262680054
1124, 0.3780588337685913, 2, 15.041025101207197, 111, 144177, 144177, 0.004288892261683941, 1.1177250146865845
1125, -0.45530848449561745, 2, 12.34441816760227, 90, 144267, 144267, 0.004074252210557461, 1.1257681846618652
1126, 0.5723369587212801, 2, 5.413274809252471, 37, 144304, 144304, 0.004385398700833321, 1.1197450160980225
1127, -0.21488117850094568, 2, 37.260464002843946, 280, 144584, 144584, 0.004368044435977936, 1.1151340007781982
1128, 0.32872025630786084, 2, 19.728931799996644, 147, 144731, 144731, 0.004310264717787504, 1.1145025491714478
1129, -0.27608180546667427, 2, 7.7431784979999065, 55, 144786, 144786, 0.004185122437775135, 1.090105414390564
1130, -3.889915044652298, 4, 44.13981027994305, 333, 145119, 145119, 0.004247843287885189, 1.1177889108657837
1131, 0.027158900295034982, 2, 17.301002492196858, 128, 145247, 145247, 0.004093147814273834, 1.1064262390136719
1132, -0.422498817788437, 2, 16.443453970830888, 122, 145369, 145369, 0.004466364160180092, 1.1282671689987183
1133, 0.2743804460915271, 2, 20.663565853144974, 154, 145523, 145523, 0.004059529863297939, 1.1173145771026611
1134, -0.06743832118809223, 2, 4.478277386166155, 30, 145553, 145553, 0.004188453778624535, 1.119907259941101
1135, -0.4821582817239687, 2, 8.37094703502953, 60, 145613, 145613, 0.004424798768013716, 1.1006156206130981
1136, 0.1514570373838069, 2, 25.778536016121507, 193, 145806, 145806, 0.004195280838757753, 1.1165932416915894
1137, -0.10390569659648463, 2, 12.956687995232642, 95, 145901, 145901, 0.004121085163205862, 1.1163358688354492
1138, 0.40681428264360875, 2, 11.953303194139153, 87, 145988, 145988, 0.004081297665834427, 1.1073737144470215
1139, 0.6401853069410208, 2, 15.58017177414149, 115, 146103, 146103, 0.0040223379619419575, 1.117095947265625
1140, -0.03306673688348383, 2, 6.295149941928685, 44, 146147, 146147, 0.004151047673076391, 1.116753339767456
1141, -0.547932775458321, 2, 4.482356141321361, 30, 146177, 146177, 0.004407689440995455, 1.1021515130996704
1142, 0.2774213991360739, 2, 13.430283620022237, 98, 146275, 146275, 0.004518371541053057, 1.1125847101211548
1143, 0.1140493702614549, 2, 21.463173534255475, 160, 146435, 146435, 0.0041773016564548016, 1.1133043766021729
1144, 0.19712339977559168, 2, 16.133816580288112, 119, 146554, 146554, 0.0041712140664458275, 1.1113766431808472
1145, 0.8370400922140107, 2, 18.485215729102492, 137, 146691, 146691, 0.004198398906737566, 1.1223952770233154
1146, -0.00865883706137538, 2, 4.4774267501197755, 30, 146721, 146721, 0.004239500500261784, 1.1147085428237915
1147, -0.3463552480825456, 2, 18.31555317575112, 136, 146857, 146857, 0.004342121072113514, 1.1143765449523926
1148, -0.6862453492358327, 2, 4.842811206821352, 33, 146890, 146890, 0.004093721508979797, 1.1372219324111938
1149, -0.01519106817431748, 2, 5.522474453784525, 38, 146928, 146928, 0.004222252871841192, 1.129957914352417
1150, -3.252344014996197, 2, 14.368168564978987, 106, 147034, 147034, 0.0045254845172166824, 1.1150527000427246
1151, -0.1557699842378497, 2, 8.116662771906704, 58, 147092, 147092, 0.004030981566756964, 1.0923895835876465
1152, -4.722535908884311, 4, 44.07428815588355, 333, 147425, 147425, 0.004265214782208204, 1.1146421432495117
1153, -0.7837337617529556, 2, 9.949340417049825, 71, 147496, 147496, 0.00424943957477808, 1.1238466501235962
1154, 0.1603051929268986, 2, 9.82499618222937, 71, 147567, 147567, 0.004268815740942955, 1.1036477088928223
1155, -0.12754455825779587, 2, 11.939501443877816, 87, 147654, 147654, 0.004304241389036179, 1.1068336963653564
1156, 0.29766794154420495, 2, 6.0202795709483325, 42, 147696, 147696, 0.004452835768461227, 1.1220983266830444
1157, -0.4794274386949837, 2, 5.3794045322574675, 37, 147733, 147733, 0.00411232840269804, 1.095550298690796
1158, -1.240057089482434, 2, 4.472149754874408, 30, 147763, 147763, 0.00401633745059371, 1.128358006477356
1159, -0.14524433377664536, 2, 9.437973645050079, 68, 147831, 147831, 0.004373881965875626, 1.1075397729873657
1160, 0.45510625711176544, 2, 16.241965463384986, 120, 147951, 147951, 0.004300346132367849, 1.1183675527572632
1161, -0.1824607019079849, 2, 5.789129067212343, 40, 147991, 147991, 0.004595830570906401, 1.1064029932022095
1162, 0.6962156998342834, 2, 15.974510608706623, 118, 148109, 148109, 0.004351755604147911, 1.115740418434143
1163, 0.0667372333991807, 2, 17.256107991095632, 128, 148237, 148237, 0.004283071495592594, 1.1082918643951416
1164, -0.46957454368566687, 2, 17.823680554982275, 132, 148369, 148369, 0.004226246383041143, 1.1157087087631226
1165, 0.3171326870797202, 2, 4.60123732406646, 31, 148400, 148400, 0.004292602650821209, 1.0937323570251465
1166, 0.5095692949835211, 2, 5.742637000977993, 40, 148440, 148440, 0.004386995919048786, 1.0979092121124268
1167, -2.704513741286064, 4, 44.15317314956337, 334, 148774, 148774, 0.004273712635040283, 1.1105918884277344
1168, -0.8187556220218539, 2, 4.872975105885416, 33, 148807, 148807, 0.0042081233114004135, 1.1195839643478394
1169, -2.8570593441836536, 2, 22.830879209097475, 171, 148978, 148978, 0.004139854572713375, 1.1095386743545532
1170, 0.5992545830595191, 2, 23.184166655875742, 173, 149151, 149151, 0.004286666866391897, 1.1217808723449707
1171, 0.5412724134512246, 2, 4.845054950099438, 33, 149184, 149184, 0.004361526109278202, 1.127054214477539
1172, -0.010718088829889894, 2, 14.240299684926867, 105, 149289, 149289, 0.004211470950394869, 1.1250402927398682
1173, -0.22585499240085483, 2, 5.614102608058602, 39, 149328, 149328, 0.004087155684828758, 1.103877305984497
1174, 0.48071267327759415, 2, 15.821126683149487, 117, 149445, 149445, 0.004263188224285841, 1.1219329833984375
1175, 0.2138502076268196, 2, 11.474058294203132, 83, 149528, 149528, 0.004115507006645203, 1.1168524026870728
1176, -2.104971743610804, 2, 33.64639288838953, 253, 149781, 149781, 0.00435012299567461, 1.1102831363677979
1177, 0.18406774874893017, 2, 19.75275724567473, 147, 149928, 149928, 0.0041708690114319324, 1.1110873222351074
1178, -2.708999053800653, 2, 28.916042696218938, 217, 150145, 150145, 0.00438695028424263, 1.1052733659744263
1179, 0.26828080019913614, 2, 15.574898016639054, 115, 150260, 150260, 0.0044898600317537785, 1.1155275106430054
1180, 0.21843193797394633, 2, 6.581929511856288, 46, 150306, 150306, 0.004311949480324984, 1.1097478866577148
1181, 0.5430340451421216, 2, 14.698675968218595, 108, 150414, 150414, 0.004222902934998274, 1.1080697774887085
1182, -0.35406519065145403, 2, 5.235503603238612, 36, 150450, 150450, 0.004083446227014065, 1.1021281480789185
1183, -0.011100106057710946, 2, 18.724198847077787, 139, 150589, 150589, 0.004377932287752628, 1.1108510494232178
1184, 0.3597569658886641, 2, 6.992295701056719, 49, 150638, 150638, 0.004078591242432594, 1.1263705492019653
1185, -1.5376091537764296, 2, 4.691585623193532, 30, 150668, 150668, 0.004296652507036924, 1.0991034507751465
1186, -0.07654858811292797, 2, 5.111206111963838, 35, 150703, 150703, 0.004148234613239765, 1.1117870807647705
1187, 0.36483958596363664, 2, 6.297637370880693, 44, 150747, 150747, 0.003890611231327057, 1.111319661140442
1188, -0.6337068665307015, 2, 6.039007970131934, 42, 150789, 150789, 0.00434252992272377, 1.1239206790924072
1189, 0.4046200382290408, 2, 14.68798510497436, 108, 150897, 150897, 0.00426303967833519, 1.1024231910705566
1190, -0.02139367361087352, 2, 15.867889841087162, 117, 151014, 151014, 0.004167702980339527, 1.1183269023895264
1191, 0.20798805367667228, 2, 6.149909315165132, 43, 151057, 151057, 0.004025737289339304, 1.1037691831588745
1192, -1.0183980109868571, 2, 4.712146016769111, 32, 151089, 151089, 0.003991852514445782, 1.1183626651763916
1193, 0.41208721697330475, 2, 4.466863316018134, 30, 151119, 151119, 0.004191541578620672, 1.1161943674087524
1194, -0.29180908203125, 2, 8.65440445067361, 62, 151181, 151181, 0.004534416366368532, 1.1109728813171387
1195, 0.13077035179594532, 2, 12.57595933880657, 92, 151273, 151273, 0.004016693215817213, 1.1135730743408203
1196, -0.05689254113531206, 2, 4.615794911980629, 31, 151304, 151304, 0.004200458992272615, 1.1244803667068481
1197, -0.017225977149792016, 2, 16.560592571273446, 122, 151426, 151426, 0.004419790115207434, 1.1129921674728394
1198, -0.4804140923079103, 2, 15.255097224842757, 112, 151538, 151538, 0.00427711708471179, 1.1053727865219116
1199, 0.8627113833790645, 2, 8.497952731791884, 61, 151599, 151599, 0.004222951829433441, 1.0992885828018188
1200, 0.8618248204002157, 2, 7.995008691214025, 57, 151656, 151656, 0.004341249819844961, 1.1176745891571045
1201, 0.4442372767080087, 2, 12.122917270753533, 89, 151745, 151745, 0.004240104462951422, 1.1061815023422241
1202, 0.7141939388820902, 2, 14.94679271010682, 110, 151855, 151855, 0.004150570370256901, 1.1087325811386108
1203, -1.714084743813146, 2, 28.915576609782875, 217, 152072, 152072, 0.004138167481869459, 1.1197431087493896
1204, 0.34030128095764667, 2, 10.87417541211471, 79, 152151, 152151, 0.004169565159827471, 1.1136045455932617
1205, -0.6549107623286545, 2, 9.577310827095062, 69, 152220, 152220, 0.004357071593403816, 1.1208744049072266
1206, -0.18982214639981976, 2, 4.741791868582368, 32, 152252, 152252, 0.004005867522209883, 1.1131778955459595
1207, -3.5275738849886693, 4, 44.129955186042935, 333, 152585, 152585, 0.004327208735048771, 1.112412452697754
1208, -1.0318466546013951, 2, 13.083922477904707, 96, 152681, 152681, 0.004250664263963699, 1.1099759340286255
1209, -0.0016081889989436604, 2, 5.525932302232832, 38, 152719, 152719, 0.004350663628429174, 1.1095908880233765
1210, 0.1355973826503032, 2, 18.724687952082604, 139, 152858, 152858, 0.004329440649598837, 1.106668472290039
1211, 0.36663082893937826, 2, 10.733418050222099, 78, 152936, 152936, 0.004208150785416365, 1.1102538108825684
1212, -0.14021413138107164, 2, 23.498401059769094, 175, 153111, 153111, 0.0042373063042759895, 1.1199791431427002
1213, 0.352109348961676, 2, 19.992347488645464, 148, 153259, 153259, 0.004147039260715246, 1.127263069152832
1214, 0.7262809255043976, 2, 14.937032804824412, 110, 153369, 153369, 0.004198772367089987, 1.113099217414856
1215, 0.16608388477470726, 2, 6.727469288278371, 47, 153416, 153416, 0.004074891097843647, 1.126901388168335
1216, 0.8411579726271157, 2, 16.125245296861976, 119, 153535, 153535, 0.004223044496029615, 1.119035005569458
1217, 0.327618952607736, 2, 4.975654295645654, 34, 153569, 153569, 0.00434249360114336, 1.139223575592041
1218, -0.4637356198509224, 2, 8.925381944980472, 64, 153633, 153633, 0.00432248879224062, 1.111724853515625
1219, 0.3289690571837127, 2, 6.151428612880409, 43, 153676, 153676, 0.00452075432986021, 1.1043248176574707
1220, 0.23018015112029389, 2, 20.79045713879168, 155, 153831, 153831, 0.004226495046168566, 1.1160105466842651
1221, -0.2003765399567783, 2, 5.638205405790359, 39, 153870, 153870, 0.004000118467956781, 1.1039392948150635
1222, 0.15356756187975407, 2, 4.476945163682103, 30, 153900, 153900, 0.0040670959278941154, 1.112662672996521
1223, 0.1637264071032405, 2, 8.141827237792313, 58, 153958, 153958, 0.004289440345019102, 1.0902693271636963
1224, 0.24073023931123316, 2, 7.88479882106185, 56, 154014, 154014, 0.00412637647241354, 1.1193841695785522
1225, 0.18350149900652468, 2, 6.689788496121764, 47, 154061, 154061, 0.003941859118640423, 1.1148717403411865
1226, -0.01985140494070947, 2, 7.749532592017204, 55, 154116, 154116, 0.00419233413413167, 1.1155955791473389
1227, -0.7082025109702954, 2, 26.05561032705009, 195, 154311, 154311, 0.004362598992884159, 1.1012033224105835
1228, 0.17946921217662748, 2, 18.775307841598988, 137, 154448, 154448, 0.004274674691259861, 1.11537766456604
1229, 0.2252352589275688, 2, 11.920428216923028, 87, 154535, 154535, 0.00446131220087409, 1.1076253652572632
1230, -1.671251834857685, 2, 29.486673949752003, 221, 154756, 154756, 0.004200037568807602, 1.1194448471069336
1231, -4.263548954157159, 2, 37.8006676863879, 285, 155041, 155041, 0.004349514842033386, 1.1164798736572266
1232, -0.4765887300018221, 2, 7.746845782268792, 55, 155096, 155096, 0.004163221921771765, 1.1055314540863037
1233, 0.481685146340169, 2, 16.640517197083682, 123, 155219, 155219, 0.004189840983599424, 1.114781379699707
1234, 0.11693764486699365, 2, 5.213101828005165, 36, 155255, 155255, 0.004043789580464363, 1.1153182983398438
1235, -0.7603385972324759, 2, 5.766564983874559, 40, 155295, 155295, 0.004326792433857918, 1.1108421087265015
1236, 0.6210079494630918, 2, 11.251594095956534, 82, 155377, 155377, 0.004198603797703981, 1.1155996322631836
1237, 0.3876246067593456, 2, 22.429345653858036, 167, 155544, 155544, 0.004126851912587881, 1.113114595413208
1238, 0.08533116499893367, 2, 16.805829827673733, 124, 155668, 155668, 0.004480280913412571, 1.0967915058135986
1239, -7.333337864176428, 4, 44.11035557370633, 333, 156001, 156001, 0.004183923359960318, 1.1104949712753296
1240, -0.68345369794406, 2, 12.045499828644097, 88, 156089, 156089, 0.003980012610554695, 1.0970375537872314
1241, -0.8066036540840287, 2, 37.37456284603104, 282, 156371, 156371, 0.004297181498259306, 1.1095845699310303
1242, -0.07651624584104866, 2, 6.832754111848772, 48, 156419, 156419, 0.0042421636171638966, 1.112642765045166
1243, -0.3694686165545136, 2, 5.75700707687065, 40, 156459, 156459, 0.004389762878417969, 1.1196675300598145
1244, -0.47111979266628623, 2, 6.196427499875426, 43, 156502, 156502, 0.004160318057984114, 1.1142789125442505
1245, -1.7192791766719893, 2, 4.480814210139215, 30, 156532, 156532, 0.004116375930607319, 1.1083155870437622
1246, -0.07651155162602663, 2, 5.897734784055501, 41, 156573, 156573, 0.004583983216434717, 1.1192582845687866
1247, 0.8602604815969244, 2, 19.221751532051712, 143, 156716, 156716, 0.004249578807502985, 1.1162409782409668
1248, -1.4044687095665722, 2, 42.49223882285878, 321, 157037, 157037, 0.004240227863192558, 1.112107515335083
1249, -1.2782122310018167, 2, 4.8995601730421185, 33, 157070, 157070, 0.004260177258402109, 1.1159946918487549
1250, 0.37303009850438684, 2, 14.791792647913098, 109, 157179, 157179, 0.004295660648494959, 1.0996071100234985
1251, 0.5915242987684906, 2, 9.538205605000257, 69, 157248, 157248, 0.0043120901100337505, 1.1210143566131592
1252, -2.0459171258844435, 2, 38.24012057110667, 288, 157536, 157536, 0.004301048815250397, 1.1090949773788452
1253, -6.4154626581585035, 4, 44.2025278438814, 334, 157870, 157870, 0.00432579405605793, 1.1092331409454346
1254, 0.19399683130905032, 2, 8.43251015804708, 60, 157930, 157930, 0.004135083872824907, 1.110125184059143
1255, -0.32043763266545966, 2, 25.149776872247458, 188, 158118, 158118, 0.0043749213218688965, 1.1077731847763062
1256, 0.13086292741354555, 2, 8.535999859217554, 61, 158179, 158179, 0.004369867965579033, 1.1032445430755615
1257, 0.7773297965341044, 2, 16.93223889404908, 125, 158304, 158304, 0.004192981403321028, 1.1084352731704712
1258, -0.7005636228714138, 2, 5.3754964410327375, 37, 158341, 158341, 0.004082601983100176, 1.094834566116333
1259, -0.10785127346753143, 2, 20.026477086823434, 149, 158490, 158490, 0.004256946966052055, 1.108507513999939
1260, -1.7275841190712526, 2, 4.496046288404614, 30, 158520, 158520, 0.004117031581699848, 1.1277179718017578
1261, 0.5311182208497485, 2, 11.774487834889442, 86, 158606, 158606, 0.004467993509024382, 1.1068742275238037
1262, -0.47753432652098127, 2, 12.203279124107212, 89, 158695, 158695, 0.004212772008031607, 1.1087396144866943
1263, 0.18411649610789027, 2, 24.487284432165325, 183, 158878, 158878, 0.004177809227257967, 1.1026579141616821
1264, 0.26275729085318744, 2, 13.628032355569303, 100, 158978, 158978, 0.004273972008377314, 1.1043477058410645
1265, -0.2637319837231189, 2, 7.127618494909257, 50, 159028, 159028, 0.004169798921793699, 1.105666995048523
1266, -4.009750638535479, 4, 44.134065117221326, 333, 159361, 159361, 0.004103731829673052, 1.1019365787506104
1267, 0.3363541401922703, 2, 5.2339866566471756, 36, 159397, 159397, 0.004236496053636074, 1.0911434888839722
1268, -0.18949924050684785, 2, 10.22476779576391, 74, 159471, 159471, 0.004562122747302055, 1.1070500612258911
1269, 0.8786966354819015, 2, 12.068155014887452, 88, 159559, 159559, 0.004376908298581839, 1.1064343452453613
1270, 0.22287374443840235, 2, 6.9751090169884264, 49, 159608, 159608, 0.004313911311328411, 1.102181315422058
1271, 0.14782747415301856, 2, 17.411738329101354, 129, 159737, 159737, 0.004383887629956007, 1.1029653549194336
1272, 0.24100922615616582, 2, 11.78853862080723, 86, 159823, 159823, 0.0040962593629956245, 1.1062932014465332
1273, 0.38294491334818304, 2, 11.239491622895002, 82, 159905, 159905, 0.003931477665901184, 1.1021790504455566
1274, 0.4300110860967834, 2, 14.804432396776974, 109, 160014, 160014, 0.00417228601872921, 1.1122665405273438
1275, 0.19821505469735712, 2, 14.906575463712215, 110, 160124, 160124, 0.0042574345134198666, 1.0989357233047485
1276, -5.794995212345384, 4, 44.1522516598925, 333, 160457, 160457, 0.004188471008092165, 1.1019631624221802
1277, 0.3260501390977879, 2, 21.062026631087065, 157, 160614, 160614, 0.004007683601230383, 1.1007444858551025
1278, 0.32712283730506897, 2, 10.237425742670894, 74, 160688, 160688, 0.004119275603443384, 1.1004951000213623
1279, 0.192351705612964, 2, 24.988210611976683, 187, 160875, 160875, 0.004076092503964901, 1.1008238792419434
1280, 0.20130530369351618, 2, 11.147691352292895, 81, 160956, 160956, 0.004125124774873257, 1.1140592098236084
1281, -0.5279049052642222, 2, 26.10451020207256, 196, 161152, 161152, 0.004189843311905861, 1.0988932847976685
1282, -1.0287325972458348, 2, 5.39732076972723, 37, 161189, 161189, 0.004182503093034029, 1.0981189012527466
1283, 0.6514176739437971, 2, 13.924563103821129, 102, 161291, 161291, 0.004212055820971727, 1.0955488681793213
1284, 0.5269907172769308, 2, 13.635310102719814, 100, 161391, 161391, 0.004186052829027176, 1.1040253639221191
1285, 0.13472832531260792, 2, 19.60015488229692, 146, 161537, 161537, 0.004277704283595085, 1.099881887435913
1286, 1.1852413424639963, 2, 19.723424680065364, 147, 161684, 161684, 0.004124366212636232, 1.0982115268707275
1287, 0.07369437294028103, 2, 25.539834418799728, 191, 161875, 161875, 0.00427295221015811, 1.1025936603546143
1288, 0.5617418931797147, 2, 14.648101467173547, 108, 161983, 161983, 0.004231258761137724, 1.0939888954162598
1289, 0.378031822910998, 2, 23.791028587147593, 178, 162161, 162161, 0.004058881662786007, 1.1007802486419678
1290, -0.7781586102209985, 2, 4.505532544106245, 30, 162191, 162191, 0.003964727744460106, 1.1120964288711548
1291, -7.0786906976718456, 4, 44.1125567490235, 333, 162524, 162524, 0.004231306724250317, 1.0924445390701294
1292, 0.9688484291255008, 2, 16.213936697226018, 120, 162644, 162644, 0.00406866567209363, 1.0994627475738525
1293, -3.3142179197166115, 2, 35.96949787205085, 271, 162915, 162915, 0.00424260925501585, 1.1004420518875122
1294, 0.2904854684602469, 2, 20.149910997133702, 150, 163065, 163065, 0.004197421949356794, 1.096969723701477
1295, 1.2099998893681914, 2, 8.828501242678612, 63, 163128, 163128, 0.004333497025072575, 1.0974931716918945
1296, -0.1617586900247261, 2, 15.56132967909798, 115, 163243, 163243, 0.004035018850117922, 1.0819648504257202
1297, 0.027021632762625813, 2, 8.021022158209234, 57, 163300, 163300, 0.004114041104912758, 1.0948671102523804
1298, 0.23363430955214426, 2, 21.91852173488587, 163, 163463, 163463, 0.0042354813776910305, 1.1020206212997437
1299, 0.5614592945203185, 2, 6.052046763710678, 42, 163505, 163505, 0.004165384452790022, 1.1094499826431274
1300, -0.16523264884017408, 2, 4.467447171919048, 30, 163535, 163535, 0.003923116717487574, 1.0913357734680176
1301, 0.592431633034721, 2, 10.567745546810329, 77, 163612, 163612, 0.004177222028374672, 1.0947824716567993
1302, 0.4027765354840085, 2, 10.624745626933873, 77, 163689, 163689, 0.0041456520557403564, 1.097237467765808
1303, 0.1921387374168262, 2, 7.298976470716298, 52, 163741, 163741, 0.004073734860867262, 1.0961941480636597
1304, -0.09270616667345166, 2, 8.254403159953654, 59, 163800, 163800, 0.004425392020493746, 1.0890437364578247
1305, -1.1097431423331727, 2, 25.45587534410879, 191, 163991, 163991, 0.004237906541675329, 1.0959810018539429
1306, -0.02792657446116209, 2, 20.834521770942956, 155, 164146, 164146, 0.004169135354459286, 1.087511658668518
1307, -2.9105229655397125, 4, 44.12768197013065, 333, 164479, 164479, 0.004277699161320925, 1.097712516784668
1308, 0.711757077369839, 2, 9.06918700505048, 65, 164544, 164544, 0.00404907064512372, 1.1066901683807373
1309, 0.6647523470455781, 2, 10.478157402947545, 76, 164620, 164620, 0.004095996264368296, 1.0947983264923096
1310, 0.6228135672863573, 2, 15.427455856930465, 114, 164734, 164734, 0.0041708569042384624, 1.1076645851135254
1311, 0.23704496951540932, 2, 14.352388620842248, 106, 164840, 164840, 0.00410404521971941, 1.0896354913711548
1312, -0.5184061428299174, 2, 5.534722464159131, 38, 164878, 164878, 0.00417708232998848, 1.0978788137435913
1313, 0.026003430364653468, 2, 6.312823676969856, 44, 164922, 164922, 0.004354864824563265, 1.0869684219360352
1314, 0.8934747614366643, 2, 17.888259589206427, 133, 165055, 165055, 0.004446547012776136, 1.0873563289642334
1315, -0.08495018002577126, 2, 4.948557191994041, 34, 165089, 165089, 0.004279079381376505, 1.081502079963684
1316, -0.11506659374572337, 2, 5.239825586788356, 36, 165125, 165125, 0.004379275254905224, 1.0963648557662964
1317, -2.262806801267743, 4, 44.11532840458676, 333, 165458, 165458, 0.0044170343317091465, 1.086628794670105
1318, -0.004466775368200615, 2, 8.6717572780326, 62, 165520, 165520, 0.003948005381971598, 1.1023306846618652
1319, 0.4474824380595237, 2, 5.239503332413733, 36, 165556, 165556, 0.0043320986442267895, 1.0978082418441772
1320, -0.2718023374909535, 2, 4.980017811991274, 34, 165590, 165590, 0.004064877517521381, 1.0672025680541992
1321, 0.001044133910909295, 2, 4.814690024126321, 33, 165623, 165623, 0.004170823376625776, 1.0871331691741943
1322, 0.18578499904833734, 2, 14.78134685009718, 109, 165732, 165732, 0.00408258056268096, 1.088192343711853
1323, -0.4520176961668767, 2, 31.21876911073923, 235, 165967, 165967, 0.00414529163390398, 1.0816818475723267
1324, 0.6177717192913406, 2, 16.722305128816515, 124, 166091, 166091, 0.004326651804149151, 1.0948034524917603
1325, 0.358022648957558, 2, 5.744615213945508, 40, 166131, 166131, 0.004232155624777079, 1.0947320461273193
1326, 0.0539946395001607, 2, 21.337106890045106, 159, 166290, 166290, 0.004107585642486811, 1.0909500122070312
1327, 0.24959690298419446, 2, 14.580994894728065, 107, 166397, 166397, 0.004228061996400356, 1.095882534980774
1328, -0.41020914260298014, 2, 6.410075539257377, 45, 166442, 166442, 0.004267085809260607, 1.0959436893463135
1329, -0.7243923727401125, 2, 19.138214815873653, 142, 166584, 166584, 0.0042349123395979404, 1.0901095867156982
1330, -0.9590477348774584, 4, 44.07790768239647, 333, 166917, 166917, 0.004122280515730381, 1.0888532400131226
1331, 0.6591070670110639, 2, 19.23554586013779, 142, 167059, 167059, 0.004225380253046751, 1.0827800035476685
1332, 0.03313091257587075, 2, 5.204946779180318, 36, 167095, 167095, 0.004247469361871481, 1.0914051532745361
1333, 0.6826947518857196, 2, 8.271661770995706, 59, 167154, 167154, 0.00415286747738719, 1.0882172584533691
1334, -2.021609799703583, 2, 4.437867943197489, 30, 167184, 167184, 0.004123952239751816, 1.0728495121002197
1335, -0.36573670292273164, 2, 6.429537300020456, 45, 167229, 167229, 0.00413137674331665, 1.0905146598815918
1336, -0.4755325000733137, 2, 4.444398196879774, 30, 167259, 167259, 0.004063120111823082, 1.0862312316894531
1337, 0.41937948527629487, 2, 10.250184582546353, 74, 167333, 167333, 0.004111680202186108, 1.079001784324646
1338, -0.035717471851967275, 2, 4.440720270387828, 30, 167363, 167363, 0.004243752919137478, 1.0945842266082764
1339, 0.41339954591057904, 2, 18.75675644632429, 139, 167502, 167502, 0.004452335182577372, 1.0793178081512451
1340, -0.13339691888540983, 2, 5.286644746083766, 36, 167538, 167538, 0.00453746784478426, 1.0535770654678345
1341, -0.1494404663098976, 2, 9.01752684917301, 65, 167603, 167603, 0.004137953277677298, 1.091615080833435
1342, -0.3402462878730148, 2, 17.288711494766176, 128, 167731, 167731, 0.004090211354196072, 1.0852550268173218
1343, -0.1685330835171044, 2, 5.9495589239522815, 41, 167772, 167772, 0.004670900758355856, 1.0933531522750854
1344, 0.5449122174613876, 2, 16.86549034109339, 125, 167897, 167897, 0.0042993309907615185, 1.0954567193984985
1345, 0.6963035900262184, 2, 16.902511175721884, 125, 168022, 168022, 0.004248279146850109, 1.081290602684021
1346, 0.7353633996099234, 2, 11.55741811497137, 84, 168106, 168106, 0.004172325134277344, 1.0774694681167603
1347, -0.25166317948605865, 2, 10.594988860655576, 77, 168183, 168183, 0.004365468397736549, 1.0971565246582031
1348, 0.19142938498407602, 2, 5.994641515891999, 42, 168225, 168225, 0.004231346305459738, 1.095362663269043
1349, -0.9866139777004719, 2, 31.309814708773047, 235, 168460, 168460, 0.0042387815192341805, 1.0895891189575195
1350, 0.08187273249495775, 2, 5.118155583739281, 35, 168495, 168495, 0.003992376383394003, 1.099958062171936
1351, 0.6096087305340916, 2, 9.424256403930485, 68, 168563, 168563, 0.004440875258296728, 1.0895153284072876
1352, 0.2705671443254687, 2, 17.270686539821327, 128, 168691, 168691, 0.004094905219972134, 1.081227421760559
1353, -0.21507648217084352, 2, 25.75847201887518, 192, 168883, 168883, 0.004237627610564232, 1.0915406942367554
1354, -0.5471931025385857, 2, 7.514995428733528, 53, 168936, 168936, 0.004141189157962799, 1.1006155014038086
1355, -7.854789621778764, 4, 44.21044878894463, 334, 169270, 169270, 0.004293111618608236, 1.0852875709533691
1356, 0.27648718759883195, 2, 12.969873949885368, 95, 169365, 169365, 0.004284318070858717, 1.0873050689697266
1357, 0.14391312352381647, 2, 17.79655544878915, 132, 169497, 169497, 0.00434102863073349, 1.088968276977539
1358, -0.1349000036425423, 2, 22.724647745955735, 170, 169667, 169667, 0.004162808880209923, 1.0848102569580078
1359, -0.4589891096329666, 2, 33.22132919821888, 250, 169917, 169917, 0.004331938456743956, 1.0873991250991821
1360, -0.26810987887438387, 2, 7.082224663347006, 50, 169967, 169967, 0.004238390829414129, 1.0770775079727173
1361, 0.4795700873073656, 2, 13.379854150116444, 98, 170065, 170065, 0.004150002729147673, 1.0910086631774902
1362, -0.5674811493954621, 2, 9.979879785794765, 72, 170137, 170137, 0.004472785163670778, 1.0790867805480957
1363, 0.11132381286006421, 2, 7.06332777813077, 50, 170187, 170187, 0.004136138595640659, 1.0965156555175781
1364, -0.04070465755648911, 2, 8.80666978796944, 63, 170250, 170250, 0.004296513274312019, 1.0969442129135132
1365, -0.09937848290428519, 2, 5.236226179171354, 36, 170286, 170286, 0.003947650548070669, 1.0934653282165527
1366, 0.340348703059135, 2, 19.477498936932534, 145, 170431, 170431, 0.0042630452662706375, 1.0782675743103027
1367, -0.3651812435127795, 2, 4.995928983204067, 34, 170465, 170465, 0.003874465823173523, 1.088705062866211
1368, 0.03250460873823613, 2, 6.729732907842845, 47, 170512, 170512, 0.003996588289737701, 1.081063151359558
1369, 0.2179181728279218, 2, 5.116682652384043, 35, 170547, 170547, 0.004209969658404589, 1.0857218503952026
1370, 0.7825699859531596, 2, 19.133482185192406, 142, 170689, 170689, 0.004289391450583935, 1.0808948278427124
1371, 0.3642334039323032, 2, 5.899990478064865, 41, 170730, 170730, 0.004403867293149233, 1.0793312788009644
1372, 0.7353103794157505, 2, 10.74650893593207, 78, 170808, 170808, 0.004286239389330149, 1.0868242979049683
1373, -0.5198642177856527, 2, 21.251889961771667, 158, 170966, 170966, 0.004152410663664341, 1.0919631719589233
1374, 0.24438652250682935, 2, 19.887292668689042, 148, 171114, 171114, 0.004248710814863443, 1.0798828601837158
1375, 0.19576968159526587, 2, 4.490291741210967, 30, 171144, 171144, 0.004468109924346209, 1.0656629800796509
1376, -2.9886997427383903, 4, 44.14661580324173, 333, 171477, 171477, 0.004333759192377329, 1.0861520767211914
1377, -0.8762104904744774, 2, 4.500176601111889, 30, 171507, 171507, 0.004185957368463278, 1.0996627807617188
1378, 0.7143682113091927, 2, 12.978863788768649, 95, 171602, 171602, 0.00432151835411787, 1.0719194412231445
1379, 0.35931569803506136, 2, 7.831220070365816, 56, 171658, 171658, 0.004158853553235531, 1.0773593187332153
1380, -0.8162750527262688, 2, 5.042780937161297, 34, 171692, 171692, 0.004199964925646782, 1.0830047130584717
1381, -0.18969343768549152, 2, 14.238329594023526, 105, 171797, 171797, 0.004197059199213982, 1.0784859657287598
1382, -0.374381001573056, 2, 8.858028749004006, 64, 171861, 171861, 0.0042935884557664394, 1.0808608531951904
1383, 0.0194634202925954, 2, 16.55350834224373, 122, 171983, 171983, 0.004163597244769335, 1.0748103857040405
1384, -0.1189594614552334, 2, 22.78449174296111, 170, 172153, 172153, 0.004213200882077217, 1.0879647731781006
1385, -1.1093006683513522, 2, 7.365533766336739, 52, 172205, 172205, 0.004363441374152899, 1.0921827554702759
1386, 0.053359003737568855, 2, 5.771571782883257, 40, 172245, 172245, 0.00410492205992341, 1.0807076692581177
1387, -0.582086332840845, 2, 5.496382279787213, 38, 172283, 172283, 0.004204883240163326, 1.0797899961471558
1388, 0.06649788475624518, 2, 18.356435380876064, 136, 172419, 172419, 0.004219623748213053, 1.0878905057907104
1389, -0.04656042539500049, 2, 14.74874039599672, 107, 172526, 172526, 0.004376025404781103, 1.0903679132461548
1390, 0.7886356231756508, 2, 9.043527310248464, 64, 172590, 172590, 0.004288059659302235, 1.0998731851577759
1391, 0.259184039052343, 2, 14.73956649331376, 107, 172697, 172697, 0.004330873489379883, 1.0828137397766113
1392, -1.3314970394130796, 2, 4.573019753675908, 30, 172727, 172727, 0.0042488486506044865, 1.1017769575119019
1393, -0.5162388174794614, 2, 5.736492761876434, 39, 172766, 172766, 0.00425321189686656, 1.0896377563476562
1394, -6.240734601859003, 2, 23.897282745689154, 175, 172941, 172941, 0.004441479220986366, 1.0884592533111572
1395, 0.14412261045072228, 2, 15.746747351717204, 114, 173055, 173055, 0.004315234255045652, 1.0883488655090332
1396, -0.9299599090591073, 2, 4.5512493792921305, 30, 173085, 173085, 0.0041853273287415504, 1.0945104360580444
1397, 0.1847683831510949, 2, 15.090592603199184, 109, 173194, 173194, 0.00444790767505765, 1.0936065912246704
1398, 0.13739951804745942, 2, 5.195873745717108, 35, 173229, 173229, 0.00478978781029582, 1.089193344116211
1399, 0.16772691113874316, 2, 4.5362208229489625, 30, 173259, 173259, 0.00443872669711709, 1.1125690937042236
1400, 0.2204758496955037, 2, 4.964687844272703, 33, 173292, 173292, 0.00458167539909482, 1.0826187133789062
1401, 0.3812438072054647, 2, 13.449631614144892, 97, 173389, 173389, 0.004374703858047724, 1.0864272117614746
1402, -0.5561202453682199, 2, 9.800805505365133, 70, 173459, 173459, 0.004453855566680431, 1.0834479331970215
1403, 0.4864290131954476, 2, 9.756213289685547, 70, 173529, 173529, 0.004182216711342335, 1.0827350616455078
1404, 0.5417268621968105, 2, 6.685988794080913, 46, 173575, 173575, 0.004316692240536213, 1.080585241317749
1405, 0.13600743818096817, 2, 5.46505418792367, 37, 173612, 173612, 0.004266108386218548, 1.0762529373168945
1406, 0.17171537352260202, 2, 5.7291496633552015, 39, 173651, 173651, 0.004456802271306515, 1.0676298141479492
1407, -0.2567240577809571, 2, 26.21343517675996, 193, 173844, 173844, 0.0043896823190152645, 1.0719494819641113
1408, -0.0964023430205998, 2, 25.497927566990256, 188, 174032, 174032, 0.004240325186401606, 1.0760926008224487
1409, 0.4048038098262623, 2, 4.528222884982824, 30, 174062, 174062, 0.004285937175154686, 1.069942831993103
1410, 0.6975355969625525, 2, 10.223738136235625, 73, 174135, 174135, 0.004304542206227779, 1.0905177593231201
1411, 0.1985821609850973, 2, 9.05274929618463, 64, 174199, 174199, 0.004272702615708113, 1.0847053527832031
1412, 0.7056506413209718, 2, 14.45534293120727, 105, 174304, 174304, 0.0042934780940413475, 1.086523413658142
1413, -0.11091121146455407, 2, 4.650430964771658, 31, 174335, 174335, 0.00422266311943531, 1.08755362033844
1414, 0.4723126693861559, 2, 11.158238738309592, 80, 174415, 174415, 0.004273039288818836, 1.0884103775024414
1415, -0.7400377395097166, 2, 5.851282029878348, 40, 174455, 174455, 0.0046079098246991634, 1.087112545967102
1416, -0.25906334805767983, 2, 19.525961668696254, 143, 174598, 174598, 0.004237558227032423, 1.0851478576660156
1417, 0.984839416196337, 2, 16.736794813070446, 122, 174720, 174720, 0.004158381838351488, 1.0772199630737305
1418, 0.1594783462351188, 2, 7.437835903372616, 52, 174772, 174772, 0.004354158882051706, 1.0832279920578003
1419, -0.6903848750516772, 2, 5.346965352073312, 36, 174808, 174808, 0.004241099581122398, 1.080262303352356
1420, -0.5780488341115415, 2, 5.589279959909618, 38, 174846, 174846, 0.0044641513377428055, 1.093593955039978
1421, 0.2564188439864665, 2, 7.309098725672811, 51, 174897, 174897, 0.004192687571048737, 1.0778076648712158
1422, 0.03025965701090172, 2, 17.715243264567107, 129, 175026, 175026, 0.00432569207623601, 1.08712637424469
1423, -0.38097149645909667, 2, 5.854687480255961, 40, 175066, 175066, 0.004519508685916662, 1.0801732540130615
1424, -0.1658583809621632, 2, 18.150034906342626, 132, 175198, 175198, 0.004286482464522123, 1.080671787261963
1425, -0.8648350362564088, 2, 22.067563312128186, 162, 175360, 175360, 0.004467484075576067, 1.0868223905563354
1426, 0.592053045053035, 2, 7.456051951739937, 52, 175412, 175412, 0.00432829512283206, 1.074711561203003
1427, -1.5835055934730917, 2, 4.593632728327066, 30, 175442, 175442, 0.0044807191006839275, 1.0831129550933838
1428, -9.17572974122595, 4, 44.159592028241605, 329, 175771, 175771, 0.004334372002631426, 1.0791630744934082
1429, 0.07399334013462067, 2, 6.041399558074772, 41, 175812, 175812, 0.004013733938336372, 1.0791208744049072
1430, 0.08074860705528408, 2, 7.2262899922207, 50, 175862, 175862, 0.004329951945692301, 1.0883303880691528
1431, 0.594775672769174, 2, 17.25742535619065, 126, 175988, 175988, 0.004118638578802347, 1.0770612955093384
1432, 0.25166473211720586, 2, 4.884882166981697, 33, 176021, 176021, 0.003990708384662867, 1.0819368362426758
1433, -2.5722953111398965, 2, 43.846016958821565, 326, 176347, 176347, 0.004284130875021219, 1.0805859565734863
1434, 0.29291381035000086, 2, 5.725894007831812, 39, 176386, 176386, 0.00448495801538229, 1.0953449010849
1435, 0.12908460572361946, 2, 5.343382511287928, 36, 176422, 176422, 0.0044640651904046535, 1.056612491607666
1436, -0.27011633466463536, 2, 9.939509760122746, 71, 176493, 176493, 0.004324758425354958, 1.0744904279708862
1437, 0.029283302108524367, 2, 11.067981484811753, 79, 176572, 176572, 0.0041277180425822735, 1.0879147052764893
1438, 0.2797113708220422, 2, 8.13053256412968, 57, 176629, 176629, 0.004628533963114023, 1.0758613348007202
1439, -5.906596085118508, 4, 44.12624319968745, 328, 176957, 176957, 0.004242625553160906, 1.0804789066314697
1440, -0.19591640477301553, 2, 12.764879641123116, 92, 177049, 177049, 0.0042940001003444195, 1.0773006677627563
1441, 0.22787385410629213, 2, 6.234407009091228, 43, 177092, 177092, 0.004716459661722183, 1.0740901231765747
1442, -2.15429938435409, 4, 44.215501005761325, 329, 177421, 177421, 0.004323677625507116, 1.0770432949066162
1443, -0.32401664881035686, 2, 6.357554737012833, 44, 177465, 177465, 0.004407443571835756, 1.0784183740615845
1444, -0.1775891911238432, 2, 5.060714282095432, 34, 177499, 177499, 0.004496386740356684, 1.0597782135009766
1445, 0.49163353350013494, 2, 11.456639438867569, 82, 177581, 177581, 0.004218964371830225, 1.0702201128005981
1446, -0.7206661849049851, 2, 6.533653922844678, 45, 177626, 177626, 0.004152508918195963, 1.0792090892791748
1447, -0.4054981723893434, 2, 9.150482909753919, 65, 177691, 177691, 0.004298309795558453, 1.077626347541809
1448, -0.541148490505293, 2, 5.748144425917417, 39, 177730, 177730, 0.004184036515653133, 1.054569959640503
1449, 0.7566684766024991, 2, 18.366991173941642, 134, 177864, 177864, 0.0042258878238499165, 1.0891839265823364
1450, -1.120905717878486, 2, 40.49517179187387, 301, 178165, 178165, 0.004381983075290918, 1.0786089897155762
1451, -0.06904171884525567, 2, 13.17866187915206, 94, 178259, 178259, 0.004276369232684374, 1.077474594116211
1452, 0.5885471060173586, 2, 13.20714549254626, 95, 178354, 178354, 0.004214015789330006, 1.0750120878219604
1453, 0.1740063299657777, 2, 11.464674034155905, 82, 178436, 178436, 0.0041798814199864864, 1.0770466327667236
1454, 0.19916676625143737, 2, 5.896102709695697, 40, 178476, 178476, 0.004280309192836285, 1.0749553442001343
1455, -0.5533379195121597, 2, 25.2802941002883, 186, 178662, 178662, 0.004283595364540815, 1.0778361558914185
1456, -0.13524652360138134, 2, 14.263607512228191, 103, 178765, 178765, 0.004303090739995241, 1.0728943347930908
1457, 0.5096807475201786, 2, 11.478538148105145, 82, 178847, 178847, 0.004270907957106829, 1.0905581712722778
1458, 0.5728118895203806, 2, 11.178372214082628, 80, 178927, 178927, 0.004462073557078838, 1.0990219116210938
1459, 0.3295507818693295, 2, 14.648547603748739, 106, 179033, 179033, 0.004368545953184366, 1.0717860460281372
1460, -0.02189559629186988, 2, 5.068352656904608, 34, 179067, 179067, 0.004190747160464525, 1.0651293992996216
1461, 0.18679819704266265, 2, 13.256078375969082, 96, 179163, 179163, 0.004408946726471186, 1.0805190801620483
1462, 0.008404225343838334, 2, 4.535402121953666, 30, 179193, 179193, 0.004154731519520283, 1.088077187538147
1463, 0.4781348799588159, 2, 19.137388721574098, 140, 179333, 179333, 0.004325034562498331, 1.0689411163330078
1464, 0.33071745093911886, 2, 4.923611707054079, 33, 179366, 179366, 0.0050535607151687145, 1.0688046216964722
1465, 0.7414990813995246, 2, 16.247749066911638, 118, 179484, 179484, 0.00467997370287776, 1.0717157125473022
1466, 0.5911157825612463, 2, 15.249978865031153, 111, 179595, 179595, 0.004457597155123949, 1.071730375289917
1467, 0.43750316702062264, 2, 15.293971066828817, 111, 179706, 179706, 0.004277622327208519, 1.0702122449874878
1468, -0.7475802120316075, 2, 21.88078292319551, 160, 179866, 179866, 0.004386999178677797, 1.0650298595428467
1469, 0.26489730610046536, 2, 5.066536406986415, 34, 179900, 179900, 0.004370098002254963, 1.076940655708313
1470, 0.24272475128236692, 2, 16.505685202777386, 120, 180020, 180020, 0.004335925914347172, 1.0693027973175049
1471, -0.18313464664970525, 2, 27.171374815050513, 201, 180221, 180221, 0.004395440686494112, 1.0604749917984009
1472, 0.7217442172695883, 2, 14.36235429905355, 104, 180325, 180325, 0.004081062041223049, 1.0664117336273193
1473, 0.023495608940720558, 2, 16.736025337595493, 122, 180447, 180447, 0.004096723161637783, 1.0705448389053345
1474, -0.820740366471, 2, 20.093363146763295, 147, 180594, 180594, 0.004183407872915268, 1.0765246152877808
1475, -0.09186838654568419, 2, 9.415091022383422, 67, 180661, 180661, 0.004349912516772747, 1.079221487045288
1476, 0.1617237743921578, 2, 6.166655152104795, 42, 180703, 180703, 0.004228690173476934, 1.078677773475647
1477, 0.6253604076337069, 2, 12.137956684920937, 87, 180790, 180790, 0.004016797989606857, 1.0653237104415894
1478, -0.21202211220224854, 2, 21.563972618896514, 158, 180948, 180948, 0.0043080514296889305, 1.0767152309417725
1479, -1.7742184596136212, 2, 4.545407890342176, 30, 180978, 180978, 0.004118113312870264, 1.069697618484497
1480, -0.3511225348338485, 2, 6.020079997833818, 41, 181019, 181019, 0.00428398884832859, 1.0923981666564941
1481, 0.646375511190854, 2, 11.040904907975346, 79, 181098, 181098, 0.004219321068376303, 1.0670539140701294
1482, 0.9198586662532762, 2, 15.043707738164812, 109, 181207, 181207, 0.004402229096740484, 1.079560399055481
1483, -1.373146350029856, 2, 21.977076731156558, 161, 181368, 181368, 0.00447822455316782, 1.0684196949005127
1484, 0.23948422074317932, 2, 19.95573638100177, 146, 181514, 181514, 0.004349631257355213, 1.0682703256607056
1485, -1.8052458204329014, 2, 20.24104710901156, 148, 181662, 181662, 0.004347832407802343, 1.0730539560317993
1486, -2.682164798490703, 4, 44.15940015530214, 328, 181990, 181990, 0.004286975599825382, 1.0709809064865112
1487, 0.20820935745723546, 2, 13.765698593109846, 99, 182089, 182089, 0.004362921696156263, 1.0882761478424072
1488, 0.10412602353062539, 2, 18.492902076337487, 135, 182224, 182224, 0.004188904073089361, 1.0698200464248657
1489, 0.24174945128470426, 2, 26.74528112495318, 197, 182421, 182421, 0.0041974750347435474, 1.0804171562194824
1490, 0.21785255474969745, 2, 6.303013742901385, 43, 182464, 182464, 0.004885097034275532, 1.0948600769042969
1491, 0.9380609408253804, 2, 9.430790908634663, 67, 182531, 182531, 0.004217884503304958, 1.061478614807129
1492, 0.47172263567335904, 2, 13.861485545989126, 100, 182631, 182631, 0.0042862240225076675, 1.0763397216796875
1493, -4.272424598806538, 4, 44.17821645969525, 328, 182959, 182959, 0.004234403371810913, 1.078460931777954
1494, -0.29552178806625307, 2, 8.943043084815145, 63, 183022, 183022, 0.004263614304363728, 1.0685476064682007
1495, 0.3515341665770393, 2, 15.691796096041799, 114, 183136, 183136, 0.004242654889822006, 1.0822447538375854
1496, -1.271229438832961, 2, 4.583118804264814, 30, 183166, 183166, 0.00424954341724515, 1.0721040964126587
1497, 0.10423399771389086, 2, 12.367165102157742, 89, 183255, 183255, 0.004153921734541655, 1.0837682485580444
1498, 0.4600827689282596, 2, 11.020839428994805, 79, 183334, 183334, 0.004105512052774429, 1.066520094871521
1499, 0.876035087974742, 2, 12.38164382101968, 89, 183423, 183423, 0.004758298862725496, 1.0702435970306396
1500, -0.4024331867694855, 2, 9.836997831705958, 70, 183493, 183493, 0.004469074308872223, 1.0746275186538696
1501, 0.2656649685231969, 2, 7.450708976015449, 52, 183545, 183545, 0.0044867838732898235, 1.0675370693206787
1502, -0.9958583706757054, 2, 4.540661855135113, 30, 183575, 183575, 0.0045638782903552055, 1.0613409280776978
1503, -0.2756744504440576, 2, 15.99327114596963, 116, 183691, 183691, 0.004465298727154732, 1.068263053894043
1504, 0.25139647617470473, 2, 16.239952388219535, 118, 183809, 183809, 0.004504968877881765, 1.0715231895446777
1505, -0.9317013080581091, 2, 27.79465587809682, 205, 184014, 184014, 0.004391861148178577, 1.0741263628005981
1506, 0.1349360547028482, 2, 7.83563978690654, 55, 184069, 184069, 0.0043750642798841, 1.0812526941299438
1507, -0.45811945712193847, 2, 4.69069843692705, 31, 184100, 184100, 0.0040679252706468105, 1.0661234855651855
1508, 0.17553336336277425, 2, 6.264602319337428, 43, 184143, 184143, 0.004206658806651831, 1.0814427137374878
1509, -0.16383697174023837, 2, 7.358926711138338, 51, 184194, 184194, 0.004598334897309542, 1.064723014831543
1510, 0.36854084941114706, 2, 26.6549569433555, 196, 184390, 184390, 0.004218523856252432, 1.0722241401672363
1511, 0.6626599652227014, 2, 14.83697293093428, 108, 184498, 184498, 0.004039150197058916, 1.0749247074127197
1512, -0.12986210198141634, 2, 7.600230825133622, 53, 184551, 184551, 0.004190453328192234, 1.0664316415786743
1513, -8.779281433089636, 4, 44.13930440321565, 328, 184879, 184879, 0.00420755660161376, 1.0727847814559937
1514, -0.5250614881515503, 2, 25.823207309935242, 190, 185069, 185069, 0.004179373849183321, 1.0754855871200562
1515, 0.34758919093292207, 2, 13.506212736014277, 97, 185166, 185166, 0.004321967251598835, 1.0718369483947754
1516, 0.5036484123265836, 2, 12.646399448160082, 91, 185257, 185257, 0.004021958913654089, 1.0710351467132568
1517, -0.07879629533272237, 2, 15.339718353003263, 111, 185368, 185368, 0.004080726765096188, 1.0819721221923828
1518, -0.6816308052392515, 2, 34.06964343972504, 252, 185620, 185620, 0.004168676678091288, 1.0769281387329102
1519, -0.9687746333656833, 2, 6.058022347744554, 39, 185659, 185659, 0.0042427717708051205, 1.05232834815979
1520, 0.2619620383120491, 2, 12.8386399759911, 90, 185749, 185749, 0.004290924873203039, 1.0651075839996338
1521, 0.3777576112115639, 2, 19.017954669892788, 139, 185888, 185888, 0.004166664555668831, 1.06415855884552
1522, -1.1413121551740915, 2, 7.183155390899628, 50, 185938, 185938, 0.004238348454236984, 1.0671085119247437
1523, -0.054359704634407535, 2, 23.69185236422345, 174, 186112, 186112, 0.004528547637164593, 1.0698734521865845
1524, 0.09506624948699027, 2, 14.048823562916368, 102, 186214, 186214, 0.0045879557728767395, 1.05928373336792
1525, -0.007974542495503556, 2, 21.071363211609423, 155, 186369, 186369, 0.004068632144480944, 1.0593575239181519
1526, -1.0271228986093774, 2, 4.549252688884735, 30, 186399, 186399, 0.003976982552558184, 1.0719234943389893
1527, 0.05780671373941004, 2, 7.075644823722541, 49, 186448, 186448, 0.004279868211597204, 1.0721566677093506
1528, 0.48680970654822886, 2, 5.749810985289514, 39, 186487, 186487, 0.0043260264210402966, 1.0507543087005615
1529, 0.053255762555636466, 2, 12.531052737962455, 90, 186577, 186577, 0.004147537052631378, 1.0756583213806152
1530, 0.39163535343686817, 2, 16.772662272676826, 122, 186699, 186699, 0.004059348255395889, 1.0655449628829956
1531, 0.09638234018348157, 2, 9.479683744721115, 67, 186766, 186766, 0.004212126135826111, 1.0772433280944824
1532, -0.016049644153099507, 2, 22.584802908822894, 166, 186932, 186932, 0.004423364996910095, 1.0637916326522827
1533, -0.8948627666104585, 2, 6.147499843966216, 42, 186974, 186974, 0.0043702805414795876, 1.0770899057388306
1534, -3.688000117894262, 2, 35.901295247953385, 266, 187240, 187240, 0.004162709228694439, 1.0704330205917358
1535, 0.1390401108947117, 2, 24.262405408080667, 178, 187418, 187418, 0.004208467435091734, 1.0650465488433838
1536, -1.2811804881785065, 2, 12.098157516214997, 87, 187505, 187505, 0.004575017374008894, 1.0739399194717407
1537, 0.7526045655540656, 2, 14.808819191996008, 107, 187612, 187612, 0.004349627532064915, 1.0711432695388794
1538, -2.6096305130049586, 2, 14.751044386997819, 107, 187719, 187719, 0.004284456837922335, 1.0697535276412964
1539, -0.019563673937227577, 2, 8.689670940861106, 61, 187780, 187780, 0.004602768924087286, 1.0692648887634277
1540, 0.652100823179353, 2, 17.44864979572594, 127, 187907, 187907, 0.004224329721182585, 1.069831371307373
1541, 0.23698952421545982, 2, 5.049355097580701, 34, 187941, 187941, 0.004536906257271767, 1.0524752140045166
1542, -0.24431169813033193, 2, 4.83042471203953, 32, 187973, 187973, 0.004268643446266651, 1.073206901550293
1543, 0.1284805121831596, 2, 7.588602166157216, 53, 188026, 188026, 0.004399864003062248, 1.0704103708267212
1544, 0.771921661333181, 2, 13.15390644222498, 95, 188121, 188121, 0.004471050575375557, 1.069503664970398
1545, -3.417007906049548, 2, 40.01941555319354, 296, 188417, 188417, 0.004226952325552702, 1.0618464946746826
1546, 0.7551456367364153, 2, 10.283158977981657, 73, 188490, 188490, 0.004042528569698334, 1.073197603225708
1547, -0.10043360215968278, 2, 18.503024496138096, 135, 188625, 188625, 0.004230306018143892, 1.0696769952774048
1548, 0.1115713229701214, 2, 23.90689424891025, 176, 188801, 188801, 0.00450453395023942, 1.0676450729370117
1549, 0.9696784819243476, 2, 11.896133818197995, 85, 188886, 188886, 0.004218032583594322, 1.0733661651611328
1550, -0.2018395666491415, 2, 26.100542208645493, 192, 189078, 189078, 0.004271908663213253, 1.0705941915512085
1551, 0.6392728954706399, 2, 21.16409066133201, 155, 189233, 189233, 0.00428885268047452, 1.0703860521316528
1552, 0.38786968449130654, 2, 16.90831953426823, 123, 189356, 189356, 0.004135897848755121, 1.0681344270706177
1553, 0.4738480498781428, 2, 18.566744844894856, 136, 189492, 189492, 0.004227657802402973, 1.0516064167022705
1554, 0.21424941037548706, 2, 17.981905058957636, 131, 189623, 189623, 0.004237249493598938, 1.062941312789917
1555, 0.44307183228374925, 2, 17.308652363717556, 126, 189749, 189749, 0.004352761432528496, 1.069522500038147
1556, 0.016362873138859868, 2, 7.572468210943043, 53, 189802, 189802, 0.00401823315769434, 1.045411229133606
1557, 0.5254934054100886, 2, 12.791426366195083, 92, 189894, 189894, 0.004357043653726578, 1.071386694908142
1558, 0.7084135836921632, 2, 11.165293169207871, 80, 189974, 189974, 0.004328146111220121, 1.0738908052444458
1559, 0.938151014939649, 2, 17.72378289885819, 129, 190103, 190103, 0.004332969430834055, 1.061476230621338
1560, -0.7387179180514067, 2, 8.28188641089946, 58, 190161, 190161, 0.004315348342061043, 1.0512619018554688
1561, 0.5827935402048752, 2, 11.6880230368115, 84, 190245, 190245, 0.004112666472792625, 1.0745679140090942
1562, 0.4908641147776507, 2, 12.747297331225127, 92, 190337, 190337, 0.004230473190546036, 1.062085509300232
1563, 0.20648360760242213, 2, 20.87544024689123, 153, 190490, 190490, 0.0043333666399121284, 1.0643367767333984
1564, -0.09764951671240851, 2, 13.194699783809483, 95, 190585, 190585, 0.004201377276331186, 1.073458194732666
1565, -2.292475433787331, 2, 25.015921328682452, 184, 190769, 190769, 0.004398093093186617, 1.0591249465942383
1566, -0.4037205217355222, 2, 27.193523962982, 200, 190969, 190969, 0.004449575673788786, 1.068731665611267
1567, 0.4082892689621076, 2, 13.614844886120409, 97, 191066, 191066, 0.004067695699632168, 1.0668927431106567
1568, -0.49474410037510097, 2, 8.425656734965742, 59, 191125, 191125, 0.004098920151591301, 1.0590349435806274
1569, 0.08384418056812137, 2, 14.583841009065509, 106, 191231, 191231, 0.004187500569969416, 1.0600523948669434
1570, 0.7482954895240255, 2, 11.165436957031488, 80, 191311, 191311, 0.004227324854582548, 1.0546562671661377
1571, -0.5595261438284069, 2, 8.541537737008184, 60, 191371, 191371, 0.004256846383213997, 1.0575783252716064
1572, 0.4143974430626258, 2, 11.991399812977761, 86, 191457, 191457, 0.004023483954370022, 1.0580958127975464
1573, 0.4416933341999538, 2, 20.608905226923525, 151, 191608, 191608, 0.004059030208736658, 1.0622644424438477
1574, 0.09025859693065286, 2, 6.9206338482908905, 48, 191656, 191656, 0.003939241636544466, 1.0644395351409912
1575, 0.4501697191008134, 2, 16.01646613283083, 116, 191772, 191772, 0.004169275518506765, 1.0603687763214111
1576, 0.0015577539707010146, 2, 18.445836655795574, 135, 191907, 191907, 0.004256772343069315, 1.059449315071106
1577, 0.37824018334504217, 2, 10.149530756752938, 72, 191979, 191979, 0.004542840179055929, 1.0583500862121582
1578, 0.3545580207137391, 2, 13.113170437980443, 91, 192070, 192070, 0.0042794086039066315, 1.0546462535858154
1579, 0.6273420033976436, 2, 10.256796061061323, 73, 192143, 192143, 0.004142006393522024, 1.0635533332824707
1580, -2.2910199330581236, 2, 43.06000301800668, 319, 192462, 192462, 0.004174330737441778, 1.0669615268707275
1581, 0.5544303744136414, 2, 19.291365479119122, 140, 192602, 192602, 0.004311275668442249, 1.0627738237380981
1582, -0.47752064434644126, 2, 15.002525877207518, 109, 192711, 192711, 0.0042631966061890125, 1.0626957416534424
1583, 0.5538791549624875, 2, 14.084836752153933, 102, 192813, 192813, 0.004354599863290787, 1.0606935024261475
1584, 0.33748995006317273, 2, 11.321741863153875, 81, 192894, 192894, 0.004284833557903767, 1.0644868612289429
1585, 0.6339186832155974, 2, 17.080547582358122, 124, 193018, 193018, 0.004322805441915989, 1.0575709342956543
1586, 0.4558369783044327, 2, 23.68371518421918, 174, 193192, 193192, 0.00420103594660759, 1.0586357116699219
1587, -0.2770320996642113, 2, 6.944452770985663, 48, 193240, 193240, 0.004089419264346361, 1.0554094314575195
1588, -0.0602837213082239, 2, 17.30305017111823, 126, 193366, 193366, 0.004371819086372852, 1.0629639625549316
1589, -0.4903121825773269, 2, 18.25537371635437, 133, 193499, 193499, 0.004173927940428257, 1.058217167854309
1590, 0.9391486624954268, 2, 8.463421608321369, 59, 193558, 193558, 0.004282528068870306, 1.0699286460876465
1591, 0.3336682441877201, 2, 4.916317291092128, 33, 193591, 193591, 0.004247867036610842, 1.0569348335266113
1592, 0.26968057337217033, 2, 6.805547853000462, 47, 193638, 193638, 0.003996463492512703, 1.062501072883606
1593, -0.33688333608733956, 2, 23.04162918915972, 169, 193807, 193807, 0.00441467622295022, 1.0549110174179077
1594, -0.22385863491945202, 2, 13.631590781267732, 98, 193905, 193905, 0.004304822999984026, 1.0559030771255493
1595, -0.31157520168926567, 2, 5.892684891354293, 40, 193945, 193945, 0.0041641779243946075, 1.0584921836853027
1596, 0.22957125026732683, 2, 14.886103103868663, 108, 194053, 194053, 0.004180379677563906, 1.060684084892273
1597, 0.4876009586987493, 2, 17.068768464028835, 124, 194177, 194177, 0.004283188376575708, 1.056595802307129
1598, 0.7717033441876993, 2, 11.076735152397305, 79, 194256, 194256, 0.004481781739741564, 1.0492022037506104
1599, 0.7530234090518206, 2, 9.071245624683797, 64, 194320, 194320, 0.004670712165534496, 1.0528600215911865
1600, 0.7277046102099121, 2, 11.843195769004524, 85, 194405, 194405, 0.004324855748564005, 1.0636868476867676
1601, 0.5511343218386173, 2, 10.841007197275758, 78, 194483, 194483, 0.0042253527790308, 1.0533002614974976
1602, 0.6051951228910184, 2, 15.565634729806334, 113, 194596, 194596, 0.0043961480259895325, 1.0465539693832397
1603, 0.10811861039837822, 2, 15.01991372089833, 109, 194705, 194705, 0.0040720384567976, 1.0681757926940918
1604, 0.3725552943069488, 2, 9.063031878322363, 64, 194769, 194769, 0.003988803829997778, 1.052559733390808
1605, -0.34527579648420215, 2, 10.638715068344027, 76, 194845, 194845, 0.004202128853648901, 1.063752293586731
1606, -1.1906444971682504, 2, 4.716389016713947, 31, 194876, 194876, 0.00427801301702857, 1.0752519369125366
1607, 0.1775092666503042, 2, 4.551555941347033, 30, 194906, 194906, 0.0038266927003860474, 1.0566598176956177
1608, 1.2044423464685678, 2, 12.136604672763497, 87, 194993, 194993, 0.004497820511460304, 1.0603963136672974
1609, 0.3140395149530377, 2, 16.894888046663254, 123, 195116, 195116, 0.0041421325877308846, 1.0606540441513062
1610, 0.21630444131733384, 2, 16.243959179148078, 119, 195235, 195235, 0.0042683277279138565, 1.0600770711898804
1611, 0.9185138834873214, 2, 9.838126325979829, 70, 195305, 195305, 0.004076356999576092, 1.0516152381896973
1612, -0.7431249364744872, 2, 11.212313398718834, 80, 195385, 195385, 0.004222157411277294, 1.0613731145858765
1613, -0.7925867263111286, 2, 23.870709619950503, 175, 195560, 195560, 0.00417697336524725, 1.0562388896942139
1614, -0.46358026174493716, 2, 30.78757279738784, 227, 195787, 195787, 0.004139334429055452, 1.057706356048584
1615, 0.5345357837340998, 2, 11.639370816759765, 83, 195870, 195870, 0.004397801589220762, 1.0550552606582642
1616, -0.24295559152960777, 2, 4.536999898031354, 30, 195900, 195900, 0.004063907545059919, 1.053949236869812
1617, -0.37192306743691006, 2, 29.91269856831059, 221, 196121, 196121, 0.004132391419261694, 1.0613811016082764
1618, -0.1571911695500603, 2, 21.383642764762044, 157, 196278, 196278, 0.00418138550594449, 1.064306616783142
1619, -0.26465055951848626, 2, 4.557664445135742, 30, 196308, 196308, 0.004192308057099581, 1.0501561164855957
1620, -0.9526822348125279, 2, 8.144327064976096, 57, 196365, 196365, 0.0043425001204013824, 1.060144066810608
1621, 0.2557345603418071, 2, 13.562767398077995, 98, 196463, 196463, 0.0041415193118155, 1.0630772113800049
1622, 0.5326273082173429, 2, 19.29064863594249, 141, 196604, 196604, 0.004174031782895327, 1.057451605796814
1623, 0.7229729103855789, 2, 15.312960625160486, 111, 196715, 196715, 0.004408522043377161, 1.0627509355545044
1624, -0.14578931789765193, 2, 22.773598551750183, 167, 196882, 196882, 0.004096786957234144, 1.0607144832611084
1625, 0.8012716390367132, 2, 15.59074936574325, 113, 196995, 196995, 0.004281174391508102, 1.0539016723632812
1626, 1.0254140527686104, 2, 9.038404679857194, 64, 197059, 197059, 0.004239605739712715, 1.0664665699005127
1627, 0.6272528244880959, 2, 10.538246416021138, 75, 197134, 197134, 0.0042105079628527164, 1.0707755088806152
1628, 0.3647424137307098, 2, 19.73694292921573, 144, 197278, 197278, 0.004158118739724159, 1.059434175491333
1629, -0.4387698785867542, 2, 15.009084923192859, 108, 197386, 197386, 0.004216797649860382, 1.0654501914978027
1630, -5.869819408166222, 2, 24.770061035640538, 182, 197568, 197568, 0.004250317346304655, 1.0596388578414917
1631, 0.4825153984484132, 2, 18.76146492920816, 137, 197705, 197705, 0.00399988004937768, 1.0658509731292725
1632, 0.10027713458839571, 2, 17.048540483228862, 124, 197829, 197829, 0.004037539940327406, 1.0505620241165161
1633, 0.7490068499464542, 2, 8.549813091289252, 60, 197889, 197889, 0.004157663322985172, 1.0538012981414795
1634, -0.32352055655792356, 2, 5.871147582773119, 40, 197929, 197929, 0.004601070191711187, 1.0506563186645508
1635, 0.26690609228171525, 2, 18.824817966204137, 137, 198066, 198066, 0.004164660815149546, 1.0598666667938232
1636, 0.6270966903539374, 2, 12.433453548699617, 89, 198155, 198155, 0.004362268373370171, 1.0539796352386475
1637, 0.7518944457406178, 2, 14.52735438523814, 105, 198260, 198260, 0.004109744448214769, 1.0565989017486572
1638, 0.036715320660732687, 2, 12.25190716329962, 88, 198348, 198348, 0.003973002079874277, 1.055171012878418
1639, 1.0751363949966617, 2, 19.15409563202411, 140, 198488, 198488, 0.004138933029025793, 1.0578348636627197
1640, 0.1440103060012916, 2, 17.07337351422757, 122, 198610, 198610, 0.004270816221833229, 1.0630158185958862
1641, -0.10380083054769784, 2, 8.913342455867678, 63, 198673, 198673, 0.004205590579658747, 1.0546034574508667
1642, 0.24143312720116228, 2, 4.940960766747594, 33, 198706, 198706, 0.004287366289645433, 1.0450037717819214
1643, 0.1175820460630348, 2, 21.94004434812814, 161, 198867, 198867, 0.004210669547319412, 1.0566489696502686
1644, -0.07044457457959652, 2, 17.70533951604739, 129, 198996, 198996, 0.004256018903106451, 1.0524001121520996
1645, -0.4691179051878862, 2, 21.349438609089702, 156, 199152, 199152, 0.0041276379488408566, 1.0541611909866333
1646, -0.48291875794529915, 2, 4.526610246859491, 30, 199182, 199182, 0.003999931272119284, 1.0717453956604004
1647, 0.12222882802598178, 2, 7.2074251947924495, 50, 199232, 199232, 0.0044985986314713955, 1.0558483600616455
1648, -0.10069014824694023, 2, 18.116961302701384, 132, 199364, 199364, 0.004291130229830742, 1.057585597038269
1649, 0.6632972775405506, 2, 15.838353096041828, 115, 199479, 199479, 0.004112923517823219, 1.0532950162887573
1650, 0.3681141467495763, 2, 13.979707669932395, 101, 199580, 199580, 0.004369316156953573, 1.055464506149292
1651, -0.22574300305859651, 2, 10.512425348162651, 75, 199655, 199655, 0.003973935265094042, 1.0540859699249268
1652, 0.8504654119024053, 2, 9.840785112697631, 70, 199725, 199725, 0.0043726516887545586, 1.045418381690979
1653, 0.6144889255519956, 2, 11.563517860136926, 83, 199808, 199808, 0.004266537260264158, 1.0479679107666016
1654, -3.9051966773113236, 4, 44.065395588986576, 327, 200135, 200135, 0.004100859630852938, 1.0596158504486084
1655, 0.2816572233568877, 2, 15.187368611805141, 110, 200245, 200245, 0.004075993783771992, 1.0545610189437866
1656, 0.6344882065459387, 2, 18.144312273245305, 132, 200377, 200377, 0.004164528101682663, 1.0581170320510864
1657, -0.7225859211757779, 2, 4.953017068095505, 33, 200410, 200410, 0.0039381664246320724, 1.067685842514038
1658, 0.10487081506289542, 2, 11.769652260933071, 84, 200494, 200494, 0.004245558753609657, 1.0566425323486328
1659, -0.20606273983139545, 2, 4.538951686117798, 30, 200524, 200524, 0.004049151670187712, 1.0528619289398193
1660, 0.12716161645948887, 2, 5.836524641141295, 40, 200564, 200564, 0.004374159965664148, 1.0637083053588867
1661, 0.2771707773208618, 2, 5.6828505783341825, 39, 200603, 200603, 0.004358720034360886, 1.057124137878418
1662, 0.048426844616187736, 2, 14.438563677947968, 104, 200707, 200707, 0.004275954328477383, 1.0554311275482178
1663, 0.3534520404646173, 2, 10.255263953004032, 73, 200780, 200780, 0.004204283468425274, 1.0597233772277832
1664, -0.3012798975687474, 2, 9.892738583032042, 70, 200850, 200850, 0.004397558514028788, 1.0408735275268555
1665, 0.2474724146304652, 2, 5.714591192081571, 39, 200889, 200889, 0.003889452898874879, 1.0510122776031494
1666, -2.828040430365945, 2, 35.24806647002697, 261, 201150, 201150, 0.004178845789283514, 1.0500668287277222
1667, -0.9555615511490032, 2, 4.921987760812044, 33, 201183, 201183, 0.004101742524653673, 1.04887855052948
1668, 0.19175045136216795, 2, 13.757592686917633, 99, 201282, 201282, 0.00423675961792469, 1.0463588237762451
1669, -0.11089915514821769, 2, 28.162540316116065, 208, 201490, 201490, 0.004173953551799059, 1.048195719718933
1670, -0.10925613889776287, 2, 23.86917316634208, 175, 201665, 201665, 0.004212873987853527, 1.0480027198791504
1671, 0.001816923264414072, 2, 5.715129708871245, 39, 201704, 201704, 0.004741131328046322, 1.0357271432876587
1672, -0.7727674414054491, 2, 21.73387083876878, 159, 201863, 201863, 0.004396070260554552, 1.0590637922286987
1673, 3.185793357057264, 1, 34.38802479207516, 254, 202117, 202117, 0.004209856037050486, 1.0555129051208496
1674, 5.33679557137657, 1, 4.509095922112465, 30, 202147, 202147, 0.004163368605077267, 1.0565792322158813
1675, 4.52872251207009, 1, 4.511819694191217, 30, 202177, 202177, 0.004072489682585001, 1.053743600845337
1676, 3.634356014430523, 1, 4.514379043132067, 30, 202207, 202207, 0.003988259471952915, 1.067258596420288
1677, 3.755323987454176, 1, 4.526898183859885, 30, 202237, 202237, 0.0041228653863072395, 1.0463837385177612
1678, 3.05689886957407, 1, 4.520095448940992, 30, 202267, 202267, 0.004337972961366177, 1.0369032621383667
1679, 3.0896632485091686, 1, 4.502063712105155, 30, 202297, 202297, 0.004219523631036282, 1.05809485912323
1680, 2.9478835090994835, 1, 4.504236669279635, 30, 202327, 202327, 0.005502189043909311, 1.0651055574417114
1681, 3.880850926041603, 1, 4.516210163012147, 30, 202357, 202357, 0.004492745269089937, 1.0570838451385498
1682, 4.027753461152315, 1, 4.534344541840255, 30, 202387, 202387, 0.005993029102683067, 1.0513765811920166
1683, 3.488595474511385, 1, 4.5172398667782545, 30, 202417, 202417, 0.004509815946221352, 1.0496762990951538
1684, 3.4612482339143753, 1, 4.521649065893143, 30, 202447, 202447, 0.004386933054775, 1.0729219913482666
1685, 2.904142342507839, 1, 4.5181173658929765, 30, 202477, 202477, 0.004438338801264763, 1.0411944389343262
1686, -0.5743134878575802, 2, 4.501020473893732, 30, 202507, 202507, 0.005679034162312746, 1.061098575592041
1687, 0.6926464339485392, 2, 17.45759060420096, 127, 202634, 202634, 0.00446281349286437, 1.0628660917282104
1688, -0.4571154109617055, 2, 41.15096665825695, 305, 202939, 202939, 0.00454285740852356, 1.0550750494003296
1689, 0.24095626990310848, 2, 11.476818840019405, 82, 203021, 203021, 0.004998683929443359, 1.049206256866455
1690, -0.19213827583007514, 2, 15.551919708028436, 113, 203134, 203134, 0.004636615980416536, 1.055092215538025
1691, 0.4517441366770072, 2, 15.70393930003047, 114, 203248, 203248, 0.00462891673669219, 1.0602984428405762
1692, 0.6622239296630141, 2, 21.651616097427905, 158, 203406, 203406, 0.004410427063703537, 1.0568937063217163
1693, -0.5799468007171527, 2, 8.533198458142579, 60, 203466, 203466, 0.004163018893450499, 1.047439694404602
1694, -0.6445183383930271, 2, 6.7802090141922235, 47, 203513, 203513, 0.0042444621212780476, 1.027172327041626
1695, 0.2508782373042777, 2, 4.845650304108858, 32, 203545, 203545, 0.0058851949870586395, 1.0517510175704956
1696, 0.7062201853550505, 2, 17.84102633688599, 130, 203675, 203675, 0.005066924728453159, 1.052253007888794
1697, 0.7238889424770605, 2, 20.56587062496692, 150, 203825, 203825, 0.004634210839867592, 1.060389757156372
1698, 0.28778727643657476, 2, 14.142224490642548, 102, 203927, 203927, 0.004692349582910538, 1.0616859197616577
1699, 0.2878662307157356, 2, 17.97720628324896, 131, 204058, 204058, 0.004270510282367468, 1.048536777496338
1700, -0.26102384539990453, 2, 9.602818343322724, 68, 204126, 204126, 0.004701949656009674, 1.047616958618164
1701, 0.0314276332501322, 2, 5.414527403190732, 37, 204163, 204163, 0.004464732017368078, 1.0672968626022339
1702, 0.24051790218800306, 2, 6.283320873044431, 43, 204206, 204206, 0.004380771424621344, 1.061095952987671
1703, 0.8171566420933232, 2, 8.644517350010574, 61, 204267, 204267, 0.00488114170730114, 1.050005555152893
1704, -0.4130554818548262, 2, 5.33734775474295, 36, 204303, 204303, 0.004365107044577599, 1.0658594369888306
1705, 0.5354953334899619, 2, 6.811460657045245, 47, 204350, 204350, 0.004217145033180714, 1.0505850315093994
1706, -0.4852816287893802, 2, 11.055685832630843, 79, 204429, 204429, 0.004208294674754143, 1.0510995388031006
1707, 1.014006900251843, 2, 13.972434198949486, 101, 204530, 204530, 0.004413971211761236, 1.06071138381958
1708, 0.3354248811629077, 2, 20.3692710371688, 149, 204679, 204679, 0.0050587099976837635, 1.0558366775512695
1709, -0.03694361133966595, 2, 10.272552615962923, 72, 204751, 204751, 0.004290833603590727, 1.0504050254821777
1710, 0.7032246951712295, 2, 12.96138095203787, 93, 204844, 204844, 0.004841819405555725, 1.060145616531372
1711, 0.7540535205043852, 2, 11.050982272718102, 79, 204923, 204923, 0.004613611847162247, 1.0422011613845825
1712, 0.29651609309075866, 2, 22.694748206995428, 166, 205089, 205089, 0.00444526644423604, 1.0451140403747559
1713, 0.13121796119958162, 2, 7.738578084856272, 54, 205143, 205143, 0.004355254583060741, 1.050876498222351
1714, 0.07358596764970571, 2, 14.935961455106735, 108, 205251, 205251, 0.004508879501372576, 1.0471994876861572
1715, 0.8930130855878815, 2, 15.216050087008625, 110, 205361, 205361, 0.0055335573852062225, 1.05159330368042
1716, -0.31524843758234056, 2, 33.24622411001474, 245, 205606, 205606, 0.004518196452409029, 1.050868034362793
1717, 0.16089837427716702, 2, 8.12514836806804, 57, 205663, 205663, 0.004425398074090481, 1.0544997453689575
1718, 0.3028005014057271, 2, 16.539494866970927, 120, 205783, 205783, 0.004285718780010939, 1.046454668045044
1719, -0.35303817270323634, 2, 7.219434890896082, 50, 205833, 205833, 0.004201261326670647, 1.0466803312301636
1720, 0.2975017604767345, 2, 12.413493394386023, 89, 205922, 205922, 0.004653715528547764, 1.0589183568954468
1721, 0.7172118581365794, 2, 13.593489680904895, 98, 206020, 206020, 0.005386878736317158, 1.0489351749420166
1722, 0.5356429167441092, 2, 14.953983205836266, 108, 206128, 206128, 0.00477902777493, 1.0537382364273071
1723, 0.24763980926945806, 2, 17.857137629762292, 130, 206258, 206258, 0.004866767209023237, 1.0563316345214844
1724, 0.38122813298832625, 2, 4.666209913324565, 31, 206289, 206289, 0.005389852914959192, 1.0459352731704712
1725, 0.4627956775948405, 2, 10.01791992597282, 71, 206360, 206360, 0.004107430577278137, 1.0524730682373047
1726, -0.754242654889822, 2, 9.878797037992626, 70, 206430, 206430, 0.00417595449835062, 1.0519376993179321
1727, -1.3678806284442544, 2, 4.547970694024116, 30, 206460, 206460, 0.005490946117788553, 1.044985055923462
1728, 0.3864046059898101, 2, 15.452838770113885, 112, 206572, 206572, 0.004164390731602907, 1.0611919164657593
1729, -0.3359145534632262, 2, 20.174600481055677, 147, 206719, 206719, 0.0046614655293524265, 1.0536344051361084
1730, 0.15944627299904823, 2, 12.053561632987112, 86, 206805, 206805, 0.004918618127703667, 1.0458455085754395
1731, 0.2837997080778223, 2, 22.465705174021423, 165, 206970, 206970, 0.004309999756515026, 1.047559142112732
1732, 0.5227871526149102, 2, 18.119268292095512, 132, 207102, 207102, 0.004222820047289133, 1.0526551008224487
1733, 0.6875784031581134, 2, 10.211717214901, 73, 207175, 207175, 0.005144886672496796, 1.049213171005249
1734, 0.45365419145673513, 2, 9.634064801037312, 68, 207243, 207243, 0.005216007120907307, 1.0553728342056274
1735, -4.976508145569824, 2, 36.18467695033178, 268, 207511, 207511, 0.0045283883810043335, 1.048777461051941
1736, 0.6149468809599057, 2, 16.891451271250844, 123, 207634, 207634, 0.004755440633744001, 1.0579586029052734
1737, -0.6471747974428581, 2, 14.645826956257224, 106, 207740, 207740, 0.004210197366774082, 1.058424949645996
1738, -0.3001213999232277, 2, 7.21594448806718, 50, 207790, 207790, 0.0053695072419941425, 1.0375094413757324
1739, -0.02717867773026228, 2, 4.538149678148329, 30, 207820, 207820, 0.004064580891281366, 1.0611153841018677
1740, -0.16747278813272715, 2, 4.543114178813994, 30, 207850, 207850, 0.003995716571807861, 1.0470778942108154
1741, -0.011505599482916296, 2, 4.51729355705902, 30, 207880, 207880, 0.00411284388974309, 1.072558045387268
1742, -0.906047371798195, 2, 9.067176343407482, 64, 207944, 207944, 0.004996137693524361, 1.0534175634384155
1743, -0.24494844279251993, 2, 10.019734258763492, 71, 208015, 208015, 0.005375836510211229, 1.059241533279419
1744, -8.143618179557961, 2, 42.680177927948534, 316, 208331, 208331, 0.004665561486035585, 1.0499935150146484
1745, 0.27367178013082594, 2, 13.88179509760812, 98, 208429, 208429, 0.0046025910414755344, 1.0522993803024292
1746, 0.06941242737229913, 2, 5.345082122832537, 36, 208465, 208465, 0.004125576000660658, 1.0510849952697754
1747, -1.38362530793529, 2, 4.553047812078148, 30, 208495, 208495, 0.004258116707205772, 1.0481244325637817
1748, 0.44353136874269694, 2, 17.05423495732248, 124, 208619, 208619, 0.0050699543207883835, 1.0492323637008667
1749, -1.0223310183428111, 2, 26.12030164897442, 192, 208811, 208811, 0.004268303979188204, 1.0504283905029297
1750, -0.7883177998592146, 2, 19.063824597280473, 139, 208950, 208950, 0.0048186322674155235, 1.0426212549209595
1751, -0.1290887367213145, 2, 7.727048397995532, 54, 209004, 209004, 0.006221341900527477, 1.0455677509307861
1752, 0.09057716839015484, 2, 6.252902564126998, 43, 209047, 209047, 0.004280234687030315, 1.0502043962478638
1753, -0.17175153736025095, 2, 4.5376450112089515, 30, 209077, 209077, 0.004372606985270977, 1.0638858079910278
1754, 0.14066086657112464, 2, 20.037090631667525, 146, 209223, 209223, 0.004829359706491232, 1.0472102165222168
1755, 0.9831026560859755, 2, 8.746791298035532, 59, 209282, 209282, 0.004707717336714268, 1.0405158996582031
1756, -0.6510496708797291, 2, 4.777365295216441, 30, 209312, 209312, 0.004205795470625162, 1.0542100667953491
1757, -0.27806517109274864, 2, 4.559575094841421, 30, 209342, 209342, 0.004215368069708347, 1.0511586666107178
1758, 0.7373966824088711, 2, 11.059252532199025, 79, 209421, 209421, 0.0044512017630040646, 1.0386922359466553
1759, -2.1262759056990035, 4, 44.1599251399748, 327, 209748, 209748, 0.004646174609661102, 1.0448840856552124
1760, 0.02182651497423649, 2, 23.527727860957384, 170, 209918, 209918, 0.004241593647748232, 1.0493229627609253
1761, 0.16574282909277827, 2, 5.330291886813939, 36, 209954, 209954, 0.0042027696035802364, 1.0525790452957153
1762, 0.15345609735231847, 2, 4.807313846889883, 32, 209986, 209986, 0.005426445044577122, 1.0364598035812378
1763, 0.24120817446782894, 2, 16.25100824702531, 118, 210104, 210104, 0.0042249299585819244, 1.0527269840240479
1764, 0.8293043153826147, 2, 13.794044696725905, 99, 210203, 210203, 0.00418426189571619, 1.0445009469985962
1765, 0.22044145034669782, 2, 20.297000342048705, 148, 210351, 210351, 0.004731413442641497, 1.0348989963531494
1766, -0.42128524157305947, 2, 21.908830207772553, 160, 210511, 210511, 0.004593507386744022, 1.0381666421890259
1767, 0.6737364911386976, 2, 17.577717937063426, 128, 210639, 210639, 0.00449853390455246, 1.0461828708648682
1768, 0.752403077785857, 2, 12.786155713256449, 92, 210731, 210731, 0.004325236193835735, 1.0477092266082764
1769, 0.46546725084772334, 2, 14.168828066904098, 102, 210833, 210833, 0.00472164386883378, 1.045405626296997
1770, -0.1902509755709616, 2, 17.40068596508354, 126, 210959, 210959, 0.004146678373217583, 1.0405621528625488
1771, -0.20181283756392077, 2, 26.139357291162014, 192, 211151, 211151, 0.005183637607842684, 1.0446908473968506
1772, -0.011518844854435883, 2, 21.32907886384055, 156, 211307, 211307, 0.0051376698538661, 1.0447548627853394
1773, 0.022554514929652214, 2, 6.03101898310706, 41, 211348, 211348, 0.004632960073649883, 1.0406662225723267
1774, -1.1403268004505662, 2, 39.595968497917056, 293, 211641, 211641, 0.00479130819439888, 1.046720027923584
1775, 0.134473507408984, 2, 9.152505028061569, 65, 211706, 211706, 0.004816629458218813, 1.0478031635284424
1776, -0.0022617728682234883, 2, 7.490307953208685, 52, 211758, 211758, 0.004860742017626762, 1.0533314943313599
1777, -0.48475277493707836, 2, 5.474957312922925, 37, 211795, 211795, 0.0042435172945261, 1.0543570518493652
1778, 0.636978400114458, 2, 14.555966820102185, 105, 211900, 211900, 0.004641334991902113, 1.045673131942749
1779, -0.30304258526302874, 2, 5.088583176955581, 34, 211934, 211934, 0.004262180533260107, 1.0534733533859253
1780, 0.14296250004372268, 2, 14.423069697804749, 104, 212038, 212038, 0.004841839428991079, 1.0510079860687256
1781, -0.38266244798433036, 2, 6.510438805446029, 45, 212083, 212083, 0.005039257928729057, 1.06194269657135
1782, 0.9452773508091923, 2, 16.935163157060742, 123, 212206, 212206, 0.004927818663418293, 1.0405155420303345
1783, 0.3531483100960031, 2, 4.535431663040072, 30, 212236, 212236, 0.004097441677004099, 1.0571935176849365
1784, 0.8428249636490364, 2, 15.731481090188026, 114, 212350, 212350, 0.004626625683158636, 1.0461089611053467
1785, 0.44975205429363996, 2, 9.987825184129179, 71, 212421, 212421, 0.004640466533601284, 1.057375192642212
1786, 0.025545132346451283, 2, 25.18869738979265, 185, 212606, 212606, 0.004396369680762291, 1.0459980964660645
1787, -0.6076058846374508, 2, 18.963771585840732, 138, 212744, 212744, 0.0043920003809034824, 1.0521947145462036
1788, -0.4182387697510421, 2, 9.040798575617373, 64, 212808, 212808, 0.004503821488469839, 1.0421137809753418
1789, -0.012825291451008525, 2, 24.369454904925078, 179, 212987, 212987, 0.004569863434880972, 1.0485578775405884
1790, 0.21347096655517817, 2, 4.539443691726774, 30, 213017, 213017, 0.004344940185546875, 1.04096257686615
1791, 1.0560293149992503, 2, 15.478602268267423, 112, 213129, 213129, 0.004851247649639845, 1.041688323020935
1792, -4.828667634523299, 4, 44.12685772497207, 328, 213457, 213457, 0.004618613049387932, 1.0525587797164917
1793, 0.13034365535713732, 2, 12.308806194923818, 88, 213545, 213545, 0.004972104448825121, 1.0465999841690063
1794, -0.855447294539772, 2, 12.543988522142172, 90, 213635, 213635, 0.004869233351200819, 1.0524436235427856
1795, 0.7342709794756956, 2, 13.467319212853909, 97, 213732, 213732, 0.004181561525911093, 1.042089819908142
1796, 0.014059772249311209, 2, 6.233823611866683, 43, 213775, 213775, 0.005551535170525312, 1.0464805364608765
1797, 0.08454698033165187, 2, 12.960950201842934, 93, 213868, 213868, 0.004237778950482607, 1.0408267974853516
1798, -1.9156164539745077, 2, 5.647116459906101, 38, 213906, 213906, 0.004723327234387398, 1.0431395769119263
1799, -2.8249088343727635, 4, 44.14280396187678, 327, 214233, 214233, 0.004610993433743715, 1.0496971607208252
1800, 0.19896756089292467, 2, 6.382340528070927, 44, 214277, 214277, 0.004445853643119335, 1.049817681312561
1801, 0.6539994702907279, 2, 16.744055395945907, 122, 214399, 214399, 0.004682114347815514, 1.0497275590896606
1802, 1.015304156462662, 2, 17.225916255731136, 125, 214524, 214524, 0.004339153878390789, 1.0547144412994385
1803, -0.1201381873106584, 2, 12.827934821136296, 92, 214616, 214616, 0.004927536007016897, 1.0543204545974731
1804, -0.34566540212836117, 2, 8.949006187729537, 63, 214679, 214679, 0.004562992136925459, 1.0499268770217896
1805, 0.9646816321182996, 2, 11.491403232328594, 82, 214761, 214761, 0.004390798509120941, 1.0419440269470215
1806, -0.12521927198395133, 2, 4.693989107850939, 31, 214792, 214792, 0.004523547366261482, 1.0406819581985474
1807, -0.7755547292545089, 2, 23.254389184061438, 171, 214963, 214963, 0.004534583073109388, 1.0497722625732422
1808, -0.4753907404374331, 2, 6.929240151774138, 48, 215011, 215011, 0.004984027240425348, 1.0352965593338013
1809, 0.07600917178206146, 2, 9.488033659756184, 67, 215078, 215078, 0.00519526656717062, 1.0602432489395142
1810, 0.3253096902772086, 2, 14.977803882211447, 108, 215186, 215186, 0.004484847653657198, 1.049495816230774
1811, 1.1136776019702666, 2, 11.999293664004654, 87, 215273, 215273, 0.0041740830056369305, 1.0440256595611572
1812, -0.0407171655097045, 2, 5.73781016189605, 39, 215312, 215312, 0.004920017905533314, 1.0477545261383057
1813, 0.33582256850786507, 2, 8.156653654295951, 57, 215369, 215369, 0.0043857162818312645, 1.0638450384140015
1814, 0.5034994218003703, 2, 18.138525704853237, 132, 215501, 215501, 0.004437736701220274, 1.058559536933899
1815, -2.493282728113172, 2, 33.56433220906183, 248, 215749, 215749, 0.004512330517172813, 1.0433669090270996
1816, 0.9249415387457702, 2, 18.133279640693218, 132, 215881, 215881, 0.0047463783994317055, 1.0446689128875732
1817, 0.7581447446718812, 2, 14.853814939968288, 107, 215988, 215988, 0.004515625536441803, 1.0441235303878784
1818, 0.5418819912301842, 2, 18.540424621198326, 135, 216123, 216123, 0.004661166109144688, 1.0402406454086304
1819, -0.44129778165370226, 2, 4.538520093075931, 30, 216153, 216153, 0.004291698802262545, 1.0296378135681152
1820, 0.08604378160089254, 2, 14.073087646625936, 101, 216254, 216254, 0.00501440791413188, 1.0478854179382324
1821, 0.4164655434433371, 2, 14.948472565971315, 108, 216362, 216362, 0.004373681265860796, 1.0451768636703491
1822, 0.43558496225159615, 2, 19.072577099781483, 139, 216501, 216501, 0.004859755747020245, 1.0465508699417114
1823, 0.4221126046504651, 2, 15.208216921426356, 110, 216611, 216611, 0.004864519461989403, 1.0405317544937134
1824, -0.6999802570790052, 2, 6.679581881035119, 46, 216657, 216657, 0.004629096016287804, 1.0376181602478027
1825, 0.37361133749072906, 2, 15.210370928049088, 110, 216767, 216767, 0.004724429454654455, 1.0476758480072021
1826, 0.19652878676424734, 2, 18.78459180891514, 137, 216904, 216904, 0.004712902475148439, 1.0405336618423462
1827, -3.634326491097454, 2, 38.25765639916062, 283, 217187, 217187, 0.004683829378336668, 1.0508785247802734
1828, 0.3166291188681498, 2, 16.361357460729778, 119, 217306, 217306, 0.004293234087526798, 1.0374641418457031
1829, 0.010667538328561932, 2, 14.664223378989846, 105, 217411, 217411, 0.004756798967719078, 1.0337191820144653
1830, -1.8110794567037374, 2, 4.583889770787209, 30, 217441, 217441, 0.004512288607656956, 1.0453240871429443
1831, 0.4152363503817469, 2, 6.8223286350257695, 47, 217488, 217488, 0.0043851169757544994, 1.043715476989746
1832, 0.904357694555074, 2, 17.36369222495705, 126, 217614, 217614, 0.004488709382712841, 1.0407367944717407
1833, 0.27213270717766136, 2, 8.959545992314816, 63, 217677, 217677, 0.004625887144356966, 1.0540320873260498
1834, 0.3537045639241114, 2, 6.47247993433848, 44, 217721, 217721, 0.004132587928324938, 1.0472657680511475
1835, -0.34208045387640595, 2, 7.229915879201144, 50, 217771, 217771, 0.0049419705756008625, 1.0395715236663818
1836, 0.24350972764659673, 2, 19.514029775280505, 142, 217913, 217913, 0.004731436725705862, 1.0491448640823364
1837, -0.47485819226130843, 2, 14.982453551143408, 108, 218021, 218021, 0.004513255320489407, 1.041725516319275
1838, -0.19250504981027916, 2, 10.573060165159404, 75, 218096, 218096, 0.004333344288170338, 1.044420838356018
1839, 0.516642922477331, 2, 14.221193375065923, 103, 218199, 218199, 0.004623348359018564, 1.0353854894638062
1840, 0.018996942089870572, 2, 13.486054147128016, 97, 218296, 218296, 0.004531866870820522, 1.046419382095337
1841, -0.15844079433009028, 2, 6.124397972133011, 42, 218338, 218338, 0.004108239896595478, 1.0462541580200195
1842, 0.463023253614665, 2, 23.398999172262847, 171, 218509, 218509, 0.004642350599169731, 1.040886402130127
1843, -0.04679808166110888, 2, 13.37084046099335, 96, 218605, 218605, 0.004514965694397688, 1.037469744682312
1844, -0.7261514991987497, 2, 6.65017578843981, 46, 218651, 218651, 0.004814840853214264, 1.0419068336486816
1845, -0.09159762319177389, 2, 4.957691554911435, 33, 218684, 218684, 0.005498412065207958, 1.0347936153411865
1846, 0.2931723130168393, 2, 7.646555620711297, 53, 218737, 218737, 0.004108261317014694, 1.0517549514770508
1847, -1.1350967926846351, 2, 27.100447367876768, 199, 218936, 218936, 0.004530206322669983, 1.0481241941452026
1848, -0.41097252610779833, 2, 26.908514282200485, 197, 219133, 219133, 0.004639861173927784, 1.0498217344284058
1849, 0.21076240291586146, 2, 17.506472812965512, 127, 219260, 219260, 0.004495670553296804, 1.041749358177185
1850, -0.06573916412889957, 2, 7.2255979483015835, 50, 219310, 219310, 0.0047342125326395035, 1.0441060066223145
1851, 0.23959361331071705, 2, 12.751336896792054, 93, 219403, 219403, 0.00463227741420269, 1.0463829040527344
1852, 0.4884086432866752, 2, 19.563661018852144, 145, 219548, 219548, 0.004610068164765835, 1.0382293462753296
1853, 0.18720511940773576, 2, 16.936427814885974, 125, 219673, 219673, 0.004640344064682722, 1.0397422313690186
1854, 0.5140655987197533, 2, 8.044827891048044, 57, 219730, 219730, 0.004375984892249107, 1.0378365516662598
1855, -0.3041314030997455, 2, 6.025505558121949, 42, 219772, 219772, 0.004385714884847403, 1.0460538864135742
1856, 0.37510113805910805, 2, 16.49404398817569, 122, 219894, 219894, 0.004905024543404579, 1.0405350923538208
1857, 0.24092327436665073, 2, 16.230978256091475, 118, 220012, 220012, 0.004377360455691814, 1.0435917377471924
1858, -0.9068554841214791, 2, 5.632375149987638, 39, 220051, 220051, 0.004617870785295963, 1.033558964729309
1859, -0.1130040175630711, 2, 15.247148926369846, 112, 220163, 220163, 0.004654423799365759, 1.033034086227417
1860, -4.515952858433593, 2, 40.810732278972864, 307, 220470, 220470, 0.004413288086652756, 1.0403811931610107
1861, 0.3546748125227168, 2, 7.880989653989673, 56, 220526, 220526, 0.00447517866268754, 1.0421559810638428
1862, 0.493126385146752, 2, 16.383035416714847, 121, 220647, 220647, 0.00463131396099925, 1.0293623208999634
1863, 0.4585321495833341, 2, 20.60015803668648, 153, 220800, 220800, 0.004316712263971567, 1.0393524169921875
1864, 0.15014925599098206, 2, 5.5492020128294826, 38, 220838, 220838, 0.0043356772512197495, 1.042445421218872
1865, 0.19715393555816263, 2, 6.326872122939676, 44, 220882, 220882, 0.004435766488313675, 1.0379785299301147
1866, -2.3110166858696175, 2, 37.27430495619774, 280, 221162, 221162, 0.004419135861098766, 1.0389856100082397
1867, -0.14253435656428337, 2, 4.459167342633009, 30, 221192, 221192, 0.004869583062827587, 1.0544692277908325
1868, 0.08709210983943194, 2, 6.316398415714502, 44, 221236, 221236, 0.0048414538614451885, 1.0196747779846191
1869, 0.5044958757498534, 2, 18.65680760331452, 138, 221374, 221374, 0.0046093580313026905, 1.0386427640914917
1870, -0.03471139550674707, 2, 7.92880460107699, 56, 221430, 221430, 0.004236424807459116, 1.0446137189865112
1871, 0.5896763370546978, 2, 14.808815516997129, 109, 221539, 221539, 0.004511781968176365, 1.0386840105056763
1872, 0.258767535626248, 2, 17.953031768091023, 132, 221671, 221671, 0.004306243732571602, 1.0398210287094116
1873, -0.24644841255394567, 2, 22.06133235897869, 162, 221833, 221833, 0.004440184682607651, 1.0433937311172485
1874, -0.155190316028893, 2, 7.668138775974512, 54, 221887, 221887, 0.004379343707114458, 1.0479066371917725
1875, -0.4396431762725115, 2, 9.190590712241828, 66, 221953, 221953, 0.004423543345183134, 1.034615159034729
1876, 0.04267741915100487, 2, 24.22941416921094, 180, 222133, 222133, 0.004780376795679331, 1.0414339303970337
1877, 0.235508699901402, 2, 18.34358280384913, 135, 222268, 222268, 0.004455779679119587, 1.0367082357406616
1878, 0.464602077845484, 2, 5.095755076035857, 35, 222303, 222303, 0.0042483629658818245, 1.03446626663208
1879, 0.3753493761360005, 2, 28.33563724020496, 212, 222515, 222515, 0.004413160029798746, 1.0484631061553955
1880, -0.8182100772392005, 2, 5.801420942880213, 40, 222555, 222555, 0.004814134910702705, 1.0511053800582886
1881, -0.03884206747170538, 2, 4.995794092770666, 34, 222589, 222589, 0.004209759645164013, 1.0295056104660034
1882, -1.565243768505752, 2, 27.708161568734795, 207, 222796, 222796, 0.004482870455831289, 1.0288866758346558
1883, 0.21760821319185197, 2, 18.110706849955022, 134, 222930, 222930, 0.00468810461461544, 1.0410770177841187
1884, -0.28426401410251856, 2, 4.854808148927987, 33, 222963, 222963, 0.005133355036377907, 1.0372265577316284
1885, 0.06886346731334925, 2, 4.606184933334589, 31, 222994, 222994, 0.004802455194294453, 1.0488144159317017
1886, 0.009570659836754203, 2, 4.860731148160994, 33, 223027, 223027, 0.004569730255752802, 1.040778636932373
1887, -1.4866249709157273, 2, 10.311686670873314, 74, 223101, 223101, 0.0041875289753079414, 1.0402714014053345
1888, 0.21116179542514146, 2, 12.097569907084107, 88, 223189, 223189, 0.004900606814771891, 1.0400762557983398
1889, -0.06643986178096384, 2, 4.762732043862343, 32, 223221, 223221, 0.004433163441717625, 1.0411466360092163
1890, 0.8275761725381017, 2, 17.454573589842767, 129, 223350, 223350, 0.004393006209284067, 1.042936086654663
1891, 0.27240196021739393, 2, 5.7742313938215375, 40, 223390, 223390, 0.005108203273266554, 1.0378845930099487
1892, 0.16818700858857483, 2, 7.477284298278391, 53, 223443, 223443, 0.004451934713870287, 1.0431973934173584
1893, -0.10335824839421548, 2, 11.72651477670297, 85, 223528, 223528, 0.005443845875561237, 1.0358775854110718
1894, -0.2084102772641927, 2, 6.34549537114799, 44, 223572, 223572, 0.004848249722272158, 1.0381591320037842
1895, 0.5466411242960021, 2, 8.030448575038463, 57, 223629, 223629, 0.004378241952508688, 1.0467222929000854
1896, 0.6724403377156705, 2, 17.45973261119798, 129, 223758, 223758, 0.004674072377383709, 1.0427182912826538
1897, -0.25719443324487656, 2, 7.890010492876172, 56, 223814, 223814, 0.004218180198222399, 1.0536891222000122
1898, 0.4773948318488692, 2, 17.718488929327577, 131, 223945, 223945, 0.0043945154175162315, 1.0389018058776855
1899, -0.16041021316777915, 2, 7.256437326781452, 51, 223996, 223996, 0.004570994526147842, 1.0339510440826416
1900, -0.43678710274980403, 2, 28.380074278917164, 212, 224208, 224208, 0.00434459513053298, 1.0375994443893433
1901, -0.11717800481710583, 2, 7.185414537787437, 51, 224259, 224259, 0.004568617325276136, 1.0361114740371704
1902, 0.7320751848164946, 2, 13.817262274678797, 101, 224360, 224360, 0.004799143876880407, 1.0350992679595947
1903, 0.04828788873783196, 2, 19.175352678168565, 142, 224502, 224502, 0.0042013926431536674, 1.0368940830230713
1904, -0.5286827562376857, 2, 4.484753625933081, 30, 224532, 224532, 0.004787623882293701, 1.0448166131973267
1905, -0.7155763652699534, 2, 14.205668658949435, 104, 224636, 224636, 0.00461219809949398, 1.0424795150756836
1906, 0.23699028050759807, 2, 12.464249733835459, 91, 224727, 224727, 0.0043739695101976395, 1.0486711263656616
1907, 0.1886866011773236, 2, 10.262898669112474, 74, 224801, 224801, 0.004854805767536163, 1.0272462368011475
1908, 0.42532904725521803, 2, 13.680048825219274, 100, 224901, 224901, 0.004564202856272459, 1.041443943977356
1909, 0.5064017051045084, 2, 18.27903162734583, 135, 225036, 225036, 0.004652373027056456, 1.044479250907898
1910, 0.7100353881396586, 2, 19.458005454856902, 144, 225180, 225180, 0.004413467366248369, 1.0432381629943848
1911, 0.7097057581413537, 2, 8.136252465192229, 58, 225238, 225238, 0.00434353481978178, 1.0503790378570557
1912, -0.6256079182494432, 2, 5.114750625099987, 35, 225273, 225273, 0.005455744452774525, 1.0485759973526
1913, -0.7811871619196609, 2, 4.752454065717757, 32, 225305, 225305, 0.00433858297765255, 1.040608525276184
1914, 1.0237005036342453, 2, 17.795804718974978, 131, 225436, 225436, 0.004726048558950424, 1.0452791452407837
1915, 0.576238014808041, 2, 13.758321984205395, 101, 225537, 225537, 0.004644259810447693, 1.039207100868225
1916, 0.5756979657599004, 2, 15.92548443004489, 117, 225654, 225654, 0.004501686431467533, 1.0437625646591187
1917, 0.899576197960414, 2, 8.941238819155842, 64, 225718, 225718, 0.00446438230574131, 1.0147877931594849
1918, 0.03548036701977253, 2, 5.134397265966982, 35, 225753, 225753, 0.004709916654974222, 1.0502958297729492
1919, -1.668849602341652, 2, 4.477319485973567, 30, 225783, 225783, 0.004179549403488636, 1.0362948179244995
1920, 0.3574381275839187, 2, 22.46327821491286, 167, 225950, 225950, 0.004525654949247837, 1.024261474609375
1921, 0.10222497279755771, 2, 4.9778906889259815, 34, 225984, 225984, 0.004254125989973545, 1.0323442220687866
1922, -0.7254988747263269, 2, 26.2838883260265, 196, 226180, 226180, 0.004576325882226229, 1.037684679031372
1923, 0.8815830560633913, 2, 8.897149702068418, 64, 226244, 226244, 0.004594797268509865, 1.0237536430358887
1924, -0.0506066782400012, 2, 4.451667101122439, 30, 226274, 226274, 0.004392363131046295, 1.029999852180481
1925, 0.1200663109193556, 2, 21.19070270517841, 157, 226431, 226431, 0.004694687202572823, 1.0390499830245972
1926, -0.19889973609679146, 2, 12.241371859796345, 89, 226520, 226520, 0.004938072524964809, 1.0419617891311646
1927, -1.6488979806890711, 2, 4.4680572198703885, 30, 226550, 226550, 0.0045405784621834755, 1.0236945152282715
1928, 0.055848494317615405, 2, 13.818446062039584, 101, 226651, 226651, 0.004448402673006058, 1.0416213274002075
1929, 0.47166122641647235, 2, 14.121361166238785, 103, 226754, 226754, 0.004663027822971344, 1.0371322631835938
1930, -1.116601648449432, 4, 44.12199240224436, 332, 227086, 227086, 0.004446405917406082, 1.0321636199951172
1931, 0.24795029032975435, 2, 5.609112661331892, 39, 227125, 227125, 0.005176938604563475, 1.030731439590454
1932, 0.5976247674552724, 2, 20.26691419677809, 150, 227275, 227275, 0.004641907289624214, 1.0346976518630981
1933, 0.44763460103422403, 2, 9.583683283999562, 69, 227344, 227344, 0.004479548428207636, 1.0408315658569336
1934, 0.31756944858352654, 2, 14.730992414057255, 108, 227452, 227452, 0.004284360446035862, 1.0274358987808228
1935, 0.35765009990427643, 2, 5.258142290171236, 36, 227488, 227488, 0.004204060882329941, 1.0479344129562378
1936, 0.28400583611801267, 2, 13.412639847025275, 98, 227586, 227586, 0.004542353097349405, 1.0475462675094604
1937, 0.006930903298780322, 2, 4.518306420650333, 30, 227616, 227616, 0.004888370633125305, 1.0210578441619873
1938, 0.11104572983458638, 2, 15.27261374797672, 112, 227728, 227728, 0.004427684936672449, 1.0319668054580688
1939, -0.4217617992958367, 2, 30.938347563147545, 231, 227959, 227959, 0.0045877606607973576, 1.0406125783920288
1940, -1.0196092415135354, 2, 4.469237889163196, 30, 227989, 227989, 0.004770183935761452, 1.0262705087661743
1941, 0.6057882069144398, 2, 4.72812274703756, 32, 228021, 228021, 0.004284356255084276, 1.039089560508728
1942, -0.09350327297579497, 2, 6.198216107673943, 43, 228064, 228064, 0.004399621393531561, 1.0324105024337769
1943, 0.39349364970985334, 2, 20.616062819957733, 153, 228217, 228217, 0.00457183038815856, 1.0379043817520142
1944, 0.6434055900899693, 2, 9.620587775949389, 69, 228286, 228286, 0.004547813907265663, 1.049500823020935
1945, -0.694307193170971, 2, 16.417948436923325, 121, 228407, 228407, 0.004379597958177328, 1.0380947589874268
1946, 0.6347914206562564, 2, 16.447354324162006, 121, 228528, 228528, 0.004611319862306118, 1.0422412157058716
1947, -0.2624746656510979, 2, 4.462531529832631, 30, 228558, 228558, 0.004111847374588251, 1.0387626886367798
1948, 0.732495357748121, 2, 7.22767063928768, 51, 228609, 228609, 0.004234395921230316, 1.0380405187606812
1949, 0.06363135913852602, 2, 4.495848254300654, 30, 228639, 228639, 0.004266750533133745, 1.03627347946167
1950, 0.3997430173039902, 2, 15.360744182020426, 113, 228752, 228752, 0.004791205283254385, 1.0409713983535767
1951, -0.2155330890091136, 2, 4.461438495665789, 30, 228782, 228782, 0.004630864132195711, 1.0286953449249268
1952, -0.16718613649982217, 2, 24.41359103191644, 182, 228964, 228964, 0.004376223776489496, 1.03559148311615
1953, -0.5736838080920279, 2, 6.851399404928088, 48, 229012, 229012, 0.004539111163467169, 1.0413624048233032
1954, -0.21771236237327685, 2, 25.36238382011652, 189, 229201, 229201, 0.004698524717241526, 1.0380523204803467
1955, 0.424429566366598, 2, 15.881923099048436, 117, 229318, 229318, 0.004381801467388868, 1.0379904508590698
1956, 0.20313723664730787, 2, 5.6534885610453784, 39, 229357, 229357, 0.004207095596939325, 1.0340734720230103
1957, 0.5088779248762876, 2, 15.16201948467642, 111, 229468, 229468, 0.004709482192993164, 1.0344606637954712
1958, 0.5813103300752118, 2, 16.461584768723696, 121, 229589, 229589, 0.004481232259422541, 1.041422724723816
1959, 0.22085252671968192, 2, 4.779726509004831, 32, 229621, 229621, 0.004748165607452393, 1.0295708179473877
1960, 0.5902254610555246, 2, 18.269501909147948, 135, 229756, 229756, 0.004623025190085173, 1.0396023988723755
1961, 0.031020803144201636, 2, 5.774689313955605, 40, 229796, 229796, 0.004866679664701223, 1.0359621047973633
1962, -3.224508660469951, 4, 44.20072701899335, 333, 230129, 230129, 0.004811492282897234, 1.035433053970337
1963, 0.5375278050778434, 2, 9.96577815618366, 72, 230201, 230201, 0.00447010388597846, 1.0412057638168335
1964, 0.7674989196239039, 2, 8.938413992058486, 64, 230265, 230265, 0.004287350457161665, 1.0313920974731445
1965, 0.33612367780006025, 2, 23.215728079900146, 173, 230438, 230438, 0.004605064168572426, 1.0340943336486816
1966, -0.23113439872395247, 2, 6.088095169980079, 42, 230480, 230480, 0.004557160194963217, 1.0507886409759521
1967, -0.19308028800878674, 2, 4.628222746308893, 31, 230511, 230511, 0.00443796394392848, 1.0281667709350586
1968, 0.23484082476352341, 2, 22.665885454043746, 169, 230680, 230680, 0.004357524681836367, 1.0434069633483887
1969, 0.7381358181592077, 2, 18.080867351032794, 133, 230813, 230813, 0.004623974673449993, 1.0432547330856323
1970, 0.9945813637459651, 2, 16.16664118412882, 119, 230932, 230932, 0.004406416323035955, 1.0346959829330444
1971, 0.5584410459268838, 2, 6.7125282301567495, 47, 230979, 230979, 0.005235329270362854, 1.0411800146102905
1972, -0.3268714800324233, 2, 21.043952657841146, 156, 231135, 231135, 0.004641154780983925, 1.0414596796035767
1973, -0.3595589713058871, 2, 35.349629232194275, 264, 231399, 231399, 0.004532643593847752, 1.040224552154541
1974, 0.4356395191280171, 2, 11.729144068900496, 85, 231484, 231484, 0.004516649525612593, 1.018160343170166
1975, -0.27052885107696056, 2, 4.511401466093957, 30, 231514, 231514, 0.004026706330478191, 1.040919542312622
1976, -0.5844599913107231, 2, 5.012327065691352, 34, 231548, 231548, 0.004428661894053221, 1.0404484272003174
1977, -0.08149077428970486, 2, 4.476907637901604, 30, 231578, 231578, 0.004297730512917042, 1.0248457193374634
1978, 0.9158362120797392, 2, 20.637746028602123, 153, 231731, 231731, 0.004350393079221249, 1.0387765169143677
1979, 0.3651583595201373, 2, 5.783993017859757, 40, 231771, 231771, 0.004852682817727327, 1.0398962497711182
1980, 0.0906653410056606, 2, 4.457373596727848, 30, 231801, 231801, 0.004157812800258398, 1.0522195100784302
1981, 0.17791061312891543, 2, 5.124841628130525, 35, 231836, 231836, 0.004361667204648256, 1.034609317779541
1982, 0.3854685129772406, 2, 20.74618219723925, 154, 231990, 231990, 0.004422233439981937, 1.0330889225006104
1983, 0.47640249238429533, 2, 19.082484129350632, 141, 232131, 232131, 0.004367961548268795, 1.04763925075531
1984, -0.4149973945459351, 2, 21.704569654539227, 161, 232292, 232292, 0.004601938184350729, 1.0438312292099
1985, -1.3164283345686272, 2, 5.683632523287088, 39, 232331, 232331, 0.005014046095311642, 1.050345778465271
1986, 0.5924271399853751, 2, 15.69188345503062, 115, 232446, 232446, 0.004648244008421898, 1.0398063659667969
1987, 0.6818460705981124, 2, 12.80822833115235, 93, 232539, 232539, 0.0045350221917033195, 1.0449334383010864
1988, 0.9057123374659568, 2, 18.974813737906516, 140, 232679, 232679, 0.004314800258725882, 1.0492079257965088
1989, -0.606958475895226, 2, 4.49370750086382, 30, 232709, 232709, 0.004277520813047886, 1.0572575330734253
1990, -0.7884085512778256, 2, 18.751265736762434, 139, 232848, 232848, 0.00461122952401638, 1.0233253240585327
1991, 0.361794619821012, 2, 15.046185665763915, 111, 232959, 232959, 0.004560336470603943, 1.0311866998672485
1992, 0.37021783320233226, 2, 7.226646734867245, 51, 233010, 233010, 0.004697089549154043, 1.0307800769805908
1993, 0.4982604092801921, 2, 15.442376626189798, 113, 233123, 233123, 0.004655725322663784, 1.043886661529541
1994, -0.06701697199605405, 2, 4.863788996357471, 33, 233156, 233156, 0.0042016576044261456, 1.0276787281036377
1995, -0.1785873869084753, 2, 8.291396143846214, 59, 233215, 233215, 0.004565433133393526, 1.0284854173660278
1996, 0.1447215034859255, 2, 12.60416841879487, 92, 233307, 233307, 0.0046306997537612915, 1.0305532217025757
1997, 1.1171126065892167, 2, 17.26502507412806, 127, 233434, 233434, 0.004535017069429159, 1.0367990732192993
1998, 0.3559262224007398, 2, 14.936209371313453, 109, 233543, 233543, 0.004476613365113735, 1.040735125541687
1999, 0.02529337361920625, 2, 8.318708790000528, 59, 233602, 233602, 0.0048103234730660915, 1.0337145328521729
2000, 0.5586337447166443, 2, 16.94770938064903, 125, 233727, 233727, 0.004495852626860142, 1.0425434112548828
2001, 0.7237048668903299, 2, 13.694843955803663, 100, 233827, 233827, 0.004667612258344889, 1.0411098003387451
2002, 0.5989253478619503, 2, 14.590467366855592, 107, 233934, 233934, 0.0045646242797374725, 1.0450167655944824
2003, -0.05352538451552391, 2, 10.685441132169217, 77, 234011, 234011, 0.004265444818884134, 1.039831280708313
2004, 0.17536629794631153, 2, 7.111514660995454, 50, 234061, 234061, 0.004655060358345509, 1.0391312837600708
2005, 0.4075945637669065, 2, 28.258518386166543, 211, 234272, 234272, 0.004475890658795834, 1.0369060039520264
2006, 0.5808340031071566, 2, 18.96935106208548, 140, 234412, 234412, 0.004451585467904806, 1.0409876108169556
2007, -0.2896592347242404, 2, 21.670039914082736, 161, 234573, 234573, 0.004427003674209118, 1.0353256464004517
2008, -13.236895257607102, 4, 44.10299458634108, 331, 234904, 234904, 0.004529728088527918, 1.0374314785003662
2009, -0.9805842720670626, 2, 9.47378912102431, 68, 234972, 234972, 0.0046536303125321865, 1.0433506965637207
2010, 0.6216578680323437, 2, 6.077920493204147, 42, 235014, 235014, 0.004604891873896122, 1.0493673086166382
2011, -0.1926344302482903, 2, 7.237550648394972, 51, 235065, 235065, 0.004315070807933807, 1.0628920793533325
2012, 0.20463852334069088, 2, 20.820041310042143, 154, 235219, 235219, 0.004264193121343851, 1.0366487503051758
2013, 0.43486193602439016, 2, 9.090816121082753, 65, 235284, 235284, 0.004409293178468943, 1.0446158647537231
2014, 0.975342858931981, 2, 9.784233329817653, 70, 235354, 235354, 0.004972510039806366, 1.0349290370941162
2015, 0.08092818828299642, 2, 4.470021512825042, 30, 235384, 235384, 0.004512274172157049, 1.0403121709823608
2016, 0.058263284736312926, 2, 8.567012606654316, 61, 235445, 235445, 0.004270076286047697, 1.0423351526260376
2017, 0.30990580291108927, 2, 17.032609739806503, 125, 235570, 235570, 0.004470394924283028, 1.0341447591781616
2018, -0.15000055136624724, 2, 7.915602044202387, 56, 235626, 235626, 0.004782761912792921, 1.0325642824172974
2019, -0.5061473026871681, 2, 5.420615125913173, 37, 235663, 235663, 0.004238642752170563, 1.0368447303771973
2020, 0.6121967572835274, 2, 12.650272691156715, 92, 235755, 235755, 0.004436352755874395, 1.0365225076675415
2021, 0.5932067179819569, 2, 14.877843954134732, 109, 235864, 235864, 0.004319035913795233, 1.0311013460159302
2022, -0.018578362185508013, 2, 16.0950240297243, 118, 235982, 235982, 0.0043418752029538155, 1.0375021696090698
2023, 0.3167226838413626, 2, 12.362031811848283, 90, 236072, 236072, 0.004701561760157347, 1.036783218383789
2024, 0.7779086488735629, 2, 19.363915076013654, 143, 236215, 236215, 0.004356061574071646, 1.0337517261505127
2025, 0.21256542173796333, 2, 9.62032266613096, 69, 236284, 236284, 0.005140496883541346, 1.0321754217147827
2026, -0.519584986846894, 2, 4.486729996744543, 30, 236314, 236314, 0.004616524092853069, 1.0598289966583252
2027, 0.2518860884010792, 2, 14.636126071680337, 107, 236421, 236421, 0.004847786854952574, 1.03493070602417
2028, 0.4553426062921062, 2, 13.682804808951914, 100, 236521, 236521, 0.004508300218731165, 1.0306601524353027
2029, -0.044088186987210065, 2, 14.542651559226215, 106, 236627, 236627, 0.004506682511419058, 1.0496798753738403
2030, 0.27201535215135664, 2, 6.767203580122441, 47, 236674, 236674, 0.004717349540442228, 1.028466820716858
2031, -0.14200963935581967, 2, 9.615052349865437, 69, 236743, 236743, 0.0045037465170025826, 1.0323134660720825
2032, 0.533811360510299, 2, 13.022115868050605, 95, 236838, 236838, 0.004490222316235304, 1.0381860733032227
2033, -1.0038175119989319, 2, 19.044730361085385, 141, 236979, 236979, 0.0046022511087358, 1.035889744758606
2034, 0.24223107018042356, 2, 6.044878881890327, 42, 237021, 237021, 0.004204610828310251, 1.0310800075531006
2035, 0.7082871713209897, 2, 20.67332122474909, 153, 237174, 237174, 0.004552870988845825, 1.0456167459487915
2036, -0.5877032552380115, 2, 12.426895351149142, 90, 237264, 237264, 0.004501710180193186, 1.04241144657135
2037, 0.5017871541931527, 2, 15.912763350177556, 117, 237381, 237381, 0.00434673298150301, 1.0470752716064453
2038, -0.0685830083093606, 2, 18.433202461805195, 136, 237517, 237517, 0.004401632584631443, 1.0313743352890015
2039, 0.28758853033650666, 2, 5.155401736032218, 35, 237552, 237552, 0.004307929892092943, 1.026076078414917
2040, 0.5850611814530566, 2, 14.234419412910938, 104, 237656, 237656, 0.004555959720164537, 1.036327838897705
2041, 0.6987373891752213, 2, 12.399407528340816, 90, 237746, 237746, 0.004349386785179377, 1.0270860195159912
2042, 0.18456327903550118, 2, 6.037306176964194, 42, 237788, 237788, 0.004220522008836269, 1.0283197164535522
2043, -0.15448605798883364, 2, 16.982010851148516, 125, 237913, 237913, 0.004338881000876427, 1.038576602935791
2044, 0.7005804760196099, 2, 15.290068309288472, 112, 238025, 238025, 0.004392819479107857, 1.0441147089004517
2045, 0.5612280028872192, 2, 12.41696211695671, 90, 238115, 238115, 0.004479571245610714, 1.0281587839126587
2046, 0.523626357797184, 2, 14.627118967007846, 107, 238222, 238222, 0.0047620185650885105, 1.0424920320510864
2047, 0.7663950236747041, 2, 10.666946794372052, 77, 238299, 238299, 0.004606865346431732, 1.0276392698287964
2048, 0.9851319813169539, 2, 8.181652916129678, 58, 238357, 238357, 0.004437651950865984, 1.026770830154419
2049, -0.3455975498072803, 2, 8.05212729703635, 57, 238414, 238414, 0.00510676484555006, 1.0331131219863892
2050, -0.6216774731728947, 2, 13.30189431970939, 97, 238511, 238511, 0.004867731127887964, 1.0313962697982788
2051, -0.13470904390487703, 2, 24.57772285817191, 183, 238694, 238694, 0.004435061011463404, 1.047264814376831
2052, 0.11502717738039792, 2, 7.242494226898998, 51, 238745, 238745, 0.0050021265633404255, 1.0308674573898315
2053, 0.03163454517198261, 2, 17.931085642427206, 132, 238877, 238877, 0.004613443743437529, 1.0343605279922485
2054, 0.9359959943685681, 2, 13.420495736412704, 98, 238975, 238975, 0.004704488907009363, 1.0347980260849
2055, 0.34685694344807416, 2, 6.31671286188066, 44, 239019, 239019, 0.004828519653528929, 1.0516839027404785
2056, -0.17013850749935955, 2, 8.568689807318151, 61, 239080, 239080, 0.0046577113680541515, 1.0256034135818481
2057, -0.3739552004320217, 2, 30.91196192195639, 231, 239311, 239311, 0.004458166193217039, 1.036653995513916
2058, -0.162520001642406, 2, 14.524533601012081, 106, 239417, 239417, 0.0043687112629413605, 1.0348117351531982
2059, -0.773217620444484, 2, 4.512676663696766, 30, 239447, 239447, 0.004488055128604174, 1.0537726879119873
2060, -0.07164803537307307, 2, 4.483149247709662, 30, 239477, 239477, 0.0042754169553518295, 1.0323065519332886
2061, 0.6341934464871883, 2, 10.65577723318711, 77, 239554, 239554, 0.00479227164760232, 1.0412907600402832
2062, 0.46922794985584915, 2, 11.683114374987781, 85, 239639, 239639, 0.0043631307780742645, 1.0412846803665161
2063, 0.1601577224646462, 2, 14.519304546993226, 106, 239745, 239745, 0.004212712403386831, 1.0223661661148071
2064, -0.2984828595072031, 2, 5.280167595949024, 36, 239781, 239781, 0.004351027309894562, 1.0369248390197754
2065, 0.39244813087861985, 2, 11.07450468884781, 80, 239861, 239861, 0.004185865633189678, 1.0405693054199219
2066, -0.25707783445250243, 2, 8.152725712861866, 58, 239919, 239919, 0.004489272832870483, 1.032231330871582
2067, -0.22898946112400154, 2, 20.82639383012429, 154, 240073, 240073, 0.004364771768450737, 1.0317285060882568
2068, -0.7615194498466735, 2, 32.34360058605671, 242, 240315, 240315, 0.0045139603316783905, 1.0311088562011719
2069, -0.6027326663024724, 2, 5.137417674995959, 35, 240350, 240350, 0.004874932114034891, 1.0284526348114014
2070, -0.6213350766338408, 2, 5.020675287116319, 34, 240384, 240384, 0.0046872710809111595, 1.0122908353805542
2071, 0.4151035640898044, 2, 16.477735543157905, 121, 240505, 240505, 0.004745359066873789, 1.0308661460876465
2072, -0.11148041606065817, 2, 22.527918023057282, 167, 240672, 240672, 0.00462499912828207, 1.028131365776062
2073, 0.4757891141343862, 2, 17.333659057039768, 128, 240800, 240800, 0.004661405459046364, 1.02994704246521
2074, -4.0086249221349135, 2, 29.50662741716951, 220, 241020, 241020, 0.004612685646861792, 1.0327922105789185
2075, -0.39316190709359944, 2, 5.681398427113891, 39, 241059, 241059, 0.004676050040870905, 1.0291756391525269
2076, -0.3989011038793251, 2, 8.455751303117722, 60, 241119, 241119, 0.0048580351285636425, 1.0392749309539795
2077, 0.40420284745050594, 2, 17.870829256717116, 132, 241251, 241251, 0.004628416616469622, 1.0320019721984863
2078, -1.210122821656114, 2, 22.9008840569295, 170, 241421, 241421, 0.004564249888062477, 1.029433250427246
2079, -0.7289552958973218, 2, 23.646030857693404, 176, 241597, 241597, 0.004607843235135078, 1.0290251970291138
2080, -1.3229849577182904, 2, 4.52510788384825, 30, 241627, 241627, 0.0044997213408350945, 1.0528810024261475
2081, -0.00553483865223825, 2, 7.478872417937964, 53, 241680, 241680, 0.004531662445515394, 1.0374329090118408
2082, -0.7169570180121809, 2, 5.132563093677163, 35, 241715, 241715, 0.004451293032616377, 1.0303618907928467
2083, 0.09468545465642819, 2, 21.688213060609996, 161, 241876, 241876, 0.004489866551011801, 1.0333433151245117
2084, 0.0051035413052886724, 2, 12.637337564956397, 92, 241968, 241968, 0.004476078320294619, 1.0456537008285522
2085, -0.2552385003073141, 2, 9.75140404002741, 70, 242038, 242038, 0.004463664721697569, 1.0228952169418335
2086, 0.028472491016145796, 2, 8.572210611309856, 61, 242099, 242099, 0.004831553436815739, 1.0255008935928345
2087, 0.2670134303953091, 2, 16.067615923006088, 118, 242217, 242217, 0.004265358205884695, 1.0311827659606934
2088, -0.32664799588383175, 2, 7.382069630082697, 52, 242269, 242269, 0.004270684905350208, 1.0428407192230225
2089, 0.530888706271071, 2, 21.59072371898219, 160, 242429, 242429, 0.004336071200668812, 1.0430234670639038
2090, 0.6412462706794031, 2, 14.367079887073487, 105, 242534, 242534, 0.004161749500781298, 1.025835394859314
2091, -4.179084854549728, 4, 44.147740334738046, 332, 242866, 242866, 0.004557130392640829, 1.0307000875473022
2092, -1.0483364035608247, 2, 17.48004496889189, 129, 242995, 242995, 0.0046965377405285835, 1.0170105695724487
2093, -0.17857259733136743, 2, 4.740458038635552, 32, 243027, 243027, 0.004382448736578226, 1.0397071838378906
2094, 0.3688710328133311, 2, 17.276625394821167, 127, 243154, 243154, 0.004697067197412252, 1.0275027751922607
2095, -1.8107997913321014, 2, 15.942708435002714, 117, 243271, 243271, 0.0044174036011099815, 1.0366572141647339
2096, 0.9135094132725499, 2, 17.112767270300537, 126, 243397, 243397, 0.00458473339676857, 1.0243669748306274
2097, 0.30602751445258036, 2, 23.855239880736917, 177, 243574, 243574, 0.004564694594591856, 1.0365172624588013
2098, 0.1832201350480318, 2, 12.892751276958734, 94, 243668, 243668, 0.00442917738109827, 1.0365015268325806
2099, -0.1166192094096914, 2, 10.3428022316657, 75, 243743, 243743, 0.004246370401233435, 1.0257298946380615
2100, 0.020366527140140533, 2, 4.741404722910374, 32, 243775, 243775, 0.004734580870717764, 1.0201479196548462
2101, 0.8420954094035551, 2, 8.15830299910158, 58, 243833, 243833, 0.004775704350322485, 1.034317135810852
2102, 0.7213033564621583, 2, 10.259218456223607, 74, 243907, 243907, 0.004620719235390425, 1.031058430671692
2103, 0.6759226626600139, 2, 20.164699252694845, 149, 244056, 244056, 0.004373183008283377, 1.030884861946106
2104, 0.7618498643278144, 2, 18.396671971306205, 136, 244192, 244192, 0.0045676883310079575, 1.0369888544082642
2105, 0.9459039638750255, 2, 14.807527389843017, 108, 244300, 244300, 0.004655403085052967, 1.0323079824447632
2106, -0.06555107701569796, 2, 4.496287976857275, 30, 244330, 244330, 0.004468078725039959, 1.0349067449569702
2107, 0.1552084346767515, 2, 16.95182295003906, 125, 244455, 244455, 0.004377482458949089, 1.0283135175704956
2108, 0.7080957322905306, 2, 18.374268104787916, 135, 244590, 244590, 0.004545943345874548, 1.0331976413726807
2109, -0.23765386315062642, 2, 6.471973570995033, 45, 244635, 244635, 0.004195829387754202, 1.0312830209732056
2110, 0.9156731658149511, 2, 19.390099104959518, 143, 244778, 244778, 0.004483680706471205, 1.0283207893371582
2111, 0.2604878223501146, 2, 6.82229133695364, 48, 244826, 244826, 0.004243772476911545, 1.0401853322982788
2112, 1.0190200204961002, 2, 16.351877418812364, 120, 244946, 244946, 0.0045272549614310265, 1.0217785835266113
2113, -0.0036313807177066337, 2, 31.823152954224497, 238, 245184, 245184, 0.004282842855900526, 1.0327136516571045
2114, -0.42116027511656284, 2, 6.59651147108525, 46, 245230, 245230, 0.0040177288465201855, 1.0180684328079224
2115, -0.5365911653498188, 2, 5.241307569202036, 36, 245266, 245266, 0.0046381461434066296, 1.024543285369873
2116, 0.21272212080657482, 2, 5.402374783996493, 37, 245303, 245303, 0.004853011108934879, 1.0456275939941406
2117, 0.16273550095502287, 2, 18.36727052880451, 136, 245439, 245439, 0.004686725791543722, 1.0216206312179565
2118, -2.6935364602359186, 4, 44.18355901585892, 332, 245771, 245771, 0.004467199556529522, 1.036878228187561
2119, 0.7095402950944845, 2, 18.95370296621695, 140, 245911, 245911, 0.004676094278693199, 1.018884539604187
2120, 0.45118813298176974, 2, 13.826650764793158, 101, 246012, 246012, 0.004291570745408535, 1.0307695865631104
2121, -0.3814724015901447, 2, 34.30779844708741, 257, 246269, 246269, 0.00447212066501379, 1.028639554977417
2122, 0.29514483568709693, 2, 15.287545318715274, 112, 246381, 246381, 0.004422355908900499, 1.0281916856765747
2123, 0.48746095646129106, 2, 19.38524170173332, 143, 246524, 246524, 0.004400950390845537, 1.0284582376480103
2124, 0.7547316326927103, 2, 20.758142900187522, 154, 246678, 246678, 0.004418400581926107, 1.0214968919754028
2125, 0.16494795808102936, 2, 4.5111621441319585, 30, 246708, 246708, 0.004479491617530584, 1.0266940593719482
2126, 0.5580000225163531, 2, 17.50636954419315, 129, 246837, 246837, 0.004870849661529064, 1.0247817039489746
2127, 0.38066050001361873, 2, 20.64399714395404, 153, 246990, 246990, 0.0044151064939796925, 1.0317482948303223
2128, 0.3206514139747014, 2, 16.838906119111925, 122, 247112, 247112, 0.004709558095782995, 1.0336815118789673
2129, -0.23267221015157702, 2, 24.766664708964527, 184, 247296, 247296, 0.004578873980790377, 1.035262107849121
2130, 0.7574821632588282, 2, 11.669520955067128, 85, 247381, 247381, 0.004719278775155544, 1.033695936203003
2131, 0.21608501160517335, 2, 7.254159634932876, 51, 247432, 247432, 0.004497581161558628, 1.0242338180541992
2132, 0.4429584388853982, 2, 18.023313741199672, 133, 247565, 247565, 0.004615445155650377, 1.019256353378296
2133, -0.3835153901236481, 2, 11.343452419154346, 82, 247647, 247647, 0.00437766732648015, 1.0307259559631348
2134, 0.3105231187946629, 2, 11.032308565918356, 80, 247727, 247727, 0.0047796424478292465, 1.0260932445526123
2135, 0.8640808242562343, 2, 18.057800396345556, 133, 247860, 247860, 0.0043169413693249226, 1.0334676504135132
2136, 0.4879005685506854, 2, 16.45298048388213, 121, 247981, 247981, 0.004454112611711025, 1.029015302658081
2137, 0.766865037730895, 2, 11.625568975228816, 84, 248065, 248065, 0.004777118563652039, 1.017395257949829
2138, -0.1471631049644202, 2, 6.440582027193159, 45, 248110, 248110, 0.004555420018732548, 1.033728003501892
2139, 0.7324982343707234, 2, 11.360223391093314, 82, 248192, 248192, 0.004981003701686859, 1.0239924192428589
2140, 1.100899641547585, 2, 16.048369826283306, 118, 248310, 248310, 0.004660110920667648, 1.0359693765640259
2141, 0.3823142512701452, 2, 13.626156241167337, 100, 248410, 248410, 0.004791337996721268, 1.0334899425506592
2142, -0.1049538534534804, 2, 25.808654963970184, 192, 248602, 248602, 0.0045027281157672405, 1.0259772539138794
2143, 0.9998214944207575, 2, 15.429453241173178, 113, 248715, 248715, 0.004542956128716469, 1.028564691543579
2144, 0.8452648483216763, 2, 13.56264831405133, 99, 248814, 248814, 0.004540829919278622, 1.0223127603530884
2145, 1.0957639050902799, 2, 17.13821182027459, 126, 248940, 248940, 0.00458445493131876, 1.0356897115707397
2146, 0.5662856874077988, 2, 19.65011279284954, 145, 249085, 249085, 0.004646513145416975, 1.0261304378509521
2147, 0.14552206255029887, 2, 12.278104391880333, 89, 249174, 249174, 0.004517781548202038, 1.0153923034667969
2148, 0.5072050098096952, 2, 12.659272982738912, 92, 249266, 249266, 0.0045124851167202, 1.034633755683899
2149, 0.6669195668073371, 2, 11.972196239046752, 87, 249353, 249353, 0.004708919208496809, 1.0280804634094238
2150, -0.18422950140666217, 2, 4.469195589888841, 30, 249383, 249383, 0.004445107188075781, 1.033310055732727
2151, 0.8290385796572082, 2, 19.04821362067014, 141, 249524, 249524, 0.004360703285783529, 1.022425889968872
2152, 0.1981217759894207, 2, 13.377289878204465, 97, 249621, 249621, 0.004405018873512745, 1.0342389345169067
2153, 0.12411161871568765, 2, 21.041953754145652, 156, 249777, 249777, 0.0044520096853375435, 1.0281016826629639
2154, 0.4769082632969912, 2, 21.755805246997625, 161, 249938, 249938, 0.0044916775077581406, 1.0312741994857788
2155, -1.6384933962253854, 2, 25.968448902014643, 193, 250131, 250131, 0.004390061367303133, 1.0290682315826416
2156, 0.349105712142773, 2, 11.461627815850079, 83, 250214, 250214, 0.004447967279702425, 1.0217533111572266
2157, -0.9279166635824367, 2, 7.643737934995443, 54, 250268, 250268, 0.004616403020918369, 1.0190136432647705
2158, -0.20651473486213945, 2, 17.233775050844997, 127, 250395, 250395, 0.0044983308762311935, 1.0284258127212524
2159, 0.8716532265352726, 2, 13.988316096831113, 102, 250497, 250497, 0.0047635906375944614, 1.0202844142913818
2160, -0.8058443593035918, 2, 35.9460070123896, 269, 250766, 250766, 0.004470789805054665, 1.022475242614746
2161, 0.8710249892901629, 2, 14.04979611793533, 102, 250868, 250868, 0.004773389548063278, 1.016217827796936
2162, -1.1969796321136528, 2, 4.522781558800489, 30, 250898, 250898, 0.004643389023840427, 1.0318148136138916
2163, -4.815281140967272, 2, 43.46789894299582, 326, 251224, 251224, 0.004672028589993715, 1.0242621898651123
2164, 0.9661703229066916, 2, 18.264532988891006, 135, 251359, 251359, 0.004495646804571152, 1.0396668910980225
2165, 0.3640726276207715, 2, 11.814646392129362, 86, 251445, 251445, 0.0044206916354596615, 1.015661597251892
2166, -0.31917257548775524, 2, 6.181991674937308, 43, 251488, 251488, 0.00447117118164897, 1.0328843593597412
2167, -0.5199712342582643, 2, 6.329690543934703, 44, 251532, 251532, 0.004566289018839598, 1.0213946104049683
2168, 0.8403651763510425, 2, 13.023900632746518, 95, 251627, 251627, 0.00446389801800251, 1.0357372760772705
2169, 0.018716294318437576, 2, 4.56040352396667, 30, 251657, 251657, 0.005242480430752039, 1.0069900751113892
2170, 0.6605257862247527, 2, 14.357350778765976, 105, 251762, 251762, 0.004481376614421606, 1.022602915763855
2171, 0.8227007378045528, 2, 17.790076918900013, 131, 251893, 251893, 0.004528553690761328, 1.0299242734909058
2172, -0.755154435406439, 2, 10.597826675046235, 76, 251969, 251969, 0.0045858630910515785, 1.0311288833618164
2173, 0.3469887696119258, 2, 17.10264621814713, 126, 252095, 252095, 0.004569898825138807, 1.024484634399414
2174, -0.3672786655370146, 2, 4.477227794937789, 30, 252125, 252125, 0.004126382991671562, 1.0493755340576172
2175, -0.01215243194019422, 2, 16.039934053085744, 118, 252243, 252243, 0.004772478714585304, 1.017100214958191
2176, -1.1268285573460162, 2, 5.5373814650811255, 38, 252281, 252281, 0.004336338024586439, 1.0237159729003906
2177, -1.9896653012619936, 2, 33.66952236415818, 252, 252533, 252533, 0.004371712915599346, 1.0263659954071045
2178, 0.039369419537251815, 2, 7.1532215951010585, 50, 252583, 252583, 0.004448416642844677, 1.0316352844238281
2179, 0.3258975937496871, 2, 12.14402597118169, 88, 252671, 252671, 0.004311528522521257, 1.0241211652755737
2180, 0.2657666988670826, 2, 19.90653154393658, 147, 252818, 252818, 0.004532712511718273, 1.024686574935913
2181, 0.28535907808691263, 2, 9.22034568618983, 66, 252884, 252884, 0.0048140608705580235, 1.0322219133377075
2182, -0.08348295919131488, 2, 7.133728346321732, 50, 252934, 252934, 0.004407255444675684, 1.0234367847442627
2183, 0.5152316456951667, 2, 18.309656023047864, 135, 253069, 253069, 0.00428509758785367, 1.0247455835342407
2184, 0.6797915523638949, 2, 12.121659819036722, 88, 253157, 253157, 0.004490364342927933, 1.015773892402649
2185, 0.33132266263419297, 2, 17.276378207840025, 127, 253284, 253284, 0.004397085402160883, 1.0291016101837158
2186, -4.4627469956176355, 4, 44.20823383517563, 332, 253616, 253616, 0.00443628616631031, 1.0255831480026245
2187, -0.18894189800630556, 2, 22.264622180256993, 163, 253779, 253779, 0.004734863061457872, 1.0254031419754028
2188, 0.7086710936855525, 2, 14.393565469887108, 105, 253884, 253884, 0.004566109273582697, 1.0187203884124756
2189, 0.32289811212103814, 2, 6.191570812836289, 43, 253927, 253927, 0.004527293145656586, 1.0334622859954834
2190, 0.9508921926608309, 2, 15.321531067136675, 112, 254039, 254039, 0.004382600542157888, 1.0295432806015015
2191, -0.08107945742085576, 2, 5.124256820883602, 35, 254074, 254074, 0.0044036307372152805, 1.0306693315505981
2192, 0.786044992002644, 2, 17.258524429053068, 127, 254201, 254201, 0.004639785271137953, 1.0190223455429077
2193, 0.5468151395907626, 2, 9.231725917197764, 66, 254267, 254267, 0.004436446353793144, 1.04117751121521
2194, 0.31045416378765367, 2, 16.185340038966388, 119, 254386, 254386, 0.0044042388908565044, 1.0283584594726562
2195, 0.06225982354953885, 2, 8.676162481773645, 62, 254448, 254448, 0.004307819530367851, 1.0223619937896729
2196, -0.8740027979947627, 2, 4.620558538008481, 31, 254479, 254479, 0.004685029853135347, 1.0109179019927979
2197, 0.6919200265547261, 2, 10.776348613202572, 78, 254557, 254557, 0.004670257214456797, 1.0237882137298584
2198, 0.8133398734789807, 2, 18.511583556886762, 137, 254694, 254694, 0.004373432137072086, 1.0333693027496338
2199, 0.19122366490773857, 2, 7.238317935261875, 51, 254745, 254745, 0.0049772439524531364, 1.0330328941345215
2200, 0.4921792413806543, 2, 16.065755754709244, 118, 254863, 254863, 0.004480677656829357, 1.0263255834579468
2201, 0.5424164805422151, 2, 14.0606753337197, 103, 254966, 254966, 0.004469946026802063, 1.0259439945220947
2202, 0.6886287839151919, 2, 9.621357649099082, 69, 255035, 255035, 0.00453650439158082, 1.0203436613082886
2203, 0.2201120691606775, 2, 5.707440512254834, 39, 255074, 255074, 0.004754174035042524, 1.0253814458847046
2204, 1.3660522901482182, 2, 15.92307673022151, 117, 255191, 255191, 0.004245969001203775, 1.030761480331421
2205, -0.06402964562585112, 2, 16.419631593860686, 121, 255312, 255312, 0.004678468219935894, 1.0288666486740112
2206, -0.008342989720404148, 2, 4.463257106952369, 30, 255342, 255342, 0.00418024742975831, 1.0322701930999756
2207, -0.17240510694682598, 2, 7.9133300189860165, 56, 255398, 255398, 0.004828299395740032, 1.0257092714309692
2208, -0.12182164211117197, 2, 21.277474876027554, 158, 255556, 255556, 0.004405539017170668, 1.0195388793945312
2209, 0.1708178271073848, 2, 6.734637137968093, 47, 255603, 255603, 0.004778428003191948, 1.01350998878479
2210, 0.8532898209268751, 2, 18.304251338820904, 135, 255738, 255738, 0.004652594216167927, 1.0239076614379883
2211, 0.5949256551684812, 2, 7.351740927901119, 52, 255790, 255790, 0.004396161064505577, 1.021333932876587
2212, 0.5767485850083176, 2, 13.524536131881177, 99, 255889, 255889, 0.004345613066107035, 1.0274996757507324
2213, 0.7795061892829835, 2, 12.23141127685085, 89, 255978, 255978, 0.0043732416816055775, 1.0167075395584106
2214, 0.5406490163877606, 2, 11.846787007991225, 86, 256064, 256064, 0.004548964090645313, 1.0287432670593262
2215, 0.08101476693991572, 2, 4.844300665892661, 33, 256097, 256097, 0.004112757742404938, 1.0231155157089233
2216, -1.1222306001691322, 2, 23.284207616001368, 173, 256270, 256270, 0.004567317198961973, 1.0257686376571655
2217, -0.006068361735742656, 2, 7.422290799207985, 52, 256322, 256322, 0.004561989568173885, 1.008333683013916
2218, -0.7633191385539249, 2, 7.123247798997909, 50, 256372, 256372, 0.004312208388000727, 1.0122817754745483
2219, -0.014372188117704354, 2, 19.6400921321474, 145, 256517, 256517, 0.0043027750216424465, 1.0224062204360962
2220, 0.5014568135375157, 2, 16.97409804025665, 125, 256642, 256642, 0.004434172064065933, 1.015321135520935
2221, 0.03370342077687383, 2, 7.103411721996963, 50, 256692, 256692, 0.004253661260008812, 1.021660327911377
2222, 0.8244814196368679, 2, 9.482278185896575, 68, 256760, 256760, 0.004525036085397005, 1.0181587934494019
2223, -0.27970708603970706, 2, 8.731491854414344, 62, 256822, 256822, 0.004622728563845158, 1.0216827392578125
2224, -1.2101334097096696, 2, 4.530248820781708, 30, 256852, 256852, 0.004694023169577122, 1.019006609916687
2225, 0.2731596929952502, 2, 8.456145477015525, 60, 256912, 256912, 0.004496620036661625, 1.0405091047286987
2226, 0.185785703943111, 2, 5.036613748874515, 34, 256946, 256946, 0.00436432333663106, 1.0096709728240967
2227, 0.6335398342343979, 2, 15.785051314625889, 116, 257062, 257062, 0.0043150754645466805, 1.0227484703063965
2228, 0.7278968827667995, 2, 15.269151858054101, 112, 257174, 257174, 0.004290810786187649, 1.029251217842102
2229, 0.7784946246538311, 2, 7.137309806421399, 50, 257224, 257224, 0.004543790128082037, 1.0130726099014282
2230, 0.9604997767601162, 2, 13.961201444733888, 102, 257326, 257326, 0.004457460716366768, 1.0196712017059326
2231, 0.7236194477882236, 2, 11.127814365085214, 81, 257407, 257407, 0.004645459819585085, 1.023612141609192
2232, -8.759701774455607, 4, 44.093602081760764, 331, 257738, 257738, 0.004529343917965889, 1.0233078002929688
2233, -0.20642636896809563, 2, 11.176074982155114, 81, 257819, 257819, 0.004766078200191259, 1.010151982307434
2234, 0.5579999922774732, 2, 13.701020850799978, 100, 257919, 257919, 0.004756236914545298, 1.0123932361602783
2235, 0.7048047500429675, 2, 7.778031541965902, 55, 257974, 257974, 0.004653631243854761, 1.0280258655548096
2236, -0.2595993811773951, 2, 38.24860572675243, 286, 258260, 258260, 0.004579990170896053, 1.0207411050796509
2237, 0.13242408458609134, 2, 5.159219084773213, 35, 258295, 258295, 0.004694411065429449, 1.0033726692199707
2238, 0.2299759874731535, 2, 15.804581832606345, 116, 258411, 258411, 0.004608129616826773, 1.0238274335861206
2239, 0.7528599209617823, 2, 13.447800402995199, 98, 258509, 258509, 0.004562699235975742, 1.015800952911377
2240, -0.9188990637194365, 2, 37.25113895954564, 279, 258788, 258788, 0.00457664392888546, 1.0155270099639893
2241, 0.48835436371155083, 2, 8.516590800136328, 61, 258849, 258849, 0.004220334347337484, 1.026952862739563
2242, 0.5988478662911803, 2, 13.135903706308454, 96, 258945, 258945, 0.004224603530019522, 1.0390545129776
2243, -0.06286075292155147, 2, 16.49913922138512, 121, 259066, 259066, 0.004558880347758532, 1.0173689126968384
2244, -0.47048156475648284, 2, 5.5693996590562165, 38, 259104, 259104, 0.004495956934988499, 1.0242658853530884
2245, 0.014204401872120798, 2, 4.4856902291066945, 30, 259134, 259134, 0.004747390281409025, 1.0149773359298706
2246, -1.8373415112255316, 2, 29.497604995034635, 220, 259354, 259354, 0.004771334119141102, 1.0179665088653564
2247, -0.004842649563215673, 2, 5.695891306735575, 39, 259393, 259393, 0.003917785361409187, 1.023356556892395
2248, 0.4889196355943568, 2, 14.229201894719154, 104, 259497, 259497, 0.00450108153745532, 1.0127447843551636
2249, -0.014299449394457042, 2, 8.157903857994825, 58, 259555, 259555, 0.00458467286080122, 1.0139153003692627
2250, 0.8030290427054751, 2, 15.53417982859537, 114, 259669, 259669, 0.0046709091402590275, 1.0126872062683105
2251, 0.5805335481127258, 2, 10.152945416979492, 73, 259742, 259742, 0.0045801312662661076, 1.0141630172729492
2252, 0.33783119614236057, 2, 18.68028843961656, 138, 259880, 259880, 0.004422804806381464, 1.0227431058883667
2253, -0.014566621743142605, 2, 5.542417867574841, 38, 259918, 259918, 0.004293458070605993, 1.025287389755249
2254, -0.2771349011454731, 2, 7.890243414789438, 56, 259974, 259974, 0.004225765820592642, 1.0132147073745728
2255, 0.7807211010949686, 2, 11.359279246069491, 82, 260056, 260056, 0.004770929459482431, 1.023318886756897
2256, 0.3886154880747199, 2, 6.064898899756372, 42, 260098, 260098, 0.004108477383852005, 1.0246632099151611
2257, 1.1013944115857157, 2, 17.25028283894062, 127, 260225, 260225, 0.004421360325068235, 1.0195358991622925
2258, 0.10864663799293339, 2, 21.68824707577005, 161, 260386, 260386, 0.004651869647204876, 1.017873764038086
2259, 0.6662812335998751, 2, 12.625558407977223, 92, 260478, 260478, 0.004417403135448694, 1.0242406129837036
2260, 0.967835683026351, 2, 14.484952663071454, 106, 260584, 260584, 0.004564869217574596, 1.0078113079071045
2261, 0.3381370921706548, 2, 19.089967382140458, 141, 260725, 260725, 0.004491908475756645, 1.0113424062728882
2262, 0.6507977666333318, 2, 11.079202033113688, 80, 260805, 260805, 0.004449671600013971, 1.0137404203414917
2263, 1.053135504364036, 2, 18.184952756855637, 134, 260939, 260939, 0.004570442251861095, 1.0215041637420654
2264, 0.4081221125088632, 2, 11.356919095851481, 82, 261021, 261021, 0.004258497152477503, 1.0146822929382324
2265, 0.5291240555234253, 2, 12.537042445968837, 91, 261112, 261112, 0.0042770011350512505, 1.0138585567474365
2266, 0.5898946387460455, 2, 13.002061577979475, 95, 261207, 261207, 0.004464749246835709, 1.015264630317688
2267, 0.05461874732282013, 2, 5.158277457114309, 35, 261242, 261242, 0.004215841647237539, 1.0310596227645874
2268, -0.4909216085507069, 2, 9.914317646995187, 71, 261313, 261313, 0.0045158653520047665, 1.019522786140442
2269, 0.2565090417629108, 2, 16.33006879268214, 120, 261433, 261433, 0.004532455932348967, 1.0169814825057983
2270, 0.11759217269718647, 2, 5.179288850631565, 35, 261468, 261468, 0.004314242862164974, 1.0311505794525146
2271, 0.2998017061181599, 2, 19.5893339603208, 145, 261613, 261613, 0.004450274631381035, 1.007948637008667
2272, 0.2927669550117571, 2, 14.748586188070476, 108, 261721, 261721, 0.00433544022962451, 1.0200154781341553
2273, 0.3067711562034674, 2, 17.953861557878554, 132, 261853, 261853, 0.004432415124028921, 1.0194538831710815
2274, 0.7385577512613963, 2, 16.229082994163036, 119, 261972, 261972, 0.004311145283281803, 1.022528886795044
2275, -1.040954480995424, 2, 4.509154794737697, 30, 262002, 262002, 0.004556369502097368, 1.0085914134979248
2276, 0.15712962624093052, 2, 10.532512992620468, 76, 262078, 262078, 0.004275641404092312, 1.029144048690796
2277, -0.04703141821119061, 2, 10.42591157136485, 75, 262153, 262153, 0.004343538079410791, 1.0114375352859497
2278, -13.139868262340315, 4, 44.18012037500739, 331, 262484, 262484, 0.004361260216683149, 1.0201914310455322
2279, 1.0323717592982575, 2, 9.61919920379296, 69, 262553, 262553, 0.004529920406639576, 1.009352207183838
2280, -0.10819393547717482, 2, 7.816906809806824, 55, 262608, 262608, 0.004470555577427149, 1.0129276514053345
2281, 0.9536428795690881, 2, 12.511102383956313, 91, 262699, 262699, 0.004380848724395037, 1.020081639289856
2282, -1.0074371779337525, 2, 4.502846098970622, 30, 262729, 262729, 0.004232257604598999, 1.026039958000183
2283, 0.9422361314937007, 2, 10.251519399229437, 74, 262803, 262803, 0.00465448247268796, 1.0290501117706299
2284, -0.31916999840177596, 2, 4.526781378313899, 30, 262833, 262833, 0.004552478436380625, 1.0087239742279053
2285, 0.8560588410036871, 2, 20.66756874183193, 153, 262986, 262986, 0.0043361010029911995, 1.0112863779067993
2286, 0.20662601155345328, 2, 19.360257716383785, 143, 263129, 263129, 0.004606917966157198, 1.020330548286438
2287, 0.8583069563028403, 2, 18.646377608180046, 137, 263266, 263266, 0.004652371164411306, 1.0073314905166626
2288, 0.5016270807245746, 2, 6.319912012200803, 44, 263310, 263310, 0.004584400914609432, 0.9976783990859985
2289, 0.9863245581509545, 2, 8.554038026370108, 61, 263371, 263371, 0.0047281826846301556, 0.9969484806060791
2290, 0.7031606958480552, 2, 12.916236632037908, 94, 263465, 263465, 0.004701431840658188, 1.00896155834198
2291, 0.793815455515869, 2, 8.937253920827061, 64, 263529, 263529, 0.004663313273340464, 1.0112735033035278
2292, -0.36114466674189316, 2, 39.28300809394568, 294, 263823, 263823, 0.004515661858022213, 1.0172293186187744
2293, 0.5292594318816555, 2, 30.93844013987109, 231, 264054, 264054, 0.004544681869447231, 1.0159192085266113
2294, -0.21082378577557392, 2, 37.06095435889438, 277, 264331, 264331, 0.004417074844241142, 1.0224508047103882
2295, 0.5885269371792674, 2, 13.998898393008858, 102, 264433, 264433, 0.004359951708465815, 1.0123517513275146
2296, -0.16978193877730519, 2, 8.596372506115586, 61, 264494, 264494, 0.004672647453844547, 1.0100964307785034
2297, 0.16476310731377453, 2, 12.647398792207241, 92, 264586, 264586, 0.004565127659589052, 1.0274242162704468
2298, 0.2216981896199286, 2, 5.412522186059505, 37, 264623, 264623, 0.004561957437545061, 1.0169037580490112
2299, 0.006863971473649144, 2, 5.802284660283476, 40, 264663, 264663, 0.004393686540424824, 1.0144658088684082
2300, 0.41211956657934934, 2, 6.467843713704497, 45, 264708, 264708, 0.00423472048714757, 1.0157592296600342
2301, 0.8962451823463198, 2, 8.911697432864457, 64, 264772, 264772, 0.004856031853705645, 1.0268980264663696
2302, 0.23163593653589487, 2, 6.716904090717435, 47, 264819, 264819, 0.0049225506372749805, 0.9949231147766113
2303, 0.6640381924808025, 2, 10.178310241084546, 73, 264892, 264892, 0.004377512726932764, 1.0083646774291992
2304, 1.1666908988700015, 2, 16.043602354824543, 118, 265010, 265010, 0.0043810708448290825, 1.012502908706665
2305, 0.7380485754547408, 2, 19.622974819969386, 145, 265155, 265155, 0.004367423709481955, 1.020139455795288
2306, -0.49308060633484274, 2, 7.517910551279783, 53, 265208, 265208, 0.004548791330307722, 1.0098514556884766
2307, -0.8674188123550266, 2, 12.407145091332495, 90, 265298, 265298, 0.0044626700691878796, 1.0095371007919312
2308, 0.17011883901432157, 2, 7.94734266307205, 56, 265354, 265354, 0.0045923213474452496, 1.0287423133850098
2309, 1.0689060548320413, 2, 16.472440710291266, 121, 265475, 265475, 0.0045622303150594234, 1.013344407081604
2310, 0.6788510301848873, 2, 14.228966441936791, 104, 265579, 265579, 0.00458951760083437, 1.009916067123413
2311, 0.4690748668508604, 2, 5.12812380399555, 35, 265614, 265614, 0.004446425475180149, 1.0255372524261475
2312, 0.21127596427686512, 2, 14.259299797937274, 104, 265718, 265718, 0.004506552591919899, 1.0058343410491943
2313, 0.3987634205259383, 2, 6.160309531725943, 43, 265761, 265761, 0.004592630546540022, 1.0138051509857178
2314, 0.9727412308566272, 2, 16.73805557889864, 123, 265884, 265884, 0.004344109445810318, 1.019964337348938
2315, -0.5335068886543013, 2, 29.922563006170094, 223, 266107, 266107, 0.004588515963405371, 1.0201301574707031
2316, 0.28065861167851835, 2, 14.141125500202179, 103, 266210, 266210, 0.004498251713812351, 1.0109310150146484
2317, -0.34345098736230284, 2, 5.684073019307107, 39, 266249, 266249, 0.005232870578765869, 1.032533049583435
2318, -0.3834395754383877, 2, 21.99208451109007, 163, 266412, 266412, 0.004618817009031773, 1.0202468633651733
2319, 1.2140950419707224, 2, 13.046504649333656, 95, 266507, 266507, 0.004650985822081566, 1.0085740089416504
2320, -0.07282266061520204, 2, 11.333648446016014, 82, 266589, 266589, 0.0045887804590165615, 1.0111247301101685
2321, 0.398316259324929, 2, 24.481883527711034, 182, 266771, 266771, 0.004503676667809486, 1.0217008590698242
2322, 1.014872064028168, 2, 14.740010186098516, 108, 266879, 266879, 0.004570851568132639, 1.0227901935577393
2323, 0.9611596213653684, 2, 13.854973990935832, 101, 266980, 266980, 0.0045039039105176926, 1.0184494256973267
2324, 0.6997963932808489, 2, 9.365548972971737, 67, 267047, 267047, 0.004504773300141096, 1.00424063205719
2325, 0.7903583009028807, 2, 13.638845747802407, 99, 267146, 267146, 0.004853795748203993, 1.0136507749557495
2326, 0.6781060344510479, 2, 13.842060355003923, 101, 267247, 267247, 0.004579676780849695, 1.0087929964065552
2327, 0.7658467040164396, 2, 15.765521063003689, 115, 267362, 267362, 0.004621974658221006, 1.013365626335144
2328, 0.35787303501274437, 2, 20.778621036093682, 153, 267515, 267515, 0.004579608794301748, 1.0016871690750122
2329, -0.6058811717230128, 2, 12.16166279092431, 88, 267603, 267603, 0.004278674256056547, 1.0184826850891113
2330, 0.32431960964458995, 2, 17.755424781236798, 131, 267734, 267734, 0.004462217912077904, 1.0072087049484253
2331, 1.0001724382309476, 2, 16.953027427196503, 125, 267859, 267859, 0.004484341014176607, 1.0161551237106323
2332, -0.00308755557762197, 2, 37.51262681093067, 281, 268140, 268140, 0.0046301959082484245, 1.0147509574890137
2333, 0.9522201196887181, 2, 17.17150470474735, 126, 268266, 268266, 0.004549589939415455, 1.0163416862487793
2334, -0.8557170684216544, 2, 4.614440497942269, 31, 268297, 268297, 0.004451329354196787, 0.992507815361023
2335, -0.17250123142730445, 2, 10.046245380770415, 72, 268369, 268369, 0.004318518564105034, 1.0216714143753052
2336, 0.30139174696523696, 2, 12.942596492823213, 94, 268463, 268463, 0.004599400795996189, 1.0167365074157715
2337, 0.14132642815820873, 2, 13.967597255948931, 102, 268565, 268565, 0.004450435284525156, 1.0117220878601074
2338, 0.6903070121552446, 2, 16.047849458176643, 118, 268683, 268683, 0.004551845137029886, 1.0183416604995728
2339, 0.4537253057642374, 2, 13.491933811921626, 98, 268781, 268781, 0.004802884068340063, 1.014458417892456
2340, -1.5772068306105211, 2, 4.494875484146178, 30, 268811, 268811, 0.0046095154248178005, 1.014040231704712
2341, 0.07543101959163323, 2, 4.60027989000082, 31, 268842, 268842, 0.004516658838838339, 1.0142388343811035
2342, -0.5213870699517429, 2, 9.221987872384489, 66, 268908, 268908, 0.005004421807825565, 1.0120517015457153
2343, 0.8066825445275754, 2, 11.762813990935683, 85, 268993, 268993, 0.004849304910749197, 1.0133980512619019
2344, -0.00810740003362298, 2, 9.352951985318214, 67, 269060, 269060, 0.004773132968693972, 1.0279045104980469
2345, -1.9485333438497037, 2, 4.489169236738235, 30, 269090, 269090, 0.004314414691179991, 1.0125343799591064
2346, 0.6984908361191629, 2, 13.949977526906878, 102, 269192, 269192, 0.004593383055180311, 1.0051121711730957
2347, 0.7157388829364209, 2, 13.174050055909902, 96, 269288, 269288, 0.0045213098637759686, 1.005603313446045
2348, -0.5567882293835282, 2, 6.576940647792071, 46, 269334, 269334, 0.004938485100865364, 1.019408941268921
2349, -0.32164970110170543, 2, 4.492065845057368, 30, 269364, 269364, 0.004746152553707361, 1.010597586631775
2350, 0.7714781867107376, 2, 11.480664546135813, 83, 269447, 269447, 0.004477296490222216, 1.0149587392807007
2351, 0.2800244092941284, 2, 5.668005317915231, 39, 269486, 269486, 0.004307209048420191, 1.0059057474136353
2352, 0.045162942609749734, 2, 5.656377071980387, 39, 269525, 269525, 0.0045449575409293175, 1.0194413661956787
2353, 0.318810019409284, 2, 20.062802840955555, 146, 269671, 269671, 0.0044419774785637856, 1.0113372802734375
2354, -2.375220829497266, 4, 44.19942633667961, 332, 270003, 270003, 0.004545164760202169, 1.0112454891204834
2355, 0.3029874792555347, 2, 8.173335859086365, 58, 270061, 270061, 0.004611685872077942, 1.0170379877090454
2356, -0.5562229814240709, 2, 15.16974810604006, 111, 270172, 270172, 0.004723760299384594, 1.006205677986145
2357, 1.0506266318261623, 2, 17.096898703835905, 126, 270298, 270298, 0.004475373774766922, 1.012696385383606
2358, 0.3632741004694253, 2, 4.4855564292520285, 30, 270328, 270328, 0.004349858965724707, 0.979737401008606
2359, 0.8149970562953968, 2, 15.051717933733016, 110, 270438, 270438, 0.004438374191522598, 1.0070905685424805
2360, 0.7975742385024205, 2, 11.601607833988965, 84, 270522, 270522, 0.004603412002325058, 1.0120737552642822
2361, 0.7817841207142919, 2, 10.674405856058002, 77, 270599, 270599, 0.004774697124958038, 1.0187126398086548
2362, 0.5147980265319347, 2, 13.985387668944895, 102, 270701, 270701, 0.00455136364325881, 1.0205223560333252
2363, -0.8127963434963021, 2, 38.72745737200603, 290, 270991, 270991, 0.004520476330071688, 1.0059218406677246
2364, 0.49676594662014395, 2, 13.592377372086048, 99, 271090, 271090, 0.0044151796028018, 1.008131504058838
2365, 0.9754972634327714, 2, 17.16834949888289, 126, 271216, 271216, 0.004633551929146051, 1.0156630277633667
2366, -2.0191446058815927, 4, 44.16621102485806, 331, 271547, 271547, 0.004648598842322826, 1.004889965057373
2367, 0.6778668167535216, 2, 7.90514235990122, 56, 271603, 271603, 0.004536017309874296, 1.022133708000183
2368, -1.719938611611724, 2, 27.906137221027166, 208, 271811, 271811, 0.0046450127847492695, 1.0071384906768799
2369, -0.2810762893714127, 2, 22.82527495920658, 169, 271980, 271980, 0.004503733012825251, 1.0069690942764282
2370, -0.9510299566582034, 2, 24.65017021726817, 183, 272163, 272163, 0.0045559825375676155, 1.0028932094573975
2371, 0.4058745433576405, 2, 4.870978521183133, 33, 272196, 272196, 0.00446007214486599, 1.016115665435791
2372, 0.3406449893664103, 2, 17.52897878177464, 129, 272325, 272325, 0.004502098076045513, 1.0176295042037964
2373, -2.8247126099158777, 4, 44.173090206924826, 331, 272656, 272656, 0.0044379704631865025, 1.0120331048965454
2374, 0.9105663024820387, 2, 15.252797783352435, 112, 272768, 272768, 0.004214205779135227, 0.9934348464012146
2375, 0.12891350279096514, 2, 4.594335636124015, 31, 272799, 272799, 0.00430427398532629, 1.0140949487686157
2376, -0.020508374320343137, 2, 7.548190549015999, 53, 272852, 272852, 0.004566737916320562, 0.9965900778770447
2377, 0.9021908612594416, 2, 14.905382343102247, 109, 272961, 272961, 0.0042990646325051785, 1.0080413818359375
2378, 1.0532667715160642, 2, 17.993306922726333, 132, 273093, 273093, 0.004550010431557894, 1.0119041204452515
2379, 0.26634394167922437, 2, 4.659303571097553, 31, 273124, 273124, 0.004377270117402077, 1.0219733715057373
2380, 0.03862496523652226, 2, 7.260726608801633, 51, 273175, 273175, 0.0042033009231090546, 1.0041455030441284
2381, 0.5939163871807978, 2, 15.780878244899213, 116, 273291, 273291, 0.004526819568127394, 1.0037599802017212
2382, 0.437015593633987, 2, 9.387907213065773, 67, 273358, 273358, 0.004608725197613239, 1.007378101348877
2383, -0.19161079687182792, 2, 18.71098735788837, 138, 273496, 273496, 0.0045255329459905624, 1.0104925632476807
2384, 1.0016262567548893, 2, 15.925653065089136, 116, 273612, 273612, 0.004488110542297363, 1.0086308717727661
2385, 0.419274557614699, 2, 16.70084294071421, 123, 273735, 273735, 0.004297888372093439, 1.0001518726348877
2386, 0.16370094195008278, 2, 4.899260819889605, 33, 273768, 273768, 0.0042490279302001, 1.0107228755950928
2387, 0.048186385771259665, 2, 6.84897235641256, 48, 273816, 273816, 0.004389629233628511, 1.0131475925445557
2388, 0.05865638912655413, 2, 5.02326968125999, 34, 273850, 273850, 0.004657522309571505, 0.9864925146102905
2389, 0.7230127977381926, 2, 15.976060971152037, 117, 273967, 273967, 0.004452314227819443, 1.0093615055084229
2390, 0.015339737059548497, 2, 5.02616474032402, 34, 274001, 274001, 0.004243051167577505, 1.0156185626983643
2391, 0.39659176929853857, 2, 9.993588788900524, 72, 274073, 274073, 0.004544091876596212, 1.0170886516571045
2392, 0.489989458816126, 2, 10.268889029044658, 72, 274145, 274145, 0.004378475248813629, 1.0057629346847534
2393, -0.32444226037659973, 2, 16.606472697108984, 122, 274267, 274267, 0.004710985813289881, 1.002087116241455
2394, -0.3921584114432335, 2, 4.641668293159455, 31, 274298, 274298, 0.004527571145445108, 1.006058692932129
2395, -1.1694357878295705, 2, 4.5231520351953804, 30, 274328, 274328, 0.004422097932547331, 1.0068660974502563
2396, 0.7995895520143677, 2, 13.0448500928469, 95, 274423, 274423, 0.0044073802419006824, 1.0010727643966675
2397, 0.4674139011185616, 2, 10.432737709023058, 75, 274498, 274498, 0.004364340100437403, 1.0096161365509033
2398, 0.09356124221812934, 2, 5.939129400067031, 41, 274539, 274539, 0.00450063357129693, 1.0009924173355103
2399, 0.6541182842629496, 2, 20.32446136092767, 150, 274689, 274689, 0.004397600889205933, 1.0184990167617798
2400, 0.657014457618061, 2, 22.169681155588478, 164, 274853, 274853, 0.004590329714119434, 1.0057159662246704
2401, 0.7194997330661863, 2, 9.478162655141205, 68, 274921, 274921, 0.004646184388548136, 1.0062743425369263
2402, 0.90792840893846, 2, 16.226186176761985, 119, 275040, 275040, 0.004532613325864077, 0.9984325170516968
2403, 1.0019853021440213, 2, 14.247958202846348, 104, 275144, 275144, 0.0046622492372989655, 1.0001705884933472
2404, 0.29822530259843916, 2, 15.004686343017966, 110, 275254, 275254, 0.004705452360212803, 1.0112485885620117
2405, -0.2624953140038997, 2, 15.104316759854555, 110, 275364, 275364, 0.004436315502971411, 1.0213642120361328
2406, -0.05313537977053784, 2, 15.301017242949456, 112, 275476, 275476, 0.004259924404323101, 1.0132839679718018
2407, -0.21518730760726612, 2, 11.477381429169327, 83, 275559, 275559, 0.0044724298641085625, 1.0112557411193848
2408, 0.6799953777808696, 2, 15.302871034946293, 112, 275671, 275671, 0.004610450007021427, 1.0118865966796875
2409, 0.097831986611709, 2, 5.43637712020427, 37, 275708, 275708, 0.004522350151091814, 1.0062353610992432
2410, 0.3193393340334296, 2, 12.188802890013903, 88, 275796, 275796, 0.004468061495572329, 0.9986234307289124
2411, 0.9609809822868556, 2, 15.30067105172202, 112, 275908, 275908, 0.0047486829571425915, 0.9914379715919495
2412, 0.8326564849121496, 2, 13.175510188098997, 96, 276004, 276004, 0.005049474537372589, 1.0111349821090698
2413, 0.010462571590323932, 2, 18.82913294993341, 139, 276143, 276143, 0.004927086643874645, 0.9997138977050781
2414, 0.03704938665396185, 2, 15.570031824987382, 114, 276257, 276257, 0.004672351758927107, 1.011495590209961
2415, 0.4625443364493549, 2, 16.878254108130932, 124, 276381, 276381, 0.004501960705965757, 1.0057215690612793
2416, -0.5682483427226543, 2, 4.90150683093816, 33, 276414, 276414, 0.004434200469404459, 0.9983515739440918
2417, 1.0453772760229185, 2, 16.239315258339047, 119, 276533, 276533, 0.004637184552848339, 1.0005568265914917
2418, 0.0529345057439059, 2, 8.44846250070259, 60, 276593, 276593, 0.004608977120369673, 0.9889095425605774
2419, 0.7385103916749358, 2, 8.716091932263225, 62, 276655, 276655, 0.004392573144286871, 0.9998040795326233
2420, 0.7585304360691225, 2, 14.960683838929981, 109, 276764, 276764, 0.004420774057507515, 1.0119976997375488
2421, 0.24764297879301012, 2, 5.115557078272104, 35, 276799, 276799, 0.005286528263241053, 1.0040457248687744
2422, 0.4298597368178889, 2, 17.64694335917011, 130, 276929, 276929, 0.0044958028011024, 1.0028806924819946
2423, 0.8803688256302848, 2, 11.742198302876204, 85, 277014, 277014, 0.0046735345385968685, 0.9955247640609741
2424, 0.07121603772975504, 2, 5.142519039101899, 35, 277049, 277049, 0.004521098453551531, 1.0111361742019653
2425, -0.11680020624044118, 2, 35.44615910341963, 265, 277314, 277314, 0.004544817842543125, 1.0064964294433594
2426, 0.7031670024152845, 2, 11.337109433021396, 82, 277396, 277396, 0.004491914063692093, 1.0114665031433105
2427, -0.41847675525696104, 2, 21.14168754220009, 156, 277552, 277552, 0.004683514125645161, 1.0062748193740845
2428, 0.3701299825916067, 2, 16.33953338395804, 115, 277667, 277667, 0.004760617855936289, 1.0093878507614136
2429, 1.1156842737691477, 2, 13.96327364910394, 102, 277769, 277769, 0.0046971142292022705, 0.9998388886451721
2430, 0.20476763191982172, 2, 12.266215166077018, 89, 277858, 277858, 0.004568540491163731, 0.9929550886154175
2431, 0.8967615853762254, 2, 10.541965584736317, 76, 277934, 277934, 0.004686993081122637, 1.011620044708252
2432, 0.25748881325125694, 2, 6.729763758834451, 47, 277981, 277981, 0.0043592448346316814, 1.0041062831878662
2433, 0.8946609052363783, 2, 14.223444670904428, 104, 278085, 278085, 0.004357832949608564, 0.9967082142829895
2434, -0.8318464582553133, 2, 5.573051440063864, 38, 278123, 278123, 0.004333105869591236, 0.9859400391578674
2435, 0.023021184606477618, 2, 5.06047165999189, 34, 278157, 278157, 0.00458337739109993, 0.9912787079811096
2436, -0.4822542828915175, 2, 18.098065528087318, 133, 278290, 278290, 0.004821532405912876, 1.0100539922714233
2437, -0.02065444050822407, 2, 19.927893171086907, 147, 278437, 278437, 0.00464159669354558, 1.0045368671417236
2438, -0.24779731388116488, 4, 44.13120376504958, 331, 278768, 278768, 0.004523726645857096, 1.002610683441162
2439, 0.6443923843326047, 2, 8.29646396311, 59, 278827, 278827, 0.004347231704741716, 0.9803944230079651
2440, 0.1276111810002476, 2, 5.315980973187834, 36, 278863, 278863, 0.004580352921038866, 1.023863434791565
2441, 0.6153605178915313, 2, 15.684950717259198, 115, 278978, 278978, 0.004446039441972971, 1.0179048776626587
2442, 0.3775181898381561, 2, 15.687810020055622, 115, 279093, 279093, 0.004439788404852152, 1.0042842626571655
2443, 0.09578881866764277, 2, 14.76467855181545, 108, 279201, 279201, 0.004916784353554249, 1.0125962495803833
2444, 0.36848908942192793, 2, 12.142418009229004, 88, 279289, 279289, 0.004476082511246204, 0.9970056414604187
2445, 0.7162452368065715, 2, 13.965729865245521, 102, 279391, 279391, 0.004705884959548712, 1.0091078281402588
2446, -0.6360230061691254, 2, 8.196531038265675, 58, 279449, 279449, 0.00455847755074501, 1.0026837587356567
2447, -0.10951086302520707, 2, 4.7490151999518275, 32, 279481, 279481, 0.004539329558610916, 1.0008306503295898
2448, 0.9586765699787065, 2, 9.547356612980366, 68, 279549, 279549, 0.0043400852009654045, 1.0086510181427002
2449, 0.9703105463995598, 2, 17.80005694180727, 131, 279680, 279680, 0.004582744091749191, 1.0028784275054932
2450, 0.863445789553225, 2, 12.77603270020336, 93, 279773, 279773, 0.004608099348843098, 0.9971497058868408
2451, -0.10664363577961922, 2, 4.845008751843125, 33, 279806, 279806, 0.004718012176454067, 1.0022317171096802
2452, 0.5380471152311657, 2, 15.442678211256862, 113, 279919, 279919, 0.004489039070904255, 0.994458019733429
2453, -0.04883995559612231, 2, 19.300132517237216, 142, 280061, 280061, 0.004417275544255972, 1.0048182010650635
2454, -1.354561198852025, 2, 6.202099822927266, 43, 280104, 280104, 0.004485046491026878, 1.0094672441482544
2455, 0.0722072378230223, 2, 22.060519775375724, 163, 280267, 280267, 0.004582018591463566, 1.0054042339324951
2456, 0.578634966572281, 2, 15.460173185914755, 113, 280380, 280380, 0.004349824506789446, 1.0016194581985474
2457, 0.9657164012314752, 2, 17.29686064692214, 127, 280507, 280507, 0.004678420722484589, 1.0046919584274292
2458, 0.5140606006607413, 2, 18.34489111416042, 135, 280642, 280642, 0.004611511714756489, 1.006688117980957
2459, 0.26550870039500296, 2, 5.2711423630826175, 36, 280678, 280678, 0.004284152295440435, 1.0150933265686035
2460, 0.693337571072334, 2, 15.157135278917849, 111, 280789, 280789, 0.004527498967945576, 1.002651572227478
2461, 0.9690181517144083, 2, 16.843893954064697, 124, 280913, 280913, 0.004384334199130535, 1.0067646503448486
2462, 0.7541783226297412, 2, 17.06551516801119, 125, 281038, 281038, 0.004377603065222502, 1.0059881210327148
2463, -0.6127157697919756, 2, 14.040603237226605, 102, 281140, 281140, 0.004529564641416073, 1.0130640268325806
2464, 0.4420149567304179, 2, 5.949634735938162, 41, 281181, 281181, 0.0052077630534768105, 1.0206791162490845
2465, 0.7983195094857365, 2, 9.918338718824089, 71, 281252, 281252, 0.004921883810311556, 1.0093193054199219
2466, 0.34107521828264, 2, 6.053932193201035, 42, 281294, 281294, 0.004671800881624222, 1.0091150999069214
2467, 0.39766434066041256, 2, 18.35691923694685, 135, 281429, 281429, 0.004606639035046101, 0.9920749068260193
2468, -0.01151796110207215, 2, 8.864404347259551, 63, 281492, 281492, 0.004765442572534084, 1.0072134733200073
2469, 0.37847095716279, 2, 11.654009006917477, 84, 281576, 281576, 0.004483882803469896, 0.9953776597976685
2470, 0.7545826938003302, 2, 17.15521318418905, 126, 281702, 281702, 0.004587458446621895, 0.99906325340271
2471, 0.37656227755360305, 2, 4.6161714140325785, 31, 281733, 281733, 0.004075260832905769, 0.9973806738853455
2472, 0.8229332291521132, 2, 16.50898178294301, 121, 281854, 281854, 0.004458466544747353, 1.0051392316818237
2473, -2.0209105359826935, 4, 44.13049921579659, 330, 282184, 282184, 0.004456815775483847, 0.9985933899879456
2474, -0.4111184225184843, 2, 15.600390991661698, 114, 282298, 282298, 0.004534978419542313, 0.993884265422821
2475, 0.8146567135117948, 2, 16.760517489165068, 123, 282421, 282421, 0.004360564984381199, 1.0054692029953003
2476, 0.5869933939538896, 2, 11.491395697928965, 83, 282504, 282504, 0.0043603465892374516, 1.0003042221069336
2477, 0.7165930930059403, 2, 14.139538566116244, 103, 282607, 282607, 0.00483294203877449, 1.0093426704406738
2478, 0.4838131554424763, 2, 7.308061006013304, 51, 282658, 282658, 0.004656183533370495, 0.9876014590263367
2479, 0.769898957994883, 2, 15.433701588306576, 113, 282771, 282771, 0.004622725769877434, 0.9977594017982483
2480, 1.0343502012547106, 2, 17.4194253818132, 128, 282899, 282899, 0.004706409759819508, 1.0057990550994873
2481, 0.39150824258103967, 2, 4.850072763394564, 33, 282932, 282932, 0.0042279004119336605, 1.0238454341888428
2482, 0.949527601362206, 2, 9.745632900390774, 70, 283002, 283002, 0.004279654007405043, 1.007568597793579
2483, 0.29793380573391914, 2, 5.256758372299373, 36, 283038, 283038, 0.004598642699420452, 1.0118259191513062
2484, 0.8664325998397544, 2, 14.096167049836367, 103, 283141, 283141, 0.004470149055123329, 0.9888085126876831
2485, 0.8863677599001676, 2, 15.634537460282445, 114, 283255, 283255, 0.004353189375251532, 1.0056172609329224
2486, 0.8367441271548159, 2, 13.07570596691221, 95, 283350, 283350, 0.004737675655633211, 1.0024265050888062
2487, 0.44220440147910267, 2, 13.446912554092705, 98, 283448, 283448, 0.004336090292781591, 1.006974697113037
2488, -0.6226931978017092, 2, 4.484722780063748, 30, 283478, 283478, 0.0047649298794567585, 0.9975727796554565
2489, 0.378137064864859, 2, 12.110393410082906, 88, 283566, 283566, 0.004522467497736216, 1.0078788995742798
2490, 0.9207744910381734, 2, 13.20705564180389, 96, 283662, 283662, 0.004198303446173668, 0.9893455505371094
2491, 0.3436588707845658, 2, 10.130136330146343, 73, 283735, 283735, 0.004256648011505604, 0.9959827661514282
2492, 0.7775266301323427, 2, 20.756462783087045, 153, 283888, 283888, 0.0048766350373625755, 1.001118540763855
2493, 0.7157379376185418, 2, 13.793362985830754, 100, 283988, 283988, 0.004409324377775192, 1.0078401565551758
2494, 0.577551243477501, 2, 9.928432665299624, 71, 284059, 284059, 0.004854018334299326, 1.002055048942566
2495, -0.9398129191249609, 2, 4.506381676997989, 30, 284089, 284089, 0.0041765389032661915, 1.0241373777389526
2496, 0.551731749495957, 2, 14.25919455429539, 104, 284193, 284193, 0.004676373675465584, 0.9962981343269348
2497, 0.6269518828485161, 2, 17.653849300928414, 130, 284323, 284323, 0.00445945980027318, 1.0078669786453247
2498, 0.11242621135897934, 2, 8.964864674955606, 64, 284387, 284387, 0.004351675510406494, 0.9926507472991943
2499, 0.14751533092203317, 2, 17.888563693035394, 131, 284518, 284518, 0.004530081991106272, 0.999848484992981
2500, 0.6335111040389165, 2, 8.714131237007678, 62, 284580, 284580, 0.0043551321141421795, 1.0009167194366455
2501, 0.9166992836399004, 2, 9.473172263242304, 68, 284648, 284648, 0.00451613450422883, 1.0057815313339233
2502, 0.113832336050109, 2, 20.548790676053613, 152, 284800, 284800, 0.004411176312714815, 1.010472297668457
2503, -0.08774689110578038, 2, 14.358979446813464, 105, 284905, 284905, 0.004638888873159885, 1.000750184059143
2504, 0.6201895796693861, 2, 14.70806142501533, 107, 285012, 285012, 0.00442613335326314, 1.000633716583252
2505, -0.40638742479495704, 2, 5.6537449969910085, 39, 285051, 285051, 0.00410527503117919, 1.0040074586868286
2506, 0.47369257430545986, 2, 13.249718830920756, 96, 285147, 285147, 0.004397143144160509, 0.998256266117096
2507, 0.06158751086331904, 2, 9.003890270832926, 64, 285211, 285211, 0.004487274680286646, 0.995040774345398
2508, 0.7970905384863727, 2, 17.325520547106862, 127, 285338, 285338, 0.004521335009485483, 0.9916887879371643
2509, 0.06769289402291179, 2, 4.525436517316848, 30, 285368, 285368, 0.004651389084756374, 1.0142382383346558
2510, 1.0287894458451774, 2, 16.334176034200937, 120, 285488, 285488, 0.004639061633497477, 0.9987146854400635
2511, 0.4765362568432465, 2, 4.605700783897191, 31, 285519, 285519, 0.004502622876316309, 1.0062178373336792
2512, 0.9603819524636492, 2, 12.313159446697682, 89, 285608, 285608, 0.00454547768458724, 1.0026212930679321
2513, 0.06224466022104025, 2, 6.85890932707116, 48, 285656, 285656, 0.0049860235303640366, 0.9966794848442078
2514, 0.4159934705821797, 2, 16.105631641112268, 118, 285774, 285774, 0.004681731108576059, 0.9982842803001404
2515, 0.6233318828744814, 2, 9.249817434698343, 66, 285840, 285840, 0.004375453107059002, 1.016661286354065
2516, 0.9243907483760267, 2, 8.44780687103048, 60, 285900, 285900, 0.00449625076726079, 1.0130811929702759
2517, 0.46016421588137746, 2, 13.320045829284936, 97, 285997, 285997, 0.0046102008782327175, 1.0023607015609741
2518, 0.22926952681154944, 2, 20.835201958660036, 154, 286151, 286151, 0.004778319504112005, 1.005730152130127
2519, 1.0153862360457424, 2, 15.861861632205546, 116, 286267, 286267, 0.004772701766341925, 0.9984372854232788
2520, 0.797331943991594, 2, 12.704223409295082, 92, 286359, 286359, 0.004390444606542587, 0.9937843680381775
2521, 1.0563508013729006, 2, 11.310827571898699, 82, 286441, 286441, 0.004904899746179581, 0.9936707019805908
2522, -0.9929146550130099, 2, 4.5187076409347355, 30, 286471, 286471, 0.005432851146906614, 0.9879955053329468
2523, -0.5830782015109435, 2, 13.198034645989537, 96, 286567, 286567, 0.004377155099064112, 1.0023754835128784
2524, 0.7233728354331106, 2, 10.549170508049428, 76, 286643, 286643, 0.004678723867982626, 0.9955277442932129
2525, 0.3658623802475631, 2, 13.380414513871074, 97, 286740, 286740, 0.004739660769701004, 0.9968175888061523
2526, 0.910356447508093, 2, 11.121986866928637, 80, 286820, 286820, 0.00489133782684803, 1.0035130977630615
2527, -0.47870274679735303, 2, 4.482046074233949, 30, 286850, 286850, 0.004192735068500042, 1.0096112489700317
2528, 0.07481432141503319, 2, 17.55646391492337, 129, 286979, 286979, 0.004681114107370377, 0.9947477579116821
2529, -0.43985931847419124, 2, 23.908364871051162, 177, 287156, 287156, 0.004581076558679342, 0.9964969158172607
2530, 0.24665893960627727, 2, 19.086607882753015, 140, 287296, 287296, 0.004358555655926466, 1.0069425106048584
2531, 0.29931291846151, 2, 18.436018818058074, 136, 287432, 287432, 0.004328068345785141, 0.9895834922790527
2532, 0.8245089009433286, 2, 16.238263732288033, 119, 287551, 287551, 0.0044427188113331795, 1.0039626359939575
2533, 0.7692906709344243, 2, 16.855108548887074, 124, 287675, 287675, 0.004538915120065212, 0.9965061545372009
2534, 1.151207742310362, 2, 17.56720854714513, 129, 287804, 287804, 0.0045735035091638565, 1.001260757446289
2535, 0.6554658465320244, 2, 11.857499737292528, 86, 287890, 287890, 0.004580980632454157, 1.002953052520752
2536, 0.45875676814466715, 2, 11.344482726883143, 82, 287972, 287972, 0.004806955344974995, 1.0002994537353516
2537, 0.13173747120890766, 2, 4.8564288970083, 33, 288005, 288005, 0.004732170607894659, 0.9982824325561523
2538, 0.4723026667488739, 2, 12.14599267905578, 88, 288093, 288093, 0.004901628475636244, 0.9956655502319336
2539, 0.33997397799248574, 2, 24.705165189690888, 183, 288276, 288276, 0.004728715401142836, 0.995021402835846
2540, 0.5215339038986713, 2, 19.19250002875924, 141, 288417, 288417, 0.0045498949475586414, 1.0042673349380493
2541, 0.7989024922717363, 2, 14.246813367120922, 104, 288521, 288521, 0.0048433816991746426, 0.9909124970436096
2542, 0.16512079763560905, 2, 29.339657268021256, 218, 288739, 288739, 0.004944644868373871, 0.9966216683387756
2543, 0.28118834597989917, 2, 8.454913621302694, 60, 288799, 288799, 0.00439577316865325, 0.9897659420967102
2544, 1.1552677123690955, 2, 15.195692007895559, 111, 288910, 288910, 0.004450145643204451, 1.0068849325180054
2545, -0.4355563409917522, 2, 11.240605601109564, 81, 288991, 288991, 0.0045707691460847855, 0.9867969751358032
2546, -0.10399596043862402, 2, 5.272722532041371, 36, 289027, 289027, 0.004724341444671154, 1.0019334554672241
2547, 0.49353380216052756, 2, 17.29366760700941, 127, 289154, 289154, 0.004549362231045961, 0.9991627931594849
2548, 0.07960156386252493, 2, 6.8544022790156305, 48, 289202, 289202, 0.0045635593123734, 1.0030856132507324
2549, -0.11350570520153269, 2, 4.865555344615132, 33, 289235, 289235, 0.004366010893136263, 0.9803043603897095
2550, 0.31988575332798064, 2, 12.855727774091065, 93, 289328, 289328, 0.004462946206331253, 1.0034184455871582
2551, -0.3529477163683623, 2, 11.71991524612531, 85, 289413, 289413, 0.004745022859424353, 0.9931983351707458
2552, 0.12842217308934778, 2, 11.217549094930291, 81, 289494, 289494, 0.0043580541387200356, 1.0045042037963867
2553, 0.4138165024821774, 2, 12.140105988830328, 88, 289582, 289582, 0.004290321376174688, 1.0128246545791626
2554, 0.7231596613564761, 2, 18.310315479990095, 135, 289717, 289717, 0.004457751289010048, 1.001438856124878
2555, 0.6682278465013951, 2, 10.347451088950038, 74, 289791, 289791, 0.004319907631725073, 1.0025110244750977
2556, -1.4267177646397613, 2, 30.973278841935098, 231, 290022, 290022, 0.0045884354040026665, 0.9975252151489258
2557, -1.163556426865398, 2, 32.26715681608766, 241, 290263, 290263, 0.004612013231962919, 0.9983150959014893
2558, 0.26388344122096896, 2, 5.802481553051621, 40, 290303, 290303, 0.004478727001696825, 1.008528709411621
2559, 0.5947484525968321, 2, 16.652446021325886, 122, 290425, 290425, 0.004801501985639334, 0.9972067475318909
2560, 0.8691149745718576, 2, 16.26922478992492, 119, 290544, 290544, 0.004631359130144119, 1.0060455799102783
2561, 0.7254657885059714, 2, 10.02448917971924, 72, 290616, 290616, 0.004420389886945486, 0.9998782277107239
2562, 0.27104933303780854, 2, 4.501769269350916, 30, 290646, 290646, 0.004441469442099333, 0.9857147932052612
2563, 0.3495410007017199, 2, 22.265871265903115, 165, 290811, 290811, 0.004651058465242386, 0.9949237108230591
2564, 0.4349427279084921, 2, 14.533386499155313, 106, 290917, 290917, 0.004454321227967739, 0.9973810315132141
2565, 0.33679434392252006, 2, 21.675864746328443, 160, 291077, 291077, 0.004513275809586048, 1.0010976791381836
2566, -0.13997698458842933, 2, 8.053734335117042, 57, 291134, 291134, 0.004298225045204163, 1.0010507106781006
2567, -0.03087007241538231, 2, 28.93012482766062, 215, 291349, 291349, 0.004472451750189066, 0.9888185858726501
2568, 0.057469031955406535, 2, 22.9751594979316, 170, 291519, 291519, 0.004743041470646858, 0.9997490644454956
2569, 0.8434357508085668, 2, 15.413329782895744, 112, 291631, 291631, 0.004587046802043915, 0.995036780834198
2570, -0.06810322852106765, 2, 8.855397349223495, 63, 291694, 291694, 0.004735116846859455, 0.9937867522239685
2571, 0.6037680256267777, 2, 24.1390487998724, 179, 291873, 291873, 0.004329394549131393, 0.9980772137641907
2572, -1.9226927515119314, 2, 4.524912141729146, 30, 291903, 291903, 0.004180038347840309, 0.9936883449554443
2573, 0.05776194708596449, 2, 12.306120658759028, 89, 291992, 291992, 0.004423737060278654, 0.9935482740402222
2574, 1.159705506550381, 2, 15.097104381304234, 110, 292102, 292102, 0.004488089587539434, 0.9965533018112183
2575, 0.8023317084443988, 2, 12.278088862076402, 89, 292191, 292191, 0.00430886959657073, 0.9974345564842224
2576, 1.0385035614017397, 2, 10.292925810441375, 74, 292265, 292265, 0.004426092375069857, 0.9934637546539307
2577, 0.0868850857950747, 2, 8.20778501080349, 58, 292323, 292323, 0.0044768620282411575, 0.9790765047073364
2578, -0.13921925029717386, 2, 4.617168078199029, 31, 292354, 292354, 0.00446872366592288, 0.968688428401947
2579, -0.22832088824361563, 2, 7.666156926192343, 54, 292408, 292408, 0.004242748487740755, 0.9882326722145081
2580, 0.563626427858253, 2, 19.44473628886044, 143, 292551, 292551, 0.004455947782844305, 0.994187593460083
2581, 1.1704339082352817, 2, 18.830360777210444, 139, 292690, 292690, 0.004467435646802187, 0.9989741444587708
2582, 0.3436329981050221, 2, 12.523983912076801, 91, 292781, 292781, 0.004646544810384512, 1.006306767463684
2583, 0.737763260374777, 2, 18.091222594026476, 133, 292914, 292914, 0.004647715948522091, 0.9937378168106079
2584, 0.30752085924177663, 2, 14.626478704158217, 107, 293021, 293021, 0.004414488095790148, 0.9864162802696228
2585, -0.22243548557162285, 2, 4.533618393819779, 30, 293051, 293051, 0.00457359291613102, 0.9829356670379639
2586, 0.7763409866020083, 2, 8.897555437404662, 63, 293114, 293114, 0.004608032293617725, 0.9840254783630371
2587, 0.9623739459784701, 2, 12.435560523997992, 90, 293204, 293204, 0.00485058780759573, 0.9994099736213684
2588, -0.21113675350443373, 2, 26.690600941888988, 198, 293402, 293402, 0.004608048591762781, 1.0007811784744263
2589, 1.3480551250977442, 2, 14.56555033614859, 106, 293508, 293508, 0.0047023845836520195, 0.9890553951263428
2590, 0.7019234518520534, 2, 11.964843679685146, 85, 293593, 293593, 0.004484631586819887, 0.9906999468803406
2591, -0.02781628747470677, 2, 7.250390274915844, 51, 293644, 293644, 0.004455845337361097, 0.9940788149833679
2592, -2.989339091029251, 2, 42.68387253861874, 320, 293964, 293964, 0.004611327778548002, 0.9958884119987488
2593, 1.052182814306434, 2, 15.44199625775218, 112, 294076, 294076, 0.004357905592769384, 0.9999470710754395
2594, -2.9221667812671512, 2, 18.518460351973772, 136, 294212, 294212, 0.0049194153398275375, 1.0016963481903076
2595, 0.8996759344881866, 2, 19.29371882788837, 142, 294354, 294354, 0.004569761920720339, 1.0071943998336792
2596, 0.2312971408246085, 2, 12.982514542061836, 94, 294448, 294448, 0.004543375689536333, 0.9912417531013489
2597, 0.48417106294073164, 2, 13.209772237110883, 96, 294544, 294544, 0.0045286682434380054, 1.0130451917648315
2598, -0.11211938147607725, 2, 10.590221337042749, 76, 294620, 294620, 0.004410158842802048, 1.0142894983291626
2599, -2.110563997302961, 2, 35.50853346986696, 265, 294885, 294885, 0.00440581887960434, 0.9972516894340515
2600, 0.11720992473419756, 2, 5.4428779650479555, 37, 294922, 294922, 0.004451690707355738, 0.9688169956207275
2601, 0.6834551806678064, 2, 13.834533674176782, 101, 295023, 295023, 0.004289422184228897, 0.9885464906692505
2602, 0.16375883121509105, 2, 7.028253021650016, 49, 295072, 295072, 0.005090183578431606, 0.9936617016792297
2603, -0.2363836169242859, 2, 5.646511750295758, 39, 295111, 295111, 0.005128951743245125, 0.9775652885437012
2604, 0.17275820556096733, 2, 7.965716053266078, 56, 295167, 295167, 0.004893134348094463, 1.0000903606414795
2605, 0.5726160466956571, 2, 16.482764103915542, 121, 295288, 295288, 0.004654842894524336, 1.002285122871399
2606, -8.382895881310105, 4, 44.10087803704664, 330, 295618, 295618, 0.00443178741261363, 0.9949644804000854
2607, -2.2720886026509106, 2, 4.481150738894939, 30, 295648, 295648, 0.0047238487750291824, 0.9754348397254944
2608, 0.6090971749508753, 2, 13.735045991837978, 100, 295748, 295748, 0.0045142401941120625, 1.0011699199676514
2609, 0.553045334178023, 2, 18.099012434016913, 133, 295881, 295881, 0.004703599959611893, 0.988737165927887
2610, -1.194223821745254, 2, 4.510129018686712, 30, 295911, 295911, 0.004428693559020758, 0.977974534034729
2611, 0.6251872415887192, 2, 9.749531324021518, 70, 295981, 295981, 0.004538294393569231, 0.9966942667961121
2612, 0.6330647116992623, 2, 8.321147652342916, 59, 296040, 296040, 0.004558321088552475, 1.0033124685287476
2613, -0.8259950035135262, 2, 6.994466589298099, 49, 296089, 296089, 0.004448287189006805, 0.9881940484046936
2614, -0.052345897383929696, 2, 11.059778810944408, 80, 296169, 296169, 0.004774922039359808, 0.9948837161064148
2615, -0.7590744249937416, 2, 25.597047152929008, 190, 296359, 296359, 0.004426999483257532, 0.991213321685791
2616, -0.006832215323811397, 2, 17.171299485024065, 126, 296485, 296485, 0.0044685243628919125, 0.9851877093315125
2617, -0.23558053251508682, 2, 27.151547770015895, 202, 296687, 296687, 0.004501264076679945, 0.9912014007568359
2618, -0.15307141287485138, 2, 18.588621770963073, 136, 296823, 296823, 0.004418110009282827, 0.9913356900215149
2619, 0.7519746343896259, 2, 17.98721199296415, 132, 296955, 296955, 0.0044961231760680676, 0.9925374388694763
2620, 1.0029864036478102, 2, 14.642913836054504, 107, 297062, 297062, 0.004631930962204933, 0.9960879683494568
2621, 0.7188585497788154, 2, 19.44123197114095, 143, 297205, 297205, 0.00446731923148036, 0.9980814456939697
2622, 0.9140038558871311, 2, 17.326404227875173, 127, 297332, 297332, 0.004796666093170643, 1.000984787940979
2623, 0.17544887127587572, 2, 14.64550350420177, 107, 297439, 297439, 0.004856178071349859, 0.983927309513092
2624, 0.3505406375043094, 2, 12.400645230896771, 90, 297529, 297529, 0.00456185732036829, 1.0059645175933838
2625, 0.7161796841828618, 2, 15.340495775919408, 112, 297641, 297641, 0.004695545416325331, 0.9927233457565308
2626, 0.21059044520370662, 2, 7.769238310866058, 55, 297696, 297696, 0.004544906783849001, 1.0070770978927612
2627, 0.3191423040116206, 2, 14.845416433177888, 108, 297804, 297804, 0.004496600478887558, 0.9917590618133545
2628, -0.16246414906345308, 2, 5.942153465002775, 41, 297845, 297845, 0.004534858278930187, 0.9794499278068542
2629, 0.19317140511702746, 2, 5.18615688290447, 35, 297880, 297880, 0.00456800265237689, 0.9817689061164856
2630, -1.9363994302693754, 2, 21.158279786352068, 156, 298036, 298036, 0.004225647076964378, 0.9979093670845032
2631, 0.1196115855127573, 2, 7.399111337959766, 52, 298088, 298088, 0.005013690330088139, 0.9914857149124146
2632, 0.5142799506429583, 2, 10.164810727816075, 73, 298161, 298161, 0.004731067921966314, 0.9949473738670349
2633, 0.5466662342660129, 2, 15.8194421781227, 116, 298277, 298277, 0.004568209871649742, 0.9912960529327393
2634, 0.3342173512082809, 2, 20.308517690747976, 150, 298427, 298427, 0.0048578823916614056, 0.9888383150100708
2635, 0.6443931286921725, 2, 13.780973116867244, 100, 298527, 298527, 0.004442906007170677, 0.9996685981750488
2636, 0.28199826867785305, 2, 5.568016140721738, 38, 298565, 298565, 0.004875937011092901, 0.9858380556106567
2637, 0.9167100560152903, 2, 17.32042813813314, 127, 298692, 298692, 0.004874032456427813, 0.9878637194633484
2638, 0.1688864240422845, 2, 16.102196988649666, 118, 298810, 298810, 0.004568514879792929, 0.9883537292480469
2639, -0.3101645743008703, 2, 5.004595795180649, 34, 298844, 298844, 0.004325312562286854, 0.9998176693916321
2640, -0.39153123044525273, 2, 24.458842377644032, 181, 299025, 299025, 0.004579925909638405, 0.9820396304130554
2641, 0.08552547444560332, 2, 15.048959594685584, 110, 299135, 299135, 0.004452576860785484, 0.9951323866844177
2642, 0.9771307978080586, 2, 13.468737304210663, 98, 299233, 299233, 0.004541017115116119, 0.9919469952583313
2643, 0.24147565348539501, 2, 16.627368711400777, 122, 299355, 299355, 0.0046426402404904366, 0.9827402830123901
2644, 1.20626628305763, 2, 12.830018931999803, 93, 299448, 299448, 0.004636775236576796, 0.9870634078979492
2645, 0.3548000616719946, 2, 12.581097052898258, 91, 299539, 299539, 0.004465078469365835, 0.990043580532074
2646, 0.9106847454095259, 2, 14.093138275202364, 103, 299642, 299642, 0.004297145176678896, 0.9871639013290405
2647, 0.983705438207835, 2, 19.595448417123407, 144, 299786, 299786, 0.004328850191086531, 0.9964081645011902
2648, 0.522178802988492, 2, 9.087108846288174, 65, 299851, 299851, 0.0046262433752417564, 0.98357093334198
2649, 0.5245895307743922, 2, 24.58986312802881, 182, 300033, 300033, 0.0045445929281413555, 0.9901506304740906
2650, 0.6321766830515116, 2, 10.605726218782365, 76, 300109, 300109, 0.004806376062333584, 1.0042226314544678
2651, 0.5176078271033475, 2, 19.958960980176926, 147, 300256, 300256, 0.004440770950168371, 0.9891798496246338
2652, 0.886835609911941, 2, 13.05997391603887, 95, 300351, 300351, 0.004354461561888456, 0.9839417338371277
2653, 1.1872617151238956, 2, 14.445551176089793, 105, 300456, 300456, 0.004459755029529333, 1.0018701553344727
2654, 0.6602258560014889, 2, 9.362818697001785, 67, 300523, 300523, 0.0044440836645662785, 0.9606990814208984
2655, 0.7764941306486435, 2, 18.34849914815277, 135, 300658, 300658, 0.004736520815640688, 0.9873262643814087
2656, -0.4854831498814747, 2, 6.6043053129687905, 46, 300704, 300704, 0.0043893312104046345, 1.001296043395996
2657, 0.3263130250852555, 2, 7.248291970230639, 51, 300755, 300755, 0.0049961102195084095, 0.9803364872932434
2658, 0.5647332657827064, 2, 4.812863822095096, 32, 300787, 300787, 0.004619619343429804, 0.9895716905593872
2659, 0.08680082485079765, 2, 4.787896785885096, 32, 300819, 300819, 0.004882931709289551, 0.979771614074707
2660, -0.3637995109311305, 2, 13.071171093266457, 95, 300914, 300914, 0.004660235717892647, 0.9949842095375061
2661, 1.223581393045606, 2, 15.836533687077463, 116, 301030, 301030, 0.0048591746017336845, 0.9871808290481567
2662, -0.2592013314642827, 2, 24.757853178773075, 184, 301214, 301214, 0.004577691666781902, 0.9890662431716919
2663, -0.6607372653670609, 2, 6.468386597931385, 45, 301259, 301259, 0.00439656525850296, 0.9758262038230896
2664, 0.5234391130361473, 2, 20.870543716009706, 154, 301413, 301413, 0.004651478957384825, 0.9989781379699707
2665, 0.32973331259563565, 2, 11.654329023789614, 84, 301497, 301497, 0.004528965335339308, 0.9917904734611511
2666, 0.8388592650135251, 2, 15.21615515789017, 111, 301608, 301608, 0.004273862112313509, 0.9855791926383972
2667, 0.055959721612452995, 2, 18.598151173908263, 137, 301745, 301745, 0.004426148254424334, 0.9886791110038757
2668, 0.5121374302834738, 2, 22.165892177261412, 164, 301909, 301909, 0.004453110042959452, 0.9823965430259705
2669, 0.08056401311478112, 2, 16.78069054801017, 123, 302032, 302032, 0.004596320446580648, 0.9864199161529541
2670, 0.6974492909503169, 2, 17.735725973267108, 130, 302162, 302162, 0.004399306606501341, 0.9899986982345581
2671, 0.9177830554544926, 2, 15.300780445802957, 112, 302274, 302274, 0.004339311271905899, 0.9783520698547363
2672, -0.2240333171794191, 2, 6.620743939187378, 46, 302320, 302320, 0.004469784442335367, 0.9882012009620667
2673, 0.8092391878599301, 2, 15.44620593264699, 113, 302433, 302433, 0.004531892016530037, 0.9981901049613953
2674, 0.6592534032679396, 2, 18.367902858182788, 135, 302568, 302568, 0.004879678599536419, 0.9829556941986084
2675, 0.35206619529344607, 2, 23.356068619992584, 173, 302741, 302741, 0.004383233841508627, 0.9900619387626648
2676, -0.09280510561075062, 2, 12.120465716347098, 87, 302828, 302828, 0.00463342759758234, 0.9969869256019592
2677, 0.0917290699435398, 2, 9.259037354961038, 66, 302894, 302894, 0.004018732346594334, 0.9900993704795837
2678, 0.7649111798382364, 2, 12.517655801028013, 91, 302985, 302985, 0.004780600778758526, 0.9765841960906982
2679, 0.02802342688664794, 2, 5.582688760943711, 38, 303023, 303023, 0.004444663412868977, 0.9911531209945679
2680, 1.190884564886801, 2, 12.438600976020098, 90, 303113, 303113, 0.0044366586953401566, 0.9986611008644104
2681, 0.028300814199610613, 2, 14.395306291989982, 105, 303218, 303218, 0.0042046597227454185, 0.9882006645202637
2682, 1.1341306256654207, 2, 16.004959667101502, 117, 303335, 303335, 0.00429029343649745, 0.9886379241943359
2683, 0.36236236814875156, 2, 12.611209211871028, 91, 303426, 303426, 0.004466229118406773, 0.9903349876403809
2684, 0.5821847119368613, 2, 10.180954771116376, 73, 303499, 303499, 0.004694416653364897, 0.9832195043563843
2685, 0.770844597449468, 2, 15.975153116043657, 117, 303616, 303616, 0.0047496622428298, 0.9865133166313171
2686, 0.29403559111597133, 2, 19.548288616817445, 144, 303760, 303760, 0.004391328897327185, 0.9862725734710693
2687, 0.6401088199027072, 2, 13.620949388016015, 99, 303859, 303859, 0.004422490485012531, 0.9921108484268188
2688, -0.3106824114220217, 2, 5.172272851224989, 35, 303894, 303894, 0.0045071071945130825, 0.989903450012207
2689, 0.6867569726891816, 2, 10.934255147818476, 79, 303973, 303973, 0.004497492220252752, 0.9764693975448608
2690, 0.22273734619375318, 2, 15.602365759201348, 114, 304087, 304087, 0.004613467957824469, 0.9856829643249512
2691, 0.3324064293410629, 2, 5.411964520812035, 37, 304124, 304124, 0.004520738031715155, 1.0002444982528687
2692, -0.13226255076006055, 2, 20.086014560889453, 148, 304272, 304272, 0.004759266506880522, 0.98114413022995
2693, -0.25927901349496096, 2, 5.949465494137257, 41, 304313, 304313, 0.004251396283507347, 0.9879602789878845
2694, -0.13648614415433258, 2, 5.712633810937405, 39, 304352, 304352, 0.004274665378034115, 0.9976736903190613
2695, 0.7093754964880645, 2, 14.149738698266447, 103, 304455, 304455, 0.004524715710431337, 0.9810672998428345
2696, 1.2132849881600123, 2, 12.239674640353769, 88, 304543, 304543, 0.004699424374848604, 0.9915671944618225
2697, 0.20201860700035468, 2, 17.0708941728808, 125, 304668, 304668, 0.004548097960650921, 0.985542893409729
2698, 0.2261500100576086, 2, 16.79697146313265, 123, 304791, 304791, 0.004825382959097624, 0.9845654368400574
2699, 0.700862811121624, 2, 21.96074293879792, 162, 304953, 304953, 0.0045435018837451935, 0.9854653477668762
2700, -0.08164688792749075, 2, 21.428846003022045, 158, 305111, 305111, 0.004793698433786631, 0.9810566902160645
2701, 0.5368781154975295, 2, 15.154574145562947, 111, 305222, 305222, 0.004585041664540768, 0.9881457090377808
2702, 1.0569789945147932, 2, 16.543293124996126, 121, 305343, 305343, 0.0045895990915596485, 0.9823319911956787
2703, -0.1635013872228228, 2, 23.265781307127327, 172, 305515, 305515, 0.0045372010208666325, 0.985919177532196
2704, -0.7449569961900124, 2, 35.80052338819951, 267, 305782, 305782, 0.004761786665767431, 0.9804092049598694
2705, 0.6394853837555274, 2, 18.91417672066018, 139, 305921, 305921, 0.00453623291105032, 0.986818253993988
2706, -0.23434265634205076, 2, 23.530657549388707, 174, 306095, 306095, 0.004359838552772999, 0.9829087257385254
2707, 0.6651934127294226, 2, 19.169175455812365, 141, 306236, 306236, 0.004497210960835218, 0.9896917939186096
2708, 1.0390538144856691, 2, 17.046926345210522, 125, 306361, 306361, 0.004632133990526199, 0.9919589757919312
2709, -1.1282598319230601, 2, 5.047878969926387, 34, 306395, 306395, 0.004425528459250927, 0.9940764307975769
2710, -0.25567770509769616, 2, 21.362845280207694, 158, 306553, 306553, 0.004605175461620092, 0.9733325839042664
2711, 0.8211089024553075, 2, 18.228570019826293, 134, 306687, 306687, 0.004667936358600855, 0.9685724973678589
2712, -0.13192900687499787, 2, 20.321026615332812, 150, 306837, 306837, 0.004450142849236727, 0.9837605953216553
2713, -0.34335025067048264, 2, 33.740565506741405, 251, 307088, 307088, 0.004454254638403654, 0.9867889285087585
2714, 0.7754212993895635, 2, 10.149774598889053, 73, 307161, 307161, 0.0043873549439013, 0.988175094127655
2715, -1.663449781946838, 2, 18.211482943035662, 134, 307295, 307295, 0.00464019738137722, 0.9796018600463867
2716, 0.3030748282562854, 2, 19.544589154887944, 143, 307438, 307438, 0.004686321597546339, 0.9798550009727478
2717, 0.9531747308028571, 2, 17.16378542687744, 126, 307564, 307564, 0.004725480917841196, 0.9774332046508789
2718, 0.35299899300935067, 2, 18.523098947945982, 136, 307700, 307700, 0.004512283485382795, 0.9916045069694519
2719, 0.29937561257975176, 2, 9.657439227215946, 69, 307769, 307769, 0.0045668440870940685, 0.997031033039093
2720, 0.5633351133947144, 2, 17.288254556711763, 127, 307896, 307896, 0.004714247304946184, 0.9897423982620239
2721, 0.18544177687726915, 2, 6.744881710968912, 47, 307943, 307943, 0.004543480928987265, 0.9917879104614258
2722, 1.1401202753731923, 2, 15.852498506195843, 116, 308059, 308059, 0.004425398074090481, 0.9892963767051697
2723, -1.0087017710320652, 2, 4.491718045901507, 30, 308089, 308089, 0.004445103462785482, 0.97715163230896
2724, -0.3649135266896337, 2, 5.059244084171951, 34, 308123, 308123, 0.004409566055983305, 0.9900282621383667
2725, 0.9004315363708884, 2, 14.783978787716478, 108, 308231, 308231, 0.004519323352724314, 0.9788504242897034
2726, 0.8929263215395622, 2, 16.191441910807043, 118, 308349, 308349, 0.004630245268344879, 0.9807823300361633
2727, 0.5955501315984293, 2, 17.35596213163808, 127, 308476, 308476, 0.004863235168159008, 0.9841892123222351
2728, 0.5193440699949861, 2, 9.357563371770084, 67, 308543, 308543, 0.004466892220079899, 0.9878548979759216
2729, -1.096807617432205, 2, 27.66400544717908, 205, 308748, 308748, 0.004622506909072399, 0.9812206625938416
2730, -5.092832081136294, 4, 44.11130018904805, 329, 309077, 309077, 0.00461614690721035, 0.9786605834960938
2731, 0.6005531913251616, 2, 16.37975996406749, 120, 309197, 309197, 0.00474392157047987, 0.9715369343757629
2732, 0.9992518698563799, 2, 10.83900703722611, 78, 309275, 309275, 0.004564135335385799, 0.9891647100448608
2733, 0.6535294858040288, 2, 9.56338512385264, 68, 309343, 309343, 0.004539031535387039, 0.9675179719924927
2734, 0.5257664291420951, 2, 16.952751714270562, 124, 309467, 309467, 0.004487768746912479, 0.9826010465621948
2735, 0.1994280901417369, 2, 19.189045486971736, 141, 309608, 309608, 0.004679562523961067, 0.9807846546173096
2736, 0.10779997943609487, 2, 18.74533918686211, 138, 309746, 309746, 0.004642898682504892, 0.9877920746803284
2737, -0.25759531441144645, 2, 8.191427691839635, 58, 309804, 309804, 0.004801653791218996, 0.969063401222229
2738, 1.1102862916013692, 2, 16.52567512728274, 121, 309925, 309925, 0.004457785747945309, 0.9747797250747681
2739, 0.9873834233731031, 2, 8.741708555724472, 62, 309987, 309987, 0.004545580595731735, 0.9836919903755188
2740, 0.47605188051238656, 2, 5.95954260090366, 41, 310028, 310028, 0.004529534839093685, 0.9825565218925476
2741, 1.089429591098451, 2, 17.517287484835833, 129, 310157, 310157, 0.00467646075412631, 0.9873534440994263
2742, -0.44621752575039864, 2, 4.519250596873462, 30, 310187, 310187, 0.004741491284221411, 0.9853160977363586
2743, -0.05678066855762154, 2, 26.74495676206425, 198, 310385, 310385, 0.004499110393226147, 0.9815899133682251
2744, 0.6078064676985377, 2, 20.513734728097916, 151, 310536, 310536, 0.004537191241979599, 0.975437581539154
2745, 0.5044035896426067, 2, 11.921797872986645, 86, 310622, 310622, 0.004372740630060434, 0.9880977869033813
2746, 0.23545795134850778, 2, 19.571508295834064, 144, 310766, 310766, 0.004707674961537123, 0.97618567943573
2747, 0.24765103892423213, 2, 7.159187559969723, 50, 310816, 310816, 0.0046068052761256695, 0.9863038063049316
2748, 0.6733846209099283, 2, 7.446452686097473, 52, 310868, 310868, 0.0045252833515405655, 0.9773487448692322
2749, 0.622434327728115, 2, 18.905564764980227, 139, 311007, 311007, 0.004680204205214977, 0.989866316318512
2750, -2.726802368531935, 2, 37.87755797477439, 282, 311289, 311289, 0.004831390921026468, 0.982267439365387
2751, 0.7080750621971674, 2, 15.57243579486385, 114, 311403, 311403, 0.004703797399997711, 0.9802675247192383
2752, -0.1489277660730295, 2, 21.026397194247693, 155, 311558, 311558, 0.004867205861955881, 0.9816359281539917
2753, -0.980055487510981, 2, 29.88554702606052, 222, 311780, 311780, 0.004601215478032827, 0.9840258359909058
2754, 1.0421846953904605, 2, 17.961134233977646, 132, 311912, 311912, 0.004877141211181879, 0.9753069877624512
2755, 0.9776634373702109, 2, 14.00985746178776, 102, 312014, 312014, 0.004645435139536858, 0.9756510257720947
2756, -0.10810210357885808, 2, 5.835582464933395, 40, 312054, 312054, 0.004875575192272663, 0.984764575958252
2757, -0.061807273887097836, 2, 7.121936561074108, 50, 312104, 312104, 0.004522376693785191, 0.9752448201179504
2758, 0.46620630810502917, 2, 15.350137562956661, 112, 312216, 312216, 0.005143565125763416, 0.9723021388053894
2759, 0.8414735355472658, 2, 17.454805515240878, 128, 312344, 312344, 0.0048454818315804005, 0.979826033115387
2760, 0.8504818973160582, 2, 14.962243515066803, 109, 312453, 312453, 0.004531944170594215, 0.9895260334014893
2761, 0.8539448531591916, 2, 14.67932812590152, 107, 312560, 312560, 0.004335811361670494, 0.9775323867797852
2762, 0.6526504713110626, 2, 16.11686943983659, 118, 312678, 312678, 0.00457411864772439, 0.9635266065597534
2763, 0.031132652948144823, 2, 20.999094842001796, 155, 312833, 312833, 0.004316729959100485, 0.9804608821868896
2764, -0.38196019688621163, 2, 7.687115558888763, 54, 312887, 312887, 0.004451501648873091, 0.9634272456169128
2765, -1.3198909484781325, 2, 5.581181371118873, 38, 312925, 312925, 0.004529484547674656, 0.985439121723175
2766, -0.11010163102764636, 2, 7.668216877151281, 54, 312979, 312979, 0.00449303537607193, 0.9708281755447388
2767, -0.1335828040027991, 2, 5.947413257788867, 41, 313020, 313020, 0.0044366116635501385, 1.0004442930221558
2768, 0.42659693876885285, 2, 20.329761271830648, 150, 313170, 313170, 0.004679231904447079, 0.978101372718811
2769, 0.9777979785721982, 2, 16.771479041781276, 123, 313293, 313293, 0.004653388634324074, 0.9773268103599548
2770, -0.46655530503937825, 2, 37.618484953884035, 280, 313573, 313573, 0.00451512960717082, 0.9772821664810181
2771, 0.2996901291189715, 2, 5.5300755789503455, 38, 313611, 313611, 0.004568598233163357, 0.9909926056861877
2772, 0.4163392730988562, 2, 6.470059452112764, 45, 313656, 313656, 0.00471156369894743, 0.9842289686203003
2773, 0.4837238126201555, 2, 18.077573316171765, 133, 313789, 313789, 0.004857914987951517, 0.9835605621337891
2774, 0.74047705513658, 2, 11.50325624877587, 83, 313872, 313872, 0.004496442154049873, 0.9878061413764954
2775, 0.44176725701618125, 2, 25.11725284019485, 186, 314058, 314058, 0.0046476395800709724, 0.9803863763809204
2776, 1.1130436530220322, 2, 13.359210056718439, 97, 314155, 314155, 0.004609120078384876, 0.9765727519989014
2777, 0.9162738722516224, 2, 14.902949643786997, 109, 314264, 314264, 0.004813108593225479, 0.9822026491165161
2778, 0.02580423455219716, 2, 13.652414434123784, 99, 314363, 314363, 0.004500888288021088, 0.9785934090614319
2779, 0.8179178854916245, 2, 13.101447969209403, 95, 314458, 314458, 0.004918745253235102, 0.968493640422821
2780, 0.7744531856806134, 2, 17.97653251606971, 132, 314590, 314590, 0.004813636187463999, 0.9854193925857544
2781, 0.8891553529538214, 2, 10.790327860042453, 78, 314668, 314668, 0.004618313163518906, 0.9674648642539978
2782, 0.10991764604113996, 2, 8.350381593219936, 59, 314727, 314727, 0.00435235071927309, 0.9745759963989258
2783, 0.7066487852716818, 2, 10.554314472246915, 76, 314803, 314803, 0.004535791464149952, 0.967978835105896
2784, 0.9370916648767889, 2, 13.75146609172225, 100, 314903, 314903, 0.004399618599563837, 0.9810346364974976
2785, 0.35003844962920994, 2, 5.257664730772376, 36, 314939, 314939, 0.004415317438542843, 0.9712223410606384
2786, 0.4798801636788994, 2, 12.44806613912806, 90, 315029, 315029, 0.00466706370934844, 0.9716537594795227
2787, 0.9465042295560124, 2, 10.712691554799676, 77, 315106, 315106, 0.004472253378480673, 0.9793421626091003
2788, 0.968391673406586, 2, 12.171951392199844, 88, 315194, 315194, 0.004613378085196018, 0.9857878088951111
2789, 0.6897689908510074, 2, 9.35985909961164, 67, 315261, 315261, 0.004428322426974773, 0.9734771251678467
2790, 0.05897003784775734, 2, 5.192424087319523, 35, 315296, 315296, 0.004318443592637777, 0.9848746061325073
2791, 0.5271521894501348, 2, 13.593525698874146, 99, 315395, 315395, 0.004523684736341238, 0.9798087477684021
2792, 0.5818057879805565, 2, 16.580714025069028, 121, 315516, 315516, 0.004734688438475132, 0.9804403781890869
2793, -1.3598396939923987, 2, 4.75750128692016, 32, 315548, 315548, 0.004770165774971247, 0.9613122940063477
2794, 0.3053617429941369, 2, 16.216896563302726, 119, 315667, 315667, 0.004449557047337294, 0.970651388168335
2795, 1.049554076154891, 2, 18.367682348005474, 135, 315802, 315802, 0.0048292288556694984, 0.9705675840377808
2796, 1.1453068096889183, 2, 11.79276533331722, 85, 315887, 315887, 0.004527803044766188, 0.9780658483505249
2797, 0.24231443529424723, 2, 17.920168198645115, 131, 316018, 316018, 0.00463322177529335, 0.9794648289680481
2798, 0.4398053268669173, 2, 8.449017068836838, 60, 316078, 316078, 0.004733134992420673, 0.9772185683250427
2799, 0.6905915878014639, 2, 10.729035476222634, 77, 316155, 316155, 0.004863061010837555, 0.9755420684814453
2800, 1.0472740292316303, 2, 12.562320238910615, 91, 316246, 316246, 0.0043906569480896, 0.9784874320030212
2801, 0.8243024806724861, 2, 9.245587737765163, 66, 316312, 316312, 0.0049172863364219666, 0.9800525903701782
2802, 0.017875951365567744, 2, 5.294050465803593, 36, 316348, 316348, 0.004267217591404915, 0.9744516015052795
2803, -0.37417611747514457, 2, 5.413193410728127, 37, 316385, 316385, 0.004367303103208542, 0.9664285778999329
2804, 0.374053010600619, 2, 9.94671035092324, 71, 316456, 316456, 0.0045278663747012615, 0.9958758354187012
2805, 0.08039972138158191, 2, 42.60143379634246, 318, 316774, 316774, 0.004594296216964722, 0.9779716730117798
2806, 0.7480962196714245, 2, 10.85484264884144, 78, 316852, 316852, 0.004746146034449339, 0.9641584753990173
2807, -1.1709346123971045, 2, 5.305798762943596, 36, 316888, 316888, 0.004773485939949751, 0.9835097193717957
2808, -0.3056872456072597, 2, 5.032506566960365, 34, 316922, 316922, 0.004427432548254728, 0.9858436584472656
2809, 1.170889240107499, 2, 13.601312521845102, 99, 317021, 317021, 0.004761497024446726, 0.9735302329063416
2810, 0.5387295270338655, 2, 15.103469816036522, 110, 317131, 317131, 0.004376934375613928, 0.9829020500183105
2811, 0.4798915944993496, 2, 4.74739118013531, 32, 317163, 317163, 0.004699014127254486, 0.9618401527404785
2812, 0.7855072764941724, 2, 14.951948615256697, 109, 317272, 317272, 0.004678434692323208, 0.9734127521514893
2813, 1.1446238190110307, 2, 16.509319446980953, 121, 317393, 317393, 0.004942531231790781, 0.9866304993629456
2814, -0.04525867570191622, 2, 14.75524971773848, 107, 317500, 317500, 0.004941224120557308, 0.9803903698921204
2815, 0.6336342509603128, 2, 14.392638266086578, 105, 317605, 317605, 0.004510289523750544, 0.9807683825492859
2816, 1.1597139137447812, 2, 16.42753860168159, 120, 317725, 317725, 0.004457182250916958, 0.9766247868537903
2817, 0.14006336787861073, 2, 9.717177564743906, 69, 317794, 317794, 0.00466595683246851, 0.9762089848518372
2818, 0.8044657333521172, 2, 14.253967507276684, 104, 317898, 317898, 0.004637100733816624, 0.9763284921646118
2819, 0.6735870750271715, 2, 12.652174294926226, 86, 317984, 317984, 0.004714603535830975, 0.9860455989837646
2820, 0.8899070566112641, 2, 18.51177923195064, 136, 318120, 318120, 0.00474191689863801, 0.972552478313446
2821, 0.2660283884033561, 2, 5.658668885007501, 39, 318159, 318159, 0.004562050104141235, 0.979178786277771
2822, -11.528611276298761, 4, 44.161048281006515, 330, 318489, 318489, 0.004728653002530336, 0.9786596298217773
2823, 0.11807507515550242, 2, 19.70198650797829, 144, 318633, 318633, 0.004725382663309574, 0.9786250591278076
2824, -0.24325229949317873, 2, 4.7809650134295225, 32, 318665, 318665, 0.004721125587821007, 0.9658827781677246
2825, -0.5070475784596056, 2, 5.858604023233056, 40, 318705, 318705, 0.00470788823440671, 0.9721115827560425
2826, -0.1943790162622463, 2, 21.577364835888147, 159, 318864, 318864, 0.0049196816980838776, 0.9707217216491699
2827, 0.2645954556937795, 2, 19.485148822888732, 143, 319007, 319007, 0.004480660893023014, 0.9740172624588013
2828, 0.470234694017563, 2, 12.707200212869793, 92, 319099, 319099, 0.004469546489417553, 0.9750459790229797
2829, -0.7936780248419382, 2, 17.069288586732, 125, 319224, 319224, 0.0045144944451749325, 0.9759780168533325
2830, 0.2701048671733588, 2, 19.067598221823573, 140, 319364, 319364, 0.004596928600221872, 0.9694267511367798
2831, 1.1830756274575833, 2, 16.116281589958817, 118, 319482, 319482, 0.0043745036236941814, 0.9686388969421387
2832, 0.759618145377317, 2, 17.70714556099847, 130, 319612, 319612, 0.004492071457207203, 0.9724799990653992
2833, 0.6123341820202768, 2, 16.11768150795251, 118, 319730, 319730, 0.004617683589458466, 0.9619540572166443
2834, -0.4218324600951746, 2, 4.489092641044408, 30, 319760, 319760, 0.005094865802675486, 0.9817695021629333
2835, -0.6626417452935129, 2, 4.7966424389742315, 30, 319790, 319790, 0.004709652625024319, 0.9665704965591431
2836, 0.6670831914816517, 2, 18.081909171771258, 133, 319923, 319923, 0.004850365221500397, 0.9826772809028625
2837, 0.8792884516296908, 2, 14.25192056922242, 104, 320027, 320027, 0.0046048155054450035, 0.9809964895248413
2838, 0.6939820146653801, 2, 12.941199115011841, 94, 320121, 320121, 0.004794074688106775, 0.9648416638374329
2839, 0.11831451230682433, 2, 6.638191543985158, 46, 320167, 320167, 0.004493711516261101, 0.9709281325340271
2840, 0.8750911682727747, 2, 18.676063905935735, 137, 320304, 320304, 0.004615567624568939, 0.981360137462616
2841, 0.5248795708175749, 2, 7.78078869683668, 55, 320359, 320359, 0.004642883315682411, 0.9847872853279114
2842, 0.42616444476880133, 2, 9.94519092142582, 71, 320430, 320430, 0.004446227569133043, 0.9735456705093384
2843, 0.20481435302644968, 2, 16.537127966061234, 121, 320551, 320551, 0.004641530103981495, 0.9774767756462097
2844, 1.0198064463329501, 2, 16.800172886811197, 123, 320674, 320674, 0.004653127398341894, 0.9646576642990112
2845, 0.6692013963966019, 2, 17.361422937829047, 127, 320801, 320801, 0.004448834341019392, 0.983102023601532
2846, -0.15836801857221872, 2, 6.51490974240005, 45, 320846, 320846, 0.004589708987623453, 0.9745615720748901
2847, 1.2236373104497034, 2, 17.81148779997602, 131, 320977, 320977, 0.004389659501612186, 0.9699751138687134
2848, 0.7988398108282126, 2, 14.455228523816913, 105, 321082, 321082, 0.004483423195779324, 0.9824089407920837
2849, 0.7431364840595052, 2, 20.085666651371866, 148, 321230, 321230, 0.004633080214262009, 0.9761091470718384
2850, 0.35733775625703856, 2, 16.53862847108394, 121, 321351, 321351, 0.004635945428162813, 0.968061089515686
2851, 1.2461985883273883, 2, 16.40115946205333, 120, 321471, 321471, 0.004781660158187151, 0.9675754308700562
2852, 0.17979294690303504, 2, 12.85274751111865, 93, 321564, 321564, 0.004281328525394201, 0.974769651889801
2853, 1.0685195934529474, 2, 15.325405405834317, 112, 321676, 321676, 0.004472878761589527, 0.9745029211044312
2854, 0.3724217116541695, 2, 14.024423012975603, 102, 321778, 321778, 0.004592761863023043, 0.9768938422203064
2855, 0.2339768320089206, 2, 11.529656741768122, 83, 321861, 321861, 0.0044519430957734585, 0.9700791835784912
2856, 0.9667848072786001, 2, 16.818262867163867, 123, 321984, 321984, 0.00440825754776597, 0.9732735753059387
2857, -0.2551408539293334, 2, 8.373347114771605, 59, 322043, 322043, 0.004825087264180183, 0.9599043130874634
2858, -0.47165964485611767, 2, 5.44189311331138, 37, 322080, 322080, 0.004489014856517315, 0.9711847305297852
2859, 0.26485626643989235, 2, 17.05885127512738, 125, 322205, 322205, 0.004449606407433748, 0.9695362448692322
2860, -1.2384945186786354, 2, 6.505631823092699, 45, 322250, 322250, 0.004406070802360773, 0.9742531776428223
2861, -0.09394942465678469, 2, 15.324288927949965, 112, 322362, 322362, 0.00442016776651144, 0.9665936827659607
2862, 0.30796020064735785, 2, 19.310034923721105, 142, 322504, 322504, 0.0044183810241520405, 0.9753361940383911
2863, 0.36971422960050404, 2, 20.572570480871946, 151, 322655, 322655, 0.004440858494490385, 0.9711783528327942
2864, 0.49045279156416655, 2, 9.153956847731024, 65, 322720, 322720, 0.004691304638981819, 0.990706205368042
2865, 0.19883602997288108, 2, 5.042786399833858, 34, 322754, 322754, 0.0044205025769770145, 0.9868271946907043
2866, 1.0108706708997488, 2, 11.916307553648949, 86, 322840, 322840, 0.004817627836018801, 0.9711852669715881
2867, -0.06247534693102352, 2, 19.62877887301147, 144, 322984, 322984, 0.004529139026999474, 0.9645993709564209
2868, -0.8040241968119517, 2, 4.627912343945354, 31, 323015, 323015, 0.004686070140451193, 0.9506027102470398
2869, -1.03937618737109, 2, 4.528702970128506, 30, 323045, 323045, 0.00468116719275713, 0.950333833694458
2870, 0.12618335941806436, 2, 6.2581214010715485, 43, 323088, 323088, 0.004493373446166515, 0.962097704410553
2871, 0.23142329533584416, 2, 25.541793677024543, 189, 323277, 323277, 0.004551801830530167, 0.967039942741394
2872, 0.6746158835121605, 2, 14.853270192164928, 108, 323385, 323385, 0.004413362592458725, 0.9716412425041199
2873, 0.6513452386498102, 2, 17.702177953906357, 130, 323515, 323515, 0.004623322281986475, 0.974585235118866
2874, 0.8312190746655688, 2, 15.314544782042503, 112, 323627, 323627, 0.004512299783527851, 0.9670129418373108
2875, 0.5479317750487098, 2, 18.890467722900212, 139, 323766, 323766, 0.004692320711910725, 0.9636025428771973
2876, 0.14711833723049494, 2, 8.61905569722876, 61, 323827, 323827, 0.00448247604072094, 0.9717330932617188
2877, 0.9546814949717373, 2, 15.478581244591624, 113, 323940, 323940, 0.004431153181940317, 0.9697934985160828
2878, 0.6613978965397109, 2, 17.732003814075142, 130, 324070, 324070, 0.0046801576390862465, 0.9821793437004089
2879, 0.6494411697494797, 2, 14.88707802304998, 108, 324178, 324178, 0.004508214071393013, 0.9733660221099854
2880, -0.00038287421921268106, 2, 15.34932608064264, 112, 324290, 324290, 0.004713138099759817, 0.9528297185897827
2881, -0.3794262283554417, 2, 26.170609863940626, 194, 324484, 324484, 0.004748727194964886, 0.9660685658454895
2882, -0.2144999464508146, 2, 4.648079091217369, 31, 324515, 324515, 0.005060150753706694, 0.9572847485542297
2883, 0.6525506265024887, 2, 11.117267494089901, 80, 324595, 324595, 0.004637034144252539, 0.9740091562271118
2884, 0.21783216747280676, 2, 18.777005537878722, 138, 324733, 324733, 0.004978890996426344, 0.9662275314331055
2885, 1.0678935663891025, 2, 16.956281842663884, 124, 324857, 324857, 0.004663689527660608, 0.9748853445053101
2886, -0.4656197134172544, 2, 4.53073788434267, 30, 324887, 324887, 0.0045972829684615135, 0.9762048721313477
2887, 0.8103446948807687, 2, 14.671135491225868, 107, 324994, 324994, 0.004467204213142395, 0.9573217630386353
2888, 1.1087382873083698, 2, 17.744540309067816, 130, 325124, 325124, 0.004671608097851276, 0.9649410247802734
2889, 0.6832981314510107, 2, 13.922085568774492, 101, 325225, 325225, 0.004855185281485319, 0.9568315744400024
2890, 0.7587652302936476, 2, 17.443525072187185, 128, 325353, 325353, 0.004444524645805359, 0.9696488976478577
2891, -1.981183036492439, 4, 44.19160532113165, 330, 325683, 325683, 0.004633455071598291, 0.9728308320045471
2892, 0.03736489111906849, 2, 13.917846085038036, 101, 325784, 325784, 0.004784661810845137, 0.9709423780441284
2893, -0.30053113983012736, 2, 15.107657701242715, 110, 325894, 325894, 0.004710718523710966, 0.962680459022522
2894, -0.3171417962294072, 2, 8.456275855191052, 60, 325954, 325954, 0.004491857253015041, 0.9756368398666382
2895, 0.9145502040337306, 2, 14.950720224995166, 109, 326063, 326063, 0.004717160481959581, 0.9789860844612122
2896, 0.5799383941921405, 2, 12.183415598701686, 88, 326151, 326151, 0.0046028438955545425, 0.9710848331451416
2897, 0.6865438722306862, 2, 10.2376430160366, 73, 326224, 326224, 0.004561044275760651, 0.9647477269172668
2898, 0.9444517335541605, 2, 15.2526715551503, 111, 326335, 326335, 0.004503987729549408, 0.9661173224449158
2899, 0.1809756892034784, 2, 18.392140699084848, 135, 326470, 326470, 0.00452038086950779, 0.9707546830177307
2900, 0.15104300214443356, 2, 16.660855947993696, 122, 326592, 326592, 0.004624334163963795, 0.9717459678649902
2901, 0.5282750795595348, 2, 16.78292592987418, 123, 326715, 326715, 0.0048155696131289005, 0.9766190052032471
2902, 0.5079776921047596, 2, 16.713298179209232, 122, 326837, 326837, 0.004794946871697903, 0.9671757221221924
2903, 0.46234061241557356, 2, 20.256986596621573, 149, 326986, 326986, 0.004638200160115957, 0.977258563041687
2904, 0.6290117441676557, 2, 7.014453223906457, 49, 327035, 327035, 0.004591905977576971, 0.9803525805473328
2905, -0.4786505929478153, 2, 23.555608426686376, 174, 327209, 327209, 0.004338749218732119, 0.9723495841026306
2906, 0.9515409606683534, 2, 16.270614615175873, 119, 327328, 327328, 0.004377246368676424, 0.9681201577186584
2907, 0.8348652676941128, 2, 17.6451484747231, 129, 327457, 327457, 0.004473237786442041, 0.9646595120429993
2908, -0.5050493010785431, 2, 4.529355597682297, 30, 327487, 327487, 0.004570494405925274, 0.973058819770813
2909, 0.37581557559315115, 2, 5.5737482868134975, 38, 327525, 327525, 0.0048131863586604595, 0.9699032306671143
2910, 0.1582520556403324, 2, 5.155016420874745, 35, 327560, 327560, 0.004851588513702154, 0.9764719009399414
2911, 0.803295764431823, 2, 21.156909896992147, 156, 327716, 327716, 0.004598009400069714, 0.9751652479171753
2912, 0.644936681172112, 2, 14.974288189783692, 109, 327825, 327825, 0.0047771502286195755, 0.9702814817428589
2913, -0.557238456014602, 2, 34.28786539891735, 255, 328080, 328080, 0.004631768446415663, 0.9623216390609741
2914, 0.5327225087676197, 2, 7.926412590779364, 56, 328136, 328136, 0.004340505693107843, 0.9827377200126648
2915, -0.07756889067240991, 2, 16.022778957150877, 117, 328253, 328253, 0.00442148745059967, 0.9581172466278076
2916, 0.863315896014683, 2, 19.166406445670873, 141, 328394, 328394, 0.004772374872118235, 0.9655686020851135
2917, -0.9587670303881168, 2, 14.832464802078903, 108, 328502, 328502, 0.004604795947670937, 0.9670542478561401
2918, 0.8168005918123526, 2, 16.43211345281452, 120, 328622, 328622, 0.0044731139205396175, 0.97565758228302
2919, 0.915519506088458, 2, 14.834680730011314, 108, 328730, 328730, 0.0043578604236245155, 0.9646903276443481
2920, 0.6261454207997303, 2, 16.656097091268748, 122, 328852, 328852, 0.004761467222124338, 0.9673700928688049
2921, 0.7099627269199118, 2, 6.978876857087016, 49, 328901, 328901, 0.004617201630026102, 0.9643410444259644
2922, 0.880539555393625, 2, 18.371969326399267, 135, 329036, 329036, 0.004707522224634886, 0.9661266207695007
2923, 1.117834223434329, 2, 12.436839480884373, 90, 329126, 329126, 0.004395538009703159, 0.9669829607009888
2924, 0.1622251995431725, 2, 18.673232183326036, 137, 329263, 329263, 0.004561147652566433, 0.967250406742096
2925, -0.3231327749090269, 2, 4.924854448065162, 33, 329296, 329296, 0.004479649942368269, 0.9639809131622314
2926, 0.546943809138611, 2, 10.932889193762094, 79, 329375, 329375, 0.004463489167392254, 0.970785915851593
2927, 0.7133529614220606, 2, 17.04182765306905, 125, 329500, 329500, 0.004408635664731264, 0.9662221074104309
2928, 0.6433038621325977, 2, 22.235498807858676, 164, 329664, 329664, 0.004614131525158882, 0.9666551947593689
2929, -0.48193412041291595, 2, 4.4945488017983735, 30, 329694, 329694, 0.004207792226225138, 0.9769153594970703
2930, 0.0015420553972944617, 2, 8.089172810316086, 57, 329751, 329751, 0.004459090530872345, 0.9547790884971619
2931, 0.4583516080165282, 2, 4.472260599024594, 30, 329781, 329781, 0.004633441101759672, 0.9771639108657837
2932, 0.1255296515655573, 2, 22.362005405128002, 165, 329946, 329946, 0.0045334333553910255, 0.9715006351470947
2933, -3.4885054713513455, 2, 43.47041560290381, 324, 330270, 330270, 0.004501485265791416, 0.9700580835342407
2934, 0.16953545960132033, 2, 13.924076821189374, 101, 330371, 330371, 0.004740341100841761, 0.9761649370193481
2935, 0.8390705083729699, 2, 18.548844185192138, 136, 330507, 330507, 0.004521333612501621, 0.9632156491279602
2936, 1.1234252291033044, 2, 17.74610384600237, 130, 330637, 330637, 0.0044762068428099155, 0.9599794745445251
2937, -0.18776981276459992, 2, 5.446002417709678, 37, 330674, 330674, 0.0047518364153802395, 0.9741122126579285
2938, 0.723168197015184, 2, 18.112901663873345, 133, 330807, 330807, 0.004690549802035093, 0.9603692293167114
2939, 0.7015043211795273, 2, 15.382117330096662, 112, 330919, 330919, 0.004323611035943031, 0.96455317735672
2940, -0.7059095806907862, 2, 5.047455596271902, 34, 330953, 330953, 0.004513929598033428, 0.9599853754043579
2941, -0.0034203246468678117, 2, 6.631402638275176, 46, 330999, 330999, 0.00447507482022047, 0.9576495885848999
2942, -0.24335434171371162, 2, 8.58805081108585, 61, 331060, 331060, 0.004606285598129034, 0.9719318151473999
2943, 0.8534593232325278, 2, 15.716534920968115, 115, 331175, 331175, 0.004533352330327034, 0.967158317565918
2944, 0.8151308739325032, 2, 17.468639691360295, 128, 331303, 331303, 0.004328720271587372, 0.9768242835998535
2945, 0.9589596781297587, 2, 13.945053782779723, 101, 331404, 331404, 0.004404695238918066, 0.964821994304657
2946, 0.6591625557375664, 2, 14.578011807054281, 106, 331510, 331510, 0.004496159963309765, 0.9684464931488037
2947, 0.5640641853060515, 2, 9.297425126191229, 66, 331576, 331576, 0.004746866878122091, 0.9511271715164185
2948, -0.0455635990947485, 2, 9.838002032600343, 70, 331646, 331646, 0.004538030829280615, 0.9682245254516602
2949, -0.5926943070226116, 2, 24.51563422800973, 181, 331827, 331827, 0.0045660752803087234, 0.9679771065711975
2950, -0.29017209087032825, 2, 7.14428356429562, 50, 331877, 331877, 0.004665365908294916, 0.9666072130203247
2951, 0.5061102057807148, 2, 4.745533586945385, 32, 331909, 331909, 0.004303002264350653, 0.9735244512557983
2952, 1.0555594759061933, 2, 16.789322895929217, 123, 332032, 332032, 0.004561932757496834, 0.971257209777832
2953, 0.3851602695067413, 2, 15.189419265836477, 111, 332143, 332143, 0.00439835898578167, 0.9592180252075195
2954, 0.24591208988567814, 2, 16.839110939763486, 123, 332266, 332266, 0.004562803544104099, 0.9674052000045776
2955, -0.8022522242390551, 2, 27.13352316338569, 201, 332467, 332467, 0.004670590162277222, 0.968204915523529
2956, 0.635694855813199, 2, 16.718757247086614, 122, 332589, 332589, 0.00452569592744112, 0.9667670726776123
2957, 0.572971806046553, 2, 13.644928339868784, 99, 332688, 332688, 0.004504190292209387, 0.970378577709198
2958, -0.24492451280821115, 2, 6.885159393772483, 48, 332736, 332736, 0.004506443161517382, 0.953376829624176
2959, 0.2564607772510499, 2, 15.223904511891305, 111, 332847, 332847, 0.004414578899741173, 0.956489622592926
2960, -6.5217760015511885, 4, 44.127658574376255, 329, 333176, 333176, 0.004581057000905275, 0.9629842042922974
2961, 0.5293227137008216, 2, 6.611332116648555, 46, 333222, 333222, 0.004560278262943029, 0.9678149819374084
2962, 0.918200725922361, 2, 11.143610869999975, 80, 333302, 333302, 0.00452046375721693, 0.9597066640853882
2963, 0.0062775666592642665, 2, 4.488231483381242, 30, 333332, 333332, 0.004317260347306728, 0.9570290446281433
2964, 1.1334994819480926, 2, 16.947170553263277, 124, 333456, 333456, 0.004705994855612516, 0.9636070132255554
2965, 0.6922461391659454, 2, 10.444902084302157, 75, 333531, 333531, 0.00497436011210084, 0.9556646943092346
2966, 0.05312974285334349, 2, 7.74002791615203, 54, 333585, 333585, 0.004628973081707954, 0.9430086612701416
2967, 1.0032852650256245, 2, 18.95087883109227, 139, 333724, 333724, 0.004619133193045855, 0.9679343700408936
2968, 0.6276780727639562, 2, 9.9205582709983, 71, 333795, 333795, 0.004826814867556095, 0.9779005646705627
2969, 0.8942196947755292, 2, 17.998626512940973, 132, 333927, 333927, 0.004863305017352104, 0.9614315032958984
2970, 0.9815111595671624, 2, 12.455965118017048, 90, 334017, 334017, 0.0044274902902543545, 0.9643431901931763
2971, 0.7784980612486834, 2, 13.356107044965029, 97, 334114, 334114, 0.004893534351140261, 0.9658083319664001
2972, 0.0639235720736906, 2, 13.369207398965955, 97, 334211, 334211, 0.004642163403332233, 0.9566420912742615
2973, 0.1794791086576879, 2, 10.850957933347672, 78, 334289, 334289, 0.00458227563649416, 0.9516682624816895
2974, 0.9328683228959562, 2, 15.767186556011438, 115, 334404, 334404, 0.004562171641737223, 0.9676231145858765
2975, 0.5221033659763634, 2, 12.732142258901149, 92, 334496, 334496, 0.004616409074515104, 0.9625868797302246
2976, 0.769642623141408, 2, 13.00462063215673, 94, 334590, 334590, 0.004756259266287088, 0.9589401483535767
2977, 0.262376595988826, 2, 16.43112785415724, 120, 334710, 334710, 0.004874066915363073, 0.9631561636924744
2978, -9.251839220291004, 4, 44.09896975802258, 329, 335039, 335039, 0.004628391470760107, 0.9607005715370178
2979, -0.1550249052233994, 2, 16.673885382711887, 122, 335161, 335161, 0.00462947366759181, 0.9652135968208313
2980, 0.6090225894877221, 2, 12.835234625265002, 93, 335254, 335254, 0.004653363022953272, 0.9723222255706787
2981, 0.661362798884511, 2, 5.941192192956805, 41, 335295, 335295, 0.004607433453202248, 0.9397543668746948
2982, 0.19302378199063241, 2, 7.570568615105003, 53, 335348, 335348, 0.004379204474389553, 0.9731276035308838
2983, 0.8005045332247391, 2, 15.34127031126991, 112, 335460, 335460, 0.00435382965952158, 0.9537562131881714
2984, 0.6669773897156119, 2, 13.037020470015705, 94, 335554, 335554, 0.0047350418753921986, 0.9721792340278625
2985, -0.20029487751889974, 2, 9.416342397686094, 67, 335621, 335621, 0.004848150536417961, 0.9540082216262817
2986, 1.0078708626097068, 2, 9.376671107951552, 67, 335688, 335688, 0.004582448862493038, 0.9706388115882874
2987, 1.0118800608688616, 2, 18.54839912755415, 136, 335824, 335824, 0.004962049424648285, 0.9555045962333679
2988, 0.026404826203361154, 2, 7.683715968858451, 54, 335878, 335878, 0.004722308833152056, 0.9713088870048523
2989, -0.14414631063118577, 2, 4.490996730048209, 30, 335908, 335908, 0.005094073247164488, 0.9504693150520325
2990, 0.7825683043629397, 2, 17.453392535913736, 128, 336036, 336036, 0.004598102532327175, 0.9576494097709656
2991, 0.08180726016871631, 2, 5.1365763559006155, 35, 336071, 336071, 0.0046911113895475864, 0.9550320506095886
2992, 0.6934968387940899, 2, 9.931879820302129, 71, 336142, 336142, 0.004455154296010733, 0.9614748954772949
2993, -0.1349257887341082, 2, 4.496453777886927, 30, 336172, 336172, 0.004635276272892952, 0.9486335515975952
2994, 0.6071116513339803, 2, 9.375472120940685, 67, 336239, 336239, 0.004767279606312513, 0.9471928477287292
2995, 1.0513325560314115, 2, 15.660549176856875, 114, 336353, 336353, 0.00458953995257616, 0.9562489986419678
2996, 0.4707542802207172, 2, 9.18319666525349, 65, 336418, 336418, 0.004872571676969528, 0.9705316424369812
2997, 0.9327328153885901, 2, 9.953315982129425, 71, 336489, 336489, 0.004583369940519333, 0.9658456444740295
2998, 0.7174332807771862, 2, 20.501521801110357, 149, 336638, 336638, 0.004545670002698898, 0.9548935890197754
2999, 0.5995350280136336, 2, 12.081276915967464, 87, 336725, 336725, 0.004655430093407631, 0.951366662979126
3000, 0.7176673014182597, 2, 14.155377691611648, 103, 336828, 336828, 0.004702284932136536, 0.9625070691108704
3001, 0.4965652193495771, 2, 23.623008710797876, 174, 337002, 337002, 0.0048886509612202644, 0.9675340056419373
3002, 0.9758777784836639, 2, 17.643354212399572, 129, 337131, 337131, 0.004882227163761854, 0.963251531124115
3003, 1.1191137492710368, 2, 18.929515008814633, 139, 337270, 337270, 0.004698463249951601, 0.9498351216316223
3004, -0.467855469789356, 2, 5.031233322340995, 34, 337304, 337304, 0.004578572232276201, 0.9545312523841858
3005, 0.7989318962208927, 2, 11.654306615702808, 84, 337388, 337388, 0.00454047741368413, 0.9588266015052795
3006, 0.5639997797552496, 2, 7.656949784606695, 54, 337442, 337442, 0.00473414734005928, 0.9752623438835144
3007, -0.38645207753870636, 2, 9.29883354017511, 66, 337508, 337508, 0.00448077404871583, 0.9675756096839905
3008, 0.7992355526075698, 2, 16.85378807084635, 123, 337631, 337631, 0.0045166886411607265, 0.9590200781822205
3009, -1.1176512584206648, 2, 24.806594789028168, 183, 337814, 337814, 0.004827204626053572, 0.9705344438552856
3010, 0.5823240677491412, 2, 23.850938846357167, 176, 337990, 337990, 0.0045261075720191, 0.9628351330757141
3011, 0.8857492846436799, 2, 10.32245278172195, 74, 338064, 338064, 0.004653735551983118, 0.956128716468811
3012, -0.036483707604929805, 2, 5.295505771879107, 36, 338100, 338100, 0.004713741596788168, 0.9621365070343018
3013, -0.42099051165860146, 2, 5.17363611003384, 35, 338135, 338135, 0.00480411434546113, 0.9550387859344482
3014, 0.007724826049525291, 2, 14.325130932964385, 104, 338239, 338239, 0.004749418701976538, 0.9516438841819763
3015, 0.19077714101877064, 2, 6.001932952553034, 41, 338280, 338280, 0.00491509260609746, 0.9536572098731995
3016, 0.6615366006735712, 2, 15.757422959897667, 115, 338395, 338395, 0.00457959808409214, 0.9653497934341431
3017, 0.7678968530963175, 2, 17.718293231911957, 130, 338525, 338525, 0.0046883863396942616, 0.9623278975486755
3018, 0.7871083408826962, 2, 10.611791334114969, 76, 338601, 338601, 0.004647449124604464, 0.9694302082061768
3019, 0.4353530948937987, 2, 16.562907295767218, 121, 338722, 338722, 0.0045547992922365665, 0.9549816250801086
3020, 0.3861618194496259, 2, 17.07694180496037, 125, 338847, 338847, 0.004728411789983511, 0.9527043700218201
3021, 0.28286918927915394, 2, 5.020908490754664, 34, 338881, 338881, 0.004192288964986801, 0.9837185144424438
3022, -0.4422407541424036, 2, 5.281563822645694, 36, 338917, 338917, 0.004649060312658548, 0.9391520619392395
3023, 0.36262230065767653, 2, 15.220145800616592, 111, 339028, 339028, 0.0048084198497235775, 0.9533048272132874
3024, -0.20482816582079977, 2, 7.53440255811438, 53, 339081, 339081, 0.004644268192350864, 0.9737251400947571
3025, -0.3414415018633008, 2, 5.161212224047631, 35, 339116, 339116, 0.004525721073150635, 0.9616520404815674
3026, -0.7656319750531111, 2, 20.136005443986505, 148, 339264, 339264, 0.004525755066424608, 0.9604378938674927
3027, -0.4405695573659614, 2, 10.223034187685698, 73, 339337, 339337, 0.004566163755953312, 0.9568808674812317
3028, 0.4508877668558853, 2, 23.884022457059473, 176, 339513, 339513, 0.00473147863522172, 0.9642826318740845
3029, 1.242527229510415, 2, 16.46924594976008, 120, 339633, 339633, 0.004642232786864042, 0.9705019593238831
3030, 0.6275621938402764, 2, 15.80077428277582, 115, 339748, 339748, 0.004909874871373177, 0.9535415768623352
3031, 0.8170340078650042, 2, 13.105632537975907, 95, 339843, 339843, 0.004697076976299286, 0.9546456336975098
3032, 1.1063455088296905, 2, 17.905612492002547, 131, 339974, 339974, 0.0048446981236338615, 0.9625852108001709
3033, 0.6840827446430922, 2, 8.879623832181096, 63, 340037, 340037, 0.004700091667473316, 0.9655317664146423
3034, -1.7565714562078938, 2, 5.1946927877143025, 35, 340072, 340072, 0.004608388524502516, 0.9667317271232605
3035, 0.7697589200251969, 2, 17.993192160967737, 132, 340204, 340204, 0.00475713238120079, 0.9577703475952148
3036, 0.28171004921750864, 2, 20.218825058080256, 149, 340353, 340353, 0.004793413914740086, 0.9545720219612122
3037, 0.23288237561064307, 2, 18.230697530787438, 132, 340485, 340485, 0.004634789191186428, 0.9624106884002686
3038, 0.286301881656982, 2, 18.679765374865383, 137, 340622, 340622, 0.004610276781022549, 0.9587448239326477
3039, 0.5596106872690143, 2, 21.985391322057694, 162, 340784, 340784, 0.00451924791559577, 0.9602162837982178
3040, 0.8516653075739669, 2, 16.40842716116458, 120, 340904, 340904, 0.004702684935182333, 0.9590433239936829
3041, -0.10276599717326462, 2, 4.610714211128652, 31, 340935, 340935, 0.004448486026376486, 0.9473341703414917
3042, 0.8489704727253411, 2, 12.852582796942443, 93, 341028, 341028, 0.0046339575201272964, 0.9599094390869141
3043, 0.33226640638895333, 2, 6.454288583714515, 45, 341073, 341073, 0.004511043429374695, 0.9477428197860718
3044, 0.3889962531393394, 2, 6.235392907168716, 43, 341116, 341116, 0.004883619956672192, 0.9483320713043213
3045, 0.4205337424064055, 2, 20.135650579817593, 148, 341264, 341264, 0.004669765941798687, 0.9613159894943237
3046, 0.6901949960710283, 2, 22.47516262391582, 166, 341430, 341430, 0.00475136237218976, 0.9615634679794312
3047, 0.9445971438544802, 2, 18.078952072188258, 133, 341563, 341563, 0.004854176193475723, 0.9490857124328613
3048, 0.5005267855696047, 2, 19.089873358607292, 140, 341703, 341703, 0.004760852549225092, 0.9665523171424866
3049, 0.5582629517302848, 2, 8.07050796598196, 57, 341760, 341760, 0.004718507640063763, 0.9614555835723877
3050, 0.8753033705725102, 2, 14.967350840102881, 109, 341869, 341869, 0.0050097741186618805, 0.9576864838600159
3051, 0.81937692000065, 2, 11.091288087889552, 80, 341949, 341949, 0.004660195671021938, 0.9659258127212524
3052, 0.612802934148931, 2, 16.429626599885523, 120, 342069, 342069, 0.005079661961644888, 0.9559639096260071
3053, -0.10099386668298393, 2, 4.7823867201805115, 32, 342101, 342101, 0.005133933387696743, 0.9696862697601318
3054, 0.21360660495702177, 2, 7.050639720633626, 49, 342150, 342150, 0.004663906991481781, 0.958335280418396
3055, 0.8546355264379031, 2, 17.603086540009826, 129, 342279, 342279, 0.004629930946975946, 0.962502658367157
3056, 0.9429603973403573, 2, 12.293544149957597, 89, 342368, 342368, 0.004604774992913008, 0.9575461745262146
3057, -0.15393045856035315, 2, 19.476980433333665, 143, 342511, 342511, 0.004675460979342461, 0.9570090770721436
3058, -0.0015850103227421641, 2, 15.948874863330275, 116, 342627, 342627, 0.004431953653693199, 0.953180730342865
3059, -0.5041924552060664, 2, 27.968564653769135, 207, 342834, 342834, 0.004693754483014345, 0.9547982215881348
3060, 0.3910024367432925, 2, 16.54784242203459, 121, 342955, 342955, 0.004642911721020937, 0.9579523801803589
3061, 0.15767153806518763, 2, 4.65681764530018, 31, 342986, 342986, 0.004838467575609684, 0.94534832239151
3062, 0.23873387894127518, 2, 6.07878774497658, 42, 343028, 343028, 0.004806402139365673, 0.9460937976837158
3063, 0.4085405886544322, 2, 24.659248567186296, 182, 343210, 343210, 0.004562860820442438, 0.9531314373016357
3064, -0.08352336485404521, 2, 13.936413591727614, 101, 343311, 343311, 0.004601653199642897, 0.9484301209449768
3065, -0.506729329994414, 2, 10.550376211758703, 73, 343384, 343384, 0.004297920037060976, 0.9624254703521729
3066, 1.1481964624108514, 2, 20.681188280694187, 152, 343536, 343536, 0.00489845359697938, 0.9618785381317139
3067, -0.017615357413887978, 2, 7.02365686185658, 49, 343585, 343585, 0.004930975381284952, 0.949647843837738
3068, 0.29247675042643095, 2, 18.967700853012502, 139, 343724, 343724, 0.004618618171662092, 0.9644746780395508
3069, 0.24824698407610413, 2, 19.373449535109103, 142, 343866, 343866, 0.004789514001458883, 0.9602800607681274
3070, 0.7157305673572409, 2, 14.700581504963338, 107, 343973, 343973, 0.004760966170579195, 0.9622994065284729
3071, 0.47650599511689506, 2, 14.951657288707793, 109, 344082, 344082, 0.004951900336891413, 0.9619603753089905
3072, 0.4144482148185489, 2, 23.344162767287344, 172, 344254, 344254, 0.004704839084297419, 0.9556986689567566
3073, 0.7041952817180572, 2, 17.240045942831784, 126, 344380, 344380, 0.0044715809635818005, 0.9527167677879333
3074, 1.2703734893475485, 2, 15.66136524407193, 114, 344494, 344494, 0.004614247474819422, 0.9564108848571777
3075, 0.7233725638361648, 2, 14.023345620837063, 102, 344596, 344596, 0.004575591068714857, 0.9537606239318848
3076, 0.285246348939836, 2, 11.286521580070257, 81, 344677, 344677, 0.00448592146858573, 0.9530773162841797
3077, 0.2523577586725878, 2, 9.399710483849049, 67, 344744, 344744, 0.004732992500066757, 0.9566535353660583
3078, 0.5547251460375264, 2, 7.458184195216745, 50, 344794, 344794, 0.0047077215276658535, 0.9636810421943665
3079, 0.748101624310948, 2, 12.605764848180115, 91, 344885, 344885, 0.004693124443292618, 0.9569745659828186
3080, 0.3192546179780038, 2, 20.480107557959855, 150, 345035, 345035, 0.004697856493294239, 0.9589654803276062
3081, 0.7420444161725754, 2, 16.55081479297951, 121, 345156, 345156, 0.004674222320318222, 0.9624707698822021
3082, 0.6901883885584539, 2, 16.558525452855974, 121, 345277, 345277, 0.0045612044632434845, 0.9496154189109802
3083, 1.2228949806467426, 2, 17.53809093683958, 128, 345405, 345405, 0.0047117676585912704, 0.9613246917724609
3084, 0.5871852418640628, 2, 17.184888535179198, 124, 345529, 345529, 0.0046636974439024925, 0.9539127349853516
3085, 1.3036199843045324, 2, 16.581108844839036, 121, 345650, 345650, 0.004758953116834164, 0.9578312635421753
3086, 0.2253012639703229, 2, 4.876515564043075, 33, 345683, 345683, 0.004541561473160982, 0.9637882113456726
3087, 0.744939513358986, 2, 12.626248240936548, 91, 345774, 345774, 0.004698116797953844, 0.9587041735649109
3088, 0.7510114890756086, 2, 21.865777814295143, 161, 345935, 345935, 0.004589133430272341, 0.9666156768798828
3089, 0.5808339479845017, 2, 13.159594394266605, 95, 346030, 346030, 0.004593437537550926, 0.9494830369949341
3090, 0.8348342343233526, 2, 12.212482323870063, 88, 346118, 346118, 0.004562079440802336, 0.9597287774085999
3091, 0.3708944418904139, 2, 15.23405073583126, 111, 346229, 346229, 0.00464664539322257, 0.9526662826538086
3092, 0.28634527457893455, 2, 12.73361290898174, 92, 346321, 346321, 0.004633501637727022, 0.950986921787262
3093, 0.7385935779748252, 2, 8.107065164018422, 57, 346378, 346378, 0.004864488262683153, 0.9554640054702759
3094, 1.0632586660794914, 2, 16.936157087795436, 124, 346502, 346502, 0.004705140367150307, 0.9512571096420288
3095, 0.8819656411360484, 2, 17.161269239149988, 126, 346628, 346628, 0.004691826179623604, 0.9451977610588074
3096, 0.6088872844120488, 2, 13.828410260844976, 100, 346728, 346728, 0.004860726185142994, 0.9597107172012329
3097, 0.7554229750239756, 2, 14.33152513904497, 104, 346832, 346832, 0.0047350917011499405, 0.9491645097732544
3098, 0.5339696824084967, 2, 10.848624309990555, 78, 346910, 346910, 0.004558605141937733, 0.9550747275352478
3099, 0.7096387328347191, 2, 16.16384790604934, 118, 347028, 347028, 0.004832684528082609, 0.9518442749977112
3100, 0.4307796807261184, 2, 12.57588716596365, 91, 347119, 347119, 0.004659727215766907, 0.952445924282074
3101, 0.6296361612621695, 2, 9.009807122405618, 64, 347183, 347183, 0.004526679869741201, 0.9647234082221985
3102, -0.07375650794710964, 2, 4.791132857557386, 32, 347215, 347215, 0.004291091579943895, 0.9649847745895386
3103, 0.4503389063029317, 2, 19.472651553805918, 143, 347358, 347358, 0.004713610280305147, 0.9541308879852295
3104, 0.28657782392110676, 2, 9.9344398858957, 71, 347429, 347429, 0.004663481842726469, 0.948018491268158
3105, 0.7351657724138931, 2, 14.368078680243343, 104, 347533, 347533, 0.0047209495678544044, 0.9503351449966431
3106, 0.5093318060971797, 2, 15.767082553822547, 115, 347648, 347648, 0.0048426310531795025, 0.9530448317527771
3107, 0.7646867339499295, 2, 18.945699537172914, 139, 347787, 347787, 0.004710078705102205, 0.9501533508300781
3108, 0.5283324795309454, 2, 10.784046255983412, 77, 347864, 347864, 0.0050810035318136215, 0.9557557702064514
3109, -0.6104157131630927, 2, 6.116764302365482, 42, 347906, 347906, 0.0046079447492957115, 0.9618637561798096
3110, 0.7374996093330992, 2, 17.501580093987286, 128, 348034, 348034, 0.004986600950360298, 0.9617568254470825
3111, 0.16784378979355097, 2, 6.086236588191241, 42, 348076, 348076, 0.005114270839840174, 0.9338581562042236
3112, 0.13880046387203038, 2, 5.331677579320967, 36, 348112, 348112, 0.004587540403008461, 0.9433480501174927
3113, 0.34980229602297186, 2, 21.82593163382262, 161, 348273, 348273, 0.004639206454157829, 0.957036018371582
3114, 1.0533446128538344, 2, 17.64096861006692, 129, 348402, 348402, 0.004699668847024441, 0.9549288153648376
3115, 0.3425873095402494, 2, 14.39808380836621, 105, 348507, 348507, 0.004703644197434187, 0.9445207715034485
3116, 0.3907335351104848, 2, 20.882462481036782, 153, 348660, 348660, 0.0048567079938948154, 0.9467270970344543
3117, 0.8073291541804792, 2, 16.43012569984421, 120, 348780, 348780, 0.004962167702615261, 0.9510242938995361
3118, 0.4182691665555467, 2, 18.404716552235186, 135, 348915, 348915, 0.004870262928307056, 0.956899106502533
3119, 0.6262474776012823, 2, 14.546468846965581, 106, 349021, 349021, 0.004705965053290129, 0.9553917646408081
3120, 0.6316563051968842, 2, 17.537437175866216, 128, 349149, 349149, 0.004549671895802021, 0.9539132118225098
3121, 0.996093133231625, 2, 15.257949153892696, 111, 349260, 349260, 0.004788584541529417, 0.9451574087142944
3122, -0.043652635999023914, 2, 14.215299965348095, 103, 349363, 349363, 0.004746326245367527, 0.9492906928062439
3123, 0.6050787868734915, 2, 24.77022792492062, 183, 349546, 349546, 0.004678146913647652, 0.9366147518157959
3124, 1.0255663456919137, 2, 17.743549720849842, 130, 349676, 349676, 0.004601111635565758, 0.9513840079307556
3125, 0.11493550497107208, 2, 8.761476316023618, 62, 349738, 349738, 0.004945084452629089, 0.9464480876922607
3126, 0.7389061497451621, 2, 19.912635633256286, 146, 349884, 349884, 0.004800076130777597, 0.9449688792228699
3127, 0.6781800164026208, 2, 17.254582230001688, 126, 350010, 350010, 0.004750668536871672, 0.9492377638816833
3128, 1.0101218344334484, 2, 17.624137738719583, 129, 350139, 350139, 0.004679463338106871, 0.9469303488731384
3129, 0.7826117860386148, 2, 15.660067023709416, 114, 350253, 350253, 0.00472814729437232, 0.9471373558044434
3130, 0.364214833502956, 2, 21.575817027129233, 159, 350412, 350412, 0.0046068900264799595, 0.9526386260986328
3131, 0.46040933871336165, 2, 20.22762827668339, 149, 350561, 350561, 0.0050217523239552975, 0.9495269060134888
3132, -1.1058999493252486, 2, 4.494131223298609, 30, 350591, 350591, 0.005052053369581699, 0.9532051682472229
3133, 0.9967667803866789, 2, 16.705445469357073, 122, 350713, 350713, 0.004601114429533482, 0.9517843723297119
3134, -0.2420698400819674, 2, 5.299229383934289, 36, 350749, 350749, 0.004589902237057686, 0.9538800716400146
3135, -0.09524666354991496, 2, 8.339990914799273, 59, 350808, 350808, 0.004845962859690189, 0.9615598320960999
3136, 0.16668230198774836, 2, 23.468007339164615, 173, 350981, 350981, 0.004644311964511871, 0.9526054263114929
3137, 0.1148158818250522, 2, 5.297630931716412, 36, 351017, 351017, 0.005172345321625471, 0.9443213939666748
3138, -0.43085918098222464, 2, 5.3171890480443835, 36, 351053, 351053, 0.004991570487618446, 0.963327169418335
3139, -1.300292277126573, 2, 5.446056712884456, 37, 351090, 351090, 0.005304454360157251, 0.9441782832145691
3140, 0.5038005767855793, 2, 11.941061631310731, 86, 351176, 351176, 0.004935603588819504, 0.9514341354370117
3141, 0.5835199179418851, 2, 11.099192553199828, 80, 351256, 351256, 0.004696316085755825, 0.9519954919815063
3142, 0.6575211723684333, 2, 16.447208867873996, 120, 351376, 351376, 0.004756623413413763, 0.948871910572052
3143, 0.5945809342665598, 2, 18.66639381600544, 137, 351513, 351513, 0.004763599950820208, 0.9496484398841858
3144, 0.303731587366201, 2, 11.28428036114201, 81, 351594, 351594, 0.0044690766371786594, 0.9544323682785034
3145, 0.7122525040904293, 2, 18.1546184476465, 133, 351727, 351727, 0.004687260836362839, 0.9433621764183044
3146, 0.5463136238249717, 2, 21.186140186619014, 156, 351883, 351883, 0.004705626517534256, 0.9500128626823425
3147, -0.11843162798322737, 2, 23.563936731312424, 174, 352057, 352057, 0.004702338017523289, 0.9461441040039062
3148, -0.4120132480747998, 2, 5.320436884183437, 36, 352093, 352093, 0.004942862316966057, 0.9442815780639648
3149, -0.8405219920678064, 2, 6.719895591959357, 44, 352137, 352137, 0.004769281018525362, 0.9527775049209595
3150, 0.7456737633328885, 2, 9.966773437801749, 71, 352208, 352208, 0.00483977235853672, 0.9439623951911926
3151, 0.7524837078672135, 2, 17.77172772306949, 130, 352338, 352338, 0.004702311474829912, 0.9574674963951111
3152, 0.3056722233595792, 2, 20.264265714213252, 149, 352487, 352487, 0.0045268661342561245, 0.951886773109436
3153, 0.4263799613909214, 2, 15.758212747052312, 115, 352602, 352602, 0.004751579370349646, 0.9482166171073914
3154, 1.0353551470907405, 2, 13.246248562820256, 96, 352698, 352698, 0.004618960898369551, 0.9487740397453308
3155, 1.0566114137182012, 2, 19.37393011711538, 142, 352840, 352840, 0.004802368115633726, 0.9475020170211792
3156, -1.042915016063489, 2, 4.9310090420767665, 33, 352873, 352873, 0.0049232617020606995, 0.9275001287460327
3157, 0.34898843342307373, 2, 16.556323053315282, 121, 352994, 352994, 0.005018332507461309, 0.949114978313446
3158, 0.2169989637332037, 2, 11.009276549797505, 79, 353073, 353073, 0.004850904922932386, 0.9503851532936096
3159, -0.0038720385637134314, 2, 8.083331825211644, 57, 353130, 353130, 0.004972489085048437, 0.9546095728874207
3160, 0.28229361888952553, 2, 5.565788070205599, 38, 353168, 353168, 0.004496595356613398, 0.9453110098838806
3161, 0.84967949509155, 2, 18.09930845722556, 133, 353301, 353301, 0.004988294560462236, 0.9446252584457397
3162, -0.4186329391086474, 2, 7.910871105268598, 53, 353354, 353354, 0.004455747548490763, 0.9471836686134338
3163, 0.08484328887425363, 2, 5.294128694105893, 36, 353390, 353390, 0.004445427563041449, 0.9477684497833252
3164, 0.909209451667266, 2, 14.707785521168262, 107, 353497, 353497, 0.005053995177149773, 0.9550116062164307
3165, 0.2532858196645975, 2, 5.033726360183209, 34, 353531, 353531, 0.00460022920742631, 0.946972131729126
3166, 0.2977429415623192, 2, 20.809009089134634, 153, 353684, 353684, 0.004941395949572325, 0.9449192881584167
3167, 0.8426093786401907, 2, 15.448031446896493, 111, 353795, 353795, 0.004760963376611471, 0.9534995555877686
3168, 1.087240003689658, 2, 15.850421155802906, 115, 353910, 353910, 0.004714081529527903, 0.9497603178024292
3169, -0.18709089592084638, 2, 24.244352112989873, 179, 354089, 354089, 0.004861660301685333, 0.9516403079032898
3170, 0.14106195002023014, 2, 14.460011242888868, 105, 354194, 354194, 0.004691020119935274, 0.948943018913269
3171, -0.09987999382428825, 2, 5.669359124265611, 39, 354233, 354233, 0.005079385358840227, 0.9499341249465942
3172, 1.4083797373605194, 2, 14.190375167876482, 103, 354336, 354336, 0.004721831530332565, 0.9419852495193481
3173, -0.2887423331849277, 2, 12.734008349012583, 92, 354428, 354428, 0.004742669407278299, 0.9509113430976868
3174, 0.3422975620487705, 2, 12.085730965714902, 87, 354515, 354515, 0.004689258057624102, 0.9411417841911316
3175, -0.14636945619713515, 2, 4.489213035907596, 30, 354545, 354545, 0.004821945913136005, 0.9496076107025146
3176, 1.0978701404528692, 2, 18.54692076984793, 136, 354681, 354681, 0.0049337539821863174, 0.9410440325737
3177, -0.038309077732264996, 2, 7.304164469242096, 51, 354732, 354732, 0.004952664021402597, 0.93953537940979
3178, 0.481236058716604, 2, 18.478934133891016, 135, 354867, 354867, 0.0049641854129731655, 0.9519355893135071
3179, 0.70555933212745, 2, 15.624139379244298, 114, 354981, 354981, 0.00493907043710351, 0.9370322227478027
3180, 0.46198887133505195, 2, 15.395505437161773, 110, 355091, 355091, 0.005176732316613197, 0.9576416015625
3181, 1.0723886140622199, 2, 16.850226470269263, 123, 355214, 355214, 0.00466011930257082, 0.944604754447937
3182, 0.2900986518652644, 2, 21.276598919648677, 156, 355370, 355370, 0.004700804594904184, 0.9527857899665833
3183, 0.5171551581006497, 2, 9.807047173846513, 70, 355440, 355440, 0.004846688825637102, 0.939878523349762
3184, 0.7302326163044199, 2, 11.228510946035385, 81, 355521, 355521, 0.004709996748715639, 0.9443865418434143
3185, -0.04270092357182875, 2, 6.122440478764474, 42, 355563, 355563, 0.004900698084384203, 0.9441403746604919
3186, 0.15116838191170245, 2, 15.528371669817716, 113, 355676, 355676, 0.004714929033070803, 0.947063148021698
3187, -0.5717852590605617, 2, 14.950441143941134, 109, 355785, 355785, 0.004626604728400707, 0.9468362927436829
3188, 0.4176098388270475, 2, 17.354780105873942, 127, 355912, 355912, 0.00479085510596633, 0.9512690305709839
3189, 0.5000834258898976, 2, 21.491427382919937, 158, 356070, 356070, 0.0046025956980884075, 0.9470510482788086
3190, 0.9809450152679347, 2, 19.149801964871585, 140, 356210, 356210, 0.005080423783510923, 0.9377041459083557
3191, 1.0171541953459382, 2, 15.500359475146979, 113, 356323, 356323, 0.004675027448683977, 0.9461609721183777
3192, 1.0574378102464834, 2, 17.07600034913048, 125, 356448, 356448, 0.004579212982207537, 0.9449371695518494
3193, 0.4861702681519091, 2, 14.054749037139118, 102, 356550, 356550, 0.004663717932999134, 0.9446921944618225
3194, 0.15198667894583195, 2, 7.81756810285151, 55, 356605, 356605, 0.005025567952543497, 0.9473303556442261
3195, -0.13864573306636885, 2, 21.20766589883715, 156, 356761, 356761, 0.004711479879915714, 0.9487829804420471
3196, 0.9528492299141362, 2, 13.563561350572854, 98, 356859, 356859, 0.00490540312603116, 0.9507554769515991
3197, 0.44612176813097904, 2, 14.040266737807542, 102, 356961, 356961, 0.004674226976931095, 0.9500870108604431
3198, 0.9061144542647526, 2, 17.77166635496542, 130, 357091, 357091, 0.004863628186285496, 0.9445640444755554
3199, -0.16420821773499483, 2, 9.204635753296316, 65, 357156, 357156, 0.004800239112228155, 0.9456019401550293
3200, 0.6936305164126679, 2, 16.19504860090092, 118, 357274, 357274, 0.004539269022643566, 0.9417068958282471
3201, 1.0017983618890867, 2, 8.73746202327311, 62, 357336, 357336, 0.004587181378155947, 0.9396023750305176
3202, 1.1329582050675526, 2, 16.857665953226388, 123, 357459, 357459, 0.004752000328153372, 0.9572680592536926
3203, 0.7262248176848516, 2, 16.67748835682869, 122, 357581, 357581, 0.004885404370725155, 0.9503172636032104
3204, 0.5848973365500569, 2, 15.965525061357766, 116, 357697, 357697, 0.0048155090771615505, 0.9413803815841675
3205, 1.0775148887187243, 2, 8.752704112324864, 62, 357759, 357759, 0.004861221183091402, 0.9353853464126587
3206, 0.4456498170038685, 2, 10.044737908057868, 72, 357831, 357831, 0.004916970618069172, 0.9484187364578247
3207, -0.08186443271188182, 2, 20.078116660006344, 147, 357978, 357978, 0.004601567052304745, 0.9387086629867554
3208, 0.8127751030042418, 2, 13.539338828064501, 98, 358076, 358076, 0.004953556228429079, 0.9429575204849243
3209, 0.3663545789386262, 2, 19.474595870822668, 143, 358219, 358219, 0.00476938346400857, 0.944563090801239
3210, 0.8133632412645966, 2, 16.173001449089497, 118, 358337, 358337, 0.00481267599388957, 0.9558948874473572
3211, 0.17185736261308193, 2, 6.113644940778613, 42, 358379, 358379, 0.004919454921036959, 0.9513535499572754
3212, 1.24124130315613, 2, 17.806006432976574, 130, 358509, 358509, 0.004789003636687994, 0.9404757022857666
3213, 0.7644886998746188, 2, 16.5728787262924, 121, 358630, 358630, 0.0049337162636220455, 0.9417341351509094
3214, 0.8356790725447354, 2, 18.583484474103898, 136, 358766, 358766, 0.004853087477385998, 0.9497848749160767
3215, 0.7414554604911245, 2, 13.282337229233235, 96, 358862, 358862, 0.0050038606859743595, 0.9503538608551025
3216, 0.5586139889419428, 2, 21.44511259207502, 158, 359020, 359020, 0.00481119379401207, 0.9515234231948853
3217, 1.0432144056539983, 2, 15.932319280225784, 116, 359136, 359136, 0.004687663167715073, 0.9461132287979126
3218, 0.7103460805374198, 2, 16.442803509067744, 120, 359256, 359256, 0.004794505424797535, 0.9517235159873962
3219, -0.020252023241482675, 2, 6.7489497610367835, 47, 359303, 359303, 0.004815308842808008, 0.9406794309616089
3220, 0.43831901042722166, 2, 17.661465622019023, 129, 359432, 359432, 0.004558282904326916, 0.9369044303894043
3221, 0.06262043566675857, 2, 16.192053444683552, 118, 359550, 359550, 0.004790260922163725, 0.9492698907852173
3222, 0.973174270009622, 2, 11.245966284070164, 81, 359631, 359631, 0.0049515352584421635, 0.9439263939857483
3223, 1.1828819248476066, 2, 14.733844457194209, 107, 359738, 359738, 0.004582501016557217, 0.9509676098823547
3224, 1.427430779876886, 2, 14.857999509200454, 108, 359846, 359846, 0.004705843981355429, 0.954144299030304
3225, 0.8718329825787805, 2, 15.929287961218506, 116, 359962, 359962, 0.00463926512748003, 0.9459567666053772
3226, 0.09802270773798227, 2, 4.52869775518775, 30, 359992, 359992, 0.004878293257206678, 0.9342651963233948
3227, -0.8440593801205978, 2, 8.081270205788314, 57, 360049, 360049, 0.004875706043094397, 0.9446257948875427
3228, 0.4894046824192628, 2, 13.96565783303231, 101, 360150, 360150, 0.00457755196839571, 0.9461255073547363
3229, 0.7663371485105017, 2, 19.183036476839334, 141, 360291, 360291, 0.004626060836017132, 0.947117805480957
3230, 1.0705122235121962, 2, 15.910631571896374, 116, 360407, 360407, 0.004669979680329561, 0.9510132074356079
3231, 0.4626694967155345, 2, 13.374682715628296, 97, 360504, 360504, 0.0045651341788470745, 0.9396414160728455
3232, 0.43526006501633674, 2, 11.51647269492969, 83, 360587, 360587, 0.004650409799069166, 0.941707193851471
3233, 0.9617744749266421, 2, 17.622896642889827, 129, 360716, 360716, 0.004873811732977629, 0.9445304274559021
3234, 0.9122633420920465, 2, 17.92431263718754, 131, 360847, 360847, 0.00472152978181839, 0.944608747959137
3235, 0.6431848877109587, 2, 19.319330039899796, 142, 360989, 360989, 0.004844819661229849, 0.9490976333618164
3236, -0.7558673108069343, 2, 24.073838884942234, 177, 361166, 361166, 0.00459627527743578, 0.9431340098381042
3237, -0.31562874039809685, 2, 27.26415204303339, 201, 361367, 361367, 0.0046808673068881035, 0.9397485852241516
3238, -1.628070181934163, 2, 4.544425847008824, 30, 361397, 361397, 0.004648725967854261, 0.9382790923118591
3239, 0.8600278923622682, 2, 17.5403200853616, 128, 361525, 361525, 0.004791706334799528, 0.9396693110466003
3240, 0.5399197234073654, 2, 12.380932851228863, 89, 361614, 361614, 0.004601155873388052, 0.9426294565200806
3241, -0.08216135983821005, 2, 7.437224152032286, 52, 361666, 361666, 0.004680665209889412, 0.9560142159461975
3242, 0.773014344231342, 2, 15.254147926345468, 111, 361777, 361777, 0.004650503862649202, 0.9599705338478088
3243, 0.9894796051084995, 2, 10.734373813960701, 77, 361854, 361854, 0.004893437027931213, 0.9462547898292542
3244, 0.4318038201308809, 2, 18.027409243863076, 132, 361986, 361986, 0.004738164134323597, 0.9365305304527283
3245, -0.24759663536679, 2, 17.244075279217213, 126, 362112, 362112, 0.004696335643529892, 0.9484452605247498
3246, 0.7435111459635664, 2, 16.222867855336517, 118, 362230, 362230, 0.0043736114166677, 0.946122944355011
3247, 0.19389800869248575, 2, 20.27054054616019, 149, 362379, 362379, 0.004638594575226307, 0.9470108151435852
3248, -0.35937905346963817, 2, 30.502533297985792, 226, 362605, 362605, 0.004704169929027557, 0.9426705837249756
3249, -0.40375684825266944, 2, 37.8612144459039, 281, 362886, 362886, 0.004724125377833843, 0.9463198781013489
3250, 0.7721407482167706, 2, 18.323683210182935, 134, 363020, 363020, 0.004749614745378494, 0.9471249580383301
3251, 0.15559763896817458, 2, 25.980622220318764, 192, 363212, 363212, 0.0048180497251451015, 0.9438190460205078
3252, 0.3240933895976923, 2, 27.611927018966526, 204, 363416, 363416, 0.0047274185344576836, 0.9498392939567566
3253, 0.8236920938652474, 2, 17.91246264008805, 131, 363547, 363547, 0.004537707194685936, 0.9410066604614258
3254, 1.0556493044350646, 2, 19.633833769708872, 144, 363691, 363691, 0.005008192732930183, 0.9433786869049072
3255, 0.5914499725040514, 2, 21.775316865183413, 160, 363851, 363851, 0.00459751021116972, 0.9402254223823547
3256, 0.7873941451543942, 2, 8.874385112896562, 63, 363914, 363914, 0.004535289015620947, 0.9409762024879456
3257, -0.38484580811928026, 2, 19.99325637286529, 147, 364061, 364061, 0.004689272027462721, 0.9396524429321289
3258, 0.7804670003533829, 2, 20.046522095333785, 147, 364208, 364208, 0.004592293407768011, 0.9349355697631836
3259, 0.9994436926208436, 2, 14.874530057888478, 108, 364316, 364316, 0.004685035906732082, 0.927868127822876
3260, 0.4727862738072872, 2, 6.75644757412374, 47, 364363, 364363, 0.004342241678386927, 0.9581243395805359
3261, 0.8602846930443775, 2, 15.54734121216461, 113, 364476, 364476, 0.004543236456811428, 0.9431821703910828
3262, 0.5127855244791135, 2, 6.239923811983317, 43, 364519, 364519, 0.004765279591083527, 0.9461784958839417
3263, 0.4674150468199514, 2, 20.073712235782295, 147, 364666, 364666, 0.004559183493256569, 0.9416890144348145
3264, -0.4412141495849937, 2, 5.9533462901599705, 41, 364707, 364707, 0.004481876734644175, 0.9523434638977051
3265, 0.12676183262374252, 2, 4.922504834830761, 33, 364740, 364740, 0.004719428718090057, 0.959786057472229
3266, -0.5615591019159183, 2, 7.040870833210647, 49, 364789, 364789, 0.004975633695721626, 0.9472341537475586
3267, 0.26301109713313053, 2, 13.797237845137715, 100, 364889, 364889, 0.004709201864898205, 0.9407795071601868
3268, 0.7761161936250573, 2, 17.223861306905746, 126, 365015, 365015, 0.005079274531453848, 0.9426441788673401
3269, -0.3843152776826173, 2, 4.925756368786097, 33, 365048, 365048, 0.004997111391276121, 0.937918484210968
3270, -0.15364876575767994, 2, 5.430703764781356, 37, 365085, 365085, 0.004652928560972214, 0.9353346824645996
3271, 1.0214369483292103, 2, 9.169885827228427, 65, 365150, 365150, 0.004748193081468344, 0.9321577548980713
3272, 0.3693619219120592, 2, 4.5473368228413165, 30, 365180, 365180, 0.0048062438145279884, 0.9518756866455078
3273, -0.12850347913627047, 2, 23.47514604497701, 173, 365353, 365353, 0.004792438820004463, 0.9443022608757019
3274, -0.45023346203379333, 2, 5.852468158118427, 40, 365393, 365393, 0.004914543591439724, 0.9539853930473328
3275, 0.7450244118226692, 2, 16.63108980236575, 121, 365514, 365514, 0.004745198879390955, 0.9417765140533447
3276, 0.6673498458694667, 2, 16.341041572391987, 119, 365633, 365633, 0.0049195000901818275, 0.9249883890151978
3277, -0.3662517257616855, 2, 17.003226642031223, 124, 365757, 365757, 0.004779932554811239, 0.949105441570282
3278, 0.9417748720152304, 2, 9.691754224244505, 69, 365826, 365826, 0.004924232605844736, 0.9512970447540283
3279, 0.7608870478579774, 2, 15.38281180523336, 112, 365938, 365938, 0.004525022115558386, 0.9513453841209412
3280, 0.27793741726054577, 2, 16.32843677792698, 119, 366057, 366057, 0.004619826562702656, 0.9371356964111328
3281, 0.14036960829980671, 2, 5.52961915358901, 38, 366095, 366095, 0.004776754416525364, 0.9355965852737427
3282, 0.7775949213537388, 2, 14.720931332092732, 107, 366202, 366202, 0.0046334899961948395, 0.9547688961029053
3283, 0.12227178900502622, 2, 5.605693188030273, 38, 366240, 366240, 0.004589245654642582, 0.9444860219955444
3284, 1.0496684062527493, 2, 16.349537228234112, 119, 366359, 366359, 0.004947217181324959, 0.9505773186683655
3285, 0.6427450805495027, 2, 15.672666396945715, 114, 366473, 366473, 0.004700550343841314, 0.9473206996917725
3286, 0.1406667415285483, 2, 10.886142807081342, 78, 366551, 366551, 0.004947316367179155, 0.9494112730026245
3287, 0.2909297494334169, 2, 18.476802931167185, 135, 366686, 366686, 0.004806667100638151, 0.9480693936347961
3288, -1.2775858716631774, 2, 36.515201149042696, 271, 366957, 366957, 0.0046920375898480415, 0.9411896467208862
3289, 0.6269554560713004, 2, 18.394540562294424, 135, 367092, 367092, 0.004721508361399174, 0.948893666267395
3290, -0.008619049069238827, 2, 4.534736372064799, 30, 367122, 367122, 0.005114955361932516, 0.9282923936843872
3291, 0.8577242517494597, 2, 18.433009955100715, 135, 367257, 367257, 0.004778936505317688, 0.9444974660873413
3292, 0.04700629260332789, 2, 13.202049859799445, 95, 367352, 367352, 0.004786254838109016, 0.9512578845024109
3293, 0.1451612307587311, 2, 25.752016689628363, 188, 367540, 367540, 0.004590593744069338, 0.9477885365486145
3294, 0.6688672212912934, 2, 16.078209820669144, 116, 367656, 367656, 0.00497383251786232, 0.9390767216682434
3295, 0.6394510490645189, 2, 14.73882935103029, 107, 367763, 367763, 0.004761726129800081, 0.9407787919044495
3296, 1.1732594158966094, 2, 16.74721471592784, 122, 367885, 367885, 0.0046850242651999, 0.9397871494293213
3297, 0.33157152669446077, 2, 22.334063233807683, 164, 368049, 368049, 0.004880882333964109, 0.9388344287872314
3298, 0.9222326449526008, 2, 17.982255384791642, 131, 368180, 368180, 0.004717077594250441, 0.942739725112915
3299, 0.9714636668431922, 2, 17.6436618110165, 129, 368309, 368309, 0.004841682966798544, 0.9431641101837158
3300, 0.5465037332614884, 2, 16.037933538202196, 117, 368426, 368426, 0.004806371871381998, 0.9411156177520752
3301, 0.4946173092648678, 2, 19.410921551752836, 142, 368568, 368568, 0.005015559960156679, 0.9442272186279297
3302, 0.11025017802603543, 2, 17.275736124720424, 126, 368694, 368694, 0.004959550220519304, 0.9475403428077698
3303, -2.3622959346685093, 2, 30.291316926945, 224, 368918, 368918, 0.004775324370712042, 0.941009521484375
3304, -4.457485197664937, 2, 42.23987810406834, 314, 369232, 369232, 0.004822286311537027, 0.939885139465332
3305, 0.5987283726572059, 2, 15.826336259022355, 113, 369345, 369345, 0.0047327871434390545, 0.9520237445831299
3306, -0.4138116384856403, 2, 5.469554514624178, 37, 369382, 369382, 0.004966555628925562, 0.9180081486701965
3307, 0.7006895732411067, 2, 18.054383080918342, 132, 369514, 369514, 0.004783298820257187, 0.9330024123191833
3308, -0.04871163305506343, 2, 19.946661964058876, 146, 369660, 369660, 0.004667232744395733, 0.9398451447486877
3309, 0.8099562035640702, 2, 7.041443872265518, 49, 369709, 369709, 0.0047017852775752544, 0.9432125687599182
3310, 1.1031872861949523, 2, 16.201121419202536, 118, 369827, 369827, 0.005003760568797588, 0.9462637305259705
3311, 1.0576515638676938, 2, 18.070990432053804, 132, 369959, 369959, 0.00471032690256834, 0.93617844581604
3312, 0.3395939558977261, 2, 9.84003820689395, 70, 370029, 370029, 0.004430877510458231, 0.9558535814285278
3313, -0.7321331918938085, 2, 4.650796602945775, 31, 370060, 370060, 0.004937426187098026, 0.9550109505653381
3314, 0.6372994050616398, 2, 14.093939225655049, 102, 370162, 370162, 0.0044995518401265144, 0.9531727433204651
3315, 0.6363643367367331, 2, 15.141007749829441, 110, 370272, 370272, 0.00482644559815526, 0.9403105974197388
3316, 1.0825436482264195, 2, 17.86491847364232, 131, 370403, 370403, 0.004742719233036041, 0.9348458051681519
3317, 0.5825687795586418, 2, 18.582445403095335, 136, 370539, 370539, 0.004617323167622089, 0.9426302909851074
3318, 1.0043431124067865, 2, 13.047290303744376, 94, 370633, 370633, 0.004716368857771158, 0.9281759858131409
3319, -0.4253441172186285, 2, 5.460116568021476, 37, 370670, 370670, 0.005113847088068724, 0.9360008239746094
3320, 0.18792694830335677, 2, 11.271408389788121, 81, 370751, 370751, 0.004741041921079159, 0.9362414479255676
3321, 0.8520842769939918, 2, 16.45848830183968, 120, 370871, 370871, 0.0048640817403793335, 0.9318131804466248
3322, 0.4765151961473748, 2, 5.45945606008172, 37, 370908, 370908, 0.004813866689801216, 0.9227299094200134
3323, 1.0272684906085487, 2, 17.14305780082941, 125, 371033, 371033, 0.004626155365258455, 0.946098268032074
3324, 0.7742071783868596, 2, 16.77354800887406, 122, 371155, 371155, 0.004587117116898298, 0.9308323860168457
3325, 0.4164775769095286, 2, 20.37506433064118, 149, 371304, 371304, 0.004688138607889414, 0.934717059135437
3326, -1.423740929341875, 2, 5.687999753747135, 39, 371343, 371343, 0.00468281889334321, 0.9497859477996826
3327, -0.38530987629201263, 2, 10.219410746823996, 73, 371416, 371416, 0.004812687169760466, 0.9297069311141968
3328, 0.6945364689454436, 2, 14.738336995709687, 107, 371523, 371523, 0.004886834882199764, 0.9455713033676147
3329, -0.24272797571029514, 2, 16.226547345053405, 118, 371641, 371641, 0.004871779587119818, 0.940582811832428
3330, 0.5535398247884586, 2, 20.335378610994667, 149, 371790, 371790, 0.004929664544761181, 0.9323714375495911
3331, 0.7849476230039727, 2, 19.22841788129881, 141, 371931, 371931, 0.004832767881453037, 0.9387221336364746
3332, -7.29009244509507, 2, 41.627342210151255, 309, 372240, 372240, 0.004863624460995197, 0.9339820146560669
3333, 0.8972401465289295, 2, 9.430586753878742, 67, 372307, 372307, 0.004631593357771635, 0.9377686977386475
3334, 0.9298953741090372, 2, 15.019396087154746, 109, 372416, 372416, 0.004858031868934631, 0.9282740354537964
3335, 0.17678489966783673, 2, 12.753781695384532, 92, 372508, 372508, 0.005211502779275179, 0.9422603845596313
3336, -0.15118929918389767, 2, 4.900491799693555, 33, 372541, 372541, 0.004993366543203592, 0.9345929026603699
3337, 0.946472577546956, 2, 14.20775319216773, 103, 372644, 372644, 0.0048654344864189625, 0.9354141354560852
3338, 0.13804889718085178, 2, 20.831569996662438, 153, 372797, 372797, 0.0047615584917366505, 0.9296081066131592
3339, 1.1281370328506455, 2, 14.477907882072031, 105, 372902, 372902, 0.004981979262083769, 0.9264829158782959
3340, 0.9655759781599045, 2, 14.214194474276155, 103, 373005, 373005, 0.004892182536423206, 0.9408942461013794
3341, 0.6932330911513418, 2, 17.49824185296893, 128, 373133, 373133, 0.005036356393247843, 0.930131733417511
3342, 0.15908588748425245, 2, 4.91109608206898, 33, 373166, 373166, 0.004638174548745155, 0.9455932378768921
3343, -0.5760778622934595, 2, 8.323071961756796, 59, 373225, 373225, 0.0047213053330779076, 0.9363082647323608
3344, 0.938864673837088, 2, 15.27180756488815, 111, 373336, 373336, 0.005156758241355419, 0.9351913928985596
3345, 0.9629130751709454, 2, 18.440722874365747, 135, 373471, 373471, 0.004837443120777607, 0.9505550861358643
3346, -0.34000233840197325, 2, 6.424014451913536, 44, 373515, 373515, 0.0054051848128438, 0.9349720478057861
3347, 0.2461301205912605, 2, 8.485059435945004, 60, 373575, 373575, 0.005152931436896324, 0.9326378703117371
3348, 0.8344849964196328, 2, 16.408639357890934, 119, 373694, 373694, 0.00502238841727376, 0.9373496770858765
3349, -0.26796882576309144, 2, 9.15278532076627, 65, 373759, 373759, 0.005116316489875317, 0.9415954351425171
3350, 0.2914108728291467, 2, 13.165029240772128, 95, 373854, 373854, 0.004954642150551081, 0.9304960370063782
3351, 0.2901054630019644, 2, 20.57415026286617, 151, 374005, 374005, 0.004921362269669771, 0.946865439414978
3352, -3.598036555427825, 4, 44.181849126238376, 328, 374333, 374333, 0.004861568100750446, 0.9359331130981445
3353, 0.7742866270127706, 2, 15.451881758868694, 112, 374445, 374445, 0.004883728455752134, 0.932219922542572
3354, 0.8182295229562442, 2, 15.95931333815679, 116, 374561, 374561, 0.004882816690951586, 0.9400372505187988
3355, -0.5669971439056098, 2, 6.403702883049846, 44, 374605, 374605, 0.005019079893827438, 0.936289370059967
3356, -0.8634478760650381, 2, 4.661816054023802, 31, 374636, 374636, 0.004584390204399824, 0.9618724584579468
3357, 0.6397450885851867, 2, 17.324569191783667, 126, 374762, 374762, 0.0049523403868079185, 0.9374188184738159
3358, 0.4652284897165373, 2, 13.56390236178413, 96, 374858, 374858, 0.004804953001439571, 0.9417967200279236
3359, 0.7521012763609178, 2, 16.452747695613652, 120, 374978, 374978, 0.0047790901735424995, 0.9291970133781433
3360, -1.0301926746033132, 2, 4.523402823135257, 30, 375008, 375008, 0.00471483264118433, 0.9488649964332581
3361, -0.04791975273110438, 2, 17.751061875838786, 130, 375138, 375138, 0.004742961376905441, 0.9290429949760437
3362, 0.00811408384470269, 2, 19.944797249045223, 146, 375284, 375284, 0.00470803352072835, 0.9372220039367676
3363, 0.6442110445350409, 2, 16.452319789212197, 120, 375404, 375404, 0.004877785686403513, 0.9383125305175781
3364, 0.4120840823452454, 2, 19.126351927872747, 140, 375544, 375544, 0.004717111121863127, 0.9320306777954102
3365, 0.9962012819009942, 2, 20.743382341694087, 152, 375696, 375696, 0.004830673802644014, 0.9340224862098694
3366, 1.032259766041534, 2, 17.114930164068937, 125, 375821, 375821, 0.004869542550295591, 0.9299193620681763
3367, 0.020330378069047583, 2, 25.898191085085273, 191, 376012, 376012, 0.004740484058856964, 0.9374307990074158
3368, 0.2817323034396395, 2, 17.6491617327556, 129, 376141, 376141, 0.005048306193202734, 0.9416669607162476
3369, 0.7814921363024041, 2, 10.213370952755213, 73, 376214, 376214, 0.005035923328250647, 0.9327826499938965
3370, 0.8658662592570181, 2, 17.24698811629787, 126, 376340, 376340, 0.004901108797639608, 0.9329303503036499
3371, 0.9494788893644, 2, 17.756259799934924, 130, 376470, 376470, 0.004769911523908377, 0.9405151009559631
3372, -0.5782567877322435, 2, 4.6299509960226715, 31, 376501, 376501, 0.005837647709995508, 0.9235994815826416
3373, 0.19130718719679862, 2, 8.23425561003387, 58, 376559, 376559, 0.005155735649168491, 0.9424045085906982
3374, 1.1006885430542752, 2, 17.28140379814431, 126, 376685, 376685, 0.004805849865078926, 0.9471846222877502
3375, 0.39699501887662336, 2, 12.9206473371014, 93, 376778, 376778, 0.004874890204519033, 0.9245366454124451
3376, 0.7717252026486676, 2, 10.630855069961399, 76, 376854, 376854, 0.004757666029036045, 0.9352004528045654
3377, 0.7814680024312111, 2, 17.92459756694734, 131, 376985, 376985, 0.004684189800173044, 0.9343836903572083
3378, 0.9061363491891825, 2, 16.865283634979278, 123, 377108, 377108, 0.0049392846412956715, 0.9356619119644165
3379, -3.5641996830381686, 2, 39.67470883112401, 295, 377403, 377403, 0.004897404462099075, 0.9369441866874695
3380, 0.6680862578505185, 2, 18.009840971324593, 132, 377535, 377535, 0.004987209104001522, 0.9287615418434143
3381, 0.6524941321063125, 2, 18.739693012088537, 137, 377672, 377672, 0.005163023713976145, 0.9381008744239807
3382, 0.3818316138042519, 2, 15.725804784335196, 114, 377786, 377786, 0.0047362204641103745, 0.9405580759048462
3383, 0.9136345349252224, 2, 13.823059159796685, 100, 377886, 377886, 0.004680831916630268, 0.9347163438796997
3384, 0.9375765645381762, 2, 17.647203089203686, 129, 378015, 378015, 0.005010097287595272, 0.9432602524757385
3385, -0.7197013435270492, 2, 28.89975286088884, 213, 378228, 378228, 0.0049050054512917995, 0.9328644871711731
3386, 0.29012837272603065, 2, 12.09356924565509, 87, 378315, 378315, 0.004916754085570574, 0.9263960123062134
3387, -0.6190692908130586, 2, 6.127670229878277, 42, 378357, 378357, 0.0050447131507098675, 0.9386542439460754
3388, 0.8656733071547933, 2, 18.743077476974577, 135, 378492, 378492, 0.004843144677579403, 0.9408648014068604
3389, 0.6620351768933688, 2, 21.660674219951034, 159, 378651, 378651, 0.0047698491252958775, 0.9392223954200745
3390, 0.24510744123836048, 2, 16.491636476945132, 120, 378771, 378771, 0.004902778659015894, 0.9343916773796082
3391, -0.18570693489164114, 2, 9.020099915098399, 64, 378835, 378835, 0.005164910573512316, 0.9399264454841614
3392, 1.1641699571628124, 2, 16.107002096250653, 117, 378952, 378952, 0.0049911257810890675, 0.9301328659057617
3393, 0.48844379058573395, 2, 9.055320168379694, 64, 379016, 379016, 0.005426269490271807, 0.9382424354553223
3394, 0.2246052500559017, 2, 4.799528257921338, 32, 379048, 379048, 0.004729064181447029, 0.9286506772041321
3395, 1.2124827324296348, 2, 16.73430600296706, 122, 379170, 379170, 0.00501629151403904, 0.9333028197288513
3396, 0.7474805269157514, 2, 11.187029578257352, 80, 379250, 379250, 0.004791336599737406, 0.9447188377380371
3397, 0.8554572328546328, 2, 22.15249381866306, 163, 379413, 379413, 0.004903292283415794, 0.9350365996360779
3398, -0.13157122465781868, 2, 14.735044858418405, 107, 379520, 379520, 0.004705079365521669, 0.9383803606033325
3399, 0.08566675567999482, 2, 5.44648919114843, 37, 379557, 379557, 0.005173001904040575, 0.9251977205276489
3400, 0.15610254649072886, 2, 9.301089262124151, 66, 379623, 379623, 0.004833100363612175, 0.9416660070419312
3401, 0.6880221088649705, 2, 18.092824801802635, 132, 379755, 379755, 0.004729978274554014, 0.9279163479804993
3402, 1.0034474285930628, 2, 18.8661513091065, 138, 379893, 379893, 0.004852954763919115, 0.9346104264259338
3403, -0.054689820419298485, 2, 9.565741878934205, 68, 379961, 379961, 0.005127144046127796, 0.9254710078239441
3404, 0.5651133440696867, 2, 19.54363734368235, 143, 380104, 380104, 0.005117050837725401, 0.9322319626808167
3405, -0.42899646470323205, 2, 4.512000467162579, 30, 380134, 380134, 0.004554891027510166, 0.9347695708274841
3406, -0.0352457866538316, 2, 4.5006816033273935, 30, 380164, 380164, 0.004894176032394171, 0.9065850973129272
3407, -5.084697564132512, 4, 44.14305124524981, 328, 380492, 380492, 0.004868744872510433, 0.9353611469268799
3408, -0.31680688657797873, 2, 11.81540559232235, 85, 380577, 380577, 0.004808799829334021, 0.9226107597351074
3409, 0.9615876178722829, 2, 15.520685903728008, 113, 380690, 380690, 0.004957031924277544, 0.9293196201324463
3410, 0.6967903860058868, 2, 16.33956892695278, 119, 380809, 380809, 0.004893068689852953, 0.932643711566925
3411, 0.2543084849603474, 2, 5.4350041868165135, 37, 380846, 380846, 0.004597987048327923, 0.9511622786521912
3412, 0.279789465093927, 2, 18.639273837208748, 136, 380982, 380982, 0.004895046353340149, 0.9402090907096863
3413, 0.7787599482107908, 2, 13.274430699180812, 96, 381078, 381078, 0.005165683571249247, 0.9287511706352234
3414, 0.3328762777382508, 2, 11.707299071364105, 84, 381162, 381162, 0.005051145795732737, 0.9414108991622925
3415, 0.6975229512318037, 2, 14.273566344287246, 103, 381265, 381265, 0.004878703970462084, 0.9260180592536926
3416, 0.2764263145800214, 2, 18.506659043952823, 135, 381400, 381400, 0.004940573126077652, 0.9286608695983887
3417, 0.10271967713379127, 2, 21.393950960598886, 157, 381557, 381557, 0.005010198801755905, 0.9376491904258728
3418, 0.7342301294993376, 2, 17.268163533881307, 126, 381683, 381683, 0.004875039681792259, 0.9396755695343018
3419, 0.7924013766460121, 2, 9.966854274272919, 71, 381754, 381754, 0.00478353351354599, 0.9400396347045898
3420, -0.309482058219146, 2, 17.66440229304135, 129, 381883, 381883, 0.004889907781034708, 0.9340159296989441
3421, 0.2463397451210767, 2, 6.339537627063692, 44, 381927, 381927, 0.00483762426301837, 0.9210073351860046
3422, 0.07898358954116702, 2, 5.589247121009976, 38, 381965, 381965, 0.005076257977634668, 0.9255840182304382
3423, 0.936859114211984, 2, 10.757857447955757, 77, 382042, 382042, 0.004952889401465654, 0.9262499213218689
3424, 0.7022800990307587, 2, 20.34423755062744, 149, 382191, 382191, 0.005163488443940878, 0.937801718711853
3425, -0.2246778454282321, 2, 4.537108335644007, 30, 382221, 382221, 0.00479905167594552, 0.9379985928535461
3426, 0.7123339993995614, 2, 16.459298104979098, 120, 382341, 382341, 0.004906054120510817, 0.9324597120285034
3427, 0.4795894487469923, 2, 15.200350261293352, 110, 382451, 382451, 0.005124242510646582, 0.9349159002304077
3428, 0.9164326563477516, 2, 13.561564872972667, 98, 382549, 382549, 0.005069836042821407, 0.9232474565505981
3429, 0.8059477311326191, 2, 15.379833556246012, 112, 382661, 382661, 0.004808432888239622, 0.9295957684516907
3430, 0.8080895123566734, 2, 15.818950627930462, 115, 382776, 382776, 0.005046729929745197, 0.928930938243866
3431, 1.0209340742076165, 2, 16.62039397424087, 121, 382897, 382897, 0.004837341606616974, 0.9419475197792053
3432, 0.19297135445958702, 2, 20.4781959541142, 150, 383047, 383047, 0.0048718745820224285, 0.9363709688186646
3433, -0.7028219456551597, 2, 4.644873173907399, 31, 383078, 383078, 0.004852661397308111, 0.9347224235534668
3434, -0.31159032806317555, 2, 23.379572870209813, 172, 383250, 383250, 0.004870002157986164, 0.93523770570755
3435, 0.3349276587832719, 2, 16.362633623648435, 119, 383369, 383369, 0.005365145858377218, 0.9390510320663452
3436, 0.43564086031983607, 2, 17.03774308320135, 124, 383493, 383493, 0.005130859091877937, 0.9365524053573608
3437, -0.26438037340994924, 2, 7.072944005951285, 49, 383542, 383542, 0.004868360701948404, 0.9441696405410767
3438, -0.9866219271207228, 2, 5.054566931910813, 34, 383576, 383576, 0.0048088314943015575, 0.9293493628501892
3439, -3.224767063433319, 2, 43.08272881200537, 320, 383896, 383896, 0.005169161595404148, 0.9302622079849243
3440, 0.9345126754487865, 2, 16.865657689981163, 123, 384019, 384019, 0.005030956584960222, 0.9341092109680176
3441, 0.14437690225895494, 2, 5.8363293670117855, 40, 384059, 384059, 0.004867220763117075, 0.9326574206352234
3442, 0.9048719003039878, 2, 15.432290088851005, 112, 384171, 384171, 0.004853378981351852, 0.9242457747459412
3443, -0.22311104991968023, 2, 36.962216414976865, 274, 384445, 384445, 0.005022570490837097, 0.9349377751350403
3444, 0.3380755779489846, 2, 24.096725611947477, 177, 384622, 384622, 0.004832135979086161, 0.9333680868148804
3445, -1.3685146609786898, 2, 4.917107196059078, 33, 384655, 384655, 0.005022074095904827, 0.9222090840339661
3446, 0.8426437918533338, 2, 12.759631799068302, 92, 384747, 384747, 0.004827790893614292, 0.9507009387016296
3447, 0.06412581086624414, 2, 7.078879014123231, 49, 384796, 384796, 0.004998976830393076, 0.9338372945785522
3448, -0.004669287940487266, 2, 10.354150152765214, 74, 384870, 384870, 0.00481997337192297, 0.9417369961738586
3449, 0.7374974812846631, 2, 14.74212573794648, 107, 384977, 384977, 0.005003009457141161, 0.9378984570503235
3450, -0.6601912213752712, 2, 22.07845584396273, 162, 385139, 385139, 0.004990184213966131, 0.9222443103790283
3451, 0.7725622485158965, 2, 15.646705755963922, 113, 385252, 385252, 0.004919377621263266, 0.9339751601219177
3452, 0.3684790579136461, 2, 14.990446398034692, 109, 385361, 385361, 0.00505644828081131, 0.9260951280593872
3453, 0.7606092659989372, 2, 17.054673010017723, 124, 385485, 385485, 0.0050029209814965725, 0.9270346760749817
3454, 0.8960691927350126, 2, 18.051911912392825, 132, 385617, 385617, 0.00482886703684926, 0.9394059181213379
3455, 0.21947231341619045, 2, 4.953427344094962, 33, 385650, 385650, 0.004922900814563036, 0.9352188110351562
3456, 1.0042626736685634, 2, 8.336973700206727, 59, 385709, 385709, 0.005059667397290468, 0.9322324395179749
3457, -1.173613769118674, 2, 5.069113263394684, 34, 385743, 385743, 0.005093378480523825, 0.932326078414917
3458, -0.44564882398117334, 2, 4.521313814911991, 30, 385773, 385773, 0.0047972421161830425, 0.9320006966590881
3459, 0.9165355627192184, 2, 15.976752816699445, 116, 385889, 385889, 0.004760158248245716, 0.9357885718345642
3460, 0.5842000307748094, 2, 18.513700103852898, 135, 386024, 386024, 0.004962577950209379, 0.9361420273780823
3461, 1.2140241239976604, 2, 13.534661470912397, 98, 386122, 386122, 0.005052229855209589, 0.9335790872573853
3462, 0.13106143767072354, 2, 16.23153180303052, 118, 386240, 386240, 0.005066269543021917, 0.9431650042533875
3463, -0.023142900483890116, 2, 19.261445355135947, 141, 386381, 386381, 0.005003214813768864, 0.9378975033760071
3464, 0.6009092385647818, 2, 19.945855381898582, 146, 386527, 386527, 0.0047021107748150826, 0.9396544098854065
3465, 0.7901285957559594, 2, 18.237732950598, 133, 386660, 386660, 0.0049119326286017895, 0.9265983700752258
3466, 0.9900122394174105, 2, 16.635704738087952, 121, 386781, 386781, 0.004985317122191191, 0.9402108192443848
3467, -0.7622272599255666, 2, 4.775398675352335, 32, 386813, 386813, 0.004699681885540485, 0.9475140571594238
3468, -1.773147142957896, 2, 5.8911702409386635, 40, 386853, 386853, 0.004695490002632141, 0.9372735023498535
3469, -0.0355061471418594, 2, 20.424871861934662, 149, 387002, 387002, 0.0049166432581841946, 0.9224012494087219
3470, 0.21594967923738295, 2, 21.03919842792675, 154, 387156, 387156, 0.005067021586000919, 0.9344138503074646
3471, 0.909748633770505, 2, 17.635120172984898, 129, 387285, 387285, 0.004852619022130966, 0.9346866607666016
3472, 0.6024032027344219, 2, 14.887893824838102, 108, 387393, 387393, 0.004839448258280754, 0.93169105052948
3473, -0.0020968809258192778, 2, 4.554566416889429, 30, 387423, 387423, 0.004682966973632574, 0.9350650906562805
3474, 0.843776504334528, 2, 19.17510861903429, 140, 387563, 387563, 0.005235395859926939, 0.9370485544204712
3475, -0.0009262589592253789, 2, 4.518457164056599, 30, 387593, 387593, 0.004769794177263975, 0.9410524964332581
3476, 0.6164834327064455, 2, 12.471456730738282, 90, 387683, 387683, 0.005078969523310661, 0.931968629360199
3477, 0.7793900999240577, 2, 10.498726824764162, 75, 387758, 387758, 0.004848322365432978, 0.92795330286026
3478, 0.8396343623535358, 2, 17.273956238292158, 126, 387884, 387884, 0.004800884053111076, 0.9284875392913818
3479, 0.548663578252274, 2, 16.26222347235307, 118, 388002, 388002, 0.005082911811769009, 0.9291527271270752
3480, 0.7171945729828622, 2, 17.15990934893489, 125, 388127, 388127, 0.004888917785137892, 0.9308136701583862
3481, 1.0224310532394156, 2, 19.85450970614329, 145, 388272, 388272, 0.005142965354025364, 0.9357541799545288
3482, 0.4484647046774626, 2, 5.730397130828351, 39, 388311, 388311, 0.005094026681035757, 0.9316703677177429
3483, 0.7289635186170926, 2, 16.648648316971958, 121, 388432, 388432, 0.00504244863986969, 0.9377583861351013
3484, 0.31993856369444984, 2, 23.081678413785994, 169, 388601, 388601, 0.004831574857234955, 0.9338986277580261
3485, 0.8836683343397453, 2, 11.361043519340456, 81, 388682, 388682, 0.004804850090295076, 0.9277418255805969
3486, 0.28854430339924875, 2, 20.336872099898756, 149, 388831, 388831, 0.004905945621430874, 0.9359716773033142
3487, 0.7559263844741508, 2, 11.040663296822459, 79, 388910, 388910, 0.004755611531436443, 0.9400430917739868
3488, 0.7269681072648382, 2, 18.77730624610558, 137, 389047, 389047, 0.004907460883259773, 0.9260064363479614
3489, 0.9040747186518274, 2, 17.17969876388088, 125, 389172, 389172, 0.0048906379379332066, 0.9339236617088318
3490, 0.9590600574156269, 2, 13.72050200914964, 99, 389271, 389271, 0.00481230765581131, 0.9286695718765259
3491, 0.4375720306270523, 2, 20.877765698824078, 153, 389424, 389424, 0.004884180147200823, 0.9280490279197693
3492, 1.21591974736657, 2, 13.394459791015834, 97, 389521, 389521, 0.004943554755300283, 0.9228872656822205
3493, -0.34306648084202607, 2, 22.881176315248013, 168, 389689, 389689, 0.00493864668533206, 0.9277797937393188
3494, 0.5248846732720267, 2, 18.08557956898585, 132, 389821, 389821, 0.004735227208584547, 0.9190070629119873
3495, 0.29995525386038935, 2, 22.314366519916803, 163, 389984, 389984, 0.005238959565758705, 0.9322116374969482
3496, 0.5292341658860096, 2, 22.114797664806247, 162, 390146, 390146, 0.005015221424400806, 0.928232729434967
3497, 0.08551342491409741, 2, 12.926772558130324, 93, 390239, 390239, 0.004849825985729694, 0.9321683049201965
3498, 0.7195661665173247, 2, 10.55567102599889, 75, 390314, 390314, 0.004788440652191639, 0.9362028241157532
3499, 0.8603269350569462, 2, 18.39632125105709, 134, 390448, 390448, 0.004871170502156019, 0.9224953055381775
3500, 0.9009529402392218, 2, 16.59607642283663, 121, 390569, 390569, 0.0049582598730921745, 0.9372590184211731
3501, 0.7159386678831652, 2, 18.471276269759983, 135, 390704, 390704, 0.005002068821340799, 0.9213888645172119
3502, 0.7868176170741208, 2, 18.67620056308806, 136, 390840, 390840, 0.004879689309746027, 0.9416563510894775
3503, 0.7812910845423175, 2, 17.680521558970213, 129, 390969, 390969, 0.004927073139697313, 0.9203628301620483
3504, 0.7902784572215751, 2, 11.574062366969883, 83, 391052, 391052, 0.0046361275017261505, 0.9315361380577087
3505, 0.44663057080470026, 2, 6.633524208795279, 46, 391098, 391098, 0.004635176621377468, 0.946351170539856
3506, 0.4987201956100762, 2, 7.568024961743504, 53, 391151, 391151, 0.00500871054828167, 0.9321343302726746
3507, 0.8243902515387163, 2, 15.06670331582427, 109, 391260, 391260, 0.004910340066999197, 0.9196039438247681
3508, 1.1261451116297394, 2, 11.968481582123786, 86, 391346, 391346, 0.0049171969294548035, 0.9269210696220398
3509, 0.37509793060598895, 2, 17.49652532907203, 127, 391473, 391473, 0.004901573993265629, 0.9475991725921631
3510, 1.201373739822884, 2, 11.153755438048393, 80, 391553, 391553, 0.004395092837512493, 0.944460391998291
3511, 0.9947260008193552, 2, 14.473172217141837, 105, 391658, 391658, 0.00479626189917326, 0.9409710764884949
3512, 0.8066724701784551, 2, 22.766518672928214, 167, 391825, 391825, 0.005103220697492361, 0.9297643303871155
3513, 0.7002910125302151, 2, 14.649320886004716, 106, 391931, 391931, 0.0050785294733941555, 0.9182801842689514
3514, 0.26896264335664455, 2, 17.182848022785038, 125, 392056, 392056, 0.004969932604581118, 0.9336123466491699
3515, 0.3679145771311596, 2, 4.522742848377675, 30, 392086, 392086, 0.00552199175581336, 0.9301219582557678
3516, 0.5505446298629977, 2, 22.589844100177288, 166, 392252, 392252, 0.004877230618149042, 0.9320117831230164
3517, 0.3294501905911602, 2, 16.09766043489799, 117, 392369, 392369, 0.004845039919018745, 0.9306342005729675
3518, 0.5041104197734967, 2, 8.094469803851098, 54, 392423, 392423, 0.0049005537293851376, 0.9100903868675232
3519, 0.8575282949022949, 2, 16.629481942392886, 121, 392544, 392544, 0.004659687634557486, 0.9227579236030579
3520, 0.5048464315914316, 2, 16.66881335200742, 121, 392665, 392665, 0.0047115543857216835, 0.9350259304046631
3521, 0.9741124702559318, 2, 18.478476643096656, 135, 392800, 392800, 0.004869778174906969, 0.9302955269813538
3522, 0.0068712718930328265, 2, 14.486554572358727, 105, 392905, 392905, 0.004993475042283535, 0.9175973534584045
3523, -1.359400550602004, 2, 15.169787648133934, 110, 393015, 393015, 0.004868231248110533, 0.9249092936515808
3524, 0.7108677520882338, 2, 17.268318554386497, 126, 393141, 393141, 0.00509371655061841, 0.9234366416931152
3525, 0.43293033554800786, 2, 18.254966201726347, 133, 393274, 393274, 0.004832420032471418, 0.9229223728179932
3526, 0.6572959988261573, 2, 13.72633163118735, 99, 393373, 393373, 0.004719061776995659, 0.9386479258537292
3527, 0.9032993872533552, 2, 14.768318086862564, 107, 393480, 393480, 0.004694699309766293, 0.9316837191581726
3528, 0.8456827380578034, 2, 19.84115233598277, 145, 393625, 393625, 0.0049520679749548435, 0.928337037563324
3529, -0.16600773762911558, 2, 5.472884891089052, 37, 393662, 393662, 0.004829482641071081, 0.936570942401886
3530, 0.056351881474256516, 2, 5.574557204730809, 38, 393700, 393700, 0.004790653940290213, 0.9323007464408875
3531, 0.631641706218943, 2, 10.635956139303744, 76, 393776, 393776, 0.005173432175070047, 0.9156401753425598
3532, -0.3337399323936552, 2, 5.342930779792368, 36, 393812, 393812, 0.004967768210917711, 0.9088999629020691
3533, 0.651993311708793, 2, 18.200599049218, 133, 393945, 393945, 0.004994273651391268, 0.9270191788673401
3534, 0.8065247876802459, 2, 18.112376139033586, 132, 394077, 394077, 0.004845659248530865, 0.9230502247810364
3535, 1.0003691115834954, 2, 15.546569007914513, 113, 394190, 394190, 0.004751413129270077, 0.9322165250778198
3536, 0.6951086820336059, 2, 17.04552968405187, 124, 394314, 394314, 0.004779846407473087, 0.9315531849861145
3537, 0.9195870629046112, 2, 14.373780854977667, 104, 394418, 394418, 0.00483314972370863, 0.9326554536819458
3538, -1.0403879821533337, 2, 4.544723684899509, 30, 394448, 394448, 0.004813884850591421, 0.9362167119979858
3539, 0.624697660561651, 2, 17.728432011324912, 129, 394577, 394577, 0.004789863713085651, 0.9294613003730774
3540, 0.01444897932742606, 2, 22.449476367793977, 164, 394741, 394741, 0.005334122572094202, 0.9251493811607361
3541, 0.839040823324467, 2, 10.978465363848954, 78, 394819, 394819, 0.0050532701425254345, 0.9277442693710327
3542, 1.3016664860624587, 2, 16.226992272306234, 116, 394935, 394935, 0.004499549977481365, 0.9403612613677979
3543, 0.16136138036381453, 2, 4.545616056304425, 30, 394965, 394965, 0.004776031244546175, 0.943998396396637
3544, 0.8294438026787248, 2, 16.656618693843484, 121, 395086, 395086, 0.005212017800658941, 0.919084906578064
3545, 0.21684287674725056, 2, 5.433253759983927, 37, 395123, 395123, 0.0051106675527989864, 0.9150725603103638
3546, 0.7240527372341603, 2, 8.247616062872112, 58, 395181, 395181, 0.00516630569472909, 0.9141727685928345
3547, 1.0575740779895568, 2, 15.928314215037972, 116, 395297, 395297, 0.00493532745167613, 0.9296197295188904
3548, 0.7555478740250692, 2, 8.248383909929544, 58, 395355, 395355, 0.004822281189262867, 0.9238445162773132
3549, 0.9828313181133126, 2, 16.103364137001336, 117, 395472, 395472, 0.00516469543799758, 0.9301380515098572
3550, 0.8249479899241123, 2, 18.10350402398035, 132, 395604, 395604, 0.005323485471308231, 0.9284342527389526
3551, 0.9464120501143043, 2, 17.283642957918346, 126, 395730, 395730, 0.005202823784202337, 0.9360193610191345
3552, 0.9664821599144489, 2, 8.339010612107813, 59, 395789, 395789, 0.004935046657919884, 0.9153379797935486
3553, 1.1251914028835017, 2, 15.29941096669063, 111, 395900, 395900, 0.005071843508630991, 0.9193052649497986
3554, 0.4862658578203991, 2, 5.876396844629198, 40, 395940, 395940, 0.0051382784731686115, 0.920324444770813
3555, -1.3037807999644428, 2, 4.524813572876155, 30, 395970, 395970, 0.005447295028716326, 0.9582078456878662
3556, 0.7379376416793093, 2, 11.319065963849425, 81, 396051, 396051, 0.0050625004805624485, 0.9241229295730591
3557, 0.19125169166363776, 2, 9.19167796196416, 65, 396116, 396116, 0.004787401761859655, 0.9290573596954346
3558, 0.6868074923058884, 2, 12.124585893936455, 87, 396203, 396203, 0.005309097934514284, 0.9155176877975464
3559, 0.7967608201652183, 2, 13.581644179299474, 98, 396301, 396301, 0.004959614481776953, 0.9229141473770142
3560, 0.7051535378268454, 2, 14.613158772699535, 106, 396407, 396407, 0.004768252372741699, 0.9245747923851013
3561, 0.6369845731387613, 2, 19.756722731981426, 145, 396552, 396552, 0.004834210500121117, 0.921935498714447
3562, 0.1963608148507774, 2, 4.527214994188398, 30, 396582, 396582, 0.004998537711799145, 0.924466073513031
3563, 0.3348496916878503, 2, 18.994509038049728, 139, 396721, 396721, 0.00475530419498682, 0.925315260887146
3564, 0.9345129486755468, 2, 12.219893144909292, 88, 396809, 396809, 0.005186805967241526, 0.9381542801856995
3565, 0.7062344034202397, 2, 17.824142777826637, 130, 396939, 396939, 0.004981721751391888, 0.9345088005065918
3566, 1.1091795551164978, 2, 18.173420106060803, 132, 397071, 397071, 0.0049990275874733925, 0.9201970100402832
3567, 1.022787310066633, 2, 17.675889539066702, 129, 397200, 397200, 0.005133011378347874, 0.9170210361480713
3568, 0.34472984257081407, 2, 17.86510001309216, 130, 397330, 397330, 0.004813652019947767, 0.9355394244194031
3569, 0.8688188155501848, 2, 19.960784058086574, 146, 397476, 397476, 0.004802410025149584, 0.9213212132453918
3570, 0.43594655581318875, 2, 22.350571538787335, 164, 397640, 397640, 0.005153917707502842, 0.932215690612793
3571, 1.0301952412119135, 2, 18.47286854404956, 135, 397775, 397775, 0.005085511598736048, 0.9226282238960266
3572, 0.1621347216423601, 2, 4.825114286970347, 32, 397807, 397807, 0.00505337119102478, 0.9185073971748352
3573, 0.8282185773496167, 2, 17.462466679979116, 127, 397934, 397934, 0.0048234849236905575, 0.922809362411499
3574, 0.8639509389468003, 2, 17.937602601014078, 131, 398065, 398065, 0.004760778974741697, 0.9218356013298035
3575, 0.9490157461259514, 2, 15.068709447979927, 109, 398174, 398174, 0.004790955688804388, 0.9137680530548096
3576, 0.8563684730324894, 2, 19.01885605743155, 139, 398313, 398313, 0.005214171949774027, 0.9247119426727295
3577, 0.8043885830848012, 2, 18.640651449095458, 136, 398449, 398449, 0.004854382015764713, 0.9218326807022095
3578, 0.2660332234809175, 2, 5.756207950878888, 39, 398488, 398488, 0.005300250370055437, 0.9505237936973572
3579, 1.0227428259058797, 2, 15.321148905903101, 111, 398599, 398599, 0.005148008000105619, 0.9211069345474243
3580, 0.6954312829475384, 2, 15.607252995017916, 113, 398712, 398712, 0.0049737743102014065, 0.9182860851287842
3581, 0.2175836306414567, 2, 5.299811229109764, 36, 398748, 398748, 0.004975157789885998, 0.9314706325531006
3582, -1.3933890220941976, 2, 4.532762290909886, 30, 398778, 398778, 0.005420112982392311, 0.9351174831390381
3583, -3.5231137091759592, 4, 44.088152662850916, 327, 399105, 399105, 0.004846672527492046, 0.9285858869552612
3584, 0.04920758807566017, 2, 17.93345897877589, 130, 399235, 399235, 0.004843694157898426, 0.9274377822875977
3585, 0.9771747076229076, 2, 16.154487115796655, 117, 399352, 399352, 0.0048959082923829556, 0.9289566278457642
3586, 0.8233834992533957, 2, 15.74060530681163, 114, 399466, 399466, 0.004914877004921436, 0.9368938207626343
3587, 1.039950495607627, 2, 20.001742789987475, 146, 399612, 399612, 0.00503321411088109, 0.9238638877868652
3588, 0.33677721698768437, 2, 5.974436066113412, 41, 399653, 399653, 0.004609919153153896, 0.9193917512893677
3589, 0.36963518848642707, 2, 6.414519156794995, 44, 399697, 399697, 0.004733928479254246, 0.9308693408966064
3590, 0.747679557534866, 2, 15.55151376221329, 113, 399810, 399810, 0.004995531402528286, 0.9187032580375671
3591, 0.84836052544415, 2, 14.378089467994869, 104, 399914, 399914, 0.005016169510781765, 0.9294275045394897
3592, -0.4941881754202768, 2, 6.41621530521661, 44, 399958, 399958, 0.005319142714142799, 0.9237480163574219
3593, 0.8770361923379824, 2, 9.035891752224416, 64, 400022, 400022, 0.004705892875790596, 0.9212840795516968
3594, -0.5336870056344196, 2, 4.807882970198989, 32, 400054, 400054, 0.0048275175504386425, 0.9327284097671509
3595, -0.05691557715181261, 2, 6.565265607088804, 45, 400099, 400099, 0.005181905813515186, 0.9399370551109314
3596, 0.7417863645823672, 2, 14.074842747300863, 102, 400201, 400201, 0.004890060517936945, 0.9281848669052124
3597, 0.037958102228003554, 2, 19.24341894686222, 140, 400341, 400341, 0.005072912201285362, 0.9250578880310059
3598, 0.6619284556072671, 2, 18.544451066758484, 135, 400476, 400476, 0.004934683442115784, 0.9295302629470825
3599, 0.8601200593839167, 2, 12.519899695646018, 90, 400566, 400566, 0.00471690995618701, 0.9243353009223938
3600, -0.35735723248217255, 2, 5.693091681227088, 39, 400605, 400605, 0.004664044361561537, 0.9273248314857483
3601, 0.300299713620916, 2, 5.351911263074726, 36, 400641, 400641, 0.004985004663467407, 0.9051246643066406
3602, 0.15399815229466185, 2, 22.56212082086131, 165, 400806, 400806, 0.0049085053615272045, 0.9160071015357971
3603, 0.7122867605648935, 2, 11.488912470638752, 82, 400888, 400888, 0.00572980847209692, 0.9131048917770386
3604, 0.3163407145184465, 2, 14.90446100383997, 108, 400996, 400996, 0.005325451493263245, 0.9236494898796082
3605, 0.993591561098583, 2, 15.041840555611998, 109, 401105, 401105, 0.004964450839906931, 0.9223935604095459
3606, 0.6997752187744481, 2, 13.060794366989285, 94, 401199, 401199, 0.005086316727101803, 0.9313507080078125
3607, 0.13401638828509022, 2, 20.103222068864852, 147, 401346, 401346, 0.005435810890048742, 0.9265313148498535
3608, 1.0119709841674194, 2, 13.424813402816653, 97, 401443, 401443, 0.004947816953063011, 0.9382827877998352
3609, 1.16397877514828, 2, 15.435265749227256, 112, 401555, 401555, 0.004746663384139538, 0.9244948625564575
3610, 0.20964881766121835, 2, 23.01499088201672, 169, 401724, 401724, 0.005091264843940735, 0.9157411456108093
3611, 0.8606702994584339, 2, 17.86927791684866, 130, 401854, 401854, 0.004938710015267134, 0.9261512160301208
3612, 0.22973974644264672, 2, 16.76794456411153, 122, 401976, 401976, 0.00492163747549057, 0.9183096885681152
3613, 0.08690287746139802, 2, 25.06540869316086, 184, 402160, 402160, 0.005136845633387566, 0.9274366497993469
3614, 0.91322928853333, 2, 17.43046910688281, 127, 402287, 402287, 0.004736649803817272, 0.9278603792190552
3615, 0.7397798774763942, 2, 18.637142095249146, 136, 402423, 402423, 0.005046927835792303, 0.9305835962295532
3616, 1.1227688703947933, 2, 17.830044745933264, 130, 402553, 402553, 0.005207913462072611, 0.9284943342208862
3617, 1.0096251016366296, 2, 16.780067701358348, 122, 402675, 402675, 0.0048168860375881195, 0.9278312921524048
3618, 0.2615188276540721, 2, 23.482084589079022, 172, 402847, 402847, 0.004857941530644894, 0.9287325739860535
3619, -0.35514460504055023, 2, 5.847380207851529, 40, 402887, 402887, 0.0048318603076040745, 0.912979006767273
3620, -0.07969856859381252, 2, 29.83546596392989, 220, 403107, 403107, 0.0048988391645252705, 0.9278916716575623
3621, 0.6769796706503257, 2, 10.512179397977889, 75, 403182, 403182, 0.0056034475564956665, 0.9287208318710327
3622, 0.17509297298965976, 2, 19.82431474607438, 145, 403327, 403327, 0.004961333703249693, 0.9190841913223267
3623, 0.8287485222099349, 2, 9.722084266133606, 69, 403396, 403396, 0.005425410810858011, 0.9254103899002075
3624, 1.0020115368824918, 2, 16.632359062787145, 121, 403517, 403517, 0.004957543686032295, 0.9296327233314514
3625, 0.7969841048916351, 2, 16.830786576960236, 122, 403639, 403639, 0.004859942011535168, 0.9358499050140381
3626, 0.5315992362739053, 2, 15.881040107924491, 115, 403754, 403754, 0.005187567323446274, 0.9263386726379395
3627, 0.13523340807296336, 2, 4.528863599989563, 30, 403784, 403784, 0.005222818348556757, 0.8997819423675537
3628, 0.5684789600782096, 2, 20.156144528184086, 147, 403931, 403931, 0.005000971257686615, 0.9243964552879333
3629, 0.8320018472441006, 2, 15.177081261295825, 110, 404041, 404041, 0.004829748533666134, 0.9127249121665955
3630, 1.1121971893735463, 2, 18.36406464781612, 134, 404175, 404175, 0.004985632840543985, 0.9187448620796204
3631, 0.9026886624051258, 2, 17.58278961945325, 128, 404303, 404303, 0.005018038675189018, 0.920296847820282
3632, -0.36069509433582425, 2, 5.899814118165523, 40, 404343, 404343, 0.0046571893617510796, 0.9313099980354309
3633, 1.121059257304296, 2, 17.301532369107008, 126, 404469, 404469, 0.004859692882746458, 0.9245659112930298
3634, 0.46196754394622985, 2, 19.187303779181093, 140, 404609, 404609, 0.005058149341493845, 0.9226508140563965
3635, -0.004009437368949875, 2, 16.958462205249816, 123, 404732, 404732, 0.004769991617649794, 0.926645040512085
3636, 0.8646872953977436, 2, 18.759335818700492, 137, 404869, 404869, 0.00493639288470149, 0.9297173023223877
3637, -0.39044922317407327, 2, 15.747366163879633, 114, 404983, 404983, 0.00499602360650897, 0.930121660232544
3638, 0.478789689601399, 2, 16.353525393176824, 119, 405102, 405102, 0.0048952242359519005, 0.9195157289505005
3639, -0.36868613329716027, 2, 8.128893168177456, 57, 405159, 405159, 0.005379706155508757, 0.9204607605934143
3640, -2.8637573397136293, 4, 44.20065594417974, 328, 405487, 405487, 0.004893987439572811, 0.9252371191978455
3641, -3.913019949919544, 4, 44.18494493281469, 328, 405815, 405815, 0.0049697938375175, 0.925408124923706
3642, 0.7028937364375452, 2, 22.395998103078455, 164, 405979, 405979, 0.004955122712999582, 0.923610508441925
3643, 0.6664038430899382, 2, 12.316977807786316, 88, 406067, 406067, 0.004742133431136608, 0.9217105507850647
3644, -0.29649875793256797, 2, 4.52539199963212, 30, 406097, 406097, 0.00492098368704319, 0.9173734784126282
3645, 0.445609074406093, 2, 18.297109361272305, 133, 406230, 406230, 0.00521541852504015, 0.9259529709815979
3646, 1.1442920320405392, 2, 18.566860710736364, 135, 406365, 406365, 0.005370363127440214, 0.9205732941627502
3647, -0.019460139832517598, 2, 17.113716412801296, 125, 406490, 406490, 0.005052504129707813, 0.9295859336853027
3648, -0.22148850551457144, 2, 23.44907078985125, 172, 406662, 406662, 0.004911432042717934, 0.9260399341583252
3649, 1.0482187762972899, 2, 15.05817345995456, 108, 406770, 406770, 0.004953482653945684, 0.9176788330078125
3650, 1.1843952080234885, 2, 14.250737848225981, 103, 406873, 406873, 0.0049567013047635555, 0.9269760251045227
3651, 0.8768379081066087, 2, 16.778824877925217, 122, 406995, 406995, 0.004977334290742874, 0.9225180745124817
3652, 1.176530605982407, 2, 17.776065125130117, 129, 407124, 407124, 0.004908434115350246, 0.9213055372238159
3653, 0.7818563515611459, 2, 18.792118473909795, 137, 407261, 407261, 0.005036126356571913, 0.9348898530006409
3654, 0.6241589029086754, 2, 11.700356220826507, 82, 407343, 407343, 0.0050889356061816216, 0.9177826642990112
3655, -0.48596622340846807, 2, 7.1818483280949295, 50, 407393, 407393, 0.005065381061285734, 0.9253907799720764
3656, 0.842806909873616, 2, 12.234536214731634, 88, 407481, 407481, 0.004776494111865759, 0.9185470938682556
3657, -0.6166246187058277, 2, 22.78506299108267, 167, 407648, 407648, 0.004988125525414944, 0.922849178314209
3658, 0.3965481435880065, 2, 21.930223416071385, 161, 407809, 407809, 0.0052163503132760525, 0.9231184720993042
3659, 0.6146462896140292, 2, 20.228836371097714, 148, 407957, 407957, 0.005381949245929718, 0.9137312173843384
3660, -0.4445260063180285, 2, 28.706729878205806, 209, 408166, 408166, 0.005084649194031954, 0.9098628163337708
3661, 0.7648405203362927, 2, 9.30847984785214, 66, 408232, 408232, 0.00475263362750411, 0.9302242398262024
3662, -0.3413083115592599, 2, 5.591578007210046, 38, 408270, 408270, 0.004927719011902809, 0.9266234040260315
3663, 0.29837511165533215, 2, 6.784148816019297, 47, 408317, 408317, 0.005155116785317659, 0.9177344441413879
3664, 0.13433698080916656, 2, 32.94872809620574, 243, 408560, 408560, 0.004856690298765898, 0.9264031648635864
3665, 0.09641464042942971, 2, 5.09542391076684, 34, 408594, 408594, 0.005139593500643969, 0.9263789653778076
3666, 0.610697949938185, 2, 18.979688545223325, 138, 408732, 408732, 0.004914554767310619, 0.9185483455657959
3667, 0.4422257961414289, 2, 15.058639386668801, 109, 408841, 408841, 0.004776418674737215, 0.9169196486473083
3668, 0.7088488821173087, 2, 13.232931113336235, 95, 408936, 408936, 0.004925305023789406, 0.9228292107582092
3669, -0.19998361140460474, 2, 28.647930641658604, 211, 409147, 409147, 0.005077981855720282, 0.9223921298980713
3670, -0.335553340963088, 2, 7.469699499197304, 52, 409199, 409199, 0.005343425087630749, 0.9034436345100403
3671, 0.8505551386333536, 2, 15.859303502831608, 115, 409314, 409314, 0.005559888668358326, 0.9147669076919556
3672, 0.5639146771281958, 2, 13.315334727987647, 96, 409410, 409410, 0.005011996254324913, 0.9231881499290466
3673, -0.4750071504386142, 2, 14.518758310005069, 105, 409515, 409515, 0.004985323175787926, 0.9261928200721741
3674, -0.6655504552745697, 2, 26.78073903406039, 197, 409712, 409712, 0.005003437399864197, 0.9104436635971069
3675, -1.3582238529343158, 2, 4.527562668081373, 30, 409742, 409742, 0.005181824788451195, 0.8933544158935547
3676, -10.292817682027817, 4, 44.09990874165669, 327, 410069, 410069, 0.005240237340331078, 0.9198998212814331
3677, 0.6912376354448497, 2, 16.78747667884454, 122, 410191, 410191, 0.005040472373366356, 0.9204310178756714
3678, 0.12510666041634977, 2, 7.346482023131102, 51, 410242, 410242, 0.004846109077334404, 0.9338586330413818
3679, 0.6395546590792947, 2, 18.049218950793147, 131, 410373, 410373, 0.004856056999415159, 0.9153289794921875
3680, 0.401761460932903, 2, 18.253266372717917, 133, 410506, 410506, 0.004840272944420576, 0.9212590456008911
3681, -1.2947146880906075, 2, 11.548888963647187, 83, 410589, 410589, 0.004869856871664524, 0.9224965572357178
3682, 0.6085134673776338, 2, 17.495991019997746, 125, 410714, 410714, 0.005099526606500149, 0.9090167284011841
3683, 0.008476755436277017, 2, 13.561559098307043, 95, 410809, 410809, 0.004877776373177767, 0.9344679713249207
3684, 0.2332692159106955, 2, 4.52168118301779, 30, 410839, 410839, 0.004955083131790161, 0.9480386972427368
3685, -0.761627824162133, 2, 6.573830917011946, 45, 410884, 410884, 0.005029591266065836, 0.9272119998931885
3686, 0.3302293721935712, 2, 21.353956221137196, 156, 411040, 411040, 0.0050920406356453896, 0.9222021698951721
3687, -0.4870243512559682, 2, 9.430242880247533, 67, 411107, 411107, 0.005340236239135265, 0.8969711661338806
3688, 0.3855891630228143, 2, 23.390499061904848, 171, 411278, 411278, 0.005035125184804201, 0.9097195267677307
3689, -0.08097297430504113, 2, 21.06977142393589, 154, 411432, 411432, 0.004859432578086853, 0.917515218257904
3690, -7.215533934766427, 4, 44.08026085002348, 327, 411759, 411759, 0.004868469666689634, 0.9183641076087952
3691, -2.557483809068799, 2, 9.04909939179197, 64, 411823, 411823, 0.004851070698350668, 0.9086962342262268
3692, 0.1893986882059835, 2, 19.04983876598999, 139, 411962, 411962, 0.005011707544326782, 0.9206348061561584
3693, -0.5183084830969165, 2, 30.142118122894317, 222, 412184, 412184, 0.004977372474968433, 0.9228326082229614
3694, 0.9728157494137122, 2, 16.886558833066374, 123, 412307, 412307, 0.005139402113854885, 0.9168027639389038
3695, 0.9710076115572974, 2, 16.85879423515871, 122, 412429, 412429, 0.005054859444499016, 0.9239842295646667
3696, 0.7189780839253217, 2, 20.40098007582128, 149, 412578, 412578, 0.0050805192440748215, 0.9104722738265991
3697, 0.3226168764522299, 2, 4.715235328767449, 31, 412609, 412609, 0.004816994536668062, 0.933539867401123
3698, -0.9292620673077181, 2, 4.550476382020861, 30, 412639, 412639, 0.005391885992139578, 0.9408913850784302
3699, 0.3993250627827365, 2, 22.454327133949846, 162, 412801, 412801, 0.004957715515047312, 0.9240543842315674
3700, 0.944596420857124, 2, 13.505678477231413, 97, 412898, 412898, 0.00495467334985733, 0.927685558795929
3701, 0.6081419134279713, 2, 15.518403050955385, 112, 413010, 413010, 0.004771743435412645, 0.9180504083633423
3702, -0.3371708120685071, 2, 12.789206833112985, 92, 413102, 413102, 0.004572592675685883, 0.9168705344200134
3703, 1.0797997763729654, 2, 18.27448843093589, 133, 413235, 413235, 0.004820826929062605, 0.9156213402748108
3704, 0.315380182582885, 2, 20.36964902607724, 149, 413384, 413384, 0.004820565693080425, 0.9105361104011536
3705, 0.17918628313509544, 2, 17.602447158191353, 128, 413512, 413512, 0.0051743402145802975, 0.9169349074363708
3706, -0.24598219120525755, 2, 12.627430317923427, 89, 413601, 413601, 0.0052298204973340034, 0.9091911911964417
3707, -0.6670102814678103, 2, 15.208644411060959, 110, 413711, 413711, 0.004894595127552748, 0.9148955345153809
3708, 0.48926733736880124, 2, 20.45477901166305, 149, 413860, 413860, 0.004758343566209078, 0.91798996925354
3709, 0.07027383241802454, 2, 5.17891898797825, 35, 413895, 413895, 0.004528354853391647, 0.9058403372764587
3710, 0.5403125964221545, 2, 12.249455187935382, 88, 413983, 413983, 0.0058244760148227215, 0.9209704995155334
3711, 0.9101940874243155, 2, 15.047509593889117, 109, 414092, 414092, 0.005242593120783567, 0.9245540499687195
3712, 1.2758198528317735, 2, 8.626716843806207, 61, 414153, 414153, 0.005477705970406532, 0.911886990070343
3713, 0.5666687009907037, 2, 18.79651362495497, 137, 414290, 414290, 0.0053349765948951244, 0.920198917388916
3714, 0.12896883153734962, 2, 17.592699158005416, 128, 414418, 414418, 0.0054410118609666824, 0.923022985458374
3715, 0.9795190111617558, 2, 17.744925829581916, 129, 414547, 414547, 0.00495544308796525, 0.9122571349143982
3716, 0.5139105616835877, 2, 17.630929925944656, 128, 414675, 414675, 0.004758896306157112, 0.9179396629333496
3717, 0.6661462966221734, 2, 18.648515210021287, 136, 414811, 414811, 0.005287421867251396, 0.9140563011169434
3718, 1.1884683294192655, 2, 18.165136105846614, 132, 414943, 414943, 0.00492539256811142, 0.9095281362533569
3719, -0.8457379473838955, 2, 4.798988175112754, 32, 414975, 414975, 0.004789548926055431, 0.9061239361763
3720, 1.085341855243314, 2, 12.032972662243992, 86, 415061, 415061, 0.004971771501004696, 0.9141560792922974
3721, 0.5342869849409908, 2, 14.778856839053333, 107, 415168, 415168, 0.00523302610963583, 0.9137481451034546
3722, 0.8453606157563627, 2, 11.5690398812294, 83, 415251, 415251, 0.005452034529298544, 0.91243976354599
3723, 0.8447469684579119, 2, 14.423864248208702, 104, 415355, 415355, 0.004957348573952913, 0.9146854877471924
3724, -1.4664687470012723, 2, 41.17636226769537, 305, 415660, 415660, 0.004931903909891844, 0.918124258518219
3725, 0.13101502426434308, 2, 4.544544896110892, 30, 415690, 415690, 0.005413052160292864, 0.90306156873703
3726, 0.6313688709633425, 2, 9.3401043349877, 66, 415756, 415756, 0.004768847953528166, 0.9182026386260986
3727, 0.11841214611195028, 2, 10.976585344877094, 78, 415834, 415834, 0.004571445286273956, 0.9234263896942139
3728, -0.04186108394060284, 2, 4.521400295197964, 30, 415864, 415864, 0.005008216481655836, 0.9225949048995972
3729, 0.7853488749824464, 2, 8.121726510114968, 57, 415921, 415921, 0.004853418562561274, 0.9088045358657837
3730, 0.061706232223514235, 2, 21.05705092707649, 152, 416073, 416073, 0.005021589808166027, 0.9185230135917664
3731, -0.08042036148253828, 2, 4.5176145220175385, 30, 416103, 416103, 0.0055661508813500404, 0.9273831844329834
3732, 0.9300899480003864, 2, 15.758927781134844, 114, 416217, 416217, 0.004879357293248177, 0.9128698110580444
3733, 0.2478445733722765, 2, 19.310836971737444, 139, 416356, 416356, 0.004922810476273298, 0.9150843024253845
3734, 1.0168263136656606, 2, 16.6288940240629, 121, 416477, 416477, 0.005089603830128908, 0.9175103306770325
3735, 0.7421279394548037, 2, 14.67791255377233, 106, 416583, 416583, 0.005033808294683695, 0.9011253714561462
3736, 0.7954766999464482, 2, 16.964756621047854, 123, 416706, 416706, 0.0049583022482693195, 0.9067988395690918
3737, -0.03643617907073349, 2, 5.383851028978825, 36, 416742, 416742, 0.0051283324137330055, 0.9002372026443481
3738, 1.0500015609757156, 2, 16.770017449744046, 122, 416864, 416864, 0.005075888708233833, 0.911704957485199
3739, 0.6028683392651146, 2, 17.341604670975357, 126, 416990, 416990, 0.005147519055753946, 0.9162257313728333
3740, 0.6742634440015536, 2, 15.916612951084971, 115, 417105, 417105, 0.004895895253866911, 0.9179844260215759
3741, 1.1934808877194882, 2, 17.428353047929704, 127, 417232, 417232, 0.004989278502762318, 0.9200669527053833
3742, 0.3084220861783251, 2, 18.284804384224117, 133, 417365, 417365, 0.0049105193465948105, 0.9106822609901428
3743, 1.0493432153598405, 2, 15.337710482999682, 111, 417476, 417476, 0.005238241050392389, 0.9151005148887634
3744, 0.48869072867091745, 2, 18.646222007926553, 136, 417612, 417612, 0.0049619232304394245, 0.901434063911438
3745, 0.35525027639232576, 2, 12.004346140660346, 86, 417698, 417698, 0.005246625281870365, 0.9134557843208313
3746, -0.229903144412674, 2, 4.636941085103899, 31, 417729, 417729, 0.0049070995301008224, 0.9223345518112183
3747, 0.6479019119287841, 2, 19.328577795997262, 141, 417870, 417870, 0.0049505275674164295, 0.9235453605651855
3748, 0.1722276696236804, 2, 7.203198443166912, 50, 417920, 417920, 0.005023551639169455, 0.9167733192443848
3749, 0.9414941597497091, 2, 9.330385052133352, 66, 417986, 417986, 0.004675802309066057, 0.9302663207054138
3750, 0.06738016055896878, 2, 4.52901327284053, 30, 418016, 418016, 0.005146002862602472, 0.9138314723968506
3751, 0.9905827256152406, 2, 19.32217639265582, 141, 418157, 418157, 0.005001048557460308, 0.9284549951553345
3752, 0.625911556679057, 2, 16.968983886297792, 123, 418280, 418280, 0.005518666468560696, 0.9108617305755615
3753, 0.9378361067065271, 2, 18.013380701187998, 131, 418411, 418411, 0.004843895323574543, 0.8996772766113281
3754, 0.7578876908373786, 2, 10.538925442378968, 75, 418486, 418486, 0.004957095719873905, 0.9055033326148987
3755, 0.08038952748756856, 2, 15.003888700157404, 108, 418594, 418594, 0.005123812705278397, 0.9193846583366394
3756, 1.059371479350375, 2, 15.33779164776206, 111, 418705, 418705, 0.00498824380338192, 0.9291378855705261
3757, 0.8925242859695572, 2, 17.594333454035223, 128, 418833, 418833, 0.005126430187374353, 0.9238240718841553
3758, 0.8872789281663245, 2, 15.382376809138805, 111, 418944, 418944, 0.005557003431022167, 0.9106179475784302
3759, 1.145779113532626, 2, 17.740536591038108, 129, 419073, 419073, 0.004973382223397493, 0.9129020571708679
3760, 0.8104712884087348, 2, 15.901649015024304, 115, 419188, 419188, 0.005961607210338116, 0.9144314527511597
3761, 1.2148609841387952, 2, 16.26020277198404, 118, 419306, 419306, 0.0049841939471662045, 0.9096306562423706
3762, 0.06422318669501692, 2, 6.524131955113262, 45, 419351, 419351, 0.0048321569338440895, 0.9106645584106445
3763, 0.31669510836945847, 2, 19.606781444046646, 143, 419494, 419494, 0.004981067962944508, 0.9113492369651794
3764, 0.44856183452066034, 2, 11.228940357919782, 80, 419574, 419574, 0.00488141318783164, 0.9147146344184875
3765, -0.19665868033189327, 2, 5.061876144260168, 34, 419608, 419608, 0.005147442687302828, 0.9195373058319092
3766, 0.7570899626007304, 2, 17.960024887230247, 131, 419739, 419739, 0.005491170100867748, 0.9129998087882996
3767, 0.8107129844208885, 2, 17.888357796240598, 130, 419869, 419869, 0.004995218012481928, 0.9194583296775818
3768, 0.8205519830080448, 2, 20.17097161198035, 147, 420016, 420016, 0.005106624681502581, 0.9083667397499084
3769, -0.7980462381383404, 2, 18.660782238002867, 136, 420152, 420152, 0.005150710232555866, 0.9190323352813721
3770, 0.6373466924997047, 2, 6.133262398187071, 42, 420194, 420194, 0.004931313451379538, 0.918990969657898
3771, 0.5257637051399797, 2, 19.991649854928255, 146, 420340, 420340, 0.00505422567948699, 0.9036252498626709
3772, -0.11025981116108596, 2, 4.662035928107798, 31, 420371, 420371, 0.004381553269922733, 0.9180177450180054
3773, 1.0699299735424574, 2, 18.439088485669345, 134, 420505, 420505, 0.004753648769110441, 0.9110904335975647
3774, 0.8126130846212618, 2, 16.750761589966714, 122, 420627, 420627, 0.005118405446410179, 0.9111332893371582
3775, 0.8664115230785683, 2, 13.642343904357404, 98, 420725, 420725, 0.005146623123437166, 0.9119033813476562
3776, 1.1463078526139725, 2, 17.413204410579056, 126, 420851, 420851, 0.005409537348896265, 0.9080810546875
3777, 0.21243247017264366, 2, 5.062097491230816, 34, 420885, 420885, 0.005008918233215809, 0.918249249458313
3778, 0.9021451051230542, 2, 14.42202049586922, 104, 420989, 420989, 0.005090709310024977, 0.9214727878570557
3779, 0.9416306594430353, 2, 20.298071899451315, 148, 421137, 421137, 0.005057846661657095, 0.9142608642578125
3780, -0.03727349271503044, 2, 20.957131235860288, 153, 421290, 421290, 0.00515700550749898, 0.9168094992637634
3781, 0.9133517625159584, 2, 13.051206190139055, 94, 421384, 421384, 0.0053926194086670876, 0.9087017178535461
3782, 0.8243344291258836, 2, 18.38416736992076, 134, 421518, 421518, 0.0050030844286084175, 0.8929422497749329
3783, 0.32081721525173634, 2, 9.739884187933058, 69, 421587, 421587, 0.00503714382648468, 0.9087299108505249
3784, 0.82484956792905, 2, 16.561228718608618, 120, 421707, 421707, 0.005716938059777021, 0.9109740853309631
3785, 0.01743969484232366, 2, 10.954633376095444, 78, 421785, 421785, 0.0052314153872430325, 0.9089036583900452
3786, 0.7954904556681868, 2, 17.49197455495596, 127, 421912, 421912, 0.005406581796705723, 0.9052218794822693
3787, 0.7523854218889028, 2, 16.00757382903248, 116, 422028, 422028, 0.005039419047534466, 0.917342483997345
3788, 1.013815478538163, 2, 16.43498807772994, 119, 422147, 422147, 0.005266259424388409, 0.9121478796005249
3789, 0.8932119053788483, 2, 15.588936804328114, 113, 422260, 422260, 0.005166605580598116, 0.9145166873931885
3790, 0.9521990783396177, 2, 14.530166458338499, 105, 422365, 422365, 0.005051002837717533, 0.9077939987182617
3791, 0.7949394308961928, 2, 17.72674791701138, 129, 422494, 422494, 0.004903621040284634, 0.9153026342391968
3792, 0.5102071586297825, 2, 9.999967081006616, 71, 422565, 422565, 0.004858133848756552, 0.9085721373558044
3793, -3.065252455766313, 2, 22.947527774143964, 168, 422733, 422733, 0.004901663400232792, 0.9104052186012268
3794, 0.1774049912346527, 2, 10.390651346184313, 74, 422807, 422807, 0.004757965914905071, 0.9119508862495422
3795, 0.7263411711610388, 2, 18.936389117036015, 138, 422945, 422945, 0.004973068833351135, 0.9143334627151489
3796, 1.010286173399436, 2, 17.597177031915635, 128, 423073, 423073, 0.005016154609620571, 0.9013254642486572
3797, 0.9181925803277409, 2, 18.57253152411431, 135, 423208, 423208, 0.00518097123131156, 0.8997222185134888
3798, 0.6642811549754697, 2, 20.275778899900615, 148, 423356, 423356, 0.005088914651423693, 0.895039439201355
3799, 0.28107271157205105, 2, 4.534601510036737, 30, 423386, 423386, 0.005669864825904369, 0.9278367757797241
3800, 0.7874821319710463, 2, 12.859364375006407, 92, 423478, 423478, 0.004961895756423473, 0.9212192296981812
3801, 0.5001823732090998, 2, 16.837452495936304, 122, 423600, 423600, 0.0052300989627838135, 0.915630578994751
3802, 0.48032186867203563, 2, 20.753282338846475, 151, 423751, 423751, 0.004931258969008923, 0.9016367197036743
3803, 0.09790927590802312, 2, 8.668199423700571, 61, 423812, 423812, 0.005124642048031092, 0.8887367248535156
3804, 0.34453060722444206, 2, 5.106247003190219, 34, 423846, 423846, 0.0049782185815274715, 0.9299680590629578
3805, 0.5810611719216467, 2, 13.361887353938073, 96, 423942, 423942, 0.005007953383028507, 0.9095737338066101
3806, 0.7698108939221129, 2, 16.788852281868458, 122, 424064, 424064, 0.0051104105077683926, 0.901002824306488
3807, 0.33903384394943714, 2, 15.992118402849883, 116, 424180, 424180, 0.0050523048266768456, 0.9217169284820557
3808, 0.025872643396724015, 2, 10.697982624173164, 76, 424256, 424256, 0.004811511375010014, 0.9070229530334473
3809, 0.7749864939250983, 2, 10.710013756994158, 76, 424332, 424332, 0.005215153098106384, 0.9213180541992188
3810, 0.31999811151763424, 2, 16.065432943869382, 116, 424448, 424448, 0.005076687783002853, 0.9033130407333374
3811, 0.04183833082788624, 2, 22.118183602113277, 162, 424610, 424610, 0.004987868946045637, 0.9063290953636169
3812, -0.4114188220119104, 2, 4.800645045936108, 32, 424642, 424642, 0.004701367113739252, 0.9163641333580017
3813, -0.026568848406895995, 2, 5.361827607732266, 36, 424678, 424678, 0.004572216421365738, 0.9117152690887451
3814, 0.7470811590901576, 2, 16.52048426680267, 120, 424798, 424798, 0.005288265645503998, 0.900260329246521
3815, 0.16828600480221212, 2, 8.965602501295507, 63, 424861, 424861, 0.004904520232230425, 0.9044421315193176
3816, 0.6186886123614386, 2, 17.456579647026956, 127, 424988, 424988, 0.00513847591355443, 0.9035413861274719
3817, 0.9558092582738027, 2, 14.15855837194249, 102, 425090, 425090, 0.00475448789075017, 0.905289351940155
3818, 0.499773276533233, 2, 16.884451809804887, 123, 425213, 425213, 0.004959583282470703, 0.9087345600128174
3819, 0.8286753377105924, 2, 20.00062255281955, 146, 425359, 425359, 0.005149705335497856, 0.8996915221214294
3820, 0.8168038176372647, 2, 13.835395539179444, 100, 425459, 425459, 0.005247804336249828, 0.9074447751045227
3821, 0.6314606096566422, 2, 15.330184028018266, 111, 425570, 425570, 0.004970258567482233, 0.8954638838768005
3822, 0.7444524228340015, 2, 9.97449968708679, 71, 425641, 425641, 0.004938862752169371, 0.9088143110275269
3823, 0.35793586808722466, 2, 21.798203621059656, 159, 425800, 425800, 0.004926186520606279, 0.9045828580856323
3824, 0.13947454374283552, 2, 4.945649509783834, 33, 425833, 425833, 0.005196276120841503, 0.8976627588272095
3825, 0.17814338626340032, 2, 8.672328546177596, 61, 425894, 425894, 0.0054395864717662334, 0.9150705933570862
3826, 0.5633269411591755, 2, 22.31175433471799, 163, 426057, 426057, 0.005264512728899717, 0.9094723463058472
3827, 0.7843734069028869, 2, 13.082620268687606, 94, 426151, 426151, 0.005154916550964117, 0.9046579003334045
3828, -0.1237899093539454, 2, 21.849208876956254, 160, 426311, 426311, 0.0049959514290094376, 0.9073253870010376
3829, -0.30052636307664216, 2, 6.590975261293352, 45, 426356, 426356, 0.0049629658460617065, 0.9251927137374878
3830, 0.8610882632056018, 2, 18.549019316211343, 135, 426491, 426491, 0.005464572925120592, 0.899773895740509
3831, 1.0672184802388074, 2, 16.510482023004442, 120, 426611, 426611, 0.005023879464715719, 0.9071531891822815
3832, 0.6156175883370452, 2, 17.64391486113891, 128, 426739, 426739, 0.005018999334424734, 0.9043067693710327
3833, 0.9216531274141744, 2, 17.493297427892685, 127, 426866, 426866, 0.005072285421192646, 0.9024984240531921
3834, 1.0134305615210906, 2, 16.030730394646525, 116, 426982, 426982, 0.004782124422490597, 0.9025573134422302
3835, 0.6999279966912582, 2, 16.685155131854117, 121, 427103, 427103, 0.0051084901206195354, 0.9158785343170166
3836, 0.6697456833499018, 2, 15.729477781336755, 114, 427217, 427217, 0.005585586652159691, 0.9037581086158752
3837, 0.8676470053615049, 2, 13.069439530838281, 94, 427311, 427311, 0.005119672045111656, 0.8969952464103699
3838, 1.2289079244073946, 2, 18.56615389091894, 135, 427446, 427446, 0.005620378069579601, 0.8991239666938782
3839, 0.4757782998494804, 2, 21.190393326804042, 155, 427601, 427601, 0.004942239262163639, 0.8988488912582397
3840, 0.7679947146971244, 2, 14.955127430148423, 108, 427709, 427709, 0.004839924164116383, 0.9121603965759277
3841, 0.912117164771189, 2, 16.422752811107785, 119, 427828, 427828, 0.005090548191219568, 0.8943713307380676
3842, 0.4962262303524767, 2, 19.74480747524649, 144, 427972, 427972, 0.005060950294137001, 0.8990294337272644
3843, 0.29018887906568125, 2, 20.272131712175906, 148, 428120, 428120, 0.0050714933313429356, 0.8998402953147888
3844, 0.5982066920551006, 2, 17.361759047955275, 126, 428246, 428246, 0.005352798383682966, 0.895807683467865
3845, 0.037376210966613144, 2, 8.092656129039824, 56, 428302, 428302, 0.004931376315653324, 0.9135996699333191
3846, -0.4590507111279294, 2, 35.63543973537162, 263, 428565, 428565, 0.005012469366192818, 0.903979480266571
3847, 0.5483416368952021, 2, 16.0776666267775, 116, 428681, 428681, 0.0050338455475866795, 0.9073297381401062
3848, 0.6837797241050794, 2, 17.76382167171687, 129, 428810, 428810, 0.0050588129088282585, 0.9059629440307617
3849, 0.611927900055889, 2, 18.94761580368504, 138, 428948, 428948, 0.005020911805331707, 0.9020200371742249
3850, 0.655732702683963, 2, 17.441892208065838, 127, 429075, 429075, 0.005028011742979288, 0.8969014286994934
3851, 0.7992616696496952, 2, 20.1652925289236, 147, 429222, 429222, 0.005101271439343691, 0.8976587057113647
3852, 0.28826758536160924, 2, 10.676755430642515, 76, 429298, 429298, 0.005111888982355595, 0.9134418368339539
3853, 0.9848719261353835, 2, 20.300172340124846, 148, 429446, 429446, 0.00516395503655076, 0.9097129106521606
3854, -0.5471792157832169, 2, 34.036122458055615, 251, 429697, 429697, 0.00514076417312026, 0.9066863656044006
3855, 0.17052336758206366, 2, 20.453429284971207, 149, 429846, 429846, 0.005228986963629723, 0.903793215751648
3856, 1.0436706949258223, 2, 17.80780838103965, 129, 429975, 429975, 0.005452968645840883, 0.8994695544242859
3857, 1.0416692916769534, 2, 14.260943761095405, 103, 430078, 430078, 0.004799676593393087, 0.90377277135849
3858, 0.6078887553303503, 2, 17.631009749136865, 128, 430206, 430206, 0.005053132772445679, 0.9091815948486328
3859, 0.6998843954497715, 2, 18.837105186190456, 137, 430343, 430343, 0.004987371154129505, 0.9102745056152344
3860, 1.003709093274665, 2, 16.783343638293445, 122, 430465, 430465, 0.005376457702368498, 0.9171952605247498
3861, 0.44948774261865765, 2, 7.068891285918653, 49, 430514, 430514, 0.004748774226754904, 0.8957460522651672
3862, -0.44559784833654703, 2, 26.962608593981713, 198, 430712, 430712, 0.005468268413096666, 0.9071105718612671
3863, 0.7422636996780057, 2, 19.36752862902358, 141, 430853, 430853, 0.005308616906404495, 0.9083648920059204
3864, 0.8651157566491747, 2, 17.660126630216837, 128, 430981, 430981, 0.005078123416751623, 0.9046242833137512
3865, 0.10089838458225131, 2, 11.894118962809443, 85, 431066, 431066, 0.0049090138636529446, 0.9139130711555481
3866, 0.9598726897165761, 2, 14.821381608955562, 107, 431173, 431173, 0.005111910868436098, 0.8986793160438538
3867, -1.3987391973787453, 2, 4.540237884968519, 30, 431203, 431203, 0.005467245355248451, 0.9152727723121643
3868, 0.5017123526195064, 2, 10.978024376090616, 78, 431281, 431281, 0.005969444755464792, 0.897710919380188
3869, 0.21989667229354382, 2, 5.335242394823581, 36, 431317, 431317, 0.0055950409732759, 0.9060806632041931
3870, 1.0328694424242713, 2, 16.329423238988966, 118, 431435, 431435, 0.005110705271363258, 0.8958016037940979
3871, 0.06229083794460166, 2, 5.219566524028778, 35, 431470, 431470, 0.005065371282398701, 0.9099416732788086
3872, 0.5646235717431409, 2, 22.948462339118123, 168, 431638, 431638, 0.005094232503324747, 0.9076967835426331
3873, 0.7388645469327457, 2, 10.52471029618755, 75, 431713, 431713, 0.005041833035647869, 0.9248450994491577
3874, 0.7729951250075828, 2, 14.548232685308903, 105, 431818, 431818, 0.004839707165956497, 0.9071774482727051
3875, 0.609415881393943, 2, 18.060639474075288, 131, 431949, 431949, 0.005004247184842825, 0.9095653295516968
3876, 0.9599259008703029, 2, 15.470473884604871, 112, 432061, 432061, 0.0050886874087154865, 0.9030822515487671
3877, -0.4233601455343887, 2, 5.88981996383518, 40, 432101, 432101, 0.005060925148427486, 0.9116610288619995
3878, -0.22357272129738703, 2, 20.975972678046674, 153, 432254, 432254, 0.004841080866754055, 0.9148977398872375
3879, 0.2647892574314028, 2, 21.36967121111229, 156, 432410, 432410, 0.005125670228153467, 0.8948736190795898
3880, 0.7581965805729851, 2, 19.878021655138582, 145, 432555, 432555, 0.0051355441100895405, 0.9060482978820801
3881, 0.6064738914137706, 2, 15.845634821802378, 115, 432670, 432670, 0.005004458129405975, 0.9093375205993652
3882, 1.0256565685849637, 2, 17.17610694700852, 125, 432795, 432795, 0.005331233609467745, 0.9081250429153442
3883, 1.154022212176642, 2, 15.495130536146462, 112, 432907, 432907, 0.004705687053501606, 0.9063607454299927
3884, 0.5267393105314113, 2, 19.398090942762792, 141, 433048, 433048, 0.00472324388101697, 0.9050705432891846
3885, 1.0976655542908702, 2, 17.23572419723496, 125, 433173, 433173, 0.005085851065814495, 0.8988612294197083
3886, 1.204589082793973, 2, 17.610937029123306, 128, 433301, 433301, 0.005404412746429443, 0.9046351313591003
3887, 0.4102980104362359, 2, 17.781765535939485, 129, 433430, 433430, 0.0052033779211342335, 0.9065173268318176
3888, 0.692595454860566, 2, 16.4469345821999, 119, 433549, 433549, 0.004992341622710228, 0.915070116519928
3889, 0.9512014129868476, 2, 14.457005024887621, 104, 433653, 433653, 0.004974142648279667, 0.9091227650642395
3890, -4.02514525076549, 4, 44.07914429111406, 326, 433979, 433979, 0.004998042713850737, 0.9057765007019043
3891, 0.3008982065366581, 2, 7.446717263199389, 52, 434031, 434031, 0.005006101913750172, 0.9064024686813354
3892, 0.44344607478706166, 2, 18.303592623211443, 133, 434164, 434164, 0.0049896324053406715, 0.8997023105621338
3893, 0.3732514353469014, 2, 22.7645806199871, 166, 434330, 434330, 0.005192015785723925, 0.8972390294075012
3894, 0.740695406217128, 2, 7.639105690643191, 53, 434383, 434383, 0.005595394875854254, 0.9125407934188843
3895, 0.0979731076877215, 2, 18.959214403294027, 138, 434521, 434521, 0.00517676817253232, 0.9042496681213379
3896, 0.7849554531931062, 2, 16.855075598694384, 122, 434643, 434643, 0.004999744240194559, 0.9099860787391663
3897, 0.3380559718934819, 2, 18.740844309329987, 136, 434779, 434779, 0.005682711489498615, 0.9045281410217285
3898, 0.062320074895978905, 2, 17.738668374717236, 129, 434908, 434908, 0.005027805455029011, 0.9042249321937561
3899, 0.4369226968988187, 2, 18.107381539884955, 131, 435039, 435039, 0.005107021424919367, 0.9042806625366211
3900, 0.5706545119028306, 2, 13.60193468304351, 98, 435137, 435137, 0.005158163607120514, 0.9112687110900879
3901, 0.7510594597988529, 2, 21.097379955928773, 154, 435291, 435291, 0.0049500903114676476, 0.9078467488288879
3902, 0.43825831450521946, 2, 4.568541184067726, 30, 435321, 435321, 0.004683318547904491, 0.8958156704902649
3903, 0.888805573398713, 2, 20.778756408020854, 152, 435473, 435473, 0.004867380950599909, 0.9037200808525085
3904, 0.7163697862779372, 2, 19.660111671779305, 143, 435616, 435616, 0.0049590603448450565, 0.9027562737464905
3905, 0.578314077363757, 2, 11.632316780276597, 83, 435699, 435699, 0.004763326141983271, 0.8987637162208557
3906, 0.8657079504082503, 2, 20.278534550219774, 148, 435847, 435847, 0.005236215889453888, 0.9032156467437744
3907, 0.4249236259711324, 2, 18.423364975024015, 134, 435981, 435981, 0.004950966686010361, 0.9080368280410767
3908, 0.6915803023148328, 2, 14.984257714822888, 108, 436089, 436089, 0.00482588168233633, 0.9060841202735901
3909, 1.2644643069943413, 2, 11.755694448947906, 84, 436173, 436173, 0.0047706374898552895, 0.9180346131324768
3910, 1.0092808782937936, 2, 12.912699184846133, 93, 436266, 436266, 0.005052716936916113, 0.9151500463485718
3911, 0.7469723884714767, 2, 11.322653990704566, 81, 436347, 436347, 0.005415615625679493, 0.8977797031402588
3912, -0.9231821097200736, 2, 7.769424041267484, 52, 436399, 436399, 0.005284023471176624, 0.9015759229660034
3913, 0.46399887094594305, 2, 16.5526076820679, 120, 436519, 436519, 0.005245296750217676, 0.9095857739448547
3914, -0.22685847405955428, 2, 26.056135558057576, 191, 436710, 436710, 0.005108497105538845, 0.8982886672019958
3915, -3.7273371859409963, 4, 44.12118310574442, 327, 437037, 437037, 0.005144411697983742, 0.8966373205184937
3916, 0.5055615810979361, 2, 19.768904235679656, 143, 437180, 437180, 0.005044110585004091, 0.9017788767814636
3917, 0.7093186656420585, 2, 16.7028737408109, 121, 437301, 437301, 0.0051491656340658665, 0.923303484916687
3918, 0.35123958229087293, 2, 4.826733614783734, 32, 437333, 437333, 0.0052213119342923164, 0.8910549879074097
3919, 0.7218292958414168, 2, 19.104079630225897, 139, 437472, 437472, 0.004734277259558439, 0.9069507122039795
3920, 0.4991761293495074, 2, 20.5674762991257, 150, 437622, 437622, 0.004884629976004362, 0.8982952833175659
3921, 0.7061056895181537, 2, 13.443594511132687, 97, 437719, 437719, 0.004932679235935211, 0.886155366897583
3922, 0.44940144242718816, 2, 6.527318204753101, 45, 437764, 437764, 0.004858833272010088, 0.8858134746551514
3923, 0.21869130748746102, 2, 32.46413620002568, 239, 438003, 438003, 0.005039637442678213, 0.9010917544364929
3924, -0.41531345690236776, 2, 20.276440039277077, 148, 438151, 438151, 0.005109802354127169, 0.9032098650932312
3925, 0.6129482252872549, 2, 16.93667526775971, 123, 438274, 438274, 0.0052965739741921425, 0.8932739496231079
3926, 0.24610490296618082, 2, 22.982752298004925, 168, 438442, 438442, 0.0049697281792759895, 0.8980643153190613
3927, 0.8992251186828071, 2, 16.15200081607327, 116, 438558, 438558, 0.004874913953244686, 0.9091258645057678
3928, 0.4836384969530627, 2, 18.12879967270419, 132, 438690, 438690, 0.005293277092278004, 0.9080190658569336
3929, 0.933125241775997, 2, 16.059863077942282, 116, 438806, 438806, 0.005205947440117598, 0.8982344269752502
3930, 0.9306487889261916, 2, 16.29400424286723, 118, 438924, 438924, 0.004965938627719879, 0.8968831896781921
3931, -0.7369106068654219, 2, 26.802054788917303, 197, 439121, 439121, 0.005209736526012421, 0.9014814496040344
3932, -0.34515693155117333, 2, 9.867914115078747, 70, 439191, 439191, 0.004859838634729385, 0.8854926228523254
3933, 0.9634950833424227, 2, 16.174159311689436, 117, 439308, 439308, 0.00507954228669405, 0.903386652469635
3934, 0.8199196916539222, 2, 17.11025077989325, 124, 439432, 439432, 0.004809349309653044, 0.8907829523086548
3935, 0.9010006378230173, 2, 16.06453857710585, 116, 439548, 439548, 0.005001724231988192, 0.9049556255340576
3936, 0.0805918560072314, 2, 14.038341151084751, 101, 439649, 439649, 0.005262494552880526, 0.9092954397201538
3937, 0.4769391294103116, 2, 17.121344815939665, 124, 439773, 439773, 0.005147580988705158, 0.8979467749595642
3938, 0.8230327218116145, 2, 19.521425508894026, 142, 439915, 439915, 0.004678760655224323, 0.8996284008026123
3939, 0.6398327136412263, 2, 7.469496177043766, 52, 439967, 439967, 0.005116387270390987, 0.8960234522819519
3940, 0.48570819792803377, 2, 14.165338495280594, 102, 440069, 440069, 0.00488846143707633, 0.8960586190223694
3941, 0.2762484534177929, 2, 5.175069771707058, 35, 440104, 440104, 0.005039718002080917, 0.9059638381004333
3942, 0.8193173950712662, 2, 18.19329530885443, 132, 440236, 440236, 0.004909947048872709, 0.9058619737625122
3943, 0.5992377105649211, 2, 16.80808804789558, 122, 440358, 440358, 0.004996025003492832, 0.9043918251991272
3944, 0.6931724430323811, 2, 18.025765194091946, 131, 440489, 440489, 0.005167746916413307, 0.9005247950553894
3945, 0.7871043111081235, 2, 16.80600928887725, 122, 440611, 440611, 0.005162510089576244, 0.8923829793930054
3946, 0.6632918802461063, 2, 16.185136040207, 117, 440728, 440728, 0.0049226353876292706, 0.901954710483551
3947, 0.3110768961678332, 2, 12.675993761979043, 91, 440819, 440819, 0.004828149452805519, 0.8874860405921936
3948, 0.3426113520963554, 2, 24.084071236662567, 176, 440995, 440995, 0.0050607705488801, 0.8966432809829712
3949, 0.7513365325830819, 2, 16.976314787752926, 123, 441118, 441118, 0.004993862472474575, 0.8998795747756958
3950, 0.974134342490288, 2, 18.81022354075685, 137, 441255, 441255, 0.004971406888216734, 0.8870952129364014
3951, 0.48125202346273, 2, 16.049880277831107, 116, 441371, 441371, 0.00525300670415163, 0.8918147683143616
3952, 0.9358832690049894, 2, 10.550709885079414, 75, 441446, 441446, 0.004734144080430269, 0.9094905853271484
3953, -0.3629615134559572, 2, 6.532925819978118, 45, 441491, 441491, 0.005137965548783541, 0.8908945918083191
3954, 1.1281609239813406, 2, 11.087040815036744, 79, 441570, 441570, 0.0050709606148302555, 0.8992807865142822
3955, 1.0137280538911, 2, 16.582691974937916, 120, 441690, 441690, 0.005491363350301981, 0.9043009281158447
3956, 0.9711570139440937, 2, 18.248697690665722, 133, 441823, 441823, 0.005704546347260475, 0.9038506746292114
3957, 0.3138937406183686, 2, 21.86436353297904, 160, 441983, 441983, 0.0048094443045556545, 0.8960316777229309
3958, 0.7379144801525399, 2, 18.68315786588937, 133, 442116, 442116, 0.00474457535892725, 0.8970613479614258
3959, -0.11819011533225421, 2, 20.866200610995293, 152, 442268, 442268, 0.004967683460563421, 0.9056662321090698
3960, 0.8330275516054826, 2, 16.461976134683937, 119, 442387, 442387, 0.005101446993649006, 0.8892500400543213
3961, 0.9685362388845533, 2, 17.26093454193324, 125, 442512, 442512, 0.004697992466390133, 0.9112395644187927
3962, 1.018459936723957, 2, 16.550918848253787, 120, 442632, 442632, 0.0049321409314870834, 0.9027435779571533
3963, 0.8139358923071995, 2, 15.638590367045254, 113, 442745, 442745, 0.004738255869597197, 0.8918894529342651
3964, 0.4666485377041454, 2, 18.848286165855825, 137, 442882, 442882, 0.004984773695468903, 0.8998486399650574
3965, 0.4539462863467634, 2, 10.921525026205927, 78, 442960, 442960, 0.005139618180692196, 0.8972190618515015
3966, 0.6596684412070317, 2, 14.690366568043828, 106, 443066, 443066, 0.005218815058469772, 0.9003261923789978
3967, 1.253690494238981, 2, 20.94880267418921, 153, 443219, 443219, 0.0048889596946537495, 0.8968216776847839
3968, 0.6114974612137303, 2, 16.552158996928483, 120, 443339, 443339, 0.004888585768640041, 0.9004510641098022
3969, 0.9678508242359385, 2, 17.265783844981343, 125, 443464, 443464, 0.004890767391771078, 0.8939459919929504
3970, 0.02971789393450308, 2, 19.35543863195926, 141, 443605, 443605, 0.005063764285296202, 0.8847576975822449
3971, 0.3913111980073154, 2, 7.313767426181585, 51, 443656, 443656, 0.005119220819324255, 0.9028699994087219
3972, 0.751472300151363, 2, 14.42689698934555, 104, 443760, 443760, 0.005015034694224596, 0.9097143411636353
3973, -0.22053022886393592, 2, 10.15088403923437, 72, 443832, 443832, 0.004833439365029335, 0.895874559879303
3974, 0.22704896499635652, 2, 16.14063256420195, 117, 443949, 443949, 0.0052704703994095325, 0.8921862244606018
3975, 0.6160546083701774, 2, 16.740734422113746, 121, 444070, 444070, 0.004945931024849415, 0.8990092277526855
3976, 0.46381228989048395, 2, 19.751898732036352, 144, 444214, 444214, 0.00492325471714139, 0.8991064429283142
3977, 0.3233058647128928, 2, 18.723857002332807, 136, 444350, 444350, 0.00487932562828064, 0.9014184474945068
3978, 0.7301707317819819, 2, 16.85244978312403, 122, 444472, 444472, 0.005105143878608942, 0.8948849439620972
3979, 0.8371250964410137, 2, 18.597763270139694, 135, 444607, 444607, 0.0050954269245266914, 0.8933287858963013
3980, 0.46682985848747194, 2, 10.745382068213075, 76, 444683, 444683, 0.005102463532239199, 0.8952680826187134
3981, 0.15661608772052205, 2, 18.717312129680067, 136, 444819, 444819, 0.00487749045714736, 0.9002759456634521
3982, 0.8753111226833425, 2, 17.26330275181681, 125, 444944, 444944, 0.005386739503592253, 0.8908260464668274
3983, -0.5350068882107735, 2, 7.231282918713987, 50, 444994, 444994, 0.004588384181261063, 0.8876171112060547
3984, 0.8485167874023318, 2, 16.587317959871143, 120, 445114, 445114, 0.004724441561847925, 0.9065977334976196
3985, 1.063181014440488, 2, 17.36256651999429, 126, 445240, 445240, 0.005201796069741249, 0.8929120302200317
3986, 0.7375685187071213, 2, 16.44116349797696, 119, 445359, 445359, 0.0048470753245055676, 0.9082417488098145
3987, 0.11670790542848408, 2, 7.38284128298983, 51, 445410, 445410, 0.005089520942419767, 0.8957523107528687
3988, 0.5379300683102883, 2, 17.63010873924941, 128, 445538, 445538, 0.004854944534599781, 0.8845009803771973
3989, 0.8945899988466408, 2, 20.191083235666156, 147, 445685, 445685, 0.004842759575694799, 0.891904890537262
3990, -0.9319465532898903, 2, 4.5459258779883385, 30, 445715, 445715, 0.005090702790766954, 0.8789993524551392
3991, 0.9078654919285327, 2, 13.836801738012582, 100, 445815, 445815, 0.004987947177141905, 0.884493887424469
3992, -0.16616159286058974, 2, 19.89325991505757, 145, 445960, 445960, 0.005124082323163748, 0.9047903418540955
3993, 0.7899963974123239, 2, 19.056824672967196, 139, 446099, 446099, 0.0051995813846588135, 0.8817558288574219
3994, 0.16418617957970127, 2, 23.73763212794438, 173, 446272, 446272, 0.005023128353059292, 0.8967235088348389
3995, 0.6898095267824829, 2, 18.178834696300328, 132, 446404, 446404, 0.004920145962387323, 0.8985246419906616
3996, 0.9073575424263254, 2, 16.29111377010122, 118, 446522, 446522, 0.005183360539376736, 0.8926286101341248
3997, 0.7404222573968582, 2, 16.570247107185423, 120, 446642, 446642, 0.004754886031150818, 0.8820231556892395
3998, 0.9609729832154699, 2, 18.582598366308957, 135, 446777, 446777, 0.005160039756447077, 0.8995403051376343
3999, -0.025767153478227556, 2, 4.534683200996369, 30, 446807, 446807, 0.005419992376118898, 0.8767614364624023
4000, 0.9705200131575111, 2, 12.15300899092108, 87, 446894, 446894, 0.005164263769984245, 0.8895348906517029
4001, 0.8736221145518357, 2, 17.64632273837924, 128, 447022, 447022, 0.0050686998292803764, 0.8834823369979858
4002, 0.6693833142562653, 2, 20.948817621916533, 153, 447175, 447175, 0.005041925702244043, 0.8802207708358765
4003, -0.023338362108916044, 2, 6.934844681993127, 48, 447223, 447223, 0.006531133782118559, 0.8842882513999939
4004, -0.7809227607758658, 2, 23.005362424068153, 168, 447391, 447391, 0.004964110441505909, 0.8922804594039917
4005, 1.0596286484505981, 2, 18.58320426568389, 135, 447526, 447526, 0.005350140854716301, 0.8888850808143616
4006, 0.9462494580502607, 2, 16.151509071700275, 117, 447643, 447643, 0.005042312201112509, 0.8779791593551636
4007, 0.9375152051215991, 2, 16.58449821686372, 120, 447763, 447763, 0.005021958611905575, 0.8790541291236877
4008, 0.6948640927148517, 2, 14.055437031202018, 101, 447864, 447864, 0.0049745854921638966, 0.8948259949684143
4009, 0.05647679604589939, 2, 18.14547356776893, 132, 447996, 447996, 0.005076394882053137, 0.895563006401062
4010, 0.9429394252365455, 2, 18.849309616256505, 137, 448133, 448133, 0.004896374884992838, 0.8911816477775574
4011, 0.592057719011791, 2, 10.678581513930112, 76, 448209, 448209, 0.005016896408051252, 0.8937076926231384
4012, 0.1871133058448322, 2, 21.517149962019175, 157, 448366, 448366, 0.004786750767379999, 0.8971346616744995
4013, -6.387460311081668, 4, 44.18425712315366, 326, 448692, 448692, 0.0051289936527609825, 0.8989574909210205
4014, -0.14879681705497205, 2, 6.1234616208821535, 42, 448734, 448734, 0.004575772676616907, 0.9123010039329529
4015, 0.22771802986972034, 2, 18.135995542164892, 132, 448866, 448866, 0.0049921371974051, 0.8918619751930237
4016, -0.48880049074068666, 2, 11.8933044988662, 85, 448951, 448951, 0.005128816701471806, 0.8966259360313416
4017, -0.5951667069311952, 2, 8.788775506895036, 62, 449013, 449013, 0.004924509674310684, 0.8983979821205139
4018, 0.7277598449691141, 2, 17.25480459490791, 125, 449138, 449138, 0.00492413155734539, 0.8890727758407593
4019, 0.7421534401946701, 2, 18.03318658284843, 131, 449269, 449269, 0.004966259002685547, 0.8855143785476685
4020, 0.7494254376215395, 2, 21.76903727091849, 159, 449428, 449428, 0.004980297759175301, 0.881846010684967
4021, 0.7524896499235183, 2, 10.029101665131748, 71, 449499, 449499, 0.005032904911786318, 0.8948595523834229
4022, 0.15576693487309967, 2, 5.5072056646458805, 37, 449536, 449536, 0.0051490264013409615, 0.9018280506134033
4023, 0.6206105585442856, 2, 11.780830552335829, 84, 449620, 449620, 0.005827247630804777, 0.8973839282989502
4024, -0.1231332018669491, 2, 8.307158165145665, 58, 449678, 449678, 0.004911260679364204, 0.8821571469306946
4025, 0.37209686887217686, 2, 14.996387541294098, 108, 449786, 449786, 0.00483813788741827, 0.9059417247772217
4026, -0.07634335057809949, 2, 8.803104897029698, 62, 449848, 449848, 0.004831694532185793, 0.8987184762954712
4027, 0.8639194397837855, 2, 11.376746566966176, 81, 449929, 449929, 0.0048121800646185875, 0.9004623889923096
4028, 0.4250717870891094, 2, 9.777213235851377, 69, 449998, 449998, 0.00514311483129859, 0.8923009634017944
4029, -0.15347524208482355, 2, 4.948736215941608, 33, 450031, 450031, 0.0048447479493916035, 0.9244852662086487
4030, -0.07028887257911265, 2, 4.664821234066039, 31, 450062, 450062, 0.004787456709891558, 0.8871541619300842
4031, 0.053573464625515044, 2, 12.822108787018806, 92, 450154, 450154, 0.00499112531542778, 0.9006744623184204
4032, 0.7615156403044239, 2, 13.333053524140269, 96, 450250, 450250, 0.005211133509874344, 0.884312093257904
4033, 0.04539727873634547, 2, 8.036360983736813, 56, 450306, 450306, 0.005055121146142483, 0.9084159135818481
4034, 0.6766559124225751, 2, 22.83939636638388, 167, 450473, 450473, 0.004906185902655125, 0.8943769931793213
4035, 0.6114495218716911, 2, 15.748094748239964, 114, 450587, 450587, 0.004827108699828386, 0.8950502872467041
4036, 0.35257024341262877, 2, 6.833674937020987, 47, 450634, 450634, 0.00484827533364296, 0.9004946947097778
4037, 0.8000047896493925, 2, 17.057075990829617, 124, 450758, 450758, 0.004805445205420256, 0.8873949646949768
4038, -0.9017740015406162, 2, 4.547383276745677, 30, 450788, 450788, 0.004963510669767857, 0.8971027135848999
4039, 0.04312874612514861, 2, 20.475239042192698, 149, 450937, 450937, 0.005059199407696724, 0.890805721282959
4040, 1.1632775923526424, 2, 16.411320803221315, 119, 451056, 451056, 0.00489138625562191, 0.8890358209609985
4041, 0.9392408659768989, 2, 17.93796743499115, 130, 451186, 451186, 0.005419439636170864, 0.885601282119751
4042, 0.8328939969651401, 2, 14.618928610812873, 105, 451291, 451291, 0.004984044469892979, 0.8876027464866638
4043, 0.7485162972589023, 2, 18.233791920822114, 132, 451423, 451423, 0.00493444362655282, 0.8908142447471619
4044, 0.592664351395797, 2, 18.282027271110564, 133, 451556, 451556, 0.004699936136603355, 0.8982746005058289
4045, 0.48700305284000933, 2, 10.153235830832273, 72, 451628, 451628, 0.005004861857742071, 0.8890164494514465
4046, 0.3606688286672579, 2, 16.871072169858962, 122, 451750, 451750, 0.0051161423325538635, 0.8965926170349121
4047, 0.6054056846478488, 2, 15.280282209161669, 110, 451860, 451860, 0.004900535102933645, 0.8932273387908936
4048, 0.4825457658007508, 2, 18.06567537318915, 131, 451991, 451991, 0.005099365953356028, 0.886625349521637
4049, 1.0711699321254855, 2, 16.722889602184296, 121, 452112, 452112, 0.00515458220615983, 0.8913704752922058
4050, 0.3843702264712192, 2, 20.19262944487855, 147, 452259, 452259, 0.005037072580307722, 0.8910889625549316
4051, 0.885320439003408, 2, 11.475830145645887, 82, 452341, 452341, 0.004837438929826021, 0.899084210395813
4052, 1.0527229105937295, 2, 18.59348037885502, 135, 452476, 452476, 0.005224201828241348, 0.8895247578620911
4053, 1.2826552789192647, 2, 15.739011091180146, 114, 452590, 452590, 0.004855059552937746, 0.8967978954315186
4054, 1.0984866403159685, 2, 17.240318786818534, 125, 452715, 452715, 0.004921223036944866, 0.8953972458839417
4055, 0.5760930389369605, 2, 16.378929970785975, 118, 452833, 452833, 0.005085647571831942, 0.8906188607215881
4056, 0.7758919087355025, 2, 13.656874204985797, 98, 452931, 452931, 0.004838199354708195, 0.893357515335083
4057, 0.5271598533727229, 2, 13.355764075182378, 96, 453027, 453027, 0.005016964394599199, 0.8968133926391602
4058, 0.4273769149876898, 2, 16.03486608667299, 116, 453143, 453143, 0.004753023851662874, 0.890139102935791
4059, 0.5182123216927721, 2, 20.33895755559206, 148, 453291, 453291, 0.004956129007041454, 0.894640326499939
4060, 0.07616801548283547, 2, 4.556384351104498, 30, 453321, 453321, 0.004939110949635506, 0.8826891779899597
4061, 0.6386190226621693, 2, 17.730809380766004, 129, 453450, 453450, 0.004871735814958811, 0.8948838114738464
4062, 0.7820951041376247, 2, 17.799488082062453, 129, 453579, 453579, 0.004843752831220627, 0.893006443977356
4063, -0.183247142485925, 2, 16.978537331335247, 123, 453702, 453702, 0.004896362777799368, 0.8785337209701538
4064, 0.02188443671911955, 2, 4.533247075974941, 30, 453732, 453732, 0.005147095303982496, 0.8712776303291321
4065, -0.22856822097674012, 2, 6.9332464071922, 48, 453780, 453780, 0.005110098980367184, 0.8881382942199707
4066, 0.08222369500435889, 2, 7.658352924045175, 53, 453833, 453833, 0.005051000975072384, 0.8953772783279419
4067, 0.8894401882425882, 2, 18.753128786105663, 136, 453969, 453969, 0.005049642641097307, 0.8971219658851624
4068, 0.8495096759288572, 2, 16.06848270399496, 116, 454085, 454085, 0.004952143412083387, 0.9040991067886353
4069, 1.107076522996067, 2, 14.675447644665837, 104, 454189, 454189, 0.0048810625448822975, 0.8821898102760315
4070, 0.5603540451265872, 2, 13.746594178956002, 91, 454280, 454280, 0.005117842461913824, 0.8947831988334656
4071, 0.6737896826234646, 2, 17.929341037292033, 130, 454410, 454410, 0.005223171319812536, 0.8879837393760681
4072, 0.9863265489693731, 2, 16.142585454043, 117, 454527, 454527, 0.005143399816006422, 0.8917666673660278
4073, 0.5691507834708318, 2, 8.149629943072796, 57, 454584, 454584, 0.005281435791403055, 0.8766653537750244
4074, 0.5626844997750595, 2, 9.897494188975543, 70, 454654, 454654, 0.005222088657319546, 0.8798832297325134
4075, 0.826994858100079, 2, 14.153448883909732, 102, 454756, 454756, 0.005802689120173454, 0.8884234428405762
4076, 0.8435995036015811, 2, 14.45892448304221, 102, 454858, 454858, 0.004712576512247324, 0.8894433379173279
4077, 0.9375766524353821, 2, 15.396893691737205, 111, 454969, 454969, 0.005144032649695873, 0.8859249353408813
4078, 0.841159374511335, 2, 17.805112067144364, 129, 455098, 455098, 0.005047189071774483, 0.8854503035545349
4079, 0.9014758268749574, 2, 19.308401491027325, 140, 455238, 455238, 0.004870026838034391, 0.8894720077514648
4080, -0.284645568812266, 2, 11.706672340165824, 81, 455319, 455319, 0.004672904033213854, 0.9055265188217163
4081, 1.1527955530909821, 2, 9.319742261897773, 66, 455385, 455385, 0.005206533707678318, 0.8865447640419006
4082, 0.4568810035707429, 2, 4.8590528927743435, 32, 455417, 455417, 0.004871691111475229, 0.8682938814163208
4083, 0.1022116688254755, 2, 24.29758032504469, 178, 455595, 455595, 0.0051282555796206, 0.884404718875885
4084, -0.27970960004313383, 2, 23.440211974084377, 171, 455766, 455766, 0.004975713323801756, 0.9032377004623413
4085, 0.8913837492000312, 2, 15.117595979012549, 109, 455875, 455875, 0.005097189452499151, 0.8828922510147095
4086, 1.1541575025839848, 2, 17.528740562032908, 127, 456002, 456002, 0.004946286324411631, 0.8900753855705261
4087, 0.6858144550205907, 2, 16.675049824174494, 121, 456123, 456123, 0.004945745691657066, 0.8865370154380798
4088, 0.7807957990880823, 2, 15.903564208652824, 115, 456238, 456238, 0.004899564199149609, 0.878242552280426
4089, 0.6412021719515906, 2, 20.428681823890656, 149, 456387, 456387, 0.004983594641089439, 0.8920549154281616
4090, 0.2528112168656662, 2, 14.955930824391544, 108, 456495, 456495, 0.005154015962034464, 0.8819172978401184
4091, 0.9426049942849204, 2, 13.094714779406786, 94, 456589, 456589, 0.004773934371769428, 0.888734757900238
4092, 0.7683338865754195, 2, 21.404570407699794, 156, 456745, 456745, 0.004822001792490482, 0.8966314792633057
4093, 0.6823114117178193, 2, 17.663399127312005, 128, 456873, 456873, 0.004987077321857214, 0.8867067098617554
4094, 0.7081206003203988, 2, 12.297889521345496, 88, 456961, 456961, 0.005056222900748253, 0.8741235136985779
4095, 0.6674222220608499, 2, 19.699585088994354, 143, 457104, 457104, 0.005160907749086618, 0.8827868700027466
4096, -0.34968550074700033, 2, 22.338798460084945, 163, 457267, 457267, 0.005217245779931545, 0.8778934478759766
4097, 0.670355075977568, 2, 19.24528650706634, 140, 457407, 457407, 0.0050862450152635574, 0.8768759965896606
4098, 0.8276737436535768, 2, 17.101668651681393, 124, 457531, 457531, 0.005705396179109812, 0.8880589604377747
4099, 0.5374526673476794, 2, 17.656432861927897, 128, 457659, 457659, 0.004863170441240072, 0.8944914937019348
4100, 0.2143810015404597, 2, 12.145456193946302, 87, 457746, 457746, 0.005199723411351442, 0.8794570565223694
4101, 0.6207850050304842, 2, 20.861908165737987, 152, 457898, 457898, 0.0051218606531620026, 0.8914894461631775
4102, 0.827996866137255, 2, 19.225084099918604, 139, 458037, 458037, 0.004962698090821505, 0.8920809626579285
4103, 0.8378387326520169, 2, 22.211057284846902, 162, 458199, 458199, 0.004929063841700554, 0.8894233107566833
4104, -0.2469966624630615, 2, 5.89779252698645, 40, 458239, 458239, 0.004529958590865135, 0.8910417556762695
4105, -0.5094715467421338, 2, 6.56326227914542, 45, 458284, 458284, 0.00478587718680501, 0.8837233781814575
4106, 0.6425613751634955, 2, 9.551683471072465, 67, 458351, 458351, 0.004997741896659136, 0.8985782861709595
4107, 0.12317614127823617, 2, 18.348215426318347, 133, 458484, 458484, 0.004737949930131435, 0.8861700296401978
4108, 0.28345105855260044, 2, 10.27245125407353, 73, 458557, 458557, 0.004739129915833473, 0.8910701274871826
4109, 1.1775662322324933, 2, 18.73964719288051, 136, 458693, 458693, 0.005155861843377352, 0.8890628814697266
4110, 0.5218199898299645, 2, 15.176087521016598, 109, 458802, 458802, 0.004997429437935352, 0.8817765116691589
4111, 0.6825393721228465, 2, 18.68922002473846, 136, 458938, 458938, 0.004850155208259821, 0.8868985176086426
4112, -0.24906253936933354, 2, 24.05099208978936, 176, 459114, 459114, 0.004964869935065508, 0.8965032696723938
4113, 0.8947279370622709, 2, 17.667161911260337, 128, 459242, 459242, 0.004929086659103632, 0.8805812001228333
4114, 0.7753333582804771, 2, 18.849525600206107, 136, 459378, 459378, 0.004893598146736622, 0.8893398642539978
4115, 0.8724943491106387, 2, 17.8381570270285, 129, 459507, 459507, 0.005048842169344425, 0.8881531357765198
4116, 0.5676066196465399, 2, 18.92879472579807, 137, 459644, 459644, 0.0049599395133554935, 0.894316554069519
4117, 0.23283854983310448, 2, 19.687750815879554, 143, 459787, 459787, 0.005356785375624895, 0.8845234513282776
4118, 0.9282750205675256, 2, 17.949443760793656, 130, 459917, 459917, 0.005049775820225477, 0.8880321383476257
4119, 0.2934038611310825, 2, 18.914150001015514, 137, 460054, 460054, 0.005102601833641529, 0.8979129791259766
4120, 1.1723448401608039, 2, 17.01266085775569, 123, 460177, 460177, 0.005246262531727552, 0.8886809945106506
4121, 0.3754503158852458, 2, 14.916921791154891, 108, 460285, 460285, 0.004979525227099657, 0.8890974521636963
4122, 0.9956925556798524, 2, 18.072176909074187, 131, 460416, 460416, 0.005184730514883995, 0.8863043189048767
4123, -0.722624889222061, 2, 25.702289482112974, 186, 460602, 460602, 0.005019930191338062, 0.8887763023376465
4124, 0.6303268656138243, 2, 17.273682625964284, 125, 460727, 460727, 0.005015574861317873, 0.8978966474533081
4125, 0.17011151066981256, 2, 9.533768240362406, 67, 460794, 460794, 0.004953586962074041, 0.8909721374511719
4126, 0.3420163772170781, 2, 18.740080516319722, 136, 460930, 460930, 0.005298579577356577, 0.8926877975463867
4127, 0.8081070238549728, 2, 16.615898551419377, 120, 461050, 461050, 0.005069596692919731, 0.8895093202590942
4128, 0.13343410628294805, 2, 20.75519889779389, 151, 461201, 461201, 0.005085459910333157, 0.8750131130218506
4129, 1.1141219867567997, 2, 17.17291295621544, 124, 461325, 461325, 0.00489414157345891, 0.8849030137062073
4130, -0.6014428698690608, 2, 4.544566876254976, 30, 461355, 461355, 0.004501744639128447, 0.8726324439048767
4131, 0.7748187332836096, 2, 19.92161399591714, 145, 461500, 461500, 0.0051862094551324844, 0.8923760652542114
4132, 0.901026377553535, 2, 17.831354899331927, 129, 461629, 461629, 0.0049765948206186295, 0.8924872875213623
4133, 0.40741091955260345, 2, 19.29234871501103, 140, 461769, 461769, 0.005299519747495651, 0.8771141767501831
4134, 0.8959473824361339, 2, 16.882432894781232, 122, 461891, 461891, 0.004931575618684292, 0.8902493119239807
4135, 0.2659571234471514, 2, 19.521783066913486, 142, 462033, 462033, 0.005166106391698122, 0.8929295539855957
4136, 0.48390622073202394, 2, 16.473348187748343, 119, 462152, 462152, 0.0050567942671477795, 0.8847959041595459
4137, 0.9854599721729755, 2, 19.411277760285884, 141, 462293, 462293, 0.005145133472979069, 0.8886281251907349
4138, 0.4112203429613146, 2, 18.359098218847066, 133, 462426, 462426, 0.0048700179904699326, 0.8932821154594421
4139, 0.15427522058598697, 2, 18.05379277607426, 131, 462557, 462557, 0.005223521031439304, 0.8857606053352356
4140, 0.5813338855514303, 2, 18.263911093119532, 132, 462689, 462689, 0.004959755577147007, 0.9014878273010254
4141, 1.1881017898704158, 2, 18.65934880170971, 135, 462824, 462824, 0.0049188691191375256, 0.8807288408279419
4142, 0.6431032063555904, 2, 20.60336042009294, 150, 462974, 462974, 0.005854807794094086, 0.8809939622879028
4143, 0.9586043463204987, 2, 15.641300038900226, 113, 463087, 463087, 0.004961776081472635, 0.8848400115966797
4144, -0.41416085651144385, 2, 5.878147529903799, 40, 463127, 463127, 0.005129292607307434, 0.8819407224655151
4145, 0.7938651269068941, 2, 14.926228954922408, 108, 463235, 463235, 0.005148384254425764, 0.8996752500534058
4146, 0.02940160210710019, 2, 9.582203092053533, 66, 463301, 463301, 0.005116805899888277, 0.8889142870903015
4147, 0.6529757927055471, 2, 17.568302006926388, 127, 463428, 463428, 0.005117285065352917, 0.8937457203865051
4148, 0.868297136395995, 2, 15.419825040735304, 111, 463539, 463539, 0.0050778635777533054, 0.8756625652313232
4149, 0.7983678800519556, 2, 20.338074760045856, 148, 463687, 463687, 0.005175767932087183, 0.8926213383674622
4150, 0.7771541003603488, 2, 10.611453859135509, 75, 463762, 463762, 0.005172718316316605, 0.8918828368186951
4151, -0.0038879038766026497, 2, 5.3019381146878, 36, 463798, 463798, 0.004737671930342913, 0.8979098796844482
4152, 1.2044266274315305, 2, 16.366396847181022, 118, 463916, 463916, 0.005093105137348175, 0.8813846111297607
4153, 0.017619116042624228, 2, 29.95294316019863, 220, 464136, 464136, 0.004901083651930094, 0.8884429931640625
4154, 0.8447825965267839, 2, 16.98799918172881, 123, 464259, 464259, 0.005155636463314295, 0.8659213781356812
4155, 0.0034577906553749926, 2, 21.8203899031505, 159, 464418, 464418, 0.004843316040933132, 0.8829037547111511
4156, 1.010182916535996, 2, 17.74063058756292, 128, 464546, 464546, 0.004793720785528421, 0.8915888667106628
4157, 0.9285724696528632, 2, 16.876157524995506, 122, 464668, 464668, 0.004936159122735262, 0.8844883441925049
4158, 0.8136660933232633, 2, 15.805120715405792, 114, 464782, 464782, 0.004816039465367794, 0.8872725963592529
4159, -0.7771831028803717, 2, 8.34330569487065, 58, 464840, 464840, 0.005261381156742573, 0.8865631818771362
4160, 0.1163915035140235, 2, 18.457945927977562, 134, 464974, 464974, 0.004985968116670847, 0.8851971626281738
4161, 0.9772023210243788, 2, 16.477380087133497, 119, 465093, 465093, 0.005212066695094109, 0.8913668990135193
4162, 1.0125226653181016, 2, 16.87506629806012, 122, 465215, 465215, 0.004650364629924297, 0.887225329875946
4163, -0.2893729764036834, 2, 7.747364711947739, 54, 465269, 465269, 0.005029776133596897, 0.8897148370742798
4164, 0.8042477554408833, 2, 17.149911026936024, 124, 465393, 465393, 0.0048151384107768536, 0.8942636847496033
4165, 0.673325107411074, 2, 17.957837556954473, 130, 465523, 465523, 0.004972502589225769, 0.8831138610839844
4166, 0.38094261307560373, 2, 23.589268658775836, 172, 465695, 465695, 0.004987587686628103, 0.8818433284759521
4167, 0.5385603328613797, 2, 15.818697807844728, 114, 465809, 465809, 0.004751964937895536, 0.9044015407562256
4168, 0.4260875181062147, 2, 20.144024031236768, 144, 465953, 465953, 0.005046528298407793, 0.8845385313034058
4169, 0.9237999564502388, 2, 16.33615422807634, 118, 466071, 466071, 0.004969891160726547, 0.8913912177085876
4170, 1.0753722420558915, 2, 16.877959035802633, 122, 466193, 466193, 0.005220156162977219, 0.8789587616920471
4171, 0.5951088339206763, 2, 9.889851965941489, 70, 466263, 466263, 0.004772601183503866, 0.8866366744041443
4172, 0.47008823346550344, 2, 19.96609773207456, 145, 466408, 466408, 0.004842886235564947, 0.882766842842102
4173, -0.4074075878597796, 2, 6.84783879481256, 47, 466455, 466455, 0.004689820110797882, 0.8880424499511719
4174, 0.09344226506073028, 2, 5.867021122016013, 40, 466495, 466495, 0.0048887403681874275, 0.8878664970397949
4175, 0.37255118271377796, 2, 16.377738365903497, 118, 466613, 466613, 0.004997866693884134, 0.8787137866020203
4176, 0.9820343306055292, 2, 16.712578563950956, 121, 466734, 466734, 0.004770977422595024, 0.8873416781425476
4177, 0.899034941001446, 2, 18.564950686879456, 135, 466869, 466869, 0.00474851718172431, 0.8831835985183716
4178, -0.7948715870734304, 2, 27.55720641510561, 202, 467071, 467071, 0.0053069498389959335, 0.8825231194496155
4179, 0.47243172134039924, 2, 15.780949142295867, 114, 467185, 467185, 0.005131418816745281, 0.8830785751342773
4180, 0.49726311111589894, 2, 20.514925431925803, 149, 467334, 467334, 0.00510015245527029, 0.88395094871521
4181, 0.2716204771422781, 2, 8.630873966962099, 60, 467394, 467394, 0.005456961691379547, 0.8868263959884644
4182, 0.6917511421779636, 2, 18.04569573374465, 131, 467525, 467525, 0.0051010954193770885, 0.8760756850242615
4183, 0.6048502446574275, 2, 17.50210356293246, 127, 467652, 467652, 0.005002691876143217, 0.8711866736412048
4184, 0.6483889650626224, 2, 16.552318701986223, 120, 467772, 467772, 0.005116857588291168, 0.8734071254730225
4185, 0.9804473549118597, 2, 18.04182209772989, 131, 467903, 467903, 0.0051869614981114864, 0.8930640816688538
4186, 0.6769650318310596, 2, 18.348328424617648, 133, 468036, 468036, 0.004943055100739002, 0.8667106032371521
4187, 0.00695960245502647, 2, 21.13856156822294, 154, 468190, 468190, 0.0048822336830198765, 0.8767368197441101
4188, 0.8787085251533426, 2, 17.26112730661407, 125, 468315, 468315, 0.005017405841499567, 0.8770730495452881
4189, -0.30878042188851396, 2, 21.853492914233357, 159, 468474, 468474, 0.005101511720567942, 0.883619487285614
4190, 0.662508876506763, 2, 18.089229637291282, 131, 468605, 468605, 0.0049839322455227375, 0.8836621642112732
4191, 0.6860120154451579, 2, 10.372999155893922, 73, 468678, 468678, 0.004596739541739225, 0.8840903639793396
4192, -0.9138513586949557, 2, 4.541802995838225, 30, 468708, 468708, 0.004752457607537508, 0.8747991919517517
4193, 0.10989982250612229, 2, 4.928413260728121, 33, 468741, 468741, 0.0048966859467327595, 0.8850893378257751
4194, 0.6402789234416559, 2, 9.766360444016755, 69, 468810, 468810, 0.0050239176489412785, 0.8777507543563843
4195, 1.1097260335809551, 2, 17.40824217768386, 126, 468936, 468936, 0.004919943865388632, 0.8888334631919861
4196, 0.30369812343269587, 2, 18.863771942909807, 137, 469073, 469073, 0.005051144864410162, 0.8817204236984253
4197, 0.5511185547802597, 2, 18.78800617204979, 136, 469209, 469209, 0.004939733073115349, 0.8788113594055176
4198, 0.7321174980461365, 2, 18.327139364089817, 133, 469342, 469342, 0.005016703624278307, 0.8852989077568054
4199, -0.354270672032726, 2, 23.16453461209312, 169, 469511, 469511, 0.004887968301773071, 0.8840517997741699
4200, 0.654188810614869, 2, 17.25089487992227, 125, 469636, 469636, 0.00499102333560586, 0.8830595016479492
4201, 0.9118780925682586, 2, 17.521670719143003, 127, 469763, 469763, 0.00498540885746479, 0.8740071058273315
4202, 0.689849330301513, 2, 15.779237002134323, 113, 469876, 469876, 0.005055928602814674, 0.8799671530723572
4203, 0.7710106521844864, 2, 16.86214356776327, 122, 469998, 469998, 0.004958622623234987, 0.8857508897781372
4204, 0.3540507010402507, 2, 19.952933725900948, 145, 470143, 470143, 0.005068465135991573, 0.8846575617790222
4205, 0.41407628540764563, 2, 16.883557475171983, 122, 470265, 470265, 0.004756005480885506, 0.892492413520813
4206, 0.8658134292054456, 2, 17.56315689533949, 127, 470392, 470392, 0.005096311680972576, 0.8866181969642639
4207, 0.5026052090979647, 2, 16.46791000990197, 119, 470511, 470511, 0.004890684504061937, 0.8897789120674133
4208, 1.0125482343573822, 2, 16.761618855874985, 121, 470632, 470632, 0.004900513216853142, 0.885490357875824
4209, 0.43997971607313957, 2, 19.816284733824432, 144, 470776, 470776, 0.00471271900460124, 0.8793857097625732
4210, -0.4409135964233428, 2, 6.1394319189712405, 42, 470818, 470818, 0.0048485710285604, 0.8938610553741455
4211, 0.5439764894836117, 2, 20.893885273020715, 152, 470970, 470970, 0.004984188824892044, 0.8883561491966248
4212, 0.7282249896506983, 2, 17.696645334828645, 128, 471098, 471098, 0.004867552313953638, 0.8686075806617737
4213, -0.14894774204367422, 2, 23.936029015108943, 175, 471273, 471273, 0.005154926795512438, 0.8781302571296692
4214, 0.880955220782198, 2, 10.157541142310947, 72, 471345, 471345, 0.005331899039447308, 0.8680139780044556
4215, 0.01661590681760572, 2, 22.12600911501795, 161, 471506, 471506, 0.004846665542572737, 0.8780888915061951
4216, -0.12774727842770517, 2, 5.067618714645505, 34, 471540, 471540, 0.005414959043264389, 0.8808384537696838
4217, 0.852500633453019, 2, 15.788445346988738, 114, 471654, 471654, 0.004846985451877117, 0.893869161605835
4218, 0.742176881278283, 2, 17.815621683374047, 129, 471783, 471783, 0.005162891931831837, 0.8848671913146973
4219, 1.0170008694403805, 2, 19.29173139622435, 140, 471923, 471923, 0.0049155778251588345, 0.8811623454093933
4220, -0.1471120462883846, 2, 22.994494212791324, 168, 472091, 472091, 0.004903154913336039, 0.884723961353302
4221, 0.9751400594395818, 2, 15.65548198390752, 113, 472204, 472204, 0.005008626263588667, 0.8742787837982178
4222, 0.5140152271333136, 2, 18.241198454983532, 132, 472336, 472336, 0.005190155003219843, 0.8739189505577087
4223, 0.7723776310085668, 2, 18.28329623118043, 133, 472469, 472469, 0.0053484016098082066, 0.8808405995368958
4224, 0.7185050339903682, 2, 14.97414166899398, 108, 472577, 472577, 0.0051458547823131084, 0.8823813199996948
4225, 0.8744419856011518, 2, 17.239398845937103, 124, 472701, 472701, 0.005173130426555872, 0.8875147700309753
4226, -1.137005403143121, 2, 30.45749376527965, 223, 472924, 472924, 0.004943051841109991, 0.8855957388877869
4227, -0.053846730530494824, 2, 20.25870586698875, 147, 473071, 473071, 0.004930632188916206, 0.8805014491081238
4228, 1.1648555475985631, 2, 16.00797479506582, 115, 473186, 473186, 0.005072163883596659, 0.8893021941184998
4229, 0.8527921143249841, 2, 14.304073241073638, 103, 473289, 473289, 0.005293192807585001, 0.8723874092102051
4230, -0.28140188998077065, 2, 8.02684205211699, 56, 473345, 473345, 0.005027199629694223, 0.8740506768226624
4231, 0.6949608365539461, 2, 10.948740721680224, 78, 473423, 473423, 0.005136282183229923, 0.8809155225753784
4232, 0.5592261180281639, 2, 8.07519348571077, 56, 473479, 473479, 0.004947782959789038, 0.8754717111587524
4233, -0.20241894165519625, 2, 10.373101363889873, 73, 473552, 473552, 0.005405006930232048, 0.8825088143348694
4234, 0.8399801672203466, 2, 9.27115823701024, 65, 473617, 473617, 0.00506160594522953, 0.8815819621086121
4235, 1.0798415441531688, 2, 20.053430336061865, 146, 473763, 473763, 0.004839781671762466, 0.8761964440345764
4236, -0.5113469627685845, 2, 25.741748088039458, 188, 473951, 473951, 0.0050741261802613735, 0.88080894947052
4237, 0.5992759014479816, 2, 18.931491705123335, 137, 474088, 474088, 0.00502092856913805, 0.8899417519569397
4238, 0.4723629090003669, 2, 14.879877856001258, 107, 474195, 474195, 0.005071217194199562, 0.8881645798683167
4239, -1.502276445622556, 2, 4.8461263799108565, 32, 474227, 474227, 0.005080393049865961, 0.8867497444152832
4240, 0.5323162148124538, 2, 18.764704121276736, 136, 474363, 474363, 0.005255086347460747, 0.8762402534484863
4241, 0.79810816393001, 2, 18.33155920635909, 133, 474496, 474496, 0.004978379234671593, 0.8807603716850281
4242, 0.7891431487514637, 2, 17.005006414838135, 123, 474619, 474619, 0.005088045261800289, 0.883773922920227
4243, 0.8525363634107634, 2, 16.18516478734091, 117, 474736, 474736, 0.0052180723287165165, 0.8697308897972107
4244, 0.07114847199409269, 2, 21.46863925596699, 156, 474892, 474892, 0.005058623850345612, 0.8731080293655396
4245, 0.6498914612748194, 2, 19.080578917171806, 138, 475030, 475030, 0.005155874881893396, 0.8615467548370361
4246, 0.15050278545822948, 2, 18.728235758375376, 135, 475165, 475165, 0.00522076990455389, 0.8782062530517578
4247, 0.4984002529090503, 2, 15.95740086818114, 115, 475280, 475280, 0.004891144577413797, 0.862367570400238
4248, 0.9085527839160932, 2, 13.764383227098733, 99, 475379, 475379, 0.005136843305081129, 0.8685197830200195
4249, 1.1002389789791778, 2, 16.431913562119007, 119, 475498, 475498, 0.005047436337918043, 0.884085476398468
4250, 0.4172265166998841, 2, 19.141226401086897, 139, 475637, 475637, 0.005099101457744837, 0.8777967691421509
4251, 0.4226677816477604, 2, 16.845403999090195, 122, 475759, 475759, 0.005102671682834625, 0.8788995742797852
4252, 0.1549808822644536, 2, 16.750927140936255, 121, 475880, 475880, 0.004790486767888069, 0.8836666345596313
4253, 0.4219977702887263, 2, 21.02382211899385, 153, 476033, 476033, 0.005089450161904097, 0.8733106851577759
4254, 0.6329898693365976, 2, 9.1274832370691, 64, 476097, 476097, 0.004839490167796612, 0.8882721066474915
4255, 0.8188636210979894, 2, 7.508480123244226, 52, 476149, 476149, 0.004924560897052288, 0.8735228776931763
4256, 0.8666230521484977, 2, 18.218252909369767, 132, 476281, 476281, 0.005271238274872303, 0.8724046945571899
4257, 1.2585483375005424, 2, 15.670666725374758, 113, 476394, 476394, 0.005761949345469475, 0.8766997456550598
4258, 0.2542489872503211, 2, 17.84151270566508, 129, 476523, 476523, 0.004904109984636307, 0.8788543939590454
4259, 0.8896368527202867, 2, 16.20886094402522, 117, 476640, 476640, 0.0052041951566934586, 0.892857015132904
4260, 1.0423652132740244, 2, 19.039774988312274, 138, 476778, 476778, 0.005145540926605463, 0.8790410161018372
4261, 1.1137935833248775, 2, 16.95666400389746, 123, 476901, 476901, 0.005274166353046894, 0.8822795748710632
4262, 0.8212861766223796, 2, 16.471755078993738, 119, 477020, 477020, 0.0050172205083072186, 0.8783483505249023
4263, 0.03544445999432355, 2, 13.179229272995144, 94, 477114, 477114, 0.0048103961162269115, 0.8785544037818909
4264, 1.0037945670483168, 2, 17.297546299174428, 125, 477239, 477239, 0.0052647097036242485, 0.8761308789253235
4265, 0.7765997078968212, 2, 10.48156272387132, 74, 477313, 477313, 0.004943605046719313, 0.8826083540916443
4266, -11.449346042238176, 4, 44.12622435390949, 325, 477638, 477638, 0.005189911928027868, 0.8836314082145691
4267, -2.2035416399594396, 2, 19.676538390107453, 143, 477781, 477781, 0.004894353915005922, 0.879818320274353
4268, 1.058635580149712, 2, 16.907387448009104, 122, 477903, 477903, 0.004756396636366844, 0.8709080219268799
4269, 0.7410095018549328, 2, 17.64093140186742, 128, 478031, 478031, 0.0050188698805868626, 0.8823531270027161
4270, 1.0591267282143235, 2, 16.950445991940796, 122, 478153, 478153, 0.005247173365205526, 0.8806232213973999
4271, 0.8809121677768417, 2, 16.320174084976315, 118, 478271, 478271, 0.004933394957333803, 0.8760179877281189
4272, 0.996804573751433, 2, 17.56060538487509, 127, 478398, 478398, 0.005066988989710808, 0.8819150328636169
4273, 0.5916496813024423, 2, 18.49019915703684, 134, 478532, 478532, 0.00491156755015254, 0.8847488164901733
4274, 0.8704866780608427, 2, 18.29668243881315, 133, 478665, 478665, 0.00500900624319911, 0.8717353940010071
4275, 0.29608856479171664, 2, 18.658387538976967, 135, 478800, 478800, 0.005105671472847462, 0.8835777640342712
4276, 0.5556148613759433, 2, 20.358368250075728, 148, 478948, 478948, 0.004954601172357798, 0.8708868026733398
4277, 0.957420713850297, 2, 16.786460182163864, 121, 479069, 479069, 0.004957216326147318, 0.8660115003585815
4278, 0.3767700443713693, 2, 18.269080923870206, 132, 479201, 479201, 0.004750012420117855, 0.8628648519515991
4279, 0.7917701136320829, 2, 16.755685077048838, 121, 479322, 479322, 0.0047712563537061214, 0.8857858180999756
4280, 1.1373169296130072, 2, 16.736117816064507, 121, 479443, 479443, 0.005507277324795723, 0.87754887342453
4281, 0.1398622237611562, 2, 4.66863255109638, 31, 479474, 479474, 0.004883920773863792, 0.8753093481063843
4282, 0.9770141794579104, 2, 15.021178712137043, 108, 479582, 479582, 0.00525379553437233, 0.8811148405075073
4283, 0.3544063275476219, 2, 13.538236565887928, 97, 479679, 479679, 0.005220863502472639, 0.8679465651512146
4284, 0.9424798749387264, 2, 14.630765890702605, 105, 479784, 479784, 0.005210068542510271, 0.870638906955719
4285, 0.31738369654340204, 2, 21.037999144289643, 153, 479937, 479937, 0.005214399192482233, 0.8804969787597656
4286, 0.6709911262441892, 2, 21.20016721729189, 154, 480091, 480091, 0.00517870532348752, 0.8898143768310547
4287, 0.7629494067514315, 2, 18.450753966812044, 134, 480225, 480225, 0.004857176914811134, 0.8825483322143555
4288, 0.4869959205389023, 2, 13.608373166061938, 97, 480322, 480322, 0.004900832660496235, 0.8682196736335754
4289, 0.9238877611460339, 2, 17.76292697759345, 128, 480450, 480450, 0.005153666250407696, 0.8782934546470642
4290, 0.2873465238371864, 2, 7.255371506791562, 50, 480500, 480500, 0.0052113919518888, 0.8732244372367859
4291, -0.08024271624162793, 2, 9.262102531734854, 65, 480565, 480565, 0.005058490205556154, 0.8756693005561829
4292, 0.9111539453006117, 2, 16.28775932500139, 117, 480682, 480682, 0.005139256827533245, 0.8802134990692139
4293, 0.9323320041403349, 2, 18.64354439964518, 135, 480817, 480817, 0.0053588044829666615, 0.8754004836082458
4294, 0.8749606245255563, 2, 17.25652027828619, 125, 480942, 480942, 0.005287468433380127, 0.8748760223388672
4295, 0.6817304096184671, 2, 20.461350145284086, 148, 481090, 481090, 0.00508465338498354, 0.881899356842041
4296, 1.0155364691490831, 2, 13.838447072077543, 99, 481189, 481189, 0.005037175491452217, 0.8727196455001831
4297, 0.9863405855139717, 2, 17.677182903978974, 128, 481317, 481317, 0.004863931331783533, 0.8834999203681946
4298, 1.0343956656288356, 2, 17.6723196557723, 128, 481445, 481445, 0.0049791461788117886, 0.8841856718063354
4299, 0.2221797906095162, 2, 14.406566699966788, 103, 481548, 481548, 0.005059506744146347, 0.8761420845985413
4300, 0.4856822915025987, 2, 19.07547976402566, 138, 481686, 481686, 0.005030249245464802, 0.8658581972122192
4301, -0.04545450897421688, 2, 5.623567807953805, 38, 481724, 481724, 0.0053889937698841095, 0.9024681448936462
4302, 0.1737893024692312, 2, 18.933535692747682, 137, 481861, 481861, 0.005178331863135099, 0.8675637245178223
4303, 1.0867490890668705, 2, 15.5362727958709, 112, 481973, 481973, 0.004910395015031099, 0.8691412806510925
4304, 1.040038687933702, 2, 16.901999610941857, 122, 482095, 482095, 0.005029957741498947, 0.877496063709259
4305, 0.6220853371778503, 2, 18.116863046307117, 131, 482226, 482226, 0.0048055704683065414, 0.8805688619613647
4306, 0.7543690027669072, 2, 17.278647699858993, 125, 482351, 482351, 0.0049944375641644, 0.8802796006202698
4307, 1.0867332697380334, 2, 17.881983471103013, 129, 482480, 482480, 0.004912050440907478, 0.8673560619354248
4308, 0.5582621777430177, 2, 13.818941283039749, 99, 482579, 482579, 0.005342623218894005, 0.8724454045295715
4309, 0.881487290142104, 2, 14.044600154273212, 101, 482680, 482680, 0.005137693602591753, 0.8645833730697632
4310, -0.08234488221114589, 2, 31.51721849711612, 231, 482911, 482911, 0.005306643899530172, 0.8706854581832886
4311, -1.0496089666266926, 2, 29.08295838208869, 213, 483124, 483124, 0.004861797671765089, 0.8755859136581421
4312, 0.6924062725775002, 2, 17.030193402897567, 123, 483247, 483247, 0.005139228887856007, 0.8687568306922913
4313, 0.5938691554256366, 2, 16.308135421015322, 118, 483365, 483365, 0.0047050355933606625, 0.8744949102401733
4314, 1.057579900836572, 2, 17.581934021785855, 127, 483492, 483492, 0.004886880982667208, 0.876812756061554
4315, 0.9816920749144629, 2, 17.957042578142136, 130, 483622, 483622, 0.004985553212463856, 0.8767418265342712
4316, 1.0469500303734094, 2, 17.156435418874025, 124, 483746, 483746, 0.005224708467721939, 0.8794202208518982
4317, 1.0112272369733546, 2, 17.44091837061569, 126, 483872, 483872, 0.0049040294252336025, 0.8773190975189209
4318, 1.1167722487589344, 2, 15.145809759385884, 109, 483981, 483981, 0.005187821574509144, 0.8651564121246338
4319, 0.8017904938897118, 2, 16.857326064724475, 122, 484103, 484103, 0.0050944057293236256, 0.8828452229499817
4320, 0.3195573973353021, 2, 21.216310935094953, 154, 484257, 484257, 0.005507887806743383, 0.869254469871521
4321, -0.05936098040547222, 2, 5.482985616195947, 37, 484294, 484294, 0.005313794128596783, 0.8824848532676697
4322, 0.09662318325717933, 2, 21.32412151619792, 155, 484449, 484449, 0.005050969310104847, 0.8742523193359375
4323, 0.7755190075840801, 2, 17.9622195311822, 130, 484579, 484579, 0.005275168921798468, 0.8694552183151245
4324, 0.5075643125892384, 2, 17.847412623930722, 129, 484708, 484708, 0.0050921193324029446, 0.8677138090133667
4325, 0.22736809840716887, 2, 21.636071806773543, 157, 484865, 484865, 0.004957912489771843, 0.8733545541763306
4326, 0.13912399858236313, 2, 17.063781429082155, 123, 484988, 484988, 0.005175452679395676, 0.8752877116203308
4327, 0.4546260906245152, 2, 19.33111620787531, 140, 485128, 485128, 0.005064782220870256, 0.8814777135848999
4328, 0.4129998503776733, 2, 21.061002095229924, 153, 485281, 485281, 0.005067781545221806, 0.8643375039100647
4329, 0.6596544637868647, 2, 18.58921786909923, 135, 485416, 485416, 0.0051826597191393375, 0.8736816048622131
4330, -0.6174780680012191, 2, 28.476643652189523, 208, 485624, 485624, 0.005196322221308947, 0.8726106286048889
4331, 0.9630518008489162, 2, 15.539314301684499, 112, 485736, 485736, 0.004850171972066164, 0.8704652190208435
4332, 0.6074231914826669, 2, 16.654331385158002, 120, 485856, 485856, 0.004973439034074545, 0.8742396235466003
4333, 1.1543624701735098, 2, 17.241800419054925, 125, 485981, 485981, 0.0048646810464560986, 0.8652337789535522
4334, 0.7136788444549893, 2, 20.116800850257277, 146, 486127, 486127, 0.004884402733296156, 0.8723463416099548
4335, 0.35192557820118964, 2, 17.454077900853008, 126, 486253, 486253, 0.004902742803096771, 0.8773092031478882
4336, 0.3872505243634805, 2, 14.91310118092224, 107, 486360, 486360, 0.0050230990163981915, 0.8803340792655945
4337, 0.821889767351422, 2, 26.239975191652775, 192, 486552, 486552, 0.005034905858337879, 0.8732811808586121
4338, 0.41303056688047945, 2, 16.331524583976716, 118, 486670, 486670, 0.0052846637554466724, 0.8679162263870239
4339, 0.9214715532580158, 2, 18.34794247103855, 133, 486803, 486803, 0.005107471253722906, 0.8762902021408081
4340, -0.5437731319107115, 2, 7.830430577043444, 54, 486857, 486857, 0.004895610269159079, 0.8799448609352112
4341, 0.5867699479744033, 2, 20.257888241205364, 147, 487004, 487004, 0.005207088775932789, 0.8714052438735962
4342, 0.623496580079518, 2, 17.122736073099077, 124, 487128, 487128, 0.005151092074811459, 0.8833229541778564
4343, 0.8584832764090606, 2, 18.664053294807673, 135, 487263, 487263, 0.004977281205356121, 0.870506227016449
4344, -0.278057015966624, 2, 4.5446633622050285, 30, 487293, 487293, 0.005126255098730326, 0.8590900897979736
4345, 0.7980385345872492, 2, 17.94723129272461, 130, 487423, 487423, 0.005100887734442949, 0.8668592572212219
4346, -0.4424465735210106, 2, 5.533557734917849, 37, 487460, 487460, 0.004727666731923819, 0.88057541847229
4347, -0.011140124406665564, 2, 6.961841243784875, 48, 487508, 487508, 0.004744792822748423, 0.8716590404510498
4348, 0.6694156597404799, 2, 13.41783733619377, 96, 487604, 487604, 0.004800750408321619, 0.8747191429138184
4349, 0.6038543196118553, 2, 17.96382917603478, 130, 487734, 487734, 0.005237917881458998, 0.8639329075813293
4350, 0.6983330662333174, 2, 20.10712385829538, 146, 487880, 487880, 0.0049323150888085365, 0.8649424910545349
4351, 0.4550760815200192, 2, 24.250586341135204, 177, 488057, 488057, 0.005142055451869965, 0.8774223327636719
4352, 0.5367737155174837, 2, 7.942107074894011, 55, 488112, 488112, 0.0050209457986056805, 0.8892019987106323
4353, 0.8492749284196179, 2, 15.057641590945423, 108, 488220, 488220, 0.004929177928715944, 0.8786879777908325
4354, 0.753241301048547, 2, 18.012176408898085, 130, 488350, 488350, 0.0053827110677957535, 0.8719156980514526
4355, 0.9396674058079952, 2, 19.5015368508175, 141, 488491, 488491, 0.005161466542631388, 0.8656660318374634
4356, -0.43443751434097067, 2, 21.7056980188936, 158, 488649, 488649, 0.0050959414802491665, 0.8705052137374878
4357, 0.8408333992410917, 2, 17.18359561264515, 124, 488773, 488773, 0.004995407070964575, 0.8762146830558777
4358, -0.4099581678165123, 2, 5.012112893164158, 33, 488806, 488806, 0.005151905119419098, 0.8481742143630981
4359, -1.310134786341223, 2, 18.328915188089013, 133, 488939, 488939, 0.0050521655939519405, 0.8648374676704407
4360, 1.0281651751720347, 2, 16.770634070970118, 121, 489060, 489060, 0.005286054220050573, 0.8613856434822083
4361, 0.40431510854978114, 2, 7.481426342856139, 52, 489112, 489112, 0.005071552470326424, 0.8760397434234619
4362, 0.7748780380898097, 2, 18.26354283420369, 132, 489244, 489244, 0.0050810170359909534, 0.8736352920532227
4363, 0.5298819970618638, 2, 23.793922253884375, 173, 489417, 489417, 0.005143096204847097, 0.874302864074707
4364, 0.13772695255465806, 2, 5.246679292991757, 35, 489452, 489452, 0.00466951122507453, 0.87042635679245
4365, 0.8353923097602092, 2, 15.433716963045299, 111, 489563, 489563, 0.0050571635365486145, 0.8634522557258606
4366, 1.130892486544326, 2, 17.426843695808202, 126, 489689, 489689, 0.005127999000251293, 0.8790393471717834
4367, 0.8188653132019681, 2, 19.382046635262668, 140, 489829, 489829, 0.005064963363111019, 0.8716872334480286
4368, 0.028601198981050402, 2, 19.57271205028519, 142, 489971, 489971, 0.0049741496331989765, 0.8689126372337341
4369, 0.5068285226589069, 2, 17.188831399660558, 124, 490095, 490095, 0.005154730752110481, 0.8642796874046326
4370, 0.6313750816625543, 2, 15.45367373386398, 111, 490206, 490206, 0.005388996563851833, 0.864471971988678
4371, 0.7181397808526526, 2, 19.153139129746705, 139, 490345, 490345, 0.005111593287438154, 0.8643903136253357
4372, 0.29424480762099847, 2, 19.481659868266433, 141, 490486, 490486, 0.005206817761063576, 0.8750589489936829
4373, 1.1066590470727533, 2, 18.06009108806029, 131, 490617, 490617, 0.005083118099719286, 0.8793419599533081
4374, 0.9657211160229053, 2, 14.77021298231557, 106, 490723, 490723, 0.005034159403294325, 0.8659027814865112
4375, 0.4955710156082205, 2, 13.024161745328456, 93, 490816, 490816, 0.004813469480723143, 0.8706098198890686
4376, 0.683338736067526, 2, 18.774405331816524, 136, 490952, 490952, 0.0048557547852396965, 0.8806071281433105
4377, 0.9725668196333572, 2, 17.549070244189352, 127, 491079, 491079, 0.004942112136632204, 0.8800191879272461
4378, 0.07324437762144953, 2, 5.3808353138156235, 36, 491115, 491115, 0.00537992874160409, 0.9054927825927734
4379, 0.7122412248863839, 2, 15.86834881035611, 114, 491229, 491229, 0.004809604957699776, 0.8657130599021912
4380, 0.6972771522705443, 2, 19.568354543298483, 142, 491371, 491371, 0.005002586171030998, 0.8761343359947205
4381, 0.5824988442473114, 2, 12.98292469419539, 93, 491464, 491464, 0.004977789707481861, 0.8698707222938538
4382, 0.16870890697464347, 2, 28.086306634824723, 205, 491669, 491669, 0.005234415177255869, 0.8757312297821045
4383, 0.9965630795340985, 2, 16.240686166100204, 117, 491786, 491786, 0.0052850572392344475, 0.8586539030075073
4384, 0.250462866271846, 2, 4.845428332220763, 32, 491818, 491818, 0.005280093289911747, 0.8966444730758667
4385, -0.05759192060213536, 2, 4.922594023868442, 33, 491851, 491851, 0.005461725872009993, 0.8710756897926331
4386, 0.9092040555733547, 2, 20.012046969961375, 145, 491996, 491996, 0.004920200910419226, 0.8568252921104431
4387, 0.7625387238367693, 2, 20.94739938993007, 152, 492148, 492148, 0.005052821710705757, 0.8682389259338379
4388, 0.6071334084990667, 2, 18.55150199914351, 134, 492282, 492282, 0.0051392302848398685, 0.8741527795791626
4389, 0.7156453518400667, 2, 14.933731654193252, 107, 492389, 492389, 0.005814804695546627, 0.8680217862129211
4390, 0.3779667724738829, 2, 18.2714994805865, 132, 492521, 492521, 0.005501175299286842, 0.8688649535179138
4391, -0.8152663110522553, 2, 25.191850177012384, 184, 492705, 492705, 0.005052711348980665, 0.8799718022346497
4392, -1.1602761414833367, 2, 4.601024481933564, 30, 492735, 492735, 0.005023899953812361, 0.8495293259620667
4393, -6.277829190716147, 4, 44.10356520488858, 324, 493059, 493059, 0.005246567074209452, 0.8705440759658813
4394, 0.8534308711532503, 2, 8.601242444943637, 60, 493119, 493119, 0.005112319253385067, 0.8717098236083984
4395, 0.321561711247341, 2, 18.251036485191435, 132, 493251, 493251, 0.005827941931784153, 0.8681921362876892
4396, 0.42917444719932973, 2, 4.833909697365016, 32, 493283, 493283, 0.004871935583651066, 0.8722871541976929
4397, 0.7333883368519309, 2, 16.786399933043867, 121, 493404, 493404, 0.005030572880059481, 0.868655800819397
4398, 0.016871835963684134, 2, 9.250734153203666, 65, 493469, 493469, 0.005038822535425425, 0.8626198172569275
4399, 0.5446940463734791, 2, 12.496945364400744, 89, 493558, 493558, 0.004961276426911354, 0.8754759430885315
4400, 1.0217605612779153, 2, 17.58037636289373, 127, 493685, 493685, 0.004839559085667133, 0.8745119571685791
4401, 0.8725471736346435, 2, 15.432133591268212, 111, 493796, 493796, 0.005236329976469278, 0.8741629719734192
4402, 0.7700855220755329, 2, 16.582768046297133, 119, 493915, 493915, 0.005029125604778528, 0.8758633136749268
4403, 1.001738295701216, 2, 15.166471705771983, 109, 494024, 494024, 0.004962920676916838, 0.8794081211090088
4404, 0.3038771039718995, 2, 18.35502276662737, 133, 494157, 494157, 0.005000826437026262, 0.8775809407234192
4405, 0.32145916030276567, 2, 17.971063047181815, 130, 494287, 494287, 0.004984472878277302, 0.875138521194458
4406, 0.7581492151075508, 2, 19.810032261069864, 144, 494431, 494431, 0.005013201851397753, 0.8635702729225159
4407, 0.4338609603000805, 2, 11.987081119325012, 85, 494516, 494516, 0.005179946776479483, 0.8702775835990906
4408, 0.811185713391751, 2, 11.50788685400039, 82, 494598, 494598, 0.00500292656943202, 0.8668803572654724
4409, -0.15712517779320478, 2, 8.329182085115463, 58, 494656, 494656, 0.005500878673046827, 0.8849465847015381
4410, -0.6857253848138498, 2, 11.774379327893257, 84, 494740, 494740, 0.004923855885863304, 0.8728375434875488
4411, -0.09355222895101178, 2, 6.433572459034622, 44, 494784, 494784, 0.005313967354595661, 0.8632171750068665
4412, 0.2684896289865719, 2, 22.43393089203164, 163, 494947, 494947, 0.005135714076459408, 0.8835849761962891
4413, 1.131006941839587, 2, 16.00512733636424, 115, 495062, 495062, 0.00526953162625432, 0.8662773370742798
4414, 0.8476320169866085, 2, 8.333572966977954, 58, 495120, 495120, 0.004921587184071541, 0.8792349696159363
4415, 0.5032372536370531, 2, 14.129770413972437, 101, 495221, 495221, 0.004875536076724529, 0.8588205575942993
4416, -0.1774960793190985, 2, 26.164117102045566, 191, 495412, 495412, 0.00513351010158658, 0.8609346151351929
4417, 0.18066551676020026, 2, 5.2464902750216424, 35, 495447, 495447, 0.005197254475206137, 0.8868209719657898
4418, -0.039164681191323325, 2, 21.187611307017505, 154, 495601, 495601, 0.005218361038714647, 0.8707761168479919
4419, 0.8430999223492108, 2, 14.189610647037625, 102, 495703, 495703, 0.005223159212619066, 0.8692775964736938
4420, -0.27241081977263093, 2, 5.487255157902837, 37, 495740, 495740, 0.004800793249160051, 0.8691365122795105
4421, 0.08447391237132251, 2, 6.405001039151102, 44, 495784, 495784, 0.004970492795109749, 0.8792402744293213
4422, 1.2186735519062495, 2, 15.187136609107256, 109, 495893, 495893, 0.004715424962341785, 0.8639749884605408
4423, 0.37646818737266585, 2, 14.214672306086868, 102, 495995, 495995, 0.004926598630845547, 0.8730213046073914
4424, 1.1220613415125626, 2, 22.309246708173305, 162, 496157, 496157, 0.004891409073024988, 0.8744341135025024
4425, -0.14574793446809053, 2, 5.250085647217929, 35, 496192, 496192, 0.005044601857662201, 0.8741779923439026
4426, 0.8492914348607883, 2, 16.687014542985708, 120, 496312, 496312, 0.005050144158303738, 0.8639875054359436
4427, 0.7611396419815719, 2, 18.526770634111017, 134, 496446, 496446, 0.005069197155535221, 0.8693904876708984
4428, 0.8048147780973522, 2, 15.648580837063491, 112, 496558, 496558, 0.004953586962074041, 0.8763087391853333
4429, 0.49481615680269897, 2, 9.237531330436468, 65, 496623, 496623, 0.004912732634693384, 0.8659321069717407
4430, -0.6073973581660539, 2, 4.977919321041554, 33, 496656, 496656, 0.005695404019206762, 0.857310950756073
4431, 0.9036948824941646, 2, 16.049044496845454, 116, 496772, 496772, 0.005063112825155258, 0.8655732870101929
4432, 1.188239639159292, 2, 8.999378542881459, 63, 496835, 496835, 0.00506749888882041, 0.8658369779586792
4433, -0.99407846305985, 2, 6.040098055731505, 41, 496876, 496876, 0.004908992908895016, 0.8688883781433105
4434, 0.5799382732948288, 2, 9.134218572638929, 64, 496940, 496940, 0.006142603233456612, 0.878965437412262
4435, -0.9118290750775486, 2, 4.711301984265447, 31, 496971, 496971, 0.00494502205401659, 0.867314875125885
4436, 0.8842494187119883, 2, 13.462002316024154, 96, 497067, 497067, 0.00508385943248868, 0.8635557293891907
4437, 0.8863733189646155, 2, 17.456441046204418, 126, 497193, 497193, 0.005155209451913834, 0.8745563626289368
4438, 0.12384507163369562, 2, 20.142684208229184, 146, 497339, 497339, 0.0051787314005196095, 0.869148850440979
4439, 0.8206954004708678, 2, 9.438148761168122, 66, 497405, 497405, 0.005048161838203669, 0.8688230514526367
4440, 0.23701534297470062, 2, 20.986054270062596, 150, 497555, 497555, 0.005063842516392469, 0.8784588575363159
4441, 1.1954674274675199, 2, 14.50008091982454, 104, 497659, 497659, 0.004907108377665281, 0.8717561960220337
4442, 0.829656940390123, 2, 15.005610316060483, 108, 497767, 497767, 0.005365661811083555, 0.8635472059249878
4443, 0.3463211306370795, 2, 19.104974522721022, 138, 497905, 497905, 0.005111032631248236, 0.869430661201477
4444, 0.24144860613159835, 2, 14.77476634643972, 106, 498011, 498011, 0.004664637614041567, 0.8789655566215515
4445, 0.8820372333284467, 2, 15.597718868404627, 112, 498123, 498123, 0.005201580934226513, 0.8583809733390808
4446, 0.9031783323152922, 2, 14.157572290860116, 101, 498224, 498224, 0.004851265344768763, 0.876194417476654
4447, -1.6414149851771072, 2, 4.720009429845959, 31, 498255, 498255, 0.005064491648226976, 0.8664413094520569
4448, -0.05169748613843694, 2, 20.4417581432499, 148, 498403, 498403, 0.005227173212915659, 0.8702490329742432
4449, 1.1158062035101466, 2, 16.408850223757327, 118, 498521, 498521, 0.005034009926021099, 0.8572335839271545
4450, 0.7157505574286915, 2, 21.06626206729561, 153, 498674, 498674, 0.005008199252188206, 0.8720768690109253
4451, 0.8620174940360812, 2, 18.654433884192258, 135, 498809, 498809, 0.004849112126976252, 0.8739840388298035
4452, 0.6165106529660989, 2, 16.793440212961286, 121, 498930, 498930, 0.00489807641133666, 0.8633981347084045
4453, 1.2197887612310296, 2, 17.045853830408305, 123, 499053, 499053, 0.005041539669036865, 0.866043210029602
4454, 0.604762394388672, 2, 19.24352753115818, 139, 499192, 499192, 0.004867231473326683, 0.8609325885772705
4455, 0.7905080867058132, 2, 16.75180343305692, 121, 499313, 499313, 0.0049521164037287235, 0.8682063817977905
4456, 0.9869818898732774, 2, 17.096683769952506, 123, 499436, 499436, 0.0049553303979337215, 0.8578686714172363
4457, 0.9690408248425229, 2, 18.949727782979608, 137, 499573, 499573, 0.005262915510684252, 0.8664232492446899
4458, -1.56983700778801, 2, 4.739168685860932, 31, 499604, 499604, 0.004772251006215811, 0.844505786895752
4459, 0.6951307009439915, 2, 18.03802339779213, 130, 499734, 499734, 0.005121826194226742, 0.8638649582862854
4460, 0.3271869958844036, 2, 24.83967551868409, 181, 499915, 499915, 0.005053632892668247, 0.8686108589172363
4461, 0.5953659892547876, 2, 10.05927933100611, 71, 499986, 499986, 0.005053073633462191, 0.8795814514160156
4462, 1.463307010824792, 2, 13.024154183920473, 93, 500079, 500079, 0.005012720823287964, 0.8692123293876648
4463, 0.6365367825419526, 2, 23.65274211904034, 172, 500251, 500251, 0.004988278727978468, 0.8641011714935303
4464, 0.17611967085395008, 2, 9.54419129434973, 67, 500318, 500318, 0.005526537541300058, 0.8724643588066101
4465, 0.6346079614922928, 2, 13.718103969935328, 98, 500416, 500416, 0.0048499321565032005, 0.8858449459075928
4466, 1.0660179352853447, 2, 9.2718087551184, 65, 500481, 500481, 0.005029166117310524, 0.8803755640983582
4467, 1.0989657319441903, 2, 18.157839260064065, 131, 500612, 500612, 0.005007852800190449, 0.8722396492958069
4468, 0.6055511483573355, 2, 18.24914471572265, 132, 500744, 500744, 0.004883308429270983, 0.8745335936546326
4469, 0.6252216879511252, 2, 14.211422861088067, 102, 500846, 500846, 0.005055581219494343, 0.8709449172019958
4470, 0.2811762159180944, 2, 17.05312586389482, 123, 500969, 500969, 0.0050354450941085815, 0.8612682819366455
4471, 1.0160136403574143, 2, 16.93192128231749, 122, 501091, 501091, 0.005256935488432646, 0.8733254075050354
4472, 0.2532236848055618, 2, 20.455323579721153, 148, 501239, 501239, 0.00503922812640667, 0.8646652698516846
4473, 0.4024941480893176, 2, 22.513303564395756, 164, 501403, 501403, 0.005039815325289965, 0.8842344284057617
4474, 0.7687483499321388, 2, 16.303989049978554, 117, 501520, 501520, 0.005132071673870087, 0.8700867891311646
4475, 0.6371411448199069, 2, 19.056599239818752, 138, 501658, 501658, 0.005140801426023245, 0.8523921370506287
4476, 0.6785162815940566, 2, 18.264938417822123, 132, 501790, 501790, 0.00512230210006237, 0.8577972054481506
4477, 0.9348134944157209, 2, 17.365162638947368, 125, 501915, 501915, 0.004873232915997505, 0.8686960339546204
4478, 1.0691380775533617, 2, 15.248675039969385, 109, 502024, 502024, 0.005047654267400503, 0.8700212240219116
4479, 0.6111000452656299, 2, 13.846777778118849, 99, 502123, 502123, 0.0049950978718698025, 0.8743204474449158
4480, 0.5101521107862936, 2, 17.464679890777916, 126, 502249, 502249, 0.0049425698816776276, 0.8609132170677185
4481, 0.5432038769795327, 2, 13.594340033829212, 97, 502346, 502346, 0.006565331015735865, 0.8592467904090881
4482, 0.21419585309922695, 2, 4.94407316390425, 33, 502379, 502379, 0.004931457806378603, 0.8443682193756104
4483, -0.7863028286765257, 2, 35.53395562199876, 260, 502639, 502639, 0.00507676275447011, 0.8679471611976624
4484, 0.32244448200799525, 2, 12.8939725831151, 91, 502730, 502730, 0.005196118261665106, 0.8571438789367676
4485, 1.1298563573509455, 2, 7.142140476964414, 49, 502779, 502779, 0.004752662032842636, 0.8735232353210449
4486, -0.42480756051372737, 2, 6.057557413820177, 41, 502820, 502820, 0.005370000377297401, 0.8782843351364136
4487, 0.5998960740980692, 2, 19.210337094031274, 139, 502959, 502959, 0.004872370511293411, 0.867720901966095
4488, 0.5939084635538165, 2, 20.957115352153778, 152, 503111, 503111, 0.004996787291020155, 0.859401524066925
4489, 0.4600639536365634, 2, 18.99322620034218, 137, 503248, 503248, 0.0050972760654985905, 0.869917094707489
4490, 0.21966653713025153, 2, 4.57955974387005, 30, 503278, 503278, 0.006134504452347755, 0.8511436581611633
4491, 0.5765658522541344, 2, 19.89397053187713, 144, 503422, 503422, 0.005105974152684212, 0.8584710955619812
4492, 0.7204197503306204, 2, 11.17454642103985, 79, 503501, 503501, 0.004897895269095898, 0.8817012310028076
4493, 1.0308316265291069, 2, 18.453247640747577, 133, 503634, 503634, 0.004759780131280422, 0.8811261653900146
4494, -0.44683365093078464, 2, 6.222381880041212, 42, 503676, 503676, 0.005002252757549286, 0.867386519908905
4495, -0.4298322134418413, 2, 20.053980776574463, 145, 503821, 503821, 0.005116595420986414, 0.8588034510612488
4496, 0.7646918020618614, 2, 18.32832919480279, 132, 503953, 503953, 0.004858376923948526, 0.8668784499168396
4497, 0.1307901007530745, 2, 15.185768256895244, 109, 504062, 504062, 0.004798775538802147, 0.8670222163200378
4498, 1.2298590652044368, 2, 14.509492561221123, 104, 504166, 504166, 0.005293537396937609, 0.8638747334480286
4499, 0.9330899227061309, 2, 16.94803852168843, 122, 504288, 504288, 0.005040648393332958, 0.8626145124435425
4500, 0.9955738415737869, 2, 16.673771789763123, 120, 504408, 504408, 0.005053034517914057, 0.8629778623580933
4501, 0.6600388527691692, 2, 24.725218810141087, 180, 504588, 504588, 0.0048913354985415936, 0.8746522068977356
4502, 0.6950916017667623, 2, 18.021145737264305, 130, 504718, 504718, 0.004889090545475483, 0.8680908679962158
4503, 0.7135980259627104, 2, 18.78760078502819, 136, 504854, 504854, 0.005418598651885986, 0.8707013130187988
4504, 0.5664416105973942, 2, 15.346015158109367, 110, 504964, 504964, 0.005317089147865772, 0.8636070489883423
4505, 1.119237603037618, 2, 14.743762196041644, 106, 505070, 505070, 0.005045490339398384, 0.8747319579124451
4506, 0.8806768248905428, 2, 16.14781888993457, 116, 505186, 505186, 0.005226586014032364, 0.8775538206100464
4507, 0.43400698018376715, 2, 18.058062145952135, 130, 505316, 505316, 0.004966707434505224, 0.8632417321205139
4508, 0.02121041856935335, 2, 25.98029036121443, 189, 505505, 505505, 0.005189696792513132, 0.8628764748573303
4509, 0.7214711614651605, 2, 19.43842780496925, 140, 505645, 505645, 0.005240316968411207, 0.873764157295227
4510, 1.1373154535685899, 2, 19.26785256387666, 139, 505784, 505784, 0.0055596609599888325, 0.8651503920555115
4511, 0.5384272733499529, 2, 12.477437105961144, 89, 505873, 505873, 0.005346361547708511, 0.8567168712615967
4512, 0.7050642508547753, 2, 6.978435370139778, 48, 505921, 505921, 0.005082695744931698, 0.8636917471885681
4513, -0.18477957241702825, 2, 6.588548969943076, 45, 505966, 505966, 0.005191846750676632, 0.8695744276046753
4514, -0.12282827438320965, 2, 6.191672696731985, 42, 506008, 506008, 0.005146991461515427, 0.8857423067092896
4515, 1.049957596231252, 2, 18.047248353250325, 130, 506138, 506138, 0.005220527295023203, 0.8692613840103149
4516, 0.6884804775254452, 2, 20.835863966029137, 151, 506289, 506289, 0.005158417858183384, 0.8740650415420532
4517, 1.042185784666799, 2, 15.468833955004811, 111, 506400, 506400, 0.005225854925811291, 0.8714892864227295
4518, 0.7893774911644869, 2, 18.860216533765197, 136, 506536, 506536, 0.005153391510248184, 0.8695911169052124
4519, 0.9134346454666229, 2, 15.311405824963003, 110, 506646, 506646, 0.005063137039542198, 0.8643684387207031
4520, 0.7176979497889988, 2, 17.495780562981963, 126, 506772, 506772, 0.005324802827090025, 0.8707946538925171
4521, -0.0678158039227128, 2, 4.536190383136272, 30, 506802, 506802, 0.0055035497061908245, 0.8839049935340881
4522, 0.1685540908947587, 2, 4.556318677030504, 30, 506832, 506832, 0.00503294263035059, 0.8548442125320435
4523, 0.6020497621502727, 2, 18.55189111502841, 134, 506966, 506966, 0.004976319614797831, 0.8726393580436707
4524, 0.8010727394448622, 2, 12.643299952615052, 90, 507056, 507056, 0.005116572137922049, 0.8624127507209778
4525, 0.4963795006915461, 2, 14.868942007422447, 107, 507163, 507163, 0.004862080793827772, 0.8673539161682129
4526, 0.9781121983251069, 2, 17.933928311802447, 129, 507292, 507292, 0.0051847947761416435, 0.8541481494903564
4527, 0.6078866374155041, 2, 12.899575918912888, 92, 507384, 507384, 0.005110852420330048, 0.8618999719619751
4528, 0.8546236259344369, 2, 24.75346463592723, 180, 507564, 507564, 0.00518314354121685, 0.8657399415969849
4529, 0.8049832182769023, 2, 15.729177929926664, 113, 507677, 507677, 0.005044258199632168, 0.8696900606155396
4530, 0.9242300156813599, 2, 17.423797849100083, 125, 507802, 507802, 0.005163886118680239, 0.8744734525680542
4531, 0.5836611281411024, 2, 17.469754558987916, 126, 507928, 507928, 0.005115903448313475, 0.8579281568527222
4532, 0.04594042678945698, 2, 14.15989901125431, 101, 508029, 508029, 0.005064778495579958, 0.8778085112571716
4533, 0.9854021437640768, 2, 19.059987735003233, 138, 508167, 508167, 0.004892190918326378, 0.8654887676239014
4534, -0.3175706616602838, 2, 11.73365867184475, 83, 508250, 508250, 0.005323444958776236, 0.8660678863525391
4535, -1.5791108943521976, 2, 4.71141601074487, 31, 508281, 508281, 0.005202793516218662, 0.8561808466911316
4536, 0.038951868773438036, 2, 4.738475417718291, 31, 508312, 508312, 0.005693598184734583, 0.8494600057601929
4537, -0.0018890472128987312, 2, 5.211386815179139, 35, 508347, 508347, 0.005118176806718111, 0.8663931488990784
4538, -0.3510410867165774, 2, 6.617560935672373, 45, 508392, 508392, 0.005887285806238651, 0.8389794826507568
4539, 0.754489807641221, 2, 19.424286923836917, 141, 508533, 508533, 0.005409216973930597, 0.8618952035903931
4540, 1.0205084583139978, 2, 16.948161009233445, 122, 508655, 508655, 0.00525651453062892, 0.8712318539619446
4541, 1.1016549260821193, 2, 11.94979548919946, 85, 508740, 508740, 0.004902904387563467, 0.8585329651832581
4542, 0.7148470189422369, 2, 14.815694684162736, 106, 508846, 508846, 0.004935393575578928, 0.873397171497345
4543, 0.6827865838858997, 2, 16.55689445277676, 119, 508965, 508965, 0.005294527392834425, 0.8646160960197449
4544, 0.5638157554785721, 2, 19.864540269598365, 143, 509108, 509108, 0.005293014459311962, 0.8569096922874451
4545, 1.0451995006587822, 2, 17.44713514111936, 126, 509234, 509234, 0.004840210545808077, 0.864254355430603
4546, 0.8783921436915989, 2, 19.70104338414967, 142, 509376, 509376, 0.0059889075346291065, 0.8591343760490417
4547, 0.9785956140685812, 2, 19.224304819013923, 139, 509515, 509515, 0.005694163031876087, 0.8679888248443604
4548, 0.617568775152904, 2, 18.633519439958036, 134, 509649, 509649, 0.005111333914101124, 0.8729193210601807
4549, 0.9078506156074582, 2, 15.648883312009275, 112, 509761, 509761, 0.00507196132093668, 0.8720499873161316
4550, 0.7406567319994792, 2, 17.3156888182275, 125, 509886, 509886, 0.00533335329964757, 0.8611385226249695
4551, 0.8106561839667847, 2, 18.92021908191964, 137, 510023, 510023, 0.005323105026036501, 0.873921275138855
4552, 0.5685389390273485, 2, 16.021901081316173, 115, 510138, 510138, 0.005108180455863476, 0.8710120320320129
4553, -0.05654388107359409, 2, 5.920421937014908, 40, 510178, 510178, 0.005815411452203989, 0.8781336545944214
4554, -1.50857062661089, 2, 6.335278013721108, 43, 510221, 510221, 0.005369038786739111, 0.8629962801933289
4555, -0.2916118052089587, 2, 6.209596371278167, 42, 510263, 510263, 0.005185035988688469, 0.877455472946167
4556, 0.16778889950364828, 2, 10.74382411269471, 76, 510339, 510339, 0.004939933307468891, 0.8580844402313232
4557, 0.5420678423251957, 2, 20.475208956282586, 148, 510487, 510487, 0.004977317992597818, 0.8664607405662537
4558, 1.1078193972352892, 2, 17.937004380859435, 129, 510616, 510616, 0.005610411521047354, 0.8671943545341492
4559, 0.9636919652111828, 2, 18.31428874982521, 132, 510748, 510748, 0.005228111054748297, 0.8496366739273071
4560, 0.4932953949319199, 2, 16.054360284935683, 115, 510863, 510863, 0.005191974341869354, 0.8693029880523682
4561, 0.8040563469548943, 2, 18.036228708922863, 130, 510993, 510993, 0.005185693968087435, 0.8612593412399292
4562, 0.7716635072429199, 2, 20.409442881587893, 148, 511141, 511141, 0.005095941014587879, 0.8594220280647278
4563, -0.27159486524760723, 2, 6.610997348092496, 45, 511186, 511186, 0.005432405509054661, 0.8545640707015991
4564, 1.0216052758623846, 2, 16.14184814179316, 116, 511302, 511302, 0.005334766115993261, 0.8533227443695068
4565, 0.9258868751057889, 2, 17.75936906412244, 128, 511430, 511430, 0.005123360548168421, 0.8598788380622864
4566, 0.5413301879380015, 2, 19.77767871506512, 143, 511573, 511573, 0.005065518897026777, 0.8591040968894958
4567, 0.8640996479953174, 2, 19.1198666007258, 138, 511711, 511711, 0.004906286485493183, 0.8749785423278809
4568, 0.8200770801049657, 2, 16.467580824159086, 118, 511829, 511829, 0.005320434924215078, 0.861196756362915
4569, -0.9691846249625087, 2, 4.57031573401764, 30, 511859, 511859, 0.004975209478288889, 0.8639291524887085
4570, -2.2815521867014468, 4, 44.15196073707193, 324, 512183, 512183, 0.0050589945167303085, 0.8651902675628662
4571, 0.20962365878222045, 2, 29.161175372079015, 213, 512396, 512396, 0.005510234273970127, 0.8619719743728638
4572, 0.448133310477715, 2, 20.73892663512379, 150, 512546, 512546, 0.005101901479065418, 0.866912305355072
4573, 0.7366528458660468, 2, 16.722009730990976, 120, 512666, 512666, 0.00523204542696476, 0.8672335147857666
4574, 0.9420149727202443, 2, 18.052310382016003, 130, 512796, 512796, 0.00489017041400075, 0.8529002666473389
4575, 0.8915538141591242, 2, 17.370392088778317, 125, 512921, 512921, 0.005292986053973436, 0.8642048835754395
4576, -0.21113258169498295, 2, 5.277282299939543, 35, 512956, 512956, 0.005469812545925379, 0.8399136662483215
4577, 0.7830847166769672, 2, 16.524632963817567, 119, 513075, 513075, 0.0051718419417738914, 0.8606072664260864
4578, -0.3370601391652599, 2, 7.154465579427779, 49, 513124, 513124, 0.005011378787457943, 0.8662116527557373
4579, -0.6280592097900808, 2, 6.341846354305744, 43, 513167, 513167, 0.005529126618057489, 0.8661971688270569
4580, 1.037080741392856, 2, 18.425665460061282, 133, 513300, 513300, 0.005776697304099798, 0.8649136424064636
4581, 0.5049307330664305, 2, 16.94136628182605, 122, 513422, 513422, 0.005390803795307875, 0.871204137802124
4582, 0.6147393748906325, 2, 18.735329835209996, 135, 513557, 513557, 0.005214865785092115, 0.8662068843841553
4583, 0.7103897839551792, 2, 9.27851032698527, 65, 513622, 513622, 0.0052572619169950485, 0.867314875125885
4584, 1.127306325795871, 2, 18.003529510926455, 130, 513752, 513752, 0.005420053843408823, 0.8494752645492554
4585, 0.8342724277172238, 2, 12.635052966885269, 90, 513842, 513842, 0.004976536612957716, 0.8620958924293518
4586, 0.5249130980737391, 2, 16.791361720766872, 121, 513963, 513963, 0.005009068176150322, 0.8640944361686707
4587, -0.011345245060510933, 2, 6.596502935979515, 45, 514008, 514008, 0.005131810903549194, 0.8542681336402893
4588, 1.0705063391360454, 2, 18.27878343174234, 132, 514140, 514140, 0.005130886100232601, 0.8551828265190125
4589, 0.44574905835906975, 2, 13.035300381015986, 93, 514233, 514233, 0.0052034552209079266, 0.864873468875885
4590, 0.9093588618916328, 2, 14.803894283249974, 106, 514339, 514339, 0.005227319896221161, 0.8753601908683777
4591, 0.7251061610004399, 2, 18.144858063198626, 131, 514470, 514470, 0.005067117977887392, 0.8670312762260437
4592, -1.5492198023712263, 2, 4.704895423725247, 31, 514501, 514501, 0.0046775247901678085, 0.8750648498535156
4593, 0.7795859740290325, 2, 16.690321059897542, 120, 514621, 514621, 0.005000247620046139, 0.8572698831558228
4594, 0.4095937626552768, 2, 13.866293271072209, 99, 514720, 514720, 0.005070482846349478, 0.8730473518371582
4595, 0.403876973905426, 2, 19.066071858629584, 137, 514857, 514857, 0.005260828882455826, 0.8655306100845337
4596, -0.12342632743821014, 2, 18.366658606100827, 130, 514987, 514987, 0.005206291098147631, 0.8638935685157776
4597, 0.15729258990177186, 2, 19.532399232964963, 139, 515126, 515126, 0.005617853254079819, 0.862898051738739
4598, 0.4290592165198177, 2, 4.89448762871325, 32, 515158, 515158, 0.004785576835274696, 0.8515475392341614
4599, 0.9635985978529789, 2, 18.064159526955336, 128, 515286, 515286, 0.005324941128492355, 0.8564565181732178
4600, 0.7029828779859599, 2, 19.991366680245847, 142, 515428, 515428, 0.0054152170196175575, 0.8667322993278503
4601, 0.668291441979818, 2, 18.258940195199102, 130, 515558, 515558, 0.005277632270008326, 0.8621817827224731
4602, 0.7432830065663438, 2, 12.447158767841756, 87, 515645, 515645, 0.005305771715939045, 0.865204393863678
4603, 1.0142685307619104, 2, 17.872495951596648, 127, 515772, 515772, 0.005114436149597168, 0.8721447587013245
4604, 0.7270105514908209, 2, 18.745764506049454, 134, 515906, 515906, 0.005185908172279596, 0.858476459980011
4605, 0.5018559738236945, 2, 18.620981445070356, 132, 516038, 516038, 0.00523806270211935, 0.8606464266777039
4606, 1.079443069320405, 2, 15.854385531041771, 112, 516150, 516150, 0.005235838703811169, 0.8627238869667053
4607, -0.9951975025469437, 2, 4.670242439955473, 30, 516180, 516180, 0.004877965431660414, 0.8457909226417542
4608, 0.1721656215377152, 2, 4.9091369062662125, 32, 516212, 516212, 0.004992292728275061, 0.8619791269302368
4609, 0.33372676093131304, 2, 18.173686225898564, 129, 516341, 516341, 0.005273125134408474, 0.85528963804245
4610, 0.7408260143129155, 2, 16.28422078723088, 115, 516456, 516456, 0.005144765134900808, 0.8692411780357361
4611, 0.8708884537336417, 2, 19.003965036012232, 135, 516591, 516591, 0.005590338725596666, 0.8564550280570984
4612, 0.9515752873849124, 2, 15.267785182688385, 108, 516699, 516699, 0.005144405644387007, 0.8630241751670837
4613, 0.5250975429298705, 2, 16.97960387961939, 120, 516819, 516819, 0.00524391233921051, 0.849148690700531
4614, 1.0916862867888995, 2, 13.231998926959932, 93, 516912, 516912, 0.004935053177177906, 0.8613867163658142
4615, 0.2437977987283375, 2, 19.543021655175835, 139, 517051, 517051, 0.005227725952863693, 0.8630061149597168
4616, 0.9281708239859654, 2, 15.72378882393241, 111, 517162, 517162, 0.0051293703727424145, 0.8688454031944275
4617, 0.7673048841534182, 2, 19.194617932662368, 136, 517298, 517298, 0.005215834826231003, 0.8508753776550293
4618, 0.1377812473801896, 2, 10.801107668783516, 75, 517373, 517373, 0.005080134142190218, 0.8453101515769958
4619, 0.7184608777752146, 2, 19.271617548074573, 137, 517510, 517510, 0.005204373970627785, 0.8518110513687134
4620, 0.6429734301600547, 2, 19.960193228907883, 142, 517652, 517652, 0.005289426073431969, 0.866718053817749
4621, 0.8797131145256571, 2, 16.94877950521186, 120, 517772, 517772, 0.00504952622577548, 0.8663602471351624
4622, 0.9540319013176486, 2, 14.033111889380962, 99, 517871, 517871, 0.0052489060908555984, 0.8628153800964355
4623, -1.897878114848936, 2, 42.95002746395767, 310, 518181, 518181, 0.005106212105602026, 0.8641364574432373
4624, 0.7872640886344016, 2, 14.38302068784833, 101, 518282, 518282, 0.00536164129152894, 0.8664590716362
4625, 0.4949289788164606, 2, 22.645516535267234, 161, 518443, 518443, 0.005136783700436354, 0.8579897880554199
4626, 0.5795384640059638, 2, 17.003181543201208, 120, 518563, 518563, 0.005303993355482817, 0.8646475672721863
4627, 0.876067282340955, 2, 18.378763331100345, 130, 518693, 518693, 0.005371070932596922, 0.8617463707923889
4628, -0.1401627118466422, 2, 8.378040454816073, 57, 518750, 518750, 0.005067410878837109, 0.8647359013557434
4629, 0.7403040623757988, 2, 9.008326863870025, 62, 518812, 518812, 0.005255712196230888, 0.869088888168335
4630, 0.7030033218907192, 2, 12.864349350333214, 90, 518902, 518902, 0.005284770391881466, 0.8678522109985352
4631, 0.6625413805013523, 2, 10.623338729143143, 74, 518976, 518976, 0.005307592451572418, 0.8690873384475708
4632, 0.9373542441462632, 2, 18.606114172842354, 132, 519108, 519108, 0.0050874981097877026, 0.862674355506897
4633, 0.6272022611228749, 2, 10.821188575122505, 75, 519183, 519183, 0.005021313671022654, 0.857291579246521
4634, 0.9401998042594641, 2, 8.6487226318568, 59, 519242, 519242, 0.005170569755136967, 0.8540335297584534
4635, 0.5207874805637402, 2, 19.163902916014194, 136, 519378, 519378, 0.005062523763626814, 0.8687475323677063
4636, 0.9159304406493902, 2, 11.3388218912296, 78, 519456, 519456, 0.005232773255556822, 0.8666014075279236
4637, 0.46032965381164104, 2, 17.124277534894645, 121, 519577, 519577, 0.005142290145158768, 0.8597643375396729
4638, 0.6773456664159312, 2, 24.01986459083855, 171, 519748, 519748, 0.005048604682087898, 0.8558743000030518
4639, -0.1080758346724906, 2, 24.958171722013503, 178, 519926, 519926, 0.0053049055859446526, 0.8577255010604858
4640, 0.8140431301726494, 2, 18.13726034294814, 128, 520054, 520054, 0.005306286737322807, 0.8527742028236389
4641, 0.5921548708574846, 2, 19.986625160090625, 142, 520196, 520196, 0.004819695372134447, 0.8680084943771362
4642, 0.8093601323707844, 2, 17.89808512898162, 127, 520323, 520323, 0.005056190304458141, 0.8596963882446289
4643, 1.077304141363129, 2, 15.526275134179741, 109, 520432, 520432, 0.005145695060491562, 0.8770179152488708
4644, 1.0405339128919877, 2, 16.832353299017996, 119, 520551, 520551, 0.005066973622888327, 0.8578180074691772
4645, 1.0102338703582063, 2, 18.183373478241265, 129, 520680, 520680, 0.005325693637132645, 0.858871340751648
4646, 0.0884839082355029, 2, 20.44568153191358, 145, 520825, 520825, 0.005098223686218262, 0.863552987575531
4647, 0.03917565148731228, 2, 19.656137561891228, 139, 520964, 520964, 0.005118273664265871, 0.8596392869949341
4648, 0.9891511667447048, 2, 15.472609023097903, 109, 521073, 521073, 0.005163794383406639, 0.8606995344161987
4649, 0.9906905621755868, 2, 15.163862043060362, 108, 521181, 521181, 0.004882302135229111, 0.8719395995140076
4650, -0.40449194388929754, 2, 21.693120239768177, 156, 521337, 521337, 0.0054336609318852425, 0.8669314980506897
4651, 0.63830554287415, 2, 8.49902307568118, 59, 521396, 521396, 0.005217238795012236, 0.852595329284668
4652, 0.4691473670536652, 2, 8.360518004279584, 58, 521454, 521454, 0.0053798439912498, 0.8518099784851074
4653, 0.9977274927659892, 2, 16.56910515902564, 119, 521573, 521573, 0.005129983648657799, 0.8561974167823792
4654, 0.09886810659008916, 2, 23.9987491639331, 174, 521747, 521747, 0.005177335347980261, 0.8635920286178589
4655, -0.0553910625167191, 2, 6.131205099169165, 41, 521788, 521788, 0.005033573601394892, 0.8531752824783325
4656, 0.8919419739977457, 2, 19.156774775125086, 136, 521924, 521924, 0.005807829089462757, 0.8566370606422424
4657, 0.7480916215572506, 2, 16.308270720764995, 116, 522040, 522040, 0.005271136295050383, 0.8637326955795288
4658, 0.5310483638713777, 2, 16.623376817908138, 119, 522159, 522159, 0.005177235696464777, 0.8695240616798401
4659, 0.28467901601493395, 2, 28.354101294185966, 206, 522365, 522365, 0.005061060655862093, 0.8653350472450256
4660, 0.5789077148074284, 2, 11.823383648879826, 83, 522448, 522448, 0.00522516667842865, 0.8515997529029846
4661, 0.2369916886127612, 2, 20.14809515280649, 144, 522592, 522592, 0.005318270064890385, 0.8579185605049133
4662, 0.20035134023055434, 2, 5.6470482111908495, 38, 522630, 522630, 0.005258146673440933, 0.8537030220031738
4663, 0.9578389351954684, 2, 17.083464523777366, 122, 522752, 522752, 0.005118947476148605, 0.8689338564872742
4664, 0.5989447614192613, 2, 20.629198702052236, 149, 522901, 522901, 0.004937184974551201, 0.8654504418373108
4665, 0.9441882509618154, 2, 17.46840731194243, 125, 523026, 523026, 0.005283268168568611, 0.8508324027061462
4666, 0.6099876752123237, 2, 18.369237659033388, 132, 523158, 523158, 0.005587741266936064, 0.8559257388114929
4667, 0.5260321993846446, 2, 10.147565633058548, 71, 523229, 523229, 0.00516990153118968, 0.866744875907898
4668, 0.7460436385008506, 2, 19.420530302915722, 139, 523368, 523368, 0.005046217702329159, 0.8588223457336426
4669, 0.6507393797801342, 2, 16.01471724221483, 115, 523483, 523483, 0.00518247252330184, 0.864837646484375
4670, 0.5475974240689538, 2, 17.689346432685852, 127, 523610, 523610, 0.005162308923900127, 0.8516786694526672
4671, 0.3786866891023237, 2, 18.839841027744114, 136, 523746, 523746, 0.005147028248757124, 0.8715559840202332
4672, -0.0421371432748856, 2, 23.352546993177384, 169, 523915, 523915, 0.005091497674584389, 0.8573938608169556
4673, 0.463626817218028, 2, 19.159123702906072, 138, 524053, 524053, 0.005088627338409424, 0.8559390306472778
4674, 0.8100861266084394, 2, 20.29024599539116, 145, 524198, 524198, 0.005188116803765297, 0.8633232712745667
4675, 0.6062990615610033, 2, 14.047657242976129, 100, 524298, 524298, 0.005486580077558756, 0.8619934916496277
4676, -9.415594726568088, 4, 44.1385984509252, 320, 524618, 524618, 0.005090868566185236, 0.8575038909912109
4677, 0.9195963363163173, 2, 13.830480124801397, 98, 524716, 524716, 0.006058982573449612, 0.8487894535064697
4678, 0.23067632524180226, 2, 17.68677784083411, 127, 524843, 524843, 0.0056862677447497845, 0.8575314879417419
4679, 0.8315663585490256, 2, 16.733358515892178, 119, 524962, 524962, 0.005199857987463474, 0.8653689622879028
4680, 0.8950493064839975, 2, 20.32606881018728, 146, 525108, 525108, 0.005427968222647905, 0.868245542049408
4681, 0.7944152382406173, 2, 7.945019820239395, 55, 525163, 525163, 0.005297760479152203, 0.8526118397712708
