episode, reward, success, duration, steps, total_steps, memory length, avg_critic_loss, avg_actor_loss
1, -2.3976173324044794, 2, 4.1895807049986615, 30, 15014, 15014, 0.007570537272840738, 0.820454478263855
2, -2.6524180425330997, 2, 11.3265578190003, 87, 15101, 15101, 0.008465275168418884, 0.8293547630310059
3, -2.9336673421785235, 2, 23.647295991999272, 186, 15287, 15287, 0.008881820365786552, 0.8418319821357727
4, -2.8313874675659463, 4, 40.181244107003295, 319, 15606, 15606, 0.008547257632017136, 0.8529759049415588
5, -3.226122014981229, 2, 26.722442999998748, 211, 15817, 15817, 0.008689580485224724, 0.8654191493988037
6, -7.965937516419217, 4, 40.155525514001056, 322, 16139, 16139, 0.008016346022486687, 0.8854458332061768
7, -3.4797327554260846, 2, 33.4953951360003, 266, 16405, 16405, 0.00801454670727253, 0.8942554593086243
8, -2.3005290721775964, 2, 8.690672648001055, 66, 16471, 16471, 0.008026860654354095, 0.9017839431762695
9, -2.542859758788836, 2, 4.208077536000928, 30, 16501, 16501, 0.008389967493712902, 0.8952881097793579
10, -5.95008397102356, 4, 40.1116482489997, 319, 16820, 16820, 0.0077549759298563, 0.8972817659378052
11, -2.8965485584922135, 2, 22.479951067998627, 177, 16997, 16997, 0.0077141039073467255, 0.9018423557281494
12, -2.485468072933145, 2, 16.440673032000632, 128, 17125, 17125, 0.007558152545243502, 0.9065360426902771
13, 4.2538505411939695, 1, 26.4266143729983, 209, 17334, 17334, 0.007317581679672003, 0.89791339635849
14, -2.589232395635918, 2, 17.362839462999546, 136, 17470, 17470, 0.009173832833766937, 0.9003829956054688
15, -2.292300875298679, 2, 8.955880027999228, 68, 17538, 17538, 0.006974703166633844, 0.9052570462226868
16, -2.3968962357757846, 2, 6.171179543998733, 46, 17584, 17584, 0.007326128892600536, 0.9186254739761353
17, -2.922977176203858, 2, 19.08920035399933, 150, 17734, 17734, 0.007299948483705521, 0.9208362698554993
18, -6.334426396293566, 4, 40.13652582800205, 320, 18054, 18054, 0.007340379059314728, 0.9217297434806824
19, -4.8507317715120735, 2, 35.58809959499922, 283, 18337, 18337, 0.00787813775241375, 0.9261646866798401
20, -3.4250100553617813, 2, 29.77074575000006, 236, 18573, 18573, 0.0087250592187047, 0.9344756603240967
21, -2.7455264749005437, 2, 9.815971775002254, 75, 18648, 18648, 0.006771460175514221, 0.932334303855896
22, -2.570755827240646, 2, 4.185549562000233, 30, 18678, 18678, 0.008887060917913914, 0.934565007686615
23, -2.477165104006417, 2, 9.376537390999147, 71, 18749, 18749, 0.008661267347633839, 0.9376516342163086
24, -3.2115021675417665, 2, 15.81423579300099, 123, 18872, 18872, 0.007060171104967594, 0.9416501522064209
25, -2.3054726748960093, 2, 6.993188243999612, 52, 18924, 18924, 0.009017465636134148, 0.9549710154533386
26, -2.413883674889803, 2, 10.196036817000277, 78, 19002, 19002, 0.00664941081777215, 0.9420687556266785
27, -3.0622310492108227, 2, 22.78046980200088, 179, 19181, 19181, 0.007067646831274033, 0.9524000883102417
28, -2.352387068560347, 2, 8.787072844002978, 67, 19248, 19248, 0.008227942511439323, 0.9506784081459045
29, -2.351698547252454, 2, 10.844049162999, 83, 19331, 19331, 0.006762953475117683, 0.9522001147270203
30, -2.3727310072863474, 2, 10.519867118997354, 81, 19412, 19412, 0.006235166918486357, 0.955978274345398
31, -3.376826513958804, 4, 40.14398765200167, 319, 19731, 19731, 0.007339955773204565, 0.9606163501739502
32, -4.836603397736326, 2, 21.9438052100013, 173, 19904, 19904, 0.006271390710026026, 0.9648756980895996
33, -3.853280982468277, 2, 24.06733636699937, 190, 20094, 20094, 0.007080167066305876, 0.9734646677970886
34, -2.705597699736245, 2, 17.183122140002524, 135, 20229, 20229, 0.007097398862242699, 0.9674943685531616
35, -2.366395463119261, 2, 6.079770412998187, 45, 20274, 20274, 0.006759711541235447, 0.9782376885414124
36, -2.2263715871376917, 2, 5.076228144000197, 37, 20311, 20311, 0.006448833737522364, 0.9919522404670715
37, -2.9946772451658035, 2, 23.951688517998264, 190, 20501, 20501, 0.007192980498075485, 0.9931436777114868
38, -2.82093298365362, 2, 15.554525548999663, 121, 20622, 20622, 0.006509854458272457, 0.9959735870361328
39, 3.859473357675597, 1, 26.745374633999745, 211, 20833, 20833, 0.006561853922903538, 0.9868557453155518
40, -2.242816993733868, 2, 6.3592790900002, 47, 20880, 20880, 0.007810508832335472, 0.9935688376426697
41, -2.628871221910231, 2, 12.148446389001037, 94, 20974, 20974, 0.007302859798073769, 0.989952802658081
42, -2.809613616554998, 2, 11.606880131999787, 90, 21064, 21064, 0.007479420863091946, 0.9884544610977173
43, -2.6242737792344997, 2, 17.841618250000465, 140, 21204, 21204, 0.006832107901573181, 1.0048109292984009
44, -2.4263337106094696, 2, 7.9441206219999, 60, 21264, 21264, 0.009249833412468433, 1.0033093690872192
45, -3.5730507852858864, 2, 31.783897495999554, 253, 21517, 21517, 0.007740751840174198, 1.0102015733718872
46, -2.9896934509451967, 2, 16.77521688900015, 132, 21649, 21649, 0.0066345552913844585, 1.0087677240371704
47, -2.328192063549068, 2, 4.464217201999418, 32, 21681, 21681, 0.008759813383221626, 1.0107477903366089
48, -2.6205696495017037, 2, 16.460736970999278, 129, 21810, 21810, 0.007861447520554066, 1.0114150047302246
49, -2.2081457029562443, 2, 4.494041345002188, 32, 21842, 21842, 0.00830227043479681, 1.0236512422561646
50, -2.2753398888744414, 2, 7.700543218001258, 58, 21900, 21900, 0.009186999872326851, 1.0199767351150513
51, -2.691797314560972, 2, 10.220753838999372, 79, 21979, 21979, 0.006394661497324705, 1.025156855583191
52, -7.1262946729548275, 4, 40.08659912800067, 321, 22300, 22300, 0.007377448491752148, 1.022937536239624
53, -2.3766989384312183, 2, 9.961926608000795, 77, 22377, 22377, 0.006410462781786919, 1.0278651714324951
54, -2.1748339250916615, 2, 4.818945882998378, 35, 22412, 22412, 0.010569940321147442, 1.0338208675384521
55, -3.599739519365073, 2, 14.419372655000188, 113, 22525, 22525, 0.006552266422659159, 1.0335297584533691
56, -2.5223944407189265, 2, 14.81376366800032, 115, 22640, 22640, 0.006660994607955217, 1.0385502576828003
57, -2.285300030489452, 2, 4.297620935998566, 30, 22670, 22670, 0.008122686296701431, 1.0446088314056396
58, -2.3039551007095724, 2, 5.950268783002684, 44, 22714, 22714, 0.007760448846966028, 1.047753095626831
59, -2.4262258822564036, 2, 4.195742136998888, 30, 22744, 22744, 0.005809927824884653, 1.0503078699111938
60, -2.5312266824766994, 2, 9.109152075998281, 70, 22814, 22814, 0.006575987674295902, 1.047576904296875
61, -6.50315251853317, 4, 40.111368010999286, 321, 23135, 23135, 0.0060128578916192055, 1.0482776165008545
62, -2.4319366494892165, 2, 11.972037540999736, 93, 23228, 23228, 0.005902578588575125, 1.0577574968338013
63, -2.7541641686693765, 2, 19.048652826997568, 149, 23377, 23377, 0.006920413114130497, 1.0529710054397583
64, -2.589502811082639, 2, 18.07209492200127, 142, 23519, 23519, 0.0074823834002017975, 1.0521150827407837
65, -3.6845260613481514, 2, 29.55465789200025, 234, 23753, 23753, 0.006946021690964699, 1.0504928827285767
66, -4.002618192578666, 2, 31.40234934000182, 250, 24003, 24003, 0.006317241583019495, 1.0646677017211914
67, -3.3019843576657877, 2, 24.073974721999548, 190, 24193, 24193, 0.0061609926633536816, 1.0689154863357544
68, -2.6550669574644417, 2, 12.638293867999892, 98, 24291, 24291, 0.008055247366428375, 1.0646030902862549
69, -2.6176276077749208, 2, 15.85073579299933, 124, 24415, 24415, 0.005581630859524012, 1.0699840784072876
70, -2.767076972872019, 2, 4.220872947000316, 30, 24445, 24445, 0.006667724344879389, 1.0640560388565063
71, -2.3162510190159082, 2, 4.261150641999848, 30, 24475, 24475, 0.006248943507671356, 1.0724222660064697
72, -2.7174210739322007, 2, 16.018758512000204, 125, 24600, 24600, 0.00749106053262949, 1.0754570960998535
73, -2.479940943652764, 2, 4.182843013997626, 30, 24630, 24630, 0.006628313101828098, 1.1024651527404785
74, -2.1693727390957065, 2, 7.768676188999962, 59, 24689, 24689, 0.006678487174212933, 1.087151050567627
75, -2.8013308790978044, 2, 17.142048670000804, 134, 24823, 24823, 0.006299133412539959, 1.0761826038360596
76, -3.6012021476053633, 2, 19.112587035000615, 151, 24974, 24974, 0.00679685827344656, 1.0861029624938965
77, -2.8742873330193106, 2, 21.361563797996496, 169, 25143, 25143, 0.0063391802832484245, 1.0913655757904053
78, -2.279992578784004, 2, 6.09682838200024, 45, 25188, 25188, 0.006405354011803865, 1.087943434715271
79, -2.2645458783372305, 2, 9.995837913997093, 77, 25265, 25265, 0.0069445897825062275, 1.0880411863327026
80, -7.792930878000334, 4, 40.1998278079991, 322, 25587, 25587, 0.0068274750374257565, 1.0913171768188477
81, -2.185443879920058, 2, 4.478297524998197, 32, 25619, 25619, 0.005636992864310741, 1.109863519668579
82, -2.3881611838005483, 2, 7.929482687999553, 60, 25679, 25679, 0.006157621741294861, 1.095001220703125
83, -3.287190321745584, 2, 21.92705223200028, 173, 25852, 25852, 0.006678554229438305, 1.0943998098373413
84, -2.228487418149598, 2, 5.581840052000189, 41, 25893, 25893, 0.005971187725663185, 1.097124457359314
85, -2.900460505625233, 2, 16.87426993199915, 132, 26025, 26025, 0.006628483068197966, 1.0962666273117065
86, -2.305120567791164, 2, 4.196917653000128, 30, 26055, 26055, 0.007356110494583845, 1.1032512187957764
87, -2.9955582602269715, 2, 26.38898546099881, 209, 26264, 26264, 0.0067777629010379314, 1.1010812520980835
88, -2.4247079418273643, 2, 4.216047571997478, 30, 26294, 26294, 0.005558807868510485, 1.1001079082489014
89, -3.010952113156236, 2, 16.726561340001354, 131, 26425, 26425, 0.007092033047229052, 1.107495665550232
90, -3.9442085897608195, 4, 40.140695578000305, 321, 26746, 26746, 0.006819934584200382, 1.1156423091888428
91, -3.376802738173865, 2, 17.53727795600207, 138, 26884, 26884, 0.00626795319840312, 1.1153899431228638
92, -5.069771010195836, 2, 28.17607853300069, 224, 27108, 27108, 0.006579818669706583, 1.1239291429519653
93, -2.350366940139793, 2, 4.195894479002163, 30, 27138, 27138, 0.006262599490582943, 1.1129252910614014
94, -6.275745992606971, 4, 40.16274391699699, 322, 27460, 27460, 0.006989542860537767, 1.1252083778381348
95, -2.347799862269312, 2, 6.4510853579995455, 48, 27508, 27508, 0.00592809310182929, 1.1261332035064697
96, -2.8785396908642724, 2, 19.919896881001478, 156, 27664, 27664, 0.006140976212918758, 1.1333891153335571
97, -4.908997160062427, 4, 40.08685722899827, 321, 27985, 27985, 0.00611423933878541, 1.1350975036621094
98, -2.572916495380923, 2, 13.591627869998774, 106, 28091, 28091, 0.006189153529703617, 1.1417393684387207
99, -2.266605600831099, 2, 6.952682350998657, 52, 28143, 28143, 0.006420232355594635, 1.1372023820877075
100, -3.023107305780286, 4, 40.17134267599977, 321, 28464, 28464, 0.006777102127671242, 1.1412211656570435
101, -3.0212184926785994, 2, 22.243260503000784, 176, 28640, 28640, 0.0061402698047459126, 1.1447808742523193
102, -2.107234594062902, 2, 4.810016143997927, 35, 28675, 28675, 0.0062662409618496895, 1.1691709756851196
103, -4.333070229749865, 2, 37.789025624002534, 301, 28976, 28976, 0.006425014231353998, 1.1422679424285889
104, -2.4716674564406276, 2, 7.085173034000036, 53, 29029, 29029, 0.00623014010488987, 1.1433329582214355
105, -3.026806590205524, 2, 16.895782611998584, 132, 29161, 29161, 0.006099110934883356, 1.157633900642395
106, -2.5816180005203933, 2, 4.2003144590016745, 30, 29191, 29191, 0.006517802830785513, 1.1429959535598755
107, -2.427556183305569, 2, 4.211989843999618, 30, 29221, 29221, 0.006443914491683245, 1.1498730182647705
108, -2.3995387440154445, 2, 4.50809460399978, 32, 29253, 29253, 0.006134800147265196, 1.1477978229522705
109, -2.6458096670685336, 2, 14.004212203999487, 109, 29362, 29362, 0.0066170403733849525, 1.157178521156311
110, -2.6380362194176996, 2, 15.475410156002908, 121, 29483, 29483, 0.006221653427928686, 1.1568549871444702
111, -2.5113643404329196, 2, 4.178032233998238, 30, 29513, 29513, 0.006182662211358547, 1.1624494791030884
112, -3.094905803212896, 2, 28.082197162999364, 223, 29736, 29736, 0.006797119043767452, 1.1660979986190796
113, -2.3989471183158457, 2, 7.241915299000539, 55, 29791, 29791, 0.006425423547625542, 1.162008285522461
114, -2.5484997094608843, 2, 8.193785065999691, 62, 29853, 29853, 0.006316425744444132, 1.169044017791748
115, -3.406277024478186, 4, 40.087714180997864, 320, 30173, 30173, 0.006226356606930494, 1.1682946681976318
116, -2.300595836248249, 2, 4.234546932999365, 30, 30203, 30203, 0.005978249479085207, 1.1717232465744019
117, -2.413343173568137, 2, 9.10513965499922, 69, 30272, 30272, 0.006682449486106634, 1.165915846824646
118, -3.7595962616614997, 2, 39.96401498200066, 319, 30591, 30591, 0.007440843619406223, 1.1704015731811523
119, -2.5580668372567743, 2, 4.1945115470007295, 30, 30621, 30621, 0.008539075963199139, 1.1826401948928833
120, -2.5904009169898927, 2, 16.396504102998733, 128, 30749, 30749, 0.006855325307697058, 1.1762330532073975
121, -3.1446261989767663, 2, 24.702368497997668, 196, 30945, 30945, 0.007659631781280041, 1.1771178245544434
122, -4.211231884431072, 2, 34.89544788400235, 278, 31223, 31223, 0.006716075818985701, 1.1865121126174927
123, -2.393203616840765, 2, 4.254447879000509, 30, 31253, 31253, 0.00600595073774457, 1.182923674583435
124, -2.671267155557871, 2, 10.64576536900131, 82, 31335, 31335, 0.00702458992600441, 1.203040599822998
125, -2.421846316428855, 2, 4.199874157999147, 30, 31365, 31365, 0.007684893440455198, 1.1778026819229126
126, -7.423218323965557, 4, 40.08021186399856, 321, 31686, 31686, 0.0069624013267457485, 1.1961472034454346
127, -2.3898148061707616, 2, 4.305928272999154, 31, 31717, 31717, 0.005611968692392111, 1.2049336433410645
128, -2.4682468695100397, 2, 11.321458485999756, 87, 31804, 31804, 0.006046082824468613, 1.199682593345642
129, -2.3671590149169788, 2, 4.243269545000658, 30, 31834, 31834, 0.006440280470997095, 1.2085106372833252
130, -3.158126149108284, 2, 21.261604725001234, 168, 32002, 32002, 0.006087401881814003, 1.2120805978775024
131, -2.3657366289698984, 2, 10.518559441999969, 81, 32083, 32083, 0.006466208957135677, 1.213532567024231
132, -5.082026950498403, 2, 21.189591970996844, 167, 32250, 32250, 0.006535886786878109, 1.2129886150360107
133, -4.951149014697876, 2, 38.73026086800019, 309, 32559, 32559, 0.006573919206857681, 1.2129685878753662
134, -4.0455301553884055, 2, 36.1716881579996, 288, 32847, 32847, 0.006479301955550909, 1.2144393920898438
135, -2.94600668217754, 2, 22.301630549001857, 176, 33023, 33023, 0.006442154757678509, 1.2261543273925781
136, -3.3191139172777184, 2, 24.994130445997143, 197, 33220, 33220, 0.00606302497908473, 1.223482370376587
137, -5.3756142953643575, 4, 40.093749200001184, 320, 33540, 33540, 0.006172987632453442, 1.222002387046814
138, -2.359090287121944, 2, 7.040827324002748, 53, 33593, 33593, 0.006126575171947479, 1.2285302877426147
139, -2.8146858559921384, 2, 10.96515183199881, 84, 33677, 33677, 0.005822766572237015, 1.225496530532837
140, -3.813309255085187, 4, 40.156785727998795, 320, 33997, 33997, 0.006465379148721695, 1.2272932529449463
141, -2.5044253822416067, 2, 10.894290813001135, 83, 34080, 34080, 0.005654188338667154, 1.2316099405288696
142, 3.045809338334948, 1, 35.45584165500259, 282, 34362, 34362, 0.0064723859541118145, 1.2377198934555054
143, -2.4736059221759206, 2, 8.529274529999384, 65, 34427, 34427, 0.005683984141796827, 1.2428443431854248
144, -2.2407300979830325, 2, 5.739115527998365, 42, 34469, 34469, 0.005769356619566679, 1.2489885091781616
145, -2.9453962738625705, 2, 13.455802903001313, 104, 34573, 34573, 0.006613669916987419, 1.2491042613983154
146, -2.8131635316094616, 2, 14.579108305999398, 113, 34686, 34686, 0.006139338482171297, 1.2422199249267578
147, -2.2336531227920204, 2, 5.433798693000426, 40, 34726, 34726, 0.006532187573611736, 1.2404992580413818
148, -2.2216436731396243, 2, 4.2100291259994265, 30, 34756, 34756, 0.00729616591706872, 1.2552183866500854
149, -5.6100790944183245, 4, 40.06166281499827, 320, 35076, 35076, 0.006558750756084919, 1.2484521865844727
150, -3.6594410355901346, 2, 27.638347299001907, 219, 35295, 35295, 0.0063539547845721245, 1.2470581531524658
151, -2.3031461666105315, 2, 7.944656550000218, 60, 35355, 35355, 0.006564029958099127, 1.2448066473007202
152, -2.672164863324724, 2, 17.853448890000436, 140, 35495, 35495, 0.006028431933373213, 1.2569724321365356
153, -2.347142786718905, 2, 4.229746198998328, 30, 35525, 35525, 0.006824308540672064, 1.2661645412445068
154, -2.8402365297079086, 2, 4.207005595999362, 30, 35555, 35555, 0.007868013344705105, 1.2481739521026611
155, -2.507303942227736, 2, 4.25268668499848, 30, 35585, 35585, 0.007914875634014606, 1.2690844535827637
156, -2.748295539058745, 2, 17.615758357998857, 137, 35722, 35722, 0.006274899933487177, 1.2616229057312012
157, -2.242313932161778, 2, 9.208941324999614, 70, 35792, 35792, 0.005641948897391558, 1.2588038444519043
158, -2.186986125074327, 2, 4.240828440997575, 30, 35822, 35822, 0.006182631012052298, 1.263986349105835
159, -2.2000579252489842, 2, 6.810233375999815, 51, 35873, 35873, 0.008743181824684143, 1.26248037815094
160, -3.227070312714204, 2, 23.86095711300004, 189, 36062, 36062, 0.006202160380780697, 1.256705641746521
161, -2.22896269231569, 2, 5.316552893000335, 39, 36101, 36101, 0.005859981756657362, 1.2744041681289673
162, -2.418472460238263, 2, 4.961528766998526, 36, 36137, 36137, 0.005782881285995245, 1.2670347690582275
163, -2.224422706873156, 2, 7.224102930002118, 54, 36191, 36191, 0.005794364959001541, 1.261420726776123
164, -2.339573275530711, 2, 4.222788609000418, 30, 36221, 36221, 0.005186979193240404, 1.2611678838729858
165, -2.182641300954856, 2, 4.3397112540005764, 31, 36252, 36252, 0.005898448172956705, 1.260851263999939
166, -2.815409788687248, 4, 40.11688452100134, 320, 36572, 36572, 0.006219819188117981, 1.2687534093856812
167, -2.4991707845474593, 2, 11.061458832999051, 85, 36657, 36657, 0.005594456568360329, 1.2782859802246094
168, -3.9008361700107343, 2, 39.772988340002485, 318, 36975, 36975, 0.006156935356557369, 1.2756390571594238
169, -2.9241071327705868, 4, 40.16290987100001, 320, 37295, 37295, 0.006802039686590433, 1.2793456315994263
170, -2.2346834209747612, 2, 10.637337705000391, 82, 37377, 37377, 0.006501368712633848, 1.2707666158676147
171, -2.8372680195607245, 2, 23.039579779000633, 181, 37558, 37558, 0.007041092962026596, 1.2856987714767456
172, -3.200478635611944, 2, 28.43922866700086, 226, 37784, 37784, 0.007410375401377678, 1.275488018989563
173, -2.7086162142659305, 4, 40.193754378997255, 320, 38104, 38104, 0.006910195108503103, 1.2843801975250244
174, -3.0202419244742487, 4, 40.187633568999445, 320, 38424, 38424, 0.006118192337453365, 1.2868497371673584
175, -2.3880258360295556, 2, 10.72256458800257, 82, 38506, 38506, 0.006757741793990135, 1.2882449626922607
176, -2.3157192684011534, 2, 4.261092244996689, 30, 38536, 38536, 0.005478388164192438, 1.2826786041259766
177, -3.1105303837684914, 4, 40.07387971800199, 319, 38855, 38855, 0.00649834331125021, 1.286915898323059
178, -2.16774428228382, 2, 4.591373534000013, 33, 38888, 38888, 0.005932560656219721, 1.2867680788040161
179, -2.378540531732142, 2, 4.221710272999189, 30, 38918, 38918, 0.005338216200470924, 1.2849574089050293
180, -2.444418836152181, 2, 4.254938709000271, 30, 38948, 38948, 0.005326848942786455, 1.279218077659607
181, -2.1698108734562993, 2, 4.266048850997322, 30, 38978, 38978, 0.004870153032243252, 1.275322437286377
182, -2.2616866906755604, 2, 4.963145706999057, 36, 39014, 39014, 0.005925783887505531, 1.2906686067581177
183, -2.7448564060032368, 2, 4.216949224999553, 30, 39044, 39044, 0.006166533567011356, 1.289395809173584
184, -2.7060517109930515, 2, 4.191421733001334, 30, 39074, 39074, 0.007336177863180637, 1.2958873510360718
185, -2.3138511199504137, 2, 4.2612981330021285, 30, 39104, 39104, 0.0075906142592430115, 1.3050495386123657
186, -2.717418644577265, 2, 4.204460607998044, 30, 39134, 39134, 0.008474132977426052, 1.2868083715438843
187, -2.3748262778972276, 2, 11.625136561000545, 89, 39223, 39223, 0.006076323799788952, 1.3055288791656494
188, -2.3045957423746586, 2, 10.068538090999937, 77, 39300, 39300, 0.005532848183065653, 1.2924420833587646
189, -2.8283271243126364, 2, 16.094315736998396, 125, 39425, 39425, 0.005997606087476015, 1.3016129732131958
190, -2.5880444878712296, 2, 4.308119972996792, 30, 39455, 39455, 0.006215618457645178, 1.288743495941162
191, -2.4331176390696783, 2, 9.578544539999712, 73, 39528, 39528, 0.006571561098098755, 1.3013255596160889
192, -2.30014181334991, 2, 8.909605559001648, 68, 39596, 39596, 0.005780205596238375, 1.3064663410186768
193, -2.3750104469945654, 2, 4.197588760998769, 30, 39626, 39626, 0.007518743630498648, 1.315504789352417
194, -2.4459263583412394, 2, 4.2144984119986475, 30, 39656, 39656, 0.006227618083357811, 1.306570053100586
195, -3.120577842986677, 2, 35.002812902002916, 278, 39934, 39934, 0.005788994953036308, 1.3034332990646362
196, -4.280901794059901, 2, 39.17429538799843, 311, 40245, 40245, 0.006020386703312397, 1.307776927947998
197, -2.2893347420031205, 2, 9.742753431997698, 75, 40320, 40320, 0.0076011912897229195, 1.3007491827011108
198, -2.5626625614240766, 2, 10.6847224239973, 82, 40402, 40402, 0.005423348862677813, 1.3090243339538574
199, -2.2509876015828922, 2, 4.234689195996907, 30, 40432, 40432, 0.006091216113418341, 1.307922124862671
200, -4.119628639600705, 2, 26.938949469000363, 214, 40646, 40646, 0.006027033552527428, 1.3101786375045776
201, -5.516061342204921, 4, 40.131225433997315, 321, 40967, 40967, 0.005729091353714466, 1.316264271736145
202, -3.232522595411865, 2, 30.851998712998466, 246, 41213, 41213, 0.006315789185464382, 1.3203246593475342
203, -8.04288186726626, 4, 40.075130133998755, 321, 41534, 41534, 0.005735662300139666, 1.3201059103012085
204, -3.5322374660754576, 4, 40.081928018000326, 319, 41853, 41853, 0.0056321448646485806, 1.3254213333129883
205, -3.781614178675227, 2, 34.38420137399953, 274, 42127, 42127, 0.00692257285118103, 1.3249599933624268
206, -2.959227597923018, 2, 16.85974326500218, 131, 42258, 42258, 0.0062991040758788586, 1.330657958984375
207, -2.240294776740484, 2, 4.20321910200073, 30, 42288, 42288, 0.005369474645704031, 1.3276667594909668
208, -2.3181372676044703, 2, 5.804331170998921, 43, 42331, 42331, 0.0058165984228253365, 1.326995849609375
209, -2.5667605153284967, 2, 7.486477805003233, 56, 42387, 42387, 0.005278789903968573, 1.3196055889129639
210, -2.57364561536815, 2, 9.353413548997196, 71, 42458, 42458, 0.005600684322416782, 1.3317986726760864
211, -2.6362058244412765, 2, 20.406806831997528, 160, 42618, 42618, 0.005866647697985172, 1.3373409509658813
212, -7.205254669650458, 4, 40.093770215000404, 321, 42939, 42939, 0.006092541851103306, 1.3389396667480469
213, -2.4044789931504056, 2, 10.758586425999965, 82, 43021, 43021, 0.006074727512896061, 1.3418344259262085
214, -2.534531701123342, 2, 4.230690200998652, 30, 43051, 43051, 0.005644657649099827, 1.3371696472167969
215, -2.4974961776752025, 2, 4.223161108002387, 30, 43081, 43081, 0.005404144525527954, 1.3416943550109863
216, 3.9860149958985858, 1, 29.483360467002058, 234, 43315, 43315, 0.0056252675130963326, 1.343857765197754
217, -4.365234900382347, 4, 40.163981248999335, 320, 43635, 43635, 0.0062352982349693775, 1.3478602170944214
218, -2.323883759439923, 2, 8.908823180998297, 68, 43703, 43703, 0.006831159815192223, 1.3475264310836792
219, -2.4769868589937687, 2, 4.2248996590024035, 30, 43733, 43733, 0.005915874615311623, 1.3379759788513184
220, -2.2322536951396614, 2, 4.237658926998847, 30, 43763, 43763, 0.007267941255122423, 1.3527568578720093
221, -2.8375754908192903, 2, 18.55528074999893, 146, 43909, 43909, 0.00638596760109067, 1.3435494899749756
222, -2.638483953953255, 2, 14.471415144002094, 113, 44022, 44022, 0.007317113224416971, 1.3352384567260742
223, -3.0866948776019854, 4, 40.164562178997585, 320, 44342, 44342, 0.006334064062684774, 1.3517427444458008
224, -3.1572468375898097, 4, 40.15134998600115, 320, 44662, 44662, 0.005564520135521889, 1.3527247905731201
225, -2.629663218744099, 2, 22.326890193002328, 175, 44837, 44837, 0.006332144141197205, 1.3534833192825317
226, -3.378028133069165, 4, 40.1742377139999, 320, 45157, 45157, 0.005163525231182575, 1.3590800762176514
227, -2.3801357691409066, 2, 7.393171665000409, 56, 45213, 45213, 0.00520885456353426, 1.3584740161895752
228, -3.1890272543532774, 4, 40.10075554899959, 319, 45532, 45532, 0.00669220183044672, 1.361602783203125
229, -3.2243728067696793, 2, 19.037052924999443, 147, 45679, 45679, 0.0058089750818908215, 1.3644397258758545
230, -2.3487363184103742, 2, 11.52212893700198, 89, 45768, 45768, 0.004878189880400896, 1.3670144081115723
231, -3.229450834041927, 4, 40.10961290499836, 320, 46088, 46088, 0.005806692410260439, 1.3687165975570679
232, -2.492956455476815, 2, 14.021685286999855, 109, 46197, 46197, 0.007255953270941973, 1.3746041059494019
233, -2.185065081284847, 2, 4.285690331002115, 30, 46227, 46227, 0.005296091549098492, 1.3534114360809326
234, -3.0323479541984852, 2, 23.166474227000435, 183, 46410, 46410, 0.005600003059953451, 1.3683637380599976
235, -3.1844518668949604, 2, 26.443773004000832, 209, 46619, 46619, 0.0054792496375739574, 1.3671115636825562
236, -2.6914504097076133, 2, 14.889178063996951, 116, 46735, 46735, 0.005780006293207407, 1.3691926002502441
237, -2.602269731229171, 2, 4.220059426999796, 30, 46765, 46765, 0.004878503270447254, 1.3793470859527588
238, -2.642835744569311, 4, 40.075851915000385, 318, 47083, 47083, 0.006332129240036011, 1.372917652130127
239, -5.132120846712496, 4, 40.17384497400053, 320, 47403, 47403, 0.005980564747005701, 1.3711602687835693
240, -2.2878985909046605, 2, 6.865081976000511, 51, 47454, 47454, 0.005077964160591364, 1.3772382736206055
241, -2.705561316688545, 2, 14.431972757996846, 112, 47566, 47566, 0.00531644094735384, 1.3681068420410156
242, -2.2543743312126026, 2, 8.09678003099907, 61, 47627, 47627, 0.005542605184018612, 1.3826303482055664
243, -2.82531237276271, 4, 40.18145593400186, 320, 47947, 47947, 0.005437817890197039, 1.3729709386825562
244, -2.4930567007977515, 2, 4.191526654998597, 30, 47977, 47977, 0.005512633826583624, 1.3728846311569214
245, -2.67294831329491, 2, 14.479659647000517, 112, 48089, 48089, 0.005405966658145189, 1.3817452192306519
246, -3.2368532405089354, 2, 28.180677412998193, 223, 48312, 48312, 0.005495453253388405, 1.3754023313522339
247, -3.0355291434098035, 2, 18.13423169499947, 142, 48454, 48454, 0.005003058817237616, 1.3788392543792725
248, -4.25089404778555, 4, 40.11859224600266, 320, 48774, 48774, 0.0057262578047811985, 1.3849871158599854
249, -2.5027493556262925, 2, 4.238541811999312, 30, 48804, 48804, 0.00728090712800622, 1.372077226638794
250, -2.631285557639785, 2, 12.796041507001064, 98, 48902, 48902, 0.005200232844799757, 1.3885020017623901
251, -2.288010065240087, 2, 11.418757080999058, 88, 48990, 48990, 0.004932234063744545, 1.3895738124847412
252, -2.5266096121049486, 2, 13.035195397998905, 101, 49091, 49091, 0.005020427983254194, 1.391703486442566
253, -6.042652363306843, 4, 40.18455884099967, 321, 49412, 49412, 0.005492843687534332, 1.3932119607925415
254, -2.3063959690043703, 2, 4.783874831999128, 34, 49446, 49446, 0.005250709131360054, 1.3957641124725342
255, -3.479711469834001, 4, 40.08100584500062, 318, 49764, 49764, 0.005374919157475233, 1.393357753753662
256, -2.447857430204749, 2, 6.308819829002459, 47, 49811, 49811, 0.005209446419030428, 1.3975389003753662
257, -2.2514171813381836, 2, 4.854413099998055, 35, 49846, 49846, 0.005594879388809204, 1.395232915878296
258, -3.2511421813978814, 2, 22.149980671001686, 174, 50020, 50020, 0.0060864719562232494, 1.3999303579330444
259, -3.144749897212023, 2, 30.71053147299972, 244, 50264, 50264, 0.0050309584476053715, 1.4003705978393555
260, -2.233130703913048, 2, 4.993083787001524, 36, 50300, 50300, 0.006183485966175795, 1.4096407890319824
261, -2.348668571212329, 2, 4.470391677001317, 32, 50332, 50332, 0.004909052979201078, 1.422924518585205
262, -2.303165665594861, 2, 5.741747993000899, 42, 50374, 50374, 0.004600187763571739, 1.3976590633392334
263, -2.5623601318802685, 2, 13.462024131997168, 105, 50479, 50479, 0.004661603830754757, 1.4001290798187256
264, -2.661931218812242, 4, 40.13783838100062, 320, 50799, 50799, 0.005263404455035925, 1.4054603576660156
265, -4.613519721518969, 4, 40.09698118400047, 320, 51119, 51119, 0.005616038106381893, 1.3999969959259033
266, -2.41115228459239, 2, 10.103373347003071, 77, 51196, 51196, 0.004837314132601023, 1.4015599489212036
267, -4.391322986222804, 4, 40.076981133002846, 320, 51516, 51516, 0.005900625139474869, 1.4081815481185913
268, -6.00929285219172, 4, 40.18218902099761, 321, 51837, 51837, 0.005493024829775095, 1.4044430255889893
269, -2.136466864612885, 2, 4.245406240999728, 30, 51867, 51867, 0.004917668644338846, 1.4096992015838623
270, -2.250638636876829, 2, 4.208093479999661, 30, 51897, 51897, 0.0046863798052072525, 1.4170451164245605
271, -4.108380814664997, 2, 39.05748314399898, 310, 52207, 52207, 0.005244795698672533, 1.4101215600967407
272, -3.6261676128488034, 2, 30.98390714499692, 246, 52453, 52453, 0.004925949033349752, 1.418036937713623
273, -3.1388122689677402, 2, 23.131922559001396, 182, 52635, 52635, 0.004852966871112585, 1.4160493612289429
274, -2.7242433946667006, 4, 40.19268045300123, 319, 52954, 52954, 0.004580930341035128, 1.4116290807724
275, -3.121538402978331, 2, 31.4892824569979, 250, 53204, 53204, 0.004517734050750732, 1.4209017753601074
276, -2.7663964707171544, 4, 40.173722978001024, 321, 53525, 53525, 0.005187347065657377, 1.4144753217697144
277, -2.426687262021005, 2, 5.506619585001317, 40, 53565, 53565, 0.004960343241691589, 1.4068069458007812
278, -2.8981008330592886, 2, 12.252127990999725, 95, 53660, 53660, 0.004617628175765276, 1.4216480255126953
279, -2.4778414564207196, 2, 12.365490940999734, 95, 53755, 53755, 0.005812608636915684, 1.420790195465088
280, -3.7757867737091146, 4, 40.090944750001654, 320, 54075, 54075, 0.005061019212007523, 1.4194451570510864
281, -3.093355452612741, 4, 40.087335112999426, 319, 54394, 54394, 0.005042881704866886, 1.4206550121307373
282, -2.266204306157306, 2, 6.046783387002506, 44, 54438, 54438, 0.0051490929909050465, 1.4072799682617188
283, -2.779636383987963, 2, 14.932718585998373, 116, 54554, 54554, 0.005444272421300411, 1.417009949684143
284, -5.06534267601819, 4, 40.077772467000614, 320, 54874, 54874, 0.004902820102870464, 1.4132732152938843
285, -3.2619624809594825, 4, 40.09755597799813, 319, 55193, 55193, 0.004837193991988897, 1.4224469661712646
286, -2.8956200737302424, 4, 40.110878244999185, 319, 55512, 55512, 0.004454868379980326, 1.4264004230499268
287, -3.572787921089912, 2, 37.22427344099924, 295, 55807, 55807, 0.004471096675843, 1.4245812892913818
288, -7.924958113930188, 4, 40.184776311998576, 321, 56128, 56128, 0.00471224682405591, 1.4324114322662354
289, -2.908453804673627, 2, 21.424336454001605, 169, 56297, 56297, 0.004718460142612457, 1.425433874130249
290, -2.603062039008364, 2, 11.099407702000462, 86, 56383, 56383, 0.005490050185471773, 1.423481822013855
291, -2.2256220491835847, 2, 6.427150348998111, 48, 56431, 56431, 0.0075681754387915134, 1.434462070465088
292, -2.7564428951591253, 2, 4.252395330997388, 30, 56461, 56461, 0.006641513668000698, 1.436387300491333
293, -2.445208703051321, 2, 4.219885454996984, 30, 56491, 56491, 0.006331503391265869, 1.4269107580184937
294, -2.4200845729210414, 2, 9.699209861999407, 74, 56565, 56565, 0.004694531671702862, 1.4348437786102295
295, -2.985261805355549, 2, 4.222038809002697, 30, 56595, 56595, 0.004534895997494459, 1.4366785287857056
296, -3.5393946589902043, 4, 40.2334781339996, 320, 56915, 56915, 0.004665011540055275, 1.4372882843017578
297, -2.486431525903754, 2, 7.500962857000559, 56, 56971, 56971, 0.005186897702515125, 1.4563788175582886
298, -2.3579071926651523, 2, 4.837533341997187, 35, 57006, 57006, 0.005768635310232639, 1.436063289642334
299, -2.8480280516378116, 4, 40.08017861500048, 318, 57324, 57324, 0.004959766753017902, 1.435805320739746
300, -2.302892418112606, 2, 4.233741798001574, 30, 57354, 57354, 0.004961388651281595, 1.4456570148468018
301, -2.328914702637121, 2, 4.247483741997712, 30, 57384, 57384, 0.006096871104091406, 1.445898175239563
302, -2.9657868182548555, 4, 40.06886517100065, 319, 57703, 57703, 0.004990731831640005, 1.4405254125595093
303, -2.5148684273299295, 4, 40.14680333399883, 320, 58023, 58023, 0.004564620554447174, 1.4396727085113525
304, -2.39868393575307, 2, 5.434900129999733, 40, 58063, 58063, 0.004462650511413813, 1.4367527961730957
305, -2.4051463276846334, 2, 4.1957157450015075, 30, 58093, 58093, 0.00512497266754508, 1.4423413276672363
306, -3.806909166805781, 2, 31.393896140001743, 248, 58341, 58341, 0.004718326497823, 1.442196249961853
307, -2.9239001374226063, 2, 19.582152560000395, 154, 58495, 58495, 0.004947054199874401, 1.4434077739715576
308, -3.3848343908102834, 2, 29.47624889800136, 233, 58728, 58728, 0.00483041163533926, 1.4489893913269043
309, -2.515995071036741, 2, 16.3445185749988, 128, 58856, 58856, 0.0044212606735527515, 1.4473614692687988
310, -3.26985196582973, 4, 40.163206976001675, 320, 59176, 59176, 0.004611090756952763, 1.4479224681854248
311, -2.344501766958274, 2, 4.227600263002387, 30, 59206, 59206, 0.005068938713520765, 1.4570361375808716
312, -2.3867205717833713, 2, 4.22693985099977, 30, 59236, 59236, 0.0052278414368629456, 1.4406265020370483
313, -2.356287448434159, 2, 4.338902294002764, 31, 59267, 59267, 0.0039143930189311504, 1.458452820777893
314, -4.334624994822661, 4, 40.104120365998824, 320, 59587, 59587, 0.0044053299352526665, 1.4525620937347412
315, -2.530088050989434, 2, 7.053031874998851, 53, 59640, 59640, 0.0041526430286467075, 1.4409526586532593
316, -2.2173514924943447, 2, 4.207359564999933, 30, 59670, 59670, 0.004634684417396784, 1.453600525856018
317, -2.637309650890529, 2, 8.665639234000992, 66, 59736, 59736, 0.0049267117865383625, 1.4508858919143677
318, -3.5250057110533817, 4, 40.07896050499767, 319, 60055, 60055, 0.004574841819703579, 1.454394817352295
319, -2.359652917715721, 2, 4.259623122001358, 30, 60085, 60085, 0.00483690993860364, 1.4607338905334473
320, -2.2209099100437015, 2, 5.479348167998978, 40, 60125, 60125, 0.004943567328155041, 1.4558018445968628
321, -3.2136270712362602, 2, 28.600952296001196, 227, 60352, 60352, 0.0047205546870827675, 1.4511784315109253
322, -7.790638439473696, 4, 40.161545750001096, 321, 60673, 60673, 0.004418352153152227, 1.456968903541565
323, -2.5951374891446903, 2, 14.259573606999766, 110, 60783, 60783, 0.004186299163848162, 1.4626578092575073
324, -4.482986513350625, 2, 32.99484242100152, 263, 61046, 61046, 0.005070304032415152, 1.4562908411026
325, -2.6206298792967573, 2, 4.20666151000114, 30, 61076, 61076, 0.0045273988507688046, 1.4598939418792725
326, -2.220378726022318, 2, 5.706958081998891, 42, 61118, 61118, 0.004061467945575714, 1.4603368043899536
327, -2.8516805313702207, 2, 23.369055544997536, 183, 61301, 61301, 0.004691984038800001, 1.4635834693908691
328, -2.7019840937573463, 2, 19.167021234999993, 151, 61452, 61452, 0.004019899293780327, 1.469315528869629
329, -2.5333513983059675, 2, 4.2159006880028755, 30, 61482, 61482, 0.004507280420511961, 1.4561833143234253
330, -2.234167054062709, 2, 4.233931635997578, 30, 61512, 61512, 0.0049053700640797615, 1.481418490409851
331, -2.603673187099048, 4, 40.15678282000226, 320, 61832, 61832, 0.004388274624943733, 1.4602845907211304
332, -2.8829035287199076, 2, 25.01122534699971, 197, 62029, 62029, 0.00406081834807992, 1.4573695659637451
333, -2.9160780869424343, 2, 4.216516201002378, 30, 62059, 62059, 0.0042074681259691715, 1.4564807415008545
334, -2.729849954270321, 2, 11.715626723998867, 90, 62149, 62149, 0.0049950676038861275, 1.465779423713684
335, -2.2382178811822087, 2, 4.744363088000682, 34, 62183, 62183, 0.004309685900807381, 1.4573843479156494
336, -2.5898523962532636, 2, 11.448633691001305, 88, 62271, 62271, 0.004706426989287138, 1.4593505859375
337, -2.1682112991111353, 2, 7.569010692001029, 57, 62328, 62328, 0.004245751537382603, 1.461155652999878
338, -2.1776050825137645, 2, 4.252656488999492, 30, 62358, 62358, 0.004041316453367472, 1.4794213771820068
339, -3.400034283986315, 4, 40.08862783499717, 320, 62678, 62678, 0.004635252524167299, 1.4644666910171509
340, -2.6310416622218327, 4, 40.09574684600011, 319, 62997, 62997, 0.004817727487534285, 1.46657395362854
341, -2.484395263483748, 2, 4.2335607780005375, 30, 63027, 63027, 0.005216861609369516, 1.465718150138855
342, -2.6942374346544966, 2, 11.550900449001347, 89, 63116, 63116, 0.004203477408736944, 1.4633631706237793
343, -2.9483466397214215, 2, 15.086439037000673, 117, 63233, 63233, 0.004330479074269533, 1.464737057685852
344, -3.27953284290561, 4, 40.14596910700129, 319, 63552, 63552, 0.004989366978406906, 1.463279366493225
345, -4.313697686593514, 4, 40.131714879000356, 319, 63871, 63871, 0.004334128461778164, 1.4649145603179932
346, -2.93140885712819, 4, 40.192640984998434, 320, 64191, 64191, 0.004477141425013542, 1.4695298671722412
347, -2.3527571086306125, 2, 4.232520765002846, 30, 64221, 64221, 0.005061829928308725, 1.4668200016021729
348, -2.6868701009079814, 2, 12.965056926997931, 100, 64321, 64321, 0.0045517790131270885, 1.4693909883499146
349, -2.4101498605450615, 2, 4.207941398999537, 30, 64351, 64351, 0.0038820281624794006, 1.4702190160751343
350, -3.0677687986171804, 4, 40.12057325299975, 319, 64670, 64670, 0.004260498099029064, 1.4691869020462036
351, -2.814343741774792, 2, 14.467196901001444, 112, 64782, 64782, 0.004449260886758566, 1.4682643413543701
352, -4.678432514541782, 4, 40.129081959999894, 320, 65102, 65102, 0.0040235077030956745, 1.4698541164398193
353, -2.309256880544126, 2, 4.204198936000466, 30, 65132, 65132, 0.004207962192595005, 1.4749867916107178
354, -2.2791169757256284, 2, 4.252763156000583, 30, 65162, 65162, 0.006091496907174587, 1.4647676944732666
355, -2.266161124338396, 2, 4.2691848350004875, 30, 65192, 65192, 0.0041446140967309475, 1.476145625114441
356, -2.3064417836721987, 2, 4.182413826998527, 30, 65222, 65222, 0.0036879100371152163, 1.4718952178955078
357, -2.666569933091523, 2, 16.27258675900157, 126, 65348, 65348, 0.004580045118927956, 1.4755017757415771
358, -3.2498453931184486, 2, 28.444227602001774, 225, 65573, 65573, 0.004397251643240452, 1.4786521196365356
359, -2.4999252170091495, 2, 4.239762231998611, 30, 65603, 65603, 0.004402592778205872, 1.4743367433547974
360, -2.900871290185023, 2, 21.865635091002332, 172, 65775, 65775, 0.0042044841684401035, 1.4769213199615479
361, -2.8294912979908986, 4, 40.16629972699957, 319, 66094, 66094, 0.004616142250597477, 1.4782826900482178
362, -2.8005403133283835, 4, 40.095467598999676, 318, 66412, 66412, 0.004130247980356216, 1.4812755584716797
363, -2.4013946251943707, 2, 4.230998795999767, 30, 66442, 66442, 0.005129275377839804, 1.4730406999588013
364, -5.585829788586125, 2, 30.152779973999714, 240, 66682, 66682, 0.004345650319010019, 1.4797377586364746
365, -3.030962683726102, 2, 13.077310486998613, 101, 66783, 66783, 0.004950466565787792, 1.4768201112747192
366, -2.6277840277180076, 2, 18.296745880001254, 143, 66926, 66926, 0.0040841600857675076, 1.479693055152893
367, -2.374456079909578, 2, 8.38302730400028, 64, 66990, 66990, 0.004261920228600502, 1.4853812456130981
368, -2.4245920684188604, 2, 4.225485890001437, 30, 67020, 67020, 0.00513575179502368, 1.4833420515060425
369, -3.7985925420653075, 2, 22.20601052300117, 175, 67195, 67195, 0.004449109546840191, 1.482886791229248
370, -2.8713207068067277, 4, 40.105404625999654, 319, 67514, 67514, 0.004081187769770622, 1.4832682609558105
371, -2.3739311230601743, 2, 12.330905104001431, 95, 67609, 67609, 0.004213028121739626, 1.4795984029769897
372, -2.2410527530591935, 2, 8.084838873997796, 61, 67670, 67670, 0.004195335321128368, 1.4948595762252808
373, -3.3875564717454836, 4, 40.18071052999949, 319, 67989, 67989, 0.004021161235868931, 1.4838088750839233
374, -2.4611234662588686, 2, 10.635452753998834, 81, 68070, 68070, 0.003896906040608883, 1.4891835451126099
375, -4.855114036996383, 4, 40.08328968400019, 319, 68389, 68389, 0.004236792679876089, 1.4884486198425293
376, -2.5290477535454556, 2, 15.083812914999726, 117, 68506, 68506, 0.004000234417617321, 1.4867559671401978
377, -3.0570576252539468, 2, 19.984916703000636, 157, 68663, 68663, 0.004094752948731184, 1.4893543720245361
378, -2.585322226630524, 2, 22.769446035999863, 178, 68841, 68841, 0.004021320957690477, 1.4893908500671387
379, -2.902333826827089, 2, 16.064895315998, 125, 68966, 68966, 0.004077089484781027, 1.4836130142211914
380, -2.2050607034470886, 2, 4.972020470999269, 36, 69002, 69002, 0.003850798588246107, 1.4867414236068726
381, -2.363203183922451, 2, 4.216018549999717, 30, 69032, 69032, 0.004070954397320747, 1.4843133687973022
382, -2.2673753791023046, 2, 5.1327562339974975, 37, 69069, 69069, 0.0037226774729788303, 1.4870525598526
383, -2.3243258155416697, 2, 6.339280677999341, 47, 69116, 69116, 0.003917349968105555, 1.494436502456665
384, -5.81714747287333, 4, 40.08533993099991, 320, 69436, 69436, 0.004016260616481304, 1.4954891204833984
385, -2.3500851333374158, 2, 7.2125949270011915, 54, 69490, 69490, 0.004278759006410837, 1.4795762300491333
386, -6.7986582511803135, 4, 40.15031200700105, 321, 69811, 69811, 0.004485284443944693, 1.4934688806533813
387, -2.189372248831205, 2, 4.206768864998594, 30, 69841, 69841, 0.003897271817550063, 1.4951876401901245
388, -2.329761656583287, 2, 7.385899524000706, 55, 69896, 69896, 0.004779714159667492, 1.4956856966018677
389, -2.2186256328132004, 2, 4.924674951998895, 36, 69932, 69932, 0.0040491498075425625, 1.4898104667663574
390, -2.439389695529826, 2, 4.220767398001044, 30, 69962, 69962, 0.003383948467671871, 1.5101178884506226
391, -2.1914181577740237, 2, 5.589917217999755, 41, 70003, 70003, 0.003824668936431408, 1.5058146715164185
392, -2.3784025392960757, 2, 8.445208868000918, 64, 70067, 70067, 0.0035917172208428383, 1.4971139430999756
393, -2.870801866236434, 4, 40.14009277399964, 319, 70386, 70386, 0.0038509690202772617, 1.496163249015808
394, -3.6152902233880013, 2, 23.395217993002007, 185, 70571, 70571, 0.0039372979663312435, 1.4952912330627441
395, -4.189350242551882, 2, 28.38756924399786, 225, 70796, 70796, 0.004384167492389679, 1.499873399734497
396, -2.5327984117902815, 2, 4.220815809003398, 30, 70826, 70826, 0.003888207022100687, 1.4985947608947754
397, -2.848328872467391, 4, 40.166520228998706, 320, 71146, 71146, 0.004337857477366924, 1.5009739398956299
398, -3.545746817275358, 4, 40.121746560002066, 318, 71464, 71464, 0.004192788619548082, 1.5000436305999756
399, -3.2243056414008606, 4, 40.07830394600023, 318, 71782, 71782, 0.004367371555417776, 1.5006219148635864
400, -2.6204962500778493, 2, 19.204297290001705, 151, 71933, 71933, 0.00405389629304409, 1.4972814321517944
401, -2.4911998765310273, 2, 13.292466233000596, 102, 72035, 72035, 0.0036251989658921957, 1.5013684034347534
402, -2.369657182600349, 2, 4.314458721000847, 30, 72065, 72065, 0.004466585349291563, 1.4825248718261719
403, -2.1641806156840175, 2, 4.214378411001235, 30, 72095, 72095, 0.0038940939120948315, 1.512256383895874
404, -2.40142176579684, 2, 4.194732588999614, 30, 72125, 72125, 0.0037851398810744286, 1.505933165550232
405, -2.5270295024383813, 2, 4.237795249999181, 30, 72155, 72155, 0.004311176482588053, 1.5071605443954468
406, -2.6643321164228837, 4, 40.097204115998466, 318, 72473, 72473, 0.003937403671443462, 1.5064338445663452
407, -4.33668113098247, 2, 40.11408414399921, 319, 72792, 72792, 0.0038858891930431128, 1.5071580410003662
408, -2.277924927417189, 2, 7.5895775409990165, 57, 72849, 72849, 0.004424442537128925, 1.5009381771087646
409, -2.409442791948095, 2, 12.936825240998587, 100, 72949, 72949, 0.0039328839629888535, 1.502207636833191
410, -3.0834389436931815, 2, 18.130318662999343, 142, 73091, 73091, 0.003946888726204634, 1.5018894672393799
411, -3.1187008345441427, 2, 25.70444014399982, 203, 73294, 73294, 0.004429926630109549, 1.508784532546997
412, -2.268729025730863, 2, 5.860897645001387, 43, 73337, 73337, 0.003669967409223318, 1.5054819583892822
413, -2.479043199447915, 2, 8.901862941998843, 68, 73405, 73405, 0.004397281911224127, 1.4994263648986816
414, -5.530790964723565, 4, 40.178546356997686, 322, 73727, 73727, 0.00434919074177742, 1.5071545839309692
415, -2.2778153641847894, 2, 4.217784975000541, 30, 73757, 73757, 0.003938118927180767, 1.5081291198730469
416, -2.31346523296088, 2, 4.217684810999344, 30, 73787, 73787, 0.005305503495037556, 1.5057531595230103
417, -7.147195513127372, 4, 40.160812657999486, 320, 74107, 74107, 0.0038295923732221127, 1.5069820880889893
418, -2.3992677279748023, 2, 7.9737979660021665, 60, 74167, 74167, 0.004041874781250954, 1.5106109380722046
419, -2.338135053345468, 2, 4.246583824999107, 30, 74197, 74197, 0.00439491868019104, 1.507537841796875
420, -3.384496465383563, 4, 40.104065933999664, 319, 74516, 74516, 0.004013478755950928, 1.5098129510879517
421, -2.607255745329894, 2, 19.164936244000273, 151, 74667, 74667, 0.004301882348954678, 1.5149775743484497
422, -2.519113451591693, 2, 5.608149184998183, 41, 74708, 74708, 0.0036451180931180716, 1.5142170190811157
423, -3.247806038125418, 4, 40.14986849599882, 319, 75027, 75027, 0.003825186984613538, 1.5081716775894165
424, -2.9420785614056513, 2, 22.784627171997272, 179, 75206, 75206, 0.003801531856879592, 1.5095373392105103
425, -2.3459082996705547, 2, 9.3440076400002, 71, 75277, 75277, 0.004061070736497641, 1.50898015499115
426, -2.495532935950905, 2, 10.873370538000017, 83, 75360, 75360, 0.004592296201735735, 1.5110974311828613
427, -2.2408091619145125, 2, 4.2640133109998715, 30, 75390, 75390, 0.003904827404767275, 1.5178295373916626
428, -2.8187800949672237, 2, 15.391669997999998, 120, 75510, 75510, 0.00400101114064455, 1.5074516534805298
429, -2.289441193745006, 2, 13.923608700999466, 108, 75618, 75618, 0.0038558016531169415, 1.5126692056655884
430, -2.704915715265088, 2, 21.873604207001335, 173, 75791, 75791, 0.0039970763027668, 1.509628415107727
431, -4.344877904513851, 2, 18.85173506100182, 148, 75939, 75939, 0.0037572714500129223, 1.5096200704574585
432, -3.021448541607242, 4, 40.17051727299986, 319, 76258, 76258, 0.0037738222163170576, 1.5119417905807495
433, -2.359862163080834, 2, 4.205737919997773, 30, 76288, 76288, 0.003974635619670153, 1.5152398347854614
434, -2.656689094612375, 2, 14.850872326998797, 116, 76404, 76404, 0.003767693415284157, 1.5059672594070435
435, -2.287143990630284, 2, 4.23682644499786, 30, 76434, 76434, 0.003930907230824232, 1.5012367963790894
436, -2.5352552260737866, 2, 14.027914705002331, 109, 76543, 76543, 0.0037938414607197046, 1.5148813724517822
437, -2.4923013639927376, 4, 40.19470137200187, 318, 76861, 76861, 0.003992637153714895, 1.5106606483459473
438, -3.016251006280072, 2, 19.556794432999595, 153, 77014, 77014, 0.0035443827509880066, 1.5138531923294067
439, -2.218529141158797, 2, 4.244588911002211, 30, 77044, 77044, 0.003933839034289122, 1.5102388858795166
440, -2.2333281588944374, 2, 5.250934712999879, 38, 77082, 77082, 0.0037868975196033716, 1.5125290155410767
441, -6.320417890441604, 4, 40.14710923199891, 320, 77402, 77402, 0.003930050414055586, 1.514621376991272
442, -6.829004869505297, 4, 40.18993530100124, 321, 77723, 77723, 0.003956716973334551, 1.515391230583191
443, -2.332599032204598, 2, 5.882598291002068, 43, 77766, 77766, 0.003946244250983, 1.5123482942581177
444, -2.3819636773550883, 2, 4.191257465998206, 30, 77796, 77796, 0.003633524291217327, 1.5185655355453491
445, -5.686446786872693, 4, 40.10982330900151, 320, 78116, 78116, 0.004102980252355337, 1.5133001804351807
446, -2.6355310525541427, 2, 19.36842165499911, 151, 78267, 78267, 0.00421368470415473, 1.5136463642120361
447, -2.386890305002453, 2, 7.836684592002712, 59, 78326, 78326, 0.003917655907571316, 1.5099411010742188
448, -3.2696591153508052, 2, 27.120762811999157, 214, 78540, 78540, 0.00414897920563817, 1.5173015594482422
449, -2.293238819911494, 4, 40.17057343399938, 318, 78858, 78858, 0.004132519010454416, 1.5160491466522217
450, -2.272754081408493, 2, 4.289359637998132, 30, 78888, 78888, 0.004086523316800594, 1.5088220834732056
451, -2.3075882885605097, 2, 4.731168891998095, 34, 78922, 78922, 0.0038131684996187687, 1.4995362758636475
452, -3.4845456289767753, 4, 40.16051320100087, 320, 79242, 79242, 0.003830136265605688, 1.5156819820404053
453, -2.3408914677565917, 2, 5.617850850998366, 41, 79283, 79283, 0.004325440153479576, 1.51824951171875
454, -2.3588209819281474, 2, 10.346345560999907, 79, 79362, 79362, 0.0035664245951920748, 1.5152257680892944
455, -5.09197224889067, 4, 40.17765975399743, 320, 79682, 79682, 0.003944698721170425, 1.5179674625396729
456, -2.2847310305805877, 2, 7.792433368002094, 58, 79740, 79740, 0.003772441064938903, 1.5133641958236694
457, -2.418097665300593, 2, 9.955074721998244, 76, 79816, 79816, 0.0036519686691462994, 1.5111103057861328
458, -2.3292408684501424, 2, 4.213119426000048, 30, 79846, 79846, 0.0033235554583370686, 1.520279049873352
459, -2.5296711940318346, 2, 4.251835226998082, 30, 79876, 79876, 0.0037419269792735577, 1.5130707025527954
460, -2.1933158967876807, 2, 4.228208779000852, 30, 79906, 79906, 0.003849753411486745, 1.520397424697876
461, -2.861691592261195, 4, 40.066067984000256, 319, 80225, 80225, 0.004283248446881771, 1.5201929807662964
462, -2.719257569871843, 2, 9.698321243002283, 74, 80299, 80299, 0.0039830575697124004, 1.5279674530029297
463, -2.3518818798474967, 2, 7.176917441000114, 54, 80353, 80353, 0.0036901456769555807, 1.5168802738189697
464, -2.6212791873840615, 2, 11.818550440002582, 91, 80444, 80444, 0.003457212820649147, 1.5212913751602173
465, -2.384273246745579, 2, 12.327733751000778, 95, 80539, 80539, 0.0038060492370277643, 1.5153650045394897
466, -2.4515107724582776, 2, 12.995166251999763, 100, 80639, 80639, 0.003563609207049012, 1.5237727165222168
467, -2.601444320054725, 2, 4.230778214001475, 30, 80669, 80669, 0.0039108856581151485, 1.527024507522583
468, -2.7638510311371647, 2, 22.61326542199822, 177, 80846, 80846, 0.0037290689069777727, 1.5211524963378906
469, -2.7013964626239613, 2, 13.474325402999966, 104, 80950, 80950, 0.003793846582993865, 1.52620530128479
470, -2.5710732886800542, 2, 11.852933101003146, 91, 81041, 81041, 0.0037605399265885353, 1.5283045768737793
471, -7.8288513465086, 4, 40.14047237699924, 321, 81362, 81362, 0.004186310339719057, 1.525393009185791
472, -2.341885642905254, 2, 6.378701993002323, 47, 81409, 81409, 0.0036745984107255936, 1.5358473062515259
473, -3.3594191400916316, 2, 25.565036570998927, 202, 81611, 81611, 0.004066633526235819, 1.527776837348938
474, -3.047376452072058, 4, 40.19789515299999, 319, 81930, 81930, 0.0035778358578681946, 1.5274807214736938
475, -3.9267702380311675, 2, 26.804071066999313, 212, 82142, 82142, 0.003546186489984393, 1.5283236503601074
476, -3.3579721535061253, 2, 29.041961744002037, 229, 82371, 82371, 0.004122850019484758, 1.526285171508789
477, -2.201607445254922, 2, 5.367973454998719, 39, 82410, 82410, 0.003929742146283388, 1.5196596384048462
478, -2.1597668543690816, 2, 4.583877348999522, 33, 82443, 82443, 0.003938748501241207, 1.5246611833572388
479, -3.3115368346479954, 2, 17.75655200699839, 139, 82582, 82582, 0.003879801370203495, 1.531468391418457
480, -2.4737126290565357, 2, 4.269537358999514, 30, 82612, 82612, 0.004075541161000729, 1.5143793821334839
481, -2.6141683536116034, 2, 4.2493322789996455, 30, 82642, 82642, 0.004380113445222378, 1.5212148427963257
482, -2.708033539245662, 2, 16.73788355400029, 131, 82773, 82773, 0.0038640385027974844, 1.5327905416488647
483, -3.4545350510888966, 2, 35.00089042000036, 277, 83050, 83050, 0.004066119436174631, 1.5295354127883911
484, -3.3690426045795903, 4, 40.12873611300165, 318, 83368, 83368, 0.0038265634793788195, 1.523974061012268
485, -2.41449263098184, 2, 4.233076656997582, 30, 83398, 83398, 0.0036013065837323666, 1.5333483219146729
486, -2.2454139972105622, 2, 4.488586654999381, 32, 83430, 83430, 0.00401704479008913, 1.5350265502929688
487, -2.838580958719831, 4, 40.135784156002046, 318, 83748, 83748, 0.004301421344280243, 1.525947093963623
488, -3.1492045155900996, 2, 32.410402812998655, 257, 84005, 84005, 0.003724498674273491, 1.529585599899292
489, -3.1892853426979855, 2, 18.152605187999143, 142, 84147, 84147, 0.00415688706561923, 1.5310217142105103
490, -2.267922589322552, 2, 5.797692469997855, 43, 84190, 84190, 0.004852266516536474, 1.5243134498596191
491, -2.818008921574801, 2, 14.477815821002878, 112, 84302, 84302, 0.004521118011325598, 1.535469651222229
492, -2.397135853068903, 2, 4.23710064700208, 30, 84332, 84332, 0.003973976243287325, 1.517363429069519
493, -3.644063352869125, 2, 35.182465767000394, 279, 84611, 84611, 0.0038978036027401686, 1.5314888954162598
494, -2.1437500999309123, 2, 4.227802639998117, 30, 84641, 84641, 0.004506714176386595, 1.5303871631622314
495, -2.4346572621143423, 2, 4.2550510830005805, 30, 84671, 84671, 0.005137409549206495, 1.5411216020584106
496, -3.297479585860856, 2, 24.069767429999047, 190, 84861, 84861, 0.0036570364609360695, 1.530895709991455
497, -2.337507690070197, 2, 6.344121507998352, 47, 84908, 84908, 0.003748941933736205, 1.5307387113571167
498, -4.770541110425256, 4, 40.17003213499993, 319, 85227, 85227, 0.004011435899883509, 1.5333261489868164
499, -3.5461347946547903, 2, 31.674494785002025, 250, 85477, 85477, 0.004161653574556112, 1.532731533050537
500, -2.7911449920138693, 4, 40.15122321799936, 320, 85797, 85797, 0.003899703500792384, 1.5330469608306885
501, -3.281435670069186, 4, 40.07745957099905, 318, 86115, 86115, 0.004054723307490349, 1.5338530540466309
502, -2.6984081845730543, 2, 4.237728149000759, 30, 86145, 86145, 0.00408204784616828, 1.5326961278915405
503, -2.1987741116899997, 2, 4.487351256000693, 32, 86177, 86177, 0.004370938986539841, 1.5276432037353516
504, -2.361030574189499, 2, 4.254429380001966, 30, 86207, 86207, 0.0036544546019285917, 1.5176337957382202
505, -2.42196811537724, 2, 4.230345416999626, 30, 86237, 86237, 0.0035634071100503206, 1.5240211486816406
506, -3.4299195542407688, 2, 32.158385750997695, 254, 86491, 86491, 0.004271655809134245, 1.5289496183395386
507, -2.312087124097161, 2, 7.595875358001649, 57, 86548, 86548, 0.004317891784012318, 1.5390818119049072
508, -2.2532592627685517, 2, 9.22915526199722, 70, 86618, 86618, 0.003469242015853524, 1.5407193899154663
509, -3.7868402601452544, 2, 32.717318486000295, 259, 86877, 86877, 0.004125918727368116, 1.532118797302246
510, -3.440296122629661, 2, 29.25556219899954, 231, 87108, 87108, 0.004107885528355837, 1.5375293493270874
511, -2.6423227129271254, 2, 4.24088619900067, 30, 87138, 87138, 0.0038655295502394438, 1.5445910692214966
512, -2.1159506940166466, 4, 40.094436732997565, 319, 87457, 87457, 0.0039208997040987015, 1.5355942249298096
513, -2.245106790040154, 2, 4.245557962000021, 30, 87487, 87487, 0.003310510655865073, 1.5436627864837646
514, -2.28636419121176, 2, 7.3722151380025025, 55, 87542, 87542, 0.003780005034059286, 1.5274267196655273
515, -3.390752632287331, 4, 40.074815355998, 319, 87861, 87861, 0.004103762563318014, 1.5414994955062866
516, -2.62368420639541, 4, 40.085980741998355, 317, 88178, 88178, 0.003968847915530205, 1.5374970436096191
517, -2.697000482934527, 2, 20.4623648529996, 160, 88338, 88338, 0.003992271609604359, 1.5415480136871338
518, -2.849732827184198, 4, 40.089590555999166, 318, 88656, 88656, 0.003997167106717825, 1.5368202924728394
519, -2.6038730069994926, 2, 4.282929632001469, 30, 88686, 88686, 0.003908929880708456, 1.524004340171814
520, -2.581414202810265, 2, 12.968896884998685, 100, 88786, 88786, 0.003704192116856575, 1.5355193614959717
521, -2.524554160016123, 2, 11.746178193003288, 90, 88876, 88876, 0.0041819484904408455, 1.5342907905578613
522, -7.797709237784147, 4, 40.08620729999893, 320, 89196, 89196, 0.0039035179652273655, 1.5391252040863037
523, -2.740572461800184, 2, 15.857854193000094, 123, 89319, 89319, 0.004242801573127508, 1.536832332611084
524, -2.5749031814630143, 2, 13.454954566001106, 104, 89423, 89423, 0.0045763119123876095, 1.5416585206985474
525, -2.4806381335947663, 2, 4.203662796000572, 30, 89453, 89453, 0.0038729270454496145, 1.5295789241790771
526, -2.343769864179194, 2, 4.258604276001279, 30, 89483, 89483, 0.004698791541159153, 1.5371222496032715
527, -2.1404432830167934, 2, 4.683257145003154, 34, 89517, 89517, 0.003919836133718491, 1.5441235303878784
528, -2.1996864321408793, 2, 4.2603066400006355, 30, 89547, 89547, 0.0035842873621731997, 1.5315912961959839
529, -2.280078812967986, 2, 4.256030225002178, 30, 89577, 89577, 0.0034578016493469477, 1.5425608158111572
530, -2.2293137660017237, 2, 4.528615463001188, 32, 89609, 89609, 0.004066951107233763, 1.5366261005401611
531, -3.3510285682277754, 2, 31.226566994002496, 248, 89857, 89857, 0.00417151628062129, 1.535504698753357
532, -2.203924815868959, 2, 4.9686728560009215, 36, 89893, 89893, 0.003706150921061635, 1.5488855838775635
533, -2.609659025329165, 2, 15.439423186002387, 120, 90013, 90013, 0.003918020520359278, 1.5413782596588135
534, -3.513344577686439, 2, 35.72831690000021, 283, 90296, 90296, 0.003881694981828332, 1.5379093885421753
535, -2.457778543117456, 2, 8.984127842999442, 68, 90364, 90364, 0.003988048527389765, 1.5443850755691528
536, -2.194246309052687, 2, 6.8169711690025, 51, 90415, 90415, 0.004818581975996494, 1.539701223373413
537, -2.9716650032205507, 2, 25.71419086699825, 202, 90617, 90617, 0.003773064585402608, 1.5452104806900024
538, -2.388107841135934, 2, 8.43425058199864, 64, 90681, 90681, 0.0034916307777166367, 1.5474971532821655
539, -3.1352469003613805, 4, 40.160311642001034, 319, 91000, 91000, 0.003914670553058386, 1.544785976409912
540, -3.212683936129906, 2, 25.666966098000557, 202, 91202, 91202, 0.003631636966019869, 1.54515540599823
541, -2.561073251068592, 2, 7.646577595001872, 57, 91259, 91259, 0.00344632170163095, 1.548305869102478
542, -2.491517961410864, 4, 40.19116658999701, 319, 91578, 91578, 0.0038791715633124113, 1.545300006866455
543, -2.148401666432619, 2, 4.226824051998847, 30, 91608, 91608, 0.0036540317814797163, 1.5615755319595337
544, -2.538515950902365, 2, 4.279411618997983, 30, 91638, 91638, 0.0036045347806066275, 1.5466487407684326
545, -2.9065500701544806, 4, 40.160882446998585, 319, 91957, 91957, 0.0038635563105344772, 1.541900873184204
546, -3.4699057305406313, 2, 37.088054314001056, 294, 92251, 92251, 0.0035623365547508, 1.544648289680481
547, -2.3987734850961715, 2, 11.470648583999719, 88, 92339, 92339, 0.0034364708699285984, 1.5407665967941284
548, -2.3365728174103424, 2, 4.280780342000071, 30, 92369, 92369, 0.0029496741481125355, 1.5382287502288818
549, -2.57802310178522, 2, 13.233966818999761, 102, 92471, 92471, 0.003620405215770006, 1.5469335317611694
550, -2.326321445754729, 2, 4.334258015998785, 31, 92502, 92502, 0.0033373169135302305, 1.55409574508667
551, -2.207016212400049, 2, 7.462683535002725, 56, 92558, 92558, 0.003930597100406885, 1.5480648279190063
552, -3.5307327879127115, 4, 40.075549312001385, 318, 92876, 92876, 0.0037814509123563766, 1.551143765449524
553, -3.020392788515892, 4, 40.1868542250013, 319, 93195, 93195, 0.004429976921528578, 1.546226978302002
554, -3.051188894751249, 4, 40.141565765999985, 318, 93513, 93513, 0.004099410492926836, 1.5446006059646606
555, -2.120341832167469, 2, 4.248910510999849, 30, 93543, 93543, 0.0038320955354720354, 1.5575231313705444
556, -3.6656847851118073, 2, 34.765975906000676, 276, 93819, 93819, 0.0038708746433258057, 1.5485860109329224
557, -2.345841563306749, 4, 40.16707568399943, 318, 94137, 94137, 0.0038081100210547447, 1.547623634338379
558, -2.641215508163441, 2, 12.773185053996713, 98, 94235, 94235, 0.003371709957718849, 1.5505515336990356
559, -2.411432297900319, 2, 6.875385857998481, 51, 94286, 94286, 0.004204003605991602, 1.5527244806289673
560, -2.5284855833742768, 2, 4.205041518998769, 30, 94316, 94316, 0.0035558007657527924, 1.553669810295105
561, -3.55953312641941, 4, 40.16724752700247, 319, 94635, 94635, 0.004044566303491592, 1.5513356924057007
562, -2.569891240913421, 2, 4.196343671999784, 30, 94665, 94665, 0.004391664173454046, 1.5553025007247925
563, -3.4737679780228063, 2, 34.78108684799736, 275, 94940, 94940, 0.0038539371453225613, 1.5507451295852661
564, -6.93560509942472, 4, 40.16986963200179, 320, 95260, 95260, 0.0036335953045636415, 1.550142765045166
565, -2.3085550885880366, 2, 4.2135176330011745, 30, 95290, 95290, 0.004040279891341925, 1.5369747877120972
566, -2.2090911403065547, 2, 5.676742163999734, 41, 95331, 95331, 0.0056403810158371925, 1.5483475923538208
567, -2.4856526255607605, 2, 4.220399006000662, 30, 95361, 95361, 0.0035780167672783136, 1.5600417852401733
568, -5.922097376324018, 4, 40.18958545100031, 320, 95681, 95681, 0.0044584209099411964, 1.5497106313705444
569, -2.2204889117274433, 2, 6.723116170000139, 50, 95731, 95731, 0.004665260203182697, 1.5481971502304077
570, -2.1882092220475897, 2, 5.786625787997764, 43, 95774, 95774, 0.003672804217785597, 1.5568299293518066
571, -2.5190284487616736, 2, 18.68380316299954, 146, 95920, 95920, 0.004090783651918173, 1.5552242994308472
572, -2.869349954999052, 4, 40.08374845999788, 318, 96238, 96238, 0.004828028380870819, 1.5542607307434082
573, -2.9046537336544134, 4, 40.13644454500172, 316, 96554, 96554, 0.003970768302679062, 1.55105721950531
574, -2.6222740533412434, 4, 40.06284987199979, 318, 96872, 96872, 0.003853164380416274, 1.5526237487792969
575, -3.3702335983980447, 2, 33.08291350900254, 262, 97134, 97134, 0.004727714229375124, 1.5525739192962646
576, -2.0788647995796055, 2, 4.25885367400042, 30, 97164, 97164, 0.004574415273964405, 1.5661125183105469
577, -2.847138626035303, 2, 17.94298440000057, 140, 97304, 97304, 0.0038165347650647163, 1.5473010540008545
578, -3.2685212851502, 2, 11.650482370001555, 90, 97394, 97394, 0.0046411254443228245, 1.552680253982544
579, -2.6040234845713712, 2, 13.825123769998754, 107, 97501, 97501, 0.00364157953299582, 1.5559293031692505
580, -2.1107248878106475, 2, 4.715222221999284, 34, 97535, 97535, 0.00402266439050436, 1.5515656471252441
581, -2.4035463734762743, 2, 11.555979936998483, 88, 97623, 97623, 0.003589001949876547, 1.5564872026443481
582, -3.5054683636699338, 2, 32.38488665700061, 255, 97878, 97878, 0.0042336974292993546, 1.552697777748108
583, -2.5966782518662512, 2, 12.061966110999492, 93, 97971, 97971, 0.003411876270547509, 1.564462661743164
584, -6.8545032473048195, 4, 40.099973583000974, 320, 98291, 98291, 0.00388727942481637, 1.554735779762268
585, -3.0375584613648243, 2, 25.307005938000657, 199, 98490, 98490, 0.003515601856634021, 1.555184245109558
586, -3.1547570288239513, 2, 31.76194538800337, 250, 98740, 98740, 0.0038289332296699286, 1.5548027753829956
587, -2.63094933424145, 2, 4.298808489998919, 30, 98770, 98770, 0.003573328722268343, 1.5561050176620483
588, -2.246459099580534, 2, 4.890158693000558, 35, 98805, 98805, 0.004059457220137119, 1.5583293437957764
589, -2.4431215942604467, 2, 4.3346267720007745, 30, 98835, 98835, 0.003768205177038908, 1.5542259216308594
590, -2.6509136875974946, 4, 40.18481415000133, 318, 99153, 99153, 0.0038891213480383158, 1.5568190813064575
591, -2.325961628172081, 2, 10.968502290001197, 84, 99237, 99237, 0.0035904301330447197, 1.5548776388168335
592, -4.0072993071589735, 4, 40.10023715100033, 318, 99555, 99555, 0.003891252214089036, 1.5562065839767456
593, -2.3174367462052032, 2, 6.8356364329993085, 51, 99606, 99606, 0.0034417021088302135, 1.558588981628418
594, -6.37701977105462, 4, 40.068012193998584, 319, 99925, 99925, 0.003959345631301403, 1.5572841167449951
595, -2.5976394629688, 2, 15.86279359800028, 123, 100048, 100048, 0.004259980749338865, 1.5602909326553345
596, -2.1685379021801054, 2, 4.482350771999336, 32, 100080, 100080, 0.004577720072120428, 1.5506749153137207
597, -4.747120794374496, 4, 40.1383963699991, 319, 100399, 100399, 0.0038210314232856035, 1.5577547550201416
598, -2.429431013879366, 2, 4.261265454999375, 30, 100429, 100429, 0.0033234914299100637, 1.5643227100372314
599, -3.1432411312125623, 2, 30.033966344002692, 237, 100666, 100666, 0.0038287597708404064, 1.5600643157958984
600, -2.220086714718491, 2, 6.497758612000325, 48, 100714, 100714, 0.004519221372902393, 1.5558853149414062
601, -3.586400364729343, 2, 40.02307520500108, 317, 101031, 101031, 0.0038486120756715536, 1.558986783027649
602, -3.7251090700592613, 2, 34.953693266998016, 277, 101308, 101308, 0.003549913875758648, 1.5632869005203247
603, -2.9970532943843864, 2, 12.546317996999278, 97, 101405, 101405, 0.0037634135223925114, 1.566199541091919
604, -2.139027778292075, 2, 5.254990572000679, 38, 101443, 101443, 0.0038298992440104485, 1.5601776838302612
605, -2.483145863399841, 4, 40.10138433500106, 317, 101760, 101760, 0.004344006069004536, 1.557505488395691
606, -2.5840430564712733, 4, 40.07831147700199, 318, 102078, 102078, 0.0035913242027163506, 1.5605968236923218
607, -3.352075069586135, 2, 37.860898063001514, 300, 102378, 102378, 0.0034088515676558018, 1.5620723962783813
608, -2.282841047504917, 2, 4.222594715000014, 30, 102408, 102408, 0.0034003157634288073, 1.5590393543243408
609, -2.8175961733795702, 2, 11.413315462003084, 88, 102496, 102496, 0.0032773518469184637, 1.561898112297058
610, -2.457000282010995, 4, 40.092845007002325, 318, 102814, 102814, 0.0038280703593045473, 1.5582046508789062
611, -4.84580737084616, 4, 40.10715979299857, 319, 103133, 103133, 0.004570102784782648, 1.559669852256775
612, -2.4281531870365143, 2, 4.226872505001666, 30, 103163, 103163, 0.003948085010051727, 1.556286096572876
613, -2.8418394406326115, 4, 40.124776206001115, 317, 103480, 103480, 0.0037764897570014, 1.5578153133392334
614, -3.108799500329951, 2, 16.05781754599957, 125, 103605, 103605, 0.004251312930136919, 1.5573149919509888
615, -2.2108501490438357, 2, 5.606306603000121, 41, 103646, 103646, 0.003687286516651511, 1.5634175539016724
616, -4.853503805497894, 4, 40.102410952000355, 318, 103964, 103964, 0.0036197740118950605, 1.559111475944519
617, -2.22388564015273, 2, 5.352753757000755, 39, 104003, 104003, 0.003930396866053343, 1.5679363012313843
618, -2.44091824615316, 4, 40.09108583000125, 318, 104321, 104321, 0.0039703138172626495, 1.5565546751022339
619, -2.8548466488718987, 4, 40.211477017001016, 319, 104640, 104640, 0.003450450487434864, 1.5610872507095337
620, -2.17350308643654, 2, 4.633609207001427, 33, 104673, 104673, 0.003198994556441903, 1.5579031705856323
621, -2.5561883574991953, 4, 40.10359704000075, 318, 104991, 104991, 0.0040782480500638485, 1.5629942417144775
622, -2.3860246465774253, 2, 8.690532611999515, 66, 105057, 105057, 0.004133396781980991, 1.5656113624572754
623, -2.8859492749325, 2, 18.41867368000021, 144, 105201, 105201, 0.003695598803460598, 1.5610188245773315
624, -4.822261313849594, 2, 20.639832346998446, 162, 105363, 105363, 0.004535604268312454, 1.5610313415527344
625, -2.844499940285459, 2, 25.736858173000655, 203, 105566, 105566, 0.0037387488409876823, 1.5579004287719727
626, -2.494805879192427, 2, 13.838585035999131, 107, 105673, 105673, 0.0035869376733899117, 1.5573999881744385
627, -3.2445014321710914, 2, 23.77937276400189, 186, 105859, 105859, 0.0033609834499657154, 1.5637176036834717
628, -5.73005099047441, 4, 40.1625193889995, 320, 106179, 106179, 0.003991865552961826, 1.5619721412658691
629, -3.3818702775170095, 2, 16.2189713450025, 126, 106305, 106305, 0.003940675873309374, 1.5603286027908325
630, -2.9154328196309507, 2, 23.749380353998276, 186, 106491, 106491, 0.004480122122913599, 1.5586400032043457
631, -2.2493412698386237, 2, 12.269135112001095, 95, 106586, 106586, 0.0037047304213047028, 1.5554370880126953
632, -2.2556808803929016, 2, 8.834283576998132, 67, 106653, 106653, 0.0033415742218494415, 1.560080885887146
633, -3.620609452831559, 2, 34.6948644389995, 274, 106927, 106927, 0.0036116226110607386, 1.559179425239563
634, -3.0836795762879774, 4, 40.13751199499893, 318, 107245, 107245, 0.00422621238976717, 1.560942530632019
635, -2.189748712698929, 2, 4.269441954998911, 30, 107275, 107275, 0.003810866503044963, 1.5535228252410889
636, -4.423390058422228, 2, 36.40951987600056, 289, 107564, 107564, 0.00402080500498414, 1.5595426559448242
637, -2.406756447046064, 2, 4.246766895001201, 30, 107594, 107594, 0.004615644924342632, 1.5528837442398071
638, -2.593922688800376, 2, 12.520521017999272, 96, 107690, 107690, 0.0042594731785357, 1.5562907457351685
639, -2.64946630038321, 2, 4.2132010819987045, 30, 107720, 107720, 0.0037387737538665533, 1.5504263639450073
640, -3.2589674369664863, 2, 12.058356819998153, 93, 107813, 107813, 0.0034514383878558874, 1.5532753467559814
641, -4.121430585539201, 2, 35.740143582999735, 282, 108095, 108095, 0.0037674731574952602, 1.5564204454421997
642, -2.25377340184059, 2, 7.815917839998292, 59, 108154, 108154, 0.0037268272135406733, 1.5641640424728394
643, -2.1958810343639925, 2, 4.879229361999023, 35, 108189, 108189, 0.0031584256794303656, 1.5561549663543701
644, -2.555396565119736, 2, 10.093197252001119, 77, 108266, 108266, 0.003390740370377898, 1.5583994388580322
645, -4.8122910934034735, 4, 40.13793766299932, 318, 108584, 108584, 0.004686632659286261, 1.5612894296646118
646, -3.2017458216650994, 2, 32.29350103300021, 255, 108839, 108839, 0.004090277943760157, 1.5595149993896484
647, -2.6748800112109166, 2, 11.84621815599894, 91, 108930, 108930, 0.0037472820840775967, 1.5565004348754883
648, -4.4107125065347645, 2, 39.98467889500171, 317, 109247, 109247, 0.0038064655382186174, 1.5629172325134277
649, -2.696903374933754, 2, 19.057264512000984, 149, 109396, 109396, 0.0036395415663719177, 1.558721661567688
650, -5.441252292133868, 4, 40.132309864999115, 318, 109714, 109714, 0.0033790445886552334, 1.5607346296310425
651, -2.9273336052137893, 2, 24.46656439999788, 192, 109906, 109906, 0.004491341765969992, 1.5599993467330933
652, -2.492815196979791, 2, 4.216041015999508, 30, 109936, 109936, 0.004346902947872877, 1.5666683912277222
653, -2.6306215469376184, 4, 40.16476321799928, 317, 110253, 110253, 0.0035843229852616787, 1.5625323057174683
654, -3.9115561556536704, 4, 40.19183876800162, 319, 110572, 110572, 0.004304230213165283, 1.5597833395004272
655, -2.3234851465094835, 2, 4.229147035002825, 30, 110602, 110602, 0.0034357078839093447, 1.5500571727752686
656, -3.3822540884084447, 2, 27.36133882899958, 215, 110817, 110817, 0.0037794471718370914, 1.5601640939712524
657, -2.7870608486118726, 2, 18.250936789998377, 142, 110959, 110959, 0.0038325903005898, 1.5575143098831177
658, -3.716527398850303, 2, 37.79036673900191, 299, 111258, 111258, 0.003625758457928896, 1.5610414743423462
659, -2.210773459490156, 2, 4.222792574000778, 30, 111288, 111288, 0.004547241609543562, 1.561591625213623
660, -2.4951312944758683, 2, 13.989556977001484, 108, 111396, 111396, 0.00404758146032691, 1.5548028945922852
661, -2.2792414346913574, 4, 40.12567198100078, 319, 111715, 111715, 0.0035197825636714697, 1.555006980895996
662, -2.380747866278398, 2, 8.239941135001573, 62, 111777, 111777, 0.005179933737963438, 1.5532435178756714
663, -2.2087925917003304, 2, 6.279536949998146, 46, 111823, 111823, 0.004158960655331612, 1.5581223964691162
664, -2.53305979934521, 4, 40.13777297300112, 317, 112140, 112140, 0.004183975514024496, 1.555626630783081
665, -2.274162686197087, 2, 9.45303983699705, 72, 112212, 112212, 0.0039959680289030075, 1.5608564615249634
666, -2.6328712517861277, 2, 4.202975011001399, 30, 112242, 112242, 0.0040544127114117146, 1.5643765926361084
667, -2.5888606976368465, 4, 40.18362157899901, 318, 112560, 112560, 0.004606468137353659, 1.5579863786697388
668, -3.2229434314212995, 4, 40.15618566299963, 318, 112878, 112878, 0.004380697850137949, 1.558864712715149
669, -2.2400373879354447, 2, 4.285427997001534, 30, 112908, 112908, 0.0034540260676294565, 1.5532035827636719
670, -2.9564242518972605, 2, 24.95497188599984, 196, 113104, 113104, 0.004369375295937061, 1.5556726455688477
671, -3.1472916440543486, 2, 29.341776110002684, 231, 113335, 113335, 0.0038273304235190153, 1.559876799583435
672, -7.206350600288715, 2, 39.88485606999893, 317, 113652, 113652, 0.003564651357010007, 1.5610246658325195
673, -3.196516781630635, 2, 26.008834804997605, 203, 113855, 113855, 0.004187270533293486, 1.5597317218780518
674, -2.6207739308083546, 4, 40.100496998999006, 316, 114171, 114171, 0.003568195039406419, 1.558524489402771
675, -3.1092822207137942, 2, 24.890979133000656, 195, 114366, 114366, 0.0038630529306828976, 1.5601990222930908
676, -2.189099250568688, 2, 7.368979197999579, 55, 114421, 114421, 0.003489616559818387, 1.5547326803207397
677, -2.5996739636175334, 2, 4.2534059079989675, 30, 114451, 114451, 0.0035895253531634808, 1.5591806173324585
678, -2.2212665987899527, 2, 4.594345362998865, 33, 114484, 114484, 0.0044066421687603, 1.555941104888916
679, -2.4512395336059853, 2, 9.497661714001879, 72, 114556, 114556, 0.005433598067611456, 1.5553431510925293
680, -2.4327276147087105, 4, 40.15557338099825, 318, 114874, 114874, 0.004382224753499031, 1.5598015785217285
681, -2.7548066835297504, 2, 21.044661792002444, 165, 115039, 115039, 0.0042871697805821896, 1.560304045677185
682, -2.496978653362021, 2, 16.689547499001492, 130, 115169, 115169, 0.004384652245789766, 1.562612771987915
683, -2.1601869768928736, 2, 4.223917324998183, 30, 115199, 115199, 0.0040388526394963264, 1.5542452335357666
684, -2.5832207711646333, 2, 4.248024446002091, 30, 115229, 115229, 0.0035925013944506645, 1.5600358247756958
685, -2.8102920097880997, 2, 29.446525587001815, 233, 115462, 115462, 0.004154806490987539, 1.5614597797393799
686, -2.5331248965812847, 4, 40.183423734000826, 318, 115780, 115780, 0.004135747905820608, 1.558214545249939
687, -2.579848573775962, 2, 4.205071684998984, 30, 115810, 115810, 0.0030295890755951405, 1.5607784986495972
688, -3.518816740892362, 4, 40.22750232999897, 318, 116128, 116128, 0.004144991748034954, 1.558286428451538
689, -2.6791110371668765, 4, 40.16595329199845, 319, 116447, 116447, 0.004101540893316269, 1.5571397542953491
690, -7.203500703943973, 4, 40.15017366999746, 319, 116766, 116766, 0.003973169717937708, 1.5580703020095825
691, -3.7325970036326908, 4, 40.1346638349969, 319, 117085, 117085, 0.003965415060520172, 1.560867428779602
692, -2.1655423963675275, 2, 4.2156480030025705, 30, 117115, 117115, 0.003756452351808548, 1.5614581108093262
693, -3.2986699571774807, 4, 40.162894590997894, 317, 117432, 117432, 0.0036934278905391693, 1.5578076839447021
694, -3.072315392211749, 2, 29.69435151899961, 234, 117666, 117666, 0.004015274811536074, 1.5562599897384644
695, -2.6981167652775184, 4, 40.183169166997686, 318, 117984, 117984, 0.0043069422245025635, 1.5529453754425049
696, -2.394761295057833, 2, 12.071215927004232, 93, 118077, 118077, 0.004917585290968418, 1.5542370080947876
697, -6.697566965420265, 4, 40.141825004000566, 320, 118397, 118397, 0.004286077339202166, 1.5594816207885742
698, -2.83529258397175, 2, 32.38072779899812, 255, 118652, 118652, 0.003823254257440567, 1.5614436864852905
699, -3.768097032647347, 2, 37.67646339299972, 297, 118949, 118949, 0.0033535673283040524, 1.561219334602356
700, -2.5679661157773808, 2, 8.505893361994822, 64, 119013, 119013, 0.004210358951240778, 1.5519665479660034
701, -2.6883271106053144, 2, 14.11227456099732, 109, 119122, 119122, 0.003423229092732072, 1.56425940990448
702, -2.3376175973098725, 2, 4.262435436998203, 30, 119152, 119152, 0.0034749784972518682, 1.5608570575714111
703, -2.187369690858759, 2, 5.405336916002852, 39, 119191, 119191, 0.004253346938639879, 1.5590382814407349
704, -2.5077431524405256, 2, 4.28806514700409, 30, 119221, 119221, 0.003823464270681143, 1.5606844425201416
705, -2.3765593058196828, 2, 4.248820446002355, 30, 119251, 119251, 0.003559727454558015, 1.5596884489059448
706, -3.588946096249856, 2, 32.08245239100506, 254, 119505, 119505, 0.00413264986127615, 1.556931495666504
707, -2.239304418093525, 2, 4.467868813000678, 32, 119537, 119537, 0.005380019545555115, 1.5587165355682373
708, -3.08423206556472, 2, 23.151359773000877, 182, 119719, 119719, 0.004466621205210686, 1.5559967756271362
709, -2.6339209848192695, 4, 40.105985876005434, 319, 120038, 120038, 0.004572783596813679, 1.555232286453247
710, -5.50691169151105, 2, 37.740083062999474, 300, 120338, 120338, 0.0037928521633148193, 1.555761694908142
711, -2.6266613027182757, 4, 40.17650665600377, 319, 120657, 120657, 0.003885493380948901, 1.5554141998291016
712, -2.092243393184617, 2, 4.755300124001224, 34, 120691, 120691, 0.0036072111688554287, 1.5535924434661865
713, 3.6183370895887492, 1, 30.41578001200105, 240, 120931, 120931, 0.003986787982285023, 1.5515878200531006
714, -2.4134489346761256, 2, 4.230486139000277, 30, 120961, 120961, 0.0038035884499549866, 1.5598293542861938
715, -2.485978101787623, 2, 11.250114383001346, 86, 121047, 121047, 0.003946130629628897, 1.5577737092971802
716, -2.2440866398392245, 2, 5.32766010100022, 39, 121086, 121086, 0.0050027561374008656, 1.5415724515914917
717, -2.2113030820619315, 2, 4.201809106998553, 30, 121116, 121116, 0.0045322999358177185, 1.5450974702835083
718, -2.746027552871965, 2, 21.857885854995402, 171, 121287, 121287, 0.0050308299250900745, 1.5574347972869873
719, -2.799900313024409, 2, 12.955356419995951, 100, 121387, 121387, 0.0048957583494484425, 1.5566250085830688
720, -2.4805969084845856, 2, 4.242861240993079, 30, 121417, 121417, 0.0036819600500166416, 1.5587153434753418
721, -4.5225180288543925, 2, 39.57724567900004, 313, 121730, 121730, 0.004277349449694157, 1.55356764793396
722, -2.5739570565347094, 4, 40.12858738199429, 317, 122047, 122047, 0.004453527741134167, 1.5555535554885864
723, -4.678838389518205, 4, 40.09635422100109, 317, 122364, 122364, 0.004635282326489687, 1.5528652667999268
724, -2.1570286720525473, 2, 4.632674332999159, 33, 122397, 122397, 0.005018593743443489, 1.5518081188201904
725, -2.5477739735943032, 4, 40.093209959995875, 317, 122714, 122714, 0.004147982224822044, 1.554242491722107
726, -2.135310194105841, 2, 5.718800030997954, 41, 122755, 122755, 0.004948363173753023, 1.559273362159729
727, -2.4861654866253957, 2, 20.719419503999234, 162, 122917, 122917, 0.004035904072225094, 1.561956763267517
728, -2.3174402787117288, 2, 4.2172301940008765, 30, 122947, 122947, 0.0044818902388215065, 1.5556021928787231
729, -3.0475155729218386, 2, 20.2678867249997, 159, 123106, 123106, 0.004076920449733734, 1.551755428314209
730, -7.261296178563498, 4, 40.17609012799949, 320, 123426, 123426, 0.0042265551164746284, 1.5536282062530518
731, -2.1585382611956447, 2, 5.420361440003035, 39, 123465, 123465, 0.0047020744532346725, 1.558211326599121
732, -2.5043687500292435, 2, 10.680119721000665, 82, 123547, 123547, 0.003898852737620473, 1.5620665550231934
733, -2.537284973775968, 2, 4.2718521950009745, 30, 123577, 123577, 0.0039198496378958225, 1.5578246116638184
734, -2.864745786297135, 2, 17.535253273003036, 136, 123713, 123713, 0.004194978624582291, 1.562760591506958
735, -5.460005178931169, 4, 40.12396688899753, 319, 124032, 124032, 0.004383632447570562, 1.5561859607696533
736, -2.487158456700854, 2, 4.276163580005232, 30, 124062, 124062, 0.004619533196091652, 1.5542346239089966
737, -2.7370309089310467, 2, 22.968941555998754, 180, 124242, 124242, 0.0046686409041285515, 1.5532780885696411
738, -2.186782587086782, 2, 4.452464130998123, 32, 124274, 124274, 0.0037557973992079496, 1.5603466033935547
739, -2.711642658803612, 2, 21.528236059006304, 168, 124442, 124442, 0.004142916761338711, 1.555680751800537
740, -2.1445932869100943, 2, 5.871439586000633, 43, 124485, 124485, 0.003726417664438486, 1.55622398853302
741, -2.391041092312662, 4, 40.1280167090008, 317, 124802, 124802, 0.004042854532599449, 1.556464672088623
742, -2.462063164450228, 2, 4.21646858099848, 30, 124832, 124832, 0.00542878545820713, 1.5509324073791504
743, -2.205957862897776, 2, 5.225112412001181, 38, 124870, 124870, 0.004996581934392452, 1.5583045482635498
744, -2.55717067560181, 2, 13.968401436999557, 108, 124978, 124978, 0.006124582607299089, 1.5630162954330444
745, -2.630132942693308, 2, 4.211340100999223, 30, 125008, 125008, 0.00569763220846653, 1.561401605606079
746, -2.3545847081113607, 2, 11.118816435999179, 85, 125093, 125093, 0.005770852789282799, 1.5528862476348877
747, -3.0990753420628607, 4, 40.17986622900207, 318, 125411, 125411, 0.004391969181597233, 1.5536201000213623
748, -2.4904203951628006, 4, 40.17439908200322, 318, 125729, 125729, 0.004423288628458977, 1.5482834577560425
749, -2.6506189682986587, 2, 16.5908231229987, 129, 125858, 125858, 0.004650742281228304, 1.5520539283752441
750, -2.8307798595942586, 2, 18.24029930600227, 142, 126000, 126000, 0.005367173347622156, 1.5543606281280518
751, -3.1693805242248345, 2, 28.051077028998407, 220, 126220, 126220, 0.004073592368513346, 1.5543533563613892
752, -3.449807713739574, 2, 36.479218545995536, 289, 126509, 126509, 0.004149554297327995, 1.5541527271270752
753, -2.7322406942257658, 2, 21.85891747700225, 172, 126681, 126681, 0.004355171229690313, 1.5478180646896362
754, -2.5132666036952287, 2, 4.278672196000116, 30, 126711, 126711, 0.006568834185600281, 1.5540860891342163
755, -2.3608897226513363, 4, 40.16518752199772, 318, 127029, 127029, 0.0043966760858893394, 1.5548819303512573
756, -2.6049683251185343, 2, 10.064373906003311, 76, 127105, 127105, 0.0039040278643369675, 1.5569556951522827
757, -2.4381461368175223, 2, 13.906341255998996, 107, 127212, 127212, 0.005929344799369574, 1.5457655191421509
758, -2.974043194320984, 2, 18.393765508000797, 143, 127355, 127355, 0.0045389654114842415, 1.559186339378357
759, -2.212938657728955, 2, 5.121770017001836, 35, 127390, 127390, 0.0037551228888332844, 1.5554180145263672
760, -3.186247817677213, 2, 34.40471180700115, 271, 127661, 127661, 0.003765708301216364, 1.5556827783584595
761, -2.579020901983313, 4, 40.15008015400235, 317, 127978, 127978, 0.004701980389654636, 1.549349308013916
762, -2.3327202709624544, 4, 40.184914903999015, 318, 128296, 128296, 0.004710341338068247, 1.5524693727493286
763, -2.891446278837975, 2, 18.238407150005514, 142, 128438, 128438, 0.005229001399129629, 1.5460103750228882
764, -2.152018389548175, 2, 4.27517344700027, 30, 128468, 128468, 0.004296839702874422, 1.564388632774353
765, -2.406445967266336, 2, 4.2755413229970145, 30, 128498, 128498, 0.00618381705135107, 1.5528526306152344
766, -2.4736863350262865, 2, 4.231312116004119, 30, 128528, 128528, 0.0034005383495241404, 1.5646426677703857
767, -2.4573093263898045, 2, 7.298714952004957, 55, 128583, 128583, 0.004639575257897377, 1.5395296812057495
768, -2.201795237051556, 4, 40.085563088003255, 316, 128899, 128899, 0.003916266839951277, 1.5516836643218994
769, -2.485054627293721, 2, 10.621362053992925, 81, 128980, 128980, 0.004621191881597042, 1.5552834272384644
770, -2.174325263593346, 2, 4.218858872001874, 30, 129010, 129010, 0.005682139657437801, 1.5390139818191528
771, -2.227814639103599, 2, 4.901845439999306, 35, 129045, 129045, 0.004553523380309343, 1.5449877977371216
772, -2.714970918124891, 2, 19.530173189996276, 152, 129197, 129197, 0.004048584960401058, 1.5544376373291016
773, -6.52389544271864, 4, 40.07519990199944, 318, 129515, 129515, 0.0038264889735728502, 1.5549403429031372
774, -3.542922425949655, 2, 39.40266114300175, 312, 129827, 129827, 0.00472671166062355, 1.5540472269058228
775, -2.8168758748070104, 2, 21.903878643002827, 171, 129998, 129998, 0.005389980971813202, 1.5472142696380615
776, -2.5191592142218724, 2, 4.225536698002543, 30, 130028, 130028, 0.004857220221310854, 1.5427666902542114
777, -2.3773766710655764, 2, 9.350789345997327, 71, 130099, 130099, 0.006902639288455248, 1.5638922452926636
778, -2.490431153215468, 2, 4.208088651001162, 30, 130129, 130129, 0.004797917325049639, 1.546791672706604
779, -3.5582161525962874, 4, 40.088957835003384, 318, 130447, 130447, 0.004351236391812563, 1.5540720224380493
780, -2.25224109494593, 2, 6.4680811220023315, 48, 130495, 130495, 0.005311301443725824, 1.54747474193573
781, -2.4310634473804384, 2, 12.157829087002028, 94, 130589, 130589, 0.005118015222251415, 1.551436424255371
782, -2.2878657709807158, 2, 5.241754843002127, 38, 130627, 130627, 0.0038352590054273605, 1.552412748336792
783, -3.0077307755709626, 2, 30.421732764996705, 239, 130866, 130866, 0.005238243844360113, 1.5492151975631714
784, -2.1984388835262507, 2, 5.762696238998615, 42, 130908, 130908, 0.0053228712640702724, 1.558747410774231
785, -2.8296468650805764, 4, 40.146610513998894, 317, 131225, 131225, 0.004249766003340483, 1.554451584815979
786, -2.167449099943042, 2, 5.223937816001126, 38, 131263, 131263, 0.004818000365048647, 1.5578107833862305
787, -2.382096597808413, 2, 4.219274779003172, 30, 131293, 131293, 0.004391869064420462, 1.5600522756576538
788, -2.687603281083284, 4, 40.19476000800205, 318, 131611, 131611, 0.004911524243652821, 1.5504846572875977
789, -3.2764388773284736, 2, 24.12358058099926, 190, 131801, 131801, 0.004377684555947781, 1.5510073900222778
790, -3.003303673135491, 2, 26.375598188002186, 208, 132009, 132009, 0.004161949269473553, 1.549436330795288
791, -2.4096264998152037, 4, 40.15863408600126, 317, 132326, 132326, 0.004575003404170275, 1.5504060983657837
792, -3.7218121110927314, 2, 35.768593157001305, 283, 132609, 132609, 0.004212312400341034, 1.552800178527832
793, -2.250061788712628, 2, 4.211709477000113, 30, 132639, 132639, 0.008654141798615456, 1.5465409755706787
794, -2.3542630915762857, 2, 7.921879269997589, 59, 132698, 132698, 0.0048115551471710205, 1.550735592842102
795, -2.2191254334757105, 2, 4.71690574499371, 34, 132732, 132732, 0.004007394891232252, 1.5491828918457031
796, -2.3988470950716874, 4, 40.12461506100226, 317, 133049, 133049, 0.004966129548847675, 1.5470558404922485
797, -2.457173875242006, 2, 7.651997644003131, 57, 133106, 133106, 0.004485632758587599, 1.5571328401565552
798, -5.396742576631368, 2, 38.870937195002625, 308, 133414, 133414, 0.0056846062652766705, 1.5458959341049194
799, -2.399548835644964, 2, 11.332692137002596, 87, 133501, 133501, 0.005195773672312498, 1.5514802932739258
800, -2.4273847432341427, 2, 4.299854822005727, 30, 133531, 133531, 0.0034566617105156183, 1.564278244972229
801, -2.273685361171374, 2, 5.864074946002802, 43, 133574, 133574, 0.004353185184299946, 1.542598843574524
802, -2.4262029627570882, 4, 40.097473568996065, 318, 133892, 133892, 0.004932332783937454, 1.5543508529663086
803, -2.7071819184347987, 2, 4.27724679899984, 30, 133922, 133922, 0.003978233318775892, 1.5469353199005127
804, -2.837780111029133, 4, 40.13061934900179, 317, 134239, 134239, 0.004411851055920124, 1.5455610752105713
805, -2.232725733774714, 2, 5.354854208002507, 39, 134278, 134278, 0.005931866820901632, 1.5591552257537842
806, -2.4681408985634334, 4, 40.11510435800301, 317, 134595, 134595, 0.004573591519147158, 1.5451092720031738
807, -2.3813148294575512, 2, 4.289818112003559, 30, 134625, 134625, 0.00356089579872787, 1.5433162450790405
808, -2.2172828923212364, 2, 6.143271973000083, 45, 134670, 134670, 0.003953772597014904, 1.554524540901184
809, -2.469213860691525, 2, 16.249621865004883, 126, 134796, 134796, 0.004337172489613295, 1.544693946838379
810, -2.7662712736055255, 2, 4.211112149001565, 30, 134826, 134826, 0.005222859792411327, 1.5432356595993042
811, -2.6956142318158527, 4, 40.08789961699949, 317, 135143, 135143, 0.0043260809034109116, 1.5484166145324707
812, -2.3573723651934415, 2, 7.666616924005211, 57, 135200, 135200, 0.006169441156089306, 1.5568125247955322
813, -2.7620282527059317, 2, 4.211994188997778, 30, 135230, 135230, 0.004966056905686855, 1.5460022687911987
814, -2.6153620209079236, 2, 14.895042326999828, 115, 135345, 135345, 0.006131127011030912, 1.5446453094482422
815, -2.501998194726184, 2, 7.729193760998896, 58, 135403, 135403, 0.004972520284354687, 1.549798846244812
816, -2.4794933759840205, 2, 4.213187055000162, 30, 135433, 135433, 0.005338967312127352, 1.544323205947876
817, -2.3046454712748528, 2, 6.238330232001317, 46, 135479, 135479, 0.005673703737556934, 1.5446473360061646
818, -2.3716452554654097, 4, 40.08954857000208, 316, 135795, 135795, 0.005690046586096287, 1.5481882095336914
819, -2.5390412430278957, 2, 4.231188414996723, 30, 135825, 135825, 0.006382904015481472, 1.5595180988311768
820, -2.4744055663468316, 2, 4.256702372003929, 30, 135855, 135855, 0.005965847987681627, 1.5509763956069946
821, -2.568386279512197, 2, 4.24664507900161, 30, 135885, 135885, 0.00860642921179533, 1.5493084192276
822, -2.4876773306168616, 4, 40.14119612999639, 316, 136201, 136201, 0.0051046982407569885, 1.5440915822982788
823, -2.2243037241278216, 2, 4.206152040998859, 30, 136231, 136231, 0.004038316663354635, 1.5583813190460205
824, -2.530447759665549, 2, 4.222785263998958, 30, 136261, 136261, 0.0042786067351698875, 1.5541220903396606
825, -2.483531404985115, 2, 4.249692943005357, 30, 136291, 136291, 0.004699073266237974, 1.5483983755111694
826, -3.472168512249482, 2, 21.951188197999727, 171, 136462, 136462, 0.0038440970238298178, 1.5534087419509888
827, -2.555446339538321, 4, 40.13062398599868, 317, 136779, 136779, 0.004598213825374842, 1.549755573272705
828, -2.9173772409558296, 2, 4.259995684005844, 30, 136809, 136809, 0.004146152175962925, 1.5600560903549194
829, -2.906291359104216, 2, 4.248811237004702, 30, 136839, 136839, 0.004093573894351721, 1.5618610382080078
830, -2.500980087206699, 2, 4.238841225000215, 30, 136869, 136869, 0.0045617385767400265, 1.5472412109375
831, -2.4265084898797795, 2, 4.644789207995927, 33, 136902, 136902, 0.005413503386080265, 1.5498757362365723
832, -3.182485801895382, 4, 40.068291732000944, 317, 137219, 137219, 0.005169287323951721, 1.5507181882858276
833, -2.7115964191034436, 2, 21.27981391600042, 166, 137385, 137385, 0.006197224836796522, 1.547166347503662
834, -6.939490348333493, 4, 40.15192085000308, 320, 137705, 137705, 0.004814508371055126, 1.5486726760864258
835, -2.9054387484211475, 2, 24.451019979002012, 192, 137897, 137897, 0.0044014030136168, 1.5542277097702026
836, -2.242000778671354, 2, 4.25644880800246, 30, 137927, 137927, 0.005091373808681965, 1.5471144914627075
837, -2.991493574809283, 4, 40.173916668005404, 317, 138244, 138244, 0.004307204391807318, 1.5453712940216064
838, -2.9021259233995806, 4, 40.10672229299962, 318, 138562, 138562, 0.0056341723538935184, 1.5420469045639038
839, -2.6420733944978565, 2, 15.233293727003911, 118, 138680, 138680, 0.006318208295851946, 1.5492010116577148
840, -2.235710482959803, 4, 40.09827496199432, 317, 138997, 138997, 0.005052363499999046, 1.5444740056991577
841, -2.3621414868393913, 2, 11.23478202700062, 86, 139083, 139083, 0.005532937590032816, 1.5509510040283203
842, -3.164992378675379, 4, 40.17642643900035, 318, 139401, 139401, 0.005067718680948019, 1.546046257019043
843, -2.3749368083663285, 2, 4.214866937996703, 30, 139431, 139431, 0.004327543079853058, 1.5432202816009521
844, -2.7620029716053978, 4, 40.13238444599847, 318, 139749, 139749, 0.005338140297681093, 1.5456832647323608
845, -2.706553801195696, 2, 12.164003191996017, 94, 139843, 139843, 0.004633537959307432, 1.540269374847412
846, -2.8057729974389076, 2, 4.216478734997509, 30, 139873, 139873, 0.005503297783434391, 1.534458041191101
847, -3.218158663250506, 2, 23.887460912999813, 187, 140060, 140060, 0.005836447235196829, 1.5432398319244385
848, -2.529651591932634, 4, 40.09886429399921, 316, 140376, 140376, 0.004640544299036264, 1.5484739542007446
849, -3.34351428138325, 2, 36.21028260899766, 286, 140662, 140662, 0.004154979716986418, 1.5440287590026855
850, -2.3534163795411587, 2, 6.877735528003541, 51, 140713, 140713, 0.008179296739399433, 1.5286303758621216
851, -2.5177496965334285, 4, 40.16148259399779, 318, 141031, 141031, 0.005426135379821062, 1.544451355934143
852, -2.5285021134186536, 2, 9.657293636999384, 73, 141104, 141104, 0.005544569808989763, 1.5489736795425415
853, -3.4047391595086083, 2, 34.66354421900178, 273, 141377, 141377, 0.004622876178473234, 1.5424449443817139
854, -3.334124242857797, 4, 40.131916843994986, 317, 141694, 141694, 0.0061469790525734425, 1.5451117753982544
855, -2.358019668725319, 2, 4.227616411997587, 30, 141724, 141724, 0.004578436259180307, 1.5468655824661255
856, -2.2308792026015, 2, 4.266035376997024, 30, 141754, 141754, 0.006976680364459753, 1.5274590253829956
857, -2.498114889895078, 2, 15.088463118001528, 117, 141871, 141871, 0.005743599962443113, 1.5515366792678833
858, -2.914479347935412, 4, 40.127601658998174, 316, 142187, 142187, 0.005317786242812872, 1.5433183908462524
859, -3.412960154848406, 2, 23.530758136999793, 185, 142372, 142372, 0.0048575676046311855, 1.5411865711212158
860, -2.6563117321347818, 2, 6.947410469998431, 52, 142424, 142424, 0.0062395366840064526, 1.5373228788375854
861, -2.645025754638482, 2, 21.959768737993727, 172, 142596, 142596, 0.004611430689692497, 1.5466487407684326
862, -2.6079622121178545, 4, 40.135838563001016, 317, 142913, 142913, 0.003556657349690795, 1.547358512878418
863, -2.4547792262164876, 2, 4.233491292005056, 30, 142943, 142943, 0.0038337232545018196, 1.5489251613616943
864, -3.2095933677628636, 2, 31.969161626999266, 252, 143195, 143195, 0.004610469099134207, 1.5437530279159546
865, -2.3065611711645033, 4, 40.105858563001675, 317, 143512, 143512, 0.004229567013680935, 1.5478750467300415
866, -2.5103081200795714, 2, 16.60332479700446, 129, 143641, 143641, 0.0047727287746965885, 1.5433049201965332
867, -2.376915791130159, 4, 40.11288251500082, 315, 143956, 143956, 0.004464505705982447, 1.538493275642395
868, -4.18636749550933, 2, 37.383405401000346, 296, 144252, 144252, 0.005349454469978809, 1.5446348190307617
869, -2.4672750665340573, 2, 4.281680615997175, 30, 144282, 144282, 0.0058442698791623116, 1.5299513339996338
870, -2.271308055089321, 2, 4.995925633003935, 36, 144318, 144318, 0.004824616946280003, 1.5432207584381104
871, -2.410240862882347, 4, 40.15889852100372, 317, 144635, 144635, 0.005112007260322571, 1.542707085609436
872, -2.650895478815073, 2, 9.996687082995777, 76, 144711, 144711, 0.004185305442661047, 1.5457590818405151
873, -2.94665945066572, 4, 40.12048631599464, 317, 145028, 145028, 0.004003230482339859, 1.544703483581543
874, -2.507383487711195, 2, 8.557935308002925, 64, 145092, 145092, 0.005135472398251295, 1.5428197383880615
875, -2.313464062754065, 2, 4.24325250700349, 30, 145122, 145122, 0.003015521913766861, 1.5476834774017334
876, -3.439733552871985, 2, 23.302233495996916, 183, 145305, 145305, 0.005959728267043829, 1.5436285734176636
877, -2.2825029930099845, 4, 40.169620541004406, 317, 145622, 145622, 0.0047422717325389385, 1.5405333042144775
878, 4.235787783312844, 1, 26.36495629500132, 207, 145829, 145829, 0.0047421143390238285, 1.539629340171814
879, -2.14578695705859, 4, 40.10149634199479, 317, 146146, 146146, 0.004335751757025719, 1.5360000133514404
880, -2.1726235528476536, 2, 4.417305041002692, 31, 146177, 146177, 0.0031573916785418987, 1.5387990474700928
881, -2.4529001777991652, 4, 40.17258951400436, 317, 146494, 146494, 0.004026961978524923, 1.5422565937042236
882, -2.2656178773613647, 2, 5.361862092002411, 39, 146533, 146533, 0.00394794438034296, 1.5458229780197144
883, -2.4966297336904972, 4, 40.119614094997814, 317, 146850, 146850, 0.004704526159912348, 1.5425097942352295
884, -2.1682103808852844, 2, 5.114229109000007, 37, 146887, 146887, 0.004967399872839451, 1.5411566495895386
885, -2.170284095685929, 2, 4.231290814997919, 30, 146917, 146917, 0.00478467857465148, 1.5502922534942627
886, -2.1585732431849465, 2, 4.28169319099834, 30, 146947, 146947, 0.0037237941287457943, 1.5405417680740356
887, -2.459162942599505, 2, 4.2292022990004625, 30, 146977, 146977, 0.004959006328135729, 1.5473511219024658
888, -2.772937075002119, 2, 20.27278933100024, 158, 147135, 147135, 0.005755523219704628, 1.5368382930755615
889, -2.2985793692059815, 2, 4.213152254000306, 30, 147165, 147165, 0.005738059990108013, 1.5576438903808594
890, -2.4479673648020253, 2, 4.2255675089982105, 30, 147195, 147195, 0.0037083581555634737, 1.5447652339935303
891, -2.7923826563637704, 2, 22.5687614319977, 176, 147371, 147371, 0.005290453787893057, 1.543831706047058
892, -2.4294263726333156, 2, 9.509256330995413, 72, 147443, 147443, 0.004160771612077951, 1.5400899648666382
893, -2.266818309435621, 2, 4.299914515002456, 30, 147473, 147473, 0.007207010872662067, 1.5379033088684082
894, -2.1462774000829086, 2, 4.515954485999828, 32, 147505, 147505, 0.0032934939954429865, 1.535625696182251
895, -2.1609129311982542, 2, 4.226084702000662, 30, 147535, 147535, 0.004500900860875845, 1.53616464138031
896, -2.879831967758946, 2, 22.68130790899886, 178, 147713, 147713, 0.003962563816457987, 1.5430234670639038
897, -2.9293363959295675, 2, 17.622727219000808, 137, 147850, 147850, 0.004213361069560051, 1.5421171188354492
898, -2.5696950141573325, 2, 4.23924864899891, 30, 147880, 147880, 0.0036452666390687227, 1.5376200675964355
899, -3.032858456019312, 2, 29.748186226999678, 233, 148113, 148113, 0.0039797681383788586, 1.5411794185638428
900, -2.4994157374603674, 2, 4.242107364996627, 30, 148143, 148143, 0.007285845000296831, 1.542054533958435
901, -2.511398970062146, 2, 11.959752139002376, 92, 148235, 148235, 0.003947362303733826, 1.5430852174758911
902, 4.335476081178058, 1, 25.51419860599708, 200, 148435, 148435, 0.004711792338639498, 1.5395854711532593
903, -2.2018724436638877, 2, 6.133180439996067, 45, 148480, 148480, 0.005995508749037981, 1.5480780601501465
904, -2.530926302773878, 2, 9.725892932001443, 74, 148554, 148554, 0.004956035874783993, 1.5318487882614136
905, -3.596424602372281, 2, 34.98362648600596, 276, 148830, 148830, 0.005206665955483913, 1.5385711193084717
906, -2.2233692456502467, 2, 4.982788455003174, 36, 148866, 148866, 0.004160893615335226, 1.535193920135498
907, -3.24909937242046, 2, 35.991113115996995, 282, 149148, 149148, 0.005680388305336237, 1.5380128622055054
908, -5.51025512709748, 4, 40.13881327799754, 319, 149467, 149467, 0.005454650614410639, 1.5366532802581787
909, -3.06882568920264, 4, 40.195159285001864, 317, 149784, 149784, 0.004714861046522856, 1.5323879718780518
910, -2.7134864411782473, 2, 14.606412759996601, 113, 149897, 149897, 0.0053436788730323315, 1.5472582578659058
911, -2.224261800176464, 2, 5.392873981996672, 39, 149936, 149936, 0.003698784625157714, 1.5256775617599487
912, -2.4650500614225166, 4, 40.15899403700314, 318, 150254, 150254, 0.005230566952377558, 1.5381945371627808
913, -2.4208562838612124, 2, 4.291761774999031, 30, 150284, 150284, 0.0040570530109107494, 1.5349345207214355
914, -2.186006356496364, 2, 4.507544393003627, 32, 150316, 150316, 0.003354953834787011, 1.5441795587539673
915, -2.3790266779251397, 2, 4.224584777999553, 30, 150346, 150346, 0.004673112649470568, 1.5498260259628296
916, -2.8069439836835954, 4, 40.08015745299781, 316, 150662, 150662, 0.004694775678217411, 1.5427887439727783
917, -2.986153244302841, 2, 22.319084992996068, 174, 150836, 150836, 0.005218575242906809, 1.5443551540374756
918, -2.2722940212115645, 2, 4.273161114004324, 30, 150866, 150866, 0.006207047495990992, 1.5315345525741577
919, -2.137367993942462, 2, 4.530247442999098, 32, 150898, 150898, 0.005265873856842518, 1.534232497215271
920, -2.4248963416321203, 2, 5.466096812000615, 40, 150938, 150938, 0.004308134783059359, 1.5497848987579346
921, -2.4537113864063826, 2, 4.225826847999997, 30, 150968, 150968, 0.0038602843414992094, 1.5439156293869019
922, -3.567695573627134, 4, 40.16388905399799, 318, 151286, 151286, 0.005138574633747339, 1.538485050201416
923, -2.3729341622674838, 4, 40.19666342299752, 317, 151603, 151603, 0.005116103682667017, 1.5422282218933105
924, -2.4858282033819705, 4, 40.11627076700097, 317, 151920, 151920, 0.005940483883023262, 1.5396169424057007
925, -2.390476463944651, 2, 16.5571965909985, 129, 152049, 152049, 0.005404368042945862, 1.5403800010681152
926, -2.514432012627367, 4, 40.07376462799584, 316, 152365, 152365, 0.0048404172994196415, 1.5371463298797607
927, -2.784610741538927, 4, 40.134997773995565, 317, 152682, 152682, 0.0049033635295927525, 1.5393346548080444
928, -2.4379076124168932, 4, 40.085836635000305, 317, 152999, 152999, 0.0045835841447114944, 1.5425875186920166
929, -3.1769919138459954, 2, 29.96184578300017, 236, 153235, 153235, 0.004729939624667168, 1.5388116836547852
930, -3.635020191199146, 4, 40.0999712000048, 317, 153552, 153552, 0.004494389984756708, 1.5385667085647583
931, -2.721739268512465, 2, 23.967513520001376, 188, 153740, 153740, 0.004242140334099531, 1.5391297340393066
932, -2.756109881796874, 2, 23.420785702001012, 183, 153923, 153923, 0.004156756680458784, 1.5405128002166748
933, -2.136894491268322, 4, 40.170829537004465, 316, 154239, 154239, 0.005635586567223072, 1.539007306098938
934, -2.4402898314001504, 4, 40.15372450500581, 317, 154556, 154556, 0.004903365392237902, 1.5357643365859985
935, -2.6128186318965163, 2, 9.642234345999896, 73, 154629, 154629, 0.005093997344374657, 1.5345544815063477
936, -2.363606603772496, 2, 6.410847205996106, 47, 154676, 154676, 0.003968064673244953, 1.5281050205230713
937, -2.351156987482682, 2, 10.161942103994079, 77, 154753, 154753, 0.0046479967422783375, 1.5376044511795044
938, -3.268793090071995, 2, 33.57627774999855, 264, 155017, 155017, 0.005460805259644985, 1.5304958820343018
939, -2.587186851189472, 2, 14.223602509002376, 110, 155127, 155127, 0.004796525929123163, 1.5351585149765015
940, -2.8323572439840063, 2, 22.332284255004197, 175, 155302, 155302, 0.005462250206619501, 1.5371448993682861
941, -2.2229358811164275, 2, 11.564798371997313, 88, 155390, 155390, 0.004372330382466316, 1.5312004089355469
942, -2.549195899395272, 2, 4.254898121995211, 30, 155420, 155420, 0.004851075354963541, 1.529186725616455
943, -3.448685684474185, 2, 24.967014219000703, 195, 155615, 155615, 0.004200670402497053, 1.5352882146835327
944, -2.3713326193392277, 2, 4.243804177000129, 30, 155645, 155645, 0.004553100094199181, 1.5079457759857178
945, -2.3862954187407013, 2, 7.197990043001482, 53, 155698, 155698, 0.004890148527920246, 1.5331453084945679
946, -2.665344978449866, 2, 19.44017301099666, 151, 155849, 155849, 0.005200233310461044, 1.5345698595046997
947, -2.397132720099762, 2, 11.28152561600291, 86, 155935, 155935, 0.004290069453418255, 1.5387003421783447
948, -2.5374948497628793, 2, 8.496194113002275, 64, 155999, 155999, 0.004395314492285252, 1.545859932899475
949, -2.848543610656634, 2, 13.87487492299988, 107, 156106, 156106, 0.0051174466498196125, 1.5399131774902344
950, -3.8282743488889537, 4, 40.17258233499888, 317, 156423, 156423, 0.005305474158376455, 1.5340330600738525
951, -3.968539872963447, 2, 18.67743915900064, 146, 156569, 156569, 0.0042564417235553265, 1.5414326190948486
952, -2.380794467171654, 2, 4.247196285003156, 30, 156599, 156599, 0.00781110767275095, 1.5440925359725952
953, -2.355454211723554, 4, 40.10883551400184, 317, 156916, 156916, 0.0048816995695233345, 1.5347247123718262
954, -2.5576418398413807, 2, 18.35573328499595, 143, 157059, 157059, 0.004952252842485905, 1.5347132682800293
955, -2.2319283436518162, 2, 4.961317141998734, 36, 157095, 157095, 0.004679195117205381, 1.5277985334396362
956, -3.154837377689546, 2, 35.09361544100102, 276, 157371, 157371, 0.004317994695156813, 1.535882830619812
957, -2.6584023233735934, 4, 40.14529941300134, 317, 157688, 157688, 0.0058739339001476765, 1.5340949296951294
958, -3.444908651523292, 4, 40.09704305000196, 316, 158004, 158004, 0.0049945758655667305, 1.5336469411849976
959, -4.3824798403074965, 4, 40.152799743002106, 317, 158321, 158321, 0.0038510977756232023, 1.5316431522369385
960, -2.390664675971493, 2, 6.906253316003131, 51, 158372, 158372, 0.0038514339830726385, 1.5360554456710815
961, -2.3655992146668723, 4, 40.10316061499907, 316, 158688, 158688, 0.0044493223540484905, 1.5359175205230713
962, -4.376223485684022, 2, 24.254647185000067, 190, 158878, 158878, 0.005167690571397543, 1.5349284410476685
963, -2.3850424656411633, 4, 40.09940449599526, 317, 159195, 159195, 0.005503690801560879, 1.5334529876708984
964, -2.624643573828507, 4, 40.20780880800157, 316, 159511, 159511, 0.004671793431043625, 1.5375821590423584
965, -2.9448723897048694, 2, 18.899041254000622, 147, 159658, 159658, 0.004427342675626278, 1.535579800605774
966, -2.38710214861203, 2, 6.644897799000319, 49, 159707, 159707, 0.00663225119933486, 1.528652548789978
967, -2.402100511761091, 4, 40.16357701800007, 317, 160024, 160024, 0.003795820055529475, 1.531320571899414
968, -2.7897485505600343, 4, 40.06169366499671, 317, 160341, 160341, 0.004592765588313341, 1.5272912979125977
969, -6.271913879783824, 4, 40.142713260000164, 319, 160660, 160660, 0.004091222770512104, 1.5333400964736938
970, -2.92676430917345, 2, 31.81296112400014, 250, 160910, 160910, 0.004713036585599184, 1.5302977561950684
971, -2.4379994104383513, 2, 4.262136039003963, 30, 160940, 160940, 0.0071085006929934025, 1.5213048458099365
972, -4.607236713403836, 4, 40.13347794499714, 317, 161257, 161257, 0.0039604101330041885, 1.5302573442459106
973, -2.673373939775047, 4, 40.118259148002835, 316, 161573, 161573, 0.004406449850648642, 1.5331828594207764
974, -2.3420039816992357, 2, 4.589309030998265, 33, 161606, 161606, 0.0035678937565535307, 1.525583267211914
975, -2.2406940563814715, 2, 4.677933270002541, 33, 161639, 161639, 0.003639637026935816, 1.5335780382156372
976, -2.2367177944397554, 2, 6.447394549999444, 47, 161686, 161686, 0.004789994563907385, 1.5357860326766968
977, -2.444568899576552, 2, 4.245794137998018, 30, 161716, 161716, 0.003786806482821703, 1.5184152126312256
978, -2.3090825435647275, 2, 5.510152253998967, 40, 161756, 161756, 0.005843049846589565, 1.5217258930206299
979, -2.5728398429928347, 2, 6.482253497000784, 48, 161804, 161804, 0.005936675239354372, 1.5237425565719604
980, -2.5521875406848267, 4, 40.09291467600269, 317, 162121, 162121, 0.004475358407944441, 1.5277550220489502
981, -2.513491421879735, 4, 40.07093130100111, 316, 162437, 162437, 0.004145744256675243, 1.527390718460083
982, -2.885396514320746, 4, 40.4318099459997, 317, 162754, 162754, 0.003934777341783047, 1.5241862535476685
983, -2.305336646735668, 4, 40.140665241000534, 317, 163071, 163071, 0.0042284210212528706, 1.5227749347686768
984, -2.7005959311209153, 4, 40.13679420900007, 316, 163387, 163387, 0.0049165538512170315, 1.524844765663147
985, -2.168915693182498, 2, 4.25587608400383, 30, 163417, 163417, 0.0038895716425031424, 1.5255353450775146
986, -2.450926178091322, 2, 25.488917533002677, 200, 163617, 163617, 0.004233403131365776, 1.5199679136276245
987, -2.1845847975928336, 4, 40.18704461600282, 315, 163932, 163932, 0.004142820369452238, 1.5214722156524658
988, -1.862291952362284, 4, 40.174636718998954, 317, 164249, 164249, 0.005460165441036224, 1.521165132522583
989, -3.0234782976913266, 2, 36.68820391400368, 288, 164537, 164537, 0.004343023523688316, 1.5243780612945557
990, -2.5410806930158287, 4, 40.09555683900544, 316, 164853, 164853, 0.004820822272449732, 1.5206077098846436
991, -2.3180666443076916, 2, 6.252171601001464, 46, 164899, 164899, 0.0033656484447419643, 1.530663251876831
992, -3.46898893758771, 2, 38.59979441299947, 305, 165204, 165204, 0.0042873951606452465, 1.5204894542694092
993, -4.451602973567788, 4, 40.15576649700233, 318, 165522, 165522, 0.004604557994753122, 1.5219045877456665
994, -2.2663888620882062, 4, 40.07914213500044, 315, 165837, 165837, 0.004890719428658485, 1.5207775831222534
995, -2.5307501067291014, 4, 40.14602980900236, 316, 166153, 166153, 0.004699749872088432, 1.5218708515167236
996, -2.213144987123087, 2, 4.695837033003045, 33, 166186, 166186, 0.003693821607157588, 1.5192625522613525
997, -2.2386631793051492, 4, 40.11212343400257, 317, 166503, 166503, 0.004452276974916458, 1.520426869392395
998, -4.002006926355534, 4, 40.22703249800543, 318, 166821, 166821, 0.00475865975022316, 1.5176504850387573
999, -2.4351405289489776, 2, 4.325924751996354, 30, 166851, 166851, 0.004173946101218462, 1.5228835344314575
1000, -2.4260876590851694, 2, 7.117276735996711, 53, 166904, 166904, 0.003957313485443592, 1.5265473127365112
1001, -2.302047210629098, 2, 4.312006348998693, 30, 166934, 166934, 0.006262196693569422, 1.5197699069976807
1002, -2.5495535585214384, 4, 40.099379270999634, 316, 167250, 167250, 0.0039970409125089645, 1.5186469554901123
1003, -2.350226915150415, 2, 6.299978631999693, 46, 167296, 167296, 0.003557070391252637, 1.5187995433807373
1004, -7.9355083021800965, 4, 40.09933024199563, 318, 167614, 167614, 0.004782258532941341, 1.5203266143798828
1005, -2.2677318776841275, 4, 40.10921336700267, 316, 167930, 167930, 0.004957648925483227, 1.5170925855636597
1006, -2.7348205970338313, 2, 21.047935098999005, 164, 168094, 168094, 0.004805990029126406, 1.5202029943466187
1007, -2.2438236322486773, 2, 5.653296060001594, 41, 168135, 168135, 0.004156563896685839, 1.518412470817566
1008, -2.6330192363238893, 4, 40.21289067300677, 317, 168452, 168452, 0.0047235949896276, 1.51966392993927
1009, -3.2462779258494265, 4, 40.14683417400374, 315, 168767, 168767, 0.003496680874377489, 1.5201154947280884
1010, -2.847284388495609, 4, 40.16199038900231, 316, 169083, 169083, 0.00489446334540844, 1.5175068378448486
1011, -2.4287514889147133, 2, 4.239107547997264, 30, 169113, 169113, 0.004598612431436777, 1.5037745237350464
1012, -2.7575251400703564, 4, 40.19805688600172, 317, 169430, 169430, 0.004272315185517073, 1.5157434940338135
1013, -3.1356932585913455, 2, 14.797890021000057, 114, 169544, 169544, 0.0032150642946362495, 1.5186368227005005
1014, -3.717734679346904, 4, 40.10613275700598, 316, 169860, 169860, 0.003983308561146259, 1.5170135498046875
1015, -2.4554090267047286, 2, 15.758049946998653, 122, 169982, 169982, 0.003607532475143671, 1.513993740081787
1016, -2.4060876320581883, 2, 4.223546384004294, 30, 170012, 170012, 0.0036084807943552732, 1.5137933492660522
1017, -2.6688172017456964, 4, 40.15103871800238, 316, 170328, 170328, 0.004666779190301895, 1.5151716470718384
1018, -2.5864998667966574, 2, 4.2886966740043135, 30, 170358, 170358, 0.003897282527759671, 1.4940227270126343
1019, -3.395897616894217, 2, 39.13525176899566, 308, 170666, 170666, 0.0044278292916715145, 1.5108692646026611
1020, -2.122993508935906, 4, 40.105045675998554, 316, 170982, 170982, 0.004650947637856007, 1.5102168321609497
1021, -3.1349613718157343, 4, 40.11896805000288, 316, 171298, 171298, 0.004228899721056223, 1.5103331804275513
1022, -2.5122887305915356, 2, 4.263401019001321, 30, 171328, 171328, 0.003886203048750758, 1.5153534412384033
1023, -3.0062615926435683, 4, 40.12444786499691, 316, 171644, 171644, 0.005152449011802673, 1.5102496147155762
1024, -2.3543246925109997, 4, 40.08647500799998, 315, 171959, 171959, 0.004533646162599325, 1.512134313583374
1025, -2.3926789320539683, 2, 10.109655815998849, 76, 172035, 172035, 0.0059854406863451, 1.5054819583892822
1026, -6.678403473764774, 4, 40.18059615200036, 318, 172353, 172353, 0.004120706580579281, 1.511137843132019
1027, -2.5721830402035266, 2, 11.017957967997063, 84, 172437, 172437, 0.005002854857593775, 1.5106929540634155
1028, -2.169910048483871, 2, 4.329915123002138, 30, 172467, 172467, 0.005061127711087465, 1.502157211303711
1029, -2.1750591095915297, 2, 4.650836986002105, 33, 172500, 172500, 0.0034878915175795555, 1.5032470226287842
1030, -3.6670289424364455, 2, 38.74510870600352, 305, 172805, 172805, 0.004268175456672907, 1.508872628211975
1031, -2.6592069211037597, 2, 26.844247143002576, 210, 173015, 173015, 0.004615262616425753, 1.50844144821167
1032, -2.887561398121761, 4, 40.18122035000124, 317, 173332, 173332, 0.004272718448191881, 1.5088727474212646
1033, -2.275289698271081, 2, 7.508790979998594, 56, 173388, 173388, 0.004396049305796623, 1.5085477828979492
1034, -2.4861270807450637, 4, 40.17835158199887, 317, 173705, 173705, 0.004564214963465929, 1.5100425481796265
1035, -2.427941975183785, 4, 40.15280370799883, 316, 174021, 174021, 0.0038968634326010942, 1.5088030099868774
1036, -2.449113951763138, 2, 4.278259938000701, 30, 174051, 174051, 0.0035590864717960358, 1.5164097547531128
1037, -3.337827473413199, 2, 25.731173193002178, 201, 174252, 174252, 0.003885036101564765, 1.5131458044052124
1038, -4.473688952799421, 2, 35.443768146004004, 280, 174532, 174532, 0.0038923220708966255, 1.511190414428711
1039, -2.233209491299931, 4, 40.16489531299885, 316, 174848, 174848, 0.003961564972996712, 1.5070598125457764
1040, -2.237377031939104, 2, 4.39237933899858, 31, 174879, 174879, 0.005049990955740213, 1.5110719203948975
1041, -2.569867176003754, 2, 16.037067922996357, 124, 175003, 175003, 0.004450897220522165, 1.5056569576263428
1042, -2.7961931661702693, 2, 4.2345556060026865, 30, 175033, 175033, 0.0036613771226257086, 1.4929146766662598
1043, -2.4859998301253654, 4, 40.0773707010012, 316, 175349, 175349, 0.005423590075224638, 1.509945034980774
1044, -2.3482694411068223, 4, 40.119102967997605, 316, 175665, 175665, 0.005672492552548647, 1.5073933601379395
1045, -3.2474189316271804, 4, 40.152137554003275, 316, 175981, 175981, 0.004612778313457966, 1.5090821981430054
1046, -2.375346316875948, 4, 40.14743924100185, 316, 176297, 176297, 0.004383932799100876, 1.5109368562698364
1047, -2.6975152035593055, 2, 15.614899883999897, 121, 176418, 176418, 0.0036479185800999403, 1.5090444087982178
1048, -2.394254127750173, 2, 18.25308459199732, 141, 176559, 176559, 0.00402376614511013, 1.5021772384643555
1049, -2.1892711266409606, 2, 4.477638051001122, 32, 176591, 176591, 0.004575521685183048, 1.5108592510223389
1050, -2.687057016300969, 2, 14.776474268997845, 114, 176705, 176705, 0.0045626298524439335, 1.5071513652801514
1051, -2.134341917815618, 4, 40.195137533999514, 318, 177023, 177023, 0.003978776279836893, 1.5068845748901367
1052, -2.6217461901251227, 2, 4.248871073003102, 30, 177053, 177053, 0.005011741537600756, 1.5109392404556274
1053, -4.202728696749546, 2, 38.78014729300048, 306, 177359, 177359, 0.004079863894730806, 1.5076218843460083
1054, -2.5569551368243992, 4, 40.13075236399891, 316, 177675, 177675, 0.004125277977436781, 1.5089019536972046
1055, -3.439935356236674, 4, 40.084892687998945, 316, 177991, 177991, 0.004564251285046339, 1.507453203201294
1056, -2.3442626344040036, 2, 9.761967174003075, 74, 178065, 178065, 0.0040891095995903015, 1.4983092546463013
1057, -3.362624696077546, 2, 37.25841706200299, 293, 178358, 178358, 0.004703974351286888, 1.5060516595840454
1058, -3.3178429662366398, 2, 37.58746946100291, 296, 178654, 178654, 0.004775975365191698, 1.5065120458602905
1059, -2.8514409380732104, 2, 28.908120765001513, 227, 178881, 178881, 0.004155709873884916, 1.5082229375839233
1060, -2.127573750913143, 2, 7.449214196996763, 55, 178936, 178936, 0.005593512207269669, 1.513566493988037
1061, -4.463599105438334, 4, 40.19273197599978, 316, 179252, 179252, 0.004128673579543829, 1.5050593614578247
1062, -2.3604004894732498, 4, 40.182094543997664, 317, 179569, 179569, 0.004131385125219822, 1.508367896080017
1063, -2.2259975698543712, 2, 5.8853002629984985, 43, 179612, 179612, 0.003752445336431265, 1.5028890371322632
1064, -4.358103115460835, 4, 40.18604262399458, 318, 179930, 179930, 0.004670324269682169, 1.5064464807510376
1065, -2.699277306906879, 4, 40.153993857995374, 316, 180246, 180246, 0.004187809303402901, 1.5052142143249512
1066, -2.362313730060123, 4, 40.14226531999884, 316, 180562, 180562, 0.004105236381292343, 1.505525827407837
1067, -2.407444137817947, 2, 15.385295266998583, 119, 180681, 180681, 0.005477880593389273, 1.5080612897872925
1068, -2.3833964067307534, 2, 8.4202902659963, 63, 180744, 180744, 0.004035235848277807, 1.5001535415649414
1069, -2.3049252771306783, 2, 7.7156798529977095, 58, 180802, 180802, 0.0038985484279692173, 1.504050850868225
1070, -2.9737205422716215, 2, 39.177874626999255, 308, 181110, 181110, 0.004154935013502836, 1.4993211030960083
1071, -3.233248009722047, 2, 33.73761842899694, 265, 181375, 181375, 0.004376610741019249, 1.5050233602523804
1072, -2.420040067132504, 4, 40.17046722899977, 317, 181692, 181692, 0.005223884247243404, 1.5049625635147095
1073, -2.5637723864638247, 4, 40.07691002199863, 316, 182008, 182008, 0.004194759298115969, 1.5008714199066162
1074, -2.2800330926911556, 4, 40.079949865001254, 315, 182323, 182323, 0.003795003518462181, 1.5024428367614746
1075, -3.14295075944392, 2, 34.13120670699573, 268, 182591, 182591, 0.004921918269246817, 1.5024452209472656
1076, -2.978038973349612, 4, 40.16816447600286, 317, 182908, 182908, 0.005152431782335043, 1.497756004333496
1077, -2.140616961813066, 4, 40.07092250599817, 315, 183223, 183223, 0.004566540010273457, 1.507054090499878
1078, -2.424900576705113, 2, 9.803785753996635, 74, 183297, 183297, 0.004894329700618982, 1.495509147644043
1079, -3.794282069487963, 4, 40.16990290499962, 317, 183614, 183614, 0.0042415643110871315, 1.4991264343261719
1080, -2.2854734940920025, 4, 40.161111838999204, 316, 183930, 183930, 0.0048619904555380344, 1.5033231973648071
1081, 4.222647001151927, 1, 32.10505413100327, 252, 184182, 184182, 0.004253598861396313, 1.4972847700119019
1082, -2.7262022664945107, 4, 40.0968128750028, 316, 184498, 184498, 0.00485268235206604, 1.4970918893814087
1083, -2.306351537066803, 4, 40.17820631899667, 316, 184814, 184814, 0.006101706996560097, 1.5000345706939697
1084, -3.4141942483838648, 2, 39.88863222600048, 314, 185128, 185128, 0.004501278046518564, 1.495551586151123
1085, -2.5765355652256403, 4, 40.15710976200353, 316, 185444, 185444, 0.0038128658197820187, 1.500152587890625
1086, -2.2927677976258565, 4, 40.09189350399538, 316, 185760, 185760, 0.004220426082611084, 1.495742917060852
1087, -2.0203687357097806, 4, 40.13000406199717, 316, 186076, 186076, 0.004014695528894663, 1.494004487991333
1088, -2.386201041575987, 2, 10.163089169996965, 77, 186153, 186153, 0.0038267220370471478, 1.4921977519989014
1089, -2.2007998434710316, 2, 4.869025296997279, 35, 186188, 186188, 0.003405624767765403, 1.4987975358963013
1090, -2.4664235095260665, 2, 11.92089895800018, 91, 186279, 186279, 0.00407808180898428, 1.49769926071167
1091, -2.9108242051443085, 4, 40.13013880200015, 316, 186595, 186595, 0.004011336248368025, 1.4938323497772217
1092, -2.4418476175051183, 4, 40.11548643899732, 317, 186912, 186912, 0.004508362151682377, 1.4934685230255127
1093, -2.4055950094480067, 2, 6.358535083993047, 47, 186959, 186959, 0.0052659036591649055, 1.4998129606246948
1094, -2.235384534986224, 4, 40.100530756993976, 315, 187274, 187274, 0.005645025987178087, 1.4971046447753906
1095, -2.7994844493223354, 4, 40.07614224000281, 315, 187589, 187589, 0.00466147530823946, 1.4930636882781982
1096, -2.7786422739736736, 2, 16.045092650994775, 124, 187713, 187713, 0.004549939651042223, 1.491716742515564
1097, -2.3819701042957604, 2, 4.255369386002712, 30, 187743, 187743, 0.004381346516311169, 1.5062984228134155
1098, -2.226149526424706, 2, 5.7462918759993045, 42, 187785, 187785, 0.006961985491216183, 1.4926899671554565
1099, -4.631236651461222, 2, 37.531902123999316, 296, 188081, 188081, 0.005344948265701532, 1.4929653406143188
1100, -3.8789360906666843, 2, 24.33835204799834, 190, 188271, 188271, 0.005338463466614485, 1.5000884532928467
1101, -2.164781841565855, 2, 5.522203943997738, 40, 188311, 188311, 0.004249189980328083, 1.4950597286224365
1102, -2.5237297342391685, 4, 40.08331885199732, 314, 188625, 188625, 0.004978720098733902, 1.4938236474990845
1103, -2.444726695481222, 2, 4.258593459999247, 30, 188655, 188655, 0.006762281991541386, 1.4976757764816284
1104, -2.7629077564633917, 2, 26.482088387005206, 207, 188862, 188862, 0.004063090309500694, 1.4951952695846558
1105, -2.302202607737854, 2, 4.2866198050032835, 30, 188892, 188892, 0.005119894631206989, 1.499468445777893
1106, -2.865568501467351, 2, 14.21363918499992, 110, 189002, 189002, 0.003596467897295952, 1.4876445531845093
1107, -2.2532702811295167, 2, 6.462931736998144, 48, 189050, 189050, 0.003799952333793044, 1.4899158477783203
1108, -2.4291065451689065, 2, 4.233208130004641, 30, 189080, 189080, 0.00373351713642478, 1.491557240486145
1109, -3.7279742845566943, 4, 40.17319341899565, 317, 189397, 189397, 0.004082107450813055, 1.492735505104065
1110, -2.1233638150442857, 4, 40.18942741500359, 316, 189713, 189713, 0.004417985677719116, 1.4939903020858765
1111, -2.2225885917432606, 2, 4.6187658320050105, 33, 189746, 189746, 0.003578857984393835, 1.497703194618225
1112, -2.6338462254498154, 4, 40.09887189500296, 316, 190062, 190062, 0.005845244042575359, 1.4903199672698975
1113, -2.123328387388028, 4, 40.12001834099647, 315, 190377, 190377, 0.0046103945933282375, 1.4925601482391357
1114, -2.4923096504062414, 2, 13.044948598995688, 100, 190477, 190477, 0.004751265514642, 1.4988425970077515
1115, -3.404493548994651, 2, 27.86007629600499, 218, 190695, 190695, 0.004988207947462797, 1.4905153512954712
1116, -2.409610726928804, 4, 40.10315066300245, 316, 191011, 191011, 0.004613586235791445, 1.4901354312896729
1117, -2.4613392776227556, 2, 11.285065096002654, 86, 191097, 191097, 0.005370552651584148, 1.4914371967315674
1118, -2.8039981439651456, 2, 19.858067353998194, 154, 191251, 191251, 0.004536701366305351, 1.491324782371521
1119, -2.4593072220450267, 2, 10.802848649000225, 82, 191333, 191333, 0.00732769537717104, 1.4933542013168335
1120, -2.546441218990367, 2, 20.659652782997, 161, 191494, 191494, 0.004037160892039537, 1.4919592142105103
1121, -2.852572167525068, 2, 24.902138190002006, 194, 191688, 191688, 0.004849002696573734, 1.490578293800354
1122, -2.6682342021958902, 4, 40.098889689004864, 315, 192003, 192003, 0.005526786204427481, 1.4911397695541382
1123, -2.297797480132431, 2, 5.478776777999883, 40, 192043, 192043, 0.0044661471620202065, 1.5004220008850098
1124, -2.289472579024732, 2, 4.96733908400347, 35, 192078, 192078, 0.0046377237886190414, 1.4939857721328735
1125, -2.565694179647835, 4, 40.16123047199653, 316, 192394, 192394, 0.005122180562466383, 1.493725299835205
1126, -2.925830864231102, 2, 25.727535957004875, 201, 192595, 192595, 0.004695164505392313, 1.4924405813217163
1127, -2.4654506772058085, 2, 8.937219188999734, 67, 192662, 192662, 0.005148079711943865, 1.497632384300232
1128, -2.362060932922759, 2, 11.544761625998945, 89, 192751, 192751, 0.004701992962509394, 1.4983549118041992
1129, -2.601535798588884, 4, 40.154031099998974, 316, 193067, 193067, 0.005458291620016098, 1.4920696020126343
1130, -2.42387241916731, 2, 4.255538347999391, 30, 193097, 193097, 0.004317100625485182, 1.4913057088851929
1131, -2.42747954025981, 2, 15.267984183003136, 117, 193214, 193214, 0.004545759409666061, 1.4964643716812134
1132, -2.342563424707805, 2, 7.838619440000912, 58, 193272, 193272, 0.004360801540315151, 1.4969788789749146
1133, -2.4795860168524086, 2, 19.24597544399876, 149, 193421, 193421, 0.004087897017598152, 1.4909169673919678
1134, -2.527134795614984, 4, 40.18590653899446, 316, 193737, 193737, 0.004356072284281254, 1.4948705434799194
1135, -2.358801608905196, 2, 10.125945234001847, 76, 193813, 193813, 0.005935001652687788, 1.4981569051742554
1136, -3.629247559758369, 4, 40.11196340800234, 316, 194129, 194129, 0.004732024390250444, 1.4928442239761353
1137, -2.474591697449796, 2, 12.29387238399795, 94, 194223, 194223, 0.004169792868196964, 1.4956830739974976
1138, -2.29015780123882, 2, 4.229961372002435, 30, 194253, 194253, 0.004477670416235924, 1.4932585954666138
1139, -3.4168662084266543, 2, 27.39498345500033, 215, 194468, 194468, 0.0049200644716620445, 1.4937617778778076
1140, -4.920648333965801, 4, 40.125984092999715, 316, 194784, 194784, 0.004417843651026487, 1.495303988456726
1141, -2.879435095586814, 2, 22.89934837900364, 179, 194963, 194963, 0.004532293416559696, 1.495335578918457
1142, -2.33740824268898, 4, 40.18137210099667, 316, 195279, 195279, 0.004739599302411079, 1.4904706478118896
1143, -2.327464032918215, 4, 40.19090926199715, 316, 195595, 195595, 0.005192155484110117, 1.4880099296569824
1144, -2.121791939192917, 4, 40.10392314499768, 316, 195911, 195911, 0.007173673249781132, 1.4930408000946045
1145, -2.1335153143154457, 4, 40.07879915499507, 315, 196226, 196226, 0.004568798001855612, 1.4912598133087158
1146, -2.1678076357929967, 4, 40.12328783900011, 317, 196543, 196543, 0.005673292558640242, 1.4897891283035278
1147, -2.2774719875887968, 2, 6.691164493000542, 49, 196592, 196592, 0.006144385784864426, 1.4812549352645874
1148, -2.102233784040436, 4, 40.14039643400611, 316, 196908, 196908, 0.005722966976463795, 1.4881794452667236
1149, -2.8772987432894297, 4, 40.236045858997386, 317, 197225, 197225, 0.004569163545966148, 1.488559603691101
1150, -2.8083535552141257, 4, 40.16772682499868, 316, 197541, 197541, 0.004666786175221205, 1.4906831979751587
1151, -2.353160744125489, 4, 40.116109222995874, 316, 197857, 197857, 0.006280410103499889, 1.4874114990234375
1152, -5.959239914867794, 4, 40.190974335004285, 317, 198174, 198174, 0.005105228628963232, 1.4906349182128906
1153, -2.2396135960661923, 2, 5.16710334399977, 37, 198211, 198211, 0.006917010992765427, 1.497614860534668
1154, -2.438126357679721, 4, 40.18852396500006, 316, 198527, 198527, 0.0049445838667452335, 1.4920426607131958
1155, -2.5736970359575935, 2, 4.2593153470006655, 30, 198557, 198557, 0.004674286115914583, 1.5025578737258911
1156, -2.374352113576606, 2, 4.278648128005443, 30, 198587, 198587, 0.004234151914715767, 1.4852325916290283
1157, -2.292530139151495, 2, 9.115604279002582, 68, 198655, 198655, 0.004961736500263214, 1.478618860244751
1158, -4.189031331014121, 2, 38.78862914199999, 305, 198960, 198960, 0.005363451316952705, 1.4944547414779663
1159, -2.809040812891908, 2, 28.467971949001367, 223, 199183, 199183, 0.005567275919020176, 1.4855352640151978
1160, -2.9416930659499485, 2, 34.87532964500133, 273, 199456, 199456, 0.005039163865149021, 1.4925457239151
1161, -2.236287062987685, 2, 8.124670678000257, 61, 199517, 199517, 0.006455390714108944, 1.4943302869796753
1162, -2.358917709731031, 4, 40.08316773399565, 316, 199833, 199833, 0.0039664204232394695, 1.4867576360702515
1163, -3.1136709577403963, 2, 36.75232146799681, 289, 200122, 200122, 0.004847647622227669, 1.4909629821777344
1164, -2.50935143744573, 2, 4.247730107999814, 30, 200152, 200152, 0.003977035637944937, 1.4875763654708862
1165, -2.000735068519134, 4, 40.147331280997605, 316, 200468, 200468, 0.005085078999400139, 1.4913923740386963
1166, -2.021560565495747, 4, 40.12083058999997, 315, 200783, 200783, 0.005496649071574211, 1.4866763353347778
1167, -2.1242772836703807, 4, 40.112655664997874, 315, 201098, 201098, 0.004882283508777618, 1.4933042526245117
1168, -2.0911902083862515, 4, 40.13806075100001, 315, 201413, 201413, 0.005453189369291067, 1.4865461587905884
1169, -2.2946406427945476, 4, 40.13192593900021, 316, 201729, 201729, 0.00593579700216651, 1.48524010181427
1170, -2.364463561680168, 2, 5.06390767099947, 36, 201765, 201765, 0.0048966133035719395, 1.4921997785568237
1171, -2.0806098913308233, 2, 5.019729791994905, 36, 201801, 201801, 0.00436064787209034, 1.4790440797805786
1172, -2.017793180886656, 4, 40.066068367996195, 314, 202115, 202115, 0.005129161756485701, 1.4871110916137695
1173, -2.1161498857836705, 4, 40.166052572996705, 315, 202430, 202430, 0.006153110880404711, 1.4887912273406982
1174, -2.4141221650643274, 2, 11.108581395004876, 84, 202514, 202514, 0.007374903187155724, 1.49882972240448
1175, -2.2782516346196644, 2, 4.27237542700459, 30, 202544, 202544, 0.005876717623323202, 1.480460524559021
1176, -3.225677801645361, 2, 27.08385689100396, 212, 202756, 202756, 0.004244696348905563, 1.4851963520050049
1177, -2.841840898152441, 2, 29.596648168000684, 232, 202988, 202988, 0.0071059176698327065, 1.484458088874817
1178, -4.572813185544874, 2, 38.797792305005714, 304, 203292, 203292, 0.006338642444461584, 1.4825048446655273
1179, -2.787862502693315, 4, 40.181379492001724, 316, 203608, 203608, 0.004837441258132458, 1.4849272966384888
1180, -2.096517384634353, 4, 40.10852756300301, 315, 203923, 203923, 0.006681717932224274, 1.4867088794708252
1181, -2.4091776204877533, 2, 11.29126497800462, 86, 204009, 204009, 0.0075942580588161945, 1.4900035858154297
1182, -3.4735812113794964, 2, 37.64606078000361, 296, 204305, 204305, 0.005398675799369812, 1.4892109632492065
1183, -2.752558521926403, 2, 4.275677582001663, 30, 204335, 204335, 0.0038036913610994816, 1.4682501554489136
1184, -2.1455106501234695, 4, 40.202562623999256, 315, 204650, 204650, 0.005641088355332613, 1.4871571063995361
1185, -2.336912623140961, 2, 9.87242169900128, 75, 204725, 204725, 0.004311137832701206, 1.4917925596237183
1186, -2.7966118120821193, 4, 40.093297233004705, 316, 205041, 205041, 0.006000688765197992, 1.487511157989502
1187, -3.0191267360933125, 4, 40.15700734499842, 316, 205357, 205357, 0.006695849355310202, 1.4883698225021362
1188, -2.1804029253544286, 2, 4.300734463999106, 30, 205387, 205387, 0.0044625308364629745, 1.5038315057754517
1189, -3.40416531500523, 4, 40.08485615099926, 316, 205703, 205703, 0.005393847823143005, 1.4890083074569702
1190, -2.2565348797506886, 4, 40.40276332000212, 315, 206018, 206018, 0.006067811045795679, 1.4888193607330322
1191, -2.0052953643607907, 4, 40.061896929000795, 315, 206333, 206333, 0.005137515254318714, 1.4876928329467773
1192, -2.245325602183584, 4, 40.20889387499483, 316, 206649, 206649, 0.004668498877435923, 1.4864501953125
1193, -2.3679395698127337, 4, 40.13265684599901, 317, 206966, 206966, 0.004685365594923496, 1.487381100654602
1194, -2.6706568244844675, 2, 4.272116725995147, 30, 206996, 206996, 0.005073397420346737, 1.4875365495681763
1195, -2.1927778852405027, 4, 40.175861987001554, 316, 207312, 207312, 0.005388204474002123, 1.4849213361740112
1196, -2.4278865775559098, 2, 4.294805933001044, 30, 207342, 207342, 0.0040494161657989025, 1.4967365264892578
1197, -2.370187636668561, 4, 40.15650553600426, 315, 207657, 207657, 0.005353109445422888, 1.4849716424942017
1198, -2.411973774433136, 2, 4.3080841440023505, 30, 207687, 207687, 0.0053997584618628025, 1.4860351085662842
1199, -2.7077347729355097, 2, 4.255575020004471, 30, 207717, 207717, 0.004436408169567585, 1.4877387285232544
1200, -2.8124296627938747, 2, 4.2365844789965195, 30, 207747, 207747, 0.0049275560304522514, 1.4941589832305908
1201, -2.858820118010044, 2, 4.268115339997166, 30, 207777, 207777, 0.003940907772630453, 1.4739551544189453
1202, -2.4108860338455997, 4, 40.144750107996515, 316, 208093, 208093, 0.005842722486704588, 1.490917682647705
1203, -2.555906756548211, 2, 4.224797911003407, 30, 208123, 208123, 0.0052963444031775, 1.4867950677871704
1204, -2.2753414439503103, 2, 9.202179676001833, 69, 208192, 208192, 0.004752029664814472, 1.4797159433364868
1205, -3.3635504292324185, 2, 28.643700294000155, 224, 208416, 208416, 0.007231977302581072, 1.4916421175003052
1206, -2.3694256477756426, 2, 4.278504454996437, 30, 208446, 208446, 0.00489910040050745, 1.503234624862671
1207, -2.26004982937593, 4, 40.14646640000137, 316, 208762, 208762, 0.005910832900553942, 1.4879398345947266
1208, -2.4172295342432335, 2, 11.265781385001901, 86, 208848, 208848, 0.0069383662194013596, 1.4870843887329102
1209, -2.2540291321929544, 4, 40.073891945998184, 315, 209163, 209163, 0.007515765726566315, 1.4881967306137085
1210, -2.832861943374155, 4, 40.143978309002705, 315, 209478, 209478, 0.005118581932038069, 1.4862321615219116
1211, -2.2081218251842074, 4, 40.1353760100028, 315, 209793, 209793, 0.006210338789969683, 1.4892810583114624
1212, -2.642056475102436, 2, 11.38496069300163, 86, 209879, 209879, 0.007822316139936447, 1.4848393201828003
1213, -2.210355728631839, 2, 5.686542427996756, 41, 209920, 209920, 0.0067243874073028564, 1.4706422090530396
1214, -2.435079229049734, 4, 40.15547426699777, 316, 210236, 210236, 0.00530772702768445, 1.4917844533920288
1215, -2.5186396992066875, 4, 40.11592589900101, 315, 210551, 210551, 0.007096438203006983, 1.489924430847168
1216, -2.3939440149333677, 4, 40.09562927499792, 315, 210866, 210866, 0.005847503896802664, 1.4885791540145874
1217, -2.175598342320882, 2, 5.026653298002202, 36, 210902, 210902, 0.00748273404315114, 1.50187349319458
1218, -2.684148850501515, 2, 17.197824612005206, 132, 211034, 211034, 0.0049417815171182156, 1.4841034412384033
1219, -2.53694245434599, 4, 40.11410209599853, 315, 211349, 211349, 0.007437837775796652, 1.4896202087402344
1220, -2.5055410980712622, 4, 40.15204623000318, 315, 211664, 211664, 0.008069817908108234, 1.4872205257415771
1221, -2.537449665920576, 4, 40.124057578002976, 315, 211979, 211979, 0.005732045974582434, 1.489753246307373
1222, -2.3321166896494105, 2, 5.383613199999672, 39, 212018, 212018, 0.007801108527928591, 1.4829978942871094
1223, -2.9041002038502484, 4, 40.15291394900123, 315, 212333, 212333, 0.006117624696344137, 1.4918644428253174
1224, -2.2597123238956556, 4, 40.16026645900274, 316, 212649, 212649, 0.005869543179869652, 1.4930071830749512
1225, -3.6458647282561287, 2, 16.45798881000519, 127, 212776, 212776, 0.007021538447588682, 1.4874978065490723
1226, -2.205924569745548, 2, 4.276127614997677, 30, 212806, 212806, 0.005978776142001152, 1.482122778892517
1227, -2.1996315272554057, 4, 40.06105206900247, 315, 213121, 213121, 0.005449255462735891, 1.4897160530090332
1228, -2.857328809797764, 2, 4.277274783002213, 30, 213151, 213151, 0.004868109244853258, 1.4601439237594604
1229, -2.36306047544349, 2, 4.360969794994162, 30, 213181, 213181, 0.004090278409421444, 1.4951517581939697
1230, -2.0587076220544986, 4, 40.172770227, 316, 213497, 213497, 0.00573866767808795, 1.4913220405578613
1231, -2.0912431991600897, 4, 40.10095246200217, 315, 213812, 213812, 0.005153103731572628, 1.4898842573165894
1232, -3.290264809387736, 2, 21.143158290004067, 165, 213977, 213977, 0.005837631411850452, 1.487431526184082
1233, -2.2428121365373954, 2, 5.763474346000294, 42, 214019, 214019, 0.004018163308501244, 1.4916186332702637
1234, -3.0556575535738375, 2, 34.37229985000158, 269, 214288, 214288, 0.005005517043173313, 1.4872480630874634
1235, -2.1593406122992747, 4, 40.206500990003406, 316, 214604, 214604, 0.006086669862270355, 1.485945224761963
1236, -2.0491683780564927, 4, 40.178518352004176, 315, 214919, 214919, 0.00551886111497879, 1.4834703207015991
1237, -2.4941318228375167, 2, 4.270676303996879, 30, 214949, 214949, 0.004262951202690601, 1.4901779890060425
1238, -4.974126207525842, 2, 27.735039421000693, 218, 215167, 215167, 0.00574249355122447, 1.4836058616638184
1239, -2.203215447603725, 2, 4.512078024003131, 32, 215199, 215199, 0.004884295165538788, 1.4945199489593506
1240, -2.310692001017742, 2, 4.765106202001334, 34, 215233, 215233, 0.004603934474289417, 1.4914277791976929
1241, -2.183566279767547, 4, 40.14562495300197, 315, 215548, 215548, 0.006622138898819685, 1.4898264408111572
1242, -2.5968093674164265, 2, 4.238322892000724, 30, 215578, 215578, 0.009160416200757027, 1.490752935409546
1243, 3.8773274258710444, 1, 35.48259183100163, 278, 215856, 215856, 0.007599333301186562, 1.4853930473327637
1244, -2.31473111291416, 2, 6.538104829000076, 48, 215904, 215904, 0.0036382826510816813, 1.4946998357772827
1245, -2.6860149558633566, 2, 4.266482772000018, 30, 215934, 215934, 0.00727932620793581, 1.494901418685913
1246, -2.636902369442396, 2, 4.272211818999494, 30, 215964, 215964, 0.005468143615871668, 1.4937841892242432
1247, -3.0045674461871386, 4, 40.14117944899772, 316, 216280, 216280, 0.005951294209808111, 1.4880770444869995
1248, -2.2630399736808613, 2, 10.191883908999444, 77, 216357, 216357, 0.004212419968098402, 1.487428069114685
1249, -2.51635274826549, 2, 4.266871558997082, 30, 216387, 216387, 0.004127287305891514, 1.4845032691955566
1250, -2.7784888485912234, 2, 8.095824980002362, 61, 216448, 216448, 0.007574126590043306, 1.4784235954284668
1251, -2.300187973625725, 4, 40.10898587200063, 314, 216762, 216762, 0.008188449777662754, 1.4915496110916138
1252, -2.1648529985686764, 2, 4.257719695997366, 30, 216792, 216792, 0.009061596356332302, 1.4891074895858765
1253, -2.6065570452192333, 4, 40.1291510680021, 316, 217108, 217108, 0.006447800900787115, 1.4880346059799194
1254, -2.231596783734858, 2, 4.899170075004804, 35, 217143, 217143, 0.004989871755242348, 1.4778788089752197
1255, -2.3027657621132676, 4, 40.15864927799703, 315, 217458, 217458, 0.006357031874358654, 1.4895009994506836
1256, -2.347766998456791, 2, 5.414388794000843, 39, 217497, 217497, 0.009312450885772705, 1.478065848350525
1257, -3.05862570318277, 2, 32.94270218600286, 257, 217754, 217754, 0.007568057160824537, 1.4929053783416748
1258, -2.9365607144718524, 2, 30.215473632000794, 237, 217991, 217991, 0.00651068240404129, 1.4843332767486572
1259, -2.6156552453758195, 4, 40.18174817199906, 315, 218306, 218306, 0.00622941181063652, 1.4840539693832397
1260, -2.205357604776509, 2, 4.234428235999076, 30, 218336, 218336, 0.004937886726111174, 1.491814374923706
1261, -5.240665227883085, 4, 40.08664137300366, 316, 218652, 218652, 0.005785535089671612, 1.4912753105163574
1262, -2.2291494853561744, 2, 4.29299624000123, 30, 218682, 218682, 0.004825818818062544, 1.4814170598983765
1263, -2.6861058527429122, 4, 40.16257424499781, 315, 218997, 218997, 0.004935281816869974, 1.4850271940231323
1264, -2.3306857515126467, 2, 5.543933562999882, 40, 219037, 219037, 0.004242733586579561, 1.48099946975708
1265, -2.3755825164444104, 4, 40.177790169997024, 314, 219351, 219351, 0.007141293026506901, 1.4884432554244995
1266, -2.2795905669918284, 4, 40.17434008700366, 316, 219667, 219667, 0.006895892787724733, 1.4799953699111938
1267, -3.15129694658026, 2, 32.81417508100276, 258, 219925, 219925, 0.006150650326162577, 1.4863594770431519
1268, -2.6270253906186554, 4, 40.10782248600299, 314, 220239, 220239, 0.006424907594919205, 1.4837234020233154
1269, -3.4510162310220593, 2, 40.03984612200293, 315, 220554, 220554, 0.005732347257435322, 1.4875291585922241
1270, -2.2330498569644988, 4, 40.15066099000251, 315, 220869, 220869, 0.006959415506571531, 1.4837775230407715
1271, -6.99777788175561, 4, 40.07944466700428, 317, 221186, 221186, 0.0056051635183393955, 1.4834637641906738
1272, -2.27690471636015, 4, 40.10079544600012, 315, 221501, 221501, 0.007439965847879648, 1.48456871509552
1273, -3.782748194058513, 2, 38.34066025300126, 301, 221802, 221802, 0.006067975889891386, 1.4799790382385254
1274, -2.0318066958570853, 4, 40.111704860995815, 314, 222116, 222116, 0.0054773385636508465, 1.483304500579834
1275, -2.277536496403627, 4, 40.16655943200021, 314, 222430, 222430, 0.008063984103500843, 1.4844728708267212
1276, -2.4278095141635276, 4, 40.16058314199472, 315, 222745, 222745, 0.006691507995128632, 1.480420708656311
1277, -2.439671063046262, 4, 40.19234518000303, 315, 223060, 223060, 0.006616051774471998, 1.4814622402191162
1278, -4.740409973252099, 2, 26.213976492996153, 205, 223265, 223265, 0.006105740554630756, 1.4818894863128662
1279, -2.8353943668771535, 2, 26.05255201899854, 204, 223469, 223469, 0.007918617688119411, 1.4797346591949463
1280, -2.3875191851402633, 4, 40.05999971500569, 314, 223783, 223783, 0.005757353734225035, 1.4882041215896606
1281, -2.333542004111223, 4, 40.08014438200189, 315, 224098, 224098, 0.0060121240094304085, 1.476907730102539
1282, -2.009405050193891, 4, 40.12084037599561, 315, 224413, 224413, 0.007682913914322853, 1.4753309488296509
1283, -7.6409241357469, 4, 40.18214988600084, 318, 224731, 224731, 0.006247443147003651, 1.4822115898132324
1284, -2.211109178722836, 4, 40.15117770299548, 315, 225046, 225046, 0.006310113240033388, 1.4795860052108765
1285, -2.2372532535373466, 4, 40.130983680995996, 315, 225361, 225361, 0.006796539295464754, 1.4772372245788574
1286, -7.465449731331319, 4, 40.14040181400196, 317, 225678, 225678, 0.0077293203212320805, 1.4810197353363037
1287, -2.726823570963461, 4, 40.17076192799868, 314, 225992, 225992, 0.0067941853776574135, 1.4858464002609253
1288, -2.243412076844834, 2, 5.317033876999631, 38, 226030, 226030, 0.004570580553263426, 1.4801771640777588
1289, -2.4095627763308585, 2, 4.222329937001632, 30, 226060, 226060, 0.011477766558527946, 1.49477219581604
1290, -1.9473600455730775, 4, 40.1707094730009, 315, 226375, 226375, 0.0062719653360545635, 1.4769974946975708
1291, -4.029283348179888, 2, 19.169082240005082, 149, 226524, 226524, 0.0068533155135810375, 1.4856096506118774
1292, -2.411609621849493, 4, 40.14547718500398, 315, 226839, 226839, 0.00829780288040638, 1.4804421663284302
1293, -2.194533288187813, 4, 40.173080779000884, 315, 227154, 227154, 0.0056743137538433075, 1.4817700386047363
1294, -3.017876369995065, 2, 32.349009632998786, 254, 227408, 227408, 0.006351936608552933, 1.4825847148895264
1295, -2.3058205090928823, 4, 40.10252293699887, 315, 227723, 227723, 0.00848638266324997, 1.4809695482254028
1296, -2.4756503206444904, 2, 4.350793796998914, 30, 227753, 227753, 0.004357563331723213, 1.4732719659805298
1297, -5.937336128259631, 4, 40.15557295599865, 316, 228069, 228069, 0.0069803837686777115, 1.47439444065094
1298, -2.643855438977198, 2, 15.870228296997084, 122, 228191, 228191, 0.006712211295962334, 1.4868700504302979
1299, -2.815302907547448, 2, 23.361630501000036, 181, 228372, 228372, 0.0047577121295034885, 1.47933030128479
1300, -5.8085499224835075, 4, 40.073137908002536, 315, 228687, 228687, 0.005519938189536333, 1.4798167943954468
1301, -2.1571465679444373, 2, 6.187015267001698, 45, 228732, 228732, 0.005026484839618206, 1.4853558540344238
1302, -2.4578755414113402, 2, 4.273618659994099, 30, 228762, 228762, 0.004187424201518297, 1.4850420951843262
1303, -3.1598992234794423, 2, 31.58916752400546, 248, 229010, 229010, 0.007907366380095482, 1.479621410369873
1304, -2.768457556630892, 4, 40.14189502399677, 315, 229325, 229325, 0.0067747971042990685, 1.4806231260299683
1305, 4.0529415344353765, 1, 39.49890591899748, 310, 229635, 229635, 0.006506674457341433, 1.482940912246704
1306, -3.2627528213488404, 4, 40.11433510400093, 314, 229949, 229949, 0.006632084958255291, 1.482159972190857
1307, -2.9167945806402713, 4, 40.102401618998556, 314, 230263, 230263, 0.0067495363764464855, 1.4817252159118652
1308, -2.2501705384493107, 4, 40.15681930799474, 316, 230579, 230579, 0.0071714529767632484, 1.4821854829788208
1309, -2.7493106273468584, 4, 40.129667970999435, 314, 230893, 230893, 0.008926140144467354, 1.4783028364181519
1310, -2.3609253474278376, 2, 5.263988194004924, 38, 230931, 230931, 0.004982617683708668, 1.480430245399475
1311, -6.283984127861913, 4, 40.09797015199729, 317, 231248, 231248, 0.006068835034966469, 1.474522352218628
1312, -2.362055351026356, 2, 4.293469142001413, 30, 231278, 231278, 0.013358136638998985, 1.5029016733169556
1313, -6.172427396464627, 4, 40.17311325700575, 318, 231596, 231596, 0.007957248948514462, 1.4808495044708252
1314, -2.3061873104888946, 2, 4.296408539994445, 30, 231626, 231626, 0.01209215633571148, 1.4602711200714111
1315, -2.4573492105701007, 4, 40.16026819800027, 315, 231941, 231941, 0.008559572510421276, 1.479323387145996
1316, -2.0945827868999913, 4, 40.09143650799524, 315, 232256, 232256, 0.006677050609141588, 1.4776968955993652
1317, -2.464418616196781, 4, 40.1726866970057, 316, 232572, 232572, 0.006518729031085968, 1.4790788888931274
1318, -2.5908151289913803, 2, 15.364184120997379, 118, 232690, 232690, 0.004718293901532888, 1.4832816123962402
1319, -2.2407948451582342, 2, 5.128452027005551, 37, 232727, 232727, 0.00837563257664442, 1.4799326658248901
1320, -2.535634565720102, 4, 40.17861794300552, 315, 233042, 233042, 0.009036898612976074, 1.4808943271636963
1321, -2.3986422742018476, 2, 8.417489940999076, 63, 233105, 233105, 0.015161406248807907, 1.478519082069397
1322, -2.427725605084561, 2, 4.318143792996125, 30, 233135, 233135, 0.005830860231071711, 1.4828338623046875
1323, -2.8845416845288128, 2, 29.591176395995717, 231, 233366, 233366, 0.006081895902752876, 1.4792397022247314
1324, -2.537007790757343, 4, 40.11372843400022, 314, 233680, 233680, 0.006707604508846998, 1.4842666387557983
1325, -2.077271504662349, 4, 40.098237270001846, 314, 233994, 233994, 0.006452692672610283, 1.4836286306381226
1326, -2.642535363091156, 4, 40.114988134999294, 315, 234309, 234309, 0.006551436148583889, 1.4835700988769531
1327, -2.7400589033495635, 2, 4.247776805001195, 30, 234339, 234339, 0.014588316902518272, 1.485799789428711
1328, -2.716297079459764, 4, 40.194010195999, 315, 234654, 234654, 0.008817042224109173, 1.4777511358261108
1329, -3.0772519112797454, 4, 40.17097454800387, 315, 234969, 234969, 0.007248810492455959, 1.4792141914367676
1330, -2.241827656980604, 2, 4.262374575999274, 30, 234999, 234999, 0.00525320041924715, 1.4642952680587769
1331, -2.715897488524206, 2, 13.681417022999085, 105, 235104, 235104, 0.008570147678256035, 1.4819774627685547
1332, -2.001070359663572, 4, 40.074373061004735, 313, 235417, 235417, 0.006543525028973818, 1.4743931293487549
1333, -3.187518361144612, 4, 40.158903609000845, 315, 235732, 235732, 0.0069181714206933975, 1.4757132530212402
1334, -2.0885621990892105, 4, 40.15886196499923, 315, 236047, 236047, 0.007058651652187109, 1.4785913228988647
1335, -3.053948871442117, 4, 40.120470764995844, 315, 236362, 236362, 0.006780124735087156, 1.476995825767517
1336, -2.7645471014548093, 4, 40.05478519499593, 315, 236677, 236677, 0.006773107685148716, 1.472548246383667
1337, 3.032439931685076, 1, 39.77543467000214, 312, 236989, 236989, 0.008683543652296066, 1.4779692888259888
1338, -2.496248694951646, 2, 4.372073990001809, 30, 237019, 237019, 0.007685455493628979, 1.4748730659484863
1339, -2.778651053085923, 2, 4.271544290997554, 30, 237049, 237049, 0.004354425705969334, 1.49203622341156
1340, -2.6228456458775327, 2, 4.279362768997089, 30, 237079, 237079, 0.004928070120513439, 1.4843865633010864
1341, -2.1275825813645497, 2, 4.912114163002116, 35, 237114, 237114, 0.006151476409286261, 1.4810011386871338
1342, -2.1298348857089877, 4, 40.12718725400191, 314, 237428, 237428, 0.006500212475657463, 1.466460943222046
1343, -2.730404264293611, 2, 4.3227627410014975, 30, 237458, 237458, 0.005525628104805946, 1.4776581525802612
1344, -2.11438805796206, 2, 4.329965971002821, 30, 237488, 237488, 0.010281679220497608, 1.46150541305542
1345, -2.0870700191735523, 4, 40.15361358800146, 315, 237803, 237803, 0.00909458938986063, 1.4759156703948975
1346, -2.2701973541588814, 4, 40.21672256600141, 316, 238119, 238119, 0.0069364579394459724, 1.471854329109192
1347, -2.47643672733102, 2, 8.081677189999027, 60, 238179, 238179, 0.011912697926163673, 1.4645235538482666
1348, -2.4938869521720335, 2, 8.828280546003953, 66, 238245, 238245, 0.009030422195792198, 1.4716947078704834
1349, -2.1416848298395053, 4, 40.153515181998955, 314, 238559, 238559, 0.007066227030009031, 1.4800301790237427
1350, -2.330735896481201, 2, 9.16013204200135, 69, 238628, 238628, 0.008024263195693493, 1.465864896774292
1351, -2.312527460511774, 4, 40.10690171599708, 315, 238943, 238943, 0.006208837032318115, 1.4707165956497192
1352, -2.4295926089398563, 2, 4.246803645997716, 30, 238973, 238973, 0.004643711261451244, 1.4596675634384155
1353, -2.561099282116629, 4, 40.10043351600325, 315, 239288, 239288, 0.005426314193755388, 1.470792293548584
1354, -2.1422012022230774, 4, 40.162298793002265, 315, 239603, 239603, 0.006530034355819225, 1.471804141998291
1355, -2.8520454306926695, 4, 40.15712267199706, 315, 239918, 239918, 0.009374738670885563, 1.4761139154434204
1356, -3.028740269044647, 2, 36.65102233699872, 287, 240205, 240205, 0.006757654715329409, 1.4750615358352661
1357, -2.143809822824551, 4, 40.09349323499919, 314, 240519, 240519, 0.0055760834366083145, 1.4676352739334106
1358, -2.0972879433538765, 4, 40.1314499709988, 314, 240833, 240833, 0.00723463948816061, 1.4703501462936401
1359, -2.339116624003509, 2, 7.551413346001937, 56, 240889, 240889, 0.008266822434961796, 1.4708564281463623
1360, -2.153620540862903, 2, 4.290034832003585, 30, 240919, 240919, 0.009436428546905518, 1.4878562688827515
1361, -2.280330523411976, 4, 40.08963995099475, 315, 241234, 241234, 0.008261856622993946, 1.4764158725738525
1362, -2.2021054742654087, 4, 40.102023499006464, 314, 241548, 241548, 0.007037959061563015, 1.4735645055770874
1363, -3.921300754718004, 2, 33.95493157100282, 265, 241813, 241813, 0.006405460648238659, 1.472960352897644
1364, -2.2845594930113293, 2, 5.001083134004148, 36, 241849, 241849, 0.0048662470653653145, 1.472257137298584
1365, -2.036886023102852, 4, 40.169249318001675, 315, 242164, 242164, 0.006788872182369232, 1.468976378440857
1366, -2.18535208015237, 2, 4.274426199001027, 30, 242194, 242194, 0.006041806656867266, 1.4877408742904663
1367, -2.0365613065077923, 4, 40.13335047500004, 314, 242508, 242508, 0.006997097749263048, 1.4701236486434937
1368, -2.2082005989723257, 4, 40.16059169900109, 314, 242822, 242822, 0.008898547850549221, 1.4744751453399658
1369, -4.283532761444803, 4, 40.16957486500178, 316, 243138, 243138, 0.008312354795634747, 1.4704289436340332
1370, -3.4411618801532313, 4, 40.492245200999605, 318, 243456, 243456, 0.007403295021504164, 1.4676645994186401
1371, -2.1479420187533833, 4, 40.14938010900369, 315, 243771, 243771, 0.006550571881234646, 1.4696459770202637
1372, -2.6155121509800665, 2, 23.763946222999948, 184, 243955, 243955, 0.013039588928222656, 1.4679570198059082
1373, -2.3900569071556674, 4, 40.1577536909972, 313, 244268, 244268, 0.005542938597500324, 1.467057704925537
1374, -2.468620667234063, 2, 4.277838524998515, 30, 244298, 244298, 0.017293017357587814, 1.479049563407898
1375, -2.0239525460638106, 4, 40.09498595700279, 314, 244612, 244612, 0.009505528956651688, 1.4625961780548096
1376, -2.1589767785771983, 4, 40.10707281000214, 314, 244926, 244926, 0.007135121617466211, 1.4586488008499146
1377, -2.479302333551459, 2, 4.248444662000111, 30, 244956, 244956, 0.006583670619875193, 1.4785007238388062
1378, -2.2204501386440825, 4, 40.16185112000676, 315, 245271, 245271, 0.005017605610191822, 1.4649401903152466
1379, -2.2034482387825847, 2, 6.447482717005187, 47, 245318, 245318, 0.017333488911390305, 1.469094157218933
1380, -2.1635537293041125, 4, 40.174913114002266, 315, 245633, 245633, 0.010128738358616829, 1.4687422513961792
1381, -2.125795192347141, 4, 40.07018917700043, 314, 245947, 245947, 0.008413505740463734, 1.4720209836959839
1382, -2.0822472287209166, 4, 40.20446616299887, 315, 246262, 246262, 0.008909758180379868, 1.4674136638641357
1383, -3.248803057591431, 2, 39.973341357006575, 313, 246575, 246575, 0.008018098771572113, 1.4678142070770264
1384, -2.087350763264112, 4, 40.112312940000265, 315, 246890, 246890, 0.010315356776118279, 1.4759998321533203
1385, -2.163982509402558, 2, 5.510577603003185, 40, 246930, 246930, 0.014244621619582176, 1.4644088745117188
1386, -2.3990930274303537, 4, 40.08157315499557, 314, 247244, 247244, 0.007675346452742815, 1.469924807548523
1387, -2.2260732482827734, 4, 40.13384334600414, 314, 247558, 247558, 0.008479958400130272, 1.4695767164230347
1388, -2.0505111386883073, 4, 40.06683806199726, 315, 247873, 247873, 0.012645958922803402, 1.4625284671783447
1389, -2.1093223903444596, 4, 40.15521376000106, 314, 248187, 248187, 0.006746578495949507, 1.457646131515503
1390, -2.663531301441253, 2, 14.328015413004323, 110, 248297, 248297, 0.0067599560134112835, 1.4651093482971191
1391, -2.4032329444307834, 4, 40.13290287699783, 314, 248611, 248611, 0.011388222686946392, 1.4600909948349
1392, -2.335048121283762, 4, 40.269103515995084, 315, 248926, 248926, 0.006970732007175684, 1.462685227394104
1393, -2.914454376179492, 4, 40.17408372199861, 311, 249237, 249237, 0.008328978903591633, 1.4671505689620972
1394, -2.7054776470176876, 2, 14.594198425002105, 112, 249349, 249349, 0.006192184053361416, 1.4716414213180542
1395, -2.1431152492878027, 4, 40.12656391799828, 314, 249663, 249663, 0.008727268315851688, 1.4650717973709106
1396, -2.701689423764037, 4, 40.24032125800295, 315, 249978, 249978, 0.009590811096131802, 1.4539310932159424
1397, -2.7264650669530965, 4, 40.13427349000267, 314, 250292, 250292, 0.010589862242341042, 1.4672259092330933
1398, -2.5871456845197827, 4, 40.123322984996776, 314, 250606, 250606, 0.011114670895040035, 1.4679161310195923
1399, -2.144819470249786, 4, 40.18620132999786, 314, 250920, 250920, 0.011278396472334862, 1.458893060684204
1400, -2.040564647759311, 4, 40.094523425999796, 315, 251235, 251235, 0.006367484573274851, 1.4558976888656616
1401, -2.5967871020548046, 4, 40.07950216499739, 314, 251549, 251549, 0.006946605630218983, 1.4535115957260132
1402, -2.4422049790155143, 2, 8.45528998500231, 63, 251612, 251612, 0.013275549747049809, 1.446831464767456
1403, -2.2401886528823525, 2, 5.7856667329979246, 42, 251654, 251654, 0.004635227844119072, 1.4491487741470337
1404, -2.363741729990579, 4, 40.170518434999394, 315, 251969, 251969, 0.005124805960804224, 1.4527981281280518
1405, -2.5380261426325887, 4, 40.172073021996766, 314, 252283, 252283, 0.006244606338441372, 1.4575084447860718
1406, -2.6662681464804336, 2, 4.2382160459965235, 30, 252313, 252313, 0.004678570665419102, 1.4505455493927002
1407, -2.7490250822156668, 2, 8.570841649998329, 64, 252377, 252377, 0.006369785405695438, 1.4565349817276
1408, -2.042878354797722, 4, 40.104382543999236, 313, 252690, 252690, 0.006568082142621279, 1.4588803052902222
1409, -3.221171613695333, 4, 40.157424680000986, 315, 253005, 253005, 0.0069385915994644165, 1.4537038803100586
1410, -2.055043477099389, 4, 40.122588613005064, 314, 253319, 253319, 0.00909064244478941, 1.4539313316345215
1411, -2.040946973487735, 4, 40.16698037199967, 314, 253633, 253633, 0.009031273424625397, 1.4574981927871704
1412, -2.875937085103942, 4, 40.162798696997925, 315, 253948, 253948, 0.007475275546312332, 1.4540836811065674
1413, -2.026399193680845, 4, 40.12925548799831, 314, 254262, 254262, 0.006911413744091988, 1.4542441368103027
1414, -2.2604136479785666, 2, 4.285897875997762, 30, 254292, 254292, 0.01935354247689247, 1.4683308601379395
1415, -2.6190475648036227, 2, 4.287461648003955, 30, 254322, 254322, 0.006237045396119356, 1.4484021663665771
1416, -2.729148148850072, 4, 40.12661725599901, 314, 254636, 254636, 0.011075025424361229, 1.4622602462768555
1417, -2.600550005736295, 4, 40.165043847999186, 315, 254951, 254951, 0.011234809644520283, 1.4520139694213867
1418, -2.5653968033147976, 2, 12.481019181002921, 95, 255046, 255046, 0.007664597127586603, 1.4521217346191406
1419, -3.053121451899642, 4, 40.17694382100308, 315, 255361, 255361, 0.007987001910805702, 1.460895299911499
1420, 4.17930229997728, 1, 29.716933035000693, 231, 255592, 255592, 0.006531272549182177, 1.4503601789474487
1421, -2.908001822870574, 4, 40.14140249000047, 315, 255907, 255907, 0.01633058860898018, 1.4578580856323242
1422, -2.4134835147997364, 2, 4.315118680002342, 30, 255937, 255937, 0.02300003543496132, 1.4765889644622803
1423, -1.9936296689556912, 4, 40.19495950999408, 314, 256251, 256251, 0.006306407507508993, 1.452193021774292
1424, -2.565650914912112, 2, 6.056062720002956, 44, 256295, 256295, 0.0046307104639709, 1.4566806554794312
1425, -2.082089756091591, 4, 40.18759962100012, 314, 256609, 256609, 0.006281710229814053, 1.454538106918335
1426, -2.9413591755437665, 4, 40.16524758100422, 314, 256923, 256923, 0.010248905047774315, 1.455423355102539
1427, -2.3068756038846914, 4, 40.09232668400364, 313, 257236, 257236, 0.0074177030473947525, 1.4557363986968994
1428, -2.1655607912689447, 2, 5.748435074005101, 41, 257277, 257277, 0.01549967285245657, 1.460147500038147
1429, -2.2772834453498945, 4, 40.13289495999925, 314, 257591, 257591, 0.013366195373237133, 1.4488118886947632
1430, -2.1979007485788316, 4, 40.12469787699956, 314, 257905, 257905, 0.007342228665947914, 1.448002576828003
1431, -2.0730848843741114, 4, 40.09725468100078, 314, 258219, 258219, 0.008784464560449123, 1.4624799489974976
1432, -2.5622661587549374, 2, 5.983709396998165, 44, 258263, 258263, 0.005592523608356714, 1.4616061449050903
1433, -3.1495007120538503, 2, 22.276166565003223, 173, 258436, 258436, 0.009231600910425186, 1.458845853805542
1434, -2.5895072239800356, 4, 40.13870544800011, 314, 258750, 258750, 0.009819114580750465, 1.4569271802902222
1435, -2.3334136150369886, 4, 40.12693955499708, 315, 259065, 259065, 0.00927659124135971, 1.4549775123596191
1436, -1.9578949603019282, 4, 40.16693159199349, 315, 259380, 259380, 0.005969460587948561, 1.4484550952911377
1437, -2.390299978898838, 2, 4.288773048996518, 30, 259410, 259410, 0.004558941815048456, 1.4493236541748047
1438, -2.4790879666106775, 2, 4.255887798004551, 30, 259440, 259440, 0.007054128218442202, 1.4592535495758057
1439, -2.675502908521594, 4, 40.07416976799868, 314, 259754, 259754, 0.009014807641506195, 1.4520355463027954
1440, -1.9718889890937135, 4, 40.06511863099877, 313, 260067, 260067, 0.008853831328451633, 1.4503878355026245
1441, -2.2940644785994664, 4, 40.19037627000216, 315, 260382, 260382, 0.014732029289007187, 1.4475888013839722
1442, -2.2704028910957277, 2, 4.251601003001269, 30, 260412, 260412, 0.012202179059386253, 1.4746448993682861
1443, -4.4858745881938376, 4, 40.08627618900209, 314, 260726, 260726, 0.010236380621790886, 1.4502410888671875
1444, -1.8411404904327355, 4, 40.17842980600108, 314, 261040, 261040, 0.009269461035728455, 1.444953441619873
1445, -2.469573130365461, 2, 5.433529687004921, 39, 261079, 261079, 0.007406382355839014, 1.4664052724838257
1446, -2.35931168589741, 2, 4.328780165000353, 30, 261109, 261109, 0.0037331883795559406, 1.4480386972427368
1447, -2.47002224001335, 4, 40.09825937000278, 313, 261422, 261422, 0.006372077390551567, 1.448760747909546
1448, -2.89098436544009, 4, 40.09803972300142, 313, 261735, 261735, 0.010936680249869823, 1.4519633054733276
1449, -3.925293150852667, 2, 37.68695093599672, 294, 262029, 262029, 0.013270262628793716, 1.4460972547531128
1450, -1.9408264483208768, 4, 40.169443530001445, 314, 262343, 262343, 0.009312836453318596, 1.4482282400131226
1451, -2.142769674625015, 4, 40.12576291000005, 314, 262657, 262657, 0.01012225728482008, 1.455028772354126
1452, -1.959162993283826, 4, 40.09058997399552, 314, 262971, 262971, 0.011129227466881275, 1.4463520050048828
1453, -2.6964161144569516, 2, 4.299005301996658, 30, 263001, 263001, 0.010780613869428635, 1.4677155017852783
1454, -2.053651379450457, 4, 40.1995038870009, 313, 263314, 263314, 0.009048380888998508, 1.4464162588119507
1455, -2.0261755887186155, 4, 40.192601608003315, 314, 263628, 263628, 0.007954469881951809, 1.4538201093673706
1456, -2.2979614480864257, 2, 4.278764827999112, 30, 263658, 263658, 0.012605231255292892, 1.447324514389038
1457, -2.834596705448348, 2, 11.652694438002072, 89, 263747, 263747, 0.014097682200372219, 1.4377624988555908
1458, -2.4517979846859816, 4, 40.137090354000975, 313, 264060, 264060, 0.007749983109533787, 1.4489402770996094
1459, -2.0157442443887703, 4, 40.158898975998454, 313, 264373, 264373, 0.014080440625548363, 1.4480865001678467
1460, -2.495020433110767, 4, 40.16817783300212, 313, 264686, 264686, 0.006966698914766312, 1.4462653398513794
1461, -4.820651850634022, 4, 40.147461417996965, 314, 265000, 265000, 0.012427305802702904, 1.4436848163604736
1462, -2.510870556696318, 2, 4.314353424000728, 30, 265030, 265030, 0.035267092287540436, 1.4454193115234375
1463, -7.386489304364659, 4, 40.15674451399536, 317, 265347, 265347, 0.009693499654531479, 1.4404499530792236
1464, -2.846318823925685, 4, 40.13054692500009, 313, 265660, 265660, 0.007277663331478834, 1.4361554384231567
1465, -2.169564297189936, 2, 5.009585217005224, 36, 265696, 265696, 0.004714014008641243, 1.4426500797271729
1466, -1.982037205423694, 4, 40.108135064001544, 314, 266010, 266010, 0.006939321756362915, 1.4337215423583984
1467, -1.9937876058829715, 4, 40.07056265000574, 313, 266323, 266323, 0.006318142171949148, 1.4443581104278564
1468, -2.828158253803849, 2, 4.2518746290006675, 30, 266353, 266353, 0.018303146585822105, 1.428727626800537
1469, -1.9794626675429754, 4, 40.12365524300549, 313, 266666, 266666, 0.00846718531101942, 1.4448966979980469
1470, -2.542671023926232, 4, 40.127287710995006, 314, 266980, 266980, 0.012852760031819344, 1.4406108856201172
1471, -1.824202959338436, 4, 40.19297298099991, 314, 267294, 267294, 0.00907506700605154, 1.4398173093795776
1472, -2.8061757031828165, 2, 4.26795934799884, 30, 267324, 267324, 0.016214868053793907, 1.4360120296478271
1473, -2.467842738420586, 4, 40.15132141700451, 314, 267638, 267638, 0.005683145951479673, 1.4385404586791992
1474, -2.322621536673978, 2, 6.063569505000487, 44, 267682, 267682, 0.0038372694980353117, 1.4293583631515503
1475, -2.667117064935155, 2, 9.161054942000192, 69, 267751, 267751, 0.005326340906322002, 1.434104084968567
1476, -2.485860983550083, 2, 4.30583071300498, 30, 267781, 267781, 0.003987288102507591, 1.4382190704345703
1477, -2.017148467581137, 4, 40.149070865001704, 314, 268095, 268095, 0.006085499655455351, 1.436190128326416
1478, -2.0259769948897883, 4, 40.19216677499935, 313, 268408, 268408, 0.012095457874238491, 1.4378713369369507
1479, -2.1277181643527, 4, 40.188964560002205, 314, 268722, 268722, 0.007990279234945774, 1.4336340427398682
1480, -1.8483719199430197, 4, 40.18302662100177, 313, 269035, 269035, 0.006648930720984936, 1.4359712600708008
1481, -2.283037713728845, 2, 5.139911722006218, 37, 269072, 269072, 0.00428889412432909, 1.4408913850784302
1482, -2.0160187634755857, 4, 40.12790729999688, 313, 269385, 269385, 0.005890874192118645, 1.438657522201538
1483, -2.723911503329873, 2, 4.278833299998951, 30, 269415, 269415, 0.02558569796383381, 1.4798847436904907
1484, -2.823508532717824, 2, 4.301377501004026, 30, 269445, 269445, 0.005889484658837318, 1.4463950395584106
1485, -2.581250738876406, 2, 9.574202812000294, 72, 269517, 269517, 0.008452137932181358, 1.4336128234863281
1486, -1.9977715431596152, 4, 40.13070392100053, 314, 269831, 269831, 0.008249374106526375, 1.4347326755523682
1487, -1.944402972003445, 4, 40.1457933519996, 314, 270145, 270145, 0.006294761318713427, 1.435799241065979
1488, -2.280954167130403, 2, 4.2927010860003065, 30, 270175, 270175, 0.008630409836769104, 1.4416998624801636
1489, -2.492853801115416, 2, 5.130900090000068, 36, 270211, 270211, 0.004647424444556236, 1.4315266609191895
1490, -2.215054100030102, 4, 40.15410394100036, 314, 270525, 270525, 0.007905161939561367, 1.4276378154754639
1491, -2.148975114687346, 4, 40.1680626640009, 314, 270839, 270839, 0.008260129019618034, 1.435166597366333
1492, -2.582272311730776, 4, 40.07850850500108, 314, 271153, 271153, 0.011289861984550953, 1.4287617206573486
1493, -2.0813463502563536, 4, 40.12935842799925, 314, 271467, 271467, 0.006583445239812136, 1.429620623588562
1494, -1.8742352811605087, 4, 40.133765790000325, 313, 271780, 271780, 0.007279636804014444, 1.4291026592254639
1495, -2.622745822300203, 2, 4.271651823000866, 30, 271810, 271810, 0.005748489871621132, 1.4283846616744995
1496, -2.6691502172034234, 4, 40.09221141300077, 314, 272124, 272124, 0.009541359730064869, 1.4342371225357056
1497, -2.9158884042408317, 2, 17.01498625399836, 131, 272255, 272255, 0.013006191700696945, 1.4276232719421387
1498, -2.627313190023415, 2, 19.507039463002002, 151, 272406, 272406, 0.00803412590175867, 1.4312773942947388
1499, -2.1400360629777424, 4, 40.11834760700003, 313, 272719, 272719, 0.01448899693787098, 1.4357362985610962
1500, -2.5599078830564395, 2, 4.304352993000066, 30, 272749, 272749, 0.004911966621875763, 1.4340617656707764
1501, -1.8344528449815698, 4, 40.12814960599644, 312, 273061, 273061, 0.011007281951606274, 1.4235422611236572
1502, -1.914807094144635, 4, 40.12082064499555, 313, 273374, 273374, 0.00976528413593769, 1.4255380630493164
1503, -2.498038265053765, 4, 40.10729245299444, 314, 273688, 273688, 0.007170519791543484, 1.4266648292541504
1504, -2.307928391965106, 2, 5.589108072999807, 40, 273728, 273728, 0.020373689010739326, 1.4198167324066162
1505, -3.441104238620028, 2, 16.53408817500167, 127, 273855, 273855, 0.004979162011295557, 1.4235795736312866
1506, -1.9989595339284278, 4, 40.09516313700442, 313, 274168, 274168, 0.011542963795363903, 1.43913733959198
1507, -1.8344439237989718, 4, 40.15696224300336, 313, 274481, 274481, 0.01739051379263401, 1.424194097518921
1508, -2.4600779832326225, 2, 18.74460204400384, 144, 274625, 274625, 0.012501359917223454, 1.4192540645599365
1509, -2.570722513482906, 2, 7.416548242996214, 55, 274680, 274680, 0.006550679914653301, 1.4163095951080322
1510, -2.2602129738079384, 2, 9.109439881998696, 68, 274748, 274748, 0.006834694650024176, 1.438276767730713
1511, -2.2949683686019853, 2, 9.481684842001414, 71, 274819, 274819, 0.004451327957212925, 1.4140336513519287
1512, -2.249104204820469, 2, 4.703640404004545, 33, 274852, 274852, 0.004046086687594652, 1.4315643310546875
1513, -2.4842090433230624, 2, 5.751158222003141, 41, 274893, 274893, 0.030025549232959747, 1.4244136810302734
1514, -2.7154810789506882, 4, 40.085035642005096, 313, 275206, 275206, 0.009273760952055454, 1.4319381713867188
1515, -2.6184937573270872, 2, 4.296768250998866, 30, 275236, 275236, 0.023194095119833946, 1.422128438949585
1516, -2.3451606043381616, 2, 4.547776806997717, 32, 275268, 275268, 0.004977270495146513, 1.4245357513427734
1517, -2.150459792348556, 4, 40.11559210899577, 313, 275581, 275581, 0.012276582419872284, 1.4254448413848877
1518, -1.8450457847502548, 4, 40.11829816200043, 314, 275895, 275895, 0.011715217493474483, 1.4214588403701782
1519, -2.4387105570640415, 2, 5.455002375005279, 39, 275934, 275934, 0.021731100976467133, 1.417373776435852
1520, -2.0472125989481356, 4, 40.07357422700443, 313, 276247, 276247, 0.007031430024653673, 1.4262388944625854
1521, -2.027221858006669, 4, 40.17232850599976, 313, 276560, 276560, 0.009058434516191483, 1.423360824584961
1522, -2.0343478168942966, 4, 40.14072070799739, 314, 276874, 276874, 0.010084845125675201, 1.4238275289535522
1523, -2.3400169697706588, 4, 40.154740013000264, 314, 277188, 277188, 0.008730059489607811, 1.424147605895996
1524, -2.4908933059778064, 2, 4.27988752300007, 30, 277218, 277218, 0.024303119629621506, 1.4202967882156372
1525, -2.372851053951308, 4, 40.10930112100323, 314, 277532, 277532, 0.011982347816228867, 1.42643141746521
1526, -2.624899581540376, 2, 4.326231674996961, 30, 277562, 277562, 0.034805141389369965, 1.4161741733551025
1527, -2.897862371406518, 2, 12.183406745003595, 92, 277654, 277654, 0.014870780520141125, 1.4350731372833252
1528, -2.319956367369741, 2, 6.227518271996814, 45, 277699, 277699, 0.006971532944589853, 1.464396357536316
1529, -2.494187136180699, 2, 16.261122876996524, 125, 277824, 277824, 0.013971395790576935, 1.4427597522735596
1530, -3.9917487431521295, 2, 21.074540939000144, 164, 277988, 277988, 0.005406409967690706, 1.4171335697174072
1531, -2.3819832088192925, 2, 11.964866592999897, 91, 278079, 278079, 0.005272777751088142, 1.423169493675232
1532, -7.9734908499522135, 4, 40.17421126100089, 316, 278395, 278395, 0.008388608694076538, 1.4267876148223877
1533, -1.9387538036098704, 4, 40.122552220003854, 314, 278709, 278709, 0.013295698910951614, 1.4268131256103516
1534, -2.27031194686424, 2, 5.86491003500123, 42, 278751, 278751, 0.003875997383147478, 1.4209028482437134
1535, -2.7437503592809662, 2, 9.489963360996626, 71, 278822, 278822, 0.004264540039002895, 1.4143123626708984
1536, -2.4032916398718953, 2, 12.137709326998447, 92, 278914, 278914, 0.012329334393143654, 1.4469033479690552
1537, -2.4307441544369794, 4, 40.11248331800016, 314, 279228, 279228, 0.013837308622896671, 1.427651047706604
1538, -2.353229592787102, 2, 4.293516917998204, 30, 279258, 279258, 0.008170428685843945, 1.4458132982254028
1539, -1.830657002486987, 4, 40.187248173002445, 314, 279572, 279572, 0.01305774413049221, 1.4181327819824219
1540, -2.5522401176276617, 4, 40.06678582300083, 313, 279885, 279885, 0.008618165738880634, 1.4191250801086426
1541, -2.742015920986887, 2, 21.999305732999346, 170, 280055, 280055, 0.009189866483211517, 1.4230010509490967
1542, -2.2499333758605644, 2, 7.325764528999571, 54, 280109, 280109, 0.012177563272416592, 1.4144469499588013
1543, -2.2299444634700194, 2, 4.288659991005261, 30, 280139, 280139, 0.00612814724445343, 1.419616460800171
1544, -2.8156131024006754, 2, 14.278419112000847, 109, 280248, 280248, 0.019514719024300575, 1.41562020778656
1545, -2.546698590158485, 2, 4.3149163630005205, 30, 280278, 280278, 0.004524463787674904, 1.4059104919433594
1546, -2.2067262772470713, 4, 40.112867891999485, 314, 280592, 280592, 0.016454938799142838, 1.4192726612091064
1547, -2.721765317954123, 2, 4.298107524002262, 30, 280622, 280622, 0.00606275862082839, 1.4139119386672974
1548, -2.6166227483772673, 2, 13.46950353700231, 102, 280724, 280724, 0.012092393822968006, 1.4107857942581177
1549, -2.629989204913727, 4, 40.075378025001555, 313, 281037, 281037, 0.006032041739672422, 1.419529676437378
1550, 4.2971737562911585, 1, 33.388320307996764, 259, 281296, 281296, 0.011183660477399826, 1.4193787574768066
1551, -2.431294937952771, 4, 40.225111748994095, 313, 281609, 281609, 0.01377173326909542, 1.4213650226593018
1552, -2.06725129536062, 4, 40.18733951099421, 314, 281923, 281923, 0.00621294230222702, 1.4141380786895752
1553, -2.4652374079450965, 2, 4.306526831001975, 30, 281953, 281953, 0.03701575845479965, 1.4203617572784424
1554, -3.094958687754115, 2, 21.713353320999886, 167, 282120, 282120, 0.024593178182840347, 1.4172784090042114
1555, -2.1849961748812348, 2, 5.0482630010010325, 36, 282156, 282156, 0.015241920948028564, 1.4073379039764404
1556, -2.5361698698834516, 4, 40.10099756999989, 314, 282470, 282470, 0.009033624082803726, 1.4153261184692383
1557, -1.7784634456038475, 4, 40.165204363001976, 314, 282784, 282784, 0.01509117055684328, 1.420852541923523
1558, -2.7028686220292, 2, 4.33258747599757, 30, 282814, 282814, 0.004675828851759434, 1.4142156839370728
1559, -2.0474054410660756, 4, 40.08085469700018, 313, 283127, 283127, 0.011633050628006458, 1.4284461736679077
1560, -2.7437908448046073, 2, 6.9068141309981, 51, 283178, 283178, 0.019075142219662666, 1.4192832708358765
1561, -1.9580918826432026, 4, 40.17863309799577, 313, 283491, 283491, 0.011633612215518951, 1.422084927558899
1562, -2.433256090647774, 4, 40.10000292499899, 313, 283804, 283804, 0.00923034269362688, 1.4190071821212769
1563, -2.2250001832144335, 2, 4.375976766998065, 30, 283834, 283834, 0.011447410099208355, 1.446329116821289
1564, -2.1377999692194862, 4, 40.17889245200058, 313, 284147, 284147, 0.01575963757932186, 1.416388750076294
1565, -2.4663965107756667, 4, 40.14828865000163, 313, 284460, 284460, 0.012109276838600636, 1.4112615585327148
1566, -2.246244235546328, 4, 40.13506903200323, 313, 284773, 284773, 0.015088358893990517, 1.4176669120788574
1567, -2.555493075866252, 2, 4.293055785004981, 30, 284803, 284803, 0.004387328866869211, 1.4077426195144653
1568, -2.2720689602429047, 2, 5.093678479999653, 36, 284839, 284839, 0.006754030007869005, 1.4207912683486938
1569, -2.698225747444667, 4, 40.17440178699326, 312, 285151, 285151, 0.016249477863311768, 1.4216668605804443
1570, -2.413851666748087, 4, 40.09519655999611, 312, 285463, 285463, 0.0102479737251997, 1.4311388731002808
1571, -1.9951754489447922, 4, 40.13483454599918, 311, 285774, 285774, 0.01246341597288847, 1.4186358451843262
1572, -2.5882408277248032, 2, 21.41733370399743, 164, 285938, 285938, 0.01318130362778902, 1.4252506494522095
1573, -2.215439806401264, 4, 40.13124547299958, 311, 286249, 286249, 0.010286585427820683, 1.424575924873352
1574, -1.8886765853967518, 4, 40.11360158699972, 313, 286562, 286562, 0.014089694246649742, 1.4231282472610474
1575, -2.2795766382623697, 4, 40.104388331004884, 313, 286875, 286875, 0.007362633943557739, 1.4254212379455566
1576, -2.72244471963495, 2, 4.271937729005003, 30, 286905, 286905, 0.008346916176378727, 1.413115382194519
1577, -1.8744006243068725, 4, 40.24274188999698, 314, 287219, 287219, 0.01202447060495615, 1.4143612384796143
1578, -2.603079879307188, 2, 4.265022556995973, 30, 287249, 287249, 0.05065982788801193, 1.4501614570617676
1579, -1.9230605034681503, 4, 40.11931863400241, 314, 287563, 287563, 0.005982365924865007, 1.4182020425796509
1580, -2.2329283345025033, 2, 6.935244755994063, 51, 287614, 287614, 0.019800463691353798, 1.4294986724853516
1581, -1.9355842846416635, 4, 40.17994521299988, 313, 287927, 287927, 0.0057961721904575825, 1.4170758724212646
1582, -1.7341289597388823, 4, 40.16213731600146, 313, 288240, 288240, 0.012254678644239902, 1.4128469228744507
1583, -2.0284815942286514, 4, 40.10509595400072, 313, 288553, 288553, 0.012898938730359077, 1.4097403287887573
1584, -2.580248674377799, 2, 4.304810881003505, 30, 288583, 288583, 0.007672828622162342, 1.408434271812439
1585, -2.0614245812175795, 4, 40.16123683000478, 312, 288895, 288895, 0.01525245700031519, 1.414695143699646
1586, -2.177260173659306, 4, 40.22164263099694, 311, 289206, 289206, 0.013111232779920101, 1.4166966676712036
1587, -1.9937991268816404, 4, 40.21101911099686, 313, 289519, 289519, 0.008416928350925446, 1.411292552947998
1588, -2.365801988518797, 2, 7.1388089030006086, 52, 289571, 289571, 0.024043839424848557, 1.3985002040863037
1589, -2.015087753898115, 4, 40.110471104999306, 312, 289883, 289883, 0.01176228653639555, 1.410910964012146
1590, -2.205829268466914, 4, 40.07930209999904, 312, 290195, 290195, 0.01068975031375885, 1.408191442489624
