episode, reward, success, duration, steps, total_steps, memory length, avg_critic_loss, avg_actor_loss
1, -1.168121134629473, 2, 13.193381670862436, 104, 15040, 15040, 0.07874098420143127, 2.480292797088623
2, -0.8088605040939001, 4, 40.084603764582425, 323, 15363, 15363, 0.07029006630182266, 2.53009033203125
3, -3.8379748524166644, 4, 40.187576587777585, 325, 15688, 15688, 0.06974254548549652, 2.5928049087524414
4, -1.8402628739131615, 4, 40.06004146998748, 323, 16011, 16011, 0.06551819294691086, 2.6242196559906006
5, -1.352963329583872, 4, 40.06297997618094, 323, 16334, 16334, 0.06186363473534584, 2.6383156776428223
6, -3.275987994275056, 2, 7.7959971516393125, 59, 16393, 16393, 0.06082222983241081, 2.6400182247161865
7, 0.4743603615097527, 4, 40.15874038217589, 324, 16717, 16717, 0.06321541965007782, 2.6486639976501465
8, -4.147675337037072, 2, 4.833661227952689, 35, 16752, 16752, 0.06138714402914047, 2.6651525497436523
9, 0.28368681443680543, 4, 40.13419546931982, 323, 17075, 17075, 0.06025858595967293, 2.6828200817108154
10, -3.601104785106145, 2, 6.17560455808416, 46, 17121, 17121, 0.06117001175880432, 2.7175402641296387
11, -1.2369972949381918, 4, 40.06558213708922, 323, 17444, 17444, 0.057150330394506454, 2.709638833999634
12, -1.1493320419103839, 4, 40.06209955783561, 323, 17767, 17767, 0.05126585811376572, 2.7337806224823
13, -0.6136285873362795, 4, 40.085686299949884, 323, 18090, 18090, 0.05156341567635536, 2.767693281173706
14, -3.562235831748694, 2, 7.811596265994012, 59, 18149, 18149, 0.05325840413570404, 2.780514717102051
15, -0.2234458385501057, 4, 40.107603416312486, 323, 18472, 18472, 0.04859287664294243, 2.807771682739258
16, -0.36789407856122125, 4, 40.43110599089414, 326, 18798, 18798, 0.046240728348493576, 2.8082633018493652
17, -2.879762808326632, 4, 40.136946028098464, 323, 19121, 19121, 0.043613698333501816, 2.81539249420166
18, -2.9686197593982797, 2, 21.203368710819632, 169, 19290, 19290, 0.04424595087766647, 2.823451042175293
19, -1.2434596539242193, 4, 40.05702671734616, 323, 19613, 19613, 0.04213106259703636, 2.830146074295044
20, 1.009194217978802, 4, 40.15392644703388, 323, 19936, 19936, 0.03887614235281944, 2.842759370803833
21, -0.2921214804518968, 4, 40.104475676547736, 323, 20259, 20259, 0.03796589374542236, 2.860308885574341
22, -5.434760648757219, 2, 27.56997986184433, 221, 20480, 20480, 0.03730815649032593, 2.876893997192383
23, -1.9477689632913098, 2, 14.53788948385045, 114, 20594, 20594, 0.03784427046775818, 2.8830108642578125
24, -0.8172636090312153, 4, 40.093259513843805, 323, 20917, 20917, 0.037045057862997055, 2.905020236968994
25, 0.2559718734064518, 4, 40.133646958041936, 323, 21240, 21240, 0.03313448280096054, 2.9177021980285645
26, 1.0515703986784501, 4, 40.08469951804727, 322, 21562, 21562, 0.03330124542117119, 2.9374849796295166
27, -2.451692995382473, 2, 8.79449666198343, 67, 21629, 21629, 0.03206370398402214, 2.92793869972229
28, -0.20145459903869778, 4, 40.13292921613902, 323, 21952, 21952, 0.03209201619029045, 2.9491186141967773
29, -2.9741618221160024, 2, 7.545998084358871, 57, 22009, 22009, 0.03412951901555061, 2.947704315185547
30, 0.30503080238122493, 4, 40.079912662971765, 322, 22331, 22331, 0.03157313913106918, 2.9512839317321777
31, -3.2571239825338125, 2, 9.972961858846247, 77, 22408, 22408, 0.03156315162777901, 2.94411039352417
32, -4.347735938965343, 2, 4.489821813069284, 32, 22440, 22440, 0.03360655531287193, 2.955444812774658
33, -1.489295986451907, 4, 40.18382129492238, 323, 22763, 22763, 0.03076346404850483, 2.953068971633911
34, -0.3311112509618397, 4, 40.12962313881144, 321, 23084, 23084, 0.02866474725306034, 2.9692389965057373
35, -0.4464660814264789, 4, 40.10613348195329, 323, 23407, 23407, 0.030030539259314537, 2.9865076541900635
36, -1.8590196254081093, 2, 11.237605285830796, 87, 23494, 23494, 0.029585454612970352, 2.9897801876068115
37, -0.4450830945279449, 4, 40.1711323778145, 323, 23817, 23817, 0.029258979484438896, 2.998882532119751
38, 0.7208472335642, 4, 40.16570526314899, 323, 24140, 24140, 0.029762450605630875, 3.01432728767395
39, -0.03213484652860643, 4, 40.178571122232825, 323, 24463, 24463, 0.030625823885202408, 3.0238475799560547
40, -0.31003304896876216, 4, 40.185904713347554, 324, 24787, 24787, 0.029044141992926598, 3.0412251949310303
41, -0.34538846820942126, 4, 40.08153244201094, 322, 25109, 25109, 0.027010396122932434, 3.04056978225708
42, -5.038844179478474, 2, 25.887312380131334, 207, 25316, 25316, 0.026274222880601883, 3.0384979248046875
43, 0.8842379163615988, 4, 40.07669912092388, 323, 25639, 25639, 0.02739781141281128, 3.0306780338287354
44, -2.553705534664914, 2, 7.450252564623952, 56, 25695, 25695, 0.02610928937792778, 3.05570650100708
45, -0.05432562048372347, 4, 40.16033855592832, 323, 26018, 26018, 0.02595854178071022, 3.0492660999298096
46, -2.4337481565307826, 2, 7.608952847309411, 58, 26076, 26076, 0.025128034874796867, 3.047999143600464
47, -3.101752645452507, 2, 8.777526226826012, 67, 26143, 26143, 0.025613725185394287, 3.0797080993652344
48, -0.1106111589288048, 4, 40.07241765875369, 322, 26465, 26465, 0.028520870953798294, 3.062129259109497
49, -4.359868664760143, 2, 5.663775593973696, 42, 26507, 26507, 0.02833804115653038, 3.070690631866455
50, -3.687012275034249, 2, 14.84520065318793, 116, 26623, 26623, 0.026228301227092743, 3.051374912261963
51, -4.427061739144847, 2, 22.920329643879086, 183, 26806, 26806, 0.02654007263481617, 3.080204486846924
52, -3.0002275832230225, 2, 6.064589795190841, 45, 26851, 26851, 0.026432901620864868, 3.0792253017425537
53, -2.015713667147793, 2, 8.528176452964544, 65, 26916, 26916, 0.02781536616384983, 3.062182903289795
54, -2.6233906684210524, 2, 7.380867613013834, 56, 26972, 26972, 0.02842383272945881, 3.046170711517334
55, -0.47551347174157854, 4, 40.09200217900798, 323, 27295, 27295, 0.02628994546830654, 3.0761332511901855
56, 1.3813992330251494, 4, 40.14503857027739, 323, 27618, 27618, 0.02641426958143711, 3.0828115940093994
57, -3.5329936975613236, 2, 11.683530662208796, 91, 27709, 27709, 0.025880685076117516, 3.084165573120117
58, -3.2275076844962314, 2, 32.70879968209192, 263, 27972, 27972, 0.02687564119696617, 3.0787689685821533
59, -3.2458554905169876, 2, 36.76067088730633, 296, 28268, 28268, 0.026639362797141075, 3.100419044494629
60, -0.9255779726408946, 4, 40.07696095202118, 323, 28591, 28591, 0.025600401684641838, 3.1147375106811523
61, -1.163213184045162, 4, 40.11075024586171, 324, 28915, 28915, 0.026704413816332817, 3.1228296756744385
62, -2.666822263272479, 2, 10.446813700255007, 80, 28995, 28995, 0.02358090877532959, 3.1015079021453857
63, -3.322266218950972, 2, 8.044095421209931, 61, 29056, 29056, 0.02296086959540844, 3.1288015842437744
64, -1.5096185591537505, 2, 13.902236431837082, 109, 29165, 29165, 0.02469664067029953, 3.133716583251953
65, 0.03571173190721311, 4, 40.13002450019121, 323, 29488, 29488, 0.02449888177216053, 3.1396560668945312
66, -2.652582929818891, 2, 30.26263365196064, 242, 29730, 29730, 0.024001285433769226, 3.1536803245544434
67, -2.290173284476623, 2, 8.023688504938036, 61, 29791, 29791, 0.028984634205698967, 3.158705711364746
68, -2.8748500195797533, 2, 5.80277188308537, 43, 29834, 29834, 0.024259084835648537, 3.1328132152557373
69, -2.7329196681967005, 2, 25.516412474680692, 204, 30038, 30038, 0.024769917130470276, 3.150895357131958
70, -3.6086385919479653, 2, 5.358691928908229, 39, 30077, 30077, 0.023444658145308495, 3.1611902713775635
71, -0.9093411197300156, 2, 17.920974639244378, 141, 30218, 30218, 0.022025469690561295, 3.1531083583831787
72, -2.160882626005332, 2, 12.563605891074985, 98, 30316, 30316, 0.026596013456583023, 3.133206367492676
73, -3.755357762100175, 2, 5.187937723938376, 38, 30354, 30354, 0.02229783684015274, 3.134554862976074
74, -0.6978754028968979, 2, 14.909736218862236, 117, 30471, 30471, 0.02211931347846985, 3.1588284969329834
75, -0.5197649756446481, 4, 40.09201215906069, 322, 30793, 30793, 0.024133821949362755, 3.1726207733154297
76, -2.0160921027418226, 2, 7.004827287048101, 53, 30846, 30846, 0.02467172034084797, 3.1448261737823486
77, 1.2637703540094662, 4, 40.11912606609985, 322, 31168, 31168, 0.024258306249976158, 3.155467987060547
78, -0.8108614513403154, 2, 38.705785838887095, 311, 31479, 31479, 0.022856980562210083, 3.1587624549865723
79, -3.001505790511146, 2, 7.708519688807428, 58, 31537, 31537, 0.021941807121038437, 3.14341402053833
80, -3.782207967946306, 2, 10.086834655608982, 78, 31615, 31615, 0.024241894483566284, 3.1545026302337646
81, 2.132667601603316, 4, 40.06799132376909, 322, 31937, 31937, 0.023215191438794136, 3.1669015884399414
82, -3.0463852677785326, 2, 5.6786894630640745, 42, 31979, 31979, 0.022214487195014954, 3.1570303440093994
83, -2.962900736136362, 2, 7.075570508372039, 53, 32032, 32032, 0.01920720748603344, 3.169400215148926
84, -2.80313704139553, 2, 5.902391211129725, 44, 32076, 32076, 0.024473370984196663, 3.1713266372680664
85, -3.059813880827278, 2, 5.543693944811821, 41, 32117, 32117, 0.020612431690096855, 3.165642261505127
86, 0.5839415079171886, 4, 40.074025833047926, 321, 32438, 32438, 0.023990580812096596, 3.162259101867676
87, -1.7274804339831462, 2, 12.02218577079475, 94, 32532, 32532, 0.022438863292336464, 3.182051658630371
88, -1.1351921920868335, 4, 40.149972539860755, 323, 32855, 32855, 0.022180473431944847, 3.1655545234680176
89, -2.196751138137188, 2, 8.18421813705936, 62, 32917, 32917, 0.02180607058107853, 3.1910383701324463
90, -2.341256302312104, 2, 28.363894688896835, 226, 33143, 33143, 0.02468886971473694, 3.171860694885254
91, -1.1661925061598595, 2, 14.081874462310225, 110, 33253, 33253, 0.021101979538798332, 3.167754650115967
92, -1.964267440722324, 2, 22.016753762960434, 175, 33428, 33428, 0.02291950024664402, 3.166449546813965
93, -1.5204390833387151, 2, 28.809310727287084, 230, 33658, 33658, 0.022399237379431725, 3.177297353744507
94, -3.1642967481166124, 2, 5.680099478922784, 42, 33700, 33700, 0.019792065024375916, 3.1724493503570557
95, 0.8129043050685141, 4, 40.055783762130886, 322, 34022, 34022, 0.023102881386876106, 3.175098180770874
96, 0.15933006721024867, 4, 40.088093894999474, 322, 34344, 34344, 0.020443199202418327, 3.191938877105713
97, -0.2449868752155453, 4, 40.159712286200374, 323, 34667, 34667, 0.02247273363173008, 3.191586494445801
98, -2.466613481286913, 2, 7.667450453154743, 58, 34725, 34725, 0.019058190286159515, 3.2070059776306152
99, 2.984165094290802, 4, 40.06576387491077, 321, 35046, 35046, 0.022259408608078957, 3.1947238445281982
100, -2.6042910140240565, 2, 7.269418498966843, 55, 35101, 35101, 0.02015594206750393, 3.2017934322357178
101, -2.6879825319629163, 2, 5.2866126219742, 39, 35140, 35140, 0.01900920644402504, 3.182532787322998
102, -1.386510379896663, 2, 11.761704723816365, 91, 35231, 35231, 0.021315665915608406, 3.2033023834228516
103, -3.3359000789932907, 2, 4.80243837274611, 35, 35266, 35266, 0.02293330617249012, 3.2082085609436035
104, -1.0370747911802027, 4, 40.14943821541965, 323, 35589, 35589, 0.020605633035302162, 3.1959598064422607
105, -1.50321697525942, 2, 13.832481286954135, 108, 35697, 35697, 0.021342145279049873, 3.1795654296875
106, -1.731275396887213, 2, 8.518619830720127, 65, 35762, 35762, 0.020227348431944847, 3.172470808029175
107, -1.4012417265912518, 2, 8.90022550104186, 68, 35830, 35830, 0.023398084565997124, 3.1931204795837402
108, 2.104484618609888, 4, 40.16378825483844, 322, 36152, 36152, 0.02005082555115223, 3.1821820735931396
109, -1.1135871233418584, 2, 16.225496695376933, 128, 36280, 36280, 0.020812487229704857, 3.18560528755188
110, 0.2082424746513425, 4, 40.10305322194472, 323, 36603, 36603, 0.02029508911073208, 3.1822052001953125
111, 0.8928356974356575, 4, 40.16141264233738, 323, 36926, 36926, 0.019698936492204666, 3.1805994510650635
112, -1.089510123594664, 4, 40.13833325682208, 323, 37249, 37249, 0.020746177062392235, 3.179236650466919
113, -2.0080607111340214, 2, 37.22336950013414, 299, 37548, 37548, 0.01952250674366951, 3.178330659866333
114, -1.2248952324152924, 2, 22.805047774221748, 181, 37729, 37729, 0.020884646102786064, 3.179215431213379
115, 0.18963144629196904, 4, 40.151753418147564, 323, 38052, 38052, 0.019200095906853676, 3.1733055114746094
116, -3.1949194550979882, 2, 6.69052254781127, 50, 38102, 38102, 0.01915614865720272, 3.152951717376709
117, -2.215126111834252, 2, 31.315524394158274, 251, 38353, 38353, 0.019073206931352615, 3.1555278301239014
118, 0.446261993231019, 4, 40.15054004685953, 322, 38675, 38675, 0.018844760954380035, 3.1515085697174072
119, 1.8867344667560246, 4, 40.085445111151785, 322, 38997, 38997, 0.019447460770606995, 3.157552480697632
120, -2.3109399813693017, 2, 7.290434853173792, 55, 39052, 39052, 0.018104461953043938, 3.150566577911377
121, 1.2792885806047707, 4, 40.143828256987035, 323, 39375, 39375, 0.020350288599729538, 3.151805877685547
122, 1.7985331906711508, 4, 40.11756748519838, 322, 39697, 39697, 0.019006948918104172, 3.1537444591522217
123, 2.0109898606024217, 4, 40.162135371007025, 323, 40020, 40020, 0.01887316070497036, 3.150160551071167
124, -0.06890540680615231, 2, 18.195218577980995, 144, 40164, 40164, 0.020281009376049042, 3.149973154067993
125, 0.0999145527894143, 4, 40.090344296302646, 323, 40487, 40487, 0.01921391673386097, 3.127359390258789
126, -2.263685295940377, 2, 19.18491870816797, 151, 40638, 40638, 0.018971454352140427, 3.1555609703063965
127, -0.7131217274436494, 2, 14.951172815170139, 117, 40755, 40755, 0.017531337216496468, 3.133118152618408
128, -3.160308011203597, 2, 35.57602194789797, 285, 41040, 41040, 0.018875496461987495, 3.130601167678833
129, 1.069957530404281, 4, 40.15994106698781, 322, 41362, 41362, 0.01886908896267414, 3.132077693939209
130, -3.7961889160797, 2, 6.182857319712639, 46, 41408, 41408, 0.020433295518159866, 3.132577657699585
131, -1.6064691243227571, 2, 7.776550259906799, 59, 41467, 41467, 0.0205556470900774, 3.1466569900512695
132, -2.237977028620662, 2, 21.842737055849284, 173, 41640, 41640, 0.018721986562013626, 3.118990659713745
133, -0.9839854118999938, 2, 24.363931372761726, 193, 41833, 41833, 0.019813423976302147, 3.1094253063201904
134, 2.382899427699158, 4, 40.17006274079904, 323, 42156, 42156, 0.018034720793366432, 3.1201062202453613
135, -1.499666883260943, 2, 24.78227300196886, 196, 42352, 42352, 0.018592756241559982, 3.1049721240997314
136, -0.5882035379763693, 2, 13.100639856886119, 102, 42454, 42454, 0.020177941769361496, 3.1184866428375244
137, -3.2252476301509887, 2, 8.017474764026701, 61, 42515, 42515, 0.01699632778763771, 3.1171939373016357
138, -1.2646182856369705, 2, 21.145029903855175, 168, 42683, 42683, 0.017849557101726532, 3.111776351928711
139, -1.5601796901210037, 2, 19.234109471086413, 152, 42835, 42835, 0.017982563003897667, 3.100287675857544
140, -1.6853864660733962, 2, 26.96992725878954, 214, 43049, 43049, 0.01701674982905388, 3.093787670135498
141, -1.6172077971277758, 2, 11.452780360821635, 89, 43138, 43138, 0.018880527466535568, 3.1013424396514893
142, -4.1413628773298115, 2, 4.782691990956664, 34, 43172, 43172, 0.01685970649123192, 3.097560405731201
143, -1.3646044064007583, 2, 12.942162435036153, 101, 43273, 43273, 0.016198154538869858, 3.0881705284118652
144, -2.188053012585442, 2, 13.629704718943685, 106, 43379, 43379, 0.017514286562800407, 3.0865023136138916
145, -1.6651866607171542, 2, 20.217294269241393, 160, 43539, 43539, 0.017425742000341415, 3.075732469558716
146, -3.6588949994184077, 2, 6.658126307185739, 50, 43589, 43589, 0.017216110602021217, 3.075683355331421
147, -4.0872219586744905, 2, 6.325669730082154, 47, 43636, 43636, 0.021147919818758965, 3.0519068241119385
148, 2.02022914382178, 4, 40.09643597714603, 322, 43958, 43958, 0.01712883822619915, 3.072427749633789
149, -0.5791722361536813, 2, 14.597513153683394, 114, 44072, 44072, 0.018473654985427856, 3.073596954345703
150, -3.726745244814083, 2, 5.325604929123074, 39, 44111, 44111, 0.01581728830933571, 3.0864269733428955
151, -2.563526983023621, 2, 6.8167000389657915, 51, 44162, 44162, 0.018107131123542786, 3.087905168533325
152, -1.0850455857580528, 2, 10.380475988145918, 80, 44242, 44242, 0.018029604107141495, 3.0881688594818115
153, 0.4428855128935538, 4, 40.08478364907205, 322, 44564, 44564, 0.017915910109877586, 3.0711941719055176
154, -1.6730289937695488, 2, 10.444705227855593, 81, 44645, 44645, 0.018472597002983093, 3.084634780883789
155, -1.6144022204825887, 2, 29.88614912610501, 238, 44883, 44883, 0.017566079273819923, 3.0674550533294678
156, -0.750865334757691, 2, 24.751377326902002, 196, 45079, 45079, 0.017277369275689125, 3.06895112991333
157, -0.6645504089628957, 4, 40.10842658998445, 323, 45402, 45402, 0.01815919578075409, 3.0548436641693115
158, -3.2897130321944132, 2, 6.547839522827417, 49, 45451, 45451, 0.020113982260227203, 3.0734457969665527
159, -1.4524591596564278, 2, 13.580849124118686, 106, 45557, 45557, 0.01629183627665043, 3.048454523086548
160, -0.9122378630218009, 2, 25.161848907824606, 200, 45757, 45757, 0.01921258121728897, 3.055253028869629
161, -1.8011922547448194, 2, 39.67296195589006, 318, 46075, 46075, 0.017132116481661797, 3.047224283218384
162, 0.4094907589023933, 4, 40.085134158842266, 322, 46397, 46397, 0.01737165078520775, 3.0297529697418213
163, 0.8128606595309975, 4, 40.14311364199966, 323, 46720, 46720, 0.017304416745901108, 3.0417745113372803
164, 0.7017834379803389, 4, 40.08139518275857, 323, 47043, 47043, 0.01850789226591587, 3.0397708415985107
165, -2.2908339608966344, 2, 13.639699906110764, 106, 47149, 47149, 0.017049657180905342, 3.0450258255004883
166, -2.036684502480057, 2, 25.99418568611145, 207, 47356, 47356, 0.01748305931687355, 3.035874605178833
167, -1.0043744209688157, 2, 11.098925066180527, 86, 47442, 47442, 0.018875597044825554, 3.030266761779785
168, -0.3393216926342575, 2, 20.520708369091153, 162, 47604, 47604, 0.016813643276691437, 3.0361976623535156
169, -1.9935092445230111, 2, 10.430892911739647, 81, 47685, 47685, 0.015846481546759605, 3.032754898071289
170, -1.353875991422683, 2, 8.75528071494773, 67, 47752, 47752, 0.01750192418694496, 3.0309627056121826
171, -2.1158487582579255, 2, 8.228747337125242, 63, 47815, 47815, 0.01663856767117977, 3.031156539916992
172, -1.0926882304556784, 2, 17.697959976736456, 140, 47955, 47955, 0.016827493906021118, 3.0258266925811768
173, -2.416804912732914, 2, 6.678621127735823, 50, 48005, 48005, 0.018191121518611908, 2.997825860977173
174, -2.185629348270595, 2, 14.421040870714933, 113, 48118, 48118, 0.01809067837893963, 3.011977434158325
175, -2.0160092238511425, 2, 24.55838054791093, 196, 48314, 48314, 0.017214015126228333, 3.0040194988250732
176, -1.8262777040872606, 2, 29.294626998715103, 234, 48548, 48548, 0.017926743254065514, 3.001037120819092
177, -0.7089074694085866, 2, 8.970522130373865, 69, 48617, 48617, 0.018285105004906654, 3.014631748199463
178, -0.38401816866826266, 2, 10.403865247033536, 80, 48697, 48697, 0.015569871291518211, 3.013969898223877
179, 0.7836842914693989, 4, 40.1324983430095, 323, 49020, 49020, 0.016559576615691185, 3.0082931518554688
180, -2.018670483240385, 2, 19.814891370013356, 157, 49177, 49177, 0.016339199617505074, 3.006207227706909
181, -2.4851807289524004, 2, 8.030349414329976, 61, 49238, 49238, 0.015601753257215023, 2.999681234359741
182, 0.9159445764489647, 4, 40.07960970886052, 322, 49560, 49560, 0.01718544214963913, 2.9994120597839355
183, 0.024630455645819893, 4, 40.1275573419407, 322, 49882, 49882, 0.01643875427544117, 3.0014564990997314
184, -1.1758925071626436, 2, 19.270132984034717, 152, 50034, 50034, 0.01613210141658783, 2.9776484966278076
185, -0.9168594041220786, 2, 26.89948535291478, 214, 50248, 50248, 0.017069624736905098, 2.98203706741333
186, 2.6331455629697302, 4, 40.15407702000812, 323, 50571, 50571, 0.017328526824712753, 2.9889070987701416
187, 1.675070925441105, 4, 40.162151674274355, 323, 50894, 50894, 0.016909567639231682, 2.989104747772217
188, -2.5076108974171802, 2, 31.30604972783476, 251, 51145, 51145, 0.017698198556900024, 2.980363607406616
189, -0.7756903779227287, 4, 40.15483526606113, 323, 51468, 51468, 0.017429640516638756, 2.982541799545288
190, -3.6084880935159163, 2, 20.987323720008135, 167, 51635, 51635, 0.0185855720192194, 2.988456964492798
191, -0.40896534142666496, 2, 29.05480165919289, 232, 51867, 51867, 0.015177614986896515, 2.968024492263794
192, -2.4226683187298477, 2, 7.648650859948248, 58, 51925, 51925, 0.01602979749441147, 2.9509425163269043
193, -1.2992973050568253, 2, 13.471175755374134, 105, 52030, 52030, 0.016676558181643486, 2.9514641761779785
194, -0.83581843288448, 2, 22.582033415790647, 179, 52209, 52209, 0.014997637830674648, 2.9561476707458496
195, -3.4225546300876886, 2, 8.902448063716292, 68, 52277, 52277, 0.017107822000980377, 2.981048822402954
196, -2.0007106101656973, 2, 26.287932361010462, 209, 52486, 52486, 0.0163556020706892, 2.9493045806884766
197, -0.3656595628708601, 2, 28.620140581857413, 229, 52715, 52715, 0.016435062512755394, 2.9535770416259766
198, -1.5747422331478447, 2, 9.886015698779374, 76, 52791, 52791, 0.01660941168665886, 2.96193265914917
199, -1.4585335716838017, 2, 11.122687501832843, 86, 52877, 52877, 0.01624264195561409, 2.960075616836548
200, -1.0651294420240447, 2, 14.411397464107722, 113, 52990, 52990, 0.015251291915774345, 2.9474921226501465
201, -0.45737776649184525, 2, 9.445791968144476, 73, 53063, 53063, 0.01799752190709114, 2.9326300621032715
202, 1.7505286067316774, 4, 40.129049193579704, 323, 53386, 53386, 0.01682678982615471, 2.946744203567505
203, -2.3192118844563083, 2, 15.96561260893941, 125, 53511, 53511, 0.018229713663458824, 2.9379429817199707
204, 0.4073522945982404, 4, 40.086964051704854, 322, 53833, 53833, 0.016545383259654045, 2.9381911754608154
205, -1.600896202333388, 2, 14.692961947061121, 115, 53948, 53948, 0.018411939963698387, 2.931013345718384
206, 0.43731392140034586, 4, 40.163672706112266, 323, 54271, 54271, 0.016256829723715782, 2.928344488143921
207, -0.5625499212037539, 2, 17.696976298000664, 140, 54411, 54411, 0.015457029454410076, 2.907443046569824
208, -1.0002688835847948, 2, 14.293612690176815, 111, 54522, 54522, 0.014639086090028286, 2.9207639694213867
209, -2.150225156568922, 2, 8.369799388106912, 64, 54586, 54586, 0.01447016466408968, 2.928151845932007
210, 2.7065259614755632, 4, 40.11743927793577, 322, 54908, 54908, 0.01598942279815674, 2.907050371170044
211, -0.07883316685911268, 2, 13.914515367243439, 109, 55017, 55017, 0.01804490201175213, 2.903301239013672
212, 1.8705001663447547, 4, 40.06751004233956, 322, 55339, 55339, 0.01672954484820366, 2.91703200340271
213, -2.2604305349414062, 2, 26.9587574461475, 215, 55554, 55554, 0.015629537403583527, 2.9000332355499268
214, -3.323108946555294, 2, 7.766503389924765, 59, 55613, 55613, 0.015213388949632645, 2.930263042449951
215, 2.648422616852258, 4, 40.15156740602106, 322, 55935, 55935, 0.016925549134612083, 2.897406816482544
216, 3.140449475758942, 4, 40.15955357113853, 322, 56257, 56257, 0.016640912741422653, 2.906590461730957
217, 2.692068984664729, 4, 40.137120079249144, 323, 56580, 56580, 0.016957715153694153, 2.9017488956451416
218, 0.022856662573758513, 2, 19.4363049948588, 154, 56734, 56734, 0.016553567722439766, 2.889519214630127
219, -1.5959047362302954, 2, 38.48350294306874, 308, 57042, 57042, 0.016218841075897217, 2.893566131591797
220, -0.8140154940920183, 2, 21.623475208878517, 172, 57214, 57214, 0.01707383431494236, 2.889791250228882
221, -1.0580198732604913, 2, 38.31115445960313, 308, 57522, 57522, 0.016807526350021362, 2.885467767715454
222, -2.8733462971867993, 2, 8.588487782981247, 65, 57587, 57587, 0.016316551715135574, 2.8664114475250244
223, -0.01913822857386549, 4, 40.10358873801306, 320, 57907, 57907, 0.01634054258465767, 2.882847785949707
224, -1.3049696299713105, 2, 13.155804242007434, 103, 58010, 58010, 0.016836775466799736, 2.86915922164917
225, 0.7157632482631016, 4, 40.19085039384663, 322, 58332, 58332, 0.016307706013321877, 2.8711910247802734
226, -0.14906299424910685, 2, 18.471222896128893, 146, 58478, 58478, 0.016438327729701996, 2.8626811504364014
227, -2.5059260173184157, 2, 18.90362791204825, 149, 58627, 58627, 0.015967965126037598, 2.839097023010254
228, -0.5664664426003583, 2, 31.41662862384692, 251, 58878, 58878, 0.014967246912419796, 2.857180595397949
229, -1.8071150303585455, 2, 16.251927870791405, 128, 59006, 59006, 0.015773940831422806, 2.841533899307251
230, 0.5979275954741752, 4, 40.123508099932224, 322, 59328, 59328, 0.01601516082882881, 2.849069118499756
231, -2.195637876415276, 2, 26.51906797569245, 211, 59539, 59539, 0.017950579524040222, 2.8516252040863037
232, -1.54809918988758, 2, 18.318173087202013, 144, 59683, 59683, 0.016489386558532715, 2.84132719039917
233, -1.5244157278211787, 2, 22.15021238103509, 176, 59859, 59859, 0.015501626767218113, 2.835205316543579
234, -0.524683527380148, 2, 21.79230774194002, 173, 60032, 60032, 0.015834234654903412, 2.848142147064209
235, -0.8582896568404976, 2, 18.274015405215323, 144, 60176, 60176, 0.015160679817199707, 2.843409776687622
236, -2.4034249606011144, 2, 35.560647865757346, 285, 60461, 60461, 0.017039479687809944, 2.831500291824341
237, -1.782568394090049, 2, 13.855610583908856, 108, 60569, 60569, 0.014922677539288998, 2.8478128910064697
238, -1.0782473367798957, 2, 18.352534449193627, 144, 60713, 60713, 0.015331223607063293, 2.8381035327911377
239, -3.516282839816995, 2, 6.575302026234567, 49, 60762, 60762, 0.01908916048705578, 2.8308210372924805
240, -0.6253030371153727, 2, 17.916946686804295, 141, 60903, 60903, 0.01631457917392254, 2.8383562564849854
241, -0.9500826633884571, 2, 17.206444767303765, 135, 61038, 61038, 0.014808117412030697, 2.82026743888855
242, 2.081819995524711, 4, 40.102651997003704, 319, 61357, 61357, 0.015940772369503975, 2.830129623413086
243, -4.078055683290586, 2, 34.85096667567268, 280, 61637, 61637, 0.0161063801497221, 2.8208911418914795
244, -1.3485111396366847, 2, 25.372817221097648, 202, 61839, 61839, 0.015834640711545944, 2.818532705307007
245, -0.14404878060986448, 4, 40.17047083005309, 323, 62162, 62162, 0.015254013240337372, 2.811619281768799
246, -3.852474263170734, 2, 6.107084095012397, 45, 62207, 62207, 0.014830799773335457, 2.8169150352478027
247, -3.0719016393413767, 2, 7.187358603812754, 54, 62261, 62261, 0.015704108402132988, 2.799069404602051
248, -1.3895706937978503, 2, 29.821147630922496, 237, 62498, 62498, 0.015663262456655502, 2.7895936965942383
249, -1.5164322302830442, 2, 35.1806659293361, 282, 62780, 62780, 0.015606164932250977, 2.7940890789031982
250, -0.8674770441721193, 2, 13.82076405081898, 108, 62888, 62888, 0.014460710808634758, 2.8213815689086914
251, -0.5698704731621547, 2, 30.396239303052425, 243, 63131, 63131, 0.01514255627989769, 2.798596143722534
252, -1.9903821734260418, 2, 29.195903156884015, 233, 63364, 63364, 0.016120608896017075, 2.800300121307373
253, -0.6988428339827806, 2, 24.49519629823044, 195, 63559, 63559, 0.014812980778515339, 2.8060452938079834
254, -2.783654149272479, 2, 6.782465125899762, 51, 63610, 63610, 0.01651613786816597, 2.7801804542541504
255, -2.9631038362858817, 2, 7.566456244327128, 57, 63667, 63667, 0.013671805150806904, 2.8070430755615234
256, -0.9071791106543969, 2, 26.922045062296093, 215, 63882, 63882, 0.01574598252773285, 2.788548469543457
257, -1.9930824060284067, 2, 35.85049515217543, 287, 64169, 64169, 0.016017090529203415, 2.784864664077759
258, -1.1902553503168747, 2, 11.725886169821024, 90, 64259, 64259, 0.015874162316322327, 2.7807631492614746
259, -1.3705132385948673, 2, 20.509198577143252, 162, 64421, 64421, 0.015311733819544315, 2.784334897994995
260, -1.4956748937493103, 2, 30.009664142969996, 238, 64659, 64659, 0.014475395902991295, 2.7795798778533936
261, -1.8081185135924898, 2, 27.39907419262454, 217, 64876, 64876, 0.015408454462885857, 2.7661871910095215
262, 0.05098384467419237, 2, 13.30911485105753, 104, 64980, 64980, 0.01713758148252964, 2.7846968173980713
263, -1.1987852582678897, 2, 14.955910673830658, 117, 65097, 65097, 0.013677436858415604, 2.778451442718506
264, -3.3291130741126835, 2, 7.035123168025166, 53, 65150, 65150, 0.016508901491761208, 2.7553889751434326
265, 0.12149530308670364, 2, 19.46794595895335, 154, 65304, 65304, 0.016143087297677994, 2.7484490871429443
266, 1.395998467800382, 4, 40.1711999559775, 322, 65626, 65626, 0.015321506187319756, 2.7755560874938965
267, 3.3692633161408594, 4, 40.160009890794754, 321, 65947, 65947, 0.015702996402978897, 2.764129877090454
268, -3.2355537294643, 2, 6.546387065667659, 49, 65996, 65996, 0.014140366576611996, 2.7431886196136475
269, -1.8952699286746792, 2, 18.259450553916395, 144, 66140, 66140, 0.016192356124520302, 2.7674944400787354
270, 2.974320242246904, 4, 40.086921548936516, 321, 66461, 66461, 0.01534230075776577, 2.746344804763794
271, 1.6365141376572865, 4, 40.12242419598624, 321, 66782, 66782, 0.015858808532357216, 2.753459930419922
272, 0.9829933749279007, 4, 40.086125786881894, 320, 67102, 67102, 0.015407118014991283, 2.7464306354522705
273, -0.33630937756970525, 2, 28.080678523052484, 223, 67325, 67325, 0.015889953821897507, 2.7321832180023193
274, -1.7722211447926384, 2, 26.676789223216474, 212, 67537, 67537, 0.014965053647756577, 2.747987747192383
275, 3.0861337199166883, 4, 40.1113237272948, 321, 67858, 67858, 0.015142402611672878, 2.7497928142547607
276, -0.9807816995307803, 2, 11.486594719812274, 89, 67947, 67947, 0.014883436262607574, 2.7422757148742676
277, -0.6256049910134607, 2, 28.11048098281026, 224, 68171, 68171, 0.014981250278651714, 2.7518277168273926
278, -0.4404184570303187, 2, 14.95202592201531, 117, 68288, 68288, 0.015663545578718185, 2.7132375240325928
279, -0.9405659845215268, 2, 21.26254692580551, 169, 68457, 68457, 0.014447399415075779, 2.727745294570923
280, -2.004965331638232, 2, 8.539082265924662, 65, 68522, 68522, 0.01451500691473484, 2.7353076934814453
281, -0.13578027018593275, 2, 23.1738907340914, 184, 68706, 68706, 0.01516424585133791, 2.7228965759277344
282, -0.8947272664518096, 2, 14.2955307289958, 112, 68818, 68818, 0.015220647677779198, 2.720369338989258
283, -2.6498577422462404, 2, 6.431148650124669, 48, 68866, 68866, 0.014787607826292515, 2.7456095218658447
284, -3.47192326025106, 2, 29.025210024323314, 232, 69098, 69098, 0.01579398103058338, 2.7240047454833984
285, -0.626054912339896, 2, 12.778457722160965, 99, 69197, 69197, 0.015787804499268532, 2.7270758152008057
286, -2.840551896719262, 2, 7.539571940898895, 57, 69254, 69254, 0.015509841032326221, 2.7152512073516846
287, 2.846985506648366, 4, 40.09060206403956, 321, 69575, 69575, 0.014631596393883228, 2.7176997661590576
288, 2.5202464216854423, 4, 40.147521479055285, 322, 69897, 69897, 0.014826272614300251, 2.719583034515381
289, 0.4107306960486312, 2, 26.96015445701778, 214, 70111, 70111, 0.016084328293800354, 2.721057891845703
290, -1.1796048758696998, 2, 20.86582268634811, 165, 70276, 70276, 0.01560138538479805, 2.7214691638946533
291, 1.7390860393043113, 4, 40.088408729061484, 323, 70599, 70599, 0.014125007204711437, 2.695167303085327
292, -3.3876466992660426, 2, 7.069069921039045, 53, 70652, 70652, 0.01474895142018795, 2.710150957107544
293, -0.9193356086834683, 2, 22.89228938659653, 180, 70832, 70832, 0.015807680785655975, 2.6956114768981934
294, 0.3960688505321741, 4, 40.15004804637283, 323, 71155, 71155, 0.014227882958948612, 2.7077860832214355
295, 2.708929207674373, 4, 40.173465005122125, 323, 71478, 71478, 0.015615589916706085, 2.7026984691619873
296, -2.0270279337419197, 2, 8.169492513407022, 62, 71540, 71540, 0.015341473743319511, 2.696310520172119
297, -3.6296262758551165, 2, 4.865463983733207, 35, 71575, 71575, 0.016424015164375305, 2.7155754566192627
298, -2.2722918775398284, 2, 5.625522827729583, 41, 71616, 71616, 0.01512411143630743, 2.694282293319702
299, -1.1355004962024395, 2, 24.63510078797117, 195, 71811, 71811, 0.013999109156429768, 2.7012386322021484
300, 0.39119226194452494, 4, 40.106229638680816, 322, 72133, 72133, 0.015244528651237488, 2.69674015045166
301, -0.8031450414855499, 2, 36.59120013937354, 293, 72426, 72426, 0.015349313616752625, 2.6935226917266846
302, -1.0361883763107471, 2, 14.697611697949469, 115, 72541, 72541, 0.014906139113008976, 2.692251205444336
303, -2.042783471988514, 2, 10.535893614869565, 81, 72622, 72622, 0.016228942200541496, 2.692004919052124
304, -1.2966455249115825, 2, 15.134576620068401, 119, 72741, 72741, 0.015206821262836456, 2.697749376296997
305, -1.4524712309867027, 2, 11.959675167687237, 93, 72834, 72834, 0.015956798568367958, 2.69113826751709
306, -0.5814756632025819, 2, 25.580371322110295, 203, 73037, 73037, 0.0144951855763793, 2.696263551712036
307, -1.39116320333369, 2, 14.303475001826882, 112, 73149, 73149, 0.014842869713902473, 2.679713726043701
308, 1.3246685853227973, 4, 40.14289549225941, 322, 73471, 73471, 0.01456267200410366, 2.6775708198547363
309, 1.4104372519523167, 4, 40.15358630614355, 322, 73793, 73793, 0.01556672528386116, 2.6849422454833984
310, -1.510566476468739, 2, 30.255508853122592, 241, 74034, 74034, 0.015213309787213802, 2.6868417263031006
311, -0.6586526350583881, 2, 13.607241435907781, 106, 74140, 74140, 0.01436561532318592, 2.6777400970458984
312, -1.4394222060218453, 2, 23.570603342726827, 187, 74327, 74327, 0.01528242975473404, 2.666879892349243
313, -1.2085633292153943, 2, 23.468280331697315, 186, 74513, 74513, 0.01375309657305479, 2.679243564605713
314, -1.4962575036333874, 2, 18.01466879528016, 141, 74654, 74654, 0.014799229800701141, 2.6757659912109375
315, 0.8025172160123475, 4, 40.12352394592017, 322, 74976, 74976, 0.014989469200372696, 2.6651699542999268
316, -2.8190704303742677, 2, 36.08270320203155, 289, 75265, 75265, 0.0147458016872406, 2.6621432304382324
317, -1.7352027088636532, 2, 11.602804808877409, 90, 75355, 75355, 0.016366448253393173, 2.6480464935302734
318, -1.759933359338902, 2, 9.541018472984433, 73, 75428, 75428, 0.014016051776707172, 2.65777587890625
319, -2.091629687092791, 2, 20.889466885011643, 165, 75593, 75593, 0.014547259546816349, 2.6662509441375732
320, -0.9428928082343191, 2, 12.654371353797615, 98, 75691, 75691, 0.01370195671916008, 2.647535562515259
321, -0.7540323020293727, 2, 19.34186634188518, 153, 75844, 75844, 0.01490852702409029, 2.6430585384368896
322, -3.1779915804509073, 2, 6.4567740061320364, 48, 75892, 75892, 0.01824519783258438, 2.6467206478118896
323, -1.2635593024315313, 2, 17.901882898062468, 141, 76033, 76033, 0.015405465848743916, 2.6604716777801514
324, -0.9355621517170221, 2, 13.240478280931711, 103, 76136, 76136, 0.014743322506546974, 2.659573793411255
325, -0.3250375817879103, 2, 18.12642235821113, 143, 76279, 76279, 0.014707803726196289, 2.6525022983551025
326, -3.255566950807122, 2, 31.205714666750282, 249, 76528, 76528, 0.015460645779967308, 2.654060125350952
327, -2.252297793980688, 2, 7.911373064853251, 60, 76588, 76588, 0.01430971547961235, 2.639615774154663
328, -2.5238457155428478, 2, 22.26940651424229, 177, 76765, 76765, 0.014492749236524105, 2.641045093536377
329, -1.6155491245444864, 2, 11.29801478004083, 87, 76852, 76852, 0.015045003965497017, 2.6492300033569336
330, -0.5956103163262014, 2, 25.006061897147447, 199, 77051, 77051, 0.015569890849292278, 2.6382763385772705
331, 2.222809198414325, 4, 40.15599931171164, 322, 77373, 77373, 0.014795800670981407, 2.6427454948425293
332, 1.8736821828988468, 4, 40.08918773988262, 321, 77694, 77694, 0.014763891696929932, 2.647979736328125
333, -3.6065012321341783, 2, 6.25410039909184, 46, 77740, 77740, 0.013655165210366249, 2.6205599308013916
334, 1.4997556446687668, 4, 40.082626088988036, 321, 78061, 78061, 0.01400518137961626, 2.6412882804870605
335, -0.2418124908763275, 2, 27.67249087570235, 220, 78281, 78281, 0.015305043198168278, 2.648712158203125
336, -1.071844502352178, 2, 23.991738783195615, 190, 78471, 78471, 0.01396594662219286, 2.6364550590515137
337, -0.1926806850678986, 4, 40.138239504769444, 322, 78793, 78793, 0.015012342482805252, 2.6284871101379395
338, -3.349226128309965, 2, 7.303948554210365, 55, 78848, 78848, 0.017032520845532417, 2.6268348693847656
339, -3.9634395766770467, 2, 32.42201097914949, 259, 79107, 79107, 0.015036107040941715, 2.627368450164795
340, -1.0379821644055482, 2, 27.316153458785266, 217, 79324, 79324, 0.015177610330283642, 2.6283621788024902
341, -1.2641926479991525, 2, 9.755027148872614, 75, 79399, 79399, 0.01659373566508293, 2.649662971496582
342, -0.5888144535038009, 2, 24.072018840815872, 191, 79590, 79590, 0.015325337648391724, 2.6130828857421875
343, -1.9477375015922007, 2, 21.742027380969375, 172, 79762, 79762, 0.015498328022658825, 2.604602098464966
344, -0.7140110470791114, 2, 21.772060298826545, 172, 79934, 79934, 0.015152550302445889, 2.622112274169922
345, -0.7523910774325486, 2, 18.54657538793981, 146, 80080, 80080, 0.015522042289376259, 2.6245291233062744
346, -1.3087523389003763, 2, 16.956146341748536, 133, 80213, 80213, 0.014985884539783001, 2.633664608001709
347, -0.5932931841025493, 2, 17.262884153053164, 136, 80349, 80349, 0.014389639720320702, 2.6207141876220703
348, -0.23072669265093282, 2, 20.511690265033394, 163, 80512, 80512, 0.015778353437781334, 2.622385025024414
349, -0.8421517214737833, 2, 13.351840442046523, 104, 80616, 80616, 0.015797723084688187, 2.626878261566162
350, -0.5853221231952261, 2, 34.025044222828, 273, 80889, 80889, 0.015522480010986328, 2.6087114810943604
351, -0.8216919119931845, 2, 29.725544835906476, 237, 81126, 81126, 0.015955597162246704, 2.620785713195801
352, 0.07278269928701775, 2, 19.90449023200199, 157, 81283, 81283, 0.016003979369997978, 2.597090482711792
353, -1.1026951030362397, 2, 11.96325801173225, 93, 81376, 81376, 0.015784261748194695, 2.614870548248291
354, -1.0409622950974153, 2, 31.392173008061945, 251, 81627, 81627, 0.01614362932741642, 2.6144726276397705
355, -1.7333983748176252, 2, 27.22711811074987, 215, 81842, 81842, 0.01645098440349102, 2.615025043487549
356, -1.953925110803084, 2, 18.303351566195488, 144, 81986, 81986, 0.016190022230148315, 2.6091394424438477
357, -1.9986087434699584, 2, 22.963313839863986, 182, 82168, 82168, 0.015263048000633717, 2.605644702911377
358, -0.9216843423200771, 2, 29.59081313991919, 236, 82404, 82404, 0.015157297253608704, 2.6055054664611816
359, 0.8903542675616336, 4, 40.1018974208273, 321, 82725, 82725, 0.015520046465098858, 2.595588207244873
360, 0.05312791078176815, 4, 40.13648094423115, 322, 83047, 83047, 0.015326048247516155, 2.5989913940429688
361, -1.0146826452837558, 2, 24.257812842726707, 192, 83239, 83239, 0.0156253632158041, 2.588428258895874
362, 2.357008407234389, 4, 40.17697974620387, 322, 83561, 83561, 0.014774855226278305, 2.5928030014038086
363, -3.2262418271275237, 2, 6.434472621884197, 48, 83609, 83609, 0.014775092713534832, 2.57253360748291
364, 3.223593584909395, 4, 40.09922260604799, 321, 83930, 83930, 0.015481669455766678, 2.5831856727600098
365, -0.4133575064533943, 2, 18.40855353185907, 145, 84075, 84075, 0.015415369533002377, 2.5928568840026855
366, -0.6644774243468419, 2, 17.549152072053403, 138, 84213, 84213, 0.016164716333150864, 2.5825092792510986
367, -0.5019505242053128, 2, 34.283797605894506, 273, 84486, 84486, 0.015289322473108768, 2.587958574295044
368, -0.7807512051431331, 2, 37.431726842187345, 300, 84786, 84786, 0.015029032714664936, 2.5849251747131348
369, -0.4491544117918238, 2, 14.780399736948311, 116, 84902, 84902, 0.016724294051527977, 2.5626442432403564
370, -1.0683830180205405, 2, 11.517884301021695, 89, 84991, 84991, 0.015779199078679085, 2.5815021991729736
371, -0.4496115147776436, 2, 22.643859202042222, 180, 85171, 85171, 0.015722038224339485, 2.581007480621338
372, -3.0838978252140805, 2, 31.37676572892815, 250, 85421, 85421, 0.014768852852284908, 2.568325996398926
373, -1.436760539538227, 2, 25.437246525194496, 202, 85623, 85623, 0.015900112688541412, 2.5657994747161865
374, -1.726636034261901, 2, 16.504563755821437, 129, 85752, 85752, 0.014844367280602455, 2.5511574745178223
375, -2.170492579229176, 2, 16.047900137025863, 126, 85878, 85878, 0.015517150983214378, 2.584702730178833
376, -2.090977225052484, 2, 38.26379797095433, 306, 86184, 86184, 0.015691790729761124, 2.576540231704712
377, 1.0305853771878901, 4, 40.07844843203202, 321, 86505, 86505, 0.016691941767930984, 2.5589380264282227
378, 1.118366000635433, 4, 40.1606193841435, 322, 86827, 86827, 0.016194144263863564, 2.563912868499756
379, -1.662278506119037, 2, 23.130690124817193, 183, 87010, 87010, 0.016627835109829903, 2.554941415786743
380, -0.12044573886669241, 2, 18.236161877866834, 144, 87154, 87154, 0.015913929790258408, 2.564422607421875
381, -1.1643460353370756, 2, 14.251552519854158, 111, 87265, 87265, 0.01568242721259594, 2.56424880027771
382, -3.9567192851100117, 2, 6.564706215169281, 49, 87314, 87314, 0.01749560423195362, 2.5533249378204346
383, -1.4615992543876928, 2, 23.00023050000891, 182, 87496, 87496, 0.0157039575278759, 2.5769717693328857
384, 0.93246867362177, 4, 40.10283867176622, 321, 87817, 87817, 0.01644061505794525, 2.5655767917633057
385, -2.3957876549684443, 2, 24.691622675396502, 196, 88013, 88013, 0.015567569062113762, 2.565121650695801
386, -2.200503712374484, 2, 38.004548945929855, 303, 88316, 88316, 0.015610870905220509, 2.5568082332611084
387, -0.07119818651335663, 4, 40.163889524992555, 322, 88638, 88638, 0.015529767610132694, 2.557213544845581
388, -3.3665737111587077, 2, 4.815960367210209, 35, 88673, 88673, 0.01721322536468506, 2.5696728229522705
389, 1.6470016787716304, 4, 40.086029200814664, 321, 88994, 88994, 0.015546700917184353, 2.550562620162964
390, -1.2626733015131322, 2, 16.31540565704927, 128, 89122, 89122, 0.01526255626231432, 2.549708366394043
391, 1.6111613501125248, 4, 40.093461607117206, 322, 89444, 89444, 0.015812139958143234, 2.5545711517333984
392, -1.684074615710415, 2, 14.223403859883547, 111, 89555, 89555, 0.01564769633114338, 2.5575311183929443
393, -0.4052026699646376, 2, 29.47184195416048, 234, 89789, 89789, 0.016197290271520615, 2.549501895904541
394, 1.6884438285196666, 4, 40.08937638020143, 320, 90109, 90109, 0.0153385940939188, 2.557548999786377
395, 1.9021915410994552, 4, 40.17561228107661, 322, 90431, 90431, 0.015571650117635727, 2.543398380279541
396, -3.392033562180586, 2, 5.239135353825986, 38, 90469, 90469, 0.014828920364379883, 2.553966760635376
397, 2.1881246984576137, 4, 40.14106904389337, 321, 90790, 90790, 0.016160931438207626, 2.552171468734741
398, -2.4836163122672588, 2, 8.89301637886092, 68, 90858, 90858, 0.016178691759705544, 2.55210542678833
399, -0.4041210173163563, 2, 18.155589679721743, 143, 91001, 91001, 0.015898223966360092, 2.530545473098755
400, -1.5594730523689577, 2, 36.05514125106856, 288, 91289, 91289, 0.016506575047969818, 2.554636001586914
401, 0.8079695475462358, 4, 40.160633739084005, 322, 91611, 91611, 0.015523109585046768, 2.5442426204681396
402, -0.4259686698205769, 2, 11.627680106088519, 90, 91701, 91701, 0.016984928399324417, 2.542266607284546
403, -2.3353034037863836, 2, 7.842232805211097, 59, 91760, 91760, 0.017361754551529884, 2.557583808898926
404, 2.4684090517112054, 4, 40.09112590178847, 322, 92082, 92082, 0.015818307176232338, 2.5412065982818604
405, 2.2668453820224386, 4, 40.149670326150954, 322, 92404, 92404, 0.016570204868912697, 2.5466055870056152
406, -2.5002722108038142, 2, 23.22877483209595, 184, 92588, 92588, 0.015838176012039185, 2.547347068786621
407, -1.5139786196523346, 2, 38.703419702127576, 310, 92898, 92898, 0.015781782567501068, 2.5429210662841797
408, -1.1575954749132507, 2, 31.593691932968795, 252, 93150, 93150, 0.017060725018382072, 2.545619010925293
409, -2.2101110543299, 2, 39.95682884613052, 320, 93470, 93470, 0.015679161995649338, 2.5346503257751465
410, -0.1681637092406163, 4, 40.07160708075389, 321, 93791, 93791, 0.01611434854567051, 2.5489697456359863
411, -2.859328925726004, 2, 7.176645237021148, 54, 93845, 93845, 0.017247598618268967, 2.5473034381866455
412, -1.257333948455198, 2, 21.129108381923288, 167, 94012, 94012, 0.016469020396471024, 2.533010721206665
413, -2.405047825042857, 2, 35.070180882234126, 280, 94292, 94292, 0.01627623289823532, 2.527531623840332
414, -1.4898379171208944, 2, 35.87251791777089, 287, 94579, 94579, 0.015666892752051353, 2.5538034439086914
415, -1.9424358846154064, 2, 10.989559557288885, 84, 94663, 94663, 0.01594381034374237, 2.5085904598236084
416, 2.104210916066222, 4, 40.12179671693593, 321, 94984, 94984, 0.016476133838295937, 2.523336887359619
417, -1.68160035524852, 2, 35.68577395332977, 285, 95269, 95269, 0.01605135016143322, 2.5329740047454834
418, -1.0270371447804791, 2, 34.361116589047015, 275, 95544, 95544, 0.01578417606651783, 2.52309513092041
419, 0.9726577239052858, 4, 40.14870514208451, 322, 95866, 95866, 0.016414199024438858, 2.532409191131592
420, -0.5440223867626628, 2, 20.250652064103633, 160, 96026, 96026, 0.016160305589437485, 2.5097262859344482
421, 3.102668535153498, 4, 40.156407345086336, 321, 96347, 96347, 0.016379036009311676, 2.522171974182129
422, -1.089045592729235, 2, 21.994820015039295, 174, 96521, 96521, 0.015845663845539093, 2.521169662475586
423, -0.8266040707821958, 2, 16.245144551154226, 127, 96648, 96648, 0.016357554122805595, 2.524901866912842
424, 0.45241064796027786, 4, 40.09022579994053, 321, 96969, 96969, 0.016126196831464767, 2.5262014865875244
425, -1.532558105100179, 2, 23.816788223106414, 189, 97158, 97158, 0.015648985281586647, 2.5231781005859375
426, -1.1211279675208061, 2, 36.38383075175807, 289, 97447, 97447, 0.016239982098340988, 2.529548168182373
427, 2.415490461338777, 4, 40.148323155008256, 321, 97768, 97768, 0.01650512032210827, 2.514634847640991
428, -2.958507979521528, 2, 7.332532898988575, 55, 97823, 97823, 0.016920696943998337, 2.5349674224853516
429, -2.5012540398056444, 2, 23.57515336293727, 187, 98010, 98010, 0.01753278635442257, 2.5232150554656982
430, 2.7319659776912886, 4, 40.159857482183725, 321, 98331, 98331, 0.016328535974025726, 2.5299205780029297
431, 2.617590775946155, 4, 40.13016572827473, 321, 98652, 98652, 0.015614157542586327, 2.5248425006866455
432, 2.3089451864070725, 4, 40.15423343004659, 322, 98974, 98974, 0.015799494460225105, 2.53424072265625
433, -3.5647799361031502, 2, 8.166552736889571, 62, 99036, 99036, 0.016645239666104317, 2.528284788131714
434, 0.23301192880785493, 4, 40.13893286976963, 322, 99358, 99358, 0.016241351142525673, 2.525404930114746
435, 2.1379051382973557, 4, 40.14499491872266, 322, 99680, 99680, 0.015686534345149994, 2.5300557613372803
436, 3.23721267010842, 4, 40.08192597795278, 321, 100001, 100001, 0.016330622136592865, 2.522878408432007
437, -2.171381745916733, 2, 37.479010180104524, 300, 100301, 100301, 0.016186080873012543, 2.5217041969299316
438, -1.4122423466178589, 2, 23.80679089203477, 189, 100490, 100490, 0.01613483391702175, 2.518965721130371
439, 2.3281083143374417, 4, 40.177201410755515, 322, 100812, 100812, 0.015850141644477844, 2.5073435306549072
440, 0.15307337173180713, 4, 40.11252063466236, 321, 101133, 101133, 0.016503214836120605, 2.5145106315612793
441, 1.3539084200710931, 4, 40.07511108415201, 321, 101454, 101454, 0.01670169085264206, 2.506930351257324
442, -1.6209322009854077, 2, 19.55038881395012, 154, 101608, 101608, 0.016816118732094765, 2.5027830600738525
443, 2.9317884907723055, 4, 40.094719343818724, 320, 101928, 101928, 0.01631905883550644, 2.5105276107788086
444, -1.4555298978448263, 2, 32.85497924592346, 262, 102190, 102190, 0.016138002276420593, 2.5080063343048096
445, -0.6715004607281116, 4, 40.07714352430776, 321, 102511, 102511, 0.015177667140960693, 2.497936487197876
446, 0.5669424967491068, 4, 40.09279554197565, 321, 102832, 102832, 0.015638720244169235, 2.506336212158203
447, -1.6826946665532887, 2, 8.41583318123594, 64, 102896, 102896, 0.015705516561865807, 2.48626708984375
448, 2.366382060019532, 4, 40.07232628809288, 320, 103216, 103216, 0.016240855678915977, 2.5043139457702637
449, -1.2646061082414235, 2, 30.333521253895015, 242, 103458, 103458, 0.016402993351221085, 2.5050230026245117
450, -0.9640137586284254, 2, 27.712255474179983, 219, 103677, 103677, 0.016476433724164963, 2.5066423416137695
451, -0.9963246209081262, 2, 11.650068865157664, 90, 103767, 103767, 0.017405642196536064, 2.4857230186462402
452, -0.7176586989153293, 2, 30.62620289204642, 244, 104011, 104011, 0.016662901267409325, 2.491708278656006
453, 2.8390729960992758, 4, 40.124087166041136, 321, 104332, 104332, 0.015539485961198807, 2.487266778945923
454, 1.5309571652885552, 4, 40.13897902099416, 319, 104651, 104651, 0.016369324177503586, 2.4852092266082764
455, -1.8505353017244488, 2, 10.276839850936085, 79, 104730, 104730, 0.017222659662365913, 2.4798333644866943
456, -2.5327032554123434, 2, 24.344325117766857, 193, 104923, 104923, 0.01689474657177925, 2.4870972633361816
457, -0.5050967324059457, 2, 25.397979313973337, 201, 105124, 105124, 0.016792867332696915, 2.4716556072235107
458, 1.5738369784739916, 4, 40.113780670799315, 321, 105445, 105445, 0.01604088582098484, 2.490478754043579
459, 3.436776141068549, 4, 40.05744396103546, 320, 105765, 105765, 0.015930568799376488, 2.4766128063201904
460, 1.8465224058018066, 4, 40.189648791681975, 323, 106088, 106088, 0.016212616115808487, 2.4799344539642334
461, 1.9201770152430981, 4, 40.135546224191785, 322, 106410, 106410, 0.016125641763210297, 2.4910597801208496
462, 2.3767338861507596, 4, 40.10597354918718, 321, 106731, 106731, 0.01572541706264019, 2.4731228351593018
463, 2.70323812541028, 4, 40.14647730998695, 321, 107052, 107052, 0.0158169474452734, 2.4852547645568848
464, -3.2181207361863926, 2, 6.333748715929687, 47, 107099, 107099, 0.016621101647615433, 2.4691357612609863
465, -0.6192486525978893, 2, 19.872642380185425, 157, 107256, 107256, 0.016730768606066704, 2.481290102005005
466, -1.4657197624765104, 2, 25.594788975082338, 204, 107460, 107460, 0.01690373569726944, 2.480466842651367
467, -2.197901977575384, 2, 12.325130881275982, 96, 107556, 107556, 0.017999958246946335, 2.480912208557129
468, 2.3972726385509304, 4, 40.19261878030375, 321, 107877, 107877, 0.017045017331838608, 2.477220296859741
469, 1.7962448626294645, 4, 40.090554057154804, 319, 108196, 108196, 0.016345907002687454, 2.455251932144165
470, 2.3626772138813976, 4, 40.04613256594166, 321, 108517, 108517, 0.0163040142506361, 2.478156805038452
471, 1.7346234406868462, 4, 40.1985974740237, 322, 108839, 108839, 0.016411736607551575, 2.4659547805786133
472, -0.9181964999297634, 2, 14.985601780936122, 117, 108956, 108956, 0.016756601631641388, 2.4570980072021484
473, 1.9279249077299028, 4, 40.13754610484466, 320, 109276, 109276, 0.01699649915099144, 2.465531826019287
474, -3.2837275214260444, 2, 22.574662254191935, 179, 109455, 109455, 0.015091249719262123, 2.4633753299713135
475, 1.7791461462184088, 4, 40.102440452203155, 320, 109775, 109775, 0.017230220139026642, 2.4663643836975098
476, -1.0247607306810096, 2, 12.588697967119515, 98, 109873, 109873, 0.014993718825280666, 2.472015142440796
477, 3.1868275746055588, 4, 40.075557639822364, 320, 110193, 110193, 0.015752475708723068, 2.470500946044922
478, -0.4754549483914161, 2, 20.703410305082798, 163, 110356, 110356, 0.015899477526545525, 2.470945358276367
479, -0.4972108084621141, 2, 20.027121800929308, 158, 110514, 110514, 0.016590002924203873, 2.464123487472534
480, -3.389105779584497, 2, 5.736539617180824, 42, 110556, 110556, 0.01665385439991951, 2.4864070415496826
481, 1.7671490161810652, 4, 40.18836882384494, 322, 110878, 110878, 0.016413886100053787, 2.4749937057495117
482, -1.521286952051014, 2, 29.475033360067755, 234, 111112, 111112, 0.01616632379591465, 2.4439971446990967
483, -2.7042144367005676, 2, 7.307834866922349, 55, 111167, 111167, 0.016890626400709152, 2.4448273181915283
484, -2.1370884218631545, 2, 33.22428864706308, 265, 111432, 111432, 0.016902165487408638, 2.4628145694732666
485, 1.7614120334619656, 4, 40.05999153293669, 321, 111753, 111753, 0.01617356389760971, 2.457839250564575
486, -3.3484523980878294, 2, 4.484581175260246, 32, 111785, 111785, 0.017632948234677315, 2.468965768814087
487, 2.6904897265922045, 4, 40.11053556762636, 321, 112106, 112106, 0.01626630127429962, 2.4582362174987793
488, 0.8084796837541717, 4, 40.1872627530247, 322, 112428, 112428, 0.01714635267853737, 2.458181142807007
489, 1.9079308220007078, 4, 40.11631974903867, 321, 112749, 112749, 0.01692308485507965, 2.4501821994781494
490, 0.14738144450166146, 4, 40.11892501823604, 320, 113069, 113069, 0.017151642590761185, 2.4594366550445557
491, -0.08903524631023174, 2, 27.572914095129818, 220, 113289, 113289, 0.017403986304998398, 2.438840627670288
492, 2.61680236592656, 4, 40.15000507514924, 322, 113611, 113611, 0.015952514484524727, 2.4469215869903564
493, 1.9544186108541908, 4, 40.081691483035684, 322, 113933, 113933, 0.016631020233035088, 2.450296401977539
494, -1.103273660835839, 2, 29.872401854023337, 238, 114171, 114171, 0.016884712502360344, 2.4423859119415283
495, -3.542721957550384, 2, 6.481613706797361, 48, 114219, 114219, 0.0174352265894413, 2.4457638263702393
496, -0.4936044972855598, 2, 24.158656775951385, 192, 114411, 114411, 0.016308818012475967, 2.4481735229492188
497, 1.5098181959692738, 4, 40.204624709207565, 322, 114733, 114733, 0.016713881865143776, 2.4487831592559814
498, -1.4197989833264728, 2, 34.34257014282048, 275, 115008, 115008, 0.015355703420937061, 2.4453134536743164
499, 1.3775955900346162, 4, 40.1037661312148, 322, 115330, 115330, 0.016302058473229408, 2.443671464920044
500, 2.109529158168698, 4, 40.16070257592946, 322, 115652, 115652, 0.01710573025047779, 2.444697618484497
501, -0.8018206318374723, 2, 27.85298416018486, 222, 115874, 115874, 0.01608206331729889, 2.4493019580841064
502, -2.130873879104911, 2, 14.463391790166497, 113, 115987, 115987, 0.01596241444349289, 2.4384403228759766
503, -5.750359063968062, 2, 4.204662095289677, 30, 116017, 116017, 0.020938659086823463, 2.4373016357421875
504, 1.5081252462987322, 4, 40.15293323015794, 322, 116339, 116339, 0.01693788170814514, 2.439908742904663
505, 1.95729465878685, 4, 40.10654989629984, 321, 116660, 116660, 0.017342565581202507, 2.437967300415039
506, -1.3352994440720067, 2, 33.39598503289744, 266, 116926, 116926, 0.017481915652751923, 2.4464967250823975
507, -2.588609250728041, 2, 6.222458263859153, 46, 116972, 116972, 0.01587815210223198, 2.447899103164673
508, 0.06226711169438204, 4, 40.052313277032226, 321, 117293, 117293, 0.016580160707235336, 2.436253547668457
509, -1.325543896527961, 2, 10.03431017883122, 76, 117369, 117369, 0.016774052754044533, 2.4120776653289795
510, -2.4764743159757927, 2, 11.528332905843854, 89, 117458, 117458, 0.01792982593178749, 2.429873466491699
511, 0.08053641207516193, 2, 14.70114412298426, 115, 117573, 117573, 0.017808424308896065, 2.4477028846740723
512, 1.3819834238320254, 4, 40.16450183093548, 321, 117894, 117894, 0.017193669453263283, 2.4213461875915527
513, 2.749495328433113, 4, 40.177577345166355, 322, 118216, 118216, 0.017037978395819664, 2.419426679611206
514, 0.06027680495753884, 4, 40.1517118900083, 321, 118537, 118537, 0.016543706879019737, 2.4192535877227783
515, 2.5047510468866676, 4, 40.10955167096108, 321, 118858, 118858, 0.016565727069973946, 2.406468391418457
516, 0.036435127491131425, 2, 13.389668364077806, 104, 118962, 118962, 0.01717587560415268, 2.4481239318847656
517, -1.6673953807767248, 2, 23.558895209804177, 187, 119149, 119149, 0.015787312760949135, 2.421368360519409
518, -1.8127434845082462, 2, 14.198789330665022, 111, 119260, 119260, 0.01819431409239769, 2.4170799255371094
519, 2.423851514715352, 4, 40.07980128796771, 321, 119581, 119581, 0.01629529520869255, 2.4145421981811523
520, -0.8496373904163192, 2, 29.25328634912148, 233, 119814, 119814, 0.016105463728308678, 2.4144303798675537
521, -0.7950070038496051, 2, 31.467341631185263, 250, 120064, 120064, 0.01707114465534687, 2.409846544265747
522, -1.3909672644804232, 2, 11.557617899030447, 87, 120151, 120151, 0.016214532777667046, 2.4319071769714355
523, 1.6158673787431326, 4, 39.90510863624513, 319, 120470, 120470, 0.01678325980901718, 2.4218294620513916
524, -3.2629743011202663, 2, 6.103571432176977, 45, 120515, 120515, 0.01696891151368618, 2.438771963119507
525, -1.24799074553448, 2, 39.14617804996669, 313, 120828, 120828, 0.016913047060370445, 2.4096219539642334
526, -1.2890973260145984, 2, 13.138937470968813, 102, 120930, 120930, 0.0189503263682127, 2.4261226654052734
527, 0.5997887953926693, 4, 40.07589822076261, 321, 121251, 121251, 0.017873836681246758, 2.4164326190948486
528, -0.8039002079167403, 2, 28.040687357075512, 223, 121474, 121474, 0.01836395636200905, 2.403825044631958
529, 2.572424613783369, 4, 40.19211885193363, 321, 121795, 121795, 0.01596037670969963, 2.409245014190674
530, 2.483622390369419, 4, 40.16808954812586, 322, 122117, 122117, 0.0160225797444582, 2.4049594402313232
531, -0.9970912783173844, 2, 9.79527352610603, 75, 122192, 122192, 0.015751605853438377, 2.408968210220337
532, -3.094920710194856, 2, 5.79687637090683, 43, 122235, 122235, 0.013664999976754189, 2.426720142364502
533, -0.8493235647911206, 2, 13.015710991807282, 101, 122336, 122336, 0.016864851117134094, 2.3974621295928955
534, 1.9152357612802007, 4, 40.15444097202271, 321, 122657, 122657, 0.015948239713907242, 2.4010908603668213
535, 2.4390150578401517, 4, 40.12832650588825, 321, 122978, 122978, 0.016752121970057487, 2.4079954624176025
536, -2.224075615638867, 2, 7.0754232639446855, 53, 123031, 123031, 0.016578789800405502, 2.405165433883667
537, -0.24653190484968945, 2, 30.260535014793277, 241, 123272, 123272, 0.017308859154582024, 2.398439407348633
538, 0.9406892114202492, 4, 40.1117444569245, 321, 123593, 123593, 0.016580263152718544, 2.399892568588257
539, -0.4764138988684863, 2, 16.23283875733614, 127, 123720, 123720, 0.017253031954169273, 2.4052011966705322
540, -1.427959479555284, 2, 37.46014454122633, 299, 124019, 124019, 0.016178395599126816, 2.4056012630462646
541, -1.6576333448756486, 2, 37.01451602531597, 296, 124315, 124315, 0.01700098253786564, 2.3803977966308594
542, -0.5236044068587944, 2, 13.69048303598538, 106, 124421, 124421, 0.01681411825120449, 2.3876023292541504
543, -0.8904005809326918, 2, 22.58037118986249, 178, 124599, 124599, 0.016620181500911713, 2.4051449298858643
544, -3.405447417870164, 2, 5.474666782189161, 40, 124639, 124639, 0.014966988936066628, 2.3781349658966064
545, 2.513906003829561, 4, 40.17791143991053, 321, 124960, 124960, 0.01620614528656006, 2.3982996940612793
546, -1.8740112086488807, 2, 32.635219152551144, 260, 125220, 125220, 0.016717541962862015, 2.409238815307617
547, -1.905409889252951, 2, 31.36974607920274, 250, 125470, 125470, 0.016530338674783707, 2.3880791664123535
548, -0.6400851403996057, 2, 24.334540208801627, 193, 125663, 125663, 0.017106838524341583, 2.3767590522766113
549, 2.3808175488447887, 4, 40.08968574274331, 320, 125983, 125983, 0.016404718160629272, 2.399916648864746
550, 2.636524746367286, 4, 40.16648809425533, 322, 126305, 126305, 0.016406171023845673, 2.386780023574829
551, -0.9500418445568357, 2, 26.81966801499948, 213, 126518, 126518, 0.015863880515098572, 2.3889307975769043
552, -0.4660168503028217, 4, 40.08366341423243, 321, 126839, 126839, 0.01641508750617504, 2.395075559616089
553, 3.302990438300185, 4, 40.14957654895261, 321, 127160, 127160, 0.017129698768258095, 2.3747775554656982
554, -0.7313048706710106, 2, 27.435541034210473, 218, 127378, 127378, 0.01750735379755497, 2.391221046447754
555, -0.9402228865365032, 2, 19.40411944175139, 153, 127531, 127531, 0.01719757542014122, 2.3893792629241943
556, 2.2861190297990106, 4, 40.169375291094184, 321, 127852, 127852, 0.016651267185807228, 2.387446641921997
557, 1.556904759916506, 4, 40.13042302103713, 321, 128173, 128173, 0.016703680157661438, 2.3818774223327637
558, 2.9532987729235174, 4, 40.057613612152636, 320, 128493, 128493, 0.016568835824728012, 2.377751588821411
559, 2.0770262632868253, 4, 40.14489748701453, 321, 128814, 128814, 0.016475632786750793, 2.3827614784240723
560, -2.331952629610896, 2, 10.866662553977221, 84, 128898, 128898, 0.014826541766524315, 2.388571262359619
561, 1.8390014581218566, 4, 40.130434405989945, 321, 129219, 129219, 0.016883516684174538, 2.3739824295043945
562, -1.2734922835370526, 2, 17.078526528086513, 134, 129353, 129353, 0.01730111986398697, 2.372251510620117
563, -0.9965757043246413, 2, 16.46146212425083, 129, 129482, 129482, 0.016072792932391167, 2.3644392490386963
564, 3.275610028205847, 4, 40.08784792991355, 321, 129803, 129803, 0.016077209264039993, 2.388021945953369
565, 0.4661516441187814, 4, 40.19238382112235, 322, 130125, 130125, 0.01653081364929676, 2.3746986389160156
566, 2.5738008747830463, 4, 40.13307496299967, 321, 130446, 130446, 0.016491414979100227, 2.3644797801971436
567, 0.3866921451408416, 4, 40.142770709935576, 322, 130768, 130768, 0.017564211040735245, 2.368497371673584
568, -1.9691155287291622, 2, 17.002554806880653, 133, 130901, 130901, 0.01703912764787674, 2.3736953735351562
569, -0.6484768786467612, 2, 11.390330974012613, 88, 130989, 130989, 0.017117954790592194, 2.36472487449646
570, 2.5728608078788966, 4, 40.183993282262236, 320, 131309, 131309, 0.016269046813249588, 2.3694748878479004
571, -1.8619278816040605, 2, 25.06460067909211, 197, 131506, 131506, 0.017298271879553795, 2.374336004257202
572, -2.127260041103, 4, 40.1188527951017, 321, 131827, 131827, 0.01610787957906723, 2.371776580810547
573, -1.1556407609023154, 2, 13.140144195407629, 102, 131929, 131929, 0.016732199117541313, 2.3894689083099365
574, -2.5952076240209863, 2, 7.089200533926487, 53, 131982, 131982, 0.016562441363930702, 2.3296585083007812
575, 1.9113824733331057, 4, 40.131191533990204, 321, 132303, 132303, 0.01695867069065571, 2.3769829273223877
576, -0.47730959604746204, 2, 21.2160542816855, 168, 132471, 132471, 0.01789495162665844, 2.3714911937713623
577, 2.32433362311167, 4, 40.15041498886421, 321, 132792, 132792, 0.016892967745661736, 2.3687379360198975
578, 0.09399475857935613, 4, 40.08091930206865, 321, 133113, 133113, 0.0167817622423172, 2.376460552215576
579, 2.0518036861576547, 4, 40.128026984166354, 321, 133434, 133434, 0.017192548140883446, 2.3731985092163086
580, 1.9210671167384135, 4, 40.05965020414442, 319, 133753, 133753, 0.015577924437820911, 2.3651649951934814
581, -1.0876183616092021, 2, 25.188645265065134, 200, 133953, 133953, 0.016829000785946846, 2.370605230331421
582, 1.593994709859544, 4, 40.095728653948754, 320, 134273, 134273, 0.01739281788468361, 2.3616604804992676
583, -1.433495902081063, 2, 36.23373247589916, 289, 134562, 134562, 0.016577554866671562, 2.3530032634735107
584, -1.219731325050816, 2, 16.632140177302063, 130, 134692, 134692, 0.016744079068303108, 2.363825559616089
585, 2.0278987625388254, 4, 40.13190557900816, 320, 135012, 135012, 0.01709892973303795, 2.3510942459106445
586, 2.2168454796192236, 4, 40.08926671091467, 319, 135331, 135331, 0.016793103888630867, 2.36022686958313
587, -1.7049160016467795, 2, 10.949810653924942, 84, 135415, 135415, 0.018301254138350487, 2.378828763961792
588, 2.839621983906909, 4, 40.13835152098909, 321, 135736, 135736, 0.017085017636418343, 2.3542211055755615
589, -1.239053683471866, 2, 10.737893833313137, 83, 135819, 135819, 0.016444236040115356, 2.3450968265533447
590, 1.8505533994102734, 4, 40.13199203601107, 321, 136140, 136140, 0.01672305539250374, 2.3484113216400146
591, 2.2713747388334014, 4, 40.07778327492997, 321, 136461, 136461, 0.016690867021679878, 2.3591220378875732
592, -1.3036254670878407, 2, 16.697855868842453, 130, 136591, 136591, 0.016068866476416588, 2.363386392593384
593, 1.3918789103172458, 4, 40.13175331521779, 320, 136911, 136911, 0.017378846183419228, 2.3592629432678223
594, 1.888444255993818, 4, 40.07166440086439, 320, 137231, 137231, 0.01637428067624569, 2.3510687351226807
595, 2.0537534049290116, 4, 40.16531994519755, 321, 137552, 137552, 0.01627166196703911, 2.340782403945923
596, 1.33489875223313, 4, 40.10102915531024, 321, 137873, 137873, 0.01656876690685749, 2.348464250564575
597, -2.099187887564767, 2, 29.798314972780645, 237, 138110, 138110, 0.017130296677350998, 2.36004638671875
598, -1.0080938020037138, 2, 36.2445734012872, 289, 138399, 138399, 0.01724945940077305, 2.36574387550354
599, 2.3775679516547825, 4, 40.13588009914383, 320, 138719, 138719, 0.017222341150045395, 2.344216823577881
600, -0.8015888668014668, 2, 26.181770185008645, 208, 138927, 138927, 0.01819775626063347, 2.3390867710113525
601, 0.19662449296447448, 2, 23.039396463893354, 182, 139109, 139109, 0.01817161962389946, 2.3532767295837402
602, -3.737983329468989, 2, 19.09936839202419, 150, 139259, 139259, 0.017961759120225906, 2.362302541732788
603, -0.8881775391419069, 2, 34.06435762019828, 272, 139531, 139531, 0.01650240831077099, 2.3526549339294434
604, 2.5525470349166426, 4, 40.132302169688046, 321, 139852, 139852, 0.01757490448653698, 2.3465993404388428
605, -0.8740571057933266, 2, 21.29229298606515, 168, 140020, 140020, 0.016662314534187317, 2.3486928939819336
606, -1.7323300459538586, 2, 27.458689865190536, 218, 140238, 140238, 0.017558850347995758, 2.3419342041015625
607, -0.6468032436168869, 2, 39.99661487387493, 319, 140557, 140557, 0.01707378588616848, 2.3364744186401367
608, -2.6768454346383805, 2, 20.998409805819392, 166, 140723, 140723, 0.018058273941278458, 2.3302254676818848
609, 3.095952654704888, 4, 40.16520281601697, 322, 141045, 141045, 0.016062933951616287, 2.3727219104766846
610, 2.4243230470128765, 4, 40.08729331986979, 321, 141366, 141366, 0.01691400818526745, 2.35530948638916
611, 0.756586690164113, 4, 40.13910670718178, 321, 141687, 141687, 0.01739685796201229, 2.359771490097046
612, -0.6738079832866788, 2, 12.662965519819409, 98, 141785, 141785, 0.017080141231417656, 2.3195950984954834
613, -1.4692511711036786, 2, 26.733823359943926, 212, 141997, 141997, 0.01637994311749935, 2.340017080307007
614, -1.0042618399020284, 2, 13.742723931092769, 107, 142104, 142104, 0.016524994745850563, 2.3405368328094482
615, -0.26468731951899827, 4, 40.05058061471209, 321, 142425, 142425, 0.016968829557299614, 2.342806339263916
616, 1.740261366328923, 4, 40.1310811759904, 321, 142746, 142746, 0.017022166401147842, 2.3475661277770996
617, 0.9791094163158505, 4, 40.120479443110526, 321, 143067, 143067, 0.016872521489858627, 2.333150863647461
618, 0.14948122063105984, 4, 40.114680654834956, 321, 143388, 143388, 0.016448715701699257, 2.3481109142303467
619, -1.1637917318148538, 2, 12.59623443428427, 98, 143486, 143486, 0.01678609289228916, 2.3505642414093018
620, 2.0812472096331476, 4, 40.098260630853474, 320, 143806, 143806, 0.016146527603268623, 2.3398444652557373
621, -0.39163874108908203, 2, 32.213607851881534, 256, 144062, 144062, 0.016892924904823303, 2.35437273979187
622, -1.61447328380018, 2, 34.87490853713825, 279, 144341, 144341, 0.01670007035136223, 2.3391268253326416
623, 3.1168342241144273, 4, 40.17993124714121, 321, 144662, 144662, 0.01680026948451996, 2.3346571922302246
624, 1.173434244828968, 4, 40.12248839298263, 321, 144983, 144983, 0.017012709751725197, 2.3487470149993896
625, 2.258162477926817, 4, 40.10531175881624, 320, 145303, 145303, 0.01676267944276333, 2.3422317504882812
626, 2.248373759241076, 4, 40.12411082396284, 321, 145624, 145624, 0.01659686490893364, 2.357656240463257
627, 2.699593396135242, 4, 40.166670011822134, 321, 145945, 145945, 0.016435714438557625, 2.3440279960632324
628, -1.3301416907925159, 2, 11.706265738233924, 90, 146035, 146035, 0.01649291440844536, 2.3596980571746826
629, -0.10507625786840435, 2, 22.062326617073268, 174, 146209, 146209, 0.01786845363676548, 2.343939781188965
630, -1.1367222955304896, 2, 21.6613001069054, 171, 146380, 146380, 0.017679795622825623, 2.3474743366241455
631, 1.274658482754603, 4, 40.0672068069689, 320, 146700, 146700, 0.017091218382120132, 2.34745192527771
632, -0.9216569325944874, 2, 19.577555221039802, 154, 146854, 146854, 0.016805393621325493, 2.3231592178344727
633, -1.1857705860447822, 2, 25.142882216256112, 199, 147053, 147053, 0.01724887080490589, 2.340447187423706
634, 1.9241445829211443, 4, 40.090427504852414, 320, 147373, 147373, 0.017005285248160362, 2.3382749557495117
635, -1.2787826820567716, 2, 23.811115003190935, 188, 147561, 147561, 0.0167325921356678, 2.344515323638916
636, -1.2071794541552663, 2, 11.398043320979923, 88, 147649, 147649, 0.017839282751083374, 2.3304271697998047
637, -1.654949131894682, 2, 38.73934139823541, 309, 147958, 147958, 0.01687159389257431, 2.3341493606567383
638, -0.6885227446909994, 2, 20.54939860291779, 161, 148119, 148119, 0.016456032171845436, 2.3522837162017822
639, -2.585529014468193, 2, 8.452105269301683, 64, 148183, 148183, 0.016515269875526428, 2.3380842208862305
640, -1.763149314254406, 2, 27.974545975681394, 222, 148405, 148405, 0.017696699127554893, 2.339217185974121
641, 0.08003279970944277, 2, 23.00161922816187, 182, 148587, 148587, 0.015826765447854996, 2.3382880687713623
642, -2.5606569801457226, 2, 6.743080047890544, 50, 148637, 148637, 0.016696283593773842, 2.3519797325134277
643, 1.7631239961192477, 4, 40.150642631109804, 321, 148958, 148958, 0.01709746941924095, 2.330587863922119
644, 2.8211098273332027, 4, 40.1094199353829, 321, 149279, 149279, 0.01636262610554695, 2.3377773761749268
645, 1.316578194644535, 4, 40.09274402773008, 321, 149600, 149600, 0.015950802713632584, 2.3335349559783936
646, -1.20617460727226, 2, 12.40672251302749, 96, 149696, 149696, 0.01711313985288143, 2.322892189025879
647, 2.2393718426683336, 4, 40.12751576071605, 321, 150017, 150017, 0.016417017206549644, 2.3271241188049316
648, 1.7391429924755357, 4, 40.09235197864473, 321, 150338, 150338, 0.01647864654660225, 2.330662965774536
649, 3.019467857163818, 4, 40.190388600341976, 321, 150659, 150659, 0.016392329707741737, 2.3311009407043457
650, 2.4908545641192177, 4, 40.11167817795649, 320, 150979, 150979, 0.016954544931650162, 2.3232779502868652
651, -1.8530437174485996, 2, 11.175139605998993, 86, 151065, 151065, 0.01620783843100071, 2.3582773208618164
652, -0.07016163100433914, 4, 40.10638341028243, 320, 151385, 151385, 0.016703953966498375, 2.3319382667541504
653, 2.3397840432007797, 4, 40.27469044923782, 318, 151703, 151703, 0.01705169677734375, 2.3303592205047607
654, 2.5456416685919976, 4, 40.112691074144095, 321, 152024, 152024, 0.016814308241009712, 2.321707248687744
655, 0.0244268028109218, 2, 34.231679528951645, 273, 152297, 152297, 0.01620473340153694, 2.3347580432891846
656, -0.27409210735640954, 2, 25.72610680013895, 204, 152501, 152501, 0.017144205048680305, 2.335547685623169
657, 2.081637119077641, 4, 40.179154409095645, 321, 152822, 152822, 0.016861462965607643, 2.319854497909546
658, 2.376315609566518, 4, 40.162699142005295, 321, 153143, 153143, 0.016940562054514885, 2.324754238128662
659, 2.0589205749274697, 4, 40.17701613716781, 321, 153464, 153464, 0.016747035086154938, 2.3288090229034424
660, -0.9467613161541522, 2, 21.128018356394023, 166, 153630, 153630, 0.01666848361492157, 2.3198728561401367
661, -1.3160346389049664, 2, 15.659644632600248, 120, 153750, 153750, 0.017503760755062103, 2.334721088409424
662, 1.7186297205917072, 4, 40.070776213891804, 320, 154070, 154070, 0.017362743616104126, 2.3244471549987793
663, -2.5050025656819344, 2, 9.774616311304271, 75, 154145, 154145, 0.017932986840605736, 2.290423631668091
664, -0.9313238654285669, 2, 16.506524238735437, 129, 154274, 154274, 0.01707673817873001, 2.3261139392852783
665, -2.407638435186527, 2, 16.71106952102855, 131, 154405, 154405, 0.01689918152987957, 2.321922779083252
666, 0.7158846797356091, 4, 40.102771379984915, 320, 154725, 154725, 0.016626490280032158, 2.3158440589904785
667, -0.4291998903499916, 2, 24.096983030904084, 191, 154916, 154916, 0.017095783725380898, 2.3181629180908203
668, -0.6341999209253117, 2, 27.806088344193995, 221, 155137, 155137, 0.01587093621492386, 2.3282272815704346
669, -0.40477189928424195, 2, 34.89872806100175, 278, 155415, 155415, 0.01773507334291935, 2.3250069618225098
670, 0.8981783244234975, 4, 40.12718505226076, 321, 155736, 155736, 0.016429506242275238, 2.331890821456909
671, 2.156872757441306, 4, 40.134584181942046, 321, 156057, 156057, 0.01601138897240162, 2.318016767501831
672, 2.827318780829046, 4, 40.16601268528029, 321, 156378, 156378, 0.01700598932802677, 2.323789119720459
673, -0.12075678503606468, 2, 23.628774505108595, 185, 156563, 156563, 0.016724806278944016, 2.327943801879883
674, 1.8821566608658031, 4, 40.14434930868447, 320, 156883, 156883, 0.01640942692756653, 2.31303334236145
675, 2.8677843092173134, 4, 40.07740501733497, 320, 157203, 157203, 0.016329679638147354, 2.32635760307312
676, 1.247708556429643, 4, 40.10544527322054, 320, 157523, 157523, 0.016709309071302414, 2.3115477561950684
677, 3.2663121517362015, 4, 40.111376660875976, 320, 157843, 157843, 0.016101129353046417, 2.307102680206299
678, -1.0204821046281722, 2, 27.856336197350174, 221, 158064, 158064, 0.017267312854528427, 2.3118202686309814
679, -3.174245499423705, 2, 7.201280140783638, 54, 158118, 158118, 0.015952840447425842, 2.3007795810699463
680, -0.18370066823263187, 2, 17.7139905099757, 139, 158257, 158257, 0.01742064207792282, 2.2995405197143555
681, 3.072825936433219, 4, 40.18915966898203, 321, 158578, 158578, 0.016664428636431694, 2.3221685886383057
682, 1.752394872597506, 4, 40.069162618834525, 320, 158898, 158898, 0.016734469681978226, 2.3206515312194824
683, -1.146300179180571, 2, 40.08372486196458, 320, 159218, 159218, 0.016356714069843292, 2.325885772705078
684, 2.648928331451316, 4, 40.17843068158254, 320, 159538, 159538, 0.01635153964161873, 2.329458475112915
685, 2.5303554829442874, 4, 40.14535899506882, 321, 159859, 159859, 0.017071956768631935, 2.3225677013397217
686, -3.6653550236442243, 2, 37.52280585700646, 300, 160159, 160159, 0.016329916194081306, 2.321181058883667
687, -4.768593071959913, 2, 20.36219864571467, 161, 160320, 160320, 0.016691045835614204, 2.3004767894744873
688, 2.3402353512501577, 4, 40.112189738079906, 320, 160640, 160640, 0.01683230698108673, 2.3109054565429688
689, 2.394962963393482, 4, 40.05522138020024, 318, 160958, 160958, 0.016240330412983894, 2.3051297664642334
690, -1.6169424024292312, 2, 38.74557154206559, 309, 161267, 161267, 0.01635385863482952, 2.3184003829956055
691, 1.22004980413476, 4, 40.144463882315904, 321, 161588, 161588, 0.017058193683624268, 2.3029637336730957
692, 2.2583967739838045, 4, 40.132848704233766, 321, 161909, 161909, 0.016808360815048218, 2.3032279014587402
693, 2.1950831040303456, 4, 40.1556558618322, 321, 162230, 162230, 0.016817480325698853, 2.3118016719818115
694, -1.4606282521272078, 2, 32.22009970108047, 256, 162486, 162486, 0.01732659712433815, 2.3067948818206787
695, 2.4408651726444077, 4, 40.07153910584748, 320, 162806, 162806, 0.015743745490908623, 2.311174154281616
696, 0.28669392403389793, 4, 40.090395463164896, 321, 163127, 163127, 0.016363708302378654, 2.3144712448120117
697, -0.9710004044989944, 2, 32.50241754343733, 258, 163385, 163385, 0.017441248521208763, 2.315783739089966
698, 0.38692817646369804, 2, 15.229862804990262, 119, 163504, 163504, 0.01644388772547245, 2.3121652603149414
699, 2.759103255084483, 4, 40.14842132711783, 321, 163825, 163825, 0.01657676137983799, 2.318916082382202
700, 2.3157100216049002, 4, 40.106496651191264, 321, 164146, 164146, 0.01707225851714611, 2.3039939403533936
701, -0.5571239853888983, 2, 33.64018411003053, 268, 164414, 164414, 0.015619211830198765, 2.3148226737976074
702, 1.907536148246436, 4, 40.089016064070165, 320, 164734, 164734, 0.015623840503394604, 2.3184399604797363
703, -1.543146417941898, 2, 16.160447109956294, 127, 164861, 164861, 0.016473611816763878, 2.311495065689087
704, -0.4210484483046457, 2, 20.317547596991062, 160, 165021, 165021, 0.016707483679056168, 2.298459768295288
705, -3.086683551706301, 2, 27.386350992135704, 217, 165238, 165238, 0.016606459394097328, 2.303560972213745
706, -0.5380843264865689, 2, 17.956845189910382, 141, 165379, 165379, 0.017503680661320686, 2.3046674728393555
707, -1.1882436702726409, 2, 25.067143845837563, 199, 165578, 165578, 0.016314949840307236, 2.3041319847106934
708, -1.1960230570421118, 2, 38.71830392582342, 309, 165887, 165887, 0.016392163932323456, 2.2956488132476807
709, 1.2272796313736762, 4, 40.091781408991665, 320, 166207, 166207, 0.017011569812893867, 2.301575183868408
710, -1.9320782137583592, 2, 21.861620804760605, 172, 166379, 166379, 0.017158441245555878, 2.2954931259155273
711, -1.045226687048853, 2, 27.127827247139066, 215, 166594, 166594, 0.01755102351307869, 2.306736469268799
712, 2.125378063938115, 4, 40.09070551581681, 320, 166914, 166914, 0.0169577244669199, 2.2991786003112793
713, -0.42199228050321835, 2, 19.971946430858225, 157, 167071, 167071, 0.016429707407951355, 2.3081703186035156
714, 0.12624722626060247, 4, 40.15879825782031, 320, 167391, 167391, 0.016560859978199005, 2.3035247325897217
715, -1.9624321299052099, 2, 18.470148091204464, 143, 167534, 167534, 0.017497684806585312, 2.290208339691162
716, -1.3011093692421127, 2, 35.56967419711873, 279, 167813, 167813, 0.01683582365512848, 2.2980096340179443
717, 1.3043871275149286, 4, 40.18634378025308, 317, 168130, 168130, 0.016361534595489502, 2.2996606826782227
718, -3.49936673429238, 2, 37.58987481193617, 296, 168426, 168426, 0.016901593655347824, 2.2967092990875244
719, 1.1761726524709957, 4, 40.115886935032904, 316, 168742, 168742, 0.016454098746180534, 2.3077800273895264
720, -2.1216399287004606, 2, 35.44837719993666, 279, 169021, 169021, 0.017232539132237434, 2.2958290576934814
721, -1.20616666472597, 2, 11.867742674890906, 90, 169111, 169111, 0.017100941389799118, 2.335982322692871
722, -1.124343489174862, 2, 39.452733458951116, 311, 169422, 169422, 0.016757436096668243, 2.3114840984344482
723, 1.8387195268715004, 4, 40.06950639607385, 316, 169738, 169738, 0.016912436112761497, 2.298157215118408
724, -1.2602763789473101, 2, 30.568043583072722, 239, 169977, 169977, 0.01633918099105358, 2.301461935043335
725, -2.6860983637161553, 2, 7.911488316953182, 59, 170036, 170036, 0.015938444063067436, 2.292520046234131
726, -0.6802811028319411, 2, 17.22488654125482, 133, 170169, 170169, 0.01628202013671398, 2.3038716316223145
727, 1.144695660812431, 4, 40.14681010786444, 315, 170484, 170484, 0.016718478873372078, 2.3055853843688965
728, -1.897027180166333, 2, 12.281059961300343, 94, 170578, 170578, 0.015236440114676952, 2.2846426963806152
729, 2.1706324971019058, 4, 40.097827333025634, 316, 170894, 170894, 0.016268881037831306, 2.2874743938446045
730, -0.40432643282110803, 2, 28.25287278741598, 221, 171115, 171115, 0.01610421948134899, 2.3072144985198975
731, 0.45462404811405577, 4, 40.13086658483371, 315, 171430, 171430, 0.016829121857881546, 2.3001067638397217
732, 1.2973733528051525, 4, 40.145064847078174, 317, 171747, 171747, 0.01673610508441925, 2.3023324012756348
733, 2.871534747819169, 4, 40.07971441699192, 314, 172061, 172061, 0.01741798035800457, 2.293362617492676
734, -0.9649207250913605, 2, 14.832714464049786, 114, 172175, 172175, 0.01565679721534252, 2.293213367462158
735, 3.224448254964045, 4, 40.08151357388124, 316, 172491, 172491, 0.016741005703806877, 2.300919532775879
736, 1.414447237197237, 4, 40.156159022822976, 317, 172808, 172808, 0.01684834249317646, 2.3065879344940186
737, 2.9884674435306806, 4, 40.18975376198068, 316, 173124, 173124, 0.016653025522828102, 2.2968058586120605
738, 2.7648127350234972, 4, 40.119294786825776, 315, 173439, 173439, 0.016657507047057152, 2.290116548538208
739, -2.690847167163156, 2, 6.7327034259215, 49, 173488, 173488, 0.01592784933745861, 2.2805984020233154
740, 0.7485428477957612, 4, 40.115772443823516, 316, 173804, 173804, 0.016476552933454514, 2.303781270980835
741, 1.966181554576906, 4, 40.11432484630495, 316, 174120, 174120, 0.017185289412736893, 2.298980712890625
742, -3.480690273026994, 2, 39.47644828725606, 311, 174431, 174431, 0.016789894551038742, 2.3022303581237793
743, -3.1858344241045415, 2, 7.070443004835397, 52, 174483, 174483, 0.014229197055101395, 2.2740163803100586
744, -3.286472947394941, 2, 10.835578977130353, 82, 174565, 174565, 0.01682705618441105, 2.287250518798828
745, 0.5828040784690529, 4, 40.09798343386501, 317, 174882, 174882, 0.017504319548606873, 2.2991726398468018
746, 1.7454440231376793, 4, 40.17088852170855, 316, 175198, 175198, 0.016891436651349068, 2.2915401458740234
747, -1.2532715318957344, 2, 9.772612591274083, 73, 175271, 175271, 0.015570818446576595, 2.2921955585479736
748, 0.9932416897481744, 4, 40.1821615640074, 317, 175588, 175588, 0.017128491774201393, 2.3014676570892334
749, -0.6562085611949442, 4, 40.155285520944744, 313, 175901, 175901, 0.016706010326743126, 2.2936716079711914
750, 2.8137906574811495, 4, 40.142715773079544, 315, 176216, 176216, 0.016036272048950195, 2.2912230491638184
751, 2.7412272255769494, 4, 40.071393388323486, 315, 176531, 176531, 0.016968682408332825, 2.2949743270874023
752, 1.7190212115528993, 4, 40.10130689898506, 315, 176846, 176846, 0.01617330312728882, 2.29713773727417
753, -1.5131115033873357, 2, 34.10868019191548, 268, 177114, 177114, 0.01740332879126072, 2.301377058029175
754, 1.1621823957320885, 4, 40.11654711468145, 316, 177430, 177430, 0.016430754214525223, 2.2989649772644043
755, 2.4765102730325452, 4, 40.1085444400087, 317, 177747, 177747, 0.016452163457870483, 2.297443151473999
756, 2.5126693757774774, 4, 40.2001298959367, 317, 178064, 178064, 0.017247669398784637, 2.2992682456970215
757, -1.8239872939884663, 2, 13.852670386433601, 106, 178170, 178170, 0.016417987644672394, 2.3047990798950195
758, 2.20157326320259, 4, 40.07020999630913, 315, 178485, 178485, 0.016216309741139412, 2.295308828353882
759, 1.629154951462624, 4, 40.16582168545574, 314, 178799, 178799, 0.018106333911418915, 2.2963457107543945
760, -2.9254553532227874, 2, 6.83021205291152, 50, 178849, 178849, 0.017825845628976822, 2.273514747619629
761, -0.8865800431813113, 2, 27.145192557945848, 212, 179061, 179061, 0.016307611018419266, 2.2681527137756348
762, 2.0817772182344925, 4, 40.17086376296356, 316, 179377, 179377, 0.0171622633934021, 2.2945897579193115
763, 1.323310734498591, 4, 40.17525006784126, 316, 179693, 179693, 0.017091715708374977, 2.2742159366607666
764, 2.2549191209927812, 4, 40.0852898019366, 316, 180009, 180009, 0.01657787524163723, 2.2764663696289062
765, 2.082472664078523, 4, 40.0673607531935, 315, 180324, 180324, 0.01718398742377758, 2.2999796867370605
766, 2.0930296764709055, 4, 40.155142119154334, 316, 180640, 180640, 0.01657675951719284, 2.2939867973327637
767, 1.808151966362857, 4, 40.090988212730736, 315, 180955, 180955, 0.015802282840013504, 2.2787728309631348
768, 1.2079901910910849, 4, 40.15355264488608, 314, 181269, 181269, 0.016662700101733208, 2.289423942565918
769, 1.8987979421781347, 4, 40.15268219076097, 317, 181586, 181586, 0.016543690115213394, 2.2772023677825928
770, -0.10739852988626808, 2, 13.818529068026692, 106, 181692, 181692, 0.016329197213053703, 2.2908480167388916
771, -0.22921426454558969, 2, 17.223460332956165, 133, 181825, 181825, 0.015854528173804283, 2.3014166355133057
772, -0.8484062100287701, 4, 40.15320735005662, 317, 182142, 182142, 0.01617330312728882, 2.2866201400756836
773, -0.9802894463864504, 2, 36.627917639911175, 286, 182428, 182428, 0.016674671322107315, 2.287585496902466
774, -1.8783223460195586, 2, 25.306431849021465, 197, 182625, 182625, 0.017363078892230988, 2.2898950576782227
775, 2.552072496517212, 4, 40.075549867004156, 315, 182940, 182940, 0.01535029523074627, 2.2788734436035156
776, -0.9669527431979077, 2, 22.169098725076765, 173, 183113, 183113, 0.016917824745178223, 2.2711117267608643
777, 0.8302191598995705, 4, 40.101266120094806, 315, 183428, 183428, 0.016617730259895325, 2.2795467376708984
778, -2.345946259014454, 2, 19.084109115879983, 148, 183576, 183576, 0.017331724986433983, 2.2802581787109375
779, -1.0295969094077009, 2, 26.462972715962678, 206, 183782, 183782, 0.01635005697607994, 2.2846901416778564
780, -1.2987634766614065, 2, 14.285507753957063, 109, 183891, 183891, 0.016636358574032784, 2.288663625717163
781, 3.065729525653296, 4, 40.10843504499644, 315, 184206, 184206, 0.016975609585642815, 2.280812978744507
782, 1.1848277098615654, 4, 40.06517818104476, 316, 184522, 184522, 0.015651581808924675, 2.268110513687134
783, 2.7287815685995156, 4, 40.13574255211279, 315, 184837, 184837, 0.01676919125020504, 2.2810590267181396
784, 1.1091608126298524, 4, 40.067411379888654, 315, 185152, 185152, 0.016457771882414818, 2.262463092803955
785, -0.36547164986041025, 2, 15.89706715522334, 122, 185274, 185274, 0.016161154955625534, 2.262187957763672
786, -2.7985833692364395, 2, 5.335218098945916, 38, 185312, 185312, 0.016824407503008842, 2.2542946338653564
787, -0.9934037520142738, 2, 30.293491535820067, 237, 185549, 185549, 0.015664806589484215, 2.286473274230957
788, 2.2674096492273748, 4, 40.14203367102891, 316, 185865, 185865, 0.015444580465555191, 2.293372631072998
789, 1.1016428455259302, 4, 40.18112395424396, 317, 186182, 186182, 0.016764815896749496, 2.290069103240967
790, 2.69904021651746, 4, 40.14123068982735, 316, 186498, 186498, 0.016627859324216843, 2.277866840362549
791, 2.7251058019101038, 4, 40.12729098694399, 316, 186814, 186814, 0.01643282361328602, 2.2853033542633057
792, 1.5035285899521114, 4, 40.092901608906686, 316, 187130, 187130, 0.016474083065986633, 2.268705129623413
793, 1.3816172205843031, 4, 40.08781661884859, 316, 187446, 187446, 0.017318500205874443, 2.2831990718841553
794, -0.9665516787208617, 2, 13.760651840362698, 105, 187551, 187551, 0.016713207587599754, 2.2852985858917236
795, 2.9748737306217663, 4, 40.09398125903681, 315, 187866, 187866, 0.01653510332107544, 2.2723121643066406
796, -1.703437977237627, 2, 11.090500471647829, 84, 187950, 187950, 0.017950931563973427, 2.2575128078460693
797, 2.109314368040941, 4, 40.16363674914464, 316, 188266, 188266, 0.016364069655537605, 2.2612955570220947
798, 2.5780394440007512, 4, 40.06985303480178, 315, 188581, 188581, 0.016567068174481392, 2.2716917991638184
799, -1.4614587788237259, 2, 15.364644548855722, 118, 188699, 188699, 0.01694299280643463, 2.2646238803863525
800, 2.2204671295712615, 4, 40.12666502315551, 316, 189015, 189015, 0.016477379947900772, 2.273441791534424
801, 0.1370930364355445, 2, 19.438147674314678, 150, 189165, 189165, 0.01644241437315941, 2.2603213787078857
802, 2.80731724393263, 4, 40.150535022839904, 315, 189480, 189480, 0.017213817685842514, 2.2652227878570557
803, 2.111944918768131, 4, 40.150735846254975, 316, 189796, 189796, 0.0165118258446455, 2.276844024658203
804, -2.9846103896852583, 2, 6.1566905518993735, 45, 189841, 189841, 0.017035918310284615, 2.2617876529693604
805, 2.2100954130837636, 4, 40.06726021878421, 316, 190157, 190157, 0.016911154612898827, 2.2761659622192383
806, 1.8021292654448189, 4, 40.155646982137114, 316, 190473, 190473, 0.01605248637497425, 2.2714383602142334
807, 0.7717222810751991, 4, 40.11628673784435, 316, 190789, 190789, 0.016119662672281265, 2.260932207107544
808, -1.6246735685199383, 2, 36.774542316328734, 289, 191078, 191078, 0.016589730978012085, 2.2708494663238525
809, 0.8599039326891216, 4, 40.13672748534009, 312, 191390, 191390, 0.01734859123826027, 2.2651174068450928
810, -0.9036106674466282, 2, 10.534984114114195, 80, 191470, 191470, 0.017755579203367233, 2.278398275375366
811, 1.7482291010819608, 4, 40.05883795814589, 315, 191785, 191785, 0.0167173333466053, 2.271930694580078
812, 2.1856643768405775, 4, 40.133576679974794, 316, 192101, 192101, 0.016807138919830322, 2.2626500129699707
813, 1.2206420126531157, 4, 40.11464078677818, 316, 192417, 192417, 0.015985021367669106, 2.262890577316284
814, -0.7467994827129587, 2, 24.31481952406466, 189, 192606, 192606, 0.01681540347635746, 2.265941858291626
815, 2.2373182131216254, 4, 40.136623156256974, 316, 192922, 192922, 0.01655549556016922, 2.261435031890869
816, -1.2434839983425263, 2, 37.99660936975852, 298, 193220, 193220, 0.016962291672825813, 2.263735055923462
817, -1.172221839238773, 2, 28.267427064012736, 221, 193441, 193441, 0.018368054181337357, 2.247581720352173
818, 2.2536563569374266, 4, 40.16076197987422, 315, 193756, 193756, 0.016757182776927948, 2.257368803024292
819, 2.160922023119383, 4, 40.12342814495787, 316, 194072, 194072, 0.016078878194093704, 2.261660575866699
820, -2.8938524841942126, 2, 30.822761764749885, 240, 194312, 194312, 0.01698579639196396, 2.254818916320801
821, 0.46021068045229185, 4, 40.167138346936554, 316, 194628, 194628, 0.016187047585844994, 2.263441324234009
822, -0.3064546142350082, 2, 30.695545895956457, 238, 194866, 194866, 0.01705465465784073, 2.2524592876434326
823, -0.39205747726373374, 2, 25.124033866915852, 196, 195062, 195062, 0.017243772745132446, 2.261695384979248
824, 1.2421369194053113, 4, 40.154981799889356, 317, 195379, 195379, 0.016489049419760704, 2.265568494796753
825, 1.1851732035720488, 4, 40.12216169806197, 316, 195695, 195695, 0.016318650916218758, 2.244004249572754
826, 2.2906550142624837, 4, 40.096461221110076, 315, 196010, 196010, 0.016993317753076553, 2.2522311210632324
827, -1.8473583516606595, 2, 23.86550657218322, 186, 196196, 196196, 0.015528080053627491, 2.26572585105896
828, 2.8279582218892756, 4, 40.10608075372875, 315, 196511, 196511, 0.01673651672899723, 2.2491331100463867
829, 2.626036705866227, 4, 40.15618839673698, 316, 196827, 196827, 0.016362996771931648, 2.2572646141052246
830, -0.608347415109165, 2, 18.172576474957168, 141, 196968, 196968, 0.016840865835547447, 2.242544651031494
831, 2.7420382511409116, 4, 40.052662794012576, 316, 197284, 197284, 0.016770705580711365, 2.251779556274414
832, 2.6361663599382155, 4, 40.11133245797828, 315, 197599, 197599, 0.016157543286681175, 2.2611677646636963
833, -0.011218864638067316, 4, 40.134440104011446, 317, 197916, 197916, 0.016584910452365875, 2.2677011489868164
834, -0.37226820492105617, 2, 27.22279693093151, 212, 198128, 198128, 0.01588333398103714, 2.256592035293579
835, 1.1564694343542214, 4, 40.103227372746915, 316, 198444, 198444, 0.01606760174036026, 2.243326187133789
836, 1.6333683377015404, 4, 40.48422037111595, 319, 198763, 198763, 0.017580315470695496, 2.2578935623168945
837, -0.35606510769321176, 2, 17.176869752816856, 129, 198892, 198892, 0.016487929970026016, 2.2456154823303223
838, 2.6106222589023673, 4, 40.132706314790994, 316, 199208, 199208, 0.016023507341742516, 2.256899833679199
839, -1.5653991635190323, 2, 9.298665040172637, 70, 199278, 199278, 0.016678201034665108, 2.2567942142486572
840, 2.010577614499198, 4, 40.07756458688527, 316, 199594, 199594, 0.01643480733036995, 2.23854923248291
841, -1.4699015608493937, 2, 22.14635866181925, 172, 199766, 199766, 0.01725846529006958, 2.243403196334839
842, -2.5798269254155457, 2, 15.101183263584971, 116, 199882, 199882, 0.017735159024596214, 2.24314284324646
843, -0.804410559067037, 2, 18.671580970752984, 144, 200026, 200026, 0.016832001507282257, 2.2606472969055176
844, 3.1183707062591566, 4, 40.136848628055304, 315, 200341, 200341, 0.01674712263047695, 2.2411012649536133
845, 2.3300429509290552, 4, 40.14497558912262, 313, 200654, 200654, 0.017149386927485466, 2.240389347076416
846, 1.9744325059073162, 4, 40.103151343762875, 315, 200969, 200969, 0.016943637281656265, 2.246142864227295
847, 1.9972974036354572, 4, 40.19408057210967, 316, 201285, 201285, 0.017094014212489128, 2.245570421218872
848, -1.983361123559007, 2, 34.350492152851075, 268, 201553, 201553, 0.016449129208922386, 2.2309932708740234
849, -1.2257056953021674, 2, 28.18013221397996, 219, 201772, 201772, 0.016255885362625122, 2.245969533920288
850, 2.1834717144083697, 4, 40.16826896928251, 316, 202088, 202088, 0.016805874183773994, 2.233405113220215
851, -0.35828982619568706, 2, 19.265868414193392, 149, 202237, 202237, 0.015774361789226532, 2.244947910308838
852, 1.8487910092608217, 4, 40.18087426107377, 316, 202553, 202553, 0.016683829948306084, 2.2445545196533203
853, -1.4149716921237996, 2, 16.028304274193943, 123, 202676, 202676, 0.016581593081355095, 2.242788553237915
854, 1.4504102280079678, 4, 40.141977155115455, 317, 202993, 202993, 0.016683058813214302, 2.240172863006592
855, 1.3488687504200243, 4, 40.16065112687647, 316, 203309, 203309, 0.016427699476480484, 2.2439427375793457
856, 1.3699209430778865, 4, 40.15075740823522, 316, 203625, 203625, 0.016728729009628296, 2.244152545928955
857, 2.7357102096575545, 4, 40.12442981870845, 316, 203941, 203941, 0.01576937362551689, 2.224788188934326
858, -2.107971439836547, 4, 40.13233494292945, 317, 204258, 204258, 0.017595279961824417, 2.2468361854553223
859, 1.9913996251343633, 4, 40.38692806428298, 317, 204575, 204575, 0.01610266976058483, 2.227220296859741
860, -4.499802314210683, 2, 5.337744180113077, 38, 204613, 204613, 0.01911616325378418, 2.2375526428222656
861, -0.5383880695007974, 2, 21.289522926323116, 165, 204778, 204778, 0.01779855228960514, 2.254179000854492
862, 2.1707253504137043, 4, 40.1391941527836, 316, 205094, 205094, 0.01608356274664402, 2.228079080581665
863, -1.1434139380871784, 4, 40.08744698576629, 316, 205410, 205410, 0.017725978046655655, 2.233677625656128
864, 2.2306973015820404, 4, 40.14561089500785, 314, 205724, 205724, 0.016888843849301338, 2.2335171699523926
865, -1.1112654093467427, 2, 38.84713266696781, 305, 206029, 206029, 0.016299432143568993, 2.2309656143188477
866, 0.14963649964010983, 4, 40.11212113825604, 316, 206345, 206345, 0.01647620089352131, 2.23909068107605
867, -3.5140225305221975, 2, 5.323973873164505, 38, 206383, 206383, 0.018856022506952286, 2.240875005722046
868, -2.6153221025087987, 2, 39.58530384674668, 311, 206694, 206694, 0.01778634637594223, 2.2408347129821777
869, 0.9270517724562524, 4, 40.14230120414868, 316, 207010, 207010, 0.017074868083000183, 2.22611927986145
870, 1.7595828559369693, 4, 40.149505163077265, 316, 207326, 207326, 0.016358632594347, 2.249424695968628
871, 2.844488194827136, 4, 40.150029545184225, 315, 207641, 207641, 0.016281088814139366, 2.2337353229522705
872, 2.7169981829283643, 4, 40.180712572298944, 315, 207956, 207956, 0.016423068940639496, 2.242812395095825
873, 0.4919311318021755, 4, 40.14308869512752, 316, 208272, 208272, 0.016072023659944534, 2.233598470687866
874, 2.6486329563267645, 4, 40.10348465293646, 316, 208588, 208588, 0.016167407855391502, 2.241302251815796
875, -0.8016536369832465, 2, 20.640018525067717, 158, 208746, 208746, 0.01790267787873745, 2.233198404312134
876, 2.4796710900845937, 4, 40.10903580579907, 315, 209061, 209061, 0.016606859862804413, 2.217005491256714
877, 3.1687906953084166, 4, 40.18462666589767, 316, 209377, 209377, 0.01747242920100689, 2.2313926219940186
878, -0.30865272623486817, 2, 11.949339757673442, 91, 209468, 209468, 0.015768175944685936, 2.2290945053100586
879, 1.793264658525004, 4, 40.11173191992566, 315, 209783, 209783, 0.016178546473383904, 2.225963592529297
880, 1.720422665373917, 4, 40.1517084389925, 316, 210099, 210099, 0.01655615121126175, 2.216813564300537
881, -1.0444117306178669, 2, 22.181329542770982, 172, 210271, 210271, 0.016734277829527855, 2.2182390689849854
882, 2.0043582056605374, 4, 40.08516563102603, 316, 210587, 210587, 0.016863325610756874, 2.2155051231384277
883, -1.054516966745723, 2, 15.451744237914681, 119, 210706, 210706, 0.01757955737411976, 2.226447105407715
884, -0.320814398541188, 4, 40.12247112207115, 316, 211022, 211022, 0.017807355150580406, 2.2266345024108887
885, 2.408974047659285, 4, 40.12516928417608, 316, 211338, 211338, 0.01805267482995987, 2.223714590072632
886, 2.7830150064182817, 4, 40.155893822200596, 316, 211654, 211654, 0.016488216817378998, 2.229372262954712
887, 3.135285757787642, 4, 40.07350878929719, 314, 211968, 211968, 0.017105353996157646, 2.2176060676574707
888, 2.351871767285047, 4, 40.07813597191125, 315, 212283, 212283, 0.016049008816480637, 2.2313010692596436
889, 2.0791039762625587, 4, 40.17806921200827, 316, 212599, 212599, 0.017165446653962135, 2.2199997901916504
890, 2.930740506377333, 4, 40.17324718600139, 315, 212914, 212914, 0.01799260638654232, 2.2207412719726562
891, -1.2201192765496671, 2, 14.435304372105747, 108, 213022, 213022, 0.01730835810303688, 2.2218098640441895
892, 2.447982154044439, 4, 40.14756544213742, 316, 213338, 213338, 0.016753191128373146, 2.2237534523010254
893, -1.1329885584527801, 2, 38.99036053614691, 307, 213645, 213645, 0.016368694603443146, 2.2131876945495605
894, 1.1326488517952384, 4, 40.15259962109849, 315, 213960, 213960, 0.017116554081439972, 2.230526924133301
895, 2.1303375358038465, 4, 40.146078534889966, 316, 214276, 214276, 0.016943030059337616, 2.2240045070648193
896, -1.582328507793136, 2, 10.44451418099925, 79, 214355, 214355, 0.016240319237113, 2.2152342796325684
897, 2.538818769840873, 4, 40.11330952914432, 315, 214670, 214670, 0.016002582386136055, 2.2191734313964844
898, -1.5079408802939724, 2, 31.474704772233963, 245, 214915, 214915, 0.017441384494304657, 2.2260148525238037
899, -0.33662310242652893, 2, 18.02217870997265, 139, 215054, 215054, 0.017499450594186783, 2.2112197875976562
900, -0.6793070465482742, 2, 26.093407243024558, 203, 215257, 215257, 0.017073575407266617, 2.224043130874634
901, 2.9415836755142664, 4, 40.15518288919702, 316, 215573, 215573, 0.016328005120158195, 2.212085485458374
902, 3.133636651917186, 4, 40.17678199382499, 316, 215889, 215889, 0.016464632004499435, 2.209890127182007
903, -0.9111161923792679, 2, 25.186369298025966, 196, 216085, 216085, 0.016377586871385574, 2.212855339050293
904, 3.362983283077483, 4, 40.063968615140766, 312, 216397, 216397, 0.016445204615592957, 2.208853006362915
905, -1.2539397076616297, 2, 28.595813704654574, 223, 216620, 216620, 0.016179168596863747, 2.2069849967956543
906, 2.8224652361864173, 4, 40.14880966814235, 314, 216934, 216934, 0.01686638593673706, 2.2189366817474365
907, 1.9218441168777645, 4, 40.09567408915609, 315, 217249, 217249, 0.01798195205628872, 2.209461212158203
908, 3.35964775547302, 4, 40.16116837691516, 315, 217564, 217564, 0.016407988965511322, 2.208252191543579
909, 0.020916839654091746, 2, 16.974172212183475, 131, 217695, 217695, 0.017141563817858696, 2.2146060466766357
910, 2.081308109452948, 4, 40.16078789997846, 315, 218010, 218010, 0.015774725005030632, 2.2162423133850098
911, -1.604345807179925, 2, 27.23430937109515, 213, 218223, 218223, 0.017231717705726624, 2.219151496887207
912, 2.2612485226345598, 4, 40.099816284142435, 315, 218538, 218538, 0.017280641943216324, 2.206164836883545
913, -0.6823149013798684, 2, 12.847019840963185, 98, 218636, 218636, 0.017682095989584923, 2.2219414710998535
914, -0.34502919581427705, 2, 17.030732135288417, 131, 218767, 218767, 0.01648063026368618, 2.199331521987915
915, 2.18128870313285, 4, 40.138732720166445, 315, 219082, 219082, 0.01731375977396965, 2.2097694873809814
916, 2.2611625382461966, 4, 40.09629127802327, 314, 219396, 219396, 0.01623827964067459, 2.2074854373931885
917, -3.4900282350135967, 2, 7.5484243161045015, 56, 219452, 219452, 0.015681693330407143, 2.22711443901062
918, -0.5606969293439761, 2, 12.62701693084091, 96, 219548, 219548, 0.01642625965178013, 2.220806360244751
919, -1.3816561286512297, 2, 21.466211860068142, 166, 219714, 219714, 0.01771935634315014, 2.2073302268981934
920, -0.5747285120887682, 2, 32.83429603278637, 257, 219971, 219971, 0.017988471314311028, 2.210393190383911
921, 1.6632960565329995, 4, 40.17022276390344, 316, 220287, 220287, 0.017763786017894745, 2.1961581707000732
922, 1.198123215988744, 4, 40.14409909397364, 315, 220602, 220602, 0.017010264098644257, 2.203650951385498
923, -1.2863897552597336, 2, 34.76240210188553, 272, 220874, 220874, 0.016782153397798538, 2.2030832767486572
924, -0.32757204402878415, 2, 28.458714981097728, 222, 221096, 221096, 0.017294341698288918, 2.203104019165039
925, 0.9314355676760897, 4, 40.13253207411617, 315, 221411, 221411, 0.01675591431558132, 2.1982743740081787
926, 2.7336433008786116, 4, 40.08677796414122, 314, 221725, 221725, 0.01647651381790638, 2.2038815021514893
927, 1.9627048029815342, 4, 40.14055158896372, 315, 222040, 222040, 0.016375407576560974, 2.208791494369507
928, 1.8635303560877219, 4, 40.092232244089246, 315, 222355, 222355, 0.01633642055094242, 2.211867332458496
929, 2.4966179800944417, 4, 40.1399631309323, 319, 222674, 222674, 0.016033492982387543, 2.197270393371582
930, 2.067007855974225, 4, 40.0816416698508, 318, 222992, 222992, 0.017293330281972885, 2.2063488960266113
931, 2.889557254551619, 4, 40.07132631633431, 318, 223310, 223310, 0.016084251925349236, 2.1947414875030518
932, 1.7154458135337336, 4, 40.09126132680103, 318, 223628, 223628, 0.016393505036830902, 2.202380895614624
933, 2.666360290193552, 4, 40.10377694899216, 319, 223947, 223947, 0.017498265951871872, 2.1845881938934326
934, 2.1317662300280062, 4, 40.10622597113252, 319, 224266, 224266, 0.01627463661134243, 2.189852714538574
935, 2.3157103370504046, 4, 40.194827950093895, 320, 224586, 224586, 0.016481326892971992, 2.1992499828338623
936, 0.7069745400804095, 4, 40.098859758116305, 319, 224905, 224905, 0.01645883545279503, 2.1924729347229004
937, -1.8514207582047675, 2, 31.37128155073151, 248, 225153, 225153, 0.01644090563058853, 2.198230266571045
938, -0.9994644506259647, 2, 33.254340447019786, 263, 225416, 225416, 0.01585201732814312, 2.1984782218933105
939, -0.2860195832327008, 2, 16.099109455943108, 125, 225541, 225541, 0.016925910487771034, 2.1995158195495605
940, 2.8097021054145443, 4, 40.12952254898846, 319, 225860, 225860, 0.01646154373884201, 2.1891705989837646
941, 3.2098805841742433, 4, 40.12892134580761, 318, 226178, 226178, 0.017486514523625374, 2.178011417388916
942, -0.388696829410037, 2, 19.606475023087114, 154, 226332, 226332, 0.01578683964908123, 2.189708948135376
943, 0.9907063448117697, 4, 40.14902175497264, 319, 226651, 226651, 0.016767418012022972, 2.1883647441864014
944, 0.25209630163226393, 2, 19.271604946814477, 151, 226802, 226802, 0.016502372920513153, 2.1888816356658936
945, 1.103717086429242, 4, 40.08102698158473, 319, 227121, 227121, 0.016812019050121307, 2.18830943107605
946, 1.511062073598623, 4, 40.06175115564838, 316, 227437, 227437, 0.01646207459270954, 2.192925214767456
947, 2.606446975885774, 4, 40.14879247080535, 318, 227755, 227755, 0.016615575179457664, 2.1871981620788574
948, 2.7377765122655546, 4, 40.22487949999049, 320, 228075, 228075, 0.016547568142414093, 2.205679416656494
949, 2.2475205233422457, 4, 40.14859844138846, 320, 228395, 228395, 0.016370447352528572, 2.1878929138183594
950, 2.7134532041422403, 4, 40.09210959263146, 319, 228714, 228714, 0.01676316000521183, 2.201240062713623
951, 0.9267911268398166, 4, 40.06901397323236, 319, 229033, 229033, 0.016662823036313057, 2.190617084503174
952, 2.205758639745909, 4, 40.12949647940695, 319, 229352, 229352, 0.017172234132885933, 2.212649345397949
953, 1.6907037529449553, 4, 40.127953466027975, 319, 229671, 229671, 0.01600591279566288, 2.188067674636841
954, -0.8389820684678853, 2, 11.89090480003506, 91, 229762, 229762, 0.016289591789245605, 2.196599006652832
955, -2.9727966155624017, 2, 8.728755570016801, 66, 229828, 229828, 0.015439342707395554, 2.1807174682617188
956, -1.417453435016796, 2, 22.033854431007057, 173, 230001, 230001, 0.01601530984044075, 2.1870431900024414
957, 2.5977800879018105, 4, 40.14082557987422, 318, 230319, 230319, 0.016660640016198158, 2.1863369941711426
958, -1.1744975756701024, 2, 27.12757139187306, 214, 230533, 230533, 0.01700749434530735, 2.185262441635132
959, 2.483239600969682, 4, 40.17492878995836, 319, 230852, 230852, 0.01703271083533764, 2.185429334640503
960, 2.80573396510772, 4, 40.16525049274787, 317, 231169, 231169, 0.018134575337171555, 2.1900460720062256
961, 2.9512533074630483, 4, 40.09451164677739, 319, 231488, 231488, 0.016977408900856972, 2.1771743297576904
962, 3.059609677817207, 4, 40.16197885898873, 319, 231807, 231807, 0.01702948845922947, 2.17825984954834
963, -0.2746541964588687, 2, 21.547652026172727, 169, 231976, 231976, 0.016617396846413612, 2.190293788909912
964, 2.0145421743873158, 4, 40.10972078377381, 319, 232295, 232295, 0.0167065616697073, 2.1667144298553467
965, -0.22093762271106243, 2, 13.319700895808637, 103, 232398, 232398, 0.016075417399406433, 2.1642606258392334
966, 2.815405918918259, 4, 40.086396414320916, 319, 232717, 232717, 0.017367836087942123, 2.18711519241333
967, -2.955988036994313, 2, 39.21296764118597, 311, 233028, 233028, 0.016948221251368523, 2.1819963455200195
968, 3.4408426567815695, 4, 40.154169073328376, 318, 233346, 233346, 0.017115527763962746, 2.1942756175994873
969, 2.2996466585072994, 4, 40.07243526400998, 318, 233664, 233664, 0.017346521839499474, 2.1839091777801514
970, 1.6034817209656467, 4, 40.08244431018829, 319, 233983, 233983, 0.01747267134487629, 2.1746103763580322
971, -0.778233369787813, 2, 34.19004824385047, 271, 234254, 234254, 0.017054777592420578, 2.177255392074585
972, 2.3310947961404054, 4, 40.14110723789781, 318, 234572, 234572, 0.01620282232761383, 2.173448324203491
973, -1.4598980356822722, 2, 23.893880110699683, 188, 234760, 234760, 0.016603460535407066, 2.1860270500183105
974, 2.510995583521435, 4, 40.17971699219197, 319, 235079, 235079, 0.01735808700323105, 2.184624433517456
975, -0.4524469050775224, 2, 18.229329404886812, 142, 235221, 235221, 0.017361577600240707, 2.1780645847320557
976, -1.6185885296217748, 2, 23.275728665292263, 183, 235404, 235404, 0.016790088266134262, 2.1768007278442383
977, 2.303280863658756, 4, 40.138880835380405, 319, 235723, 235723, 0.016804751008749008, 2.1770002841949463
978, -1.0221445178613067, 2, 10.862364137079567, 83, 235806, 235806, 0.017284853383898735, 2.1722757816314697
979, 2.1539197579259053, 4, 40.07711927499622, 319, 236125, 236125, 0.01729539968073368, 2.18288516998291
980, -0.6536261132587242, 2, 31.363586449064314, 247, 236372, 236372, 0.01663043349981308, 2.1773459911346436
981, 2.3533512106805574, 4, 40.10587856778875, 317, 236689, 236689, 0.01633928157389164, 2.1647069454193115
982, 2.97077514504781, 4, 40.211056569591165, 319, 237008, 237008, 0.01739904284477234, 2.18117618560791
983, -0.741815963647241, 2, 29.65365870995447, 233, 237241, 237241, 0.01674261875450611, 2.1758503913879395
984, 2.7129752970067784, 4, 40.07380350586027, 319, 237560, 237560, 0.01679643616080284, 2.164400339126587
985, -1.0154860207876482, 2, 28.36575754499063, 224, 237784, 237784, 0.016596443951129913, 2.171903371810913
986, 1.8217773925734946, 4, 40.080444377847016, 315, 238099, 238099, 0.017082687467336655, 2.1839096546173096
987, -2.0398069304210367, 2, 17.16686454694718, 134, 238233, 238233, 0.01804584637284279, 2.1704115867614746
988, 2.624252927787893, 4, 40.15461775101721, 318, 238551, 238551, 0.01704924739897251, 2.181645393371582
989, -1.5547367622566526, 2, 33.089595531113446, 262, 238813, 238813, 0.01730022206902504, 2.1733102798461914
990, -3.45597231501597, 2, 25.395751454867423, 200, 239013, 239013, 0.01638052985072136, 2.165367364883423
991, 2.5991727390355663, 4, 40.167118625715375, 319, 239332, 239332, 0.01737036556005478, 2.1820952892303467
992, -0.71105277119932, 2, 24.72619361570105, 195, 239527, 239527, 0.017420699819922447, 2.1760284900665283
993, 3.411340641613606, 4, 40.13910271599889, 319, 239846, 239846, 0.0170550886541605, 2.166527271270752
994, 2.42892967170701, 4, 40.09572403598577, 318, 240164, 240164, 0.017631033435463905, 2.1664373874664307
995, -0.4533961939159781, 2, 15.487226695287973, 120, 240284, 240284, 0.01750987581908703, 2.162029504776001
996, 1.9734210774622625, 4, 40.106102236080915, 319, 240603, 240603, 0.017158763483166695, 2.1540768146514893
997, 2.28604013725635, 4, 40.131143648177385, 318, 240921, 240921, 0.016376351937651634, 2.17234468460083
998, 1.0129596378537826, 4, 40.11700376402587, 318, 241239, 241239, 0.01668918877840042, 2.160179376602173
999, -0.8707420424134398, 2, 32.48741303104907, 257, 241496, 241496, 0.016888320446014404, 2.165949821472168
1000, -0.3121651430847123, 2, 14.023517540190369, 109, 241605, 241605, 0.01613553613424301, 2.1725049018859863
1001, 2.350686271151062, 4, 40.136404652148485, 319, 241924, 241924, 0.016307977959513664, 2.1620192527770996
1002, 1.6305038273567334, 4, 40.099560433998704, 319, 242243, 242243, 0.01655859872698784, 2.166194438934326
1003, 2.5338495285104727, 4, 40.120575457811356, 318, 242561, 242561, 0.016968799754977226, 2.177079200744629
1004, -0.9776803927925357, 2, 39.78321675490588, 315, 242876, 242876, 0.016500776633620262, 2.170180082321167
1005, 1.568321501283208, 4, 40.0958737898618, 318, 243194, 243194, 0.016623618081212044, 2.1584713459014893
1006, 2.5185079037910327, 4, 40.126287078950554, 318, 243512, 243512, 0.017847992479801178, 2.1623659133911133
1007, 2.224954027275089, 4, 40.175552412401885, 320, 243832, 243832, 0.017434488981962204, 2.179426670074463
1008, -0.5843994873139309, 2, 22.772418548353016, 179, 244011, 244011, 0.01681586354970932, 2.1697640419006348
1009, -0.5377684626437258, 2, 28.160345987882465, 222, 244233, 244233, 0.01735103502869606, 2.168168306350708
1010, 2.0276799594284967, 4, 40.09613660629839, 318, 244551, 244551, 0.016853444278240204, 2.164044141769409
1011, -1.2680628357920796, 2, 10.132132604718208, 77, 244628, 244628, 0.01710093766450882, 2.172286033630371
1012, 2.5720628836179458, 4, 40.1114185010083, 318, 244946, 244946, 0.017110668122768402, 2.1637654304504395
1013, 3.439056898787385, 4, 40.093959799967706, 317, 245263, 245263, 0.0168240237981081, 2.1688883304595947
1014, 0.6447674120499869, 4, 40.0963787981309, 318, 245581, 245581, 0.016879506409168243, 2.159517526626587
1015, 3.4143840581000404, 4, 40.15170325897634, 318, 245899, 245899, 0.017097504809498787, 2.168977975845337
1016, -1.1295691492196056, 2, 26.649660227354616, 208, 246107, 246107, 0.018382886424660683, 2.1562693119049072
1017, 2.4568972113384007, 4, 40.14163286983967, 318, 246425, 246425, 0.016920888796448708, 2.1745901107788086
1018, 1.6108594752707859, 4, 40.14710314478725, 319, 246744, 246744, 0.01674818806350231, 2.1562461853027344
1019, -0.9637466032054363, 2, 39.1488398485817, 311, 247055, 247055, 0.017172150313854218, 2.169198989868164
1020, 2.7190650287957396, 4, 40.16983042284846, 317, 247372, 247372, 0.01728278025984764, 2.1724188327789307
1021, 2.94271307065992, 4, 40.06129524298012, 317, 247689, 247689, 0.017538296058773994, 2.1725785732269287
1022, -4.567538429633714, 2, 6.218293409794569, 46, 247735, 247735, 0.014594640582799911, 2.1787753105163574
1023, -0.1095993786730105, 2, 18.942352551966906, 147, 247882, 247882, 0.01710551604628563, 2.165830612182617
1024, 2.9545391485526125, 4, 40.16448666388169, 319, 248201, 248201, 0.01725315861403942, 2.158690929412842
1025, 2.832876181658321, 4, 40.202531741932034, 319, 248520, 248520, 0.018189910799264908, 2.153191089630127
1026, -0.4596891050459817, 2, 17.901986981276423, 140, 248660, 248660, 0.01687011495232582, 2.1627235412597656
1027, -0.2771753412744147, 2, 32.414571079891175, 256, 248916, 248916, 0.016792630776762962, 2.1465187072753906
1028, 0.20373195852153003, 2, 16.195943329948932, 126, 249042, 249042, 0.017286723479628563, 2.159813165664673
1029, 3.052805501516559, 4, 40.170960240997374, 318, 249360, 249360, 0.01677362062036991, 2.152846336364746
1030, 1.51482375845535, 4, 40.146042839158326, 319, 249679, 249679, 0.016602475196123123, 2.1620121002197266
1031, 2.190858387737535, 4, 40.13499997323379, 319, 249998, 249998, 0.016755366697907448, 2.15625
1032, 0.4818792251753621, 4, 40.12171237170696, 319, 250317, 250317, 0.016968706622719765, 2.1437482833862305
1033, 2.284668115375098, 4, 40.105441332329065, 319, 250636, 250636, 0.01711050234735012, 2.149059295654297
1034, 2.244057128455097, 4, 40.13734042085707, 317, 250953, 250953, 0.01663033477962017, 2.157200813293457
1035, 2.524985406409769, 4, 40.1600169907324, 317, 251270, 251270, 0.01696842722594738, 2.1504552364349365
1036, 3.051494125593308, 4, 40.16358255408704, 318, 251588, 251588, 0.01674053445458412, 2.156106472015381
1037, -2.8155644715880044, 2, 8.644390219822526, 65, 251653, 251653, 0.015777720138430595, 2.1310360431671143
1038, 2.4449707424791995, 4, 40.1431111516431, 318, 251971, 251971, 0.016858607530593872, 2.1656494140625
1039, 2.9290752170268206, 4, 40.10490946890786, 319, 252290, 252290, 0.017005328088998795, 2.1471471786499023
1040, 0.7587404989171773, 4, 40.10544623108581, 319, 252609, 252609, 0.0171736478805542, 2.151049852371216
1041, -2.883941725594923, 2, 6.621092291083187, 49, 252658, 252658, 0.017366455867886543, 2.1171958446502686
1042, -1.802232555066439, 2, 31.66954190004617, 250, 252908, 252908, 0.01654006540775299, 2.151614189147949
1043, 2.075451723212609, 4, 40.065418342128396, 318, 253226, 253226, 0.017294522374868393, 2.1537768840789795
1044, -0.4073186141656606, 2, 37.384267375804484, 296, 253522, 253522, 0.01683845929801464, 2.1584575176239014
1045, 2.2831567602625, 4, 40.07296960288659, 317, 253839, 253839, 0.015928102657198906, 2.156742572784424
1046, 2.883487901708577, 4, 40.10754026612267, 318, 254157, 254157, 0.017127087339758873, 2.14713716506958
1047, 2.0186500485724537, 4, 40.08402306912467, 318, 254475, 254475, 0.016782725229859352, 2.145674228668213
1048, -1.2075949093850795, 2, 23.805694011040032, 187, 254662, 254662, 0.017004193738102913, 2.1429214477539062
1049, 2.9331957109243376, 4, 40.09188098926097, 317, 254979, 254979, 0.01654275320470333, 2.158745050430298
1050, -0.7115134057794421, 2, 38.8846998908557, 306, 255285, 255285, 0.016839036718010902, 2.1460025310516357
1051, 1.6838586857702467, 4, 40.16789972176775, 319, 255604, 255604, 0.01771702617406845, 2.1541686058044434
1052, 2.848050753289499, 4, 40.1336656101048, 318, 255922, 255922, 0.017771011218428612, 2.1533262729644775
1053, 0.08957163232844323, 2, 19.308804863598198, 151, 256073, 256073, 0.016848808154463768, 2.1460087299346924
1054, -1.3600667659848114, 2, 22.472297568339854, 176, 256249, 256249, 0.017197350040078163, 2.1366875171661377
1055, 2.295824512704712, 4, 40.13123629009351, 319, 256568, 256568, 0.01683957129716873, 2.128760576248169
1056, 2.801564543920904, 4, 40.05008960701525, 317, 256885, 256885, 0.016635742038488388, 2.1540040969848633
1057, 2.737298118765466, 4, 40.158362061250955, 318, 257203, 257203, 0.017023174092173576, 2.143711805343628
1058, -0.5352031830407213, 2, 28.915100738871843, 227, 257430, 257430, 0.01724069006741047, 2.129988670349121
1059, -1.4921145588668878, 2, 36.827411049976945, 291, 257721, 257721, 0.016577312722802162, 2.143730640411377
1060, -0.1430940332065802, 2, 17.698250313755125, 138, 257859, 257859, 0.017648641020059586, 2.1579413414001465
1061, 1.9474271766225684, 4, 40.07465462293476, 318, 258177, 258177, 0.017542820423841476, 2.1445939540863037
1062, 1.5067428786933306, 4, 40.17904659733176, 319, 258496, 258496, 0.017052730545401573, 2.1439270973205566
1063, -2.7713705746864434, 2, 27.963006588164717, 220, 258716, 258716, 0.017289120703935623, 2.145639181137085
1064, 1.4073515453928849, 4, 40.136082666926086, 318, 259034, 259034, 0.01721690408885479, 2.14597487449646
1065, 2.5309561824169577, 4, 40.129211992025375, 317, 259351, 259351, 0.016938326880335808, 2.14052152633667
1066, 3.0673810357366165, 4, 40.08092475729063, 318, 259669, 259669, 0.01658286154270172, 2.144737482070923
1067, 2.4825242281440296, 4, 40.166537038981915, 318, 259987, 259987, 0.016988247632980347, 2.140714168548584
1068, 2.3255662922856573, 4, 40.065946446266025, 318, 260305, 260305, 0.01750812493264675, 2.1313745975494385
1069, 2.4320617767493786, 4, 40.17983824480325, 318, 260623, 260623, 0.01672985590994358, 2.143913745880127
1070, 1.9535980729124276, 4, 40.067196467891335, 318, 260941, 260941, 0.016920940950512886, 2.147369861602783
1071, 3.2336760296566354, 4, 40.122864451725036, 318, 261259, 261259, 0.016674071550369263, 2.134732723236084
1072, 2.5029251269515953, 4, 40.13678322499618, 317, 261576, 261576, 0.017511507496237755, 2.1398611068725586
1073, 2.2582719689698934, 4, 40.04075978323817, 317, 261893, 261893, 0.017485512420535088, 2.1355607509613037
1074, 2.699764124026842, 4, 40.13765432499349, 318, 262211, 262211, 0.01795213110744953, 2.1249306201934814
1075, 1.6018888496164436, 4, 40.11750380508602, 318, 262529, 262529, 0.017158638685941696, 2.1206581592559814
1076, 2.405984487798378, 4, 40.13400671631098, 318, 262847, 262847, 0.016567744314670563, 2.1202852725982666
1077, 2.3248994980303905, 4, 40.06567002274096, 318, 263165, 263165, 0.01745181903243065, 2.1387667655944824
1078, -0.5244756031315774, 2, 12.23929414106533, 94, 263259, 263259, 0.01703052595257759, 2.1341052055358887
1079, 1.6128945464879507, 4, 40.09168320102617, 318, 263577, 263577, 0.01724407821893692, 2.115602970123291
1080, -0.1695947248963421, 2, 27.80090695200488, 219, 263796, 263796, 0.016867613419890404, 2.1345293521881104
1081, 2.2046975322200524, 4, 40.150770218111575, 318, 264114, 264114, 0.017660964280366898, 2.125758409500122
1082, 3.530627968335466, 4, 40.07545106578618, 317, 264431, 264431, 0.018098799511790276, 2.127713203430176
1083, 2.2980848639053875, 4, 40.14207861106843, 319, 264750, 264750, 0.01683390513062477, 2.126408815383911
1084, -0.9373870042109047, 2, 28.700849746819586, 226, 264976, 264976, 0.017476577311754227, 2.1302952766418457
1085, 2.951808738631371, 4, 40.10200163908303, 318, 265294, 265294, 0.01719694957137108, 2.1292684078216553
1086, 1.7018562948069302, 4, 40.108501775190234, 316, 265610, 265610, 0.017018131911754608, 2.1207845211029053
1087, 2.718382401173585, 4, 40.18828039383516, 318, 265928, 265928, 0.017034484073519707, 2.1170973777770996
1088, 2.6026221064530546, 4, 40.40672325575724, 321, 266249, 266249, 0.01580207236111164, 2.1254849433898926
1089, 2.5215967628309954, 4, 40.077298775780946, 318, 266567, 266567, 0.017222268506884575, 2.1204020977020264
1090, -0.9133890912617062, 2, 35.61656880332157, 282, 266849, 266849, 0.016604533419013023, 2.124767541885376
1091, 2.8704528341040714, 4, 40.11897809896618, 318, 267167, 267167, 0.016799122095108032, 2.125842571258545
1092, -1.8021623759996146, 2, 15.165459302254021, 118, 267285, 267285, 0.01852572336792946, 2.128323793411255
1093, 0.5991551068145782, 4, 40.127935697790235, 319, 267604, 267604, 0.017511170357465744, 2.1266560554504395
1094, 2.650212875698344, 4, 40.06961815804243, 316, 267920, 267920, 0.017068825662136078, 2.123189687728882
1095, -0.6534506015877923, 2, 35.44653245899826, 281, 268201, 268201, 0.017277123406529427, 2.123100519180298
1096, 1.3203062038664939, 4, 40.102880786173046, 317, 268518, 268518, 0.016444537788629532, 2.109562873840332
1097, -2.7881634955265326, 2, 39.8633266990073, 314, 268832, 268832, 0.016944190487265587, 2.1226541996002197
1098, -0.5512478616146836, 4, 40.16681813681498, 319, 269151, 269151, 0.017291203141212463, 2.1193931102752686
1099, 2.3684932325559203, 4, 40.19693772401661, 319, 269470, 269470, 0.016691580414772034, 2.123089551925659
1100, -0.42294634543941356, 2, 36.9574287510477, 292, 269762, 269762, 0.01622188836336136, 2.1169049739837646
1101, -0.6608955166238957, 2, 38.647647524252534, 306, 270068, 270068, 0.017491012811660767, 2.109367609024048
1102, 2.52418461063462, 4, 40.08865802967921, 318, 270386, 270386, 0.018209615722298622, 2.11348295211792
1103, 1.8461789284774568, 4, 40.16568288113922, 317, 270703, 270703, 0.01597451977431774, 2.1185872554779053
1104, 2.71307865845165, 4, 40.09316625492647, 317, 271020, 271020, 0.01634620875120163, 2.113992214202881
1105, 3.4049900602694834, 4, 40.15617049392313, 319, 271339, 271339, 0.016865091398358345, 2.1139280796051025
1106, 1.3901288984052371, 4, 40.18233825499192, 319, 271658, 271658, 0.017409896478056908, 2.1154749393463135
1107, -0.3550535877002403, 2, 15.963807462248951, 123, 271781, 271781, 0.016869932413101196, 2.1281027793884277
1108, -0.5226875600401399, 2, 28.868421491235495, 228, 272009, 272009, 0.01801728457212448, 2.1144251823425293
1109, -1.0259843686726526, 2, 34.40502869943157, 272, 272281, 272281, 0.016505153849720955, 2.115144729614258
1110, 3.2250988196828985, 4, 40.089024061802775, 317, 272598, 272598, 0.016848254948854446, 2.1256728172302246
1111, 2.66721614216749, 4, 40.08424607291818, 317, 272915, 272915, 0.017172550782561302, 2.119856595993042
1112, 1.931940866066725, 4, 40.18050007009879, 318, 273233, 273233, 0.01710372418165207, 2.114448308944702
1113, -1.1778689494967693, 2, 30.657711069099605, 240, 273473, 273473, 0.017997706308960915, 2.1189591884613037
1114, 2.6615664301971265, 4, 40.14609150774777, 318, 273791, 273791, 0.016567938029766083, 2.1181161403656006
1115, 2.6308339058450656, 4, 40.19816409004852, 318, 274109, 274109, 0.016861524432897568, 2.119642734527588
1116, 3.38311975256147, 4, 40.11872614780441, 317, 274426, 274426, 0.016604801639914513, 2.10136079788208
1117, 2.8442527443985455, 4, 40.08824212430045, 317, 274743, 274743, 0.016618281602859497, 2.1033871173858643
1118, 2.4256028643399077, 4, 40.16208030283451, 318, 275061, 275061, 0.01781950145959854, 2.0981667041778564
1119, -2.4308225811691955, 2, 25.278212503064424, 199, 275260, 275260, 0.016606122255325317, 2.1049108505249023
1120, 2.7175866492243586, 4, 40.17341627506539, 317, 275577, 275577, 0.01663121022284031, 2.094021797180176
1121, 2.9115454627540203, 4, 40.069606109987944, 317, 275894, 275894, 0.01735486090183258, 2.109602451324463
1122, 2.4666134283779684, 4, 40.1075126491487, 318, 276212, 276212, 0.01702835038304329, 2.0966475009918213
1123, 2.4821725593865267, 4, 40.15335365617648, 318, 276530, 276530, 0.017260193824768066, 2.1144275665283203
1124, 3.212837061386381, 4, 40.096247690264136, 317, 276847, 276847, 0.017548343166708946, 2.1010842323303223
1125, -0.7674615748328506, 2, 16.34889096999541, 127, 276974, 276974, 0.017731530591845512, 2.1061224937438965
1126, -1.0025672181072878, 2, 39.97634184686467, 317, 277291, 277291, 0.01771833933889866, 2.1034348011016846
1127, -0.7239572856669838, 2, 18.3661189917475, 143, 277434, 277434, 0.017841916531324387, 2.09549880027771
1128, -0.5750624791253358, 2, 12.524073076900095, 96, 277530, 277530, 0.01575537584722042, 2.119169235229492
1129, 3.122841581953253, 4, 40.1512096892111, 318, 277848, 277848, 0.01603173278272152, 2.108311653137207
1130, 2.70511376921786, 4, 40.17367580300197, 318, 278166, 278166, 0.016599586233496666, 2.097534656524658
1131, 2.68983965156076, 4, 40.10685110790655, 318, 278484, 278484, 0.0156546663492918, 2.0943450927734375
1132, 2.889985415233241, 4, 40.06608890090138, 317, 278801, 278801, 0.017190037295222282, 2.096343994140625
1133, 2.8803906572611595, 4, 40.20075654098764, 316, 279117, 279117, 0.017550701275467873, 2.101252317428589
1134, -1.138566680601798, 2, 37.646840007044375, 298, 279415, 279415, 0.01736157014966011, 2.0964043140411377
1135, 2.6775188246356265, 4, 40.05920324521139, 318, 279733, 279733, 0.017543083056807518, 2.1082513332366943
1136, -1.2462627045460977, 2, 25.58496431307867, 201, 279934, 279934, 0.01797933503985405, 2.120469093322754
1137, 1.6881411567737814, 4, 40.174456090666354, 319, 280253, 280253, 0.01739690825343132, 2.0962331295013428
1138, 2.5975537071753934, 4, 40.12522392999381, 317, 280570, 280570, 0.017393559217453003, 2.1072895526885986
1139, -1.6518226793559734, 2, 24.178038262296468, 188, 280758, 280758, 0.018312998116016388, 2.090745210647583
1140, 2.4460321280930657, 4, 40.13888891413808, 318, 281076, 281076, 0.016935162246227264, 2.105685234069824
1141, 2.8505773250053608, 4, 40.13560217106715, 317, 281393, 281393, 0.016547860577702522, 2.102867603302002
1142, 2.57248584961053, 4, 40.165862179826945, 318, 281711, 281711, 0.01699649728834629, 2.100728988647461
1143, 2.2917178463203527, 4, 40.109552301932126, 318, 282029, 282029, 0.017050879076123238, 2.0996363162994385
1144, 2.5858390220710135, 4, 40.15232223691419, 318, 282347, 282347, 0.017523810267448425, 2.090062141418457
1145, 2.2154375920217717, 4, 40.07377832895145, 317, 282664, 282664, 0.017276857048273087, 2.093250274658203
1146, 1.961238641161799, 4, 40.06454605516046, 317, 282981, 282981, 0.017974834889173508, 2.0896341800689697
1147, 1.1017006792826578, 4, 40.16490165097639, 319, 283300, 283300, 0.01686752960085869, 2.092738151550293
1148, 1.782198231347138, 4, 40.121154124848545, 315, 283615, 283615, 0.015988687053322792, 2.0973331928253174
1149, 2.4768658177999896, 4, 40.143507237546146, 318, 283933, 283933, 0.016126958653330803, 2.095808267593384
1150, 2.6190578203240875, 4, 40.130531965289265, 317, 284250, 284250, 0.01824158988893032, 2.0911037921905518
1151, 3.094809239197275, 4, 40.150256445165724, 318, 284568, 284568, 0.017062421888113022, 2.0930662155151367
1152, 3.221315631904872, 4, 40.12980157695711, 318, 284886, 284886, 0.017144961282610893, 2.0887062549591064
1153, 3.2551364095997997, 4, 40.08700038306415, 317, 285203, 285203, 0.016877135261893272, 2.088350296020508
1154, 2.661756068642717, 4, 40.134728668723255, 318, 285521, 285521, 0.01702425256371498, 2.0953073501586914
1155, 2.5164270126260817, 4, 40.162226140964776, 318, 285839, 285839, 0.017242219299077988, 2.0824785232543945
1156, 3.0907780201268906, 4, 40.10806478513405, 317, 286156, 286156, 0.016544189304113388, 2.083678722381592
1157, 3.366364582067945, 4, 40.15725694410503, 316, 286472, 286472, 0.016531100496649742, 2.0738022327423096
1158, -1.1698111136211082, 4, 40.10933543834835, 318, 286790, 286790, 0.017297985032200813, 2.086453914642334
1159, 1.8993869355126662, 4, 40.103608367964625, 318, 287108, 287108, 0.016533249989151955, 2.082803726196289
1160, 2.1861920647788793, 4, 40.14882350200787, 318, 287426, 287426, 0.017520038411021233, 2.0742363929748535
1161, 1.6549762235954404, 4, 40.17082743300125, 319, 287745, 287745, 0.01682722382247448, 2.0887792110443115
1162, 2.8264609406032832, 4, 40.08294975012541, 318, 288063, 288063, 0.016047988086938858, 2.075662851333618
1163, 3.4674753741965105, 4, 40.14214066974819, 318, 288381, 288381, 0.016347849741578102, 2.0782246589660645
1164, 1.566753337125192, 4, 40.15661724936217, 318, 288699, 288699, 0.017352990806102753, 2.072730779647827
1165, -0.8116653161123395, 2, 21.962572927121073, 172, 288871, 288871, 0.01689877174794674, 2.077871561050415
1166, 2.981151015490468, 4, 40.192727888934314, 318, 289189, 289189, 0.017162848263978958, 2.0824131965637207
1167, 0.9284205143485451, 4, 40.104293721262366, 318, 289507, 289507, 0.01783437281847, 2.0622811317443848
1168, 2.5354694402860787, 4, 40.10375957423821, 317, 289824, 289824, 0.01698969304561615, 2.059117555618286
1169, -1.2250568201416172, 2, 25.659434685949236, 202, 290026, 290026, 0.016701728105545044, 2.060772180557251
1170, 2.7148545351901703, 4, 40.165606991853565, 318, 290344, 290344, 0.01680798828601837, 2.08211350440979
1171, 3.4097503584853257, 4, 40.142263306770474, 318, 290662, 290662, 0.016899922862648964, 2.08125901222229
1172, 2.1776234723220114, 4, 40.15142771182582, 317, 290979, 290979, 0.01713261939585209, 2.067668914794922
1173, 1.8913264352740953, 4, 40.141008597798645, 318, 291297, 291297, 0.016678201034665108, 2.070441961288452
1174, -0.9665984740543081, 2, 34.879324899055064, 276, 291573, 291573, 0.01731572486460209, 2.054983615875244
1175, -0.9588336020606221, 4, 40.14084560936317, 319, 291892, 291892, 0.016931192949414253, 2.0736427307128906
1176, 2.633268844581835, 4, 40.11499815713614, 317, 292209, 292209, 0.016231214627623558, 2.0648128986358643
1177, -4.152411396498792, 2, 6.5129769667983055, 48, 292257, 292257, 0.019068347290158272, 2.068664073944092
1178, 2.6083577736935695, 4, 40.15419126721099, 318, 292575, 292575, 0.016462009400129318, 2.087231159210205
1179, 2.8203960826213006, 4, 40.10665896907449, 318, 292893, 292893, 0.016357313841581345, 2.073683977127075
1180, -3.7288820911198854, 2, 8.230678281281143, 57, 292950, 292950, 0.015097490511834621, 2.050382614135742
1181, 2.897094991403719, 4, 40.17232245299965, 318, 293268, 293268, 0.016845714300870895, 2.0586917400360107
1182, 2.869118230053573, 4, 40.127764557953924, 318, 293586, 293586, 0.016312506049871445, 2.0761303901672363
1183, 1.0271929989103228, 4, 40.157474654726684, 318, 293904, 293904, 0.016986558213829994, 2.0717875957489014
1184, -2.6055349855305394, 2, 13.786889023147523, 106, 294010, 294010, 0.017070353031158447, 2.0564281940460205
1185, 3.0420831292358343, 4, 40.154791865032166, 316, 294326, 294326, 0.018849249929189682, 2.0640437602996826
1186, 2.1637715216565994, 4, 40.13531788485125, 318, 294644, 294644, 0.015996921807527542, 2.07031512260437
1187, 2.7681062006484165, 4, 40.19091456895694, 317, 294961, 294961, 0.01740235835313797, 2.0619499683380127
1188, -1.2962170552418684, 2, 37.90282120509073, 298, 295259, 295259, 0.017412176355719566, 2.0520575046539307
1189, 1.527123051804665, 4, 40.18231167271733, 318, 295577, 295577, 0.017276249825954437, 2.0659778118133545
1190, 2.207630082819378, 4, 40.162042952142656, 318, 295895, 295895, 0.01762288622558117, 2.0640745162963867
1191, 2.1812317053918377, 4, 40.082412662915885, 318, 296213, 296213, 0.01668565534055233, 2.058443307876587
1192, 2.0039677327295067, 4, 40.11122189788148, 317, 296530, 296530, 0.017658350989222527, 2.0600147247314453
1193, 3.133611438679509, 4, 40.11672230716795, 317, 296847, 296847, 0.01743011362850666, 2.061725616455078
1194, 2.6790287420822096, 4, 40.18872203910723, 318, 297165, 297165, 0.0164649598300457, 2.050297498703003
1195, -3.3131971003022045, 2, 6.7828497239388525, 50, 297215, 297215, 0.015764353796839714, 2.091390371322632
1196, 2.473368956709237, 4, 40.10424924688414, 318, 297533, 297533, 0.017350034788250923, 2.047405242919922
1197, 2.0886369864601875, 4, 40.164615406189114, 318, 297851, 297851, 0.016799448058009148, 2.068495750427246
1198, 1.8794480573778856, 4, 40.102756281849, 317, 298168, 298168, 0.016750121489167213, 2.067843437194824
1199, 1.5071191314273165, 4, 40.166718611028045, 317, 298485, 298485, 0.017667751759290695, 2.054990291595459
1200, -2.4987095683718508, 2, 21.164682216010988, 165, 298650, 298650, 0.015546261332929134, 2.0451712608337402
1201, 2.4371211011821288, 4, 40.08135708468035, 317, 298967, 298967, 0.017101706936955452, 2.048628807067871
1202, -0.09426439940580167, 2, 24.900668988004327, 195, 299162, 299162, 0.01606117933988571, 2.0553410053253174
1203, 2.5453442183643347, 4, 40.10631435364485, 317, 299479, 299479, 0.017472904175519943, 2.049130916595459
1204, 2.9445491294682142, 4, 40.094974575098604, 315, 299794, 299794, 0.01671583019196987, 2.0538463592529297
1205, -2.298084636171552, 2, 17.14129861909896, 133, 299927, 299927, 0.017676958814263344, 2.05499267578125
1206, 2.8546675137185957, 4, 40.0866012647748, 317, 300244, 300244, 0.016559945419430733, 2.0514612197875977
1207, 2.9248843104942353, 4, 40.158507395070046, 318, 300562, 300562, 0.01749158278107643, 2.0413084030151367
1208, -2.7024635476409458, 2, 27.240944772958755, 214, 300776, 300776, 0.017322396859526634, 2.0576372146606445
1209, -0.12275221106392564, 2, 27.550001312978566, 216, 300992, 300992, 0.01775638945400715, 2.0493412017822266
1210, 2.196573275665287, 4, 40.08890100894496, 318, 301310, 301310, 0.016386400908231735, 2.054957151412964
1211, 0.029629515251144767, 2, 16.16309847123921, 125, 301435, 301435, 0.016124587506055832, 2.0390465259552
1212, 2.991073342898744, 4, 40.10958270775154, 317, 301752, 301752, 0.01691371574997902, 2.0523221492767334
1213, 2.8998142363561783, 4, 40.15251268912107, 318, 302070, 302070, 0.016098005697131157, 2.049298048019409
1214, 1.436798726557754, 4, 40.148702579084784, 318, 302388, 302388, 0.016477011144161224, 2.0437560081481934
1215, -0.4186623010900803, 2, 15.59828331694007, 121, 302509, 302509, 0.017481910064816475, 2.0379364490509033
1216, 2.1912082342241774, 4, 40.135406820103526, 317, 302826, 302826, 0.01791222020983696, 2.0433387756347656
1217, 2.5762457294379146, 4, 40.10169521672651, 317, 303143, 303143, 0.01639510877430439, 2.041055917739868
1218, -0.3675696301579592, 2, 30.547351249027997, 240, 303383, 303383, 0.016788844019174576, 2.0289416313171387
1219, 3.29008122705568, 4, 40.159252625424415, 317, 303700, 303700, 0.016887448728084564, 2.039883613586426
1220, 3.0736486859495926, 4, 40.143658057786524, 317, 304017, 304017, 0.016985295340418816, 2.036682605743408
1221, 2.69338602699645, 4, 40.05919170798734, 316, 304333, 304333, 0.01664709486067295, 2.035813093185425
1222, 2.8994073640533315, 4, 40.0814940626733, 317, 304650, 304650, 0.01684185490012169, 2.033594846725464
1223, 2.6435529658174346, 4, 40.132460688240826, 318, 304968, 304968, 0.017077632248401642, 2.034553050994873
1224, 2.595120548012801, 4, 40.132994630374014, 317, 305285, 305285, 0.016640307381749153, 2.054450273513794
1225, 2.982636623451981, 4, 40.50737641006708, 320, 305605, 305605, 0.017078951001167297, 2.0229949951171875
1226, 2.2461809547967277, 4, 40.11322242021561, 318, 305923, 305923, 0.0175340473651886, 2.038421392440796
1227, -2.2041075447632466, 2, 16.47319588297978, 127, 306050, 306050, 0.01634635031223297, 2.0375542640686035
1228, -1.260170447989367, 2, 28.682127375155687, 226, 306276, 306276, 0.017036814242601395, 2.042712688446045
1229, 2.348357860897522, 4, 40.06376899918541, 316, 306592, 306592, 0.017141634598374367, 2.0308172702789307
1230, 2.4192577178291685, 4, 40.18187656998634, 318, 306910, 306910, 0.017380526289343834, 2.0363261699676514
1231, 0.6399935835215729, 4, 40.09102194197476, 318, 307228, 307228, 0.017382793128490448, 2.0302846431732178
1232, -2.646249982935842, 2, 18.274049952160567, 142, 307370, 307370, 0.017304537817835808, 2.0352442264556885
1233, 2.1409288734430447, 4, 40.110427195206285, 317, 307687, 307687, 0.01671583577990532, 2.0271031856536865
1234, 1.8915859645640012, 4, 40.13289357209578, 318, 308005, 308005, 0.017277339473366737, 2.04433274269104
1235, 2.6721150421362836, 4, 40.15072570927441, 318, 308323, 308323, 0.01733412593603134, 2.0238006114959717
1236, 3.0124187092860666, 4, 40.08312102314085, 317, 308640, 308640, 0.017386699095368385, 2.0325727462768555
1237, 2.539428642801795, 4, 40.087805073708296, 317, 308957, 308957, 0.01748679392039776, 2.032053232192993
1238, -0.7128320969568449, 2, 20.429532803129405, 159, 309116, 309116, 0.01744084060192108, 2.0209431648254395
1239, -2.568427799953497, 2, 18.661556100007147, 145, 309261, 309261, 0.017969414591789246, 2.030376672744751
1240, 2.0258207219721953, 4, 40.14186486694962, 317, 309578, 309578, 0.017289405688643456, 2.0123236179351807
1241, 2.785094193803161, 4, 40.13315116567537, 318, 309896, 309896, 0.017096905037760735, 2.0366406440734863
1242, 1.7518487909401301, 4, 40.18915894208476, 316, 310212, 310212, 0.01724693551659584, 2.025946617126465
1243, 3.3913252653728705, 4, 40.108664060011506, 316, 310528, 310528, 0.016383454203605652, 2.043527126312256
1244, 2.75648229309445, 4, 40.14694786211476, 318, 310846, 310846, 0.01645583100616932, 2.03480863571167
1245, 3.220499375820509, 4, 40.112306433264166, 316, 311162, 311162, 0.017823055386543274, 2.022937297821045
1246, -1.03480538043641, 2, 29.012745598331094, 228, 311390, 311390, 0.017595089972019196, 2.0331671237945557
1247, 2.5450515525640185, 4, 40.07952600903809, 316, 311706, 311706, 0.017403893172740936, 2.025974988937378
1248, 2.241485444334103, 4, 40.10782117256895, 317, 312023, 312023, 0.016743214800953865, 2.013444662094116
1249, 1.8329977217886153, 4, 40.16335127688944, 317, 312340, 312340, 0.016118988394737244, 2.0290260314941406
1250, 2.8845366631576326, 4, 40.146780845709145, 315, 312655, 312655, 0.017270293086767197, 2.0283124446868896
1251, 2.286890507879434, 4, 40.14475779281929, 318, 312973, 312973, 0.01701921410858631, 2.019582986831665
1252, 3.1948559340980864, 4, 40.08779265079647, 316, 313289, 313289, 0.017837533727288246, 2.0148069858551025
1253, 2.8930840268731117, 4, 40.09915855200961, 317, 313606, 313606, 0.017504442483186722, 2.0173676013946533
1254, 2.320247297387141, 4, 40.12605917919427, 316, 313922, 313922, 0.01743532344698906, 2.0172958374023438
1255, 2.8204579366429243, 4, 40.17870835820213, 318, 314240, 314240, 0.01646280474960804, 2.0227856636047363
1256, 2.940803211018647, 4, 40.1023443848826, 317, 314557, 314557, 0.01715284027159214, 2.0218048095703125
1257, 2.0316011057566357, 4, 40.126873972825706, 318, 314875, 314875, 0.017192943021655083, 1.9987308979034424
1258, 1.1037562274723314, 4, 40.09247076231986, 317, 315192, 315192, 0.01669001206755638, 2.0194437503814697
1259, 2.9909710247447947, 4, 40.09739960310981, 317, 315509, 315509, 0.017098089680075645, 2.004365921020508
1260, 2.566822189837694, 4, 40.114502128213644, 318, 315827, 315827, 0.01721162535250187, 2.0137884616851807
1261, 1.951605258510881, 4, 40.15649220068008, 317, 316144, 316144, 0.01700635440647602, 2.0200576782226562
1262, 3.6419926963571925, 4, 40.16829402092844, 318, 316462, 316462, 0.017175357788801193, 2.0022659301757812
1263, -0.648346614849288, 2, 22.727099771611392, 178, 316640, 316640, 0.017106566578149796, 2.0243568420410156
1264, 2.2296234199493483, 4, 40.17457499075681, 318, 316958, 316958, 0.016689307987689972, 2.0148491859436035
1265, -0.3552523368562106, 2, 22.479599102865905, 175, 317133, 317133, 0.017787422984838486, 2.008513927459717
1266, 1.3570299953653375, 4, 40.15458638174459, 318, 317451, 317451, 0.016355976462364197, 2.002574920654297
1267, 2.6136700688621204, 4, 40.1171793541871, 317, 317768, 317768, 0.017237139865756035, 2.001164197921753
1268, 2.3849906940886285, 4, 40.05663039814681, 316, 318084, 318084, 0.017580218613147736, 2.019939422607422
1269, 3.0787045730994578, 4, 40.16321922978386, 317, 318401, 318401, 0.016677459701895714, 2.00014591217041
1270, 1.7284901122038718, 4, 40.07152253994718, 317, 318718, 318718, 0.016391417011618614, 2.0107390880584717
1271, 1.6607847306659096, 4, 40.107704367954284, 317, 319035, 319035, 0.016557693481445312, 2.003612995147705
1272, 2.504444283731573, 4, 40.13155469112098, 317, 319352, 319352, 0.01654979959130287, 1.993034839630127
1273, 2.1175174871605122, 4, 40.14317124709487, 317, 319669, 319669, 0.01566910557448864, 2.002800941467285
1274, 3.009180871216813, 4, 40.12046201201156, 316, 319985, 319985, 0.01823272742331028, 2.0090949535369873
1275, 2.190692490301444, 4, 40.16546850698069, 318, 320303, 320303, 0.01698175258934498, 2.01096248626709
1276, 2.0615017429881846, 4, 40.111478539183736, 317, 320620, 320620, 0.0168504249304533, 2.001795768737793
1277, 2.6110996367497137, 4, 40.1691885846667, 318, 320938, 320938, 0.01621745154261589, 2.0003957748413086
1278, 3.2141344743140507, 4, 40.14969891496003, 317, 321255, 321255, 0.017066162079572678, 1.9935630559921265
1279, 3.0536800054505875, 4, 40.161606068722904, 317, 321572, 321572, 0.017933206632733345, 1.9966002702713013
1280, -1.1004221025796141, 2, 27.080132116097957, 212, 321784, 321784, 0.017660727724432945, 2.0030508041381836
1281, -0.524452646735881, 2, 31.86105529218912, 249, 322033, 322033, 0.016695229336619377, 1.993896245956421
1282, -1.2979427256832423, 2, 31.47727845888585, 248, 322281, 322281, 0.016806647181510925, 1.9959933757781982
1283, -2.9890098909381777, 2, 10.791014465969056, 82, 322363, 322363, 0.016324125230312347, 1.9966745376586914
1284, -0.7670946384314448, 2, 13.280753845814615, 102, 322465, 322465, 0.017531657591462135, 1.9834500551223755
1285, 2.5847788638129714, 4, 40.14798844838515, 317, 322782, 322782, 0.016913481056690216, 1.9961544275283813
1286, 2.7499670724064345, 4, 40.072128506843, 317, 323099, 323099, 0.017669862136244774, 2.0022151470184326
1287, 2.6153777371073375, 4, 40.130794276017696, 317, 323416, 323416, 0.017352545633912086, 2.0003607273101807
1288, -0.34691099745850806, 2, 34.91369972098619, 275, 323691, 323691, 0.017292635515332222, 2.0042786598205566
1289, 1.1623135108793576, 4, 40.108978344127536, 318, 324009, 324009, 0.017211196944117546, 1.9998180866241455
1290, 2.3669780057680327, 4, 40.115659337025136, 316, 324325, 324325, 0.01622631959617138, 2.002875566482544
1291, 2.7690869823563844, 4, 40.11687252158299, 318, 324643, 324643, 0.017197897657752037, 1.996800422668457
1292, 2.7596249701527995, 4, 40.08364556496963, 317, 324960, 324960, 0.01693664863705635, 1.9949384927749634
1293, 3.020354435167974, 4, 40.101098902057856, 317, 325277, 325277, 0.016961760818958282, 1.9856523275375366
1294, -1.1707674235804006, 2, 12.476826526224613, 93, 325370, 325370, 0.016210418194532394, 1.9808440208435059
1295, -2.0012049424403813, 2, 24.66588786104694, 193, 325563, 325563, 0.016408661380410194, 1.9953616857528687
1296, 2.0917722485210106, 4, 40.07467788318172, 317, 325880, 325880, 0.017210910096764565, 1.9850388765335083
1297, 2.140227723541102, 4, 40.12206662585959, 317, 326197, 326197, 0.01711556501686573, 1.9794659614562988
1298, 1.7774779254349369, 4, 40.175226700957865, 317, 326514, 326514, 0.01660061441361904, 1.979537844657898
1299, 2.197943241466419, 4, 40.09625426493585, 317, 326831, 326831, 0.017391974106431007, 1.9903186559677124
1300, 1.78314973594388, 4, 40.13813948398456, 316, 327147, 327147, 0.017953405156731606, 1.994280457496643
1301, 3.2190502420753546, 4, 40.14292526477948, 317, 327464, 327464, 0.0166621096432209, 1.9915097951889038
1302, 2.7514886349990775, 4, 40.069417933002114, 317, 327781, 327781, 0.017402978613972664, 1.9934673309326172
1303, 2.823961720088846, 4, 40.137664769310504, 317, 328098, 328098, 0.017449257895350456, 2.000136613845825
1304, 2.4691407040591002, 4, 40.15594670595601, 317, 328415, 328415, 0.017618753015995026, 1.9724972248077393
1305, 2.6410279541887576, 4, 40.15492680715397, 317, 328732, 328732, 0.016828078776597977, 1.9847183227539062
1306, 2.0298464923689608, 4, 40.072052345145494, 317, 329049, 329049, 0.01697538234293461, 1.9813945293426514
1307, 2.425585498844157, 4, 40.157860631588846, 317, 329366, 329366, 0.016940690577030182, 1.9969826936721802
1308, 2.698936026528827, 4, 40.09882649593055, 316, 329682, 329682, 0.017104018479585648, 1.9881476163864136
1309, -2.5575718084946857, 2, 16.340628739912063, 125, 329807, 329807, 0.016935858875513077, 1.9818674325942993
1310, 1.7312566106775193, 4, 40.17487441422418, 318, 330125, 330125, 0.017259161919355392, 1.9832907915115356
1311, 1.0407309288384567, 4, 40.08039162866771, 317, 330442, 330442, 0.016997767612338066, 1.9767743349075317
1312, 2.263250429838081, 4, 40.11398034123704, 317, 330759, 330759, 0.017488358542323112, 1.992370367050171
1313, -4.156224393169396, 2, 6.905123570933938, 50, 330809, 330809, 0.018476324155926704, 1.9402073621749878
1314, 3.1664876424931663, 4, 40.156554565764964, 317, 331126, 331126, 0.018334461376070976, 1.976086974143982
1315, 3.1394368710680283, 4, 40.171905694995075, 318, 331444, 331444, 0.01701916754245758, 1.981128215789795
1316, 2.3629575504928653, 4, 40.084334606304765, 317, 331761, 331761, 0.01820986159145832, 1.979894995689392
1317, 1.659247037867317, 4, 40.12864498607814, 318, 332079, 332079, 0.01723865419626236, 1.972758173942566
1318, 2.4557264784525614, 4, 40.114909290801734, 316, 332395, 332395, 0.01773122139275074, 1.9803134202957153
1319, 2.525499574191599, 4, 40.17234912421554, 315, 332710, 332710, 0.01723528653383255, 1.9741570949554443
1320, 2.7108656296040863, 4, 40.09467723593116, 317, 333027, 333027, 0.01765129528939724, 1.975841999053955
1321, 3.2095197619528335, 4, 40.18338223779574, 317, 333344, 333344, 0.01762831211090088, 1.9985089302062988
1322, 2.985755242058076, 4, 40.15971645899117, 317, 333661, 333661, 0.01655767112970352, 1.961460828781128
1323, -0.4105079600412864, 2, 25.164549550041556, 197, 333858, 333858, 0.017112290486693382, 1.9666188955307007
1324, 2.778971510764677, 4, 40.11706081777811, 316, 334174, 334174, 0.017195628955960274, 1.9793040752410889
1325, 1.2557262516347691, 4, 40.187081085983664, 318, 334492, 334492, 0.017340537160634995, 1.9786254167556763
1326, -1.1289316886104643, 2, 14.025720004923642, 108, 334600, 334600, 0.01764206774532795, 1.9503905773162842
1327, 2.8053560640546493, 4, 40.142298005055636, 316, 334916, 334916, 0.016266517341136932, 1.9803725481033325
1328, -0.5057236074862885, 2, 27.123948747757822, 211, 335127, 335127, 0.017542056739330292, 1.9806339740753174
1329, 2.505283244405291, 4, 40.09776721475646, 317, 335444, 335444, 0.016264840960502625, 1.9607118368148804
1330, 2.7274040413831244, 4, 40.138953065034, 316, 335760, 335760, 0.01758946292102337, 1.9857925176620483
1331, 2.063264751332099, 4, 40.06702857092023, 317, 336077, 336077, 0.01685752347111702, 1.9622759819030762
1332, 2.168016842158977, 4, 40.14066168712452, 318, 336395, 336395, 0.01695333607494831, 1.9782840013504028
1333, 0.43628483142697405, 4, 40.1191252139397, 317, 336712, 336712, 0.01689445786178112, 1.980432152748108
1334, 0.22755618952214718, 2, 20.51088240602985, 159, 336871, 336871, 0.016551082953810692, 1.952938437461853
1335, 1.9544628437361098, 4, 40.12046152167022, 317, 337188, 337188, 0.0166526660323143, 1.9745255708694458
1336, -0.8316888966510305, 2, 27.432487362995744, 215, 337403, 337403, 0.016779234632849693, 1.9549431800842285
1337, -2.5629437541792868, 2, 34.33312153862789, 270, 337673, 337673, 0.01707838848233223, 1.9683306217193604
1338, 1.7763525792397559, 4, 40.133464916143566, 317, 337990, 337990, 0.017311710864305496, 1.948859691619873
1339, 2.943958778324486, 4, 40.17490968015045, 317, 338307, 338307, 0.01723874919116497, 1.9675325155258179
1340, 2.4724059690081504, 4, 40.176675904076546, 318, 338625, 338625, 0.016986055299639702, 1.9586267471313477
1341, 2.256531144557812, 4, 40.178770075086504, 317, 338942, 338942, 0.016170747578144073, 1.964838981628418
1342, 2.3432382249084185, 4, 40.117160686291754, 317, 339259, 339259, 0.017014555633068085, 1.958815574645996
1343, 3.158082889058278, 4, 40.146309193223715, 317, 339576, 339576, 0.017215760424733162, 1.966469407081604
1344, 2.4681701913686993, 4, 40.123966202139854, 317, 339893, 339893, 0.01683628559112549, 1.9532757997512817
1345, 2.9784625254469574, 4, 40.18851415999234, 317, 340210, 340210, 0.017797419801354408, 1.9638978242874146
1346, 2.879868487274507, 4, 40.07627605367452, 315, 340525, 340525, 0.01724584959447384, 1.9805775880813599
1347, -1.183377084089443, 2, 11.446632217150182, 87, 340612, 340612, 0.0165326576679945, 1.9631403684616089
1348, 0.9522420259017963, 4, 40.05518627399579, 317, 340929, 340929, 0.016842715442180634, 1.9656932353973389
1349, -1.038068625581218, 2, 36.67286809114739, 289, 341218, 341218, 0.017388636246323586, 1.9544368982315063
1350, 2.2931268533720868, 4, 40.10989434225485, 317, 341535, 341535, 0.016799723729491234, 1.9622455835342407
1351, 2.0200534160394454, 4, 40.105977785307914, 317, 341852, 341852, 0.016873324289917946, 1.9671798944473267
1352, 3.019779927126365, 4, 40.136625655926764, 317, 342169, 342169, 0.017320526763796806, 1.9578803777694702
1353, 2.245914780694875, 4, 40.19261177210137, 318, 342487, 342487, 0.018016640096902847, 1.968285083770752
1354, 2.0510548721686064, 4, 40.176721029914916, 318, 342805, 342805, 0.017488474026322365, 1.954433560371399
1355, -0.6518646883960173, 2, 30.920000804122537, 243, 343048, 343048, 0.016860561445355415, 1.9546504020690918
1356, -1.5006931795614946, 2, 36.99941763095558, 292, 343340, 343340, 0.017337029799818993, 1.9440804719924927
1357, 2.3288378684665076, 4, 40.05353352986276, 316, 343656, 343656, 0.017317604273557663, 1.9559544324874878
1358, 2.9454035465823836, 4, 40.099797076079994, 316, 343972, 343972, 0.016737408936023712, 1.9638102054595947
1359, 2.381941212206584, 4, 40.11944994935766, 317, 344289, 344289, 0.017549574375152588, 1.9593700170516968
1360, -3.3980435056146234, 2, 5.67728072591126, 41, 344330, 344330, 0.017057469114661217, 1.9457032680511475
1361, 2.757498994722482, 4, 40.063960367813706, 316, 344646, 344646, 0.01664457656443119, 1.9663798809051514
1362, 2.8601570875543985, 4, 40.09702176600695, 317, 344963, 344963, 0.017853615805506706, 1.960156798362732
1363, 2.5901612105699314, 4, 40.153249132912606, 317, 345280, 345280, 0.01703665964305401, 1.9474284648895264
1364, 3.143294884268471, 4, 40.0735838660039, 316, 345596, 345596, 0.017062507569789886, 1.9522844552993774
1365, 1.1805659085039224, 4, 40.10716852778569, 317, 345913, 345913, 0.017602797597646713, 1.940703272819519
1366, 2.6114347942420864, 4, 40.108198111876845, 316, 346229, 346229, 0.01718057505786419, 1.9491428136825562
1367, 3.265762568858918, 4, 40.08948874101043, 316, 346545, 346545, 0.0169758852571249, 1.9520313739776611
1368, 2.951727132218366, 4, 40.11541542597115, 316, 346861, 346861, 0.016931530088186264, 1.9609496593475342
1369, 2.0231484348041704, 4, 40.35366934305057, 317, 347178, 347178, 0.017108432948589325, 1.9439454078674316
1370, 1.742675903631607, 4, 40.158913208171725, 317, 347495, 347495, 0.016743648797273636, 1.9632680416107178
1371, -0.7856006894035659, 2, 31.78564662579447, 250, 347745, 347745, 0.016784410923719406, 1.952231526374817
1372, 2.768014537927229, 4, 40.177069386001676, 316, 348061, 348061, 0.01771555282175541, 1.9547022581100464
1373, 3.064493258404582, 4, 40.283179122023284, 316, 348377, 348377, 0.017859913408756256, 1.942944884300232
1374, -3.493978234822862, 2, 6.797716008033603, 50, 348427, 348427, 0.01790151186287403, 1.988938331604004
1375, -1.592071029386716, 2, 15.339560060761869, 118, 348545, 348545, 0.017007941380143166, 1.9689542055130005
1376, 2.7607738678198075, 4, 40.123476669192314, 317, 348862, 348862, 0.017486264929175377, 1.9455554485321045
1377, 2.334149622467521, 4, 40.12664623511955, 316, 349178, 349178, 0.017351113259792328, 1.9591139554977417
1378, 2.030911130153072, 4, 40.14628506777808, 317, 349495, 349495, 0.01754049025475979, 1.9457225799560547
1379, 3.4280346444793395, 4, 40.11636349698529, 316, 349811, 349811, 0.017457807436585426, 1.950487494468689
1380, 2.9597343737550545, 4, 40.13118512975052, 317, 350128, 350128, 0.017533227801322937, 1.9407355785369873
1381, 2.6853668306903273, 4, 40.15348833426833, 316, 350444, 350444, 0.01805114932358265, 1.9378818273544312
1382, 2.9596545759704895, 4, 40.222026373725384, 315, 350759, 350759, 0.016237718984484673, 1.9313853979110718
1383, 2.0353391603639466, 4, 40.13192259892821, 317, 351076, 351076, 0.017168860882520676, 1.9642940759658813
1384, 2.3969874103859183, 4, 40.11493903910741, 316, 351392, 351392, 0.01815531775355339, 1.9595165252685547
1385, -2.094977975822985, 2, 10.678697280120105, 81, 351473, 351473, 0.01791280508041382, 1.922450304031372
1386, 1.902463718580293, 4, 40.104776796884835, 316, 351789, 351789, 0.016801564022898674, 1.9335052967071533
1387, 3.332864231138956, 4, 40.14448819169775, 317, 352106, 352106, 0.017651598900556564, 1.933968186378479
1388, 2.5529513989094994, 4, 40.130392279010266, 315, 352421, 352421, 0.017846791073679924, 1.9468532800674438
1389, -0.45018477212943253, 2, 26.070531472098082, 204, 352625, 352625, 0.01732189580798149, 1.937278151512146
1390, -1.0036092596128583, 2, 10.036871771793813, 76, 352701, 352701, 0.017443740740418434, 1.9206677675247192
1391, 2.388648769023348, 4, 40.16966564813629, 312, 353013, 353013, 0.016375044360756874, 1.931744933128357
1392, 2.548082022469316, 4, 40.102842499967664, 317, 353330, 353330, 0.017191288992762566, 1.9336438179016113
1393, -0.8361548178363591, 2, 24.16264362167567, 189, 353519, 353519, 0.017182566225528717, 1.949015736579895
1394, -0.8027912519196434, 2, 38.60267731687054, 304, 353823, 353823, 0.01744110882282257, 1.9256949424743652
1395, 2.380709415396268, 4, 40.16806096304208, 317, 354140, 354140, 0.017744991928339005, 1.920989751815796
1396, 2.1149448138312437, 4, 40.09214209904894, 317, 354457, 354457, 0.016653412953019142, 1.9428688287734985
1397, 2.4583018919001915, 4, 40.17252541380003, 316, 354773, 354773, 0.01843676157295704, 1.9412966966629028
1398, 1.5392399506818037, 4, 40.111317043192685, 316, 355089, 355089, 0.01667095348238945, 1.9367098808288574
1399, -0.4112680951366201, 2, 16.255514645949006, 126, 355215, 355215, 0.016733679920434952, 1.939605951309204
1400, 2.448814926930936, 4, 40.04561354685575, 316, 355531, 355531, 0.01718451827764511, 1.9291267395019531
1401, 1.9747671835357323, 4, 40.0911461180076, 316, 355847, 355847, 0.01699620857834816, 1.92915678024292
1402, 2.4183939702343196, 4, 40.13707833085209, 317, 356164, 356164, 0.017433881759643555, 1.9291894435882568
1403, 3.0126282404149833, 4, 40.09350868081674, 317, 356481, 356481, 0.017568133771419525, 1.9439283609390259
1404, 2.539089277968742, 4, 40.13750147866085, 317, 356798, 356798, 0.017330553382635117, 1.9300583600997925
1405, 2.009488812473137, 4, 40.15109993098304, 317, 357115, 357115, 0.017357438802719116, 1.92826247215271
1406, 3.611719397813431, 4, 40.132454932667315, 317, 357432, 357432, 0.0169577207416296, 1.9397128820419312
1407, -0.5400709003442898, 2, 12.92007825197652, 99, 357531, 357531, 0.016186684370040894, 1.9248510599136353
1408, 2.390448991485755, 4, 40.12699918402359, 316, 357847, 357847, 0.016932904720306396, 1.9308758974075317
1409, 1.9861955950545962, 4, 40.08832058496773, 316, 358163, 358163, 0.01680951751768589, 1.9251422882080078
1410, 2.478709510621229, 4, 40.13145397696644, 316, 358479, 358479, 0.016614172607660294, 1.9155584573745728
1411, 3.0850795879268844, 4, 40.09607205912471, 316, 358795, 358795, 0.01745779998600483, 1.9243484735488892
1412, 0.16765819117426872, 2, 16.6604964598082, 129, 358924, 358924, 0.018334487453103065, 1.9126744270324707
1413, -2.309213620988885, 2, 38.487174907233566, 303, 359227, 359227, 0.01750895567238331, 1.911983847618103
1414, 1.9050964378297977, 4, 40.09116955474019, 316, 359543, 359543, 0.01711745746433735, 1.9394301176071167
1415, 2.0225282337141834, 4, 40.07636369438842, 316, 359859, 359859, 0.017737632617354393, 1.9252840280532837
1416, 2.407536640701437, 4, 40.10276080528274, 316, 360175, 360175, 0.01672109216451645, 1.925197958946228
1417, 2.241108890870237, 4, 40.11293607018888, 316, 360491, 360491, 0.016188133507966995, 1.9330310821533203
1418, -1.392283303597651, 2, 38.75492478813976, 305, 360796, 360796, 0.01766148954629898, 1.9122352600097656
1419, 2.5168438097607577, 4, 40.16716699907556, 318, 361114, 361114, 0.017643507570028305, 1.9206804037094116
1420, 0.9157404168799985, 4, 40.07574250502512, 317, 361431, 361431, 0.01700226031243801, 1.9168941974639893
1421, -0.6412521025558817, 2, 30.35431014187634, 238, 361669, 361669, 0.016609573736786842, 1.921181082725525
1422, 2.843494854241726, 4, 40.07605968834832, 316, 361985, 361985, 0.017960084602236748, 1.92091703414917
1423, 2.6316405697289156, 4, 40.137877005152404, 317, 362302, 362302, 0.01721961237490177, 1.9279457330703735
1424, 3.2145986469986383, 4, 40.121068159118295, 316, 362618, 362618, 0.01799580454826355, 1.9254034757614136
1425, 2.642734374909196, 4, 40.13628326682374, 316, 362934, 362934, 0.01795852556824684, 1.9182710647583008
1426, 2.7796354042857274, 4, 40.41783951316029, 316, 363250, 363250, 0.017292432487010956, 1.925576090812683
1427, -1.0532196868443862, 2, 40.066853787750006, 316, 363566, 363566, 0.016612885519862175, 1.9242744445800781
1428, 2.038648016867228, 4, 40.13568500429392, 317, 363883, 363883, 0.017472486943006516, 1.9281381368637085
1429, 2.531086731047253, 4, 40.21536100888625, 315, 364198, 364198, 0.017541581764817238, 1.9136189222335815
1430, 1.6160708390580112, 4, 40.17363269161433, 317, 364515, 364515, 0.017404306679964066, 1.9198698997497559
1431, 2.016283365755953, 4, 40.175748410169035, 318, 364833, 364833, 0.016447557136416435, 1.9065275192260742
1432, -1.5245181160062202, 2, 13.45707801124081, 103, 364936, 364936, 0.01621192879974842, 1.9129948616027832
1433, 1.580525610013865, 4, 40.15944512793794, 317, 365253, 365253, 0.017538029700517654, 1.9072213172912598
1434, 2.1656158164551016, 4, 40.5448297644034, 320, 365573, 365573, 0.017490658909082413, 1.9087902307510376
1435, 2.8896481900919753, 4, 40.153773247264326, 317, 365890, 365890, 0.017094848677515984, 1.9071189165115356
1436, 2.310378138550732, 4, 40.12640090705827, 317, 366207, 366207, 0.017442159354686737, 1.9152008295059204
1437, 2.6557685302555, 4, 40.20752927614376, 317, 366524, 366524, 0.0158451609313488, 1.9118313789367676
1438, 1.6537586015911074, 4, 40.06488268310204, 316, 366840, 366840, 0.01734135113656521, 1.9004379510879517
1439, 3.180746215293766, 4, 40.14419824210927, 316, 367156, 367156, 0.016771258786320686, 1.9154722690582275
1440, 1.5060583673257497, 4, 40.13124269898981, 317, 367473, 367473, 0.01783261075615883, 1.9061720371246338
1441, 1.673512022010982, 4, 40.12637419020757, 317, 367790, 367790, 0.01708017662167549, 1.911005973815918
1442, 2.0977355617214926, 4, 40.10196534683928, 317, 368107, 368107, 0.017826968804001808, 1.9162319898605347
1443, 1.1966750675128424, 4, 40.10338892787695, 316, 368423, 368423, 0.017527300864458084, 1.9055284261703491
1444, 3.010801284494846, 4, 40.15564167313278, 316, 368739, 368739, 0.017302928492426872, 1.8970776796340942
1445, 2.7548529205705563, 4, 40.15650047408417, 316, 369055, 369055, 0.016719045117497444, 1.9125109910964966
1446, 3.170551182541658, 4, 40.12291571684182, 316, 369371, 369371, 0.016383236274123192, 1.9239840507507324
1447, 1.3980215547417174, 4, 40.137970400974154, 317, 369688, 369688, 0.017049051821231842, 1.9125272035598755
1448, 2.6649945164781457, 4, 40.14610114693642, 316, 370004, 370004, 0.017258618026971817, 1.9099332094192505
1449, -3.375688118976541, 2, 8.30064212391153, 62, 370066, 370066, 0.01700381003320217, 1.9438244104385376
1450, 1.9087553995632334, 4, 40.05787079455331, 316, 370382, 370382, 0.017494862899184227, 1.9146958589553833
1451, 2.910458536229271, 4, 40.138382954057306, 316, 370698, 370698, 0.018038790673017502, 1.9141649007797241
1452, 2.4451298827771097, 4, 40.11283600097522, 317, 371015, 371015, 0.01644476130604744, 1.8967689275741577
1453, 2.4602107103183926, 4, 40.11302244197577, 317, 371332, 371332, 0.016881151124835014, 1.9008357524871826
1454, 2.200945752156258, 4, 40.11909897811711, 315, 371647, 371647, 0.01682623289525509, 1.9039686918258667
1455, 2.0760056233812065, 4, 40.19357429863885, 317, 371964, 371964, 0.01661151833832264, 1.8971329927444458
1456, 2.241291890386492, 4, 40.13150001922622, 317, 372281, 372281, 0.01723666861653328, 1.903941035270691
1457, 3.1585830808344326, 4, 40.1461834567599, 316, 372597, 372597, 0.01680070534348488, 1.9048442840576172
1458, 2.8443992616776086, 4, 40.11330998502672, 316, 372913, 372913, 0.016859430819749832, 1.9012964963912964
1459, 3.601521274640959, 4, 40.08777133189142, 316, 373229, 373229, 0.018187319859862328, 1.9084289073944092
1460, 2.1886091085034423, 4, 40.153279087971896, 316, 373545, 373545, 0.01683739759027958, 1.9046462774276733
1461, 2.8421541888528736, 4, 40.152347810100764, 316, 373861, 373861, 0.0171639546751976, 1.8995013236999512
1462, 1.4864550849015359, 4, 40.065982160158455, 317, 374178, 374178, 0.01760411262512207, 1.8936965465545654
1463, -5.543311215355061, 2, 14.418150532990694, 111, 374289, 374289, 0.016780083999037743, 1.8956197500228882
1464, 2.228309868449287, 4, 40.14123721327633, 316, 374605, 374605, 0.01701093092560768, 1.8933348655700684
1465, 2.451560389745282, 4, 40.14581567980349, 315, 374920, 374920, 0.01735176332294941, 1.8935519456863403
1466, 2.7437861864091246, 4, 40.07818664703518, 316, 375236, 375236, 0.017790989950299263, 1.898457407951355
1467, 1.3222602773312246, 4, 40.10588609892875, 316, 375552, 375552, 0.01765955239534378, 1.900301218032837
1468, 2.8902060681903095, 4, 40.0946323540993, 316, 375868, 375868, 0.017450952902436256, 1.9002691507339478
1469, -0.2805188293204992, 2, 20.067339796107262, 156, 376024, 376024, 0.017575759440660477, 1.8858059644699097
1470, 2.6497712776726985, 4, 40.101216652896255, 316, 376340, 376340, 0.017680615186691284, 1.8883806467056274
1471, 2.604124193827829, 4, 40.1483697751537, 316, 376656, 376656, 0.017178360372781754, 1.9019691944122314
1472, 3.054824123396884, 4, 40.12351271836087, 316, 376972, 376972, 0.01763870380818844, 1.8976972103118896
1473, 1.6983030012379459, 4, 40.1595732588321, 316, 377288, 377288, 0.01748550310730934, 1.8929822444915771
1474, 0.1573198357145884, 2, 15.360268501099199, 118, 377406, 377406, 0.01694668084383011, 1.8904085159301758
1475, 2.863578774748021, 4, 40.14662924828008, 316, 377722, 377722, 0.01757781207561493, 1.8960665464401245
1476, -1.0067645244325831, 2, 32.40977834770456, 254, 377976, 377976, 0.01697600819170475, 1.8984427452087402
1477, 2.1130952715684543, 4, 40.0766230057925, 316, 378292, 378292, 0.017360514029860497, 1.8962364196777344
1478, -0.7498855233134236, 2, 30.594268495682627, 239, 378531, 378531, 0.018302492797374725, 1.8781582117080688
1479, -0.6962347168737324, 2, 34.88384180981666, 273, 378804, 378804, 0.017899034544825554, 1.8894273042678833
1480, -1.14401468093547, 2, 34.90732328873128, 274, 379078, 379078, 0.01726682297885418, 1.8936890363693237
1481, -0.14438626920309616, 2, 24.676678234245628, 193, 379271, 379271, 0.018312066793441772, 1.883197546005249
1482, -0.24146751768421382, 2, 18.162502449005842, 140, 379411, 379411, 0.016799822449684143, 1.8825805187225342
1483, -1.86128725083654, 2, 38.98781453585252, 307, 379718, 379718, 0.01795271411538124, 1.8934475183486938
1484, 1.5004071262301295, 4, 40.1266475468874, 316, 380034, 380034, 0.01763121224939823, 1.8771406412124634
1485, 2.674923556522117, 4, 40.1136991083622, 315, 380349, 380349, 0.017793234437704086, 1.8913354873657227
1486, 1.6163612180534983, 4, 40.12693344801664, 316, 380665, 380665, 0.017657605931162834, 1.881780743598938
1487, 2.4730193802297435, 4, 40.12905088160187, 315, 380980, 380980, 0.01850677840411663, 1.8805524110794067
1488, 3.2398638110644242, 4, 40.102374812122434, 315, 381295, 381295, 0.01773780584335327, 1.884373664855957
1489, 3.340795519430685, 4, 40.13169493712485, 315, 381610, 381610, 0.018091915175318718, 1.885405421257019
1490, -0.8815615165622148, 2, 28.782909936271608, 226, 381836, 381836, 0.01819683611392975, 1.898725152015686
1491, 3.2765899062069366, 4, 40.06190896499902, 316, 382152, 382152, 0.017066361382603645, 1.8872172832489014
1492, 2.01050909596961, 4, 40.11627069162205, 316, 382468, 382468, 0.016774941235780716, 1.8884323835372925
1493, 1.7665479796633008, 4, 40.11733415303752, 317, 382785, 382785, 0.017133411020040512, 1.8986194133758545
1494, 2.008264654951745, 4, 40.155373013578355, 316, 383101, 383101, 0.017576944082975388, 1.8794374465942383
1495, 1.5108910205308348, 4, 40.13052127370611, 316, 383417, 383417, 0.017484664916992188, 1.880083441734314
1496, 2.734998795192041, 4, 40.08216718910262, 316, 383733, 383733, 0.018158622086048126, 1.8886388540267944
1497, 2.73800317144196, 4, 40.14391518011689, 316, 384049, 384049, 0.017565201967954636, 1.884018898010254
1498, 3.301273609864438, 4, 40.159711722284555, 316, 384365, 384365, 0.018038194626569748, 1.889634370803833
1499, 0.7987097245350014, 4, 40.068480542860925, 316, 384681, 384681, 0.01798512600362301, 1.8836208581924438
1500, 1.8824995137424594, 4, 40.09772200603038, 316, 384997, 384997, 0.018318993970751762, 1.8891710042953491
1501, -0.014928230043778967, 2, 27.090052986051887, 212, 385209, 385209, 0.017328541725873947, 1.898295521736145
1502, 1.7560087345191278, 4, 40.04781708586961, 316, 385525, 385525, 0.018331924453377724, 1.8699841499328613
1503, 2.259224205132341, 4, 40.182444483973086, 317, 385842, 385842, 0.017999621108174324, 1.8725303411483765
1504, 2.631344912428176, 4, 40.13860110985115, 315, 386157, 386157, 0.017726799473166466, 1.8815263509750366
1505, 2.16384275125165, 4, 40.06590124592185, 315, 386472, 386472, 0.017723437398672104, 1.8901351690292358
1506, 2.6255452442128444, 4, 40.07648848230019, 315, 386787, 386787, 0.01834176667034626, 1.8778196573257446
1507, 2.1656886109353763, 4, 40.11387017695233, 313, 387100, 387100, 0.01834678463637829, 1.8720009326934814
1508, -3.8755506111774594, 2, 5.656739989761263, 41, 387141, 387141, 0.017844639718532562, 1.882575273513794
1509, 2.2054549872409552, 4, 40.165813060011715, 317, 387458, 387458, 0.018443627282977104, 1.875976324081421
1510, 0.7813721571583301, 4, 40.17964952113107, 317, 387775, 387775, 0.0177798829972744, 1.8807203769683838
1511, 3.7959114345176204, 4, 40.12160070473328, 315, 388090, 388090, 0.01759866625070572, 1.881495475769043
1512, -1.6726638776963227, 2, 27.152052205055952, 212, 388302, 388302, 0.017127130180597305, 1.855332851409912
1513, 2.0968645818225013, 4, 40.07195169106126, 316, 388618, 388618, 0.017740515992045403, 1.885743498802185
1514, 3.158748335801647, 4, 40.072588994167745, 315, 388933, 388933, 0.017730286344885826, 1.8650531768798828
1515, 2.577654716831603, 4, 40.14149052090943, 316, 389249, 389249, 0.01722514070570469, 1.8756273984909058
1516, 2.3319891557330266, 4, 40.16153572034091, 314, 389563, 389563, 0.018036212772130966, 1.8682641983032227
1517, 3.1281104419700796, 4, 40.11856435937807, 315, 389878, 389878, 0.01807115040719509, 1.8657022714614868
1518, 2.460428563033929, 4, 40.17275882605463, 316, 390194, 390194, 0.017832158133387566, 1.864808440208435
1519, 2.2453335336977034, 4, 40.08953777002171, 315, 390509, 390509, 0.018314151093363762, 1.8685119152069092
1520, 2.948940998289345, 4, 40.13604892510921, 315, 390824, 390824, 0.01770983636379242, 1.860614538192749
1521, -0.41683890386048006, 2, 26.3263275208883, 205, 391029, 391029, 0.01723586954176426, 1.8722199201583862
1522, 2.5130277624648443, 4, 40.05869442410767, 316, 391345, 391345, 0.017772985622286797, 1.8547945022583008
1523, -0.7903968051541597, 2, 12.465903686825186, 95, 391440, 391440, 0.01732916571199894, 1.8587925434112549
1524, 1.6601986731693614, 4, 40.05239445203915, 316, 391756, 391756, 0.017851196229457855, 1.873303771018982
1525, -3.0139884116360918, 2, 6.413575493730605, 47, 391803, 391803, 0.01728576421737671, 1.881665825843811
1526, 2.791996629021014, 4, 40.12414541095495, 316, 392119, 392119, 0.017342956736683846, 1.8733274936676025
1527, 2.044513951186673, 4, 40.199573687277734, 316, 392435, 392435, 0.017942439764738083, 1.8695532083511353
1528, 3.8968345612374833, 4, 40.16272406978533, 316, 392751, 392751, 0.017727868631482124, 1.8644393682479858
1529, 2.1406328637394836, 4, 40.10479140514508, 316, 393067, 393067, 0.018803803250193596, 1.8534095287322998
1530, 3.427068161967327, 4, 40.15790421003476, 316, 393383, 393383, 0.018292395398020744, 1.8756686449050903
1531, 2.3245688488659653, 4, 40.11658226791769, 316, 393699, 393699, 0.017689814791083336, 1.8727658987045288
1532, 2.29462641075952, 4, 40.18870438495651, 316, 394015, 394015, 0.01784668304026127, 1.8530484437942505
1533, -3.7064049545442685, 2, 6.436505062971264, 47, 394062, 394062, 0.017870627343654633, 1.8534419536590576
1534, 1.3715364167001098, 4, 40.110566679853946, 316, 394378, 394378, 0.016772300004959106, 1.861494779586792
1535, 3.2574926033848897, 4, 40.12325346795842, 315, 394693, 394693, 0.017956702038645744, 1.859902024269104
1536, 2.9455802739812498, 4, 40.13134180009365, 316, 395009, 395009, 0.01741195097565651, 1.8609260320663452
1537, 2.1750610239814705, 4, 40.09085571113974, 316, 395325, 395325, 0.0174395814538002, 1.8510823249816895
1538, 2.959597092209151, 4, 40.08974099718034, 315, 395640, 395640, 0.0187684278935194, 1.862946629524231
1539, 2.9352695171692176, 4, 40.15715940808877, 315, 395955, 395955, 0.018064433708786964, 1.8484317064285278
1540, 3.0654289899393916, 4, 40.14849896822125, 315, 396270, 396270, 0.017603987827897072, 1.8518435955047607
1541, 1.26146598928608, 4, 40.06161364400759, 316, 396586, 396586, 0.017210636287927628, 1.8539849519729614
1542, 2.0230650262674317, 4, 40.10580121027306, 317, 396903, 396903, 0.018097400665283203, 1.8450924158096313
1543, 2.5072851976801758, 4, 40.100877235643566, 313, 397216, 397216, 0.017992164939641953, 1.8648746013641357
1544, 0.03704196160833817, 2, 21.869755582883954, 170, 397386, 397386, 0.018343189731240273, 1.8307093381881714
1545, 1.7298062933259644, 4, 40.059286821167916, 316, 397702, 397702, 0.017152683809399605, 1.8607664108276367
1546, 1.4086564685567282, 4, 40.10470575885847, 316, 398018, 398018, 0.01758597046136856, 1.8546388149261475
1547, 1.8875422587443609, 4, 40.16328755579889, 316, 398334, 398334, 0.017306284978985786, 1.8552039861679077
1548, 1.2691430440463591, 4, 40.13636355800554, 316, 398650, 398650, 0.016971973702311516, 1.851502776145935
1549, 2.6894285069056423, 4, 40.07475407188758, 315, 398965, 398965, 0.01721991039812565, 1.8407862186431885
1550, 2.3727574349140923, 4, 40.10217608464882, 315, 399280, 399280, 0.017662616446614265, 1.8545808792114258
1551, 3.009013860137202, 4, 40.06012347340584, 316, 399596, 399596, 0.017574448138475418, 1.8574100732803345
1552, 2.8204582385124013, 4, 40.158168931957334, 315, 399911, 399911, 0.017695868387818336, 1.8695639371871948
1553, 1.9535383614711463, 4, 40.19923092192039, 317, 400228, 400228, 0.017668548971414566, 1.8500404357910156
1554, 3.047425039600057, 4, 40.074333232827485, 315, 400543, 400543, 0.017417995259165764, 1.8559991121292114
1555, 2.083764912085371, 4, 40.15297168586403, 316, 400859, 400859, 0.018397850915789604, 1.8426756858825684
1556, 1.6781286385157728, 4, 40.139554529916495, 315, 401174, 401174, 0.01829954795539379, 1.8475308418273926
1557, 3.114026054230635, 4, 40.15238184388727, 316, 401490, 401490, 0.016765279695391655, 1.8484927415847778
1558, 2.543710364101571, 4, 40.16039817407727, 316, 401806, 401806, 0.01724935695528984, 1.856167197227478
1559, 2.4503659838519525, 4, 40.105229334905744, 315, 402121, 402121, 0.018133943900465965, 1.8470104932785034
1560, 3.0116200738675616, 4, 40.186141685117036, 316, 402437, 402437, 0.017610616981983185, 1.8426704406738281
1561, 3.0692975687743456, 4, 40.10295532597229, 316, 402753, 402753, 0.017217187210917473, 1.8451756238937378
1562, 2.476651637640316, 4, 40.13920277589932, 316, 403069, 403069, 0.017009247094392776, 1.8341068029403687
1563, 2.2594710548291914, 4, 40.10342932678759, 316, 403385, 403385, 0.018469493836164474, 1.8396447896957397
1564, 2.004343331711425, 4, 40.14267879491672, 316, 403701, 403701, 0.01699388027191162, 1.8355451822280884
1565, 2.363755310376291, 4, 40.07207806035876, 316, 404017, 404017, 0.018329447135329247, 1.8383922576904297
1566, 3.196399137215849, 4, 40.11741310870275, 314, 404331, 404331, 0.01798323169350624, 1.8334226608276367
1567, 2.2457286482003838, 4, 40.13566695898771, 315, 404646, 404646, 0.01658879965543747, 1.8458499908447266
1568, 2.4265265933063347, 4, 40.06457025324926, 315, 404961, 404961, 0.01654880866408348, 1.8330132961273193
1569, 2.832377027720213, 4, 40.10492858476937, 315, 405276, 405276, 0.01743762381374836, 1.831775426864624
1570, 2.8713526264909888, 4, 40.1394192520529, 315, 405591, 405591, 0.016482040286064148, 1.8322570323944092
1571, 2.7361780147330137, 4, 40.12957710493356, 316, 405907, 405907, 0.017719989642500877, 1.8527984619140625
1572, 2.339233754628367, 4, 40.13834503619, 316, 406223, 406223, 0.01748044043779373, 1.8336886167526245
1573, 2.4927926922755432, 4, 40.12685973383486, 315, 406538, 406538, 0.01716458424925804, 1.8509596586227417
1574, 3.070080732984934, 4, 40.1063802591525, 315, 406853, 406853, 0.01709715649485588, 1.8310143947601318
1575, 2.29633270996419, 4, 40.16573740821332, 316, 407169, 407169, 0.01770421303808689, 1.8323111534118652
1576, 0.5005810521861349, 4, 40.11183179495856, 316, 407485, 407485, 0.018067218363285065, 1.818926453590393
1577, 2.4098812746960903, 4, 40.14902129303664, 316, 407801, 407801, 0.016888493672013283, 1.8251773118972778
1578, 1.6150964982371079, 4, 40.156179391779006, 316, 408117, 408117, 0.017313454300165176, 1.8360224962234497
1579, 2.6722654178884113, 4, 40.149333498906344, 316, 408433, 408433, 0.017557693645358086, 1.831729531288147
1580, 1.943222522841097, 4, 40.09054367104545, 315, 408748, 408748, 0.017333393916487694, 1.828898549079895
1581, 3.2065878672074177, 4, 40.07363479724154, 315, 409063, 409063, 0.01827194355428219, 1.8239773511886597
1582, 2.5600010604302526, 4, 40.113363184034824, 315, 409378, 409378, 0.017472749575972557, 1.8320622444152832
1583, 1.6282769400131656, 4, 40.152998383156955, 316, 409694, 409694, 0.0174882709980011, 1.8272805213928223
1584, 2.711573393115259, 4, 40.135425592307, 315, 410009, 410009, 0.017410967499017715, 1.8318547010421753
1585, 2.0760130237995327, 4, 40.151791486889124, 316, 410325, 410325, 0.016390152275562286, 1.8311164379119873
1586, 1.9832461775695265, 4, 40.07071849796921, 315, 410640, 410640, 0.017691034823656082, 1.8281073570251465
1587, 2.9466215871070744, 4, 40.16214781999588, 316, 410956, 410956, 0.016980158165097237, 1.8132177591323853
1588, 2.0520766203717358, 4, 40.13394314981997, 315, 411271, 411271, 0.017610745504498482, 1.8319363594055176
1589, 3.185517596737782, 4, 40.16805053409189, 316, 411587, 411587, 0.01831919513642788, 1.8224838972091675
1590, 1.480639260422322, 4, 40.09844352165237, 316, 411903, 411903, 0.018133854493498802, 1.8322112560272217
1591, 2.8242931441927794, 4, 40.18468983890489, 315, 412218, 412218, 0.017194628715515137, 1.8269872665405273
1592, 3.4005830475362018, 4, 40.05893744714558, 313, 412531, 412531, 0.017820997163653374, 1.8249529600143433
1593, 1.9720877775689587, 4, 40.45665024872869, 318, 412849, 412849, 0.017457671463489532, 1.8169883489608765
1594, 2.113871749887039, 4, 40.145303497090936, 314, 413163, 413163, 0.01657312922179699, 1.8255341053009033
1595, 2.484574776113732, 4, 40.13060948392376, 314, 413477, 413477, 0.017221245914697647, 1.807710886001587
1596, 2.8651159514147366, 4, 40.12353453412652, 315, 413792, 413792, 0.018004637211561203, 1.806538701057434
1597, 2.4611356460809475, 4, 40.47074103914201, 317, 414109, 414109, 0.01782030053436756, 1.8077679872512817
1598, 2.59675766309374, 4, 40.13824516301975, 316, 414425, 414425, 0.017576761543750763, 1.8210785388946533
1599, 1.693509893539158, 4, 40.1350030368194, 315, 414740, 414740, 0.01828603819012642, 1.8303674459457397
1600, 1.7361667396035045, 4, 40.12821150384843, 316, 415056, 415056, 0.017979172989726067, 1.812133550643921
1601, -0.973432792663516, 2, 26.278219187632203, 205, 415261, 415261, 0.017846764996647835, 1.8108839988708496
1602, 1.8553970061911969, 4, 40.08559810882434, 314, 415575, 415575, 0.017779095098376274, 1.8203173875808716
1603, 2.5967042787342507, 4, 40.15821129688993, 316, 415891, 415891, 0.016637388616800308, 1.8172171115875244
1604, 2.3305609056260437, 4, 40.11966138379648, 316, 416207, 416207, 0.018300550058484077, 1.823325276374817
1605, 0.6014338270615553, 4, 40.18326771212742, 316, 416523, 416523, 0.016637692227959633, 1.8105711936950684
1606, 3.4031158252892055, 4, 40.20499247824773, 315, 416838, 416838, 0.017649810761213303, 1.8060203790664673
1607, -0.9110663173050852, 2, 39.475090445019305, 309, 417147, 417147, 0.017844462767243385, 1.8230149745941162
1608, 1.7661419318756089, 4, 40.13116903696209, 316, 417463, 417463, 0.018243324011564255, 1.8163421154022217
1609, 3.0189511609787587, 4, 40.10679020592943, 314, 417777, 417777, 0.018270883709192276, 1.8126667737960815
1610, -1.886225545880734, 2, 36.51349836681038, 286, 418063, 418063, 0.016557570546865463, 1.7973359823226929
1611, 3.6694083416387, 4, 40.148682388011366, 315, 418378, 418378, 0.017903229221701622, 1.8014687299728394
1612, 2.7411498407891486, 4, 40.14007379487157, 316, 418694, 418694, 0.016955683007836342, 1.8128076791763306
1613, -2.0411069649562705, 2, 36.37586957029998, 285, 418979, 418979, 0.017821406945586205, 1.8217270374298096
1614, 3.371418690401697, 4, 40.082327486015856, 314, 419293, 419293, 0.01803247258067131, 1.807413101196289
1615, 1.9032929959012108, 4, 40.186005339957774, 315, 419608, 419608, 0.01752321422100067, 1.810931921005249
1616, 3.328427629050566, 4, 40.46019304078072, 318, 419926, 419926, 0.017923548817634583, 1.8053642511367798
1617, 2.007946361823997, 4, 40.10108856996521, 315, 420241, 420241, 0.017996497452259064, 1.808972716331482
1618, -0.6411924773128703, 2, 14.45877950033173, 111, 420352, 420352, 0.01735241524875164, 1.8051522970199585
1619, 2.639195618190797, 4, 40.16081672394648, 315, 420667, 420667, 0.01743456907570362, 1.815507411956787
1620, 2.6720445486444078, 4, 40.11140863317996, 316, 420983, 420983, 0.017884960398077965, 1.801804780960083
1621, 2.4047424697782844, 4, 40.15507277706638, 316, 421299, 421299, 0.017511457204818726, 1.7954862117767334
1622, 2.5843533746265166, 4, 40.13381113484502, 316, 421615, 421615, 0.01767970249056816, 1.8115288019180298
1623, 0.9255893859226489, 4, 40.10606503812596, 316, 421931, 421931, 0.018293429166078568, 1.8139464855194092
1624, -1.2777842730065458, 2, 31.524674768093973, 247, 422178, 422178, 0.0174240842461586, 1.8071479797363281
1625, 2.519677603533637, 4, 40.15489909891039, 315, 422493, 422493, 0.016564205288887024, 1.8051639795303345
1626, 2.8141592806259723, 4, 40.08216174086556, 316, 422809, 422809, 0.01722422055900097, 1.8067781925201416
1627, 3.209265546801362, 4, 40.07925451407209, 314, 423123, 423123, 0.015981990844011307, 1.790533185005188
1628, 3.6588583591610586, 4, 40.164914175868034, 315, 423438, 423438, 0.017517736181616783, 1.8042538166046143
1629, 1.670205768181745, 4, 40.13500723801553, 315, 423753, 423753, 0.01728942058980465, 1.803468942642212
1630, 2.534149746381445, 4, 40.08408922003582, 315, 424068, 424068, 0.01660042256116867, 1.8008676767349243
1631, 2.911287223629188, 4, 40.122300003655255, 315, 424383, 424383, 0.017780408263206482, 1.8019464015960693
1632, 2.543813689146191, 4, 40.14091418264434, 316, 424699, 424699, 0.017165927216410637, 1.8019378185272217
1633, 2.891976763292405, 4, 40.11528475629166, 314, 425013, 425013, 0.016571663320064545, 1.802756905555725
1634, 2.2040648448091815, 4, 40.13927735295147, 316, 425329, 425329, 0.017266714945435524, 1.791753888130188
1635, 1.6704499039224174, 4, 40.167190842330456, 314, 425643, 425643, 0.017244458198547363, 1.8096489906311035
1636, 3.170899223507149, 4, 40.18435641610995, 316, 425959, 425959, 0.017334848642349243, 1.8000653982162476
1637, 2.120785364706535, 4, 40.085021967068315, 316, 426275, 426275, 0.01691632717847824, 1.7972960472106934
1638, 2.2437733526094235, 4, 40.099369124975055, 315, 426590, 426590, 0.017738571390509605, 1.7968378067016602
1639, 1.941879601974506, 4, 40.188610766083, 314, 426904, 426904, 0.01795913837850094, 1.7924107313156128
1640, 2.7075956914559356, 4, 40.15008908463642, 314, 427218, 427218, 0.017793897539377213, 1.788130283355713
1641, 2.6359968173019297, 4, 40.06328889681026, 315, 427533, 427533, 0.01804853230714798, 1.7894537448883057
1642, 2.6294618566462304, 4, 40.171930436976254, 316, 427849, 427849, 0.01640923134982586, 1.8022539615631104
1643, 3.072901635459857, 4, 40.13290743436664, 315, 428164, 428164, 0.01734183356165886, 1.7990633249282837
1644, 1.3843857383762952, 4, 40.17208302114159, 316, 428480, 428480, 0.01832478493452072, 1.8011648654937744
1645, 1.8621056911802043, 4, 40.132799786981195, 314, 428794, 428794, 0.01782606728374958, 1.8019267320632935
1646, 2.7526268345682183, 4, 40.12111580604687, 315, 429109, 429109, 0.01620923914015293, 1.7924132347106934
1647, 1.3551795553066768, 4, 40.09695675689727, 316, 429425, 429425, 0.01633278839290142, 1.7836698293685913
1648, 2.4871408435865305, 4, 40.15610108477995, 315, 429740, 429740, 0.017405414953827858, 1.7962555885314941
1649, 2.1554132793316967, 4, 40.181595641653985, 315, 430055, 430055, 0.017357999458909035, 1.7967767715454102
1650, 1.4315188986074645, 4, 40.13242748565972, 316, 430371, 430371, 0.017046766355633736, 1.7948455810546875
1651, 1.6389562559659225, 4, 40.1472324100323, 316, 430687, 430687, 0.017132416367530823, 1.775820016860962
1652, 1.876011167310935, 4, 40.161530904937536, 316, 431003, 431003, 0.017335791140794754, 1.7945964336395264
1653, 1.057182605145499, 4, 40.09384421212599, 316, 431319, 431319, 0.016991006210446358, 1.7829241752624512
1654, 2.127181140916946, 4, 40.1495999195613, 313, 431632, 431632, 0.016614679247140884, 1.775292158126831
1655, 2.1888451016939143, 4, 40.189994044136256, 315, 431947, 431947, 0.01645123027265072, 1.7838878631591797
1656, 1.967010931140976, 4, 40.14200767874718, 314, 432261, 432261, 0.01667500101029873, 1.7839133739471436
1657, 0.8609508360095788, 4, 40.16019719699398, 316, 432577, 432577, 0.01780492626130581, 1.7857297658920288
1658, 2.0412983923160937, 4, 40.08307878812775, 315, 432892, 432892, 0.01782720535993576, 1.789004921913147
1659, -0.1612503507603833, 2, 25.415172680746764, 198, 433090, 433090, 0.01669968105852604, 1.7600536346435547
1660, 2.660584463563282, 4, 40.167325016111135, 316, 433406, 433406, 0.017552345991134644, 1.7789278030395508
1661, 2.815484707032738, 4, 40.088817939162254, 315, 433721, 433721, 0.016883492469787598, 1.7855716943740845
1662, -1.5522746360366, 2, 36.971149787306786, 289, 434010, 434010, 0.01725631393492222, 1.7777279615402222
1663, 0.5269251993158832, 4, 40.158302354160696, 316, 434326, 434326, 0.016989687457680702, 1.781481146812439
1664, 2.331979853723169, 4, 40.14668366312981, 315, 434641, 434641, 0.018306829035282135, 1.7819279432296753
1665, 0.9357081144262338, 4, 40.1773042161949, 316, 434957, 434957, 0.017038317397236824, 1.7777495384216309
1666, 2.18992974574212, 4, 40.18654798204079, 316, 435273, 435273, 0.017466912046074867, 1.7728116512298584
1667, -1.8238658594200388, 2, 9.839447574689984, 74, 435347, 435347, 0.01730944588780403, 1.778328537940979
1668, 1.6408021377865225, 4, 40.10319862700999, 315, 435662, 435662, 0.017163263633847237, 1.7770280838012695
1669, 1.3746072528974764, 4, 40.11494306335226, 315, 435977, 435977, 0.01700933836400509, 1.7800253629684448
1670, 2.4994133518630406, 4, 40.14030527183786, 315, 436292, 436292, 0.017809266224503517, 1.774009346961975
1671, 2.0487155706068734, 4, 40.092915202025324, 315, 436607, 436607, 0.018070006743073463, 1.7754870653152466
1672, 2.136055732378736, 4, 40.14468731544912, 316, 436923, 436923, 0.016799569129943848, 1.7712815999984741
1673, 1.8629519946916844, 4, 40.14058346580714, 315, 437238, 437238, 0.017588531598448753, 1.7710388898849487
1674, 2.2674719896567694, 4, 40.13800834398717, 315, 437553, 437553, 0.017732800915837288, 1.7763876914978027
1675, 2.8982057164284925, 4, 40.16398548381403, 316, 437869, 437869, 0.01734667643904686, 1.7683043479919434
1676, 2.2785086088988464, 4, 40.16616379423067, 316, 438185, 438185, 0.016800353303551674, 1.777602195739746
1677, 3.3149846991927916, 4, 40.19048282317817, 314, 438499, 438499, 0.017114873975515366, 1.76572585105896
1678, 2.2885965383029543, 4, 40.081197874154896, 316, 438815, 438815, 0.01750624179840088, 1.7745745182037354
1679, 3.200796873712534, 4, 40.11823563510552, 316, 439131, 439131, 0.017244119197130203, 1.780941128730774
1680, 2.053906983404886, 4, 40.10454448731616, 315, 439446, 439446, 0.017793845385313034, 1.7634456157684326
1681, 2.6525387542096723, 4, 40.133747106883675, 313, 439759, 439759, 0.017518090084195137, 1.7784816026687622
1682, 2.407968133338727, 4, 40.12559556821361, 313, 440072, 440072, 0.017826100811362267, 1.7794809341430664
1683, 2.5169021004112437, 4, 40.15572512196377, 315, 440387, 440387, 0.01741163060069084, 1.770603895187378
1684, 2.2641192091978155, 4, 40.143403876107186, 315, 440702, 440702, 0.017099803313612938, 1.7642518281936646
1685, 2.3007893231115304, 4, 40.13349198224023, 314, 441016, 441016, 0.017229599878191948, 1.7642837762832642
1686, 1.0661488216776434, 4, 40.12261587707326, 315, 441331, 441331, 0.01756439544260502, 1.7686494588851929
1687, 1.9616568966011982, 4, 40.18969958368689, 316, 441647, 441647, 0.017656469717621803, 1.7647545337677002
1688, 1.8850433689485726, 4, 40.093936471268535, 315, 441962, 441962, 0.01766595058143139, 1.765223741531372
1689, 1.7142703384160995, 4, 40.056148633826524, 315, 442277, 442277, 0.017357373610138893, 1.7595100402832031
1690, 2.609454982477473, 4, 40.15592992166057, 315, 442592, 442592, 0.017711078748106956, 1.7553859949111938
1691, 2.6761401024850784, 4, 40.098283636849374, 315, 442907, 442907, 0.016869327053427696, 1.7729129791259766
1692, 1.3616265357304655, 4, 40.08158011594787, 315, 443222, 443222, 0.016984356567263603, 1.7583062648773193
1693, 2.870585237360501, 4, 40.07513737073168, 314, 443536, 443536, 0.016943909227848053, 1.7632992267608643
1694, 2.3763148747675586, 4, 40.13545907009393, 315, 443851, 443851, 0.017559349536895752, 1.756636142730713
1695, -0.40381738799624145, 2, 10.009506885893643, 75, 443926, 443926, 0.016647860407829285, 1.7642346620559692
1696, 2.526615835740813, 4, 40.06126427417621, 315, 444241, 444241, 0.01846974343061447, 1.7732210159301758
1697, 1.9523735261755064, 4, 40.10089450282976, 315, 444556, 444556, 0.017907092347741127, 1.771809458732605
1698, 3.0711701909531257, 4, 40.157285927794874, 315, 444871, 444871, 0.017262794077396393, 1.7506874799728394
1699, 1.2028583396604517, 4, 40.13577027898282, 316, 445187, 445187, 0.017295444384217262, 1.7637367248535156
1700, 2.110830957069993, 4, 40.1027342020534, 315, 445502, 445502, 0.017304804176092148, 1.7477060556411743
1701, 2.2258720412064577, 4, 40.130155267659575, 315, 445817, 445817, 0.017439354211091995, 1.7426064014434814
1702, 2.276880456451181, 4, 40.15094267902896, 316, 446133, 446133, 0.017527783289551735, 1.7674756050109863
1703, 2.806169166078689, 4, 40.14678577519953, 313, 446446, 446446, 0.01732495427131653, 1.7738226652145386
1704, 2.814960921805323, 4, 40.13282983843237, 315, 446761, 446761, 0.0177504513412714, 1.7603839635849
1705, 2.6768413440295262, 4, 40.121480447240174, 315, 447076, 447076, 0.016907760873436928, 1.7562023401260376
1706, 2.5355566653652204, 4, 40.0909605557099, 315, 447391, 447391, 0.017838913947343826, 1.7504938840866089
1707, 2.4468470503779827, 4, 40.095861222129315, 315, 447706, 447706, 0.01691308617591858, 1.759950876235962
1708, 2.382074629800627, 4, 40.09040638431907, 315, 448021, 448021, 0.01766093634068966, 1.7655466794967651
1709, 2.339580746313686, 4, 40.17141732620075, 315, 448336, 448336, 0.017514310777187347, 1.7570797204971313
1710, 1.7854818914056523, 4, 40.17233611224219, 315, 448651, 448651, 0.01770646497607231, 1.7642287015914917
1711, 2.1334980542887934, 4, 40.12537711812183, 315, 448966, 448966, 0.01833239756524563, 1.7499470710754395
1712, 2.565096870903062, 4, 40.09526393841952, 315, 449281, 449281, 0.018073974177241325, 1.7504595518112183
1713, 2.1760388629627414, 4, 40.13040278991684, 315, 449596, 449596, 0.016968954354524612, 1.7444413900375366
1714, -3.0554150897078216, 2, 6.048578850924969, 44, 449640, 449640, 0.015758097171783447, 1.7010997533798218
1715, 2.396025182279118, 4, 40.14716718904674, 316, 449956, 449956, 0.0177533607929945, 1.7387754917144775
1716, 2.363743710840936, 4, 40.06270601134747, 314, 450270, 450270, 0.017376873642206192, 1.7400999069213867
1717, 3.059762748707726, 4, 40.084639398846775, 315, 450585, 450585, 0.01771523989737034, 1.7471545934677124
1718, 1.6688475213777565, 4, 40.21090086456388, 314, 450899, 450899, 0.017298877239227295, 1.7414782047271729
1719, 1.786402544064913, 4, 40.08604334294796, 315, 451214, 451214, 0.017580298706889153, 1.7436668872833252
1720, 2.719877737137722, 4, 40.150067429058254, 315, 451529, 451529, 0.01739497110247612, 1.7393074035644531
1721, 2.8878004877988133, 4, 40.204092622268945, 315, 451844, 451844, 0.01646033301949501, 1.7571182250976562
1722, 2.728054559134762, 4, 40.130872178357095, 314, 452158, 452158, 0.01748959720134735, 1.7454476356506348
1723, 1.4618550977611449, 4, 40.442225923761725, 318, 452476, 452476, 0.016944823786616325, 1.7395724058151245
1724, 1.9899129470286425, 4, 40.161806461866945, 314, 452790, 452790, 0.017041321843862534, 1.7433780431747437
1725, 2.1538222080671403, 4, 40.07505343062803, 314, 453104, 453104, 0.01688932441174984, 1.742403268814087
1726, 0.889501164900139, 4, 40.16112030297518, 316, 453420, 453420, 0.01754249818623066, 1.7370069026947021
1727, 3.0600587045762495, 4, 40.153785313945264, 314, 453734, 453734, 0.018052976578474045, 1.7509442567825317
1728, 1.5859518026445585, 4, 40.10649831267074, 315, 454049, 454049, 0.01673896797001362, 1.7478405237197876
1729, 1.894620363113063, 4, 40.0838217260316, 315, 454364, 454364, 0.016480352729558945, 1.752610206604004
1730, 2.050746255499689, 4, 40.133148099761456, 315, 454679, 454679, 0.017395582050085068, 1.743612289428711
1731, 2.6043824649786984, 4, 40.19295935891569, 315, 454994, 454994, 0.01795080676674843, 1.7504559755325317
1732, -0.9402632460842142, 2, 37.134432695340365, 290, 455284, 455284, 0.01787594147026539, 1.7443188428878784
1733, 1.6665433093439788, 4, 40.15285466518253, 315, 455599, 455599, 0.016391677781939507, 1.7353001832962036
1734, -0.22850217038649134, 4, 40.14796619070694, 315, 455914, 455914, 0.016828589141368866, 1.7338688373565674
1735, 1.9065639395266771, 4, 40.068803027272224, 315, 456229, 456229, 0.01687147654592991, 1.7468781471252441
1736, 1.571562448356417, 4, 40.162582946009934, 316, 456545, 456545, 0.01639271341264248, 1.7304946184158325
1737, 3.216151977218942, 4, 40.180169822182506, 315, 456860, 456860, 0.01760041154921055, 1.7350727319717407
1738, 2.8734985834162217, 4, 40.15809829393402, 315, 457175, 457175, 0.016924967989325523, 1.7464103698730469
1739, 2.714314085598744, 4, 40.149256149772555, 314, 457489, 457489, 0.016444126144051552, 1.7356129884719849
1740, 3.220233261868003, 4, 40.16777228517458, 315, 457804, 457804, 0.01788012869656086, 1.724780797958374
1741, 3.267336831886496, 4, 40.06881122570485, 314, 458118, 458118, 0.01747693493962288, 1.718023657798767
1742, 1.3583795939048287, 4, 40.122754745185375, 315, 458433, 458433, 0.016804730519652367, 1.7335399389266968
1743, 1.4704900834476575, 4, 40.19152829097584, 316, 458749, 458749, 0.017760910093784332, 1.721513032913208
1744, 1.4925795027884305, 4, 40.16387302335352, 316, 459065, 459065, 0.017173772677779198, 1.7369686365127563
1745, 0.7722134312934941, 4, 40.14963182201609, 315, 459380, 459380, 0.01809312403202057, 1.734460473060608
1746, 1.6592855851049535, 4, 40.12907870998606, 315, 459695, 459695, 0.017305904999375343, 1.7234888076782227
1747, 0.10112128716400548, 2, 27.57727591181174, 215, 459910, 459910, 0.017464065924286842, 1.7401540279388428
1748, 3.2261345670376613, 4, 40.0557457357645, 314, 460224, 460224, 0.016963578760623932, 1.7362895011901855
1749, 2.0691779032349586, 4, 40.123416614718735, 314, 460538, 460538, 0.016410747542977333, 1.718196988105774
1750, 2.7888423426356894, 4, 40.10849283402786, 314, 460852, 460852, 0.01705685444176197, 1.7312877178192139
1751, 1.683028136190842, 4, 40.07546805590391, 315, 461167, 461167, 0.017401712015271187, 1.7353383302688599
1752, 1.7328182726632804, 4, 40.110072476789355, 315, 461482, 461482, 0.016791878268122673, 1.7165502309799194
1753, 2.1897020517953933, 4, 40.11349338013679, 315, 461797, 461797, 0.018100934103131294, 1.725441813468933
1754, 1.6340865598103846, 4, 40.12610274134204, 314, 462111, 462111, 0.017101243138313293, 1.7171618938446045
1755, 2.5444973656412913, 4, 40.17098678834736, 314, 462425, 462425, 0.017099663615226746, 1.7391505241394043
1756, 1.7078939446655568, 4, 40.14502443699166, 315, 462740, 462740, 0.017179928719997406, 1.735159158706665
1757, -0.3220916639402276, 2, 18.92886834219098, 146, 462886, 462886, 0.017722556367516518, 1.729087233543396
1758, -2.8900957136647776, 2, 10.45528328884393, 78, 462964, 462964, 0.017570747062563896, 1.6893224716186523
1759, 3.162603573557135, 4, 40.148500829935074, 315, 463279, 463279, 0.017326639965176582, 1.7346117496490479
1760, 2.0085593214607798, 4, 40.17652976093814, 314, 463593, 463593, 0.01739552803337574, 1.730132818222046
1761, 1.5119481143774465, 4, 40.130069329869, 315, 463908, 463908, 0.01702343113720417, 1.7357122898101807
1762, 0.8630059520946816, 4, 40.13419284392148, 315, 464223, 464223, 0.016945773735642433, 1.7129218578338623
1763, 1.7876134779071435, 4, 40.11909493710846, 315, 464538, 464538, 0.016455894336104393, 1.703921914100647
1764, 1.5769666522392072, 4, 40.16836471110582, 315, 464853, 464853, 0.018012680113315582, 1.7211799621582031
1765, 2.0131760660515283, 4, 40.16331126913428, 315, 465168, 465168, 0.01739831455051899, 1.7218745946884155
1766, 2.7568788061398664, 4, 40.05532068340108, 314, 465482, 465482, 0.01773937977850437, 1.7232592105865479
1767, 0.5327672938674368, 4, 40.15555413905531, 315, 465797, 465797, 0.017560236155986786, 1.7287042140960693
1768, 2.1241043844688647, 4, 40.092884997837245, 314, 466111, 466111, 0.01763770543038845, 1.7251715660095215
1769, 1.4424550773655938, 4, 40.13256195420399, 315, 466426, 466426, 0.01703716069459915, 1.7112692594528198
1770, 2.428058452622736, 4, 40.172877970617265, 315, 466741, 466741, 0.015839671716094017, 1.7105149030685425
1771, 1.8418200722335314, 4, 40.099820035975426, 315, 467056, 467056, 0.015972157940268517, 1.7100754976272583
1772, -2.024229087542608, 2, 38.96665038727224, 303, 467359, 467359, 0.016736917197704315, 1.715579628944397
1773, 1.9531051019439474, 4, 40.09329259674996, 314, 467673, 467673, 0.017867673188447952, 1.717302680015564
1774, 1.9317360514542088, 4, 40.16756439674646, 315, 467988, 467988, 0.01609109714627266, 1.714348316192627
1775, 3.3910326732839167, 4, 40.15055673383176, 314, 468302, 468302, 0.01738383062183857, 1.7280110120773315
1776, 1.3007178243278759, 4, 40.139261739794165, 315, 468617, 468617, 0.01677732542157173, 1.7187267541885376
1777, 1.3081278586469125, 4, 40.14174507884309, 316, 468933, 468933, 0.017024964094161987, 1.7179447412490845
1778, 1.8838222853955813, 4, 40.14322537975386, 315, 469248, 469248, 0.01713048480451107, 1.7189761400222778
1779, 2.155261279011029, 4, 40.16799015272409, 316, 469564, 469564, 0.017359578981995583, 1.7106609344482422
1780, 2.374068820332468, 4, 40.13860262418166, 315, 469879, 469879, 0.01685323193669319, 1.7065318822860718
1781, 2.971975107284379, 4, 40.16571175400168, 315, 470194, 470194, 0.017784778028726578, 1.7075412273406982
1782, 2.0708368385967333, 4, 40.18314269417897, 316, 470510, 470510, 0.016519710421562195, 1.70175302028656
1783, 1.928095262934221, 4, 40.08296433836222, 315, 470825, 470825, 0.018026992678642273, 1.7230618000030518
1784, 0.9077519142374513, 4, 40.108053042087704, 315, 471140, 471140, 0.017356768250465393, 1.720618486404419
1785, 2.117334411108459, 4, 40.146858806721866, 314, 471454, 471454, 0.01618211343884468, 1.7033663988113403
1786, 1.9523523424868472, 4, 40.06511476589367, 315, 471769, 471769, 0.01670512929558754, 1.696877121925354
1787, 1.7411796865053475, 4, 40.1138194440864, 313, 472082, 472082, 0.016316832974553108, 1.7019438743591309
1788, 1.632162108508055, 4, 40.15686268405989, 315, 472397, 472397, 0.016515323892235756, 1.7033871412277222
1789, -1.38724814455054, 2, 33.73722977703437, 264, 472661, 472661, 0.01754978857934475, 1.7089416980743408
1790, 3.0994181589776417, 4, 40.172393878921866, 314, 472975, 472975, 0.017385011538863182, 1.7105540037155151
1791, -2.468776297173463, 2, 5.247769679874182, 37, 473012, 473012, 0.01812821812927723, 1.7139900922775269
1792, 2.776238880120218, 4, 40.10044561745599, 314, 473326, 473326, 0.017262013629078865, 1.7235326766967773
1793, 3.077224015018146, 4, 40.04820105014369, 313, 473639, 473639, 0.017524782568216324, 1.704217791557312
1794, 2.5774212315736804, 4, 40.16104490309954, 315, 473954, 473954, 0.017072448506951332, 1.7067372798919678
1795, 2.7166378056208487, 4, 40.181073889136314, 315, 474269, 474269, 0.016530130058526993, 1.6996431350708008
1796, 3.169313850221897, 4, 40.14965094393119, 315, 474584, 474584, 0.017443981021642685, 1.7042381763458252
1797, 1.7933154074999038, 4, 40.17045361362398, 315, 474899, 474899, 0.017621899023652077, 1.7040587663650513
1798, 1.938227505175746, 4, 40.12113316915929, 313, 475212, 475212, 0.017133649438619614, 1.7172032594680786
1799, 1.2516056145832408, 4, 40.14756219414994, 311, 475523, 475523, 0.017880262807011604, 1.7026269435882568
1800, 1.497521655208402, 4, 40.18998642312363, 312, 475835, 475835, 0.01784314215183258, 1.7036126852035522
1801, 1.8054116322891787, 4, 40.08343215007335, 310, 476145, 476145, 0.017648836597800255, 1.7126213312149048
1802, 0.9594969842364662, 4, 40.16944311000407, 311, 476456, 476456, 0.017969604581594467, 1.7151613235473633
1803, 2.3513139694478014, 4, 40.10973360994831, 308, 476764, 476764, 0.01835286244750023, 1.7042837142944336
1804, 1.9425311063532718, 4, 40.078378047794104, 311, 477075, 477075, 0.01721927896142006, 1.7030266523361206
1805, 1.6908016450324794, 4, 40.20729060191661, 312, 477387, 477387, 0.018114618957042694, 1.6922391653060913
1806, 1.4872059528133832, 4, 40.13329964596778, 311, 477698, 477698, 0.017816010862588882, 1.7048430442810059
1807, 1.546069426345639, 4, 40.112464850302786, 311, 478009, 478009, 0.017820091918110847, 1.6925543546676636
1808, 2.505686019154382, 4, 40.15280632302165, 311, 478320, 478320, 0.017007598653435707, 1.6938419342041016
1809, 2.772299883155938, 4, 40.16689410386607, 311, 478631, 478631, 0.017996422946453094, 1.6822521686553955
1810, 1.6754133955109864, 4, 40.09718769323081, 311, 478942, 478942, 0.017054272815585136, 1.6756350994110107
1811, 0.9738909802399576, 4, 40.056756283156574, 311, 479253, 479253, 0.017610840499401093, 1.7010201215744019
1812, 2.2305368224915583, 4, 40.17200035974383, 311, 479564, 479564, 0.017220770940184593, 1.6909689903259277
1813, 1.828056790183382, 4, 40.17534637916833, 311, 479875, 479875, 0.017480170354247093, 1.6925148963928223
1814, 0.7667125055450015, 4, 40.15180749678984, 312, 480187, 480187, 0.01683780550956726, 1.6903057098388672
1815, 1.8645978425629437, 4, 40.1298427102156, 311, 480498, 480498, 0.01819387450814247, 1.6876012086868286
1816, 1.712564677654882, 4, 40.110012826975435, 311, 480809, 480809, 0.016608040779829025, 1.6899389028549194
1817, 2.30689538090337, 4, 40.14019844122231, 310, 481119, 481119, 0.017325475811958313, 1.678924560546875
1818, 2.307107893851935, 4, 40.08270914899185, 310, 481429, 481429, 0.016928978264331818, 1.7017889022827148
1819, 1.6777262559335213, 4, 40.12208686536178, 311, 481740, 481740, 0.017341159284114838, 1.6882673501968384
1820, -5.8450019172159955, 2, 23.94829449383542, 185, 481925, 481925, 0.01727602630853653, 1.6866735219955444
1821, 1.6349385182838887, 4, 40.09960669092834, 311, 482236, 482236, 0.017598217353224754, 1.6980904340744019
1822, 1.9933852551948803, 4, 40.16018214216456, 310, 482546, 482546, 0.01799093186855316, 1.682739019393921
1823, 1.4041658622445539, 4, 40.09474699571729, 311, 482857, 482857, 0.016255028545856476, 1.6822154521942139
1824, 2.2112053196615307, 4, 40.072822804097086, 309, 483166, 483166, 0.01790870539844036, 1.683882713317871
1825, 2.794608159470954, 4, 40.13248791266233, 310, 483476, 483476, 0.017472032457590103, 1.7021450996398926
1826, 0.8177520733734127, 4, 40.06508053466678, 310, 483786, 483786, 0.017541008070111275, 1.6836388111114502
1827, 2.1087125923513668, 4, 40.12009659130126, 309, 484095, 484095, 0.017784371972084045, 1.691274642944336
1828, 2.4275972265756423, 4, 40.086717169731855, 310, 484405, 484405, 0.017420021817088127, 1.698878288269043
1829, 2.453746814329861, 4, 40.12864566734061, 310, 484715, 484715, 0.017255108803510666, 1.696671962738037
1830, 1.211807515937835, 4, 40.07547063007951, 310, 485025, 485025, 0.01791408658027649, 1.6796234846115112
1831, -1.2150978167774156, 2, 22.18186865095049, 169, 485194, 485194, 0.016308235004544258, 1.6845132112503052
1832, -2.53585508040851, 2, 7.881547142751515, 57, 485251, 485251, 0.017252301797270775, 1.6794726848602295
1833, 1.517916719079949, 4, 40.16753279464319, 312, 485563, 485563, 0.017673224210739136, 1.6851511001586914
1834, 2.8309022452704085, 4, 40.18413214478642, 310, 485873, 485873, 0.017749808728694916, 1.6873410940170288
1835, 1.2684270603058394, 4, 40.162252890877426, 312, 486185, 486185, 0.018044276162981987, 1.6811124086380005
1836, 2.687002083324842, 4, 40.131388646084815, 311, 486496, 486496, 0.01695559360086918, 1.6787189245224
1837, -4.842684676172212, 2, 5.6431176639162, 40, 486536, 486536, 0.016205141320824623, 1.702073335647583
1838, 1.8335534576326609, 4, 40.181178448256105, 308, 486844, 486844, 0.01740148849785328, 1.686699390411377
1839, 2.590758373902645, 4, 40.16575746284798, 314, 487158, 487158, 0.016401562839746475, 1.6897602081298828
1840, 2.5442431685587508, 4, 40.16933426586911, 314, 487472, 487472, 0.017938511446118355, 1.684164047241211
1841, 1.742719394263986, 4, 40.08769084094092, 314, 487786, 487786, 0.016974788159132004, 1.6869254112243652
1842, 1.0466899451130303, 4, 40.14820888172835, 314, 488100, 488100, 0.017561012879014015, 1.6882604360580444
1843, 2.258418788595918, 4, 40.11788482312113, 314, 488414, 488414, 0.017725598067045212, 1.6933081150054932
1844, 1.5804866404505447, 4, 40.126528793014586, 314, 488728, 488728, 0.01698089763522148, 1.686946988105774
1845, 1.6896504972100956, 4, 40.102753764018416, 314, 489042, 489042, 0.018716992810368538, 1.6886987686157227
1846, 1.1251607806480024, 4, 40.10508663300425, 315, 489357, 489357, 0.018895849585533142, 1.68997323513031
1847, 1.5646204283693805, 4, 40.16236097505316, 315, 489672, 489672, 0.01787460781633854, 1.6796871423721313
1848, 1.8529822822019923, 4, 40.16431031515822, 315, 489987, 489987, 0.017782393842935562, 1.681591272354126
1849, 2.7772145804628963, 4, 40.14862232608721, 315, 490302, 490302, 0.016751747578382492, 1.6666287183761597
1850, 1.7425444151449483, 4, 40.15662267897278, 315, 490617, 490617, 0.017161114141345024, 1.680976390838623
1851, 1.612722588586621, 4, 40.07703223824501, 314, 490931, 490931, 0.016751861199736595, 1.6818814277648926
1852, 1.9965468892478384, 4, 40.13798054493964, 315, 491246, 491246, 0.01856219954788685, 1.6786227226257324
1853, 2.054404614831583, 4, 40.108116822782904, 314, 491560, 491560, 0.017379384487867355, 1.6787725687026978
1854, 1.9057269220938906, 4, 40.10832793498412, 314, 491874, 491874, 0.016800934448838234, 1.675008773803711
1855, 2.2028711285383906, 4, 40.11643213964999, 314, 492188, 492188, 0.018233437091112137, 1.6732078790664673
1856, 2.0159756356151775, 4, 40.0591225088574, 314, 492502, 492502, 0.016769254580140114, 1.6777747869491577
1857, 2.656894529252895, 4, 40.06693977629766, 312, 492814, 492814, 0.017651930451393127, 1.676660418510437
1858, 1.0664037392707542, 4, 40.19046011939645, 315, 493129, 493129, 0.016850881278514862, 1.6714403629302979
1859, 2.4559793342050398, 4, 40.13615720020607, 314, 493443, 493443, 0.016865838319063187, 1.6817901134490967
1860, 2.2685986726137344, 4, 40.09364366019145, 313, 493756, 493756, 0.01709769479930401, 1.6751046180725098
1861, 0.8504377156496048, 4, 40.103947846218944, 315, 494071, 494071, 0.01681974157691002, 1.6760945320129395
1862, 1.7108076553267892, 4, 40.07914543710649, 313, 494384, 494384, 0.017023662105202675, 1.67043936252594
1863, 2.483031857176684, 4, 40.18460947694257, 314, 494698, 494698, 0.017590777948498726, 1.6659373044967651
1864, -1.2634844520398474, 2, 36.7535204552114, 287, 494985, 494985, 0.016273604705929756, 1.6806632280349731
1865, 1.9769387663982343, 4, 40.170944339130074, 315, 495300, 495300, 0.016383182257413864, 1.6683423519134521
1866, 0.55997587996535, 4, 40.11641346011311, 314, 495614, 495614, 0.018390413373708725, 1.6776163578033447
1867, 2.3376904322649352, 4, 40.165952248033136, 314, 495928, 495928, 0.017182324081659317, 1.6740769147872925
1868, 1.6905996111454442, 4, 40.15268929768354, 314, 496242, 496242, 0.017331426963210106, 1.6690518856048584
1869, 2.604292778065428, 4, 40.102452342864126, 314, 496556, 496556, 0.01752288267016411, 1.6673074960708618
1870, 1.608993826797814, 4, 40.060968013014644, 313, 496869, 496869, 0.015896840021014214, 1.6567864418029785
1871, 1.6531204293714836, 4, 40.09729603584856, 314, 497183, 497183, 0.01651555858552456, 1.6632983684539795
1872, 2.2003599410309107, 4, 40.10246928501874, 314, 497497, 497497, 0.016722267493605614, 1.666445016860962
1873, -1.0491442632983308, 2, 29.638928323052824, 230, 497727, 497727, 0.016857126727700233, 1.6561963558197021
1874, 2.6505636353349473, 4, 40.075457610189915, 313, 498040, 498040, 0.017145352438092232, 1.6654218435287476
1875, 2.853975283083855, 4, 40.07256010407582, 313, 498353, 498353, 0.017072832211852074, 1.6628831624984741
1876, 2.2082910162280314, 4, 40.1267965817824, 314, 498667, 498667, 0.016634637489914894, 1.6728010177612305
1877, 2.2902245206259977, 4, 40.15572938369587, 314, 498981, 498981, 0.016951976343989372, 1.6698001623153687
1878, 2.4310604997435803, 4, 40.09549929201603, 313, 499294, 499294, 0.016741063445806503, 1.6706197261810303
1879, 2.149725844457862, 4, 40.11142816301435, 312, 499606, 499606, 0.016911188140511513, 1.673190951347351
1880, 1.5692839034163626, 4, 40.15262169903144, 314, 499920, 499920, 0.01714457757771015, 1.6547482013702393
1881, 1.191496610539616, 4, 40.17062135320157, 315, 500235, 500235, 0.01740003377199173, 1.658371925354004
1882, 1.7134516997357423, 4, 40.144128215964884, 314, 500549, 500549, 0.016996728256344795, 1.653161644935608
1883, 1.6402311956044286, 4, 40.15796897280961, 314, 500863, 500863, 0.017046824097633362, 1.662269949913025
1884, 2.2132568626693683, 4, 40.16618780698627, 315, 501178, 501178, 0.01690204255282879, 1.6782081127166748
1885, 1.4060307449253742, 4, 40.137087650131434, 314, 501492, 501492, 0.016915567219257355, 1.661848545074463
1886, 2.5850303823826835, 4, 40.16539291711524, 314, 501806, 501806, 0.01699018105864525, 1.6677980422973633
1887, 2.2100088365841657, 4, 40.161200252361596, 315, 502121, 502121, 0.017031554132699966, 1.6533863544464111
1888, 0.9971076329820789, 4, 40.062270964030176, 314, 502435, 502435, 0.01639929786324501, 1.6678396463394165
1889, -1.953851607395336, 2, 37.615516231860965, 293, 502728, 502728, 0.016862668097019196, 1.6617716550827026
1890, 1.6358388288354035, 4, 40.12121886899695, 314, 503042, 503042, 0.01720902882516384, 1.6646069288253784
1891, 1.7823396939784288, 4, 40.079614793881774, 314, 503356, 503356, 0.016343412920832634, 1.651500940322876
1892, 2.1637181408004835, 4, 40.16570657491684, 314, 503670, 503670, 0.016712820157408714, 1.6735602617263794
1893, 1.8740830754395574, 4, 40.14505978720263, 314, 503984, 503984, 0.017273809760808945, 1.6694785356521606
1894, 2.208734034036752, 4, 40.14234631322324, 314, 504298, 504298, 0.017138313502073288, 1.6541656255722046
1895, 2.8878361558527104, 4, 40.141675787977874, 314, 504612, 504612, 0.016819486394524574, 1.65395188331604
1896, 2.36811857567227, 4, 40.17861706810072, 313, 504925, 504925, 0.017320523038506508, 1.6694415807724
1897, 1.217195946839638, 4, 40.10178963607177, 314, 505239, 505239, 0.01646672934293747, 1.6648201942443848
1898, 2.077932914451594, 4, 40.41141839278862, 316, 505555, 505555, 0.017384666949510574, 1.6623643636703491
1899, 1.903365621008561, 4, 40.10710198292509, 314, 505869, 505869, 0.016581706702709198, 1.6604892015457153
1900, 1.7907355914255731, 4, 40.0900766341947, 313, 506182, 506182, 0.017483025789260864, 1.656886339187622
1901, 1.682302566801809, 4, 40.16452150978148, 313, 506495, 506495, 0.01699162647128105, 1.6540478467941284
1902, 1.9806292663270142, 4, 40.08910754323006, 314, 506809, 506809, 0.017508486285805702, 1.6538993120193481
1903, 3.12743394357517, 4, 40.1847906592302, 313, 507122, 507122, 0.01680593751370907, 1.6523505449295044
1904, -2.2473807130008936, 4, 40.197562366724014, 315, 507437, 507437, 0.017341572791337967, 1.6471338272094727
1905, 2.0721913317684084, 4, 40.185665944591165, 315, 507752, 507752, 0.01633717678487301, 1.639904260635376
1906, 2.283201763049874, 4, 40.162965438794345, 314, 508066, 508066, 0.017469497397542, 1.6351262331008911
1907, 1.3437282904051244, 4, 40.17485634703189, 315, 508381, 508381, 0.01805764250457287, 1.6564584970474243
1908, 2.31804910122446, 4, 40.19752613874152, 312, 508693, 508693, 0.01628010906279087, 1.6561412811279297
1909, 1.4982113303849474, 4, 40.12305553816259, 314, 509007, 509007, 0.01713014394044876, 1.64432692527771
1910, 2.133050579985138, 4, 40.11871162801981, 313, 509320, 509320, 0.017271656543016434, 1.6590293645858765
1911, -0.9537761671454064, 2, 20.017428065184504, 154, 509474, 509474, 0.01677986979484558, 1.6464309692382812
1912, 1.8124789916037116, 4, 40.17649004422128, 314, 509788, 509788, 0.01667744666337967, 1.6455620527267456
1913, 2.019246538886364, 4, 40.17745683295652, 314, 510102, 510102, 0.017295338213443756, 1.6432452201843262
1914, 1.7235702462494373, 4, 40.11822172394022, 314, 510416, 510416, 0.01608857698738575, 1.6555148363113403
1915, 2.6953495241098153, 4, 40.16577539918944, 313, 510729, 510729, 0.01678255945444107, 1.6419484615325928
1916, 1.2537878854200244, 4, 40.106379005126655, 313, 511042, 511042, 0.0170334130525589, 1.6442193984985352
1917, 1.4634471636345552, 4, 40.107734775170684, 313, 511355, 511355, 0.015963049605488777, 1.6388282775878906
1918, 2.4654194178438047, 4, 40.16623708186671, 314, 511669, 511669, 0.016611171886324883, 1.6627169847488403
1919, 1.3236243620631285, 4, 40.145118871703744, 314, 511983, 511983, 0.016441551968455315, 1.638400673866272
1920, 2.0937434227889753, 4, 40.13976346934214, 314, 512297, 512297, 0.01660901866853237, 1.639019250869751
1921, 1.0982067859731615, 4, 40.15060521988198, 315, 512612, 512612, 0.01753111183643341, 1.6385458707809448
1922, 2.1952413709914254, 4, 40.0899948682636, 313, 512925, 512925, 0.016525300219655037, 1.6281335353851318
1923, 2.5778280795784667, 4, 40.129272416234016, 313, 513238, 513238, 0.017193922773003578, 1.6408989429473877
1924, 2.806115449820936, 4, 40.16638532932848, 311, 513549, 513549, 0.016402212902903557, 1.641147255897522
1925, 2.1853273551241728, 4, 40.110159089788795, 313, 513862, 513862, 0.016469670459628105, 1.6467119455337524
1926, 2.1772092618703027, 4, 40.15235288068652, 314, 514176, 514176, 0.01771448738873005, 1.6333167552947998
1927, 1.6796239481773227, 4, 40.18203760776669, 314, 514490, 514490, 0.016209101304411888, 1.656028389930725
1928, 1.3667113097617403, 4, 40.110171385109425, 314, 514804, 514804, 0.016347799450159073, 1.6327906847000122
1929, 2.514088329160586, 4, 40.174286724068224, 314, 515118, 515118, 0.016535578295588493, 1.6299856901168823
1930, 2.2897625006444287, 4, 40.15549603058025, 314, 515432, 515432, 0.01594664715230465, 1.6175593137741089
1931, 1.8365701511793304, 4, 40.14934348966926, 314, 515746, 515746, 0.016757389530539513, 1.6312215328216553
1932, 3.1294875857565785, 4, 40.145729104056954, 313, 516059, 516059, 0.016948284581303596, 1.6368962526321411
1933, 2.3950924467062578, 4, 40.16571502061561, 314, 516373, 516373, 0.016686823219060898, 1.6301510334014893
1934, 0.30625359345867764, 4, 40.09307672875002, 314, 516687, 516687, 0.016087042167782784, 1.6354646682739258
1935, 1.8733343612402678, 4, 40.15499235596508, 314, 517001, 517001, 0.01735622249543667, 1.6237130165100098
1936, 2.2310604515951127, 4, 40.125005095265806, 314, 517315, 517315, 0.016804220154881477, 1.6406135559082031
1937, 2.4072394242139126, 4, 40.13503721728921, 312, 517627, 517627, 0.016965238377451897, 1.628351092338562
1938, 2.4917584274826368, 4, 40.13589361915365, 308, 517935, 517935, 0.01708017662167549, 1.6265314817428589
1939, 2.1532925726655776, 4, 40.153720651287585, 313, 518248, 518248, 0.01738208532333374, 1.616870403289795
1940, 2.0434446852304973, 4, 40.18300316669047, 314, 518562, 518562, 0.017169997096061707, 1.6299911737442017
1941, 2.5972060904350656, 4, 40.1242815470323, 314, 518876, 518876, 0.016080761328339577, 1.6290374994277954
1942, -1.9032750175101683, 2, 10.012425022665411, 75, 518951, 518951, 0.016130933538079262, 1.6363372802734375
1943, 1.034814094164176, 4, 40.16533340420574, 310, 519261, 519261, 0.017615485936403275, 1.6386127471923828
1944, 2.1492651935550384, 4, 40.18651353940368, 311, 519572, 519572, 0.017323659732937813, 1.6255676746368408
1945, -3.6578936136793345, 2, 9.373846236150712, 70, 519642, 519642, 0.016543954610824585, 1.6101458072662354
1946, 1.4147769768896978, 4, 40.181612795218825, 308, 519950, 519950, 0.01688092201948166, 1.6235969066619873
1947, 0.928460129594896, 4, 40.144080044701695, 309, 520259, 520259, 0.017119336873292923, 1.6201733350753784
1948, -1.0743961366824806, 2, 24.73846452170983, 191, 520450, 520450, 0.017812322825193405, 1.6031179428100586
1949, 2.9707688874332234, 4, 40.13781353272498, 312, 520762, 520762, 0.01612142287194729, 1.6272834539413452
1950, 2.376589616360434, 4, 40.130913919303566, 311, 521073, 521073, 0.016379041597247124, 1.633144497871399
1951, 2.068770428057178, 4, 40.16734934505075, 308, 521381, 521381, 0.01677100546658039, 1.6316797733306885
1952, 2.181990812852746, 4, 40.094103168696165, 311, 521692, 521692, 0.01706639491021633, 1.6128870248794556
1953, 2.75772413588129, 4, 40.12088263174519, 309, 522001, 522001, 0.016386814415454865, 1.6112920045852661
1954, 2.0147363966279954, 4, 40.192677557934076, 308, 522309, 522309, 0.01681252010166645, 1.6232458353042603
1955, 2.8249161479252507, 4, 40.16211543790996, 312, 522621, 522621, 0.01637568324804306, 1.6171022653579712
1956, 1.74432873675687, 4, 40.167789412196726, 311, 522932, 522932, 0.017299065366387367, 1.6164064407348633
1957, 2.8645605206256732, 4, 40.117824758868665, 307, 523239, 523239, 0.01649966463446617, 1.6154199838638306
1958, 1.8296304108807817, 4, 40.10990948602557, 310, 523549, 523549, 0.01627100445330143, 1.6137332916259766
1959, 2.5879197468984785, 4, 40.138810912147164, 290, 523839, 523839, 0.016501465812325478, 1.6090235710144043
1960, 2.240412040459205, 4, 40.1585893407464, 289, 524128, 524128, 0.016955116763710976, 1.6194329261779785
1961, 2.168516609883227, 4, 40.10586797306314, 298, 524426, 524426, 0.01680060662329197, 1.6079696416854858
1962, 2.3356376495430595, 4, 40.098441153764725, 296, 524722, 524722, 0.017418688163161278, 1.6188874244689941
1963, 1.2446199313963007, 4, 40.118514579255134, 290, 525012, 525012, 0.016228599473834038, 1.6017526388168335
1964, 1.9095877940417267, 4, 40.12897047167644, 290, 525302, 525302, 0.01766006089746952, 1.6090508699417114
1965, 1.4036150264146272, 4, 40.13385628722608, 290, 525592, 525592, 0.015876298770308495, 1.6036691665649414
1966, 1.7152127215140354, 4, 40.06286134663969, 303, 525895, 525895, 0.016996033489704132, 1.6059340238571167
1967, 2.1288748352235416, 4, 40.1375309410505, 299, 526194, 526194, 0.017162343487143517, 1.6088190078735352
1968, 1.5580875385494437, 4, 40.21447568293661, 292, 526486, 526486, 0.01726754754781723, 1.6072174310684204
1969, 2.1054850327418535, 4, 40.19111353205517, 288, 526774, 526774, 0.016906671226024628, 1.6122562885284424
1970, 2.156341183646873, 4, 40.14909914927557, 297, 527071, 527071, 0.016589369624853134, 1.5926666259765625
1971, -0.04095113556832075, 2, 15.581283347681165, 118, 527189, 527189, 0.017573809251189232, 1.6082561016082764
1972, 1.2486750183161348, 4, 40.116644270252436, 309, 527498, 527498, 0.017517244443297386, 1.6056822538375854
1973, 3.1260053884470835, 4, 40.14694049395621, 309, 527807, 527807, 0.017165599390864372, 1.6155390739440918
1974, 3.2324134647660685, 4, 40.11571113625541, 309, 528116, 528116, 0.018293488770723343, 1.6117080450057983
1975, 1.370524096477311, 4, 40.13418244197965, 311, 528427, 528427, 0.01787312515079975, 1.6080397367477417
1976, 2.344504555374442, 4, 40.18888083938509, 311, 528738, 528738, 0.016893023625016212, 1.6099989414215088
1977, -1.1985723567486275, 2, 32.51062434632331, 251, 528989, 528989, 0.017157679423689842, 1.598708987236023
1978, 1.6969540082500316, 4, 40.10836158879101, 312, 529301, 529301, 0.017438024282455444, 1.5948206186294556
1979, 2.2127013036515564, 4, 40.11358656780794, 312, 529613, 529613, 0.0167863629758358, 1.6063834428787231
1980, 2.095047704425724, 4, 40.142788202967495, 313, 529926, 529926, 0.017996350303292274, 1.6016889810562134
1981, 3.1084669343181304, 4, 40.15568597475067, 311, 530237, 530237, 0.017138242721557617, 1.6021404266357422
1982, 2.1318518318003044, 4, 40.11906674597412, 312, 530549, 530549, 0.016529275104403496, 1.5925686359405518
1983, 1.098120113281766, 4, 40.079049514606595, 312, 530861, 530861, 0.016733089461922646, 1.6073604822158813
1984, 2.3068692606238983, 4, 40.10703653562814, 311, 531172, 531172, 0.016468508169054985, 1.6024373769760132
1985, 0.8686398329446092, 4, 40.100802751258016, 310, 531482, 531482, 0.01741074211895466, 1.5993496179580688
1986, 2.6420104844728485, 4, 40.186487406957895, 311, 531793, 531793, 0.016509799286723137, 1.606031060218811
1987, 2.9115109080303228, 4, 40.07339021703228, 310, 532103, 532103, 0.01694377511739731, 1.5972251892089844
1988, 1.951098357500996, 4, 40.15646061114967, 311, 532414, 532414, 0.017221184447407722, 1.6156063079833984
1989, -2.0637189515837235, 2, 30.74181120004505, 237, 532651, 532651, 0.01653658226132393, 1.6177723407745361
1990, 1.9292211345164105, 4, 40.07528951112181, 311, 532962, 532962, 0.016368629410862923, 1.5956741571426392
1991, 2.999295685753168, 4, 40.12650574417785, 309, 533271, 533271, 0.016520682722330093, 1.6043637990951538
1992, 1.6331348817475373, 4, 40.091919497121125, 311, 533582, 533582, 0.0166759192943573, 1.5975431203842163
1993, 1.5717340945848264, 4, 40.173683238215744, 311, 533893, 533893, 0.017207955941557884, 1.6103688478469849
1994, 1.958755174651742, 4, 40.07040665997192, 310, 534203, 534203, 0.017176508903503418, 1.597622036933899
1995, 1.495878631805681, 4, 40.12506670318544, 309, 534512, 534512, 0.01680123619735241, 1.604055404663086
1996, 2.1717207587498706, 4, 40.07558550871909, 310, 534822, 534822, 0.016803905367851257, 1.6028891801834106
1997, 2.7748054217663594, 4, 40.108602493070066, 309, 535131, 535131, 0.01635764166712761, 1.5932989120483398
1998, 2.0614377317251638, 4, 40.149922193959355, 311, 535442, 535442, 0.01795012503862381, 1.59856379032135
1999, 1.9061910708842333, 4, 40.176118378993124, 311, 535753, 535753, 0.01649412512779236, 1.601745367050171
2000, 3.066481290064985, 4, 40.07628995506093, 310, 536063, 536063, 0.01622212491929531, 1.5984997749328613
2001, 2.288501881499542, 4, 40.12219218490645, 311, 536374, 536374, 0.017086829990148544, 1.5842335224151611
2002, 1.6703656467980181, 4, 40.12554757995531, 312, 536686, 536686, 0.01715501770377159, 1.602062702178955
2003, 1.6245141002582386, 4, 40.112643404863775, 312, 536998, 536998, 0.016794001683592796, 1.614362120628357
2004, 2.543558385586948, 4, 40.16662187781185, 312, 537310, 537310, 0.016980048269033432, 1.5926204919815063
2005, 1.7526823992375284, 4, 40.19375045411289, 313, 537623, 537623, 0.016336116939783096, 1.5879696607589722
2006, 2.274496826386894, 4, 40.16043984517455, 311, 537934, 537934, 0.01679900288581848, 1.5972099304199219
2007, 1.9853540402837098, 4, 40.152099741622806, 311, 538245, 538245, 0.01665603183209896, 1.597480058670044
2008, 1.7470776647387538, 4, 40.16934987390414, 314, 538559, 538559, 0.016300132498145103, 1.5983812808990479
2009, 2.593319749301372, 4, 40.17568266391754, 313, 538872, 538872, 0.01718052290380001, 1.5840703248977661
2010, 2.289620665338589, 4, 40.12811700068414, 312, 539184, 539184, 0.01679067127406597, 1.5847409963607788
2011, 2.2555582597269677, 4, 40.16891936864704, 312, 539496, 539496, 0.017443189397454262, 1.596365213394165
2012, -1.1558395652100444, 2, 9.418371642939746, 70, 539566, 539566, 0.017322776839137077, 1.6083369255065918
2013, 1.5340956044292398, 4, 40.1596425329335, 313, 539879, 539879, 0.01762792468070984, 1.5904773473739624
2014, -1.5280764008939514, 2, 34.57289579510689, 268, 540147, 540147, 0.016339819878339767, 1.5927848815917969
2015, 2.4213139864332334, 4, 40.112598647829145, 312, 540459, 540459, 0.016228681430220604, 1.5643377304077148
2016, 1.7792233557556756, 4, 40.0941450111568, 313, 540772, 540772, 0.01683139055967331, 1.5836896896362305
2017, 2.211524511920288, 4, 40.13100137189031, 312, 541084, 541084, 0.01683010719716549, 1.584797739982605
2018, 2.2405377235263586, 4, 40.1562794172205, 312, 541396, 541396, 0.017743438482284546, 1.5741581916809082
2019, 2.9463340923357464, 4, 40.08938278676942, 311, 541707, 541707, 0.01623382978141308, 1.599456548690796
2020, 2.0190525198704563, 4, 40.17745112767443, 313, 542020, 542020, 0.01655026711523533, 1.5868712663650513
2021, 2.3600511068980268, 4, 40.05884840898216, 312, 542332, 542332, 0.017108961939811707, 1.5773104429244995
2022, 1.5433073673048057, 4, 40.1622717869468, 312, 542644, 542644, 0.01758497580885887, 1.5909299850463867
2023, 2.5183721850044094, 4, 40.183087163139135, 313, 542957, 542957, 0.01672159507870674, 1.574800968170166
2024, 1.5039519466736238, 4, 40.08784729335457, 312, 543269, 543269, 0.01625649817287922, 1.5745599269866943
2025, 1.5512498375901487, 4, 40.13205458363518, 312, 543581, 543581, 0.017334572970867157, 1.5771859884262085
2026, 1.993165182771918, 4, 40.199392072856426, 312, 543893, 543893, 0.01725662127137184, 1.5918890237808228
2027, 1.3287257973570377, 4, 40.07428608695045, 312, 544205, 544205, 0.016103535890579224, 1.585620403289795
2028, 2.506879666014356, 4, 40.177233235910535, 312, 544517, 544517, 0.016754820942878723, 1.5932165384292603
2029, 2.2297580444446794, 4, 40.142613518983126, 313, 544830, 544830, 0.016287922859191895, 1.5747028589248657
2030, 1.8021956494521874, 4, 40.16617326019332, 313, 545143, 545143, 0.01688968576490879, 1.5870647430419922
2031, 2.280718605596121, 4, 40.11896882113069, 312, 545455, 545455, 0.01655941642820835, 1.56554114818573
2032, 1.4385605469578877, 4, 40.18251678114757, 313, 545768, 545768, 0.016747672110795975, 1.5905568599700928
2033, 3.1678775976397446, 4, 40.11707457480952, 312, 546080, 546080, 0.016606057062745094, 1.5857099294662476
2034, 1.6499160774983466, 4, 40.08774732705206, 312, 546392, 546392, 0.016362862661480904, 1.5767923593521118
2035, 1.5961304628290236, 4, 40.116637181025, 312, 546704, 546704, 0.01681593433022499, 1.5828349590301514
2036, 3.4750611215495155, 4, 40.15252300305292, 311, 547015, 547015, 0.017096709460020065, 1.570581316947937
2037, 1.9587929544359213, 4, 40.102126182988286, 311, 547326, 547326, 0.017773009836673737, 1.579014778137207
2038, 1.6022838302887976, 4, 40.14783795597032, 313, 547639, 547639, 0.01638665609061718, 1.5663368701934814
2039, 2.613517843081354, 4, 40.169613061938435, 312, 547951, 547951, 0.01653929613530636, 1.577829360961914
2040, 2.320775735701318, 4, 40.07758793607354, 312, 548263, 548263, 0.0163720790296793, 1.586374282836914
2041, 1.940172671689652, 4, 40.13291672524065, 313, 548576, 548576, 0.01708688586950302, 1.577532172203064
2042, 0.4603472609323944, 4, 40.07807631790638, 313, 548889, 548889, 0.017439426854252815, 1.5681673288345337
2043, -3.0165733085013926, 2, 6.3597537050955, 46, 548935, 548935, 0.01534563023597002, 1.5589395761489868
2044, 2.444253543377272, 4, 40.10710027022287, 311, 549246, 549246, 0.016982313245534897, 1.5757437944412231
2045, 1.477612236769346, 4, 40.06302563706413, 312, 549558, 549558, 0.016528921201825142, 1.5726664066314697
2046, 2.0688691347604617, 4, 40.094783429056406, 312, 549870, 549870, 0.016378501430153847, 1.5751492977142334
2047, -3.638808906544, 2, 7.552207277156413, 55, 549925, 549925, 0.017588280141353607, 1.5470062494277954
2048, 1.6203800637376844, 4, 40.089293794706464, 311, 550236, 550236, 0.01707325130701065, 1.5666967630386353
2049, 2.6691775320632587, 4, 40.05760322418064, 311, 550547, 550547, 0.017572622746229172, 1.558509111404419
2050, 0.7669325254064461, 4, 40.13534536911175, 312, 550859, 550859, 0.016831595450639725, 1.5683650970458984
2051, 2.549811539298389, 4, 40.12558789178729, 313, 551172, 551172, 0.016289394348859787, 1.563245177268982
2052, 2.202915049478179, 4, 40.13130060210824, 311, 551483, 551483, 0.016379021108150482, 1.5605709552764893
2053, 2.5113038753333967, 4, 40.07663810811937, 312, 551795, 551795, 0.016493478789925575, 1.5512059926986694
2054, 2.2824088035868044, 4, 40.11593991704285, 313, 552108, 552108, 0.017151081934571266, 1.5619139671325684
2055, 2.0565603061841102, 4, 40.21528479363769, 312, 552420, 552420, 0.016617823392152786, 1.57156503200531
2056, 2.7195452067819588, 4, 40.14718059496954, 310, 552730, 552730, 0.016801901161670685, 1.57571280002594
2057, 2.233253260856145, 4, 40.08711784565821, 310, 553040, 553040, 0.015781022608280182, 1.5667717456817627
2058, 2.4370200912126165, 4, 40.08444725628942, 308, 553348, 553348, 0.01726383902132511, 1.5768916606903076
2059, 2.2754109692468774, 4, 40.176981133874506, 309, 553657, 553657, 0.016783475875854492, 1.5557668209075928
2060, 1.0893363377108471, 4, 40.18256444996223, 310, 553967, 553967, 0.017223645001649857, 1.5563462972640991
2061, 2.768826292736776, 4, 40.049950322601944, 308, 554275, 554275, 0.01664641685783863, 1.569082260131836
2062, 1.5337583742802963, 4, 40.100096536334604, 311, 554586, 554586, 0.017077971249818802, 1.5636142492294312
2063, 2.0611798523314064, 4, 40.10731587698683, 312, 554898, 554898, 0.016106225550174713, 1.5617618560791016
2064, 2.0521409811044578, 4, 40.12606595270336, 312, 555210, 555210, 0.01664125546813011, 1.561621069908142
2065, 1.3194452680181712, 4, 40.1070023663342, 312, 555522, 555522, 0.017209405079483986, 1.5612716674804688
2066, 2.591860220840317, 4, 40.16797116911039, 309, 555831, 555831, 0.01640581153333187, 1.552923321723938
2067, 0.6550244372338057, 4, 40.127125105354935, 311, 556142, 556142, 0.016608163714408875, 1.5678073167800903
2068, 1.9685587648418732, 4, 40.07668465236202, 310, 556452, 556452, 0.01623004861176014, 1.5585047006607056
2069, 1.3021712402260164, 4, 40.14487213920802, 311, 556763, 556763, 0.017344022169709206, 1.5610847473144531
2070, 2.2008042462657613, 4, 40.143991861026734, 310, 557073, 557073, 0.01588168740272522, 1.5567173957824707
2071, 1.785124721354805, 4, 40.16184713412076, 311, 557384, 557384, 0.017095128074288368, 1.5554254055023193
2072, 1.0641866244841367, 4, 40.122861864976585, 312, 557696, 557696, 0.017141422256827354, 1.5632952451705933
2073, 2.0894865882037266, 4, 40.155355987139046, 311, 558007, 558007, 0.016760263592004776, 1.5515050888061523
2074, 2.060251613962464, 4, 40.2736073252745, 312, 558319, 558319, 0.0166148841381073, 1.55380380153656
2075, 2.414900413248688, 4, 40.126187548972666, 309, 558628, 558628, 0.016826393082737923, 1.5532649755477905
2076, 1.7817580198025098, 4, 40.12091895705089, 311, 558939, 558939, 0.01650381088256836, 1.5521470308303833
2077, 2.2125778866029577, 4, 40.18821884598583, 313, 559252, 559252, 0.016379015520215034, 1.5545843839645386
2078, 1.2127409367458313, 4, 40.09326117299497, 310, 559562, 559562, 0.016423000022768974, 1.550583839416504
2079, 1.7655955933732912, 4, 40.18566763587296, 312, 559874, 559874, 0.01615697517991066, 1.5604381561279297
2080, 1.9291337894890148, 4, 40.17940482404083, 309, 560183, 560183, 0.016302023082971573, 1.5592337846755981
2081, 2.947281988659597, 4, 40.07253650110215, 309, 560492, 560492, 0.016254553571343422, 1.558864712715149
2082, -0.3388956471317215, 2, 15.034891122020781, 113, 560605, 560605, 0.01647558994591236, 1.5187745094299316
2083, 1.7799304653599393, 4, 40.15648702299222, 307, 560912, 560912, 0.017553294077515602, 1.5616447925567627
2084, 2.2563050463213585, 4, 40.107204490341246, 309, 561221, 561221, 0.016592008993029594, 1.5617841482162476
2085, 1.4968122323334683, 4, 40.17132553411648, 312, 561533, 561533, 0.017424140125513077, 1.556860089302063
2086, 1.0455486079445109, 4, 40.08567751105875, 310, 561843, 561843, 0.016627751290798187, 1.553490400314331
2087, 2.7957804591296735, 4, 40.10607626894489, 309, 562152, 562152, 0.016599223017692566, 1.551403284072876
2088, 1.9958602882106788, 4, 40.12623096583411, 311, 562463, 562463, 0.015794605016708374, 1.5371564626693726
2089, 1.609087263001129, 4, 40.1637150850147, 309, 562772, 562772, 0.016528936102986336, 1.53567373752594
2090, 2.027060179912951, 4, 40.07782587269321, 311, 563083, 563083, 0.01633213646709919, 1.531067132949829
2091, 2.2690150510788953, 4, 40.09025026392192, 310, 563393, 563393, 0.01641474850475788, 1.5571829080581665
2092, 1.9499600678873321, 4, 40.14073968492448, 310, 563703, 563703, 0.01604163646697998, 1.547898530960083
2093, 2.666110742411547, 4, 40.13511305721477, 311, 564014, 564014, 0.015903934836387634, 1.5393764972686768
2094, 2.230580138209916, 4, 40.16950411302969, 309, 564323, 564323, 0.016707245260477066, 1.5364450216293335
2095, 2.7395705191011075, 4, 40.188626216724515, 295, 564618, 564618, 0.017031364142894745, 1.5426543951034546
2096, 1.9711003165430157, 4, 40.147811006288975, 307, 564925, 564925, 0.016264762729406357, 1.542677402496338
2097, 2.556318340055441, 4, 40.19945749826729, 311, 565236, 565236, 0.016457336023449898, 1.5451418161392212
2098, 2.1755827158622196, 4, 40.13708641892299, 304, 565540, 565540, 0.016614915803074837, 1.5420511960983276
2099, 2.0702921380943735, 4, 40.19718708097935, 297, 565837, 565837, 0.015845026820898056, 1.54290771484375
2100, 1.1694488115608692, 4, 40.09695603698492, 287, 566124, 566124, 0.01638672687113285, 1.5429881811141968
2101, 2.1404847252379113, 4, 40.15311793796718, 310, 566434, 566434, 0.016411324962973595, 1.533607006072998
2102, 1.4111464620073093, 4, 40.13874491909519, 312, 566746, 566746, 0.016339948400855064, 1.5464268922805786
2103, 1.5561523509404651, 4, 40.14572202600539, 313, 567059, 567059, 0.01600363664329052, 1.5366251468658447
2104, 1.8818316224496812, 4, 40.15497703384608, 313, 567372, 567372, 0.01624280773103237, 1.5267183780670166
2105, 1.7956786419381388, 4, 40.12216137489304, 313, 567685, 567685, 0.017104847356677055, 1.539737343788147
2106, 2.4799747110228054, 4, 40.116153992246836, 312, 567997, 567997, 0.01636112667620182, 1.537399411201477
2107, -0.9815025187563151, 2, 11.960327338892967, 90, 568087, 568087, 0.015839876607060432, 1.533428430557251
2108, 1.707727582632515, 4, 40.096378742251545, 312, 568399, 568399, 0.016170522198081017, 1.5246111154556274
2109, 2.1006685629690764, 4, 40.163614778313786, 312, 568711, 568711, 0.016544159501791, 1.5342386960983276
2110, 1.8212213917431654, 4, 40.13393905898556, 313, 569024, 569024, 0.015842337161302567, 1.5348832607269287
2111, 2.1471610758817405, 4, 40.06341145513579, 312, 569336, 569336, 0.01640053279697895, 1.5417052507400513
2112, 1.506714152157656, 4, 40.126467464957386, 311, 569647, 569647, 0.016683148220181465, 1.5254719257354736
2113, 2.908624057396082, 4, 40.07160046603531, 311, 569958, 569958, 0.016127001494169235, 1.5244004726409912
2114, 1.6330556293919045, 4, 40.15695538884029, 312, 570270, 570270, 0.016406230628490448, 1.534988284111023
2115, 2.3609130919267045, 4, 40.13322635926306, 310, 570580, 570580, 0.016100507229566574, 1.5348010063171387
2116, 1.1112441151635721, 4, 40.11698351893574, 308, 570888, 570888, 0.015866201370954514, 1.5335801839828491
2117, 1.76047289109556, 4, 40.09967737738043, 312, 571200, 571200, 0.01562152337282896, 1.533669352531433
2118, 1.9964385034612633, 4, 40.09413122711703, 312, 571512, 571512, 0.01601456291973591, 1.5347298383712769
2119, 1.4332156259994235, 4, 40.19469801383093, 313, 571825, 571825, 0.016763506457209587, 1.5237905979156494
2120, 3.088211299786053, 4, 40.07266603037715, 310, 572135, 572135, 0.015549980103969574, 1.521493673324585
2121, 2.6515454237378435, 4, 40.15452360827476, 312, 572447, 572447, 0.015720441937446594, 1.5254602432250977
2122, 1.4867126343306154, 4, 40.15997832175344, 312, 572759, 572759, 0.016193291172385216, 1.5161324739456177
2123, 1.9506496857793536, 4, 40.14079102827236, 312, 573071, 573071, 0.01576136238873005, 1.5118966102600098
2124, 2.7868064841022715, 4, 40.09630542527884, 311, 573382, 573382, 0.015729904174804688, 1.5050432682037354
2125, 2.341957257827744, 4, 40.06420291494578, 311, 573693, 573693, 0.01630827970802784, 1.5168756246566772
2126, 1.5111983389942907, 4, 40.13782967906445, 312, 574005, 574005, 0.01599150151014328, 1.5117230415344238
2127, 2.216223515359161, 4, 40.06818035105243, 311, 574316, 574316, 0.01660173013806343, 1.5213992595672607
2128, 2.071371780708432, 4, 40.171072464901954, 312, 574628, 574628, 0.016457710415124893, 1.5222086906433105
2129, 0.1230136962258257, 4, 40.18354810774326, 312, 574940, 574940, 0.015855424106121063, 1.514815092086792
2130, 1.1854299580008956, 4, 40.1371624302119, 311, 575251, 575251, 0.015270370990037918, 1.5172523260116577
2131, 3.4542278648582396, 4, 40.157108856830746, 311, 575562, 575562, 0.016291441395878792, 1.5219144821166992
2132, 1.2849514670051576, 4, 40.082508638035506, 311, 575873, 575873, 0.01584334671497345, 1.5278377532958984
2133, 2.3716352648266366, 4, 40.15206918818876, 311, 576184, 576184, 0.015593279153108597, 1.5182087421417236
2134, 2.5700012853048975, 4, 40.07902664644644, 311, 576495, 576495, 0.015706652775406837, 1.5231270790100098
2135, 1.7219804711494362, 4, 40.18080653483048, 312, 576807, 576807, 0.0166658703237772, 1.5238455533981323
2136, 2.892766877601389, 4, 40.15676180459559, 312, 577119, 577119, 0.015293776988983154, 1.5150235891342163
2137, 1.4193467734585283, 4, 40.09808622626588, 311, 577430, 577430, 0.015739988535642624, 1.513361930847168
2138, 3.0028808829101763, 4, 40.16752081690356, 311, 577741, 577741, 0.015706583857536316, 1.5131040811538696
2139, 2.995795014219766, 4, 40.076256859116256, 311, 578052, 578052, 0.015696631744503975, 1.5028108358383179
2140, 0.7258316370061948, 4, 40.05500968405977, 311, 578363, 578363, 0.015459041111171246, 1.4997000694274902
2141, 2.548733967007138, 4, 40.07305188989267, 310, 578673, 578673, 0.015879830345511436, 1.5121699571609497
2142, 2.2216859831823967, 4, 40.184300360269845, 309, 578982, 578982, 0.016246318817138672, 1.5160753726959229
2143, 2.353283572203509, 4, 40.094229041133076, 307, 579289, 579289, 0.0154391098767519, 1.502493143081665
2144, 1.7792412481035171, 4, 40.16740655619651, 309, 579598, 579598, 0.01619327813386917, 1.5085868835449219
2145, 2.832819372029917, 4, 40.082556921988726, 308, 579906, 579906, 0.015944769605994225, 1.5188943147659302
2146, 1.914456208053707, 4, 40.134237822145224, 306, 580212, 580212, 0.016601448878645897, 1.5138280391693115
2147, 2.027491127664689, 4, 40.05589043023065, 308, 580520, 580520, 0.016443246975541115, 1.496816635131836
2148, 2.910205922415116, 4, 40.09019999206066, 307, 580827, 580827, 0.015934694558382034, 1.5127947330474854
2149, 2.70855767453304, 4, 40.09336597798392, 308, 581135, 581135, 0.01575062982738018, 1.5024720430374146
2150, 1.5873966979561374, 4, 40.061032738070935, 311, 581446, 581446, 0.015976248309016228, 1.495965838432312
2151, 2.3254292894271202, 4, 40.05766482371837, 312, 581758, 581758, 0.016201941296458244, 1.514430046081543
2152, 2.3479752322818968, 4, 40.08352641901001, 311, 582069, 582069, 0.016254328191280365, 1.5059810876846313
2153, 2.2889228114072466, 4, 40.12465026602149, 312, 582381, 582381, 0.015126983635127544, 1.5066899061203003
2154, 1.8370829188934295, 4, 40.18119828775525, 313, 582694, 582694, 0.01596682146191597, 1.497466802597046
2155, 2.7561230557694216, 4, 40.19414887391031, 313, 583007, 583007, 0.015665646642446518, 1.4949960708618164
2156, 1.6335571935469488, 4, 40.12210436211899, 312, 583319, 583319, 0.01568194292485714, 1.5101338624954224
2157, 1.1759366846235935, 4, 40.09183234674856, 312, 583631, 583631, 0.016665766015648842, 1.5023494958877563
2158, 2.3540006289840676, 4, 40.12092373101041, 312, 583943, 583943, 0.01588403806090355, 1.506730079650879
2159, 2.103204518323764, 4, 40.186247191391885, 312, 584255, 584255, 0.01605846732854843, 1.50235116481781
2160, 2.472624102374539, 4, 40.177896364126354, 313, 584568, 584568, 0.015889480710029602, 1.5071932077407837
2161, 2.503100361485849, 4, 40.18372484669089, 313, 584881, 584881, 0.01606636494398117, 1.5010099411010742
2162, 1.4857220497506205, 4, 40.07002657838166, 312, 585193, 585193, 0.015541750937700272, 1.4978184700012207
2163, 1.7850059467891697, 4, 40.147332809865475, 313, 585506, 585506, 0.015689341351389885, 1.489635705947876
2164, -3.979889808339067, 2, 6.6354550193063915, 48, 585554, 585554, 0.015171603299677372, 1.5246549844741821
2165, 2.7563243880103983, 4, 40.13685235287994, 311, 585865, 585865, 0.015593642368912697, 1.5038203001022339
2166, 2.001541739828099, 4, 40.17637506267056, 312, 586177, 586177, 0.015964511781930923, 1.518225908279419
2167, 1.7157958339084871, 4, 40.141106804832816, 313, 586490, 586490, 0.016137463971972466, 1.4923423528671265
2168, 1.545361487311311, 4, 40.10721999313682, 312, 586802, 586802, 0.015715504065155983, 1.4988435506820679
2169, 1.6459255321096862, 4, 40.12613389827311, 312, 587114, 587114, 0.01554267667233944, 1.4974149465560913
2170, 1.5155697907321155, 4, 40.106517849024385, 312, 587426, 587426, 0.015994761139154434, 1.5010654926300049
2171, 1.6987272379919887, 4, 40.09267178317532, 312, 587738, 587738, 0.015421590767800808, 1.4953452348709106
2172, 1.9911269071744755, 4, 40.08546031219885, 312, 588050, 588050, 0.015442718751728535, 1.4858704805374146
2173, 1.9425477196346037, 4, 40.10659405216575, 312, 588362, 588362, 0.01670650951564312, 1.49148690700531
2174, 1.8026886716252193, 4, 40.09867784008384, 312, 588674, 588674, 0.01647680066525936, 1.4983975887298584
2175, 2.5578237100853585, 4, 40.177504116203636, 312, 588986, 588986, 0.01676645129919052, 1.495813012123108
2176, 1.603025286225602, 4, 40.158022148068994, 312, 589298, 589298, 0.01635638251900673, 1.485313892364502
2177, 1.2057379630277865, 4, 40.179239626042545, 313, 589611, 589611, 0.01632842980325222, 1.4822677373886108
2178, 1.686599409833434, 4, 40.201677036006004, 313, 589924, 589924, 0.016201522201299667, 1.4887720346450806
2179, 2.1044475346279796, 4, 40.066605765838176, 312, 590236, 590236, 0.015678929165005684, 1.4801210165023804
2180, 1.4314281396218576, 4, 40.15517775295302, 313, 590549, 590549, 0.01570502109825611, 1.4943476915359497
2181, -0.041351779364049435, 2, 15.645944837946445, 119, 590668, 590668, 0.015141314826905727, 1.5011342763900757
2182, 2.275552451785188, 4, 40.13012559898198, 312, 590980, 590980, 0.01539626158773899, 1.483730673789978
2183, 1.9894869964700774, 4, 40.16700013400987, 312, 591292, 591292, 0.016241857782006264, 1.4866427183151245
2184, 1.5079591281619287, 4, 40.05956332804635, 312, 591604, 591604, 0.01596771366894245, 1.487039566040039
2185, 2.4606655688839965, 4, 40.184262411203235, 312, 591916, 591916, 0.01567821390926838, 1.4804408550262451
2186, 2.4498572843695, 4, 40.11929755099118, 312, 592228, 592228, 0.01535052340477705, 1.4889719486236572
2187, -4.162307300721295, 2, 6.769381579011679, 49, 592277, 592277, 0.015496291220188141, 1.468008279800415
2188, 1.9911266506751417, 4, 40.15668800519779, 313, 592590, 592590, 0.015558082610368729, 1.5003507137298584
2189, 1.7016840220530867, 4, 40.19151299120858, 312, 592902, 592902, 0.015543642453849316, 1.470325231552124
2190, 0.5615495147649199, 4, 40.10155200958252, 313, 593215, 593215, 0.016140181571245193, 1.4881141185760498
2191, 2.4028895177543745, 4, 40.135870221070945, 312, 593527, 593527, 0.0160868801176548, 1.4933435916900635
2192, 1.9930665697611403, 4, 40.109443459659815, 312, 593839, 593839, 0.01557347271591425, 1.4874097108840942
2193, -0.3735379153949907, 2, 27.211888449266553, 209, 594048, 594048, 0.016209252178668976, 1.477125644683838
2194, 1.908137022081064, 4, 40.06569472886622, 312, 594360, 594360, 0.01569451577961445, 1.4781132936477661
2195, 2.3431040391806164, 4, 40.08943228982389, 312, 594672, 594672, 0.015429728664457798, 1.4631954431533813
2196, 2.7541849292683764, 4, 40.16782879503444, 309, 594981, 594981, 0.015578092075884342, 1.4634798765182495
2197, 2.562982123985421, 4, 40.15397180011496, 311, 595292, 595292, 0.015479766763746738, 1.4873143434524536
2198, 1.8322847476229072, 4, 40.10713974805549, 310, 595602, 595602, 0.016315076500177383, 1.4937711954116821
2199, 1.4749049027450383, 4, 40.11216643312946, 312, 595914, 595914, 0.015012380667030811, 1.4843517541885376
2200, 1.3224444034058251, 4, 40.0927704218775, 310, 596224, 596224, 0.015144336968660355, 1.4917508363723755
2201, 2.34076512377942, 4, 40.10460205981508, 312, 596536, 596536, 0.016195299103856087, 1.4874404668807983
2202, 0.9876466040150262, 4, 40.10465298779309, 312, 596848, 596848, 0.015499116852879524, 1.4693573713302612
2203, 1.1696423691464588, 4, 40.045226986985654, 311, 597159, 597159, 0.015344126150012016, 1.465227723121643
2204, 2.8299644865328446, 4, 40.16674660379067, 312, 597471, 597471, 0.015495807863771915, 1.4722670316696167
2205, 1.3664728800067678, 4, 40.12781608989462, 312, 597783, 597783, 0.01574508287012577, 1.4767545461654663
2206, 2.813841072638752, 4, 40.079940636176616, 312, 598095, 598095, 0.015684448182582855, 1.476631760597229
2207, 3.1041736526158275, 4, 40.17738023633137, 311, 598406, 598406, 0.01556176133453846, 1.4720475673675537
2208, 1.7788313083838148, 4, 40.08252667123452, 311, 598717, 598717, 0.015722373500466347, 1.4784473180770874
2209, 2.262059428554494, 4, 40.104955211281776, 311, 599028, 599028, 0.015729544684290886, 1.4746156930923462
2210, 1.9363914316054434, 4, 40.1964665367268, 313, 599341, 599341, 0.01640007458627224, 1.4768563508987427
2211, 2.412092721206136, 4, 40.082483906298876, 312, 599653, 599653, 0.015006523579359055, 1.4809448719024658
2212, 2.5336883729760302, 4, 40.11041881097481, 312, 599965, 599965, 0.015153670683503151, 1.4672012329101562
2213, 1.7371795765357092, 4, 40.172561389859766, 311, 600276, 600276, 0.016366729512810707, 1.4869329929351807
2214, 1.3203300212408067, 4, 40.16616535605863, 312, 600588, 600588, 0.015799935907125473, 1.4838387966156006
2215, 2.9535827618346957, 4, 40.09665937209502, 311, 600899, 600899, 0.015692591667175293, 1.4709320068359375
2216, 2.5647959256893955, 4, 40.19376549497247, 312, 601211, 601211, 0.015777505934238434, 1.4730110168457031
2217, 1.610692129645031, 4, 40.13955786218867, 312, 601523, 601523, 0.014978080056607723, 1.4775463342666626
2218, 0.6138341089827009, 4, 40.188402376137674, 313, 601836, 601836, 0.015428070910274982, 1.4716215133666992
2219, 1.1207683026295854, 4, 40.15914773521945, 312, 602148, 602148, 0.016400892287492752, 1.466796636581421
2220, 2.0740732377162203, 4, 40.144975683651865, 312, 602460, 602460, 0.015774177387356758, 1.4595824480056763
2221, 2.730744633652648, 4, 40.08940278599039, 311, 602771, 602771, 0.015260056592524052, 1.4668285846710205
2222, 1.8073225151747465, 4, 40.11939107812941, 312, 603083, 603083, 0.015788624063134193, 1.4651994705200195
2223, 2.534045430871288, 4, 40.08020600723103, 311, 603394, 603394, 0.01542955357581377, 1.468254804611206
2224, 2.52597081240674, 4, 40.101677441969514, 311, 603705, 603705, 0.016045983880758286, 1.4619930982589722
2225, 2.3840384096401976, 4, 40.07907684566453, 311, 604016, 604016, 0.016717322170734406, 1.4750148057937622
2226, 1.7183930988612701, 4, 40.1445765402168, 312, 604328, 604328, 0.015427656471729279, 1.4611079692840576
2227, 1.393676980980672, 4, 40.07000818196684, 310, 604638, 604638, 0.01522565633058548, 1.4691342115402222
2228, 2.4792260768372216, 4, 40.1183474897407, 311, 604949, 604949, 0.015798261389136314, 1.461815595626831
2229, 2.5817532628483377, 4, 40.06858263304457, 311, 605260, 605260, 0.015513705089688301, 1.4653220176696777
2230, 2.1610790132544935, 4, 40.158073279075325, 312, 605572, 605572, 0.015462985262274742, 1.4717442989349365
2231, 2.766462574146317, 4, 40.06863261386752, 311, 605883, 605883, 0.015826404094696045, 1.4541759490966797
2232, 2.2621032218485198, 4, 40.13183669000864, 311, 606194, 606194, 0.016741788014769554, 1.453432321548462
2233, 2.2107279702850064, 4, 40.132321449927986, 311, 606505, 606505, 0.016271168366074562, 1.4578908681869507
2234, 2.7480645524519787, 4, 40.15570001071319, 311, 606816, 606816, 0.015552770346403122, 1.4594156742095947
2235, 1.2430930249574885, 4, 40.15421121986583, 312, 607128, 607128, 0.01617823727428913, 1.458577036857605
2236, 1.3104265348956687, 4, 40.128198040183634, 312, 607440, 607440, 0.016111012548208237, 1.4603246450424194
2237, 2.547734092157498, 4, 40.13103633094579, 311, 607751, 607751, 0.016056958585977554, 1.4594658613204956
2238, 2.5433291874069255, 4, 40.18914989288896, 312, 608063, 608063, 0.016028041020035744, 1.476503610610962
2239, 1.4357684825081378, 4, 40.11374955903739, 312, 608375, 608375, 0.016029732301831245, 1.4656867980957031
2240, 2.372964338406746, 4, 40.169667461887, 310, 608685, 608685, 0.015777306631207466, 1.4689770936965942
2241, 2.3335970523439755, 4, 40.13173536211252, 311, 608996, 608996, 0.015135914087295532, 1.459441900253296
2242, 3.161178383496008, 4, 40.173845294397324, 312, 609308, 609308, 0.01650300994515419, 1.4560312032699585
2243, 2.145037086786033, 4, 40.164936831686646, 312, 609620, 609620, 0.015335514210164547, 1.4582948684692383
2244, 3.00106462137785, 4, 40.148791873361915, 311, 609931, 609931, 0.01569180004298687, 1.465674877166748
2245, 2.737476935541963, 4, 40.202027769293636, 312, 610243, 610243, 0.015540084801614285, 1.4645780324935913
2246, 2.0095026921626413, 4, 40.111625604797155, 312, 610555, 610555, 0.016001997515559196, 1.463334083557129
2247, 2.834123761720548, 4, 40.15751030202955, 311, 610866, 610866, 0.016134798526763916, 1.4569511413574219
2248, 2.4898810794911697, 4, 40.11729578766972, 311, 611177, 611177, 0.015370200388133526, 1.4504075050354004
2249, 1.3345342698012246, 4, 40.121197507716715, 311, 611488, 611488, 0.014884530566632748, 1.4395536184310913
2250, 2.3960924774582963, 4, 40.16070922603831, 312, 611800, 611800, 0.01522403210401535, 1.4584052562713623
2251, 3.2011365907092113, 4, 40.12454586010426, 311, 612111, 612111, 0.014749789610505104, 1.4405244588851929
2252, -3.790319031686522, 2, 7.337449003942311, 44, 612155, 612155, 0.014321587048470974, 1.4341862201690674
2253, 2.1383380267652683, 4, 40.19187933206558, 312, 612467, 612467, 0.015625352039933205, 1.4608879089355469
2254, 1.492415644810535, 4, 40.13726620608941, 312, 612779, 612779, 0.01581883244216442, 1.4546082019805908
2255, 1.0949089263303904, 4, 40.15397340618074, 312, 613091, 613091, 0.01563757099211216, 1.4513585567474365
2256, 1.9423319239649572, 4, 40.088921850547194, 311, 613402, 613402, 0.01496044546365738, 1.4631404876708984
2257, 1.873212546306604, 4, 40.15304539818317, 312, 613714, 613714, 0.01536213606595993, 1.4496608972549438
2258, 2.5301344731778954, 4, 40.20685781119391, 312, 614026, 614026, 0.014865415170788765, 1.442123532295227
2259, 2.591079413832631, 4, 40.150937237311155, 310, 614336, 614336, 0.015183448791503906, 1.4443439245224
2260, 3.329451625180809, 4, 40.13469061907381, 311, 614647, 614647, 0.015553227625787258, 1.4388313293457031
2261, 2.5063947971211746, 4, 40.16142533579841, 310, 614957, 614957, 0.015388906933367252, 1.4529099464416504
2262, 3.470229479173213, 4, 40.20567684294656, 311, 615268, 615268, 0.015305690467357635, 1.4620057344436646
2263, 1.471608203733922, 4, 40.1162281697616, 312, 615580, 615580, 0.015481426380574703, 1.4349733591079712
2264, 1.854620101477849, 4, 40.170491055585444, 312, 615892, 615892, 0.015657097101211548, 1.438995122909546
2265, 1.9752031399930274, 4, 40.1120649529621, 311, 616203, 616203, 0.016377458348870277, 1.4296945333480835
2266, 1.7443392037675949, 4, 40.180149839259684, 311, 616514, 616514, 0.015241492539644241, 1.4431554079055786
2267, 2.0717233045579633, 4, 40.091019231360406, 311, 616825, 616825, 0.015766602009534836, 1.4368623495101929
2268, 0.6947331339470111, 4, 40.10254907282069, 311, 617136, 617136, 0.01615726761519909, 1.4371390342712402
2269, 1.6527348318486474, 4, 40.1672505303286, 312, 617448, 617448, 0.015440670773386955, 1.439582347869873
2270, 0.9490256880380912, 4, 40.1932126278989, 312, 617760, 617760, 0.01534211914986372, 1.4261585474014282
2271, 2.755583451827988, 4, 40.130307155195624, 311, 618071, 618071, 0.01592830754816532, 1.4399824142456055
2272, 0.8581293953757267, 4, 40.18358650896698, 311, 618382, 618382, 0.016099445521831512, 1.4367905855178833
2273, 2.596925859030307, 4, 40.16399096464738, 311, 618693, 618693, 0.015887854620814323, 1.4376676082611084
2274, 1.4735546808224171, 4, 40.17485044291243, 313, 619006, 619006, 0.0161727387458086, 1.4272431135177612
2275, 0.7069789585111721, 4, 40.14934593392536, 312, 619318, 619318, 0.015908414497971535, 1.427078366279602
2276, 2.2741155314579373, 4, 40.14954066788778, 311, 619629, 619629, 0.014964703470468521, 1.4295721054077148
2277, 1.624112250894541, 4, 40.188772168941796, 312, 619941, 619941, 0.016160348430275917, 1.4347951412200928
2278, 2.153473579643105, 4, 40.16143262712285, 312, 620253, 620253, 0.015063195489346981, 1.439241647720337
2279, 2.3181868918181863, 4, 40.09224467212334, 311, 620564, 620564, 0.015015865676105022, 1.4231425523757935
2280, 1.5717940878821537, 4, 40.17286075698212, 312, 620876, 620876, 0.015961064025759697, 1.428039312362671
2281, 2.068015047640074, 4, 40.054375301115215, 311, 621187, 621187, 0.016170207411050797, 1.4387065172195435
2282, 2.0750584899888054, 4, 40.18520569615066, 312, 621499, 621499, 0.015850791707634926, 1.4370003938674927
2283, 1.1192566262325272, 4, 40.199573444668204, 312, 621811, 621811, 0.015923772007226944, 1.4456268548965454
2284, 1.747314885018568, 4, 40.141143838874996, 311, 622122, 622122, 0.016066676005721092, 1.4432100057601929
2285, 1.2904686975525692, 4, 40.06113901315257, 311, 622433, 622433, 0.01534433476626873, 1.4461687803268433
2286, 1.7282987209146086, 4, 40.07036966225132, 311, 622744, 622744, 0.015269676223397255, 1.434781789779663
2287, 1.6627852651872672, 4, 40.07320174202323, 311, 623055, 623055, 0.015177065506577492, 1.4288876056671143
2288, 2.775556355032677, 4, 40.20802792394534, 312, 623367, 623367, 0.014707090333104134, 1.435657262802124
2289, 1.768910432816483, 4, 40.16663315240294, 310, 623677, 623677, 0.015038978308439255, 1.436367154121399
2290, 1.147330438834615, 4, 40.11133177112788, 311, 623988, 623988, 0.01607290469110012, 1.423075556755066
2291, 1.9950382394017652, 4, 40.09400764899328, 312, 624300, 624300, 0.01637408882379532, 1.432245135307312
2292, 1.512223150074533, 4, 40.1922865761444, 312, 624612, 624612, 0.014910392463207245, 1.43340003490448
2293, 2.2479159587601316, 4, 40.09830800490454, 309, 624921, 624921, 0.015261469408869743, 1.425258755683899
2294, -2.4032503583111975, 2, 35.74628269998357, 276, 625197, 625197, 0.015586418099701405, 1.4394735097885132
2295, 2.070832936107763, 4, 40.20145832421258, 312, 625509, 625509, 0.013928679749369621, 1.434739112854004
2296, 2.0657536992875976, 4, 40.1484251152724, 311, 625820, 625820, 0.015927990898489952, 1.4337410926818848
2297, 2.035178483924028, 4, 40.11267752293497, 311, 626131, 626131, 0.01545139029622078, 1.4165995121002197
2298, 3.1200566882034764, 4, 40.145186631940305, 309, 626440, 626440, 0.014735132455825806, 1.4215240478515625
2299, 2.0603064701717813, 4, 40.175468794070184, 312, 626752, 626752, 0.014993695542216301, 1.4246572256088257
2300, 2.419557684192114, 4, 40.06432836828753, 310, 627062, 627062, 0.015220316126942635, 1.4290720224380493
2301, 1.5047054601254786, 4, 40.10538846813142, 309, 627371, 627371, 0.016019394621253014, 1.429542064666748
2302, 1.8505789991322672, 4, 40.18300228333101, 312, 627683, 627683, 0.01532871462404728, 1.4314016103744507
2303, -1.1606782899471, 4, 40.19235304510221, 312, 627995, 627995, 0.01488406490534544, 1.4271037578582764
2304, 2.460252592805773, 4, 40.11053697625175, 311, 628306, 628306, 0.015248088166117668, 1.4160562753677368
2305, 1.8271517056928133, 4, 40.12709860969335, 311, 628617, 628617, 0.015116369351744652, 1.4339687824249268
2306, 0.574948724010028, 4, 40.0817813789472, 311, 628928, 628928, 0.015054522082209587, 1.4249786138534546
2307, -0.9314496654151299, 2, 20.011038850061595, 152, 629080, 629080, 0.01463270466774702, 1.4113683700561523
2308, 3.169505485755508, 4, 40.10705610504374, 310, 629390, 629390, 0.015653403475880623, 1.4219224452972412
2309, 2.575818422352313, 4, 40.18303092615679, 311, 629701, 629701, 0.015789810568094254, 1.4128347635269165
2310, 2.1742653866604087, 4, 40.087905291933566, 311, 630012, 630012, 0.014877228997647762, 1.4320160150527954
2311, 3.079698355824803, 4, 40.171407545916736, 311, 630323, 630323, 0.01483410969376564, 1.4255428314208984
2312, 2.1495534067362314, 4, 40.16741384193301, 311, 630634, 630634, 0.014790845103561878, 1.4094442129135132
2313, 2.259498844425252, 4, 40.13160955812782, 311, 630945, 630945, 0.014883539639413357, 1.4232813119888306
2314, 2.0257851954484067, 4, 40.18977674189955, 311, 631256, 631256, 0.015238737687468529, 1.4247323274612427
2315, 1.209059885919487, 4, 40.15927646309137, 311, 631567, 631567, 0.014966277405619621, 1.416588544845581
2316, 3.472654218646312, 4, 40.080826483201236, 310, 631877, 631877, 0.01434396579861641, 1.4241867065429688
2317, -2.3286903398111463, 2, 11.772504162974656, 88, 631965, 631965, 0.015033439733088017, 1.407535433769226
2318, 2.7055683103099, 4, 40.08884413121268, 311, 632276, 632276, 0.014697800390422344, 1.4097952842712402
2319, 1.9190847999998368, 4, 40.10500420629978, 311, 632587, 632587, 0.01489962637424469, 1.4080427885055542
2320, 3.089925316551671, 4, 40.07373863179237, 310, 632897, 632897, 0.01494927704334259, 1.4098632335662842
2321, -0.5949968700297177, 4, 40.10453454731032, 311, 633208, 633208, 0.01490735076367855, 1.4192466735839844
2322, 2.1429873033048352, 4, 40.162372942082584, 311, 633519, 633519, 0.014332449063658714, 1.407976508140564
2323, 1.0298308945493773, 4, 40.17751557705924, 312, 633831, 633831, 0.01489248313009739, 1.4096910953521729
2324, 2.6074535120715154, 4, 40.23005008511245, 310, 634141, 634141, 0.015291891060769558, 1.4069916009902954
2325, 2.6574657259043306, 4, 40.148037790320814, 311, 634452, 634452, 0.015417196787893772, 1.4016077518463135
2326, 2.115625741193071, 4, 40.1756678679958, 312, 634764, 634764, 0.015073459595441818, 1.413761019706726
2327, 1.7747486925673002, 4, 40.08108480414376, 311, 635075, 635075, 0.015193858183920383, 1.409889578819275
2328, 2.8561419980760547, 4, 40.082708423025906, 310, 635385, 635385, 0.014850911684334278, 1.405733585357666
2329, 1.5043224833498243, 4, 40.15972900995985, 311, 635696, 635696, 0.01530100405216217, 1.3956788778305054
2330, 2.2245989493094385, 4, 40.14084927318618, 311, 636007, 636007, 0.01500913966447115, 1.4023205041885376
2331, 2.7051560121562943, 4, 40.1358336256817, 311, 636318, 636318, 0.014724881388247013, 1.4159013032913208
2332, 1.9748202856208081, 4, 40.109229741152376, 311, 636629, 636629, 0.015182609669864178, 1.4028398990631104
2333, -0.6038315396444887, 2, 27.95207468699664, 215, 636844, 636844, 0.01459908951073885, 1.4128098487854004
2334, 1.5728781246580184, 4, 40.10129970591515, 311, 637155, 637155, 0.015141060575842857, 1.4112056493759155
2335, 2.66445801849477, 4, 40.17448151437566, 311, 637466, 637466, 0.014396925456821918, 1.4045250415802002
2336, 0.7056597976770718, 4, 40.08528501866385, 311, 637777, 637777, 0.015329068526625633, 1.394081473350525
2337, 2.086876005740123, 4, 40.08335675764829, 310, 638087, 638087, 0.014443880878388882, 1.4081097841262817
2338, 0.8643826261250069, 4, 40.139872330240905, 311, 638398, 638398, 0.014916104264557362, 1.394654393196106
2339, 2.0592285568964144, 4, 40.064601614139974, 311, 638709, 638709, 0.015243257395923138, 1.411017656326294
2340, 1.7855798340897309, 4, 40.19604745879769, 311, 639020, 639020, 0.015590504743158817, 1.4088822603225708
2341, 3.6382774217636324, 4, 40.071202046237886, 310, 639330, 639330, 0.015442867763340473, 1.4147495031356812
2342, 1.8894369531262782, 4, 40.17461932217702, 311, 639641, 639641, 0.015235993079841137, 1.4067896604537964
2343, 2.210026511711476, 4, 40.17581358458847, 311, 639952, 639952, 0.015894457697868347, 1.4065423011779785
2344, 1.6871027493616566, 4, 40.167568827047944, 311, 640263, 640263, 0.01425142027437687, 1.389867901802063
2345, 2.63977745698503, 4, 40.12305878801271, 311, 640574, 640574, 0.015676060691475868, 1.3981903791427612
2346, 1.4390764743293403, 4, 40.14238973893225, 311, 640885, 640885, 0.015279216691851616, 1.3985646963119507
2347, 1.7133866077492712, 4, 40.134684808086604, 309, 641194, 641194, 0.014764907769858837, 1.3927706480026245
2348, 1.6488624074263498, 4, 40.096796365920454, 311, 641505, 641505, 0.01520970556885004, 1.405055046081543
2349, 1.0989991980495688, 4, 40.09930779132992, 310, 641815, 641815, 0.015033657662570477, 1.3994866609573364
2350, 2.201769291117671, 4, 40.18273875582963, 311, 642126, 642126, 0.015195564366877079, 1.390783667564392
2351, 2.749432356315083, 4, 40.17183459782973, 311, 642437, 642437, 0.015325003303587437, 1.4016867876052856
2352, 1.4203208058752352, 4, 40.497067543212324, 314, 642751, 642751, 0.014918649569153786, 1.405376672744751
2353, 1.641106575847516, 4, 40.14328509801999, 311, 643062, 643062, 0.014453118667006493, 1.377468228340149
2354, 2.287070189093356, 4, 40.17628323473036, 311, 643373, 643373, 0.01503709051758051, 1.3850805759429932
2355, 2.5039596413553227, 4, 40.138825113885105, 310, 643683, 643683, 0.0150602450594306, 1.3920934200286865
2356, 1.5105728419007391, 4, 40.15761707210913, 311, 643994, 643994, 0.01488917414098978, 1.3950961828231812
2357, 2.6643296050824574, 4, 40.08122416306287, 309, 644303, 644303, 0.014466495253145695, 1.394606590270996
2358, 2.214367715874687, 4, 40.06334360316396, 310, 644613, 644613, 0.014684815891087055, 1.3882036209106445
2359, 2.4146945065913314, 4, 40.09536220319569, 308, 644921, 644921, 0.015116061083972454, 1.3916786909103394
2360, 1.2305350190436002, 4, 40.156521224882454, 311, 645232, 645232, 0.014531011693179607, 1.3819172382354736
2361, 2.5866198126313975, 4, 40.08482452388853, 309, 645541, 645541, 0.014685524627566338, 1.39119291305542
2362, 0.5463610848819371, 4, 40.08436716767028, 309, 645850, 645850, 0.014370443299412727, 1.3744324445724487
2363, 2.4350027459763623, 4, 40.19724478200078, 311, 646161, 646161, 0.013955879956483841, 1.379846453666687
2364, 1.8687339938478544, 4, 40.14014295395464, 311, 646472, 646472, 0.015230250544846058, 1.3772923946380615
2365, 3.138735550659476, 4, 40.16071713482961, 311, 646783, 646783, 0.015425970777869225, 1.3923243284225464
2366, 2.34245743273641, 4, 40.09517489280552, 311, 647094, 647094, 0.015226726420223713, 1.3881783485412598
2367, 2.37531263026176, 4, 40.10057141818106, 311, 647405, 647405, 0.014444630593061447, 1.3681787252426147
2368, 2.364786201469542, 4, 40.09713849006221, 311, 647716, 647716, 0.0148239154368639, 1.3743493556976318
2369, 2.894725712176296, 4, 40.10334248887375, 310, 648026, 648026, 0.014874896965920925, 1.3687242269515991
2370, 2.4635041475485195, 4, 40.16039629513398, 311, 648337, 648337, 0.014267010614275932, 1.3806123733520508
2371, 1.4095786304678768, 4, 40.1016742172651, 310, 648647, 648647, 0.014668802730739117, 1.3644013404846191
2372, 2.892517560336273, 4, 40.062073518987745, 310, 648957, 648957, 0.014961792156100273, 1.370468020439148
2373, 2.074052234835108, 4, 40.08796005509794, 310, 649267, 649267, 0.015269109047949314, 1.3766911029815674
2374, 1.5744110383093357, 4, 40.06471717497334, 310, 649577, 649577, 0.01543536689132452, 1.380401849746704
2375, 1.02424979332136, 4, 40.18393175210804, 311, 649888, 649888, 0.015257391147315502, 1.3740736246109009
2376, 2.2151061722252052, 4, 40.15484154038131, 311, 650199, 650199, 0.014556478708982468, 1.375238060951233
2377, 2.2521174026715016, 4, 40.09638417838141, 309, 650508, 650508, 0.015006213448941708, 1.384345293045044
2378, 2.447547917930933, 4, 40.11782269459218, 310, 650818, 650818, 0.014535939320921898, 1.3724058866500854
2379, 2.354573731427081, 4, 40.13524202303961, 310, 651128, 651128, 0.015143928118050098, 1.385140061378479
2380, 1.6582069167634472, 4, 40.18329674610868, 311, 651439, 651439, 0.015206755138933659, 1.3803884983062744
2381, -0.24643179052509367, 2, 16.63809066824615, 126, 651565, 651565, 0.014695093035697937, 1.373047947883606
2382, 0.36554529960267246, 4, 40.1583221568726, 311, 651876, 651876, 0.014842119067907333, 1.3771532773971558
2383, 1.5723030643348466, 4, 40.17561394767836, 311, 652187, 652187, 0.015731237828731537, 1.3787829875946045
2384, 2.2239981702296063, 4, 40.17771209497005, 311, 652498, 652498, 0.014751930721104145, 1.372324824333191
2385, 2.452642692113841, 4, 40.099651579745114, 310, 652808, 652808, 0.01450338400900364, 1.3701542615890503
2386, 1.359250322857406, 4, 40.149267259053886, 310, 653118, 653118, 0.015137061476707458, 1.3843103647232056
2387, 1.940426242974354, 4, 40.14341787202284, 311, 653429, 653429, 0.01549385767430067, 1.3556357622146606
2388, 1.4797911835485138, 4, 40.19620952801779, 309, 653738, 653738, 0.015277630649507046, 1.3673547506332397
2389, 3.067307809513295, 4, 40.17853488633409, 310, 654048, 654048, 0.014916349202394485, 1.3739374876022339
2390, 2.2729732772277202, 4, 40.055277621839195, 309, 654357, 654357, 0.014655426144599915, 1.3651089668273926
2391, 0.8212095954368124, 4, 40.134006903041154, 310, 654667, 654667, 0.015371585264801979, 1.3750628232955933
2392, 2.1570477743880474, 4, 40.17829738231376, 311, 654978, 654978, 0.014464570209383965, 1.3801028728485107
2393, 1.2876331091392785, 4, 40.16091585299, 311, 655289, 655289, 0.015260291285812855, 1.374565839767456
2394, 2.3370454649048042, 4, 40.11009935988113, 311, 655600, 655600, 0.01626667194068432, 1.3729486465454102
2395, 2.77870386903669, 4, 40.065955912694335, 309, 655909, 655909, 0.014887911267578602, 1.3603062629699707
2396, 2.0662454890862136, 4, 40.09524974785745, 310, 656219, 656219, 0.015306215733289719, 1.359553575515747
2397, 1.1310901080141775, 4, 40.126407218165696, 310, 656529, 656529, 0.015075383707880974, 1.361515760421753
2398, 2.893189524756963, 4, 40.06636643782258, 309, 656838, 656838, 0.014626995660364628, 1.3688397407531738
2399, 2.0083787605472025, 4, 40.15364603511989, 310, 657148, 657148, 0.014515013433992863, 1.3706719875335693
2400, 2.1514863756819977, 4, 40.17309657391161, 310, 657458, 657458, 0.015129516832530499, 1.3596168756484985
2401, 3.0334306349395774, 4, 40.08250820776448, 310, 657768, 657768, 0.015576723963022232, 1.3539955615997314
2402, 2.2092763986147474, 4, 40.0735803199932, 310, 658078, 658078, 0.015879660844802856, 1.3564866781234741
2403, 1.301934769968284, 4, 40.1221003299579, 309, 658387, 658387, 0.01507017482072115, 1.3686109781265259
2404, 1.5132545040687546, 4, 40.092941677197814, 310, 658697, 658697, 0.015235076658427715, 1.3600506782531738
2405, 2.5756936251182196, 4, 40.18126867385581, 310, 659007, 659007, 0.014720777049660683, 1.3693515062332153
2406, 2.5949571249147994, 4, 40.128495736047626, 310, 659317, 659317, 0.01523707713931799, 1.3633345365524292
2407, 3.0259271085014916, 4, 40.14948518993333, 310, 659627, 659627, 0.016529323533177376, 1.3566087484359741
2408, 2.1941041063982993, 4, 40.17803641082719, 311, 659938, 659938, 0.015469629317522049, 1.3627264499664307
2409, 1.9888013437375776, 4, 40.16428426699713, 311, 660249, 660249, 0.014800801873207092, 1.3511648178100586
2410, 2.808402176888194, 4, 40.09254902321845, 310, 660559, 660559, 0.014565996825695038, 1.3546501398086548
2411, 3.1836489419474674, 4, 40.11240909434855, 310, 660869, 660869, 0.01594037562608719, 1.3646546602249146
2412, 3.042844585632338, 4, 40.161898681893945, 309, 661178, 661178, 0.014055965468287468, 1.3598712682724
2413, 1.6169076637743274, 4, 40.12173637421802, 311, 661489, 661489, 0.014463289640843868, 1.357583999633789
2414, 2.645989067697883, 4, 40.17785198800266, 311, 661800, 661800, 0.014832095243036747, 1.3672140836715698
2415, 3.119414608554507, 4, 40.08003711467609, 310, 662110, 662110, 0.014719410799443722, 1.3432787656784058
2416, 2.8057975139672635, 4, 40.11730302684009, 308, 662418, 662418, 0.016101500019431114, 1.355334758758545
2417, 2.8879649232458178, 4, 40.174689889885485, 310, 662728, 662728, 0.014336232095956802, 1.3590059280395508
2418, 1.4872176376229618, 4, 40.206424379721284, 311, 663039, 663039, 0.014383296482264996, 1.3391305208206177
2419, 2.378888988518156, 4, 40.094127100892365, 308, 663347, 663347, 0.015376747585833073, 1.3532099723815918
2420, 1.504609771833202, 4, 40.19890839792788, 311, 663658, 663658, 0.014929309487342834, 1.36048424243927
2421, 2.2107157621067017, 4, 40.05587318679318, 310, 663968, 663968, 0.015130533836781979, 1.3542488813400269
2422, 1.6487929993018042, 4, 40.1570543772541, 311, 664279, 664279, 0.014573749154806137, 1.3558392524719238
2423, 2.228116438142024, 4, 40.16737374803051, 310, 664589, 664589, 0.015029508620500565, 1.3681389093399048
2424, 2.60063211049237, 4, 40.1423785421066, 310, 664899, 664899, 0.015115376561880112, 1.347315788269043
2425, 0.21344285510713235, 4, 40.15388739760965, 311, 665210, 665210, 0.015011568553745747, 1.3517624139785767
2426, 3.2415277805484948, 4, 40.07786242896691, 309, 665519, 665519, 0.015096561051905155, 1.3612748384475708
2427, 1.0085496822721325, 4, 40.18442471977323, 310, 665829, 665829, 0.014567887410521507, 1.352083683013916
2428, 2.3909218783373944, 4, 40.095721046905965, 310, 666139, 666139, 0.014626143500208855, 1.3555065393447876
2429, -2.0459675542078912, 4, 40.093304293230176, 311, 666450, 666450, 0.014478553086519241, 1.3680987358093262
2430, 1.8327457655977923, 4, 40.106563268229365, 310, 666760, 666760, 0.01509883813560009, 1.3500901460647583
2431, 2.103107052927953, 4, 40.064210957847536, 310, 667070, 667070, 0.015141853131353855, 1.345702886581421
2432, 0.715910494007403, 4, 40.194741094019264, 311, 667381, 667381, 0.01531868614256382, 1.3486920595169067
2433, 2.363316734743421, 4, 40.113813017029315, 310, 667691, 667691, 0.015211408026516438, 1.3438539505004883
2434, 1.1456613951222607, 4, 40.137531384360045, 310, 668001, 668001, 0.014560326933860779, 1.3389301300048828
2435, 2.1484233264436625, 4, 40.193281561136246, 311, 668312, 668312, 0.015294034034013748, 1.347119688987732
2436, 1.9027430241835646, 4, 40.1548185502179, 310, 668622, 668622, 0.015478918328881264, 1.3372910022735596
2437, 2.3985562276793644, 4, 40.134216628968716, 310, 668932, 668932, 0.014232604764401913, 1.3430448770523071
2438, 2.2726088190684095, 4, 40.14482031809166, 310, 669242, 669242, 0.014673926867544651, 1.345987319946289
2439, 1.789924451324623, 4, 40.135233687236905, 311, 669553, 669553, 0.01440335065126419, 1.3386696577072144
2440, 1.8829049791593206, 4, 40.12115878611803, 310, 669863, 669863, 0.015091377310454845, 1.3411368131637573
2441, 2.4159841138446154, 4, 40.12753708194941, 310, 670173, 670173, 0.013923940248787403, 1.3398264646530151
2442, 2.3116118705220288, 4, 40.175217488314956, 310, 670483, 670483, 0.01449828315526247, 1.3271589279174805
2443, 3.015323245432228, 4, 40.1693831961602, 310, 670793, 670793, 0.014770573936402798, 1.3329731225967407
2444, 1.7474398780977936, 4, 40.162710713688284, 310, 671103, 671103, 0.014774761162698269, 1.3447760343551636
2445, 2.031006654691282, 4, 40.13167467294261, 310, 671413, 671413, 0.014995967037975788, 1.3470624685287476
2446, 2.5102293742238544, 4, 40.15778293926269, 310, 671723, 671723, 0.014464292675256729, 1.3459243774414062
2447, 1.1624081550980918, 4, 40.20408678986132, 311, 672034, 672034, 0.014696636237204075, 1.3472157716751099
2448, 2.1377948292756628, 4, 40.17396991793066, 310, 672344, 672344, 0.014808611944317818, 1.3312102556228638
2449, 1.7677071479993174, 4, 40.09387306822464, 310, 672654, 672654, 0.014211038127541542, 1.3572956323623657
2450, 2.4836389689244243, 4, 40.06526166014373, 309, 672963, 672963, 0.015374839305877686, 1.3361037969589233
2451, 1.4121408313512802, 4, 40.087277467828244, 310, 673273, 673273, 0.014807850122451782, 1.354529619216919
2452, 2.9992914399736037, 4, 40.16371170897037, 309, 673582, 673582, 0.014880995266139507, 1.3317996263504028
2453, 1.4404059227672406, 4, 40.09722816199064, 310, 673892, 673892, 0.014638608321547508, 1.3453413248062134
2454, 2.73621128040395, 4, 40.13129454385489, 310, 674202, 674202, 0.014168746769428253, 1.3270115852355957
2455, 2.594566856692836, 4, 40.0950204981491, 309, 674511, 674511, 0.014749635010957718, 1.33879554271698
2456, 2.0352323119609537, 4, 40.182708009146154, 310, 674821, 674821, 0.014530700631439686, 1.3483260869979858
2457, 2.3458205000979433, 4, 40.09544156724587, 309, 675130, 675130, 0.015008888207376003, 1.322500228881836
2458, 3.4987802477862715, 4, 40.1611237260513, 310, 675440, 675440, 0.014383719302713871, 1.3399665355682373
2459, 1.469199274724815, 4, 40.125713302753866, 310, 675750, 675750, 0.014071150682866573, 1.335787296295166
2460, -0.994124413235113, 2, 19.35530263185501, 147, 675897, 675897, 0.01460068766027689, 1.3378757238388062
2461, 2.147970033722231, 4, 40.15524552902207, 310, 676207, 676207, 0.014697764068841934, 1.3392747640609741
2462, 1.8838490660418756, 4, 40.08179880399257, 310, 676517, 676517, 0.01480027474462986, 1.317823886871338
2463, 3.2578238154092105, 4, 40.11115580191836, 309, 676826, 676826, 0.015213106758892536, 1.3149194717407227
2464, 1.1719639749644557, 4, 40.090309037826955, 310, 677136, 677136, 0.015433525666594505, 1.3388409614562988
2465, 2.6354253258323297, 4, 40.101892061997205, 299, 677435, 677435, 0.01434570923447609, 1.3404039144515991
2466, 1.7152770530810812, 4, 40.17072202824056, 310, 677745, 677745, 0.014086142182350159, 1.3416920900344849
2467, 1.742404022370465, 4, 40.079492724034935, 310, 678055, 678055, 0.015176326967775822, 1.322999119758606
2468, 1.2009878733224468, 4, 40.118251021020114, 310, 678365, 678365, 0.014032731764018536, 1.3264402151107788
2469, -0.47936375095741823, 2, 24.57313356595114, 188, 678553, 678553, 0.015314798802137375, 1.3419746160507202
2470, 1.8429749917704612, 4, 40.184980581048876, 311, 678864, 678864, 0.015691714361310005, 1.33169686794281
2471, 2.2957442457118304, 4, 40.11367129487917, 310, 679174, 679174, 0.014866508543491364, 1.3282192945480347
2472, 1.942616741231177, 4, 40.05896001588553, 310, 679484, 679484, 0.014285000041127205, 1.3349511623382568
2473, 1.8703732500762271, 4, 40.08487293170765, 309, 679793, 679793, 0.01470158901065588, 1.3258905410766602
2474, 1.7179059745321865, 4, 40.07301378296688, 310, 680103, 680103, 0.014029278419911861, 1.3175712823867798
2475, 2.0237068814894883, 4, 40.12721046805382, 309, 680412, 680412, 0.01464607659727335, 1.3176409006118774
2476, 1.5953145375169697, 4, 40.132285761646926, 310, 680722, 680722, 0.014007539488375187, 1.320878028869629
2477, 2.354389832878951, 4, 40.15169389965013, 310, 681032, 681032, 0.015054627321660519, 1.3386187553405762
2478, 1.2715639128728071, 4, 40.137555096298456, 310, 681342, 681342, 0.014990006573498249, 1.3395823240280151
2479, 2.6688324823808216, 4, 40.10967561881989, 309, 681651, 681651, 0.01453031599521637, 1.328615427017212
2480, 0.971417401022336, 4, 40.18795179389417, 308, 681959, 681959, 0.015348121523857117, 1.3143659830093384
2481, 2.692647832289367, 4, 40.11724597308785, 309, 682268, 682268, 0.014464681036770344, 1.3171536922454834
2482, 2.446740075462003, 4, 40.1637168279849, 310, 682578, 682578, 0.01584431529045105, 1.3275669813156128
2483, 1.6719598737545311, 4, 40.14142202818766, 310, 682888, 682888, 0.014981248416006565, 1.3307175636291504
2484, 1.6418753495672718, 4, 40.15617511887103, 310, 683198, 683198, 0.014272029511630535, 1.3280471563339233
2485, 2.29956104636949, 4, 40.073668871074915, 309, 683507, 683507, 0.015903029590845108, 1.3194268941879272
2486, 2.5076009124313714, 4, 40.17600435297936, 309, 683816, 683816, 0.014359750784933567, 1.3183472156524658
2487, 3.262602109949512, 4, 40.17025284282863, 309, 684125, 684125, 0.01474806759506464, 1.3130285739898682
2488, 3.041149213564495, 4, 40.14448322309181, 309, 684434, 684434, 0.015252411365509033, 1.320842981338501
2489, 1.8300024170139295, 4, 40.12674173573032, 309, 684743, 684743, 0.015107051469385624, 1.3161485195159912
2490, 2.834503208208389, 4, 40.17097766371444, 309, 685052, 685052, 0.014393125660717487, 1.3230383396148682
2491, 1.1427098443964496, 4, 40.17446430912241, 310, 685362, 685362, 0.015218116343021393, 1.305004358291626
2492, 1.9380475154612213, 4, 40.083926847204566, 310, 685672, 685672, 0.015275122597813606, 1.320500135421753
2493, 1.531315970893047, 4, 40.15610159095377, 310, 685982, 685982, 0.014603211544454098, 1.3119995594024658
2494, -0.6259709864389151, 2, 15.974564421921968, 120, 686102, 686102, 0.015384804457426071, 1.3359113931655884
2495, 1.786311968494374, 4, 40.13020010013133, 309, 686411, 686411, 0.014504318125545979, 1.313848853111267
2496, 2.436765007500071, 4, 40.12796847289428, 310, 686721, 686721, 0.014143313281238079, 1.3053433895111084
2497, 1.3427277311566286, 4, 40.08155070617795, 310, 687031, 687031, 0.014428566209971905, 1.3085371255874634
2498, 1.3729212245962117, 4, 40.1371454061009, 309, 687340, 687340, 0.014487565495073795, 1.322834849357605
2499, 2.0260811826865393, 4, 40.18068101583049, 308, 687648, 687648, 0.014732122421264648, 1.3139066696166992
2500, 1.990610275301151, 4, 40.16640497138724, 310, 687958, 687958, 0.015187032520771027, 1.3174631595611572
2501, 2.5838791410697013, 4, 40.08975945506245, 308, 688266, 688266, 0.014763601124286652, 1.3115237951278687
2502, 2.538782326206274, 4, 40.091765135060996, 309, 688575, 688575, 0.015142763033509254, 1.3086531162261963
2503, 1.2161884852685034, 4, 40.102436860091984, 310, 688885, 688885, 0.015290701761841774, 1.3148683309555054
2504, 1.6560278038377874, 4, 40.2051435187459, 310, 689195, 689195, 0.014736206270754337, 1.31232750415802
2505, 1.7693342861548444, 4, 40.13914438197389, 309, 689504, 689504, 0.015429778955876827, 1.3293005228042603
2506, 1.7859921298222616, 4, 40.14243299001828, 310, 689814, 689814, 0.014869659207761288, 1.3175886869430542
2507, -0.9529649645974132, 2, 39.61262233601883, 305, 690119, 690119, 0.014537615701556206, 1.3215745687484741
2508, 1.9895277077303035, 4, 40.16878843307495, 309, 690428, 690428, 0.014422222040593624, 1.3227870464324951
2509, 1.26861538689991, 4, 40.167660827282816, 310, 690738, 690738, 0.015090873464941978, 1.3120262622833252
2510, 1.4858716932812968, 4, 40.2028302680701, 310, 691048, 691048, 0.015212951228022575, 1.3093461990356445
2511, 1.2243940068001393, 4, 40.09467304497957, 310, 691358, 691358, 0.015059943310916424, 1.3000564575195312
2512, 2.7235255841733306, 4, 40.142718818970025, 309, 691667, 691667, 0.015037411823868752, 1.3126040697097778
2513, 2.2927622006391175, 4, 40.21188712492585, 310, 691977, 691977, 0.014233223162591457, 1.3037036657333374
2514, 2.2812088053688058, 4, 40.15558252483606, 309, 692286, 692286, 0.014555195346474648, 1.292915940284729
2515, 2.3350869845526177, 4, 40.1152122002095, 309, 692595, 692595, 0.01471945270895958, 1.3209871053695679
2516, 1.715841482131509, 4, 40.170813146047294, 310, 692905, 692905, 0.015083543956279755, 1.3176946640014648
2517, 3.0647953755233175, 4, 40.172297157812864, 309, 693214, 693214, 0.014984255656599998, 1.296160101890564
2518, 1.5766522997873835, 4, 40.05177775910124, 307, 693521, 693521, 0.015451363287866116, 1.3065159320831299
2519, 2.5287146598566324, 4, 40.14906370639801, 310, 693831, 693831, 0.014798324555158615, 1.3019734621047974
2520, 1.4963747400324792, 4, 40.108537564985454, 310, 694141, 694141, 0.014571277424693108, 1.2987854480743408
2521, 1.551740521506872, 4, 40.1320369169116, 310, 694451, 694451, 0.015304598025977612, 1.3098375797271729
2522, 1.2000923993764445, 4, 40.15948529075831, 310, 694761, 694761, 0.014895203523337841, 1.303167700767517
2523, 1.519595471851062, 4, 40.11790167633444, 307, 695068, 695068, 0.014953316189348698, 1.2999298572540283
2524, 1.1462461625269498, 4, 40.06949855200946, 309, 695377, 695377, 0.014382769353687763, 1.2963714599609375
2525, 1.6436190844688099, 4, 40.093235943000764, 308, 695685, 695685, 0.015036807395517826, 1.3026460409164429
2526, 2.2882106212364306, 4, 40.09093170193955, 308, 695993, 695993, 0.015092865563929081, 1.3080613613128662
2527, 2.212515632094437, 4, 40.19598894380033, 310, 696303, 696303, 0.014495769515633583, 1.2913414239883423
2528, 2.162278680392774, 4, 40.15331392502412, 310, 696613, 696613, 0.014115533791482449, 1.297340750694275
2529, 2.381239621070563, 4, 40.16454925201833, 310, 696923, 696923, 0.014485999010503292, 1.289493441581726
2530, 2.3087856527884014, 4, 40.08793148305267, 308, 697231, 697231, 0.015508667565882206, 1.300251841545105
2531, 2.227973301894963, 4, 40.1691913488321, 310, 697541, 697541, 0.014785869978368282, 1.2944163084030151
2532, 2.2512868425110355, 4, 40.20311780413613, 310, 697851, 697851, 0.015662232413887978, 1.3022534847259521
2533, 2.518235733223264, 4, 40.11403126409277, 309, 698160, 698160, 0.01432768628001213, 1.2975291013717651
2534, 0.7509258464560844, 4, 40.08965726289898, 309, 698469, 698469, 0.01433341670781374, 1.303481101989746
2535, 2.911377208019985, 4, 40.19958695070818, 309, 698778, 698778, 0.014508082531392574, 1.3055047988891602
2536, 1.7918028249878262, 4, 40.13127804314718, 310, 699088, 699088, 0.014060497283935547, 1.3026789426803589
2537, 1.2365251500159502, 4, 40.111717402003706, 309, 699397, 699397, 0.01493000891059637, 1.28990638256073
2538, 3.0571024277815013, 4, 40.07867596624419, 306, 699703, 699703, 0.014969010837376118, 1.2983413934707642
2539, 1.731822906665002, 4, 40.07658159080893, 309, 700012, 700012, 0.014871099032461643, 1.2883275747299194
2540, 2.102820541242181, 4, 40.09937637578696, 309, 700321, 700321, 0.014643264934420586, 1.2911944389343262
2541, -0.7838903468727949, 2, 18.862905904185027, 143, 700464, 700464, 0.015434603206813335, 1.292259693145752
2542, 2.4814066381040902, 4, 40.06324601685628, 308, 700772, 700772, 0.01471305638551712, 1.2875860929489136
2543, 2.413304148140014, 4, 40.11406735563651, 309, 701081, 701081, 0.014363972470164299, 1.2897981405258179
2544, 1.5042682004277594, 4, 40.17850033706054, 310, 701391, 701391, 0.015119724906980991, 1.3006243705749512
2545, 1.788519910773175, 4, 40.103914437349886, 308, 701699, 701699, 0.015061124227941036, 1.2904630899429321
2546, 2.4046819297409456, 4, 40.08228910015896, 306, 702005, 702005, 0.014550871215760708, 1.302351474761963
2547, 1.949760258430615, 4, 40.122473549097776, 309, 702314, 702314, 0.013994839042425156, 1.2989896535873413
2548, 1.3761682136719173, 4, 40.13998762983829, 309, 702623, 702623, 0.015153431333601475, 1.2960368394851685
2549, 1.5323471929004882, 4, 40.0957914032042, 309, 702932, 702932, 0.014929888769984245, 1.2957464456558228
2550, 2.199647610592365, 4, 40.140630677808076, 309, 703241, 703241, 0.015062176622450352, 1.285103440284729
2551, 3.0056354609841947, 4, 40.10853637708351, 308, 703549, 703549, 0.014713927172124386, 1.2803410291671753
2552, 1.4663644029060379, 4, 40.092616946902126, 309, 703858, 703858, 0.013703806325793266, 1.2736635208129883
2553, 2.517063937979401, 4, 40.13116283202544, 309, 704167, 704167, 0.014698319137096405, 1.3055579662322998
2554, 1.6248178691603243, 4, 40.103748633060604, 309, 704476, 704476, 0.014639641158282757, 1.2860971689224243
2555, 2.204782036533288, 4, 40.092589230742306, 309, 704785, 704785, 0.014771226793527603, 1.2954893112182617
2556, 2.183062436641194, 4, 40.14597121020779, 309, 705094, 705094, 0.014921708032488823, 1.293980360031128
2557, 1.6851310194469988, 4, 40.14797455724329, 310, 705404, 705404, 0.014521272853016853, 1.2973861694335938
2558, 3.3273498604248744, 4, 40.14441088400781, 308, 705712, 705712, 0.01457931287586689, 1.2843077182769775
2559, 1.9294644191395491, 4, 40.20097450213507, 310, 706022, 706022, 0.013999623246490955, 1.3045872449874878
2560, 1.5336094912490807, 4, 40.14107974572107, 309, 706331, 706331, 0.014354966580867767, 1.2988595962524414
2561, 2.3740935503119545, 4, 40.08249911898747, 309, 706640, 706640, 0.014752062037587166, 1.2873855829238892
2562, 2.0481411413056776, 4, 40.09031107695773, 309, 706949, 706949, 0.014707929454743862, 1.2988059520721436
2563, 1.172510068397969, 4, 40.155891593080014, 308, 707257, 707257, 0.015122374519705772, 1.2822214365005493
2564, -0.49159462958505173, 2, 26.952775824349374, 206, 707463, 707463, 0.014267143793404102, 1.2898011207580566
2565, 2.5619511706590856, 4, 40.12594229867682, 309, 707772, 707772, 0.01470871176570654, 1.290653109550476
2566, 2.165887889973419, 4, 40.06605430319905, 309, 708081, 708081, 0.01517422404140234, 1.292204737663269
2567, 1.7636687623162288, 4, 40.10608909698203, 310, 708391, 708391, 0.014451170340180397, 1.2933917045593262
2568, 2.2680451587639254, 4, 40.139191321097314, 308, 708699, 708699, 0.01506291888654232, 1.2942396402359009
2569, 1.8384967405581847, 4, 40.16034042881802, 307, 709006, 709006, 0.014703001827001572, 1.2906112670898438
2570, 1.9117686606768984, 4, 40.17686632834375, 309, 709315, 709315, 0.015189598314464092, 1.2749701738357544
2571, 2.7612179990683217, 4, 40.08104537194595, 308, 709623, 709623, 0.013756628148257732, 1.2715615034103394
2572, 3.1207416523993743, 4, 40.16629235306755, 309, 709932, 709932, 0.014773296192288399, 1.281636118888855
2573, 1.2584162667908458, 4, 40.08573772571981, 309, 710241, 710241, 0.015224149450659752, 1.2897093296051025
2574, 1.3822712915025477, 4, 40.18893547914922, 310, 710551, 710551, 0.014246582053601742, 1.2950754165649414
2575, 1.2533177137956955, 4, 40.13473525363952, 309, 710860, 710860, 0.014545051380991936, 1.2653560638427734
2576, 1.9848113904954516, 4, 40.158957089763135, 309, 711169, 711169, 0.015190135687589645, 1.2806451320648193
2577, 0.5887208323092636, 4, 40.09197351383045, 309, 711478, 711478, 0.014106213115155697, 1.2925567626953125
2578, 2.338035521301208, 4, 40.193727023899555, 310, 711788, 711788, 0.01451640110462904, 1.2868456840515137
2579, -2.547988805687055, 2, 10.614597565960139, 78, 711866, 711866, 0.015271567739546299, 1.286415934562683
2580, 2.2217174283287022, 4, 40.09408388705924, 309, 712175, 712175, 0.014028887264430523, 1.2678812742233276
2581, 2.817782806683681, 4, 40.18267520656809, 308, 712483, 712483, 0.01409482304006815, 1.2851948738098145
2582, 1.2517530036857352, 4, 40.10500748967752, 306, 712789, 712789, 0.014066999778151512, 1.2745591402053833
2583, 1.703090112816426, 4, 40.090351135935634, 309, 713098, 713098, 0.01455090381205082, 1.2748616933822632
2584, 3.050112731689296, 4, 40.09332758001983, 306, 713404, 713404, 0.014027115888893604, 1.2757461071014404
2585, -0.4530032125294383, 2, 34.070361155085266, 261, 713665, 713665, 0.014363330788910389, 1.2868443727493286
2586, 1.3417843215866014, 4, 40.09975349390879, 309, 713974, 713974, 0.01428364496678114, 1.293185830116272
2587, 2.8255770117393695, 4, 40.222811106126755, 309, 714283, 714283, 0.01434094738215208, 1.2684632539749146
2588, 1.4915971769951284, 4, 40.19576118001714, 309, 714592, 714592, 0.014649513177573681, 1.277076005935669
2589, 3.1182655780030473, 4, 40.09715939499438, 307, 714899, 714899, 0.014715230092406273, 1.2777730226516724
2590, 2.3179811080526633, 4, 40.466898291837424, 311, 715210, 715210, 0.01436261273920536, 1.2740659713745117
2591, 3.3285829816159094, 4, 40.12351548625156, 308, 715518, 715518, 0.013707062229514122, 1.2721608877182007
2592, 2.420761459390633, 4, 40.06788159906864, 307, 715825, 715825, 0.0141907325014472, 1.2707736492156982
2593, 3.2400145377323497, 4, 40.167644621338695, 309, 716134, 716134, 0.013675413094460964, 1.26539146900177
2594, 2.8258822384668747, 4, 40.12221850827336, 308, 716442, 716442, 0.014224061742424965, 1.2649263143539429
2595, 2.813776114084405, 4, 40.116358769126236, 308, 716750, 716750, 0.014093572273850441, 1.269963264465332
2596, 2.622911918821046, 4, 40.092450480908155, 308, 717058, 717058, 0.014032636769115925, 1.2754731178283691
2597, 1.8386224461719394, 4, 40.13572919694707, 309, 717367, 717367, 0.01454626303166151, 1.269930124282837
2598, 2.3065589133184403, 4, 40.10820181714371, 309, 717676, 717676, 0.014135372824966908, 1.2676364183425903
2599, 1.7981889719085302, 4, 40.17444299487397, 309, 717985, 717985, 0.014265823177993298, 1.2715680599212646
2600, 2.295919406311441, 4, 40.10168376704678, 307, 718292, 718292, 0.014041313901543617, 1.2710732221603394
2601, 2.0833107815269614, 4, 40.072072236798704, 308, 718600, 718600, 0.014616276137530804, 1.2597482204437256
2602, 1.851953238081478, 4, 40.11259058210999, 309, 718909, 718909, 0.014750720001757145, 1.2689224481582642
2603, 3.41173659528431, 4, 40.10003246599808, 308, 719217, 719217, 0.01379987969994545, 1.2577383518218994
2604, -0.6782672974804882, 2, 18.4348662821576, 139, 719356, 719356, 0.013828358612954617, 1.2871968746185303
2605, 2.6167636641694116, 4, 40.17528194794431, 308, 719664, 719664, 0.01417783834040165, 1.2747856378555298
2606, 2.8008779090450844, 4, 40.14984258078039, 308, 719972, 719972, 0.01391938142478466, 1.2709119319915771
2607, 2.4498301386229286, 4, 40.10104174213484, 309, 720281, 720281, 0.014016217552125454, 1.2705144882202148
2608, 1.2825918923481368, 4, 40.20114438002929, 309, 720590, 720590, 0.01390562579035759, 1.2569148540496826
2609, 2.1793381178576965, 4, 40.15308934217319, 309, 720899, 720899, 0.013948028907179832, 1.2642395496368408
2610, 1.3546047448617173, 4, 40.11547060823068, 309, 721208, 721208, 0.014166614040732384, 1.2594999074935913
2611, 2.907063273498352, 4, 40.12146591907367, 308, 721516, 721516, 0.014413898810744286, 1.273394227027893
2612, 0.7997335370309884, 4, 40.14323867484927, 309, 721825, 721825, 0.014123432338237762, 1.257787823677063
2613, 1.9249368670971307, 4, 40.08687152294442, 308, 722133, 722133, 0.014479494653642178, 1.2534939050674438
2614, -3.1999961169203743, 4, 40.10882813902572, 309, 722442, 722442, 0.014256790280342102, 1.2686234712600708
2615, 2.7282935884577455, 4, 40.12893375568092, 308, 722750, 722750, 0.014064931310713291, 1.2661502361297607
2616, 2.191516134653284, 4, 40.147941472008824, 309, 723059, 723059, 0.014022829942405224, 1.2724041938781738
2617, -0.8281355415101643, 2, 28.678330601658672, 219, 723278, 723278, 0.013785206712782383, 1.2562060356140137
2618, 1.9828853613580577, 4, 40.17351567186415, 307, 723585, 723585, 0.014478327706456184, 1.2772995233535767
2619, 2.4591002450197266, 4, 40.068263434804976, 307, 723892, 723892, 0.014323344454169273, 1.2641973495483398
2620, 3.639357207879584, 4, 40.1703766155988, 307, 724199, 724199, 0.013247904367744923, 1.251697063446045
2621, 1.430189722479554, 4, 40.11900973180309, 309, 724508, 724508, 0.014299768023192883, 1.2700152397155762
2622, 1.812284647821798, 4, 40.075915856752545, 308, 724816, 724816, 0.014134584926068783, 1.2619739770889282
2623, 2.70288927979891, 4, 40.13828647416085, 308, 725124, 725124, 0.014081784524023533, 1.2586699724197388
2624, 2.9565479669254273, 4, 40.16373952571303, 308, 725432, 725432, 0.01344264019280672, 1.2447260618209839
2625, 2.1871655209251912, 4, 40.077848673798144, 307, 725739, 725739, 0.01425609365105629, 1.2603633403778076
2626, 0.6606285234447569, 4, 40.16245099483058, 308, 726047, 726047, 0.014383143745362759, 1.264160394668579
2627, 2.359733131917892, 4, 40.057949393987656, 308, 726355, 726355, 0.014486397616565228, 1.2567857503890991
2628, 2.062753646414876, 4, 40.112197442911565, 308, 726663, 726663, 0.015043560415506363, 1.2612495422363281
2629, 2.0121272866163054, 4, 40.15882621984929, 309, 726972, 726972, 0.01405798178166151, 1.2521946430206299
2630, 2.670557329667645, 4, 40.14164781011641, 308, 727280, 727280, 0.01446404866874218, 1.2593282461166382
2631, 2.811070065487911, 4, 40.173955214675516, 309, 727589, 727589, 0.014141235500574112, 1.254339575767517
2632, 2.071180358354468, 4, 40.08185078436509, 308, 727897, 727897, 0.014606167562305927, 1.2485978603363037
2633, 2.895307988161221, 4, 40.11550148203969, 307, 728204, 728204, 0.014380747452378273, 1.2582920789718628
2634, 2.4660374701829824, 4, 40.1517465072684, 308, 728512, 728512, 0.014798766933381557, 1.2453240156173706
2635, 3.0465741266671102, 4, 40.16208441928029, 308, 728820, 728820, 0.01405212190002203, 1.2377164363861084
2636, 2.859609709808865, 4, 40.10813465109095, 308, 729128, 729128, 0.013613203540444374, 1.2544001340866089
2637, 1.3386658369272482, 4, 40.17079648794606, 309, 729437, 729437, 0.01403571106493473, 1.2569762468338013
2638, 2.934914815436059, 4, 40.105477263685316, 307, 729744, 729744, 0.013606313616037369, 1.2534369230270386
2639, 2.6960059410339454, 4, 40.116256936918944, 306, 730050, 730050, 0.01460113376379013, 1.2562017440795898
2640, 2.667218536247674, 4, 40.1507759578526, 308, 730358, 730358, 0.014361186884343624, 1.2619924545288086
2641, 2.1121191189231467, 4, 40.17836339306086, 309, 730667, 730667, 0.014344978146255016, 1.245598554611206
2642, -3.7411190789425746, 2, 7.848606526851654, 57, 730724, 730724, 0.015930555760860443, 1.2302768230438232
2643, 2.2585752867453266, 4, 40.13190882233903, 308, 731032, 731032, 0.013809400610625744, 1.2364451885223389
2644, 2.550192045106087, 4, 40.11882742866874, 307, 731339, 731339, 0.014237906783819199, 1.246533989906311
2645, 2.9961361516961915, 4, 40.12500336812809, 308, 731647, 731647, 0.013684754259884357, 1.2461508512496948
2646, 1.9944638998713344, 4, 40.16175044560805, 309, 731956, 731956, 0.014147074893116951, 1.2520947456359863
2647, 2.995996267780356, 4, 40.08338673785329, 306, 732262, 732262, 0.013823525048792362, 1.251524567604065
2648, 2.4728709454793716, 4, 40.05578865297139, 307, 732569, 732569, 0.01417897455394268, 1.2515623569488525
2649, 1.1555054382442904, 4, 40.138716109097004, 309, 732878, 732878, 0.014446374028921127, 1.2488912343978882
2650, 2.2028410022030585, 4, 40.06384829804301, 308, 733186, 733186, 0.014260748401284218, 1.2491427659988403
2651, 2.022016049169906, 4, 40.09472053870559, 308, 733494, 733494, 0.013760698027908802, 1.2430683374404907
2652, 2.1232879294693703, 4, 40.16989783104509, 309, 733803, 733803, 0.01471515279263258, 1.259281039237976
2653, 2.1873260762367863, 4, 40.1446600202471, 309, 734112, 734112, 0.014584618620574474, 1.2390670776367188
2654, 3.1896383814837463, 4, 40.176773068960756, 308, 734420, 734420, 0.014162636362016201, 1.2383100986480713
2655, 1.6446590495324926, 4, 40.162658258806914, 309, 734729, 734729, 0.013942096382379532, 1.249536156654358
2656, 3.1397907212449354, 4, 40.16672690305859, 308, 735037, 735037, 0.014526145532727242, 1.2430379390716553
2657, 2.709799631185888, 4, 40.09895949205384, 307, 735344, 735344, 0.014033024199306965, 1.2426551580429077
2658, 2.1863361897412688, 4, 40.1734583969228, 309, 735653, 735653, 0.014436135068535805, 1.2367494106292725
2659, 2.693831971293548, 4, 40.13092747097835, 308, 735961, 735961, 0.013295014388859272, 1.2401479482650757
2660, 2.5759230205558197, 4, 40.081046977080405, 306, 736267, 736267, 0.01457909308373928, 1.2462821006774902
2661, 3.228520787729394, 4, 40.08179341489449, 306, 736573, 736573, 0.013559531420469284, 1.260617971420288
2662, 1.4091909229609882, 4, 40.198070395272225, 306, 736879, 736879, 0.014782655984163284, 1.2509558200836182
2663, 1.7170528403366916, 4, 40.102089430671185, 306, 737185, 737185, 0.014503180980682373, 1.2584494352340698
2664, 2.9896483248567165, 4, 40.178265972062945, 307, 737492, 737492, 0.014310943894088268, 1.2259489297866821
2665, 2.4653132199600805, 4, 40.156684391666204, 307, 737799, 737799, 0.0139816515147686, 1.2464277744293213
2666, 1.5368209760636091, 4, 40.18512709112838, 308, 738107, 738107, 0.01391708105802536, 1.2464978694915771
2667, 1.6340848611434922, 4, 40.078270303085446, 308, 738415, 738415, 0.014441539533436298, 1.2326945066452026
2668, 3.1478010736391298, 4, 40.15904292277992, 307, 738722, 738722, 0.014597681351006031, 1.2400578260421753
2669, 2.8859320213086903, 4, 40.10190958017483, 307, 739029, 739029, 0.013914966955780983, 1.2353230714797974
2670, 2.0188160994184727, 4, 40.13384955795482, 306, 739335, 739335, 0.013764445669949055, 1.2320189476013184
2671, 0.11526490737196582, 2, 23.23199817398563, 176, 739511, 739511, 0.014505211263895035, 1.240214228630066
2672, 1.4315423851658124, 4, 40.159103855956346, 309, 739820, 739820, 0.01502777636051178, 1.2283744812011719
2673, 1.7727047390508233, 4, 40.18908021133393, 309, 740129, 740129, 0.014077146537601948, 1.236198902130127
2674, -0.9868595351508702, 2, 35.60687213204801, 273, 740402, 740402, 0.013844781555235386, 1.2274099588394165
2675, 1.9438185549806803, 4, 40.16297369496897, 309, 740711, 740711, 0.013902734033763409, 1.2405298948287964
2676, 1.9067121415719157, 4, 40.18985165562481, 309, 741020, 741020, 0.013384457677602768, 1.228738784790039
2677, 2.7791439527645707, 4, 40.08014277694747, 307, 741327, 741327, 0.014495967887341976, 1.2397876977920532
2678, 1.594095749198459, 4, 40.15349778579548, 308, 741635, 741635, 0.013818242587149143, 1.246930718421936
2679, 3.08537755888392, 4, 40.117115230765194, 308, 741943, 741943, 0.014811794273555279, 1.230220079421997
2680, 1.9269811949027371, 4, 40.080297619104385, 308, 742251, 742251, 0.01390186045318842, 1.2228416204452515
2681, 3.1466997465358872, 4, 40.10347841726616, 307, 742558, 742558, 0.014578256756067276, 1.2306053638458252
2682, 2.8952442085665098, 4, 40.11827583471313, 306, 742864, 742864, 0.0143601568415761, 1.2305997610092163
2683, 2.1043003983431845, 4, 40.1169087770395, 308, 743172, 743172, 0.014763137325644493, 1.2315651178359985
2684, -2.450216190365609, 2, 10.868439090903848, 80, 743252, 743252, 0.013954287394881248, 1.2172174453735352
2685, 1.7840156583115458, 4, 40.12672263942659, 308, 743560, 743560, 0.014878815039992332, 1.2466812133789062
2686, 2.91839695775343, 4, 40.18236352875829, 306, 743866, 743866, 0.014718565158545971, 1.2244081497192383
2687, 2.634733452537148, 4, 40.16602891124785, 307, 744173, 744173, 0.01404616143554449, 1.2275742292404175
2688, 1.8729673507623374, 4, 40.08469546493143, 308, 744481, 744481, 0.014385847374796867, 1.241288423538208
2689, 2.861795826804155, 4, 40.08059255685657, 296, 744777, 744777, 0.014890836551785469, 1.2373466491699219
2690, 1.750114292204671, 4, 40.09160013962537, 306, 745083, 745083, 0.015469345264136791, 1.2220029830932617
2691, 1.401885249564657, 4, 40.1947088399902, 309, 745392, 745392, 0.014966243878006935, 1.2339904308319092
2692, -2.086313819512725, 2, 15.810246887151152, 119, 745511, 745511, 0.014274360612034798, 1.2511056661605835
2693, 2.529847966914531, 4, 40.14175664214417, 307, 745818, 745818, 0.014816273003816605, 1.231889247894287
2694, 1.2766890110942768, 4, 40.12384750880301, 308, 746126, 746126, 0.014754482544958591, 1.2292695045471191
2695, 1.2833184265182354, 4, 40.105119317770004, 308, 746434, 746434, 0.014129675924777985, 1.224137544631958
2696, 2.4050315477434197, 4, 40.07035574223846, 307, 746741, 746741, 0.014581470750272274, 1.2315855026245117
2697, 1.917082202853635, 4, 40.143307297024876, 306, 747047, 747047, 0.013997121714055538, 1.2333437204360962
2698, 1.4376756587589625, 4, 40.104704642202705, 305, 747352, 747352, 0.014337304048240185, 1.2346724271774292
2699, 2.97200089539092, 4, 40.09598061395809, 307, 747659, 747659, 0.015175912529230118, 1.2397029399871826
2700, 1.4867341768695042, 4, 40.12618279596791, 306, 747965, 747965, 0.014084628783166409, 1.219183325767517
2701, 1.82219888693362, 4, 40.11788716772571, 308, 748273, 748273, 0.014562179334461689, 1.2321288585662842
2702, 2.170611133449711, 4, 40.09485019603744, 308, 748581, 748581, 0.015521848574280739, 1.2407011985778809
2703, 2.3829313262212963, 4, 40.09207181679085, 304, 748885, 748885, 0.013799273408949375, 1.2212852239608765
2704, 3.0255617223738227, 4, 40.16848111990839, 307, 749192, 749192, 0.014398135244846344, 1.227852702140808
2705, 2.509703123490908, 4, 40.07772246142849, 304, 749496, 749496, 0.014654460363090038, 1.2237138748168945
2706, 2.114316551014781, 4, 40.09477244410664, 303, 749799, 749799, 0.01364561915397644, 1.2276626825332642
2707, 1.6190246829792159, 4, 40.132662660907954, 307, 750106, 750106, 0.01479298621416092, 1.21064031124115
2708, 2.3623870524311315, 4, 40.171384640969336, 307, 750413, 750413, 0.014728199690580368, 1.233957290649414
2709, 2.6317339309389354, 4, 40.15024517290294, 305, 750718, 750718, 0.013628611341118813, 1.2196049690246582
2710, 2.0845984439583845, 4, 40.09240349475294, 307, 751025, 751025, 0.015377724543213844, 1.2318729162216187
2711, -0.7159265462469193, 2, 36.00445161713287, 275, 751300, 751300, 0.013484634459018707, 1.235799789428711
2712, 1.9033237260155147, 4, 40.139967740979046, 307, 751607, 751607, 0.01387258805334568, 1.233794093132019
2713, 2.788800817448646, 4, 40.18634026264772, 307, 751914, 751914, 0.015093361958861351, 1.2199201583862305
2714, 1.8596310175817052, 4, 40.06624169182032, 307, 752221, 752221, 0.014624293893575668, 1.2239282131195068
2715, 3.2846067285790923, 4, 40.12133505009115, 306, 752527, 752527, 0.014589712023735046, 1.223763108253479
2716, 3.416668316385767, 4, 40.145271208137274, 307, 752834, 752834, 0.014303870499134064, 1.204174280166626
2717, 1.60094874270726, 4, 40.061251542996615, 307, 753141, 753141, 0.014395155943930149, 1.2186329364776611
2718, 2.141307259167661, 4, 40.159496204927564, 305, 753446, 753446, 0.013819977641105652, 1.2205266952514648
2719, 1.881585867376998, 4, 40.049231035634875, 307, 753753, 753753, 0.014196425676345825, 1.1977601051330566
2720, 2.439948108047247, 4, 40.08475608797744, 307, 754060, 754060, 0.014689293690025806, 1.2297368049621582
2721, 2.1811101597031666, 4, 40.05746424989775, 307, 754367, 754367, 0.01419439073652029, 1.226975440979004
2722, 1.96778419778002, 4, 40.09394254395738, 307, 754674, 754674, 0.013944188132882118, 1.2217955589294434
2723, 2.1326268010379863, 4, 40.15939998393878, 308, 754982, 754982, 0.014145852997899055, 1.2088414430618286
2724, -0.5084755626085098, 2, 26.21844355110079, 199, 755181, 755181, 0.013739352114498615, 1.2141315937042236
2725, 2.317145141543733, 4, 40.167307801079005, 307, 755488, 755488, 0.013630946166813374, 1.2263312339782715
2726, 2.3658723190910678, 4, 40.14131535356864, 307, 755795, 755795, 0.013988325372338295, 1.2173495292663574
2727, 2.803407536819577, 4, 40.10197603516281, 307, 756102, 756102, 0.013789422810077667, 1.228928565979004
2728, 1.9544064469519071, 4, 40.13063417794183, 307, 756409, 756409, 0.013959893956780434, 1.2121466398239136
2729, 2.2010204294419964, 4, 40.088056705892086, 307, 756716, 756716, 0.014113673008978367, 1.2236300706863403
2730, 2.4675431389405276, 4, 40.133171048015356, 307, 757023, 757023, 0.013959242030978203, 1.2173233032226562
2731, -1.6774198113307648, 2, 39.38234971603379, 301, 757324, 757324, 0.013644440099596977, 1.2137095928192139
2732, 1.4554686075134668, 4, 40.09480818826705, 308, 757632, 757632, 0.013760349713265896, 1.2154277563095093
2733, 3.264216956362361, 4, 40.12658968102187, 307, 757939, 757939, 0.014138582162559032, 1.2182416915893555
2734, 2.8343805235235777, 4, 40.111479226034135, 306, 758245, 758245, 0.013765527866780758, 1.218984603881836
2735, 2.3963636716580368, 4, 40.11192683596164, 307, 758552, 758552, 0.014432006515562534, 1.2125074863433838
2736, 1.863616182730766, 4, 40.059384127147496, 307, 758859, 758859, 0.014598267152905464, 1.2057300806045532
2737, -1.6238304737780709, 2, 27.057201706804335, 206, 759065, 759065, 0.013640991412103176, 1.2308869361877441
2738, 2.955351874923508, 4, 40.146122210193425, 307, 759372, 759372, 0.01374821737408638, 1.2063583135604858
2739, 3.295134307385524, 4, 40.0841255588457, 306, 759678, 759678, 0.01408153586089611, 1.2077364921569824
2740, 2.6077995787054533, 4, 40.12616738816723, 306, 759984, 759984, 0.014301329851150513, 1.210292100906372
2741, 2.9604258162726182, 4, 40.15570054296404, 306, 760290, 760290, 0.014254623092710972, 1.2091219425201416
2742, 1.6965309623628855, 4, 40.096048874314874, 307, 760597, 760597, 0.014190617948770523, 1.2022438049316406
2743, 2.210653139365604, 4, 40.12238746881485, 307, 760904, 760904, 0.014504811726510525, 1.228158712387085
2744, 1.9487961500999518, 4, 40.15686421561986, 308, 761212, 761212, 0.014367208816111088, 1.2114393711090088
2745, 1.9960102341283346, 4, 40.111997067928314, 306, 761518, 761518, 0.014943868853151798, 1.2031452655792236
2746, 2.4164238868188477, 4, 40.17880504904315, 306, 761824, 761824, 0.014895455911755562, 1.206030011177063
2747, 2.370830406812047, 4, 40.09804969839752, 304, 762128, 762128, 0.014418675564229488, 1.2028852701187134
2748, 1.9366685443092138, 4, 40.06070905318484, 307, 762435, 762435, 0.014231095090508461, 1.2078429460525513
2749, 3.064803891646079, 4, 40.13574144197628, 307, 762742, 762742, 0.01387852057814598, 1.2038283348083496
2750, 2.569751482053107, 4, 40.169695113785565, 306, 763048, 763048, 0.014984246343374252, 1.2072136402130127
2751, 2.7440511433887878, 4, 40.096163069829345, 306, 763354, 763354, 0.014425589703023434, 1.2036288976669312
2752, 2.203855854779249, 4, 40.13031213916838, 304, 763658, 763658, 0.01462489366531372, 1.2250254154205322
2753, 3.0075354046275606, 4, 40.14114210801199, 305, 763963, 763963, 0.01395471952855587, 1.212311863899231
2754, 2.2412446455091413, 4, 40.070541966706514, 306, 764269, 764269, 0.014040907844901085, 1.2037016153335571
2755, 1.8261401926502003, 4, 40.19013752695173, 308, 764577, 764577, 0.013865316286683083, 1.1933344602584839
2756, 2.992654033805593, 4, 40.171541132964194, 306, 764883, 764883, 0.014382751658558846, 1.201858639717102
2757, 2.6003433992736973, 4, 40.181771462317556, 307, 765190, 765190, 0.014185975305736065, 1.1981641054153442
2758, 1.9072508377576014, 4, 40.068066875915974, 307, 765497, 765497, 0.01382456999272108, 1.1961880922317505
2759, 2.2920201418019133, 4, 40.13195114489645, 305, 765802, 765802, 0.013929816894233227, 1.1962244510650635
2760, 2.739838527284519, 4, 40.13194786105305, 307, 766109, 766109, 0.01451025903224945, 1.2046695947647095
2761, 1.7561925814952701, 4, 40.17232855828479, 308, 766417, 766417, 0.014221537858247757, 1.2043803930282593
2762, 1.142937800992513, 4, 40.07712757633999, 307, 766724, 766724, 0.014535082504153252, 1.2084285020828247
2763, 2.7243754230403283, 4, 40.066283809021115, 301, 767025, 767025, 0.014749515801668167, 1.2015304565429688
2764, 2.188822216936387, 4, 40.166612808126956, 307, 767332, 767332, 0.013942341320216656, 1.1988171339035034
2765, 2.4161238009182853, 4, 40.107372351922095, 307, 767639, 767639, 0.01409837231040001, 1.191022515296936
2766, 0.24246715288609266, 4, 40.161062052007765, 307, 767946, 767946, 0.013578426092863083, 1.2041871547698975
2767, 1.364305517548928, 4, 40.11050692666322, 307, 768253, 768253, 0.014802134595811367, 1.2042083740234375
2768, 2.62552074422274, 4, 40.10555787663907, 306, 768559, 768559, 0.014209953136742115, 1.1956028938293457
2769, 2.5358939711077255, 4, 40.1626657997258, 306, 768865, 768865, 0.013684622012078762, 1.193744421005249
2770, 1.7058132890379056, 4, 40.1624977090396, 308, 769173, 769173, 0.014356007799506187, 1.2141857147216797
2771, 1.5736610473072687, 4, 40.10063782101497, 307, 769480, 769480, 0.014408049173653126, 1.2088801860809326
2772, 3.0349343847919954, 4, 40.11242567980662, 306, 769786, 769786, 0.013938833959400654, 1.1995890140533447
2773, 1.4750949770386796, 4, 40.11036812374368, 307, 770093, 770093, 0.014641121961176395, 1.1963814496994019
2774, 2.7205346877628926, 4, 40.500420497730374, 309, 770402, 770402, 0.0133885582908988, 1.199303388595581
2775, 3.0957609127885917, 4, 40.1230068160221, 305, 770707, 770707, 0.014346321113407612, 1.2079795598983765
2776, 1.7245244037694647, 4, 40.07935315463692, 306, 771013, 771013, 0.013403387740254402, 1.201670527458191
2777, 3.0328399339778116, 4, 40.16847801301628, 306, 771319, 771319, 0.01412866823375225, 1.183278203010559
2778, 3.3498270861405217, 4, 40.17749844817445, 305, 771624, 771624, 0.013924234546720982, 1.2047818899154663
2779, 1.824811916816543, 4, 40.161883634049445, 305, 771929, 771929, 0.013801012188196182, 1.203362226486206
2780, 2.4427687189945573, 4, 40.15052943583578, 306, 772235, 772235, 0.014819090254604816, 1.1946691274642944
2781, 3.3889724341133842, 4, 40.14213194977492, 306, 772541, 772541, 0.013582265004515648, 1.1905287504196167
2782, 2.900147144768937, 4, 40.1140289590694, 306, 772847, 772847, 0.01411192212253809, 1.198770523071289
2783, 3.5048052271886263, 4, 40.16657885443419, 306, 773153, 773153, 0.014452246949076653, 1.202439546585083
2784, 1.9839654028528457, 4, 40.45623922301456, 308, 773461, 773461, 0.013900869525969028, 1.1957892179489136
2785, -0.7747529704392946, 2, 38.937823416199535, 296, 773757, 773757, 0.013949078507721424, 1.199753999710083
2786, 1.704256938486651, 4, 40.20485145505518, 308, 774065, 774065, 0.014363717287778854, 1.2051386833190918
2787, 3.076136435593071, 4, 40.10092321410775, 305, 774370, 774370, 0.014747725799679756, 1.1880046129226685
2788, 1.528236858022865, 4, 40.122005509678274, 305, 774675, 774675, 0.013660633005201817, 1.1918219327926636
2789, 2.6778399273534887, 4, 40.14607295533642, 306, 774981, 774981, 0.013920510187745094, 1.201509952545166
2790, 1.4719027952523902, 4, 40.174992552027106, 307, 775288, 775288, 0.014939403161406517, 1.1895644664764404
2791, 3.241970018061693, 4, 40.160314701963216, 306, 775594, 775594, 0.014408319257199764, 1.1881853342056274
2792, 1.6225522638524126, 4, 40.0898002916947, 307, 775901, 775901, 0.01466742716729641, 1.1991759538650513
2793, 2.3387651742086746, 4, 40.106314938981086, 306, 776207, 776207, 0.014186586253345013, 1.1802629232406616
2794, 2.01891577055585, 4, 40.12796208076179, 306, 776513, 776513, 0.01341232005506754, 1.1916916370391846
2795, 2.200113090017112, 4, 40.19171679997817, 306, 776819, 776819, 0.013794489204883575, 1.1826645135879517
2796, 2.961092970959726, 4, 40.11686244606972, 304, 777123, 777123, 0.014160984195768833, 1.1923924684524536
2797, 1.947456441709619, 4, 40.143632661085576, 306, 777429, 777429, 0.014216848649084568, 1.1806535720825195
2798, 0.7494772066129372, 4, 40.15763804176822, 307, 777736, 777736, 0.015116970054805279, 1.1952201128005981
2799, 3.328193795750849, 4, 40.15508251916617, 305, 778041, 778041, 0.014163312502205372, 1.1884093284606934
2800, 2.9312921378586907, 4, 40.13720597233623, 305, 778346, 778346, 0.013915552757680416, 1.1907705068588257
2801, 2.050605538417585, 4, 40.08380966773257, 306, 778652, 778652, 0.013628057204186916, 1.1885524988174438
2802, 1.2186237466230523, 4, 40.124914061743766, 307, 778959, 778959, 0.013797597028315067, 1.19114089012146
2803, 1.9331807087328343, 4, 40.10932637890801, 305, 779264, 779264, 0.013942928053438663, 1.19877290725708
2804, -1.3831937772483798, 2, 35.059811000246555, 267, 779531, 779531, 0.014213323593139648, 1.1690634489059448
2805, 3.0289397332890076, 4, 40.14714847970754, 305, 779836, 779836, 0.01325554121285677, 1.1823298931121826
2806, 1.0001820597681217, 4, 40.13570721074939, 306, 780142, 780142, 0.01393127255141735, 1.1766794919967651
2807, 1.4325351902662078, 4, 40.14798490284011, 307, 780449, 780449, 0.014153048396110535, 1.1926848888397217
2808, 2.2460307069623013, 4, 40.06641311617568, 306, 780755, 780755, 0.014401579275727272, 1.189455270767212
2809, 2.5245676249905955, 4, 40.15622546710074, 306, 781061, 781061, 0.014002985320985317, 1.1954623460769653
2810, 1.9202500507235527, 4, 40.19663460087031, 307, 781368, 781368, 0.013975612819194794, 1.1793310642242432
2811, 2.565111622971017, 4, 40.093872528057545, 307, 781675, 781675, 0.01399023924022913, 1.1829286813735962
2812, 2.8830977832403732, 4, 40.12386197876185, 306, 781981, 781981, 0.013966372236609459, 1.1900014877319336
2813, 2.78571438209471, 4, 40.15650463523343, 305, 782286, 782286, 0.01314274687319994, 1.182477355003357
2814, 3.1699348843230837, 4, 40.1678589717485, 306, 782592, 782592, 0.014221832156181335, 1.1809766292572021
2815, 1.0741828331738361, 4, 40.11154791386798, 307, 782899, 782899, 0.014952680096030235, 1.1979223489761353
2816, 1.3278140834881924, 4, 40.14371223421767, 307, 783206, 783206, 0.013972622342407703, 1.1905362606048584
2817, 1.6934939251368633, 4, 40.16183111304417, 306, 783512, 783512, 0.013901911675930023, 1.1799674034118652
2818, -0.03693065931656747, 2, 22.588987266179174, 170, 783682, 783682, 0.014214624650776386, 1.1951857805252075
2819, 1.1808357298432384, 4, 40.13785302825272, 304, 783986, 783986, 0.014699367806315422, 1.1998745203018188
2820, 1.8555247865442652, 4, 40.149325262289494, 306, 784292, 784292, 0.013860398903489113, 1.1902291774749756
2821, 2.224746659048833, 4, 40.10653227381408, 306, 784598, 784598, 0.014433972537517548, 1.175747036933899
2822, 1.963768825859006, 4, 40.09052666882053, 306, 784904, 784904, 0.014001344330608845, 1.192872166633606
2823, 2.6800318943824095, 4, 40.10184189211577, 306, 785210, 785210, 0.014812316745519638, 1.1770623922348022
2824, -2.946338421665132, 2, 6.659052335657179, 47, 785257, 785257, 0.013505524955689907, 1.165486454963684
2825, 3.2025068024231587, 4, 40.17703819088638, 305, 785562, 785562, 0.013950937427580357, 1.1807907819747925
2826, 1.0639275573194027, 4, 40.12500347709283, 305, 785867, 785867, 0.014448018744587898, 1.1747244596481323
2827, 1.8569476120610489, 4, 40.15131907304749, 307, 786174, 786174, 0.01368577592074871, 1.1812270879745483
2828, 3.0266283812634356, 4, 40.13957636570558, 304, 786478, 786478, 0.013618155382573605, 1.1812608242034912
2829, 3.114908559486139, 4, 40.094260561745614, 305, 786783, 786783, 0.014504315331578255, 1.1811696290969849
2830, -0.9749362628936069, 2, 26.601684477180243, 200, 786983, 786983, 0.014078756794333458, 1.1860394477844238
2831, 2.7535837043214997, 4, 40.05917191505432, 305, 787288, 787288, 0.014119828119874, 1.1717616319656372
2832, 1.7627084092700898, 4, 40.18380646780133, 307, 787595, 787595, 0.014223841018974781, 1.189932107925415
2833, 1.634491715245531, 4, 40.0922434409149, 306, 787901, 787901, 0.014694676734507084, 1.1942898035049438
2834, 3.1080791245876753, 4, 40.06900260411203, 305, 788206, 788206, 0.013762813061475754, 1.1868712902069092
2835, 2.892680447679595, 4, 40.14840960595757, 305, 788511, 788511, 0.013953876681625843, 1.1688820123672485
2836, 1.5665790429047775, 4, 40.14891865104437, 305, 788816, 788816, 0.014119279570877552, 1.1774975061416626
2837, 2.1241719216050114, 4, 40.06405173894018, 306, 789122, 789122, 0.014426457695662975, 1.1638572216033936
2838, 2.6076989306820906, 4, 40.11452588625252, 304, 789426, 789426, 0.013805828988552094, 1.1700098514556885
2839, 2.142145912195474, 4, 40.14840019121766, 306, 789732, 789732, 0.01417150255292654, 1.1776515245437622
2840, 1.6310282529957476, 4, 40.07764125615358, 306, 790038, 790038, 0.013817458413541317, 1.1803085803985596
2841, 2.5290090172347846, 4, 40.03993126889691, 305, 790343, 790343, 0.014088427647948265, 1.1858738660812378
2842, 2.196281609683865, 4, 40.15352009003982, 304, 790647, 790647, 0.014734414406120777, 1.1921886205673218
2843, 3.0665292611693076, 4, 40.128795655909926, 305, 790952, 790952, 0.014762714505195618, 1.1737723350524902
2844, -1.0314036833005957, 2, 16.15423471899703, 119, 791071, 791071, 0.013232606463134289, 1.1786445379257202
2845, 3.5307146013039414, 4, 40.08693249011412, 303, 791374, 791374, 0.015178952366113663, 1.1910372972488403
2846, 2.366591637612146, 4, 40.07038541091606, 304, 791678, 791678, 0.014191643334925175, 1.1716711521148682
2847, 3.1096102717565373, 4, 40.14574059797451, 306, 791984, 791984, 0.01373748853802681, 1.179427981376648
2848, 3.1515574737859424, 4, 40.14302089391276, 305, 792289, 792289, 0.014132496900856495, 1.1836121082305908
2849, 2.3534477357170545, 4, 40.18270961381495, 306, 792595, 792595, 0.013912013731896877, 1.178891658782959
2850, 2.1545988375946763, 4, 40.08724515931681, 305, 792900, 792900, 0.013622643426060677, 1.1808212995529175
2851, 3.1836238645846606, 4, 40.169358383864164, 305, 793205, 793205, 0.01423783227801323, 1.1760810613632202
2852, 2.811829792948629, 4, 40.1958742281422, 304, 793509, 793509, 0.01404251903295517, 1.1881314516067505
2853, 1.178377739226562, 4, 40.15568691166118, 306, 793815, 793815, 0.01399568933993578, 1.1815810203552246
2854, 2.4500411122344303, 4, 40.07886030524969, 305, 794120, 794120, 0.013595329597592354, 1.1842221021652222
2855, 1.8987965267151594, 4, 40.05908994562924, 306, 794426, 794426, 0.013960858806967735, 1.1884000301361084
2856, 3.009583571629719, 4, 40.48991416906938, 308, 794734, 794734, 0.013954998925328255, 1.1703883409500122
2857, 2.8441061884141163, 4, 40.11473872512579, 305, 795039, 795039, 0.014102654531598091, 1.1722381114959717
2858, 2.4903468569391407, 4, 40.11802259506658, 305, 795344, 795344, 0.014514895156025887, 1.182019591331482
2859, 2.683482240739977, 4, 40.12680834997445, 306, 795650, 795650, 0.014529612846672535, 1.1806931495666504
2860, 2.1398613367673534, 4, 40.18518907111138, 305, 795955, 795955, 0.014774344861507416, 1.1840678453445435
2861, 2.6468590300173673, 4, 40.113891267217696, 305, 796260, 796260, 0.01469903253018856, 1.1745483875274658
2862, 3.153513434218439, 4, 40.131027516908944, 305, 796565, 796565, 0.014963108114898205, 1.1821873188018799
2863, 1.8940226272097789, 4, 40.133545152843, 306, 796871, 796871, 0.014320514164865017, 1.1822565793991089
2864, 1.4594919187948108, 4, 40.092844389844686, 304, 797175, 797175, 0.014072633348405361, 1.1838948726654053
2865, 1.3000005758367479, 4, 40.17812825879082, 307, 797482, 797482, 0.014608996920287609, 1.1676636934280396
2866, 2.006842211645562, 4, 40.16950315563008, 305, 797787, 797787, 0.014127505011856556, 1.176444411277771
2867, 1.7869092033361085, 4, 40.133217921014875, 306, 798093, 798093, 0.01459499727934599, 1.176154375076294
2868, 1.708864324114984, 4, 40.10028405021876, 306, 798399, 798399, 0.014204849489033222, 1.1839765310287476
2869, 3.18303552339421, 4, 40.10864993510768, 305, 798704, 798704, 0.014451215974986553, 1.1805998086929321
2870, 1.443144978635246, 4, 40.13287152675912, 306, 799010, 799010, 0.014057064428925514, 1.1800495386123657
2871, 2.1933455202579353, 4, 40.10592840099707, 306, 799316, 799316, 0.014323465526103973, 1.1802226305007935
2872, 2.468897806451423, 4, 40.18810240505263, 306, 799622, 799622, 0.014982028864324093, 1.189056396484375
2873, 1.6304087635053293, 4, 40.0951509331353, 305, 799927, 799927, 0.01396699994802475, 1.192497968673706
2874, 3.0052941689064028, 4, 40.19606784405187, 305, 800232, 800232, 0.013610503636300564, 1.1727960109710693
2875, 2.8974584197137574, 4, 40.133980095852166, 304, 800536, 800536, 0.014260335825383663, 1.1798876523971558
2876, 1.304672303784173, 4, 40.16417600773275, 306, 800842, 800842, 0.014310941100120544, 1.1917295455932617
2877, 0.9019908332520572, 4, 40.09047273499891, 305, 801147, 801147, 0.01301543228328228, 1.1693612337112427
2878, 2.8705608032250893, 4, 40.11083611892536, 303, 801450, 801450, 0.01402828749269247, 1.1762813329696655
2879, 1.489820147260616, 4, 40.12135998206213, 306, 801756, 801756, 0.014162829145789146, 1.177943468093872
2880, 2.568577951999032, 4, 40.05607264395803, 305, 802061, 802061, 0.013568454422056675, 1.190819263458252
2881, 2.7926229880176834, 4, 40.142004805617034, 305, 802366, 802366, 0.014248811639845371, 1.1779396533966064
2882, 1.7475397691778198, 4, 40.175333890132606, 306, 802672, 802672, 0.01390974223613739, 1.1730886697769165
2883, 1.9465325222081447, 4, 40.143821481149644, 303, 802975, 802975, 0.01452720258384943, 1.1802746057510376
2884, 1.6612927000096533, 4, 40.13203903893009, 305, 803280, 803280, 0.014431420713663101, 1.1753240823745728
2885, 2.6934365016277297, 4, 40.16868594707921, 304, 803584, 803584, 0.013883648440241814, 1.1757951974868774
2886, 3.2713855443807915, 4, 40.16823793807998, 304, 803888, 803888, 0.014568986371159554, 1.173653483390808
2887, 2.4380317494651536, 4, 40.059915193822235, 303, 804191, 804191, 0.014137889258563519, 1.1702804565429688
2888, 1.916589734464651, 4, 40.14545529568568, 304, 804495, 804495, 0.013688348233699799, 1.1822398900985718
2889, 1.5468265769304708, 4, 40.164852268993855, 306, 804801, 804801, 0.014162557199597359, 1.1713045835494995
2890, 1.979056904099707, 4, 40.19572188286111, 304, 805105, 805105, 0.013509704731404781, 1.1647382974624634
2891, 1.589431133998005, 4, 40.060335346031934, 306, 805411, 805411, 0.014052323997020721, 1.1786224842071533
2892, 1.4518420292879455, 4, 40.15332252206281, 306, 805717, 805717, 0.014133448712527752, 1.1706215143203735
2893, 2.9126652645500144, 4, 40.084089264739305, 305, 806022, 806022, 0.013460014015436172, 1.1715576648712158
2894, 2.0399997419081046, 4, 40.17250949610025, 305, 806327, 806327, 0.014129726216197014, 1.1624879837036133
2895, 1.8829633278073743, 4, 40.190287083853036, 306, 806633, 806633, 0.014548876322805882, 1.1675927639007568
2896, 1.9935605266318817, 4, 40.11282669613138, 304, 806937, 806937, 0.015115611255168915, 1.169215202331543
2897, 0.8569267946877517, 4, 40.07039726898074, 303, 807240, 807240, 0.015453719533979893, 1.1724668741226196
2898, 2.1483390891626186, 4, 40.10820250492543, 305, 807545, 807545, 0.014816977083683014, 1.1758809089660645
2899, 3.0782207971606113, 4, 40.14698673784733, 304, 807849, 807849, 0.014387642033398151, 1.1729767322540283
2900, 2.872855824396538, 4, 40.163508251309395, 305, 808154, 808154, 0.013662641867995262, 1.1736407279968262
2901, 1.7351923932728823, 4, 40.08541241288185, 305, 808459, 808459, 0.014181402511894703, 1.1718732118606567
2902, 2.7232250941569873, 4, 40.06576042622328, 304, 808763, 808763, 0.014567583799362183, 1.1751151084899902
2903, 2.739242361538345, 4, 40.207222890108824, 305, 809068, 809068, 0.013843988068401814, 1.1462666988372803
2904, 2.026708552821219, 4, 40.15583006897941, 304, 809372, 809372, 0.014172645285725594, 1.169735074043274
2905, 2.5964765348180663, 4, 40.15518814511597, 306, 809678, 809678, 0.014717349782586098, 1.1602451801300049
2906, 1.9815959007610218, 4, 40.13129609078169, 305, 809983, 809983, 0.013887214474380016, 1.169893503189087
2907, 3.0825368474179413, 4, 40.19302064413205, 305, 810288, 810288, 0.013826495036482811, 1.1543539762496948
2908, 2.2263986263715196, 4, 40.13044747430831, 306, 810594, 810594, 0.013724515214562416, 1.1564499139785767
2909, 2.1221168762713205, 4, 40.09096513176337, 305, 810899, 810899, 0.012734751217067242, 1.1612086296081543
2910, 2.528903853861266, 4, 40.12111003790051, 304, 811203, 811203, 0.014293665997684002, 1.1712360382080078
2911, 2.6488339659408666, 4, 40.06782550178468, 304, 811507, 811507, 0.014080982655286789, 1.1735414266586304
2912, 3.197692582019954, 4, 40.07976239407435, 305, 811812, 811812, 0.014385334216058254, 1.1692712306976318
2913, 1.84679078804038, 4, 40.14521891903132, 305, 812117, 812117, 0.01474099513143301, 1.1592845916748047
2914, -0.848486584611237, 4, 40.08614703826606, 306, 812423, 812423, 0.014245739206671715, 1.1697384119033813
2915, 2.257516319846218, 4, 40.097568940371275, 304, 812727, 812727, 0.014173576608300209, 1.1623191833496094
2916, 1.9992998710367829, 4, 40.16628842195496, 304, 813031, 813031, 0.014130204916000366, 1.1692566871643066
2917, 2.4726892678772856, 4, 40.161106667947024, 306, 813337, 813337, 0.01395651139318943, 1.1389479637145996
2918, 2.433984359202441, 4, 40.15822556009516, 306, 813643, 813643, 0.01467944122850895, 1.1601008176803589
2919, 1.9458231316675665, 4, 40.134715197142214, 306, 813949, 813949, 0.014046532101929188, 1.161316156387329
2920, 1.9015426049227244, 4, 40.063953935634345, 305, 814254, 814254, 0.014367947354912758, 1.1668152809143066
2921, 1.8838646816802793, 4, 40.16390832187608, 306, 814560, 814560, 0.013745400123298168, 1.153169870376587
2922, 2.126550529959786, 4, 40.07471528602764, 306, 814866, 814866, 0.014254074543714523, 1.1711190938949585
2923, 2.292501024188823, 4, 40.15938362991437, 305, 815171, 815171, 0.013619210571050644, 1.165017008781433
2924, 3.4561752601293847, 4, 40.16418145876378, 305, 815476, 815476, 0.014523704536259174, 1.1591721773147583
2925, 1.0628539414610714, 4, 40.08364689629525, 305, 815781, 815781, 0.01403264980763197, 1.159049153327942
2926, 3.0143318703958357, 4, 40.12958757998422, 303, 816084, 816084, 0.014113256707787514, 1.1516530513763428
2927, 2.5060034082580387, 4, 40.125103088095784, 305, 816389, 816389, 0.013935033231973648, 1.1519908905029297
2928, 2.386145206532092, 4, 40.11569311283529, 304, 816693, 816693, 0.013751155696809292, 1.1626862287521362
2929, 2.391267311089905, 4, 40.17973487591371, 305, 816998, 816998, 0.013785343617200851, 1.1592811346054077
2930, 2.132290900393855, 4, 40.192507314961404, 306, 817304, 817304, 0.013666530139744282, 1.172109842300415
2931, 2.9680258287426113, 4, 40.192203937098384, 305, 817609, 817609, 0.013841511681675911, 1.1646349430084229
2932, 2.2714956330382847, 4, 40.126444219145924, 303, 817912, 817912, 0.013943119905889034, 1.1728945970535278
2933, 2.761480800618301, 4, 40.05938394367695, 303, 818215, 818215, 0.01430420856922865, 1.1615594625473022
2934, 3.117641688710137, 4, 40.18372653378174, 304, 818519, 818519, 0.013365780003368855, 1.1551836729049683
2935, 1.0553702517645434, 4, 40.1397449253127, 305, 818824, 818824, 0.01337694562971592, 1.1463085412979126
2936, 2.600842066600933, 4, 40.17759947292507, 302, 819126, 819126, 0.013546248897910118, 1.160154938697815
2937, 3.059064387599392, 4, 40.11350344168022, 302, 819428, 819428, 0.014655187726020813, 1.1638438701629639
2938, 2.9710663628793554, 4, 40.05100309802219, 303, 819731, 819731, 0.014477520249783993, 1.1612168550491333
2939, 2.6020507617722615, 4, 40.18790365802124, 305, 820036, 820036, 0.014312287792563438, 1.1598644256591797
2940, 3.3762586672528414, 4, 40.14517022622749, 304, 820340, 820340, 0.013712582178413868, 1.1604982614517212
2941, 2.0093659601116087, 4, 40.16271660197526, 306, 820646, 820646, 0.013460731133818626, 1.156443476676941
2942, 2.263138078065822, 4, 40.128554253838956, 305, 820951, 820951, 0.014041267335414886, 1.158413290977478
2943, 1.9941600987222046, 4, 40.14388438593596, 305, 821256, 821256, 0.013958938419818878, 1.1520476341247559
2944, 1.916000857418112, 4, 40.102328206412494, 304, 821560, 821560, 0.013756942935287952, 1.1494280099868774
2945, 1.2549702157557476, 4, 40.10901850787923, 305, 821865, 821865, 0.013244505040347576, 1.1358901262283325
2946, 2.4657662857935065, 4, 40.16238513402641, 304, 822169, 822169, 0.014427971094846725, 1.1459453105926514
2947, 2.7714201743037847, 4, 40.13168983114883, 304, 822473, 822473, 0.014370099641382694, 1.158090591430664
2948, 2.3952867304460597, 4, 40.06083363201469, 304, 822777, 822777, 0.013611731119453907, 1.140484094619751
2949, 2.7388858547856216, 4, 40.19947462202981, 304, 823081, 823081, 0.014518063515424728, 1.1638028621673584
2950, 2.47310245664994, 4, 40.15634739212692, 304, 823385, 823385, 0.0137326093390584, 1.155379295349121
2951, 2.197140038773796, 4, 40.12912431638688, 305, 823690, 823690, 0.01388245727866888, 1.15803062915802
2952, 2.2286074329385883, 4, 40.09215713199228, 305, 823995, 823995, 0.014405987225472927, 1.1530823707580566
2953, 2.99665968996851, 4, 40.070719725918025, 303, 824298, 824298, 0.01414569653570652, 1.1573374271392822
2954, 2.5843990150169702, 4, 40.1503673507832, 304, 824602, 824602, 0.014078008942306042, 1.148371696472168
2955, 1.5961660181601474, 4, 40.149125672876835, 306, 824908, 824908, 0.013963968493044376, 1.1580451726913452
2956, 2.518150523155782, 4, 40.122025542892516, 304, 825212, 825212, 0.013698323629796505, 1.1542304754257202
2957, -1.1498281618842157, 2, 36.40299196075648, 276, 825488, 825488, 0.013620605692267418, 1.1526618003845215
2958, 2.6233262412279146, 4, 40.149792798794806, 305, 825793, 825793, 0.013177171349525452, 1.1509969234466553
2959, 1.9956253198324703, 4, 40.14937233412638, 304, 826097, 826097, 0.0140877366065979, 1.1550624370574951
2960, 3.074187507358147, 4, 40.16391490586102, 304, 826401, 826401, 0.014266610145568848, 1.1490132808685303
2961, 1.5376283391633478, 4, 40.08115463005379, 305, 826706, 826706, 0.014760694466531277, 1.1609928607940674
2962, 2.7897033158660633, 4, 40.39053613413125, 306, 827012, 827012, 0.014126060530543327, 1.1390193700790405
2963, 2.179269359941827, 4, 40.12654078612104, 305, 827317, 827317, 0.013778548687696457, 1.1466214656829834
2964, 1.065386188798584, 4, 40.16527335392311, 305, 827622, 827622, 0.013806136325001717, 1.1446871757507324
2965, 3.2004467534061405, 4, 40.15635027177632, 304, 827926, 827926, 0.013863148167729378, 1.1527926921844482
2966, 2.43674660121178, 4, 40.080073091201484, 303, 828229, 828229, 0.013507651165127754, 1.1487257480621338
2967, 2.4733048299867733, 4, 40.479377584997565, 307, 828536, 828536, 0.014234382659196854, 1.1499614715576172
2968, 1.8515636642696336, 4, 40.05082300910726, 304, 828840, 828840, 0.013982859440147877, 1.1477233171463013
2969, 2.291054877501665, 4, 40.054491373710334, 303, 829143, 829143, 0.013620301149785519, 1.1514440774917603
2970, 1.4251776403325493, 4, 40.13456543022767, 305, 829448, 829448, 0.01326169166713953, 1.140853762626648
2971, 3.0619286167202517, 4, 40.16461233003065, 305, 829753, 829753, 0.014498268254101276, 1.1419751644134521
2972, 3.500926504004383, 4, 40.13966267975047, 303, 830056, 830056, 0.013614647090435028, 1.153403401374817
2973, 2.7471394298263476, 4, 40.16749450797215, 304, 830360, 830360, 0.014048425480723381, 1.1514915227890015
2974, 2.9437943139346316, 4, 40.062104273121804, 303, 830663, 830663, 0.01390885841101408, 1.1452548503875732
2975, 3.5219189701601863, 4, 40.17197225056589, 304, 830967, 830967, 0.013250607997179031, 1.1432158946990967
2976, 1.568458004065178, 4, 40.20652098581195, 305, 831272, 831272, 0.013129978440701962, 1.1356966495513916
2977, 2.7890609236965247, 4, 40.07252460811287, 303, 831575, 831575, 0.01352750975638628, 1.1394017934799194
2978, 2.3587997872382402, 4, 40.0790174882859, 304, 831879, 831879, 0.013917471282184124, 1.1470977067947388
2979, 2.3609667965538392, 4, 40.11580332368612, 305, 832184, 832184, 0.013192393817007542, 1.144821047782898
2980, 3.295820868782357, 4, 40.06217535817996, 302, 832486, 832486, 0.014554513618350029, 1.1480579376220703
2981, 3.486752644549534, 4, 40.11493961606175, 304, 832790, 832790, 0.013847961090505123, 1.1463485956192017
2982, 2.6068017821235117, 4, 40.054938789922744, 303, 833093, 833093, 0.013903656043112278, 1.1465600728988647
2983, 1.516050750928116, 4, 40.08682232815772, 303, 833396, 833396, 0.013451174832880497, 1.149893045425415
2984, 1.9902055923594162, 4, 40.06632699770853, 304, 833700, 833700, 0.01350448653101921, 1.1370205879211426
2985, 2.2415539493813412, 4, 40.178500363603234, 305, 834005, 834005, 0.013606629334390163, 1.1409883499145508
2986, 2.3438940985824956, 4, 40.06483061471954, 303, 834308, 834308, 0.013884715735912323, 1.1579025983810425
2987, 3.4293546165076805, 4, 40.11504174023867, 303, 834611, 834611, 0.014051373116672039, 1.1337100267410278
2988, 2.1587422791799327, 4, 40.13787003979087, 304, 834915, 834915, 0.013967923820018768, 1.1367331743240356
2989, 3.2565417514488217, 4, 40.42262446926907, 305, 835220, 835220, 0.013601510785520077, 1.1333383321762085
2990, 1.527607292169705, 4, 40.164495224133134, 305, 835525, 835525, 0.013618611730635166, 1.1622812747955322
2991, 2.6480124094492794, 4, 40.12556531885639, 303, 835828, 835828, 0.01428914163261652, 1.1367377042770386
2992, 1.992680349285365, 4, 40.083331630099565, 304, 836132, 836132, 0.013744856230914593, 1.1365848779678345
2993, 2.3827398896905834, 4, 40.1122784758918, 304, 836436, 836436, 0.014097738079726696, 1.1344019174575806
2994, 3.203696621912968, 4, 40.10996417701244, 304, 836740, 836740, 0.01340561918914318, 1.1349055767059326
2995, 3.224971560179256, 4, 40.09054917609319, 303, 837043, 837043, 0.014900344423949718, 1.1373405456542969
2996, 3.0360361549792287, 4, 40.15013353712857, 303, 837346, 837346, 0.013921238481998444, 1.1475411653518677
2997, 3.2453325000824407, 4, 40.133562840987, 303, 837649, 837649, 0.014410792849957943, 1.1436115503311157
2998, 2.4604658543785263, 4, 40.06049939524382, 304, 837953, 837953, 0.013424609787762165, 1.1380267143249512
2999, 1.6007857601671276, 4, 40.17263429099694, 305, 838258, 838258, 0.013864168897271156, 1.134040355682373
3000, 2.29525491053937, 4, 40.11717874603346, 304, 838562, 838562, 0.0134998494759202, 1.130378246307373
3001, 2.042558440967696, 4, 40.157299738842994, 305, 838867, 838867, 0.01304315123707056, 1.1451630592346191
3002, 1.032896057333346, 4, 40.125176396686584, 305, 839172, 839172, 0.014091849327087402, 1.141364574432373
3003, 2.796481501784001, 4, 40.11269650422037, 303, 839475, 839475, 0.0135883167386055, 1.143580436706543
3004, 2.5115019652585033, 4, 40.15286218933761, 304, 839779, 839779, 0.01322631910443306, 1.1257330179214478
3005, 2.661668302509497, 4, 40.06939381174743, 302, 840081, 840081, 0.013314149342477322, 1.1346598863601685
3006, 2.98031379258191, 4, 40.18213491002098, 304, 840385, 840385, 0.014152306132018566, 1.141283631324768
3007, 1.899741346918745, 4, 40.16438867384568, 304, 840689, 840689, 0.013263694941997528, 1.1357406377792358
3008, 1.0754443356127013, 4, 40.16225861897692, 305, 840994, 840994, 0.013722277246415615, 1.1399489641189575
3009, 2.0667167054925812, 4, 40.10776255093515, 304, 841298, 841298, 0.014063344337046146, 1.133365273475647
3010, 3.560602963621932, 4, 40.15888768713921, 303, 841601, 841601, 0.01345476321876049, 1.1328709125518799
3011, 3.274441300869512, 4, 40.103226511739194, 303, 841904, 841904, 0.013095807284116745, 1.136955976486206
3012, 2.483840337397851, 4, 40.08825054485351, 303, 842207, 842207, 0.013903900980949402, 1.1394681930541992
3013, 2.2731686437909957, 4, 40.13006776338443, 304, 842511, 842511, 0.013744084164500237, 1.123210072517395
3014, 1.633192025081371, 4, 40.09981981199235, 303, 842814, 842814, 0.014144272543489933, 1.145119309425354
3015, -0.9551156426277885, 2, 23.58028839621693, 175, 842989, 842989, 0.013114314526319504, 1.1349238157272339
3016, 2.789046990481438, 4, 40.065732937306166, 302, 843291, 843291, 0.01424103882163763, 1.1245299577713013
3017, 2.367788093508352, 4, 40.19551276694983, 304, 843595, 843595, 0.013693530112504959, 1.1399025917053223
3018, 3.019680086290464, 4, 40.20476527605206, 304, 843899, 843899, 0.013810480944812298, 1.1282581090927124
3019, 2.385408178661237, 4, 40.12303113890812, 304, 844203, 844203, 0.013546033762395382, 1.1354801654815674
3020, 2.949146687053144, 4, 40.11920177889988, 302, 844505, 844505, 0.013793479651212692, 1.1260120868682861
3021, 3.4638581675517344, 4, 40.13532871985808, 303, 844808, 844808, 0.014106296002864838, 1.123780608177185
3022, 1.6181476667406969, 4, 40.14332087803632, 304, 845112, 845112, 0.014063901267945766, 1.1307810544967651
3023, 2.6930856571088952, 4, 40.079024659935385, 303, 845415, 845415, 0.013582969084382057, 1.1260145902633667
3024, 2.700459613723069, 4, 40.18183649517596, 304, 845719, 845719, 0.014161031693220139, 1.1359913349151611
3025, 2.5624726429014117, 4, 40.14683898119256, 303, 846022, 846022, 0.013940485194325447, 1.1200724840164185
3026, 2.205660232473747, 4, 40.054811066016555, 303, 846325, 846325, 0.0134921008720994, 1.1157951354980469
3027, 1.7302889811689965, 4, 40.13700037635863, 303, 846628, 846628, 0.012996811419725418, 1.1282957792282104
3028, 2.4753950035665184, 4, 40.12420848896727, 300, 846928, 846928, 0.014085753820836544, 1.1310940980911255
3029, 2.931305334006538, 4, 40.0868410798721, 302, 847230, 847230, 0.01403834205120802, 1.1208946704864502
3030, 3.1390487756780203, 4, 40.095493079628795, 303, 847533, 847533, 0.013400589115917683, 1.1164087057113647
3031, 2.492579223945995, 4, 40.09594433475286, 303, 847836, 847836, 0.01348458044230938, 1.1212525367736816
3032, 2.4443241477674746, 4, 40.1162441149354, 303, 848139, 848139, 0.01410919800400734, 1.1374917030334473
3033, 2.8824369952894813, 4, 40.17304700380191, 303, 848442, 848442, 0.013914418406784534, 1.1188076734542847
3034, 2.2244107064607306, 4, 40.11826368793845, 303, 848745, 848745, 0.013966496102511883, 1.129592776298523
3035, 2.785387368312513, 4, 40.14767545508221, 303, 849048, 849048, 0.015035709366202354, 1.1162230968475342
3036, 3.0751432828910765, 4, 40.191808939911425, 304, 849352, 849352, 0.014314071275293827, 1.130265235900879
3037, 2.2368579580506776, 4, 40.07318709278479, 301, 849653, 849653, 0.01430799812078476, 1.1243191957473755
3038, -1.406383264111355, 2, 14.493213725741953, 107, 849760, 849760, 0.013029235415160656, 1.1167570352554321
3039, 2.102284304484783, 4, 40.142770676873624, 304, 850064, 850064, 0.014163349755108356, 1.1118074655532837
3040, 3.0894291024378617, 4, 40.093210679944605, 303, 850367, 850367, 0.01382247731089592, 1.1337189674377441
3041, 3.0234937666755286, 4, 40.09116341685876, 301, 850668, 850668, 0.012955508194863796, 1.1278876066207886
3042, 2.912342997849919, 4, 40.07352018961683, 303, 850971, 850971, 0.01326218992471695, 1.1183260679244995
3043, 1.9561423962732079, 4, 40.131971253082156, 304, 851275, 851275, 0.013769755139946938, 1.1299762725830078
3044, 1.9680666324566118, 4, 40.168414905201644, 304, 851579, 851579, 0.013480466790497303, 1.1263004541397095
3045, 2.0916427758929785, 4, 40.14151220489293, 304, 851883, 851883, 0.013753987848758698, 1.1338527202606201
3046, 2.8720581091329223, 4, 40.18703931989148, 302, 852185, 852185, 0.01387767307460308, 1.126885175704956
3047, 3.4062062321900157, 4, 40.15553359128535, 303, 852488, 852488, 0.013866284862160683, 1.1169248819351196
3048, 2.909075897130606, 4, 40.075385622214526, 303, 852791, 852791, 0.013733133673667908, 1.1100512742996216
3049, 2.228109283356389, 4, 40.186706985812634, 303, 853094, 853094, 0.012571164406836033, 1.1198670864105225
3050, 2.3380080362112494, 4, 40.097622165922076, 303, 853397, 853397, 0.013909424655139446, 1.1244758367538452
3051, -3.2600321357604116, 2, 8.129186511971056, 58, 853455, 853455, 0.013658181764185429, 1.0798178911209106
3052, 2.137037906104524, 4, 40.134074199944735, 303, 853758, 853758, 0.013531919568777084, 1.1032863855361938
3053, 3.424612869215707, 4, 40.13905989238992, 301, 854059, 854059, 0.012987717986106873, 1.1015419960021973
3054, 1.9477647703315597, 4, 40.12505460297689, 304, 854363, 854363, 0.01268809288740158, 1.1196391582489014
3055, 2.339901763537455, 4, 40.13478801306337, 303, 854666, 854666, 0.013280457817018032, 1.1132934093475342
3056, 2.915581252469565, 4, 40.121222788933665, 303, 854969, 854969, 0.013801729306578636, 1.113811731338501
3057, 2.547707213787362, 4, 40.052343423012644, 302, 855271, 855271, 0.01427668146789074, 1.1266461610794067
3058, 2.8588885367098555, 4, 40.1226194598712, 302, 855573, 855573, 0.013739556074142456, 1.127872109413147
3059, 2.424989762082987, 4, 40.195022642146796, 303, 855876, 855876, 0.013811253011226654, 1.125564694404602
3060, 2.9219821912374755, 4, 40.193730521947145, 303, 856179, 856179, 0.013984332792460918, 1.1207034587860107
3061, 2.4956392000894994, 4, 40.126579073723406, 304, 856483, 856483, 0.014061850495636463, 1.1106743812561035
3062, 1.9264435799559578, 4, 40.18969350680709, 305, 856788, 856788, 0.012922480702400208, 1.1135004758834839
3063, 3.493986505243811, 4, 40.14112999709323, 303, 857091, 857091, 0.013043982908129692, 1.1118340492248535
3064, 2.3254203733522445, 4, 40.20482194703072, 303, 857394, 857394, 0.013745634816586971, 1.1202704906463623
3065, 3.253770551935304, 4, 40.12413730006665, 303, 857697, 857697, 0.013922801241278648, 1.1200432777404785
3066, 2.900334361002024, 4, 40.178180324845016, 303, 858000, 858000, 0.013812044635415077, 1.1066995859146118
3067, 2.6894404506019782, 4, 40.171662118285894, 304, 858304, 858304, 0.013688834384083748, 1.1073333024978638
3068, 2.824528747529257, 4, 40.08214458916336, 303, 858607, 858607, 0.013715650886297226, 1.1009482145309448
3069, 3.2763740631344263, 4, 40.18285642657429, 302, 858909, 858909, 0.013457191176712513, 1.110399603843689
3070, 2.02044203641708, 4, 40.08891384070739, 299, 859208, 859208, 0.013247492723166943, 1.0953067541122437
3071, 2.5126733824727125, 4, 40.16460776515305, 302, 859510, 859510, 0.014377159997820854, 1.1138865947723389
3072, 1.6071143882927572, 4, 40.061299251858145, 301, 859811, 859811, 0.013233954086899757, 1.1195238828659058
3073, 2.94007577753473, 4, 40.138331044930965, 303, 860114, 860114, 0.013630506582558155, 1.1080598831176758
3074, 2.672919731689035, 4, 40.0485605862923, 303, 860417, 860417, 0.013552515767514706, 1.1043598651885986
3075, 2.7601382087559614, 4, 40.158467839006335, 303, 860720, 860720, 0.013457980006933212, 1.1113128662109375
3076, 2.2142865055502625, 4, 40.0809460580349, 303, 861023, 861023, 0.013998136855661869, 1.116321086883545
3077, 1.9656527572878986, 4, 40.09823177009821, 303, 861326, 861326, 0.013528785668313503, 1.1144616603851318
3078, 3.1935822844097856, 4, 40.165113794151694, 303, 861629, 861629, 0.013734830543398857, 1.105461835861206
3079, 2.604900737944263, 4, 40.102593339048326, 303, 861932, 861932, 0.013778013177216053, 1.116193175315857
3080, 1.1922802042681724, 4, 40.13158400263637, 303, 862235, 862235, 0.01330749411135912, 1.1036173105239868
3081, -0.5646935415134067, 2, 19.98294532764703, 149, 862384, 862384, 0.013070851564407349, 1.0931122303009033
3082, 3.1161756497167516, 4, 40.12445531273261, 303, 862687, 862687, 0.01376519538462162, 1.1118261814117432
3083, 2.2737966453496483, 4, 40.110956009011716, 303, 862990, 862990, 0.014511081390082836, 1.1174688339233398
3084, 1.4806358743007877, 4, 40.09643018292263, 302, 863292, 863292, 0.01369823981076479, 1.1121439933776855
3085, 2.551285565488797, 4, 40.05441413167864, 302, 863594, 863594, 0.013614683412015438, 1.123323678970337
3086, 1.5455319140455686, 4, 40.17942822724581, 303, 863897, 863897, 0.013230551965534687, 1.0927107334136963
3087, 2.085864428532659, 4, 40.13247281406075, 304, 864201, 864201, 0.012998090125620365, 1.1086466312408447
3088, 2.6484027927190255, 4, 40.15556558780372, 303, 864504, 864504, 0.014053999446332455, 1.105117917060852
3089, 3.053304169960029, 4, 40.0514750382863, 302, 864806, 864806, 0.012879856862127781, 1.1076151132583618
3090, 2.50017452134216, 4, 40.19857223983854, 304, 865110, 865110, 0.012723535299301147, 1.1118053197860718
3091, 3.5111663141105964, 4, 40.093667176086456, 302, 865412, 865412, 0.013212289661169052, 1.1099121570587158
3092, 2.0820440260358737, 4, 40.1385755459778, 302, 865714, 865714, 0.014022241346538067, 1.1049903631210327
3093, 3.158644739363808, 4, 40.177421764004976, 303, 866017, 866017, 0.0131307328119874, 1.1029345989227295
3094, 2.0436190012842417, 4, 40.11023653112352, 303, 866320, 866320, 0.01328090950846672, 1.0957847833633423
3095, 3.519493501611578, 4, 40.13246581098065, 303, 866623, 866623, 0.013325967825949192, 1.094708800315857
3096, 2.3385444558457493, 4, 40.147285042796284, 303, 866926, 866926, 0.01313865277916193, 1.1033291816711426
3097, 3.400761136471232, 4, 40.06350739626214, 301, 867227, 867227, 0.01328797172755003, 1.090644359588623
3098, 1.4030562528787414, 4, 40.14424857124686, 304, 867531, 867531, 0.013723144307732582, 1.0810006856918335
3099, 2.5493753554101204, 4, 40.14104965887964, 303, 867834, 867834, 0.01331559382379055, 1.0911693572998047
3100, 2.829149558879635, 4, 40.13245703885332, 303, 868137, 868137, 0.01303459145128727, 1.103372573852539
3101, 2.3972788158898766, 4, 40.096773099154234, 288, 868425, 868425, 0.012841501273214817, 1.094626784324646
3102, -2.3204870975605445, 2, 28.55697198305279, 208, 868633, 868633, 0.014429152011871338, 1.09815514087677
3103, 2.610958667392879, 4, 40.153512228280306, 292, 868925, 868925, 0.013666397891938686, 1.090688943862915
3104, 1.6029191127163358, 4, 40.21717894496396, 295, 869220, 869220, 0.013372275978326797, 1.103567361831665
3105, 1.9282953469082713, 4, 40.1477170502767, 296, 869516, 869516, 0.01355212926864624, 1.1013926267623901
3106, 3.2584038083441556, 4, 40.10134798800573, 294, 869810, 869810, 0.013217632658779621, 1.086073637008667
3107, 3.1522416414645704, 4, 40.13285465398803, 294, 870104, 870104, 0.012806222774088383, 1.1010651588439941
3108, 2.3586672157398425, 4, 40.08092602901161, 296, 870400, 870400, 0.01335415430366993, 1.0907901525497437
3109, 1.5307360985025298, 4, 40.14777604397386, 297, 870697, 870697, 0.01313331164419651, 1.100367784500122
3110, 2.27905247927265, 4, 40.136922758072615, 297, 870994, 870994, 0.013311377726495266, 1.0826002359390259
3111, 3.1306157963372243, 4, 40.06694763014093, 296, 871290, 871290, 0.01374781783670187, 1.1013127565383911
3112, 2.570454497345054, 4, 40.085855211131275, 296, 871586, 871586, 0.01399205531924963, 1.0926703214645386
3113, 2.8049484137591207, 4, 40.08769681863487, 296, 871882, 871882, 0.013540751300752163, 1.087856650352478
3114, 2.7041208587306755, 4, 40.10951832821593, 296, 872178, 872178, 0.013205965980887413, 1.0907074213027954
3115, 3.3046593111109814, 4, 40.122265106998384, 296, 872474, 872474, 0.01444554515182972, 1.0902032852172852
3116, 2.5980845263547963, 4, 40.09392367396504, 298, 872772, 872772, 0.012881318107247353, 1.0935391187667847
3117, 3.318747013938264, 4, 40.0846374691464, 297, 873069, 873069, 0.012880918569862843, 1.099398136138916
3118, 2.7859892375272466, 4, 40.125989868771285, 298, 873367, 873367, 0.013334330171346664, 1.087773323059082
3119, -1.002360649581533, 2, 23.862557074055076, 175, 873542, 873542, 0.01355165708810091, 1.0834894180297852
3120, 2.112078994861804, 4, 40.07312836591154, 298, 873840, 873840, 0.013300315476953983, 1.1013487577438354
3121, 2.119615222986795, 4, 40.178565103095025, 299, 874139, 874139, 0.013204476796090603, 1.0902940034866333
3122, 2.118503372039413, 4, 40.09981209319085, 298, 874437, 874437, 0.012853636406362057, 1.0914592742919922
3123, 1.6747742709412705, 4, 40.11250934470445, 299, 874736, 874736, 0.013299467042088509, 1.0844281911849976
3124, 2.794303493545158, 4, 40.14661368029192, 298, 875034, 875034, 0.013779357075691223, 1.0980165004730225
3125, 3.002096851429087, 4, 40.12396054901183, 298, 875332, 875332, 0.012979229912161827, 1.1018149852752686
3126, 3.3197928963800223, 4, 40.16142564918846, 298, 875630, 875630, 0.013701432384550571, 1.0801167488098145
3127, 2.2334674463854753, 4, 40.09959249990061, 298, 875928, 875928, 0.014225068502128124, 1.1011890172958374
3128, 2.7758925181478844, 4, 40.13203099183738, 299, 876227, 876227, 0.013294225558638573, 1.0999457836151123
3129, 2.0879792285559233, 4, 40.11100035486743, 300, 876527, 876527, 0.013412165455520153, 1.0823756456375122
3130, 3.068745836520975, 4, 40.19867463409901, 300, 876827, 876827, 0.013157682493329048, 1.088545560836792
3131, 2.6156931764126057, 4, 40.146596365142614, 294, 877121, 877121, 0.013655493967235088, 1.0906904935836792
3132, 2.890817702274944, 4, 40.09701429773122, 299, 877420, 877420, 0.013274513185024261, 1.1156641244888306
3133, 3.007182723751157, 4, 40.09788248781115, 298, 877718, 877718, 0.013155698776245117, 1.0840657949447632
3134, 3.484517787985169, 4, 40.10332242306322, 299, 878017, 878017, 0.013299989514052868, 1.103436827659607
3135, 2.927455494103924, 4, 40.1666250131093, 299, 878316, 878316, 0.013605586253106594, 1.1000142097473145
3136, 2.28156040522299, 4, 40.14956708205864, 300, 878616, 878616, 0.013556293211877346, 1.1032283306121826
3137, 1.1672951498294424, 4, 40.14514996809885, 300, 878916, 878916, 0.014514216221868992, 1.0926907062530518
3138, 2.7404253185814014, 4, 40.164952541235834, 300, 879216, 879216, 0.013111699372529984, 1.0802711248397827
3139, 2.7631075806420995, 4, 40.14226989308372, 300, 879516, 879516, 0.012705015018582344, 1.0916247367858887
3140, 2.1896749110946985, 4, 40.183643424417824, 301, 879817, 879817, 0.014104766771197319, 1.101435899734497
3141, 2.646135593560757, 4, 40.08398429071531, 300, 880117, 880117, 0.013247409835457802, 1.0829977989196777
3142, 3.0157678229616067, 4, 40.128058072179556, 299, 880416, 880416, 0.01386753749102354, 1.080880880355835
3143, 3.136109159922853, 4, 40.14111120207235, 300, 880716, 880716, 0.013356191106140614, 1.0768966674804688
3144, 2.590571493434254, 4, 40.16563848499209, 300, 881016, 881016, 0.013649900443851948, 1.0906027555465698
3145, 3.29087862749293, 4, 40.133368093986064, 301, 881317, 881317, 0.013348719105124474, 1.0806111097335815
3146, 1.5392950579644094, 4, 40.09297834476456, 301, 881618, 881618, 0.013370515778660774, 1.0785595178604126
3147, 2.388553060765844, 4, 40.13567214505747, 301, 881919, 881919, 0.013509774580597878, 1.0825663805007935
3148, 2.928375880148451, 4, 40.17057451698929, 300, 882219, 882219, 0.013456733897328377, 1.092345118522644
3149, 1.972390649119916, 4, 40.16835975833237, 301, 882520, 882520, 0.013286639004945755, 1.0852000713348389
3150, 2.0813806172918703, 4, 40.078406028449535, 300, 882820, 882820, 0.01324336975812912, 1.0974117517471313
3151, 2.3252995378943524, 4, 40.06224040267989, 301, 883121, 883121, 0.013656014576554298, 1.0771969556808472
3152, 2.1713877575057268, 4, 40.186187307816, 301, 883422, 883422, 0.01292563509196043, 1.082221508026123
3153, 3.210964938538382, 4, 40.06544896308333, 300, 883722, 883722, 0.01358634140342474, 1.088618516921997
3154, 2.941465041372794, 4, 40.131430643144995, 301, 884023, 884023, 0.013287040404975414, 1.0911178588867188
3155, 2.847504879857297, 4, 40.19570374581963, 302, 884325, 884325, 0.013129998929798603, 1.1031718254089355
3156, 3.4067183263723564, 4, 40.10549009265378, 301, 884626, 884626, 0.013630715198814869, 1.090294599533081
3157, 2.530662288681924, 4, 40.060726701281965, 301, 884927, 884927, 0.013002344407141209, 1.0831269025802612
3158, 3.23587111402594, 4, 40.12759795086458, 301, 885228, 885228, 0.014707310125231743, 1.0761457681655884
3159, 3.179626279683589, 4, 40.10984379192814, 301, 885529, 885529, 0.014062940143048763, 1.0797289609909058
3160, 2.970674559721374, 4, 40.163578658830374, 301, 885830, 885830, 0.013262012042105198, 1.084877848625183
3161, 2.19294975052253, 4, 40.15250736614689, 302, 886132, 886132, 0.012740655802190304, 1.0801490545272827
3162, 3.1482703852434497, 4, 40.13237428013235, 301, 886433, 886433, 0.014530852437019348, 1.0829403400421143
3163, 1.9427312247280497, 4, 40.06675176881254, 302, 886735, 886735, 0.014288411475718021, 1.086173415184021
3164, 3.2550434015429346, 4, 40.164397661108524, 301, 887036, 887036, 0.014052118174731731, 1.0792574882507324
3165, 1.771643059240887, 4, 40.08654449786991, 302, 887338, 887338, 0.013518278487026691, 1.0674158334732056
3166, 2.6044898940745043, 4, 40.11741058016196, 302, 887640, 887640, 0.013204001821577549, 1.081252932548523
3167, 3.013701575993764, 4, 40.08210733626038, 300, 887940, 887940, 0.013984319753944874, 1.0803440809249878
3168, 2.0359328188496875, 4, 40.12071838835254, 302, 888242, 888242, 0.013919113203883171, 1.0759000778198242
3169, 3.3311218209273648, 4, 40.11600174289197, 302, 888544, 888544, 0.01310679316520691, 1.0756094455718994
3170, 2.4892260139495193, 4, 40.07975819008425, 301, 888845, 888845, 0.013115032576024532, 1.0848249197006226
3171, 3.33325889050775, 4, 40.13201906811446, 302, 889147, 889147, 0.012730243615806103, 1.0716676712036133
3172, 3.1537247134328936, 4, 40.14305090997368, 301, 889448, 889448, 0.012757907621562481, 1.0668519735336304
3173, 2.8226618607441196, 4, 40.1381169767119, 302, 889750, 889750, 0.013891501352190971, 1.0757993459701538
3174, 2.6991106411005603, 4, 40.16911580692977, 299, 890049, 890049, 0.013529002666473389, 1.0654720067977905
3175, -1.0534081597870681, 2, 35.072758310008794, 262, 890311, 890311, 0.013783849775791168, 1.0797208547592163
3176, 3.2658468094341515, 4, 40.104295674245805, 300, 890611, 890611, 0.013223731890320778, 1.0819004774093628
3177, 1.5103126513713505, 4, 40.07365270005539, 301, 890912, 890912, 0.013411846943199635, 1.078611969947815
3178, 2.8698808837943943, 4, 40.17157086217776, 301, 891213, 891213, 0.013492283411324024, 1.0809894800186157
3179, 2.1921525889811164, 4, 40.177243168931454, 302, 891515, 891515, 0.013386797159910202, 1.0669010877609253
3180, 2.86295016692884, 4, 40.161560313310474, 302, 891817, 891817, 0.013439672999083996, 1.0881825685501099
3181, 2.6527270025214875, 4, 40.09186944179237, 301, 892118, 892118, 0.013284309767186642, 1.0658692121505737
3182, 2.9507682789662795, 4, 40.09356036130339, 301, 892419, 892419, 0.012959267944097519, 1.077288031578064
3183, 1.909715038302238, 4, 40.17140666721389, 302, 892721, 892721, 0.013266831636428833, 1.0785702466964722
3184, 2.679993221667246, 4, 40.11289439117536, 301, 893022, 893022, 0.012751168571412563, 1.075532078742981
3185, 1.9800538784475066, 4, 40.509702092036605, 305, 893327, 893327, 0.013681384734809399, 1.0631603002548218
3186, 2.905743932540645, 4, 40.14010261883959, 301, 893628, 893628, 0.01338046696037054, 1.0598310232162476
3187, 2.841029328006698, 4, 40.13554459111765, 301, 893929, 893929, 0.013172592967748642, 1.0675162076950073
3188, 2.9773123230024794, 4, 40.15520905191079, 302, 894231, 894231, 0.012722078710794449, 1.0818911790847778
3189, 2.569589020157693, 4, 40.100357740186155, 301, 894532, 894532, 0.012928623706102371, 1.076444149017334
3190, 1.9081843112305705, 4, 40.134279634803534, 301, 894833, 894833, 0.014262303709983826, 1.0655134916305542
3191, 2.297835028733971, 4, 40.159044856671244, 302, 895135, 895135, 0.013082756660878658, 1.0751688480377197
3192, 2.9240857334516477, 4, 40.177600376773626, 302, 895437, 895437, 0.013172050938010216, 1.0815290212631226
3193, 1.875011846423149, 4, 40.12111071078107, 302, 895739, 895739, 0.01409613061696291, 1.0809611082077026
3194, -1.2887121508829296, 2, 15.899589837063104, 117, 895856, 895856, 0.013523198664188385, 1.0819721221923828
3195, 2.647121287533082, 4, 40.0936292251572, 301, 896157, 896157, 0.012983856722712517, 1.059903860092163
3196, -1.6568431193663855, 2, 32.51107235299423, 244, 896401, 896401, 0.013225533999502659, 1.0536898374557495
3197, 3.211555654226686, 4, 40.076493121217936, 301, 896702, 896702, 0.013856383971869946, 1.0679700374603271
3198, 2.1818521813856933, 4, 40.13645570119843, 301, 897003, 897003, 0.013469412922859192, 1.0672725439071655
3199, 2.385139409438125, 4, 40.133755361195654, 301, 897304, 897304, 0.012506430968642235, 1.0644279718399048
3200, 2.067697551123274, 4, 40.16377153433859, 302, 897606, 897606, 0.013122200965881348, 1.0614466667175293
3201, 2.5306679720606553, 4, 40.17762699909508, 271, 897877, 897877, 0.012816306203603745, 1.0619972944259644
3202, -5.25056067481637, 2, 4.762299770023674, 30, 897907, 897907, 0.012703984044492245, 1.0653074979782104
3203, 2.1374870145882596, 4, 40.14069902570918, 282, 898189, 898189, 0.012930027209222317, 1.0595494508743286
3204, 2.9059173017312787, 4, 40.09884705906734, 282, 898471, 898471, 0.012901046313345432, 1.067399263381958
3205, 2.430459605398937, 4, 40.183586408849806, 284, 898755, 898755, 0.012918112799525261, 1.0676403045654297
3206, 2.7203975215270475, 4, 40.13621066324413, 285, 899040, 899040, 0.013044304214417934, 1.0663107633590698
3207, 2.1721393181651365, 4, 40.18311828561127, 287, 899327, 899327, 0.014040904119610786, 1.0611765384674072
3208, 2.69502450669097, 4, 40.101617373060435, 287, 899614, 899614, 0.0125162024050951, 1.060694694519043
3209, 2.974024722145259, 4, 40.103361947927624, 287, 899901, 899901, 0.012903692200779915, 1.0593217611312866
3210, 2.55742385418489, 4, 40.19100944325328, 289, 900190, 900190, 0.012325937859714031, 1.0736780166625977
3211, 1.3193741330687772, 4, 40.14945456199348, 291, 900481, 900481, 0.013326462358236313, 1.054031252861023
3212, 2.216788582096342, 4, 40.12600423023105, 290, 900771, 900771, 0.012298069894313812, 1.0627546310424805
3213, 2.3075240157158987, 4, 40.15119333798066, 290, 901061, 901061, 0.013496278785169125, 1.0650677680969238
3214, 3.1666535865006153, 4, 40.11059001274407, 291, 901352, 901352, 0.013021166436374187, 1.0614855289459229
3215, 3.309349944087444, 4, 40.06849735695869, 290, 901642, 901642, 0.014068287797272205, 1.0624076128005981
3216, 2.3752402629179414, 4, 40.09121629083529, 292, 901934, 901934, 0.012577921152114868, 1.0696239471435547
3217, 2.45174115030386, 4, 40.07274357602, 291, 902225, 902225, 0.01308681070804596, 1.0533058643341064
3218, 2.4098959583279793, 4, 40.14004516694695, 293, 902518, 902518, 0.01362568885087967, 1.064170002937317
3219, 2.810478308407255, 4, 40.20740076014772, 292, 902810, 902810, 0.01465852465480566, 1.055449366569519
3220, -1.8456819079301567, 2, 39.172812417149544, 286, 903096, 903096, 0.012597725726664066, 1.0540426969528198
3221, 1.6355823094781954, 4, 40.07865126617253, 294, 903390, 903390, 0.01312628947198391, 1.0667064189910889
3222, 3.0499974929326186, 4, 40.152682565618306, 293, 903683, 903683, 0.013137946836650372, 1.0570653676986694
3223, 2.38981182299176, 4, 40.19909145589918, 295, 903978, 903978, 0.013135411776602268, 1.048910140991211
3224, 1.6318678587158502, 4, 40.08169183693826, 292, 904270, 904270, 0.01330866664648056, 1.0563015937805176
3225, 3.0354227103216544, 4, 40.07757828198373, 294, 904564, 904564, 0.0131099633872509, 1.049664855003357
3226, 2.941106731441323, 4, 40.12696941476315, 294, 904858, 904858, 0.013365182094275951, 1.0484788417816162
3227, 3.107914172901019, 4, 40.091464020777494, 295, 905153, 905153, 0.013396510854363441, 1.0529732704162598
3228, 1.3076521485927515, 4, 40.137331251986325, 296, 905449, 905449, 0.012897723354399204, 1.0552802085876465
3229, 2.5905138923453706, 4, 40.10332210594788, 294, 905743, 905743, 0.013169958256185055, 1.0554277896881104
3230, 2.2799056440426284, 4, 40.12000009091571, 296, 906039, 906039, 0.012855451554059982, 1.0573924779891968
3231, 2.140299000995583, 4, 40.190832102205604, 297, 906336, 906336, 0.013059625402092934, 1.05282461643219
3232, 2.5928647475684556, 4, 40.14878540113568, 296, 906632, 906632, 0.013671956956386566, 1.0528274774551392
3233, 3.1210841664942564, 4, 40.118597676977515, 295, 906927, 906927, 0.013453003019094467, 1.053402066230774
3234, 1.6459935763996327, 4, 40.10038282489404, 296, 907223, 907223, 0.013807586394250393, 1.054063081741333
3235, 2.7930023405715474, 4, 40.09480819199234, 296, 907519, 907519, 0.013252497650682926, 1.0515408515930176
3236, 3.244954148591205, 4, 40.17909778514877, 297, 907816, 907816, 0.013225207105278969, 1.0512781143188477
3237, 3.222647721602698, 4, 40.142700688913465, 296, 908112, 908112, 0.013651946559548378, 1.05375337600708
3238, 3.167448453265024, 4, 40.06609942391515, 296, 908408, 908408, 0.012921663001179695, 1.0596339702606201
3239, 3.394993387229988, 4, 40.11257410282269, 296, 908704, 908704, 0.01352022960782051, 1.0488229990005493
3240, 2.479635068328207, 4, 40.15798980835825, 295, 908999, 908999, 0.013317069038748741, 1.044198989868164
3241, 3.558527578309622, 4, 40.09335736371577, 297, 909296, 909296, 0.013350998051464558, 1.064219355583191
3242, 2.1381478318944573, 4, 40.11574307875708, 298, 909594, 909594, 0.014260047115385532, 1.048735499382019
3243, 2.161484065334662, 4, 40.0761107718572, 295, 909889, 909889, 0.01376211829483509, 1.0502958297729492
3244, 3.222289859506418, 4, 40.099687055218965, 297, 910186, 910186, 0.012957276776432991, 1.0491842031478882
3245, 3.067742247289061, 4, 40.11085926508531, 298, 910484, 910484, 0.014123152941465378, 1.0568989515304565
3246, 2.67972946507507, 4, 40.149803519714624, 298, 910782, 910782, 0.012868194840848446, 1.042033076286316
3247, 2.486210062081227, 4, 40.18957487260923, 298, 911080, 911080, 0.01348575484007597, 1.0668768882751465
3248, 2.91161450018717, 4, 40.09262758679688, 297, 911377, 911377, 0.012749388813972473, 1.056766152381897
3249, 2.8509599233802874, 4, 40.11756787961349, 298, 911675, 911675, 0.013984648510813713, 1.0614415407180786
3250, 2.564682633630582, 4, 40.07934178598225, 297, 911972, 911972, 0.013962501659989357, 1.0442888736724854
3251, 3.3861656841691, 4, 40.130096320062876, 299, 912271, 912271, 0.013367329724133015, 1.0431344509124756
3252, 2.9278967831342015, 4, 40.124589580111206, 298, 912569, 912569, 0.01341201737523079, 1.0393280982971191
3253, 3.19094300197321, 4, 40.16700740298256, 298, 912867, 912867, 0.013842517510056496, 1.050940990447998
3254, 2.2380592864392383, 4, 40.07656794693321, 297, 913164, 913164, 0.013374687172472477, 1.0489616394042969
3255, 2.325325116469685, 4, 40.152026653755456, 298, 913462, 913462, 0.013116530142724514, 1.0590901374816895
3256, 2.9838965232377177, 4, 40.11471690470353, 299, 913761, 913761, 0.013712133280932903, 1.0508675575256348
3257, 3.125159113558766, 4, 40.120084745809436, 298, 914059, 914059, 0.013245409354567528, 1.0415343046188354
3258, 3.0055594511500203, 4, 40.120312206912786, 298, 914357, 914357, 0.012971941381692886, 1.0478054285049438
3259, 1.6425983626395464, 4, 40.18680931115523, 300, 914657, 914657, 0.013377631083130836, 1.0477160215377808
3260, 2.7277573292303714, 4, 40.17665969301015, 299, 914956, 914956, 0.01295537780970335, 1.039539098739624
3261, 3.287935827836918, 4, 40.10005560796708, 298, 915254, 915254, 0.013672481290996075, 1.0504330396652222
3262, 3.13852236443563, 4, 40.09435701882467, 299, 915553, 915553, 0.013959396630525589, 1.0412811040878296
3263, 2.0314834273885936, 4, 40.167110693175346, 299, 915852, 915852, 0.01406803261488676, 1.048792839050293
3264, 1.839350331492824, 4, 40.12310430267826, 299, 916151, 916151, 0.014141709543764591, 1.0464372634887695
3265, 3.1412980761160725, 4, 40.18281316990033, 300, 916451, 916451, 0.014073624275624752, 1.0485320091247559
3266, 3.215105566319835, 4, 40.05536792380735, 298, 916749, 916749, 0.013852927833795547, 1.0357640981674194
3267, 2.5916916957648937, 4, 40.18375650700182, 300, 917049, 917049, 0.013701758347451687, 1.0471558570861816
3268, 3.2644389156776015, 4, 40.197258290834725, 300, 917349, 917349, 0.013868513517081738, 1.0428789854049683
3269, 3.0628096472792095, 4, 40.18130577309057, 300, 917649, 917649, 0.013323454186320305, 1.0430400371551514
3270, 2.872761079521297, 4, 40.168838259764016, 300, 917949, 917949, 0.013413330540060997, 1.0569597482681274
3271, 4.04319247786043, 4, 40.12402127915993, 299, 918248, 918248, 0.013919716700911522, 1.0498988628387451
3272, 2.6674143098134664, 4, 40.058482037857175, 299, 918547, 918547, 0.01342805940657854, 1.0520888566970825
3273, 3.0285270017575385, 4, 40.500324501190335, 303, 918850, 918850, 0.013141981326043606, 1.046834111213684
3274, 2.8927653512109828, 4, 40.07648108899593, 299, 919149, 919149, 0.012508790008723736, 1.0270096063613892
3275, 2.404644878486579, 4, 40.17009196802974, 300, 919449, 919449, 0.012808452360332012, 1.0391772985458374
3276, 2.6273221342562465, 4, 40.075264463201165, 297, 919746, 919746, 0.013231837190687656, 1.0391879081726074
3277, 3.3488186805407167, 4, 40.17812407575548, 299, 920045, 920045, 0.013571038842201233, 1.061801791191101
3278, 2.9630420774774393, 4, 40.08149414183572, 299, 920344, 920344, 0.012740346603095531, 1.0347181558609009
3279, 3.342380751563013, 4, 40.10887256497517, 300, 920644, 920644, 0.013385968282818794, 1.0509061813354492
3280, 2.8226467642334683, 4, 40.14855765737593, 299, 920943, 920943, 0.013985302299261093, 1.0590593814849854
3281, 2.9348779343272327, 4, 40.067237860988826, 300, 921243, 921243, 0.013214591890573502, 1.0438838005065918
3282, 3.2068688826298057, 4, 40.14142088405788, 300, 921543, 921543, 0.012692716903984547, 1.0350003242492676
3283, 2.881943041458726, 4, 40.184712778776884, 300, 921843, 921843, 0.013332177884876728, 1.04438054561615
3284, 1.7230735060875304, 4, 40.11095619620755, 301, 922144, 922144, 0.01308299507945776, 1.0437626838684082
3285, 2.2378240312318667, 4, 40.0982120228, 300, 922444, 922444, 0.01322881132364273, 1.0309237241744995
3286, 2.4043738789423514, 4, 40.16255590040237, 300, 922744, 922744, 0.013401859439909458, 1.0391536951065063
3287, 2.439173736565863, 4, 40.15853436337784, 300, 923044, 923044, 0.013320863246917725, 1.0390006303787231
3288, 2.681193842273842, 4, 40.10493851592764, 300, 923344, 923344, 0.01456343661993742, 1.0481486320495605
3289, 2.0263666272658156, 4, 40.14816451864317, 299, 923643, 923643, 0.012281019240617752, 1.0333375930786133
3290, 3.020271350528219, 4, 40.07009436096996, 298, 923941, 923941, 0.013515173457562923, 1.0320018529891968
3291, 3.1754425819890457, 4, 40.12240652367473, 299, 924240, 924240, 0.01330508105456829, 1.046493411064148
3292, 3.131451295601437, 4, 40.08975046267733, 299, 924539, 924539, 0.012729788199067116, 1.0240747928619385
3293, 2.942523057143262, 4, 40.18742572609335, 299, 924838, 924838, 0.013625020161271095, 1.0420194864273071
3294, 3.195045519503765, 4, 40.13650059513748, 299, 925137, 925137, 0.013247807510197163, 1.0465253591537476
3295, 2.8972016260422606, 4, 40.154378852341324, 299, 925436, 925436, 0.01328586507588625, 1.0468616485595703
3296, -1.4059917334234342, 2, 35.467840402852744, 264, 925700, 925700, 0.012850906699895859, 1.0344183444976807
3297, 3.2696960074827075, 4, 40.07903872709721, 298, 925998, 925998, 0.013512497767806053, 1.043248176574707
3298, 1.8880058124641437, 4, 40.12003309139982, 301, 926299, 926299, 0.01316378079354763, 1.0469238758087158
3299, 3.2805944882527456, 4, 40.1085025309585, 299, 926598, 926598, 0.0132059957832098, 1.0385388135910034
3300, 2.5605991812844877, 4, 40.14323602244258, 300, 926898, 926898, 0.013914558105170727, 1.0463629961013794
3301, 2.030085631777183, 4, 40.1607799208723, 280, 927178, 927178, 0.014352675527334213, 1.0065852403640747
3302, 1.075293501606211, 4, 40.09250169992447, 286, 927464, 927464, 0.013516020029783249, 1.023677110671997
3303, -0.9110045455017826, 2, 25.982045381329954, 184, 927648, 927648, 0.012690004892647266, 1.0287551879882812
3304, 1.1695612520270515, 4, 40.176963875070214, 289, 927937, 927937, 0.013131838291883469, 1.0303285121917725
3305, 2.528424520358385, 4, 40.08428920293227, 288, 928225, 928225, 0.013961192220449448, 1.0267322063446045
3306, 2.6389439692752603, 4, 40.11974872183055, 289, 928514, 928514, 0.01307610608637333, 1.019181251525879
3307, 1.9433744541711349, 4, 40.1036601359956, 290, 928804, 928804, 0.014203496277332306, 1.0370762348175049
3308, 2.8157543102752243, 4, 40.10108103090897, 289, 929093, 929093, 0.013691122643649578, 1.0322566032409668
3309, 2.8053148630633586, 4, 40.12557604070753, 290, 929383, 929383, 0.012804356403648853, 1.031751275062561
3310, 1.0876728386501782, 4, 40.09484733501449, 292, 929675, 929675, 0.01303342916071415, 1.0263336896896362
3311, 2.12269871548051, 4, 40.14534424105659, 293, 929968, 929968, 0.013178926892578602, 1.0388723611831665
3312, 1.902749989694712, 4, 40.189666184131056, 293, 930261, 930261, 0.013540084473788738, 1.041427493095398
3313, 2.5040340540654142, 4, 40.11272394610569, 291, 930552, 930552, 0.013531043194234371, 1.0318002700805664
3314, 2.702748254483595, 4, 40.18545364122838, 293, 930845, 930845, 0.013575341552495956, 1.032936453819275
3315, 1.6816146341443527, 4, 40.13582516508177, 293, 931138, 931138, 0.013536931946873665, 1.0202357769012451
3316, 2.864981407921732, 4, 40.14684065524489, 293, 931431, 931431, 0.013390305452048779, 1.0323013067245483
3317, 2.530681709162309, 4, 40.119534256868064, 294, 931725, 931725, 0.013587649911642075, 1.0427510738372803
3318, 2.3166901200747816, 4, 40.16048445319757, 293, 932018, 932018, 0.012698215432465076, 1.029345154762268
3319, 1.9837919970887015, 4, 40.190078356768936, 293, 932311, 932311, 0.012743411585688591, 1.0293153524398804
3320, 2.175705626492345, 4, 40.12643206119537, 295, 932606, 932606, 0.013037954457104206, 1.0388104915618896
3321, 3.061629440446268, 4, 40.05722555099055, 293, 932899, 932899, 0.012532162480056286, 1.021680474281311
3322, 2.3093535509451613, 4, 40.12783905211836, 295, 933194, 933194, 0.01305187214165926, 1.036063313484192
3323, 2.9099845210366766, 4, 40.095056695863605, 294, 933488, 933488, 0.013450401835143566, 1.0279418230056763
3324, 2.7410392930323724, 4, 40.16264713881537, 295, 933783, 933783, 0.013660116121172905, 1.0342451333999634
3325, 2.884833755033469, 4, 40.15570258628577, 293, 934076, 934076, 0.013210581615567207, 1.0268901586532593
3326, 3.150979739632021, 4, 40.189688169863075, 296, 934372, 934372, 0.014029335230588913, 1.0204051733016968
3327, 2.6994570426249993, 4, 40.1019983952865, 295, 934667, 934667, 0.01280075591057539, 1.02900230884552
3328, 2.923157767462726, 4, 40.10906944097951, 295, 934962, 934962, 0.012553428299725056, 1.0290166139602661
3329, 2.3523941568564624, 4, 40.11453133681789, 296, 935258, 935258, 0.01354602538049221, 1.03779137134552
3330, 3.16918147233082, 4, 40.11841387068853, 295, 935553, 935553, 0.013582556508481503, 1.0147095918655396
3331, 3.226315788760985, 4, 40.112704584840685, 294, 935847, 935847, 0.01372432429343462, 1.032467007637024
3332, 2.59131718086428, 4, 40.17710010986775, 297, 936144, 936144, 0.013491217978298664, 1.0281485319137573
3333, 2.3794196966655363, 4, 40.1433647996746, 297, 936441, 936441, 0.013636992312967777, 1.0189913511276245
3334, 3.2173398306076706, 4, 40.102256348822266, 296, 936737, 936737, 0.012779186479747295, 1.035505771636963
3335, 2.9334108757566355, 4, 40.10080925980583, 296, 937033, 937033, 0.01308505330234766, 1.0021671056747437
3336, 2.6589087970132823, 4, 40.122027936857194, 297, 937330, 937330, 0.013078759424388409, 1.0230823755264282
3337, -0.6766618487072265, 2, 25.684087015222758, 188, 937518, 937518, 0.013493230566382408, 1.0309021472930908
3338, 2.6155250908941525, 4, 40.085508570075035, 297, 937815, 937815, 0.013887620531022549, 1.0207983255386353
3339, 2.6906127010443015, 4, 40.09124459000304, 296, 938111, 938111, 0.013032783754169941, 1.0184352397918701
3340, 2.6630564357474213, 4, 40.109322749078274, 297, 938408, 938408, 0.013404197059571743, 1.025522232055664
3341, 2.939843283744267, 4, 40.0930592129007, 296, 938704, 938704, 0.012954428791999817, 1.0324710607528687
3342, 3.1007216018315376, 4, 40.13854958396405, 296, 939000, 939000, 0.013096703216433525, 1.0371936559677124
3343, 2.790566239054897, 4, 40.07410117518157, 296, 939296, 939296, 0.01313623134046793, 1.0173782110214233
3344, 1.2911926067608874, 4, 40.14274349808693, 298, 939594, 939594, 0.013529512099921703, 1.028997778892517
3345, 3.30229677169973, 4, 40.14542078971863, 297, 939891, 939891, 0.013232827186584473, 1.0288251638412476
3346, 2.3411226734097, 4, 40.128539938014, 298, 940189, 940189, 0.012929297983646393, 1.0117002725601196
3347, 1.734359256774951, 4, 40.162267581094056, 298, 940487, 940487, 0.01241511944681406, 1.0158978700637817
3348, 1.283065932802856, 4, 40.089372772257775, 298, 940785, 940785, 0.013365613296627998, 1.0183779001235962
3349, 2.479570512987266, 4, 40.0920703667216, 298, 941083, 941083, 0.013297462835907936, 1.031654715538025
3350, 3.462040428094042, 4, 40.18430444598198, 296, 941379, 941379, 0.013194826431572437, 1.0141772031784058
3351, 2.5885795005087857, 4, 40.126580610871315, 298, 941677, 941677, 0.013639048673212528, 1.0243077278137207
3352, 2.7899220589879405, 4, 40.11168603785336, 298, 941975, 941975, 0.01307023223489523, 1.0208656787872314
3353, 1.29681597428862, 4, 40.12391981156543, 299, 942274, 942274, 0.012899532914161682, 1.0186437368392944
3354, 2.8937997219209137, 4, 40.131059627979994, 298, 942572, 942572, 0.0128229521214962, 1.0123164653778076
3355, 2.5482587347232766, 4, 40.17444887198508, 299, 942871, 942871, 0.012752545066177845, 1.011690616607666
3356, 3.124731305810201, 4, 41.27165867108852, 292, 943163, 943163, 0.013639334589242935, 1.0199716091156006
3357, 2.926438640838569, 4, 40.147071494255215, 298, 943461, 943461, 0.013084987178444862, 1.0124123096466064
3358, 3.4864215270072236, 4, 40.10735568404198, 298, 943759, 943759, 0.013389814645051956, 1.0129367113113403
3359, 3.0192321844888284, 4, 40.09188595227897, 298, 944057, 944057, 0.01281112153083086, 1.0167421102523804
3360, 3.502573611753178, 4, 40.184832842089236, 299, 944356, 944356, 0.013258444145321846, 1.0253762006759644
3361, 2.3511479199078167, 4, 40.1553410817869, 299, 944655, 944655, 0.013074883259832859, 0.9972618818283081
3362, 3.0051992878472937, 4, 40.14259542711079, 299, 944954, 944954, 0.013512625358998775, 1.018017292022705
3363, 3.226264272158005, 4, 40.09994847793132, 299, 945253, 945253, 0.013186100870370865, 1.0164110660552979
3364, 2.8175378011942485, 4, 40.0677448278293, 299, 945552, 945552, 0.01349087618291378, 1.0172926187515259
3365, 2.8268993467054315, 4, 40.13767168810591, 298, 945850, 945850, 0.013370219618082047, 1.0119951963424683
3366, 1.367205189424567, 4, 40.0873765447177, 299, 946149, 946149, 0.013028440065681934, 1.021173357963562
3367, 3.4182551021149266, 4, 40.20866866502911, 299, 946448, 946448, 0.01358070783317089, 0.9990909099578857
3368, 2.0770905808676616, 4, 40.07562086870894, 299, 946747, 946747, 0.013567888177931309, 1.0002883672714233
3369, 2.2148345837667875, 4, 40.092092904262245, 299, 947046, 947046, 0.012768842279911041, 1.0028092861175537
3370, -1.2411613629665226, 2, 19.561671633739024, 144, 947190, 947190, 0.013011237606406212, 1.0044713020324707
3371, 3.440742664548452, 4, 40.15459894714877, 299, 947489, 947489, 0.013125152327120304, 0.99981290102005
3372, 2.507698174449615, 4, 40.07684148289263, 297, 947786, 947786, 0.012434456497430801, 1.0179035663604736
3373, 2.76382283676503, 4, 40.124678258784115, 299, 948085, 948085, 0.01375598181039095, 1.010549545288086
3374, 3.0184726585866883, 4, 40.162378404755145, 299, 948384, 948384, 0.01391586847603321, 0.9933575987815857
3375, 2.714282075688402, 4, 40.10073650209233, 298, 948682, 948682, 0.012841975316405296, 1.0073761940002441
3376, -0.8773957756857271, 2, 21.62875648215413, 160, 948842, 948842, 0.01245160773396492, 1.0137393474578857
3377, 3.2329974729655078, 4, 40.11708891578019, 299, 949141, 949141, 0.013526586815714836, 1.0102187395095825
3378, 2.8410246779967565, 4, 40.19199529103935, 299, 949440, 949440, 0.013899048790335655, 1.0026524066925049
3379, 2.973038749980333, 4, 40.07233632169664, 298, 949738, 949738, 0.012991475872695446, 1.0046007633209229
3380, 2.165672149272723, 4, 40.180818495340645, 299, 950037, 950037, 0.012695444747805595, 0.9975016117095947
3381, 3.2614201715623494, 4, 40.21273706294596, 299, 950336, 950336, 0.012945232912898064, 1.0127907991409302
3382, 1.5345890362114005, 4, 40.16150555200875, 299, 950635, 950635, 0.01235927827656269, 1.0252504348754883
3383, 2.8194370327182696, 4, 40.09235056489706, 298, 950933, 950933, 0.013370875269174576, 1.0094236135482788
3384, 3.1168692136070604, 4, 40.12362595228478, 298, 951231, 951231, 0.012938865460455418, 1.0095924139022827
3385, 3.0216985477527487, 4, 40.11129909707233, 298, 951529, 951529, 0.013085550628602505, 1.0142639875411987
3386, 2.5296762089274125, 4, 40.112346744164824, 299, 951828, 951828, 0.013667390681803226, 1.0248104333877563
3387, 2.8055251933792533, 4, 40.069785620085895, 298, 952126, 952126, 0.01302149798721075, 1.0055707693099976
3388, 2.522862044057547, 4, 40.18981882510707, 298, 952424, 952424, 0.013003077358007431, 1.0185438394546509
3389, 3.2089060808721115, 4, 40.171959014609456, 299, 952723, 952723, 0.013560691848397255, 1.000293493270874
3390, 2.9374437120130494, 4, 40.07562168221921, 297, 953020, 953020, 0.013523086905479431, 1.0044342279434204
3391, 2.5898405227289913, 4, 40.10876711783931, 298, 953318, 953318, 0.012758171185851097, 1.0059919357299805
3392, 2.564212499914902, 4, 40.12363425921649, 298, 953616, 953616, 0.014391867443919182, 0.9959419965744019
3393, 2.403189450622449, 4, 40.16956013906747, 299, 953915, 953915, 0.012363296002149582, 1.0022075176239014
3394, 3.1863583972735796, 4, 40.19390647159889, 299, 954214, 954214, 0.013391642831265926, 1.010115623474121
3395, 3.0608559493048233, 4, 40.14525902783498, 299, 954513, 954513, 0.01341251377016306, 0.997681200504303
3396, -0.4331312671274645, 2, 28.985340010840446, 214, 954727, 954727, 0.013972977176308632, 1.0212645530700684
3397, 3.324130385515673, 4, 40.06199276307598, 298, 955025, 955025, 0.01422331016510725, 1.0046818256378174
3398, 3.3460742037859745, 4, 40.12753179483116, 298, 955323, 955323, 0.014138266444206238, 1.0021737813949585
3399, 2.8908383443776984, 4, 40.20344857033342, 299, 955622, 955622, 0.013595491647720337, 0.9990488290786743
3400, 2.6129242224960763, 4, 40.12283225590363, 298, 955920, 955920, 0.012665796093642712, 1.0102875232696533
3401, 2.8845579103694945, 4, 40.10204616794363, 283, 956203, 956203, 0.01297997310757637, 0.989998996257782
3402, 3.2036320155393696, 4, 40.08350627403706, 286, 956489, 956489, 0.012672974728047848, 0.9990617632865906
3403, 2.723284274119578, 4, 40.1817964091897, 287, 956776, 956776, 0.012945016846060753, 1.0017720460891724
3404, 2.396277796711729, 4, 40.102986358106136, 288, 957064, 957064, 0.013747446238994598, 0.992140531539917
3405, 2.4276350940090197, 4, 40.140868035145104, 289, 957353, 957353, 0.013246507383883, 1.0126724243164062
3406, 3.176229292692369, 4, 40.16349803004414, 289, 957642, 957642, 0.012697018682956696, 0.9970250129699707
3407, 2.6780408498598263, 4, 40.14012252772227, 291, 957933, 957933, 0.013883515261113644, 0.9831671714782715
3408, 2.723656363054033, 4, 40.1861004717648, 289, 958222, 958222, 0.013382417149841785, 0.9992128610610962
3409, 2.8962079575503594, 4, 40.169992845039815, 291, 958513, 958513, 0.013270665891468525, 1.0019454956054688
3410, 2.5058285458360388, 4, 40.13470842409879, 290, 958803, 958803, 0.013142225332558155, 0.997313916683197
3411, -0.7012159824662376, 2, 22.0318210166879, 158, 958961, 958961, 0.013086815364658833, 0.9779420495033264
3412, 3.262656258768402, 4, 40.18778075277805, 291, 959252, 959252, 0.01268839556723833, 0.9982025027275085
3413, 2.0007184183923528, 4, 40.11153706302866, 293, 959545, 959545, 0.013694911263883114, 1.0008890628814697
3414, 3.5403863811297924, 4, 40.18405242310837, 291, 959836, 959836, 0.013762480579316616, 0.9950335025787354
3415, 2.53934813401429, 4, 40.16473836591467, 293, 960129, 960129, 0.013013333082199097, 1.003020167350769
3416, 2.3761420062874095, 4, 40.20537818688899, 292, 960421, 960421, 0.01303307805210352, 1.006828784942627
3417, 3.065288687304019, 4, 40.04957080306485, 292, 960713, 960713, 0.013063149526715279, 1.0043646097183228
3418, 2.9850630743821966, 4, 40.05205519730225, 290, 961003, 961003, 0.012830480933189392, 0.9875434637069702
3419, 2.5193199947857465, 4, 40.12860391708091, 291, 961294, 961294, 0.01358652301132679, 0.9914703965187073
3420, 2.4754668320883866, 4, 40.09460969688371, 291, 961585, 961585, 0.013318018056452274, 0.9901202917098999
3421, 2.9323322912641743, 4, 40.057855875231326, 292, 961877, 961877, 0.013714421540498734, 1.0028170347213745
3422, 2.890562938664516, 4, 40.190993905067444, 293, 962170, 962170, 0.013781142421066761, 1.0180610418319702
3423, 3.360720493925328, 4, 40.17517578601837, 293, 962463, 962463, 0.013653532601892948, 1.0004905462265015
3424, 3.0590614017164626, 4, 40.0927750156261, 291, 962754, 962754, 0.013375833630561829, 0.9858111143112183
3425, 2.196587247075513, 4, 40.16653547482565, 293, 963047, 963047, 0.012959596700966358, 0.9907611012458801
3426, 2.592222724109888, 4, 40.12329611601308, 292, 963339, 963339, 0.013562350533902645, 0.9976488947868347
3427, 2.1600856749209925, 4, 40.156427793204784, 294, 963633, 963633, 0.01278381422162056, 0.9920419454574585
3428, 2.6050958916653144, 4, 40.526770289056, 297, 963930, 963930, 0.012649201788008213, 0.9926628470420837
3429, 3.2495564120836207, 4, 40.076596558094025, 292, 964222, 964222, 0.013531746342778206, 0.9992320537567139
3430, 3.3632918546063593, 4, 40.14664565818384, 293, 964515, 964515, 0.012898157350718975, 0.9891137480735779
3431, 2.4507566378015326, 4, 40.11227132799104, 294, 964809, 964809, 0.013483813963830471, 0.9910087585449219
3432, 3.3655220780783566, 4, 40.165289738215506, 295, 965104, 965104, 0.013332147151231766, 0.9897200465202332
3433, 2.5045516203963416, 4, 40.1083753220737, 295, 965399, 965399, 0.013065089471638203, 0.9921700954437256
3434, 2.880456720929942, 4, 40.11167906783521, 295, 965694, 965694, 0.013369619846343994, 0.9963337779045105
3435, 2.3116439222649205, 4, 40.117550887167454, 295, 965989, 965989, 0.013078808784484863, 0.9918397068977356
3436, 2.654301938839126, 4, 40.10076694795862, 295, 966284, 966284, 0.013091214001178741, 1.0022153854370117
3437, 1.6478957544459263, 4, 40.198081783019006, 297, 966581, 966581, 0.013713683933019638, 0.9969398379325867
3438, 2.4538119011049275, 4, 40.15302748000249, 296, 966877, 966877, 0.013085677288472652, 0.9963258504867554
3439, 3.020942743285559, 4, 40.16197555605322, 296, 967173, 967173, 0.012958219274878502, 1.0032678842544556
3440, 2.864430434325186, 4, 40.13410900114104, 296, 967469, 967469, 0.013098211027681828, 0.9807949662208557
3441, 3.197274124768228, 4, 40.076429267879575, 296, 967765, 967765, 0.013466952368617058, 0.9882993698120117
3442, 1.5661603925109375, 4, 40.18168517900631, 295, 968060, 968060, 0.012999853119254112, 0.9777878522872925
3443, 2.800079096290574, 4, 40.12901060190052, 296, 968356, 968356, 0.012969711795449257, 0.988566517829895
3444, -1.835246292881493, 2, 37.65016726963222, 278, 968634, 968634, 0.01257553044706583, 0.9982757568359375
3445, 2.652405359865952, 4, 40.10809104796499, 296, 968930, 968930, 0.012075576931238174, 0.9931795001029968
3446, 2.806048713040582, 4, 40.17650368157774, 297, 969227, 969227, 0.01287138182669878, 0.9893268346786499
3447, 2.7294485357706435, 4, 40.19199519744143, 297, 969524, 969524, 0.0129640968516469, 0.9912703037261963
3448, -3.7856261789565906, 2, 8.00372673990205, 56, 969580, 969580, 0.012171151116490364, 1.011883020401001
3449, 2.828932182626886, 4, 40.160987257026136, 296, 969876, 969876, 0.012739458121359348, 0.9971433877944946
3450, 2.7895370567712234, 4, 40.06307934038341, 296, 970172, 970172, 0.013391080312430859, 0.9800642132759094
3451, 2.491102592102834, 4, 40.07700816122815, 296, 970468, 970468, 0.01271186862140894, 0.9926046133041382
3452, 2.4905593687290093, 4, 40.082186789717525, 297, 970765, 970765, 0.01374660711735487, 0.9909645318984985
3453, 3.110583107140201, 4, 40.09891279786825, 296, 971061, 971061, 0.013199503533542156, 0.9904819130897522
3454, 3.020926646434418, 4, 40.16095965495333, 295, 971356, 971356, 0.01306584756821394, 0.9883227348327637
3455, 2.41222321522946, 4, 40.18220671126619, 298, 971654, 971654, 0.012600966729223728, 0.9841082096099854
3456, 2.885400142906292, 4, 40.12647583009675, 297, 971951, 971951, 0.012438666075468063, 0.9816470146179199
3457, 2.097147660180781, 4, 40.06965825986117, 296, 972247, 972247, 0.0134560726583004, 0.9876858592033386
3458, 1.7785258144213003, 4, 40.118022007867694, 298, 972545, 972545, 0.013859842903912067, 0.9849928021430969
3459, 2.2770154355748673, 4, 40.13928608503193, 297, 972842, 972842, 0.013442820869386196, 0.9870609641075134
3460, 2.7474575189116877, 4, 40.15224270103499, 296, 973138, 973138, 0.013104230165481567, 0.9860438704490662
3461, 3.6318981415215603, 4, 40.11216309480369, 297, 973435, 973435, 0.012570396065711975, 0.9718078970909119
3462, 2.606992037879536, 4, 40.0681329080835, 296, 973731, 973731, 0.013163011521100998, 0.9803661704063416
3463, 2.8104726488818415, 4, 40.15223878901452, 298, 974029, 974029, 0.013274485245347023, 0.9818850755691528
3464, 3.2302606648372603, 4, 40.15119846910238, 297, 974326, 974326, 0.01306169107556343, 0.980800449848175
3465, 2.8658071167865273, 4, 40.12274067662656, 297, 974623, 974623, 0.01308490615338087, 0.9779151082038879
3466, 3.2046731360987906, 4, 40.1873336089775, 297, 974920, 974920, 0.013181897811591625, 0.9744074940681458
3467, 2.729124322759162, 4, 40.11149829206988, 297, 975217, 975217, 0.012684854678809643, 0.9652894735336304
3468, 2.431213541118268, 4, 40.141325844917446, 295, 975512, 975512, 0.012760876677930355, 0.9883352518081665
3469, 3.1586493459471967, 4, 40.19036603998393, 298, 975810, 975810, 0.012908197939395905, 0.9705814719200134
3470, 2.6183025125658332, 4, 40.1704858657904, 297, 976107, 976107, 0.012635769322514534, 0.9693877696990967
3471, 1.8327328747154752, 4, 40.2230533179827, 298, 976405, 976405, 0.012907994911074638, 0.9768205881118774
3472, 3.3093428115062125, 4, 40.07892668200657, 297, 976702, 976702, 0.012953311204910278, 0.9872771501541138
3473, 2.5460326923566754, 4, 40.10564569197595, 297, 976999, 976999, 0.012126879766583443, 0.9790382385253906
3474, 2.6198183192072975, 4, 40.08082662709057, 295, 977294, 977294, 0.012998468242585659, 0.9692497849464417
3475, 2.1401845341524677, 4, 40.08832671120763, 298, 977592, 977592, 0.012646893039345741, 0.9819682836532593
3476, 2.9856763240859436, 4, 40.47870622575283, 299, 977891, 977891, 0.012333300895988941, 0.9684485793113708
3477, 3.308898413019051, 4, 40.064146294258535, 297, 978188, 978188, 0.012781914323568344, 0.9753304719924927
3478, 3.2877301246408024, 4, 40.120312203187495, 297, 978485, 978485, 0.012600935064256191, 0.972176730632782
3479, 3.660738838618272, 4, 40.1192110972479, 297, 978782, 978782, 0.012617901898920536, 0.9777149558067322
3480, 3.183180292739962, 4, 40.15666948398575, 297, 979079, 979079, 0.012923329137265682, 0.9653324484825134
3481, 3.494019280842622, 4, 40.07295001717284, 296, 979375, 979375, 0.013388033024966717, 0.9797627329826355
3482, 3.4454062490149227, 4, 40.09069888619706, 296, 979671, 979671, 0.013458218425512314, 0.9763293862342834
3483, 2.924714633321855, 4, 40.06509837228805, 296, 979967, 979967, 0.012446447275578976, 0.9871419072151184
3484, 2.067627054930199, 4, 40.12727800104767, 298, 980265, 980265, 0.012312427163124084, 0.9632005095481873
3485, 3.0906759063345817, 4, 40.10769448103383, 297, 980562, 980562, 0.012784181162714958, 0.9850211143493652
3486, 2.7116726238909905, 4, 40.130527880974114, 297, 980859, 980859, 0.012622551061213017, 0.9751572608947754
3487, 3.37143041755553, 4, 40.122355081140995, 297, 981156, 981156, 0.011642739176750183, 0.9676545262336731
3488, 2.9973697111527144, 4, 40.104525981936604, 297, 981453, 981453, 0.012659445405006409, 0.9690549969673157
3489, 2.9661025528021128, 4, 40.09275441803038, 297, 981750, 981750, 0.012642613612115383, 0.9709300994873047
3490, 2.613599733740557, 4, 40.166592832654715, 298, 982048, 982048, 0.013050831854343414, 0.9774927496910095
3491, 3.5186564969162646, 4, 40.16770024923608, 297, 982345, 982345, 0.013064016588032246, 0.9698290228843689
3492, 2.2130070446655736, 4, 40.173941052984446, 299, 982644, 982644, 0.012448998168110847, 0.9668510556221008
3493, 1.7776843562023714, 4, 40.091648671776056, 298, 982942, 982942, 0.012928360141813755, 0.9559812545776367
3494, 3.1530707471101778, 4, 40.18798042135313, 298, 983240, 983240, 0.012208906933665276, 0.970901370048523
3495, 2.7462433763676017, 4, 40.07536712707952, 297, 983537, 983537, 0.012026655487716198, 0.9867088198661804
3496, 3.1239822038114653, 4, 40.09949122834951, 297, 983834, 983834, 0.012825867161154747, 0.9678208231925964
3497, 2.4117754737308132, 4, 40.10142860002816, 297, 984131, 984131, 0.013283487409353256, 0.9613206386566162
3498, 2.8871402020013193, 4, 40.10183566715568, 297, 984428, 984428, 0.012648827396333218, 0.9761064648628235
3499, 2.7483083363135847, 4, 40.14078954979777, 297, 984725, 984725, 0.01254044659435749, 0.9798615574836731
3500, 2.9706303426883096, 4, 40.17881836835295, 297, 985022, 985022, 0.012434611096978188, 0.968546450138092
3501, 2.7108112450441695, 4, 40.10831978311762, 285, 985307, 985307, 0.012508940882980824, 0.970725417137146
3502, 3.4771977812897603, 4, 40.15166008193046, 288, 985595, 985595, 0.013090011663734913, 0.9551184177398682
3503, 2.7439975510933436, 4, 40.19060806417838, 290, 985885, 985885, 0.0126441465690732, 0.9789794683456421
3504, 2.3089248774103908, 4, 40.14624626934528, 289, 986174, 986174, 0.012236502021551132, 0.973170280456543
3505, 2.513035651139944, 4, 40.18192727304995, 291, 986465, 986465, 0.012733269482851028, 0.9592064023017883
3506, 2.415261564357934, 4, 40.07232071785256, 288, 986753, 986753, 0.012546312995254993, 0.973526656627655
3507, 2.927104644299561, 4, 40.06441083364189, 290, 987043, 987043, 0.012276582419872284, 0.9467164278030396
3508, 3.049758215824113, 4, 40.111934549640864, 291, 987334, 987334, 0.01287721935659647, 0.9567384719848633
3509, 2.377695134611713, 4, 40.03995221713558, 291, 987625, 987625, 0.012401815503835678, 0.9647470712661743
3510, 2.646937123047337, 4, 40.20603577513248, 293, 987918, 987918, 0.012292851693928242, 0.975019633769989
3511, 3.478467933862703, 4, 40.1503482721746, 291, 988209, 988209, 0.013975117355585098, 0.9477471709251404
3512, 2.768757467672458, 4, 40.14087948901579, 291, 988500, 988500, 0.011469985358417034, 0.9490659236907959
3513, 2.712619439003902, 4, 40.182367677334696, 290, 988790, 988790, 0.012864373624324799, 0.9638959169387817
3514, 2.6864927399728913, 4, 40.094827039167285, 291, 989081, 989081, 0.012791031040251255, 0.9557034969329834
3515, 2.5700227387565064, 4, 40.16615004884079, 292, 989373, 989373, 0.012566897086799145, 0.9499371647834778
3516, 3.149405980591837, 4, 40.146425023674965, 292, 989665, 989665, 0.012959192506968975, 0.9589621424674988
3517, 3.048302724797395, 4, 40.16638127621263, 292, 989957, 989957, 0.012747670523822308, 0.9658985137939453
3518, 3.392084882407289, 4, 40.21961045591161, 293, 990250, 990250, 0.012750317342579365, 0.9663873314857483
3519, 3.166541237351339, 4, 40.20775426272303, 292, 990542, 990542, 0.012314478866755962, 0.9523707628250122
3520, 2.614935428755416, 4, 40.09317987039685, 292, 990834, 990834, 0.012237689457833767, 0.964331328868866
3521, 2.91838611827734, 4, 40.10497249197215, 292, 991126, 991126, 0.012389267794787884, 0.9623464345932007
3522, 3.3896675380256056, 4, 40.146241928916425, 293, 991419, 991419, 0.011943898163735867, 0.9778453707695007
3523, 2.775874922663661, 4, 40.057805025950074, 292, 991711, 991711, 0.012089434079825878, 0.959656834602356
3524, 3.30335353029659, 4, 40.10798085434362, 292, 992003, 992003, 0.012781260535120964, 0.963894784450531
3525, 2.6092456894511997, 4, 40.16827140701935, 293, 992296, 992296, 0.013453390449285507, 0.9522497057914734
3526, 3.0903685061844044, 4, 40.137568776961416, 293, 992589, 992589, 0.012868507765233517, 0.9648505449295044
3527, 3.238529852969805, 4, 40.16972278011963, 293, 992882, 992882, 0.012701557017862797, 0.9621842503547668
3528, 2.3947237841549622, 4, 40.162238424643874, 294, 993176, 993176, 0.012320003472268581, 0.9582106471061707
3529, 2.9128617984551965, 4, 40.12797030992806, 293, 993469, 993469, 0.01266943197697401, 0.9431179165840149
3530, -0.4707188476295414, 2, 26.321223547216505, 190, 993659, 993659, 0.012526319362223148, 0.9575930237770081
3531, 3.020676336993347, 4, 40.17073827190325, 293, 993952, 993952, 0.01309342309832573, 0.9721238017082214
3532, 3.3080547279769235, 4, 40.118131428956985, 293, 994245, 994245, 0.01283398550003767, 0.9655770063400269
3533, 2.8622947608273535, 4, 40.11441303556785, 292, 994537, 994537, 0.013283031061291695, 0.9634301066398621
3534, -3.6742599131539464, 2, 7.708851935341954, 53, 994590, 994590, 0.012551401741802692, 0.9792596101760864
3535, 2.904583505320261, 4, 40.0707706627436, 293, 994883, 994883, 0.013001206330955029, 0.9545305967330933
3536, 2.377048651696896, 4, 40.16480894898996, 295, 995178, 995178, 0.012405174784362316, 0.9671952724456787
3537, 2.6531944843336532, 4, 40.174105279147625, 295, 995473, 995473, 0.01262050773948431, 0.9585534334182739
3538, 2.958705712532719, 4, 40.07142407167703, 294, 995767, 995767, 0.013011835515499115, 0.956689715385437
3539, 2.72888994175446, 4, 40.153623974882066, 294, 996061, 996061, 0.013746161013841629, 0.9728438258171082
3540, 2.837974535612375, 4, 40.13962521683425, 295, 996356, 996356, 0.012854138389229774, 0.9698503017425537
3541, 3.3807380186394766, 4, 40.163663445971906, 295, 996651, 996651, 0.012519546784460545, 0.9536772966384888
3542, 3.505071892255728, 4, 40.210875420831144, 295, 996946, 996946, 0.01351751945912838, 0.958284854888916
3543, 2.8255300156451995, 4, 40.15252895606682, 295, 997241, 997241, 0.012875768356025219, 0.9678748250007629
3544, 2.950389023151729, 4, 40.165657052304596, 295, 997536, 997536, 0.012598341330885887, 0.9623892307281494
3545, 3.1784726753103314, 4, 40.12531535793096, 295, 997831, 997831, 0.01285838894546032, 0.9624209403991699
3546, 2.9750250785727985, 4, 40.13470350764692, 296, 998127, 998127, 0.0125832948833704, 0.9616149663925171
3547, 2.9197653277078643, 4, 40.16101662395522, 295, 998422, 998422, 0.013704678043723106, 0.967308521270752
3548, 1.9612556922074873, 4, 40.07677906379104, 293, 998715, 998715, 0.012492659501731396, 0.9533551931381226
3549, 2.7270724236113892, 4, 40.16305083781481, 295, 999010, 999010, 0.013226407580077648, 0.94264817237854
3550, 3.26552255081333, 4, 40.14334719395265, 295, 999305, 999305, 0.012976639904081821, 0.9489239454269409
3551, 2.6338813823493865, 4, 40.224355509039015, 296, 999601, 999601, 0.013176039792597294, 0.9526156783103943
3552, 2.917084732061994, 4, 40.17240927089006, 296, 999897, 999897, 0.013183272443711758, 0.962253749370575
3553, 2.033818755080574, 4, 40.15438330499455, 296, 1000193, 1000000, 0.012959713116288185, 0.9539507031440735
3554, 1.5001617358939257, 4, 40.14600747777149, 297, 1000490, 1000000, 0.013255680911242962, 0.969460666179657
3555, 2.8665874657963286, 4, 40.07959486823529, 295, 1000785, 1000000, 0.01272752694785595, 0.9445419311523438
3556, 2.6405855833663736, 4, 40.08540558256209, 295, 1001080, 1000000, 0.012382924556732178, 0.9705256819725037
3557, 3.3525383175401657, 4, 40.16449279570952, 296, 1001376, 1000000, 0.01340488065034151, 0.9662497043609619
3558, 1.9417874608407146, 4, 40.16522927721962, 297, 1001673, 1000000, 0.012356813065707684, 0.9488640427589417
3559, 2.9483895244120504, 4, 40.143396622966975, 296, 1001969, 1000000, 0.01284534577280283, 0.9665634632110596
3560, 3.0144291858232464, 4, 40.17737052682787, 296, 1002265, 1000000, 0.012289432808756828, 0.9608059525489807
3561, 3.5196969728585827, 4, 40.143296195194125, 296, 1002561, 1000000, 0.013539549894630909, 0.9572203159332275
3562, 2.218345128982037, 4, 40.113573976792395, 294, 1002855, 1000000, 0.013128266669809818, 0.9513461589813232
3563, 2.8398719370597973, 4, 40.14492828492075, 296, 1003151, 1000000, 0.013116446323692799, 0.9655706286430359
3564, 2.679302148259012, 4, 40.18680010503158, 294, 1003445, 1000000, 0.01261437963694334, 0.953639030456543
3565, 3.523887767553788, 4, 40.14886194514111, 295, 1003740, 1000000, 0.012145711109042168, 0.9593292474746704
3566, 2.0917307776398957, 4, 40.069413274060935, 296, 1004036, 1000000, 0.012989467009902, 0.9512717723846436
3567, 2.4606736594250833, 4, 40.12335847504437, 296, 1004332, 1000000, 0.012659496627748013, 0.9499205350875854
3568, 3.390653685946745, 4, 40.178715497255325, 294, 1004626, 1000000, 0.012876664288341999, 0.9523322582244873
3569, 1.9402592764381552, 4, 40.19383474998176, 297, 1004923, 1000000, 0.012885212898254395, 0.9534855484962463
3570, 1.6743249614810338, 4, 40.12564880307764, 297, 1005220, 1000000, 0.01342567428946495, 0.9485567212104797
3571, 3.4226703381282277, 4, 40.098317188210785, 296, 1005516, 1000000, 0.012915020808577538, 0.9347589612007141
3572, 2.4698789166723145, 4, 40.16574417101219, 297, 1005813, 1000000, 0.012479609809815884, 0.9406539797782898
3573, 3.153761244006091, 4, 40.16658220998943, 297, 1006110, 1000000, 0.012370777316391468, 0.9569547772407532
3574, 2.4047376316957525, 4, 40.18320689583197, 296, 1006406, 1000000, 0.012365293689072132, 0.9434061050415039
3575, 2.4168913293651713, 4, 40.08609744301066, 296, 1006702, 1000000, 0.012796487659215927, 0.9450634121894836
3576, 2.3279700586936087, 4, 40.17385051678866, 297, 1006999, 1000000, 0.012434839271008968, 0.9466894865036011
3577, 3.2112410960835405, 4, 40.09083257988095, 296, 1007295, 1000000, 0.012987695634365082, 0.9556694030761719
3578, 3.3925092869285436, 4, 40.06505800085142, 295, 1007590, 1000000, 0.012593907304108143, 0.9516470432281494
3579, 1.9243635772436392, 4, 40.09993312507868, 296, 1007886, 1000000, 0.01287469919770956, 0.9337049126625061
3580, 3.3852753602695884, 4, 40.075574428308755, 296, 1008182, 1000000, 0.012292949482798576, 0.9504326581954956
3581, 3.7091672771330195, 4, 40.09837830578908, 294, 1008476, 1000000, 0.012618345208466053, 0.9630106091499329
3582, 3.0143498580150663, 4, 40.11865394283086, 297, 1008773, 1000000, 0.012640339322388172, 0.9561789035797119
3583, 3.1927486039749056, 4, 40.08847501501441, 296, 1009069, 1000000, 0.012542413547635078, 0.9311416149139404
3584, 3.1454743948397663, 4, 40.095967730972916, 297, 1009366, 1000000, 0.012909584678709507, 0.9442639946937561
3585, 3.1745658666732197, 4, 40.14436211204156, 296, 1009662, 1000000, 0.012991315685212612, 0.9492985606193542
3586, 3.2245242755162735, 4, 40.110964781139046, 296, 1009958, 1000000, 0.012465606443583965, 0.9499645829200745
3587, 2.745230187640118, 4, 40.132172184064984, 297, 1010255, 1000000, 0.012456397525966167, 0.9354603290557861
3588, 1.9495233371853828, 4, 40.155469524208456, 298, 1010553, 1000000, 0.012118875049054623, 0.9489049911499023
3589, 3.343184274767509, 4, 40.38459487725049, 297, 1010850, 1000000, 0.012819424271583557, 0.928183376789093
3590, 3.0085450093702093, 4, 40.153404206968844, 297, 1011147, 1000000, 0.012653538025915623, 0.9533031582832336
3591, 3.583372169100585, 4, 40.10758217610419, 297, 1011444, 1000000, 0.012479908764362335, 0.9445471167564392
3592, 2.9068463183526774, 4, 40.13556619314477, 296, 1011740, 1000000, 0.011859641410410404, 0.9473864436149597
3593, 3.4574291092112617, 4, 40.15111573738977, 297, 1012037, 1000000, 0.012838774360716343, 0.9329085946083069
3594, 3.3654983805681695, 4, 40.13681133976206, 296, 1012333, 1000000, 0.013135004788637161, 0.9442033767700195
3595, 3.4365410401978806, 4, 40.12856512796134, 297, 1012630, 1000000, 0.012726778164505959, 0.9527292847633362
3596, 3.258636840104373, 4, 40.141329527366906, 297, 1012927, 1000000, 0.012359374202787876, 0.9311131834983826
3597, 3.112092239840422, 4, 40.11906851409003, 296, 1013223, 1000000, 0.01163541991263628, 0.9384929537773132
3598, 3.1222885516335737, 4, 40.148637318983674, 297, 1013520, 1000000, 0.012117569334805012, 0.9304212331771851
3599, 3.0827571516419994, 4, 40.076553327962756, 297, 1013817, 1000000, 0.011452026665210724, 0.9513477683067322
3600, 3.0069474733898005, 4, 40.062605555169284, 294, 1014111, 1000000, 0.012448398396372795, 0.9202417135238647
3601, 2.3070259890337184, 4, 40.19710217509419, 285, 1014396, 1000000, 0.01173460390418768, 0.9310964345932007
3602, 6.74776324425693, 1, 29.901898516342044, 213, 1014609, 1000000, 0.012189638800919056, 0.943393886089325
3603, 3.178979106247425, 4, 40.08695336803794, 288, 1014897, 1000000, 0.011964869685471058, 0.9329093098640442
3604, 2.805828371339885, 4, 40.10724062798545, 289, 1015186, 1000000, 0.012150573544204235, 0.9389222860336304
3605, 1.8898653990190724, 4, 40.19339400762692, 290, 1015476, 1000000, 0.012139545753598213, 0.9128204584121704
3606, 2.152735345716792, 4, 40.1805444508791, 290, 1015766, 1000000, 0.01243781391531229, 0.9455771446228027
3607, 2.664642134361202, 4, 40.17688721604645, 290, 1016056, 1000000, 0.013171009719371796, 0.9355282783508301
3608, 2.956210963478952, 4, 40.37414591992274, 293, 1016349, 1000000, 0.011335451155900955, 0.9367470741271973
3609, 2.493582265535224, 4, 40.177168287336826, 291, 1016640, 1000000, 0.012383957393467426, 0.951802134513855
3610, 1.9263341028708965, 4, 40.137829118873924, 292, 1016932, 1000000, 0.012421337887644768, 0.9369659423828125
3611, 2.8410148220241354, 4, 40.14231682801619, 291, 1017223, 1000000, 0.011989971622824669, 0.9208077192306519
3612, 3.287466182168373, 4, 40.14077411405742, 291, 1017514, 1000000, 0.011857819743454456, 0.9349768161773682
3613, 3.6815870818918484, 4, 40.08259729994461, 291, 1017805, 1000000, 0.011810878291726112, 0.917331337928772
3614, 3.132679327743972, 4, 40.085434360429645, 291, 1018096, 1000000, 0.0112947728484869, 0.9209982752799988
3615, 3.063798971936194, 4, 40.09954885393381, 291, 1018387, 1000000, 0.012546093203127384, 0.934937059879303
3616, 2.847937179300061, 4, 40.1118252966553, 292, 1018679, 1000000, 0.012238015420734882, 0.9251745343208313
3617, 3.0370994639524724, 4, 40.11104901693761, 291, 1018970, 1000000, 0.012103267945349216, 0.9283431768417358
3618, 2.5824969700134943, 4, 40.140688884072006, 292, 1019262, 1000000, 0.012335795909166336, 0.938129186630249
3619, 3.4073474122633343, 4, 40.12004993716255, 292, 1019554, 1000000, 0.01294596679508686, 0.9371402859687805
3620, 3.2937169734868803, 4, 40.202046426944435, 292, 1019846, 1000000, 0.012879074551165104, 0.9297610521316528
3621, 3.411442398439249, 4, 40.13829303579405, 292, 1020138, 1000000, 0.012144142761826515, 0.9259415864944458
3622, 2.7225328471831745, 4, 40.41656448086724, 296, 1020434, 1000000, 0.012096366845071316, 0.9284727573394775
3623, 2.5036641170495386, 4, 40.16364226769656, 293, 1020727, 1000000, 0.012179757468402386, 0.9311063885688782
3624, 2.9127366912780417, 4, 40.115177446976304, 291, 1021018, 1000000, 0.012303341180086136, 0.9324917793273926
3625, 2.564103065727977, 4, 40.07110618799925, 290, 1021308, 1000000, 0.012412923388183117, 0.9335169196128845
3626, 1.7007937877206132, 4, 40.134210002142936, 294, 1021602, 1000000, 0.012529761530458927, 0.9227460026741028
3627, 2.6074592633137854, 4, 40.162982961628586, 294, 1021896, 1000000, 0.011967623606324196, 0.9250960350036621
3628, 3.225617469557619, 4, 40.125796674285084, 292, 1022188, 1000000, 0.012504183687269688, 0.9280325770378113
3629, 3.3613137508145883, 4, 40.17102807108313, 292, 1022480, 1000000, 0.011593054048717022, 0.9268556237220764
3630, 2.92383241420157, 4, 40.12940760422498, 293, 1022773, 1000000, 0.01233766134828329, 0.923553466796875
3631, 2.9820293855427735, 4, 40.11967975832522, 293, 1023066, 1000000, 0.012226659804582596, 0.9314231276512146
3632, 2.7331539764927584, 4, 40.200960939750075, 294, 1023360, 1000000, 0.011390216648578644, 0.9242178201675415
3633, 3.0804237286865828, 4, 40.14929964300245, 294, 1023654, 1000000, 0.01228677574545145, 0.9183685183525085
3634, 2.8571925799824385, 4, 40.102849781978875, 294, 1023948, 1000000, 0.011841490864753723, 0.9135582447052002
3635, 3.806236442291265, 4, 40.04502164013684, 293, 1024241, 1000000, 0.011783274821937084, 0.9221230149269104
3636, 2.965149020050376, 4, 40.1677025789395, 295, 1024536, 1000000, 0.011691274121403694, 0.9175435900688171
3637, 3.1049350153962223, 4, 40.1080235731788, 292, 1024828, 1000000, 0.012058202177286148, 0.9155474901199341
3638, 2.6600574440417404, 4, 40.181618976872414, 295, 1025123, 1000000, 0.011929270811378956, 0.9325418472290039
3639, 2.241301883432243, 4, 40.14033620106056, 294, 1025417, 1000000, 0.012217417359352112, 0.9231607913970947
3640, 3.82122384023819, 4, 40.18934054905549, 295, 1025712, 1000000, 0.012142563238739967, 0.9118273854255676
3641, 3.5424748275399907, 4, 40.0657017910853, 295, 1026007, 1000000, 0.012031877413392067, 0.9065879583358765
3642, 2.648820580195604, 4, 40.11015811515972, 295, 1026302, 1000000, 0.012112410739064217, 0.9126603603363037
3643, 2.9600956741960545, 4, 40.148109746165574, 296, 1026598, 1000000, 0.012208020314574242, 0.9034412503242493
3644, 2.8974298786679356, 4, 40.11364602390677, 295, 1026893, 1000000, 0.012049684301018715, 0.91732257604599
3645, 2.7287503957631998, 4, 40.197706705890596, 295, 1027188, 1000000, 0.012210294604301453, 0.9128779172897339
3646, 3.2193608112211223, 4, 40.10785470157862, 295, 1027483, 1000000, 0.012391890399158001, 0.8952763676643372
3647, 3.2361005808670598, 4, 40.09177574981004, 293, 1027776, 1000000, 0.01162797212600708, 0.9155152440071106
3648, 3.3838071957798093, 4, 40.16879415186122, 295, 1028071, 1000000, 0.011826054193079472, 0.9099681973457336
3649, 3.3486617225353257, 4, 40.08470848063007, 295, 1028366, 1000000, 0.01230777520686388, 0.9001595973968506
3650, 2.6313097032110733, 4, 40.173738554120064, 296, 1028662, 1000000, 0.012179836630821228, 0.9023658037185669
3651, 3.2960640888413764, 4, 40.149833573028445, 296, 1028958, 1000000, 0.011416972614824772, 0.9174657464027405
3652, 1.3811111570657886, 4, 40.117355389054865, 297, 1029255, 1000000, 0.012225642800331116, 0.8944092988967896
3653, 2.314018920435956, 4, 40.17530327709392, 295, 1029550, 1000000, 0.01183237787336111, 0.9102946519851685
3654, 2.609925461230887, 4, 40.08960422780365, 295, 1029845, 1000000, 0.012465150095522404, 0.9090067148208618
3655, 2.697986049506653, 4, 40.15420642495155, 296, 1030141, 1000000, 0.011725018732249737, 0.9149754643440247
3656, 2.6198539162651286, 4, 40.085601101163775, 296, 1030437, 1000000, 0.011532469652593136, 0.906733512878418
3657, 2.658182035669597, 4, 40.11996829230338, 295, 1030732, 1000000, 0.011520021595060825, 0.9066735506057739
3658, 3.504645056435095, 4, 40.08060456579551, 296, 1031028, 1000000, 0.011763008311390877, 0.9074413180351257
3659, 3.50723326078878, 4, 40.1760150459595, 295, 1031323, 1000000, 0.011025060899555683, 0.8929275870323181
3660, 3.1169599652203033, 4, 40.08950099768117, 295, 1031618, 1000000, 0.01181216910481453, 0.8979460000991821
3661, 3.0565140689141117, 4, 40.17725027771667, 297, 1031915, 1000000, 0.012035846710205078, 0.8965042233467102
3662, 3.156529713929558, 4, 40.17918784124777, 297, 1032212, 1000000, 0.011628538370132446, 0.8931532502174377
3663, 3.512808063659577, 4, 40.16343204677105, 297, 1032509, 1000000, 0.011914077214896679, 0.885253369808197
3664, 2.9482408143661587, 4, 40.10033946298063, 296, 1032805, 1000000, 0.011822487227618694, 0.8921512961387634
3665, 1.2115551757208323, 4, 40.075682596769184, 297, 1033102, 1000000, 0.010878492146730423, 0.8933072686195374
3666, 2.9496119284726774, 4, 40.065201255027205, 295, 1033397, 1000000, 0.011548507027328014, 0.8964381217956543
3667, 3.129412072146806, 4, 40.137320667970926, 296, 1033693, 1000000, 0.011290881782770157, 0.8895750045776367
3668, 2.635820691120898, 4, 40.20527035463601, 295, 1033988, 1000000, 0.011840198189020157, 0.8916076421737671
3669, 3.480460292128555, 4, 40.18130423082039, 296, 1034284, 1000000, 0.011143925599753857, 0.8859706521034241
3670, 2.7949622086671297, 4, 40.165348486974835, 296, 1034580, 1000000, 0.011136524379253387, 0.8881715536117554
3671, 3.1080905522600233, 4, 40.127704267855734, 297, 1034877, 1000000, 0.011281213723123074, 0.8852141499519348
3672, 3.151442780497746, 4, 40.15337799023837, 296, 1035173, 1000000, 0.01158277690410614, 0.8852612376213074
3673, 2.544202117502209, 4, 40.133292451966554, 296, 1035469, 1000000, 0.011299272999167442, 0.8978840708732605
3674, 3.0324712080155223, 4, 40.09386830078438, 296, 1035765, 1000000, 0.01098778285086155, 0.8988653421401978
3675, 2.539719757685816, 4, 40.12562099611387, 296, 1036061, 1000000, 0.011029547080397606, 0.8831905722618103
3676, 3.6749802966696734, 4, 40.09443783899769, 296, 1036357, 1000000, 0.011220673099160194, 0.8764243125915527
3677, 3.034432144526363, 4, 40.079324421007186, 296, 1036653, 1000000, 0.012178786098957062, 0.8866422772407532
3678, 2.566528818212646, 4, 40.07498460588977, 295, 1036948, 1000000, 0.011503374204039574, 0.8703333139419556
3679, 2.745744163519703, 4, 40.15952729061246, 296, 1037244, 1000000, 0.010999546386301517, 0.8735981583595276
3680, 2.893460031763425, 4, 40.099887353833765, 297, 1037541, 1000000, 0.012053878046572208, 0.8698874115943909
3681, 3.639729936927324, 4, 40.18147440580651, 297, 1037838, 1000000, 0.011622208170592785, 0.8744128942489624
3682, 3.2893384301626156, 4, 40.06745093083009, 296, 1038134, 1000000, 0.011605393141508102, 0.8733373284339905
3683, 2.797722314706334, 4, 40.14955158205703, 296, 1038430, 1000000, 0.010973889380693436, 0.8861088156700134
3684, 3.29844085118566, 4, 40.154532050248235, 296, 1038726, 1000000, 0.011400463990867138, 0.8895626664161682
3685, 3.1735144582244175, 4, 40.158155251294374, 296, 1039022, 1000000, 0.010700610466301441, 0.8758817315101624
3686, 2.96527407382564, 4, 40.09484315384179, 294, 1039316, 1000000, 0.011425046250224113, 0.8807587027549744
3687, 2.942291584393388, 4, 40.15612025698647, 297, 1039613, 1000000, 0.012141183018684387, 0.8698412179946899
3688, 2.7294077029837354, 4, 40.1632908587344, 297, 1039910, 1000000, 0.011278062127530575, 0.8771222829818726
3689, 3.304734075554734, 4, 40.107448373921216, 296, 1040206, 1000000, 0.011630420573055744, 0.8787704706192017
3690, 2.701796881905466, 4, 40.14546353369951, 296, 1040502, 1000000, 0.011034369468688965, 0.8768183588981628
3691, 3.169470731590991, 4, 40.04797117318958, 297, 1040799, 1000000, 0.01151325274258852, 0.8733440637588501
3692, 3.0162930926107947, 4, 40.17522317310795, 297, 1041096, 1000000, 0.01097516156733036, 0.8468408584594727
3693, 3.285259404925455, 4, 40.0853209993802, 296, 1041392, 1000000, 0.010893529281020164, 0.874359130859375
3694, 3.2287360698305747, 4, 40.129980575758964, 297, 1041689, 1000000, 0.011369225569069386, 0.8716988563537598
3695, 3.264854006326459, 4, 40.15836134972051, 296, 1041985, 1000000, 0.011167898774147034, 0.8613141775131226
3696, 3.155121977529234, 4, 40.156093295663595, 297, 1042282, 1000000, 0.011144190095365047, 0.8618006706237793
3697, 2.689932316669001, 4, 40.060838791076094, 296, 1042578, 1000000, 0.011784099973738194, 0.8876844048500061
3698, 3.1930913284013513, 4, 40.14243704499677, 297, 1042875, 1000000, 0.01084795594215393, 0.861499547958374
3699, 2.6801031594222877, 4, 40.21451436681673, 297, 1043172, 1000000, 0.011190150864422321, 0.8839758634567261
3700, 3.3327575785842782, 4, 40.12402410712093, 296, 1043468, 1000000, 0.011512520723044872, 0.8546733856201172
3701, 2.3889824410571237, 4, 40.11889613093808, 286, 1043754, 1000000, 0.011563917621970177, 0.842181921005249
3702, 2.7908318334521027, 4, 40.131979698780924, 291, 1044045, 1000000, 0.011173119768500328, 0.8622238636016846
3703, 2.8097252147708787, 4, 40.163069382775575, 289, 1044334, 1000000, 0.010691104456782341, 0.8543915152549744
3704, 2.2572123085847124, 4, 40.182124353945255, 291, 1044625, 1000000, 0.011916427873075008, 0.8660134673118591
3705, 2.7543858770986844, 4, 40.15497112227604, 291, 1044916, 1000000, 0.01127293799072504, 0.8455856442451477
3706, 2.355877417110605, 4, 40.21249158028513, 291, 1045207, 1000000, 0.011589755304157734, 0.8591592311859131
3707, 2.9844982575691574, 4, 40.090159968007356, 290, 1045497, 1000000, 0.011549224145710468, 0.8485369086265564
3708, 3.07463564702266, 4, 40.20905118016526, 291, 1045788, 1000000, 0.011105205863714218, 0.8642971515655518
3709, -3.787220760015771, 2, 7.157373413909227, 49, 1045837, 1000000, 0.010460400953888893, 0.8397094011306763
3710, 2.22388834471667, 4, 40.12730164034292, 291, 1046128, 1000000, 0.011945782229304314, 0.8672165274620056
3711, 3.090447890030191, 4, 40.1835148204118, 292, 1046420, 1000000, 0.0122703080996871, 0.8582825660705566
3712, 3.187164568618755, 4, 40.09022574685514, 291, 1046711, 1000000, 0.01049270760267973, 0.8577571511268616
3713, 2.1190546367788556, 4, 40.197691421955824, 293, 1047004, 1000000, 0.010744885541498661, 0.8566226959228516
3714, 2.5606691822722496, 4, 40.10808207793161, 292, 1047296, 1000000, 0.01134283933788538, 0.8706247806549072
3715, 2.762437631462035, 4, 40.17136783525348, 293, 1047589, 1000000, 0.010253897868096828, 0.870366632938385
3716, 3.012780977856835, 4, 40.07859659520909, 292, 1047881, 1000000, 0.011070676147937775, 0.869087815284729
3717, 2.64997843520041, 4, 40.18251977395266, 293, 1048174, 1000000, 0.011224977672100067, 0.8613542914390564
3718, 2.06807754244619, 4, 40.16173220612109, 292, 1048466, 1000000, 0.011393392458558083, 0.858456552028656
3719, 3.6717925270527303, 4, 40.171106102876365, 293, 1048759, 1000000, 0.01073636393994093, 0.8558940291404724
3720, 3.3672780802025954, 4, 40.08378649316728, 293, 1049052, 1000000, 0.010515912435948849, 0.8586771488189697
3721, 2.8875440081055785, 4, 40.114042594097555, 294, 1049346, 1000000, 0.010899585671722889, 0.8505120277404785
3722, 3.3075377635123004, 4, 40.13430310878903, 293, 1049639, 1000000, 0.01089022308588028, 0.8465186357498169
3723, 2.5343331046024105, 4, 40.1545718871057, 292, 1049931, 1000000, 0.011283626779913902, 0.8351764678955078
3724, 2.9694509448017925, 4, 40.140622748062015, 294, 1050225, 1000000, 0.010618677362799644, 0.8496613502502441
3725, 2.752847681809328, 4, 40.097055410034955, 292, 1050517, 1000000, 0.010495966300368309, 0.84238600730896
3726, 2.9270340268994914, 4, 40.12150311097503, 293, 1050810, 1000000, 0.01137646846473217, 0.8482224941253662
3727, 3.4329867955202644, 4, 40.16075041797012, 292, 1051102, 1000000, 0.010423718020319939, 0.845281183719635
3728, 3.183647209760238, 4, 40.1628046259284, 294, 1051396, 1000000, 0.011047624051570892, 0.8486972451210022
3729, -0.8420404361240799, 2, 31.48283563600853, 230, 1051626, 1000000, 0.010768593288958073, 0.847298800945282
3730, 2.6166496128316794, 4, 40.102738784160465, 294, 1051920, 1000000, 0.010467375628650188, 0.8558660745620728
3731, 2.940751339920098, 4, 40.15995067404583, 295, 1052215, 1000000, 0.010862477123737335, 0.8437091112136841
3732, 3.1346958199428627, 4, 40.18728768918663, 294, 1052509, 1000000, 0.011288773268461227, 0.8410164713859558
3733, 3.349113767799281, 4, 40.146300471853465, 294, 1052803, 1000000, 0.012059476226568222, 0.8423451781272888
3734, 3.5703609661213704, 4, 40.19730607280508, 295, 1053098, 1000000, 0.010962412692606449, 0.8411365747451782
3735, 2.742868084978909, 4, 40.08401482272893, 294, 1053392, 1000000, 0.011587460525333881, 0.844011664390564
3736, 3.5773797851493327, 4, 40.09175610402599, 295, 1053687, 1000000, 0.010716214776039124, 0.8463376760482788
3737, 3.02426501577429, 4, 40.14315671334043, 295, 1053982, 1000000, 0.010124818421900272, 0.8356600403785706
3738, 3.6707886947078805, 4, 40.186992920935154, 295, 1054277, 1000000, 0.01085585542023182, 0.8351089954376221
3739, 3.460301492808867, 4, 40.11485734395683, 295, 1054572, 1000000, 0.01079376321285963, 0.8429643511772156
3740, 2.745474107010523, 4, 40.138648096006364, 295, 1054867, 1000000, 0.011321784928441048, 0.8276616930961609
3741, 3.3372767646142165, 4, 40.145213963929564, 295, 1055162, 1000000, 0.011117765679955482, 0.8406301140785217
3742, 3.137920068531457, 4, 40.07187134306878, 295, 1055457, 1000000, 0.010754247196018696, 0.8449691534042358
3743, 3.5468386398388247, 4, 40.145113799721, 296, 1055753, 1000000, 0.011310412548482418, 0.8380495309829712
3744, 3.4442089166168444, 4, 40.17183701507747, 295, 1056048, 1000000, 0.011006323620676994, 0.8414347767829895
3745, 3.1749316990099032, 4, 40.161485615652055, 296, 1056344, 1000000, 0.011016391217708588, 0.8339399099349976
3746, 2.485031734353697, 4, 40.12955480394885, 296, 1056640, 1000000, 0.011895822361111641, 0.8363356590270996
3747, 2.890160175240453, 4, 40.171858554240316, 296, 1056936, 1000000, 0.010137205943465233, 0.8490555882453918
3748, 3.3936533354080893, 4, 40.152081000152975, 296, 1057232, 1000000, 0.011064138263463974, 0.8472501039505005
3749, 2.3401552204377367, 4, 40.094929069280624, 296, 1057528, 1000000, 0.010269425809383392, 0.8296382427215576
3750, 2.7206467830892507, 4, 40.100972967687994, 296, 1057824, 1000000, 0.010903744958341122, 0.8385320901870728
3751, 3.276661255165891, 4, 40.08386789588258, 296, 1058120, 1000000, 0.011090029031038284, 0.8302308917045593
3752, 2.788912976426218, 4, 40.17665680497885, 295, 1058415, 1000000, 0.010927385650575161, 0.8318182229995728
3753, 2.5394610343209933, 4, 40.1388585511595, 296, 1058711, 1000000, 0.010450436733663082, 0.8273232579231262
3754, 3.5968815028463723, 4, 40.15120364166796, 295, 1059006, 1000000, 0.01068576518446207, 0.8376420736312866
3755, 2.897029837105947, 4, 40.08346928283572, 296, 1059302, 1000000, 0.010060126893222332, 0.8302186727523804
3756, -3.3713114373385906, 2, 6.560330541804433, 45, 1059347, 1000000, 0.011534272693097591, 0.8508599996566772
3757, 2.7929758724767453, 4, 40.106727871112525, 296, 1059643, 1000000, 0.010971634648740292, 0.8347460031509399
3758, 3.42326014018181, 4, 40.202793397940695, 295, 1059938, 1000000, 0.011232312768697739, 0.8322588205337524
3759, 3.326582110390518, 4, 40.19539812207222, 296, 1060234, 1000000, 0.011297369375824928, 0.8274660706520081
3760, 3.4231825179886073, 4, 40.18841178296134, 297, 1060531, 1000000, 0.010837052948772907, 0.8291816711425781
3761, 3.5699750545522786, 4, 40.078230841085315, 295, 1060826, 1000000, 0.010361197404563427, 0.8186756372451782
3762, 2.8127751359807007, 4, 40.11847182363272, 296, 1061122, 1000000, 0.010327800177037716, 0.8188571333885193
3763, 1.643552234119852, 4, 40.129688863642514, 297, 1061419, 1000000, 0.010602234862744808, 0.8148276209831238
3764, 2.804795816688056, 4, 40.19731821492314, 296, 1061715, 1000000, 0.010954436846077442, 0.8341964483261108
3765, 3.834587342262239, 4, 40.152280586306006, 296, 1062011, 1000000, 0.010773915797472, 0.827597439289093
3766, 3.3859501019287563, 4, 40.11595604987815, 296, 1062307, 1000000, 0.01117832399904728, 0.8188775777816772
3767, 3.1393070464473567, 4, 40.15198330907151, 297, 1062604, 1000000, 0.010565371252596378, 0.8224379420280457
3768, 3.0985708493417405, 4, 40.17332324711606, 296, 1062900, 1000000, 0.010527005419135094, 0.8161290884017944
3769, 2.8466911013676963, 4, 40.14652700861916, 297, 1063197, 1000000, 0.010884289629757404, 0.81050044298172
3770, 2.8337028544483474, 4, 40.09572000801563, 296, 1063493, 1000000, 0.010618298314511776, 0.8273078203201294
3771, 3.4551268826235173, 4, 40.08144528325647, 295, 1063788, 1000000, 0.011553974822163582, 0.8310845494270325
3772, 3.0818875303230016, 4, 40.093833341263235, 293, 1064081, 1000000, 0.009761281311511993, 0.8182300329208374
3773, 3.201606787705714, 4, 40.070021426770836, 296, 1064377, 1000000, 0.010931330733001232, 0.8224326968193054
3774, 2.9176973199130316, 4, 40.05318327900022, 296, 1064673, 1000000, 0.01091705821454525, 0.8222325444221497
3775, 2.759674604822976, 4, 40.16052117804065, 296, 1064969, 1000000, 0.009902195073664188, 0.8094393610954285
3776, 2.828837251938239, 4, 40.06804535211995, 296, 1065265, 1000000, 0.010687459260225296, 0.8193593621253967
3777, 3.3428885511411863, 4, 40.18316151201725, 294, 1065559, 1000000, 0.010334526188671589, 0.8131872415542603
3778, 2.983222815864792, 4, 40.14448319002986, 296, 1065855, 1000000, 0.010561354458332062, 0.8141542077064514
3779, 2.803129153937334, 4, 40.13057399587706, 297, 1066152, 1000000, 0.010887956246733665, 0.7985401153564453
3780, 3.546792944631761, 4, 40.30160926934332, 298, 1066450, 1000000, 0.00981819722801447, 0.8199650645256042
3781, 3.6908151104289573, 4, 40.154091861099005, 297, 1066747, 1000000, 0.010159936733543873, 0.8151863217353821
3782, 3.0955918155354993, 4, 40.34039921173826, 298, 1067045, 1000000, 0.009242547675967216, 0.8028498888015747
3783, 3.0733409329004644, 4, 40.06006162520498, 296, 1067341, 1000000, 0.009801131673157215, 0.8148747682571411
3784, 3.143134455111067, 4, 40.162643175106496, 297, 1067638, 1000000, 0.010248704813420773, 0.808893084526062
3785, 2.899097330004679, 4, 40.05760745704174, 296, 1067934, 1000000, 0.010799397714436054, 0.8092563152313232
3786, 3.008248428013758, 4, 40.10796451475471, 297, 1068231, 1000000, 0.0109378257766366, 0.8318993449211121
3787, 2.746574748108401, 4, 40.10153219429776, 297, 1068528, 1000000, 0.010153443552553654, 0.808964729309082
3788, 3.503183147836353, 4, 40.16301230713725, 297, 1068825, 1000000, 0.010290202684700489, 0.8141916990280151
3789, 2.9413063856991357, 4, 40.0624444889836, 295, 1069120, 1000000, 0.01047266460955143, 0.8091151118278503
3790, 2.6156784698359843, 4, 40.11954115424305, 297, 1069417, 1000000, 0.009793721139431, 0.8135780096054077
3791, 1.9449228837911505, 4, 40.116174534894526, 297, 1069714, 1000000, 0.010347934439778328, 0.8038133382797241
3792, 2.851383522760443, 4, 40.159683883655816, 297, 1070011, 1000000, 0.009894964285194874, 0.7995425462722778
3793, 2.4825311050008168, 4, 40.16046009585261, 297, 1070308, 1000000, 0.0098558459430933, 0.8209356069564819
3794, 3.603278249939649, 4, 40.157204228919, 297, 1070605, 1000000, 0.01040696445852518, 0.8062005043029785
3795, 2.676912073569838, 4, 40.18217676691711, 294, 1070899, 1000000, 0.009873053058981895, 0.8094325661659241
3796, -0.9893420461958158, 2, 39.53399535221979, 292, 1071191, 1000000, 0.010627646930515766, 0.7960044145584106
3797, 3.2807319213661685, 4, 40.201073159929365, 297, 1071488, 1000000, 0.009695887565612793, 0.7988936305046082
3798, 3.574039587234438, 4, 40.177160657942295, 297, 1071785, 1000000, 0.010357887484133244, 0.7971068024635315
3799, 3.710210940011166, 4, 40.18837862368673, 297, 1072082, 1000000, 0.010586350224912167, 0.7957814335823059
3800, -1.1981528245087247, 2, 30.484090897254646, 225, 1072307, 1000000, 0.009567983448505402, 0.7879142761230469
3801, 2.598276048152691, 4, 40.15149783436209, 291, 1072598, 1000000, 0.010743342339992523, 0.7987664937973022
3802, -3.09608365339227, 2, 9.54772347630933, 67, 1072665, 1000000, 0.009003267623484135, 0.7917000651359558
3803, 2.875799633866336, 4, 40.13972385879606, 292, 1072957, 1000000, 0.010629408992826939, 0.8011603951454163
3804, 2.6807019380776183, 4, 40.15083617530763, 293, 1073250, 1000000, 0.01082996092736721, 0.8084953427314758
3805, 3.148495616382206, 4, 40.10991988796741, 292, 1073542, 1000000, 0.009840255603194237, 0.7918905019760132
3806, 3.0367081650401815, 4, 40.12962811719626, 292, 1073834, 1000000, 0.010611151345074177, 0.8045817017555237
3807, 3.2343236203068955, 4, 40.10607892880216, 292, 1074126, 1000000, 0.009887204505503178, 0.8016115427017212
3808, 3.4886200167643437, 4, 40.186227430123836, 294, 1074420, 1000000, 0.010873991996049881, 0.794674277305603
3809, 2.625203004161449, 4, 40.08649036986753, 293, 1074713, 1000000, 0.010373130440711975, 0.8002585768699646
3810, 3.623209750265005, 4, 40.17902093194425, 294, 1075007, 1000000, 0.009931454434990883, 0.7907882332801819
3811, 2.868976274265151, 4, 40.14189889514819, 292, 1075299, 1000000, 0.0097441915422678, 0.7988726496696472
3812, 2.48203472806199, 4, 40.118922354187816, 294, 1075593, 1000000, 0.0110241724178195, 0.7907524704933167
3813, 2.979880165904433, 4, 40.18914968287572, 293, 1075886, 1000000, 0.010686179623007774, 0.7780027389526367
3814, 3.369656512144502, 4, 40.119795782957226, 293, 1076179, 1000000, 0.010214999318122864, 0.7900904417037964
3815, 3.3981947495667555, 4, 40.190623726695776, 295, 1076474, 1000000, 0.010681177489459515, 0.7734584808349609
3816, 3.404439567348163, 4, 40.10426794458181, 291, 1076765, 1000000, 0.009616412222385406, 0.7749267220497131
3817, 2.983421085868031, 4, 40.07710908725858, 294, 1077059, 1000000, 0.01061071828007698, 0.7883371114730835
3818, 2.774562974346054, 4, 40.12652819696814, 294, 1077353, 1000000, 0.010074115358293056, 0.7990794777870178
3819, 3.3384230087322067, 4, 40.10768537502736, 294, 1077647, 1000000, 0.009639724157750607, 0.8008204102516174
3820, 3.383602696863818, 4, 40.17395490827039, 295, 1077942, 1000000, 0.009814020246267319, 0.7778725028038025
3821, 3.4112745650691068, 4, 40.163032916374505, 295, 1078237, 1000000, 0.010212752036750317, 0.7934472560882568
3822, 3.5069842528628214, 4, 40.08150355005637, 294, 1078531, 1000000, 0.01005437970161438, 0.7835608124732971
3823, 2.882703493916779, 4, 40.16754253488034, 294, 1078825, 1000000, 0.010117958299815655, 0.7791929244995117
3824, 2.575175037343797, 4, 40.08227228978649, 295, 1079120, 1000000, 0.009604060091078281, 0.7784876227378845
3825, 3.3955764553356858, 4, 40.13592363381758, 295, 1079415, 1000000, 0.010622064583003521, 0.7862305641174316
3826, 2.876966277253814, 4, 40.1032042670995, 295, 1079710, 1000000, 0.009709421545267105, 0.7821884751319885
3827, 3.612975270685638, 4, 40.132292532827705, 296, 1080006, 1000000, 0.009462937712669373, 0.7717447280883789
3828, 3.4093760701143765, 4, 40.06834295997396, 295, 1080301, 1000000, 0.0096117053180933, 0.7915034890174866
3829, 3.4049890770902493, 4, 40.10780534893274, 296, 1080597, 1000000, 0.010129768401384354, 0.769275963306427
3830, 3.16590723320337, 4, 40.161937972996384, 294, 1080891, 1000000, 0.009822707623243332, 0.7863534688949585
3831, 2.881715432402416, 4, 40.18687930237502, 293, 1081184, 1000000, 0.009639141149818897, 0.7912312746047974
3832, 3.657263076342133, 4, 40.139115286991, 296, 1081480, 1000000, 0.00981069914996624, 0.7902043461799622
3833, 3.422961111435143, 4, 40.14224136294797, 293, 1081773, 1000000, 0.010096936486661434, 0.7716615200042725
3834, 2.921821977699665, 4, 40.209373879246414, 295, 1082068, 1000000, 0.008885009214282036, 0.771693766117096
3835, 3.303544623435073, 4, 40.105601909104735, 296, 1082364, 1000000, 0.009817955084145069, 0.771519124507904
3836, 3.4239022705251045, 4, 40.132389386650175, 296, 1082660, 1000000, 0.008860887959599495, 0.7722532153129578
3837, 3.436898720519821, 4, 40.06584383873269, 295, 1082955, 1000000, 0.009889930486679077, 0.7641050219535828
3838, 2.868423504547536, 4, 40.1764310002327, 295, 1083250, 1000000, 0.010015827603638172, 0.7805278301239014
3839, 3.290844055954949, 4, 40.08206480788067, 296, 1083546, 1000000, 0.010122343897819519, 0.7725397944450378
3840, 3.6634968010912417, 4, 40.19219532003626, 296, 1083842, 1000000, 0.01015507522970438, 0.7752700448036194
3841, 3.477272892007022, 4, 40.126371008809656, 296, 1084138, 1000000, 0.009497672319412231, 0.7617384195327759
3842, 2.567419314691506, 4, 40.142800683155656, 294, 1084432, 1000000, 0.009809848852455616, 0.7744159698486328
3843, 3.4822213835268485, 4, 40.17362178908661, 296, 1084728, 1000000, 0.009290255606174469, 0.7757588624954224
3844, 3.0284057882272464, 4, 40.12383227935061, 296, 1085024, 1000000, 0.009822780266404152, 0.7623785734176636
3845, 3.477532702465396, 4, 40.15175207098946, 296, 1085320, 1000000, 0.009297135286033154, 0.7762054204940796
3846, 3.2450548551823886, 4, 40.11301387893036, 295, 1085615, 1000000, 0.010138703510165215, 0.7577908635139465
3847, 3.0244545204623137, 4, 40.128323800861835, 296, 1085911, 1000000, 0.010252922773361206, 0.7786714434623718
3848, 2.669398852879567, 4, 40.1816637609154, 297, 1086208, 1000000, 0.008862811140716076, 0.7577848434448242
3849, 2.3578679903321245, 4, 40.15513608511537, 296, 1086504, 1000000, 0.009346641600131989, 0.7561897039413452
3850, 2.9969163929345086, 4, 40.202749432995915, 297, 1086801, 1000000, 0.010219402611255646, 0.7603123784065247
3851, 3.2549106242736343, 4, 40.17253611981869, 296, 1087097, 1000000, 0.009705392643809319, 0.7581820487976074
3852, 2.9290882537734433, 4, 40.126530446112156, 295, 1087392, 1000000, 0.010279679670929909, 0.7552096843719482
3853, 3.5068159394440954, 4, 40.0909733469598, 295, 1087687, 1000000, 0.009627919644117355, 0.7635939717292786
3854, 3.335657149691542, 4, 40.1001011589542, 295, 1087982, 1000000, 0.00963238812983036, 0.761585533618927
3855, 3.118433623938472, 4, 40.15975620690733, 295, 1088277, 1000000, 0.009333535097539425, 0.7616676092147827
3856, 3.6624511288955546, 4, 40.15908374497667, 294, 1088571, 1000000, 0.009498034603893757, 0.7457017302513123
3857, 3.412700806014982, 4, 40.1060790065676, 296, 1088867, 1000000, 0.009990188293159008, 0.7330658435821533
3858, 3.0910028843882174, 4, 40.14011626690626, 297, 1089164, 1000000, 0.009742751717567444, 0.7516900897026062
3859, 3.3068218671432987, 4, 40.069198187906295, 296, 1089460, 1000000, 0.009275288321077824, 0.7691397666931152
3860, 3.216246589727234, 4, 40.0805998807773, 296, 1089756, 1000000, 0.00925938319414854, 0.7500640153884888
3861, 2.8039498060134065, 4, 40.142711645923555, 296, 1090052, 1000000, 0.009420027956366539, 0.7464643120765686
3862, 3.2079966767009864, 4, 40.0745051256381, 296, 1090348, 1000000, 0.009847352281212807, 0.7473872900009155
3863, 3.050299679111049, 4, 40.07378995604813, 296, 1090644, 1000000, 0.010082732886075974, 0.7523403167724609
3864, 3.2473720672242052, 4, 40.125040555838495, 296, 1090940, 1000000, 0.00917872041463852, 0.7515935897827148
3865, 2.8018618278547365, 4, 40.06049946881831, 296, 1091236, 1000000, 0.009259398095309734, 0.7509803175926208
3866, -0.6751763939973898, 2, 33.109355667140335, 244, 1091480, 1000000, 0.009309007786214352, 0.7629014849662781
3867, 3.239753562797887, 4, 40.1498319208622, 297, 1091777, 1000000, 0.009948168881237507, 0.7605351209640503
3868, 3.3481661267214804, 4, 40.199508484918624, 297, 1092074, 1000000, 0.009453212842345238, 0.7529251575469971
3869, 2.8127390576846665, 4, 40.11986354365945, 297, 1092371, 1000000, 0.00986572913825512, 0.7415751218795776
3870, 3.8718359420381603, 4, 40.070720647927374, 296, 1092667, 1000000, 0.00987847801297903, 0.7496538162231445
3871, 3.6306916752637335, 4, 40.18334602098912, 297, 1092964, 1000000, 0.009061751887202263, 0.7427403926849365
3872, 3.7759403233679905, 4, 40.16638296190649, 297, 1093261, 1000000, 0.009303607046604156, 0.7472512722015381
3873, 0.620789462904213, 4, 40.0963647859171, 298, 1093559, 1000000, 0.009301289916038513, 0.7381202578544617
3874, 3.156654172868002, 4, 40.171498709358275, 297, 1093856, 1000000, 0.009515568614006042, 0.7476946711540222
3875, 2.8164010075670376, 4, 40.09751543216407, 297, 1094153, 1000000, 0.009280338883399963, 0.7330807447433472
3876, 3.634379814749991, 4, 40.09155889833346, 296, 1094449, 1000000, 0.009013772010803223, 0.7291119694709778
3877, 3.46012409913601, 4, 40.13210893701762, 296, 1094745, 1000000, 0.009342143312096596, 0.739004373550415
3878, 3.2955552315506793, 4, 40.14787187706679, 297, 1095042, 1000000, 0.009663349948823452, 0.7313743829727173
3879, 2.971427384429262, 4, 40.115590122994035, 297, 1095339, 1000000, 0.01018606498837471, 0.7521098256111145
3880, 3.1240178636553537, 4, 40.09126484300941, 296, 1095635, 1000000, 0.009481390938162804, 0.7316596508026123
3881, 3.17873999452695, 4, 40.17731916625053, 297, 1095932, 1000000, 0.008996673859655857, 0.737457811832428
3882, 3.31547655347822, 4, 40.12576474715024, 297, 1096229, 1000000, 0.010036634281277657, 0.7436836957931519
3883, 2.939868532343098, 4, 40.10831189388409, 297, 1096526, 1000000, 0.009264863096177578, 0.7528403997421265
3884, 2.5337304147542454, 4, 40.067325175739825, 296, 1096822, 1000000, 0.009389556013047695, 0.7260299324989319
3885, 3.307177891916581, 4, 40.064904941711575, 295, 1097117, 1000000, 0.009185058064758778, 0.7216075658798218
3886, 3.063446722291701, 4, 40.087055433075875, 296, 1097413, 1000000, 0.009306153282523155, 0.7217851877212524
3887, 3.4261518823004735, 4, 40.06695274217054, 296, 1097709, 1000000, 0.00912588182836771, 0.7300203442573547
3888, 3.578778943104453, 4, 40.18975057080388, 297, 1098006, 1000000, 0.009362791664898396, 0.7282918691635132
3889, 3.6901806074492924, 4, 40.113573404960334, 297, 1098303, 1000000, 0.008943967521190643, 0.7382773160934448
3890, 3.0682047783011512, 4, 40.08228529524058, 297, 1098600, 1000000, 0.009303693659603596, 0.7333499193191528
3891, 3.8704965157648985, 4, 40.10095793195069, 296, 1098896, 1000000, 0.009179918095469475, 0.7321169376373291
3892, 3.3518486720495275, 4, 40.09142498113215, 296, 1099192, 1000000, 0.01007338147610426, 0.7336843609809875
3893, 3.287315408451832, 4, 40.159001810941845, 297, 1099489, 1000000, 0.009323258884251118, 0.7253062129020691
3894, 2.9151933641478536, 4, 40.132129330188036, 297, 1099786, 1000000, 0.009411792270839214, 0.7228662371635437
3895, 1.578016198676778, 4, 40.08211760595441, 295, 1100081, 1000000, 0.009107775054872036, 0.7407661080360413
3896, 3.386696189414806, 4, 40.19219277892262, 297, 1100378, 1000000, 0.009319698438048363, 0.7253000736236572
3897, 2.3833513921456415, 4, 40.142095257062465, 297, 1100675, 1000000, 0.00941183790564537, 0.7127042412757874
3898, 3.022688362530971, 4, 40.16182223102078, 296, 1100971, 1000000, 0.009669378399848938, 0.7157331109046936
3899, 3.3909711180131126, 4, 40.074079238809645, 296, 1101267, 1000000, 0.00926809199154377, 0.7205644249916077
3900, 3.0879573788843118, 4, 40.12013626098633, 296, 1101563, 1000000, 0.00958790723234415, 0.72162264585495
3901, 3.4628500450016872, 4, 40.1094103269279, 293, 1101856, 1000000, 0.009001631289720535, 0.7114046812057495
3902, 3.338309188504354, 4, 40.10577258979902, 293, 1102149, 1000000, 0.010025563649833202, 0.7126734852790833
3903, 3.3306927228259156, 4, 40.10412145406008, 295, 1102444, 1000000, 0.008693997748196125, 0.7156679034233093
3904, 3.136931643515709, 4, 40.10296950675547, 294, 1102738, 1000000, 0.00946870632469654, 0.7216500639915466
3905, 2.7864630222466076, 4, 40.19157659588382, 294, 1103032, 1000000, 0.009537155739963055, 0.7054494619369507
3906, 3.4316259630595596, 4, 40.170506990049034, 292, 1103324, 1000000, 0.009269114583730698, 0.717684805393219
3907, 3.501378072623993, 4, 40.11313447635621, 295, 1103619, 1000000, 0.009327047504484653, 0.7091188430786133
3908, 2.8792640083447623, 4, 40.153672635089606, 296, 1103915, 1000000, 0.009065915830433369, 0.7030256390571594
3909, 2.8658257302231505, 4, 40.115449741948396, 295, 1104210, 1000000, 0.008955803699791431, 0.7144215106964111
3910, 2.9792316222174122, 4, 40.17921489663422, 296, 1104506, 1000000, 0.008625844493508339, 0.7122423052787781
3911, 3.3316171222941193, 4, 40.10979210212827, 295, 1104801, 1000000, 0.009037071838974953, 0.7200026512145996
3912, 2.9542105684076887, 4, 40.18631925433874, 295, 1105096, 1000000, 0.009022103622555733, 0.7089838981628418
3913, 2.9170590213834657, 4, 40.10967467818409, 295, 1105391, 1000000, 0.008793585002422333, 0.7028462886810303
3914, 3.141278729424812, 4, 40.13303653802723, 296, 1105687, 1000000, 0.008873971179127693, 0.709224283695221
3915, 2.5616218220602605, 4, 40.14385076891631, 296, 1105983, 1000000, 0.009432721883058548, 0.7017154097557068
3916, 2.8366900240653194, 4, 40.09248758293688, 295, 1106278, 1000000, 0.009072195738554, 0.7152774333953857
3917, 3.0503116646832495, 4, 40.164721911307424, 296, 1106574, 1000000, 0.009036233648657799, 0.704118549823761
3918, 3.592924399590629, 4, 40.182954577263445, 296, 1106870, 1000000, 0.00892303790897131, 0.6995062232017517
3919, 2.6304005431265978, 4, 40.13155404198915, 296, 1107166, 1000000, 0.009667751379311085, 0.7070574164390564
3920, 3.5683519255885585, 4, 40.099573865067214, 296, 1107462, 1000000, 0.008984657935798168, 0.6998403072357178
3921, 2.716688633441663, 4, 40.0779525320977, 295, 1107757, 1000000, 0.00841030478477478, 0.6939483880996704
3922, -1.2641387573094107, 2, 38.194690437056124, 282, 1108039, 1000000, 0.008593038655817509, 0.7091220021247864
3923, 3.3180259285509237, 4, 40.07799993129447, 295, 1108334, 1000000, 0.008794555440545082, 0.6966891288757324
3924, 3.2039746899317834, 4, 40.08258125092834, 295, 1108629, 1000000, 0.008527482859790325, 0.7003376483917236
3925, 3.00977270801377, 4, 40.187337953131646, 297, 1108926, 1000000, 0.008847745135426521, 0.700013279914856
3926, 3.621772675347529, 4, 40.06500837020576, 296, 1109222, 1000000, 0.009072458371520042, 0.7063708901405334
3927, 3.2491704657004448, 4, 40.14928568294272, 297, 1109519, 1000000, 0.009570875205099583, 0.6998393535614014
3928, 3.1334198634122004, 4, 40.12383129494265, 296, 1109815, 1000000, 0.008739924989640713, 0.6992855072021484
3929, 3.4816072891226213, 4, 40.18935344694182, 297, 1110112, 1000000, 0.00869956985116005, 0.6947877407073975
3930, 3.4165340761537664, 4, 40.11460633482784, 297, 1110409, 1000000, 0.00871170312166214, 0.7031447291374207
3931, 2.927287432671619, 4, 40.081998710054904, 296, 1110705, 1000000, 0.009179763495922089, 0.6790090203285217
3932, 2.6124579567767796, 4, 40.13503127777949, 295, 1111000, 1000000, 0.008950211107730865, 0.6742457151412964
3933, 3.17014218746408, 4, 40.10327922832221, 296, 1111296, 1000000, 0.008721106685698032, 0.6854985952377319
3934, 3.557104276434984, 4, 40.14559122407809, 296, 1111592, 1000000, 0.009004996158182621, 0.6885209083557129
3935, 3.273287358642847, 4, 40.08872552588582, 296, 1111888, 1000000, 0.009470575489103794, 0.6887301802635193
3936, 3.507186863447714, 4, 40.062401954084635, 295, 1112183, 1000000, 0.009413037449121475, 0.6871910095214844
3937, 2.950944100939523, 4, 40.08037066506222, 295, 1112478, 1000000, 0.009414670057594776, 0.686678946018219
3938, 3.4272996567488008, 4, 40.203066440764815, 296, 1112774, 1000000, 0.008703594096004963, 0.6881586313247681
3939, 3.2020471707892284, 4, 40.11534976400435, 294, 1113068, 1000000, 0.00947786308825016, 0.6837345361709595
3940, 3.502137400480933, 4, 40.10455026617274, 296, 1113364, 1000000, 0.009209350682795048, 0.6712839007377625
3941, 2.74746091326233, 4, 40.172085301950574, 293, 1113657, 1000000, 0.008738892152905464, 0.6768924593925476
3942, 3.614438805665486, 4, 40.149119800888, 297, 1113954, 1000000, 0.008815273642539978, 0.6786766648292542
3943, 3.670658924645977, 4, 40.16847616201267, 297, 1114251, 1000000, 0.008662664331495762, 0.6730422973632812
3944, 3.0752730583080847, 4, 40.13826501555741, 297, 1114548, 1000000, 0.009358595125377178, 0.6769571304321289
3945, 2.9099445367901353, 4, 40.20140940602869, 297, 1114845, 1000000, 0.009033553302288055, 0.6658275723457336
3946, 3.449529711244395, 4, 40.07091514766216, 296, 1115141, 1000000, 0.008876347914338112, 0.6708418130874634
3947, 2.082177216125274, 4, 40.128676291089505, 296, 1115437, 1000000, 0.008389651775360107, 0.6778236627578735
3948, 2.904575392785773, 4, 40.13306878320873, 296, 1115733, 1000000, 0.008665632456541061, 0.668168842792511
3949, 3.795669962152715, 4, 40.10143939172849, 296, 1116029, 1000000, 0.00994503777474165, 0.678500771522522
3950, 3.375436849964899, 4, 40.13366100285202, 296, 1116325, 1000000, 0.009141666814684868, 0.6660558581352234
3951, 3.413884036079537, 4, 40.16140752704814, 296, 1116621, 1000000, 0.009191742166876793, 0.6728336215019226
3952, 2.6348125933727715, 4, 40.12414762284607, 297, 1116918, 1000000, 0.008575120009481907, 0.6790501475334167
3953, 3.4103198687344047, 4, 40.10093135619536, 297, 1117215, 1000000, 0.00899199303239584, 0.6535322666168213
3954, 2.622409059185884, 4, 40.17081698589027, 297, 1117512, 1000000, 0.008599912747740746, 0.6710581183433533
3955, 3.001843497993832, 4, 40.052947929594666, 296, 1117808, 1000000, 0.008668064139783382, 0.6553117632865906
3956, 3.4950663413328584, 4, 40.10155147826299, 297, 1118105, 1000000, 0.008652149699628353, 0.6724715828895569
3957, 3.0587830009155823, 4, 40.18105638213456, 297, 1118402, 1000000, 0.009046223945915699, 0.6763343811035156
3958, 3.0364193093028007, 4, 40.10915953014046, 297, 1118699, 1000000, 0.00927064660936594, 0.6591503024101257
3959, 3.0179781314836873, 4, 40.08105413010344, 296, 1118995, 1000000, 0.008685639128088951, 0.6539278030395508
3960, 3.258115686806377, 4, 40.17519251909107, 297, 1119292, 1000000, 0.008976845070719719, 0.6797885298728943
3961, 3.8415551071229856, 4, 40.1437870580703, 296, 1119588, 1000000, 0.00833840575069189, 0.6572452783584595
3962, 2.9118414539971127, 4, 40.113911433145404, 296, 1119884, 1000000, 0.008850577287375927, 0.6523476839065552
3963, 3.6907043466726464, 4, 40.056280967313796, 296, 1120180, 1000000, 0.008548637852072716, 0.6611372232437134
3964, 3.679158904524229, 4, 40.157585551030934, 297, 1120477, 1000000, 0.008476068265736103, 0.6538705229759216
3965, 3.728320927120876, 4, 40.17610894376412, 297, 1120774, 1000000, 0.008686275221407413, 0.6654655337333679
3966, 3.252897853486502, 4, 40.127055479213595, 296, 1121070, 1000000, 0.008766294457018375, 0.6636731624603271
3967, 3.282097242787131, 4, 40.055858050938696, 296, 1121366, 1000000, 0.008518789894878864, 0.6459745168685913
3968, 3.645507854727839, 4, 40.151079148985445, 297, 1121663, 1000000, 0.008213832043111324, 0.6679102182388306
3969, 3.4191095856231186, 4, 40.103713762015104, 296, 1121959, 1000000, 0.008565506897866726, 0.6694707870483398
3970, 3.41234727477422, 4, 40.07783099729568, 296, 1122255, 1000000, 0.009015658870339394, 0.6512981057167053
3971, 2.9166390457839952, 4, 40.1746929991059, 297, 1122552, 1000000, 0.008664571680128574, 0.6583684086799622
3972, 2.878261463541662, 4, 40.185174759011716, 298, 1122850, 1000000, 0.00875177513808012, 0.6559691429138184
3973, 3.3114284703333396, 4, 40.1897313548252, 298, 1123148, 1000000, 0.009362390264868736, 0.6615508794784546
3974, -2.22175392776262, 2, 13.081735194195062, 94, 1123242, 1000000, 0.009441372007131577, 0.6597809195518494
3975, 3.3869136592838913, 4, 40.14934785896912, 297, 1123539, 1000000, 0.008338527753949165, 0.6478878855705261
3976, 3.302831931675314, 4, 40.146243719849735, 297, 1123836, 1000000, 0.008959910832345486, 0.6733731627464294
3977, 3.216381414604257, 4, 40.154463117942214, 295, 1124131, 1000000, 0.008432752452790737, 0.6489343643188477
3978, 3.280172146246514, 4, 40.18292373046279, 297, 1124428, 1000000, 0.008944778703153133, 0.6462585926055908
3979, 3.2998555493068125, 4, 40.1112540429458, 296, 1124724, 1000000, 0.008733527734875679, 0.6375246047973633
3980, 3.0848936333859456, 4, 40.12472063861787, 297, 1125021, 1000000, 0.0084946658462286, 0.6547496914863586
3981, 3.178416741313498, 4, 40.06308874487877, 296, 1125317, 1000000, 0.009029374457895756, 0.6469991207122803
3982, 3.16093936312609, 4, 40.13503958424553, 297, 1125614, 1000000, 0.00861446838825941, 0.6519792079925537
3983, 3.6459870393353526, 4, 40.15130185103044, 297, 1125911, 1000000, 0.008369307033717632, 0.6441084146499634
3984, 3.621772269005305, 4, 40.13224979257211, 297, 1126208, 1000000, 0.008499370887875557, 0.6384077072143555
3985, 3.3305647136376137, 4, 40.17034452036023, 297, 1126505, 1000000, 0.009372254833579063, 0.6608882546424866
3986, 3.6638953100828076, 4, 40.197038971818984, 297, 1126802, 1000000, 0.00863438006490469, 0.6339468359947205
3987, 3.4734766591318476, 4, 40.13716716784984, 297, 1127099, 1000000, 0.008387272246181965, 0.6309123635292053
3988, 3.2386278131198196, 4, 40.093008373863995, 297, 1127396, 1000000, 0.008086277171969414, 0.649592936038971
3989, 2.853332118000253, 4, 40.11841464834288, 296, 1127692, 1000000, 0.008456037379801273, 0.6410064697265625
3990, 2.7811362485267637, 4, 40.17608995502815, 297, 1127989, 1000000, 0.008744779974222183, 0.6405112743377686
3991, 3.9151167412146606, 4, 40.10867493180558, 297, 1128286, 1000000, 0.008655153214931488, 0.6498143076896667
3992, 2.9174399155281208, 4, 40.08863609004766, 297, 1128583, 1000000, 0.009178856387734413, 0.6355279684066772
3993, 3.5287357237380093, 4, 40.13425629772246, 297, 1128880, 1000000, 0.00922777596861124, 0.6361528635025024
3994, 3.117328039414133, 4, 40.06614036671817, 296, 1129176, 1000000, 0.008734780363738537, 0.6485459208488464
3995, 3.2407971322294316, 4, 40.11526223598048, 297, 1129473, 1000000, 0.008355425670742989, 0.638580858707428
3996, 3.0371515254742008, 4, 40.15548307495192, 297, 1129770, 1000000, 0.008039306849241257, 0.6312201619148254
3997, 3.46988862960643, 4, 40.09519989229739, 296, 1130066, 1000000, 0.00915141124278307, 0.6459469199180603
3998, 3.8732086315449124, 4, 40.16524741984904, 297, 1130363, 1000000, 0.008542166091501713, 0.6324290037155151
3999, 2.434084157102916, 4, 40.18736578570679, 297, 1130660, 1000000, 0.008443276397883892, 0.6237702965736389
4000, 3.4533408555580536, 4, 40.14232341712341, 297, 1130957, 1000000, 0.008970425464212894, 0.6292394399642944
4001, 3.43579099087583, 4, 40.06576079316437, 296, 1131253, 1000000, 0.009057898074388504, 0.626755952835083
4002, 3.3544384027154592, 4, 40.13049461413175, 296, 1131549, 1000000, 0.008558295667171478, 0.6339269280433655
4003, 3.670314138771573, 4, 40.1749315969646, 297, 1131846, 1000000, 0.00865752249956131, 0.6268153786659241
4004, 3.452281951025725, 4, 40.10888173105195, 297, 1132143, 1000000, 0.008212638087570667, 0.6232476830482483
4005, 3.0036627799890994, 4, 40.07939267670736, 296, 1132439, 1000000, 0.008008851669728756, 0.6221171021461487
4006, 3.260338872569264, 4, 40.19705064082518, 297, 1132736, 1000000, 0.009015903808176517, 0.6184332966804504
4007, 3.3438629197189584, 4, 40.08829930005595, 296, 1133032, 1000000, 0.008218884468078613, 0.6273131966590881
4008, 3.4531176343116385, 4, 40.14885432412848, 296, 1133328, 1000000, 0.008073341101408005, 0.6272714734077454
4009, 3.0715369340323377, 4, 40.158282198011875, 297, 1133625, 1000000, 0.008800886571407318, 0.6297194361686707
4010, 2.3424664325812046, 4, 40.07411877671257, 296, 1133921, 1000000, 0.0089157959446311, 0.6131951212882996
4011, 3.6729721535764384, 4, 40.10547619732097, 297, 1134218, 1000000, 0.008339622989296913, 0.6090409755706787
4012, 3.258955961326137, 4, 40.172063475009054, 298, 1134516, 1000000, 0.008862312883138657, 0.6143971681594849
4013, 3.058488453494647, 4, 40.16644800128415, 297, 1134813, 1000000, 0.008715427480638027, 0.6204010248184204
4014, 3.3391656338264966, 4, 40.1580343991518, 297, 1135110, 1000000, 0.008859717287123203, 0.6159273982048035
4015, 3.0810495782498037, 4, 40.1381549090147, 297, 1135407, 1000000, 0.008930698037147522, 0.6118449568748474
4016, 3.5210277217483963, 4, 40.14896820997819, 297, 1135704, 1000000, 0.008525379933416843, 0.6175454258918762
4017, 3.433507440136964, 4, 40.16697748191655, 297, 1136001, 1000000, 0.008017545565962791, 0.6164411902427673
4018, 2.411110417218879, 4, 40.17974439403042, 298, 1136299, 1000000, 0.008974160067737103, 0.6007648706436157
4019, 3.184995610563419, 4, 40.07301469705999, 296, 1136595, 1000000, 0.008564918301999569, 0.6061144471168518
4020, 3.0787392825977804, 4, 40.13333625206724, 297, 1136892, 1000000, 0.008060267195105553, 0.6150433421134949
4021, 2.796368780052944, 4, 40.14113747701049, 297, 1137189, 1000000, 0.008263589814305305, 0.6198802590370178
4022, 3.3704085886602115, 4, 40.170964712742716, 298, 1137487, 1000000, 0.00854742806404829, 0.6172787547111511
4023, 2.9268813538747054, 4, 40.18628058815375, 297, 1137784, 1000000, 0.009025638923048973, 0.6152963638305664
4024, 3.2002919061651482, 4, 40.15638272371143, 297, 1138081, 1000000, 0.008253920823335648, 0.6216508746147156
4025, 3.0700819954145118, 4, 40.15864882012829, 297, 1138378, 1000000, 0.007753739133477211, 0.6092668771743774
4026, 3.327083649389351, 4, 40.09708240721375, 297, 1138675, 1000000, 0.0076743257232010365, 0.6203542351722717
4027, 3.7003965900330513, 4, 40.114523236174136, 296, 1138971, 1000000, 0.008295658975839615, 0.6166869401931763
4028, 2.8412163756220252, 4, 40.06888085324317, 296, 1139267, 1000000, 0.008245090954005718, 0.6113073825836182
4029, -0.9559656559722498, 2, 22.751985969021916, 167, 1139434, 1000000, 0.007814868353307247, 0.6106647253036499
4030, 3.456146175143658, 4, 40.11511652730405, 297, 1139731, 1000000, 0.008639060892164707, 0.6093258857727051
4031, 3.4743156239435393, 4, 40.16269701672718, 297, 1140028, 1000000, 0.008459018543362617, 0.6033892631530762
4032, 2.5855969315816765, 4, 40.12002200866118, 298, 1140326, 1000000, 0.008732235059142113, 0.6046807169914246
4033, 3.2832170886322274, 4, 40.138758262153715, 298, 1140624, 1000000, 0.00848044641315937, 0.5909503102302551
4034, 3.2482174301330815, 4, 40.05161267798394, 296, 1140920, 1000000, 0.007703285664319992, 0.5912298560142517
4035, 3.3876186791603686, 4, 40.10993576562032, 297, 1141217, 1000000, 0.008731730282306671, 0.6005445122718811
4036, 3.4234907800182555, 4, 40.171101386193186, 297, 1141514, 1000000, 0.008360388688743114, 0.5971219539642334
4037, -5.672425719734747, 2, 39.770456665195525, 296, 1141810, 1000000, 0.0081583671271801, 0.6023300886154175
4038, 3.0475316406445927, 4, 40.18718732567504, 298, 1142108, 1000000, 0.008521247655153275, 0.6175374984741211
4039, 3.3771666507873306, 4, 40.14828964136541, 297, 1142405, 1000000, 0.007867063395678997, 0.6032899022102356
4040, 3.2718061531195417, 4, 40.13057025708258, 297, 1142702, 1000000, 0.008630669675767422, 0.6096623539924622
4041, 3.13761071487977, 4, 40.111146074254066, 297, 1142999, 1000000, 0.00840815156698227, 0.5984014868736267
4042, 2.935761660210119, 4, 40.16393394069746, 297, 1143296, 1000000, 0.008497372269630432, 0.6008463501930237
4043, 2.8965760024912015, 4, 40.06635630130768, 297, 1143593, 1000000, 0.008614370599389076, 0.6053099036216736
4044, 3.536176535402774, 4, 40.17180577898398, 297, 1143890, 1000000, 0.008166984654963017, 0.6044067740440369
4045, 3.1038896991960883, 4, 40.14519476285204, 297, 1144187, 1000000, 0.008567444048821926, 0.5906286239624023
4046, 3.413762111927099, 4, 40.19511473784223, 298, 1144485, 1000000, 0.00839716475456953, 0.5793529748916626
4047, 3.5487271671219673, 4, 40.14536115480587, 297, 1144782, 1000000, 0.008435316383838654, 0.5869709253311157
4048, -1.2558274957409594, 2, 39.66183845186606, 294, 1145076, 1000000, 0.008303039707243443, 0.5989429950714111
4049, 3.42729486105236, 4, 40.133815553970635, 293, 1145369, 1000000, 0.007841095328330994, 0.5862970948219299
4050, 3.4160240734127, 4, 40.190820845775306, 297, 1145666, 1000000, 0.008117620833218098, 0.594136118888855
4051, 2.7917828182544326, 4, 40.11239474499598, 294, 1145960, 1000000, 0.0083448002114892, 0.5914655923843384
4052, 3.572901165059193, 4, 40.06674725795165, 297, 1146257, 1000000, 0.007819760590791702, 0.586679220199585
4053, 3.344562406236946, 4, 40.27458273014054, 298, 1146555, 1000000, 0.008150254376232624, 0.575157105922699
4054, 3.139551101019606, 4, 40.063048989046365, 296, 1146851, 1000000, 0.008599866181612015, 0.5901203751564026
4055, 3.572600204464834, 4, 40.17257810663432, 296, 1147147, 1000000, 0.007959889248013496, 0.5892366170883179
4056, 3.48273859253095, 4, 40.090404035989195, 296, 1147443, 1000000, 0.0077345469035208225, 0.5894676446914673
4057, 2.869644609950228, 4, 40.15655602095649, 298, 1147741, 1000000, 0.007914181798696518, 0.5786314010620117
4058, 3.0022100301866885, 4, 40.1630136477761, 298, 1148039, 1000000, 0.008225074969232082, 0.5847187638282776
4059, 3.5280983969646513, 4, 40.1201958921738, 297, 1148336, 1000000, 0.007890895940363407, 0.5888015031814575
4060, 2.6265079504337336, 4, 40.08461423404515, 297, 1148633, 1000000, 0.00810893066227436, 0.5884193778038025
4061, 3.064608386463078, 4, 40.12398879695684, 297, 1148930, 1000000, 0.008396378718316555, 0.5818442702293396
4062, 3.0632139290009945, 4, 40.078876744024456, 296, 1149226, 1000000, 0.008343648165464401, 0.5869472026824951
4063, -1.0865208544801135, 2, 40.11329184612259, 297, 1149523, 1000000, 0.007735197898000479, 0.5951502919197083
4064, 3.318631777277915, 4, 40.13388160802424, 297, 1149820, 1000000, 0.007947343401610851, 0.5815680027008057
4065, 3.219782757757912, 4, 40.08010858017951, 297, 1150117, 1000000, 0.00797729566693306, 0.596319317817688
4066, 2.725253778041292, 4, 40.068066098261625, 297, 1150414, 1000000, 0.007956215180456638, 0.5814612507820129
4067, 3.495660714742371, 4, 40.11507529485971, 297, 1150711, 1000000, 0.00795372948050499, 0.5772343277931213
4068, 3.735256302228663, 4, 40.13450684584677, 297, 1151008, 1000000, 0.008000191301107407, 0.5940281748771667
4069, 2.8606536663792212, 4, 40.075715405866504, 297, 1151305, 1000000, 0.008024217560887337, 0.5867640972137451
4070, 3.2247811161068967, 4, 40.10401689261198, 297, 1151602, 1000000, 0.007989710196852684, 0.575362503528595
4071, 3.912413669000671, 4, 40.171404774766415, 298, 1151900, 1000000, 0.008218553848564625, 0.5733426213264465
4072, 3.500758330728786, 4, 40.04894004203379, 297, 1152197, 1000000, 0.00796925276517868, 0.5777602195739746
4073, 3.5892167753099784, 4, 40.177953011356294, 297, 1152494, 1000000, 0.007997074164450169, 0.5755911469459534
4074, 3.4662426945105835, 4, 40.108504731208086, 297, 1152791, 1000000, 0.007790403440594673, 0.5799436569213867
4075, 2.974839169793995, 4, 40.17370000900701, 298, 1153089, 1000000, 0.007932628504931927, 0.5665014386177063
4076, 3.3142757980131137, 4, 40.11081721121445, 297, 1153386, 1000000, 0.00807938165962696, 0.5804098844528198
4077, 3.0135489120848433, 4, 40.08678355999291, 296, 1153682, 1000000, 0.008321835659444332, 0.5820596814155579
4078, 3.686929117726322, 4, 40.15953584574163, 297, 1153979, 1000000, 0.008559196256101131, 0.5762494802474976
4079, 2.728927795717027, 4, 40.159452742896974, 297, 1154276, 1000000, 0.007989191450178623, 0.5670731663703918
4080, 2.963495129091825, 4, 40.10419896617532, 297, 1154573, 1000000, 0.008244819939136505, 0.5678632259368896
4081, 3.169693350625039, 4, 40.118151226080954, 297, 1154870, 1000000, 0.008588566444814205, 0.583999752998352
4082, 3.060724601556103, 4, 40.09022135194391, 297, 1155167, 1000000, 0.008060862310230732, 0.5718040466308594
4083, 2.9000748003963963, 4, 40.08294249884784, 296, 1155463, 1000000, 0.008436460979282856, 0.5782000422477722
4084, 3.5642569424126123, 4, 40.12336725881323, 297, 1155760, 1000000, 0.007854516617953777, 0.5658657550811768
4085, 3.227783936454216, 4, 40.15431495895609, 297, 1156057, 1000000, 0.007673680316656828, 0.5750903487205505
4086, 2.7913726408442017, 4, 40.14377330103889, 298, 1156355, 1000000, 0.007403512950986624, 0.5732877254486084
4087, 2.7715961595604313, 4, 40.10965785663575, 297, 1156652, 1000000, 0.008095172233879566, 0.5658608675003052
4088, 2.888825051191816, 4, 40.12545710103586, 297, 1156949, 1000000, 0.008041962049901485, 0.5657845735549927
4089, 3.0295143044859287, 4, 40.08269611001015, 296, 1157245, 1000000, 0.00765170669183135, 0.5613347291946411
4090, 3.378560788109098, 4, 40.111117247026414, 297, 1157542, 1000000, 0.007501048501580954, 0.564917266368866
4091, 3.457855788012239, 4, 40.04501499980688, 297, 1157839, 1000000, 0.008390105329453945, 0.5570600032806396
4092, 3.451277623498754, 4, 40.12461886089295, 297, 1158136, 1000000, 0.007966432720422745, 0.5661510229110718
4093, 3.3990108354992117, 4, 40.15476020332426, 297, 1158433, 1000000, 0.007985545322299004, 0.5578194260597229
4094, 3.27908511088026, 4, 40.140872170683, 297, 1158730, 1000000, 0.008092600852251053, 0.5534364581108093
4095, -1.1363588787062326, 2, 23.455029752105474, 172, 1158902, 1000000, 0.008259108290076256, 0.5638281106948853
4096, 2.7056082350718498, 4, 40.0911745657213, 297, 1159199, 1000000, 0.0077395993284881115, 0.5531183481216431
4097, 3.7106322656309203, 4, 40.146152595989406, 297, 1159496, 1000000, 0.007846665568649769, 0.5554565191268921
4098, 3.5683547032094793, 4, 40.158020962029696, 297, 1159793, 1000000, 0.007508740294724703, 0.5613438487052917
4099, 3.7645594487257767, 4, 40.07798372814432, 296, 1160089, 1000000, 0.008334207348525524, 0.5645633935928345
4100, 3.3527676217964455, 4, 40.12738450290635, 297, 1160386, 1000000, 0.007886361330747604, 0.5555777549743652
4101, 3.188350073789479, 4, 40.10659371782094, 294, 1160680, 1000000, 0.007604303769767284, 0.5555629134178162
4102, 2.9686293600643694, 4, 40.19167727185413, 294, 1160974, 1000000, 0.007854833267629147, 0.5442233681678772
4103, 3.1699925576831447, 4, 40.069618151988834, 295, 1161269, 1000000, 0.00774292042478919, 0.553164005279541
4104, 3.439432000464876, 4, 40.10003784485161, 295, 1161564, 1000000, 0.0071753994561731815, 0.5499277114868164
4105, 3.622487338452629, 4, 40.18891032412648, 295, 1161859, 1000000, 0.00783604383468628, 0.55339115858078
4106, 2.9734693465652526, 4, 40.12714184401557, 295, 1162154, 1000000, 0.007624997291713953, 0.5589094161987305
4107, 2.726138510650344, 4, 40.13537006499246, 296, 1162450, 1000000, 0.00837009958922863, 0.5508047342300415
4108, 3.2304889363203984, 4, 40.09192543895915, 295, 1162745, 1000000, 0.007708814460784197, 0.5573210716247559
4109, 3.3649650530751387, 4, 40.164795419201255, 297, 1163042, 1000000, 0.007562211714684963, 0.5600802302360535
4110, 3.1284555484671728, 4, 40.16003585001454, 295, 1163337, 1000000, 0.007019453682005405, 0.5526271462440491
4111, 2.872693680179509, 4, 40.11545539367944, 297, 1163634, 1000000, 0.008162056095898151, 0.5505089163780212
4112, 2.96825043311037, 4, 40.18744874885306, 296, 1163930, 1000000, 0.007843571715056896, 0.5515954494476318
4113, 3.3082373740926414, 4, 40.17279537208378, 296, 1164226, 1000000, 0.008226335048675537, 0.5409260988235474
4114, 3.5952973829198527, 4, 40.16742621175945, 297, 1164523, 1000000, 0.008338931947946548, 0.555423378944397
4115, 3.049664948914142, 4, 40.13437441829592, 296, 1164819, 1000000, 0.007718303706496954, 0.5410276651382446
4116, 2.7920875486051955, 4, 40.197519578039646, 297, 1165116, 1000000, 0.007484091445803642, 0.5440368056297302
4117, 3.06650995383643, 4, 40.06948231579736, 295, 1165411, 1000000, 0.0075646634213626385, 0.5341558456420898
4118, 2.749860883996007, 4, 40.11268288642168, 296, 1165707, 1000000, 0.008271245285868645, 0.533186137676239
4119, 3.689159404465613, 4, 40.18653317540884, 297, 1166004, 1000000, 0.007374986540526152, 0.5411809086799622
4120, 3.424373593785276, 4, 40.08439504168928, 296, 1166300, 1000000, 0.008172320201992989, 0.5434578061103821
4121, 3.728939366490522, 4, 40.179822956677526, 296, 1166596, 1000000, 0.0075039854273200035, 0.5436358451843262
4122, 3.5833517510909587, 4, 40.08829679898918, 296, 1166892, 1000000, 0.00808448251336813, 0.5506888031959534
4123, 2.5527945122448727, 4, 40.05515373684466, 295, 1167187, 1000000, 0.0075851003639400005, 0.5444192886352539
4124, -0.5954386797966436, 2, 21.527602321002632, 157, 1167344, 1000000, 0.007923261262476444, 0.5552513003349304
4125, 3.3058292001951486, 4, 40.13668817188591, 295, 1167639, 1000000, 0.007913567125797272, 0.5483792424201965
4126, 3.05618604823394, 4, 40.18929044390097, 296, 1167935, 1000000, 0.008265024982392788, 0.5280950665473938
4127, 3.1038816994059744, 4, 40.1475906833075, 297, 1168232, 1000000, 0.007374837528914213, 0.5370001792907715
4128, 3.790902808325882, 4, 40.069937225896865, 295, 1168527, 1000000, 0.007259661331772804, 0.535000741481781
4129, 3.115103380726623, 4, 40.4297038349323, 299, 1168826, 1000000, 0.007520576007664204, 0.5446204543113708
4130, 3.6644995749375084, 4, 40.08992826985195, 296, 1169122, 1000000, 0.007404200732707977, 0.5226534008979797
4131, 3.7383679939393915, 4, 40.123130331747234, 296, 1169418, 1000000, 0.00751121062785387, 0.5360295176506042
4132, -0.47383887318210327, 2, 24.286952999886125, 178, 1169596, 1000000, 0.007978434674441814, 0.5382151007652283
4133, 2.9037766823639686, 4, 40.064265814609826, 296, 1169892, 1000000, 0.0074638547375798225, 0.538522481918335
4134, 3.282806845838877, 4, 40.12535636918619, 297, 1170189, 1000000, 0.007490639109164476, 0.5351525545120239
4135, 3.680083551030748, 4, 40.200400705914944, 297, 1170486, 1000000, 0.007466765120625496, 0.521337628364563
4136, 3.4354356113035465, 4, 40.168012724258006, 297, 1170783, 1000000, 0.007330114953219891, 0.5354627370834351
4137, 3.471123753221036, 4, 40.491473796311766, 299, 1171082, 1000000, 0.007992549799382687, 0.5306763052940369
4138, 2.7668001970960177, 4, 40.15366447623819, 297, 1171379, 1000000, 0.008045446127653122, 0.5178343653678894
4139, 3.4067836772373994, 4, 40.16519447369501, 297, 1171676, 1000000, 0.007260392419993877, 0.5295454859733582
4140, 2.942855319357477, 4, 40.131727484986186, 297, 1171973, 1000000, 0.007847595028579235, 0.5218796730041504
4141, 3.1692806660284987, 4, 40.09202026668936, 297, 1172270, 1000000, 0.007267822045832872, 0.5300310254096985
4142, 2.6480586551111855, 4, 40.132437370717525, 296, 1172566, 1000000, 0.007898607291281223, 0.5280845761299133
4143, 2.6346550170565024, 4, 40.11188589036465, 296, 1172862, 1000000, 0.00798255205154419, 0.5269281268119812
4144, 2.7445868771974347, 4, 40.148833387997, 296, 1173158, 1000000, 0.007550522219389677, 0.5233287811279297
4145, 3.4981569507963286, 4, 40.195567632094026, 297, 1173455, 1000000, 0.008500033058226109, 0.5282933115959167
4146, 3.0443475491319987, 4, 40.157199973240495, 296, 1173751, 1000000, 0.007284324616193771, 0.5209516286849976
4147, 3.4014432247968216, 4, 40.106755431741476, 296, 1174047, 1000000, 0.00731378560885787, 0.525856614112854
4148, 3.361579116404755, 4, 40.142528776079416, 297, 1174344, 1000000, 0.0076889838092029095, 0.5262537598609924
4149, 3.6255560506997426, 4, 40.06248626857996, 296, 1174640, 1000000, 0.007346521131694317, 0.5254310369491577
4150, 2.757264413699886, 4, 40.125644638203084, 296, 1174936, 1000000, 0.007761679589748383, 0.5374637842178345
4151, 3.940736936267058, 4, 40.09901954513043, 297, 1175233, 1000000, 0.007608859334141016, 0.521635115146637
4152, 2.350504431889931, 4, 40.10665497696027, 297, 1175530, 1000000, 0.007474301382899284, 0.5218262076377869
4153, 3.375177066969627, 4, 40.101310684811324, 297, 1175827, 1000000, 0.007729465141892433, 0.5193140506744385
4154, 3.8397921699834114, 4, 40.07354602403939, 296, 1176123, 1000000, 0.007957843132317066, 0.522051990032196
4155, 3.023083957396011, 4, 40.17885099584237, 297, 1176420, 1000000, 0.00746177090331912, 0.5212607383728027
4156, 2.69939133803382, 4, 40.12190926074982, 297, 1176717, 1000000, 0.007492500357329845, 0.5232138633728027
4157, 3.184120406593138, 4, 40.186332354322076, 297, 1177014, 1000000, 0.00778957549482584, 0.502639889717102
4158, 3.5454542994884832, 4, 40.08297418616712, 296, 1177310, 1000000, 0.007817707024514675, 0.5268458127975464
4159, 3.1933649885881437, 4, 40.08947054296732, 297, 1177607, 1000000, 0.007797501981258392, 0.5041260719299316
4160, 3.155408046028242, 4, 40.1639435342513, 297, 1177904, 1000000, 0.007635931484401226, 0.5334232449531555
4161, 4.182615917725343, 4, 40.09165150811896, 297, 1178201, 1000000, 0.007298016920685768, 0.5214474201202393
4162, 2.9769073170355114, 4, 40.20326329395175, 298, 1178499, 1000000, 0.007889228872954845, 0.5283105373382568
4163, 3.0444984932655643, 4, 40.115846789907664, 297, 1178796, 1000000, 0.006823217961937189, 0.5061137080192566
4164, 3.3970155293354765, 4, 40.185247633140534, 297, 1179093, 1000000, 0.007740798406302929, 0.510269284248352
4165, 3.719250405622006, 4, 40.11779718985781, 297, 1179390, 1000000, 0.007176205050200224, 0.5199840664863586
4166, 2.241810446175805, 4, 40.166897129267454, 298, 1179688, 1000000, 0.007085728924721479, 0.5177874565124512
4167, 3.4309133944152563, 4, 40.12452352093533, 297, 1179985, 1000000, 0.00798175111413002, 0.5109636187553406
4168, 3.30343632257609, 4, 40.14433754701167, 297, 1180282, 1000000, 0.007925623096525669, 0.5174680352210999
4169, 3.068841053709548, 4, 40.1677564419806, 297, 1180579, 1000000, 0.0072428579442203045, 0.5222872495651245
4170, 3.852792316572959, 4, 40.144491602201015, 297, 1180876, 1000000, 0.0075936028733849525, 0.5072025060653687
4171, 3.98899543747757, 4, 40.16638361522928, 298, 1181174, 1000000, 0.007269051857292652, 0.5101505517959595
4172, 3.689994438091162, 4, 40.09979464998469, 297, 1181471, 1000000, 0.007587071508169174, 0.5085334181785583
4173, 3.5851807704784733, 4, 40.18275562720373, 298, 1181769, 1000000, 0.00761800492182374, 0.501818835735321
4174, 3.7102550030194834, 4, 40.18277383921668, 298, 1182067, 1000000, 0.00723801925778389, 0.5112131237983704
4175, 3.5250853219331475, 4, 40.18225616123527, 297, 1182364, 1000000, 0.006750248838216066, 0.5111749172210693
4176, 3.3083368985517154, 4, 40.08992422418669, 297, 1182661, 1000000, 0.007221043109893799, 0.5107263326644897
4177, 3.4130676984859747, 4, 40.06548968795687, 297, 1182958, 1000000, 0.006703662220388651, 0.5130558013916016
4178, 2.851921528668754, 4, 40.05184815824032, 294, 1183252, 1000000, 0.007868430577218533, 0.5053351521492004
4179, 3.423065199975099, 4, 40.15889954613522, 295, 1183547, 1000000, 0.007038327399641275, 0.511147677898407
4180, 3.453234952685307, 4, 40.187057812232524, 298, 1183845, 1000000, 0.006807890720665455, 0.5012505054473877
4181, 3.671663908047776, 4, 40.111726973671466, 297, 1184142, 1000000, 0.007002706173807383, 0.5088616609573364
4182, -2.104177890883875, 2, 7.9686543000862, 56, 1184198, 1000000, 0.006850026547908783, 0.48845142126083374
4183, 3.1107215174797602, 4, 40.102977545931935, 296, 1184494, 1000000, 0.0076460824348032475, 0.5104638934135437
4184, 3.6827648289545323, 4, 40.14392868196592, 298, 1184792, 1000000, 0.007377718109637499, 0.5096157789230347
4185, 3.3434847409844224, 4, 40.15119073120877, 297, 1185089, 1000000, 0.007438672706484795, 0.4961967468261719
4186, 2.686864978841186, 4, 40.186123515013605, 298, 1185387, 1000000, 0.007173237390816212, 0.4921119809150696
4187, 3.471686637174571, 4, 40.198541305959225, 296, 1185683, 1000000, 0.007237755693495274, 0.5060163736343384
4188, 3.411603317621484, 4, 40.09642565017566, 297, 1185980, 1000000, 0.007016485556960106, 0.5074513554573059
4189, 3.402761481513153, 4, 40.13813225179911, 297, 1186277, 1000000, 0.006477461662143469, 0.4974687397480011
4190, 2.9988063481812333, 4, 40.12173043936491, 297, 1186574, 1000000, 0.006761622149497271, 0.5030753016471863
4191, 3.253611406129494, 4, 40.05598782096058, 296, 1186870, 1000000, 0.006835059728473425, 0.49505358934402466
4192, 3.6830381916370243, 4, 40.063747617881745, 296, 1187166, 1000000, 0.00777862686663866, 0.5109221339225769
4193, 2.443083363619735, 4, 40.107441887725145, 297, 1187463, 1000000, 0.007197790313512087, 0.5009647011756897
4194, 2.919471650318883, 4, 40.2016950501129, 297, 1187760, 1000000, 0.007456667721271515, 0.4958839416503906
4195, 3.440564485237701, 4, 40.08327763574198, 296, 1188056, 1000000, 0.0067707025445997715, 0.49658632278442383
4196, 3.0646737142470784, 4, 40.107412262354046, 297, 1188353, 1000000, 0.006410596892237663, 0.5051009058952332
4197, 3.504317780444353, 4, 40.14327004691586, 297, 1188650, 1000000, 0.006469300016760826, 0.4962224066257477
4198, 3.7115789465046873, 4, 40.11462588887662, 297, 1188947, 1000000, 0.006723656319081783, 0.49550333619117737
4199, 2.8106178105881554, 4, 40.112745052203536, 296, 1189243, 1000000, 0.006665543653070927, 0.5017505884170532
4200, 2.8824856457140413, 4, 40.07971605891362, 296, 1189539, 1000000, 0.006406102795153856, 0.49083203077316284
4201, 2.6646536017442486, 4, 40.16385288024321, 293, 1189832, 1000000, 0.007412178907543421, 0.49682965874671936
4202, 2.6957571430993994, 4, 40.14229547884315, 296, 1190128, 1000000, 0.006581135094165802, 0.5018605589866638
4203, 2.974910861956232, 4, 40.11451400909573, 296, 1190424, 1000000, 0.006455135066062212, 0.48942193388938904
4204, 3.636036072182492, 4, 40.102198236156255, 296, 1190720, 1000000, 0.006758056115359068, 0.4950331151485443
4205, 3.1228675075635692, 4, 40.07607219973579, 293, 1191013, 1000000, 0.006683216895908117, 0.5005776882171631
4206, 3.1819936297624736, 4, 40.16910639591515, 295, 1191308, 1000000, 0.006761244963854551, 0.49150076508522034
4207, 2.9510303920396836, 4, 40.17909832438454, 296, 1191604, 1000000, 0.0064910054206848145, 0.4824441373348236
4208, 3.300089191448933, 4, 40.1488669430837, 296, 1191900, 1000000, 0.006587745156139135, 0.48017898201942444
4209, 3.417611430733814, 4, 40.17908631730825, 296, 1192196, 1000000, 0.006850667297840118, 0.4978911280632019
4210, 3.0234963192560826, 4, 40.13578011281788, 294, 1192490, 1000000, 0.0066461702808737755, 0.47933533787727356
4211, 3.5358728203354985, 4, 40.05455632414669, 293, 1192783, 1000000, 0.006781543139368296, 0.49441519379615784
4212, 2.9657123575689184, 4, 40.14667611895129, 296, 1193079, 1000000, 0.007298484910279512, 0.4836636483669281
4213, 2.681620085677423, 4, 40.17070055799559, 296, 1193375, 1000000, 0.007118938956409693, 0.494547963142395
4214, 2.665343145161387, 4, 40.125223028007895, 293, 1193668, 1000000, 0.007458169478923082, 0.49310120940208435
4215, 3.056280749719008, 4, 40.147719683125615, 294, 1193962, 1000000, 0.006780444178730249, 0.4758041203022003
4216, 3.294430242218368, 4, 40.147967035416514, 296, 1194258, 1000000, 0.007304541766643524, 0.4918622672557831
4217, 3.3926111187225274, 4, 40.099373060744256, 295, 1194553, 1000000, 0.006694203242659569, 0.4872511029243469
4218, 3.377659931709786, 4, 40.167523875366896, 296, 1194849, 1000000, 0.007582292426377535, 0.48784878849983215
4219, 2.5776067334154504, 4, 40.086373027879745, 295, 1195144, 1000000, 0.006500172428786755, 0.47108879685401917
4220, 2.906710632134491, 4, 40.06444252608344, 295, 1195439, 1000000, 0.006264260038733482, 0.47444653511047363
4221, 3.3132984761227817, 4, 40.08993163378909, 296, 1195735, 1000000, 0.006959676742553711, 0.47590070962905884
4222, 2.7114960650324065, 4, 40.1850582533516, 297, 1196032, 1000000, 0.007348721381276846, 0.4922892153263092
4223, 3.3869488780474057, 4, 40.08896577497944, 293, 1196325, 1000000, 0.006934295408427715, 0.48024746775627136
4224, 3.542483620913117, 4, 40.13011901220307, 297, 1196622, 1000000, 0.007375700399279594, 0.47642970085144043
4225, 3.1974958442806383, 4, 40.11736572114751, 297, 1196919, 1000000, 0.007083680015057325, 0.4794626533985138
4226, 3.307609326034253, 4, 40.14270326029509, 297, 1197216, 1000000, 0.007041726261377335, 0.473872572183609
4227, 3.337562089887797, 4, 40.16086032195017, 296, 1197512, 1000000, 0.006760362070053816, 0.47207173705101013
4228, 2.790852084646758, 4, 40.17610262334347, 297, 1197809, 1000000, 0.006651993375271559, 0.46898016333580017
4229, 3.375198646262106, 4, 40.11255956720561, 296, 1198105, 1000000, 0.00639206450432539, 0.4623425006866455
4230, -4.541478168684989, 2, 4.544995856005698, 30, 1198135, 1000000, 0.008330123499035835, 0.5054518580436707
4231, 3.2824774626551516, 4, 40.05053763696924, 295, 1198430, 1000000, 0.006789632607251406, 0.475674033164978
4232, 3.485244684819918, 4, 40.141814081929624, 297, 1198727, 1000000, 0.007254084572196007, 0.4740433692932129
4233, 3.3598449927922047, 4, 40.09734271932393, 296, 1199023, 1000000, 0.0066499062813818455, 0.475089967250824
4234, 3.4932635706954898, 4, 40.164694922976196, 297, 1199320, 1000000, 0.006832903251051903, 0.46963074803352356
4235, 3.6625802866029744, 4, 40.13192927185446, 297, 1199617, 1000000, 0.0073425062000751495, 0.4567319452762604
4236, 3.588309427123022, 4, 40.14531856402755, 297, 1199914, 1000000, 0.006118733901530504, 0.469340980052948
4237, -3.2291047447215533, 2, 20.50722583057359, 150, 1200064, 1000000, 0.006512275896966457, 0.4780522584915161
4238, 3.4696041434381186, 4, 40.11489147134125, 296, 1200360, 1000000, 0.006926402915269136, 0.4698568880558014
4239, 3.339669926041097, 4, 40.14186432911083, 297, 1200657, 1000000, 0.007050477433949709, 0.4724200665950775
4240, 3.0773540593800135, 4, 40.09138585720211, 296, 1200953, 1000000, 0.006621618755161762, 0.4788987338542938
4241, 3.2832976324716583, 4, 40.163098353892565, 294, 1201247, 1000000, 0.007343675009906292, 0.47324782609939575
4242, 3.720580287964367, 4, 40.193037680350244, 297, 1201544, 1000000, 0.006803792901337147, 0.46947774291038513
4243, 3.386702427007549, 4, 40.06879465794191, 296, 1201840, 1000000, 0.00659498106688261, 0.47178319096565247
4244, 2.8239168193686055, 4, 40.153715257998556, 297, 1202137, 1000000, 0.006844536401331425, 0.44916078448295593
4245, 3.4635128184727364, 4, 40.10534163983539, 296, 1202433, 1000000, 0.0064604016952216625, 0.46929726004600525
4246, 3.5867863910389133, 4, 40.0885618282482, 296, 1202729, 1000000, 0.006307966075837612, 0.4620731472969055
4247, 2.5876529646156996, 4, 40.17022567335516, 296, 1203025, 1000000, 0.006344437599182129, 0.4602442979812622
4248, 2.739903047276016, 4, 40.189600058831275, 298, 1203323, 1000000, 0.006544140167534351, 0.4765142798423767
4249, 2.505454848113004, 4, 40.09830140462145, 296, 1203619, 1000000, 0.0061715696938335896, 0.46473461389541626
4250, 3.09434654839788, 4, 40.183116763830185, 296, 1203915, 1000000, 0.006884109228849411, 0.45504167675971985
4251, 3.7858401021576356, 4, 40.14280229713768, 297, 1204212, 1000000, 0.006456809584051371, 0.4634513556957245
4252, 2.5173232527777145, 4, 40.14720769878477, 297, 1204509, 1000000, 0.006214920897036791, 0.45286524295806885
4253, 3.1430195024552177, 4, 40.11668475018814, 294, 1204803, 1000000, 0.0073990351520478725, 0.45457005500793457
4254, 3.367791153395956, 4, 40.158147000242025, 296, 1205099, 1000000, 0.006088880356401205, 0.4627535045146942
4255, 3.61183775839163, 4, 40.24790428811684, 298, 1205397, 1000000, 0.00607008021324873, 0.4718209207057953
4256, 2.9757984900397787, 4, 40.099145685788244, 296, 1205693, 1000000, 0.007023786194622517, 0.46709322929382324
4257, 3.7650380830418726, 4, 40.068335979711264, 296, 1205989, 1000000, 0.0062221260741353035, 0.4607835114002228
4258, 3.1693841224041535, 4, 40.15008811606094, 297, 1206286, 1000000, 0.006821665912866592, 0.455006867647171
4259, 3.683592650522769, 4, 40.11418333929032, 295, 1206581, 1000000, 0.007335858419537544, 0.4576285779476166
4260, 3.1202888791558507, 4, 40.12702518608421, 297, 1206878, 1000000, 0.007030106615275145, 0.4727121889591217
4261, 3.6794648235081695, 4, 40.16814866941422, 298, 1207176, 1000000, 0.007017346099019051, 0.4595305025577545
4262, 3.4184875511379005, 4, 40.11466758791357, 295, 1207471, 1000000, 0.006129100918769836, 0.45318785309791565
4263, 2.7452087821584428, 4, 40.136172720231116, 298, 1207769, 1000000, 0.007264266721904278, 0.45859968662261963
4264, 3.3753295967817394, 4, 40.15475840587169, 297, 1208066, 1000000, 0.00681608309969306, 0.4561412036418915
4265, 3.0602131400301005, 4, 40.14120172103867, 297, 1208363, 1000000, 0.0066831521689891815, 0.4607093930244446
4266, 2.898978458797501, 4, 40.18352969409898, 298, 1208661, 1000000, 0.005804047454148531, 0.4532988965511322
4267, 3.3066553003282024, 4, 40.1361537319608, 297, 1208958, 1000000, 0.006495654582977295, 0.45187121629714966
4268, 3.1047661361299106, 4, 40.15684714028612, 297, 1209255, 1000000, 0.006648756098002195, 0.44604164361953735
4269, 3.7237230941265125, 4, 40.10773881711066, 297, 1209552, 1000000, 0.006248936522752047, 0.45133864879608154
4270, 3.313878924391247, 4, 40.058664926793426, 296, 1209848, 1000000, 0.006488934624940157, 0.4632016718387604
4271, 2.7390002179758994, 4, 40.11155637772754, 297, 1210145, 1000000, 0.006245679222047329, 0.45437148213386536
4272, 2.277232794847805, 4, 40.15686225797981, 298, 1210443, 1000000, 0.006845623254776001, 0.4473206102848053
4273, 2.816418175389117, 4, 40.14954845095053, 296, 1210739, 1000000, 0.006705239415168762, 0.44588011503219604
4274, 3.6608187315578107, 4, 40.11164818285033, 298, 1211037, 1000000, 0.007505684159696102, 0.4473419785499573
4275, 3.41627193390741, 4, 40.13636129768565, 297, 1211334, 1000000, 0.006241839379072189, 0.45206788182258606
4276, 2.9455953922106346, 4, 40.15728828497231, 297, 1211631, 1000000, 0.006846301257610321, 0.45569103956222534
4277, 3.3925058334070854, 4, 40.19414146523923, 297, 1211928, 1000000, 0.006399097386747599, 0.4408472180366516
4278, 3.053596394674969, 4, 40.15273157460615, 297, 1212225, 1000000, 0.007111739832907915, 0.4350565969944
4279, 3.054915596541832, 4, 40.17638455471024, 297, 1212522, 1000000, 0.007216705475002527, 0.44642916321754456
4280, 3.1065508554893313, 4, 40.164013993926346, 297, 1212819, 1000000, 0.006499693263322115, 0.44293835759162903
4281, -0.2630857055864908, 2, 34.511905159801245, 255, 1213074, 1000000, 0.007738559041172266, 0.4339340031147003
4282, 3.7516989643409033, 4, 40.17545765591785, 297, 1213371, 1000000, 0.007019997574388981, 0.43939706683158875
4283, 3.5296132121802657, 4, 40.171116733923554, 296, 1213667, 1000000, 0.006783632095903158, 0.4357728064060211
4284, 3.4854088587890146, 4, 40.11819371301681, 297, 1213964, 1000000, 0.006940341554582119, 0.4422298073768616
4285, -0.562792227443424, 4, 40.05188992712647, 298, 1214262, 1000000, 0.007175314240157604, 0.42899423837661743
4286, -0.687656908895633, 2, 31.0230934410356, 229, 1214491, 1000000, 0.006011314690113068, 0.4300309121608734
4287, 3.524734592618188, 4, 40.19153649592772, 298, 1214789, 1000000, 0.005986079107969999, 0.4489487111568451
4288, 3.671039294399634, 4, 40.17358628800139, 298, 1215087, 1000000, 0.006485605612397194, 0.43733537197113037
4289, 3.158149687374703, 4, 40.16486185416579, 297, 1215384, 1000000, 0.006946288514882326, 0.4459621012210846
4290, 3.2633944912904553, 4, 40.12544529186562, 297, 1215681, 1000000, 0.006697291042655706, 0.44403645396232605
4291, 3.7017841709075583, 4, 40.15762144094333, 298, 1215979, 1000000, 0.005812226794660091, 0.43999582529067993
4292, 3.796471688786653, 4, 40.215722385793924, 298, 1216277, 1000000, 0.006322007160633802, 0.4326801598072052
4293, 2.783459267525359, 4, 40.132392439991236, 297, 1216574, 1000000, 0.006446164101362228, 0.4332308769226074
4294, 2.9643504960295104, 4, 40.132176257204264, 297, 1216871, 1000000, 0.0059149195440113544, 0.4276329576969147
4295, 3.511682905143971, 4, 40.130417600274086, 297, 1217168, 1000000, 0.006218877155333757, 0.44575828313827515
4296, -2.9163460180861875, 2, 5.726008686237037, 39, 1217207, 1000000, 0.005807104520499706, 0.4333627223968506
4297, 3.4486345198820345, 4, 40.14137476077303, 297, 1217504, 1000000, 0.006256487220525742, 0.44330641627311707
4298, 3.689683393400628, 4, 40.109176942612976, 297, 1217801, 1000000, 0.006478055380284786, 0.42633822560310364
4299, 2.7818503004127706, 4, 40.180009678937495, 298, 1218099, 1000000, 0.006354522425681353, 0.43265852332115173
4300, 3.244953578705463, 4, 40.078601273242384, 297, 1218396, 1000000, 0.006811065599322319, 0.434998482465744
4301, 3.5467428231613667, 4, 40.148890974000096, 291, 1218687, 1000000, 0.006525202188640833, 0.4321577548980713
4302, 3.7660289293889946, 4, 40.183481440879405, 291, 1218978, 1000000, 0.007350936532020569, 0.4278358221054077
4303, 3.251449711591704, 4, 40.1469907569699, 291, 1219269, 1000000, 0.006432404275983572, 0.41807857155799866
4304, 2.7838037404726492, 4, 40.193335429765284, 292, 1219561, 1000000, 0.007389684207737446, 0.42357271909713745
4305, 3.5918688166639186, 4, 40.06983808521181, 290, 1219851, 1000000, 0.00648318137973547, 0.42912518978118896
4306, 2.9452924278994033, 4, 40.20676628500223, 293, 1220144, 1000000, 0.007807641290128231, 0.4211684465408325
4307, 3.1797075522408704, 4, 40.08692969195545, 292, 1220436, 1000000, 0.00739279855042696, 0.4193814694881439
4308, 3.1208104400577668, 4, 40.18226921139285, 293, 1220729, 1000000, 0.006110191810876131, 0.42956236004829407
4309, 3.0583292385126697, 4, 40.1080168299377, 292, 1221021, 1000000, 0.005919407121837139, 0.42690494656562805
4310, 3.6265621977768205, 4, 40.125755853019655, 292, 1221313, 1000000, 0.006126401945948601, 0.41111913323402405
4311, 3.5775836132479526, 4, 40.17478259000927, 293, 1221606, 1000000, 0.0066528525203466415, 0.43160444498062134
4312, 3.6816985329824092, 4, 40.07220480591059, 292, 1221898, 1000000, 0.006850804202258587, 0.41698959469795227
4313, 2.736906252001063, 4, 40.13713177572936, 293, 1222191, 1000000, 0.006645827554166317, 0.439410001039505
4314, 3.617520791856805, 4, 40.092394303996116, 292, 1222483, 1000000, 0.005591772496700287, 0.42000776529312134
4315, 2.6509239332954166, 4, 40.17971510998905, 293, 1222776, 1000000, 0.005556425545364618, 0.42717185616493225
4316, 3.435382648558516, 4, 40.14781579002738, 293, 1223069, 1000000, 0.005775731522589922, 0.42805883288383484
4317, 3.3610946721892105, 4, 40.1086646579206, 293, 1223362, 1000000, 0.005595858208835125, 0.43192267417907715
4318, 3.116021709582128, 4, 40.15920408302918, 294, 1223656, 1000000, 0.006602616980671883, 0.4109700620174408
4319, 3.4222280608664732, 4, 40.203114286996424, 295, 1223951, 1000000, 0.0058358293026685715, 0.4271065592765808
4320, 3.305842011133791, 4, 40.13481072988361, 293, 1224244, 1000000, 0.005271068308502436, 0.4110868275165558
4321, 3.553896105376225, 4, 40.148106679320335, 294, 1224538, 1000000, 0.006729213520884514, 0.4107663631439209
4322, -1.453312597470358, 2, 14.216329989023507, 102, 1224640, 1000000, 0.006109593901783228, 0.4286377429962158
4323, 3.0408438444101193, 4, 40.05344483489171, 293, 1224933, 1000000, 0.006600276101380587, 0.4178542494773865
4324, 3.1624830973651115, 4, 40.13887034589425, 295, 1225228, 1000000, 0.006128954701125622, 0.41078877449035645
4325, -1.1277084073517472, 2, 26.03186529595405, 189, 1225417, 1000000, 0.006686148699373007, 0.41664913296699524
4326, 3.508928469109378, 4, 40.18622098630294, 294, 1225711, 1000000, 0.006263734307140112, 0.4172133505344391
4327, 2.6208312751150515, 4, 40.08345400495455, 295, 1226006, 1000000, 0.006755921524018049, 0.4190671145915985
4328, 2.9821524631767033, 4, 40.149981383699924, 296, 1226302, 1000000, 0.00639768922701478, 0.4076988101005554
4329, 2.9714618921607325, 4, 40.13004890922457, 295, 1226597, 1000000, 0.005767659284174442, 0.40834760665893555
4330, 2.9038808959303424, 4, 40.12022630404681, 295, 1226892, 1000000, 0.006515816319733858, 0.41095805168151855
4331, 3.816165982359962, 4, 40.06550842197612, 292, 1227184, 1000000, 0.006533400621265173, 0.4077780842781067
4332, 2.881872573765577, 4, 40.12955631967634, 295, 1227479, 1000000, 0.005500830709934235, 0.4178672134876251
4333, 3.019342927953403, 4, 40.161040073260665, 296, 1227775, 1000000, 0.005982398986816406, 0.4132019281387329
4334, 3.6152049298289057, 4, 40.18759964685887, 296, 1228071, 1000000, 0.0063660116866230965, 0.40754857659339905
4335, 2.933243678708095, 4, 40.13490129634738, 296, 1228367, 1000000, 0.00613225344568491, 0.4148752689361572
4336, 3.712462006486021, 4, 40.15526984911412, 296, 1228663, 1000000, 0.006332813296467066, 0.4015296399593353
4337, 3.115561612235979, 4, 40.15783761488274, 296, 1228959, 1000000, 0.006300727836787701, 0.4149807095527649
4338, 3.5297650304055423, 4, 40.087660307995975, 295, 1229254, 1000000, 0.005786343943327665, 0.4118119478225708
4339, 3.1391419585997937, 4, 40.14676082832739, 296, 1229550, 1000000, 0.006095443852245808, 0.41537153720855713
4340, 3.3967543835224205, 4, 40.19675661204383, 297, 1229847, 1000000, 0.006051665637642145, 0.4008573889732361
4341, 2.8679398628992203, 4, 40.06618843693286, 296, 1230143, 1000000, 0.0061576105654239655, 0.40614429116249084
4342, 3.131555101619597, 4, 40.130416919942945, 296, 1230439, 1000000, 0.005837644450366497, 0.40245765447616577
4343, 3.20549979371026, 4, 40.087634310126305, 295, 1230734, 1000000, 0.005956368986517191, 0.3987717628479004
4344, 2.8650034422935278, 4, 40.06590403523296, 296, 1231030, 1000000, 0.005956403911113739, 0.41306477785110474
4345, 3.5869248104281723, 4, 40.19741865620017, 296, 1231326, 1000000, 0.006085043307393789, 0.40564265847206116
4346, 3.328773678684229, 4, 40.07178173912689, 297, 1231623, 1000000, 0.00596701679751277, 0.4004981219768524
4347, 2.688721585131134, 4, 40.09413878200576, 296, 1231919, 1000000, 0.006284086499363184, 0.3944898545742035
4348, 3.532470076746904, 4, 40.165781350806355, 297, 1232216, 1000000, 0.0062050241976976395, 0.3827817142009735
4349, 3.480422374072077, 4, 40.13485527224839, 297, 1232513, 1000000, 0.005977774038910866, 0.3919825553894043
4350, 3.1856852781802445, 4, 40.18422424374148, 297, 1232810, 1000000, 0.00607414310798049, 0.4019457697868347
4351, 3.176560071500262, 4, 40.12407556409016, 297, 1233107, 1000000, 0.00643103988841176, 0.3985438048839569
4352, 3.621829789801268, 4, 40.08837703010067, 296, 1233403, 1000000, 0.005684853531420231, 0.39830222725868225
4353, 3.3944695589998446, 4, 40.131302976980805, 295, 1233698, 1000000, 0.005885793827474117, 0.39198359847068787
4354, 3.0815852509695105, 4, 40.130474659148604, 296, 1233994, 1000000, 0.005906805396080017, 0.398858904838562
4355, 3.2531090326374397, 4, 40.051789321005344, 296, 1234290, 1000000, 0.006192316301167011, 0.39994242787361145
4356, 2.896038940161816, 4, 40.10754026612267, 296, 1234586, 1000000, 0.005742158740758896, 0.3895268738269806
4357, 3.0988184387097135, 4, 40.13674596231431, 297, 1234883, 1000000, 0.005953020416200161, 0.39516016840934753
4358, 3.3622655520366607, 4, 40.1172163807787, 296, 1235179, 1000000, 0.006376201286911964, 0.39030706882476807
4359, 2.8097727612366725, 4, 40.11992367217317, 295, 1235474, 1000000, 0.006185370963066816, 0.3794441223144531
4360, 2.9982661157482653, 4, 40.15171369025484, 297, 1235771, 1000000, 0.005891792476177216, 0.3935689926147461
4361, 3.0716133083042223, 4, 40.06821384187788, 296, 1236067, 1000000, 0.006156538613140583, 0.3847646415233612
4362, 3.472701172267989, 4, 40.1919081537053, 297, 1236364, 1000000, 0.00610384764149785, 0.3860952854156494
4363, 3.833704975440014, 4, 40.107872468885034, 297, 1236661, 1000000, 0.005563646089285612, 0.3971775472164154
4364, 3.3560616505346843, 4, 40.151577779091895, 296, 1236957, 1000000, 0.005955561529844999, 0.3794684112071991
4365, 3.1308747893417603, 4, 40.065835166722536, 296, 1237253, 1000000, 0.006326212082058191, 0.380270779132843
4366, 3.2554284913330775, 4, 40.17114087101072, 296, 1237549, 1000000, 0.0058616651222109795, 0.376979261636734
4367, -0.8599887882137409, 2, 37.3286377186887, 276, 1237825, 1000000, 0.005788328591734171, 0.39310747385025024
4368, 2.8425336019863607, 4, 40.16177481692284, 297, 1238122, 1000000, 0.006217199377715588, 0.384881854057312
4369, 3.63838610748644, 4, 40.11396119790152, 297, 1238419, 1000000, 0.005938686430454254, 0.3803362548351288
4370, 3.5264961656430387, 4, 40.14999454282224, 297, 1238716, 1000000, 0.006300408858805895, 0.37576043605804443
4371, 3.7257080120125465, 4, 40.09952220367268, 297, 1239013, 1000000, 0.006709841545671225, 0.37667056918144226
4372, 2.94470383432963, 4, 40.17239934578538, 297, 1239310, 1000000, 0.005647679325193167, 0.3843379616737366
4373, 3.103316254568199, 4, 40.15660460619256, 298, 1239608, 1000000, 0.005379967857152224, 0.3790404498577118
4374, -0.7326709359840606, 2, 34.571022225078195, 254, 1239862, 1000000, 0.0052945478819310665, 0.379736065864563
4375, 3.6242710172682564, 4, 40.072637944016606, 296, 1240158, 1000000, 0.006232083309441805, 0.3875441551208496
4376, 3.4397333630090543, 4, 40.070210109930485, 297, 1240455, 1000000, 0.006109765265136957, 0.37944120168685913
4377, 3.47456378957213, 4, 40.199585031252354, 297, 1240752, 1000000, 0.006160983350127935, 0.3857837915420532
4378, 3.240033761539962, 4, 40.14789380086586, 297, 1241049, 1000000, 0.005724070128053427, 0.36722901463508606
4379, 3.091476923139453, 4, 40.12371683912352, 296, 1241345, 1000000, 0.006278805434703827, 0.39237484335899353
4380, 3.55458349690889, 4, 40.168631660752, 297, 1241642, 1000000, 0.0055726575665175915, 0.3848764896392822
4381, 3.790984556369949, 4, 40.13295145984739, 295, 1241937, 1000000, 0.005916245747357607, 0.3783506751060486
4382, 3.5162247111456963, 4, 40.18163752509281, 298, 1242235, 1000000, 0.0055610607378184795, 0.37653589248657227
4383, 3.384463084433264, 4, 40.34395780507475, 299, 1242534, 1000000, 0.005671761929988861, 0.37677329778671265
4384, 3.3360846683499403, 4, 40.06599685177207, 297, 1242831, 1000000, 0.00622178427875042, 0.37084197998046875
4385, 3.480182295054874, 4, 40.177226597908884, 298, 1243129, 1000000, 0.0064211259596049786, 0.3673759400844574
4386, 2.7683103433355427, 4, 40.20376753387973, 296, 1243425, 1000000, 0.006305811461061239, 0.36579349637031555
4387, 3.1625908357618755, 4, 40.1626040590927, 297, 1243722, 1000000, 0.005880408454686403, 0.357889324426651
4388, 3.495545982320664, 4, 40.07760948408395, 297, 1244019, 1000000, 0.006251597311347723, 0.37226152420043945
4389, 3.1428337111665314, 4, 40.16256727371365, 297, 1244316, 1000000, 0.0060792360454797745, 0.3621639907360077
4390, 2.884328757561889, 4, 40.07151386607438, 297, 1244613, 1000000, 0.0060942694544792175, 0.3738081157207489
4391, 3.4295354594487435, 4, 40.095762324053794, 297, 1244910, 1000000, 0.005872958339750767, 0.37086397409439087
4392, 3.1518110263714334, 4, 40.1680874559097, 297, 1245207, 1000000, 0.0057480609975755215, 0.36928606033325195
4393, 2.652346193804078, 4, 40.09474955778569, 297, 1245504, 1000000, 0.005600184667855501, 0.36024025082588196
4394, 2.9918329272095434, 4, 40.14848195808008, 297, 1245801, 1000000, 0.00553109310567379, 0.36522868275642395
4395, 3.141638572607917, 4, 40.14917095284909, 298, 1246099, 1000000, 0.005997491534799337, 0.3684689700603485
4396, 3.0750009624953236, 4, 40.10039742523804, 297, 1246396, 1000000, 0.0060994792729616165, 0.36045992374420166
4397, 2.816602222974325, 4, 40.37869491009042, 299, 1246695, 1000000, 0.005414374638348818, 0.3666227459907532
4398, 3.136122994012112, 4, 40.17580488882959, 297, 1246992, 1000000, 0.005370804574340582, 0.3714863061904907
4399, 3.046528914674127, 4, 40.05059035029262, 297, 1247289, 1000000, 0.006088315974920988, 0.35116297006607056
4400, 3.4547069950658624, 4, 40.169024019967765, 298, 1247587, 1000000, 0.006377007346600294, 0.369755357503891
4401, -0.4831537028976527, 2, 31.45522890193388, 232, 1247819, 1000000, 0.005345286801457405, 0.3634168803691864
4402, 3.079062792800869, 4, 40.07747970893979, 297, 1248116, 1000000, 0.0053423442877829075, 0.3609893023967743
4403, 2.8143675490209716, 4, 40.067467357032, 297, 1248413, 1000000, 0.005838110577315092, 0.35399916768074036
4404, 3.734442495064286, 4, 40.09951600432396, 297, 1248710, 1000000, 0.005860501900315285, 0.3485129773616791
4405, 2.6900877891785058, 4, 40.1545559852384, 297, 1249007, 1000000, 0.005392222665250301, 0.3492949306964874
4406, 3.4217999081520247, 4, 40.08256973512471, 297, 1249304, 1000000, 0.0055297077633440495, 0.3383675217628479
4407, 2.5828919691221017, 4, 40.12256526527926, 296, 1249600, 1000000, 0.0053626541048288345, 0.359145849943161
4408, 3.1832214995847607, 4, 40.42279313178733, 299, 1249899, 1000000, 0.006082897074520588, 0.3466610014438629
4409, -2.633103509026114, 2, 30.868704253342003, 228, 1250127, 1000000, 0.005815483629703522, 0.36820051074028015
4410, 3.582850843197974, 4, 40.11849949415773, 298, 1250425, 1000000, 0.0058142272755503654, 0.36066198348999023
4411, 3.0630788424668935, 4, 40.12392834527418, 297, 1250722, 1000000, 0.005815824493765831, 0.35081616044044495
4412, 3.523335872509051, 4, 40.08415652997792, 297, 1251019, 1000000, 0.005578802432864904, 0.3622799813747406
4413, 3.4734367892197042, 4, 40.45937207015231, 300, 1251319, 1000000, 0.005222073290497065, 0.3594900369644165
4414, 2.9986873329580703, 4, 40.14761936524883, 295, 1251614, 1000000, 0.0049784230068326, 0.3459625542163849
4415, 3.072408880572766, 4, 40.08612407790497, 297, 1251911, 1000000, 0.005370751954615116, 0.3467816710472107
4416, -3.525454167393036, 2, 16.445101677905768, 120, 1252031, 1000000, 0.004840358160436153, 0.3358801007270813
4417, 2.947665055617108, 4, 40.07210599211976, 297, 1252328, 1000000, 0.005608128383755684, 0.34579941630363464
4418, 3.099944822686666, 4, 40.17314433818683, 298, 1252626, 1000000, 0.005849489476531744, 0.3513946533203125
4419, 3.4205767713083333, 4, 40.082136913668364, 297, 1252923, 1000000, 0.005458538420498371, 0.35337045788764954
4420, 3.737538972563925, 4, 40.168517941143364, 298, 1253221, 1000000, 0.005518403835594654, 0.34637951850891113
4421, 2.6435022996593034, 4, 40.18401251360774, 298, 1253519, 1000000, 0.005475676152855158, 0.35389915108680725
4422, 2.8309348144975957, 4, 40.15662791579962, 297, 1253816, 1000000, 0.00537783233448863, 0.34278661012649536
4423, 3.5634103426559705, 4, 40.15153815597296, 297, 1254113, 1000000, 0.005489207338541746, 0.33422958850860596
4424, 3.221902635643346, 4, 40.11052485415712, 297, 1254410, 1000000, 0.0053724851459264755, 0.3393182158470154
4425, 3.5684824724394275, 4, 40.17956857709214, 297, 1254707, 1000000, 0.005754290148615837, 0.34424594044685364
4426, 3.219193152130174, 4, 40.067967887967825, 297, 1255004, 1000000, 0.005701735150068998, 0.35827046632766724
4427, 3.746887608775978, 4, 40.117502375971526, 297, 1255301, 1000000, 0.005126458592712879, 0.3404298424720764
4428, 2.6909585168505146, 4, 40.17448869207874, 297, 1255598, 1000000, 0.0052567715756595135, 0.3391125798225403
4429, 3.4230201577811386, 4, 40.04896191181615, 297, 1255895, 1000000, 0.005686034448444843, 0.33710777759552
4430, 2.878622894512773, 4, 40.06917672418058, 297, 1256192, 1000000, 0.005856924690306187, 0.3252727687358856
4431, 2.736689762212336, 4, 40.129872363992035, 298, 1256490, 1000000, 0.005235315766185522, 0.33420780301094055
4432, 3.286914531868206, 4, 40.10757542587817, 297, 1256787, 1000000, 0.005581893492490053, 0.3415192663669586
4433, 3.366490220709238, 4, 40.07332548778504, 297, 1257084, 1000000, 0.005637824535369873, 0.3388412296772003
4434, -0.2558040288640768, 2, 36.36565481219441, 269, 1257353, 1000000, 0.005411636084318161, 0.3452465534210205
4435, 3.1368444620165974, 4, 40.09158126078546, 297, 1257650, 1000000, 0.005010124295949936, 0.35576751828193665
4436, -0.3835404650926648, 2, 28.289960397873074, 208, 1257858, 1000000, 0.005190628115087748, 0.33979085087776184
4437, 3.1166535952943377, 4, 40.07848886214197, 297, 1258155, 1000000, 0.005501383449882269, 0.3355591893196106
4438, 3.8000217767694267, 4, 40.09397989884019, 296, 1258451, 1000000, 0.005854899995028973, 0.33361250162124634
4439, 1.6237887649331242, 4, 40.18146856268868, 299, 1258750, 1000000, 0.005262589547783136, 0.3305782675743103
4440, 3.6897856800735553, 4, 40.14725673524663, 298, 1259048, 1000000, 0.00597833376377821, 0.3315119743347168
4441, 3.5699359083482705, 4, 40.10078471386805, 297, 1259345, 1000000, 0.005748175084590912, 0.33420589566230774
4442, 3.5352856097597396, 4, 40.137704712338746, 298, 1259643, 1000000, 0.0054802424274384975, 0.3234477639198303
4443, 3.0713079922065845, 4, 40.08834666805342, 297, 1259940, 1000000, 0.00605195015668869, 0.3239617943763733
4444, 3.487052109952856, 4, 40.08859337680042, 297, 1260237, 1000000, 0.005494752898812294, 0.3250358998775482
4445, -0.14734882162883878, 2, 24.434586776886135, 179, 1260416, 1000000, 0.005491319578140974, 0.32705259323120117
4446, 3.5889236223492844, 4, 40.1725092260167, 297, 1260713, 1000000, 0.005121992900967598, 0.3452398180961609
4447, -0.5502967572465423, 2, 36.79109590500593, 272, 1260985, 1000000, 0.004993936512619257, 0.3373442590236664
4448, 3.1499503980722636, 4, 40.09698481624946, 298, 1261283, 1000000, 0.005243659485131502, 0.32965314388275146
4449, 2.8681964594579767, 4, 40.081339824944735, 297, 1261580, 1000000, 0.0052687060087919235, 0.33923447132110596
4450, 3.4576898036320927, 4, 40.11820189608261, 297, 1261877, 1000000, 0.0051670195534825325, 0.3233076333999634
4451, 3.2966009193260106, 4, 40.12649995088577, 297, 1262174, 1000000, 0.005412218626588583, 0.32983875274658203
4452, 2.92694408920579, 4, 40.109899738803506, 297, 1262471, 1000000, 0.004987835884094238, 0.34048447012901306
4453, 3.3372139505318046, 4, 40.14274600800127, 296, 1262767, 1000000, 0.004712267778813839, 0.3227611184120178
4454, 2.9145860168209765, 4, 40.16231991816312, 295, 1263062, 1000000, 0.005390983074903488, 0.3358682096004486
4455, 2.9413828095957797, 4, 40.08260928792879, 297, 1263359, 1000000, 0.00539699662476778, 0.3148459494113922
4456, 3.0116226985173853, 4, 40.11057086987421, 297, 1263656, 1000000, 0.005433741491287947, 0.3192971348762512
4457, 3.073151062853867, 4, 40.184468472376466, 297, 1263953, 1000000, 0.005610342603176832, 0.32915210723876953
4458, 1.8836834781104699, 4, 40.10318994987756, 297, 1264250, 1000000, 0.005566991399973631, 0.32104697823524475
4459, 3.0876496830387623, 4, 40.09885467309505, 297, 1264547, 1000000, 0.0053186011500656605, 0.34178096055984497
4460, 3.23331453827268, 4, 40.13751464523375, 297, 1264844, 1000000, 0.006086612585932016, 0.32426175475120544
4461, 3.002944613710838, 4, 40.16588996583596, 298, 1265142, 1000000, 0.005998740438371897, 0.31554827094078064
4462, 2.7049269167846433, 4, 40.165671824943274, 297, 1265439, 1000000, 0.005891689099371433, 0.3239928185939789
4463, 3.123368624088471, 4, 40.11034467024729, 294, 1265733, 1000000, 0.00463396729901433, 0.32451632618904114
4464, 3.575100054259849, 4, 40.170506766065955, 297, 1266030, 1000000, 0.005086625926196575, 0.3244302570819855
4465, 3.3602378684663563, 4, 40.09049498755485, 294, 1266324, 1000000, 0.004931724164634943, 0.31782209873199463
4466, 2.1524459310276143, 4, 40.18800645740703, 298, 1266622, 1000000, 0.00564928213134408, 0.3177456557750702
4467, 3.2178620231552486, 4, 40.06526542128995, 295, 1266917, 1000000, 0.005956798326224089, 0.3101271688938141
4468, 2.7480239598962726, 4, 40.11398756923154, 297, 1267214, 1000000, 0.0052225408144295216, 0.3175201117992401
4469, 3.045755032200759, 4, 40.14424595609307, 297, 1267511, 1000000, 0.005073117092251778, 0.319268137216568
4470, 3.1811186667403035, 4, 40.095161438919604, 297, 1267808, 1000000, 0.0055790734477341175, 0.3136342167854309
4471, 3.3570796498179334, 4, 40.09973535127938, 297, 1268105, 1000000, 0.005110570229589939, 0.3064897954463959
4472, 3.497214762154613, 4, 40.0649981261231, 297, 1268402, 1000000, 0.005720924586057663, 0.3211517632007599
4473, 2.81610648251808, 4, 40.137136300094426, 298, 1268700, 1000000, 0.005122682545334101, 0.32633838057518005
4474, 3.085143495709417, 4, 40.14891033107415, 297, 1268997, 1000000, 0.00525732571259141, 0.3136126697063446
4475, 3.227213050075079, 4, 40.19601716892794, 298, 1269295, 1000000, 0.0056665255688130856, 0.3168843984603882
4476, 3.413052545976825, 4, 40.167999072000384, 297, 1269592, 1000000, 0.005300567019730806, 0.3094448745250702
4477, 3.2814864895135543, 4, 40.083625986240804, 296, 1269888, 1000000, 0.005046558100730181, 0.31685954332351685
4478, 3.222687800833228, 4, 40.13619456300512, 297, 1270185, 1000000, 0.004957473836839199, 0.31389740109443665
4479, 3.0443937416930567, 4, 40.15324324462563, 297, 1270482, 1000000, 0.0051713124848902225, 0.3198639750480652
4480, 3.4755868520642252, 4, 40.087103348225355, 297, 1270779, 1000000, 0.005260940175503492, 0.31364312767982483
4481, 3.269627821056929, 4, 40.070059763267636, 297, 1271076, 1000000, 0.005618274677544832, 0.314176470041275
4482, 3.4288119216907944, 4, 40.19982651434839, 298, 1271374, 1000000, 0.005148684605956078, 0.299353688955307
4483, 3.3586722059044405, 4, 40.17876145103946, 298, 1271672, 1000000, 0.005649653263390064, 0.3160746395587921
4484, 3.8155201836661945, 4, 40.08439654670656, 297, 1271969, 1000000, 0.005034164059907198, 0.3046596348285675
4485, 3.1380263336686767, 4, 40.12146658496931, 297, 1272266, 1000000, 0.004612215328961611, 0.30924347043037415
4486, 3.7713660045160395, 4, 40.07218229910359, 297, 1272563, 1000000, 0.00496462918817997, 0.30965420603752136
4487, -0.2855662733782083, 2, 22.14048067200929, 163, 1272726, 1000000, 0.005046401172876358, 0.29494062066078186
4488, 3.1440009891994123, 4, 40.17306257179007, 298, 1273024, 1000000, 0.005043024197220802, 0.3029811680316925
4489, 3.088427731611773, 4, 40.10579249728471, 297, 1273321, 1000000, 0.0050727189518511295, 0.29434826970100403
4490, 2.6229011383256875, 4, 40.10234677605331, 297, 1273618, 1000000, 0.0056014396250247955, 0.3038274645805359
4491, 3.2769402629928663, 4, 40.07508960412815, 297, 1273915, 1000000, 0.005263385362923145, 0.30776166915893555
4492, -6.363719012239017, 2, 33.90461407229304, 252, 1274167, 1000000, 0.005016944371163845, 0.304979145526886
4493, 3.1567707630383666, 4, 40.19462992390618, 298, 1274465, 1000000, 0.005412184167653322, 0.3097407817840576
4494, 3.5266510798992385, 4, 40.1391841089353, 298, 1274763, 1000000, 0.005473548546433449, 0.3033004701137543
4495, 3.1638549280833104, 4, 40.126225993968546, 298, 1275061, 1000000, 0.0049762059934437275, 0.2993181347846985
4496, 3.3714229229044577, 4, 40.16346786543727, 298, 1275359, 1000000, 0.004971297457814217, 0.30482837557792664
4497, 3.460967922321288, 4, 40.07097215903923, 297, 1275656, 1000000, 0.005631581414490938, 0.3133785128593445
4498, 3.1086136282719963, 4, 40.096721950918436, 297, 1275953, 1000000, 0.005250340327620506, 0.2948082685470581
4499, 3.404847680716557, 4, 40.177238260861486, 298, 1276251, 1000000, 0.005681322887539864, 0.304884672164917
4500, 3.009562760726112, 4, 40.09704889263958, 297, 1276548, 1000000, 0.0049390168860554695, 0.3052947223186493
4501, 3.7345524908726304, 4, 40.17053041001782, 296, 1276844, 1000000, 0.005522914230823517, 0.3009773790836334
4502, 3.372091694134838, 4, 40.13043123809621, 296, 1277140, 1000000, 0.005309897940605879, 0.2964473068714142
4503, 3.4750635954098925, 4, 40.20928009226918, 297, 1277437, 1000000, 0.005952831823378801, 0.2983414828777313
4504, 3.085909283445517, 4, 40.14148908108473, 296, 1277733, 1000000, 0.005102826282382011, 0.2951534390449524
4505, 2.8447997677831154, 4, 40.174895054195076, 297, 1278030, 1000000, 0.004877708852291107, 0.2952779233455658
4506, 3.026507159211178, 4, 40.18274932401255, 296, 1278326, 1000000, 0.005056839436292648, 0.29734987020492554
4507, 3.468076686889617, 4, 40.11966365901753, 296, 1278622, 1000000, 0.005467620678246021, 0.29621610045433044
4508, 3.8032203966395173, 4, 40.08946059504524, 296, 1278918, 1000000, 0.005269338376820087, 0.28890693187713623
4509, 3.4288840599438117, 4, 40.11742587108165, 297, 1279215, 1000000, 0.005043059587478638, 0.2923416793346405
4510, 3.298989641785738, 4, 40.105652583763, 297, 1279512, 1000000, 0.005670065525919199, 0.28590288758277893
4511, 3.454790094474447, 4, 40.171077380888164, 298, 1279810, 1000000, 0.005366937257349491, 0.2936210632324219
4512, 3.3884898703972794, 4, 40.11731619061902, 297, 1280107, 1000000, 0.005579026881605387, 0.29413142800331116
4513, 2.8917706911342975, 4, 40.17109983693808, 297, 1280404, 1000000, 0.0050950367003679276, 0.29890888929367065
4514, -1.6521255346451653, 2, 27.719241881743073, 203, 1280607, 1000000, 0.005051617976278067, 0.2905093729496002
4515, 3.5469563671813376, 4, 40.08608689904213, 296, 1280903, 1000000, 0.005285292863845825, 0.3051649034023285
4516, 3.6906085692280612, 4, 40.08863548794761, 296, 1281199, 1000000, 0.0054901535622775555, 0.2961389124393463
4517, 3.233955299290983, 4, 40.13788731629029, 296, 1281495, 1000000, 0.005618719384074211, 0.28832051157951355
4518, 2.982011050638903, 4, 40.16358447633684, 297, 1281792, 1000000, 0.00461340369656682, 0.29421132802963257
4519, -0.9686541227856651, 2, 20.070524364244193, 145, 1281937, 1000000, 0.005327562801539898, 0.2941248416900635
4520, 2.9964384881768638, 4, 40.079293484799564, 296, 1282233, 1000000, 0.005205596797168255, 0.2867435812950134
4521, 3.158334342424496, 4, 40.167247391771525, 296, 1282529, 1000000, 0.004824069794267416, 0.3016657531261444
4522, 2.968010913384205, 4, 40.06763132289052, 294, 1282823, 1000000, 0.0048632691614329815, 0.28504401445388794
4523, 2.602558468846638, 4, 40.1536765769124, 297, 1283120, 1000000, 0.0056637730449438095, 0.2939273715019226
4524, 2.952123449809733, 4, 40.16063406644389, 296, 1283416, 1000000, 0.005120022688060999, 0.288420170545578
4525, 2.9511522421234986, 4, 40.12950400914997, 296, 1283712, 1000000, 0.005593116395175457, 0.2780304253101349
4526, 3.6309355746784604, 4, 40.08457708358765, 296, 1284008, 1000000, 0.005043849349021912, 0.2940024137496948
4527, 3.366485826414646, 4, 40.071547428146005, 296, 1284304, 1000000, 0.004908192902803421, 0.2860023081302643
4528, 3.2340574515565095, 4, 40.314091673120856, 297, 1284601, 1000000, 0.005601932294666767, 0.28412213921546936
4529, 2.7200766604416913, 4, 40.15388787770644, 297, 1284898, 1000000, 0.005524677690118551, 0.2797320485115051
4530, 3.3521016313479777, 4, 40.07755266595632, 296, 1285194, 1000000, 0.0050469920970499516, 0.27515602111816406
4531, 3.7168227340134763, 4, 40.085558047983795, 296, 1285490, 1000000, 0.004807004239410162, 0.2920912802219391
4532, 3.469810376282112, 4, 40.103443609084934, 297, 1285787, 1000000, 0.0053562275134027, 0.29138731956481934
4533, 3.6145369378846226, 4, 40.189345988910645, 298, 1286085, 1000000, 0.00534055195748806, 0.27560269832611084
4534, 3.197339919330261, 4, 40.13378759101033, 296, 1286381, 1000000, 0.005701870657503605, 0.2834790050983429
4535, 2.8516826225459226, 4, 40.11009902507067, 297, 1286678, 1000000, 0.005571011919528246, 0.28849875926971436
4536, 3.5737925943722075, 4, 40.10232072137296, 297, 1286975, 1000000, 0.005020041484385729, 0.28570759296417236
4537, 3.780084835863363, 4, 40.12982849171385, 297, 1287272, 1000000, 0.005575940478593111, 0.28752368688583374
4538, 3.0055887268918013, 4, 40.17908787401393, 297, 1287569, 1000000, 0.005952618084847927, 0.2830265462398529
4539, 3.0986151811289346, 4, 40.14238439779729, 297, 1287866, 1000000, 0.004746734630316496, 0.28222349286079407
4540, -1.1652292998478515, 2, 25.85481657879427, 190, 1288056, 1000000, 0.005555013660341501, 0.27928411960601807
4541, 2.9006684233318083, 4, 40.124658247921616, 297, 1288353, 1000000, 0.005263699218630791, 0.28673797845840454
4542, 3.640183027207968, 4, 40.11051388178021, 297, 1288650, 1000000, 0.0050781541503965855, 0.2754948139190674
4543, 3.28674719582677, 4, 40.15145763102919, 297, 1288947, 1000000, 0.005033999215811491, 0.26868706941604614
4544, 2.7826077997651737, 4, 40.12516406783834, 297, 1289244, 1000000, 0.005510705057531595, 0.2808449864387512
4545, 2.8334618826211226, 4, 40.15265878895298, 297, 1289541, 1000000, 0.005356030538678169, 0.2744792699813843
4546, 3.0914958442263014, 4, 40.10185285238549, 297, 1289838, 1000000, 0.0052437130361795425, 0.26813217997550964
4547, 3.734788425539591, 4, 40.159064373001456, 297, 1290135, 1000000, 0.004802456591278315, 0.25876307487487793
4548, 3.300803402915335, 4, 40.127298534847796, 297, 1290432, 1000000, 0.005130506120622158, 0.2793135941028595
4549, 3.5497181416576495, 4, 40.07460288796574, 297, 1290729, 1000000, 0.005107136908918619, 0.276851624250412
4550, 3.08398288143826, 4, 40.162829811219126, 297, 1291026, 1000000, 0.0047721657902002335, 0.2613454759120941
4551, 3.4339016121357417, 4, 40.0956875551492, 297, 1291323, 1000000, 0.004756085574626923, 0.2755264639854431
4552, 3.2665495581059076, 4, 40.15525935217738, 297, 1291620, 1000000, 0.004712412133812904, 0.27461713552474976
4553, 3.604171699728795, 4, 40.079880218952894, 297, 1291917, 1000000, 0.005433130543678999, 0.2649237811565399
4554, 2.1564235373516567, 4, 40.10141444206238, 298, 1292215, 1000000, 0.0050964513793587685, 0.26876237988471985
4555, 2.5918394660766353, 4, 40.142616141587496, 298, 1292513, 1000000, 0.005011332221329212, 0.2723059058189392
4556, 3.2030796047329204, 4, 40.17138345213607, 297, 1292810, 1000000, 0.005177636165171862, 0.27531108260154724
4557, 3.4498816669147345, 4, 40.0944234454073, 298, 1293108, 1000000, 0.0054623959586024284, 0.26306667923927307
4558, 3.3650903619436576, 4, 40.191023017279804, 297, 1293405, 1000000, 0.004860830493271351, 0.26897621154785156
4559, 3.303562005360078, 4, 40.132151891011745, 298, 1293703, 1000000, 0.005480770021677017, 0.27041029930114746
4560, 3.3798457980483363, 4, 40.35321835195646, 299, 1294002, 1000000, 0.005161062814295292, 0.2545253336429596
4561, 3.7268518800810853, 4, 40.069630864076316, 297, 1294299, 1000000, 0.00586216663941741, 0.27647295594215393
4562, 3.5705638617437216, 4, 40.142240894027054, 297, 1294596, 1000000, 0.00567384110763669, 0.255647748708725
4563, 3.3888838708344338, 4, 40.05844512395561, 297, 1294893, 1000000, 0.005430782213807106, 0.2651991546154022
4564, 3.532134657194547, 4, 40.198882991913706, 298, 1295191, 1000000, 0.0056447056122124195, 0.2718188762664795
4565, 2.8798048926018964, 4, 40.05586642678827, 296, 1295487, 1000000, 0.005417998880147934, 0.26265984773635864
4566, 3.349872950140707, 4, 40.08857530215755, 297, 1295784, 1000000, 0.0051087187603116035, 0.26424166560173035
4567, 3.4181845087914553, 4, 40.0836480059661, 297, 1296081, 1000000, 0.005598518066108227, 0.2671087086200714
4568, 3.8952732826173815, 4, 40.085424333810806, 297, 1296378, 1000000, 0.005096822511404753, 0.2549827992916107
4569, 3.2003782966858125, 4, 40.07731603784487, 296, 1296674, 1000000, 0.00504964729771018, 0.2641245126724243
4570, 2.6220670501422205, 4, 40.13679596828297, 297, 1296971, 1000000, 0.005539401900023222, 0.26326054334640503
4571, 2.787326144396502, 4, 40.16923225391656, 297, 1297268, 1000000, 0.005295418202877045, 0.26243600249290466
4572, -0.9016385561935749, 2, 24.62392520206049, 180, 1297448, 1000000, 0.005768907722085714, 0.273680716753006
4573, 3.0850759399040726, 4, 40.0745245879516, 297, 1297745, 1000000, 0.0051384903490543365, 0.26669177412986755
4574, 3.4111022421147936, 4, 40.170756263658404, 297, 1298042, 1000000, 0.004992300644516945, 0.25255241990089417
4575, 3.237471118117355, 4, 40.06336424872279, 295, 1298337, 1000000, 0.005620286334306002, 0.2527962923049927
4576, 3.4168858607117727, 4, 40.1315937647596, 297, 1298634, 1000000, 0.005647396203130484, 0.2655571699142456
4577, 3.428694811591413, 4, 40.15436299610883, 297, 1298931, 1000000, 0.005546774715185165, 0.25549083948135376
4578, -5.575671986443922, 2, 18.434808833990246, 111, 1299042, 1000000, 0.004686491098254919, 0.25557535886764526
4579, 3.3592357832499147, 4, 40.190076876897365, 298, 1299340, 1000000, 0.005229284521192312, 0.25572696328163147
4580, 3.120423848984501, 4, 40.10996523313224, 297, 1299637, 1000000, 0.005627100355923176, 0.26864132285118103
4581, 3.422075218457394, 4, 40.16190421860665, 298, 1299935, 1000000, 0.0055277845822274685, 0.25004565715789795
4582, 3.233885204339458, 4, 40.196780821774155, 297, 1300232, 1000000, 0.005478958133608103, 0.24642790853977203
4583, 3.3112563975009834, 4, 40.16665205033496, 298, 1300530, 1000000, 0.0046592457219958305, 0.24080632627010345
4584, 3.0104090990544137, 4, 40.1201776410453, 297, 1300827, 1000000, 0.005665021017193794, 0.24754641950130463
4585, 3.241166427751068, 4, 40.098486583679914, 297, 1301124, 1000000, 0.005193901713937521, 0.24932701885700226
4586, 3.282538629224291, 4, 40.09335903311148, 297, 1301421, 1000000, 0.005166204180568457, 0.24394641816616058
4587, 3.0801321123663, 4, 40.18646299606189, 298, 1301719, 1000000, 0.005706097465008497, 0.2589477598667145
4588, -1.0836764029841106, 2, 37.44986197818071, 277, 1301996, 1000000, 0.005887089297175407, 0.2447691261768341
4589, 3.7954416515131015, 4, 40.16935523971915, 298, 1302294, 1000000, 0.0051178294233977795, 0.2588573396205902
4590, 3.1015593978263496, 4, 40.08743324596435, 294, 1302588, 1000000, 0.0055720130912959576, 0.25056204199790955
4591, 2.980901084083598, 4, 40.106258110143244, 297, 1302885, 1000000, 0.005429548677057028, 0.24687319993972778
4592, 2.8940472066569782, 4, 40.17512658983469, 297, 1303182, 1000000, 0.005581764038652182, 0.24433402717113495
4593, 2.85789195921825, 4, 40.1245042658411, 297, 1303479, 1000000, 0.005220198538154364, 0.2524920105934143
4594, 3.43313026758824, 4, 40.06831208523363, 297, 1303776, 1000000, 0.0052085621282458305, 0.2473408281803131
4595, 3.700546251542619, 4, 40.152896595187485, 296, 1304072, 1000000, 0.005489804781973362, 0.24887558817863464
4596, 2.7755495752403476, 4, 40.14938549883664, 298, 1304370, 1000000, 0.005619203206151724, 0.2366572916507721
4597, 3.4668754279773566, 4, 40.09645164106041, 297, 1304667, 1000000, 0.004948019981384277, 0.24738897383213043
4598, 3.4894667389701226, 4, 40.176569326315075, 298, 1304965, 1000000, 0.005549583118408918, 0.2537761330604553
4599, 3.0979004310720484, 4, 40.12576394807547, 297, 1305262, 1000000, 0.004874899052083492, 0.2451428472995758
4600, 2.824580612432328, 4, 40.12332875607535, 295, 1305557, 1000000, 0.005170472897589207, 0.2599334716796875
4601, 3.9776896685289103, 4, 40.084407687187195, 293, 1305850, 1000000, 0.005403994116932154, 0.25487902760505676
4602, 3.5036556521663442, 4, 40.1329090311192, 295, 1306145, 1000000, 0.005335294175893068, 0.2519798278808594
4603, 2.893235784031276, 4, 40.10414136014879, 295, 1306440, 1000000, 0.005312940571457148, 0.24669629335403442
4604, 2.953326269875106, 4, 40.145151984877884, 295, 1306735, 1000000, 0.005278409458696842, 0.24307219684123993
4605, 3.5405019318131963, 4, 40.100261406973004, 294, 1307029, 1000000, 0.0055851321667432785, 0.24220779538154602
4606, 2.8344982647540746, 4, 40.08650446776301, 295, 1307324, 1000000, 0.005795594304800034, 0.2409038245677948
4607, -0.7337386382278055, 2, 17.083831381052732, 123, 1307447, 1000000, 0.005726561415940523, 0.24333555996418
4608, 3.2129173528956017, 4, 40.143640307709575, 295, 1307742, 1000000, 0.00519656902179122, 0.24818862974643707
4609, 3.166264563279583, 4, 40.15650059375912, 296, 1308038, 1000000, 0.005612536799162626, 0.232455775141716
4610, -4.860472114756703, 2, 4.562586409039795, 30, 1308068, 1000000, 0.004772819112986326, 0.2430042177438736
4611, 3.2095993864923003, 4, 40.10343813803047, 295, 1308363, 1000000, 0.005756856873631477, 0.24634526669979095
4612, 3.4539305252774284, 4, 40.14652589010075, 293, 1308656, 1000000, 0.005222871899604797, 0.25132831931114197
4613, -0.8526830668561161, 2, 22.53542102361098, 165, 1308821, 1000000, 0.00559251056984067, 0.2395051270723343
4614, 3.4384282640894526, 4, 40.10400796122849, 295, 1309116, 1000000, 0.005113163497298956, 0.24073463678359985
4615, 3.6424313470197376, 4, 40.432599355932325, 299, 1309415, 1000000, 0.005978080444037914, 0.2435295283794403
4616, 3.2758762859448325, 4, 40.07303472422063, 296, 1309711, 1000000, 0.006111897528171539, 0.24069733917713165
4617, -0.1895123411741224, 2, 23.409125545062125, 169, 1309880, 1000000, 0.005195744335651398, 0.25799560546875
4618, 3.3531325677995483, 4, 40.05864477902651, 296, 1310176, 1000000, 0.005829742178320885, 0.24209986627101898
4619, 3.741549817892519, 4, 40.054530350957066, 295, 1310471, 1000000, 0.006029421463608742, 0.24329052865505219
4620, 3.3428292994285584, 4, 40.118970265146345, 294, 1310765, 1000000, 0.005168240051716566, 0.23696206510066986
4621, 3.3755244777308917, 4, 40.13437994616106, 297, 1311062, 1000000, 0.006057726219296455, 0.2486923485994339
4622, 3.478056362813277, 4, 40.12123521976173, 296, 1311358, 1000000, 0.006259953137487173, 0.23807567358016968
4623, 3.0125892068317626, 4, 40.122112500015646, 296, 1311654, 1000000, 0.005960776936262846, 0.23060953617095947
4624, 3.505522695244508, 4, 40.135587396565825, 297, 1311951, 1000000, 0.005513044074177742, 0.2449064999818802
4625, 3.009129679754551, 4, 40.18408801918849, 296, 1312247, 1000000, 0.00567826209589839, 0.22833171486854553
4626, 3.4006949278582397, 4, 40.085085064172745, 296, 1312543, 1000000, 0.005480111110955477, 0.24360528588294983
4627, 3.780001077713223, 4, 40.210803180001676, 297, 1312840, 1000000, 0.005446990951895714, 0.2385556697845459
4628, 3.4806336993933655, 4, 40.066406508907676, 296, 1313136, 1000000, 0.005093620624393225, 0.2385229915380478
4629, 3.303765384524013, 4, 40.09988615522161, 297, 1313433, 1000000, 0.0062389676459133625, 0.24923357367515564
4630, 3.5999671636482162, 4, 40.09492111997679, 297, 1313730, 1000000, 0.005554939620196819, 0.24499660730361938
4631, 3.8244264364439005, 4, 40.16143946303055, 292, 1314022, 1000000, 0.005951839033514261, 0.2462790459394455
4632, 2.846353774977615, 4, 40.08596149412915, 291, 1314313, 1000000, 0.0055463314056396484, 0.23167817294597626
4633, 3.0937230293056928, 4, 40.15816692728549, 290, 1314603, 1000000, 0.005361078307032585, 0.24396562576293945
4634, 2.767186373739605, 4, 40.29877806408331, 285, 1314888, 1000000, 0.005732496734708548, 0.2562631666660309
4635, 3.3238428326530993, 4, 40.16774210613221, 285, 1315173, 1000000, 0.006530191283673048, 0.23909887671470642
4636, -2.0186728935223073, 2, 12.295898591168225, 84, 1315257, 1000000, 0.005021071992814541, 0.25615671277046204
4637, 2.8142039786416717, 4, 40.26328908186406, 284, 1315541, 1000000, 0.00530330091714859, 0.22887863218784332
4638, 3.450113352319022, 4, 40.18433963507414, 285, 1315826, 1000000, 0.005785293877124786, 0.23184530436992645
4639, 3.717575582815016, 4, 40.163141815923154, 290, 1316116, 1000000, 0.005116318818181753, 0.23631630837917328
4640, 2.992643432586192, 4, 40.15449138265103, 296, 1316412, 1000000, 0.005673858802765608, 0.24074804782867432
4641, 3.2903112650128605, 4, 40.1393390679732, 297, 1316709, 1000000, 0.005674253683537245, 0.2234327495098114
4642, 3.1153013992952765, 4, 40.0554864811711, 293, 1317002, 1000000, 0.005320270545780659, 0.23343178629875183
4643, 3.5282754733786987, 4, 40.349372210912406, 298, 1317300, 1000000, 0.004985474981367588, 0.23517383635044098
4644, 2.8793091207480757, 4, 40.09822798008099, 297, 1317597, 1000000, 0.005496709607541561, 0.23241133987903595
4645, 2.752610205486917, 4, 40.337472551036626, 298, 1317895, 1000000, 0.00602761609479785, 0.2312057763338089
4646, 2.865855738580649, 4, 40.11093067517504, 297, 1318192, 1000000, 0.005469995085150003, 0.23932036757469177
4647, 3.1902767446845246, 4, 40.122679493855685, 297, 1318489, 1000000, 0.005776926875114441, 0.23412060737609863
4648, 3.6397726240011252, 4, 40.063217466231436, 296, 1318785, 1000000, 0.005387273151427507, 0.24371235072612762
4649, 3.1787654122290405, 4, 40.153381808660924, 296, 1319081, 1000000, 0.006174418609589338, 0.23243744671344757
4650, 3.0858398224850134, 4, 40.09694375190884, 296, 1319377, 1000000, 0.005478200502693653, 0.23435863852500916
4651, 3.1937524875665986, 4, 40.14578371401876, 298, 1319675, 1000000, 0.00575939891859889, 0.23571500182151794
4652, -1.6713568825507537, 2, 11.840315333101898, 85, 1319760, 1000000, 0.005418010521680117, 0.2447027713060379
4653, 1.9552071989373871, 4, 40.06851593311876, 298, 1320058, 1000000, 0.0056601096875965595, 0.23809212446212769
4654, 3.661555408669301, 4, 40.09379577031359, 297, 1320355, 1000000, 0.0057156262919306755, 0.2265045940876007
4655, 3.6479588466099813, 4, 40.14926625508815, 297, 1320652, 1000000, 0.006014521699398756, 0.22809579968452454
4656, -0.36622654532038723, 2, 26.472019662614912, 194, 1320846, 1000000, 0.005984244868159294, 0.23025308549404144
4657, 3.367728638511835, 4, 40.07334797317162, 296, 1321142, 1000000, 0.005690861493349075, 0.23331430554389954
4658, 2.9968756636153557, 4, 40.12605009088293, 297, 1321439, 1000000, 0.005568592343479395, 0.22488464415073395
4659, 3.5955756583134644, 4, 40.16134006110951, 297, 1321736, 1000000, 0.004896052181720734, 0.23626847565174103
4660, 3.5082620257398958, 4, 40.06031143479049, 297, 1322033, 1000000, 0.005614227149635553, 0.2326880544424057
4661, 3.7500097632641882, 4, 40.12555633299053, 298, 1322331, 1000000, 0.005378905218094587, 0.23066489398479462
4662, 3.5746589941263665, 4, 40.18263135664165, 297, 1322628, 1000000, 0.0047973464243113995, 0.23118595778942108
4663, 3.007095321034285, 4, 40.12319271592423, 296, 1322924, 1000000, 0.0058644902892410755, 0.23466388881206512
4664, 2.6608391316704, 4, 40.17185136117041, 297, 1323221, 1000000, 0.005005422979593277, 0.23428457975387573
4665, 3.328518337890273, 4, 40.08367554889992, 295, 1323516, 1000000, 0.0046142456121742725, 0.22072432935237885
4666, 2.5367540426702817, 4, 40.05468639312312, 297, 1323813, 1000000, 0.005104679614305496, 0.24474650621414185
4667, 3.694458288912301, 4, 40.09080287022516, 296, 1324109, 1000000, 0.005186311900615692, 0.23106464743614197
4668, 3.741558685513155, 4, 40.13047112105414, 297, 1324406, 1000000, 0.005173280369490385, 0.233806774020195
4669, 3.310917239447008, 4, 40.18214036570862, 297, 1324703, 1000000, 0.005392576567828655, 0.23849089443683624
4670, 3.135248303791741, 4, 40.17940450599417, 298, 1325001, 1000000, 0.005317595787346363, 0.23327019810676575
4671, 3.4909821931451006, 4, 40.069140159059316, 297, 1325298, 1000000, 0.005097924266010523, 0.24217377603054047
4672, 3.30188318240198, 4, 40.09420199505985, 296, 1325594, 1000000, 0.00601282250136137, 0.2238599956035614
4673, 3.047402005540789, 4, 40.120855316054076, 297, 1325891, 1000000, 0.005231795366853476, 0.23003245890140533
4674, 3.0713641696207787, 4, 40.16813967889175, 298, 1326189, 1000000, 0.00453572953119874, 0.23913581669330597
4675, 3.6883456309068947, 4, 40.14959774911404, 297, 1326486, 1000000, 0.005021815188229084, 0.230134516954422
4676, -3.2103335401043296, 2, 4.935829370748252, 33, 1326519, 1000000, 0.004883176647126675, 0.2352777123451233
4677, 3.3470226672379795, 4, 40.1662077549845, 297, 1326816, 1000000, 0.005412355065345764, 0.22484144568443298
4678, 3.1449299261294072, 4, 40.16707563120872, 297, 1327113, 1000000, 0.005440233740955591, 0.20772762596607208
4679, 3.6269884852677023, 4, 40.050618335139006, 294, 1327407, 1000000, 0.006481986492872238, 0.22786317765712738
4680, 2.4466563977130136, 4, 40.153925593942404, 298, 1327705, 1000000, 0.0050329407677054405, 0.22440814971923828
4681, 3.8932010385506146, 4, 40.1763204052113, 297, 1328002, 1000000, 0.005349409766495228, 0.22613240778446198
4682, 3.6861337857299077, 4, 40.10089471517131, 297, 1328299, 1000000, 0.005725958850234747, 0.21651026606559753
4683, 2.8719571567780804, 4, 40.10168463597074, 297, 1328596, 1000000, 0.0052167149260640144, 0.24968886375427246
4684, 2.7915042031054327, 4, 40.06679521733895, 296, 1328892, 1000000, 0.005254152696579695, 0.20892702043056488
4685, 3.765281175158634, 4, 40.180061457213014, 297, 1329189, 1000000, 0.005527561064809561, 0.22339317202568054
4686, 2.989920522348257, 4, 40.13428452098742, 297, 1329486, 1000000, 0.005095185711979866, 0.22271543741226196
4687, 3.8112276301653765, 4, 40.11915710289031, 297, 1329783, 1000000, 0.005834941286593676, 0.22609268128871918
4688, 3.4523090553689144, 4, 40.089895323850214, 297, 1330080, 1000000, 0.004905358422547579, 0.2312883585691452
4689, -0.4917325306450948, 2, 30.17838868079707, 220, 1330300, 1000000, 0.004504500888288021, 0.22280824184417725
4690, -0.5338948902208358, 2, 20.646106934174895, 151, 1330451, 1000000, 0.005801909137517214, 0.2198137640953064
4691, -0.4716488259655307, 2, 36.156111435964704, 268, 1330719, 1000000, 0.004913702141493559, 0.2217022031545639
4692, 3.5215690972636366, 4, 40.164664677809924, 298, 1331017, 1000000, 0.005735037848353386, 0.23099049925804138
4693, 2.7376425685470167, 4, 40.166063686367124, 297, 1331314, 1000000, 0.004823328461498022, 0.22467994689941406
4694, 3.3577082214578695, 4, 40.081239259336144, 297, 1331611, 1000000, 0.005047690588980913, 0.22685934603214264
4695, 3.5790770059356873, 4, 40.073692867998034, 297, 1331908, 1000000, 0.005596349481493235, 0.22938524186611176
4696, 3.5878294063950307, 4, 40.07271081395447, 297, 1332205, 1000000, 0.004918102640658617, 0.23169322311878204
4697, 3.616673426144189, 4, 40.14383698068559, 297, 1332502, 1000000, 0.005640639457851648, 0.2257804274559021
4698, 3.204012355468876, 4, 40.159052379895, 298, 1332800, 1000000, 0.0047509740106761456, 0.21881477534770966
4699, 3.259021353609114, 4, 40.07207321096212, 297, 1333097, 1000000, 0.005009608343243599, 0.2275369018316269
4700, 3.2761438744125826, 4, 40.21207180712372, 298, 1333395, 1000000, 0.005548069719225168, 0.2315337210893631
4701, 2.9083342334743065, 4, 40.179256842006, 293, 1333688, 1000000, 0.0049861278384923935, 0.21853408217430115
4702, 3.0343371779363224, 4, 40.156329304911196, 292, 1333980, 1000000, 0.00508071156218648, 0.22812482714653015
4703, 3.5361436745843093, 4, 40.16141290497035, 294, 1334274, 1000000, 0.004734159912914038, 0.22242020070552826
4704, 3.329944448945753, 4, 40.09415761195123, 294, 1334568, 1000000, 0.005041254218667746, 0.23102723062038422
4705, 3.4914168607183456, 4, 40.14751345990226, 293, 1334861, 1000000, 0.005354642868041992, 0.23132574558258057
4706, 1.5058261870290153, 4, 40.1436030282639, 296, 1335157, 1000000, 0.004946003668010235, 0.23021426796913147
4707, 3.868814020359423, 4, 40.18931845808402, 295, 1335452, 1000000, 0.00455001974478364, 0.2396227866411209
4708, 3.427578073904442, 4, 40.11278846580535, 294, 1335746, 1000000, 0.004978636279702187, 0.2273186892271042
4709, 2.6141810186454677, 4, 40.12923792889342, 295, 1336041, 1000000, 0.0047333743423223495, 0.23556582629680634
4710, 3.12172750553691, 4, 40.16098724119365, 294, 1336335, 1000000, 0.00529757235199213, 0.22095343470573425
4711, 3.0519653983101307, 4, 40.167211388703436, 295, 1336630, 1000000, 0.005135437473654747, 0.22233064472675323
4712, 2.8545653007822693, 4, 40.151755993720144, 294, 1336924, 1000000, 0.0053537567146122456, 0.2231793850660324
4713, 3.234036543669845, 4, 40.08839205512777, 295, 1337219, 1000000, 0.00473832106217742, 0.2169198989868164
4714, 3.2041132909507724, 4, 40.144150578882545, 296, 1337515, 1000000, 0.004730548243969679, 0.22925490140914917
4715, 2.2205898521424388, 4, 40.08397516189143, 295, 1337810, 1000000, 0.004761760123074055, 0.22152911126613617
4716, 3.0368942820133498, 4, 40.15217918809503, 295, 1338105, 1000000, 0.004945285618305206, 0.2284419685602188
4717, 2.176659426185779, 4, 40.1083646742627, 293, 1338398, 1000000, 0.004722126293927431, 0.21728737652301788
4718, 3.266558570997404, 4, 40.116218321956694, 296, 1338694, 1000000, 0.005241875071078539, 0.2182989865541458
4719, 2.8397894373410963, 4, 40.490856626071036, 299, 1338993, 1000000, 0.0051549081690609455, 0.21654760837554932
4720, 3.6852919724957474, 4, 40.14738406613469, 296, 1339289, 1000000, 0.004889108240604401, 0.22175806760787964
4721, 3.6755036006152295, 4, 40.09213922312483, 296, 1339585, 1000000, 0.00536103080958128, 0.21144536137580872
4722, 3.251441290070943, 4, 40.0690231109038, 295, 1339880, 1000000, 0.005208044778555632, 0.21862702071666718
4723, 3.665717848092754, 4, 40.16591539606452, 296, 1340176, 1000000, 0.0052573648281395435, 0.21645167469978333
4724, 3.4154733520408627, 4, 40.08343752799556, 296, 1340472, 1000000, 0.004953891970217228, 0.21242345869541168
4725, 3.395251328322047, 4, 40.13202597480267, 295, 1340767, 1000000, 0.005492671858519316, 0.23098543286323547
4726, 3.592910343496442, 4, 40.16026108106598, 297, 1341064, 1000000, 0.005248409695923328, 0.22116117179393768
4727, 3.666844391318591, 4, 40.09895447641611, 295, 1341359, 1000000, 0.005310083273798227, 0.2319449931383133
4728, 3.293032922945713, 4, 40.11324944905937, 296, 1341655, 1000000, 0.005909571889787912, 0.22734589874744415
4729, 2.7791998824322945, 4, 40.107400658074766, 296, 1341951, 1000000, 0.0047723776660859585, 0.21738649904727936
4730, 3.282820637748955, 4, 40.172452588099986, 295, 1342246, 1000000, 0.005639612674713135, 0.2269001603126526
4731, 3.712316769079223, 4, 40.130171650554985, 296, 1342542, 1000000, 0.005046420730650425, 0.20817303657531738
4732, 3.489482405135277, 4, 40.107231066096574, 296, 1342838, 1000000, 0.005654436536133289, 0.21706253290176392
4733, 2.8013918965734774, 4, 40.118197684176266, 297, 1343135, 1000000, 0.0050932299345731735, 0.20871122181415558
4734, 3.5526482797047265, 4, 40.08774957479909, 296, 1343431, 1000000, 0.005400008987635374, 0.2197805643081665
4735, 2.6418028884436353, 4, 40.092798311728984, 296, 1343727, 1000000, 0.004768200218677521, 0.22304844856262207
4736, 3.3367660487638204, 4, 40.168244977016, 297, 1344024, 1000000, 0.005124852992594242, 0.21794071793556213
4737, 2.309355146594953, 4, 40.10075437230989, 297, 1344321, 1000000, 0.0054092323407530785, 0.21848320960998535
4738, 3.156070839962922, 4, 40.08851221576333, 296, 1344617, 1000000, 0.005319271236658096, 0.21286410093307495
4739, 3.2572462785392418, 4, 40.16347155580297, 297, 1344914, 1000000, 0.005027655977755785, 0.21603454649448395
4740, 2.946653337774478, 4, 40.15304932696745, 295, 1345209, 1000000, 0.0053863017819821835, 0.21624235808849335
4741, 3.915041713908977, 4, 40.20178494602442, 297, 1345506, 1000000, 0.005156491417437792, 0.21885979175567627
4742, 3.3823002560843634, 4, 40.09262253111228, 297, 1345803, 1000000, 0.0047853849828243256, 0.21429020166397095
4743, 2.6742939279342863, 4, 40.17326572490856, 295, 1346098, 1000000, 0.005035812966525555, 0.23331061005592346
4744, 3.2082914136408363, 4, 40.084463205654174, 296, 1346394, 1000000, 0.004918994382023811, 0.21775560081005096
4745, 2.96573196679401, 4, 40.12193846516311, 296, 1346690, 1000000, 0.004898322280496359, 0.22059161961078644
4746, 2.5378810618658463, 4, 40.1339150168933, 296, 1346986, 1000000, 0.005545365624129772, 0.22228455543518066
4747, 2.953172458881454, 4, 40.05355562502518, 293, 1347279, 1000000, 0.0054580639116466045, 0.2174265831708908
4748, 3.136312176681713, 4, 40.18366153212264, 297, 1347576, 1000000, 0.006130256690084934, 0.21229204535484314
4749, 3.119015497656619, 4, 40.15449208300561, 296, 1347872, 1000000, 0.00546371191740036, 0.22160844504833221
4750, 2.382926303340355, 4, 40.184398281853646, 297, 1348169, 1000000, 0.004517723806202412, 0.22537089884281158
4751, 3.1360082976079866, 4, 40.11096596205607, 297, 1348466, 1000000, 0.005303007550537586, 0.21725207567214966
4752, 2.970853079787048, 4, 40.08710537478328, 296, 1348762, 1000000, 0.005078162532299757, 0.21328768134117126
4753, 2.925315091113589, 4, 40.079576265998185, 296, 1349058, 1000000, 0.004963015206158161, 0.21484266221523285
4754, 3.8680715030714055, 4, 40.04244059883058, 297, 1349355, 1000000, 0.005298640578985214, 0.2260541021823883
4755, 3.1366678665976906, 4, 40.179989823140204, 297, 1349652, 1000000, 0.00469285249710083, 0.2283323109149933
4756, 3.7029773792273772, 4, 40.167816592846066, 297, 1349949, 1000000, 0.004816465545445681, 0.21648989617824554
4757, 3.445772981578557, 4, 40.068390156142414, 296, 1350245, 1000000, 0.005238424055278301, 0.2213667333126068
4758, 2.6241226876954897, 4, 40.17000903468579, 299, 1350544, 1000000, 0.0044335718266665936, 0.210652157664299
4759, 2.6649210365831095, 4, 40.15958478813991, 297, 1350841, 1000000, 0.005050795618444681, 0.20967212319374084
4760, 3.586261411968735, 4, 40.113982236012816, 297, 1351138, 1000000, 0.005213471595197916, 0.21208682656288147
4761, 3.7954552626288205, 4, 40.101502743083984, 297, 1351435, 1000000, 0.005342243239283562, 0.2280125766992569
4762, 3.570032237781561, 4, 40.06822698097676, 296, 1351731, 1000000, 0.004847152624279261, 0.22961683571338654
4763, 3.4337917263273994, 4, 40.15636978298426, 297, 1352028, 1000000, 0.005041402764618397, 0.22159728407859802
4764, 3.461759041381356, 4, 40.10014608781785, 297, 1352325, 1000000, 0.005125593859702349, 0.2171304076910019
4765, 3.593950453130674, 4, 40.07892325334251, 296, 1352621, 1000000, 0.004514522850513458, 0.2191869616508484
4766, 3.5862166733272716, 4, 40.06690902868286, 297, 1352918, 1000000, 0.004165251739323139, 0.2236933410167694
4767, 2.7179404125017754, 4, 40.08784505305812, 297, 1353215, 1000000, 0.005042300559580326, 0.21109668910503387
4768, 3.3240922691184096, 4, 40.0642592352815, 297, 1353512, 1000000, 0.004841438960283995, 0.21576040983200073
4769, 2.869590234491625, 4, 40.16393157094717, 297, 1353809, 1000000, 0.004649251699447632, 0.2114250361919403
4770, 3.1425679138774285, 4, 40.18593910289928, 297, 1354106, 1000000, 0.005080141592770815, 0.21092088520526886
4771, 3.644979244287242, 4, 40.151536838151515, 297, 1354403, 1000000, 0.004929656162858009, 0.20702873170375824
4772, 3.263645627630467, 4, 40.079070386942476, 297, 1354700, 1000000, 0.005570247303694487, 0.20964735746383667
4773, 3.6563371771826496, 4, 40.14290466485545, 297, 1354997, 1000000, 0.005047832615673542, 0.21718813478946686
4774, -2.477923536207527, 2, 8.084525307174772, 57, 1355054, 1000000, 0.004094467964023352, 0.24330267310142517
4775, 3.6376137779407145, 4, 40.19633944006637, 298, 1355352, 1000000, 0.005141821689903736, 0.21435828506946564
4776, 2.9770685283001512, 4, 40.05766828823835, 297, 1355649, 1000000, 0.00500952173024416, 0.21360383927822113
4777, 3.6299230773802265, 4, 40.11210315255448, 297, 1355946, 1000000, 0.0049114590510725975, 0.2125253826379776
4778, 2.3470042855587963, 4, 40.12920484924689, 298, 1356244, 1000000, 0.004423472564667463, 0.20477771759033203
4779, 3.133286106213575, 4, 40.1102257440798, 295, 1356539, 1000000, 0.004538377281278372, 0.20735469460487366
4780, 2.805640317103098, 4, 40.13611976010725, 297, 1356836, 1000000, 0.0055477009154856205, 0.20282845199108124
4781, -0.8512166249865913, 2, 17.417917505372316, 127, 1356963, 1000000, 0.004383960273116827, 0.22510026395320892
4782, -0.9547022480073792, 2, 39.40509477397427, 291, 1357254, 1000000, 0.00513795018196106, 0.22670987248420715
4783, 3.4320659942204657, 4, 40.0879476480186, 297, 1357551, 1000000, 0.00464196503162384, 0.22548402845859528
4784, 2.4776391929663077, 4, 40.07945081079379, 295, 1357846, 1000000, 0.005146294366568327, 0.2119131237268448
4785, 2.475335094542288, 4, 40.090816520154476, 297, 1358143, 1000000, 0.004507437814027071, 0.21085576713085175
4786, 3.6913015668978915, 4, 40.07863454101607, 297, 1358440, 1000000, 0.004754506982862949, 0.2052311897277832
4787, 2.7186254635198566, 4, 40.070745470933616, 296, 1358736, 1000000, 0.004697493277490139, 0.20815277099609375
4788, 3.2985216038214276, 4, 40.16407912177965, 297, 1359033, 1000000, 0.004569770768284798, 0.21838828921318054
4789, 2.5525608484658733, 4, 40.17672119894996, 297, 1359330, 1000000, 0.004520238842815161, 0.21066629886627197
4790, 3.221829471483943, 4, 40.17836644919589, 298, 1359628, 1000000, 0.00432027131319046, 0.20754200220108032
4791, 3.7281873885985988, 4, 40.04638442629948, 297, 1359925, 1000000, 0.004655701108276844, 0.2040991634130478
4792, 2.9887167492524895, 4, 40.105885106138885, 297, 1360222, 1000000, 0.004709533881396055, 0.2160165160894394
4793, 3.381229631944734, 4, 40.11514055589214, 297, 1360519, 1000000, 0.004684566520154476, 0.2030514031648636
4794, 3.4027512549077414, 4, 40.11433095205575, 297, 1360816, 1000000, 0.004312315955758095, 0.20171406865119934
4795, 3.78728170321574, 4, 40.13341670576483, 297, 1361113, 1000000, 0.0045602996833622456, 0.20246778428554535
4796, 2.902040496826885, 4, 40.20362628810108, 298, 1361411, 1000000, 0.005068310536444187, 0.21124331653118134
4797, 3.426665387076355, 4, 40.16996492492035, 297, 1361708, 1000000, 0.004027371294796467, 0.20873913168907166
4798, 3.6493503292786045, 4, 40.12706871237606, 297, 1362005, 1000000, 0.004311962053179741, 0.21546413004398346
4799, 3.8443937292322516, 4, 40.136532061267644, 297, 1362302, 1000000, 0.004710339941084385, 0.2147330343723297
4800, 3.6926765902035186, 4, 40.07447160501033, 295, 1362597, 1000000, 0.004446572158485651, 0.21463392674922943
4801, 3.5384130982499755, 4, 40.12731007812545, 297, 1362894, 1000000, 0.004929292481392622, 0.21259790658950806
4802, 2.944096590324989, 4, 40.162065024953336, 298, 1363192, 1000000, 0.005063625983893871, 0.20280082523822784
4803, 3.328036766804871, 4, 40.06084979465231, 296, 1363488, 1000000, 0.004254394676536322, 0.20170459151268005
4804, -1.9747623629937152, 2, 31.995964695699513, 236, 1363724, 1000000, 0.004732079803943634, 0.212321475148201
4805, 2.322482930652768, 4, 40.11351618077606, 297, 1364021, 1000000, 0.004801660776138306, 0.20695659518241882
4806, 3.1123985282119975, 4, 40.126333269290626, 297, 1364318, 1000000, 0.004522308241575956, 0.20869538187980652
4807, 3.4279140463113436, 4, 40.138987366110086, 297, 1364615, 1000000, 0.004691889975219965, 0.19992470741271973
4808, 3.8028652679959123, 4, 40.12903303606436, 297, 1364912, 1000000, 0.004922330379486084, 0.2041970193386078
4809, 3.2813109048265687, 4, 40.18026707833633, 298, 1365210, 1000000, 0.0044563510455191135, 0.20498120784759521
4810, 3.8391918663733122, 4, 40.09164721798152, 297, 1365507, 1000000, 0.004392607603222132, 0.2048792988061905
4811, 2.96320747298887, 4, 40.13090961938724, 297, 1365804, 1000000, 0.004664869047701359, 0.2154807299375534
4812, 3.3417278110791813, 4, 40.13286129012704, 297, 1366101, 1000000, 0.004144186619669199, 0.20006990432739258
4813, 2.2232311970547016, 4, 40.10567066213116, 297, 1366398, 1000000, 0.005063571035861969, 0.215019091963768
4814, 3.294965619514187, 4, 40.08649002015591, 297, 1366695, 1000000, 0.004596935119479895, 0.20150093734264374
4815, 3.079255451219069, 4, 40.17625383567065, 297, 1366992, 1000000, 0.004282353911548853, 0.2117447704076767
4816, 3.1186538679348814, 4, 40.126443485729396, 297, 1367289, 1000000, 0.004213952459394932, 0.21691416203975677
4817, 3.5320535870223466, 4, 40.12636221200228, 298, 1367587, 1000000, 0.005433219019323587, 0.20713335275650024
4818, 3.802724658011357, 4, 40.187357008922845, 298, 1367885, 1000000, 0.004180889576673508, 0.18950289487838745
4819, 2.7584110907264403, 4, 40.14105685707182, 296, 1368181, 1000000, 0.005056955851614475, 0.19905200600624084
4820, -0.43038753180007916, 2, 19.750516230706125, 145, 1368326, 1000000, 0.004909522831439972, 0.2041255086660385
4821, 3.1222893591502725, 4, 40.09382847324014, 297, 1368623, 1000000, 0.004563465248793364, 0.19477629661560059
4822, -1.4999834828340681, 2, 35.87736102566123, 265, 1368888, 1000000, 0.004061792977154255, 0.20933879911899567
4823, 2.791415633147153, 4, 40.132998993154615, 298, 1369186, 1000000, 0.004581348039209843, 0.19094814360141754
4824, 2.7451164727123043, 4, 40.15866903914139, 298, 1369484, 1000000, 0.004962875507771969, 0.19951698184013367
4825, 2.9033991881622114, 4, 40.201130567118526, 299, 1369783, 1000000, 0.004502658266574144, 0.19329801201820374
4826, 3.7388500058405043, 4, 40.11425494868308, 297, 1370080, 1000000, 0.004631019663065672, 0.19216738641262054
4827, 3.0609677113324665, 4, 40.09934703586623, 297, 1370377, 1000000, 0.003997145686298609, 0.19207973778247833
4828, 2.736643030981213, 4, 40.12841730704531, 297, 1370674, 1000000, 0.004452395718544722, 0.18263430893421173
4829, 3.0296798854124063, 4, 40.169033016078174, 294, 1370968, 1000000, 0.004509666934609413, 0.1957024782896042
4830, -0.3959344632094144, 2, 24.291177751030773, 177, 1371145, 1000000, 0.005005396902561188, 0.19865953922271729
4831, 3.030843636732243, 4, 40.059497450944036, 297, 1371442, 1000000, 0.004185387399047613, 0.19957421720027924
4832, 3.6315666468653944, 4, 40.15114930970594, 298, 1371740, 1000000, 0.004143448546528816, 0.18280534446239471
4833, 3.6564186534296823, 4, 40.11584381107241, 297, 1372037, 1000000, 0.0046126642264425755, 0.18869273364543915
4834, -1.0890935095249006, 2, 20.37210030388087, 149, 1372186, 1000000, 0.004530643112957478, 0.17971853911876678
4835, 2.827189051600726, 4, 40.15587205206975, 298, 1372484, 1000000, 0.004499773494899273, 0.20040112733840942
4836, 2.2559148390655537, 4, 40.06335066817701, 297, 1372781, 1000000, 0.005002710036933422, 0.18723690509796143
4837, -0.6147076642705542, 2, 23.810743647627532, 175, 1372956, 1000000, 0.004852278158068657, 0.18843187391757965
4838, 3.679966536710708, 4, 40.355824903119355, 299, 1373255, 1000000, 0.004977558273822069, 0.17884618043899536
4839, -0.2967643470824157, 2, 22.75099965929985, 167, 1373422, 1000000, 0.004393267445266247, 0.18844300508499146
4840, 3.615049444025317, 4, 40.1063881451264, 297, 1373719, 1000000, 0.004307535942643881, 0.2009499967098236
4841, 3.976484943486412, 4, 40.171807723119855, 298, 1374017, 1000000, 0.0046637170016765594, 0.19567784667015076
4842, 3.5619557153684127, 4, 40.17715351190418, 297, 1374314, 1000000, 0.004251622594892979, 0.19212216138839722
4843, 3.377178687715059, 4, 40.17619701102376, 298, 1374612, 1000000, 0.004304847680032253, 0.1868869662284851
4844, 3.1640839760093513, 4, 40.05015649506822, 297, 1374909, 1000000, 0.004773570690304041, 0.1910862922668457
4845, 3.6291840587509796, 4, 40.05942316679284, 298, 1375207, 1000000, 0.004467761609703302, 0.20240457355976105
4846, 3.001546992265503, 4, 40.08780869608745, 297, 1375504, 1000000, 0.005375886335968971, 0.19179333746433258
4847, 3.084120068582706, 4, 40.184218287002295, 298, 1375802, 1000000, 0.004516179673373699, 0.19474683701992035
4848, 2.3408018126265233, 4, 40.094990343321115, 298, 1376100, 1000000, 0.0047799707390367985, 0.19537751376628876
4849, 3.5018155308243877, 4, 40.06940061645582, 297, 1376397, 1000000, 0.004729457199573517, 0.18561092019081116
4850, 3.222617315041134, 4, 40.08426516922191, 297, 1376694, 1000000, 0.00416004890576005, 0.187334805727005
4851, 3.8397774463337555, 4, 40.17543476773426, 298, 1376992, 1000000, 0.004473528359085321, 0.19055822491645813
4852, 3.6024091857686926, 4, 40.14058764418587, 297, 1377289, 1000000, 0.004676340613514185, 0.19426794350147247
4853, 3.217147370116436, 4, 40.14501501200721, 298, 1377587, 1000000, 0.004404174163937569, 0.18481726944446564
4854, 3.1187530698996397, 4, 40.15613600425422, 295, 1377882, 1000000, 0.004241571761667728, 0.17408327758312225
4855, 3.0523606247242014, 4, 40.06188125582412, 297, 1378179, 1000000, 0.0050942059606313705, 0.19229847192764282
4856, 3.7991658521905265, 4, 40.10028548212722, 297, 1378476, 1000000, 0.004575068596750498, 0.18858462572097778
4857, 3.625331084978825, 4, 40.072562030050904, 297, 1378773, 1000000, 0.00400877371430397, 0.1910364180803299
4858, 3.3815822199385366, 4, 40.084892980754375, 297, 1379070, 1000000, 0.005200939252972603, 0.18586154282093048
4859, 3.798819409823409, 4, 40.097368746995926, 297, 1379367, 1000000, 0.004472530446946621, 0.18933358788490295
4860, 3.4389964898673497, 4, 40.134479876141995, 297, 1379664, 1000000, 0.004030508454889059, 0.1949894279241562
4861, 2.907630812868547, 4, 40.12212829012424, 298, 1379962, 1000000, 0.004444966558367014, 0.19514238834381104
4862, 2.3047412604610145, 4, 40.06532852211967, 296, 1380258, 1000000, 0.00489550456404686, 0.1790032535791397
4863, 1.8393760601165923, 4, 40.09844219405204, 296, 1380554, 1000000, 0.0044760857708752155, 0.18499848246574402
4864, 3.1216892029096925, 4, 40.08725926885381, 297, 1380851, 1000000, 0.005173445213586092, 0.1872541308403015
4865, 3.1765034485579235, 4, 40.14014895213768, 298, 1381149, 1000000, 0.00444171903654933, 0.17918777465820312
4866, 3.9317137027337594, 4, 40.106892376206815, 296, 1381445, 1000000, 0.004551348742097616, 0.18121320009231567
4867, 3.439341150215796, 4, 40.06887853005901, 296, 1381741, 1000000, 0.004677940160036087, 0.174465611577034
4868, 3.6049737249559257, 4, 40.11460308684036, 296, 1382037, 1000000, 0.004177703056484461, 0.18147023022174835
4869, 3.607320119997894, 4, 40.208411707077175, 298, 1382335, 1000000, 0.004425547085702419, 0.17725476622581482
4870, -3.152074914658442, 2, 5.975697518792003, 41, 1382376, 1000000, 0.004387751687318087, 0.163194939494133
4871, 3.525915256155713, 4, 40.10766432993114, 297, 1382673, 1000000, 0.004641280509531498, 0.17830441892147064
4872, 3.6585105832801332, 4, 40.167277516797185, 297, 1382970, 1000000, 0.004273423925042152, 0.18300975859165192
4873, 3.0242132632847643, 4, 40.1062793941237, 297, 1383267, 1000000, 0.003969433251768351, 0.19524653255939484
4874, 3.714689689062652, 4, 40.160618281923234, 297, 1383564, 1000000, 0.004623164422810078, 0.16973772644996643
4875, 2.955311268417745, 4, 40.21102056419477, 297, 1383861, 1000000, 0.005048614460974932, 0.17182263731956482
4876, 2.981471572422379, 4, 40.08605901384726, 297, 1384158, 1000000, 0.004879777319729328, 0.1878935992717743
4877, -0.6064712728839368, 2, 14.466930796857923, 105, 1384263, 1000000, 0.004419595934450626, 0.19496414065361023
4878, 3.225833508569849, 4, 40.12196465674788, 297, 1384560, 1000000, 0.004712635651230812, 0.17436207830905914
4879, 3.520670569571166, 4, 40.150342028122395, 297, 1384857, 1000000, 0.004993060603737831, 0.1876063197851181
4880, 3.783311685404442, 4, 40.107755994889885, 297, 1385154, 1000000, 0.00478510744869709, 0.17582549154758453
4881, 0.18184126892720087, 2, 25.13380998466164, 185, 1385339, 1000000, 0.004289467819035053, 0.18072116374969482
4882, -1.545437983602369, 2, 27.370894972234964, 202, 1385541, 1000000, 0.00433218851685524, 0.1760363131761551
4883, 3.6255077030355096, 4, 40.09089516988024, 297, 1385838, 1000000, 0.0042020101100206375, 0.17209750413894653
4884, 3.7888020104828684, 4, 40.080648293253034, 297, 1386135, 1000000, 0.00394213804975152, 0.18342408537864685
4885, 3.0752260384251713, 4, 40.09116909280419, 297, 1386432, 1000000, 0.004819342400878668, 0.17235086858272552
4886, 2.854629092820687, 4, 40.072468109894544, 297, 1386729, 1000000, 0.0041081877425313, 0.17951926589012146
4887, 3.0773501029834733, 4, 40.13897046819329, 297, 1387026, 1000000, 0.004877453204244375, 0.16791336238384247
4888, 3.0415853084123228, 4, 40.125922691076994, 297, 1387323, 1000000, 0.005006895866245031, 0.1748594343662262
4889, 3.6592548873086344, 4, 40.10761330695823, 297, 1387620, 1000000, 0.003981244284659624, 0.16222195327281952
4890, 2.7754587111762703, 4, 40.148155017290264, 297, 1387917, 1000000, 0.0044257743284106255, 0.18092960119247437
4891, 3.874791059186464, 4, 40.12593813613057, 297, 1388214, 1000000, 0.004680722486227751, 0.18027997016906738
4892, 3.3040884511556214, 4, 40.119869048241526, 297, 1388511, 1000000, 0.004398566670715809, 0.17249795794487
4893, 3.1232140818901826, 4, 40.08492306061089, 297, 1388808, 1000000, 0.004134440328925848, 0.17587527632713318
4894, 3.210497976229817, 4, 40.12849269108847, 297, 1389105, 1000000, 0.004619957413524389, 0.16657356917858124
4895, 3.5409825557781005, 4, 40.08269877219573, 295, 1389400, 1000000, 0.004608347546309233, 0.18296150863170624
4896, 3.2165597413245592, 4, 40.134659790899605, 297, 1389697, 1000000, 0.005354627501219511, 0.1679573506116867
4897, 3.6647472765225757, 4, 40.41982175083831, 300, 1389997, 1000000, 0.004325008485466242, 0.1781691163778305
4898, 3.430423817162591, 4, 40.09923157794401, 295, 1390292, 1000000, 0.004182339645922184, 0.16563092172145844
4899, 3.314287559206605, 4, 40.13439080724493, 298, 1390590, 1000000, 0.004410960245877504, 0.17549186944961548
4900, 3.694832888288147, 4, 40.04446032177657, 297, 1390887, 1000000, 0.00502379797399044, 0.17760850489139557
4901, 3.736315562942764, 4, 40.157652019988745, 297, 1391184, 1000000, 0.004725220613181591, 0.1652825027704239
4902, 3.0766639179851154, 4, 40.133283843286335, 297, 1391481, 1000000, 0.004067324101924896, 0.1704007238149643
4903, 3.102334425529989, 4, 40.096375613007694, 297, 1391778, 1000000, 0.004096850752830505, 0.16321991384029388
4904, 2.502729257412284, 4, 40.143445630092174, 297, 1392075, 1000000, 0.005017681512981653, 0.17258383333683014
4905, 3.4822040308681608, 4, 40.08708932297304, 297, 1392372, 1000000, 0.003946156240999699, 0.1876835823059082
4906, 3.308839389050263, 4, 40.16384081216529, 297, 1392669, 1000000, 0.004701772704720497, 0.1713331788778305
4907, 3.788886690640709, 4, 40.20893841702491, 298, 1392967, 1000000, 0.003950220998376608, 0.1718849092721939
4908, 2.654582735936856, 4, 40.13628034805879, 298, 1393265, 1000000, 0.004977264441549778, 0.16548509895801544
4909, 3.1828014735083343, 4, 40.15752522600815, 297, 1393562, 1000000, 0.004751110915094614, 0.16256383061408997
4910, 3.05452131270431, 4, 40.087882198859006, 297, 1393859, 1000000, 0.004557210020720959, 0.17031964659690857
4911, 3.365987753699301, 4, 40.15019348775968, 298, 1394157, 1000000, 0.004693436902016401, 0.17329305410385132
4912, 3.2597754127118606, 4, 40.15993095329031, 297, 1394454, 1000000, 0.004747876897454262, 0.17308439314365387
4913, 3.3857163750799373, 4, 40.147721336223185, 298, 1394752, 1000000, 0.004702568054199219, 0.17859108746051788
4914, 3.702064348004569, 4, 40.16199591802433, 298, 1395050, 1000000, 0.004821103066205978, 0.17843236029148102
4915, 3.2927649747916803, 4, 40.08287514001131, 297, 1395347, 1000000, 0.0045196060091257095, 0.16604721546173096
4916, 3.446426849259069, 4, 40.15210340823978, 298, 1395645, 1000000, 0.004672694485634565, 0.17963868379592896
4917, 3.47438043251168, 4, 40.068984584882855, 297, 1395942, 1000000, 0.004807005636394024, 0.16953246295452118
4918, 3.874329784668589, 4, 40.06288899295032, 297, 1396239, 1000000, 0.004633172880858183, 0.16310453414916992
4919, 2.3377116288356774, 4, 40.07859322009608, 298, 1396537, 1000000, 0.004484317731112242, 0.15978790819644928
4920, 3.484976332608312, 4, 40.073651250917464, 297, 1396834, 1000000, 0.004637553822249174, 0.16757826507091522
4921, 3.5795591978931043, 4, 40.105159810744226, 298, 1397132, 1000000, 0.003951042890548706, 0.1589324176311493
4922, 3.3943922815815313, 4, 40.058627201709896, 297, 1397429, 1000000, 0.004973987117409706, 0.16763436794281006
4923, -4.174017935292795, 2, 6.280586184002459, 43, 1397472, 1000000, 0.0033651078119874, 0.17865170538425446
4924, 3.204110458136711, 4, 40.12732258718461, 297, 1397769, 1000000, 0.003888889215886593, 0.16561953723430634
4925, 3.0925704315486655, 4, 40.14193715387955, 297, 1398066, 1000000, 0.0051837703213095665, 0.1612129807472229
4926, 3.582450269433025, 4, 40.114156974013895, 297, 1398363, 1000000, 0.004198267590254545, 0.15429887175559998
4927, 3.2482475169572353, 4, 40.14291423885152, 298, 1398661, 1000000, 0.004284944850951433, 0.16051629185676575
4928, 2.7006840011458735, 4, 40.177237265743315, 298, 1398959, 1000000, 0.004038497805595398, 0.156982421875
4929, 2.640536363582214, 4, 40.057955130934715, 296, 1399255, 1000000, 0.004852493293583393, 0.15893977880477905
4930, 3.647091180084317, 4, 40.14387708483264, 297, 1399552, 1000000, 0.004822615999728441, 0.16502662003040314
4931, -0.5739961380286331, 2, 36.13797542313114, 268, 1399820, 1000000, 0.004368405323475599, 0.15719087421894073
4932, 2.874496448539503, 4, 40.08555184211582, 298, 1400118, 1000000, 0.0043902648612856865, 0.15833009779453278
4933, 3.679978887499601, 4, 40.076188263017684, 297, 1400415, 1000000, 0.004251969046890736, 0.16367578506469727
4934, 3.5113824962390936, 4, 40.12144582206383, 297, 1400712, 1000000, 0.004672684241086245, 0.1667257696390152
4935, 3.083212981429824, 4, 40.073558436241, 296, 1401008, 1000000, 0.004002370405942202, 0.16051696240901947
4936, 3.5891700620341, 4, 40.10717957979068, 297, 1401305, 1000000, 0.004173276014626026, 0.17156851291656494
4937, 2.7021924297678197, 4, 40.14889871375635, 298, 1401603, 1000000, 0.003983799368143082, 0.1530335545539856
4938, 3.2834149300979334, 4, 40.17270536720753, 298, 1401901, 1000000, 0.004192736931145191, 0.14919838309288025
4939, 3.073592405373347, 4, 40.13891861401498, 298, 1402199, 1000000, 0.00386797939427197, 0.16660815477371216
4940, -0.3397596307167987, 2, 28.86956712184474, 214, 1402413, 1000000, 0.005128058139234781, 0.17195560038089752
4941, 3.4022601984725043, 4, 40.164909939747304, 297, 1402710, 1000000, 0.003762083360925317, 0.16202443838119507
4942, 3.208006653807729, 4, 40.05875760409981, 297, 1403007, 1000000, 0.003726312192156911, 0.16220073401927948
4943, 3.1682211112483856, 4, 40.14353187382221, 297, 1403304, 1000000, 0.004119563847780228, 0.15607485175132751
4944, 3.4974693058466073, 4, 40.1894366866909, 297, 1403601, 1000000, 0.0044749886728823185, 0.1644773632287979
4945, 3.4966658947932956, 4, 40.079114145133644, 296, 1403897, 1000000, 0.003884425386786461, 0.1574631929397583
4946, 3.2938807551727223, 4, 40.11026313761249, 297, 1404194, 1000000, 0.004588177427649498, 0.16460596024990082
4947, 3.3679491486254847, 4, 40.14738061092794, 297, 1404491, 1000000, 0.00432565389201045, 0.15039172768592834
4948, 3.5400935691886843, 4, 40.13474443461746, 298, 1404789, 1000000, 0.004340838640928268, 0.15282553434371948
4949, 3.0627593530953163, 4, 40.129879862070084, 297, 1405086, 1000000, 0.004620048217475414, 0.15116119384765625
4950, 2.216017700620796, 4, 40.07876644516364, 295, 1405381, 1000000, 0.004310985095798969, 0.15302565693855286
4951, 3.6386274333162874, 4, 40.13851840700954, 297, 1405678, 1000000, 0.0042275781743228436, 0.1411801278591156
4952, 3.830267166001704, 4, 40.14691794337705, 297, 1405975, 1000000, 0.003917817026376724, 0.1521754413843155
4953, 3.593619635033974, 4, 40.18928960012272, 298, 1406273, 1000000, 0.004368278197944164, 0.15985463559627533
4954, 2.4258889793618437, 4, 40.15229859482497, 297, 1406570, 1000000, 0.0036090046633034945, 0.1509418487548828
4955, 3.512142098315053, 4, 40.10215040994808, 297, 1406867, 1000000, 0.004206974059343338, 0.13833899796009064
4956, 3.2401207128204987, 4, 40.085111842956394, 294, 1407161, 1000000, 0.004140399396419525, 0.15515966713428497
4957, 2.8124429963791044, 4, 40.11880926275626, 297, 1407458, 1000000, 0.00442688399925828, 0.1512560397386551
4958, 2.7414855176252786, 4, 40.129095104988664, 297, 1407755, 1000000, 0.0041166385635733604, 0.14493578672409058
4959, 3.459298427696922, 4, 40.0712916967459, 297, 1408052, 1000000, 0.004831227008253336, 0.15032750368118286
4960, 2.9339839587014467, 4, 40.087880874052644, 295, 1408347, 1000000, 0.004006327595561743, 0.1519218385219574
4961, 3.686402340896052, 4, 40.10609283205122, 297, 1408644, 1000000, 0.0037421127781271935, 0.15734517574310303
4962, 3.282649736644089, 4, 40.03688816493377, 297, 1408941, 1000000, 0.004669110290706158, 0.14808668196201324
4963, 3.376926025519424, 4, 40.0942270308733, 297, 1409238, 1000000, 0.004610196687281132, 0.14608100056648254
4964, 2.6446827800718893, 4, 40.11972269322723, 297, 1409535, 1000000, 0.004351486451923847, 0.15572400391101837
4965, 3.2829901420027454, 4, 40.174457139801234, 295, 1409830, 1000000, 0.004092891234904528, 0.13953962922096252
4966, 3.3582831792373327, 4, 40.162567667197436, 298, 1410128, 1000000, 0.004414163995534182, 0.1517883539199829
4967, 2.9351816939197306, 4, 40.137741970829666, 297, 1410425, 1000000, 0.004348102491348982, 0.13933661580085754
4968, 3.656155550688709, 4, 40.07867416366935, 296, 1410721, 1000000, 0.004386572167277336, 0.14546476304531097
4969, 3.2804035997942265, 4, 40.13994262507185, 297, 1411018, 1000000, 0.00386870838701725, 0.14452743530273438
4970, 3.640460220107343, 4, 40.09898520633578, 297, 1411315, 1000000, 0.004595779348164797, 0.13272248208522797
4971, 3.841331347312007, 4, 40.071146288886666, 297, 1411612, 1000000, 0.0042932298965752125, 0.14580804109573364
4972, 3.3486096602846374, 4, 40.18456915812567, 297, 1411909, 1000000, 0.004359701182693243, 0.14953309297561646
4973, 3.834394471412452, 4, 40.0690990020521, 297, 1412206, 1000000, 0.004210698883980513, 0.1596464067697525
4974, 3.1892105188981077, 4, 40.06191538600251, 297, 1412503, 1000000, 0.004142015241086483, 0.14120963215827942
4975, 3.4955695915123215, 4, 40.14491388294846, 297, 1412800, 1000000, 0.00420661736279726, 0.15619753301143646
4976, -0.4677214855328202, 2, 12.624124167021364, 91, 1412891, 1000000, 0.004181766416877508, 0.13595184683799744
4977, 2.594190533553956, 4, 40.13374443631619, 297, 1413188, 1000000, 0.004259234294295311, 0.14477042853832245
4978, 3.5743065829337866, 4, 40.163241697940975, 297, 1413485, 1000000, 0.004065797198563814, 0.14350023865699768
4979, 3.0838225518855324, 4, 40.08633839990944, 297, 1413782, 1000000, 0.0043824114836752415, 0.15299555659294128
4980, 3.8264875454424327, 4, 40.148294364102185, 297, 1414079, 1000000, 0.00437862379476428, 0.14234426617622375
4981, 3.432993004023956, 4, 40.089051976334304, 297, 1414376, 1000000, 0.004606833215802908, 0.14229430258274078
4982, 3.1695836593935383, 4, 40.18167419778183, 298, 1414674, 1000000, 0.0036227006930857897, 0.15619416534900665
4983, 3.4737694003779325, 4, 40.08086241502315, 297, 1414971, 1000000, 0.004339688457548618, 0.15730410814285278
4984, 3.3892003811622544, 4, 40.10830419510603, 297, 1415268, 1000000, 0.004628563765436411, 0.15575163066387177
4985, 2.222560472218902, 4, 40.18437008699402, 296, 1415564, 1000000, 0.00419494416564703, 0.15670494735240936
4986, 3.7428878943082964, 4, 40.11134297307581, 298, 1415862, 1000000, 0.003851463319733739, 0.15242980420589447
4987, 3.2807012250027583, 4, 40.15883320197463, 298, 1416160, 1000000, 0.004000293090939522, 0.1400090456008911
4988, 3.1483193755266257, 4, 40.12589308107272, 297, 1416457, 1000000, 0.0041764299385249615, 0.13861119747161865
4989, 3.166768607792619, 4, 40.053461912088096, 297, 1416754, 1000000, 0.004445700906217098, 0.14298143982887268
4990, 3.3081715350137983, 4, 40.110949574038386, 297, 1417051, 1000000, 0.004233744461089373, 0.14869898557662964
4991, 3.7632045914360788, 4, 40.08851416781545, 297, 1417348, 1000000, 0.004554208368062973, 0.15335266292095184
4992, 2.7887784774356987, 4, 40.18343473831192, 297, 1417645, 1000000, 0.0039394311606884, 0.1532672941684723
4993, 2.2981712945893378, 4, 40.06907333806157, 297, 1417942, 1000000, 0.0033765167463570833, 0.13896770775318146
4994, 2.9427405850274226, 4, 40.145888201892376, 297, 1418239, 1000000, 0.0037618360947817564, 0.14706982672214508
4995, 3.855797696283844, 4, 40.107791126240045, 297, 1418536, 1000000, 0.0036983329337090254, 0.1434362381696701
4996, 3.475081207743642, 4, 40.160459090955555, 297, 1418833, 1000000, 0.0040690042078495026, 0.15376435220241547
4997, -4.455656794598326, 2, 4.902292990125716, 33, 1418866, 1000000, 0.004669426009058952, 0.1340889185667038
4998, 3.088057364389897, 4, 40.124362556729466, 297, 1419163, 1000000, 0.004187007434666157, 0.14261864125728607
4999, 3.433293330860579, 4, 40.12556879268959, 297, 1419460, 1000000, 0.004120402038097382, 0.13494175672531128
5000, 2.9153184689275804, 4, 40.1367230550386, 298, 1419758, 1000000, 0.004028896801173687, 0.14239835739135742
5001, 3.004602887613146, 4, 40.11282434174791, 296, 1420054, 1000000, 0.004582229536026716, 0.15568006038665771
5002, 3.3424991573410807, 4, 40.15286061214283, 297, 1420351, 1000000, 0.00410076417028904, 0.14131750166416168
5003, 3.5804409955126175, 4, 40.1750148171559, 297, 1420648, 1000000, 0.004998624790459871, 0.1472398191690445
5004, 3.4044017444725796, 4, 40.09336854936555, 296, 1420944, 1000000, 0.004584186710417271, 0.14854225516319275
5005, 3.60790426265703, 4, 40.17113261204213, 297, 1421241, 1000000, 0.0041303071193397045, 0.1542566418647766
5006, -0.41045856576238293, 2, 36.11173762194812, 266, 1421507, 1000000, 0.0034709700848907232, 0.13920409977436066
5007, 3.3751802161241358, 4, 40.12854669010267, 297, 1421804, 1000000, 0.004071058239787817, 0.1261700987815857
5008, 3.2857517234760962, 4, 40.113654190674424, 297, 1422101, 1000000, 0.004121236968785524, 0.14850705862045288
5009, 3.7742747548309126, 4, 40.09204173227772, 296, 1422397, 1000000, 0.00405889842659235, 0.14312401413917542
5010, 2.3564790182681463, 4, 40.13572322903201, 297, 1422694, 1000000, 0.00432477705180645, 0.1318533718585968
5011, 3.7745950274111237, 4, 40.112169730011374, 297, 1422991, 1000000, 0.0038672557566314936, 0.13879616558551788
5012, 4.008679615746587, 4, 40.16685661394149, 296, 1423287, 1000000, 0.0044992160983383656, 0.14112290740013123
5013, 3.730241428795125, 4, 40.167685074266046, 297, 1423584, 1000000, 0.003733165329322219, 0.15839526057243347
5014, 3.8229128538769146, 4, 40.10470492998138, 297, 1423881, 1000000, 0.0037814900279045105, 0.13869710266590118
5015, 3.5427510704770384, 4, 40.06726673198864, 297, 1424178, 1000000, 0.003732730634510517, 0.14877380430698395
5016, 3.3387212621310027, 4, 40.072220033966005, 297, 1424475, 1000000, 0.004381144419312477, 0.13703854382038116
5017, 3.6438660994949714, 4, 40.183112863916904, 297, 1424772, 1000000, 0.003805644577369094, 0.1498849093914032
5018, 3.453853859733499, 4, 40.064637335948646, 296, 1425068, 1000000, 0.004179561510682106, 0.14508579671382904
5019, 3.7400813650529017, 4, 40.16196258319542, 296, 1425364, 1000000, 0.004025937523692846, 0.14215043187141418
5020, 3.5612887471777412, 4, 40.09499752288684, 293, 1425657, 1000000, 0.004041357431560755, 0.1367485672235489
5021, 3.855411205402561, 4, 40.124491619411856, 297, 1425954, 1000000, 0.0036231400445103645, 0.11893288791179657
5022, 2.8353495040264534, 4, 40.058949259109795, 296, 1426250, 1000000, 0.004423468839377165, 0.1258188635110855
5023, 3.3905908501130853, 4, 40.11980063281953, 296, 1426546, 1000000, 0.003846198320388794, 0.13637977838516235
5024, 3.4961356965904997, 4, 40.05539203295484, 293, 1426839, 1000000, 0.004282689653337002, 0.14938101172447205
5025, 3.514034641204489, 4, 40.063668105751276, 296, 1427135, 1000000, 0.005144388880580664, 0.14328792691230774
5026, 3.08720804603945, 4, 40.14594783820212, 296, 1427431, 1000000, 0.003736054990440607, 0.13105998933315277
5027, 3.1666859898732582, 4, 40.072578146122396, 296, 1427727, 1000000, 0.003856563474982977, 0.12751781940460205
5028, 3.347074161265482, 4, 40.19579685293138, 297, 1428024, 1000000, 0.0036790843587368727, 0.14423644542694092
5029, 3.6153294593677856, 4, 40.07156452117488, 296, 1428320, 1000000, 0.0042475322261452675, 0.14716736972332
5030, 2.964312421440809, 4, 40.07001659600064, 297, 1428617, 1000000, 0.004048354458063841, 0.13334761559963226
5031, 3.6703744863716565, 4, 40.15128815127537, 297, 1428914, 1000000, 0.004120115656405687, 0.13949106633663177
5032, 3.1943263874818513, 4, 40.111307359766215, 294, 1429208, 1000000, 0.004202381242066622, 0.14346547424793243
5033, 2.927036088202385, 4, 40.069565353915095, 296, 1429504, 1000000, 0.0041753812693059444, 0.1337568312883377
5034, 3.010521709224122, 4, 40.086625137366354, 296, 1429800, 1000000, 0.004718868061900139, 0.13246650993824005
5035, 2.944172375056951, 4, 40.1230187532492, 297, 1430097, 1000000, 0.004263304639607668, 0.13994267582893372
5036, 3.1050727101173834, 4, 40.13733930606395, 297, 1430394, 1000000, 0.003989277873188257, 0.13065309822559357
5037, 3.4761990860060905, 4, 40.38959591696039, 299, 1430693, 1000000, 0.0037407870404422283, 0.13524973392486572
5038, 2.81711387360383, 4, 40.181732851080596, 297, 1430990, 1000000, 0.0036350958980619907, 0.12293988466262817
5039, 3.4800737324674174, 4, 40.0515379300341, 297, 1431287, 1000000, 0.003426870098337531, 0.13646964728832245
5040, 1.8879155914446528, 4, 40.11440859828144, 298, 1431585, 1000000, 0.0036986370105296373, 0.140738382935524
5041, 3.0685242052568356, 4, 40.12755055585876, 297, 1431882, 1000000, 0.003812995506450534, 0.1461578607559204
5042, 3.102723992387382, 4, 40.1112816859968, 297, 1432179, 1000000, 0.00436251237988472, 0.12981680035591125
5043, 3.7293027282939875, 4, 40.084728493820876, 293, 1432472, 1000000, 0.0036454920191317797, 0.13043789565563202
5044, 3.234463577724455, 4, 40.14111987315118, 297, 1432769, 1000000, 0.0045697963796556, 0.13546201586723328
5045, 3.146217697722932, 4, 40.12330537382513, 297, 1433066, 1000000, 0.003823166247457266, 0.1292993128299713
5046, 3.8348584176055738, 4, 40.07372360583395, 297, 1433363, 1000000, 0.004305564798414707, 0.12779982388019562
5047, 3.6774390314749326, 4, 40.16625200910494, 297, 1433660, 1000000, 0.003703128546476364, 0.13290159404277802
5048, 3.3030449729303655, 4, 40.09008455602452, 297, 1433957, 1000000, 0.0039456551894545555, 0.12764590978622437
5049, 3.6692920331543064, 4, 40.19636006094515, 298, 1434255, 1000000, 0.003776433877646923, 0.1219448521733284
5050, 3.9004535986168776, 4, 40.09508218802512, 297, 1434552, 1000000, 0.0037439384032040834, 0.122460275888443
5051, 3.1410306906363985, 4, 40.04620945779607, 296, 1434848, 1000000, 0.003950869664549828, 0.1332988291978836
5052, -0.14034122107113944, 2, 24.411826153751463, 179, 1435027, 1000000, 0.004484237637370825, 0.11939410865306854
5053, 3.60954159179164, 4, 40.075644792057574, 296, 1435323, 1000000, 0.003877714741975069, 0.1213488057255745
5054, 3.0203355882786127, 4, 40.10788974678144, 297, 1435620, 1000000, 0.0043182652443647385, 0.11963953077793121
5055, 3.3870114190394816, 4, 40.11804742133245, 297, 1435917, 1000000, 0.004125588573515415, 0.1346096247434616
5056, 3.101813038760156, 4, 40.10553923714906, 296, 1436213, 1000000, 0.004348415415734053, 0.12034520506858826
5057, 3.475508295256077, 4, 40.111312253866345, 297, 1436510, 1000000, 0.00421151565387845, 0.12635771930217743
5058, 3.6730030266626272, 4, 40.18957215407863, 298, 1436808, 1000000, 0.003885621903464198, 0.12967953085899353
5059, 3.845139969117099, 4, 40.09587980993092, 297, 1437105, 1000000, 0.00417329790070653, 0.13408587872982025
5060, 3.172308661523857, 4, 40.123146360740066, 297, 1437402, 1000000, 0.0040848106145858765, 0.129415363073349
5061, 3.3530789573192123, 4, 40.05011510010809, 297, 1437699, 1000000, 0.0037381404545158148, 0.1333695352077484
5062, -0.781810420930924, 2, 27.71074022212997, 204, 1437903, 1000000, 0.0038928729481995106, 0.1387059986591339
5063, 3.1417169902015303, 4, 40.10340327396989, 297, 1438200, 1000000, 0.003767342772334814, 0.12610672414302826
5064, 3.5512938237006892, 4, 40.16816523112357, 295, 1438495, 1000000, 0.004350450821220875, 0.1345888376235962
5065, 3.446272674325428, 4, 40.19337589479983, 297, 1438792, 1000000, 0.004072442185133696, 0.12191323190927505
5066, -2.221736597130075, 4, 46.18703109910712, 320, 1439112, 1000000, 0.004302829038351774, 0.1325121372938156
5067, 3.313722854538355, 4, 40.0771412178874, 297, 1439409, 1000000, 0.003787316381931305, 0.12389317154884338
5068, 2.6502540717701777, 4, 40.13656251411885, 298, 1439707, 1000000, 0.004366693552583456, 0.13774268329143524
5069, 3.5710051003175067, 4, 40.14940280187875, 296, 1440003, 1000000, 0.004693034570664167, 0.13009977340698242
5070, 3.9371470506541755, 4, 40.163886149879545, 297, 1440300, 1000000, 0.0038798870518803596, 0.12943021953105927
5071, 4.2483096930263855, 4, 40.0643145092763, 296, 1440596, 1000000, 0.0043234569020569324, 0.13040824234485626
5072, 3.850312038755874, 4, 40.08940657740459, 297, 1440893, 1000000, 0.004905614536255598, 0.14507149159908295
5073, 3.811262347846423, 4, 40.153585775755346, 297, 1441190, 1000000, 0.00403595482930541, 0.12932312488555908
5074, 3.759145199485829, 4, 40.132309895940125, 297, 1441487, 1000000, 0.004054912831634283, 0.14067375659942627
5075, 3.5410848458868713, 4, 40.15433195233345, 297, 1441784, 1000000, 0.004334613680839539, 0.11863738298416138
5076, 3.4134829884751525, 4, 40.081801265943795, 297, 1442081, 1000000, 0.00429955031722784, 0.1373942494392395
5077, 3.2985182365846413, 4, 40.11975748091936, 297, 1442378, 1000000, 0.005159227177500725, 0.12435518950223923
5078, 3.518484663385948, 4, 40.11648076400161, 297, 1442675, 1000000, 0.004481535870581865, 0.12470587342977524
5079, 3.3599752526306474, 4, 40.18215234624222, 298, 1442973, 1000000, 0.0038496432825922966, 0.12163848429918289
5080, 3.447807299722058, 4, 40.0903854239732, 297, 1443270, 1000000, 0.004411076661199331, 0.11546739190816879
5081, 3.6053314459131798, 4, 40.04992438433692, 297, 1443567, 1000000, 0.004650643561035395, 0.12719368934631348
5082, 3.312510780631783, 4, 40.18797902530059, 298, 1443865, 1000000, 0.0046936082653701305, 0.13654431700706482
5083, 3.9779551607834946, 4, 40.10238192602992, 297, 1444162, 1000000, 0.004790866281837225, 0.11773107200860977
5084, 3.3808987588690798, 4, 40.1191878519021, 297, 1444459, 1000000, 0.0037039946764707565, 0.13091447949409485
5085, -0.7226869916739815, 2, 35.953604565002024, 266, 1444725, 1000000, 0.004240865353494883, 0.13327912986278534
5086, 3.275028365334947, 4, 40.07584196282551, 296, 1445021, 1000000, 0.004196562804281712, 0.11420340090990067
5087, 3.2190353085371157, 4, 40.078156714793295, 296, 1445317, 1000000, 0.004262252245098352, 0.1253533512353897
5088, 3.3076736316706956, 4, 40.164434265810996, 297, 1445614, 1000000, 0.0044647641479969025, 0.12174572795629501
5089, -0.7952261750615435, 2, 29.375632694922388, 217, 1445831, 1000000, 0.004424202721565962, 0.12273035198450089
5090, -0.6077490879833931, 2, 25.778056079987437, 190, 1446021, 1000000, 0.004634231328964233, 0.12171456217765808
5091, 4.020348656958959, 4, 40.10279789287597, 297, 1446318, 1000000, 0.004503720905631781, 0.12754246592521667
5092, 3.639691331081849, 4, 40.10678657470271, 298, 1446616, 1000000, 0.003632365958765149, 0.11623211950063705
5093, 3.4097198795243457, 4, 40.1077527878806, 297, 1446913, 1000000, 0.004661517683416605, 0.12350200861692429
5094, -0.4441296310699272, 2, 24.003604761790484, 177, 1447090, 1000000, 0.004207633901387453, 0.12685322761535645
5095, 3.4884536309382383, 4, 40.184411614667624, 297, 1447387, 1000000, 0.004627341404557228, 0.12426654994487762
5096, 3.54070536398649, 4, 40.17445111274719, 297, 1447684, 1000000, 0.005126066040247679, 0.11496571451425552
5097, 3.5805283775484895, 4, 40.10358707094565, 297, 1447981, 1000000, 0.004991072695702314, 0.12522423267364502
5098, 3.321343594886457, 4, 40.09282267233357, 297, 1448278, 1000000, 0.004158440046012402, 0.12432429939508438
5099, 3.595334947432548, 4, 40.1483743567951, 297, 1448575, 1000000, 0.004774382337927818, 0.12548060715198517
5100, 3.353803445614176, 4, 40.1710129682906, 297, 1448872, 1000000, 0.004573532845824957, 0.13374857604503632
5101, 3.1031538804090815, 4, 40.12759565375745, 296, 1449168, 1000000, 0.004742859397083521, 0.13334311544895172
5102, 3.0652369395002097, 4, 40.12450456386432, 297, 1449465, 1000000, 0.0042524817399680614, 0.1299617439508438
5103, 3.55362908240204, 4, 40.06540714064613, 296, 1449761, 1000000, 0.003830412868410349, 0.13352197408676147
5104, 2.793275851436192, 4, 40.05610240576789, 296, 1450057, 1000000, 0.0043901787139475346, 0.12894205749034882
5105, 3.5366295139369868, 4, 40.17116922792047, 298, 1450355, 1000000, 0.004127021413296461, 0.12012074887752533
5106, 3.2871344137565757, 4, 40.090234597213566, 297, 1450652, 1000000, 0.00467598857358098, 0.11883512884378433
5107, 2.8109319789596157, 4, 40.07970140315592, 295, 1450947, 1000000, 0.0045783803798258305, 0.11010024696588516
5108, 3.0073962387250504, 4, 40.12198218610138, 296, 1451243, 1000000, 0.004064790904521942, 0.12249545753002167
5109, 3.5133253760668595, 4, 40.179554822389036, 297, 1451540, 1000000, 0.00441267155110836, 0.12478229403495789
5110, 3.5275755661823496, 4, 40.16304924618453, 296, 1451836, 1000000, 0.004696669522672892, 0.12413737922906876
5111, 3.412149835117816, 4, 40.17628317233175, 297, 1452133, 1000000, 0.004674810916185379, 0.12833544611930847
5112, 3.279487889529264, 4, 40.122008140198886, 296, 1452429, 1000000, 0.004582837224006653, 0.11024656891822815
5113, 3.644699864413269, 4, 40.181227560155094, 297, 1452726, 1000000, 0.004542867187410593, 0.12324367463588715
5114, 2.762966248570592, 4, 40.12828500196338, 296, 1453022, 1000000, 0.004729283042252064, 0.12570719420909882
5115, 3.702639559555564, 4, 40.11463126633316, 297, 1453319, 1000000, 0.004390261135995388, 0.13027158379554749
5116, 3.623652554108048, 4, 40.082698290701956, 297, 1453616, 1000000, 0.004776244051754475, 0.11508453637361526
5117, 3.5983652739741956, 4, 40.18868650076911, 297, 1453913, 1000000, 0.004123895429074764, 0.11651873588562012
5118, 3.731725031400856, 4, 40.17118408391252, 297, 1454210, 1000000, 0.00447511812672019, 0.11621619015932083
5119, 2.870310250254988, 4, 40.13135992595926, 297, 1454507, 1000000, 0.0037373804952949286, 0.119197316467762
5120, 3.1664156582537544, 4, 40.08816831000149, 297, 1454804, 1000000, 0.004148396663367748, 0.1210034191608429
5121, 3.967453991463117, 4, 40.082551633007824, 297, 1455101, 1000000, 0.004146933555603027, 0.1152304857969284
5122, 3.4691965048122597, 4, 40.142803370021284, 297, 1455398, 1000000, 0.00430880393832922, 0.10829569399356842
5123, 3.1092796454249765, 4, 40.17057744786143, 297, 1455695, 1000000, 0.004214311949908733, 0.11652044206857681
5124, 3.502712211375183, 4, 40.170344753190875, 298, 1455993, 1000000, 0.0049241408705711365, 0.12123498320579529
5125, 3.271311303589755, 4, 40.10610300116241, 294, 1456287, 1000000, 0.0039903935976326466, 0.1157803013920784
5126, 2.889450074164415, 4, 40.099250230938196, 297, 1456584, 1000000, 0.0040695685893297195, 0.12038407474756241
5127, -0.582144276521376, 2, 26.87136472715065, 198, 1456782, 1000000, 0.004163714591413736, 0.11452320963144302
5128, 3.435450667500845, 4, 40.13145861402154, 297, 1457079, 1000000, 0.003838314674794674, 0.12396011501550674
5129, 3.245710072262227, 4, 40.18510315939784, 297, 1457376, 1000000, 0.0037695225328207016, 0.123302161693573
5130, 3.561746293830538, 4, 40.08604339696467, 297, 1457673, 1000000, 0.004371649120002985, 0.12825140357017517
5131, 3.673253122756705, 4, 40.06297914683819, 297, 1457970, 1000000, 0.004434037022292614, 0.11796997487545013
5132, 3.3186489267391153, 4, 40.110690883826464, 297, 1458267, 1000000, 0.004469344858080149, 0.1257355809211731
5133, 3.5652408208807174, 4, 40.15365828899667, 297, 1458564, 1000000, 0.0037569866981357336, 0.11686864495277405
5134, 3.632155111555221, 4, 40.1107072988525, 298, 1458862, 1000000, 0.003916503395885229, 0.11621300876140594
5135, 3.3500163115822943, 4, 40.09055992029607, 297, 1459159, 1000000, 0.004217877984046936, 0.1070285215973854
5136, 2.9251946292285993, 4, 40.07858656113967, 297, 1459456, 1000000, 0.004661018028855324, 0.12721967697143555
5137, 3.714965831001905, 4, 40.05951488018036, 295, 1459751, 1000000, 0.00490478565916419, 0.11959216743707657
5138, 3.7850848494699676, 4, 40.114543933887035, 297, 1460048, 1000000, 0.004792393185198307, 0.11411452293395996
5139, 3.4641576004435137, 4, 40.07988888490945, 297, 1460345, 1000000, 0.003917930647730827, 0.121308334171772
5140, 2.7459977894250187, 4, 40.09730764385313, 296, 1460641, 1000000, 0.004773211199790239, 0.11438275873661041
5141, 2.9809445544556183, 4, 40.14872692106292, 298, 1460939, 1000000, 0.00432190578430891, 0.11871922761201859
5142, 3.6175077871530448, 4, 40.160046216100454, 298, 1461237, 1000000, 0.004766741301864386, 0.12243466824293137
5143, 3.439392766355013, 4, 40.17185330204666, 298, 1461535, 1000000, 0.0043160077184438705, 0.09958662837743759
5144, 2.8071691048844514, 4, 40.095683950930834, 297, 1461832, 1000000, 0.003992062993347645, 0.12410764396190643
5145, -1.7847232623025775, 2, 12.506776550784707, 90, 1461922, 1000000, 0.004613491706550121, 0.11409877985715866
5146, 2.912882874823481, 4, 40.09895077859983, 297, 1462219, 1000000, 0.00493613351136446, 0.12187229841947556
5147, 3.7442233492120067, 4, 40.152108517009765, 298, 1462517, 1000000, 0.0041981772519648075, 0.11407754570245743
5148, 3.5036737960044775, 4, 40.10117737716064, 297, 1462814, 1000000, 0.004256490617990494, 0.1140400692820549
5149, 3.589877761437265, 4, 40.13372077792883, 297, 1463111, 1000000, 0.004628027323633432, 0.11108032613992691
5150, 3.2871322210412472, 4, 40.06057247007266, 297, 1463408, 1000000, 0.0047120521776378155, 0.11419415473937988
5151, 3.6093719045979924, 4, 40.13471297174692, 297, 1463705, 1000000, 0.004171142820268869, 0.12838588654994965
5152, 2.6066223680682015, 4, 40.1349632688798, 297, 1464002, 1000000, 0.00448185671120882, 0.11245983093976974
5153, -0.0482290904110414, 2, 35.21985275996849, 260, 1464262, 1000000, 0.004260093905031681, 0.10648550093173981
5154, 3.460645890490923, 4, 40.171036027837545, 297, 1464559, 1000000, 0.0038466723635792732, 0.12065088748931885
5155, 3.7745573934600998, 4, 40.103675107005984, 297, 1464856, 1000000, 0.004344568587839603, 0.10962707549333572
5156, 3.5279662755567642, 4, 40.168269843328744, 298, 1465154, 1000000, 0.004125315696001053, 0.11789319664239883
5157, 2.411582373591955, 4, 40.079075085930526, 297, 1465451, 1000000, 0.003945124335587025, 0.1246558427810669
5158, 3.0661718855189974, 4, 40.1143622151576, 297, 1465748, 1000000, 0.004327166825532913, 0.11789468675851822
5159, 2.454800233033893, 4, 40.091839908622205, 297, 1466045, 1000000, 0.004565660376101732, 0.11203651875257492
5160, 3.157355321725845, 4, 40.06938587827608, 297, 1466342, 1000000, 0.004527398385107517, 0.12062180787324905
5161, 3.8252292095971825, 4, 40.06801592418924, 297, 1466639, 1000000, 0.004030466079711914, 0.12566544115543365
5162, 3.690317027771016, 4, 40.129019770305604, 297, 1466936, 1000000, 0.004280690103769302, 0.11573896557092667
5163, 3.7947902107675873, 4, 40.093517906963825, 297, 1467233, 1000000, 0.004112803377211094, 0.11431143432855606
5164, 3.035967772215372, 4, 40.07764476025477, 297, 1467530, 1000000, 0.004135210067033768, 0.09799229353666306
5165, 3.715201584571332, 4, 40.13544125808403, 297, 1467827, 1000000, 0.004418031312525272, 0.11642049998044968
5166, 3.4626322267622527, 4, 40.06316379783675, 297, 1468124, 1000000, 0.004450373351573944, 0.10788542032241821
5167, 3.563859686932119, 4, 40.14249564893544, 297, 1468421, 1000000, 0.004179704003036022, 0.10788001120090485
5168, 3.3048634308543114, 4, 40.13124939193949, 297, 1468718, 1000000, 0.004381017759442329, 0.11189065873622894
5169, 3.547999921716837, 4, 40.13665317511186, 297, 1469015, 1000000, 0.004126298241317272, 0.11776774376630783
5170, 3.58745306108176, 4, 40.12135852314532, 295, 1469310, 1000000, 0.00434495322406292, 0.11484742164611816
5171, 3.2717699256172637, 4, 40.09780207416043, 297, 1469607, 1000000, 0.0052368128672242165, 0.1116737499833107
5172, 3.9251329238777544, 4, 40.18209552112967, 297, 1469904, 1000000, 0.004520178772509098, 0.12425379455089569
5173, 2.753292984728091, 4, 40.05953137297183, 297, 1470201, 1000000, 0.004040178842842579, 0.11221905797719955
5174, -1.1823048760852544, 2, 22.64388342993334, 166, 1470367, 1000000, 0.004944116808474064, 0.11788487434387207
5175, 3.4856556212034775, 4, 40.119796075858176, 297, 1470664, 1000000, 0.004864433314651251, 0.1091950386762619
5176, 3.1911212284248904, 4, 40.08066681586206, 296, 1470960, 1000000, 0.004041370470076799, 0.11336328089237213
5177, 2.8608577960985713, 4, 40.10651511931792, 297, 1471257, 1000000, 0.004123931750655174, 0.11208894848823547
5178, 3.990931347880178, 4, 40.17378558916971, 297, 1471554, 1000000, 0.004121121950447559, 0.10800205916166306
5179, 3.4401792872819783, 4, 40.16341831581667, 297, 1471851, 1000000, 0.005541584454476833, 0.11476419121026993
5180, 3.6905108248756733, 4, 40.13447829475626, 297, 1472148, 1000000, 0.003937047906219959, 0.10900439321994781
5181, 3.645591181983036, 4, 40.107553103007376, 297, 1472445, 1000000, 0.004296628758311272, 0.10150310397148132
5182, 3.0786759413504114, 4, 40.0825363076292, 297, 1472742, 1000000, 0.004428093321621418, 0.1156482994556427
5183, 3.1961968987761793, 4, 40.167486706748605, 298, 1473040, 1000000, 0.0042318799532949924, 0.10870429128408432
5184, -2.9517819503089413, 2, 9.299750125966966, 66, 1473106, 1000000, 0.004875468090176582, 0.12620331346988678
5185, 3.066594942873053, 4, 40.06412644824013, 297, 1473403, 1000000, 0.0046445936895906925, 0.11370550096035004
5186, 3.256236958914087, 4, 40.06430468102917, 297, 1473700, 1000000, 0.004397628363221884, 0.11261841654777527
5187, 0.05613001371602877, 2, 30.845293651800603, 228, 1473928, 1000000, 0.004417171236127615, 0.10275206714868546
5188, 3.595238897654781, 4, 40.15445676119998, 297, 1474225, 1000000, 0.004153487738221884, 0.10546369105577469
5189, 3.3003960765718148, 4, 40.080510429572314, 297, 1474522, 1000000, 0.004468086641281843, 0.11677088588476181
5190, 3.2948631664330605, 4, 40.162071025930345, 297, 1474819, 1000000, 0.004034589510411024, 0.11777363717556
5191, 1.2725811764030368, 4, 40.119476452004164, 298, 1475117, 1000000, 0.004982084967195988, 0.12260248512029648
5192, 3.3923850362140797, 4, 40.14150088978931, 297, 1475414, 1000000, 0.004307769704610109, 0.1100773811340332
5193, 3.003313893023005, 4, 40.07596099097282, 297, 1475711, 1000000, 0.004514983389526606, 0.11222106218338013
5194, 3.933466295915423, 4, 40.15538758318871, 297, 1476008, 1000000, 0.004903207533061504, 0.12018154561519623
5195, 2.9317993604672665, 4, 40.131905008107424, 295, 1476303, 1000000, 0.004627613350749016, 0.11802341043949127
5196, 2.990357140247852, 4, 40.19730359874666, 297, 1476600, 1000000, 0.004672698676586151, 0.11895348876714706
5197, 3.2851553514733496, 4, 40.08692662976682, 295, 1476895, 1000000, 0.004608883522450924, 0.12130733579397202
5198, 3.41742914644783, 4, 40.09087915206328, 297, 1477192, 1000000, 0.0053645409643650055, 0.1183251142501831
5199, 3.7443527498098774, 4, 40.09924053773284, 295, 1477487, 1000000, 0.004712616093456745, 0.10746894031763077
5200, 3.50792771658962, 4, 40.18361983913928, 297, 1477784, 1000000, 0.004756552167236805, 0.11129060387611389
5201, 3.0627584453541203, 4, 40.14428809378296, 297, 1478081, 1000000, 0.005101151764392853, 0.11369918286800385
5202, -0.26389589345490094, 2, 30.159822050016373, 222, 1478303, 1000000, 0.004186434205621481, 0.11963917315006256
5203, 3.075361671842984, 4, 40.08354973513633, 297, 1478600, 1000000, 0.004680704325437546, 0.11918600648641586
5204, -3.6850787738221698, 2, 4.510467300191522, 30, 1478630, 1000000, 0.00478534447029233, 0.10801362991333008
5205, 3.0835402606753632, 4, 40.0578719410114, 297, 1478927, 1000000, 0.004256168846040964, 0.1153135597705841
5206, 3.9452134362235824, 4, 40.2114025587216, 295, 1479222, 1000000, 0.0041827368550002575, 0.11163561791181564
5207, 3.101583196192223, 4, 40.098701529204845, 297, 1479519, 1000000, 0.004751644097268581, 0.12124449014663696
5208, 3.620317644745228, 4, 40.109862526878715, 297, 1479816, 1000000, 0.00402013398706913, 0.11377854645252228
5209, 3.5753379626767128, 4, 40.148134405724704, 297, 1480113, 1000000, 0.004569845274090767, 0.10965391993522644
5210, 3.510185675797402, 4, 40.14586362428963, 298, 1480411, 1000000, 0.0046241870149970055, 0.11316551268100739
5211, 3.754855434599449, 4, 40.11172900395468, 297, 1480708, 1000000, 0.004236944019794464, 0.1133790835738182
5212, 2.890280842628272, 4, 40.09024749789387, 297, 1481005, 1000000, 0.004849542863667011, 0.10911338776350021
5213, 2.5364999855373753, 4, 40.17350113671273, 298, 1481303, 1000000, 0.004257225431501865, 0.10662147402763367
5214, 3.3031793445570656, 4, 40.12790152709931, 295, 1481598, 1000000, 0.0039275349117815495, 0.10653965920209885
5215, 3.9083420900169585, 4, 40.153406891040504, 297, 1481895, 1000000, 0.004592376295477152, 0.10788571089506149
5216, 3.878758935024962, 4, 40.106812410987914, 297, 1482192, 1000000, 0.004498127847909927, 0.11626610159873962
5217, 3.502254733473819, 4, 40.05960809160024, 297, 1482489, 1000000, 0.004952407442033291, 0.11602818965911865
5218, -0.10631759688112652, 2, 26.287210043985397, 193, 1482682, 1000000, 0.004982578568160534, 0.1256224513053894
5219, 3.125975294773525, 4, 40.156260571908206, 298, 1482980, 1000000, 0.004235847853124142, 0.10418824851512909
5220, 3.370907581080246, 4, 40.16403506696224, 297, 1483277, 1000000, 0.004971128422766924, 0.10587254166603088
5221, 3.7383903322006518, 4, 40.07545004924759, 297, 1483574, 1000000, 0.00440207589417696, 0.11653437465429306
5222, 3.7307351479648787, 4, 40.08133742399514, 295, 1483869, 1000000, 0.004660949110984802, 0.1036377102136612
5223, 3.0975134134860127, 4, 40.06351650506258, 297, 1484166, 1000000, 0.0043739271350204945, 0.1181655004620552
5224, 3.040945057546196, 4, 40.04234791500494, 297, 1484463, 1000000, 0.004317436367273331, 0.09984661638736725
5225, 3.497659042106534, 4, 40.082446795888245, 296, 1484759, 1000000, 0.004045508336275816, 0.11330938339233398
5226, 3.2491883112707, 4, 40.10587854636833, 297, 1485056, 1000000, 0.004782035946846008, 0.10884585976600647
5227, 3.503306025360871, 4, 40.07465386763215, 297, 1485353, 1000000, 0.004290374461561441, 0.11667358130216599
5228, 3.1791582458427, 4, 40.10923029202968, 297, 1485650, 1000000, 0.004457983188331127, 0.11041641235351562
5229, 3.3565104322663046, 4, 40.17376315500587, 297, 1485947, 1000000, 0.004568950738757849, 0.11322502046823502
5230, 3.4626515823911177, 4, 40.064805465284735, 297, 1486244, 1000000, 0.004554606508463621, 0.11117260903120041
5231, 3.739084909448138, 4, 40.0669448687695, 297, 1486541, 1000000, 0.004871373996138573, 0.10170882940292358
5232, 3.188762100347958, 4, 40.10245636710897, 297, 1486838, 1000000, 0.0036980302538722754, 0.10615526139736176
5233, 3.664447664647014, 4, 40.12604824220762, 297, 1487135, 1000000, 0.004472148604691029, 0.10497923940420151
5234, 3.492727669037208, 4, 40.19512219587341, 296, 1487431, 1000000, 0.004810510668903589, 0.11250024288892746
5235, 2.8154331452942642, 4, 40.14740055100992, 297, 1487728, 1000000, 0.00413807388395071, 0.09489620476961136
5236, 3.5035409823040027, 4, 40.131691582966596, 297, 1488025, 1000000, 0.004602369852364063, 0.10328300297260284
5237, 3.830219194644087, 4, 40.1897691860795, 297, 1488322, 1000000, 0.004307868890464306, 0.09430459886789322
5238, 3.375063256069552, 4, 40.13102078996599, 297, 1488619, 1000000, 0.004386211279779673, 0.10503356903791428
5239, 3.8406831385727855, 4, 40.180218224879354, 298, 1488917, 1000000, 0.004800970666110516, 0.10923303663730621
5240, 3.0023875987262727, 4, 40.097285544965416, 297, 1489214, 1000000, 0.004116354510188103, 0.1032942458987236
5241, 3.695056565273262, 4, 40.117100349627435, 297, 1489511, 1000000, 0.004175378009676933, 0.09943390637636185
5242, 3.1606372318710783, 4, 40.181255266070366, 297, 1489808, 1000000, 0.003838892327621579, 0.10012775659561157
5243, 3.4625778523477493, 4, 40.159256105776876, 298, 1490106, 1000000, 0.004468520171940327, 0.10977797210216522
5244, 3.5765214627608657, 4, 40.156104642897844, 298, 1490404, 1000000, 0.00477643683552742, 0.10814931988716125
5245, 2.9975930347836766, 4, 40.11534303519875, 298, 1490702, 1000000, 0.005026247818022966, 0.11804036796092987
5246, -1.2066654446534812, 2, 17.683109766803682, 129, 1490831, 1000000, 0.0046762460842728615, 0.12506838142871857
5247, 3.6784889649698016, 4, 40.14134916011244, 297, 1491128, 1000000, 0.0040599931962788105, 0.10218678414821625
5248, 3.0087621806305833, 4, 40.158567117061466, 298, 1491426, 1000000, 0.0041300635784864426, 0.10193216055631638
5249, 2.8966063784109792, 4, 40.13873322820291, 295, 1491721, 1000000, 0.004385199397802353, 0.10872307419776917
5250, 3.8051947359892893, 4, 40.16854232177138, 298, 1492019, 1000000, 0.003995678387582302, 0.10364929586648941
5251, 3.462463212224975, 4, 40.101639213971794, 297, 1492316, 1000000, 0.004351599607616663, 0.09912760555744171
5252, 3.2246246485149186, 4, 40.17212536977604, 298, 1492614, 1000000, 0.004402179270982742, 0.11276580393314362
5253, 4.047818127040955, 4, 40.16736980807036, 298, 1492912, 1000000, 0.004063257947564125, 0.10494925081729889
5254, 3.9885655587540896, 4, 40.16903309896588, 297, 1493209, 1000000, 0.004456460475921631, 0.11328854411840439
5255, 3.0009915762248056, 4, 40.124288234859705, 297, 1493506, 1000000, 0.004390785936266184, 0.1030174121260643
5256, 2.555522531096358, 4, 40.151992097031325, 297, 1493803, 1000000, 0.005496179684996605, 0.10400638729333878
5257, 3.5765399997249006, 4, 40.100210662931204, 297, 1494100, 1000000, 0.004334885161370039, 0.1047724187374115
5258, 3.038796804710728, 4, 40.19948004838079, 298, 1494398, 1000000, 0.0049155945889651775, 0.10045690089464188
5259, 3.556836481224309, 4, 40.15812111319974, 297, 1494695, 1000000, 0.0046693990007042885, 0.11069045215845108
5260, 3.8631364387183567, 4, 40.199841727968305, 297, 1494992, 1000000, 0.0041502127423882484, 0.12129326909780502
5261, 0.03587968111241935, 2, 29.621425790712237, 218, 1495210, 1000000, 0.004477726295590401, 0.11405631899833679
5262, 3.7080592966517543, 4, 40.13003545207903, 297, 1495507, 1000000, 0.004835508298128843, 0.11610782146453857
5263, 3.6065844592403664, 4, 40.079269781243056, 296, 1495803, 1000000, 0.003783854655921459, 0.09985747933387756
5264, 3.4139021059272636, 4, 40.07259682985023, 297, 1496100, 1000000, 0.004284167196601629, 0.10712747275829315
5265, -0.1043848420958966, 2, 24.68923642905429, 181, 1496281, 1000000, 0.004286384209990501, 0.10740216821432114
5266, -1.3472622461849824, 2, 10.0333108631894, 71, 1496352, 1000000, 0.004573388956487179, 0.10189037770032883
5267, 3.4051341913218494, 4, 40.09965729434043, 297, 1496649, 1000000, 0.004403880797326565, 0.0975516140460968
5268, 3.914739322706282, 4, 40.18405271274969, 297, 1496946, 1000000, 0.004186180420219898, 0.11771921068429947
5269, 3.579563304594558, 4, 40.1411428921856, 297, 1497243, 1000000, 0.004019991494715214, 0.12027700990438461
5270, 3.7636544441666047, 4, 40.16418620478362, 297, 1497540, 1000000, 0.004201017785817385, 0.11339923739433289
5271, 3.816666860191617, 4, 40.15475990297273, 297, 1497837, 1000000, 0.004721673205494881, 0.11130405217409134
5272, -0.13392317117541097, 2, 34.68235326325521, 256, 1498093, 1000000, 0.004138155374675989, 0.10196369886398315
5273, -0.8329618191346526, 2, 12.215368187986314, 88, 1498181, 1000000, 0.003487461945042014, 0.11244041472673416
5274, 3.5196246671455356, 4, 40.08829912589863, 297, 1498478, 1000000, 0.003976245876401663, 0.10351664572954178
5275, -0.4478939825639827, 2, 23.764663248788565, 174, 1498652, 1000000, 0.0036517325788736343, 0.10931238532066345
5276, -1.8125327662564814, 2, 9.474680021870881, 67, 1498719, 1000000, 0.005386417731642723, 0.10630610585212708
5277, 3.4687686155075426, 4, 40.13994046486914, 297, 1499016, 1000000, 0.004314688500016928, 0.108077272772789
5278, 3.116543386503963, 4, 40.1836759778671, 298, 1499314, 1000000, 0.004246036522090435, 0.11490754038095474
5279, 3.6354401229837094, 4, 40.051019127015024, 296, 1499610, 1000000, 0.0042464854195714, 0.10317085683345795
5280, 3.1899641004783916, 4, 40.10332037881017, 297, 1499907, 1000000, 0.004568569362163544, 0.10920848697423935
5281, 3.742780945423874, 4, 40.12861738028005, 297, 1500204, 1000000, 0.004794884007424116, 0.12295390665531158
5282, 3.4568117374178655, 4, 40.167306661140174, 297, 1500501, 1000000, 0.004492075182497501, 0.10226837545633316
5283, 3.531664424815972, 4, 40.16517239809036, 297, 1500798, 1000000, 0.0044907452538609505, 0.09733588248491287
5284, 3.2898060814404744, 4, 40.17866448825225, 297, 1501095, 1000000, 0.004387366585433483, 0.11695664376020432
5285, 3.5542379577657357, 4, 40.13414053386077, 297, 1501392, 1000000, 0.0036098347045481205, 0.10869207978248596
5286, 3.0323873674915376, 4, 40.178139372263104, 294, 1501686, 1000000, 0.004047335125505924, 0.10365308821201324
5287, 3.4815916227162234, 4, 40.16733540780842, 298, 1501984, 1000000, 0.003712037345394492, 0.10954388231039047
5288, 3.523055913598, 4, 40.18695904081687, 298, 1502282, 1000000, 0.004106299486011267, 0.11782334744930267
5289, 3.4626766904329997, 4, 40.081218550913036, 297, 1502579, 1000000, 0.00446858536452055, 0.1266888976097107
5290, 3.194381669498398, 4, 40.08864704007283, 297, 1502876, 1000000, 0.004283501300960779, 0.10578563064336777
5291, 3.9255111084676173, 4, 40.14278173679486, 297, 1503173, 1000000, 0.005072705447673798, 0.11100532859563828
5292, 3.5852175567255244, 4, 40.11410030396655, 297, 1503470, 1000000, 0.004454279318451881, 0.10539744794368744
5293, 3.5294243507596548, 4, 40.18121441220865, 297, 1503767, 1000000, 0.004290687385946512, 0.0991603210568428
5294, 3.8948417965730187, 4, 40.13787807384506, 297, 1504064, 1000000, 0.0038574151694774628, 0.11008074134588242
5295, 3.5444352541198896, 4, 40.14845149638131, 297, 1504361, 1000000, 0.004649871028959751, 0.10575120151042938
5296, 3.3807785187163972, 4, 40.182351991999894, 297, 1504658, 1000000, 0.004179483279585838, 0.10025378316640854
5297, -0.930173758242745, 2, 14.235332998912781, 103, 1504761, 1000000, 0.005018947180360556, 0.10194330662488937
5298, 3.8298638823434885, 4, 40.194931472186, 297, 1505058, 1000000, 0.00436645420268178, 0.10776861757040024
5299, 3.418709756911994, 4, 40.15336295682937, 297, 1505355, 1000000, 0.004232033155858517, 0.10762102156877518
5300, 3.771135069826414, 4, 40.06215501902625, 296, 1505651, 1000000, 0.004570663906633854, 0.10639507323503494
5301, 3.5795971451916557, 4, 40.18470124900341, 297, 1505948, 1000000, 0.004383965395390987, 0.09777802228927612
5302, 3.5833953722394654, 4, 40.13826659275219, 297, 1506245, 1000000, 0.004533859435468912, 0.10611508786678314
5303, 3.3034275739066175, 4, 40.16878898162395, 297, 1506542, 1000000, 0.004457465372979641, 0.10326304286718369
5304, 3.360749471363306, 4, 40.11598667688668, 297, 1506839, 1000000, 0.004283674992620945, 0.10582034289836884
5305, 3.886364557874117, 4, 40.141742398031056, 295, 1507134, 1000000, 0.0044649275951087475, 0.09734910726547241
5306, -2.8166030440479517, 2, 6.12379315495491, 42, 1507176, 1000000, 0.005217325873672962, 0.07939180731773376
5307, 3.436134433730331, 4, 40.50690758507699, 298, 1507474, 1000000, 0.0053281825967133045, 0.11344251781702042
5308, 3.695589435781585, 4, 40.18698422284797, 297, 1507771, 1000000, 0.00469617685303092, 0.11864817887544632
5309, 3.829861289712426, 4, 40.178270232863724, 297, 1508068, 1000000, 0.004830433987081051, 0.09296146035194397
5310, 3.036297496737461, 4, 40.16185840498656, 298, 1508366, 1000000, 0.00507747195661068, 0.1020461916923523
5311, -0.2410850702181051, 2, 34.50916051585227, 255, 1508621, 1000000, 0.004036432597786188, 0.11532977223396301
5312, -3.0706706014461815, 2, 8.375138332135975, 59, 1508680, 1000000, 0.004332129377871752, 0.10460560768842697
5313, 3.5892854771100247, 4, 40.11835638526827, 296, 1508976, 1000000, 0.00435666274279356, 0.11423612385988235
5314, 3.008531892845582, 4, 40.077681492082775, 295, 1509271, 1000000, 0.00405303156003356, 0.09045976400375366
5315, 3.654011294544034, 4, 40.10652080969885, 296, 1509567, 1000000, 0.004885341506451368, 0.11448738723993301
5316, 3.1657034463742093, 4, 40.21021889708936, 297, 1509864, 1000000, 0.004276233725249767, 0.09092093259096146
5317, 3.660950967554527, 4, 40.05827304068953, 296, 1510160, 1000000, 0.004616813268512487, 0.09758292883634567
5318, 3.3662543272621406, 4, 40.127191754058, 297, 1510457, 1000000, 0.004008808638900518, 0.10678132623434067
5319, 2.86647215840577, 4, 40.083809460978955, 294, 1510751, 1000000, 0.004085307475179434, 0.10591921955347061
5320, 3.4536107144795096, 4, 40.12822076305747, 297, 1511048, 1000000, 0.0046976543962955475, 0.11131224781274796
5321, 0.39972522176503844, 2, 24.241088276728988, 178, 1511226, 1000000, 0.004040854517370462, 0.09046045690774918
5322, 3.006542266044562, 4, 40.169770926237106, 297, 1511523, 1000000, 0.0048962547443807125, 0.10006488114595413
5323, 2.741032717680355, 4, 40.162578349001706, 297, 1511820, 1000000, 0.004661580082029104, 0.10830078274011612
5324, 3.1827436642124667, 4, 40.126288139261305, 296, 1512116, 1000000, 0.004344873130321503, 0.10831688344478607
5325, 3.3340854498528643, 4, 40.10669923201203, 297, 1512413, 1000000, 0.0053777871653437614, 0.10126335173845291
5326, 3.228181153346668, 4, 40.13729406800121, 297, 1512710, 1000000, 0.004466693382710218, 0.09104225039482117
5327, 3.46778436808313, 4, 40.15718133095652, 296, 1513006, 1000000, 0.0044683231972157955, 0.12053180485963821
5328, 3.243557637753838, 4, 40.07810306409374, 296, 1513302, 1000000, 0.005000881385058165, 0.10592924803495407
5329, -1.6474551365245134, 2, 11.705455741845071, 84, 1513386, 1000000, 0.003949546255171299, 0.07502319663763046
5330, 2.978319024986831, 4, 40.16035756422207, 297, 1513683, 1000000, 0.004528077784925699, 0.10229408740997314
5331, 3.5690516829918124, 4, 40.18067075079307, 297, 1513980, 1000000, 0.004452177323400974, 0.10841119289398193
5332, -1.0444530603272142, 2, 25.92957183998078, 190, 1514170, 1000000, 0.004563526250422001, 0.10943429917097092
5333, 3.398079860508915, 4, 40.109608815051615, 296, 1514466, 1000000, 0.004637344740331173, 0.10865329951047897
5334, -1.1714906207444074, 2, 23.84705089777708, 175, 1514641, 1000000, 0.005343339871615171, 0.11127552390098572
5335, 2.7493393186177855, 4, 40.07278998801485, 297, 1514938, 1000000, 0.00512535497546196, 0.10746655613183975
5336, 3.5410655773648614, 4, 40.04598762001842, 296, 1515234, 1000000, 0.004164825193583965, 0.09437333047389984
5337, 2.9444447864807444, 4, 40.122602824587375, 296, 1515530, 1000000, 0.004976311698555946, 0.10059301555156708
5338, 3.529876177697588, 4, 40.17297960491851, 297, 1515827, 1000000, 0.004972383845597506, 0.10484780371189117
5339, 4.044536982142745, 4, 40.14016333175823, 297, 1516124, 1000000, 0.004413384012877941, 0.09920644760131836
5340, -1.4684485601028427, 2, 10.21536660566926, 72, 1516196, 1000000, 0.005390996113419533, 0.09785018861293793
5341, 3.6989633154335024, 4, 40.0644496246241, 296, 1516492, 1000000, 0.0049043032340705395, 0.10541405528783798
5342, 2.827963927064957, 4, 40.14216320216656, 297, 1516789, 1000000, 0.004630723036825657, 0.11854052543640137
5343, 2.9253463968207143, 4, 40.153140258044004, 297, 1517086, 1000000, 0.00435787346214056, 0.09413240104913712
5344, 3.4617813968116025, 4, 40.15408728830516, 297, 1517383, 1000000, 0.004890336189419031, 0.09382021427154541
5345, 3.689066773337629, 4, 40.148803285788745, 297, 1517680, 1000000, 0.004361878149211407, 0.09895134717226028
5346, 3.4419757828945876, 4, 40.1183874621056, 297, 1517977, 1000000, 0.004686368629336357, 0.11045549809932709
5347, 3.7231255534243246, 4, 40.14032400306314, 298, 1518275, 1000000, 0.00477331317961216, 0.1060447096824646
5348, 2.7385894240796915, 4, 40.13664560299367, 296, 1518571, 1000000, 0.0048646265640854836, 0.10621201992034912
5349, 3.8033137284073746, 4, 40.077176259830594, 296, 1518867, 1000000, 0.005269564688205719, 0.10425650328397751
5350, 3.5536343038347695, 4, 40.14842336298898, 298, 1519165, 1000000, 0.0050705792382359505, 0.10015571117401123
5351, 3.215953429462388, 4, 40.1465032142587, 297, 1519462, 1000000, 0.00414623785763979, 0.10480127483606339
5352, 3.251528000588223, 4, 40.08142549498007, 297, 1519759, 1000000, 0.004454751964658499, 0.10082626342773438
5353, 3.5827246865665074, 4, 40.18359252996743, 297, 1520056, 1000000, 0.0045320698991417885, 0.10457691550254822
5354, 3.4408882321622514, 4, 40.1710772565566, 297, 1520353, 1000000, 0.004377638455480337, 0.09849511831998825
5355, 1.6471840101439739, 4, 40.182511769700795, 298, 1520651, 1000000, 0.005228801630437374, 0.10439766198396683
5356, 3.415335169673199, 4, 40.18353379610926, 297, 1520948, 1000000, 0.00418188376352191, 0.10872100293636322
5357, 3.201186462501937, 4, 40.08093087794259, 296, 1521244, 1000000, 0.004728240426629782, 0.10841245949268341
5358, 3.678491173328439, 4, 40.10678965225816, 297, 1521541, 1000000, 0.004362104926258326, 0.1049799919128418
5359, 3.757947272122692, 4, 40.19059785734862, 297, 1521838, 1000000, 0.0041863019578158855, 0.11757393926382065
5360, 3.2944529251908534, 4, 40.04806761583313, 295, 1522133, 1000000, 0.00435972074046731, 0.11117482930421829
5361, 3.7507476489390683, 4, 40.150725306011736, 297, 1522430, 1000000, 0.0043967654928565025, 0.11354295909404755
5362, 3.4268394814280327, 4, 40.066371451132, 296, 1522726, 1000000, 0.0049552456475794315, 0.1057133898139
5363, 3.714266699864311, 4, 40.1754956911318, 297, 1523023, 1000000, 0.004626227542757988, 0.12021294981241226
5364, 3.6191946590879525, 4, 40.09011377906427, 297, 1523320, 1000000, 0.004566440358757973, 0.09665645658969879
5365, -0.7534699134994298, 2, 13.87297137780115, 100, 1523420, 1000000, 0.006429784931242466, 0.10344401001930237
5366, 2.908623719753905, 4, 40.1181332799606, 297, 1523717, 1000000, 0.005060304421931505, 0.09463290870189667
5367, 3.28008997156212, 4, 40.163716815412045, 298, 1524015, 1000000, 0.004669515881687403, 0.0997561439871788
5368, 2.855818441924839, 4, 40.17930718511343, 297, 1524312, 1000000, 0.00410551019012928, 0.10404539853334427
5369, 3.4699008280422277, 4, 40.0555818779394, 296, 1524608, 1000000, 0.004202728159725666, 0.10782318562269211
5370, 3.5079813202066816, 4, 40.14085638197139, 297, 1524905, 1000000, 0.0047339191660285, 0.09867658466100693
5371, 3.330318590587922, 4, 40.12542857322842, 296, 1525201, 1000000, 0.00483313063159585, 0.10156933218240738
5372, 3.363972958230079, 4, 40.11292457720265, 296, 1525497, 1000000, 0.0053152539767324924, 0.10271144658327103
5373, 3.1726755223226064, 4, 40.144786623772234, 297, 1525794, 1000000, 0.004380692727863789, 0.10367389768362045
5374, 2.9546971706431577, 4, 40.10845607286319, 297, 1526091, 1000000, 0.004307287745177746, 0.10711883008480072
5375, 2.984932292580197, 4, 40.12961499392986, 295, 1526386, 1000000, 0.004180919844657183, 0.1063099354505539
5376, 3.540984339422721, 4, 40.084470150992274, 296, 1526682, 1000000, 0.0044442736543715, 0.10250720381736755
5377, 3.396825215235367, 4, 40.09370353911072, 296, 1526978, 1000000, 0.004358968231827021, 0.10467661917209625
5378, 3.075409794910229, 4, 40.10114350588992, 297, 1527275, 1000000, 0.00500195799395442, 0.10051283240318298
5379, 2.8021148048262603, 4, 40.147289351094514, 297, 1527572, 1000000, 0.003915732726454735, 0.10301028937101364
5380, 3.7303154956098297, 4, 40.149364336393774, 297, 1527869, 1000000, 0.0041837929747998714, 0.09662732481956482
5381, 3.775032161958734, 4, 40.18348262598738, 297, 1528166, 1000000, 0.004512004554271698, 0.104510597884655
5382, -3.278016895405017, 2, 6.6989679909311235, 46, 1528212, 1000000, 0.0037749125622212887, 0.11931557208299637
5383, -0.17999009523919085, 2, 33.68667638814077, 248, 1528460, 1000000, 0.0044795190915465355, 0.08961287885904312
5384, 3.2771788040963656, 4, 40.05908005218953, 297, 1528757, 1000000, 0.0049867695197463036, 0.11277203261852264
5385, 3.3805370924296767, 4, 40.07296084566042, 294, 1529051, 1000000, 0.004003663081675768, 0.10034000873565674
5386, 3.5392019913488184, 4, 40.14247675426304, 297, 1529348, 1000000, 0.004329355899244547, 0.11019188165664673
5387, 3.6279127483430784, 4, 40.07437352370471, 296, 1529644, 1000000, 0.004738201852887869, 0.1111193597316742
5388, 3.6667971725237294, 4, 40.10563629679382, 296, 1529940, 1000000, 0.004342107102274895, 0.09932812303304672
5389, 2.7321454738776083, 4, 40.12120699277148, 297, 1530237, 1000000, 0.004519603680819273, 0.10949219018220901
5390, 2.5902441162106697, 4, 40.13090084772557, 298, 1530535, 1000000, 0.003921494819223881, 0.10524680465459824
5391, 3.6246270456249476, 4, 40.16086250729859, 298, 1530833, 1000000, 0.004449295345693827, 0.11264844238758087
5392, 3.168902806535698, 4, 40.119676150847226, 297, 1531130, 1000000, 0.0043608699925243855, 0.09264715760946274
5393, 2.957544436511853, 4, 40.12335534673184, 297, 1531427, 1000000, 0.004815241321921349, 0.10424391180276871
5394, 3.590551732086169, 4, 40.07195435091853, 295, 1531722, 1000000, 0.004408650565892458, 0.10038226842880249
5395, 3.6692647683994437, 4, 40.10234270198271, 297, 1532019, 1000000, 0.00368183059617877, 0.10400030016899109
5396, 3.5236028516374063, 4, 40.10471410816535, 296, 1532315, 1000000, 0.003745308145880699, 0.10363373905420303
5397, 4.000622089735771, 4, 40.08194316085428, 296, 1532611, 1000000, 0.004304110072553158, 0.0945432037115097
5398, 3.669281405919719, 4, 40.18759502703324, 297, 1532908, 1000000, 0.004642023239284754, 0.09453468769788742
5399, 3.591951427522872, 4, 40.128338920883834, 297, 1533205, 1000000, 0.004258871078491211, 0.09793976694345474
5400, 3.2056621731662744, 4, 40.16113111516461, 293, 1533498, 1000000, 0.004741466138511896, 0.10568199306726456
5401, 3.7843333134487693, 4, 40.17645784234628, 293, 1533791, 1000000, 0.004299544263631105, 0.11336576193571091
5402, 3.340580646850867, 4, 40.096896294970065, 293, 1534084, 1000000, 0.004005918744951487, 0.10323481261730194
5403, 2.8663731646506676, 4, 40.117096468340605, 293, 1534377, 1000000, 0.004874234553426504, 0.1132814958691597
5404, 3.8461782761733048, 4, 40.188909087795764, 294, 1534671, 1000000, 0.003969920799136162, 0.09984355419874191
5405, 3.151101167415618, 4, 40.09824891993776, 291, 1534962, 1000000, 0.004346214700490236, 0.09512373059988022
5406, 3.339257344356156, 4, 40.18192947190255, 295, 1535257, 1000000, 0.0038984622806310654, 0.09565141052007675
5407, 2.8978961757848083, 4, 40.108136432245374, 294, 1535551, 1000000, 0.004247708711773157, 0.11099454760551453
5408, 3.1659077830045135, 4, 40.070234562736005, 294, 1535845, 1000000, 0.004423945210874081, 0.09663929045200348
5409, 3.772075771194068, 4, 40.153843321837485, 294, 1536139, 1000000, 0.0037989376578480005, 0.09920045733451843
5410, 3.3783914028363142, 4, 40.14539812505245, 295, 1536434, 1000000, 0.0043675885535776615, 0.09732656180858612
5411, 3.8127273277787026, 4, 40.062690703198314, 295, 1536729, 1000000, 0.0037676331121474504, 0.1006356030702591
5412, 3.1939611343732395, 4, 40.104675102978945, 295, 1537024, 1000000, 0.005158017389476299, 0.09999317675828934
5413, 3.4650135374550928, 4, 40.08440479589626, 295, 1537319, 1000000, 0.004427311010658741, 0.09947821497917175
5414, 3.7140318909785037, 4, 40.180916040204465, 295, 1537614, 1000000, 0.00391389662399888, 0.09847825020551682
5415, 2.9572588093687955, 4, 40.0730643090792, 293, 1537907, 1000000, 0.005055522546172142, 0.10672780126333237
5416, 3.8286498413763184, 4, 40.13802791386843, 295, 1538202, 1000000, 0.004786299541592598, 0.11213525384664536
5417, 2.683010408516566, 4, 40.10259316209704, 295, 1538497, 1000000, 0.004317987710237503, 0.09096824377775192
5418, 3.4876803140487027, 4, 40.10140017326921, 296, 1538793, 1000000, 0.004386464599519968, 0.10352028906345367
5419, 3.5534008128015557, 4, 40.10139489173889, 296, 1539089, 1000000, 0.004257817752659321, 0.10091611742973328
5420, 3.0765384400001494, 4, 40.12870512390509, 295, 1539384, 1000000, 0.003992784768342972, 0.10315851122140884
5421, 3.0094074207186168, 4, 40.16494979802519, 296, 1539680, 1000000, 0.003979646600782871, 0.09708347916603088
5422, 2.9464851692864613, 4, 40.07409977866337, 295, 1539975, 1000000, 0.003767619375139475, 0.08998667448759079
5423, 3.387273211698812, 4, 40.17357341200113, 296, 1540271, 1000000, 0.004734457936137915, 0.09065855294466019
5424, 2.8191049569650204, 4, 40.13922055531293, 296, 1540567, 1000000, 0.004538548644632101, 0.08386404812335968
5425, 2.746707233520283, 4, 40.14706889586523, 296, 1540863, 1000000, 0.004619769286364317, 0.10843326896429062
5426, 3.378511443255775, 4, 40.149635824840516, 296, 1541159, 1000000, 0.004265172872692347, 0.10451614856719971
5427, 2.9085495244162303, 4, 40.12419307976961, 296, 1541455, 1000000, 0.004058206919580698, 0.0963253453373909
5428, 2.953997578484632, 4, 40.07502105971798, 296, 1541751, 1000000, 0.004419340752065182, 0.0925433412194252
5429, 3.717865090671012, 4, 40.125978329218924, 296, 1542047, 1000000, 0.004734389949589968, 0.09907298535108566
5430, 3.0452709818218864, 4, 40.16940328292549, 296, 1542343, 1000000, 0.00518733961507678, 0.09197965264320374
5431, 3.523497196856624, 4, 40.06137632206082, 295, 1542638, 1000000, 0.004510127939283848, 0.09871993213891983
5432, 3.5753351701823703, 4, 40.19042690936476, 295, 1542933, 1000000, 0.004408248700201511, 0.092099130153656
5433, 2.8979349315968648, 4, 40.167079294100404, 296, 1543229, 1000000, 0.004115305840969086, 0.09634855389595032
5434, 3.6862365097731526, 4, 40.14206688385457, 294, 1543523, 1000000, 0.004200530704110861, 0.09983708709478378
5435, 3.3265235031813063, 4, 40.158129455987364, 294, 1543817, 1000000, 0.004555149935185909, 0.09060397744178772
5436, 3.217082709317765, 4, 40.12206340720877, 296, 1544113, 1000000, 0.004275416024029255, 0.10330551862716675
5437, 3.8066186957557875, 4, 40.185265843290836, 297, 1544410, 1000000, 0.004703556187450886, 0.09111794084310532
5438, 2.893310199251573, 4, 40.13381853001192, 296, 1544706, 1000000, 0.004003426060080528, 0.08952164649963379
5439, 3.025073081986193, 4, 40.16396218398586, 296, 1545002, 1000000, 0.004233734216541052, 0.09849490970373154
5440, 2.985307354991164, 4, 40.13170190202072, 296, 1545298, 1000000, 0.004163258243352175, 0.08635754883289337
5441, 3.4366896924930472, 4, 40.05254347715527, 297, 1545595, 1000000, 0.004556559957563877, 0.10533054172992706
5442, 3.3395679003660916, 4, 40.1753704957664, 297, 1545892, 1000000, 0.00476380530744791, 0.09802703559398651
5443, 3.839438507235286, 4, 40.16280583385378, 296, 1546188, 1000000, 0.004278405103832483, 0.11218021810054779
5444, 3.4895913494001434, 4, 40.136061124969274, 294, 1546482, 1000000, 0.004417311400175095, 0.09859732538461685
5445, 3.191745254097043, 4, 40.077908476348966, 295, 1546777, 1000000, 0.004516495391726494, 0.1008833646774292
5446, -2.7904325048439205, 2, 8.421207702718675, 59, 1546836, 1000000, 0.0040101297199726105, 0.12403786927461624
5447, 3.81871045971252, 4, 40.20584721537307, 297, 1547133, 1000000, 0.0043190522119402885, 0.08880957216024399
5448, 3.181520740824908, 4, 40.13012677198276, 296, 1547429, 1000000, 0.0043566240929067135, 0.09514357894659042
5449, 3.5418812423167765, 4, 40.143117763102055, 296, 1547725, 1000000, 0.0039570569060742855, 0.1046440526843071
5450, 3.1749080186364154, 4, 40.14050768595189, 296, 1548021, 1000000, 0.004209362901747227, 0.09046637266874313
5451, 3.144546514711692, 4, 40.178188886959106, 296, 1548317, 1000000, 0.004365257918834686, 0.10551641136407852
5452, 3.5395982314948924, 4, 40.1462848209776, 296, 1548613, 1000000, 0.00447744270786643, 0.09142088145017624
5453, 3.756854476177068, 4, 40.16726040979847, 297, 1548910, 1000000, 0.00419956399127841, 0.09283662587404251
5454, 3.6185290706253, 4, 40.13247887883335, 297, 1549207, 1000000, 0.004743270576000214, 0.09497393667697906
5455, -1.639718463178724, 2, 12.791457879822701, 92, 1549299, 1000000, 0.004395631607621908, 0.09888774156570435
5456, 3.0798043325412436, 4, 40.10279639810324, 296, 1549595, 1000000, 0.0059592449106276035, 0.09067556262016296
5457, 3.4213747005778714, 4, 40.16279201442376, 297, 1549892, 1000000, 0.005123271606862545, 0.09236015379428864
5458, 3.5951706343330443, 4, 40.082912668120116, 294, 1550186, 1000000, 0.004326766822487116, 0.09608706831932068
5459, 3.5023345921072178, 4, 40.15171412099153, 297, 1550483, 1000000, 0.004980155732482672, 0.10492610931396484
5460, 3.322593153507114, 4, 40.17246945435181, 297, 1550780, 1000000, 0.004791120067238808, 0.09652858972549438
5461, 3.004909778737783, 4, 40.186057046055794, 296, 1551076, 1000000, 0.004117055330425501, 0.09750638902187347
5462, 3.5903055426697392, 4, 40.167278964072466, 297, 1551373, 1000000, 0.004543357063084841, 0.1026795357465744
5463, 2.9962688522336975, 4, 40.121306656859815, 296, 1551669, 1000000, 0.004668268840759993, 0.10272805392742157
5464, -2.238604918238707, 2, 13.487422175705433, 97, 1551766, 1000000, 0.004013377707451582, 0.09574828296899796
5465, 2.9826168443796632, 4, 40.10023829340935, 295, 1552061, 1000000, 0.005419646855443716, 0.08495856076478958
5466, -0.5882599228534673, 2, 23.53090274427086, 172, 1552233, 1000000, 0.004949479829519987, 0.11770636588335037
5467, 3.2736216684879764, 4, 40.081783547997475, 295, 1552528, 1000000, 0.004424738232046366, 0.09972058236598969
5468, 3.6876877587674244, 4, 40.13497258909047, 296, 1552824, 1000000, 0.004572391975671053, 0.08144065737724304
5469, 3.713212946004205, 4, 40.17225450696424, 297, 1553121, 1000000, 0.004741426091641188, 0.1060561090707779
5470, 3.655145283947604, 4, 40.09951601177454, 294, 1553415, 1000000, 0.004791839048266411, 0.09347802400588989
5471, 3.5263637742555147, 4, 40.11137423897162, 296, 1553711, 1000000, 0.004727213177829981, 0.10673420131206512
5472, 3.3218151485986027, 4, 40.09884547162801, 297, 1554008, 1000000, 0.004225076176226139, 0.11061950027942657
5473, 2.958286525598851, 4, 40.109377027954906, 296, 1554304, 1000000, 0.004686607047915459, 0.0969308540225029
5474, -0.5080677951918915, 2, 15.78751745307818, 114, 1554418, 1000000, 0.004629642702639103, 0.10281527042388916
5475, 2.8288176940859557, 4, 40.077825657092035, 296, 1554714, 1000000, 0.00423765042796731, 0.10045243054628372
5476, 3.522596614251597, 4, 40.142097615636885, 297, 1555011, 1000000, 0.004503426607698202, 0.11161312460899353
5477, 2.7722743656706825, 4, 40.06582363881171, 296, 1555307, 1000000, 0.0046670325100421906, 0.09551414102315903
5478, 3.544758875012917, 4, 40.143974146805704, 296, 1555603, 1000000, 0.00474485382437706, 0.09024326503276825
5479, 3.485697334530414, 4, 40.20370268682018, 297, 1555900, 1000000, 0.004815725143998861, 0.09044919162988663
5480, 3.898930793546242, 4, 40.10849517816678, 296, 1556196, 1000000, 0.004401296842843294, 0.08660005778074265
5481, 3.342946942888375, 4, 40.18901226716116, 297, 1556493, 1000000, 0.004634547512978315, 0.09401880949735641
5482, 3.8000060151680373, 4, 40.11334772687405, 296, 1556789, 1000000, 0.004504294600337744, 0.09420765936374664
5483, 2.9333619475728483, 4, 40.17173794424161, 297, 1557086, 1000000, 0.004726507235318422, 0.0977589413523674
5484, 3.624822012410732, 4, 40.16198410699144, 297, 1557383, 1000000, 0.004605544731020927, 0.09753529727458954
5485, 3.575385978361737, 4, 40.183363982941955, 295, 1557678, 1000000, 0.004776396322995424, 0.09486162662506104
5486, 3.155342218160513, 4, 40.18485296797007, 297, 1557975, 1000000, 0.0045951842330396175, 0.0969490185379982
5487, 3.6995828633773726, 4, 40.15382709214464, 295, 1558270, 1000000, 0.004034451674669981, 0.09777995944023132
5488, 3.8275906361232046, 4, 40.046299380250275, 293, 1558563, 1000000, 0.004643804393708706, 0.08720207959413528
5489, 3.2565440075850347, 4, 40.12772117787972, 295, 1558858, 1000000, 0.0054382202215492725, 0.08457861095666885
5490, 3.886173554308698, 4, 40.107058472931385, 296, 1559154, 1000000, 0.004314019810408354, 0.09973321855068207
5491, 3.1019866046390234, 4, 40.07392174331471, 296, 1559450, 1000000, 0.004458512645214796, 0.0969717726111412
5492, -3.8790406704647467, 2, 5.096840668935329, 34, 1559484, 1000000, 0.0051605175249278545, 0.11902374029159546
5493, 3.6343794945714762, 4, 40.16191577911377, 297, 1559781, 1000000, 0.005013172514736652, 0.09265885502099991
5494, 3.2943975646376202, 4, 40.09157103486359, 297, 1560078, 1000000, 0.004970420151948929, 0.08503542095422745
5495, 3.184971456093308, 4, 40.15814487216994, 297, 1560375, 1000000, 0.004907884635031223, 0.09740161895751953
5496, 3.4873497184744338, 4, 40.11943675484508, 297, 1560672, 1000000, 0.004355177748948336, 0.08834214508533478
5497, 3.6359197622145984, 4, 40.09919679770246, 296, 1560968, 1000000, 0.004777972586452961, 0.1015729233622551
5498, 3.476073370551603, 4, 40.11710098106414, 296, 1561264, 1000000, 0.005080662667751312, 0.09381694346666336
5499, 3.4906609751833457, 4, 40.16151508083567, 297, 1561561, 1000000, 0.004562894348055124, 0.09076029062271118
5500, 3.7759845223190496, 4, 40.18333890894428, 297, 1561858, 1000000, 0.004511065781116486, 0.09280671924352646
5501, 3.140413357257785, 4, 40.09036400401965, 295, 1562153, 1000000, 0.004998621065169573, 0.10639656335115433
5502, 3.314522715714702, 4, 40.10097241587937, 296, 1562449, 1000000, 0.005707596428692341, 0.1097608357667923
5503, 3.0411821740806317, 4, 40.07794763986021, 296, 1562745, 1000000, 0.004310925491154194, 0.10203059762716293
5504, 2.3440337720803655, 4, 40.13549213204533, 294, 1563039, 1000000, 0.004410125780850649, 0.09103059768676758
5505, 3.566434850336009, 4, 40.162688883021474, 296, 1563335, 1000000, 0.004191774874925613, 0.10583418607711792
5506, 3.3524907474028396, 4, 40.141309953760356, 296, 1563631, 1000000, 0.004702155478298664, 0.0989227220416069
5507, -2.992936581140384, 2, 7.137676439713687, 49, 1563680, 1000000, 0.0037757919635623693, 0.08754473924636841
5508, 3.514635011249993, 4, 40.175516061950475, 297, 1563977, 1000000, 0.00436755083501339, 0.10457009822130203
5509, 3.4172774424205272, 4, 40.16635521873832, 296, 1564273, 1000000, 0.0050145043060183525, 0.09344399720430374
5510, 3.395254929364569, 4, 40.17732059583068, 296, 1564569, 1000000, 0.0044935704208910465, 0.09541112184524536
5511, 3.735463424005502, 4, 40.08304635761306, 296, 1564865, 1000000, 0.004665710031986237, 0.0861731767654419
5512, 2.808773573291546, 4, 40.170003758743405, 296, 1565161, 1000000, 0.0043035210110247135, 0.10308923572301865
5513, 3.033664203463559, 4, 40.155912656802684, 296, 1565457, 1000000, 0.004425294231623411, 0.11127191036939621
5514, 3.031051569943884, 4, 40.18267608201131, 297, 1565754, 1000000, 0.003952606115490198, 0.0986957773566246
5515, 3.753949108906454, 4, 40.07113633817062, 296, 1566050, 1000000, 0.004243106115609407, 0.09914352744817734
5516, 2.8842094466194794, 4, 40.14646871201694, 296, 1566346, 1000000, 0.004599429201334715, 0.09706190973520279
5517, 3.4599904654151032, 4, 40.06932567805052, 296, 1566642, 1000000, 0.004746410064399242, 0.09387607127428055
5518, 3.4326156686411196, 4, 40.146060863975435, 296, 1566938, 1000000, 0.004543549381196499, 0.09785693883895874
5519, 3.4365995196349104, 4, 40.18425358785316, 296, 1567234, 1000000, 0.004679490812122822, 0.09325692802667618
5520, 3.642875857614854, 4, 40.13779259286821, 296, 1567530, 1000000, 0.004331003874540329, 0.10526277869939804
5521, -0.1432269481010735, 2, 18.92875509429723, 138, 1567668, 1000000, 0.00488549517467618, 0.10204136371612549
5522, 3.532068877520942, 4, 40.16685942700133, 296, 1567964, 1000000, 0.004569294862449169, 0.08532306551933289
5523, -2.1652782952878624, 4, 40.11688316008076, 298, 1568262, 1000000, 0.005224672611802816, 0.0916585698723793
5524, 3.5771472403293956, 4, 40.19026129832491, 297, 1568559, 1000000, 0.004205186851322651, 0.10451480746269226
5525, 3.394032529448623, 4, 40.134169194847345, 296, 1568855, 1000000, 0.003928284160792828, 0.09750738739967346
5526, 0.47017636452801526, 4, 40.11825475934893, 298, 1569153, 1000000, 0.004943126812577248, 0.1017557680606842
5527, 3.8944764048646903, 4, 40.159284128807485, 296, 1569449, 1000000, 0.004320804495364428, 0.09880553930997849
5528, 3.753839693188638, 4, 40.11099450895563, 295, 1569744, 1000000, 0.0044166818261146545, 0.08273879438638687
5529, 3.474680959390753, 4, 40.17698698723689, 295, 1570039, 1000000, 0.004679528530687094, 0.09452059119939804
5530, 3.6439248731167027, 4, 40.21114139677957, 297, 1570336, 1000000, 0.003985964227467775, 0.09350436925888062
5531, 3.0371852734642744, 4, 40.127208679914474, 295, 1570631, 1000000, 0.005013362970203161, 0.08675769716501236
5532, 3.2975104158281283, 4, 40.17610461823642, 297, 1570928, 1000000, 0.00411391444504261, 0.0927899181842804
5533, 3.90215504943626, 4, 40.16223092889413, 296, 1571224, 1000000, 0.004688267596065998, 0.08658063411712646
5534, 3.275196873819368, 4, 40.16081831371412, 297, 1571521, 1000000, 0.0046526407822966576, 0.09820641577243805
5535, 3.4635051419134015, 4, 40.18410192895681, 296, 1571817, 1000000, 0.004658268298953772, 0.09149213880300522
5536, 3.89314732344792, 4, 40.088405065238476, 296, 1572113, 1000000, 0.004011963959783316, 0.09770449995994568
5537, 3.5069592742802342, 4, 40.08909632777795, 296, 1572409, 1000000, 0.004434696398675442, 0.10696061700582504
5538, 3.4245280163231655, 4, 40.467578769661486, 299, 1572708, 1000000, 0.004174915142357349, 0.09695373475551605
5539, 4.023796585651326, 4, 40.091474236920476, 296, 1573004, 1000000, 0.004542738199234009, 0.0902286022901535
5540, 2.8262696261608653, 4, 40.072796396911144, 292, 1573296, 1000000, 0.005043888930231333, 0.09628880023956299
5541, 3.08917345619102, 4, 40.13885873230174, 297, 1573593, 1000000, 0.004726262763142586, 0.10049591213464737
5542, 3.321373199196387, 4, 40.0989046189934, 296, 1573889, 1000000, 0.004083618056029081, 0.0911000519990921
5543, 3.4082129021262517, 4, 40.171808981802315, 297, 1574186, 1000000, 0.004609194118529558, 0.09878750145435333
5544, 2.589701474105823, 4, 40.13150274800137, 297, 1574483, 1000000, 0.004466340411454439, 0.09582587331533432
5545, 2.7990013768039717, 4, 40.175719937775284, 297, 1574780, 1000000, 0.004748933017253876, 0.0833653062582016
5546, 3.551932223541371, 4, 40.11874396027997, 296, 1575076, 1000000, 0.005069986917078495, 0.11325248330831528
5547, 3.0805432939960156, 4, 40.163133288268, 297, 1575373, 1000000, 0.0042174761183559895, 0.09383654594421387
5548, 2.972337816701497, 4, 40.181191398296505, 297, 1575670, 1000000, 0.004311683122068644, 0.09948761016130447
5549, 3.143423209356115, 4, 40.11912154685706, 297, 1575967, 1000000, 0.00445060757920146, 0.09737551957368851
5550, 3.120195312592841, 4, 40.11842877604067, 296, 1576263, 1000000, 0.0043503884226083755, 0.09219315648078918
5551, 3.3011797647950516, 4, 40.08541638404131, 295, 1576558, 1000000, 0.0052675227634608746, 0.1040969267487526
5552, 2.885676539177439, 4, 40.09158358583227, 295, 1576853, 1000000, 0.0049812076613307, 0.08591114729642868
5553, 3.842001169032301, 4, 40.17277236375958, 297, 1577150, 1000000, 0.004150752443820238, 0.08583924919366837
5554, 3.652273844490992, 4, 40.19548832764849, 298, 1577448, 1000000, 0.004657503217458725, 0.09058332443237305
5555, 3.468273059028661, 4, 40.19255390809849, 297, 1577745, 1000000, 0.004091024398803711, 0.0971655398607254
5556, 2.884205012340317, 4, 40.11918060434982, 296, 1578041, 1000000, 0.004853640682995319, 0.0912286639213562
5557, 3.402291287731714, 4, 40.14173642685637, 296, 1578337, 1000000, 0.004684822633862495, 0.0993206575512886
5558, 3.437442815375107, 4, 40.17965508112684, 297, 1578634, 1000000, 0.00445933360606432, 0.08763081580400467
5559, 3.062162188851005, 4, 40.11888670409098, 297, 1578931, 1000000, 0.004512642975896597, 0.09275873750448227
5560, 3.6843413657570636, 4, 40.16026242636144, 297, 1579228, 1000000, 0.004149018786847591, 0.10470495373010635
5561, 3.285768903697317, 4, 40.09116447297856, 296, 1579524, 1000000, 0.004129444714635611, 0.10241405665874481
5562, 3.2629801437105925, 4, 40.096730397082865, 296, 1579820, 1000000, 0.005036985035985708, 0.11016285419464111
5563, 2.964101490368023, 4, 40.07448424492031, 296, 1580116, 1000000, 0.0047474936582148075, 0.08997220546007156
5564, 3.21319081211459, 4, 40.085565275046974, 295, 1580411, 1000000, 0.004555035382509232, 0.08992315828800201
5565, 3.5762307550830883, 4, 40.18771196482703, 297, 1580708, 1000000, 0.004484942648559809, 0.10158852487802505
5566, 2.931262566250325, 4, 40.076818745117635, 296, 1581004, 1000000, 0.005163190886378288, 0.09773922711610794
5567, 3.338620452734858, 4, 40.15978101687506, 296, 1581300, 1000000, 0.003878543619066477, 0.09519900381565094
5568, 3.143795703586875, 4, 40.136243000626564, 296, 1581596, 1000000, 0.004926382564008236, 0.09716378152370453
5569, 3.4157250557796033, 4, 40.055198970250785, 296, 1581892, 1000000, 0.004226434975862503, 0.1006842851638794
5570, 3.0046089086572465, 4, 40.145621416624635, 295, 1582187, 1000000, 0.00453767366707325, 0.1010080948472023
5571, 3.9352881810834788, 4, 40.16715961135924, 297, 1582484, 1000000, 0.004580782260745764, 0.1100386530160904
5572, 3.318721382527656, 4, 40.19585615210235, 296, 1582780, 1000000, 0.0053550745360553265, 0.10017335414886475
5573, 2.8884452357597183, 4, 40.09261208632961, 297, 1583077, 1000000, 0.004120337776839733, 0.10242799669504166
5574, 3.2390779773995746, 4, 40.0822272147052, 297, 1583374, 1000000, 0.005201798863708973, 0.09845856577157974
5575, 3.4946857946315504, 4, 40.14283269504085, 296, 1583670, 1000000, 0.005637381225824356, 0.09505636990070343
5576, 3.4875158292998094, 4, 40.12084726197645, 297, 1583967, 1000000, 0.004344423767179251, 0.10415366291999817
5577, 3.056521933019667, 4, 40.18247267883271, 296, 1584263, 1000000, 0.004454273730516434, 0.09039752185344696
5578, -0.6596892022788552, 2, 36.287482178770006, 267, 1584530, 1000000, 0.005125090014189482, 0.08816749602556229
5579, 3.2095613834062533, 4, 40.11104245996103, 296, 1584826, 1000000, 0.0044629438780248165, 0.09977651387453079
5580, 3.2254136077135627, 4, 40.15776542574167, 297, 1585123, 1000000, 0.004721570294350386, 0.0880141630768776
5581, 3.135118972897544, 4, 40.17545199487358, 297, 1585420, 1000000, 0.004164497833698988, 0.08659322559833527
5582, 3.2503659324302134, 4, 40.081300851888955, 296, 1585716, 1000000, 0.004411488771438599, 0.10170937329530716
5583, 2.907932729654931, 4, 40.15719486493617, 297, 1586013, 1000000, 0.004650710616260767, 0.10110929608345032
5584, 3.077794069513402, 4, 40.134155774023384, 296, 1586309, 1000000, 0.003573173191398382, 0.10008519887924194
5585, 2.7132401492781355, 4, 40.14561715302989, 297, 1586606, 1000000, 0.004227580968290567, 0.08371913433074951
5586, 3.1385557312305536, 4, 40.096487305127084, 295, 1586901, 1000000, 0.004792763385921717, 0.09258200228214264
5587, 3.122907296201447, 4, 40.12738994928077, 296, 1587197, 1000000, 0.003579032141715288, 0.09318878501653671
5588, 3.305210097683812, 4, 40.163068279158324, 297, 1587494, 1000000, 0.004330405034124851, 0.09387019276618958
5589, 3.4218082955521822, 4, 40.07865792186931, 296, 1587790, 1000000, 0.00430197361856699, 0.10846488177776337
5590, 3.0503793946227233, 4, 40.1787916822359, 297, 1588087, 1000000, 0.004478831309825182, 0.0955318883061409
5591, 3.5067357295338297, 4, 40.122343893162906, 296, 1588383, 1000000, 0.004510195460170507, 0.09015613049268723
5592, 3.908228939823175, 4, 40.147584391757846, 297, 1588680, 1000000, 0.0046120635233819485, 0.0912838876247406
5593, 2.8516316907162036, 4, 40.09602314559743, 296, 1588976, 1000000, 0.004269118886440992, 0.09678597003221512
5594, 3.2964771178776573, 4, 40.16832958208397, 297, 1589273, 1000000, 0.004441868048161268, 0.09740643203258514
5595, 4.0019184263892384, 4, 40.12957399291918, 296, 1589569, 1000000, 0.004134062677621841, 0.09499409049749374
5596, 2.844834689043637, 4, 40.07750604394823, 294, 1589863, 1000000, 0.004289601463824511, 0.09129928797483444
5597, 4.055854964466562, 4, 40.18397850403562, 297, 1590160, 1000000, 0.004141759593039751, 0.10723958909511566
5598, 3.5445194479134443, 4, 40.185141721274704, 297, 1590457, 1000000, 0.004340628627687693, 0.08286486566066742
5599, 3.257128502227715, 4, 40.15947420615703, 296, 1590753, 1000000, 0.003970912657678127, 0.0981091782450676
5600, 3.048417248264741, 4, 40.17981085320935, 297, 1591050, 1000000, 0.004504906479269266, 0.09400323033332825
5601, 3.0739264670482953, 4, 40.14986823592335, 296, 1591346, 1000000, 0.0045408038422465324, 0.0893775075674057
5602, 3.136319382534566, 4, 40.47978797601536, 298, 1591644, 1000000, 0.004527111072093248, 0.09401140362024307
5603, 3.693998567672679, 4, 40.121875557117164, 296, 1591940, 1000000, 0.003949279431253672, 0.09688279032707214
5604, 2.856560907992389, 4, 40.16112515935674, 296, 1592236, 1000000, 0.0040596481412649155, 0.09767922013998032
5605, 2.987086557144494, 4, 40.14848212804645, 294, 1592530, 1000000, 0.0035834694281220436, 0.08504234254360199
5606, 3.6434334164932807, 4, 40.14740834897384, 296, 1592826, 1000000, 0.004030697979032993, 0.09915367513895035
5607, 3.2200115471787285, 4, 40.15023132879287, 295, 1593121, 1000000, 0.004553546663373709, 0.09062430262565613
5608, 3.4034610033631907, 4, 40.12620737310499, 295, 1593416, 1000000, 0.004715717397630215, 0.09014637023210526
5609, 3.6696670000244467, 4, 40.19033307628706, 296, 1593712, 1000000, 0.00446712039411068, 0.08912036567926407
5610, 3.414720643194414, 4, 40.18018698412925, 296, 1594008, 1000000, 0.004015245940536261, 0.07530386000871658
5611, 3.890657492363971, 4, 40.129448188934475, 294, 1594302, 1000000, 0.004836567211896181, 0.08613460510969162
5612, 2.911731310351797, 4, 40.09244404081255, 296, 1594598, 1000000, 0.004565700888633728, 0.08403508365154266
5613, 3.5764206793901394, 4, 40.159825048875064, 296, 1594894, 1000000, 0.0045991381630301476, 0.09426058828830719
5614, 3.705554458777442, 4, 40.11024083197117, 295, 1595189, 1000000, 0.005233519244939089, 0.08705422282218933
5615, 3.3861546321277274, 4, 40.16266612615436, 296, 1595485, 1000000, 0.005575405899435282, 0.0876653864979744
5616, 3.5541151638199153, 4, 40.13336736802012, 296, 1595781, 1000000, 0.003952778410166502, 0.09426409751176834
5617, 3.6028988257912715, 4, 40.20349204400554, 296, 1596077, 1000000, 0.003710427787154913, 0.09121739864349365
5618, 3.305960842733839, 4, 40.10187144577503, 295, 1596372, 1000000, 0.003999271895736456, 0.07902979105710983
5619, 3.2213805918436265, 4, 40.129801522009075, 296, 1596668, 1000000, 0.004036483820527792, 0.07835084199905396
5620, 3.4254462763055926, 4, 40.14017279073596, 296, 1596964, 1000000, 0.003749602474272251, 0.08872818946838379
5621, 3.3483977333671646, 4, 40.0523170940578, 296, 1597260, 1000000, 0.00431086728349328, 0.07377023994922638
5622, 3.5932210660689634, 4, 40.12748923199251, 294, 1597554, 1000000, 0.003697341773658991, 0.08443838357925415
5623, 3.108395884592028, 4, 40.07579298177734, 296, 1597850, 1000000, 0.005287630949169397, 0.10194835811853409
5624, 3.2799976387468632, 4, 40.07750284625217, 296, 1598146, 1000000, 0.005036049988120794, 0.08499632775783539
5625, 3.2543107172459713, 4, 40.05260366294533, 295, 1598441, 1000000, 0.004104579333215952, 0.08738823235034943
5626, 3.334928430049331, 4, 40.192872122861445, 297, 1598738, 1000000, 0.004255883861333132, 0.09682360291481018
5627, 3.574631870680605, 4, 40.17259058402851, 296, 1599034, 1000000, 0.0042699771001935005, 0.08144885301589966
5628, 3.617246052930568, 4, 40.16074098320678, 297, 1599331, 1000000, 0.004265445284545422, 0.08531425893306732
5629, 3.526751012315799, 4, 40.11339810071513, 296, 1599627, 1000000, 0.0040373713709414005, 0.09645944088697433
5630, 3.678010904826806, 4, 40.13568806415424, 297, 1599924, 1000000, 0.0043305903673172, 0.07508977502584457
5631, 3.037282875884557, 4, 40.16433717124164, 297, 1600221, 1000000, 0.004023919813334942, 0.08568751811981201
5632, 3.143027472879112, 4, 40.153148108161986, 296, 1600517, 1000000, 0.004332042299211025, 0.08381985872983932
5633, 3.8869542530665058, 4, 40.189390229061246, 297, 1600814, 1000000, 0.00469216937199235, 0.07922307401895523
5634, -1.1036786357872188, 2, 14.010841145180166, 100, 1600914, 1000000, 0.004112475086003542, 0.09626524150371552
5635, 2.939791787561262, 4, 40.15457542706281, 296, 1601210, 1000000, 0.004171957261860371, 0.08339165151119232
5636, 2.8411713959994813, 4, 40.17704044608399, 296, 1601506, 1000000, 0.004655180033296347, 0.09072253853082657
5637, 3.8299443137075286, 4, 40.14851330220699, 297, 1601803, 1000000, 0.004382905550301075, 0.08043886721134186
5638, 4.002116221196502, 4, 40.13207813492045, 297, 1602100, 1000000, 0.003833472030237317, 0.09629851579666138
5639, 3.8096720579856083, 4, 40.11958922399208, 296, 1602396, 1000000, 0.004402476828545332, 0.09284002333879471
5640, 3.376572691069086, 4, 40.143751858733594, 296, 1602692, 1000000, 0.003998716361820698, 0.08952692896127701
5641, 3.1425070517143467, 4, 40.109801412094384, 297, 1602989, 1000000, 0.004174551460891962, 0.08184562623500824
5642, 3.4862932885116606, 4, 40.184762328863144, 297, 1603286, 1000000, 0.004344866145402193, 0.07941005378961563
5643, 3.4562740634446527, 4, 40.169189045671374, 297, 1603583, 1000000, 0.004243831150233746, 0.09510298818349838
5644, 3.4054757057783718, 4, 40.067234145943075, 296, 1603879, 1000000, 0.003690620418637991, 0.10512202233076096
5645, 2.925204058372401, 4, 40.1853215880692, 294, 1604173, 1000000, 0.004159268923103809, 0.07753904908895493
5646, 3.8357329954851593, 4, 40.193360215984285, 297, 1604470, 1000000, 0.00377634447067976, 0.083211749792099
5647, 3.114583257203776, 4, 40.12937611993402, 297, 1604767, 1000000, 0.004201911389827728, 0.09665945917367935
5648, 3.1423418365557154, 4, 40.094944505020976, 296, 1605063, 1000000, 0.0038552763871848583, 0.07520629465579987
5649, 3.3652362541802177, 4, 40.116523616947234, 296, 1605359, 1000000, 0.0043966942466795444, 0.07881471514701843
5650, 3.3641951695244643, 4, 40.1390398577787, 296, 1605655, 1000000, 0.004207791294902563, 0.08957329392433167
5651, 3.671573204865126, 4, 40.10755729675293, 296, 1605951, 1000000, 0.004990525543689728, 0.09254476428031921
5652, 3.0581416110367172, 4, 40.17158035328612, 296, 1606247, 1000000, 0.004158291965723038, 0.09392458945512772
5653, 3.792488992847211, 4, 40.09856218518689, 295, 1606542, 1000000, 0.004291376564651728, 0.08828695118427277
5654, 3.4620266040619754, 4, 40.166221676860005, 297, 1606839, 1000000, 0.0036641869228333235, 0.07758738100528717
5655, 3.6728737364719564, 4, 40.114099910948426, 296, 1607135, 1000000, 0.0042540463618934155, 0.09496968239545822
5656, 3.159043913405185, 4, 40.12908418197185, 296, 1607431, 1000000, 0.003152929013594985, 0.08667344599962234
5657, 3.091659593363147, 4, 40.166763606946915, 297, 1607728, 1000000, 0.004261333495378494, 0.0828070193529129
5658, 3.6443249524745625, 4, 40.13219584291801, 296, 1608024, 1000000, 0.0041841804049909115, 0.08411866426467896
5659, 3.000899086049685, 4, 40.12334382580593, 296, 1608320, 1000000, 0.00425303028896451, 0.08101525157690048
5660, 3.408289058977971, 4, 40.1005913191475, 296, 1608616, 1000000, 0.004342940635979176, 0.09427084773778915
5661, 2.9086480774835763, 4, 40.1209248425439, 296, 1608912, 1000000, 0.005137663334608078, 0.0812177062034607
5662, -0.834419057762716, 2, 19.997111783362925, 146, 1609058, 1000000, 0.004906586371362209, 0.0912579819560051
5663, 3.2577610650023416, 4, 40.11565670091659, 296, 1609354, 1000000, 0.004859210457652807, 0.09501565247774124
5664, 3.3051585032371804, 4, 40.082948314026, 296, 1609650, 1000000, 0.003918403759598732, 0.0917530283331871
5665, 3.2737624918132724, 4, 40.088175834622234, 296, 1609946, 1000000, 0.004303181078284979, 0.0795888677239418
5666, 3.0794195610505994, 4, 40.0990407881327, 296, 1610242, 1000000, 0.00433089304715395, 0.089003786444664
5667, 3.3603397310507717, 4, 40.079144889023155, 295, 1610537, 1000000, 0.003927011042833328, 0.08936522901058197
5668, 3.3682221571407354, 4, 40.161229270044714, 296, 1610833, 1000000, 0.004249782767146826, 0.0831095278263092
5669, 2.953608671814436, 4, 40.106604197993875, 296, 1611129, 1000000, 0.0043989201076328754, 0.08105199038982391
5670, 3.3149639856419526, 4, 40.12448194483295, 296, 1611425, 1000000, 0.004386532120406628, 0.08689530193805695
5671, 3.2616551613191405, 4, 40.06044113589451, 296, 1611721, 1000000, 0.003910390194505453, 0.07938886433839798
5672, 3.351608709523134, 4, 40.07921474101022, 296, 1612017, 1000000, 0.004049547016620636, 0.09294340014457703
5673, 3.0565579370377236, 4, 40.113974052947015, 296, 1612313, 1000000, 0.00380285014398396, 0.0843232274055481
5674, 3.640732630921775, 4, 40.181742972228676, 297, 1612610, 1000000, 0.0037958831526339054, 0.08488666266202927
5675, 3.622335329978341, 4, 40.18265515100211, 296, 1612906, 1000000, 0.0043867602944374084, 0.08946207165718079
5676, 2.889412350672501, 4, 40.13319709338248, 296, 1613202, 1000000, 0.005267643369734287, 0.07474630326032639
5677, 3.389364555325301, 4, 40.12796410685405, 296, 1613498, 1000000, 0.004288986325263977, 0.09126715362071991
5678, 3.1128270675544627, 4, 40.080163293052465, 294, 1613792, 1000000, 0.004031957592815161, 0.09217578172683716
5679, 3.395195630067974, 4, 40.14054817799479, 296, 1614088, 1000000, 0.0037513100542128086, 0.08307719975709915
5680, 2.9533923541675904, 4, 40.07204994931817, 296, 1614384, 1000000, 0.003989734686911106, 0.0752628967165947
5681, 3.224001703563772, 4, 40.16523899696767, 297, 1614681, 1000000, 0.004436351824551821, 0.091949962079525
5682, 3.2653259472335776, 4, 40.1651987968944, 297, 1614978, 1000000, 0.0036687999963760376, 0.09030360728502274
5683, 3.604358055157718, 4, 40.08023367309943, 296, 1615274, 1000000, 0.0034815946128219366, 0.08122130483388901
5684, 2.983291395971264, 4, 40.18256409326568, 297, 1615571, 1000000, 0.003718695603311062, 0.08454542607069016
5685, 3.4334694782373845, 4, 40.07121813809499, 296, 1615867, 1000000, 0.0041746096685528755, 0.09386139363050461
5686, 3.3948170052517526, 4, 40.209208076354116, 297, 1616164, 1000000, 0.004005997441709042, 0.09294097870588303
5687, 3.324259082219669, 4, 40.07916276296601, 296, 1616460, 1000000, 0.004849689081311226, 0.08604778349399567
5688, 3.773257463363734, 4, 40.08399539813399, 296, 1616756, 1000000, 0.004349990282207727, 0.08109977096319199
5689, 3.4328733373668, 4, 40.09084893902764, 297, 1617053, 1000000, 0.004641394596546888, 0.09323098510503769
5690, 2.8994471977784997, 4, 40.12627781089395, 294, 1617347, 1000000, 0.0040138219483196735, 0.10228623449802399
5691, -1.184239054680802, 4, 40.057800659909844, 298, 1617645, 1000000, 0.004348537418991327, 0.08253282308578491
5692, -0.19661064105366677, 2, 34.960289852228016, 258, 1617903, 1000000, 0.003381336573511362, 0.07963840663433075
5693, 3.7287924477241177, 4, 40.12616711994633, 296, 1618199, 1000000, 0.004595170263200998, 0.09105031192302704
5694, 3.337895968132216, 4, 40.18274598894641, 296, 1618495, 1000000, 0.005287573207169771, 0.09710836410522461
5695, 3.191611937572361, 4, 40.1747532277368, 297, 1618792, 1000000, 0.004610916133970022, 0.07473678141832352
5696, 3.060774561963626, 4, 40.085813365876675, 296, 1619088, 1000000, 0.0038103796541690826, 0.08789552003145218
5697, 3.638662325351106, 4, 40.08136756392196, 296, 1619384, 1000000, 0.004657380748540163, 0.07714660465717316
5698, 3.103918840152801, 4, 40.075202352833, 296, 1619680, 1000000, 0.004399040248245001, 0.08550168573856354
5699, 3.018317759691854, 4, 40.10714221186936, 296, 1619976, 1000000, 0.004388442728668451, 0.09223885089159012
5700, 3.660738146487347, 4, 40.09193256730214, 296, 1620272, 1000000, 0.004260780289769173, 0.07687528431415558
5701, 2.9408171981049236, 4, 40.075106968171895, 295, 1620567, 1000000, 0.005077663343399763, 0.07248599827289581
5702, 3.3700355681830843, 4, 40.193885311018676, 296, 1620863, 1000000, 0.00471559027209878, 0.08652327954769135
5703, 3.456022452641264, 4, 40.12114089727402, 296, 1621159, 1000000, 0.004496721550822258, 0.08448469638824463
5704, -2.967943233670667, 2, 6.546026171185076, 45, 1621204, 1000000, 0.003986855503171682, 0.0849897488951683
5705, 3.822219491816213, 4, 40.05674646375701, 295, 1621499, 1000000, 0.005163668189197779, 0.07941709458827972
5706, 3.1900192257780873, 4, 40.14009898900986, 296, 1621795, 1000000, 0.005164950620383024, 0.0775180459022522
5707, 3.492782846260525, 4, 40.10017119394615, 295, 1622090, 1000000, 0.004758342169225216, 0.06197742372751236
5708, 2.989381101753679, 4, 40.09987075207755, 293, 1622383, 1000000, 0.0041732206009328365, 0.08147574961185455
5709, 3.331166096435936, 4, 40.18159222509712, 293, 1622676, 1000000, 0.004850276280194521, 0.07056932896375656
5710, 3.1843054805285647, 4, 40.19293472589925, 296, 1622972, 1000000, 0.004257917404174805, 0.08045422285795212
5711, 3.544969501275773, 4, 40.07868083100766, 295, 1623267, 1000000, 0.004939481150358915, 0.09158870577812195
5712, 3.8061977107854545, 4, 40.063408602029085, 295, 1623562, 1000000, 0.004649221897125244, 0.08796200156211853
5713, 3.6119882672428503, 4, 40.13328314991668, 295, 1623857, 1000000, 0.004013626836240292, 0.07994241267442703
5714, 2.973715074260326, 4, 40.147667340002954, 293, 1624150, 1000000, 0.0044942316599190235, 0.09421670436859131
5715, 3.5421986649416795, 4, 40.08459966303781, 295, 1624445, 1000000, 0.004223213065415621, 0.08264945447444916
5716, 3.6623168335117953, 4, 40.0917706862092, 293, 1624738, 1000000, 0.004800186958163977, 0.08713889867067337
5717, 2.996313534928049, 4, 40.154042778071016, 296, 1625034, 1000000, 0.003982426133006811, 0.07552821934223175
5718, 3.8879804312709894, 4, 40.1702859159559, 296, 1625330, 1000000, 0.00446353992447257, 0.0795430913567543
5719, 3.470355686156836, 4, 40.145281129051, 295, 1625625, 1000000, 0.00410500168800354, 0.07642114162445068
5720, 3.4508427566761384, 4, 40.108529683202505, 295, 1625920, 1000000, 0.0044270106591284275, 0.08506079763174057
5721, 3.30036990136432, 4, 40.09132020873949, 296, 1626216, 1000000, 0.0040519144386053085, 0.07749318331480026
5722, 3.6116546461125836, 4, 40.16255566291511, 296, 1626512, 1000000, 0.004448138177394867, 0.08383425325155258
5723, 2.4710636055024224, 4, 40.15518760215491, 294, 1626806, 1000000, 0.004486969672143459, 0.07443926483392715
5724, 3.2953722799566094, 4, 40.05721005611122, 295, 1627101, 1000000, 0.004330517258495092, 0.08958803117275238
5725, 3.8304075497726444, 4, 40.131206260062754, 296, 1627397, 1000000, 0.004318749997764826, 0.08485027402639389
5726, 3.288106912283183, 4, 40.09344728523865, 296, 1627693, 1000000, 0.004122588783502579, 0.07851272821426392
5727, 3.7578111130251273, 4, 40.18172820890322, 296, 1627989, 1000000, 0.004880209919065237, 0.08780237287282944
5728, 3.792390626284032, 4, 40.10401853034273, 294, 1628283, 1000000, 0.0042040906846523285, 0.07873497158288956
5729, 3.3315638311413807, 4, 40.08927999576554, 296, 1628579, 1000000, 0.0046745301224291325, 0.0801025852560997
5730, -2.0852260224710335, 4, 40.06672768527642, 297, 1628876, 1000000, 0.00427066208794713, 0.07878454774618149
5731, 3.170614967286383, 4, 40.11298194574192, 296, 1629172, 1000000, 0.004133510868996382, 0.08859594911336899
5732, 3.776831286100787, 4, 40.420301037840545, 298, 1629470, 1000000, 0.0038779089227318764, 0.08806320279836655
5733, 3.7508705430318514, 4, 40.18804360227659, 296, 1629766, 1000000, 0.00470858346670866, 0.07588513940572739
5734, -1.5053743514581583, 4, 40.151516444049776, 298, 1630064, 1000000, 0.004159597679972649, 0.07726893573999405
5735, 3.2237224075215636, 4, 40.18060913402587, 297, 1630361, 1000000, 0.0042846971191465855, 0.07909579575061798
5736, 3.520089662925784, 4, 40.17496890993789, 297, 1630658, 1000000, 0.004208781290799379, 0.07962096482515335
5737, 2.9444122893291933, 4, 40.188538214191794, 296, 1630954, 1000000, 0.0043808226473629475, 0.07309775054454803
5738, 3.477545245242368, 4, 40.16564463591203, 297, 1631251, 1000000, 0.004617179278284311, 0.08018403500318527
5739, 3.138633723006933, 4, 40.18008296191692, 296, 1631547, 1000000, 0.003780868835747242, 0.08695352077484131
5740, 3.305353607289817, 4, 40.10738063789904, 295, 1631842, 1000000, 0.004799212794750929, 0.07558037340641022
5741, 3.693114985491775, 4, 40.16874506184831, 297, 1632139, 1000000, 0.004523094277828932, 0.08128337562084198
5742, 3.7380551485803153, 4, 40.08513868506998, 296, 1632435, 1000000, 0.003542897291481495, 0.07829328626394272
5743, 3.04564209939781, 4, 40.10476801963523, 296, 1632731, 1000000, 0.00498563377186656, 0.06952206790447235
5744, 3.6027408752488554, 4, 40.083307459019125, 296, 1633027, 1000000, 0.004314692225307226, 0.08083678036928177
5745, 3.741158429927964, 4, 40.07487462135032, 296, 1633323, 1000000, 0.004735560622066259, 0.07127823680639267
5746, 3.6377401775098406, 4, 40.11572178080678, 296, 1633619, 1000000, 0.004893891513347626, 0.07126177102327347
5747, 3.42083421406096, 4, 40.09454530477524, 295, 1633914, 1000000, 0.004284820519387722, 0.07803257554769516
5748, 2.880303778052621, 4, 40.07496759481728, 296, 1634210, 1000000, 0.004313442390412092, 0.0867866650223732
5749, 3.5047316172112915, 4, 40.09223828697577, 296, 1634506, 1000000, 0.003973312210291624, 0.0819738358259201
5750, 3.753953350671509, 4, 40.122909841593355, 297, 1634803, 1000000, 0.004358847625553608, 0.07471667975187302
5751, 3.146119351264133, 4, 40.14869667124003, 297, 1635100, 1000000, 0.004138601943850517, 0.07145355641841888
5752, 3.761928625221117, 4, 40.17565417988226, 296, 1635396, 1000000, 0.004889518488198519, 0.0685361847281456
5753, 3.010583007184323, 4, 40.11358081083745, 297, 1635693, 1000000, 0.004535739775747061, 0.08644278347492218
5754, 2.8390567496826407, 4, 40.114497451111674, 296, 1635989, 1000000, 0.004085702355951071, 0.08358058333396912
5755, 3.311164148723037, 4, 40.14954762812704, 295, 1636284, 1000000, 0.004749863874167204, 0.072247214615345
5756, 3.71148181993658, 4, 40.17595451278612, 296, 1636580, 1000000, 0.0038984501734375954, 0.08436419069766998
5757, 3.6689504661644605, 4, 40.18579633999616, 296, 1636876, 1000000, 0.004669886082410812, 0.06782634556293488
5758, 3.743952670956787, 4, 40.071537083014846, 296, 1637172, 1000000, 0.004836736712604761, 0.07729188352823257
5759, 0.10299366877006833, 2, 30.199064910877496, 222, 1637394, 1000000, 0.00451896246522665, 0.0851205363869667
5760, 3.002179697545216, 4, 40.07714039599523, 293, 1637687, 1000000, 0.004131373018026352, 0.07792160660028458
5761, 3.054281390459437, 4, 40.17975317966193, 297, 1637984, 1000000, 0.0045928992331027985, 0.06927050650119781
5762, 3.1345366132427444, 4, 40.075727973133326, 296, 1638280, 1000000, 0.0038531788159161806, 0.08548882603645325
5763, 3.452918900113218, 4, 40.07442186307162, 296, 1638576, 1000000, 0.004042819142341614, 0.07637394219636917
5764, 3.2869316240368107, 4, 40.14761681621894, 296, 1638872, 1000000, 0.004367232322692871, 0.08227024227380753
5765, 3.6274631395226606, 4, 40.05251697078347, 296, 1639168, 1000000, 0.00461866520345211, 0.08413714915513992
5766, 3.7943186902462003, 4, 40.099166442174464, 295, 1639463, 1000000, 0.004588324110955, 0.09077682346105576
5767, 3.910021201385007, 4, 40.19708288600668, 297, 1639760, 1000000, 0.004158237483352423, 0.08909822255373001
5768, 3.462887003457581, 4, 40.105279309209436, 295, 1640055, 1000000, 0.004139821045100689, 0.08731146156787872
5769, 3.2796417441986705, 4, 40.063924193847924, 296, 1640351, 1000000, 0.005468331277370453, 0.08216822147369385
5770, 3.1676200853164573, 4, 40.135324366856366, 296, 1640647, 1000000, 0.004104904364794493, 0.09126058965921402
5771, 3.566878983125207, 4, 40.166528915055096, 296, 1640943, 1000000, 0.004085373133420944, 0.09100021421909332
5772, 3.627282037443365, 4, 40.07722862623632, 296, 1641239, 1000000, 0.004587838426232338, 0.08197430521249771
5773, 3.6776488383293326, 4, 40.09681408293545, 296, 1641535, 1000000, 0.004906524904072285, 0.09024369716644287
5774, 3.6399514457734767, 4, 40.089955154340714, 293, 1641828, 1000000, 0.004050344228744507, 0.07901692390441895
5775, 3.825727753366664, 4, 40.120110815390944, 296, 1642124, 1000000, 0.004472005181014538, 0.08342670649290085
5776, 3.061146590174758, 4, 40.1154381018132, 296, 1642420, 1000000, 0.004379324149340391, 0.07849190384149551
5777, 3.253185862671671, 4, 40.17714976100251, 296, 1642716, 1000000, 0.004234880208969116, 0.07435858994722366
5778, 3.1815486728792166, 4, 40.13133991230279, 296, 1643012, 1000000, 0.0036407841835170984, 0.07792560756206512
5779, 3.363051048190755, 4, 40.13857883634046, 297, 1643309, 1000000, 0.004678553435951471, 0.07745286077260971
5780, 3.300757250132847, 4, 40.18735184520483, 296, 1643605, 1000000, 0.004342537373304367, 0.06864248216152191
5781, 3.8341224351825076, 4, 40.16369694378227, 296, 1643901, 1000000, 0.004229574464261532, 0.07660667598247528
5782, 3.5216201174134767, 4, 40.48167613800615, 299, 1644200, 1000000, 0.004019512329250574, 0.07517723739147186
5783, 3.0035992418652313, 4, 40.165766010060906, 296, 1644496, 1000000, 0.004088977351784706, 0.07808477431535721
5784, 3.6684985915699144, 4, 40.104403757024556, 295, 1644791, 1000000, 0.004030195530503988, 0.08044180274009705
5785, 3.640160169484716, 4, 40.109488484915346, 295, 1645086, 1000000, 0.004129453096538782, 0.08186455070972443
5786, 3.451476033731524, 4, 40.158469687681645, 296, 1645382, 1000000, 0.004325557500123978, 0.07404495775699615
5787, 3.7509343125202577, 4, 40.16494382079691, 297, 1645679, 1000000, 0.004183926619589329, 0.08364973217248917
5788, 3.1815592133943937, 4, 40.15187185117975, 296, 1645975, 1000000, 0.003677647328004241, 0.075703464448452
5789, 2.9631741620905814, 4, 40.148139006923884, 296, 1646271, 1000000, 0.004435922484844923, 0.0759681910276413
5790, 3.6269129748234263, 4, 40.16294598020613, 297, 1646568, 1000000, 0.004347982816398144, 0.07740224152803421
5791, 3.333106957216586, 4, 40.08379176585004, 296, 1646864, 1000000, 0.004452514462172985, 0.07199470698833466
5792, 3.4903282291197684, 4, 40.06041223090142, 296, 1647160, 1000000, 0.0046666404232382774, 0.0869431272149086
5793, 3.2764169024003422, 4, 40.08126331213862, 296, 1647456, 1000000, 0.004373133648186922, 0.08846786618232727
5794, 3.8690225812460994, 4, 40.15760342683643, 297, 1647753, 1000000, 0.0033371031749993563, 0.08108164370059967
5795, 3.5912132654630113, 4, 40.10387597512454, 296, 1648049, 1000000, 0.003710283664986491, 0.08318834751844406
5796, 2.8655360196607944, 4, 40.071186147630215, 295, 1648344, 1000000, 0.0035496102645993233, 0.08362014591693878
5797, 3.300448603105906, 4, 40.07876906497404, 296, 1648640, 1000000, 0.004161569755524397, 0.0706491768360138
5798, 3.2485648029341974, 4, 40.08853351697326, 296, 1648936, 1000000, 0.004231706261634827, 0.07768404483795166
5799, 3.530291820935645, 4, 40.130173987243325, 296, 1649232, 1000000, 0.00472864368930459, 0.08671700209379196
5800, 3.190635570748327, 4, 40.06021953932941, 295, 1649527, 1000000, 0.004448421765118837, 0.05843783915042877
5801, 3.488679080954171, 4, 40.085481733083725, 295, 1649822, 1000000, 0.003771546296775341, 0.07851512730121613
5802, 3.2256451581270085, 4, 40.16834260895848, 296, 1650118, 1000000, 0.0039892946369946, 0.0848899707198143
5803, 3.309222582690836, 4, 40.084574952255934, 294, 1650412, 1000000, 0.004047046415507793, 0.08109130710363388
5804, 3.289269471737498, 4, 40.13711732625961, 296, 1650708, 1000000, 0.0037873508408665657, 0.07493599504232407
5805, 3.13545718111709, 4, 40.09591133426875, 295, 1651003, 1000000, 0.0040349108166992664, 0.07139896601438522
5806, 3.414828836954257, 4, 40.112148775719106, 295, 1651298, 1000000, 0.004962949547916651, 0.06719429790973663
5807, 3.7372857089812896, 4, 40.16552379401401, 295, 1651593, 1000000, 0.004361069295555353, 0.07274643331766129
5808, 3.4533229517928703, 4, 40.12518152594566, 296, 1651889, 1000000, 0.004254003055393696, 0.054530300199985504
5809, 3.472754668124253, 4, 40.1443908829242, 295, 1652184, 1000000, 0.0045552984811365604, 0.07517815381288528
5810, 3.1548738937162852, 4, 40.15784987900406, 296, 1652480, 1000000, 0.0038806525990366936, 0.0761590227484703
5811, 3.5115727559032166, 4, 40.130692854058, 296, 1652776, 1000000, 0.003575763897970319, 0.07241237163543701
5812, 3.5916547508595613, 4, 40.159277997910976, 296, 1653072, 1000000, 0.003833085997030139, 0.07325568795204163
5813, 2.8814653396693757, 4, 40.116201747674495, 295, 1653367, 1000000, 0.003929434344172478, 0.07187990099191666
5814, 3.0545665851823287, 4, 40.12187237478793, 296, 1653663, 1000000, 0.004207442980259657, 0.08130419254302979
5815, 3.397571849292717, 4, 40.10153787676245, 295, 1653958, 1000000, 0.004351722542196512, 0.07960648834705353
5816, 2.972544045005634, 4, 40.18459608219564, 296, 1654254, 1000000, 0.0034510144032537937, 0.07009431719779968
5817, 3.350735494765104, 4, 40.14111531106755, 296, 1654550, 1000000, 0.0036806364078074694, 0.05792926996946335
5818, 3.0809422821002954, 4, 40.12648110417649, 295, 1654845, 1000000, 0.0037563832011073828, 0.07408717274665833
5819, 3.1121331322792685, 4, 40.162713380064815, 296, 1655141, 1000000, 0.0039969636127352715, 0.08148335665464401
5820, 3.4490346253060125, 4, 40.13064369466156, 296, 1655437, 1000000, 0.0038852039724588394, 0.06832098960876465
5821, 2.9638219354164903, 4, 40.10239268373698, 296, 1655733, 1000000, 0.004364001099020243, 0.07177882641553879
5822, 3.08749046913578, 4, 40.12349828192964, 296, 1656029, 1000000, 0.003732095705345273, 0.06945312023162842
5823, 2.830465320359963, 4, 40.17266632290557, 296, 1656325, 1000000, 0.004147570114582777, 0.05978182703256607
5824, 3.957106380512414, 4, 40.12720779096708, 295, 1656620, 1000000, 0.004791684914380312, 0.06743757426738739
5825, 2.8846722302569106, 4, 40.08227460319176, 295, 1656915, 1000000, 0.00396299734711647, 0.06173400208353996
5826, 3.0618552481329004, 4, 40.14232848258689, 295, 1657210, 1000000, 0.004217598587274551, 0.0708998441696167
5827, -2.9916509146714816, 2, 11.825228658039123, 85, 1657295, 1000000, 0.0037848216015845537, 0.05604293942451477
5828, -0.5182394395815209, 2, 39.72712364885956, 292, 1657587, 1000000, 0.003813858376815915, 0.0746656283736229
5829, 3.0554864958685357, 4, 40.1737149679102, 297, 1657884, 1000000, 0.0045349327847361565, 0.06853200495243073
5830, 3.084827367012622, 4, 40.12390471575782, 296, 1658180, 1000000, 0.00364895723760128, 0.07615388184785843
5831, 3.8034654678194784, 4, 40.10497030010447, 295, 1658475, 1000000, 0.004606687929481268, 0.07966623455286026
5832, 3.118884988311038, 4, 40.153365354985, 294, 1658769, 1000000, 0.004285769071429968, 0.07739849388599396
5833, 3.7707691659215925, 4, 40.17116781510413, 296, 1659065, 1000000, 0.004384131636470556, 0.07352074980735779
5834, 2.8962064347615524, 4, 40.121097423136234, 295, 1659360, 1000000, 0.004575253929942846, 0.0703326165676117
5835, 3.187117032642732, 4, 40.11164130829275, 295, 1659655, 1000000, 0.003980510868132114, 0.07605794072151184
5836, 2.8407965515452815, 4, 40.124784661922604, 296, 1659951, 1000000, 0.0043578436598181725, 0.08367334306240082
5837, 3.1104916884223712, 4, 40.141404814086854, 297, 1660248, 1000000, 0.00390642462298274, 0.07231176644563675
5838, 3.404923118539955, 4, 40.17861476400867, 296, 1660544, 1000000, 0.004253507591784, 0.06427858024835587
5839, 3.072252439922522, 4, 40.203771635424346, 296, 1660840, 1000000, 0.0051034241914749146, 0.07475025206804276
5840, 3.418865450225894, 4, 40.07237556669861, 296, 1661136, 1000000, 0.004764754790812731, 0.07474809885025024
5841, 3.8250700739336025, 4, 40.16641930816695, 296, 1661432, 1000000, 0.004486663732677698, 0.07426174730062485
5842, 3.559646819408954, 4, 40.13329612696543, 296, 1661728, 1000000, 0.0045584277249872684, 0.07683899998664856
5843, 3.2722485052895536, 4, 40.17030993709341, 297, 1662025, 1000000, 0.0038141224067658186, 0.06975450366735458
5844, 2.7497184237590773, 4, 40.11076869489625, 296, 1662321, 1000000, 0.004351208917796612, 0.06154661625623703
5845, 3.937489941768945, 4, 40.126909234095365, 296, 1662617, 1000000, 0.004632988013327122, 0.07682490348815918
5846, 3.7103313043917296, 4, 40.10915476689115, 296, 1662913, 1000000, 0.0046867444179952145, 0.06863939762115479
5847, 3.1404457700591593, 4, 40.08189671393484, 296, 1663209, 1000000, 0.004509610589593649, 0.08956588804721832
5848, 3.4164818214012485, 4, 40.15829006116837, 296, 1663505, 1000000, 0.004172600340098143, 0.07475725561380386
5849, 3.507152138010497, 4, 40.11700052395463, 295, 1663800, 1000000, 0.003916894551366568, 0.08143306523561478
5850, 2.959804715827886, 4, 40.06675461633131, 295, 1664095, 1000000, 0.003513723611831665, 0.0687704086303711
5851, 3.03562265460846, 4, 40.127304969355464, 296, 1664391, 1000000, 0.0041674296371638775, 0.07623268663883209
5852, 3.1205533210249996, 4, 40.209920559078455, 297, 1664688, 1000000, 0.005090027581900358, 0.08010818064212799
5853, 3.6172542527529004, 4, 40.202997306361794, 296, 1664984, 1000000, 0.003643396310508251, 0.05606178939342499
5854, 2.7459112603937683, 4, 40.12061866512522, 296, 1665280, 1000000, 0.00449718814343214, 0.08006737381219864
5855, 3.78095591865349, 4, 40.11287336796522, 296, 1665576, 1000000, 0.004320503678172827, 0.07802684605121613
5856, 3.395456242123146, 4, 40.08973481087014, 296, 1665872, 1000000, 0.00463983416557312, 0.06152918562293053
5857, -2.0079000677214935, 2, 10.579801233951002, 75, 1665947, 1000000, 0.005917360540479422, 0.067102812230587
5858, 3.3982640380136218, 4, 40.18529648333788, 297, 1666244, 1000000, 0.0045178597792983055, 0.06705072522163391
5859, 3.074233496832562, 4, 40.11948286322877, 295, 1666539, 1000000, 0.004534987732768059, 0.08012471348047256
5860, 2.8721935749312024, 4, 40.06849709711969, 296, 1666835, 1000000, 0.004045093897730112, 0.0629720613360405
5861, 2.309576607629424, 4, 40.096376889850944, 295, 1667130, 1000000, 0.004029843956232071, 0.0668993592262268
5862, -2.8985855419450672, 2, 16.48169688368216, 119, 1667249, 1000000, 0.004325713496655226, 0.06855796277523041
5863, 2.9191236116130312, 4, 40.13739314302802, 296, 1667545, 1000000, 0.004268250428140163, 0.06947451829910278
5864, 3.362805684897012, 4, 40.133683218155056, 295, 1667840, 1000000, 0.00398722430691123, 0.0665300041437149
5865, 3.3118944290943304, 4, 40.13948211213574, 296, 1668136, 1000000, 0.003726294729858637, 0.0826806128025055
5866, 3.2952197515314765, 4, 40.09090502792969, 296, 1668432, 1000000, 0.004716131370514631, 0.08173877000808716
5867, 3.5853424149099737, 4, 40.08807440800592, 296, 1668728, 1000000, 0.004173766355961561, 0.06909233331680298
5868, 3.356008882394235, 4, 40.133863975759596, 296, 1669024, 1000000, 0.0048887236043810844, 0.064959317445755
5869, 3.4179529511457076, 4, 40.12998879700899, 296, 1669320, 1000000, 0.004263600334525108, 0.0713893324136734
5870, 3.682314629011671, 4, 40.18455962790176, 296, 1669616, 1000000, 0.004677407443523407, 0.07187823206186295
5871, 3.2431684511193453, 4, 40.13200377020985, 295, 1669911, 1000000, 0.003932964988052845, 0.07237692922353745
5872, 3.5244561176186835, 4, 40.18708457797766, 294, 1670205, 1000000, 0.003827135544270277, 0.0910210907459259
5873, 3.6418477267179696, 4, 40.14107192400843, 296, 1670501, 1000000, 0.004208913538604975, 0.0647776871919632
5874, 2.939393675818792, 4, 40.1264927489683, 296, 1670797, 1000000, 0.0041849068365991116, 0.06877533346414566
5875, 3.517099731876442, 4, 40.483666699845344, 299, 1671096, 1000000, 0.004441584926098585, 0.07892826944589615
5876, 4.043775186793937, 4, 40.161642195191234, 296, 1671392, 1000000, 0.003883552737534046, 0.07376489788293839
5877, 3.452023255187669, 4, 40.18775468412787, 296, 1671688, 1000000, 0.0049036359414458275, 0.06583360582590103
5878, 3.9755951741635727, 4, 40.07777668489143, 296, 1671984, 1000000, 0.004502992145717144, 0.07579600811004639
5879, -0.37997953341709945, 2, 32.45713083865121, 239, 1672223, 1000000, 0.004749693907797337, 0.07483901083469391
5880, 3.747769948633504, 4, 40.18882007198408, 297, 1672520, 1000000, 0.004183363635092974, 0.0698562040925026
5881, 3.738417633476274, 4, 40.064393741078675, 296, 1672816, 1000000, 0.0036404584534466267, 0.06822170317173004
5882, 3.1731531887744495, 4, 40.176690531894565, 296, 1673112, 1000000, 0.004031016957014799, 0.07825678586959839
5883, 3.089975970122225, 4, 40.20817482005805, 297, 1673409, 1000000, 0.004194712731987238, 0.06508181244134903
5884, 3.620069917738874, 4, 40.165481300093234, 296, 1673705, 1000000, 0.004116841126233339, 0.07352408021688461
5885, 3.4640397534890326, 4, 40.15389366215095, 294, 1673999, 1000000, 0.0037970487028360367, 0.0695435181260109
5886, 3.470338927643752, 4, 40.1182209989056, 295, 1674294, 1000000, 0.004195910878479481, 0.06321299076080322
5887, 2.89149544546126, 4, 40.04936828883365, 295, 1674589, 1000000, 0.004376678727567196, 0.06489617377519608
5888, 3.3865710924760606, 4, 40.09147112490609, 296, 1674885, 1000000, 0.0039726062677800655, 0.07968523353338242
5889, 3.244503659023394, 4, 40.16466213623062, 296, 1675181, 1000000, 0.005033555440604687, 0.06152886897325516
5890, 3.5458012134149612, 4, 40.15998753299937, 293, 1675474, 1000000, 0.004190055653452873, 0.07433780282735825
5891, 3.6464953787590275, 4, 40.15532106999308, 297, 1675771, 1000000, 0.004420126788318157, 0.06954790651798248
5892, 2.8305154603331175, 4, 40.5021597687155, 298, 1676069, 1000000, 0.004261491820216179, 0.06903927773237228
5893, 3.571130581725356, 4, 40.38506800401956, 298, 1676367, 1000000, 0.004443379584699869, 0.08746250718832016
5894, 2.8942843877448468, 4, 40.18885088711977, 296, 1676663, 1000000, 0.004478973336517811, 0.07036655396223068
5895, 3.545895041228505, 4, 40.13764476496726, 296, 1676959, 1000000, 0.0036461285781115294, 0.06873409450054169
5896, 3.322222285069074, 4, 40.141696746926755, 295, 1677254, 1000000, 0.00385359232313931, 0.06577790528535843
5897, 3.055650381546002, 4, 40.102315628901124, 296, 1677550, 1000000, 0.004820982925593853, 0.05492321401834488
5898, 3.734110415643954, 4, 40.11638964479789, 296, 1677846, 1000000, 0.004898059647530317, 0.07326806336641312
5899, 3.854938097889317, 4, 40.13502171402797, 296, 1678142, 1000000, 0.0038814865984022617, 0.06523028016090393
5900, 3.2447945077510667, 4, 40.19612210104242, 296, 1678438, 1000000, 0.004520260263234377, 0.07617082446813583
5901, 3.0736762190967966, 4, 40.05960517982021, 295, 1678733, 1000000, 0.004302366636693478, 0.07892192155122757
5902, 3.4994779144872155, 4, 40.13245746586472, 295, 1679028, 1000000, 0.004313372075557709, 0.06587094813585281
5903, 3.2324201802512107, 4, 40.126535300165415, 296, 1679324, 1000000, 0.004280975554138422, 0.06903530657291412
5904, 3.6574518596983125, 4, 40.130387980956584, 296, 1679620, 1000000, 0.004231743980199099, 0.06993095576763153
5905, 3.5110271901976375, 4, 40.17670221906155, 296, 1679916, 1000000, 0.004227686673402786, 0.07787515968084335
5906, 3.671172043601473, 4, 40.094797072932124, 296, 1680212, 1000000, 0.00422975979745388, 0.06891107559204102
5907, 3.5684549166981014, 4, 40.08920595375821, 296, 1680508, 1000000, 0.0040130955167114735, 0.07455641776323318
5908, 3.4711146743738936, 4, 40.17937367968261, 296, 1680804, 1000000, 0.004595725331455469, 0.06114724650979042
5909, 3.5716647663539334, 4, 40.061967494897544, 293, 1681097, 1000000, 0.004091164097189903, 0.06516074389219284
5910, 4.023098059379663, 4, 40.192193117924035, 296, 1681393, 1000000, 0.004494811873883009, 0.07263121008872986
5911, 3.0119157715698748, 4, 40.08097262401134, 295, 1681688, 1000000, 0.004708257503807545, 0.07061368972063065
5912, 3.1279107247628417, 4, 40.07577825617045, 296, 1681984, 1000000, 0.0038016317412257195, 0.08475513756275177
5913, 3.0203990203190187, 4, 40.17169616976753, 296, 1682280, 1000000, 0.004690821282565594, 0.07220258563756943
5914, 3.161693040071441, 4, 40.181842364836484, 296, 1682576, 1000000, 0.004200315568596125, 0.0590582974255085
5915, 3.559780031275295, 4, 40.15781794209033, 295, 1682871, 1000000, 0.0038470765575766563, 0.07509087771177292
5916, 3.5767157267000584, 4, 40.129367119167, 296, 1683167, 1000000, 0.004481737967580557, 0.06626884639263153
5917, 2.50613326606981, 4, 40.160685393959284, 296, 1683463, 1000000, 0.0035431450232863426, 0.07652109861373901
5918, 3.1517795502550143, 4, 40.16012470424175, 296, 1683759, 1000000, 0.004454236011952162, 0.0740346759557724
5919, 2.983360230082326, 4, 40.08329303236678, 296, 1684055, 1000000, 0.003577390220016241, 0.07537181675434113
5920, 3.3232212255028344, 4, 40.089558536186814, 295, 1684350, 1000000, 0.003969384822994471, 0.07117214053869247
5921, 3.7170500398410695, 4, 40.128259933087975, 297, 1684647, 1000000, 0.004352009855210781, 0.06772161275148392
5922, 3.7421514427942384, 4, 40.107788612134755, 295, 1684942, 1000000, 0.003952228929847479, 0.05857719108462334
5923, 3.4905583562103857, 4, 40.144202414900064, 295, 1685237, 1000000, 0.003689531935378909, 0.06504654884338379
5924, 3.4689220130367175, 4, 40.154275781009346, 296, 1685533, 1000000, 0.0036205314099788666, 0.07699194550514221
5925, 3.0445618004955577, 4, 40.20448852982372, 297, 1685830, 1000000, 0.004247309640049934, 0.06678631901741028
5926, 3.0355187214913713, 4, 40.15496065374464, 296, 1686126, 1000000, 0.004301436711102724, 0.06723576039075851
5927, 3.0111304573529196, 4, 40.158821740653366, 296, 1686422, 1000000, 0.004331096075475216, 0.06584659218788147
5928, 2.208052515361487, 4, 40.102770877070725, 296, 1686718, 1000000, 0.004727584309875965, 0.07040693610906601
5929, 3.726937222199922, 4, 40.110726159997284, 296, 1687014, 1000000, 0.004175555892288685, 0.07564526796340942
5930, 3.58046160509366, 4, 40.15053276717663, 296, 1687310, 1000000, 0.004320909269154072, 0.07731709629297256
5931, 3.707868866469653, 4, 40.11930057266727, 293, 1687603, 1000000, 0.004164338577538729, 0.06820228695869446
5932, 3.267920340911587, 4, 40.08705102559179, 295, 1687898, 1000000, 0.0037238840013742447, 0.06979919970035553
5933, 3.031390029367685, 4, 40.18594429315999, 296, 1688194, 1000000, 0.0044798641465604305, 0.07688026875257492
5934, 3.3715937843326174, 4, 40.156034965999424, 296, 1688490, 1000000, 0.0038731899112462997, 0.06369049102067947
5935, 3.1538030972587876, 4, 40.11922515928745, 295, 1688785, 1000000, 0.004197611473500729, 0.0705118477344513
5936, 3.419091906394897, 4, 40.10204906575382, 296, 1689081, 1000000, 0.0043351068161427975, 0.05405046045780182
5937, 2.956567812580033, 4, 40.196505072992295, 296, 1689377, 1000000, 0.003744390793144703, 0.07272863388061523
5938, 3.7922724437385114, 4, 40.08656467869878, 293, 1689670, 1000000, 0.003946376498788595, 0.07199634611606598
5939, 3.1273217152502184, 4, 40.174222870729864, 297, 1689967, 1000000, 0.004229280166327953, 0.061304971575737
5940, 3.271588478080048, 4, 40.10864390200004, 295, 1690262, 1000000, 0.004274454899132252, 0.07225029170513153
5941, 3.860752698583383, 4, 40.15437449607998, 296, 1690558, 1000000, 0.004227815195918083, 0.06331097334623337
5942, 3.3958548695154605, 4, 40.125114717986435, 296, 1690854, 1000000, 0.0037619753275066614, 0.06217723339796066
5943, 3.7690899460126275, 4, 40.17775670206174, 296, 1691150, 1000000, 0.004545101895928383, 0.08099706470966339
5944, 3.797364426876811, 4, 40.137411694042385, 295, 1691445, 1000000, 0.004417321644723415, 0.06668313592672348
5945, 3.5420725485946605, 4, 40.12619548710063, 295, 1691740, 1000000, 0.003869342850521207, 0.06218581274151802
5946, 3.7560538378106685, 4, 40.19148231064901, 297, 1692037, 1000000, 0.005166342947632074, 0.07144832611083984
5947, 2.4895399625133905, 4, 40.197570223361254, 296, 1692333, 1000000, 0.004022533539682627, 0.0680331364274025
5948, 3.6439120449358597, 4, 40.171745950356126, 296, 1692629, 1000000, 0.0042481436394155025, 0.07533193379640579
5949, 3.190400805164245, 4, 40.16740756900981, 293, 1692922, 1000000, 0.0039246645756065845, 0.052614953368902206
5950, 3.2037810092183463, 4, 40.18358267797157, 296, 1693218, 1000000, 0.0040001897141337395, 0.07810552418231964
5951, 3.6086995017394656, 4, 40.074795386288315, 296, 1693514, 1000000, 0.003647398669272661, 0.06338862329721451
5952, 3.7142344077274174, 4, 40.497439122758806, 298, 1693812, 1000000, 0.0036378095392137766, 0.06493833661079407
5953, 3.396061317243948, 4, 40.1594708818011, 295, 1694107, 1000000, 0.0038833976723253727, 0.07499656081199646
5954, 3.2871838144983485, 4, 40.12523676967248, 294, 1694401, 1000000, 0.0035355917643755674, 0.07143058627843857
5955, 3.5172553053416777, 4, 40.0664512142539, 296, 1694697, 1000000, 0.004122284706681967, 0.07392632216215134
5956, 2.644650924448797, 4, 40.15480621904135, 296, 1694993, 1000000, 0.004510880447924137, 0.06273974478244781
5957, 3.797818209282923, 4, 40.17613738775253, 295, 1695288, 1000000, 0.004572265315800905, 0.06262493133544922
5958, 2.98305087882909, 4, 40.09548915317282, 295, 1695583, 1000000, 0.0038045095279812813, 0.059823859483003616
5959, 3.3939785074113615, 4, 40.10382257215679, 295, 1695878, 1000000, 0.004180573392659426, 0.05703525245189667
5960, 3.3747996692127344, 4, 40.077762194909155, 295, 1696173, 1000000, 0.004061730578541756, 0.06513219326734543
5961, -0.03850452080951072, 2, 25.52807154133916, 187, 1696360, 1000000, 0.004013710655272007, 0.0658038780093193
5962, 2.8138255017347547, 4, 40.16015596408397, 297, 1696657, 1000000, 0.004532009828835726, 0.07764828205108643
5963, 3.6850761314599367, 4, 40.094517703168094, 295, 1696952, 1000000, 0.004223631229251623, 0.06629059463739395
5964, 3.6706907763391428, 4, 40.12768610706553, 295, 1697247, 1000000, 0.0038065300323069096, 0.07520850747823715
5965, 3.6552106810049736, 4, 40.12582394015044, 293, 1697540, 1000000, 0.004101708065718412, 0.05887308344244957
5966, 3.841372349223093, 4, 40.065670281648636, 295, 1697835, 1000000, 0.0043028006330132484, 0.07647903263568878
5967, 3.4251266077990294, 4, 40.16271113278344, 296, 1698131, 1000000, 0.003334679175168276, 0.07402672618627548
5968, 2.7250171881669303, 4, 40.17713101487607, 296, 1698427, 1000000, 0.0034974105656147003, 0.0693579763174057
5969, 3.1728732554402086, 4, 40.099387507885695, 295, 1698722, 1000000, 0.00407929765060544, 0.07950681447982788
5970, 3.693539661278919, 4, 40.07179479999468, 296, 1699018, 1000000, 0.0039777979254722595, 0.06846610456705093
5971, 3.232685350398242, 4, 40.11992745893076, 296, 1699314, 1000000, 0.0037695185746997595, 0.06699220836162567
5972, 3.0663616698020633, 4, 40.06153604015708, 296, 1699610, 1000000, 0.003996082115918398, 0.07415149360895157
5973, 3.096049668168689, 4, 40.10792777594179, 293, 1699903, 1000000, 0.004417514428496361, 0.06625054031610489
5974, 3.2557972667883632, 4, 40.13818835793063, 296, 1700199, 1000000, 0.004294632468372583, 0.06663117557764053
5975, 3.3911622635423555, 4, 40.18495128583163, 296, 1700495, 1000000, 0.0038912510499358177, 0.05872393399477005
5976, 0.0006876327797726844, 4, 40.06205864716321, 296, 1700791, 1000000, 0.003837394993752241, 0.07555985450744629
5977, 3.057432731926383, 4, 40.09241016302258, 295, 1701086, 1000000, 0.0043830908834934235, 0.06736952811479568
5978, 2.611453587120195, 4, 40.17636264441535, 296, 1701382, 1000000, 0.0041591511107981205, 0.05066784843802452
5979, 3.7314597052172758, 4, 40.08702212385833, 296, 1701678, 1000000, 0.00371363153681159, 0.06864601373672485
5980, 2.7801543644454796, 4, 40.114101219922304, 295, 1701973, 1000000, 0.003735553240403533, 0.06567950546741486
5981, 3.1814886797583313, 4, 40.06028217310086, 296, 1702269, 1000000, 0.004607577342540026, 0.06750883907079697
5982, 3.3951388617424527, 4, 40.114662017673254, 295, 1702564, 1000000, 0.004113415721803904, 0.0601959303021431
5983, 3.64301359638921, 4, 40.11989941308275, 295, 1702859, 1000000, 0.004619188606739044, 0.06650060415267944
5984, 3.6986619664967293, 4, 40.094983709044755, 294, 1703153, 1000000, 0.004608802031725645, 0.07433471083641052
5985, 3.202792023315851, 4, 40.11168761178851, 295, 1703448, 1000000, 0.004263656213879585, 0.06375689804553986
5986, 3.1163807838497632, 4, 40.14877207111567, 296, 1703744, 1000000, 0.003670281730592251, 0.07576825469732285
5987, 3.350658583759923, 4, 40.08242698805407, 295, 1704039, 1000000, 0.004319602157920599, 0.06561441719532013
5988, 3.3075623895001627, 4, 40.148115335963666, 296, 1704335, 1000000, 0.003797052660956979, 0.0726882591843605
5989, 3.445639743578795, 4, 40.10340554872528, 296, 1704631, 1000000, 0.004178944975137711, 0.056526388972997665
5990, 3.325560573113762, 4, 40.088262177072465, 295, 1704926, 1000000, 0.004092043731361628, 0.06751329451799393
5991, 2.8613482814107556, 4, 40.07245790679008, 296, 1705222, 1000000, 0.004157379735261202, 0.06804617494344711
5992, 3.1476758183434868, 4, 40.07845218013972, 296, 1705518, 1000000, 0.003685479983687401, 0.06867966800928116
5993, 3.4024185527632653, 4, 40.172119981143624, 296, 1705814, 1000000, 0.004621345549821854, 0.058736640959978104
5994, -3.220060676569119, 2, 8.346188640221953, 58, 1705872, 1000000, 0.004279072396457195, 0.0626644715666771
5995, -0.8047665799749666, 2, 31.93063649814576, 233, 1706105, 1000000, 0.004403501749038696, 0.06427334249019623
5996, -3.1741257670801133, 2, 5.488168664742261, 37, 1706142, 1000000, 0.003327420214191079, 0.08575170487165451
5997, 3.8525771999052267, 4, 40.132068396080285, 296, 1706438, 1000000, 0.003907468635588884, 0.06006492301821709
5998, 3.591287647464924, 4, 40.13587312493473, 296, 1706734, 1000000, 0.0039155082777142525, 0.053410254418849945
5999, 3.0821246943505685, 4, 40.15278697293252, 296, 1707030, 1000000, 0.004202629905194044, 0.06737952679395676
6000, 3.506582143394553, 4, 40.13030564971268, 296, 1707326, 1000000, 0.003830905305221677, 0.07009366899728775
6001, 3.6856392725985643, 4, 40.17301065893844, 296, 1707622, 1000000, 0.004030162002891302, 0.0730649009346962
6002, 3.85231974371618, 4, 40.088988692034036, 296, 1707918, 1000000, 0.004538991488516331, 0.07207842171192169
6003, 3.6983903590280534, 4, 40.12712670536712, 296, 1708214, 1000000, 0.004511179868131876, 0.06882584095001221
6004, 3.5401165664843575, 4, 40.111059912946075, 295, 1708509, 1000000, 0.0037489370442926884, 0.08151834458112717
6005, -1.0992281959145203, 2, 38.79657348385081, 283, 1708792, 1000000, 0.003950196318328381, 0.07070574909448624
6006, 3.2854144014781923, 4, 40.10159777011722, 295, 1709087, 1000000, 0.004464810714125633, 0.07256031036376953
6007, 3.823359562564292, 4, 40.117094703018665, 295, 1709382, 1000000, 0.0036082493606954813, 0.07226325571537018
6008, 3.1625475846421978, 4, 40.07302134670317, 296, 1709678, 1000000, 0.0037594945169985294, 0.06265463680028915
6009, 2.976141809129331, 4, 40.0717591419816, 295, 1709973, 1000000, 0.004165297374129295, 0.06273495405912399
6010, 2.94180477869304, 4, 40.12937639886513, 296, 1710269, 1000000, 0.003649571444839239, 0.05223901942372322
6011, 3.709589631167546, 4, 40.14198051812127, 293, 1710562, 1000000, 0.004217010457068682, 0.05754581466317177
6012, 3.8142502173868706, 4, 40.06508749211207, 295, 1710857, 1000000, 0.004120038356631994, 0.061844952404499054
6013, 3.4295491088141716, 4, 40.11058111023158, 296, 1711153, 1000000, 0.003946082200855017, 0.060895662754774094
6014, 3.511095725139967, 4, 40.17171696620062, 296, 1711449, 1000000, 0.0036913654766976833, 0.06504479795694351
6015, 3.9981267630300863, 4, 40.13501013210043, 296, 1711745, 1000000, 0.004127425141632557, 0.06412868201732635
6016, 3.585659327745816, 4, 40.13018221920356, 295, 1712040, 1000000, 0.0035244720056653023, 0.06423872709274292
6017, 3.111118517092109, 4, 40.09713499201462, 295, 1712335, 1000000, 0.0042693899013102055, 0.06403306871652603
6018, 3.6857448260761885, 4, 40.11214548908174, 295, 1712630, 1000000, 0.0041312831453979015, 0.05357380956411362
6019, 3.166641065668955, 4, 40.07168054766953, 295, 1712925, 1000000, 0.004573895130306482, 0.07344379276037216
6020, 3.8350953296921944, 4, 40.13108288124204, 296, 1713221, 1000000, 0.004444526042789221, 0.06550165265798569
6021, 3.557072875821177, 4, 40.10789158102125, 297, 1713518, 1000000, 0.00463284645229578, 0.06028879061341286
6022, 2.810347414775606, 4, 40.066327835898846, 296, 1713814, 1000000, 0.003929316997528076, 0.0722903311252594
6023, 2.996585215387313, 4, 40.070276039652526, 295, 1714109, 1000000, 0.004621078725904226, 0.0635262206196785
6024, 3.33930069202961, 4, 40.11771884839982, 295, 1714404, 1000000, 0.004431223496794701, 0.07235555350780487
6025, 3.81459475049337, 4, 40.146853307727724, 295, 1714699, 1000000, 0.0041098156943917274, 0.0639478787779808
6026, 3.500065606938051, 4, 40.12923215329647, 295, 1714994, 1000000, 0.003883328754454851, 0.06763967871665955
6027, 3.55241191031746, 4, 40.127219397109, 294, 1715288, 1000000, 0.003949383739382029, 0.05585126951336861
6028, 3.2740587849839358, 4, 40.133590233977884, 296, 1715584, 1000000, 0.004780732560902834, 0.0600251704454422
6029, 3.659140609030146, 4, 40.10471951216459, 295, 1715879, 1000000, 0.004143845289945602, 0.05152972415089607
6030, 3.604251298103918, 4, 40.08070638682693, 295, 1716174, 1000000, 0.004147062078118324, 0.06342889368534088
6031, 3.121957222157107, 4, 40.092628627084196, 296, 1716470, 1000000, 0.003975554835051298, 0.06285613775253296
6032, 3.556072744862959, 4, 40.078855691011995, 296, 1716766, 1000000, 0.004939141683280468, 0.07256890833377838
6033, 3.0690661880453263, 4, 40.18275430100039, 296, 1717062, 1000000, 0.004286924842745066, 0.061820920556783676
6034, 2.8386061578476074, 4, 40.1318539888598, 296, 1717358, 1000000, 0.003475970821455121, 0.06763416528701782
6035, 3.741091576753206, 4, 40.08716137101874, 295, 1717653, 1000000, 0.0037694687489420176, 0.060162339359521866
6036, 2.960424029999558, 4, 40.115453622769564, 296, 1717949, 1000000, 0.004204783122986555, 0.053364526480436325
6037, 3.4303535179660685, 4, 40.1171183087863, 295, 1718244, 1000000, 0.00437555368989706, 0.07326468825340271
6038, 3.229593551099242, 4, 40.15153889171779, 295, 1718539, 1000000, 0.004356860648840666, 0.051145002245903015
6039, 2.9311421906081705, 4, 40.18971261288971, 297, 1718836, 1000000, 0.003475592704489827, 0.059362687170505524
6040, 3.120781209472625, 4, 40.110223818104714, 296, 1719132, 1000000, 0.00391168100759387, 0.05797953903675079
6041, 3.9058137994061326, 4, 40.14443563204259, 296, 1719428, 1000000, 0.0036334791220724583, 0.05919535830616951
6042, 3.5729462228146076, 4, 40.20487337326631, 296, 1719724, 1000000, 0.003811789909377694, 0.05775320902466774
6043, 2.8887262767602806, 4, 40.16490872297436, 296, 1720020, 1000000, 0.003940721973776817, 0.05634238198399544
6044, 2.973020837909644, 4, 40.091339675709605, 295, 1720315, 1000000, 0.004411647096276283, 0.06382328271865845
6045, 2.5646047671016277, 4, 40.17638971703127, 296, 1720611, 1000000, 0.0036848823074251413, 0.0638299509882927
6046, 3.671022631060623, 4, 40.10024889325723, 296, 1720907, 1000000, 0.0037998915649950504, 0.06151005998253822
6047, 3.572163000256296, 4, 40.08311621891335, 295, 1721202, 1000000, 0.0037763805594295263, 0.05871153995394707
6048, 2.96957463531362, 4, 40.09682792471722, 296, 1721498, 1000000, 0.0040123299695551395, 0.05856730416417122
6049, 3.27587848911935, 4, 40.1500437008217, 296, 1721794, 1000000, 0.0033141537569463253, 0.07041338086128235
6050, 2.795867310684116, 4, 40.13207954680547, 296, 1722090, 1000000, 0.004592630080878735, 0.06560162454843521
6051, 3.4554145459587744, 4, 40.07761234603822, 295, 1722385, 1000000, 0.003790787886828184, 0.0717456266283989
6052, 3.538687400854542, 4, 40.138782346155494, 296, 1722681, 1000000, 0.004275970160961151, 0.05450493469834328
6053, 3.5054528859473066, 4, 40.18172125797719, 294, 1722975, 1000000, 0.004159376956522465, 0.057326167821884155
6054, 3.2423020409733, 4, 40.113393892068416, 295, 1723270, 1000000, 0.005011791829019785, 0.061651263386011124
6055, 3.276692358006585, 4, 40.14482523314655, 296, 1723566, 1000000, 0.004195923916995525, 0.058456577360630035
6056, 3.4516672354830007, 4, 40.101635094266385, 296, 1723862, 1000000, 0.004136424046009779, 0.06672987341880798
6057, 3.4857312283929787, 4, 40.15896051283926, 293, 1724155, 1000000, 0.0035248242784291506, 0.07053893804550171
6058, 3.6890132277281964, 4, 40.11950907995924, 296, 1724451, 1000000, 0.004294548649340868, 0.068938709795475
6059, 2.79218640988438, 4, 40.10943089006469, 295, 1724746, 1000000, 0.004603304900228977, 0.05971452593803406
6060, 3.7703643904733326, 4, 40.18781231017783, 296, 1725042, 1000000, 0.003439215710386634, 0.07035693526268005
6061, 3.941409545337592, 4, 40.070075693074614, 295, 1725337, 1000000, 0.004347169306129217, 0.06306494772434235
6062, 2.7487201607145835, 4, 40.137633874081075, 293, 1725630, 1000000, 0.0033234073780477047, 0.06250637769699097
6063, 2.7658592125912946, 4, 40.08794082375243, 295, 1725925, 1000000, 0.004851318430155516, 0.06458967924118042
6064, 3.997505273166894, 4, 40.136264917906374, 296, 1726221, 1000000, 0.003820673329755664, 0.05455191805958748
6065, 3.7552172820232954, 4, 40.16123260976747, 296, 1726517, 1000000, 0.004063746426254511, 0.0424833670258522
6066, 3.5497011315128475, 4, 40.125885291956365, 296, 1726813, 1000000, 0.004197006579488516, 0.054847601801157
6067, 3.7723656500729703, 4, 40.11549789598212, 294, 1727107, 1000000, 0.003572467714548111, 0.0685913935303688
6068, 3.2244468120779857, 4, 40.11680094571784, 296, 1727403, 1000000, 0.004237635526806116, 0.0672876238822937
6069, 3.062371534626436, 4, 40.08898453786969, 295, 1727698, 1000000, 0.004004846792668104, 0.07071899622678757
6070, -3.0142043330706656, 2, 7.245468410197645, 50, 1727748, 1000000, 0.0035061368253082037, 0.05122208595275879
6071, 3.470248756080764, 4, 40.10378155019134, 296, 1728044, 1000000, 0.0038494286127388477, 0.05506717786192894
6072, 3.15824410066125, 4, 40.11849333625287, 295, 1728339, 1000000, 0.0039058621041476727, 0.05624694749712944
6073, 3.0035267905768706, 4, 40.07590423012152, 296, 1728635, 1000000, 0.004476288333535194, 0.060343530029058456
6074, 3.124205710829301, 4, 40.09851801302284, 295, 1728930, 1000000, 0.005005436483770609, 0.06961482018232346
6075, 3.33615473797272, 4, 40.182330642826855, 296, 1729226, 1000000, 0.003709822427481413, 0.05777817964553833
6076, 3.6540200206727604, 4, 40.13711114600301, 296, 1729522, 1000000, 0.004194263834506273, 0.06809729337692261
6077, 0.7024604093749076, 4, 40.168720494024456, 298, 1729820, 1000000, 0.004023848567157984, 0.055918917059898376
6078, 3.2221095767672523, 4, 40.07787261297926, 296, 1730116, 1000000, 0.004891149699687958, 0.05329224467277527
6079, 3.692731839197222, 4, 40.15619284985587, 297, 1730413, 1000000, 0.0037096645683050156, 0.06024204567074776
6080, -0.7641108613461256, 2, 14.319098522886634, 103, 1730516, 1000000, 0.004331178497523069, 0.05189640074968338
6081, 3.4649407385855966, 4, 40.16866216622293, 296, 1730812, 1000000, 0.0038494402542710304, 0.06547342985868454
6082, 3.29933300169796, 4, 40.08436098601669, 296, 1731108, 1000000, 0.004194142296910286, 0.05117496848106384
6083, 2.6082539925628225, 4, 40.134228475857526, 295, 1731403, 1000000, 0.004446086473762989, 0.060076549649238586
6084, 3.613731861772976, 4, 40.16367669403553, 296, 1731699, 1000000, 0.004132914822548628, 0.05745379999279976
6085, 3.5007071101135807, 4, 40.07389019522816, 295, 1731994, 1000000, 0.004105730447918177, 0.052535779774188995
6086, 2.8518476011331586, 4, 40.09550573164597, 295, 1732289, 1000000, 0.0042168861255049706, 0.05411520600318909
6087, 3.0072089006748683, 4, 40.09668572759256, 295, 1732584, 1000000, 0.004201672971248627, 0.06249905750155449
6088, 3.323042509593506, 4, 40.11539540300146, 295, 1732879, 1000000, 0.003959296736866236, 0.06382450461387634
6089, 3.6708201814326458, 4, 40.16901253722608, 295, 1733174, 1000000, 0.0035740335006266832, 0.06534945964813232
6090, 3.177689528578412, 4, 40.137397503014654, 296, 1733470, 1000000, 0.004234674386680126, 0.06475336104631424
6091, 3.591249205305303, 4, 40.0985641037114, 295, 1733765, 1000000, 0.004543769173324108, 0.0752124935388565
6092, 3.8448621119678137, 4, 40.15410123998299, 293, 1734058, 1000000, 0.004575821105390787, 0.05590401589870453
6093, 3.0134736894615344, 4, 40.137913092039526, 294, 1734352, 1000000, 0.004396319389343262, 0.05696554109454155
6094, 3.060905357640422, 4, 40.08411719510332, 295, 1734647, 1000000, 0.004113324452191591, 0.06084365025162697
6095, 3.510777111387142, 4, 40.152111635077745, 296, 1734943, 1000000, 0.004202795680612326, 0.06532661616802216
6096, 3.329555090795111, 4, 40.09112201677635, 295, 1735238, 1000000, 0.0038293858524411917, 0.062273524701595306
6097, 2.712681658315205, 4, 40.08953181607649, 295, 1735533, 1000000, 0.004390077665448189, 0.056525491178035736
6098, 2.852980592266249, 4, 40.09223534213379, 296, 1735829, 1000000, 0.004804533906280994, 0.0635041818022728
6099, 3.664313676486927, 4, 40.05860869260505, 295, 1736124, 1000000, 0.004190733190625906, 0.05866844579577446
6100, 3.4554390987750594, 4, 40.11744337109849, 295, 1736419, 1000000, 0.004078552592545748, 0.042081400752067566
6101, 3.535696758848644, 4, 40.15487192897126, 296, 1736715, 1000000, 0.004890844225883484, 0.05809634551405907
6102, 3.719170398873757, 4, 40.100881145801395, 296, 1737011, 1000000, 0.0038249839562922716, 0.05423576757311821
6103, 3.459727582811354, 4, 40.078601056709886, 296, 1737307, 1000000, 0.0038665984757244587, 0.061231233179569244
6104, 3.1790616824582685, 4, 40.18960329191759, 295, 1737602, 1000000, 0.004337333142757416, 0.07556501775979996
6105, 3.7055653604511463, 4, 40.10260248184204, 296, 1737898, 1000000, 0.004052708391100168, 0.0588049441576004
6106, 3.0893380402501336, 4, 40.06846581026912, 296, 1738194, 1000000, 0.003647028701379895, 0.05534221604466438
6107, 3.4532141176459845, 4, 40.17249877285212, 296, 1738490, 1000000, 0.004929017275571823, 0.06478817015886307
6108, -3.1222380462568253, 2, 5.336615127045661, 36, 1738526, 1000000, 0.003067332087084651, 0.06328309327363968
6109, 3.0798313914019673, 4, 40.084027180913836, 295, 1738821, 1000000, 0.0041505638509988785, 0.06753934174776077
6110, 3.8105531466608227, 4, 40.50591091485694, 299, 1739120, 1000000, 0.004697957541793585, 0.05071515962481499
6111, 3.558242744932272, 4, 40.07176714763045, 296, 1739416, 1000000, 0.004558195360004902, 0.06683766096830368
6112, 2.890594837658682, 4, 40.11055624298751, 296, 1739712, 1000000, 0.004272696562111378, 0.045314040035009384
6113, 3.325468687553439, 4, 40.08482836186886, 295, 1740007, 1000000, 0.004265901166945696, 0.06329143792390823
6114, 3.6390541296486845, 4, 40.08357629273087, 296, 1740303, 1000000, 0.0037792199291288853, 0.0503535270690918
6115, 3.173866027776967, 4, 40.17567970789969, 297, 1740600, 1000000, 0.004863786976784468, 0.06658902764320374
6116, 3.680158574410598, 4, 40.086656366009265, 295, 1740895, 1000000, 0.003911267966032028, 0.06401457637548447
6117, 2.9712241045613155, 4, 40.159797825850546, 296, 1741191, 1000000, 0.003943366929888725, 0.05692753195762634
6118, 3.349496564231231, 4, 40.110931804869324, 295, 1741486, 1000000, 0.003797136014327407, 0.05386236310005188
6119, 2.9916854082930513, 4, 40.17143963975832, 296, 1741782, 1000000, 0.003426148323342204, 0.06774590164422989
6120, 3.2223657608265057, 4, 40.15663484297693, 296, 1742078, 1000000, 0.003960971254855394, 0.05299760773777962
6121, 3.6608106728058374, 4, 40.16759034106508, 296, 1742374, 1000000, 0.004274456296116114, 0.06715728342533112
6122, 2.853006618846848, 4, 40.08056168677285, 296, 1742670, 1000000, 0.0036362973041832447, 0.05564510449767113
6123, 3.286008425606269, 4, 40.152147565968335, 296, 1742966, 1000000, 0.0037360931746661663, 0.044612083584070206
6124, 3.2463255452130397, 4, 40.14417525706813, 296, 1743262, 1000000, 0.004653432872146368, 0.052889592945575714
6125, 3.200937902480291, 4, 40.12764758383855, 295, 1743557, 1000000, 0.004071708302944899, 0.06019731983542442
6126, 3.6818220382047, 4, 40.073724563233554, 296, 1743853, 1000000, 0.00464590871706605, 0.05779779329895973
6127, 3.2758654526332975, 4, 40.118013848084956, 295, 1744148, 1000000, 0.003849714994430542, 0.05712270736694336
6128, 3.798838430625892, 4, 40.10669655492529, 296, 1744444, 1000000, 0.0037623124662786722, 0.059931155294179916
6129, 3.2322890969317086, 4, 40.14820752479136, 295, 1744739, 1000000, 0.0049402243457734585, 0.06055779382586479
6130, 3.8144257327912783, 4, 40.17761899204925, 297, 1745036, 1000000, 0.004512653686106205, 0.05652491748332977
6131, 3.0420653001128812, 4, 40.14965083356947, 295, 1745331, 1000000, 0.0037174264434725046, 0.057513557374477386
6132, 3.1067800230266585, 4, 40.1590505563654, 296, 1745627, 1000000, 0.004689584486186504, 0.051185306161642075
6133, 3.6378516614240652, 4, 40.096179090905935, 296, 1745923, 1000000, 0.004395514726638794, 0.06550876796245575
6134, 3.3869355201604776, 4, 40.13268203381449, 296, 1746219, 1000000, 0.0038456369657069445, 0.06217218562960625
6135, 3.2049660575830785, 4, 40.160738699138165, 296, 1746515, 1000000, 0.004102152772247791, 0.07353034615516663
6136, 3.833201314075268, 4, 40.1909259930253, 296, 1746811, 1000000, 0.0039119538851082325, 0.06158151477575302
6137, 3.350690381110553, 4, 40.11264754785225, 295, 1747106, 1000000, 0.0044377944432199, 0.06429772824048996
6138, 3.6629921023313727, 4, 40.161451905965805, 296, 1747402, 1000000, 0.004312835168093443, 0.058630138635635376
6139, 3.547504161382676, 4, 40.1563929268159, 296, 1747698, 1000000, 0.004452987108379602, 0.07320630550384521
6140, 3.252567677940533, 4, 40.09279693476856, 295, 1747993, 1000000, 0.003602320095524192, 0.06729520112276077
6141, 3.245047999658709, 4, 40.08249080600217, 295, 1748288, 1000000, 0.0036905345041304827, 0.04952101781964302
6142, 3.6964910697010964, 4, 40.06549516413361, 296, 1748584, 1000000, 0.004552341066300869, 0.043406564742326736
6143, 3.151606419873133, 4, 40.12246070615947, 296, 1748880, 1000000, 0.004219136666506529, 0.05803569406270981
6144, 3.6860038676350086, 4, 40.16567417513579, 296, 1749176, 1000000, 0.003936888184398413, 0.05109461769461632
6145, 3.5544007823959873, 4, 40.181331576779485, 296, 1749472, 1000000, 0.00404764898121357, 0.058873336762189865
6146, 3.5845153335453688, 4, 40.14592343522236, 293, 1749765, 1000000, 0.003657036228105426, 0.07367365062236786
6147, 2.813358527368109, 4, 40.18357993476093, 296, 1750061, 1000000, 0.00379285984672606, 0.05862167850136757
6148, 2.8418712704278732, 4, 40.17897746292874, 296, 1750357, 1000000, 0.004111334681510925, 0.056719329208135605
6149, 3.289743587785779, 4, 40.13877259613946, 294, 1750651, 1000000, 0.003572886809706688, 0.054604291915893555
6150, 3.9779702046689636, 4, 40.15444194665179, 296, 1750947, 1000000, 0.004367690067738295, 0.05947115644812584
6151, 3.278203726900756, 4, 40.175161339808255, 296, 1751243, 1000000, 0.0038777932059019804, 0.05822981894016266
6152, 3.732117038278602, 4, 40.143554782960564, 296, 1751539, 1000000, 0.003679772140458226, 0.056695591658353806
6153, 3.4824884359659336, 4, 40.105713739059865, 296, 1751835, 1000000, 0.004120132885873318, 0.06152113154530525
6154, 3.165205225450336, 4, 40.16314967907965, 295, 1752130, 1000000, 0.003632350591942668, 0.07361146807670593
6155, 3.4755381197137467, 4, 40.12006807141006, 296, 1752426, 1000000, 0.0035399342887103558, 0.05832643806934357
6156, -2.8507690608967096, 2, 6.943506246898323, 48, 1752474, 1000000, 0.004579673055559397, 0.033364150673151016
6157, 3.4660448119507237, 4, 40.149491355754435, 296, 1752770, 1000000, 0.004085831344127655, 0.06494763493537903
6158, 3.242076577484113, 4, 40.16975848376751, 294, 1753064, 1000000, 0.0046242959797382355, 0.06478186696767807
6159, 3.3197114009872166, 4, 40.065537033602595, 296, 1753360, 1000000, 0.0037452457472682, 0.06693433225154877
6160, 3.099892496367829, 4, 40.12030050391331, 293, 1753653, 1000000, 0.004251683130860329, 0.04914049431681633
6161, 4.188276601017151, 4, 40.10771186929196, 296, 1753949, 1000000, 0.0036874921061098576, 0.05188564956188202
6162, 3.159816688305, 4, 40.18124909605831, 296, 1754245, 1000000, 0.0036092763766646385, 0.06660894304513931
6163, 3.5506675376091152, 4, 40.07532333070412, 296, 1754541, 1000000, 0.003984562586992979, 0.06182197481393814
6164, 2.9031391040562085, 4, 40.06885017408058, 295, 1754836, 1000000, 0.0032165893353521824, 0.0583820603787899
6165, -0.3949882105953293, 2, 32.65615187585354, 240, 1755076, 1000000, 0.004525588359683752, 0.057163190096616745
6166, 3.2871047754097162, 4, 40.154669359792024, 294, 1755370, 1000000, 0.0035800884943455458, 0.062005288898944855
6167, 3.191263131429878, 4, 40.083950070198625, 295, 1755665, 1000000, 0.004124338738620281, 0.06024036556482315
6168, 3.1913864828557053, 4, 40.09587886976078, 295, 1755960, 1000000, 0.00414729118347168, 0.04972783476114273
6169, 3.5873607332541724, 4, 40.20197905320674, 296, 1756256, 1000000, 0.004234773572534323, 0.05900973826646805
6170, 3.52234437821312, 4, 40.13860292499885, 296, 1756552, 1000000, 0.0038778120651841164, 0.05235553905367851
6171, 3.6025456385686994, 4, 40.108145179226995, 296, 1756848, 1000000, 0.004241625312715769, 0.0447213277220726
6172, 3.0721775208039617, 4, 40.11571057513356, 294, 1757142, 1000000, 0.002989929635077715, 0.05093345791101456
6173, 3.4088574663110194, 4, 40.08491243375465, 294, 1757436, 1000000, 0.003728649578988552, 0.04755890369415283
6174, 2.9918899590265937, 4, 40.08238073019311, 294, 1757730, 1000000, 0.003986996132880449, 0.057005032896995544
6175, 3.849359145856397, 4, 40.063008912838995, 295, 1758025, 1000000, 0.004610517993569374, 0.05943600833415985
6176, 3.6062643056361594, 4, 40.146129911299795, 295, 1758320, 1000000, 0.0040315804071724415, 0.056132301688194275
6177, 2.7766903814772377, 4, 40.12806782638654, 295, 1758615, 1000000, 0.003703854512423277, 0.05034307762980461
6178, 3.3395606483875326, 4, 40.47188192605972, 295, 1758910, 1000000, 0.00385317113250494, 0.05131986737251282
6179, 3.62791047664723, 4, 40.13980917306617, 295, 1759205, 1000000, 0.004477720241993666, 0.06605683267116547
6180, 3.222379662664025, 4, 40.09269330697134, 295, 1759500, 1000000, 0.004209753591567278, 0.06004943326115608
6181, 3.3744832692482305, 4, 40.066683230921626, 295, 1759795, 1000000, 0.004142270423471928, 0.057789675891399384
6182, 2.713709822157398, 4, 40.143407080322504, 295, 1760090, 1000000, 0.0036132775712758303, 0.05750635266304016
6183, 3.8669924097525836, 4, 40.082978170830756, 295, 1760385, 1000000, 0.003903548698872328, 0.05420677363872528
6184, 2.965048681748158, 4, 40.117682460229844, 295, 1760680, 1000000, 0.004181558266282082, 0.05863723158836365
6185, -1.3493695683137048, 4, 40.12632109038532, 297, 1760977, 1000000, 0.004031938035041094, 0.05676142871379852
6186, 2.911969257034798, 4, 40.14957095589489, 296, 1761273, 1000000, 0.004426848609000444, 0.052760910242795944
6187, 3.4100085629561363, 4, 40.16252268385142, 295, 1761568, 1000000, 0.0038530442398041487, 0.06874203681945801
6188, 3.832435091393563, 4, 40.07757761096582, 292, 1761860, 1000000, 0.003629805753007531, 0.0496603325009346
6189, 3.4894992974768684, 4, 40.12760539725423, 295, 1762155, 1000000, 0.004544604569673538, 0.05224248766899109
6190, 2.832027425220076, 4, 40.16631157603115, 296, 1762451, 1000000, 0.0038583085406571627, 0.05872407555580139
6191, 3.6610282834162717, 4, 40.07832300616428, 295, 1762746, 1000000, 0.004141781013458967, 0.0627560168504715
6192, 3.067117553369826, 4, 40.07301166700199, 295, 1763041, 1000000, 0.003820945741608739, 0.04372455179691315
6193, 3.4024489172747963, 4, 40.18228245014325, 295, 1763336, 1000000, 0.0036690274719148874, 0.04841407388448715
6194, 3.3015990383810276, 4, 40.07421054970473, 296, 1763632, 1000000, 0.004031935706734657, 0.05779656767845154
6195, 3.6128761062318517, 4, 40.199309991672635, 296, 1763928, 1000000, 0.004023813176900148, 0.042833127081394196
6196, 3.429391130656768, 4, 40.13699386501685, 296, 1764224, 1000000, 0.0042456211522221565, 0.057187169790267944
6197, 3.0935041663310585, 4, 40.087300022132695, 295, 1764519, 1000000, 0.004321695305407047, 0.06117281690239906
6198, 3.8224899822489533, 4, 40.100469508208334, 296, 1764815, 1000000, 0.0035258978605270386, 0.04350990802049637
6199, 3.2916533375500876, 4, 40.125861211214215, 296, 1765111, 1000000, 0.0037211196031421423, 0.06316949427127838
6200, 3.3056343543630646, 4, 40.17376824421808, 296, 1765407, 1000000, 0.0041825431399047375, 0.04838787391781807
6201, 3.6196951032266043, 4, 40.14856834709644, 295, 1765702, 1000000, 0.0042170812375843525, 0.04742748290300369
6202, 3.3337980653782324, 4, 40.118631632998586, 295, 1765997, 1000000, 0.00401487248018384, 0.044013697654008865
6203, 3.792224801397424, 4, 40.10383421322331, 295, 1766292, 1000000, 0.003199536819010973, 0.05297962576150894
6204, 3.1504465635562156, 4, 40.15872143488377, 295, 1766587, 1000000, 0.003827654290944338, 0.04592020809650421
6205, 3.4643721614106653, 4, 40.215318460948765, 297, 1766884, 1000000, 0.0036483565345406532, 0.06183887645602226
6206, 3.2682581100616517, 4, 40.16034449171275, 295, 1767179, 1000000, 0.003865813836455345, 0.05498652160167694
6207, 3.4386726262191587, 4, 40.137227464001626, 294, 1767473, 1000000, 0.0039319684728980064, 0.05141681805253029
6208, 3.530391164473258, 4, 40.12459066696465, 294, 1767767, 1000000, 0.00424523651599884, 0.0634375512599945
6209, 3.5352022714760096, 4, 40.14835720183328, 295, 1768062, 1000000, 0.0035586454905569553, 0.056455232203006744
6210, -1.360756085778121, 2, 14.794954555109143, 106, 1768168, 1000000, 0.004681432619690895, 0.0580315887928009
6211, 3.508085300981861, 4, 40.09492914332077, 294, 1768462, 1000000, 0.004070870112627745, 0.054729949682950974
6212, 3.4629588089846948, 4, 40.135488133877516, 294, 1768756, 1000000, 0.004665574058890343, 0.05168382450938225
6213, 3.2158130427997094, 4, 40.136034675873816, 293, 1769049, 1000000, 0.0036356786731630564, 0.05163588002324104
6214, 2.712335191827151, 4, 40.148468827363104, 295, 1769344, 1000000, 0.003611721331253648, 0.054110072553157806
6215, 3.228751737584389, 4, 40.11370409792289, 293, 1769637, 1000000, 0.003907470963895321, 0.060648851096630096
6216, 3.462528940937773, 4, 40.1870543169789, 295, 1769932, 1000000, 0.0038366937078535557, 0.05361047387123108
6217, 3.400802806126194, 4, 40.183261688798666, 294, 1770226, 1000000, 0.0032880157232284546, 0.050073135644197464
6218, 3.006687904003229, 4, 40.12861549574882, 295, 1770521, 1000000, 0.003446634393185377, 0.04755342751741409
6219, 3.1969110199188435, 4, 40.175770287867635, 295, 1770816, 1000000, 0.004068354610353708, 0.05927404761314392
6220, 3.5754598132202773, 4, 40.161374147981405, 294, 1771110, 1000000, 0.0040692295879125595, 0.04698732867836952
6221, 3.0277695678933014, 4, 40.17510175984353, 295, 1771405, 1000000, 0.003824172541499138, 0.06443114578723907
6222, 3.047791485543712, 4, 40.10157626029104, 291, 1771696, 1000000, 0.003884619567543268, 0.06514208763837814
6223, 3.5202724866549033, 4, 40.19161067903042, 295, 1771991, 1000000, 0.003656982909888029, 0.054394859820604324
6224, 3.7763543806941016, 4, 40.16942832292989, 296, 1772287, 1000000, 0.003939283080399036, 0.054595690220594406
6225, 3.5796869731311745, 4, 40.185086036100984, 296, 1772583, 1000000, 0.004376878030598164, 0.04567895829677582
6226, 3.3273241109945957, 4, 40.20537915593013, 296, 1772879, 1000000, 0.003951525315642357, 0.05674491077661514
6227, 3.789772821655788, 4, 40.079804117791355, 293, 1773172, 1000000, 0.004554896615445614, 0.07073099911212921
6228, 3.3957854441305244, 4, 40.103199786972255, 295, 1773467, 1000000, 0.004408186301589012, 0.05184273049235344
6229, 3.501145475596104, 4, 40.140650775749236, 296, 1773763, 1000000, 0.0039343684911727905, 0.055457115173339844
6230, 3.7503057129470108, 4, 40.13236316898838, 295, 1774058, 1000000, 0.0036100875586271286, 0.0509193055331707
6231, 3.527790332425866, 4, 40.11625035107136, 296, 1774354, 1000000, 0.004177829250693321, 0.057176828384399414
6232, 3.395611100811948, 4, 40.18448727019131, 296, 1774650, 1000000, 0.0037035136483609676, 0.05886564403772354
6233, 3.4740980151782423, 4, 40.158842467702925, 296, 1774946, 1000000, 0.004024504218250513, 0.0625900998711586
6234, 2.8689010980051535, 4, 40.16580483876169, 296, 1775242, 1000000, 0.003818061202764511, 0.055887751281261444
6235, -0.34503057005349547, 2, 18.853521068114787, 137, 1775379, 1000000, 0.003941867500543594, 0.0648169219493866
6236, 3.7480469578722477, 4, 40.173284923657775, 295, 1775674, 1000000, 0.0045187808573246, 0.05516012758016586
6237, 3.8100720748407184, 4, 40.19381698127836, 296, 1775970, 1000000, 0.00378229096531868, 0.05994221195578575
6238, 3.7920376691715774, 4, 40.13755536125973, 295, 1776265, 1000000, 0.003930474631488323, 0.05080419406294823
6239, 2.6416603311663494, 4, 40.08519376209006, 295, 1776560, 1000000, 0.004238930065184832, 0.0703854188323021
6240, 2.875482463580738, 4, 40.05970140127465, 295, 1776855, 1000000, 0.003624608041718602, 0.05047789216041565
6241, 3.4896816030939135, 4, 40.201029976829886, 296, 1777151, 1000000, 0.004991830792278051, 0.04087451100349426
6242, 2.7633619264979643, 4, 40.11356850899756, 296, 1777447, 1000000, 0.0042066993191838264, 0.04558064416050911
6243, 3.273942198236682, 4, 40.17481364076957, 295, 1777742, 1000000, 0.0038454493042081594, 0.04698744788765907
6244, 3.7727053547714604, 4, 40.097102489322424, 295, 1778037, 1000000, 0.003856045426800847, 0.06603120267391205
6245, -0.7160311082698172, 2, 32.416940265800804, 238, 1778275, 1000000, 0.00402273703366518, 0.044414058327674866
6246, 3.8035369095086935, 4, 40.12956728274003, 296, 1778571, 1000000, 0.004116081167012453, 0.05627471208572388
6247, 3.363529461057624, 4, 40.09882555389777, 296, 1778867, 1000000, 0.0039038013201206923, 0.050179623067379
6248, 3.127034232657934, 4, 40.092156767845154, 295, 1779162, 1000000, 0.004114376846700907, 0.046483613550662994
6249, 3.194448969017685, 4, 40.13180521642789, 296, 1779458, 1000000, 0.0039059717673808336, 0.052521880716085434
6250, 3.7115276551121497, 4, 40.11324549699202, 295, 1779753, 1000000, 0.0038612866774201393, 0.06153394281864166
6251, 3.443380589997105, 4, 40.186298748943955, 296, 1780049, 1000000, 0.004375518765300512, 0.06571955233812332
6252, 3.0012109853614675, 4, 40.410644040908664, 293, 1780342, 1000000, 0.004012607503682375, 0.0519438311457634
6253, 2.6743229671835707, 4, 40.13330057496205, 295, 1780637, 1000000, 0.004638480022549629, 0.054375987499952316
6254, 3.743900692956231, 4, 40.146589962765574, 296, 1780933, 1000000, 0.004071161150932312, 0.049565039575099945
6255, 3.5910760575934546, 4, 40.109838985837996, 295, 1781228, 1000000, 0.0033976982813328505, 0.04925013706088066
6256, 3.545805258974724, 4, 40.123431749176234, 296, 1781524, 1000000, 0.0033974526450037956, 0.055839087814092636
6257, 3.2308827668093727, 4, 40.13102616975084, 295, 1781819, 1000000, 0.003919451497495174, 0.05990266799926758
6258, 3.7995392904813343, 4, 40.19570269435644, 296, 1782115, 1000000, 0.004754854366183281, 0.040329255163669586
6259, 3.3457780085518607, 4, 40.095567965880036, 295, 1782410, 1000000, 0.003981310408562422, 0.05732423812150955
6260, 3.573537721646744, 4, 40.15952408267185, 295, 1782705, 1000000, 0.0039614601992070675, 0.051706813275814056
6261, 3.208894434515969, 4, 40.16887825494632, 295, 1783000, 1000000, 0.004346289671957493, 0.05394631251692772
6262, 3.577595602002475, 4, 40.15746247814968, 296, 1783296, 1000000, 0.004348395857959986, 0.039611268788576126
6263, 3.2257866767185988, 4, 40.08901828713715, 295, 1783591, 1000000, 0.004154668189585209, 0.05716365948319435
6264, 3.8065979654893454, 4, 40.176959248259664, 295, 1783886, 1000000, 0.004100291058421135, 0.05774073675274849
6265, 2.9547498702486337, 4, 40.06005128007382, 295, 1784181, 1000000, 0.004413412418216467, 0.0472581572830677
6266, 2.9751765190467268, 4, 40.080549598205835, 292, 1784473, 1000000, 0.004287553485482931, 0.04836266487836838
6267, 3.3048066003611893, 4, 40.143090937286615, 295, 1784768, 1000000, 0.004167180508375168, 0.049338918179273605
6268, 3.694322431263572, 4, 40.10309580294415, 295, 1785063, 1000000, 0.004350938834249973, 0.053706683218479156
6269, 3.8350392091888352, 4, 40.15079183317721, 296, 1785359, 1000000, 0.003201225772500038, 0.049614254385232925
6270, 3.0811465583610698, 4, 40.09464586479589, 295, 1785654, 1000000, 0.00508445268496871, 0.0572516992688179
6271, -0.8432768199127167, 2, 19.914000774733722, 144, 1785798, 1000000, 0.004805180709809065, 0.05219290405511856
6272, 3.486526103509277, 4, 40.09450558992103, 295, 1786093, 1000000, 0.003975863102823496, 0.03961055725812912
6273, 3.1301000659614147, 4, 40.150378961116076, 296, 1786389, 1000000, 0.0036578569561243057, 0.05024588480591774
6274, 3.386369529463991, 4, 40.09762918809429, 295, 1786684, 1000000, 0.003925933036953211, 0.06598777323961258
6275, 3.639404371238925, 4, 40.13900244794786, 296, 1786980, 1000000, 0.004278289619833231, 0.05133086442947388
6276, 3.0836230516288197, 4, 40.096602586098015, 295, 1787275, 1000000, 0.0036900516133755445, 0.04626092314720154
6277, 3.5560317291710817, 4, 40.06366133596748, 295, 1787570, 1000000, 0.003799139754846692, 0.05480073019862175
6278, 3.5962752575214836, 4, 40.14034507796168, 295, 1787865, 1000000, 0.004147598519921303, 0.053842537105083466
6279, 3.4814193062666163, 4, 40.14191453997046, 295, 1788160, 1000000, 0.0036602113395929337, 0.056869760155677795
6280, -0.7357323972859149, 2, 37.23986202897504, 274, 1788434, 1000000, 0.003760959953069687, 0.045812733471393585
6281, 3.455444802690181, 4, 40.17550921905786, 296, 1788730, 1000000, 0.003683933522552252, 0.06334597617387772
6282, 3.4157664377999026, 4, 40.12712142523378, 295, 1789025, 1000000, 0.004318125545978546, 0.05979033187031746
6283, 3.477628920076029, 4, 40.17502084001899, 293, 1789318, 1000000, 0.004075043834745884, 0.04865734279155731
6284, 3.2079322657882585, 4, 40.12073554517701, 296, 1789614, 1000000, 0.0035423438530415297, 0.056770872324705124
6285, 3.177050739985134, 4, 40.09880013205111, 294, 1789908, 1000000, 0.004570356570184231, 0.06192969158291817
6286, 3.77120741498004, 4, 40.13876056810841, 295, 1790203, 1000000, 0.0038711458910256624, 0.06440284848213196
6287, 3.8805723649538777, 4, 40.09088329505175, 294, 1790497, 1000000, 0.003256428288295865, 0.05176690220832825
6288, 3.731423479886871, 4, 40.14403515635058, 295, 1790792, 1000000, 0.004342714324593544, 0.04881575331091881
6289, 3.695396388440713, 4, 40.094652058091015, 295, 1791087, 1000000, 0.003772737691178918, 0.056900620460510254
6290, 3.2681267180923896, 4, 40.13423455925658, 295, 1791382, 1000000, 0.004090646281838417, 0.06285665929317474
6291, 3.19310614875576, 4, 40.167357438243926, 296, 1791678, 1000000, 0.004098651930689812, 0.06115590035915375
6292, 3.1396054864671896, 4, 40.074448788072914, 295, 1791973, 1000000, 0.0037396405823528767, 0.05837060138583183
6293, 3.4214026756999374, 4, 40.13733222009614, 295, 1792268, 1000000, 0.004327775444835424, 0.048356667160987854
6294, 3.6508518614518835, 4, 40.165493343025446, 296, 1792564, 1000000, 0.004541406873613596, 0.05066470801830292
6295, 3.3928246596251483, 4, 40.14867683593184, 293, 1792857, 1000000, 0.0038936741184443235, 0.04948759078979492
6296, 3.6332279535145062, 4, 40.10472009703517, 295, 1793152, 1000000, 0.0033916975371539593, 0.0641411766409874
6297, 0.008379118113225559, 2, 35.156379791907966, 259, 1793411, 1000000, 0.00384027068503201, 0.05102960765361786
6298, 3.2885944711429147, 4, 40.20378045318648, 296, 1793707, 1000000, 0.0038176930975168943, 0.0592927560210228
6299, 3.0883642483504445, 4, 40.11254748608917, 296, 1794003, 1000000, 0.00400662561878562, 0.04822159931063652
6300, 3.055472941352491, 4, 40.167372316122055, 296, 1794299, 1000000, 0.004356398247182369, 0.05212356150150299
6301, 3.740411319658051, 4, 40.20097221294418, 295, 1794594, 1000000, 0.0035363484639674425, 0.052676454186439514
6302, 3.465248797852837, 4, 40.100691677071154, 295, 1794889, 1000000, 0.0036598031874746084, 0.056406933814287186
6303, 3.6150363233155076, 4, 40.14376953896135, 295, 1795184, 1000000, 0.003548228880390525, 0.06359030306339264
6304, 3.2795658758846002, 4, 40.1339212260209, 294, 1795478, 1000000, 0.0038086066488176584, 0.05624806880950928
6305, 1.2273873417288996, 4, 40.116937370970845, 297, 1795775, 1000000, 0.0032877041958272457, 0.05003834143280983
6306, 3.12523143542694, 4, 40.17414846364409, 295, 1796070, 1000000, 0.00411199638620019, 0.05389922857284546
6307, 2.0303413963820276, 4, 40.12995931925252, 296, 1796366, 1000000, 0.004998923745006323, 0.043734360486269
6308, 3.4146907863178058, 4, 40.06671337317675, 296, 1796662, 1000000, 0.003811510745435953, 0.0546349436044693
6309, 3.643315237124625, 4, 40.15007776627317, 294, 1796956, 1000000, 0.0038175182417035103, 0.05806731432676315
6310, 3.5588597603782546, 4, 40.1990225170739, 294, 1797250, 1000000, 0.0039703454822301865, 0.049678243696689606
6311, 2.9896560393499385, 4, 40.088398782070726, 296, 1797546, 1000000, 0.004190181382000446, 0.05660122260451317
6312, 3.800190970112453, 4, 40.18135015992448, 296, 1797842, 1000000, 0.0035917682107537985, 0.03891996294260025
6313, 3.141109480995965, 4, 40.10053478181362, 293, 1798135, 1000000, 0.004783062729984522, 0.04790780693292618
6314, 3.5773817104554837, 4, 40.09711907291785, 295, 1798430, 1000000, 0.0037197661586105824, 0.05357137322425842
6315, 3.158038912093616, 4, 40.210652804002166, 296, 1798726, 1000000, 0.004638704005628824, 0.05250322073698044
6316, -1.1613282385660568, 2, 28.94330655131489, 212, 1798938, 1000000, 0.004255292937159538, 0.03228915110230446
6317, 3.464961197325465, 4, 40.05912523902953, 295, 1799233, 1000000, 0.0038225629832595587, 0.04818235710263252
6318, 3.3267872808864922, 4, 40.125163197983056, 296, 1799529, 1000000, 0.003944407217204571, 0.05705399811267853
6319, 3.6605931961967144, 4, 40.159474581014365, 296, 1799825, 1000000, 0.0038559488020837307, 0.051148343831300735
6320, 3.216827092913263, 4, 40.19964133575559, 296, 1800121, 1000000, 0.003876369446516037, 0.04302283748984337
6321, 2.9826725185387204, 4, 40.200804335065186, 295, 1800416, 1000000, 0.004553209058940411, 0.044617392122745514
6322, 2.9201534124258615, 4, 40.18206537794322, 296, 1800712, 1000000, 0.0034441908355802298, 0.04368513822555542
6323, 3.3816257728340133, 4, 40.1156854131259, 294, 1801006, 1000000, 0.0037009092047810555, 0.047497790306806564
6324, 2.9328168386605284, 4, 40.1673265369609, 295, 1801301, 1000000, 0.003212498500943184, 0.03926420211791992
6325, 3.265323326588259, 4, 40.09837191319093, 295, 1801596, 1000000, 0.0037414883263409138, 0.04513125494122505
6326, 3.0639930007600924, 4, 40.13353839889169, 294, 1801890, 1000000, 0.003633800894021988, 0.05096489563584328
6327, 3.525162676110085, 4, 40.11683748103678, 294, 1802184, 1000000, 0.003452894976362586, 0.04993286728858948
6328, 3.4545758912790916, 4, 40.13083794573322, 295, 1802479, 1000000, 0.004005061462521553, 0.04709523916244507
6329, 2.9669755436734704, 4, 40.17244156869128, 295, 1802774, 1000000, 0.004406810738146305, 0.04731813818216324
6330, 3.7794100944156526, 4, 40.17842679889873, 296, 1803070, 1000000, 0.004286746494472027, 0.04065942019224167
6331, 3.614535982334928, 4, 40.06501325313002, 292, 1803362, 1000000, 0.00423895800486207, 0.06551627069711685
6332, 3.5628157537576044, 4, 40.12261085072532, 295, 1803657, 1000000, 0.00392856216058135, 0.044990766793489456
6333, 3.3836815691192896, 4, 40.15561807109043, 295, 1803952, 1000000, 0.004033304750919342, 0.06213919445872307
6334, -0.8697055628017551, 2, 28.82808504300192, 211, 1804163, 1000000, 0.004444865044206381, 0.054301343858242035
6335, -0.8451780766831689, 2, 27.23991555068642, 199, 1804362, 1000000, 0.004423519596457481, 0.05794372782111168
6336, 3.6632184288714598, 4, 40.10348556516692, 296, 1804658, 1000000, 0.0039240471087396145, 0.047740984708070755
6337, 3.356779686633672, 4, 40.14667130680755, 296, 1804954, 1000000, 0.004205131903290749, 0.047995828092098236
6338, -0.4375585461493756, 2, 27.497992306947708, 201, 1805155, 1000000, 0.0037461542524397373, 0.056227829307317734
6339, 3.6995571368024684, 4, 40.14084326988086, 296, 1805451, 1000000, 0.0036345836706459522, 0.05248693376779556
6340, 3.7286404919968845, 4, 40.13597905030474, 295, 1805746, 1000000, 0.0035836074966937304, 0.06038423255085945
6341, 3.5571625680713623, 4, 40.17524578096345, 296, 1806042, 1000000, 0.0032765413634479046, 0.0559975765645504
6342, 3.554447895156045, 4, 40.10486366972327, 293, 1806335, 1000000, 0.004116917494684458, 0.05891537666320801
6343, 3.135321945598662, 4, 40.1327435541898, 295, 1806630, 1000000, 0.003846790874376893, 0.03980507701635361
6344, -1.7310133129358292, 2, 11.973541336134076, 85, 1806715, 1000000, 0.004316968377679586, 0.04751381650567055
6345, 2.835810665586905, 4, 40.08835001196712, 295, 1807010, 1000000, 0.004481544252485037, 0.04717792198061943
6346, 2.734823626347861, 4, 40.152684872969985, 295, 1807305, 1000000, 0.0035412823781371117, 0.055678389966487885
6347, 3.033603248371037, 4, 40.19813256710768, 295, 1807600, 1000000, 0.004532165825366974, 0.042359597980976105
6348, 3.6305817149668655, 4, 40.119053423870355, 294, 1807894, 1000000, 0.004072318319231272, 0.0553407296538353
6349, 3.634572487222613, 4, 40.17549192579463, 295, 1808189, 1000000, 0.0038787610828876495, 0.04009362682700157
6350, 3.6632930023988592, 4, 40.12459098920226, 295, 1808484, 1000000, 0.0042169345542788506, 0.05837804451584816
6351, 3.7205597903539456, 4, 40.1920689502731, 296, 1808780, 1000000, 0.0030155894346535206, 0.0531914085149765
6352, 3.219904965018941, 4, 40.11999031994492, 296, 1809076, 1000000, 0.003827038686722517, 0.052819881588220596
6353, 3.6750190655911865, 4, 40.13008613232523, 296, 1809372, 1000000, 0.0037688910961151123, 0.05396924540400505
6354, 3.1673008554872695, 4, 40.13270368473604, 294, 1809666, 1000000, 0.0042691417038440704, 0.05084087699651718
6355, 3.4514860066847177, 4, 40.195966004859656, 295, 1809961, 1000000, 0.004325926303863525, 0.05239704251289368
6356, 3.4056168238603277, 4, 40.175818828400224, 295, 1810256, 1000000, 0.0052247364073991776, 0.055512018501758575
6357, 2.9751894763394375, 4, 40.083313464187086, 295, 1810551, 1000000, 0.0035275439731776714, 0.05052369832992554
6358, 4.002371384834021, 4, 40.07782717095688, 295, 1810846, 1000000, 0.0040290202014148235, 0.056265924125909805
6359, 3.123351240066768, 4, 40.092061610892415, 295, 1811141, 1000000, 0.004375962074846029, 0.05521395429968834
6360, 3.0160456102917124, 4, 40.17047989415005, 294, 1811435, 1000000, 0.00336265261285007, 0.03343355283141136
6361, 4.153890366980704, 4, 40.150453861802816, 296, 1811731, 1000000, 0.004412996582686901, 0.048076990991830826
6362, 3.3940759232900746, 4, 40.12204759288579, 296, 1812027, 1000000, 0.004377247299998999, 0.048671040683984756
6363, 3.7889694018922455, 4, 40.129563552793115, 296, 1812323, 1000000, 0.004896917380392551, 0.04354077950119972
6364, -0.825829641893506, 2, 13.491880827117711, 97, 1812420, 1000000, 0.004450992215424776, 0.03602587804198265
6365, 2.878912297946954, 4, 40.08871124777943, 296, 1812716, 1000000, 0.0043023270554840565, 0.05366234853863716
6366, 3.79541520339626, 4, 40.11405687406659, 293, 1813009, 1000000, 0.003971477504819632, 0.043077703565359116
6367, 3.006693056617223, 4, 40.09339040983468, 294, 1813303, 1000000, 0.003443154040724039, 0.05110859498381615
6368, 2.972618180432619, 4, 40.16964431107044, 295, 1813598, 1000000, 0.00410799216479063, 0.056184690445661545
6369, 3.3443148731603287, 4, 40.1091494015418, 296, 1813894, 1000000, 0.003908073995262384, 0.042721886187791824
6370, 3.058348520899017, 4, 40.153468997217715, 295, 1814189, 1000000, 0.004448222927749157, 0.04490257427096367
6371, -0.2531447630535695, 2, 22.896454807836562, 167, 1814356, 1000000, 0.003941161558032036, 0.04924120381474495
6372, 3.364780832572251, 4, 40.126132688019425, 294, 1814650, 1000000, 0.0035981466062366962, 0.04937291517853737
6373, 3.031264369135897, 4, 40.0613895826973, 295, 1814945, 1000000, 0.0038941949605941772, 0.039365094155073166
6374, 3.4233805561843837, 4, 40.092519701924175, 295, 1815240, 1000000, 0.0036876224912703037, 0.054034825414419174
6375, 3.3845087698273346, 4, 40.20285568572581, 296, 1815536, 1000000, 0.004268120042979717, 0.04696442186832428
6376, 3.558377152776302, 4, 40.146391837392, 295, 1815831, 1000000, 0.003968096803873777, 0.04633709415793419
6377, 3.4231045369783715, 4, 40.193148345686495, 295, 1816126, 1000000, 0.004059565253555775, 0.05730782076716423
6378, -0.1217424990645668, 2, 33.610203029122204, 246, 1816372, 1000000, 0.0033187675289809704, 0.03590453788638115
6379, 3.0376561816584626, 4, 40.142522622365505, 296, 1816668, 1000000, 0.004002791363745928, 0.04166116192936897
6380, 2.9641508080130734, 4, 40.084442055784166, 294, 1816962, 1000000, 0.003991365898400545, 0.04459218680858612
6381, 3.047436424141779, 4, 40.08365438319743, 295, 1817257, 1000000, 0.0042137261480093, 0.03848071023821831
6382, 3.4813066744573007, 4, 40.13964693015441, 295, 1817552, 1000000, 0.004279202315956354, 0.04838108271360397
6383, 3.5636938133684453, 4, 40.13424355117604, 296, 1817848, 1000000, 0.0040721651166677475, 0.047022994607686996
6384, 3.783992756383668, 4, 40.1877673198469, 296, 1818144, 1000000, 0.00395775493234396, 0.05590439960360527
6385, 3.6264465728381765, 4, 40.0674065919593, 295, 1818439, 1000000, 0.004159060772508383, 0.0491296648979187
6386, 2.8185103667215117, 4, 40.08924882207066, 292, 1818731, 1000000, 0.003419469343498349, 0.0487915575504303
6387, 2.7256283146648457, 4, 40.09459116216749, 295, 1819026, 1000000, 0.004061287268996239, 0.0442965030670166
6388, 2.9274607502302388, 4, 40.10163331311196, 296, 1819322, 1000000, 0.004526184406131506, 0.055744435638189316
6389, 3.68598487762938, 4, 40.19234687509015, 296, 1819618, 1000000, 0.003985476680099964, 0.04656935855746269
6390, 3.1790042476804956, 4, 40.12097772909328, 295, 1819913, 1000000, 0.004469607025384903, 0.04925950616598129
6391, 3.8088974888578377, 4, 40.16695055505261, 296, 1820209, 1000000, 0.004277662839740515, 0.05263901874423027
6392, 3.384500571726676, 4, 40.117962958756834, 295, 1820504, 1000000, 0.0041425274685025215, 0.05090451240539551
6393, 3.662187167486991, 4, 40.06764751067385, 294, 1820798, 1000000, 0.0037529037799686193, 0.05430728197097778
6394, 3.4820321233928553, 4, 40.08122730208561, 295, 1821093, 1000000, 0.0035178731195628643, 0.03858562186360359
6395, 3.435521701356265, 4, 40.16165256081149, 296, 1821389, 1000000, 0.004069312009960413, 0.05155419185757637
6396, 2.9232679919022075, 4, 40.09853774309158, 295, 1821684, 1000000, 0.003865511156618595, 0.052801068872213364
6397, 2.9767307271176833, 4, 40.063400502316654, 295, 1821979, 1000000, 0.00395174790173769, 0.04934505373239517
6398, 3.9578593713049486, 4, 40.063380495645106, 295, 1822274, 1000000, 0.0038088613655418158, 0.04472007602453232
6399, 3.577531904924399, 4, 40.150447060819715, 296, 1822570, 1000000, 0.003859596559777856, 0.044211555272340775
6400, 3.217624701190573, 4, 40.1073757908307, 295, 1822865, 1000000, 0.00424860417842865, 0.044157687574625015
6401, 3.928511903911385, 4, 40.18253258103505, 294, 1823159, 1000000, 0.00392635352909565, 0.04953698441386223
6402, 3.701133179911949, 4, 40.16762237017974, 294, 1823453, 1000000, 0.004754045978188515, 0.04570028558373451
6403, 3.0703822555828992, 4, 40.12207504408434, 294, 1823747, 1000000, 0.004144640639424324, 0.05566496402025223
6404, 3.277392331729061, 4, 40.09928174922243, 294, 1824041, 1000000, 0.004462737590074539, 0.05007530748844147
6405, 3.8177268553267822, 4, 40.190946630202234, 295, 1824336, 1000000, 0.0046437447890639305, 0.04511399194598198
6406, 3.643215581095319, 4, 40.16551768174395, 295, 1824631, 1000000, 0.004370085895061493, 0.044475819915533066
6407, 3.5628879048890667, 4, 40.13171172700822, 295, 1824926, 1000000, 0.004037913866341114, 0.0521804615855217
6408, 3.3141087897975012, 4, 40.17334943590686, 295, 1825221, 1000000, 0.004263267852365971, 0.04365791380405426
6409, 3.6122033044175623, 4, 40.10504714585841, 295, 1825516, 1000000, 0.003907755948603153, 0.0500943697988987
6410, -0.2081033614995249, 2, 34.73347475519404, 254, 1825770, 1000000, 0.004203172400593758, 0.050583768635988235
6411, 3.8128475588082438, 4, 40.126612599007785, 295, 1826065, 1000000, 0.004019829910248518, 0.05075995996594429
6412, 3.198788919897197, 4, 40.1107214409858, 293, 1826358, 1000000, 0.003831384936347604, 0.03614180162549019
6413, 3.225945216308446, 4, 40.07863108115271, 295, 1826653, 1000000, 0.004438359290361404, 0.04629795625805855
6414, 3.6008661634168675, 4, 40.1190307950601, 295, 1826948, 1000000, 0.0038668708875775337, 0.045011211186647415
6415, 1.2656017900371808, 4, 40.089547214098275, 296, 1827244, 1000000, 0.004865263123065233, 0.05349573493003845
6416, 3.039282627884063, 4, 40.06799284182489, 294, 1827538, 1000000, 0.0040552071295678616, 0.06413349509239197
6417, 3.636274070599029, 4, 40.22200469812378, 295, 1827833, 1000000, 0.0046042632311582565, 0.057525377720594406
6418, 3.383493885307871, 4, 40.12153262505308, 292, 1828125, 1000000, 0.00383952260017395, 0.054037969559431076
6419, 3.6868474343573325, 4, 40.1837586206384, 295, 1828420, 1000000, 0.0045830062590539455, 0.05134286731481552
6420, 3.1487619152030675, 4, 40.11027973005548, 294, 1828714, 1000000, 0.00393154239282012, 0.0441778190433979
6421, 3.869763385344527, 4, 40.07227825606242, 296, 1829010, 1000000, 0.004550425335764885, 0.04693964496254921
6422, 3.4728716372483177, 4, 40.11323577724397, 295, 1829305, 1000000, 0.004612294491380453, 0.04410582035779953
6423, 2.8325831341571757, 4, 40.17082603601739, 295, 1829600, 1000000, 0.0040529812686145306, 0.050038039684295654
6424, 2.9960817815818928, 4, 40.14459334779531, 295, 1829895, 1000000, 0.003801050828769803, 0.04984245076775551
6425, 3.240013956562507, 4, 40.09320547897369, 294, 1830189, 1000000, 0.004505725111812353, 0.044374700635671616
6426, 3.3495503108933917, 4, 40.12903823610395, 294, 1830483, 1000000, 0.0040787942707538605, 0.04293212667107582
6427, 3.1161134926587692, 4, 40.1349983192049, 295, 1830778, 1000000, 0.0037737099919468164, 0.0516001358628273
6428, 3.1332790884371207, 4, 40.165068798232824, 295, 1831073, 1000000, 0.003851016517728567, 0.053189728409051895
6429, 3.7070977544899506, 4, 40.18299724487588, 296, 1831369, 1000000, 0.004194795154035091, 0.04636494442820549
6430, -0.29626616308405573, 2, 36.30814721202478, 267, 1831636, 1000000, 0.004257317166775465, 0.03725980594754219
6431, 4.033839233112303, 4, 40.11539445212111, 295, 1831931, 1000000, 0.00401011947542429, 0.04267565906047821
6432, -2.777492552064359, 2, 9.027982195839286, 63, 1831994, 1000000, 0.003462043358013034, 0.02640051394701004
6433, 3.6072064043000864, 4, 40.14086163509637, 295, 1832289, 1000000, 0.005038588773459196, 0.04997460916638374
6434, 3.4593407054617273, 4, 40.105777552351356, 295, 1832584, 1000000, 0.004024314694106579, 0.051535990089178085
6435, 3.7507904316798886, 4, 40.127824884839356, 296, 1832880, 1000000, 0.005265154875814915, 0.040451712906360626
6436, -0.3287378231398179, 2, 29.361778660677373, 214, 1833094, 1000000, 0.004822969902306795, 0.043542616069316864
6437, 3.3124296891037375, 4, 40.07129834033549, 295, 1833389, 1000000, 0.004811361897736788, 0.04318596050143242
6438, 3.1726130660132412, 4, 40.185812222305685, 295, 1833684, 1000000, 0.004308737348765135, 0.04110288247466087
6439, 3.15650490238113, 4, 40.09004885004833, 294, 1833978, 1000000, 0.003892627777531743, 0.04042945057153702
6440, 3.291187360711774, 4, 40.15939549962059, 296, 1834274, 1000000, 0.004465377423912287, 0.045399948954582214
6441, 3.7146289163065376, 4, 40.108555783052, 296, 1834570, 1000000, 0.0039064656011760235, 0.06233885511755943
6442, 3.546232821256126, 4, 40.16562771378085, 295, 1834865, 1000000, 0.004478621296584606, 0.049305688589811325
6443, 3.0867484745012916, 4, 40.127338868100196, 295, 1835160, 1000000, 0.0040474929846823215, 0.04212081432342529
6444, 3.40873622224899, 4, 40.12283896980807, 294, 1835454, 1000000, 0.004037744831293821, 0.04169017821550369
6445, 3.4496005195856014, 4, 40.14739082194865, 296, 1835750, 1000000, 0.0036000057589262724, 0.03886716812849045
6446, 3.6108813043902046, 4, 40.12260788679123, 295, 1836045, 1000000, 0.004494536202400923, 0.05770832672715187
6447, 2.9163871165893624, 4, 40.1864926260896, 295, 1836340, 1000000, 0.003985017538070679, 0.049246739596128464
6448, 2.8086737229259597, 4, 40.12293300963938, 294, 1836634, 1000000, 0.004016157239675522, 0.04226711019873619
6449, 3.8227112352033146, 4, 40.12369057908654, 293, 1836927, 1000000, 0.003951334394514561, 0.03908892348408699
6450, 3.6859768053477637, 4, 40.17256341688335, 295, 1837222, 1000000, 0.0034908116795122623, 0.04732454568147659
6451, 3.044802878233895, 4, 40.06253277417272, 295, 1837517, 1000000, 0.003847696352750063, 0.06137583404779434
6452, 3.7649256312716943, 4, 40.09123112913221, 294, 1837811, 1000000, 0.004667937755584717, 0.05171683803200722
6453, 3.1891126349946717, 4, 40.11780246673152, 294, 1838105, 1000000, 0.003767648944631219, 0.04912329837679863
6454, 3.5450819125362614, 4, 40.09861891530454, 295, 1838400, 1000000, 0.0035607165191322565, 0.04139877110719681
6455, -0.8538948195055127, 2, 12.848732811864465, 92, 1838492, 1000000, 0.0033567906357347965, 0.08075707405805588
6456, 3.7103027415846555, 4, 40.08291017077863, 294, 1838786, 1000000, 0.004052415955811739, 0.041748542338609695
6457, 3.552890928556735, 4, 40.10661312006414, 296, 1839082, 1000000, 0.004130598623305559, 0.04372484236955643
6458, 2.9893947105147163, 4, 40.173822295386344, 296, 1839378, 1000000, 0.0040773930959403515, 0.04594434052705765
6459, 3.5983229094490525, 4, 40.13568753283471, 295, 1839673, 1000000, 0.004384731408208609, 0.04870537668466568
6460, 3.522281684241534, 4, 40.11868814518675, 296, 1839969, 1000000, 0.004543866962194443, 0.048365771770477295
6461, 4.3255011653100155, 4, 40.1677616732195, 296, 1840265, 1000000, 0.004258030094206333, 0.05355912446975708
6462, 3.640089235639607, 4, 40.12958361487836, 294, 1840559, 1000000, 0.003839982207864523, 0.049562692642211914
6463, 3.4823543664970202, 4, 40.12611893936992, 295, 1840854, 1000000, 0.004657780285924673, 0.04976072534918785
6464, 2.92095181728655, 4, 40.143166423775256, 295, 1841149, 1000000, 0.0035916040651500225, 0.0414995476603508
6465, 3.572221287433422, 4, 40.14173518773168, 294, 1841443, 1000000, 0.004463136661797762, 0.05094234272837639
6466, 3.13222211455286, 4, 40.197977263014764, 295, 1841738, 1000000, 0.003815716365352273, 0.034637439996004105
6467, 3.2133671856900037, 4, 40.061113244853914, 294, 1842032, 1000000, 0.004161980003118515, 0.05611449480056763
6468, 3.0474967705285962, 4, 40.088589953724295, 295, 1842327, 1000000, 0.004406678024679422, 0.04635651782155037
6469, 3.8031957931273155, 4, 40.12258851900697, 296, 1842623, 1000000, 0.0040220217779278755, 0.05674537271261215
6470, 3.0953512119886, 4, 40.107981488574296, 294, 1842917, 1000000, 0.0038591865450143814, 0.05240733176469803
6471, 3.7026895978815446, 4, 40.08683339692652, 296, 1843213, 1000000, 0.004251999314874411, 0.040821462869644165
6472, 3.638630432613354, 4, 40.05315429903567, 294, 1843507, 1000000, 0.0037092622369527817, 0.04896815866231918
6473, 3.349283636975997, 4, 40.176709822844714, 296, 1843803, 1000000, 0.003557485993951559, 0.039580777287483215
6474, 3.5575916901548226, 4, 40.13822964997962, 296, 1844099, 1000000, 0.0037081516347825527, 0.045325297862291336
6475, 3.6013570208803003, 4, 40.159352771006525, 296, 1844395, 1000000, 0.003764133667573333, 0.052918691188097
6476, 3.777680836919899, 4, 40.13997296290472, 295, 1844690, 1000000, 0.00388326239772141, 0.03132706880569458
6477, 3.6291663200508992, 4, 40.1399953821674, 296, 1844986, 1000000, 0.003894323483109474, 0.02335546538233757
6478, 3.501344455967228, 4, 40.10308199469, 294, 1845280, 1000000, 0.0033558961004018784, 0.038107674568891525
6479, 3.798900722629014, 4, 40.16113554965705, 295, 1845575, 1000000, 0.003969048615545034, 0.039647381752729416
6480, 3.2976986660796683, 4, 40.20352697884664, 295, 1845870, 1000000, 0.004397943615913391, 0.04528772458434105
6481, 3.718281647277763, 4, 40.163204030133784, 296, 1846166, 1000000, 0.003849841421470046, 0.028652004897594452
6482, -0.2918562303239014, 2, 29.857318906113505, 219, 1846385, 1000000, 0.003598229493945837, 0.050871625542640686
6483, 3.7257949093309435, 4, 40.06976670632139, 294, 1846679, 1000000, 0.0037306903395801783, 0.04832806438207626
6484, 2.8435944905213546, 4, 40.12387934932485, 295, 1846974, 1000000, 0.004370912443846464, 0.044182587414979935
6485, 3.29359465637026, 4, 40.13894483819604, 293, 1847267, 1000000, 0.0032443469390273094, 0.03802955523133278
6486, 3.759021393133253, 4, 40.16842529689893, 295, 1847562, 1000000, 0.003496974240988493, 0.030287429690361023
6487, 3.8335535476871883, 4, 40.12771392194554, 296, 1847858, 1000000, 0.003960707224905491, 0.042666152119636536
6488, 2.9376641681328692, 4, 40.1592598631978, 295, 1848153, 1000000, 0.00414954824373126, 0.041755810379981995
6489, 3.0397524920554133, 4, 40.198960930109024, 297, 1848450, 1000000, 0.0039064534939825535, 0.03810618445277214
6490, 2.8028930330183357, 4, 40.18838798487559, 297, 1848747, 1000000, 0.004783975891768932, 0.04828520864248276
6491, 3.2168913644181885, 4, 40.058491381350905, 294, 1849041, 1000000, 0.004306073300540447, 0.049406662583351135
6492, 3.489061783391662, 4, 40.15004454180598, 295, 1849336, 1000000, 0.003076285822317004, 0.041398510336875916
6493, 3.2085481338723554, 4, 40.1042434158735, 293, 1849629, 1000000, 0.004011915996670723, 0.03193339705467224
6494, 3.2774559120189224, 4, 40.16125979786739, 296, 1849925, 1000000, 0.0036773597821593285, 0.04128529503941536
6495, 3.320330273003492, 4, 40.13317444594577, 296, 1850221, 1000000, 0.0036887212190777063, 0.04397684335708618
6496, 3.1209659655451105, 4, 40.1293831076473, 295, 1850516, 1000000, 0.0037957606837153435, 0.05427897721529007
6497, 3.30997045331506, 4, 40.173809616826475, 296, 1850812, 1000000, 0.004467830993235111, 0.036799799650907516
6498, 2.9839681762405235, 4, 40.13331162184477, 296, 1851108, 1000000, 0.0039611756801605225, 0.03315600007772446
6499, 3.232505093840814, 4, 40.09613627381623, 295, 1851403, 1000000, 0.00464276596903801, 0.043827567249536514
6500, 2.834989673929158, 4, 40.13678957615048, 295, 1851698, 1000000, 0.004357979632914066, 0.04919550195336342
6501, 3.36626673257706, 4, 40.10666491743177, 294, 1851992, 1000000, 0.0035164388827979565, 0.03862495720386505
6502, 3.073575512926709, 4, 40.1212297831662, 294, 1852286, 1000000, 0.004012915305793285, 0.04373939335346222
6503, 3.361105719111947, 4, 40.12469262024388, 295, 1852581, 1000000, 0.003973060753196478, 0.04844256490468979
6504, 2.948344530814211, 4, 40.18822179315612, 295, 1852876, 1000000, 0.0043838974088430405, 0.042181309312582016
6505, 3.2536179246744723, 4, 40.13453493034467, 295, 1853171, 1000000, 0.0035834817681461573, 0.0374276302754879
6506, 3.8048080307780765, 4, 40.17147864680737, 295, 1853466, 1000000, 0.004435081500560045, 0.05529439076781273
6507, 3.35089201718165, 4, 40.09888441581279, 294, 1853760, 1000000, 0.0030575371347367764, 0.04170706123113632
6508, 3.159817371703504, 4, 40.18092118995264, 295, 1854055, 1000000, 0.004040100146085024, 0.046863943338394165
6509, 3.1327982800576137, 4, 40.17807803628966, 295, 1854350, 1000000, 0.0035734374541789293, 0.03464949503540993
6510, 3.6354376859380864, 4, 40.11708816792816, 294, 1854644, 1000000, 0.004210009705275297, 0.04796050488948822
6511, 3.5016688264586264, 4, 40.08854620996863, 294, 1854938, 1000000, 0.0036936195101588964, 0.059096336364746094
6512, 3.154532675574501, 4, 40.08451321860775, 294, 1855232, 1000000, 0.003442835295572877, 0.02947094663977623
6513, 3.354996980731812, 4, 40.10806254995987, 294, 1855526, 1000000, 0.0036537658888846636, 0.03145569935441017
6514, 3.93062778917556, 4, 40.1651297500357, 294, 1855820, 1000000, 0.0038336138240993023, 0.04475430026650429
6515, 3.525576585710951, 4, 40.08658115705475, 292, 1856112, 1000000, 0.003553528804332018, 0.03626536950469017
6516, 3.2788083567666035, 4, 40.14173424616456, 295, 1856407, 1000000, 0.0034421116579324007, 0.045503292232751846
6517, 3.593589680551304, 4, 40.15968123590574, 294, 1856701, 1000000, 0.004195403307676315, 0.039356887340545654
6518, 3.410257002457911, 4, 40.15988720115274, 294, 1856995, 1000000, 0.004022159148007631, 0.039082687348127365
6519, 3.761174434024724, 4, 40.10201924107969, 294, 1857289, 1000000, 0.003810592694208026, 0.036333709955215454
6520, 3.284267137613824, 4, 40.190368216019124, 295, 1857584, 1000000, 0.0037358503323048353, 0.036820024251937866
6521, 3.6444709859067643, 4, 40.142266226932406, 294, 1857878, 1000000, 0.0037669900339096785, 0.03406418114900589
6522, 3.7518316270943615, 4, 40.15848612692207, 295, 1858173, 1000000, 0.0035517956130206585, 0.03486793488264084
6523, 3.939997489123016, 4, 40.1035334081389, 295, 1858468, 1000000, 0.003665556665509939, 0.045426953583955765
6524, 3.887148268764122, 4, 40.1704535940662, 295, 1858763, 1000000, 0.0034098681062459946, 0.04766860976815224
6525, 3.663307678369165, 4, 40.18546039797366, 296, 1859059, 1000000, 0.0037901264149695635, 0.04729452729225159
6526, 3.6541646427817795, 4, 40.06647799629718, 294, 1859353, 1000000, 0.003879712661728263, 0.04254952445626259
6527, 3.5244558148115175, 4, 40.068333653733134, 294, 1859647, 1000000, 0.0037095919251441956, 0.043806497007608414
6528, 3.3424892994298716, 4, 40.09808848006651, 294, 1859941, 1000000, 0.003952997736632824, 0.0335039421916008
6529, 3.559771902306238, 4, 40.15570811368525, 295, 1860236, 1000000, 0.003755523357540369, 0.03148351609706879
6530, 3.8949927207140718, 4, 40.10391212999821, 295, 1860531, 1000000, 0.0035994211211800575, 0.046106692403554916
6531, 3.9004356167383207, 4, 40.17820870829746, 295, 1860826, 1000000, 0.004446991719305515, 0.047489557415246964
6532, 3.376501447544797, 4, 40.16896582208574, 295, 1861121, 1000000, 0.004434945993125439, 0.04893968254327774
6533, 2.8523311278040637, 4, 40.172380397096276, 296, 1861417, 1000000, 0.004218558315187693, 0.03754965215921402
6534, 3.685167902827743, 4, 40.09222375508398, 292, 1861709, 1000000, 0.0046532065607607365, 0.046028055250644684
6535, 3.171568859524996, 4, 40.06430689897388, 294, 1862003, 1000000, 0.004089281428605318, 0.0488094724714756
6536, 3.7836885197220056, 4, 40.15009565092623, 294, 1862297, 1000000, 0.003645379561930895, 0.04334993287920952
6537, 3.052217525465494, 4, 40.17124063009396, 295, 1862592, 1000000, 0.003764954162761569, 0.03403094410896301
6538, 3.7086580779152882, 4, 40.19868453918025, 295, 1862887, 1000000, 0.004099619574844837, 0.04018259048461914
6539, 3.778278001496801, 4, 40.108450279105455, 294, 1863181, 1000000, 0.004537541419267654, 0.04502710700035095
6540, 3.6889788397929806, 4, 40.17950373282656, 295, 1863476, 1000000, 0.004145640414208174, 0.043963950127363205
6541, 3.5970220618171425, 4, 40.155261766631156, 295, 1863771, 1000000, 0.003733887802809477, 0.03042207472026348
6542, 3.4272398579037144, 4, 40.09018706064671, 294, 1864065, 1000000, 0.003682688344269991, 0.04693092405796051
6543, 3.4132358626920904, 4, 40.186137097887695, 295, 1864360, 1000000, 0.004113549366593361, 0.030707992613315582
6544, 3.79498049169797, 4, 40.127622863743454, 295, 1864655, 1000000, 0.004630042240023613, 0.034501105546951294
6545, 3.407295509983669, 4, 40.10816255118698, 293, 1864948, 1000000, 0.003988470882177353, 0.043761372566223145
6546, 3.475281785185871, 4, 40.08555427985266, 295, 1865243, 1000000, 0.004500718787312508, 0.04972449317574501
6547, 3.284221487760078, 4, 40.13050747709349, 295, 1865538, 1000000, 0.0044067176058888435, 0.03872174769639969
6548, 2.9362700892545774, 4, 40.1394311748445, 295, 1865833, 1000000, 0.004480249714106321, 0.04638974741101265
6549, 3.098423223284044, 4, 40.20252443710342, 295, 1866128, 1000000, 0.003917636815458536, 0.04830627143383026
6550, -0.787397989683086, 2, 35.88741202186793, 262, 1866390, 1000000, 0.0039723641239106655, 0.04681261256337166
6551, 3.49832743182742, 4, 40.13533179881051, 295, 1866685, 1000000, 0.004288472235202789, 0.03770779073238373
6552, 3.8677380437557076, 4, 40.14564323192462, 295, 1866980, 1000000, 0.003927162382751703, 0.042786482721567154
6553, 3.216215074421143, 4, 40.14567182213068, 295, 1867275, 1000000, 0.004262933041900396, 0.04011663794517517
6554, 3.651705931613833, 4, 40.17469669692218, 295, 1867570, 1000000, 0.0049586426466703415, 0.040570907294750214
6555, -0.4067900392401498, 2, 23.082601465750486, 168, 1867738, 1000000, 0.00440601771697402, 0.0529203861951828
6556, 3.4137639208729524, 4, 40.10291149280965, 294, 1868032, 1000000, 0.0039565726183354855, 0.04894722253084183
6557, 3.3000214604689972, 4, 40.1738149439916, 293, 1868325, 1000000, 0.004121962934732437, 0.04346846789121628
6558, 3.8239012829344574, 4, 40.10138099221513, 295, 1868620, 1000000, 0.00424023624509573, 0.03620758652687073
6559, 3.520973460210371, 4, 40.08539962768555, 295, 1868915, 1000000, 0.004437463823705912, 0.042617883533239365
6560, 3.161876500008475, 4, 40.13902272609994, 294, 1869209, 1000000, 0.003983217291533947, 0.035680100321769714
6561, 3.7774055803329247, 4, 40.06521613989025, 296, 1869505, 1000000, 0.004273079335689545, 0.04604726284742355
6562, 2.8569308062951677, 4, 40.16657592076808, 296, 1869801, 1000000, 0.00398916844278574, 0.039956673979759216
6563, 3.0244763366463303, 4, 40.166225034277886, 295, 1870096, 1000000, 0.0036923072766512632, 0.04797038435935974
6564, 3.117289878995507, 4, 40.066705259960145, 295, 1870391, 1000000, 0.003972363658249378, 0.03428833559155464
6565, 3.7389631542318966, 4, 40.09730683872476, 295, 1870686, 1000000, 0.004162101540714502, 0.04571850970387459
6566, 3.269204460889341, 4, 40.0654918840155, 295, 1870981, 1000000, 0.00466766394674778, 0.04531443491578102
6567, 3.70841614738697, 4, 40.08028157427907, 295, 1871276, 1000000, 0.0043867058120667934, 0.02682316303253174
6568, 3.69813979969922, 4, 40.07673139311373, 295, 1871571, 1000000, 0.0038533355109393597, 0.052767667919397354
6569, 3.1704694266927618, 4, 40.167137254960835, 296, 1871867, 1000000, 0.00402984581887722, 0.05947744473814964
6570, 3.403354825437418, 4, 40.10458636423573, 295, 1872162, 1000000, 0.004732769448310137, 0.04590731859207153
6571, 3.9246343854301813, 4, 40.03854303294793, 295, 1872457, 1000000, 0.004467629361897707, 0.031358618289232254
6572, 3.4640349325709394, 4, 40.16699896706268, 295, 1872752, 1000000, 0.0038812290877103806, 0.030409149825572968
6573, 3.368588416851253, 4, 40.168590468820184, 296, 1873048, 1000000, 0.004226715303957462, 0.04460554197430611
6574, 3.3982657161514, 4, 40.116548660676926, 294, 1873342, 1000000, 0.004398633260279894, 0.04772843420505524
6575, 3.120209377753781, 4, 40.157251082360744, 293, 1873635, 1000000, 0.004435503389686346, 0.05822466313838959
6576, 3.240312735513726, 4, 40.20831763232127, 296, 1873931, 1000000, 0.003929068334400654, 0.043643221259117126
6577, 3.7477664144280425, 4, 40.13996727531776, 295, 1874226, 1000000, 0.005374667700380087, 0.04908885806798935
6578, 3.3743596658823662, 4, 40.07543050870299, 295, 1874521, 1000000, 0.004816264845430851, 0.04158659279346466
6579, 3.169635919274697, 4, 40.109501340892166, 295, 1874816, 1000000, 0.004932643845677376, 0.04689599573612213
6580, 2.7033178685505845, 4, 40.145817985758185, 293, 1875109, 1000000, 0.00455861771479249, 0.04747391864657402
6581, 2.9490167620097054, 4, 40.142340995837, 295, 1875404, 1000000, 0.0038856412284076214, 0.03928976133465767
6582, 3.7789689136770903, 4, 40.16373975900933, 295, 1875699, 1000000, 0.004658803343772888, 0.04056001827120781
6583, 3.40358312943863, 4, 40.10606907168403, 294, 1875993, 1000000, 0.0044974698685109615, 0.053361281752586365
6584, 3.568196121264691, 4, 40.13253822084516, 295, 1876288, 1000000, 0.004219307564198971, 0.04450669512152672
6585, 3.5558837551980105, 4, 40.17269255500287, 296, 1876584, 1000000, 0.004498300142586231, 0.03886827081441879
6586, 3.6699148924937504, 4, 40.13460947107524, 295, 1876879, 1000000, 0.003759062150493264, 0.044682059437036514
6587, 3.571953244099859, 4, 40.139449402689934, 296, 1877175, 1000000, 0.004016616381704807, 0.04485902935266495
6588, -4.444770263275132, 2, 5.911559729836881, 40, 1877215, 1000000, 0.006498722825199366, 0.012595223262906075
6589, 2.9409839610270865, 4, 40.17960212705657, 295, 1877510, 1000000, 0.004539099521934986, 0.044362179934978485
6590, 3.597985910550051, 4, 40.168346195016056, 296, 1877806, 1000000, 0.003995631355792284, 0.04152950644493103
6591, 3.8117403489413846, 4, 40.117441951762885, 295, 1878101, 1000000, 0.004435225855559111, 0.034408167004585266
6592, 3.402948476461347, 4, 40.18243548180908, 297, 1878398, 1000000, 0.00454172445461154, 0.057484474033117294
6593, 3.0135460724104632, 4, 40.1436893758364, 293, 1878691, 1000000, 0.004163764417171478, 0.045572008937597275
6594, 3.069999531476242, 4, 40.1873157271184, 295, 1878986, 1000000, 0.0040891095995903015, 0.03651277348399162
6595, 3.210498449501756, 4, 40.125358504708856, 295, 1879281, 1000000, 0.0043814461678266525, 0.04548724740743637
6596, 3.153965372210223, 4, 40.18796795094386, 295, 1879576, 1000000, 0.004404506646096706, 0.047511957585811615
6597, 3.5875603457025136, 4, 40.177234219852835, 293, 1879869, 1000000, 0.004759105388075113, 0.05403458699584007
6598, 3.7042436595947947, 4, 40.138835068792105, 294, 1880163, 1000000, 0.003996128682047129, 0.03051115944981575
6599, 2.8670790532914907, 4, 40.11155748786405, 293, 1880456, 1000000, 0.0045945304445922375, 0.055213309824466705
6600, 3.011882736366715, 4, 40.152818425092846, 295, 1880751, 1000000, 0.004286047071218491, 0.05998673662543297
6601, 3.8681450478143233, 4, 40.05468246387318, 290, 1881041, 1000000, 0.003610944375395775, 0.04744631052017212
6602, -0.8794602631824091, 2, 21.766300620045513, 157, 1881198, 1000000, 0.005456787068396807, 0.03753488138318062
6603, 3.9368640917252264, 4, 40.124751650262624, 291, 1881489, 1000000, 0.004672412760555744, 0.054719939827919006
6604, 3.2578645262983628, 4, 40.176656221970916, 291, 1881780, 1000000, 0.004005328752100468, 0.0644591823220253
6605, 3.947043778260195, 4, 40.18384676426649, 292, 1882072, 1000000, 0.004178958013653755, 0.03777286782860756
6606, 3.682728328712983, 4, 40.18227661913261, 292, 1882364, 1000000, 0.004838463384658098, 0.04832097887992859
6607, 3.8759069396401173, 4, 40.16200884710997, 292, 1882656, 1000000, 0.0046205963008105755, 0.042196787893772125
6608, 3.621235005364724, 4, 40.071751875802875, 291, 1882947, 1000000, 0.00420533400028944, 0.038908783346414566
6609, 3.6065098438534733, 4, 40.15121827367693, 292, 1883239, 1000000, 0.004125168547034264, 0.0415734127163887
6610, 3.7517969065056604, 4, 40.19109237100929, 293, 1883532, 1000000, 0.0044687786139547825, 0.0602896548807621
6611, 3.8632687257959333, 4, 40.118564473930746, 293, 1883825, 1000000, 0.004047822672873735, 0.03548736870288849
6612, 2.9011459090806966, 4, 40.13884781068191, 293, 1884118, 1000000, 0.004835794679820538, 0.04269282519817352
6613, 3.1768590160500025, 4, 40.08759736921638, 292, 1884410, 1000000, 0.00472101429477334, 0.05092443898320198
6614, 3.1373116173526796, 4, 40.16008022800088, 294, 1884704, 1000000, 0.0037633744068443775, 0.04808998107910156
6615, 2.7354688674495264, 4, 40.138887371867895, 292, 1884996, 1000000, 0.004342759493738413, 0.05081643909215927
6616, 3.4077381787792547, 4, 40.1053114682436, 293, 1885289, 1000000, 0.004447662737220526, 0.05183859169483185
6617, 3.2778785382215574, 4, 40.16129846917465, 292, 1885581, 1000000, 0.004520094022154808, 0.0522601455450058
6618, -0.9721158854044916, 2, 37.18533192900941, 270, 1885851, 1000000, 0.004041398875415325, 0.04912890866398811
6619, 3.464515134888643, 4, 40.188432780094445, 293, 1886144, 1000000, 0.004778341390192509, 0.04803181812167168
6620, 3.5703110694739735, 4, 40.145565268117934, 294, 1886438, 1000000, 0.004005592316389084, 0.05563826858997345
6621, 3.2985283968937438, 4, 40.06570152472705, 292, 1886730, 1000000, 0.004739510361105204, 0.05565718561410904
6622, 3.6527667756572555, 4, 40.123006630223244, 291, 1887021, 1000000, 0.0038027602713555098, 0.04632902517914772
6623, -0.5868199513224681, 2, 37.009657439775765, 270, 1887291, 1000000, 0.004296324215829372, 0.05198012664914131
6624, 3.30207316036649, 4, 40.12504408182576, 293, 1887584, 1000000, 0.004131954628974199, 0.0446430929005146
6625, 3.6857658669387092, 4, 40.180764162912965, 294, 1887878, 1000000, 0.0046433643437922, 0.05233940854668617
6626, 3.937370575775276, 4, 40.16124304803088, 293, 1888171, 1000000, 0.004807241726666689, 0.05586184561252594
6627, 2.8783914252935574, 4, 40.11479347292334, 293, 1888464, 1000000, 0.0048335036262869835, 0.05641423165798187
6628, 3.138052014328423, 4, 40.185072027146816, 294, 1888758, 1000000, 0.004225478507578373, 0.05723829194903374
6629, -0.9049567093607038, 4, 40.162665226031095, 296, 1889054, 1000000, 0.004091124050319195, 0.04699676111340523
6630, 3.656605650081474, 4, 40.08846033224836, 293, 1889347, 1000000, 0.004399784374982119, 0.035414163023233414
6631, 3.8038418955820816, 4, 40.10738824075088, 293, 1889640, 1000000, 0.004993639420717955, 0.05603658780455589
6632, 3.8455755329832755, 4, 40.06855541700497, 293, 1889933, 1000000, 0.0044122920371592045, 0.046751100569963455
6633, -2.6774434433318675, 2, 8.646028188057244, 60, 1889993, 1000000, 0.003917346242815256, 0.04743782803416252
6634, 3.4757976957762367, 4, 40.165152388159186, 294, 1890287, 1000000, 0.0040220231749117374, 0.051323819905519485
6635, 3.4917464514455787, 4, 40.13750018319115, 293, 1890580, 1000000, 0.0035950501915067434, 0.052768025547266006
6636, 3.119598533747194, 4, 40.13365560397506, 294, 1890874, 1000000, 0.0036057233810424805, 0.059809353202581406
6637, 3.5420223290907416, 4, 40.19893741002306, 294, 1891168, 1000000, 0.004266649484634399, 0.051925335079431534
6638, 3.0082318307595415, 4, 40.157175024971366, 294, 1891462, 1000000, 0.004141705110669136, 0.05197855457663536
6639, 3.7278505568283435, 4, 40.09048190806061, 294, 1891756, 1000000, 0.003966577351093292, 0.03466559201478958
6640, 3.6007729952216323, 4, 40.089951667934656, 294, 1892050, 1000000, 0.004405725747346878, 0.062250301241874695
6641, 3.463045228712872, 4, 40.10489234980196, 292, 1892342, 1000000, 0.00420351093634963, 0.0451834537088871
6642, 3.4990854759198555, 4, 40.20831087976694, 296, 1892638, 1000000, 0.004240937065333128, 0.0529441274702549
6643, 3.831952818377431, 4, 40.18312225770205, 294, 1892932, 1000000, 0.004115369636565447, 0.04534385725855827
6644, 3.523390542150537, 4, 40.18501188792288, 295, 1893227, 1000000, 0.003968088421970606, 0.05239630490541458
6645, -3.196751289302483, 2, 10.651005356106907, 75, 1893302, 1000000, 0.005786441732198, 0.020033350214362144
6646, 3.6647477052756585, 4, 40.07944851508364, 294, 1893596, 1000000, 0.005021154880523682, 0.05966183915734291
6647, 3.6394201857824555, 4, 40.143419397994876, 295, 1893891, 1000000, 0.003628311213105917, 0.04871535673737526
6648, 3.631986573647737, 4, 40.20638435380533, 295, 1894186, 1000000, 0.004882105626165867, 0.06086761876940727
6649, 3.6637671076077822, 4, 40.062953072134405, 292, 1894478, 1000000, 0.003750630421563983, 0.0585063174366951
6650, 3.6699774071785214, 4, 40.0705317328684, 295, 1894773, 1000000, 0.003672017017379403, 0.057309750467538834
6651, 3.5026943152133754, 4, 40.17731591127813, 291, 1895064, 1000000, 0.004587289411574602, 0.05794955790042877
6652, 2.925203758821226, 4, 40.16425612196326, 293, 1895357, 1000000, 0.004322867840528488, 0.05251937732100487
6653, 3.1625935914344154, 4, 40.19061977369711, 295, 1895652, 1000000, 0.004521138966083527, 0.04715370014309883
6654, 2.868754174091009, 4, 40.071551323868334, 294, 1895946, 1000000, 0.004109757486730814, 0.047941576689481735
6655, 3.321914798612852, 4, 40.17654687585309, 294, 1896240, 1000000, 0.004251457750797272, 0.05786610394716263
6656, 3.377694141232496, 4, 40.082700178958476, 291, 1896531, 1000000, 0.004644503351300955, 0.06103720888495445
6657, 3.2668650019058987, 4, 40.164263216778636, 293, 1896824, 1000000, 0.004943876527249813, 0.05073348805308342
6658, 3.3793952042196906, 4, 40.06602367386222, 294, 1897118, 1000000, 0.004396551288664341, 0.054852548986673355
6659, 3.5392645609226747, 4, 40.090382042806596, 294, 1897412, 1000000, 0.004105099476873875, 0.05655396357178688
6660, 3.4201610224554315, 4, 40.19032499892637, 296, 1897708, 1000000, 0.0044706957414746284, 0.05215040594339371
6661, 3.2252757967216894, 4, 40.1038501560688, 294, 1898002, 1000000, 0.003868924919515848, 0.05944208428263664
6662, 3.5057997365292977, 4, 40.11144086904824, 294, 1898296, 1000000, 0.004170150496065617, 0.058770012110471725
6663, 3.6295420802545664, 4, 40.075863662641495, 295, 1898591, 1000000, 0.005551254376769066, 0.059548910707235336
6664, 3.5166928695157367, 4, 40.086896209046245, 295, 1898886, 1000000, 0.004252658691257238, 0.04750635847449303
6665, 2.8521601171983093, 4, 40.06751509709284, 295, 1899181, 1000000, 0.005061017815023661, 0.05156983062624931
6666, 3.6142421714193915, 4, 40.17277903994545, 296, 1899477, 1000000, 0.0044382973574101925, 0.055786751210689545
6667, 3.3219942562791402, 4, 40.08836428588256, 294, 1899771, 1000000, 0.004432292655110359, 0.06331343948841095
6668, 1.6517085250779928, 4, 40.17650084197521, 297, 1900068, 1000000, 0.004915336146950722, 0.05033145472407341
6669, 3.4411125685464867, 4, 40.09255610732362, 295, 1900363, 1000000, 0.005005114246159792, 0.055200930684804916
6670, 3.297861520151855, 4, 40.18463233485818, 296, 1900659, 1000000, 0.004994964227080345, 0.049911461770534515
6671, 3.4057727761319256, 4, 40.14299947395921, 296, 1900955, 1000000, 0.004360516555607319, 0.04086204245686531
6672, 3.6465281132191194, 4, 40.155397463124245, 295, 1901250, 1000000, 0.00413072295486927, 0.05080742761492729
6673, 3.0318979942840087, 4, 40.12700682785362, 294, 1901544, 1000000, 0.005121178459376097, 0.059554290026426315
6674, 3.7918745275601395, 4, 40.11403664527461, 295, 1901839, 1000000, 0.0046179527416825294, 0.055124275386333466
6675, 3.7813264518863434, 4, 40.11864094529301, 295, 1902134, 1000000, 0.004645864944905043, 0.057161059230566025
6676, 3.5269824712740956, 4, 40.15720325708389, 296, 1902430, 1000000, 0.0045800297521054745, 0.05426051840186119
6677, 3.395991909701479, 4, 40.06516295671463, 294, 1902724, 1000000, 0.005159204360097647, 0.05545133352279663
6678, 3.483019200837589, 4, 40.17067979602143, 295, 1903019, 1000000, 0.005180079489946365, 0.05830146744847298
6679, 3.555091938534588, 4, 40.49726674472913, 298, 1903317, 1000000, 0.00408100476488471, 0.0509687103331089
6680, 3.2092171372887606, 4, 40.15617339499295, 295, 1903612, 1000000, 0.004430049564689398, 0.05302964150905609
6681, 3.5413888966068043, 4, 40.09535664785653, 295, 1903907, 1000000, 0.005195669364184141, 0.0637635737657547
6682, 3.6000665265819407, 4, 40.171097971033305, 295, 1904202, 1000000, 0.004397053737193346, 0.05001872405409813
6683, 3.417078534952907, 4, 40.18288360722363, 296, 1904498, 1000000, 0.004324214532971382, 0.0540798157453537
6684, -2.7990986631484702, 2, 8.80640947399661, 62, 1904560, 1000000, 0.003832370974123478, 0.09915334731340408
6685, 3.394671270296385, 4, 40.141502992250025, 295, 1904855, 1000000, 0.004075601231306791, 0.05182388424873352
6686, 3.0157483799594047, 4, 40.186601602006704, 294, 1905149, 1000000, 0.004138982389122248, 0.046787016093730927
6687, 3.280322927343377, 4, 40.16598912887275, 296, 1905445, 1000000, 0.004439203534275293, 0.0496198870241642
6688, 3.0739713032944564, 4, 40.1305688819848, 296, 1905741, 1000000, 0.004466967191547155, 0.05565818026661873
6689, 3.5729414874419945, 4, 40.09692278364673, 296, 1906037, 1000000, 0.0037770785856992006, 0.0740620568394661
6690, -2.9490597139811143, 2, 8.057480333838612, 56, 1906093, 1000000, 0.00542567390948534, 0.03719663247466087
6691, 3.191450731849727, 4, 40.10627102712169, 295, 1906388, 1000000, 0.0048048971220850945, 0.044386088848114014
6692, 3.6827906567559694, 4, 40.089894184377044, 295, 1906683, 1000000, 0.00464126281440258, 0.053058940917253494
6693, 3.424642672455775, 4, 40.11448560701683, 296, 1906979, 1000000, 0.00418062275275588, 0.05792098492383957
6694, 3.101258019769375, 4, 40.20226322719827, 296, 1907275, 1000000, 0.004400239791721106, 0.05757110193371773
6695, 3.1424508576201333, 4, 40.14345270069316, 296, 1907571, 1000000, 0.004622801672667265, 0.06133327633142471
6696, 3.4357887232736175, 4, 40.14320026198402, 293, 1907864, 1000000, 0.004450072534382343, 0.06392490863800049
6697, 3.2448236324999016, 4, 40.06943271588534, 294, 1908158, 1000000, 0.003965350333601236, 0.06945458799600601
6698, 3.258199194839108, 4, 40.133132367860526, 295, 1908453, 1000000, 0.004752958659082651, 0.04513484984636307
6699, 2.9646417724234198, 4, 40.16645059688017, 294, 1908747, 1000000, 0.004522912669926882, 0.05275717377662659
6700, 3.3486522803978005, 4, 40.15606900816783, 295, 1909042, 1000000, 0.004593008663505316, 0.045869432389736176
6701, 3.837118133842523, 4, 40.09497402701527, 294, 1909336, 1000000, 0.004157749004662037, 0.053003694862127304
6702, 3.662615546658344, 4, 40.094986245036125, 295, 1909631, 1000000, 0.0038990469183772802, 0.05763310566544533
6703, 3.79189147883244, 4, 40.179606542922556, 296, 1909927, 1000000, 0.004680250305682421, 0.06903564929962158
6704, 3.4946449342623964, 4, 40.175053727813065, 296, 1910223, 1000000, 0.004289169795811176, 0.06115330755710602
6705, 3.4497329024343344, 4, 40.15061993710697, 295, 1910518, 1000000, 0.0037985038943588734, 0.0496574342250824
6706, 2.993354470369013, 4, 40.117648222949356, 295, 1910813, 1000000, 0.004396849777549505, 0.0666111409664154
6707, 3.155646853152575, 4, 40.16528087388724, 294, 1911107, 1000000, 0.004373691976070404, 0.05560982599854469
6708, 3.5603739411653805, 4, 40.078640564810485, 296, 1911403, 1000000, 0.0045380727387964725, 0.05145289748907089
6709, 3.3019679668095705, 4, 40.17223192425445, 296, 1911699, 1000000, 0.004384918604046106, 0.05593563988804817
6710, 3.841792234115019, 4, 40.11733478400856, 295, 1911994, 1000000, 0.004751894157379866, 0.05961817130446434
6711, 3.540380218610153, 4, 40.15751889627427, 296, 1912290, 1000000, 0.0041025737300515175, 0.06818048655986786
6712, 3.541903522474513, 4, 40.11747733410448, 295, 1912585, 1000000, 0.00458988081663847, 0.04932506009936333
6713, 3.6113945291235723, 4, 40.0961275389418, 295, 1912880, 1000000, 0.0038432942237704992, 0.05113612860441208
6714, 3.746015943696875, 4, 40.11355904862285, 295, 1913175, 1000000, 0.004069779999554157, 0.056872863322496414
6715, 3.794229719282157, 4, 40.179643807932734, 296, 1913471, 1000000, 0.004541922360658646, 0.05613826960325241
6716, 3.3772958491535974, 4, 40.1098894700408, 295, 1913766, 1000000, 0.004156287293881178, 0.05394827947020531
6717, 2.8048793438974826, 4, 40.128584956750274, 295, 1914061, 1000000, 0.004608048591762781, 0.053571734577417374
6718, 2.8929967183285044, 4, 40.11629301775247, 293, 1914354, 1000000, 0.004071046132594347, 0.0423523373901844
6719, 3.843587862473214, 4, 40.18281516805291, 296, 1914650, 1000000, 0.003683107905089855, 0.05957702547311783
6720, 3.7145828536722547, 4, 40.171156510245055, 296, 1914946, 1000000, 0.00402980437502265, 0.06489451229572296
6721, 3.2470096656834357, 4, 40.15974082611501, 296, 1915242, 1000000, 0.003623729571700096, 0.05272442102432251
6722, 2.9912057402689243, 4, 40.05850609391928, 294, 1915536, 1000000, 0.0044101388193666935, 0.053468938916921616
6723, 3.2723142519007524, 4, 40.12558458093554, 295, 1915831, 1000000, 0.004349205642938614, 0.0553203783929348
6724, 3.1824020472231496, 4, 40.132956633809954, 295, 1916126, 1000000, 0.004240770824253559, 0.05733628198504448
6725, 3.4398954297394084, 4, 40.1226967680268, 296, 1916422, 1000000, 0.004667201079428196, 0.06308563798666
6726, 2.560955829514569, 4, 40.068935736082494, 295, 1916717, 1000000, 0.004630809184163809, 0.055638860911130905
6727, 3.4652642303874472, 4, 40.17360906070098, 295, 1917012, 1000000, 0.004081009421497583, 0.043013714253902435
6728, 3.3495200939646566, 4, 40.15966422203928, 292, 1917304, 1000000, 0.004185013007372618, 0.04869180545210838
6729, 3.1708293881274585, 4, 40.1701020677574, 296, 1917600, 1000000, 0.004313225392252207, 0.044143978506326675
6730, 2.9863011852321506, 4, 40.1270363079384, 295, 1917895, 1000000, 0.004356862045824528, 0.05918866768479347
6731, 3.45003354198343, 4, 40.11995077179745, 294, 1918189, 1000000, 0.004458258394151926, 0.05322820693254471
6732, 3.1812498959352524, 4, 40.19556646235287, 295, 1918484, 1000000, 0.004244107287377119, 0.057766128331422806
6733, 3.5518528924221755, 4, 40.08509008213878, 295, 1918779, 1000000, 0.004279119893908501, 0.053503651171922684
6734, 3.2265846598400003, 4, 40.1622170181945, 295, 1919074, 1000000, 0.00388977094553411, 0.043602705001831055
6735, 3.6112710288307426, 4, 40.118092488031834, 295, 1919369, 1000000, 0.004443407990038395, 0.04992622137069702
6736, 2.8740199985818435, 4, 40.19600244378671, 295, 1919664, 1000000, 0.004509453661739826, 0.06123485416173935
6737, 3.8438328347292554, 4, 40.172372641041875, 295, 1919959, 1000000, 0.003842371515929699, 0.05063241347670555
6738, 3.686235712160851, 4, 40.13607021700591, 295, 1920254, 1000000, 0.0038939034566283226, 0.04577961191534996
6739, 3.6620970734002185, 4, 40.16513089090586, 296, 1920550, 1000000, 0.004351960029453039, 0.056098371744155884
6740, 3.5089836960669345, 4, 40.14019413338974, 295, 1920845, 1000000, 0.003820517798885703, 0.06479340046644211
6741, 2.996824455418391, 4, 40.10311886994168, 295, 1921140, 1000000, 0.004078221041709185, 0.05548785626888275
6742, 2.7928508838983817, 4, 40.12710010679439, 295, 1921435, 1000000, 0.004072276409715414, 0.06519843637943268
6743, -0.390837943617953, 2, 23.551891051232815, 172, 1921607, 1000000, 0.003912192303687334, 0.05268432945013046
6744, 3.3678829957643757, 4, 40.13722666632384, 296, 1921903, 1000000, 0.0033382184337824583, 0.044625069946050644
6745, 2.759819802364291, 4, 40.1443521049805, 293, 1922196, 1000000, 0.004056461621075869, 0.042746949940919876
6746, 3.5177875977387885, 4, 40.06140715908259, 295, 1922491, 1000000, 0.004680155776441097, 0.07323948293924332
6747, 3.352224586342345, 4, 40.140921853948385, 296, 1922787, 1000000, 0.0040407367050647736, 0.048470400273799896
6748, -0.5867542970281647, 2, 26.55232135998085, 191, 1922978, 1000000, 0.0040466152131557465, 0.05738747864961624
6749, 3.163815923103357, 4, 40.149709546007216, 296, 1923274, 1000000, 0.00461413711309433, 0.053758155554533005
6750, 2.8697699509502854, 4, 40.117122971918434, 293, 1923567, 1000000, 0.004018700681626797, 0.05189508572220802
6751, -0.543072725951788, 2, 13.920505549758673, 100, 1923667, 1000000, 0.003824015613645315, 0.05087079107761383
6752, 3.5746733617124846, 4, 40.07159365201369, 295, 1923962, 1000000, 0.00387509074062109, 0.05926346033811569
6753, 3.216957268243732, 4, 40.1295650228858, 295, 1924257, 1000000, 0.00393757876008749, 0.052183765918016434
6754, 3.6570818051914102, 4, 40.14899648819119, 296, 1924553, 1000000, 0.004032667260617018, 0.04955282062292099
6755, 3.6625727534083126, 4, 40.14893051283434, 296, 1924849, 1000000, 0.00415637344121933, 0.04854772239923477
6756, 3.477121730631552, 4, 40.13795624487102, 295, 1925144, 1000000, 0.0036441872362047434, 0.06095685809850693
6757, 3.67580342920337, 4, 40.14316833531484, 295, 1925439, 1000000, 0.004262413829565048, 0.06131705641746521
6758, 3.5588397948959027, 4, 40.100485457107425, 295, 1925734, 1000000, 0.004663713276386261, 0.06449867784976959
6759, -0.6054080149624497, 2, 27.983994745183736, 205, 1925939, 1000000, 0.0051244571805000305, 0.04160165414214134
6760, 2.9067311023027287, 4, 40.14348494634032, 296, 1926235, 1000000, 0.004227232653647661, 0.05814410001039505
6761, -0.785281364369439, 2, 24.7605646639131, 181, 1926416, 1000000, 0.003927629441022873, 0.049302924424409866
6762, 3.4559529844409553, 4, 40.11166217876598, 295, 1926711, 1000000, 0.003948439843952656, 0.05878305062651634
6763, -2.2468675818672637, 2, 15.410381991881877, 111, 1926822, 1000000, 0.004193922039121389, 0.036384619772434235
6764, 2.572293746872674, 4, 40.08700631605461, 295, 1927117, 1000000, 0.004048426169902086, 0.051343467086553574
6765, 3.2610504225358454, 4, 40.101483596954495, 296, 1927413, 1000000, 0.005230974406003952, 0.05656188726425171
6766, 2.9553610659204423, 4, 40.19722205819562, 296, 1927709, 1000000, 0.004321181681007147, 0.04640699550509453
6767, 3.097433591238314, 4, 40.110019500833005, 295, 1928004, 1000000, 0.003917182330042124, 0.0524081289768219
6768, 3.2189927795734548, 4, 40.10754906479269, 296, 1928300, 1000000, 0.005372388754040003, 0.0651785135269165
6769, 3.197574606213152, 4, 40.12898276606575, 295, 1928595, 1000000, 0.003668753197416663, 0.04853785037994385
6770, 3.960960480783342, 4, 40.13173184776679, 295, 1928890, 1000000, 0.004068363923579454, 0.050119221210479736
6771, 3.1394100716570392, 4, 40.107726480811834, 294, 1929184, 1000000, 0.004015506710857153, 0.049849268049001694
6772, 3.742450981950242, 4, 40.08987454511225, 295, 1929479, 1000000, 0.0036823146510869265, 0.052869971841573715
6773, 2.821551781245944, 4, 40.131740130949765, 296, 1929775, 1000000, 0.004074478521943092, 0.056862108409404755
6774, 3.9335913756858645, 4, 40.448686856776476, 298, 1930073, 1000000, 0.004546347074210644, 0.04507571831345558
6775, 3.231052443265071, 4, 40.08701044181362, 295, 1930368, 1000000, 0.004451315850019455, 0.05952763929963112
6776, 3.0280331432295498, 4, 40.13730376493186, 295, 1930663, 1000000, 0.004265441093593836, 0.059549979865550995
6777, 2.7124569291772787, 4, 40.076669591944665, 293, 1930956, 1000000, 0.0046682702377438545, 0.06168719753623009
6778, -1.6540996693074703, 4, 40.19607701897621, 297, 1931253, 1000000, 0.004728367552161217, 0.05984719842672348
6779, 3.81434591393554, 4, 40.102241195272654, 295, 1931548, 1000000, 0.004557495005428791, 0.05252431705594063
6780, 3.0410055090160313, 4, 40.16188173787668, 295, 1931843, 1000000, 0.004397249314934015, 0.05138533562421799
6781, 4.24381875133804, 4, 40.1171879558824, 295, 1932138, 1000000, 0.0050246077589690685, 0.06480938196182251
6782, 3.273527286074568, 4, 40.063706994988024, 295, 1932433, 1000000, 0.004388697445392609, 0.046507611870765686
6783, -0.4981141801690683, 2, 21.886832867749035, 160, 1932593, 1000000, 0.004189864732325077, 0.03415994718670845
6784, 3.653180794366108, 4, 40.10069879703224, 295, 1932888, 1000000, 0.005090475548058748, 0.051042184233665466
6785, 3.305692990183161, 4, 40.05531565705314, 295, 1933183, 1000000, 0.004343803972005844, 0.029486410319805145
6786, 3.3437536790372633, 4, 40.18529834225774, 295, 1933478, 1000000, 0.004597688093781471, 0.04703374579548836
6787, 3.832986664156124, 4, 40.089207604993135, 295, 1933773, 1000000, 0.004141760524362326, 0.03820741921663284
6788, 3.7510724553658292, 4, 40.10134198889136, 296, 1934069, 1000000, 0.004492703825235367, 0.04309534281492233
6789, 3.219627906330061, 4, 40.06993316998705, 294, 1934363, 1000000, 0.0049570524133741856, 0.040779657661914825
6790, 3.6992695485159857, 4, 40.104392263107, 296, 1934659, 1000000, 0.004487516824156046, 0.06551625579595566
6791, 3.565221425069467, 4, 40.06872615497559, 296, 1934955, 1000000, 0.004560836125165224, 0.04759135842323303
6792, 3.448400136185228, 4, 40.098911240231246, 295, 1935250, 1000000, 0.004460458643734455, 0.05388258770108223
6793, 3.4810478896511086, 4, 40.087146726902574, 296, 1935546, 1000000, 0.0045794215984642506, 0.05766507238149643
6794, 2.8828779045179544, 4, 40.15044776070863, 294, 1935840, 1000000, 0.0039906431920826435, 0.047431912273168564
6795, 3.0426512126650778, 4, 40.076178232207894, 295, 1936135, 1000000, 0.004637470003217459, 0.043777547776699066
6796, 3.1367856978959026, 4, 40.12481703888625, 295, 1936430, 1000000, 0.004470381885766983, 0.03993818908929825
6797, 2.597696573189751, 4, 40.10222351178527, 295, 1936725, 1000000, 0.004476148169487715, 0.06253457814455032
6798, 3.710813059564316, 4, 40.128654992207885, 296, 1937021, 1000000, 0.004666853230446577, 0.04795285686850548
6799, 2.8525235023234927, 4, 40.15475568315014, 296, 1937317, 1000000, 0.004903326742351055, 0.048416394740343094
6800, -0.7718091479036957, 2, 13.579403664916754, 98, 1937415, 1000000, 0.005933670327067375, 0.049336180090904236
6801, 3.614665341367072, 4, 40.14224330428988, 294, 1937709, 1000000, 0.005018238443881273, 0.05386122316122055
6802, 3.703654936949306, 4, 40.071546888910234, 292, 1938001, 1000000, 0.004799653310328722, 0.04725005477666855
6803, 3.425338679392553, 4, 40.16496035316959, 293, 1938294, 1000000, 0.004574040416628122, 0.052917107939720154
6804, 2.9652026937910705, 4, 40.07847046526149, 293, 1938587, 1000000, 0.004974911920726299, 0.046859510242938995
6805, 2.991948538008728, 4, 40.18364409264177, 294, 1938881, 1000000, 0.004545094445347786, 0.04935518279671669
6806, 3.600088010822219, 4, 40.07295303884894, 293, 1939174, 1000000, 0.004305239301174879, 0.05518011003732681
6807, 3.3066856685836683, 4, 40.08976623881608, 293, 1939467, 1000000, 0.004190420266240835, 0.053526218980550766
6808, 3.5637203268997837, 4, 40.10203764773905, 293, 1939760, 1000000, 0.0045318822376430035, 0.04110882803797722
6809, 3.1381741334771505, 4, 40.196100243832916, 294, 1940054, 1000000, 0.004803820047527552, 0.05502591282129288
6810, 3.2505154933896847, 4, 40.182392137590796, 296, 1940350, 1000000, 0.004678110126405954, 0.05709735304117203
6811, 3.736341773219465, 4, 40.137202756945044, 293, 1940643, 1000000, 0.00468860100954771, 0.050590381026268005
6812, 2.691488127951743, 4, 40.1329197390005, 292, 1940935, 1000000, 0.004821860697120428, 0.03838760778307915
6813, 3.675834803165344, 4, 40.10806111432612, 293, 1941228, 1000000, 0.0040677692741155624, 0.04984283074736595
6814, 2.809131700807484, 4, 40.06082286732271, 293, 1941521, 1000000, 0.004394977819174528, 0.05393211171030998
6815, 3.4469843359765946, 4, 40.139509164728224, 294, 1941815, 1000000, 0.004164860118180513, 0.04697723686695099
6816, 3.767084544768295, 4, 40.077788448892534, 292, 1942107, 1000000, 0.005740299820899963, 0.03943582624197006
6817, 3.0875804177721875, 4, 40.166867828927934, 294, 1942401, 1000000, 0.005498004611581564, 0.04041123017668724
6818, -0.9413922693347558, 2, 19.297974433749914, 140, 1942541, 1000000, 0.005780679639428854, 0.050070587545633316
6819, -2.4189220577827655, 2, 10.072952766902745, 71, 1942612, 1000000, 0.0038882263470441103, 0.052727989852428436
6820, 2.9508796556947345, 4, 40.18428217014298, 294, 1942906, 1000000, 0.004142268560826778, 0.04570857062935829
6821, 3.28966158827825, 4, 40.07794172130525, 294, 1943200, 1000000, 0.004841500893235207, 0.04107029736042023
6822, 3.434205843375821, 4, 40.150824991986156, 295, 1943495, 1000000, 0.003895960748195648, 0.049640558660030365
6823, 3.525627439699747, 4, 40.21692048897967, 295, 1943790, 1000000, 0.004229288548231125, 0.048377297818660736
6824, 2.6743880920329275, 4, 40.14107971731573, 292, 1944082, 1000000, 0.004198713228106499, 0.04900088906288147
6825, 3.2824384681862284, 4, 40.06275081401691, 294, 1944376, 1000000, 0.004506909754127264, 0.04850991070270538
6826, 3.1631321556797047, 4, 40.12457116832957, 294, 1944670, 1000000, 0.004732837434858084, 0.04388131573796272
6827, 3.0616490788033843, 4, 40.18340733507648, 295, 1944965, 1000000, 0.005321353208273649, 0.059092313051223755
6828, 2.577013596699544, 4, 40.08567717904225, 294, 1945259, 1000000, 0.004029898904263973, 0.05294206365942955
6829, -2.935484201880172, 2, 13.515311824157834, 96, 1945355, 1000000, 0.00403226725757122, 0.03762878105044365
6830, 2.8274604009930044, 4, 40.104685326106846, 294, 1945649, 1000000, 0.004529762081801891, 0.04700064659118652
6831, 3.957541062252858, 4, 40.13403617916629, 295, 1945944, 1000000, 0.004513661377131939, 0.05144203454256058
6832, 3.037969873888869, 4, 40.150658500846475, 294, 1946238, 1000000, 0.00520884757861495, 0.04612037166953087
6833, 3.194205000050715, 4, 40.08421730995178, 292, 1946530, 1000000, 0.004642243962734938, 0.05079996958374977
6834, 3.114442855148809, 4, 40.14837235072628, 296, 1946826, 1000000, 0.004720875062048435, 0.04391476884484291
6835, 3.2816289519905695, 4, 40.09639071719721, 294, 1947120, 1000000, 0.004089908674359322, 0.033743422478437424
6836, 3.3076247979806794, 4, 40.176304881926626, 294, 1947414, 1000000, 0.004425554070621729, 0.05986351892352104
6837, 3.1874609008536936, 4, 40.16096807876602, 294, 1947708, 1000000, 0.004481958691030741, 0.056097425520420074
6838, 3.834896218366339, 4, 40.125018464867026, 294, 1948002, 1000000, 0.005082761403173208, 0.03867948800325394
6839, 3.635149997917324, 4, 40.08627105737105, 294, 1948296, 1000000, 0.004532898776233196, 0.06172832101583481
6840, 2.985625107681699, 4, 40.07476999005303, 294, 1948590, 1000000, 0.00441006850451231, 0.045760929584503174
6841, 3.9310397699337045, 4, 40.06183312879875, 294, 1948884, 1000000, 0.004686800763010979, 0.03907570242881775
6842, 3.2446519407021697, 4, 40.149412649683654, 295, 1949179, 1000000, 0.004515182692557573, 0.0420772023499012
6843, 3.1760438697328937, 4, 40.17594566801563, 295, 1949474, 1000000, 0.005260974168777466, 0.04089809209108353
6844, 3.63677922376246, 4, 40.090938672889024, 291, 1949765, 1000000, 0.005011080764234066, 0.047569312155246735
6845, 2.8948960931084002, 4, 40.103108011651784, 294, 1950059, 1000000, 0.0043653338216245174, 0.04411175847053528
6846, 3.292977392036846, 4, 40.098849817644805, 293, 1950352, 1000000, 0.004668934736400843, 0.05237003415822983
6847, 3.2074720301898196, 4, 40.10202256590128, 294, 1950646, 1000000, 0.004204841330647469, 0.05336933210492134
6848, 3.435304146274575, 4, 40.1884676059708, 294, 1950940, 1000000, 0.004316136706620455, 0.047505006194114685
6849, 3.35583323847095, 4, 40.19568335311487, 295, 1951235, 1000000, 0.004735955037176609, 0.04080221801996231
6850, 3.278438489715654, 4, 40.122569122351706, 292, 1951527, 1000000, 0.004737778566777706, 0.04415477067232132
6851, 3.1520961565006473, 4, 40.14169292477891, 293, 1951820, 1000000, 0.004797164350748062, 0.048286013305187225
6852, 3.7819036022483488, 4, 40.16522477287799, 295, 1952115, 1000000, 0.004465513862669468, 0.05372544005513191
6853, 3.2582473649908934, 4, 40.139581814873964, 294, 1952409, 1000000, 0.004547180607914925, 0.042819537222385406
6854, 3.1787462422398676, 4, 40.07294809492305, 294, 1952703, 1000000, 0.005241813603788614, 0.050796665251255035
6855, 2.9148354291501164, 4, 40.104740337934345, 294, 1952997, 1000000, 0.0042726146057248116, 0.04191584885120392
6856, 3.380049585197412, 4, 40.152451037894934, 294, 1953291, 1000000, 0.004958512727171183, 0.048126157373189926
6857, 3.3223563645296963, 4, 40.1293369801715, 294, 1953585, 1000000, 0.004802253097295761, 0.05102815851569176
6858, 3.899207255257352, 4, 40.09909462509677, 294, 1953879, 1000000, 0.00454420642927289, 0.05003802478313446
6859, 3.529346090799663, 4, 40.16196018597111, 295, 1954174, 1000000, 0.005334632471203804, 0.03931569308042526
6860, 3.732764499723544, 4, 40.18683247407898, 294, 1954468, 1000000, 0.00500908587127924, 0.05933284014463425
6861, 3.476216136907169, 4, 40.05607530288398, 295, 1954763, 1000000, 0.0049086669459939, 0.04507605358958244
6862, 2.72343704774903, 4, 40.08914575120434, 294, 1955057, 1000000, 0.00440111244097352, 0.060469139367341995
6863, 3.462850144411732, 4, 40.12065875297412, 295, 1955352, 1000000, 0.004715255927294493, 0.06468422710895538
6864, 3.010978805308696, 4, 40.08512924006209, 294, 1955646, 1000000, 0.005299591924995184, 0.04240763932466507
6865, 3.2912583874840493, 4, 40.117138030938804, 294, 1955940, 1000000, 0.005818577948957682, 0.05297505855560303
6866, 3.621240892480273, 4, 40.12206830596551, 295, 1956235, 1000000, 0.004055785946547985, 0.052157845348119736
6867, 3.2841214345462504, 4, 40.10271511413157, 293, 1956528, 1000000, 0.0043533858843147755, 0.045256245881319046
6868, 3.789540498266433, 4, 40.14558595791459, 295, 1956823, 1000000, 0.0046427142806351185, 0.04925720766186714
6869, 3.209021054492041, 4, 40.16687969490886, 295, 1957118, 1000000, 0.004700732883065939, 0.05481768399477005
6870, 3.284608436842973, 4, 40.10411543305963, 294, 1957412, 1000000, 0.0050041284412145615, 0.04652925953269005
6871, 3.3261325420753565, 4, 40.07902645692229, 293, 1957705, 1000000, 0.004677963443100452, 0.055659785866737366
6872, 2.8766240104787357, 4, 40.17957319226116, 296, 1958001, 1000000, 0.004177709110081196, 0.046544887125492096
6873, 3.1218150912645797, 4, 40.14191829506308, 293, 1958294, 1000000, 0.004342900589108467, 0.04028959572315216
6874, 3.220570393012167, 4, 40.22493845690042, 286, 1958580, 1000000, 0.004046569112688303, 0.049128562211990356
6875, 2.895630751412682, 4, 40.32934028562158, 282, 1958862, 1000000, 0.0044735148549079895, 0.053513091057538986
6876, 3.30837213563791, 4, 40.20207457290962, 290, 1959152, 1000000, 0.004998156800866127, 0.057633303105831146
6877, 3.2203308734460734, 4, 40.116294217295945, 294, 1959446, 1000000, 0.004455276764929295, 0.038104623556137085
6878, 3.558563492151734, 4, 40.11017373064533, 295, 1959741, 1000000, 0.004953213036060333, 0.049590662121772766
6879, 3.206150834748769, 4, 40.161521651782095, 295, 1960036, 1000000, 0.004202383570373058, 0.050326377153396606
6880, 3.8210730645366766, 4, 40.156488846987486, 295, 1960331, 1000000, 0.004374419804662466, 0.05324121192097664
6881, 3.9482019930537717, 4, 40.16327987797558, 296, 1960627, 1000000, 0.004158155061304569, 0.053333308547735214
6882, 3.6986050585765042, 4, 40.124518151860684, 296, 1960923, 1000000, 0.004537362605333328, 0.05363204702734947
6883, 3.961893846077146, 4, 40.174310913309455, 297, 1961220, 1000000, 0.00450422428548336, 0.03634973615407944
6884, 2.942683859015233, 4, 40.17464319895953, 296, 1961516, 1000000, 0.004208770580589771, 0.054249756038188934
6885, 3.6480821656932676, 4, 40.10413547605276, 296, 1961812, 1000000, 0.005130551755428314, 0.052057914435863495
6886, 3.509760382636159, 4, 40.17584692314267, 296, 1962108, 1000000, 0.004428260959684849, 0.05581294372677803
6887, 3.5991024682243733, 4, 40.057171403896064, 295, 1962403, 1000000, 0.004897869657725096, 0.0626293271780014
6888, 2.8447100564208085, 4, 40.09361466113478, 293, 1962696, 1000000, 0.004476427100598812, 0.05397266894578934
6889, 3.548231827247946, 4, 40.09902287693694, 296, 1962992, 1000000, 0.005594021640717983, 0.05243031308054924
6890, 3.6856052488255955, 4, 40.076944009866565, 295, 1963287, 1000000, 0.004992704372853041, 0.05251701921224594
6891, 3.391968213032669, 4, 40.15314244385809, 294, 1963581, 1000000, 0.005334537476301193, 0.04671185836195946
6892, 3.7584971476790088, 4, 40.18049530684948, 296, 1963877, 1000000, 0.004540212452411652, 0.04945353418588638
6893, 3.2869174331026443, 4, 40.114412508904934, 296, 1964173, 1000000, 0.004253505729138851, 0.05594000220298767
6894, 3.120302241472018, 4, 40.09000114304945, 296, 1964469, 1000000, 0.004917658865451813, 0.04087554290890694
6895, 3.38580100186482, 4, 40.10846306802705, 295, 1964764, 1000000, 0.00414205901324749, 0.046621035784482956
6896, 3.4483540322598856, 4, 40.08102044928819, 295, 1965059, 1000000, 0.004667379893362522, 0.050095342099666595
6897, 3.6063015009640367, 4, 40.13604063587263, 295, 1965354, 1000000, 0.004797953646630049, 0.048131346702575684
6898, 2.869663902888533, 4, 40.09875638131052, 296, 1965650, 1000000, 0.004002782050520182, 0.04472160339355469
6899, 3.20639988172843, 4, 40.065177933778614, 296, 1965946, 1000000, 0.004488196223974228, 0.044155869632959366
6900, 3.4526120031541723, 4, 40.063450349960476, 296, 1966242, 1000000, 0.0045369770377874374, 0.05097205564379692
6901, 3.377073625491903, 4, 40.091317594982684, 295, 1966537, 1000000, 0.005042627919465303, 0.05539074167609215
6902, 3.2384377439375385, 4, 40.17924039857462, 293, 1966830, 1000000, 0.004496411886066198, 0.04244375228881836
6903, 3.692483101340258, 4, 40.05983504233882, 295, 1967125, 1000000, 0.0038648387417197227, 0.04345083236694336
6904, 3.5737015511658683, 4, 40.105601960327476, 295, 1967420, 1000000, 0.004526274278759956, 0.06827389448881149
6905, 3.079465779870361, 4, 40.197193161118776, 296, 1967716, 1000000, 0.0043932050466537476, 0.04890481382608414
6906, 3.447340373568295, 4, 40.160863718017936, 296, 1968012, 1000000, 0.004918213002383709, 0.0529579222202301
6907, 2.8807215443339373, 4, 40.08156235702336, 296, 1968308, 1000000, 0.004445254802703857, 0.040910735726356506
6908, 3.2535570889085648, 4, 40.15780327608809, 296, 1968604, 1000000, 0.003915075678378344, 0.04332946613430977
6909, 2.9324843771610176, 4, 40.14054736727849, 296, 1968900, 1000000, 0.00437286589294672, 0.04151315987110138
6910, 3.375922526069189, 4, 40.405050456058234, 296, 1969196, 1000000, 0.004755503963679075, 0.04538000002503395
6911, 3.4427958738779125, 4, 40.11438757088035, 295, 1969491, 1000000, 0.004285179544240236, 0.05155966803431511
6912, 3.7406230919004884, 4, 40.17122982116416, 297, 1969788, 1000000, 0.004836151376366615, 0.042031195014715195
6913, 3.793884952479857, 4, 40.179776933044195, 296, 1970084, 1000000, 0.004737548530101776, 0.04801196604967117
6914, 3.547181185454974, 4, 40.09871964668855, 294, 1970378, 1000000, 0.0047041731886565685, 0.056618429720401764
6915, 3.350892520115849, 4, 40.143511433154345, 293, 1970671, 1000000, 0.004756520502269268, 0.04829418286681175
6916, 3.8122232496812103, 4, 40.13440710213035, 295, 1970966, 1000000, 0.005209697410464287, 0.046410512179136276
6917, -1.5922507159557426, 2, 36.03270113328472, 266, 1971232, 1000000, 0.003874880028888583, 0.047531940042972565
6918, 2.913592198248807, 4, 40.05816895328462, 295, 1971527, 1000000, 0.0040007117204368114, 0.06117010489106178
6919, 3.658869327427965, 4, 40.11199129605666, 295, 1971822, 1000000, 0.004571355413645506, 0.05428130552172661
6920, 3.4798951253978885, 4, 40.38184001715854, 294, 1972116, 1000000, 0.0044120121747255325, 0.06254324316978455
6921, 3.2294947314585443, 4, 40.154625684954226, 294, 1972410, 1000000, 0.0045018806122243404, 0.054352257400751114
6922, 3.2469094473908626, 4, 40.17275946866721, 295, 1972705, 1000000, 0.004222075920552015, 0.04403068497776985
6923, 3.38840958421315, 4, 40.09243532968685, 295, 1973000, 1000000, 0.004318548832088709, 0.05161226913332939
6924, 3.953821535269526, 4, 40.089174369350076, 294, 1973294, 1000000, 0.004254529252648354, 0.04219362884759903
6925, 3.504019325977424, 4, 40.13330895686522, 295, 1973589, 1000000, 0.004517280496656895, 0.04549257457256317
6926, 3.0857011083949146, 4, 40.087201870046556, 295, 1973884, 1000000, 0.003938845358788967, 0.05056469887495041
6927, 3.1796262301550087, 4, 40.142138860188425, 295, 1974179, 1000000, 0.004244830925017595, 0.03266540914773941
6928, 3.4609710493386956, 4, 40.124121052678674, 296, 1974475, 1000000, 0.004080136306583881, 0.049215272068977356
6929, 2.894820073259325, 4, 40.09000161709264, 295, 1974770, 1000000, 0.004063383210450411, 0.054454028606414795
6930, 2.7902722806375095, 4, 40.16914713103324, 296, 1975066, 1000000, 0.004406498745083809, 0.046501293778419495
6931, 3.9927105483839114, 4, 40.10178918577731, 295, 1975361, 1000000, 0.004704357590526342, 0.050473857671022415
6932, 2.958882442988852, 4, 40.096290283836424, 295, 1975656, 1000000, 0.00489010801538825, 0.04613717645406723
6933, 3.4273936420040627, 4, 40.146158013958484, 296, 1975952, 1000000, 0.004467320162802935, 0.052272018045186996
6934, 3.5835134308708803, 4, 40.1123282071203, 295, 1976247, 1000000, 0.003989280201494694, 0.04469206556677818
6935, 3.781532239405351, 4, 40.118125861976296, 295, 1976542, 1000000, 0.004172705579549074, 0.04163646697998047
6936, -2.234485450666398, 2, 11.528600357007235, 82, 1976624, 1000000, 0.005354554858058691, 0.05206690728664398
6937, 3.5813666934782304, 4, 40.13600505236536, 296, 1976920, 1000000, 0.004425414372235537, 0.05033237114548683
6938, 3.315587264860369, 4, 40.17761477129534, 296, 1977216, 1000000, 0.0049748849123716354, 0.05916815251111984
6939, 3.80568033981217, 4, 40.074636850040406, 296, 1977512, 1000000, 0.004916151519864798, 0.04139913246035576
6940, 3.6446719549676345, 4, 40.09947443380952, 295, 1977807, 1000000, 0.004984159953892231, 0.043548762798309326
6941, 3.9073207947440096, 4, 40.13699490996078, 296, 1978103, 1000000, 0.004056753125041723, 0.05478258430957794
6942, 3.410005428479053, 4, 40.18843419384211, 296, 1978399, 1000000, 0.004655770026147366, 0.049243368208408356
6943, 3.2563324538232337, 4, 40.08762486092746, 296, 1978695, 1000000, 0.004148575477302074, 0.04958474263548851
6944, 3.230234157666928, 4, 40.13346878485754, 295, 1978990, 1000000, 0.005632632412016392, 0.050213057547807693
6945, 3.663662054554152, 4, 40.159389668144286, 296, 1979286, 1000000, 0.004359815269708633, 0.04385344684123993
6946, 3.091996666367777, 4, 40.1769855087623, 296, 1979582, 1000000, 0.005205250345170498, 0.05079128220677376
6947, 3.7851372279110365, 4, 40.08668363792822, 296, 1979878, 1000000, 0.004837671760469675, 0.036385584622621536
6948, 3.040138870710507, 4, 40.074181388132274, 295, 1980173, 1000000, 0.004657028708606958, 0.03736880421638489
6949, 3.8799315166652377, 4, 40.178194222040474, 296, 1980469, 1000000, 0.004682602360844612, 0.04738736152648926
6950, 2.9294864308903925, 4, 40.1841641003266, 297, 1980766, 1000000, 0.004083693493157625, 0.04198344796895981
6951, 3.05469074834582, 4, 40.13603308890015, 297, 1981063, 1000000, 0.004663544707000256, 0.044468238949775696
6952, 3.412275452112226, 4, 40.123938316013664, 294, 1981357, 1000000, 0.004715729039162397, 0.042319588363170624
6953, 3.8052077495794947, 4, 40.109768226742744, 296, 1981653, 1000000, 0.0041520013473927975, 0.04094913601875305
6954, 2.786113133716981, 4, 40.06660796608776, 295, 1981948, 1000000, 0.004885793663561344, 0.041078098118305206
6955, 1.3479439318180084, 4, 40.165844112169, 297, 1982245, 1000000, 0.0042502908036112785, 0.05047687515616417
6956, 3.977379563541035, 4, 40.08458500029519, 295, 1982540, 1000000, 0.004846061114221811, 0.054109636694192886
6957, 3.174347577340086, 4, 40.12335336301476, 296, 1982836, 1000000, 0.004370623268187046, 0.03571068495512009
6958, 2.8450916179044725, 4, 40.168155151885, 296, 1983132, 1000000, 0.00421955157071352, 0.04040028527379036
6959, 2.946352503156959, 4, 40.07542422693223, 295, 1983427, 1000000, 0.004144946113228798, 0.045338381081819534
6960, 3.7719119907505956, 4, 40.151639895979315, 296, 1983723, 1000000, 0.005325078032910824, 0.04314554110169411
6961, 3.1722960340312056, 4, 40.101377522107214, 296, 1984019, 1000000, 0.004831236321479082, 0.04587944224476814
6962, 3.465709393251018, 4, 40.18358824821189, 296, 1984315, 1000000, 0.003953306470066309, 0.051514722406864166
6963, 3.576881545362994, 4, 40.13795750075951, 296, 1984611, 1000000, 0.0037861582823097706, 0.03361629322171211
6964, 2.948343764484889, 4, 40.11925507709384, 296, 1984907, 1000000, 0.003926570527255535, 0.057254280894994736
6965, 2.8940943460875133, 4, 40.10289935488254, 296, 1985203, 1000000, 0.00421353941783309, 0.03446529433131218
6966, 3.838723499186017, 4, 40.20150352688506, 297, 1985500, 1000000, 0.003928470890969038, 0.047589898109436035
6967, 3.3564947763370583, 4, 40.152536515146494, 296, 1985796, 1000000, 0.004638032056391239, 0.05949036031961441
6968, 3.773507871440472, 4, 40.0968373590149, 296, 1986092, 1000000, 0.0038501122035086155, 0.038555122911930084
6969, 2.82800338771267, 4, 40.11619542632252, 296, 1986388, 1000000, 0.005026326980441809, 0.03893594071269035
6970, 3.7908011899662597, 4, 40.114998531062156, 296, 1986684, 1000000, 0.004448954481631517, 0.050163790583610535
6971, 3.80763774773186, 4, 40.05054250219837, 295, 1986979, 1000000, 0.004398087505251169, 0.0473690964281559
6972, 3.088853953629041, 4, 40.092846646904945, 294, 1987273, 1000000, 0.0044904062524437904, 0.04464606195688248
6973, 3.777708377918316, 4, 40.50402622716501, 297, 1987570, 1000000, 0.004542143549770117, 0.04258864372968674
6974, 3.307162799153957, 4, 40.06902483990416, 293, 1987863, 1000000, 0.0037834823597222567, 0.03436610475182533
6975, 3.8921553715804293, 4, 40.19392948364839, 296, 1988159, 1000000, 0.0041501144878566265, 0.05277121439576149
6976, 2.678055032765542, 4, 40.1989464238286, 297, 1988456, 1000000, 0.0037559194024652243, 0.042680658400058746
6977, 3.131456096181637, 4, 40.10419770190492, 295, 1988751, 1000000, 0.0047293673269450665, 0.049585212022066116
6978, 3.3481997973722173, 4, 40.132704021874815, 296, 1989047, 1000000, 0.004127722233533859, 0.05009649321436882
6979, 3.231669093722303, 4, 40.09077571704984, 296, 1989343, 1000000, 0.004708595108240843, 0.0541708841919899
6980, 2.800013783024042, 4, 40.16812724340707, 296, 1989639, 1000000, 0.004545101895928383, 0.051865849643945694
6981, 3.8261484655081404, 4, 40.106710521969944, 296, 1989935, 1000000, 0.0048551675863564014, 0.03476044163107872
6982, 3.7420683746713337, 4, 40.15298804594204, 296, 1990231, 1000000, 0.004340685438364744, 0.058436162769794464
6983, 3.778921354538852, 4, 40.09977834112942, 295, 1990526, 1000000, 0.003954595886170864, 0.04786040261387825
6984, 3.337829447036256, 4, 40.106509843841195, 296, 1990822, 1000000, 0.004340263549238443, 0.05369194597005844
6985, 2.547895698924549, 4, 40.19449375895783, 296, 1991118, 1000000, 0.004230781923979521, 0.03937989100813866
6986, 3.735507993667852, 4, 40.10065108491108, 295, 1991413, 1000000, 0.00449334504082799, 0.04081161692738533
6987, 3.2784205326606752, 4, 40.12442611390725, 295, 1991708, 1000000, 0.004763742443174124, 0.03338684141635895
6988, 2.997259874609881, 4, 40.10156485019252, 296, 1992004, 1000000, 0.004265682306140661, 0.05114409327507019
6989, 2.9357470629620366, 4, 40.11490306071937, 296, 1992300, 1000000, 0.004544017370790243, 0.04873573035001755
6990, 3.5184652159259713, 4, 40.13502230076119, 296, 1992596, 1000000, 0.003816579934209585, 0.04101431369781494
6991, 2.7254745802347315, 4, 40.06306588323787, 296, 1992892, 1000000, 0.0045714289881289005, 0.0419384129345417
6992, 3.0158398036837752, 4, 40.087795751169324, 296, 1993188, 1000000, 0.0037355951499193907, 0.035567913204431534
6993, 3.9736165977624296, 4, 40.078359415289015, 296, 1993484, 1000000, 0.004091115202754736, 0.051118284463882446
6994, 3.760740044319391, 4, 40.09366161143407, 296, 1993780, 1000000, 0.004720434080809355, 0.04902392625808716
6995, 3.8087018932242245, 4, 40.17965989001095, 297, 1994077, 1000000, 0.005105741322040558, 0.04442643001675606
6996, 3.4481405718279348, 4, 40.12461736192927, 296, 1994373, 1000000, 0.004665423184633255, 0.052137576043605804
6997, 3.839157721840138, 4, 40.12583996867761, 296, 1994669, 1000000, 0.004177097696810961, 0.04229648411273956
6998, 3.637471835958422, 4, 40.18676380161196, 297, 1994966, 1000000, 0.0043877167627215385, 0.04054240882396698
6999, 3.640226493414957, 4, 40.10651625785977, 296, 1995262, 1000000, 0.004322768654674292, 0.0427534282207489
7000, 3.1094203415518678, 4, 40.12587434006855, 296, 1995558, 1000000, 0.004710490349680185, 0.05784255266189575
7001, 3.0944002981777885, 4, 40.13066742569208, 293, 1995851, 1000000, 0.004670855589210987, 0.04809881001710892
7002, 2.8392397968455043, 4, 40.14733633585274, 294, 1996145, 1000000, 0.0049176570028066635, 0.03720414638519287
7003, 3.2072360611871886, 4, 40.13542439695448, 292, 1996437, 1000000, 0.00406721793115139, 0.04647066071629524
7004, 3.134725317238008, 4, 40.5197585048154, 295, 1996732, 1000000, 0.003673932049423456, 0.04325924068689346
7005, 3.537021872571131, 4, 40.13188622891903, 292, 1997024, 1000000, 0.004162720404565334, 0.03918002173304558
7006, 3.5038642337112833, 4, 40.06868545105681, 293, 1997317, 1000000, 0.004417297430336475, 0.04469529539346695
7007, 3.297637634986131, 4, 40.16267045028508, 294, 1997611, 1000000, 0.004647738765925169, 0.0618186891078949
7008, 3.663044172742957, 4, 40.185495753306895, 293, 1997904, 1000000, 0.004241470713168383, 0.04715690016746521
7009, 3.471824646641835, 4, 40.117914725095034, 293, 1998197, 1000000, 0.003841828089207411, 0.049042895436286926
7010, 3.6941614050356293, 4, 40.172741177957505, 295, 1998492, 1000000, 0.003972719423472881, 0.056013986468315125
7011, 3.231400191809371, 4, 40.172602197155356, 294, 1998786, 1000000, 0.004465761128813028, 0.052085526287555695
7012, 3.636486320188851, 4, 40.19134381506592, 293, 1999079, 1000000, 0.0041457912884652615, 0.048622868955135345
7013, 3.286645309533924, 4, 40.10202608956024, 294, 1999373, 1000000, 0.004362448584288359, 0.047782961279153824
7014, 3.1717353993853976, 4, 40.13875401765108, 293, 1999666, 1000000, 0.0037077947054058313, 0.047053392976522446
7015, 3.2566910089881276, 4, 40.086747595109046, 294, 1999960, 1000000, 0.004746949765831232, 0.047367554157972336
7016, 3.716404195074574, 4, 40.07005033409223, 294, 2000254, 1000000, 0.004103926010429859, 0.0442938432097435
7017, 4.1100287839899465, 4, 40.12384601915255, 294, 2000548, 1000000, 0.004251858219504356, 0.041714027523994446
7018, 3.4778259466474992, 4, 40.50714312214404, 295, 2000843, 1000000, 0.00446263886988163, 0.03847171366214752
7019, 3.1683226775785442, 4, 40.151264540851116, 295, 2001138, 1000000, 0.003959661349654198, 0.040556538850069046
7020, 3.5496468714882212, 4, 40.18633410008624, 295, 2001433, 1000000, 0.005005120299756527, 0.06584727764129639
7021, 3.1676452702281495, 4, 40.17214825190604, 296, 2001729, 1000000, 0.004118538927286863, 0.039334602653980255
7022, 3.990575104720847, 4, 40.123792621772736, 295, 2002024, 1000000, 0.004311470314860344, 0.0479743555188179
7023, 3.3244580867585682, 4, 40.12029995210469, 296, 2002320, 1000000, 0.0044278535060584545, 0.05310659855604172
7024, -0.5450081965354912, 2, 25.37251904886216, 184, 2002504, 1000000, 0.004451858811080456, 0.04279499500989914
7025, 2.885093352138938, 4, 40.09410503320396, 296, 2002800, 1000000, 0.0045121805742383, 0.05259494110941887
7026, 3.08505670330851, 4, 40.11834793398157, 296, 2003096, 1000000, 0.0045316992327570915, 0.04960537329316139
7027, 2.9366470614622813, 4, 40.124025552067906, 295, 2003391, 1000000, 0.004841592162847519, 0.04828668385744095
7028, 2.9382389507209155, 4, 40.110295901075006, 295, 2003686, 1000000, 0.003855873364955187, 0.04759717732667923
7029, 3.776565791585199, 4, 40.12977044098079, 295, 2003981, 1000000, 0.0039298515766859055, 0.024766987189650536
7030, 3.651232519870973, 4, 40.11533897276968, 295, 2004276, 1000000, 0.0053537823259830475, 0.049225397408008575
7031, 2.3529047120246105, 4, 40.138999070972204, 297, 2004573, 1000000, 0.00448352238163352, 0.04348791763186455
7032, 3.5392044773543603, 4, 40.14029665803537, 294, 2004867, 1000000, 0.0037308011669665575, 0.04258044809103012
7033, 3.6257387355717583, 4, 40.1581152388826, 293, 2005160, 1000000, 0.004619834944605827, 0.045836854726076126
7034, -3.708859153324738, 2, 6.13710922608152, 42, 2005202, 1000000, 0.004127721767872572, 0.04410284385085106
7035, 3.897851553775581, 4, 40.10796885564923, 294, 2005496, 1000000, 0.004304372705519199, 0.040370091795921326
7036, 3.4806765198300127, 4, 40.14744395110756, 296, 2005792, 1000000, 0.004485537763684988, 0.03981779143214226
7037, 3.6081137049768586, 4, 40.177495231386274, 297, 2006089, 1000000, 0.00487521244212985, 0.053504351526498795
7038, 3.6809861883957637, 4, 40.1947550107725, 296, 2006385, 1000000, 0.004412917420268059, 0.046816397458314896
7039, 3.224601439826074, 4, 40.198142742272466, 293, 2006678, 1000000, 0.004020399879664183, 0.04709197208285332
7040, 3.6762126450383903, 4, 40.11669576819986, 295, 2006973, 1000000, 0.0037958920001983643, 0.04184282571077347
7041, 3.2686896157683805, 4, 40.16426522936672, 296, 2007269, 1000000, 0.003992333542555571, 0.04164811968803406
7042, 3.4590282682802354, 4, 40.192898952867836, 296, 2007565, 1000000, 0.004373376723378897, 0.047020286321640015
7043, 2.832195658276305, 4, 40.110956988763064, 296, 2007861, 1000000, 0.004580886568874121, 0.05613228306174278
7044, 2.916442977922088, 4, 40.2108178739436, 297, 2008158, 1000000, 0.004010492470115423, 0.0429985448718071
7045, -0.8494837560228916, 2, 37.798420946113765, 278, 2008436, 1000000, 0.004234589636325836, 0.04008728638291359
7046, 3.1342371396076487, 4, 40.22663254197687, 296, 2008732, 1000000, 0.004115479066967964, 0.034823913127183914
7047, 3.448493363779562, 4, 40.10577383916825, 296, 2009028, 1000000, 0.0043271384201943874, 0.03698568418622017
7048, 2.747507029951521, 4, 40.089291425887495, 296, 2009324, 1000000, 0.0039509134367108345, 0.04076025262475014
7049, 3.6007936826135847, 4, 40.08444194961339, 296, 2009620, 1000000, 0.004353087395429611, 0.03280214965343475
7050, 3.3325648303834896, 4, 40.15377895301208, 296, 2009916, 1000000, 0.005166113376617432, 0.04819773882627487
7051, 3.175082765137631, 4, 40.09955465281382, 296, 2010212, 1000000, 0.004318213555961847, 0.05251482501626015
7052, -0.6424856199361102, 2, 39.04689220292494, 288, 2010500, 1000000, 0.003465409390628338, 0.04151676595211029
7053, 4.016150670471916, 4, 40.15448408713564, 296, 2010796, 1000000, 0.00403423048555851, 0.04937177151441574
7054, 3.040705432782488, 4, 40.0937196938321, 296, 2011092, 1000000, 0.004275210201740265, 0.02723872661590576
7055, -0.9112126263498794, 2, 27.492120165843517, 201, 2011293, 1000000, 0.0049567194655537605, 0.042625389993190765
7056, 3.644033285907426, 4, 40.12324324902147, 296, 2011589, 1000000, 0.004036077298223972, 0.04257122799754143
7057, 3.5321053263833164, 4, 40.10471985209733, 296, 2011885, 1000000, 0.004328761249780655, 0.04010086506605148
7058, 3.0081595229407867, 4, 40.13466338906437, 296, 2012181, 1000000, 0.00460796570405364, 0.03692639246582985
7059, 2.863615659691277, 4, 40.08330142963678, 296, 2012477, 1000000, 0.005178271327167749, 0.054589368402957916
7060, 3.358491882758244, 4, 40.058048103004694, 296, 2012773, 1000000, 0.003629368729889393, 0.021069591864943504
7061, 2.8889427883732424, 4, 40.12213674001396, 296, 2013069, 1000000, 0.004276446998119354, 0.03540637716650963
7062, 3.62245050033016, 4, 40.09564233897254, 296, 2013365, 1000000, 0.0039009684696793556, 0.04868990182876587
7063, 3.173674380270313, 4, 40.16317308181897, 296, 2013661, 1000000, 0.004026961512863636, 0.044575002044439316
7064, 3.4597218732669717, 4, 40.07233882462606, 296, 2013957, 1000000, 0.0037952535785734653, 0.049399763345718384
7065, 3.0549359344804543, 4, 40.16597214108333, 297, 2014254, 1000000, 0.0037058175075799227, 0.04929066449403763
7066, 3.599018501237879, 4, 40.043010314926505, 295, 2014549, 1000000, 0.005346208810806274, 0.04294458031654358
7067, 3.5860961857933944, 4, 40.104499857872725, 296, 2014845, 1000000, 0.003963763359934092, 0.03595872223377228
7068, 2.989480726828333, 4, 40.18299583811313, 296, 2015141, 1000000, 0.004050124436616898, 0.03559733182191849
7069, 3.822677994801552, 4, 40.18361442629248, 296, 2015437, 1000000, 0.003986744210124016, 0.03940718248486519
7070, 3.492529184619343, 4, 40.189510150812566, 297, 2015734, 1000000, 0.003833879018202424, 0.04241488128900528
7071, 3.6213432401928003, 4, 40.08019974408671, 296, 2016030, 1000000, 0.005027086474001408, 0.03734239935874939
7072, 3.8988252769922838, 4, 40.161087677814066, 296, 2016326, 1000000, 0.0045341746881604195, 0.03162671625614166
7073, 4.0202629677719415, 4, 40.17398982308805, 296, 2016622, 1000000, 0.003980432171374559, 0.03165963292121887
7074, 3.002042875967163, 4, 40.17095100693405, 296, 2016918, 1000000, 0.004414821974933147, 0.04634273424744606
7075, 3.0905160086699652, 4, 40.13549366919324, 297, 2017215, 1000000, 0.00474010081961751, 0.04422014579176903
7076, 3.2160792254435364, 4, 40.11118135228753, 296, 2017511, 1000000, 0.00488960649818182, 0.03670807555317879
7077, -0.7283224527564016, 2, 34.60945695498958, 255, 2017766, 1000000, 0.004118054173886776, 0.03683248534798622
7078, 2.773193392160465, 4, 40.16964185517281, 296, 2018062, 1000000, 0.004350446164608002, 0.04853745549917221
7079, 3.2332941709828447, 4, 40.051371086388826, 295, 2018357, 1000000, 0.004644541535526514, 0.048712242394685745
7080, 3.767698919139548, 4, 40.11635856004432, 296, 2018653, 1000000, 0.004310270771384239, 0.0364435613155365
7081, 3.5906928162798977, 4, 40.16058581788093, 296, 2018949, 1000000, 0.004483367782086134, 0.04801332578063011
7082, 2.8087106722668977, 4, 40.200343216303736, 297, 2019246, 1000000, 0.004646820481866598, 0.0367417186498642
7083, 3.438025857446064, 4, 40.15204059286043, 297, 2019543, 1000000, 0.004392808303236961, 0.05101032927632332
7084, 3.600195998475101, 4, 40.071493533905596, 296, 2019839, 1000000, 0.003968698903918266, 0.042394038289785385
7085, 3.8321606121498917, 4, 40.15946395276114, 296, 2020135, 1000000, 0.004496588371694088, 0.03658919408917427
7086, 3.751171935518869, 4, 40.059872795362025, 296, 2020431, 1000000, 0.004423562902957201, 0.02930619567632675
7087, 3.6693679095624248, 4, 40.149624755140394, 297, 2020728, 1000000, 0.0046604229137301445, 0.035665057599544525
7088, 3.7873981645388994, 4, 40.15208936389536, 296, 2021024, 1000000, 0.004239557310938835, 0.03953559324145317
7089, 3.6499571412186924, 4, 40.11816400894895, 296, 2021320, 1000000, 0.004802642855793238, 0.03626390919089317
7090, 3.7393108796095476, 4, 40.11127539072186, 297, 2021617, 1000000, 0.00459901150316, 0.04313768818974495
7091, 3.8037638412170054, 4, 40.142701455857605, 297, 2021914, 1000000, 0.004112382419407368, 0.04560410976409912
7092, 2.8544957886788325, 4, 40.15711195394397, 297, 2022211, 1000000, 0.004282446578145027, 0.036310598254203796
7093, 3.770544240727986, 4, 40.10822930978611, 296, 2022507, 1000000, 0.004715193994343281, 0.04351736232638359
7094, 3.5479724192032336, 4, 40.14435358578339, 296, 2022803, 1000000, 0.005095888394862413, 0.047024212777614594
7095, 2.9448714018290048, 4, 40.13588786916807, 294, 2023097, 1000000, 0.004266881849616766, 0.04235445335507393
7096, 3.7709962307781097, 4, 40.16363147832453, 297, 2023394, 1000000, 0.004671505652368069, 0.04259924590587616
7097, 3.893458007109075, 4, 40.164776653051376, 297, 2023691, 1000000, 0.00475890701636672, 0.03956585004925728
7098, 3.1883021788489714, 4, 40.359661034308374, 296, 2023987, 1000000, 0.0041471426375210285, 0.04743067920207977
7099, 3.970467809918773, 4, 40.12845177995041, 296, 2024283, 1000000, 0.0042620073072612286, 0.036552801728248596
7100, 3.0659046238047267, 4, 40.186819727066904, 294, 2024577, 1000000, 0.00468373391777277, 0.03895518556237221
7101, 3.0874333846601303, 4, 40.1388316238299, 295, 2024872, 1000000, 0.004034762736409903, 0.03318479657173157
7102, 3.546572691163419, 4, 40.190395838115364, 296, 2025168, 1000000, 0.004907806403934956, 0.05250554159283638
7103, -0.4566823883797042, 2, 24.781454998999834, 181, 2025349, 1000000, 0.00492784334346652, 0.03082534298300743
7104, 3.2196452300681813, 4, 40.17699417984113, 295, 2025644, 1000000, 0.005018285010010004, 0.03445080667734146
7105, -2.045120202630642, 2, 12.9399801408872, 93, 2025737, 1000000, 0.003446973394602537, 0.04313795641064644
7106, 3.756837651901151, 4, 40.09023087937385, 296, 2026033, 1000000, 0.004061122424900532, 0.050842687487602234
7107, 2.9030856460703944, 4, 40.1270733801648, 295, 2026328, 1000000, 0.004470231477171183, 0.0520368330180645
7108, 3.6851485326187685, 4, 40.176814581267536, 296, 2026624, 1000000, 0.004907958675175905, 0.028204401955008507
7109, 3.4446020649720595, 4, 40.232267854269594, 296, 2026920, 1000000, 0.004411694128066301, 0.039219167083501816
7110, 3.7125161687799846, 4, 40.08321528695524, 295, 2027215, 1000000, 0.0040966058149933815, 0.04484410956501961
7111, 3.3341452246459085, 4, 40.177103992085904, 294, 2027509, 1000000, 0.004506357945501804, 0.03629818558692932
7112, 3.418393931543619, 4, 40.09345344780013, 297, 2027806, 1000000, 0.005090158432722092, 0.04271487519145012
7113, 2.563396606798051, 4, 40.19392702402547, 297, 2028103, 1000000, 0.00434636976569891, 0.03859756141901016
7114, 3.9604985671130635, 4, 40.15895962016657, 296, 2028399, 1000000, 0.004381642676889896, 0.05085765942931175
7115, 3.485766933801642, 4, 40.193874813150615, 297, 2028696, 1000000, 0.003934558480978012, 0.04181152209639549
7116, 3.5630225826025708, 4, 40.14846152905375, 297, 2028993, 1000000, 0.004663709085434675, 0.026078667491674423
7117, 3.412182764372119, 4, 40.07376993494108, 296, 2029289, 1000000, 0.004870061296969652, 0.037153758108615875
7118, 3.731168159916706, 4, 40.15605904208496, 296, 2029585, 1000000, 0.004444370977580547, 0.043337132781744
7119, 3.6073898744134567, 4, 40.1376723581925, 296, 2029881, 1000000, 0.005180255975574255, 0.03802255541086197
7120, 3.736512593772204, 4, 40.4556244071573, 297, 2030178, 1000000, 0.0039033624343574047, 0.04603654518723488
7121, 3.665830714373442, 4, 40.09734478406608, 296, 2030474, 1000000, 0.005144241265952587, 0.05075033754110336
7122, 2.871244005050812, 4, 40.07345701800659, 296, 2030770, 1000000, 0.005089492071419954, 0.04695539176464081
7123, 3.053649692759791, 4, 40.10799624398351, 296, 2031066, 1000000, 0.004433703608810902, 0.04102263227105141
7124, 3.243056870966484, 4, 40.08581193815917, 296, 2031362, 1000000, 0.003961558453738689, 0.03956713527441025
7125, 3.1594006521595475, 4, 40.12124088592827, 296, 2031658, 1000000, 0.003895463654771447, 0.05691741779446602
7126, 2.828104536510182, 4, 40.10510898195207, 296, 2031954, 1000000, 0.004333148710429668, 0.027582574635744095
7127, 3.8221118918318098, 4, 40.09434048086405, 296, 2032250, 1000000, 0.003940402064472437, 0.03816879168152809
7128, 3.688552521776728, 4, 40.160129024181515, 296, 2032546, 1000000, 0.004676571115851402, 0.04021676629781723
7129, 3.309072196801708, 4, 40.07431751303375, 296, 2032842, 1000000, 0.004775671754032373, 0.03653538599610329
7130, 3.4670492051716337, 4, 40.05681547522545, 295, 2033137, 1000000, 0.004524108022451401, 0.04232565313577652
7131, 2.7836005783099154, 4, 40.15182037092745, 297, 2033434, 1000000, 0.004999301861971617, 0.03468068316578865
7132, 3.056698393166471, 4, 40.09708180418238, 296, 2033730, 1000000, 0.003855816787108779, 0.04424247890710831
7133, 3.8826194185858185, 4, 40.065870898775756, 296, 2034026, 1000000, 0.004288766533136368, 0.03999122977256775
7134, -3.1192238554358482, 2, 8.006027562078089, 56, 2034082, 1000000, 0.00404895655810833, 0.053751878440380096
7135, 3.0051373836031416, 4, 40.07535734400153, 295, 2034377, 1000000, 0.004361236002296209, 0.053291574120521545
7136, 3.466145959755522, 4, 40.090449589304626, 296, 2034673, 1000000, 0.004384675063192844, 0.031035365536808968
7137, 3.392401821238309, 4, 40.07213179394603, 296, 2034969, 1000000, 0.0038946939166635275, 0.042448997497558594
7138, 3.699437301040234, 4, 40.16514115128666, 296, 2035265, 1000000, 0.0050561814568936825, 0.045316874980926514
7139, 3.7772968125536863, 4, 40.11156089603901, 296, 2035561, 1000000, 0.005670882761478424, 0.027563365176320076
7140, 3.4720720928744413, 4, 40.185306722763926, 297, 2035858, 1000000, 0.0037376931868493557, 0.041500963270664215
7141, 3.214712364520892, 4, 40.108703886158764, 296, 2036154, 1000000, 0.0038746006321161985, 0.03905123099684715
7142, 3.7808359236760225, 4, 40.17068073479459, 297, 2036451, 1000000, 0.00430306326597929, 0.04012714698910713
7143, -0.860488771688324, 2, 37.51749945897609, 277, 2036728, 1000000, 0.004522268660366535, 0.0396222248673439
7144, 3.691112268386405, 4, 40.12828515376896, 296, 2037024, 1000000, 0.004204002674669027, 0.03891133889555931
7145, 3.1777040780580137, 4, 40.136132365092635, 297, 2037321, 1000000, 0.004535767249763012, 0.044028390198946
7146, 2.949030722003954, 4, 40.10618114704266, 296, 2037617, 1000000, 0.0041235690005123615, 0.0381636768579483
7147, 3.139728951806319, 4, 40.42154972208664, 299, 2037916, 1000000, 0.00445681344717741, 0.04421332851052284
7148, 3.4975331335845112, 4, 40.17311086086556, 296, 2038212, 1000000, 0.004579771775752306, 0.039018284529447556
7149, 3.775605909652313, 4, 40.13585579674691, 296, 2038508, 1000000, 0.0043497164733707905, 0.04365842416882515
7150, 3.3014259283863794, 4, 40.17533686105162, 297, 2038805, 1000000, 0.004372977651655674, 0.04600786790251732
7151, 3.9028213725564456, 4, 40.15918144211173, 296, 2039101, 1000000, 0.004499310627579689, 0.039148226380348206
7152, 3.522345041666995, 4, 40.08438398595899, 296, 2039397, 1000000, 0.0036348048597574234, 0.037790294736623764
7153, 2.9851694194749143, 4, 40.1794292810373, 296, 2039693, 1000000, 0.0042243050411343575, 0.036025259643793106
7154, 4.032049893954536, 4, 40.12013084767386, 294, 2039987, 1000000, 0.003928057383745909, 0.03441101312637329
7155, 3.4120972038799664, 4, 40.07507995609194, 296, 2040283, 1000000, 0.004327614791691303, 0.02456158958375454
7156, 3.6662043321775855, 4, 40.172906905878335, 296, 2040579, 1000000, 0.0038108262233436108, 0.045416269451379776
7157, 3.262089416555682, 4, 40.09143988415599, 296, 2040875, 1000000, 0.003883322700858116, 0.036945611238479614
7158, 3.8770452375365494, 4, 40.13547263527289, 296, 2041171, 1000000, 0.004620726220309734, 0.04291285201907158
7159, 3.2386582498220378, 4, 40.085560959298164, 295, 2041466, 1000000, 0.004357137251645327, 0.03689509257674217
7160, 3.802776873633775, 4, 40.08318272512406, 296, 2041762, 1000000, 0.004555500112473965, 0.0362805537879467
7161, 3.5771760800707852, 4, 40.14685883698985, 296, 2042058, 1000000, 0.004039715509861708, 0.03981970250606537
7162, 2.884952027244026, 4, 40.071875809226185, 296, 2042354, 1000000, 0.0045513613149523735, 0.04550107941031456
7163, 3.3321567574130313, 4, 40.09420111402869, 296, 2042650, 1000000, 0.004461060278117657, 0.04164443537592888
7164, 3.376712503726594, 4, 40.22721709916368, 297, 2042947, 1000000, 0.00470650615170598, 0.02594747766852379
7165, 3.685031058575987, 4, 40.09020098205656, 296, 2043243, 1000000, 0.004916141275316477, 0.04632924497127533
7166, 3.566438515669688, 4, 40.09980737930164, 296, 2043539, 1000000, 0.004340627230703831, 0.02308613806962967
7167, 2.9447390860077576, 4, 40.11947133066133, 295, 2043834, 1000000, 0.004154704045504332, 0.0313478522002697
7168, 3.4665695620024053, 4, 40.06932797702029, 295, 2044129, 1000000, 0.004424337763339281, 0.025506868958473206
7169, -0.45723487294162624, 2, 27.857507852837443, 204, 2044333, 1000000, 0.004168311599642038, 0.030216993764042854
7170, -0.4389613474304497, 2, 34.6048390250653, 255, 2044588, 1000000, 0.0052357628010213375, 0.026642173528671265
7171, -0.004661074685827771, 2, 38.16194812208414, 282, 2044870, 1000000, 0.00437257532030344, 0.04215763881802559
7172, 2.9786639314456806, 4, 40.178501788992435, 295, 2045165, 1000000, 0.003874098649248481, 0.03828724846243858
7173, 3.1497000601484615, 4, 40.06662448309362, 296, 2045461, 1000000, 0.00405001500621438, 0.03703472390770912
7174, -2.877134559719707, 2, 13.228121619671583, 95, 2045556, 1000000, 0.00422416627407074, 0.03168148547410965
7175, 3.4033378652793544, 4, 40.094088931102306, 296, 2045852, 1000000, 0.004329390823841095, 0.027879398316144943
7176, 3.882463318463124, 4, 40.09377416409552, 295, 2046147, 1000000, 0.004541481379419565, 0.03774847835302353
7177, 3.1349411715091264, 4, 40.15682792291045, 296, 2046443, 1000000, 0.004638222977519035, 0.038475971668958664
7178, 3.657069755833618, 4, 40.09978685295209, 296, 2046739, 1000000, 0.004813606385141611, 0.05106441304087639
7179, 3.747872166527486, 4, 40.17331285402179, 296, 2047035, 1000000, 0.003924316260963678, 0.03504878655076027
7180, 3.1602620528556145, 4, 40.19621418509632, 297, 2047332, 1000000, 0.003664074931293726, 0.04388215392827988
7181, 3.5809317995567653, 4, 40.05611050501466, 296, 2047628, 1000000, 0.0036388805601745844, 0.028970113024115562
7182, 3.4379540949948932, 4, 40.1470015081577, 296, 2047924, 1000000, 0.004193526227027178, 0.040140002965927124
7183, 2.655171701250765, 4, 40.061570544261485, 296, 2048220, 1000000, 0.004352650139480829, 0.037072956562042236
7184, 2.857994564852561, 4, 40.08405238389969, 296, 2048516, 1000000, 0.004315062891691923, 0.03800390288233757
7185, -0.2577376264016493, 2, 27.70219836710021, 203, 2048719, 1000000, 0.004538353532552719, 0.04822384938597679
7186, 3.20119968769518, 4, 40.16298245172948, 296, 2049015, 1000000, 0.004543020389974117, 0.028599468991160393
7187, 3.4915629894433096, 4, 40.06556247919798, 295, 2049310, 1000000, 0.00478699803352356, 0.03463485836982727
7188, 3.6875294343335554, 4, 40.190668193623424, 296, 2049606, 1000000, 0.004206797108054161, 0.0399896577000618
7189, 3.7833494822207285, 4, 40.11865814682096, 296, 2049902, 1000000, 0.005010702181607485, 0.04517756775021553
7190, 3.069203583138915, 4, 40.19188134232536, 297, 2050199, 1000000, 0.004370895214378834, 0.03544804826378822
7191, 3.7770220201450684, 4, 40.10163666168228, 296, 2050495, 1000000, 0.0035902217496186495, 0.03089994750916958
7192, 1.5703808601247147, 4, 40.16888308385387, 298, 2050793, 1000000, 0.003932296764105558, 0.04250355064868927
7193, 3.4635372870016, 4, 40.14489911682904, 295, 2051088, 1000000, 0.004485129378736019, 0.03881071135401726
7194, 2.5304484123407747, 4, 40.18147827824578, 297, 2051385, 1000000, 0.004821308888494968, 0.033929720520973206
7195, 3.7392988758110732, 4, 40.10563128720969, 296, 2051681, 1000000, 0.004133050795644522, 0.040292125195264816
7196, 3.044804694223785, 4, 40.12135374872014, 296, 2051977, 1000000, 0.003911440726369619, 0.03233557939529419
7197, 3.3979285532299173, 4, 40.09935867693275, 296, 2052273, 1000000, 0.004477249924093485, 0.04489073157310486
7198, 3.2572996101458216, 4, 40.0546910148114, 296, 2052569, 1000000, 0.0047612860798835754, 0.042142871767282486
7199, 3.3294438511657063, 4, 40.172896350733936, 297, 2052866, 1000000, 0.004391888156533241, 0.04755186289548874
7200, 3.107461600663555, 4, 40.11456954898313, 296, 2053162, 1000000, 0.004215356893837452, 0.039944082498550415
7201, 3.028549619878504, 4, 40.14589014695957, 292, 2053454, 1000000, 0.005082638934254646, 0.030773326754570007
7202, 3.7936346204426172, 4, 40.18050602497533, 293, 2053747, 1000000, 0.004339142236858606, 0.02738005854189396
7203, 2.814209156071229, 4, 40.16189772635698, 293, 2054040, 1000000, 0.0047264243476092815, 0.03336062282323837
7204, 3.733872615357541, 4, 40.17030805675313, 293, 2054333, 1000000, 0.004625846166163683, 0.036996711045503616
7205, 3.9457659569397947, 4, 40.13467761920765, 293, 2054626, 1000000, 0.0037242735270410776, 0.0291857048869133
7206, 3.7275675288437924, 4, 40.189643180929124, 293, 2054919, 1000000, 0.0043635061010718346, 0.045568376779556274
7207, 3.68171833184806, 4, 40.12261105095968, 292, 2055211, 1000000, 0.004765933379530907, 0.047833215445280075
7208, 3.759909971038951, 4, 40.08660325128585, 292, 2055503, 1000000, 0.004788826685398817, 0.02774144522845745
7209, 3.502551213422521, 4, 40.08617705106735, 292, 2055795, 1000000, 0.004599019885063171, 0.04322823882102966
7210, -1.8108387461397797, 2, 11.058994949795306, 78, 2055873, 1000000, 0.0038563318084925413, 0.04097254201769829
7211, 3.1426258114133816, 4, 40.10142530221492, 292, 2056165, 1000000, 0.0039818910881876945, 0.03953590244054794
7212, 3.5863175105914706, 4, 40.08075023628771, 292, 2056457, 1000000, 0.004339159931987524, 0.026149429380893707
7213, 3.7790698260068893, 4, 40.13995318580419, 292, 2056749, 1000000, 0.004117504693567753, 0.03245362639427185
7214, 3.8840307327027404, 4, 40.1888492978178, 294, 2057043, 1000000, 0.005151763092726469, 0.05636351555585861
7215, 3.9267445479181333, 4, 40.13139622611925, 294, 2057337, 1000000, 0.0038785201031714678, 0.0315622016787529
7216, 3.528238412731298, 4, 40.09135250374675, 292, 2057629, 1000000, 0.004075727425515652, 0.03214830532670021
7217, 2.8347999077905115, 4, 40.1318744183518, 294, 2057923, 1000000, 0.004287661984562874, 0.03749482333660126
7218, 3.220933726748626, 4, 40.1263953470625, 294, 2058217, 1000000, 0.004083422943949699, 0.034589026123285294
7219, 3.3458429099005116, 4, 40.06881457706913, 293, 2058510, 1000000, 0.004269852768629789, 0.03089376538991928
7220, 3.5524720843814066, 4, 40.083037714939564, 294, 2058804, 1000000, 0.0039852075278759, 0.04212832450866699
7221, 3.1171170843608706, 4, 40.128722122870386, 295, 2059099, 1000000, 0.004168664570897818, 0.04434927925467491
7222, 3.4018361945163633, 4, 40.093454694375396, 295, 2059394, 1000000, 0.004746144637465477, 0.04171137139201164
7223, 3.9152128765908856, 4, 40.15753204142675, 293, 2059687, 1000000, 0.0044258167035877705, 0.036223456263542175
7224, 2.7079606399765908, 4, 40.19239595392719, 294, 2059981, 1000000, 0.0036939093843102455, 0.02234562486410141
7225, 3.276213804285817, 4, 40.19368414906785, 295, 2060276, 1000000, 0.004221106879413128, 0.04380444809794426
7226, 3.086262995029756, 4, 40.0602998980321, 294, 2060570, 1000000, 0.004315508529543877, 0.029716473072767258
7227, 3.486912585756272, 4, 40.10423468891531, 294, 2060864, 1000000, 0.0038034955505281687, 0.0282268263399601
7228, 3.7526806880850927, 4, 40.11619017738849, 293, 2061157, 1000000, 0.0047628991305828094, 0.033433470875024796
7229, 3.682448518484307, 4, 40.109965657349676, 294, 2061451, 1000000, 0.004906492307782173, 0.03926755115389824
7230, 3.6882872903788666, 4, 40.1577183008194, 295, 2061746, 1000000, 0.004172925837337971, 0.027609078213572502
7231, 3.602528709023318, 4, 40.167143263854086, 296, 2062042, 1000000, 0.004530868027359247, 0.03776859492063522
7232, 3.6114618645949577, 4, 40.17220000689849, 296, 2062338, 1000000, 0.00486555602401495, 0.03738440200686455
7233, 3.2641777472308604, 4, 40.08850827021524, 295, 2062633, 1000000, 0.004440428223460913, 0.03584565222263336
7234, 3.433281792898015, 4, 40.183412733953446, 297, 2062930, 1000000, 0.004849775694310665, 0.033946678042411804
7235, 2.9409877244333984, 4, 40.15727833425626, 296, 2063226, 1000000, 0.004637341480702162, 0.040850862860679626
7236, 2.9043382800009567, 4, 40.139136239886284, 294, 2063520, 1000000, 0.004766714293509722, 0.03568364679813385
7237, 3.894820375877316, 4, 40.072060097008944, 294, 2063814, 1000000, 0.004173592664301395, 0.019456475973129272
7238, 3.6543549472116865, 4, 40.118511124979705, 294, 2064108, 1000000, 0.004616189748048782, 0.03310716152191162
7239, 3.0940454186462603, 4, 40.15968043496832, 295, 2064403, 1000000, 0.004057752434164286, 0.026605280116200447
7240, 3.1139985892332334, 4, 40.23659458383918, 295, 2064698, 1000000, 0.0044397651217877865, 0.039299048483371735
7241, 3.568732681822439, 4, 40.12667575199157, 295, 2064993, 1000000, 0.004774041939526796, 0.041223905980587006
7242, 3.465303039185528, 4, 40.13385629374534, 296, 2065289, 1000000, 0.0037989781703799963, 0.02485346421599388
7243, 3.729137877930043, 4, 40.0961324358359, 295, 2065584, 1000000, 0.0045371223241090775, 0.030537957325577736
7244, -2.1407274381490424, 2, 12.892338678706437, 92, 2065676, 1000000, 0.005203078035265207, 0.03525214269757271
7245, 3.0030326035484904, 4, 40.12441155873239, 295, 2065971, 1000000, 0.004709601867944002, 0.02889295294880867
7246, 3.3090319227412692, 4, 40.15819096378982, 296, 2066267, 1000000, 0.004274181555956602, 0.029930967837572098
7247, 3.4588389287819155, 4, 40.145681163761765, 295, 2066562, 1000000, 0.0049317702651023865, 0.029350021854043007
7248, 3.5833411864787195, 4, 40.163618077058345, 296, 2066858, 1000000, 0.004765805322676897, 0.03937075659632683
7249, 3.2682140803494804, 4, 40.0985047086142, 296, 2067154, 1000000, 0.004089191555976868, 0.02853134460747242
7250, 3.8617138589012256, 4, 40.12498683575541, 295, 2067449, 1000000, 0.004836040548980236, 0.0349564291536808
7251, 3.4886335740375216, 4, 40.07149989902973, 295, 2067744, 1000000, 0.004930323455482721, 0.036551088094711304
7252, 3.8627793469131575, 4, 40.180359307676554, 297, 2068041, 1000000, 0.004027179442346096, 0.03518996015191078
7253, 3.7316687096317764, 4, 40.17065302375704, 295, 2068336, 1000000, 0.005130734760314226, 0.03562024608254433
7254, 3.4846934815977875, 4, 40.14110676199198, 296, 2068632, 1000000, 0.004590122494846582, 0.029806429520249367
7255, 3.596391351339207, 4, 40.115284737199545, 296, 2068928, 1000000, 0.004137084819376469, 0.03581136465072632
7256, 3.6294548968362506, 4, 40.170137762092054, 296, 2069224, 1000000, 0.004338228143751621, 0.0407598614692688
7257, 3.7581178726213693, 4, 40.09430127032101, 295, 2069519, 1000000, 0.0038343477062880993, 0.0420520193874836
7258, 2.871199782995973, 4, 40.18289110995829, 296, 2069815, 1000000, 0.00412818044424057, 0.04198182746767998
7259, 3.2176057984479485, 4, 40.0613468112424, 295, 2070110, 1000000, 0.004902656655758619, 0.036653727293014526
7260, 3.4446493688083137, 4, 40.14885837119073, 295, 2070405, 1000000, 0.004657297860831022, 0.042075466364622116
7261, 2.90155922719714, 4, 40.173410557210445, 296, 2070701, 1000000, 0.00458062719553709, 0.03869583085179329
7262, 2.5777139047895616, 4, 40.1720063588582, 295, 2070996, 1000000, 0.005045840051025152, 0.03742745891213417
7263, 3.474081044925697, 4, 40.160609647631645, 296, 2071292, 1000000, 0.004507897421717644, 0.032968491315841675
7264, 3.4025033225188963, 4, 40.084887019358575, 296, 2071588, 1000000, 0.004219373222440481, 0.03566374257206917
7265, 3.0686180480233816, 4, 40.17951456224546, 295, 2071883, 1000000, 0.0044480254873633385, 0.04196222126483917
7266, 3.8457216728183994, 4, 40.12325637508184, 296, 2072179, 1000000, 0.004852001555263996, 0.028539074584841728
7267, 3.333843002335925, 4, 40.16064289165661, 296, 2072475, 1000000, 0.004301505628973246, 0.031510237604379654
7268, 3.774830949025783, 4, 40.136057091876864, 296, 2072771, 1000000, 0.004523155745118856, 0.038427986204624176
7269, 3.8763447987839754, 4, 40.194076613057405, 297, 2073068, 1000000, 0.0036862394772469997, 0.038053933531045914
7270, 3.4970853826380335, 4, 40.06641814298928, 296, 2073364, 1000000, 0.00476990919560194, 0.03989315778017044
7271, 3.4914232762262145, 4, 40.17860129568726, 296, 2073660, 1000000, 0.00424166489392519, 0.039542295038700104
7272, 3.391477855440428, 4, 40.08382413210347, 296, 2073956, 1000000, 0.0037403288297355175, 0.036298081278800964
7273, 3.121534006248112, 4, 40.09047964308411, 295, 2074251, 1000000, 0.004695785231888294, 0.02967946045100689
7274, 3.571021275654857, 4, 40.11809666920453, 296, 2074547, 1000000, 0.004676247015595436, 0.025020485743880272
7275, 3.0508517153666617, 4, 40.15027936315164, 296, 2074843, 1000000, 0.004088998772203922, 0.04332621023058891
7276, 3.6768442023094394, 4, 40.16328476788476, 295, 2075138, 1000000, 0.004264406394213438, 0.037701599299907684
7277, 3.686424149979757, 4, 40.117967303842306, 296, 2075434, 1000000, 0.004279276356101036, 0.04114748537540436
7278, 3.486671957251019, 4, 40.18170029763132, 297, 2075731, 1000000, 0.0037412154488265514, 0.03729967400431633
7279, 2.9666820309539617, 4, 40.18997116899118, 296, 2076027, 1000000, 0.003994255792349577, 0.03181186690926552
7280, 3.977551561263681, 4, 40.12754522776231, 296, 2076323, 1000000, 0.004510122817009687, 0.03088376298546791
7281, 3.9868706945435406, 4, 40.07215748121962, 296, 2076619, 1000000, 0.003866401966661215, 0.02497440204024315
7282, 2.973410864910875, 4, 40.05301236314699, 296, 2076915, 1000000, 0.0046806735917925835, 0.030953748151659966
7283, 3.361366167790038, 4, 40.12160894135013, 296, 2077211, 1000000, 0.004808438941836357, 0.04025915265083313
7284, 3.6621301872980894, 4, 40.145855540875345, 297, 2077508, 1000000, 0.0037971092388033867, 0.038739774376153946
7285, 2.8930788535981264, 4, 40.13808688335121, 294, 2077802, 1000000, 0.005120995920151472, 0.032080959528684616
7286, 3.2095034670783207, 4, 40.13257129397243, 296, 2078098, 1000000, 0.003941319417208433, 0.05148562043905258
7287, 3.1942338931112317, 4, 40.09261748380959, 296, 2078394, 1000000, 0.0045193517580628395, 0.025298088788986206
7288, 3.160495152038493, 4, 40.08887431491166, 296, 2078690, 1000000, 0.00467186514288187, 0.03954460471868515
7289, 3.1131767148635845, 4, 40.13622136088088, 295, 2078985, 1000000, 0.003962935414165258, 0.039404626935720444
7290, 3.248066180756723, 4, 40.14598667807877, 297, 2079282, 1000000, 0.0038499736692756414, 0.037850067019462585
7291, 3.0215743205208128, 4, 40.15194468898699, 296, 2079578, 1000000, 0.004337039776146412, 0.033965300768613815
7292, 3.13017571876253, 4, 40.18221484590322, 296, 2079874, 1000000, 0.003945560194551945, 0.02516617812216282
7293, 3.8925311960701947, 4, 40.122493016999215, 296, 2080170, 1000000, 0.0032681976445019245, 0.031059008091688156
7294, 4.015843673632844, 4, 40.16956259123981, 297, 2080467, 1000000, 0.004082079511135817, 0.03786041960120201
7295, 3.6730137658050808, 4, 40.161369681824, 297, 2080764, 1000000, 0.004017796367406845, 0.03530428931117058
7296, 2.9930247538397907, 4, 40.13699950976297, 296, 2081060, 1000000, 0.004196989815682173, 0.03988859802484512
7297, 2.5696580048382884, 4, 40.08180822618306, 295, 2081355, 1000000, 0.003445540787652135, 0.04733727499842644
7298, 3.408253805631375, 4, 40.12700039893389, 296, 2081651, 1000000, 0.003688816213980317, 0.042484428733587265
7299, 2.708013319152087, 4, 40.14829301973805, 296, 2081947, 1000000, 0.004578255116939545, 0.03119353950023651
7300, 3.724638315973607, 4, 40.07442236226052, 295, 2082242, 1000000, 0.004040825180709362, 0.03461034968495369
7301, 4.080670280676827, 4, 40.08059124927968, 295, 2082537, 1000000, 0.004372016526758671, 0.043115369975566864
7302, 3.589350098648538, 4, 40.089378003031015, 293, 2082830, 1000000, 0.0050163669511675835, 0.03553161397576332
7303, 3.3226389557657967, 4, 40.166344680823386, 296, 2083126, 1000000, 0.004157690797001123, 0.0432281419634819
7304, 3.4341190306513454, 4, 40.189849474933, 295, 2083421, 1000000, 0.003766321809962392, 0.040423985570669174
7305, 3.0180253837934288, 4, 40.08853037795052, 295, 2083716, 1000000, 0.0041220784187316895, 0.043574001640081406
7306, 3.13395982041402, 4, 40.14779272628948, 296, 2084012, 1000000, 0.004962673410773277, 0.030003918334841728
7307, 3.737975142459618, 4, 40.10393284680322, 296, 2084308, 1000000, 0.00437302328646183, 0.04661237820982933
7308, 3.805006198281717, 4, 40.16154615301639, 296, 2084604, 1000000, 0.0038646988105028868, 0.04494950547814369
7309, 3.9328550058198743, 4, 40.13698656996712, 296, 2084900, 1000000, 0.004788990132510662, 0.03335801512002945
7310, 3.1265241681476255, 4, 40.09036014275625, 294, 2085194, 1000000, 0.004582770634442568, 0.046789780259132385
7311, 3.8159742361367535, 4, 40.08642194373533, 296, 2085490, 1000000, 0.0043197814375162125, 0.04147166386246681
7312, 3.7137602947914274, 4, 40.13254599785432, 295, 2085785, 1000000, 0.003927640151232481, 0.042339831590652466
7313, 3.752503283856413, 4, 40.07971698511392, 295, 2086080, 1000000, 0.0038352045230567455, 0.04044529050588608
7314, 3.363715382918599, 4, 40.18423339026049, 296, 2086376, 1000000, 0.00374348065815866, 0.0368562676012516
7315, 3.6922931095323293, 4, 40.19090063823387, 296, 2086672, 1000000, 0.004799441434442997, 0.03493095561861992
7316, 3.8867443641793216, 4, 40.13549218233675, 293, 2086965, 1000000, 0.0045563168823719025, 0.04349766671657562
7317, 3.931958280993058, 4, 40.091725442092866, 296, 2087261, 1000000, 0.004213642328977585, 0.03311077505350113
7318, -1.8733288960065693, 2, 11.611263922881335, 83, 2087344, 1000000, 0.0035278901923447847, 0.04692652449011803
7319, 2.788926368124521, 4, 40.09157680813223, 296, 2087640, 1000000, 0.004084217362105846, 0.041480571031570435
7320, -0.13309504122298677, 4, 40.12246780935675, 298, 2087938, 1000000, 0.004446515813469887, 0.02243783138692379
7321, 0.259123696712777, 4, 40.05280171195045, 297, 2088235, 1000000, 0.004070100840181112, 0.030681081116199493
7322, 2.4641989022557027, 4, 40.11690183589235, 296, 2088531, 1000000, 0.00406900467351079, 0.033558402210474014
7323, -2.5863471041666344, 2, 8.505566740874201, 60, 2088591, 1000000, 0.0035261327866464853, 0.019074345007538795
7324, 3.380884274447453, 4, 40.18381026107818, 297, 2088888, 1000000, 0.0040224273689091206, 0.022894538938999176
7325, -0.5733383448259701, 2, 31.186584622133523, 229, 2089117, 1000000, 0.00390731543302536, 0.043552227318286896
7326, 3.4282161876308237, 4, 40.121778792236, 296, 2089413, 1000000, 0.004544955212622881, 0.04415378347039223
7327, 2.5884557699719153, 4, 40.106151048094034, 296, 2089709, 1000000, 0.003976586274802685, 0.04143416881561279
7328, 3.0810790291243393, 4, 40.108740085270256, 295, 2090004, 1000000, 0.004468423780053854, 0.03628203272819519
7329, 3.2750132691035105, 4, 40.16611367603764, 296, 2090300, 1000000, 0.0044042509980499744, 0.03603299707174301
7330, 2.8625956260839303, 4, 40.13344511669129, 297, 2090597, 1000000, 0.0038401521742343903, 0.030333630740642548
7331, 3.0982194790772155, 4, 40.07106141373515, 293, 2090890, 1000000, 0.004691615235060453, 0.024912094697356224
7332, 3.6427257283908148, 4, 40.13601502776146, 297, 2091187, 1000000, 0.004223394673317671, 0.03295525908470154
7333, -0.8177798849264946, 2, 38.65047224611044, 285, 2091472, 1000000, 0.003970048855990171, 0.029386650770902634
7334, 2.5371169677259786, 4, 40.129944471176714, 296, 2091768, 1000000, 0.004837785381823778, 0.036263082176446915
7335, 3.320196940774622, 4, 40.179214311763644, 297, 2092065, 1000000, 0.004847496747970581, 0.04229317978024483
7336, 2.8274625824851682, 4, 40.20631359005347, 297, 2092362, 1000000, 0.00437420466914773, 0.039712000638246536
7337, 3.3137033312232234, 4, 40.17559368396178, 297, 2092659, 1000000, 0.00493220891803503, 0.03512387350201607
7338, 3.0055541330566484, 4, 40.20177292404696, 297, 2092956, 1000000, 0.004708516877144575, 0.030898572877049446
7339, 3.230736213824457, 4, 40.08728957688436, 296, 2093252, 1000000, 0.005356817506253719, 0.03884093463420868
7340, 2.971464059167829, 4, 40.11022848309949, 296, 2093548, 1000000, 0.00395289808511734, 0.034025344997644424
7341, 3.1937766331575403, 4, 40.15074872970581, 297, 2093845, 1000000, 0.0038451782893389463, 0.040718112140893936
7342, 3.6007577983507417, 4, 40.184665341861546, 296, 2094141, 1000000, 0.004579492378979921, 0.047359634190797806
7343, 3.0466483824193347, 4, 40.16963894525543, 297, 2094438, 1000000, 0.004499633330851793, 0.04426892101764679
7344, 3.704393761456231, 4, 40.14157456532121, 297, 2094735, 1000000, 0.004513269755989313, 0.034341417253017426
7345, 3.403290385082073, 4, 40.161396448966116, 296, 2095031, 1000000, 0.004701415542513132, 0.04396050050854683
7346, 3.4753969432767917, 4, 40.105682753026485, 297, 2095328, 1000000, 0.004449652507901192, 0.03837539628148079
7347, 3.9894236126165197, 4, 40.08007781021297, 296, 2095624, 1000000, 0.005482562351971865, 0.03375431150197983
7348, 3.9927588081973227, 4, 40.13105613877997, 296, 2095920, 1000000, 0.004114215727895498, 0.04019966721534729
7349, 3.66190537779039, 4, 40.1106177251786, 295, 2096215, 1000000, 0.004743578378111124, 0.04103006422519684
7350, 3.3525986078620917, 4, 40.17400311306119, 297, 2096512, 1000000, 0.004518295172601938, 0.05063265189528465
7351, 3.169190853250768, 4, 40.12768514500931, 296, 2096808, 1000000, 0.005263332277536392, 0.041809070855379105
7352, 3.4849130091897678, 4, 40.194221075158566, 297, 2097105, 1000000, 0.0037620540242642164, 0.03893888369202614
7353, 3.0646789800221086, 4, 40.16866628872231, 297, 2097402, 1000000, 0.006706364452838898, 0.04055165871977806
7354, 3.694943114742273, 4, 40.0976980747655, 296, 2097698, 1000000, 0.004411597736179829, 0.04738432914018631
7355, 3.6030052066444114, 4, 40.12463743984699, 296, 2097994, 1000000, 0.004536402877420187, 0.041400108486413956
7356, 3.729573470182004, 4, 40.056415289174765, 296, 2098290, 1000000, 0.004842645488679409, 0.031871359795331955
7357, 3.5388680073810974, 4, 40.16444467380643, 297, 2098587, 1000000, 0.0047812811098992825, 0.03373240306973457
7358, 3.7422561881539878, 4, 40.1764231370762, 297, 2098884, 1000000, 0.004376124124974012, 0.041546132415533066
7359, 2.9359334543551086, 4, 40.17593547841534, 295, 2099179, 1000000, 0.004704645834863186, 0.046708472073078156
7360, -0.8350411510655249, 2, 33.004606794100255, 244, 2099423, 1000000, 0.0047370498068630695, 0.034023478627204895
7361, 3.731734001670702, 4, 40.116443247999996, 296, 2099719, 1000000, 0.004572239704430103, 0.038930997252464294
7362, 3.722086876763342, 4, 40.15059472434223, 296, 2100015, 1000000, 0.0045759789645671844, 0.04607214033603668
7363, 3.936583838352817, 4, 40.14402337605134, 296, 2100311, 1000000, 0.005098727066069841, 0.046023864299058914
7364, 3.6802449123115366, 4, 40.14604609599337, 296, 2100607, 1000000, 0.0047814976423978806, 0.0398138165473938
7365, 4.124126802255887, 4, 40.12354431627318, 296, 2100903, 1000000, 0.0042603397741913795, 0.042771756649017334
7366, 3.060803969248809, 4, 40.07101770536974, 296, 2101199, 1000000, 0.004721000324934721, 0.04292238876223564
7367, 3.582985568255026, 4, 40.18117438722402, 296, 2101495, 1000000, 0.004189763218164444, 0.048597682267427444
7368, 3.26026058624484, 4, 40.06968822982162, 296, 2101791, 1000000, 0.00435231626033783, 0.035171158611774445
7369, 3.5517655085823208, 4, 40.1407130737789, 295, 2102086, 1000000, 0.004610686097294092, 0.05369506776332855
7370, 0.3929204811574891, 4, 40.1675432138145, 298, 2102384, 1000000, 0.004887326154857874, 0.04528137668967247
7371, 3.481292835873319, 4, 40.11316745728254, 296, 2102680, 1000000, 0.005472640506923199, 0.04075273126363754
7372, 3.7718745205784217, 4, 40.14318306464702, 294, 2102974, 1000000, 0.004391034133732319, 0.030706249177455902
7373, 3.1971143174741883, 4, 40.114696556702256, 296, 2103270, 1000000, 0.004510992672294378, 0.0386783666908741
7374, 3.7465231523556213, 4, 40.133006075862795, 296, 2103566, 1000000, 0.005315318703651428, 0.056872665882110596
7375, 3.0161238241998944, 4, 40.18612783588469, 294, 2103860, 1000000, 0.00495597068220377, 0.03396541252732277
7376, 3.7232118446499953, 4, 40.059826355893165, 296, 2104156, 1000000, 0.004866992123425007, 0.029599865898489952
7377, 3.609084363461079, 4, 40.0976205971092, 296, 2104452, 1000000, 0.004515144973993301, 0.03260614350438118
7378, 3.6046942576886067, 4, 40.129962330684066, 296, 2104748, 1000000, 0.004282505251467228, 0.03703247383236885
7379, 3.4450595775106194, 4, 40.12453082296997, 296, 2105044, 1000000, 0.004783726297318935, 0.044547080993652344
7380, 3.9255634181226924, 4, 40.05075683677569, 296, 2105340, 1000000, 0.004157778341323137, 0.03873491287231445
7381, 3.5889202731555088, 4, 40.07068538432941, 293, 2105633, 1000000, 0.004332660231739283, 0.04421018064022064
7382, 3.499692466990382, 4, 40.09321599174291, 296, 2105929, 1000000, 0.00484701432287693, 0.04135242849588394
7383, 3.794739507651684, 4, 40.090329261962324, 296, 2106225, 1000000, 0.0049418192356824875, 0.027666140347719193
7384, 3.9141960668148386, 4, 40.13854638999328, 296, 2106521, 1000000, 0.005098326597362757, 0.0515824519097805
7385, 3.6746848020266043, 4, 40.086025814991444, 296, 2106817, 1000000, 0.005122584290802479, 0.04346629977226257
7386, 3.2306216816359665, 4, 40.14788270788267, 297, 2107114, 1000000, 0.00497167045250535, 0.03643955662846565
7387, 3.6403395640681993, 4, 40.10870721703395, 296, 2107410, 1000000, 0.005240154452621937, 0.032095517963171005
7388, 3.8647617211825036, 4, 40.097495649941266, 296, 2107706, 1000000, 0.004554539918899536, 0.03236730396747589
7389, 3.457118172855189, 4, 40.08571272296831, 294, 2108000, 1000000, 0.004596140701323748, 0.041540659964084625
7390, 3.5894441576056124, 4, 40.08184443227947, 295, 2108295, 1000000, 0.0047504534013569355, 0.04968629404902458
7391, 3.768057842818962, 4, 40.17331199394539, 297, 2108592, 1000000, 0.004447439685463905, 0.039473701268434525
7392, 3.571382161096608, 4, 40.11171749792993, 296, 2108888, 1000000, 0.004663905594497919, 0.04025191068649292
7393, 3.60615770215918, 4, 40.10005696117878, 296, 2109184, 1000000, 0.005358492955565453, 0.04743707925081253
7394, 3.7622045727976, 4, 40.1125068878755, 297, 2109481, 1000000, 0.004037995357066393, 0.042245544493198395
7395, 3.797856992314337, 4, 40.06432046275586, 296, 2109777, 1000000, 0.004701714497059584, 0.049230266362428665
7396, 3.0368220076743455, 4, 40.10039759101346, 296, 2110073, 1000000, 0.004763028118759394, 0.04940331354737282
7397, 3.166633036442363, 4, 40.185376905370504, 297, 2110370, 1000000, 0.0049521648325026035, 0.043462008237838745
7398, 3.725427495679469, 4, 40.07340150978416, 296, 2110666, 1000000, 0.004609815776348114, 0.039577916264534
7399, 3.234865152331622, 4, 40.07781235780567, 296, 2110962, 1000000, 0.00420504342764616, 0.0454818420112133
7400, 3.58704870211659, 4, 40.18059849971905, 297, 2111259, 1000000, 0.00470131216570735, 0.048836227506399155
7401, 3.0039959075938896, 4, 40.100528641138226, 291, 2111550, 1000000, 0.004918457940220833, 0.05171589180827141
7402, 3.1307114925875794, 4, 40.13279396016151, 291, 2111841, 1000000, 0.0043713245540857315, 0.04622206464409828
7403, 3.217358062047424, 4, 40.20745639503002, 293, 2112134, 1000000, 0.0044924612157046795, 0.05160461738705635
7404, 2.938932541595932, 4, 40.1249521127902, 292, 2112426, 1000000, 0.004700987134128809, 0.03431813791394234
7405, 3.3636118201438876, 4, 40.10102600697428, 292, 2112718, 1000000, 0.00529206357896328, 0.03252948448061943
7406, 3.3110823108690965, 4, 40.1071675918065, 292, 2113010, 1000000, 0.004659200552850962, 0.05156198889017105
7407, 2.9820756678418547, 4, 40.19756940891966, 292, 2113302, 1000000, 0.00432264618575573, 0.03207328915596008
7408, 2.9495084921014723, 4, 40.09501837240532, 292, 2113594, 1000000, 0.003938349895179272, 0.034348100423812866
7409, -1.5321420913096517, 2, 13.696099643129855, 97, 2113691, 1000000, 0.005330182611942291, 0.029406487941741943
7410, -3.904735183226876, 2, 5.646527213975787, 38, 2113729, 1000000, 0.0032038732897490263, 0.03139171004295349
7411, 3.7477130928218685, 4, 40.16522365389392, 292, 2114021, 1000000, 0.004570304416120052, 0.03561989963054657
7412, -3.4131395901786163, 2, 6.280908873770386, 43, 2114064, 1000000, 0.003343022894114256, -0.0009881232399493456
7413, 3.6446096742074587, 4, 40.07104802504182, 292, 2114356, 1000000, 0.004885937087237835, 0.047055479139089584
7414, 3.8447420073753165, 4, 40.09815537324175, 293, 2114649, 1000000, 0.003975357860326767, 0.05146363750100136
7415, 3.1679112617566716, 4, 40.09282175684348, 293, 2114942, 1000000, 0.004300734959542751, 0.039658304303884506
7416, 3.459116320733301, 4, 40.07522326242179, 293, 2115235, 1000000, 0.005016792565584183, 0.039827506989240646
7417, 3.008548540654374, 4, 40.17739793797955, 294, 2115529, 1000000, 0.004295025020837784, 0.03985517472028732
7418, 3.4198654347192132, 4, 40.08938831696287, 293, 2115822, 1000000, 0.004893401637673378, 0.04195414483547211
7419, 3.9222402174418676, 4, 40.11753343837336, 295, 2116117, 1000000, 0.005319179035723209, 0.03589333966374397
7420, 2.7061115335673094, 4, 40.17340481188148, 295, 2116412, 1000000, 0.0047309258952736855, 0.033688243478536606
7421, 3.6961462689469045, 4, 40.10909010376781, 294, 2116706, 1000000, 0.004650453571230173, 0.04275529831647873
7422, -1.1433489935880061, 2, 25.89112965296954, 189, 2116895, 1000000, 0.004591674543917179, 0.0328313484787941
7423, 3.5571737785599, 4, 40.12840556260198, 294, 2117189, 1000000, 0.00477547338232398, 0.04802066832780838
7424, 3.274057629518211, 4, 40.15634936327115, 295, 2117484, 1000000, 0.005002561956644058, 0.04062990844249725
7425, 3.4537562610748864, 4, 40.123654672876, 295, 2117779, 1000000, 0.00486367754638195, 0.04215048626065254
7426, 3.082966377332923, 4, 40.13955376204103, 294, 2118073, 1000000, 0.004839870613068342, 0.037673093378543854
7427, 3.421197344558095, 4, 40.08212942024693, 294, 2118367, 1000000, 0.004651694558560848, 0.043510034680366516
7428, 3.635691694628804, 4, 40.082019799854606, 295, 2118662, 1000000, 0.005031215958297253, 0.04574176296591759
7429, 3.1546124412616336, 4, 40.15923672914505, 295, 2118957, 1000000, 0.004655715078115463, 0.044096387922763824
7430, 3.398908604484859, 4, 40.13679231610149, 295, 2119252, 1000000, 0.004698331467807293, 0.03768125921487808
7431, 3.042822202296861, 4, 40.15862372005358, 296, 2119548, 1000000, 0.004732857458293438, 0.04549907520413399
7432, 3.190514548020019, 4, 40.12508948240429, 294, 2119842, 1000000, 0.004364348482340574, 0.04208533093333244
7433, 3.3554951708410954, 4, 40.08334063598886, 295, 2120137, 1000000, 0.004353671800345182, 0.040738046169281006
7434, 3.1794235438469514, 4, 40.086150088813156, 295, 2120432, 1000000, 0.004506054800003767, 0.03919137641787529
7435, 3.696107654084699, 4, 40.127119126264006, 294, 2120726, 1000000, 0.005131748504936695, 0.049601003527641296
7436, 3.0157709792038077, 4, 40.13475077971816, 295, 2121021, 1000000, 0.004758586175739765, 0.053726110607385635
7437, -3.3225342500954866, 2, 10.278313292190433, 73, 2121094, 1000000, 0.005235512275248766, 0.04477791488170624
7438, 3.6954052980418055, 4, 40.16369070485234, 295, 2121389, 1000000, 0.005905812606215477, 0.05225174129009247
7439, 3.7985216697779833, 4, 40.16251044301316, 293, 2121682, 1000000, 0.0049418979324400425, 0.04643860086798668
7440, 3.174366120954801, 4, 40.188367751892656, 295, 2121977, 1000000, 0.00508603872731328, 0.046579569578170776
7441, 3.8158923846385733, 4, 40.0955534176901, 295, 2122272, 1000000, 0.005431406665593386, 0.046559303998947144
7442, 2.981224175729494, 4, 40.06059191701934, 295, 2122567, 1000000, 0.004768152721226215, 0.05311741679906845
7443, 3.4808981826554373, 4, 40.165535382926464, 293, 2122860, 1000000, 0.004520731046795845, 0.03905076906085014
7444, 3.757394682681479, 4, 40.142710695043206, 295, 2123155, 1000000, 0.005454180296510458, 0.053642645478248596
7445, 3.593472836058936, 4, 40.10346332890913, 295, 2123450, 1000000, 0.00417032977566123, 0.04715120047330856
7446, 3.8554648803255986, 4, 40.05225278856233, 295, 2123745, 1000000, 0.004981941543519497, 0.05280270799994469
7447, 3.3345262970215117, 4, 40.155543364118785, 296, 2124041, 1000000, 0.0045910789631307125, 0.042842838913202286
7448, 2.676124390336554, 4, 40.14401218481362, 296, 2124337, 1000000, 0.00558712612837553, 0.044621314853429794
7449, 3.890628513181582, 4, 40.15749642485753, 296, 2124633, 1000000, 0.0051014903001487255, 0.04837330803275108
7450, 3.9859818117547547, 4, 40.14805617230013, 296, 2124929, 1000000, 0.00428879726678133, 0.0513821505010128
7451, 3.7028097073107347, 4, 40.11639970494434, 296, 2125225, 1000000, 0.005168928299099207, 0.04925847426056862
7452, 3.084873392784459, 4, 40.164259084966034, 297, 2125522, 1000000, 0.0059758443385362625, 0.04247188940644264
7453, 3.2719165035091464, 4, 40.12099628569558, 296, 2125818, 1000000, 0.005140494555234909, 0.05299317464232445
7454, 3.833002956535097, 4, 40.16493171080947, 297, 2126115, 1000000, 0.005336316302418709, 0.03488235920667648
7455, 3.8170987794710527, 4, 40.07047750335187, 296, 2126411, 1000000, 0.0045587047934532166, 0.03856211155653
7456, 3.8837534804706593, 4, 40.16044462798163, 296, 2126707, 1000000, 0.005072032567113638, 0.04582535848021507
7457, 3.4665335603349376, 4, 40.1908103460446, 296, 2127003, 1000000, 0.005080550443381071, 0.04680829122662544
7458, 3.145181585539831, 4, 40.11507500614971, 296, 2127299, 1000000, 0.004753542132675648, 0.0377541221678257
7459, 3.304253142633428, 4, 40.16750258114189, 294, 2127593, 1000000, 0.005721746478229761, 0.04474857822060585
7460, 3.530126539874175, 4, 40.14233980700374, 296, 2127889, 1000000, 0.0052857305854558945, 0.048237212002277374
7461, 3.884758780077391, 4, 40.152772969100624, 297, 2128186, 1000000, 0.005558098200708628, 0.05459287762641907
7462, 3.01738258997284, 4, 40.181943805888295, 297, 2128483, 1000000, 0.0048394761979579926, 0.048531267791986465
7463, 3.860791425907223, 4, 40.170168874785304, 296, 2128779, 1000000, 0.005433761980384588, 0.04609306529164314
7464, 3.308472224693105, 4, 40.1933423159644, 297, 2129076, 1000000, 0.004400969948619604, 0.03991342708468437
7465, 2.685365627374267, 4, 40.09984325012192, 296, 2129372, 1000000, 0.004883608315140009, 0.0451037771999836
7466, 3.7541983142873505, 4, 40.13752206368372, 296, 2129668, 1000000, 0.004700997844338417, 0.05894885212182999
7467, 3.1658843938838004, 4, 40.0674218442291, 295, 2129963, 1000000, 0.004569092765450478, 0.04871727153658867
7468, 3.2421534392296962, 4, 40.142957671079785, 296, 2130259, 1000000, 0.0052828299812972546, 0.04213061183691025
7469, 3.635425220720208, 4, 40.15262215072289, 296, 2130555, 1000000, 0.004814983811229467, 0.03620067983865738
7470, 3.7907339473131287, 4, 40.166442214045674, 297, 2130852, 1000000, 0.005106655415147543, 0.0530516654253006
7471, 3.1187118251691572, 4, 40.04894359782338, 296, 2131148, 1000000, 0.004790537524968386, 0.04243840277194977
7472, 2.963573481580397, 4, 40.07101475726813, 296, 2131444, 1000000, 0.00528178084641695, 0.044445689767599106
7473, 3.793354490688216, 4, 40.057907089125365, 296, 2131740, 1000000, 0.004824758507311344, 0.040415965020656586
7474, 3.3611203933769502, 4, 40.140357139054686, 296, 2132036, 1000000, 0.004835639148950577, 0.03794141486287117
7475, -0.261928918729609, 2, 32.63739722408354, 240, 2132276, 1000000, 0.005167785100638866, 0.04852144420146942
7476, 2.948003199458981, 4, 40.1799556966871, 294, 2132570, 1000000, 0.0047253635711967945, 0.04222524166107178
7477, 3.370903013327734, 4, 40.05741757899523, 295, 2132865, 1000000, 0.005473404657095671, 0.04904269054532051
7478, 3.638521783697797, 4, 40.12157906917855, 296, 2133161, 1000000, 0.00441921828314662, 0.04431874305009842
7479, 3.5465492017555107, 4, 40.047918636817485, 296, 2133457, 1000000, 0.004354983568191528, 0.03638702630996704
7480, 2.891185451841011, 4, 40.17664593691006, 296, 2133753, 1000000, 0.004593160003423691, 0.03697086125612259
7481, 3.3198898650089177, 4, 40.10996134392917, 296, 2134049, 1000000, 0.005189609248191118, 0.05160560458898544
7482, 3.4972172393245273, 4, 40.0862578661181, 296, 2134345, 1000000, 0.005254613701254129, 0.04498309642076492
7483, -1.7274259816622362, 2, 11.652019869536161, 83, 2134428, 1000000, 0.0049154688604176044, 0.0378631055355072
7484, 3.7502231871985714, 4, 40.169503786135465, 297, 2134725, 1000000, 0.004905617795884609, 0.04511750489473343
7485, 3.318572543637856, 4, 40.10351340100169, 296, 2135021, 1000000, 0.00469154492020607, 0.04647733271121979
7486, 3.700822529845027, 4, 40.477827270980924, 299, 2135320, 1000000, 0.004876772873103619, 0.0539076067507267
7487, 3.5469730617842288, 4, 40.08951742714271, 296, 2135616, 1000000, 0.004439427051693201, 0.04455602541565895
7488, 3.522339872113662, 4, 40.17295980313793, 296, 2135912, 1000000, 0.005018558818846941, 0.039658624678850174
7489, 2.9999152390955715, 4, 40.187270604074, 297, 2136209, 1000000, 0.005067913793027401, 0.036390215158462524
7490, 2.907366877387176, 4, 40.18468694202602, 297, 2136506, 1000000, 0.0039933365769684315, 0.05006139725446701
7491, 3.549541404460342, 4, 40.0825075651519, 296, 2136802, 1000000, 0.004297281615436077, 0.04214848205447197
7492, 3.336135888881472, 4, 40.11222559865564, 295, 2137097, 1000000, 0.004723020363599062, 0.03847011923789978
7493, 3.1977942317280394, 4, 40.101015298161656, 295, 2137392, 1000000, 0.00420991750434041, 0.048373572528362274
7494, 3.9332506967502923, 4, 40.16913630440831, 297, 2137689, 1000000, 0.004864254500716925, 0.03519461676478386
7495, 3.1516288552120386, 4, 40.094186013098806, 296, 2137985, 1000000, 0.005427326075732708, 0.044601619243621826
7496, 3.9187052076422333, 4, 40.09159614704549, 296, 2138281, 1000000, 0.0063830832950770855, 0.05145237222313881
7497, 3.276153677282309, 4, 40.144072347320616, 296, 2138577, 1000000, 0.005748416762799025, 0.0452042780816555
7498, 3.853699299197615, 4, 40.17546240007505, 297, 2138874, 1000000, 0.0047640008851885796, 0.04754782095551491
7499, 3.1418239313607046, 4, 40.18568953825161, 297, 2139171, 1000000, 0.004523461684584618, 0.0592878982424736
7500, 3.6777322041716616, 4, 40.16187432501465, 297, 2139468, 1000000, 0.0047947801649570465, 0.05420941859483719
7501, 3.972193109435466, 4, 40.106254305224866, 290, 2139758, 1000000, 0.004878456704318523, 0.042557865381240845
7502, 3.7507705174812145, 4, 40.18276308197528, 291, 2140049, 1000000, 0.004248705692589283, 0.04623027518391609
7503, 3.3233244482864848, 4, 40.18688080413267, 291, 2140340, 1000000, 0.005488330963999033, 0.0545843243598938
7504, 3.4868619909395875, 4, 40.0693006250076, 291, 2140631, 1000000, 0.004139644559472799, 0.04322444275021553
7505, 3.504186475147435, 4, 40.1289501641877, 291, 2140922, 1000000, 0.005061869975179434, 0.04474090039730072
7506, 3.5593193672120833, 4, 40.121019534766674, 291, 2141213, 1000000, 0.00472935801371932, 0.042805012315511703
7507, 3.266502862534253, 4, 40.21497943205759, 292, 2141505, 1000000, 0.00468086265027523, 0.036253396421670914
7508, 3.4930555254779847, 4, 40.17463637283072, 292, 2141797, 1000000, 0.004680410027503967, 0.05229050666093826
7509, -2.0840440563624725, 2, 11.293157191947103, 80, 2141877, 1000000, 0.004557347856462002, 0.034599851816892624
7510, 3.6083850984196033, 4, 40.118116876110435, 292, 2142169, 1000000, 0.005005061160773039, 0.0424874983727932
7511, 3.9603545777681575, 4, 40.174511877819896, 293, 2142462, 1000000, 0.004656944889575243, 0.03298418968915939
7512, 3.7120973155524553, 4, 40.13021365692839, 293, 2142755, 1000000, 0.005392868537455797, 0.041510533541440964
7513, -0.8981845927173708, 2, 23.51054463395849, 170, 2142925, 1000000, 0.0037047546356916428, 0.03145526722073555
7514, 3.412696701515415, 4, 40.0831519276835, 293, 2143218, 1000000, 0.004081087186932564, 0.040194254368543625
7515, -1.0697755785804475, 2, 28.434532494284213, 206, 2143424, 1000000, 0.005191330797970295, 0.0456121563911438
7516, 3.3956406915576736, 4, 40.15625619702041, 293, 2143717, 1000000, 0.004810372367501259, 0.03955693542957306
7517, 3.6565378167397284, 4, 40.091282156761736, 293, 2144010, 1000000, 0.004598173778504133, 0.03159186244010925
7518, 2.984823742397566, 4, 40.083632498048246, 293, 2144303, 1000000, 0.006073643919080496, 0.052359580993652344
7519, 3.682616712714662, 4, 40.14283139118925, 292, 2144595, 1000000, 0.004539381712675095, 0.04167255759239197
7520, 3.7407218402122453, 4, 40.190997312776744, 293, 2144888, 1000000, 0.004602076020091772, 0.04186626523733139
7521, 3.3640752093115225, 4, 40.1748953317292, 292, 2145180, 1000000, 0.005251135677099228, 0.047729577869176865
7522, 3.301476192737937, 4, 40.19005502900109, 291, 2145471, 1000000, 0.0038357023149728775, 0.04125025495886803
7523, 3.0737619963342695, 4, 40.14830131037161, 292, 2145763, 1000000, 0.005140938796103001, 0.04354362189769745
7524, 3.07312569890928, 4, 40.196961731649935, 291, 2146054, 1000000, 0.004811433609575033, 0.04725690558552742
7525, 3.2476700922925374, 4, 40.148077732883394, 291, 2146345, 1000000, 0.005012663546949625, 0.0460624098777771
7526, 3.4459475066469167, 4, 40.10459902603179, 294, 2146639, 1000000, 0.004818456247448921, 0.041378483176231384
7527, 3.464603942069516, 4, 40.18283708812669, 293, 2146932, 1000000, 0.006381645333021879, 0.03998231142759323
7528, 2.7002824041931035, 4, 40.16733468603343, 292, 2147224, 1000000, 0.004117689095437527, 0.05136933550238609
7529, -0.840105697803665, 2, 40.16919780289754, 293, 2147517, 1000000, 0.004674147814512253, 0.03702292591333389
7530, 3.683530140223411, 4, 40.12404680624604, 293, 2147810, 1000000, 0.004449504427611828, 0.040513284504413605
7531, 3.2530815538302704, 4, 40.0646978802979, 293, 2148103, 1000000, 0.004934732336550951, 0.04334867745637894
7532, 3.104713482560328, 4, 40.17484101606533, 294, 2148397, 1000000, 0.004423074424266815, 0.04537764564156532
7533, 2.74518377514687, 4, 40.17985720792785, 294, 2148691, 1000000, 0.004523060284554958, 0.0513460598886013
7534, 3.596471645111933, 4, 40.12663680780679, 294, 2148985, 1000000, 0.004443957470357418, 0.037647221237421036
7535, 3.844575616712973, 4, 40.12036965414882, 293, 2149278, 1000000, 0.0053078411146998405, 0.06339837610721588
7536, 3.2020440903143026, 4, 40.18434581393376, 294, 2149572, 1000000, 0.004775722976773977, 0.053018391132354736
7537, 3.7043559438434386, 4, 40.18160854279995, 295, 2149867, 1000000, 0.004736405331641436, 0.03949002921581268
7538, 3.6307150290977006, 4, 40.18928776215762, 295, 2150162, 1000000, 0.005315359681844711, 0.047391440719366074
7539, 3.9347016494139098, 4, 40.099687329959124, 294, 2150456, 1000000, 0.004388311877846718, 0.04358567297458649
7540, 3.2047154520678305, 4, 40.11939001921564, 295, 2150751, 1000000, 0.004776682239025831, 0.04319524019956589
7541, 3.317664893147594, 4, 40.07892714580521, 294, 2151045, 1000000, 0.005406273528933525, 0.04766392707824707
7542, 3.098093706816144, 4, 40.17479172395542, 295, 2151340, 1000000, 0.004964811727404594, 0.05397875979542732
7543, 3.4416454051734036, 4, 40.14284988306463, 295, 2151635, 1000000, 0.0048951636999845505, 0.04159465804696083
7544, 2.822999643998628, 4, 40.15490115014836, 293, 2151928, 1000000, 0.005087136756628752, 0.03821076452732086
7545, 3.4784962860394444, 4, 40.10156255075708, 293, 2152221, 1000000, 0.005074967630207539, 0.04930855706334114
7546, 3.2197518870707427, 4, 40.08993335161358, 295, 2152516, 1000000, 0.005000911187380552, 0.044989850372076035
7547, 2.54203566184151, 4, 40.193718329072, 296, 2152812, 1000000, 0.0049390848726034164, 0.04152439534664154
7548, 3.5758290320482047, 4, 40.16439717635512, 296, 2153108, 1000000, 0.004544357769191265, 0.05465543642640114
7549, -1.0346627110848203, 2, 13.363941269926727, 96, 2153204, 1000000, 0.004320859909057617, 0.017100675031542778
7550, 3.4809569289009232, 4, 40.17181357135996, 296, 2153500, 1000000, 0.00457739969715476, 0.04095292091369629
7551, 4.004537057211564, 4, 40.18388378387317, 296, 2153796, 1000000, 0.004990546498447657, 0.03935293108224869
7552, 3.479318198182227, 4, 40.09443932026625, 295, 2154091, 1000000, 0.005089614074677229, 0.05003955215215683
7553, 2.85833083042462, 4, 40.19274603202939, 293, 2154384, 1000000, 0.005120236426591873, 0.04174290969967842
7554, 3.230533742598709, 4, 40.101413406897336, 296, 2154680, 1000000, 0.004916474688798189, 0.038633354008197784
7555, 3.1166231093284296, 4, 40.13758034678176, 296, 2154976, 1000000, 0.005409828387200832, 0.04631483927369118
7556, 2.7535246712868684, 4, 40.056999175809324, 296, 2155272, 1000000, 0.0054629528895020485, 0.039802294224500656
7557, 3.8193326447244544, 4, 40.15119928307831, 295, 2155567, 1000000, 0.0051897005178034306, 0.04444308578968048
7558, 3.66783001177555, 4, 40.11564408335835, 295, 2155862, 1000000, 0.005302319768816233, 0.04581204801797867
7559, 3.367514126460719, 4, 40.192593103740364, 293, 2156155, 1000000, 0.004722574260085821, 0.0428725965321064
7560, 2.793392305939051, 4, 40.10854035196826, 296, 2156451, 1000000, 0.00424741068854928, 0.03909064829349518
7561, 3.2504923533306282, 4, 40.07521880231798, 295, 2156746, 1000000, 0.004241239279508591, 0.04928462952375412
7562, 3.437656413079708, 4, 40.17911306489259, 296, 2157042, 1000000, 0.004385809414088726, 0.038479067385196686
7563, 3.730464535175088, 4, 40.140645334962755, 295, 2157337, 1000000, 0.004971928428858519, 0.038231011480093
7564, 3.2344289804950677, 4, 40.06127684004605, 295, 2157632, 1000000, 0.004889136180281639, 0.0367480143904686
7565, -0.05677053290128242, 2, 32.59395170863718, 240, 2157872, 1000000, 0.00449738185852766, 0.033319491893053055
7566, 3.57184891029101, 4, 40.06569421198219, 296, 2158168, 1000000, 0.0037979998160153627, 0.0420164130628109
7567, 4.016365090086765, 4, 40.13092035194859, 296, 2158464, 1000000, 0.004237436223775148, 0.04510294273495674
7568, 3.6191703316124517, 4, 40.12659313622862, 297, 2158761, 1000000, 0.004731874447315931, 0.05376923084259033
7569, 3.370721863320796, 4, 40.09641212504357, 294, 2159055, 1000000, 0.005491927731782198, 0.05758741497993469
7570, 3.7372400279782596, 4, 40.14687715796754, 297, 2159352, 1000000, 0.004825027659535408, 0.04122857749462128
7571, 3.7969478454215277, 4, 40.16706834314391, 296, 2159648, 1000000, 0.00535051291808486, 0.039671968668699265
7572, 2.347123921077582, 4, 40.14559228019789, 297, 2159945, 1000000, 0.004331672098487616, 0.04452987015247345
7573, -0.3392008871451253, 2, 22.45305425999686, 164, 2160109, 1000000, 0.005058352369815111, 0.03823571652173996
7574, 3.0132576181731565, 4, 40.10972575517371, 296, 2160405, 1000000, 0.004415775649249554, 0.04653443396091461
7575, -2.74890697770752, 2, 9.03415003605187, 64, 2160469, 1000000, 0.006689674220979214, 0.038168665021657944
7576, 3.6270260168130335, 4, 40.14033713378012, 296, 2160765, 1000000, 0.004796782974153757, 0.04366101697087288
7577, 3.3022834491785034, 4, 40.11836190475151, 296, 2161061, 1000000, 0.004734148271381855, 0.05129696801304817
7578, -0.39582760928897187, 2, 27.748441552743316, 204, 2161265, 1000000, 0.004595340229570866, 0.04356135055422783
7579, 3.1182535169500625, 4, 40.08199900202453, 296, 2161561, 1000000, 0.004483711905777454, 0.04082359001040459
7580, 3.1065314073371155, 4, 40.17808532388881, 297, 2161858, 1000000, 0.004562077112495899, 0.04525027796626091
7581, 3.3284005159075605, 4, 40.14584005204961, 297, 2162155, 1000000, 0.004988410044461489, 0.04164040833711624
7582, 4.015804788495643, 4, 40.15425434708595, 296, 2162451, 1000000, 0.004505358170717955, 0.05236628279089928
7583, -0.18371299220598303, 2, 22.497395504266024, 164, 2162615, 1000000, 0.005426160059869289, 0.052341118454933167
7584, 3.6236835239565153, 4, 40.12127816071734, 297, 2162912, 1000000, 0.005119842477142811, 0.04823014512658119
7585, 3.332616423673244, 4, 40.177373205311596, 296, 2163208, 1000000, 0.004706307779997587, 0.026704760268330574
7586, 3.5255084411364805, 4, 40.12656940659508, 296, 2163504, 1000000, 0.004917639773339033, 0.041380226612091064
7587, 3.340949121982703, 4, 40.16151208197698, 296, 2163800, 1000000, 0.005485428497195244, 0.03037603199481964
7588, 3.3589771488323095, 4, 40.173408795148134, 296, 2164096, 1000000, 0.004766702651977539, 0.04542097449302673
7589, 3.2705713213240415, 4, 40.129514019005, 296, 2164392, 1000000, 0.004964272025972605, 0.03405343368649483
7590, -0.17429212973001995, 2, 34.06029135687277, 251, 2164643, 1000000, 0.004227631725370884, 0.053927943110466
7591, 4.067785939019814, 4, 40.15609876392409, 297, 2164940, 1000000, 0.005063433665782213, 0.03938882425427437
7592, 3.1067357850342887, 4, 40.17759004794061, 296, 2165236, 1000000, 0.005172417964786291, 0.053909674286842346
7593, 3.7262862032439443, 4, 40.0987281659618, 296, 2165532, 1000000, 0.0049304841086268425, 0.0433725081384182
7594, 3.3927575913803594, 4, 40.16057190904394, 297, 2165829, 1000000, 0.005040731281042099, 0.04305737465620041
7595, 3.103078716003438, 4, 40.170270199887455, 296, 2166125, 1000000, 0.005308215972036123, 0.04726869985461235
7596, -0.14978242001961917, 2, 24.552264987956733, 180, 2166305, 1000000, 0.005288326181471348, 0.04111609607934952
7597, 3.81319613945152, 4, 40.0619843499735, 296, 2166601, 1000000, 0.00589817063882947, 0.04547571390867233
7598, 3.8875130606547827, 4, 40.120901339221746, 296, 2166897, 1000000, 0.005097909364849329, 0.04080843925476074
7599, 3.1828382506070625, 4, 40.19577585393563, 297, 2167194, 1000000, 0.004241039045155048, 0.044199973344802856
7600, 3.1553031835921956, 4, 40.12086471542716, 296, 2167490, 1000000, 0.00408407486975193, 0.03769560903310776
7601, 3.6952311084496614, 4, 40.059676472097635, 289, 2167779, 1000000, 0.003866319777444005, 0.03559337183833122
7602, 3.4431427709373565, 4, 40.06700804224238, 290, 2168069, 1000000, 0.004161910153925419, 0.04270055890083313
7603, 3.136134415068227, 4, 40.08851635688916, 291, 2168360, 1000000, 0.004327935632318258, 0.035835497081279755
7604, 3.806034914265183, 4, 40.16395894018933, 292, 2168652, 1000000, 0.005025997292250395, 0.03816451132297516
7605, 3.218715371353028, 4, 40.512772294692695, 294, 2168946, 1000000, 0.005341104231774807, 0.038961417973041534
7606, 3.2646546043542912, 4, 40.110192514956, 291, 2169237, 1000000, 0.004378916695713997, 0.04841308668255806
7607, 3.176403963847406, 4, 40.15660278592259, 292, 2169529, 1000000, 0.004295840859413147, 0.03400793671607971
7608, 3.025671710511233, 4, 40.094326199032366, 292, 2169821, 1000000, 0.004604337736964226, 0.05875082686543465
7609, 3.541085243150178, 4, 40.04611922707409, 290, 2170111, 1000000, 0.004260349553078413, 0.04196196049451828
7610, 3.4240865833489806, 4, 40.11917966930196, 291, 2170402, 1000000, 0.0045144748874008656, 0.04123477637767792
7611, -1.2654986447578267, 2, 38.36392829101533, 279, 2170681, 1000000, 0.004669990390539169, 0.0343417264521122
7612, 3.6426406619684712, 4, 40.11418787902221, 292, 2170973, 1000000, 0.005017964635044336, 0.035146474838256836
7613, 3.315689017443219, 4, 40.09503798233345, 292, 2171265, 1000000, 0.004796842113137245, 0.04329880326986313
7614, 3.1298375776805187, 4, 40.14760262193158, 292, 2171557, 1000000, 0.0047366004437208176, 0.04907001927495003
7615, 3.4862886650662404, 4, 40.150435126852244, 293, 2171850, 1000000, 0.0038012973964214325, 0.04407425597310066
7616, -0.22913132363464683, 2, 18.77864691335708, 135, 2171985, 1000000, 0.004797658417373896, 0.057677190750837326
7617, 3.1146550983066845, 4, 40.16545190522447, 292, 2172277, 1000000, 0.004421765450388193, 0.04081353545188904
7618, 2.7710703454249597, 4, 40.07149535417557, 293, 2172570, 1000000, 0.0052253506146371365, 0.048742592334747314
7619, 2.91660421143024, 4, 40.08001110330224, 293, 2172863, 1000000, 0.004546014126390219, 0.04079786688089371
7620, 2.9984038176780814, 4, 40.09153455076739, 292, 2173155, 1000000, 0.004180187825113535, 0.0509408600628376
7621, 3.531546841590327, 4, 40.04814696311951, 290, 2173445, 1000000, 0.004332833923399448, 0.03896183520555496
7622, 3.1400045715854503, 4, 40.091338362079114, 291, 2173736, 1000000, 0.00495251826941967, 0.04545067623257637
7623, 3.592208896367083, 4, 40.15019658813253, 291, 2174027, 1000000, 0.004696355666965246, 0.03253550082445145
7624, 3.2003707127623784, 4, 40.1926267859526, 291, 2174318, 1000000, 0.004600840620696545, 0.04485122859477997
7625, 3.8880529898106033, 4, 40.050578022841364, 291, 2174609, 1000000, 0.005151897203177214, 0.0476798340678215
7626, 2.073585101770732, 4, 40.135624047834426, 291, 2174900, 1000000, 0.004529967904090881, 0.039828673005104065
7627, 3.5614546314739073, 4, 40.16356825409457, 291, 2175191, 1000000, 0.0038238083943724632, 0.04058399423956871
7628, -5.8311580889858305, 2, 16.082235170993954, 116, 2175307, 1000000, 0.004170744214206934, 0.05789456516504288
7629, 3.18987860947891, 4, 40.19572477694601, 293, 2175600, 1000000, 0.00448022224009037, 0.0480244942009449
7630, 3.81754688589092, 4, 40.19200710207224, 292, 2175892, 1000000, 0.004666564986109734, 0.051671769469976425
7631, 3.7905442140763626, 4, 40.07368437061086, 292, 2176184, 1000000, 0.004947170149534941, 0.028599638491868973
7632, 3.6302095281243965, 4, 40.09966727718711, 293, 2176477, 1000000, 0.005191638600081205, 0.0419473759829998
7633, 3.407859932311112, 4, 40.16597173688933, 293, 2176770, 1000000, 0.004669660236686468, 0.03999991714954376
7634, 3.505771535688268, 4, 40.070222054142505, 293, 2177063, 1000000, 0.005143262445926666, 0.0377848818898201
7635, 3.4989276639316813, 4, 40.171601289883256, 292, 2177355, 1000000, 0.004622418433427811, 0.04091956466436386
7636, 2.945942983066743, 4, 40.19432650366798, 293, 2177648, 1000000, 0.0044346521608531475, 0.03219654783606529
7637, 3.6537493372907193, 4, 40.43434515176341, 296, 2177944, 1000000, 0.004858696833252907, 0.03623751923441887
7638, 3.563804421428813, 4, 40.06153310602531, 293, 2178237, 1000000, 0.004290507175028324, 0.05038128048181534
7639, 3.435492672073451, 4, 40.09752250323072, 293, 2178530, 1000000, 0.004328736569732428, 0.04860076680779457
7640, 3.4722665572553524, 4, 40.13766669342294, 294, 2178824, 1000000, 0.004728947766125202, 0.04169061407446861
7641, 3.541599721298553, 4, 40.13938085362315, 293, 2179117, 1000000, 0.004308467265218496, 0.04196583479642868
7642, -0.332108349291957, 2, 32.25803049094975, 236, 2179353, 1000000, 0.00420561246573925, 0.0386846661567688
7643, 3.397509118887683, 4, 40.125951788853854, 295, 2179648, 1000000, 0.004678510595113039, 0.03860403969883919
7644, 3.079343495336616, 4, 40.09262596908957, 295, 2179943, 1000000, 0.004159784410148859, 0.031034987419843674
7645, 3.6190678784441843, 4, 40.0877384012565, 294, 2180237, 1000000, 0.004638450685888529, 0.0472438782453537
7646, 3.5051876388752135, 4, 40.202233091928065, 295, 2180532, 1000000, 0.0038610685151070356, 0.04880128800868988
7647, 3.8888591500790426, 4, 40.15643965732306, 295, 2180827, 1000000, 0.004805442877113819, 0.04755622148513794
7648, 2.5589546699811763, 4, 40.08984739612788, 295, 2181122, 1000000, 0.005318062379956245, 0.03700264170765877
7649, 3.1152420222815635, 4, 40.06935243913904, 295, 2181417, 1000000, 0.004352623131126165, 0.0478433333337307
7650, 2.6986610673011455, 4, 40.113115266896784, 295, 2181712, 1000000, 0.004598469007760286, 0.045430805534124374
7651, 3.5137964842797373, 4, 40.17840827116743, 296, 2182008, 1000000, 0.003762739710509777, 0.04518531262874603
7652, 3.281536152571789, 4, 40.10920081939548, 294, 2182302, 1000000, 0.004241739399731159, 0.03825706988573074
7653, 3.2278239886873052, 4, 40.13987356889993, 295, 2182597, 1000000, 0.004115201532840729, 0.043895598500967026
7654, 3.0836885183653067, 4, 40.131965863052756, 296, 2182893, 1000000, 0.0040017846040427685, 0.043643850833177567
7655, 2.9030915882322006, 4, 40.1255210461095, 295, 2183188, 1000000, 0.0038924298714846373, 0.03528311848640442
7656, 2.893146307002098, 4, 40.12143910070881, 295, 2183483, 1000000, 0.003908244427293539, 0.04513510316610336
7657, 2.758676386481966, 4, 40.07888228725642, 295, 2183778, 1000000, 0.005031021777540445, 0.05563768371939659
7658, 3.377193217718741, 4, 40.17356752231717, 296, 2184074, 1000000, 0.00477124797180295, 0.042998600751161575
7659, 3.460977250605538, 4, 40.05372988479212, 295, 2184369, 1000000, 0.005272016394883394, 0.053501710295677185
7660, 3.2273721304300125, 4, 40.13037791196257, 295, 2184664, 1000000, 0.004398605786263943, 0.04195849969983101
7661, 3.458178336106357, 4, 40.1284966589883, 293, 2184957, 1000000, 0.004970317240804434, 0.04144345223903656
7662, 3.3105303600168554, 4, 40.107440013904124, 296, 2185253, 1000000, 0.004866410978138447, 0.03817867115139961
7663, 3.7625881117396602, 4, 40.169053621124476, 296, 2185549, 1000000, 0.004925257060676813, 0.0315324142575264
7664, 3.699556755544563, 4, 40.15868245763704, 296, 2185845, 1000000, 0.00436305720359087, 0.03629112243652344
7665, 3.7669717028129526, 4, 40.11579700233415, 296, 2186141, 1000000, 0.004298309795558453, 0.05045513063669205
7666, 3.9494754836632637, 4, 40.16272678878158, 296, 2186437, 1000000, 0.004495237022638321, 0.036326438188552856
7667, 3.749660744787434, 4, 40.18444677069783, 297, 2186734, 1000000, 0.004596536047756672, 0.037963565438985825
7668, 3.628507859672027, 4, 40.0580514757894, 295, 2187029, 1000000, 0.004405454266816378, 0.043182965368032455
7669, 3.729150544226286, 4, 40.1528675830923, 296, 2187325, 1000000, 0.004310792777687311, 0.04209794104099274
7670, -0.721986293043301, 2, 19.25527208019048, 140, 2187465, 1000000, 0.004694120492786169, 0.046110887080430984
7671, 4.284552393297417, 4, 40.12705138884485, 296, 2187761, 1000000, 0.004206511657685041, 0.04543647915124893
7672, 3.169166986810936, 4, 40.16106080496684, 296, 2188057, 1000000, 0.00431003188714385, 0.05257114768028259
7673, 3.166968378225647, 4, 40.14720062119886, 297, 2188354, 1000000, 0.0037885948549956083, 0.04347621649503708
7674, -0.3073744535286096, 2, 27.25352641986683, 200, 2188554, 1000000, 0.00612927321344614, 0.031650565564632416
7675, 2.986924173997977, 4, 40.134105974808335, 296, 2188850, 1000000, 0.005723298992961645, 0.04826105386018753
7676, 3.7237831932689005, 4, 40.1081087468192, 296, 2189146, 1000000, 0.004025478847324848, 0.04821256175637245
7677, 3.6601766600039696, 4, 40.160541420802474, 297, 2189443, 1000000, 0.004981490783393383, 0.045245055109262466
7678, 3.690471451214762, 4, 40.116653092671186, 296, 2189739, 1000000, 0.005985952913761139, 0.04351074621081352
7679, 3.353902736613236, 4, 40.137694966979325, 296, 2190035, 1000000, 0.00428043445572257, 0.04483447223901749
7680, -0.1343144900392872, 2, 32.9636599808, 243, 2190278, 1000000, 0.004867797251790762, 0.03389962762594223
7681, -0.24906111523887375, 2, 38.96257228497416, 287, 2190565, 1000000, 0.005170809105038643, 0.046325862407684326
7682, 3.5026097694353666, 4, 40.12489208905026, 297, 2190862, 1000000, 0.004666720051318407, 0.037202078849077225
7683, 3.0259385567151185, 4, 40.09616408403963, 296, 2191158, 1000000, 0.005264150444418192, 0.04424763843417168
7684, 3.703947113488539, 4, 40.19440309284255, 295, 2191453, 1000000, 0.004837312735617161, 0.03780941292643547
7685, 3.397649831687886, 4, 40.19056395115331, 296, 2191749, 1000000, 0.004382206592708826, 0.03580166772007942
7686, 3.479823184570023, 4, 40.0784434909001, 296, 2192045, 1000000, 0.004539520479738712, 0.03186018392443657
7687, 3.0324094697680266, 4, 40.116852211300284, 296, 2192341, 1000000, 0.004377774894237518, 0.04079705476760864
7688, 2.9615191033308292, 4, 40.15890340739861, 297, 2192638, 1000000, 0.00444995891302824, 0.045799560844898224
7689, 3.5112516689196127, 4, 40.10417629824951, 296, 2192934, 1000000, 0.005410958547145128, 0.03543340042233467
7690, 3.0561804813405615, 4, 40.14754733629525, 297, 2193231, 1000000, 0.004835182800889015, 0.05403899401426315
7691, -0.11616937682265416, 2, 18.275062818080187, 133, 2193364, 1000000, 0.004685709252953529, 0.06328830868005753
7692, 3.603791056881164, 4, 40.15104275988415, 297, 2193661, 1000000, 0.0046957205049693584, 0.041866887360811234
7693, 3.5772857354859298, 4, 40.152675551828, 297, 2193958, 1000000, 0.004425487015396357, 0.04497918114066124
7694, -0.6652209466556087, 2, 21.134448112919927, 154, 2194112, 1000000, 0.004372862167656422, 0.028928032144904137
7695, 3.0776474261056137, 4, 40.05170992016792, 295, 2194407, 1000000, 0.004051750525832176, 0.055296242237091064
7696, 3.088723211476463, 4, 40.090464149136096, 296, 2194703, 1000000, 0.004390363581478596, 0.048956386744976044
7697, -1.0540778790818877, 2, 23.829751110635698, 174, 2194877, 1000000, 0.004171110223978758, 0.03871944174170494
7698, 2.989522410363861, 4, 40.17314763274044, 297, 2195174, 1000000, 0.00464787008240819, 0.04205997660756111
7699, 2.5894425142298587, 4, 40.14321402134374, 296, 2195470, 1000000, 0.004371935967355967, 0.04014620929956436
7700, 3.483460775372805, 4, 40.103346650954336, 296, 2195766, 1000000, 0.005131949204951525, 0.04577847570180893
7701, 3.261944023128308, 4, 40.14752374170348, 291, 2196057, 1000000, 0.005555520299822092, 0.037570588290691376
7702, 2.5987382641760632, 4, 40.174199633300304, 291, 2196348, 1000000, 0.005031712353229523, 0.052276190370321274
7703, 3.396026806686905, 4, 40.16768686613068, 292, 2196640, 1000000, 0.004634110722690821, 0.04808953404426575
7704, 2.952778217942978, 4, 40.088955853134394, 292, 2196932, 1000000, 0.004883148241788149, 0.048223793506622314
7705, 3.4328010561130213, 4, 40.15604275884107, 291, 2197223, 1000000, 0.005551896058022976, 0.03910631686449051
7706, 3.5880999035816785, 4, 40.15961390500888, 293, 2197516, 1000000, 0.004674974828958511, 0.037320032715797424
7707, 3.7146981742989738, 4, 40.199520089663565, 293, 2197809, 1000000, 0.0051501416601240635, 0.04372072592377663
7708, 3.8353706676643924, 4, 40.14884015498683, 292, 2198101, 1000000, 0.0047446927055716515, 0.05218543857336044
7709, 3.3103558600523684, 4, 40.19591827923432, 291, 2198392, 1000000, 0.004494287073612213, 0.04970669373869896
7710, 3.604006805750032, 4, 40.07427941495553, 293, 2198685, 1000000, 0.004066211637109518, 0.04369863122701645
7711, 4.120196679054061, 4, 40.10652401391417, 291, 2198976, 1000000, 0.004459635820239782, 0.028085660189390182
7712, 2.8571151272872157, 4, 40.09463056595996, 293, 2199269, 1000000, 0.004652475472539663, 0.042922087013721466
7713, 3.7637725970307656, 4, 40.1955828522332, 294, 2199563, 1000000, 0.00392193766310811, 0.04325435310602188
7714, 2.9605412718246953, 4, 40.16168050887063, 294, 2199857, 1000000, 0.0038509336300194263, 0.03787143900990486
7715, 3.190604510209596, 4, 40.06679547671229, 294, 2200151, 1000000, 0.004823483061045408, 0.034223467111587524
7716, 3.4897694179926475, 4, 40.16627582255751, 293, 2200444, 1000000, 0.004762603435665369, 0.0378604531288147
7717, 3.7797044731178175, 4, 40.10692425491288, 294, 2200738, 1000000, 0.004578955937176943, 0.05095653980970383
7718, 3.1370718154144015, 4, 40.07843098603189, 293, 2201031, 1000000, 0.005232504103332758, 0.037137020379304886
7719, 3.5182011476081243, 4, 40.157877585850656, 294, 2201325, 1000000, 0.004058915190398693, 0.033137641847133636
7720, 3.141959579374088, 4, 40.1074800263159, 295, 2201620, 1000000, 0.004940930288285017, 0.042408257722854614
7721, 2.9383487580034853, 4, 40.11722663603723, 292, 2201912, 1000000, 0.005149428732693195, 0.03166569024324417
7722, 3.768049568921924, 4, 40.130727514158934, 292, 2202204, 1000000, 0.005498707294464111, 0.04087994992733002
7723, 3.191439526486647, 4, 40.064175250940025, 293, 2202497, 1000000, 0.004874066915363073, 0.04868518188595772
7724, 3.1055859330663225, 4, 40.103507888969034, 293, 2202790, 1000000, 0.004347676876932383, 0.03991798311471939
7725, 2.972747213940238, 4, 40.18314390582964, 293, 2203083, 1000000, 0.004985060077160597, 0.05032213032245636
7726, 3.5689227126713376, 4, 40.11176398117095, 293, 2203376, 1000000, 0.004433272406458855, 0.04827986657619476
7727, 3.8815297773708153, 4, 40.18120570899919, 295, 2203671, 1000000, 0.004589867312461138, 0.04153056442737579
7728, 3.3078612138779135, 4, 40.103068521711975, 293, 2203964, 1000000, 0.005513221491128206, 0.034294381737709045
7729, 3.4576545328309294, 4, 40.158005194272846, 295, 2204259, 1000000, 0.005025943741202354, 0.050499822944402695
7730, 3.7210390288921644, 4, 40.12226300081238, 294, 2204553, 1000000, 0.004411555826663971, 0.01999865099787712
7731, 3.6692909536723164, 4, 40.0806282190606, 294, 2204847, 1000000, 0.0047045182436704636, 0.030194386839866638
7732, 1.3544410665053874, 4, 40.162582674995065, 296, 2205143, 1000000, 0.0038948466535657644, 0.04042518511414528
7733, 3.21618516799208, 4, 40.10823527071625, 295, 2205438, 1000000, 0.003860403783619404, 0.04695196822285652
7734, 3.7061702349456027, 4, 40.09632510272786, 294, 2205732, 1000000, 0.004776595160365105, 0.04408421739935875
7735, 3.4659652815316804, 4, 40.0778968189843, 295, 2206027, 1000000, 0.004490770399570465, 0.03707302734255791
7736, 3.539548832331093, 4, 40.11370291793719, 294, 2206321, 1000000, 0.0054270680993795395, 0.04405801370739937
7737, -0.8085761235561222, 2, 10.971292602363974, 78, 2206399, 1000000, 0.005443780217319727, 0.048511799424886703
7738, 3.6591059680272338, 4, 40.174829044844955, 295, 2206694, 1000000, 0.004631116520613432, 0.04734763503074646
7739, 3.4830952830670867, 4, 40.11333663808182, 295, 2206989, 1000000, 0.004907881375402212, 0.03492635488510132
7740, 3.376738738938002, 4, 40.124391791876405, 295, 2207284, 1000000, 0.0047185104340314865, 0.046090077608823776
7741, 3.281248522012902, 4, 40.09007520414889, 295, 2207579, 1000000, 0.005267395172268152, 0.025532133877277374
7742, 3.655595995109252, 4, 40.11219995096326, 295, 2207874, 1000000, 0.004784107208251953, 0.029908671975135803
7743, 2.8820285236079144, 4, 40.180308459326625, 296, 2208170, 1000000, 0.004124718252569437, 0.04617645591497421
7744, -0.9218513598316349, 2, 30.02315201004967, 220, 2208390, 1000000, 0.004555923864245415, 0.037309613078832626
7745, 2.887308610856053, 4, 40.11784526705742, 294, 2208684, 1000000, 0.004599361680448055, 0.05029545724391937
7746, 3.6292183256100543, 4, 40.07526925718412, 295, 2208979, 1000000, 0.00476449728012085, 0.03850429132580757
7747, 3.0456362078739403, 4, 40.13118844199926, 296, 2209275, 1000000, 0.004955298267304897, 0.051258385181427
7748, 3.6573711194996577, 4, 40.139506306964904, 296, 2209571, 1000000, 0.004376366268843412, 0.03429912403225899
7749, 3.312528039307381, 4, 40.190204720944166, 296, 2209867, 1000000, 0.004730671178549528, 0.04901712387800217
7750, 3.7336887172095885, 4, 40.18081751931459, 295, 2210162, 1000000, 0.004921599291265011, 0.06182475388050079
7751, 3.726297415989393, 4, 40.08859086688608, 296, 2210458, 1000000, 0.004631506744772196, 0.04142528772354126
7752, 3.602183365437668, 4, 40.09676043596119, 294, 2210752, 1000000, 0.004602683708071709, 0.040572647005319595
7753, 3.8142739435879776, 4, 40.09975955309346, 295, 2211047, 1000000, 0.0046078418381512165, 0.037130460143089294
7754, 3.538083952069428, 4, 40.07646419573575, 295, 2211342, 1000000, 0.004018649458885193, 0.03937506303191185
7755, 3.353570964660321, 4, 40.071131830103695, 296, 2211638, 1000000, 0.004573324229568243, 0.04392935708165169
7756, 3.370259571720453, 4, 40.125516552943736, 295, 2211933, 1000000, 0.0046888841316103935, 0.04314089193940163
7757, 3.438631605797127, 4, 40.1687696040608, 296, 2212229, 1000000, 0.005030304659157991, 0.029863376170396805
7758, 3.219465057616617, 4, 40.12362821074203, 296, 2212525, 1000000, 0.005034896545112133, 0.044591452926397324
7759, -2.504825443495065, 2, 11.55833497364074, 81, 2212606, 1000000, 0.005768544971942902, 0.040899235755205154
7760, 2.738532866962487, 4, 40.13667439715937, 297, 2212903, 1000000, 0.00460415193811059, 0.03222157806158066
7761, 3.798590719146887, 4, 40.11181156942621, 296, 2213199, 1000000, 0.0041938298381865025, 0.03952953591942787
7762, 3.8920405562407723, 4, 40.086533807218075, 296, 2213495, 1000000, 0.004626282025128603, 0.036281950771808624
7763, -0.5061243944510352, 2, 35.41275234799832, 261, 2213756, 1000000, 0.004687223583459854, 0.05100402235984802
7764, 3.833903401506177, 4, 40.148501485120505, 296, 2214052, 1000000, 0.005131869576871395, 0.03688865900039673
7765, 3.304503216397279, 4, 40.14388786582276, 296, 2214348, 1000000, 0.005204823333770037, 0.04098736122250557
7766, 3.5448181817928344, 4, 40.10627457499504, 296, 2214644, 1000000, 0.0043728770688176155, 0.05249530076980591
7767, 3.884687371975815, 4, 40.125980623066425, 296, 2214940, 1000000, 0.006152599584311247, 0.035927385091781616
7768, 3.862330315509098, 4, 40.15860499627888, 296, 2215236, 1000000, 0.005426980555057526, 0.04348360374569893
7769, 3.4112761673713976, 4, 40.07264831010252, 295, 2215531, 1000000, 0.004869382828474045, 0.04247119650244713
7770, 3.417191545957394, 4, 40.08540409896523, 296, 2215827, 1000000, 0.004644713364541531, 0.04017232730984688
7771, 4.005587049337919, 4, 40.099326328374445, 296, 2216123, 1000000, 0.004867838695645332, 0.0345279835164547
7772, 3.6787800344745847, 4, 40.05643768096343, 294, 2216417, 1000000, 0.005750084761530161, 0.04316386580467224
7773, 3.7594437084644596, 4, 40.123754279688, 296, 2216713, 1000000, 0.0047423639334738255, 0.04513669013977051
7774, 3.453918584398707, 4, 40.15970450500026, 297, 2217010, 1000000, 0.0044144331477582455, 0.03957844153046608
7775, 3.2791595321687055, 4, 40.1484468979761, 296, 2217306, 1000000, 0.004525042604655027, 0.03560367971658707
7776, 3.5703807686336404, 4, 40.09442006610334, 296, 2217602, 1000000, 0.005469135474413633, 0.04484739527106285
7777, 3.745525284932228, 4, 40.06811403576285, 296, 2217898, 1000000, 0.0055335331708192825, 0.04353557154536247
7778, 3.590584213154216, 4, 40.06569440010935, 296, 2218194, 1000000, 0.004603470675647259, 0.041341383010149
7779, 3.5452636443369556, 4, 40.165554953273386, 296, 2218490, 1000000, 0.004287379328161478, 0.049540530890226364
7780, 3.96297608754503, 4, 40.1709985579364, 296, 2218786, 1000000, 0.00482739694416523, 0.04237409681081772
7781, 2.939418108198879, 4, 40.14000981627032, 297, 2219083, 1000000, 0.00423267250880599, 0.04950861632823944
7782, 3.8452790600695153, 4, 40.17745559383184, 297, 2219380, 1000000, 0.004517468623816967, 0.041238054633140564
7783, 3.1243783420886757, 4, 40.09032806381583, 296, 2219676, 1000000, 0.004587908275425434, 0.04891578480601311
7784, 3.164569753796968, 4, 40.06046716682613, 296, 2219972, 1000000, 0.004566137678921223, 0.030008593574166298
7785, 3.6881599933803955, 4, 40.08122891606763, 296, 2220268, 1000000, 0.004992963280528784, 0.04115724191069603
7786, 3.6971566252905177, 4, 40.123524595983326, 297, 2220565, 1000000, 0.004286360926926136, 0.042484086006879807
7787, 3.8811770858319505, 4, 40.09176066797227, 297, 2220862, 1000000, 0.0051030865870416164, 0.03078588843345642
7788, -1.3327843549195677, 2, 12.938378707040101, 93, 2220955, 1000000, 0.005963370203971863, 0.034868743270635605
7789, 3.878374959451321, 4, 40.0655605699867, 296, 2221251, 1000000, 0.0049806805327534676, 0.050886839628219604
7790, 3.6790573017042334, 4, 40.161972891073674, 296, 2221547, 1000000, 0.004924796521663666, 0.03154207393527031
7791, 3.87869275619596, 4, 40.153013449162245, 297, 2221844, 1000000, 0.004808549303561449, 0.040924474596977234
7792, 3.3077413116716343, 4, 40.0898534799926, 296, 2222140, 1000000, 0.004552398342639208, 0.04316448047757149
7793, 3.8863080367191287, 4, 40.0883758161217, 297, 2222437, 1000000, 0.005825294181704521, 0.04567805677652359
7794, 3.5805107018750277, 4, 40.08305334718898, 295, 2222732, 1000000, 0.004983481485396624, 0.048988256603479385
7795, -2.5982400549110025, 2, 6.521749164909124, 45, 2222777, 1000000, 0.004242924507707357, 0.05099042132496834
7796, 3.3938027760523255, 4, 40.13331642560661, 297, 2223074, 1000000, 0.0043771155178546906, 0.034385066479444504
7797, 3.7926344247018733, 4, 40.160890377126634, 297, 2223371, 1000000, 0.005394284147769213, 0.05832536146044731
7798, 3.6384812105206947, 4, 40.12049339618534, 296, 2223667, 1000000, 0.004296743310987949, 0.036256421357393265
7799, 3.69345584630355, 4, 40.08618748001754, 296, 2223963, 1000000, 0.004098285920917988, 0.05187768489122391
7800, 3.412251778344398, 4, 40.1548141608946, 295, 2224258, 1000000, 0.004915065597742796, 0.035890232771635056
7801, 3.67628263206052, 4, 40.090635385829955, 290, 2224548, 1000000, 0.0060210698284208775, 0.04287309944629669
7802, 3.27994298691965, 4, 40.109882707707584, 290, 2224838, 1000000, 0.004530252423137426, 0.0560719333589077
7803, 2.84950254976593, 4, 40.138517080340534, 291, 2225129, 1000000, 0.004174372646957636, 0.04595842584967613
7804, 3.6919304804487183, 4, 40.10924731986597, 291, 2225420, 1000000, 0.0054536666721105576, 0.044966164976358414
7805, 3.4904914236594777, 4, 40.13317338610068, 291, 2225711, 1000000, 0.004821598529815674, 0.04948459193110466
7806, 3.4152984161332824, 4, 40.0983487861231, 291, 2226002, 1000000, 0.005500349216163158, 0.0520760715007782
7807, 3.3015208576180157, 4, 40.11889653094113, 292, 2226294, 1000000, 0.0052401116117835045, 0.044870831072330475
7808, 4.03077842890707, 4, 40.188627472147346, 292, 2226586, 1000000, 0.004642656072974205, 0.045973874628543854
7809, 2.611248220748166, 4, 40.083229783922434, 291, 2226877, 1000000, 0.004803780000656843, 0.038854725658893585
7810, 2.8785855139831256, 4, 40.1060255439952, 291, 2227168, 1000000, 0.004879179410636425, 0.02294846810400486
7811, 3.0092945771757513, 4, 40.11184845864773, 292, 2227460, 1000000, 0.005077366251498461, 0.052189841866493225
7812, 2.656056779487699, 4, 40.110828743781894, 292, 2227752, 1000000, 0.0051742130890488625, 0.04125601798295975
7813, 3.6230377646147645, 4, 40.1631964459084, 293, 2228045, 1000000, 0.004467651713639498, 0.04594961553812027
7814, 3.5652820222640003, 4, 40.08832777896896, 292, 2228337, 1000000, 0.004459962248802185, 0.035945016890764236
7815, 3.1208982494761344, 4, 40.158815233036876, 292, 2228629, 1000000, 0.00472871633246541, 0.043327610939741135
7816, 3.1730238344352983, 4, 40.09037140710279, 293, 2228922, 1000000, 0.004322653170675039, 0.04923693463206291
7817, 3.566950497981452, 4, 40.15453234501183, 292, 2229214, 1000000, 0.00471362704411149, 0.039352573454380035
7818, 3.1610116866640965, 4, 40.14189314329997, 292, 2229506, 1000000, 0.0041049388237297535, 0.047522272914648056
7819, 2.9240549427225915, 4, 40.15080071799457, 293, 2229799, 1000000, 0.005074947606772184, 0.04793161153793335
7820, 3.08524840958853, 4, 40.186548572033644, 293, 2230092, 1000000, 0.004700679797679186, 0.0405195988714695
7821, 2.8844011944092927, 4, 40.090371737256646, 291, 2230383, 1000000, 0.005068811122328043, 0.04520570859313011
7822, 3.48355517217351, 4, 40.10254682833329, 292, 2230675, 1000000, 0.004353497177362442, 0.04743053391575813
7823, 3.6102117224463655, 4, 40.20858465321362, 292, 2230967, 1000000, 0.004258196335285902, 0.04234348610043526
7824, 3.0784610513474036, 4, 40.194279903080314, 293, 2231260, 1000000, 0.005802751984447241, 0.030950620770454407
7825, 3.448321846647559, 4, 40.10316757066175, 292, 2231552, 1000000, 0.004184022080153227, 0.04095320403575897
7826, 3.3749334401768465, 4, 40.223432555794716, 291, 2231843, 1000000, 0.004871047101914883, 0.0511840395629406
7827, 3.598889884135133, 4, 40.11489287298173, 290, 2232133, 1000000, 0.0045455098152160645, 0.040188856422901154
7828, 3.7647317794221635, 4, 40.09346631960943, 292, 2232425, 1000000, 0.004847398027777672, 0.036164432764053345
7829, 3.3661633915053244, 4, 40.17133007524535, 292, 2232717, 1000000, 0.005278810393065214, 0.04388915002346039
7830, -0.8142122617955465, 2, 35.525853333063424, 258, 2232975, 1000000, 0.004502874333411455, 0.05531863868236542
7831, 3.4619889505374886, 4, 40.05763663724065, 293, 2233268, 1000000, 0.0054853735491633415, 0.037347909063100815
7832, 3.3764795279603277, 4, 40.13519177492708, 293, 2233561, 1000000, 0.005064476281404495, 0.04395320266485214
7833, 3.6950131840894755, 4, 40.169217381160706, 292, 2233853, 1000000, 0.004701899830251932, 0.042431723326444626
7834, 3.220230018367147, 4, 40.19355260301381, 294, 2234147, 1000000, 0.0045363279059529305, 0.04112986475229263
7835, -0.7055310907890089, 2, 21.462750843260437, 155, 2234302, 1000000, 0.004681221209466457, 0.04715054854750633
7836, 3.7215854735786706, 4, 40.14082904718816, 293, 2234595, 1000000, 0.0052546244114637375, 0.05081045255064964
7837, 3.501005072143016, 4, 40.187791041098535, 294, 2234889, 1000000, 0.005124918185174465, 0.04931021109223366
7838, 3.065988426623335, 4, 40.18220740836114, 294, 2235183, 1000000, 0.0042038229294121265, 0.051741134375333786
7839, 3.370788047594033, 4, 40.117301237769425, 293, 2235476, 1000000, 0.004119970835745335, 0.026539655402302742
7840, -0.3845862901480359, 2, 29.76510237995535, 216, 2235692, 1000000, 0.005095241591334343, 0.05581531673669815
7841, 3.3379422087600688, 4, 40.12109628971666, 294, 2235986, 1000000, 0.0048819794319570065, 0.04134395346045494
7842, 3.869174604724776, 4, 40.119085154961795, 294, 2236280, 1000000, 0.004795115441083908, 0.027722546830773354
7843, 2.782784286828246, 4, 40.09155960381031, 295, 2236575, 1000000, 0.004487799946218729, 0.056821029633283615
7844, 3.4037023716973636, 4, 40.14352526003495, 296, 2236871, 1000000, 0.004561918787658215, 0.04569704458117485
7845, 3.4547947695809853, 4, 40.111968346871436, 295, 2237166, 1000000, 0.004329976625740528, 0.04314294084906578
7846, 3.7319312611907662, 4, 40.07774777663872, 294, 2237460, 1000000, 0.004427960142493248, 0.03542570769786835
7847, 3.192374229777215, 4, 40.112840578425676, 294, 2237754, 1000000, 0.004678614903241396, 0.04083907976746559
7848, 3.3020031794039824, 4, 40.176713943015784, 294, 2238048, 1000000, 0.004743190947920084, 0.05355329439043999
7849, 3.6782047408760263, 4, 40.207000833936036, 295, 2238343, 1000000, 0.005391581449657679, 0.030514918267726898
7850, 2.9612844637185844, 4, 40.143797426018864, 295, 2238638, 1000000, 0.0047116391360759735, 0.05061925947666168
7851, 3.872551127733459, 4, 40.099995110649616, 294, 2238932, 1000000, 0.006642892491072416, 0.03826851397752762
7852, 3.6347873619379243, 4, 40.16134228790179, 297, 2239229, 1000000, 0.004346687346696854, 0.04195016995072365
7853, 3.62560900967037, 4, 40.144014400895685, 294, 2239523, 1000000, 0.0050641754642128944, 0.04752237722277641
7854, 2.892718266666634, 4, 40.09388606110588, 295, 2239818, 1000000, 0.0048394170589745045, 0.046208325773477554
7855, 3.1489202286647924, 4, 40.185014931019396, 293, 2240111, 1000000, 0.004657879006117582, 0.04977058246731758
7856, 3.1558236452328856, 4, 40.11811406724155, 296, 2240407, 1000000, 0.005522002466022968, 0.03675447031855583
7857, 3.785015422405195, 4, 40.103442614898086, 293, 2240700, 1000000, 0.004140800330787897, 0.046232838183641434
7858, 1.7500056702119764, 4, 40.090176245197654, 296, 2240996, 1000000, 0.005693435203284025, 0.04339298978447914
7859, 3.0258382049723878, 4, 40.15367232915014, 296, 2241292, 1000000, 0.005836494266986847, 0.03159428760409355
7860, 3.6524021986697335, 4, 40.17015066603199, 296, 2241588, 1000000, 0.005999845918267965, 0.050587188452482224
7861, 3.7787687876420932, 4, 40.10618406999856, 294, 2241882, 1000000, 0.0054514454677701, 0.04277776554226875
7862, 3.8220917796285647, 4, 40.12818439910188, 296, 2242178, 1000000, 0.004873340018093586, 0.05794405937194824
7863, 3.4156224713497068, 4, 40.120861968025565, 296, 2242474, 1000000, 0.004657112527638674, 0.04968710243701935
7864, 2.967000452308696, 4, 40.0709595172666, 295, 2242769, 1000000, 0.004767702426761389, 0.03891531378030777
7865, 2.842764875621924, 4, 40.11369479773566, 296, 2243065, 1000000, 0.006518339738249779, 0.044885557144880295
7866, 3.5527648784300254, 4, 40.16305042197928, 296, 2243361, 1000000, 0.00412762351334095, 0.045410629361867905
7867, 3.5772080814458604, 4, 40.097105427179486, 296, 2243657, 1000000, 0.0046137976460158825, 0.04444234445691109
7868, 3.1188882138485496, 4, 40.20115302596241, 296, 2243953, 1000000, 0.005597345996648073, 0.05200410634279251
7869, 3.8814166039956035, 4, 40.09500606311485, 296, 2244249, 1000000, 0.004206513054668903, 0.05295442417263985
7870, -0.5213688229850959, 2, 23.494427675846964, 172, 2244421, 1000000, 0.004838485270738602, 0.061539407819509506
7871, 3.7423777087496433, 4, 40.17560306284577, 297, 2244718, 1000000, 0.005328330211341381, 0.04644858092069626
7872, 3.6417969994436135, 4, 40.06828337814659, 296, 2245014, 1000000, 0.004664523061364889, 0.05616648122668266
7873, 3.209825736379571, 4, 40.07064881827682, 296, 2245310, 1000000, 0.0064133838750422, 0.03454640135169029
7874, -0.5179109520540806, 2, 35.92150183022022, 264, 2245574, 1000000, 0.004912701901048422, 0.05001908540725708
7875, 2.892250995536756, 4, 40.181023159995675, 296, 2245870, 1000000, 0.004755194764584303, 0.04528152197599411
7876, 3.547534184920096, 4, 40.07467044517398, 296, 2246166, 1000000, 0.00421083252876997, 0.03663508594036102
7877, 3.2883726195195777, 4, 40.062388674821705, 296, 2246462, 1000000, 0.003915160894393921, 0.04606049507856369
7878, 3.7753102382565373, 4, 40.110675632953644, 296, 2246758, 1000000, 0.0047401790507137775, 0.04848761856555939
7879, 3.757109861596291, 4, 40.167608071584255, 296, 2247054, 1000000, 0.004172740504145622, 0.04624223709106445
7880, 3.0184903649715125, 4, 40.042324577923864, 295, 2247349, 1000000, 0.0047600846737623215, 0.04479911923408508
7881, 3.400048909559928, 4, 40.13117243302986, 296, 2247645, 1000000, 0.005608579609543085, 0.05092867091298103
7882, -0.1153018456279824, 2, 27.577744753099978, 202, 2247847, 1000000, 0.0037129370030015707, 0.037033963948488235
7883, 3.924125450619613, 4, 40.06938337022439, 296, 2248143, 1000000, 0.004653646610677242, 0.03660444915294647
7884, 3.9837493998775244, 4, 40.146407320164144, 296, 2248439, 1000000, 0.004641184117645025, 0.04992988333106041
7885, 0.16470770500927756, 2, 31.318635480012745, 231, 2248670, 1000000, 0.005144928116351366, 0.052454862743616104
7886, 3.723177256691997, 4, 40.153441418893635, 296, 2248966, 1000000, 0.005321221891790628, 0.04385754093527794
7887, 3.650248481751987, 4, 40.161489464808255, 297, 2249263, 1000000, 0.005424037110060453, 0.03460526466369629
7888, -0.6887318679896453, 2, 31.365651533938944, 231, 2249494, 1000000, 0.005922268144786358, 0.05341773107647896
7889, 3.509648089766415, 4, 40.11159038217738, 296, 2249790, 1000000, 0.0041975053027272224, 0.033670637756586075
7890, 3.0166816346801397, 4, 40.09757358301431, 296, 2250086, 1000000, 0.0050866082310676575, 0.045454662293195724
7891, 3.5308704372582724, 4, 40.10762192774564, 296, 2250382, 1000000, 0.006413504481315613, 0.048107437789440155
7892, -0.10502770420498564, 2, 35.58453503297642, 263, 2250645, 1000000, 0.004182415083050728, 0.041511934250593185
7893, 3.5093433790652853, 4, 40.0956322113052, 297, 2250942, 1000000, 0.005083946045488119, 0.06024322286248207
7894, 3.2186825694079744, 4, 40.138899196870625, 297, 2251239, 1000000, 0.005230166483670473, 0.04302853345870972
7895, 3.5055028662409313, 4, 40.12931719375774, 294, 2251533, 1000000, 0.004614788573235273, 0.04055090993642807
7896, 3.848629808468104, 4, 40.1557082911022, 297, 2251830, 1000000, 0.0056305257603526115, 0.04390684515237808
7897, 3.7146239172197966, 4, 40.18806779617444, 297, 2252127, 1000000, 0.004728000611066818, 0.051861368119716644
7898, 3.6539413389946276, 4, 40.102874665055424, 297, 2252424, 1000000, 0.005087901838123798, 0.03427847847342491
7899, 3.663902842250536, 4, 40.10854147281498, 297, 2252721, 1000000, 0.005346077494323254, 0.04396859556436539
7900, 3.863994553595603, 4, 40.0800714911893, 296, 2253017, 1000000, 0.005069658625870943, 0.04590653255581856
7901, 3.756657131416432, 4, 40.11269425973296, 289, 2253306, 1000000, 0.007023833692073822, 0.03733489662408829
7902, 3.396998073658324, 4, 40.106993241235614, 290, 2253596, 1000000, 0.004776542540639639, 0.04297236353158951
7903, 3.313886656156683, 4, 40.15700432797894, 291, 2253887, 1000000, 0.006403069477528334, 0.056584179401397705
7904, 3.454123655850708, 4, 40.09931958606467, 291, 2254178, 1000000, 0.005102764815092087, 0.05005026236176491
7905, 3.6010596600081044, 4, 40.190725933760405, 292, 2254470, 1000000, 0.004364723805338144, 0.0580742247402668
7906, 3.301024492817305, 4, 40.139666724950075, 291, 2254761, 1000000, 0.004571634344756603, 0.05665508285164833
7907, 3.322956965334015, 4, 40.13970353221521, 292, 2255053, 1000000, 0.004887119401246309, 0.056475698947906494
7908, 3.0051086248477077, 4, 40.09163969615474, 291, 2255344, 1000000, 0.005013318732380867, 0.03980346396565437
7909, 2.8003260091172706, 4, 40.075160411186516, 292, 2255636, 1000000, 0.004491389729082584, 0.04855151101946831
7910, 3.832944235251489, 4, 40.07677057897672, 290, 2255926, 1000000, 0.004698091186583042, 0.03963402286171913
7911, 3.9568621033831732, 4, 40.125531451776624, 292, 2256218, 1000000, 0.0048803784884512424, 0.032356150448322296
7912, -0.13135713441079133, 4, 40.13128695683554, 292, 2256510, 1000000, 0.005812696181237698, 0.03814256191253662
7913, 3.122081294994132, 4, 40.13644520472735, 293, 2256803, 1000000, 0.005055974703282118, 0.042453669011592865
7914, 3.4626698348388345, 4, 40.10479562776163, 291, 2257094, 1000000, 0.00445740157738328, 0.038662225008010864
7915, 2.8800132005326304, 4, 40.162141910754144, 292, 2257386, 1000000, 0.004632248543202877, 0.040784403681755066
7916, 3.129445270078577, 4, 40.2206177348271, 293, 2257679, 1000000, 0.0049020396545529366, 0.046175967901945114
7917, 3.4709351408473594, 4, 40.08913862891495, 291, 2257970, 1000000, 0.005486581940203905, 0.04481596499681473
7918, 3.0625600858147664, 4, 40.120179248042405, 292, 2258262, 1000000, 0.005711941048502922, 0.05056288093328476
7919, 3.311930296983519, 4, 40.16868281690404, 293, 2258555, 1000000, 0.0049110413528978825, 0.031029140576720238
7920, 2.9982948366564415, 4, 40.13959104195237, 293, 2258848, 1000000, 0.005246289540082216, 0.0419747568666935
7921, 3.9190784694450542, 4, 40.1091170120053, 292, 2259140, 1000000, 0.004558319691568613, 0.03611773997545242
7922, 2.846365066289877, 4, 40.077901089098305, 291, 2259431, 1000000, 0.004034193232655525, 0.04137085750699043
7923, 2.9549791066456237, 4, 40.073010785039514, 291, 2259722, 1000000, 0.004259513691067696, 0.03894544765353203
7924, 3.0416178660670994, 4, 40.05231372080743, 291, 2260013, 1000000, 0.005577330943197012, 0.042579296976327896
7925, 3.454918106937839, 4, 40.08756154496223, 291, 2260304, 1000000, 0.005221489816904068, 0.048858653753995895
7926, 3.345137036856613, 4, 40.07640014681965, 291, 2260595, 1000000, 0.005417891312390566, 0.04516098275780678
7927, 2.4125636023618426, 4, 40.11057314602658, 291, 2260886, 1000000, 0.004406859632581472, 0.03513011336326599
7928, 3.6029559674598204, 4, 40.14533599698916, 291, 2261177, 1000000, 0.004665555898100138, 0.051045335829257965
7929, 3.41355735588877, 4, 40.19680528016761, 293, 2261470, 1000000, 0.004910031799226999, 0.0418911837041378
7930, 3.3210654709328082, 4, 40.09675325034186, 292, 2261762, 1000000, 0.004826670978218317, 0.04760417714715004
7931, -0.15896814101506607, 2, 27.987057160120457, 203, 2261965, 1000000, 0.005263351835310459, 0.04547711834311485
7932, 3.6522609384246607, 4, 40.19542392902076, 292, 2262257, 1000000, 0.0053419996984303, 0.047752466052770615
7933, 3.7997753218751313, 4, 40.141412124969065, 293, 2262550, 1000000, 0.005003513768315315, 0.04034729301929474
7934, 3.62023171084725, 4, 40.16509858192876, 295, 2262845, 1000000, 0.004621772561222315, 0.040119852870702744
7935, 3.1021087845037982, 4, 40.164937128312886, 293, 2263138, 1000000, 0.005083642899990082, 0.04672613367438316
7936, -2.5247923572314903, 2, 8.843842803034931, 62, 2263200, 1000000, 0.0052566020749509335, 0.03076786734163761
7937, 3.3515417595408508, 4, 40.09487944608554, 293, 2263493, 1000000, 0.006438888609409332, 0.04063275828957558
7938, 3.852444651181372, 4, 40.10606153821573, 292, 2263785, 1000000, 0.005777278915047646, 0.037741560488939285
7939, 3.8021967584218146, 4, 40.155745811294764, 294, 2264079, 1000000, 0.004567463882267475, 0.04800275340676308
7940, 2.6486812171933707, 4, 40.12977860914543, 294, 2264373, 1000000, 0.004993189591914415, 0.04110531508922577
7941, 3.3751421683955414, 4, 40.17318434687331, 295, 2264668, 1000000, 0.004859541077166796, 0.04844818264245987
7942, 3.4055723310957546, 4, 40.12711774697527, 293, 2264961, 1000000, 0.00513251218944788, 0.038986630737781525
7943, 3.429199836180487, 4, 40.14716150891036, 295, 2265256, 1000000, 0.00566955516114831, 0.05028938502073288
7944, 2.9777245664290604, 4, 40.05939255608246, 293, 2265549, 1000000, 0.005021438468247652, 0.053411491215229034
7945, 2.6062481677497544, 4, 40.07873450778425, 294, 2265843, 1000000, 0.005478044040501118, 0.02996337041258812
7946, 3.1562381885378272, 4, 40.190291449893266, 296, 2266139, 1000000, 0.005486287176609039, 0.047238707542419434
7947, 2.5852583179002977, 4, 40.19589101802558, 296, 2266435, 1000000, 0.0053136711940169334, 0.0405300073325634
7948, 2.8970256069842435, 4, 40.1036024261266, 295, 2266730, 1000000, 0.005681978538632393, 0.03011506050825119
7949, 2.786055731949091, 4, 40.106253614183515, 295, 2267025, 1000000, 0.004547129850834608, 0.039087604731321335
7950, 3.5028618203291444, 4, 40.18024975480512, 295, 2267320, 1000000, 0.004720745142549276, 0.04089917987585068
7951, 3.781397412676597, 4, 40.128570954315364, 296, 2267616, 1000000, 0.005335464607924223, 0.03831015154719353
7952, 2.907535661335487, 4, 40.175199574790895, 295, 2267911, 1000000, 0.00516885332763195, 0.05327724665403366
7953, 3.5103250956622674, 4, 40.19358044117689, 296, 2268207, 1000000, 0.004092838149517775, 0.03291792795062065
7954, 3.0203660411955298, 4, 40.10588588286191, 294, 2268501, 1000000, 0.004059809725731611, 0.039840761572122574
7955, 3.446172098561874, 4, 40.06945506716147, 295, 2268796, 1000000, 0.004712831228971481, 0.04115450009703636
7956, 3.0891044695235905, 4, 40.06855499371886, 295, 2269091, 1000000, 0.004236522130668163, 0.044058460742235184
7957, 3.5837104446809462, 4, 40.074969502165914, 295, 2269386, 1000000, 0.005114553030580282, 0.04229292273521423
7958, 3.74637761574445, 4, 40.090102824848145, 296, 2269682, 1000000, 0.005514268297702074, 0.03866540268063545
7959, 3.9493847033081693, 4, 40.11394568765536, 296, 2269978, 1000000, 0.0048862057738006115, 0.04281114041805267
7960, 3.842293313860864, 4, 40.13005544571206, 296, 2270274, 1000000, 0.004329964518547058, 0.04262827709317207
7961, 3.951461206109343, 4, 40.063896032981575, 296, 2270570, 1000000, 0.00436651473864913, 0.04089128226041794
7962, 3.3168382184121583, 4, 40.105987733695656, 295, 2270865, 1000000, 0.004568152595311403, 0.038668062537908554
7963, 3.1224123991032684, 4, 40.06494220299646, 296, 2271161, 1000000, 0.004329677205532789, 0.03660827875137329
7964, 3.4686092040435597, 4, 40.15563150681555, 295, 2271456, 1000000, 0.004788571503013372, 0.037716154009103775
7965, 3.626451112442737, 4, 40.15748918009922, 296, 2271752, 1000000, 0.00450662337243557, 0.04454066976904869
7966, -0.6273855063918745, 2, 23.68420469108969, 173, 2271925, 1000000, 0.005082274321466684, 0.03374033421278
7967, 3.6935069994269725, 4, 40.1544952779077, 296, 2272221, 1000000, 0.007171830628067255, 0.043279193341732025
7968, 3.107181259315439, 4, 40.07977793505415, 295, 2272516, 1000000, 0.004587650299072266, 0.02627895586192608
7969, 3.335387478786288, 4, 40.09468611795455, 296, 2272812, 1000000, 0.004883673507720232, 0.03851406276226044
7970, 3.7078505491408578, 4, 40.17388544790447, 296, 2273108, 1000000, 0.005806380417197943, 0.030873997136950493
7971, 3.860455697085854, 4, 40.09202988771722, 294, 2273402, 1000000, 0.005517621524631977, 0.06094546616077423
7972, 3.0444148474563235, 4, 40.1640989552252, 296, 2273698, 1000000, 0.006331628188490868, 0.05000725015997887
7973, 3.8588996987964492, 4, 40.077437811065465, 296, 2273994, 1000000, 0.004586721770465374, 0.04076927527785301
7974, 3.667706395899586, 4, 40.07875841297209, 296, 2274290, 1000000, 0.005577909294515848, 0.039798662066459656
7975, 3.5050488525907895, 4, 40.08763672132045, 296, 2274586, 1000000, 0.004505836870521307, 0.0277522224932909
7976, 2.6955059398264893, 4, 40.087195496074855, 296, 2274882, 1000000, 0.004864790942519903, 0.039216864854097366
7977, 2.9503643129282864, 4, 40.187968875747174, 297, 2275179, 1000000, 0.004214843735098839, 0.03853200003504753
7978, 3.373780661051569, 4, 40.08880818495527, 296, 2275475, 1000000, 0.005126418080180883, 0.044426530599594116
7979, -3.307900786632672, 2, 6.274321882985532, 43, 2275518, 1000000, 0.0036380491219460964, 0.05069800838828087
7980, 3.250494263267683, 4, 40.16783165931702, 296, 2275814, 1000000, 0.006350079085677862, 0.037883736193180084
7981, 3.154855492347906, 4, 40.14615241298452, 297, 2276111, 1000000, 0.005519033409655094, 0.057580992579460144
7982, 3.7149254747009763, 4, 40.108856487087905, 297, 2276408, 1000000, 0.0050575886853039265, 0.05725690349936485
7983, 3.6917882535531135, 4, 40.08275389531627, 296, 2276704, 1000000, 0.006785792298614979, 0.04865783452987671
7984, 3.3191174568819406, 4, 40.06970617128536, 296, 2277000, 1000000, 0.005167898256331682, 0.03619732707738876
7985, 3.058149322085228, 4, 40.144806548021734, 296, 2277296, 1000000, 0.004819454625248909, 0.04281051084399223
7986, -0.5814249531977111, 2, 39.53367069689557, 292, 2277588, 1000000, 0.004960240796208382, 0.03925605118274689
7987, 3.4250009601018974, 4, 40.06453252863139, 296, 2277884, 1000000, 0.004306233022361994, 0.05073794722557068
7988, 3.4550512753758085, 4, 40.09303802717477, 297, 2278181, 1000000, 0.004628702532500029, 0.04292888194322586
7989, 3.033802486370405, 4, 40.07137785991654, 296, 2278477, 1000000, 0.007949765771627426, 0.043058935552835464
7990, 2.820521852812817, 4, 40.155203625094146, 297, 2278774, 1000000, 0.004884456284344196, 0.0446612611413002
7991, 3.2118370630232675, 4, 40.16044623032212, 297, 2279071, 1000000, 0.005162067245692015, 0.05468089133501053
7992, 3.1005547036274947, 4, 40.156515520997345, 297, 2279368, 1000000, 0.0060063572600483894, 0.051421452313661575
7993, 3.7268577175564133, 4, 40.13669269392267, 297, 2279665, 1000000, 0.005410396493971348, 0.04599320888519287
7994, 3.060297208148768, 4, 40.15055762976408, 297, 2279962, 1000000, 0.004783089738339186, 0.044820766896009445
7995, 3.2529412638468784, 4, 40.101851403713226, 296, 2280258, 1000000, 0.004339187406003475, 0.035898756235837936
7996, 3.063137757766526, 4, 40.13057304825634, 297, 2280555, 1000000, 0.004705416038632393, 0.042270559817552567
7997, 3.2962554243313207, 4, 40.10364940483123, 297, 2280852, 1000000, 0.004840258974581957, 0.023046107962727547
7998, 3.7917483391574933, 4, 40.11077219573781, 297, 2281149, 1000000, 0.004877557046711445, 0.04026525095105171
7999, 3.700309270602702, 4, 40.06684513390064, 297, 2281446, 1000000, 0.0048444680869579315, 0.048665568232536316
8000, 3.230500486683013, 4, 40.121655272785574, 297, 2281743, 1000000, 0.00521186413243413, 0.05232057347893715
8001, 3.5196116970510047, 4, 40.124386170879006, 290, 2282033, 1000000, 0.0062454077415168285, 0.05458502098917961
8002, 3.030561318006221, 4, 40.093349853064865, 290, 2282323, 1000000, 0.004591756034642458, 0.0451374351978302
8003, 3.11581456966087, 4, 40.13303437223658, 292, 2282615, 1000000, 0.005125627852976322, 0.04477168619632721
8004, 2.980798076498104, 4, 40.20621431199834, 292, 2282907, 1000000, 0.004336656536906958, 0.03981560096144676
8005, 3.0044608321277337, 4, 40.12203698279336, 293, 2283200, 1000000, 0.005429836455732584, 0.04610010236501694
8006, 3.4693486869982735, 4, 40.16620589187369, 293, 2283493, 1000000, 0.005203432869166136, 0.05195659399032593
8007, 2.75357205472028, 4, 40.19279641797766, 293, 2283786, 1000000, 0.004841003566980362, 0.04586168751120567
8008, 3.1544073277593725, 4, 40.18893492920324, 294, 2284080, 1000000, 0.004440117161720991, 0.0358433797955513
8009, 3.625225565203664, 4, 40.09277831437066, 292, 2284372, 1000000, 0.005054945591837168, 0.04772540554404259
8010, 3.049077020738423, 4, 40.180074291303754, 293, 2284665, 1000000, 0.004717422649264336, 0.037166446447372437
8011, 3.9037504287935008, 4, 40.092532109003514, 292, 2284957, 1000000, 0.004013570491224527, 0.04103086516261101
8012, -1.3040943522937596, 2, 10.65682795504108, 75, 2285032, 1000000, 0.005819245241582394, 0.029440322890877724
8013, 3.247260665475551, 4, 40.17715854104608, 292, 2285324, 1000000, 0.004132131114602089, 0.049168750643730164
8014, 3.0211856535752304, 4, 40.19484747108072, 294, 2285618, 1000000, 0.003853309666737914, 0.026255346834659576
8015, 3.667391726799906, 4, 40.143298264592886, 293, 2285911, 1000000, 0.004964385647326708, 0.040923792868852615
8016, -3.088109777541831, 2, 8.279323534108698, 58, 2285969, 1000000, 0.004723390098661184, 0.028316374868154526
8017, 3.5189357637373178, 4, 40.14366694306955, 294, 2286263, 1000000, 0.004732147324830294, 0.0561927929520607
8018, 3.3445187021770835, 4, 40.05926810624078, 294, 2286557, 1000000, 0.004612860269844532, 0.03675709292292595
8019, 3.2293088429400996, 4, 40.12913663731888, 292, 2286849, 1000000, 0.004005561117082834, 0.041162341833114624
8020, -2.9770034326938912, 2, 6.748480615206063, 46, 2286895, 1000000, 0.004205449018627405, 0.062212374061346054
8021, 3.476276978032729, 4, 40.170220606029034, 292, 2287187, 1000000, 0.004307475406676531, 0.05106326937675476
8022, 3.328895126716816, 4, 40.53255925606936, 296, 2287483, 1000000, 0.004252980463206768, 0.03694964200258255
8023, 3.094229160523014, 4, 40.1112886168994, 292, 2287775, 1000000, 0.004491903353482485, 0.040143370628356934
8024, 3.3371182797272922, 4, 40.10010835202411, 292, 2288067, 1000000, 0.005217528901994228, 0.038486696779727936
8025, 3.243348561480161, 4, 40.087434264831245, 291, 2288358, 1000000, 0.006016240920871496, 0.04984953999519348
8026, 3.374135134181415, 4, 40.12016515806317, 291, 2288649, 1000000, 0.004334239289164543, 0.036509133875370026
8027, 3.7090900166804204, 4, 40.12283734511584, 291, 2288940, 1000000, 0.004520960617810488, 0.04237378016114235
8028, 3.867114794653844, 4, 40.19905098201707, 294, 2289234, 1000000, 0.005371846724301577, 0.04349597170948982
8029, 3.791061874991101, 4, 40.14170597400516, 293, 2289527, 1000000, 0.00445904117077589, 0.039451729506254196
8030, 3.0520800767289984, 4, 40.148235712666065, 292, 2289819, 1000000, 0.004304073750972748, 0.04461429640650749
8031, 3.2361809139802062, 4, 40.09676125179976, 292, 2290111, 1000000, 0.005168504547327757, 0.041526682674884796
8032, 3.246176296716385, 4, 40.09946232615039, 293, 2290404, 1000000, 0.004714473150670528, 0.051084719598293304
8033, 3.270844261926868, 4, 40.09395918203518, 293, 2290697, 1000000, 0.00422288104891777, 0.04316161945462227
8034, 2.9389531696351696, 4, 40.132650785148144, 293, 2290990, 1000000, 0.003943361341953278, 0.03638682886958122
8035, 3.569933606808263, 4, 40.157599945086986, 294, 2291284, 1000000, 0.0054776109755039215, 0.048228953033685684
8036, 3.237144839375105, 4, 40.10334349796176, 294, 2291578, 1000000, 0.003774589393287897, 0.04977063462138176
8037, 2.8841544533715933, 4, 40.11349376104772, 293, 2291871, 1000000, 0.004999649710953236, 0.040198713541030884
8038, 3.020416108211066, 4, 40.15339884487912, 294, 2292165, 1000000, 0.00503111444413662, 0.04395996406674385
8039, 3.2354501165476677, 4, 40.14674166915938, 293, 2292458, 1000000, 0.004740208387374878, 0.0507088229060173
8040, 3.575599454698022, 4, 40.181696510873735, 295, 2292753, 1000000, 0.004651960916817188, 0.04175896197557449
8041, 3.87813216725408, 4, 40.078189836815, 295, 2293048, 1000000, 0.004149505868554115, 0.03591073304414749
8042, -3.1997823405545205, 2, 8.248871425166726, 58, 2293106, 1000000, 0.004220035392791033, 0.041618477553129196
8043, 3.135083449926242, 4, 40.16411401098594, 294, 2293400, 1000000, 0.004909215960651636, 0.03979046642780304
8044, 3.1917531013859843, 4, 40.076515906024724, 294, 2293694, 1000000, 0.004103120416402817, 0.04296743869781494
8045, 3.083421862248315, 4, 40.13058761321008, 295, 2293989, 1000000, 0.004494938533753157, 0.03017270751297474
8046, 3.772677377468426, 4, 40.10257342690602, 294, 2294283, 1000000, 0.005505247041583061, 0.04171250760555267
8047, 3.1843742467899574, 4, 40.15608330909163, 293, 2294576, 1000000, 0.005357437301427126, 0.04051492363214493
8048, 3.700847626981158, 4, 40.17155627487227, 294, 2294870, 1000000, 0.004018764942884445, 0.034571267664432526
8049, 3.9824385386418726, 4, 40.16787352506071, 295, 2295165, 1000000, 0.004121255595237017, 0.04243476688861847
8050, 3.4015631486799975, 4, 40.127848132979125, 296, 2295461, 1000000, 0.004007252398878336, 0.039556387811899185
8051, 3.783392864101188, 4, 40.11302821105346, 296, 2295757, 1000000, 0.005408569239079952, 0.03187155723571777
8052, 2.886457859258144, 4, 40.09161923918873, 293, 2296050, 1000000, 0.004940754733979702, 0.0422554649412632
8053, 3.5372189751433325, 4, 40.108546438161284, 296, 2296346, 1000000, 0.005001313053071499, 0.03372989967465401
8054, 3.598403948106352, 4, 40.10446893190965, 295, 2296641, 1000000, 0.004539653193205595, 0.03164904937148094
8055, 3.5114685013168128, 4, 40.15994318481535, 295, 2296936, 1000000, 0.005119996145367622, 0.038585640490055084
8056, 3.0130871191067854, 4, 40.16155941039324, 296, 2297232, 1000000, 0.003566375933587551, 0.03529118373990059
8057, 2.4020581163058523, 4, 40.05889170523733, 296, 2297528, 1000000, 0.004377741366624832, 0.03599010780453682
8058, 3.3289208502028487, 4, 40.16946148732677, 296, 2297824, 1000000, 0.00595329562202096, 0.042967647314071655
8059, 3.8317566299501777, 4, 40.065636713057756, 295, 2298119, 1000000, 0.005072816275060177, 0.03595936298370361
8060, 3.5018550920358393, 4, 40.08472586423159, 296, 2298415, 1000000, 0.004067542962729931, 0.037842389196157455
8061, 2.883684584288858, 4, 40.11485221842304, 295, 2298710, 1000000, 0.004894554615020752, 0.04240378737449646
8062, 3.1969984059560375, 4, 40.09129349188879, 295, 2299005, 1000000, 0.0051795439794659615, 0.030261628329753876
8063, 3.2609543967382706, 4, 40.107176426332444, 296, 2299301, 1000000, 0.004503910895437002, 0.05445878580212593
8064, 4.025237484569516, 4, 40.161102207843214, 297, 2299598, 1000000, 0.004637817852199078, 0.03561174124479294
8065, 3.423725730094702, 4, 40.145548993721604, 296, 2299894, 1000000, 0.004602115601301193, 0.030945397913455963
8066, 3.2883042156058764, 4, 40.116320454049855, 296, 2300190, 1000000, 0.004619815852493048, 0.045942503958940506
8067, 3.1984156271360007, 4, 40.09011479187757, 296, 2300486, 1000000, 0.0053274850361049175, 0.03720907121896744
8068, 3.91577285425592, 4, 40.074051009025425, 296, 2300782, 1000000, 0.005228762049227953, 0.03606439754366875
8069, 3.477254017856467, 4, 40.07774539105594, 297, 2301079, 1000000, 0.00486918818205595, 0.04985303059220314
8070, 3.418309300468536, 4, 40.1143121290952, 296, 2301375, 1000000, 0.004653723444789648, 0.04298233613371849
8071, 3.0426070203757263, 4, 40.15627727005631, 296, 2301671, 1000000, 0.004740633070468903, 0.024009982123970985
8072, 3.4013584076819825, 4, 40.05876962887123, 296, 2301967, 1000000, 0.004005558788776398, 0.03899043798446655
8073, 3.091845430084504, 4, 40.07779610808939, 296, 2302263, 1000000, 0.005378877278417349, 0.048474639654159546
8074, 3.5691926415256603, 4, 40.06039796303958, 296, 2302559, 1000000, 0.005049006547778845, 0.03414975479245186
8075, 3.630717890810047, 4, 40.11445078300312, 296, 2302855, 1000000, 0.0048069641925394535, 0.037305645644664764
8076, 3.178000567300842, 4, 40.114522819872946, 296, 2303151, 1000000, 0.005339193623512983, 0.04640400782227516
8077, 3.106808628392173, 4, 40.165486452169716, 296, 2303447, 1000000, 0.005253401584923267, 0.04084359481930733
8078, 3.6562491086917817, 4, 40.097003436181694, 296, 2303743, 1000000, 0.004655154421925545, 0.03676518797874451
8079, 3.517207111834182, 4, 40.137168891727924, 297, 2304040, 1000000, 0.004689360968768597, 0.039230771362781525
8080, 3.652056209044531, 4, 40.129325807094574, 296, 2304336, 1000000, 0.0044169039465487, 0.040310341864824295
8081, 3.140034379262943, 4, 40.15428271796554, 297, 2304633, 1000000, 0.004756597336381674, 0.04688514396548271
8082, 2.9887038423958074, 4, 40.0881998417899, 296, 2304929, 1000000, 0.004712301306426525, 0.04415685310959816
8083, 3.562572738104791, 4, 40.168322714976966, 297, 2305226, 1000000, 0.0055931792594492435, 0.04387051984667778
8084, 3.792073374905158, 4, 40.04918810399249, 295, 2305521, 1000000, 0.0051185511983931065, 0.036582645028829575
8085, 3.6859692608304613, 4, 40.15047406591475, 297, 2305818, 1000000, 0.004157085437327623, 0.041332535445690155
8086, 3.2097688061721783, 4, 40.164123471826315, 296, 2306114, 1000000, 0.004648454487323761, 0.04609411209821701
8087, 3.7779217356990102, 4, 40.07705979607999, 296, 2306410, 1000000, 0.005203462205827236, 0.030849037691950798
8088, 3.813216469650797, 4, 40.09836629824713, 297, 2306707, 1000000, 0.004990775138139725, 0.039487119764089584
8089, 3.342437385028461, 4, 40.106781088747084, 295, 2307002, 1000000, 0.0052567594684660435, 0.027965674176812172
8090, 0.028794736950658262, 2, 26.170938494149595, 192, 2307194, 1000000, 0.005086314398795366, 0.03850119933485985
8091, 4.12890586726644, 4, 40.14568358287215, 297, 2307491, 1000000, 0.005295116454362869, 0.049025505781173706
8092, 3.5583478035989202, 4, 40.144607682712376, 297, 2307788, 1000000, 0.005300674121826887, 0.047498710453510284
8093, 3.2356764841279073, 4, 40.168627810198814, 297, 2308085, 1000000, 0.004270624835044146, 0.04547851160168648
8094, 3.3306204849977803, 4, 40.085423537995666, 296, 2308381, 1000000, 0.004830350633710623, 0.04746369644999504
8095, 2.918108311940159, 4, 40.17850261228159, 297, 2308678, 1000000, 0.005689091049134731, 0.04332844540476799
8096, 2.995883467097883, 4, 40.14772760309279, 297, 2308975, 1000000, 0.0042886859737336636, 0.033535897731781006
8097, 3.644902115003788, 4, 40.13388041500002, 297, 2309272, 1000000, 0.005080978386104107, 0.03778070956468582
8098, 3.278180035056721, 4, 40.15453523164615, 294, 2309566, 1000000, 0.0050987498834729195, 0.038974449038505554
8099, 3.3982139513095717, 4, 40.09138226509094, 296, 2309862, 1000000, 0.004889442585408688, 0.04930908605456352
8100, 3.8171057848157943, 4, 40.11090520769358, 297, 2310159, 1000000, 0.004549618810415268, 0.044951196759939194
8101, 3.935729356504453, 4, 40.14689706172794, 290, 2310449, 1000000, 0.004962547216564417, 0.028201181441545486
8102, 3.4998385274229804, 4, 40.15010703122243, 292, 2310741, 1000000, 0.005718674045056105, 0.046378765255212784
8103, 2.939432993327273, 4, 40.12871867371723, 291, 2311032, 1000000, 0.004698300734162331, 0.037276145070791245
8104, 3.2853987441703794, 4, 40.1930121621117, 292, 2311324, 1000000, 0.004123615566641092, 0.05165684223175049
8105, 3.875269284071692, 4, 40.08507545012981, 292, 2311616, 1000000, 0.004735972266644239, 0.03930893912911415
8106, 3.0278589644926797, 4, 40.16341421101242, 292, 2311908, 1000000, 0.0047921971417963505, 0.04207753762602806
8107, 2.7967764782879385, 4, 40.09267175197601, 291, 2312199, 1000000, 0.0041192881762981415, 0.045075785368680954
8108, 3.4939890961886704, 4, 40.1858378960751, 292, 2312491, 1000000, 0.00495741656050086, 0.0429961122572422
8109, 3.285262043288185, 4, 40.163256864994764, 292, 2312783, 1000000, 0.004195900168269873, 0.04120878875255585
8110, 2.9329042823492273, 4, 40.160422815941274, 292, 2313075, 1000000, 0.004818289075046778, 0.039533864706754684
8111, -0.3976508188079606, 2, 26.832630313932896, 194, 2313269, 1000000, 0.005094591993838549, 0.038494426757097244
8112, 3.5387611197884326, 4, 40.12702330201864, 289, 2313558, 1000000, 0.004803659860044718, 0.04282474145293236
8113, 3.641295667529448, 4, 40.10392814781517, 289, 2313847, 1000000, 0.0047708856873214245, 0.04177641496062279
8114, 3.690645551263515, 4, 40.15621155779809, 289, 2314136, 1000000, 0.004918146878480911, 0.04241061583161354
8115, -0.43283245052589336, 2, 26.488095595967025, 190, 2314326, 1000000, 0.006251853425055742, 0.043524716049432755
8116, 2.8087569385006645, 4, 40.13045351905748, 287, 2314613, 1000000, 0.004449264612048864, 0.04700168967247009
8117, 2.772236850925765, 4, 40.12710109585896, 289, 2314902, 1000000, 0.0057348827831447124, 0.03408827632665634
8118, 3.8007746075072646, 4, 40.05171673698351, 289, 2315191, 1000000, 0.004887899849563837, 0.038367122411727905
8119, 3.1235093585491995, 4, 40.15955758234486, 291, 2315482, 1000000, 0.005077976733446121, 0.04583573341369629
8120, 3.3189479283973924, 4, 40.124432038050145, 290, 2315772, 1000000, 0.004931335337460041, 0.02712521143257618
8121, 3.243140753977059, 4, 40.06834856886417, 287, 2316059, 1000000, 0.00460409838706255, 0.043964505195617676
8122, -0.4054787618370028, 2, 24.39635959872976, 173, 2316232, 1000000, 0.004447018261998892, 0.03871665149927139
8123, 3.418142396184521, 4, 40.16780009912327, 288, 2316520, 1000000, 0.004670034162700176, 0.04698718339204788
8124, -3.7594432746991515, 2, 5.858501665759832, 39, 2316559, 1000000, 0.0037583906669169664, 0.042715780436992645
8125, -3.744558966369368, 2, 5.207126944325864, 34, 2316593, 1000000, 0.004435982555150986, 0.06395968794822693
8126, 3.7327201623556903, 4, 40.178371499758214, 288, 2316881, 1000000, 0.004921062383800745, 0.04087194800376892
8127, 2.9402140615966346, 4, 40.18931315699592, 288, 2317169, 1000000, 0.00505853770300746, 0.04558872431516647
8128, -2.1389179774560034, 2, 14.727780136745423, 104, 2317273, 1000000, 0.0038270880468189716, 0.0436721108853817
8129, -0.73205028170878, 2, 35.792086991947144, 257, 2317530, 1000000, 0.004387723281979561, 0.04316606745123863
8130, 3.0930889732590003, 4, 40.12972206110135, 288, 2317818, 1000000, 0.004711714573204517, 0.03524654731154442
8131, 3.340833621467027, 4, 40.17992616770789, 290, 2318108, 1000000, 0.00570701714605093, 0.03861654922366142
8132, -1.8749796505762788, 2, 38.43334882007912, 275, 2318383, 1000000, 0.004793889354914427, 0.040338121354579926
8133, 3.627062362369088, 4, 40.117636520881206, 291, 2318674, 1000000, 0.0040224287658929825, 0.049621451646089554
8134, -0.13043403943811427, 2, 32.651345405261964, 235, 2318909, 1000000, 0.004217961337417364, 0.03988538682460785
8135, -0.6232187198365864, 2, 32.66753638815135, 236, 2319145, 1000000, 0.0052032326348125935, 0.04245108366012573
8136, 3.1878798924035436, 4, 40.13970806077123, 289, 2319434, 1000000, 0.004743045661598444, 0.028597310185432434
8137, 2.9970605626731412, 4, 40.182986746076494, 290, 2319724, 1000000, 0.005002508405596018, 0.04772296920418739
8138, 3.2058875655784504, 4, 40.091773675754666, 290, 2320014, 1000000, 0.004925469867885113, 0.0481375977396965
8139, 3.3580732330266443, 4, 40.13473370112479, 290, 2320304, 1000000, 0.004266808275133371, 0.0369829498231411
8140, 2.976948117633583, 4, 40.08964651823044, 287, 2320591, 1000000, 0.005006219260394573, 0.035606592893600464
8141, 3.4050698448227195, 4, 40.13039879081771, 293, 2320884, 1000000, 0.004569200798869133, 0.04405276104807854
8142, 3.337912804089683, 4, 40.09893176006153, 291, 2321175, 1000000, 0.0046795946545898914, 0.03213757276535034
8143, 2.9753093640383668, 4, 40.12034115195274, 291, 2321466, 1000000, 0.004958564415574074, 0.03287777304649353
8144, 3.703134315297575, 4, 40.12025371007621, 294, 2321760, 1000000, 0.004324210807681084, 0.042111773043870926
8145, -0.013523989531677216, 2, 21.58176535787061, 157, 2321917, 1000000, 0.0046981219202280045, 0.04380752891302109
8146, 2.9834473696791974, 4, 40.189385641831905, 292, 2322209, 1000000, 0.004964445251971483, 0.0464358851313591
8147, 3.0820972522069496, 4, 40.14183186320588, 292, 2322501, 1000000, 0.004330097697675228, 0.027732757851481438
8148, 3.090438285596292, 4, 40.16396671393886, 292, 2322793, 1000000, 0.004599907901138067, 0.045486196875572205
8149, 2.9900162197027385, 4, 40.04339557979256, 292, 2323085, 1000000, 0.004608579911291599, 0.03738759085536003
8150, 3.345137182470353, 4, 40.10206797812134, 292, 2323377, 1000000, 0.005128547549247742, 0.05034995451569557
8151, 4.166223415351851, 4, 40.168600977398455, 294, 2323671, 1000000, 0.004657804500311613, 0.04063272848725319
8152, 3.0269384685987006, 4, 40.163107903208584, 293, 2323964, 1000000, 0.004942635539919138, 0.032940011471509933
8153, 3.8829149932153086, 4, 40.12568274512887, 294, 2324258, 1000000, 0.004772362299263477, 0.035003334283828735
8154, 3.0062819711201882, 4, 40.132259984035045, 292, 2324550, 1000000, 0.00463224109262228, 0.04966433346271515
8155, 3.0232282679780837, 4, 40.101853884756565, 292, 2324842, 1000000, 0.006024008151143789, 0.050680067390203476
8156, 2.766759200942033, 4, 40.10126840695739, 293, 2325135, 1000000, 0.0048861028626561165, 0.05037529021501541
8157, 3.110594921966367, 4, 40.18226367793977, 294, 2325429, 1000000, 0.0049830591306090355, 0.040626686066389084
8158, 3.2294083426968427, 4, 40.16037002997473, 294, 2325723, 1000000, 0.004586922936141491, 0.03513351082801819
8159, 2.4542377652842333, 4, 40.188048037700355, 294, 2326017, 1000000, 0.0042239222675561905, 0.05720869079232216
8160, 3.882095880100678, 4, 40.086715946905315, 295, 2326312, 1000000, 0.004937541671097279, 0.03779064863920212
8161, -0.5214859080042515, 2, 32.32884174026549, 235, 2326547, 1000000, 0.004798884969204664, 0.04668018966913223
8162, 3.3965438005781152, 4, 40.15836946293712, 294, 2326841, 1000000, 0.00506619643419981, 0.03888661041855812
8163, 3.418197396634241, 4, 40.13010447798297, 294, 2327135, 1000000, 0.004451964050531387, 0.03575269132852554
8164, 3.7941170295707707, 4, 40.10577206173912, 293, 2327428, 1000000, 0.004531633108854294, 0.04533030092716217
8165, 3.6204572575952625, 4, 40.08041991479695, 294, 2327722, 1000000, 0.004300564993172884, 0.03578924387693405
8166, 3.8305442678829422, 4, 40.10025297710672, 293, 2328015, 1000000, 0.004489415790885687, 0.04136538878083229
8167, 2.944204499206535, 4, 40.18904365366325, 293, 2328308, 1000000, 0.004309683572500944, 0.029435567557811737
8168, -1.106283283203311, 2, 35.29699397785589, 256, 2328564, 1000000, 0.0038721628952771425, 0.03967474773526192
8169, 3.709977930491732, 4, 40.17734197480604, 294, 2328858, 1000000, 0.004216646309942007, 0.03786029294133186
8170, 3.7614838699607844, 4, 40.08168504294008, 293, 2329151, 1000000, 0.00473328260704875, 0.0492396354675293
8171, 3.700400247325888, 4, 40.079157951287925, 294, 2329445, 1000000, 0.004312530159950256, 0.04037546366453171
8172, 3.6165123850496457, 4, 40.1883929008618, 294, 2329739, 1000000, 0.004271200858056545, 0.04498932138085365
8173, 3.14711174869808, 4, 40.14082490699366, 282, 2330021, 1000000, 0.004606768488883972, 0.03480555862188339
8174, 3.1853246551709162, 4, 40.17655451130122, 268, 2330289, 1000000, 0.0038010647986084223, 0.043193042278289795
8175, -0.7163986047635262, 2, 39.19655756605789, 268, 2330557, 1000000, 0.004990541376173496, 0.03969419747591019
8176, 3.4881725113755238, 4, 40.15653367899358, 279, 2330836, 1000000, 0.004839407280087471, 0.030395565554499626
8177, 3.3798105201331055, 4, 40.08957170788199, 278, 2331114, 1000000, 0.004465786274522543, 0.03423333913087845
8178, 3.183485543129791, 4, 40.05892437277362, 278, 2331392, 1000000, 0.004389848094433546, 0.04567688703536987
8179, -1.9307006145245396, 2, 13.39674573391676, 90, 2331482, 1000000, 0.004274560604244471, 0.03138734772801399
8180, 2.757307071751711, 4, 40.20669255312532, 277, 2331759, 1000000, 0.005069531034678221, 0.04095349460840225
8181, 3.300311003707975, 4, 40.16315759764984, 276, 2332035, 1000000, 0.004552369471639395, 0.03844545781612396
8182, 3.3619749836543633, 4, 40.172550729010254, 279, 2332314, 1000000, 0.005274136550724506, 0.036159973591566086
8183, 3.1531285336782275, 4, 40.153573418967426, 276, 2332590, 1000000, 0.004323198460042477, 0.044146426022052765
8184, 3.3664410802369957, 4, 40.181669619865716, 280, 2332870, 1000000, 0.0044606649316847324, 0.041879575699567795
8185, 3.0550497601625466, 4, 40.1091337017715, 276, 2333146, 1000000, 0.00429838290438056, 0.03284782916307449
8186, 3.369131958250364, 4, 40.16680159792304, 278, 2333424, 1000000, 0.0040149749256670475, 0.037994492799043655
8187, 2.9290897510130094, 4, 40.12503747921437, 267, 2333691, 1000000, 0.004711446817964315, 0.04013470932841301
8188, 2.9474279818387004, 4, 40.22537802904844, 269, 2333960, 1000000, 0.004413275513797998, 0.03837114945054054
8189, 3.1466428803914823, 4, 40.21571707678959, 269, 2334229, 1000000, 0.004069607704877853, 0.038968876004219055
8190, 2.8072968940156215, 4, 40.153630980756134, 267, 2334496, 1000000, 0.004809146281331778, 0.05159023031592369
8191, 2.7218069751743315, 4, 40.149494347162545, 276, 2334772, 1000000, 0.003945490811020136, 0.03507516533136368
8192, 3.6497038885408983, 4, 40.20122713083401, 279, 2335051, 1000000, 0.004668219946324825, 0.041638802736997604
8193, 3.0669151341012366, 4, 40.17909776372835, 278, 2335329, 1000000, 0.004345693625509739, 0.03392691910266876
8194, 3.4628311262822535, 4, 40.20648865913972, 274, 2335603, 1000000, 0.005387806799262762, 0.040214668959379196
8195, 2.9346132257378486, 4, 40.22600117791444, 257, 2335860, 1000000, 0.004441096447408199, 0.04570673033595085
8196, 3.062353824860793, 4, 40.127343841828406, 269, 2336129, 1000000, 0.0053461031056940556, 0.03795769438147545
8197, 3.524597554448519, 4, 40.089076036121696, 278, 2336407, 1000000, 0.00423497473821044, 0.03133942186832428
8198, 2.9803975071154127, 4, 40.100502267014235, 272, 2336679, 1000000, 0.004465930163860321, 0.032231029123067856
