episode, reward, success, duration, steps, total_steps, memory length, avg_critic_loss, avg_actor_loss
1, -6.664144010424025, 2, 16.541946856999857, 134, 15053, 15053, 0.9065738320350647, 11.229455947875977
2, -6.633548325422453, 2, 20.242551989000276, 164, 15217, 15217, 0.9169497489929199, 11.600665092468262
3, -7.222024699323811, 2, 25.075224153999443, 204, 15421, 15421, 0.9256190061569214, 12.237343788146973
4, -5.5634660994765, 2, 7.89048843099954, 61, 15482, 15482, 0.9290159344673157, 12.512042999267578
5, -5.486544038023567, 2, 11.479439435999666, 91, 15573, 15573, 0.9126454591751099, 12.507508277893066
6, -5.355775830743369, 2, 10.648498368998844, 84, 15657, 15657, 0.9737687706947327, 12.567991256713867
7, -5.400333691446576, 2, 4.482536699000775, 33, 15690, 15690, 0.9112424850463867, 12.57757568359375
8, -5.475694406428374, 2, 6.644478861000607, 51, 15741, 15741, 0.91636061668396, 12.430527687072754
9, -5.414042236399837, 2, 4.157344482000553, 30, 15771, 15771, 0.9358871579170227, 12.660806655883789
10, -5.496185569078079, 2, 7.152282475000902, 55, 15826, 15826, 0.8834346532821655, 12.577860832214355
11, -5.371971379965544, 2, 4.10875225000018, 30, 15856, 15856, 0.8792144060134888, 12.524309158325195
12, -5.375298871229461, 2, 5.85775000600006, 44, 15900, 15900, 0.8365892767906189, 12.342879295349121
13, -5.6166529500624165, 2, 12.43041715399886, 99, 15999, 15999, 0.8582298755645752, 12.403446197509766
14, -5.491380326304352, 2, 7.753813825000179, 60, 16059, 16059, 0.8692178130149841, 12.44621753692627
15, -5.435441160632763, 2, 4.116369868001129, 30, 16089, 16089, 0.844220757484436, 12.470430374145508
16, -5.310343636199832, 2, 5.44682490300147, 41, 16130, 16130, 0.821378767490387, 12.56673812866211
17, -5.428214634772303, 2, 4.573150124999302, 34, 16164, 16164, 0.8426058888435364, 12.56063461303711
18, -5.437650732463226, 2, 4.989791588001026, 37, 16201, 16201, 0.9119283556938171, 12.693743705749512
19, -6.200964859628584, 2, 16.206195108999964, 129, 16330, 16330, 0.8788639903068542, 12.501477241516113
20, -5.381261670670938, 2, 4.150428013001147, 30, 16360, 16360, 0.8321828246116638, 12.479870796203613
21, -5.490718770583044, 2, 5.328059434999886, 40, 16400, 16400, 0.8932673335075378, 12.555195808410645
22, -5.566246090689674, 2, 7.249602223000693, 56, 16456, 16456, 0.8505629301071167, 12.516043663024902
23, -5.586015582026448, 2, 5.348685204000503, 40, 16496, 16496, 0.7883302569389343, 12.497840881347656
24, -5.345468347011774, 2, 5.314799874000528, 40, 16536, 16536, 0.8235257863998413, 12.601888656616211
25, -5.389224279788323, 2, 4.1168478949985, 30, 16566, 16566, 0.8202957510948181, 12.423442840576172
26, -5.278007197310217, 2, 8.348903924999831, 65, 16631, 16631, 0.852396547794342, 12.526057243347168
27, -5.451507556514116, 2, 10.065172040000107, 79, 16710, 16710, 0.8099743127822876, 12.459565162658691
28, -5.806880182441091, 2, 12.65591727699939, 100, 16810, 16810, 0.8247831463813782, 12.607497215270996
29, -6.207382114924258, 2, 17.21473709900056, 138, 16948, 16948, 0.7738879919052124, 12.596216201782227
30, -5.699284190515755, 2, 7.666241156999604, 59, 17007, 17007, 0.7987633943557739, 12.457043647766113
31, -5.555739966686815, 2, 10.425310738000917, 82, 17089, 17089, 0.7706468105316162, 12.574766159057617
32, -5.352385144797154, 2, 4.503763672999412, 33, 17122, 17122, 0.7523558139801025, 12.479541778564453
33, -5.5055459612704, 2, 9.337681036999129, 73, 17195, 17195, 0.8038700819015503, 12.4788236618042
34, -5.6180346962064505, 2, 6.199262345000534, 47, 17242, 17242, 0.7408977150917053, 12.597148895263672
35, -5.288183005806786, 4, 40.20267532099933, 326, 17568, 17568, 0.7583253979682922, 12.566102027893066
36, -5.498501210822724, 2, 6.1871183490002295, 47, 17615, 17615, 0.7600126266479492, 12.550421714782715
37, -5.635509335050301, 2, 13.30675723100103, 105, 17720, 17720, 0.7718542218208313, 12.506452560424805
38, -5.343606875103433, 2, 4.230583836000733, 30, 17750, 17750, 0.7502945065498352, 12.638169288635254
39, -6.772102201823145, 2, 22.951639516000796, 185, 17935, 17935, 0.745459794998169, 12.533645629882812
40, -5.532513829322852, 2, 10.32318487900011, 80, 18015, 18015, 0.6999019980430603, 12.528715133666992
41, -5.265971404997799, 2, 4.212257343999227, 30, 18045, 18045, 0.6648789048194885, 12.539873123168945
42, -5.774899938260205, 2, 14.397833897000964, 114, 18159, 18159, 0.729599118232727, 12.408186912536621
43, -5.328836510510882, 2, 5.1264110899992374, 38, 18197, 18197, 0.6577054858207703, 12.4647798538208
44, -5.370646032039076, 2, 5.993061504999787, 45, 18242, 18242, 0.6884253025054932, 12.395928382873535
45, -5.698544473912534, 2, 12.462980820999292, 99, 18341, 18341, 0.7083880305290222, 12.526033401489258
46, -5.442563985474408, 2, 4.123789313998714, 30, 18371, 18371, 0.714305579662323, 12.51325511932373
47, -5.43649997288594, 2, 4.147641677000138, 30, 18401, 18401, 0.7144263982772827, 12.407990455627441
48, -6.907279296472552, 2, 24.43514884800061, 198, 18599, 18599, 0.6757305264472961, 12.447378158569336
49, -5.370680353138596, 2, 4.517231247000382, 33, 18632, 18632, 0.6547881364822388, 12.276678085327148
50, -6.064457958935236, 2, 14.846015547000206, 119, 18751, 18751, 0.6673882603645325, 12.392106056213379
51, -5.354235951323062, 2, 6.570542784000281, 50, 18801, 18801, 0.6732298135757446, 12.257647514343262
52, -5.9507078717288096, 2, 14.690111432999402, 116, 18917, 18917, 0.670177698135376, 12.290968894958496
53, -5.372207836131565, 2, 4.180059738999262, 30, 18947, 18947, 0.6622045636177063, 12.293803215026855
54, -9.013884463398426, 2, 38.599416937999194, 313, 19260, 19260, 0.6414780020713806, 12.265484809875488
55, -5.480843831928723, 2, 5.130668882999089, 38, 19298, 19298, 0.6364585757255554, 12.323031425476074
56, -5.421559825859731, 2, 6.215817357999185, 47, 19345, 19345, 0.6449979543685913, 12.168410301208496
57, -5.3027797968825325, 2, 4.748626223999963, 35, 19380, 19380, 0.6310807466506958, 12.201752662658691
58, -6.272766859357944, 2, 18.659563593000712, 149, 19529, 19529, 0.5999503135681152, 12.186480522155762
59, -5.979333238559775, 2, 15.054414324999016, 119, 19648, 19648, 0.6138606071472168, 12.179656982421875
60, -5.398069020127878, 2, 4.171141474000251, 30, 19678, 19678, 0.6497854590415955, 12.255219459533691
61, -5.34226646766183, 2, 5.46103507800035, 40, 19718, 19718, 0.6013962626457214, 12.201765060424805
62, -6.054956710257102, 2, 16.12252246800017, 128, 19846, 19846, 0.580636203289032, 12.119592666625977
63, -7.312339335650904, 2, 27.72355074099869, 222, 20068, 20068, 0.5961562395095825, 12.137937545776367
64, -5.012250141182449, 4, 40.19468092100033, 328, 20396, 20396, 0.5862425565719604, 12.091924667358398
65, -5.362765685655177, 2, 4.476112932999968, 33, 20429, 20429, 0.5976385474205017, 12.005175590515137
66, -8.32762045331765, 2, 36.163020620999305, 295, 20724, 20724, 0.5647239089012146, 12.01338005065918
67, -5.272699856694089, 2, 4.388942002000476, 32, 20756, 20756, 0.56062912940979, 12.005269050598145
68, -5.313695144195663, 2, 5.368945407000865, 40, 20796, 20796, 0.557494044303894, 11.913174629211426
69, -5.086792230231367, 4, 40.1469945000008, 329, 21125, 21125, 0.5325475335121155, 11.935291290283203
70, -6.743339175955043, 2, 21.417110888000025, 173, 21298, 21298, 0.5128924250602722, 11.901922225952148
71, -5.697186656703707, 2, 12.031846732999838, 95, 21393, 21393, 0.507985532283783, 11.89541244506836
72, -5.3965309840859845, 2, 5.2351786690014706, 39, 21432, 21432, 0.49784982204437256, 11.824190139770508
73, -5.607544710786897, 2, 11.233596983000098, 89, 21521, 21521, 0.5204185843467712, 11.873406410217285
74, -5.4423252595588565, 2, 4.176892066001528, 30, 21551, 21551, 0.5037176609039307, 11.741814613342285
75, -6.007837868044589, 2, 13.108033849999629, 104, 21655, 21655, 0.49722057580947876, 11.86839485168457
76, -5.854997228598222, 2, 13.622752069999478, 108, 21763, 21763, 0.4686715602874756, 11.837340354919434
77, -5.466419936157763, 2, 5.534076714000548, 41, 21804, 21804, 0.5162561535835266, 11.851347923278809
78, -5.465114227903541, 2, 6.416546507000021, 49, 21853, 21853, 0.5051382184028625, 11.784703254699707
79, -5.296647235751152, 2, 5.585809348000112, 42, 21895, 21895, 0.4500274658203125, 11.767622947692871
80, -5.5819908445409965, 2, 10.972093940999912, 86, 21981, 21981, 0.4887847602367401, 11.798046112060547
81, -5.468983125989325, 2, 4.134354526000607, 30, 22011, 22011, 0.4600556790828705, 11.86516284942627
82, -6.080460759229027, 2, 15.506727298999976, 124, 22135, 22135, 0.46797820925712585, 11.773406028747559
83, -5.4655487353447825, 2, 4.131828688998212, 30, 22165, 22165, 0.4672454297542572, 11.777345657348633
84, -5.527929799151025, 2, 10.146502169998712, 80, 22245, 22245, 0.4631814956665039, 11.765722274780273
85, -5.470505455567036, 2, 4.135852782001166, 30, 22275, 22275, 0.45533761382102966, 11.78619384765625
86, -5.863905062200502, 2, 10.607825518000027, 84, 22359, 22359, 0.4606446623802185, 11.746849060058594
87, -5.525071580399526, 2, 6.680927408000571, 51, 22410, 22410, 0.4261176884174347, 11.719533920288086
88, -5.57337295653997, 2, 10.651986057000613, 84, 22494, 22494, 0.4354827404022217, 11.75786018371582
89, -5.419428386725485, 2, 4.22099802899902, 30, 22524, 22524, 0.42358148097991943, 11.655832290649414
90, -6.252956893411465, 2, 16.41453082099906, 130, 22654, 22654, 0.43941041827201843, 11.725184440612793
91, -5.5261349603533745, 2, 4.202691574999335, 30, 22684, 22684, 0.4006914496421814, 11.725204467773438
92, -6.788756140440455, 2, 20.45962351900016, 164, 22848, 22848, 0.42245152592658997, 11.69642448425293
93, -5.468461890064646, 2, 4.151691643000959, 30, 22878, 22878, 0.3768032193183899, 11.70010757446289
94, -5.998061123171738, 2, 14.873335395999675, 119, 22997, 22997, 0.42191895842552185, 11.699435234069824
95, -5.368294234387577, 2, 4.736428783999145, 35, 23032, 23032, 0.44956037402153015, 11.6200590133667
96, -7.063097301404923, 2, 21.949236754000594, 177, 23209, 23209, 0.41554248332977295, 11.650733947753906
97, -5.425880534312455, 2, 6.86495279600058, 52, 23261, 23261, 0.3893433213233948, 11.657516479492188
98, -6.1346742905334395, 2, 16.775999449000665, 133, 23394, 23394, 0.392520934343338, 11.64785385131836
99, -5.466690250148531, 2, 4.214628891999382, 30, 23424, 23424, 0.4111917316913605, 11.690796852111816
100, -5.411185619974276, 2, 9.527658076998705, 73, 23497, 23497, 0.3847889006137848, 11.609236717224121
101, -5.633839774847729, 4, 40.15275264999946, 329, 23826, 23826, 0.3786783516407013, 11.599283218383789
102, -5.7321561011485755, 4, 40.15120755099997, 328, 24154, 24154, 0.34584856033325195, 11.571561813354492
103, -5.680458346614614, 2, 6.219759653999063, 47, 24201, 24201, 0.310762494802475, 11.471312522888184
104, -5.7481076594558544, 2, 12.74758180400022, 101, 24302, 24302, 0.3228508234024048, 11.541553497314453
105, -5.396160663978662, 2, 4.737179653000567, 35, 24337, 24337, 0.34084463119506836, 11.538050651550293
106, -7.870974396762904, 2, 31.770724670001073, 259, 24596, 24596, 0.32782304286956787, 11.543729782104492
107, -5.421597775479313, 2, 4.1029381019998254, 30, 24626, 24626, 0.35518878698349, 11.53350830078125
108, -6.239347020513378, 2, 15.162024211000244, 121, 24747, 24747, 0.3018908202648163, 11.558758735656738
109, -5.528285661712289, 2, 4.126268788000743, 30, 24777, 24777, 0.2961205542087555, 11.59205436706543
110, -5.307792591047473, 2, 4.665375353000854, 34, 24811, 24811, 0.34445855021476746, 11.518531799316406
111, -5.582156764969113, 2, 11.11170629299886, 87, 24898, 24898, 0.331439346075058, 11.5344820022583
112, -5.448489878559485, 2, 4.200644628999726, 30, 24928, 24928, 0.3014143109321594, 11.459061622619629
113, -5.549596398428548, 2, 11.055634970000028, 87, 25015, 25015, 0.3133357763290405, 11.516499519348145
114, -5.3890249079559, 2, 4.853116878999572, 36, 25051, 25051, 0.2945413589477539, 11.505136489868164
115, -5.562194418802392, 2, 11.075739343999885, 87, 25138, 25138, 0.2976962924003601, 11.512154579162598
116, -5.3682645267108455, 2, 4.1492437810011324, 30, 25168, 25168, 0.30926936864852905, 11.511503219604492
117, -5.962542355409823, 4, 40.079896430999725, 327, 25495, 25495, 0.28811272978782654, 11.483892440795898
118, -5.555030930321664, 2, 5.445139538998774, 41, 25536, 25536, 0.25746533274650574, 11.454875946044922
119, -5.489460583252367, 4, 40.066701306999676, 328, 25864, 25864, 0.2734297513961792, 11.47588062286377
120, -5.446055010310374, 2, 5.120206871999471, 38, 25902, 25902, 0.2532777190208435, 11.488293647766113
121, -5.752921787864807, 2, 12.499965023000186, 99, 26001, 26001, 0.25117799639701843, 11.462879180908203
122, -5.472763061756268, 2, 5.976101424999797, 45, 26046, 26046, 0.26487866044044495, 11.489688873291016
123, -5.357702554932985, 4, 40.10450823099927, 327, 26373, 26373, 0.2621154487133026, 11.393234252929688
124, -5.41294064046815, 2, 4.126105985000322, 30, 26403, 26403, 0.27536487579345703, 11.284088134765625
125, -7.805883140048536, 2, 29.876659573001234, 243, 26646, 26646, 0.2582365572452545, 11.375260353088379
126, -5.342110453988425, 2, 4.160251616998721, 30, 26676, 26676, 0.21513274312019348, 11.424708366394043
127, -8.332314186991425, 2, 33.52599946900045, 273, 26949, 26949, 0.2447446882724762, 11.336504936218262
128, -5.300303980067838, 2, 4.129922467998767, 30, 26979, 26979, 0.2385307103395462, 11.352978706359863
129, -4.9672032842063345, 4, 40.159588256999996, 327, 27306, 27306, 0.24383528530597687, 11.314062118530273
130, -5.4468043772285455, 2, 4.9441914559993165, 37, 27343, 27343, 0.2161494940519333, 11.244906425476074
131, -8.01281286648009, 2, 32.94940929299992, 268, 27611, 27611, 0.2169984132051468, 11.274083137512207
132, -5.631450831373513, 4, 40.13115661200027, 328, 27939, 27939, 0.22008337080478668, 11.253030776977539
133, -5.533908950048499, 2, 5.454903168998499, 40, 27979, 27979, 0.2142365723848343, 11.23851203918457
134, -6.9013809154275805, 2, 25.29042381399995, 204, 28183, 28183, 0.20622803270816803, 11.232202529907227
135, -8.780640428740298, 2, 38.65007164799863, 315, 28498, 28498, 0.19919350743293762, 11.195725440979004
136, -5.535928982542828, 2, 5.8361499839993485, 44, 28542, 28542, 0.22717393934726715, 11.21082592010498
137, -5.397101721871877, 2, 4.850008654999328, 36, 28578, 28578, 0.1778431236743927, 11.226774215698242
138, -6.2803614175645635, 2, 14.212081181998656, 113, 28691, 28691, 0.21954718232154846, 11.16369915008545
139, -5.236537109303754, 4, 40.15308318999996, 327, 29018, 29018, 0.20716914534568787, 11.197969436645508
140, -6.872322785959113, 2, 22.497867359999873, 181, 29199, 29199, 0.20645590126514435, 11.171035766601562
141, -5.50450086951605, 2, 10.177239571001337, 80, 29279, 29279, 0.19969542324543, 11.118688583374023
142, -5.366370897274464, 2, 4.1593967150001845, 30, 29309, 29309, 0.17795319855213165, 11.146632194519043
143, -5.43357403796108, 2, 9.87769075199867, 77, 29386, 29386, 0.21367432177066803, 11.115965843200684
144, -5.392744149954524, 2, 4.191489221999291, 30, 29416, 29416, 0.19278627634048462, 11.066610336303711
145, -5.5323211779104895, 2, 11.046852460000082, 87, 29503, 29503, 0.20305396616458893, 11.11818790435791
146, -5.480208499167929, 2, 5.105739291000646, 38, 29541, 29541, 0.19008436799049377, 11.095069885253906
147, -4.784380293858703, 4, 40.18817373899947, 326, 29867, 29867, 0.1955876648426056, 11.089559555053711
148, -5.432055294979364, 2, 4.755850837000253, 35, 29902, 29902, 0.1920192837715149, 11.047652244567871
149, -5.387111414300307, 2, 9.756530594000651, 76, 29978, 29978, 0.19272315502166748, 11.087272644042969
150, -6.096254630945623, 2, 9.839882461999878, 77, 30055, 30055, 0.2091367393732071, 11.066779136657715
151, -5.283503843587823, 2, 5.96675695399972, 45, 30100, 30100, 0.18230916559696198, 11.030359268188477
152, -7.540774481385597, 2, 28.11520733799989, 228, 30328, 30328, 0.18649670481681824, 11.062639236450195
153, -5.75335678247211, 2, 12.149595793000117, 96, 30424, 30424, 0.18920429050922394, 11.000000953674316
154, -5.5268931913306005, 2, 5.993946548998792, 45, 30469, 30469, 0.19830170273780823, 11.059210777282715
155, -5.898261166868906, 2, 14.071926102000361, 112, 30581, 30581, 0.18229615688323975, 11.01503849029541
156, -5.415216873399913, 2, 4.1712658910000755, 30, 30611, 30611, 0.1632997840642929, 10.995361328125
157, -5.6192545489175245, 2, 11.241427332000967, 89, 30700, 30700, 0.18040423095226288, 10.994282722473145
158, -5.658381311528501, 2, 9.246305233000385, 72, 30772, 30772, 0.19521912932395935, 10.99673843383789
159, -4.648842406946642, 4, 40.171847827999954, 328, 31100, 31100, 0.17560066282749176, 10.993117332458496
160, -5.71344730281271, 2, 12.20665710799949, 96, 31196, 31196, 0.16551090776920319, 10.96264934539795
161, -4.936420464786352, 4, 40.199384359999385, 326, 31522, 31522, 0.17144739627838135, 10.950244903564453
162, -8.011862781291711, 2, 28.654998643, 232, 31754, 31754, 0.1638023406267166, 10.912309646606445
163, -5.274912994354963, 2, 4.1187774460013316, 30, 31784, 31784, 0.16058793663978577, 10.876245498657227
164, -5.645734402147355, 4, 40.10711305699988, 327, 32111, 32111, 0.15662473440170288, 10.8597993850708
165, -5.767895240336657, 2, 11.712703032999343, 92, 32203, 32203, 0.14756953716278076, 10.824200630187988
166, -5.855132733269329, 2, 12.646496897999896, 100, 32303, 32303, 0.15139591693878174, 10.80981159210205
167, -5.427425133413635, 2, 4.1431077900015225, 30, 32333, 32333, 0.14530935883522034, 10.810745239257812
168, -5.679013223736547, 2, 12.179023595999752, 96, 32429, 32429, 0.13411293923854828, 10.821529388427734
169, -5.3969214195385575, 2, 5.391156028999831, 40, 32469, 32469, 0.14771528542041779, 10.841574668884277
170, -6.33175325267257, 2, 14.447531431000243, 115, 32584, 32584, 0.14476008713245392, 10.808969497680664
171, -5.668536530061829, 2, 11.763432491999993, 93, 32677, 32677, 0.1512605845928192, 10.797715187072754
172, -6.378741457592696, 2, 17.090332730000227, 137, 32814, 32814, 0.1365957409143448, 10.796401977539062
173, -5.464745976112681, 2, 9.749362713000664, 76, 32890, 32890, 0.13713853061199188, 10.7649564743042
174, -5.689596795360558, 2, 10.249656473999494, 80, 32970, 32970, 0.1464395374059677, 10.780117988586426
175, -5.392294020057307, 4, 40.11167806999947, 326, 33296, 33296, 0.14174966514110565, 10.754844665527344
176, -5.66194838143565, 2, 9.150144942001134, 71, 33367, 33367, 0.1513776183128357, 10.72868537902832
177, -5.843390168971382, 2, 13.037686173000111, 103, 33470, 33470, 0.1348745971918106, 10.68587875366211
178, -7.147223738953471, 2, 22.458995413000594, 181, 33651, 33651, 0.14586009085178375, 10.688763618469238
179, -5.825197268772172, 2, 12.476928535999832, 99, 33750, 33750, 0.13049781322479248, 10.683833122253418
180, -5.87634502259607, 2, 11.773601728000358, 93, 33843, 33843, 0.1415112316608429, 10.675968170166016
181, -5.771815407497343, 2, 12.62462614099968, 100, 33943, 33943, 0.13218815624713898, 10.665884971618652
182, -6.82040810683975, 2, 21.747196772999814, 175, 34118, 34118, 0.14117515087127686, 10.65359878540039
183, -5.913175488480192, 2, 13.038665611000397, 103, 34221, 34221, 0.1416543871164322, 10.642151832580566
184, -5.625882822991116, 2, 9.78467474199897, 76, 34297, 34297, 0.12458911538124084, 10.623086929321289
185, -4.723282531049335, 4, 40.1994080860004, 328, 34625, 34625, 0.14200282096862793, 10.594151496887207
186, -5.3715053871273994, 2, 4.628486744000838, 34, 34659, 34659, 0.14772383868694305, 10.593225479125977
187, -7.667148635053309, 2, 25.984065348999138, 210, 34869, 34869, 0.12864626944065094, 10.576068878173828
188, -5.466103008657228, 2, 10.361967956001536, 81, 34950, 34950, 0.13324607908725739, 10.563542366027832
189, -6.037390793731902, 2, 6.199276065999584, 47, 34997, 34997, 0.13225603103637695, 10.572774887084961
190, -5.683894852292724, 2, 11.540703753000344, 91, 35088, 35088, 0.13533693552017212, 10.525273323059082
191, -5.411825706716627, 2, 4.153148110999609, 30, 35118, 35118, 0.1401493400335312, 10.483600616455078
192, -5.760540672157731, 2, 12.834034019999308, 102, 35220, 35220, 0.12779021263122559, 10.556241989135742
193, -5.569142536493018, 2, 6.712633334998827, 51, 35271, 35271, 0.12043078988790512, 10.533578872680664
194, -6.603358248634322, 2, 20.687681567000254, 167, 35438, 35438, 0.1268816739320755, 10.502089500427246
195, -5.523295738152228, 2, 5.6540563910002675, 42, 35480, 35480, 0.11979005485773087, 10.503325462341309
196, -6.040305213544343, 2, 15.909165053999459, 127, 35607, 35607, 0.12471409142017365, 10.481203079223633
197, -5.3142112052300945, 2, 4.607499726998867, 34, 35641, 35641, 0.1432073414325714, 10.480755805969238
198, -5.612257745614215, 2, 11.205334495998613, 88, 35729, 35729, 0.12726067006587982, 10.490030288696289
199, -5.440664432375343, 2, 5.876966752999579, 44, 35773, 35773, 0.14977726340293884, 10.456266403198242
200, -5.266388715710491, 2, 5.161609467999369, 38, 35811, 35811, 0.11484632641077042, 10.462251663208008
201, -5.209156861354131, 2, 5.099485458000345, 38, 35849, 35849, 0.13177163898944855, 10.454617500305176
202, -5.799446511286078, 2, 13.360112319998734, 106, 35955, 35955, 0.11927536129951477, 10.451436042785645
203, -5.353396962003899, 2, 4.542755448999742, 33, 35988, 35988, 0.10894158482551575, 10.467734336853027
204, -5.417541803806671, 2, 6.5499180240003625, 50, 36038, 36038, 0.112617127597332, 10.425248146057129
205, -5.981491737853503, 2, 15.95456124699922, 127, 36165, 36165, 0.12981340289115906, 10.420073509216309
206, -8.408505684958072, 2, 36.30019142600031, 295, 36460, 36460, 0.11943161487579346, 10.39683723449707
207, -5.296793848305242, 2, 4.140333527999246, 30, 36490, 36490, 0.11966047435998917, 10.357866287231445
208, -8.415296384133399, 2, 33.58245733399963, 272, 36762, 36762, 0.11625366657972336, 10.361331939697266
209, -5.322055404190905, 2, 4.14511745800155, 30, 36792, 36792, 0.12200328707695007, 10.343628883361816
210, -6.416818722093012, 2, 19.22234098499939, 154, 36946, 36946, 0.12384478747844696, 10.331948280334473
211, -5.396711212350056, 2, 5.42057798300084, 41, 36987, 36987, 0.10572804510593414, 10.347101211547852
212, -5.269420334137976, 2, 5.485348488000454, 41, 37028, 37028, 0.1267627328634262, 10.290231704711914
213, -7.429141407169936, 2, 26.381049176001397, 213, 37241, 37241, 0.12199891358613968, 10.302268028259277
214, -8.810144405579194, 2, 34.254553544999, 276, 37517, 37517, 0.1052885577082634, 10.259716033935547
215, -5.379293516627513, 2, 4.265665787001126, 30, 37547, 37547, 0.10756687819957733, 10.244278907775879
216, -5.639700703357448, 2, 11.494259777999105, 89, 37636, 37636, 0.10601549595594406, 10.254046440124512
217, -6.801610230701044, 2, 17.441723384999932, 140, 37776, 37776, 0.11157727986574173, 10.199464797973633
218, -5.3675912706239615, 2, 4.139481775000604, 30, 37806, 37806, 0.11107782274484634, 10.219517707824707
219, -4.897091630460636, 4, 40.13039603400102, 327, 38133, 38133, 0.10472294688224792, 10.199174880981445
220, -5.421383595923544, 2, 4.143190151000454, 30, 38163, 38163, 0.12603384256362915, 10.158371925354004
221, -5.544577235588804, 2, 10.402288988001601, 82, 38245, 38245, 0.10450652986764908, 10.166054725646973
222, -5.294877580250613, 2, 4.135617775000355, 30, 38275, 38275, 0.0950360968708992, 10.181207656860352
223, -5.494681792064512, 2, 8.050438874000974, 62, 38337, 38337, 0.1155439242720604, 10.131414413452148
224, -5.215378849999979, 2, 4.260883996999837, 31, 38368, 38368, 0.11292900145053864, 10.14251708984375
225, -5.028935010617715, 4, 40.126455985000575, 328, 38696, 38696, 0.10651200264692307, 10.120526313781738
226, -5.437797293649055, 2, 6.326248179999311, 48, 38744, 38744, 0.10837438702583313, 10.112878799438477
227, -4.9842164411675185, 4, 40.175229104999744, 327, 39071, 39071, 0.10971187055110931, 10.080666542053223
228, -7.378591377229895, 2, 24.46946541500074, 196, 39267, 39267, 0.10947252810001373, 10.052030563354492
229, -4.857611615268979, 4, 40.141699593999874, 327, 39594, 39594, 0.11234914511442184, 10.031128883361816
230, -5.585857936333923, 2, 11.292887687000984, 89, 39683, 39683, 0.1025102287530899, 10.002254486083984
231, -5.383151884423569, 2, 4.316559556000357, 31, 39714, 39714, 0.09090802818536758, 10.012943267822266
232, -5.580865581854596, 2, 11.1781437919999, 88, 39802, 39802, 0.10131650418043137, 9.995760917663574
233, -5.3213580248411745, 2, 4.641848334000315, 34, 39836, 39836, 0.104153573513031, 10.000696182250977
234, -9.32184223519289, 2, 38.89942599999995, 316, 40152, 40152, 0.09377313405275345, 9.960177421569824
235, -5.5153855303360615, 2, 6.3232876250003756, 48, 40200, 40200, 0.0995190218091011, 9.914290428161621
236, -5.750521423095051, 2, 12.321697420000419, 97, 40297, 40297, 0.1093549132347107, 9.930718421936035
237, -6.2502066405140795, 2, 15.559443746000397, 124, 40421, 40421, 0.09800779074430466, 9.894445419311523
238, -5.342220735154115, 2, 4.167673918998844, 30, 40451, 40451, 0.1122211143374443, 9.888093948364258
239, -5.223541212094688, 2, 5.008262961000582, 37, 40488, 40488, 0.08902598917484283, 9.90373706817627
240, -5.768711064516538, 2, 12.443610270000136, 98, 40586, 40586, 0.10033700615167618, 9.88361930847168
241, -5.428765502991155, 2, 6.10104769300051, 46, 40632, 40632, 0.08428465574979782, 9.88478946685791
242, -5.398301322100451, 2, 6.000408613999753, 45, 40677, 40677, 0.08329226821660995, 9.883955955505371
243, -5.436399881029502, 2, 9.805913030000738, 76, 40753, 40753, 0.09440400451421738, 9.864234924316406
244, -6.902709026238881, 2, 19.39577059199837, 154, 40907, 40907, 0.096817247569561, 9.858888626098633
245, -5.476677924511023, 2, 7.759702457000458, 59, 40966, 40966, 0.09148533642292023, 9.842228889465332
246, -5.78677116288145, 2, 12.391888243000722, 97, 41063, 41063, 0.10747087001800537, 9.827980041503906
247, -5.077533721923828, 4, 40.162776295001095, 324, 41387, 41387, 0.09746996313333511, 9.803899765014648
248, -7.8142654079565546, 2, 35.2359619960007, 287, 41674, 41674, 0.0963173359632492, 9.757820129394531
249, -5.621781679539708, 2, 10.985315554999033, 86, 41760, 41760, 0.08762925118207932, 9.735795974731445
250, -5.475581005681306, 2, 4.747835381000186, 35, 41795, 41795, 0.10292496532201767, 9.685625076293945
251, -5.439820379455341, 2, 9.823321608000697, 77, 41872, 41872, 0.0920133888721466, 9.693757057189941
252, -5.48881211457774, 2, 6.55951080199884, 50, 41922, 41922, 0.09230275452136993, 9.721963882446289
253, -5.347860271373065, 2, 5.711813648000316, 43, 41965, 41965, 0.10362891107797623, 9.73205280303955
254, -5.405018361903785, 2, 6.482662545000494, 49, 42014, 42014, 0.08760427683591843, 9.683124542236328
255, -5.645674913990661, 2, 11.565447286999188, 91, 42105, 42105, 0.11007244139909744, 9.689970016479492
256, -5.508890287950635, 2, 4.146683356999347, 30, 42135, 42135, 0.09506470710039139, 9.669880867004395
257, -6.723073658544308, 2, 21.110786591998476, 169, 42304, 42304, 0.0965094119310379, 9.648818969726562
258, -5.309634998004185, 2, 4.160064953000983, 30, 42334, 42334, 0.11581286787986755, 9.639134407043457
259, -5.789197886188049, 2, 13.256624149000345, 105, 42439, 42439, 0.09206921607255936, 9.650463104248047
260, -5.198759091872489, 2, 5.1229157830002805, 38, 42477, 42477, 0.10514546185731888, 9.638117790222168
261, -7.41988615320588, 2, 33.0095535319997, 268, 42745, 42745, 0.0902266651391983, 9.610386848449707
262, -6.501751918753143, 2, 20.580918798999846, 165, 42910, 42910, 0.09287150204181671, 9.575668334960938
263, -5.776137812063098, 2, 8.040904490000685, 62, 42972, 42972, 0.09471548348665237, 9.574223518371582
264, -5.978812625151477, 4, 40.065159499999936, 325, 43297, 43297, 0.09144583344459534, 9.542142868041992
265, -5.463043105846737, 2, 4.170312446000025, 30, 43327, 43327, 0.10625818371772766, 9.532419204711914
266, -5.428141317220252, 2, 9.751999109999815, 76, 43403, 43403, 0.08593101054430008, 9.509834289550781
267, -5.367187777941581, 2, 4.1271130589993845, 30, 43433, 43433, 0.10020287334918976, 9.525114059448242
268, -5.831353454061173, 2, 14.087450269000328, 112, 43545, 43545, 0.08921368420124054, 9.50054931640625
269, -5.3825165014714, 2, 4.149501457000952, 30, 43575, 43575, 0.0883907750248909, 9.489786148071289
270, -5.993424218061591, 2, 17.00575965799908, 135, 43710, 43710, 0.089510977268219, 9.479759216308594
271, -5.738013302907348, 2, 12.52081746300064, 99, 43809, 43809, 0.09574064612388611, 9.458673477172852
272, -5.327900066680741, 2, 4.227528027000517, 30, 43839, 43839, 0.0959218218922615, 9.43301773071289
273, -6.8062607510219095, 2, 25.089435600000797, 202, 44041, 44041, 0.08631032705307007, 9.45556640625
274, -5.506693265633658, 2, 5.613747907000288, 42, 44083, 44083, 0.07677767425775528, 9.468111991882324
275, -5.672745180039783, 2, 13.044492478000393, 103, 44186, 44186, 0.07821305096149445, 9.409136772155762
276, -5.43220977531746, 2, 4.145842547999564, 30, 44216, 44216, 0.06867218017578125, 9.424947738647461
277, -6.8420740118817776, 2, 24.515885079001237, 198, 44414, 44414, 0.0883895680308342, 9.389434814453125
278, -5.347974245814839, 2, 4.337104120000731, 31, 44445, 44445, 0.09462644159793854, 9.388113021850586
279, -5.261151815939229, 2, 4.424599382000451, 32, 44477, 44477, 0.09293290972709656, 9.391583442687988
280, -5.339026245550485, 2, 9.778660459000093, 76, 44553, 44553, 0.08761738985776901, 9.369892120361328
281, -5.403010079753585, 2, 5.099655464000534, 38, 44591, 44591, 0.0768439918756485, 9.345393180847168
282, -5.38079179243141, 2, 5.136716417999196, 38, 44629, 44629, 0.07064945995807648, 9.336145401000977
283, -5.979949588814634, 4, 40.20083894600066, 327, 44956, 44956, 0.08557138592004776, 9.345247268676758
284, -5.313437262334446, 2, 4.147674760999507, 30, 44986, 44986, 0.08333180844783783, 9.313982009887695
285, -5.494152757506299, 2, 10.513469521998559, 82, 45068, 45068, 0.08837410062551498, 9.3104248046875
286, -5.385125660337508, 2, 4.179522529000678, 30, 45098, 45098, 0.07650113105773926, 9.29739761352539
287, -5.311411598406266, 2, 7.005777819998912, 53, 45151, 45151, 0.08844054490327835, 9.304862976074219
288, -5.453790007614089, 2, 9.883013271000891, 77, 45228, 45228, 0.09127257764339447, 9.298538208007812
289, -5.425452066003345, 2, 4.1569728949998535, 30, 45258, 45258, 0.08784008771181107, 9.24984359741211
290, -5.52374988180236, 2, 10.742500162999931, 84, 45342, 45342, 0.07634872943162918, 9.261271476745605
291, -6.228535916190594, 2, 16.40968832500039, 131, 45473, 45473, 0.08043216168880463, 9.264337539672852
292, -5.374059627472889, 2, 4.18759172099999, 30, 45503, 45503, 0.07329023629426956, 9.266315460205078
293, -6.0501906627869175, 2, 14.22298931000114, 112, 45615, 45615, 0.08039636164903641, 9.25182819366455
294, -5.396058907528641, 2, 4.23961023299853, 30, 45645, 45645, 0.08225691318511963, 9.273538589477539
295, -5.862216685898602, 2, 14.906284844000766, 117, 45762, 45762, 0.08081938326358795, 9.227640151977539
296, -5.954622079676483, 2, 14.426155391000066, 113, 45875, 45875, 0.0731574296951294, 9.193169593811035
297, -5.331458822911372, 2, 4.167658029999075, 30, 45905, 45905, 0.10177060961723328, 9.126104354858398
298, -6.79135510541073, 2, 22.973233570999582, 185, 46090, 46090, 0.08444942533969879, 9.204424858093262
299, -5.193399106385186, 2, 5.638395327998296, 42, 46132, 46132, 0.0750485211610794, 9.145556449890137
300, -5.554633530016872, 2, 10.826607608998529, 85, 46217, 46217, 0.07337620854377747, 9.163456916809082
301, -5.819009795188322, 2, 13.262212314000863, 105, 46322, 46322, 0.07845211029052734, 9.169386863708496
302, -5.307975365954917, 2, 4.1457228979998035, 30, 46352, 46352, 0.08662507683038712, 9.137777328491211
303, -5.843751713371603, 2, 13.944129670999246, 111, 46463, 46463, 0.07392226159572601, 9.140938758850098
304, -5.318238260544604, 2, 4.638502787000107, 34, 46497, 46497, 0.09557575732469559, 9.111445426940918
305, -5.6157734617372626, 2, 11.383831803999783, 90, 46587, 46587, 0.0720604956150055, 9.110361099243164
306, -5.376102480513509, 2, 4.121003567999651, 30, 46617, 46617, 0.07820209860801697, 9.119720458984375
307, -8.143425474303513, 2, 31.398784708000676, 256, 46873, 46873, 0.07807837426662445, 9.078964233398438
308, -5.341841519388254, 2, 9.440417963000073, 74, 46947, 46947, 0.08397968113422394, 9.070487022399902
309, -5.385214991518296, 2, 4.132943960001285, 30, 46977, 46977, 0.08691085129976273, 9.076169967651367
310, -5.774496905774868, 2, 12.562454787001116, 99, 47076, 47076, 0.0858989953994751, 9.052112579345703
311, -5.421539621278498, 2, 4.135408149000796, 30, 47106, 47106, 0.07546799629926682, 9.068639755249023
312, -6.392256440012716, 2, 19.314203515999907, 155, 47261, 47261, 0.07379058748483658, 9.05813980102539
313, -5.283859152230434, 2, 4.500400081000407, 33, 47294, 47294, 0.0787075087428093, 9.038063049316406
314, -6.24596248592934, 2, 17.47539288900043, 140, 47434, 47434, 0.07719935476779938, 9.007410049438477
315, -5.230513241782319, 2, 4.138963779001642, 30, 47464, 47464, 0.060434021055698395, 9.037322998046875
316, -5.353084612754174, 2, 9.56392521700036, 75, 47539, 47539, 0.07007399201393127, 9.000897407531738
317, -5.592018411378376, 2, 7.130271413001537, 55, 47594, 47594, 0.0693054348230362, 8.99043083190918
318, -5.114399267942645, 4, 40.101669454999865, 327, 47921, 47921, 0.07124476134777069, 8.958370208740234
319, -5.528719738125801, 2, 4.159772311999404, 30, 47951, 47951, 0.08115910738706589, 8.942082405090332
320, -5.368629749370484, 2, 9.487583480999092, 74, 48025, 48025, 0.07958651334047318, 8.927766799926758
321, -5.372360898414627, 2, 4.194935515999532, 30, 48055, 48055, 0.08187393099069595, 8.95190143585205
322, -7.5138633598107845, 2, 30.734690178000164, 248, 48303, 48303, 0.07033173739910126, 8.910581588745117
323, -5.443359748460352, 2, 4.190822300999571, 30, 48333, 48333, 0.06268558651208878, 8.8788423538208
324, -5.403075138339773, 2, 9.777605110000877, 76, 48409, 48409, 0.07181677967309952, 8.877833366394043
325, -5.788667330110911, 2, 13.466932376999466, 106, 48515, 48515, 0.06956285238265991, 8.882938385009766
326, -5.586236920680676, 2, 12.488954582999213, 99, 48614, 48614, 0.07192975282669067, 8.87706184387207
327, -6.163256397681835, 4, 40.12445346599998, 326, 48940, 48940, 0.07064749300479889, 8.840429306030273
328, -5.644169480673554, 2, 11.885237528000289, 94, 49034, 49034, 0.06674344837665558, 8.789141654968262
329, -5.312686865392607, 2, 6.760849685000721, 51, 49085, 49085, 0.0722319632768631, 8.812834739685059
330, -5.888596043434063, 2, 13.317145585999242, 105, 49190, 49190, 0.06943529099225998, 8.813919067382812
331, -5.3396352334202675, 2, 9.21907265000118, 72, 49262, 49262, 0.06755457073450089, 8.790209770202637
332, -5.361007305968087, 2, 4.153272374000153, 30, 49292, 49292, 0.05716174095869064, 8.757329940795898
333, -6.70334579970222, 2, 23.647736033999536, 191, 49483, 49483, 0.07228905707597733, 8.761954307556152
334, -5.310589140077354, 2, 4.191416403000403, 30, 49513, 49513, 0.08088622987270355, 8.76171875
335, -6.250286941416562, 2, 16.04322497999965, 128, 49641, 49641, 0.06666092574596405, 8.74373722076416
336, -7.4008001601323485, 2, 30.43577280200043, 246, 49887, 49887, 0.06508756428956985, 8.721710205078125
337, -5.341005419344583, 2, 9.186310038998272, 71, 49958, 49958, 0.06126250699162483, 8.699214935302734
338, -5.29029108126997, 2, 4.158502845000839, 30, 49988, 49988, 0.05822953209280968, 8.720827102661133
339, -5.496140039394959, 2, 10.568576984000174, 83, 50071, 50071, 0.07257045060396194, 8.693793296813965
340, -5.531497057061642, 2, 11.904157066001062, 94, 50165, 50165, 0.060823358595371246, 8.688081741333008
341, -5.388888242901885, 2, 4.143287609000254, 30, 50195, 50195, 0.06754539161920547, 8.651439666748047
342, -5.272495758574223, 2, 5.83918300500045, 44, 50239, 50239, 0.06656289100646973, 8.643987655639648
343, -5.556398396613076, 2, 10.939134284999454, 86, 50325, 50325, 0.06998880952596664, 8.649600982666016
344, -5.436127185821533, 2, 4.199684778999654, 30, 50355, 50355, 0.06489170342683792, 8.65426254272461
345, -5.317445050546667, 2, 5.462758796998969, 41, 50396, 50396, 0.06020072102546692, 8.661751747131348
346, -5.636009113499313, 2, 12.150679381000373, 96, 50492, 50492, 0.06631401181221008, 8.616077423095703
347, -5.507516140562757, 2, 11.206370072000936, 88, 50580, 50580, 0.06141006946563721, 8.628479957580566
348, -5.432890463620424, 2, 4.205714423000245, 30, 50610, 50610, 0.07057032734155655, 8.624910354614258
349, -5.340971511788666, 2, 9.257371820998742, 72, 50682, 50682, 0.0649796724319458, 8.614703178405762
350, -5.343024853616953, 2, 5.220606083999883, 39, 50721, 50721, 0.0640319287776947, 8.609251976013184
351, -5.688788416679017, 2, 11.30346218699924, 89, 50810, 50810, 0.07250098139047623, 8.58896541595459
352, -6.947878857841715, 2, 19.79964929400012, 159, 50969, 50969, 0.06801232695579529, 8.556035995483398
353, -5.528418547328329, 2, 10.193433063001066, 80, 51049, 51049, 0.06842251121997833, 8.558794021606445
354, -5.384514085970295, 2, 4.162156627999138, 30, 51079, 51079, 0.05781294405460358, 8.546415328979492
355, -5.667590746288624, 2, 12.314800591999301, 97, 51176, 51176, 0.07081592828035355, 8.571839332580566
356, -5.248187618330121, 2, 8.816893053999593, 68, 51244, 51244, 0.07034832239151001, 8.546865463256836
357, -6.001578944793437, 2, 16.32339944100022, 130, 51374, 51374, 0.05748450383543968, 8.531194686889648
358, -5.329458061190962, 2, 8.920157577000282, 69, 51443, 51443, 0.06541144847869873, 8.524407386779785
359, -5.180704688420519, 2, 4.262739441001031, 31, 51474, 51474, 0.06288613379001617, 8.51070785522461
360, -5.260979345854139, 2, 5.974507236000136, 45, 51519, 51519, 0.065736323595047, 8.525568962097168
361, -5.367331498396652, 2, 6.598069317999034, 50, 51569, 51569, 0.059875935316085815, 8.491103172302246
362, -5.401881134972427, 2, 9.651142359000005, 75, 51644, 51644, 0.06764869391918182, 8.49421501159668
363, -5.311557595443446, 2, 4.154828111000825, 30, 51674, 51674, 0.06207296624779701, 8.481629371643066
364, -5.6253620159986895, 2, 12.163108230000944, 96, 51770, 51770, 0.05713215470314026, 8.475876808166504
365, -6.135653094272129, 4, 40.15570248899894, 325, 52095, 52095, 0.06833426654338837, 8.437055587768555
366, -5.54218110954389, 2, 11.62970431299982, 92, 52187, 52187, 0.06205712631344795, 8.417880058288574
367, -5.357196330674924, 2, 4.168075500001578, 30, 52217, 52217, 0.05935472249984741, 8.407208442687988
368, -5.2840908530888555, 2, 8.940036512000006, 68, 52285, 52285, 0.06290389597415924, 8.389845848083496
369, -6.256231036485815, 2, 20.76727167200079, 166, 52451, 52451, 0.05669407546520233, 8.397662162780762
370, -5.649412164042587, 2, 9.956857152999874, 77, 52528, 52528, 0.05726292356848717, 8.3789644241333
371, -6.007507969501603, 2, 12.880890516000363, 102, 52630, 52630, 0.0612904317677021, 8.37778377532959
372, -5.209944209898822, 2, 4.966696416000559, 37, 52667, 52667, 0.06887064129114151, 8.39074420928955
373, -5.318639712277218, 2, 4.178993951998564, 30, 52697, 52697, 0.06741073727607727, 8.33008098602295
374, -5.220433717768174, 2, 5.7254839670004, 43, 52740, 52740, 0.05483628436923027, 8.354904174804688
375, -5.835846499307081, 2, 16.33735037199949, 130, 52870, 52870, 0.05832277610898018, 8.346009254455566
376, -5.4907565405155765, 2, 9.694585852001183, 75, 52945, 52945, 0.0591103732585907, 8.327696800231934
377, -5.46795918859425, 2, 9.521037344000433, 74, 53019, 53019, 0.06278306245803833, 8.3068208694458
378, -5.391302474890836, 2, 4.197178980999524, 30, 53049, 53049, 0.047978177666664124, 8.325501441955566
379, -5.389323063804113, 2, 5.637266407000425, 42, 53091, 53091, 0.05565193295478821, 8.299744606018066
380, -5.782123266759299, 2, 15.772286157000053, 126, 53217, 53217, 0.05729300156235695, 8.304895401000977
381, -5.216155603498919, 2, 4.39542384699962, 32, 53249, 53249, 0.05553071200847626, 8.30920696258545
382, -5.814801338186953, 2, 14.831223986000623, 118, 53367, 53367, 0.05576286092400551, 8.285594940185547
383, -5.318055769621424, 2, 4.138828782999553, 30, 53397, 53397, 0.04725754261016846, 8.307069778442383
384, -7.512306339277529, 2, 31.22065982300046, 253, 53650, 53650, 0.05674881860613823, 8.260359764099121
385, -5.579220602870919, 2, 10.969943516000058, 85, 53735, 53735, 0.05866116285324097, 8.21250057220459
386, -5.321978070598561, 2, 4.639022871999259, 34, 53769, 53769, 0.070207379758358, 8.197333335876465
387, -6.972525424032938, 2, 23.474379018000036, 189, 53958, 53958, 0.05966772511601448, 8.212882041931152
388, -5.545525891607781, 2, 10.92524941299962, 86, 54044, 54044, 0.062429074198007584, 8.202709197998047
389, -5.3641231203801, 2, 4.164678256000116, 30, 54074, 54074, 0.04460398852825165, 8.189007759094238
390, -6.093622099044296, 2, 16.43492648999927, 131, 54205, 54205, 0.05601125955581665, 8.182084083557129
391, -5.290464929887094, 2, 4.739951904999543, 35, 54240, 54240, 0.05126362666487694, 8.212872505187988
392, -5.074872113313177, 4, 40.08416367599966, 324, 54564, 54564, 0.05776873975992203, 8.164973258972168
393, -5.590224098399631, 2, 11.060336422999171, 87, 54651, 54651, 0.05331849679350853, 8.14537239074707
394, -5.673153953248402, 2, 13.168285650999678, 104, 54755, 54755, 0.06210562214255333, 8.12038516998291
395, -5.486859941855073, 2, 4.208366974000455, 30, 54785, 54785, 0.057431660592556, 8.09931468963623
396, -5.818647593259811, 2, 15.56342597299954, 122, 54907, 54907, 0.05807081237435341, 8.124733924865723
397, -5.764046194541152, 2, 13.003047467000215, 102, 55009, 55009, 0.05960652977228165, 8.085787773132324
398, -5.390506704374275, 2, 10.009316515999672, 77, 55086, 55086, 0.054310545325279236, 8.076889038085938
399, -5.396531443868298, 2, 4.16911829700075, 30, 55116, 55116, 0.046990733593702316, 8.09253978729248
400, -5.585132563996012, 2, 12.19786759300041, 95, 55211, 55211, 0.05650866776704788, 8.058124542236328
401, -5.1575913944107015, 4, 40.127146664000975, 325, 55536, 55536, 0.05635467544198036, 8.042712211608887
402, -5.788518227811437, 2, 12.762093458999516, 101, 55637, 55637, 0.055723804980516434, 8.02232551574707
403, -5.4153245037996385, 2, 9.732788937000805, 76, 55713, 55713, 0.05378716066479683, 8.008885383605957
404, -5.355134038254619, 2, 4.14566652800022, 30, 55743, 55743, 0.06481589376926422, 8.023663520812988
405, -5.411916362732882, 2, 6.6017418739993445, 50, 55793, 55793, 0.04632377251982689, 7.986570835113525
406, -5.699480362579887, 4, 40.15163045499867, 326, 56119, 56119, 0.05046527460217476, 7.975241661071777
407, -5.402031910154619, 2, 9.75675315999979, 76, 56195, 56195, 0.048796672374010086, 7.944276332855225
408, -5.404924106784165, 2, 4.1566688749990135, 30, 56225, 56225, 0.04958416521549225, 7.9686665534973145
409, -5.339008461334743, 2, 9.239136056999996, 72, 56297, 56297, 0.04933331534266472, 7.93571138381958
410, -5.3522378507768735, 2, 4.141067769000074, 30, 56327, 56327, 0.04800025001168251, 7.913617134094238
411, -5.32691881788196, 2, 5.621631657999387, 42, 56369, 56369, 0.04202337935566902, 7.905694007873535
412, -5.3336564819619525, 2, 4.162377099000878, 30, 56399, 56399, 0.05820358917117119, 7.912853717803955
413, -5.3218595518847, 2, 9.1013997379996, 70, 56469, 56469, 0.05070428550243378, 7.901726245880127
414, -5.712396183021156, 2, 13.002022406000833, 102, 56571, 56571, 0.048718247562646866, 7.907348155975342
415, -5.459002932257135, 2, 9.766371493000406, 76, 56647, 56647, 0.045945681631565094, 7.897024631500244
416, -5.394697116906173, 2, 4.168836205999469, 30, 56677, 56677, 0.044154781848192215, 7.843471050262451
417, -5.843511492712423, 2, 14.511315449000904, 115, 56792, 56792, 0.047063980251550674, 7.892127990722656
418, -5.348420306680055, 2, 9.378348402999109, 73, 56865, 56865, 0.04555891454219818, 7.867810249328613
419, -5.34172362787649, 2, 4.161502831999314, 30, 56895, 56895, 0.0465630441904068, 7.894642353057861
420, -5.633498863076966, 2, 12.88355941500049, 101, 56996, 56996, 0.04819231852889061, 7.85624361038208
421, -5.339868186297281, 2, 9.258121278000544, 72, 57068, 57068, 0.04529402032494545, 7.839161396026611
422, -5.479034491814673, 2, 4.131821530001616, 30, 57098, 57098, 0.05704369395971298, 7.851555824279785
423, -5.568139351809805, 2, 7.234335348999593, 55, 57153, 57153, 0.04669591411948204, 7.822726249694824
424, -5.6738356000278145, 2, 5.519883954000761, 41, 57194, 57194, 0.05101476609706879, 7.837926864624023
425, -5.92658211561502, 2, 14.958179200000814, 119, 57313, 57313, 0.053721971809864044, 7.817322731018066
426, -6.6515981592965545, 2, 23.12240180399931, 186, 57499, 57499, 0.05236981436610222, 7.80165433883667
427, -5.363995716586942, 2, 5.7318979449992185, 43, 57542, 57542, 0.046487387269735336, 7.777034282684326
428, -5.443178760324372, 2, 5.5519224790004955, 41, 57583, 57583, 0.04935723543167114, 7.764047145843506
429, -5.472564421199991, 2, 7.612720111999806, 58, 57641, 57641, 0.04676489159464836, 7.808027744293213
430, -5.301844558684024, 2, 9.258099108999886, 72, 57713, 57713, 0.04630144685506821, 7.796894550323486
431, -5.553099364973605, 2, 4.158990064999671, 30, 57743, 57743, 0.04085959866642952, 7.77866268157959
432, -5.704929473402444, 2, 13.437094490000163, 106, 57849, 57849, 0.05219169333577156, 7.769002437591553
433, -5.541918051003449, 2, 11.673643285001162, 92, 57941, 57941, 0.048690252006053925, 7.767374515533447
434, -5.236405478201732, 2, 5.128307054999823, 38, 57979, 57979, 0.04790080711245537, 7.738316535949707
435, -5.442218700889498, 2, 4.157007204001275, 30, 58009, 58009, 0.04484647139906883, 7.766554832458496
436, -6.816548695831443, 2, 24.70327264200023, 199, 58208, 58208, 0.04442842677235603, 7.734428405761719
437, -5.428747619029309, 2, 10.560086108000178, 83, 58291, 58291, 0.05092165991663933, 7.703927516937256
438, -5.566338979639113, 2, 4.181699987999309, 30, 58321, 58321, 0.046200063079595566, 7.701075553894043
439, -5.273130719084293, 2, 4.147566986999664, 30, 58351, 58351, 0.045941904187202454, 7.68332576751709
440, -5.25956889661029, 2, 8.64387957299914, 67, 58418, 58418, 0.04323821887373924, 7.706308841705322
441, -5.363189279916696, 2, 9.816050527000698, 76, 58494, 58494, 0.04332097992300987, 7.6880292892456055
442, -5.371718315465841, 2, 4.146452965000208, 30, 58524, 58524, 0.049292758107185364, 7.679158687591553
443, -5.331744754053943, 2, 9.646089672000016, 75, 58599, 58599, 0.0404803492128849, 7.68650484085083
444, -5.309866534324101, 2, 4.399393676998443, 32, 58631, 58631, 0.043524518609046936, 7.689266204833984
445, -5.410941522946814, 2, 4.1342274290000205, 30, 58661, 58661, 0.05033796653151512, 7.668119430541992
446, -5.394918939739, 2, 10.39329839200036, 81, 58742, 58742, 0.04114856570959091, 7.665706634521484
447, -5.346072844055016, 2, 4.157013044999985, 30, 58772, 58772, 0.04609936848282814, 7.67493200302124
448, -5.385568091645837, 2, 4.526661603000321, 33, 58805, 58805, 0.04374882951378822, 7.657987594604492
449, -5.722251113562379, 2, 12.531243060999259, 99, 58904, 58904, 0.042795803397893906, 7.645075798034668
450, -5.4878260446712375, 2, 4.141575747999013, 30, 58934, 58934, 0.05021711811423302, 7.643486499786377
451, -5.496609244379215, 2, 10.456257258001642, 82, 59016, 59016, 0.042353130877017975, 7.645906925201416
452, -5.435507283778861, 2, 4.1844136270010495, 30, 59046, 59046, 0.05030389875173569, 7.613221168518066
453, -6.014179829056957, 2, 15.53375608999886, 124, 59170, 59170, 0.048475321382284164, 7.618010997772217
454, -5.634158249478787, 2, 14.149349335000807, 112, 59282, 59282, 0.04422160983085632, 7.615644931793213
455, -6.211912091646809, 2, 18.748641952999606, 150, 59432, 59432, 0.0425870381295681, 7.595763206481934
456, -5.323367497454456, 2, 9.297933414, 72, 59504, 59504, 0.04641352966427803, 7.571791648864746
457, -5.4207374101970345, 2, 4.129840167999646, 30, 59534, 59534, 0.041887130588293076, 7.568846225738525
458, -5.241204117424786, 2, 4.527891777999685, 33, 59567, 59567, 0.04330361261963844, 7.596251487731934
459, -5.646087503380841, 2, 13.03633952599921, 103, 59670, 59670, 0.041762880980968475, 7.574449062347412
460, -5.427779131336138, 2, 4.171382734000872, 30, 59700, 59700, 0.055743906646966934, 7.534245014190674
461, -5.2805083487328375, 2, 5.015437082000062, 37, 59737, 59737, 0.04913483187556267, 7.5504536628723145
462, -5.416104161995463, 2, 4.15101605000018, 30, 59767, 59767, 0.05010649934411049, 7.558748245239258
463, -5.355819464894012, 2, 4.1780834540004435, 30, 59797, 59797, 0.04357286915183067, 7.547644138336182
464, -5.381767312660486, 2, 8.89306535600008, 69, 59866, 59866, 0.04867222160100937, 7.54118013381958
465, -6.063497726485366, 2, 13.749187456000072, 109, 59975, 59975, 0.045500610023736954, 7.541451454162598
466, -5.470578345353715, 2, 4.182166998998582, 30, 60005, 60005, 0.04064908251166344, 7.550415992736816
467, -5.724122503423132, 2, 12.060291706000498, 95, 60100, 60100, 0.046160317957401276, 7.520785331726074
468, -5.456574182142504, 2, 4.782011362000048, 35, 60135, 60135, 0.04439679533243179, 7.531719207763672
469, -5.705868607736193, 2, 12.525363704999108, 99, 60234, 60234, 0.042549870908260345, 7.5213141441345215
470, -5.225227164046373, 2, 4.147024836000128, 30, 60264, 60264, 0.03822856768965721, 7.477377891540527
471, -5.394767623292864, 2, 9.281035318999784, 72, 60336, 60336, 0.042078811675310135, 7.511436462402344
472, -5.9960296106291935, 2, 11.928825555998628, 94, 60430, 60430, 0.04658272862434387, 7.491611003875732
473, -5.261169695033459, 2, 4.5186048629984725, 33, 60463, 60463, 0.04382791742682457, 7.511693954467773
474, -5.336007735924795, 2, 4.155536484999175, 30, 60493, 60493, 0.044309139251708984, 7.424874305725098
475, -5.2950840680496185, 2, 6.326828985998873, 48, 60541, 60541, 0.044702332466840744, 7.462900638580322
476, -5.302187097724527, 2, 4.173258346998409, 30, 60571, 60571, 0.03704635426402092, 7.460511207580566
477, -5.5842092113161925, 2, 8.021453776000271, 62, 60633, 60633, 0.04850497841835022, 7.462529182434082
478, -5.508998121717013, 2, 5.115768850999302, 38, 60671, 60671, 0.04914652183651924, 7.453216552734375
479, -5.408064121300413, 2, 10.150873447999402, 79, 60750, 60750, 0.05148668959736824, 7.457612991333008
480, -5.505879489472136, 2, 4.16131963800035, 30, 60780, 60780, 0.053923092782497406, 7.422036647796631
481, -5.334951026074123, 2, 8.910385646999202, 69, 60849, 60849, 0.05087009817361832, 7.424769401550293
482, -5.458122301497497, 2, 4.16685239599974, 30, 60879, 60879, 0.04683389142155647, 7.423590183258057
483, -5.247524965787306, 2, 5.625558694999199, 42, 60921, 60921, 0.03704787790775299, 7.436788082122803
484, -5.425960939202923, 2, 4.170957936999912, 30, 60951, 60951, 0.04137131944298744, 7.429310321807861
485, -5.319036704488099, 2, 4.703360930001509, 34, 60985, 60985, 0.04028874263167381, 7.4351701736450195
486, -5.56461274123285, 2, 11.316039544999512, 89, 61074, 61074, 0.03840867429971695, 7.427495002746582
487, -5.50751893594861, 2, 4.145099397999729, 30, 61104, 61104, 0.04229307547211647, 7.4006266593933105
488, -5.351701798092108, 2, 5.737018699001055, 43, 61147, 61147, 0.034098610281944275, 7.394653797149658
489, -5.4245673254772555, 2, 4.176594111999293, 30, 61177, 61177, 0.04682214930653572, 7.38566255569458
490, -7.745311807084363, 2, 33.87762093099991, 275, 61452, 61452, 0.04220069944858551, 7.396146774291992
491, -6.272527310832629, 2, 17.997004513999855, 144, 61596, 61596, 0.043332815170288086, 7.357716083526611
492, -5.417682425118983, 2, 4.245965361000344, 30, 61626, 61626, 0.04338017478585243, 7.357536315917969
493, -5.254610193980625, 2, 5.138998938000441, 38, 61664, 61664, 0.04414648190140724, 7.343325138092041
494, -5.478891853708774, 2, 4.182351667999683, 30, 61694, 61694, 0.05480397120118141, 7.34359073638916
495, -5.220738005475141, 2, 4.745298350000667, 35, 61729, 61729, 0.04499915614724159, 7.343925952911377
496, -5.924275281955488, 2, 13.47332113000084, 106, 61835, 61835, 0.040569864213466644, 7.329378128051758
497, -5.811501963966293, 2, 14.599876014999609, 116, 61951, 61951, 0.04087680205702782, 7.327893257141113
498, -5.474452857859433, 2, 4.156363580999823, 30, 61981, 61981, 0.04491270333528519, 7.319967746734619
499, -5.509995268039347, 2, 11.924063077998653, 94, 62075, 62075, 0.04005580395460129, 7.32730770111084
500, -7.911435939313378, 2, 31.179811984999105, 253, 62328, 62328, 0.03848010674118996, 7.293805122375488
501, -5.364700222504325, 2, 4.1270927879995725, 30, 62358, 62358, 0.032996464520692825, 7.2331929206848145
502, -6.896955528340186, 2, 26.79147971599923, 217, 62575, 62575, 0.0432855449616909, 7.26907205581665
503, -5.465504782041535, 2, 4.7829475489998, 35, 62610, 62610, 0.04446398839354515, 7.2617669105529785
504, -5.983404950387921, 2, 14.797393337999893, 117, 62727, 62727, 0.04175160080194473, 7.251742362976074
505, -5.57733468990773, 2, 4.14395956899898, 30, 62757, 62757, 0.037870991975069046, 7.233044624328613
506, -5.5468258948531, 2, 4.14668667099977, 30, 62787, 62787, 0.03795225918292999, 7.255387306213379
507, -5.2885341071669245, 2, 5.869001347000449, 44, 62831, 62831, 0.04215781018137932, 7.229465961456299
508, -5.993017188574868, 2, 15.71919540899944, 123, 62954, 62954, 0.03996571525931358, 7.248621463775635
509, -5.276415173517307, 2, 5.399285251998663, 40, 62994, 62994, 0.04376552626490593, 7.2466583251953125
510, -5.774972549872473, 2, 5.873361423999086, 44, 63038, 63038, 0.04162735864520073, 7.24067497253418
511, -5.450522220984567, 2, 4.522019292999175, 30, 63068, 63068, 0.03439021855592728, 7.222273826599121
512, -5.271456241076521, 2, 4.155735652999283, 30, 63098, 63098, 0.040049485862255096, 7.222970962524414
513, -5.21570623468142, 2, 4.1845910100000765, 30, 63128, 63128, 0.03864644840359688, 7.222812175750732
514, -5.273024288471788, 2, 4.2156823509994865, 30, 63158, 63158, 0.03358163684606552, 7.191114902496338
515, -5.509994566440582, 2, 4.451339141000062, 30, 63188, 63188, 0.040692515671253204, 7.216704845428467
516, -5.244451218102768, 2, 4.630862157000593, 34, 63222, 63222, 0.034163542091846466, 7.20894718170166
517, -5.456614003982395, 2, 5.041887081000823, 37, 63259, 63259, 0.0437484085559845, 7.2054033279418945
518, -5.405191699974239, 2, 6.139247829998567, 46, 63305, 63305, 0.036787938326597214, 7.190736770629883
519, -5.480701176085859, 2, 11.442198761000327, 88, 63393, 63393, 0.04011079668998718, 7.194139003753662
520, -5.366166756408347, 2, 4.2051887060006266, 30, 63423, 63423, 0.04001849517226219, 7.168504238128662
521, -5.411424620193429, 2, 10.121703922999586, 79, 63502, 63502, 0.04066293314099312, 7.1672587394714355
522, -5.4838163536041975, 2, 4.188483371000984, 30, 63532, 63532, 0.0426722913980484, 7.163537979125977
523, -5.452386659122567, 2, 11.254904112000077, 88, 63620, 63620, 0.041256289929151535, 7.184344291687012
524, -5.4538389798253775, 2, 4.135227652999674, 30, 63650, 63650, 0.03836733102798462, 7.176012992858887
525, -5.372610414167866, 2, 4.2017778270001145, 30, 63680, 63680, 0.03499159589409828, 7.143277645111084
526, -5.296931119257351, 2, 5.164556775000165, 38, 63718, 63718, 0.034857556223869324, 7.132265567779541
527, -5.517556705512106, 2, 4.195308199001374, 30, 63748, 63748, 0.04798951372504234, 7.140786647796631
528, -5.29465373425046, 2, 5.853353200000129, 44, 63792, 63792, 0.04832441732287407, 7.172419548034668
529, -5.3894666018895805, 2, 4.163080401000116, 30, 63822, 63822, 0.03245536983013153, 7.17277717590332
530, -5.446121856773971, 2, 4.16327660800016, 30, 63852, 63852, 0.033929627388715744, 7.136219501495361
531, -6.761548770331501, 2, 22.06506787300168, 177, 64029, 64029, 0.04111374542117119, 7.1191301345825195
532, -5.327772736432962, 2, 4.157380860999183, 30, 64059, 64059, 0.03745250776410103, 7.146774768829346
533, -5.549466553959064, 2, 12.069380520000777, 95, 64154, 64154, 0.0379536896944046, 7.1083173751831055
534, -5.411804051604122, 2, 4.164505552000264, 30, 64184, 64184, 0.04514060914516449, 7.121796131134033
535, -6.365565678599523, 2, 18.724245691999386, 150, 64334, 64334, 0.039506036788225174, 7.085473537445068
536, -5.4709780280827545, 2, 6.1260922649998975, 46, 64380, 64380, 0.03507464751601219, 7.0913591384887695
537, -5.367589418201533, 2, 9.564286144999642, 74, 64454, 64454, 0.03292964771389961, 7.071882247924805
538, -5.435449382755905, 2, 4.228040427000451, 30, 64484, 64484, 0.035205647349357605, 7.068318843841553
539, -5.452064344572136, 2, 9.474379164999846, 74, 64558, 64558, 0.03696781024336815, 7.07615852355957
540, -5.469304306083359, 2, 4.172365063999678, 30, 64588, 64588, 0.04152138903737068, 7.075078964233398
541, -5.659501087036915, 2, 7.287762059999295, 56, 64644, 64644, 0.035077448934316635, 7.049407958984375
542, -5.381285967305303, 2, 4.157086383998831, 30, 64674, 64674, 0.03039589896798134, 7.089363098144531
543, -5.295914832269773, 2, 4.134589187000529, 30, 64704, 64704, 0.05023280531167984, 7.079766273498535
544, -5.3377654642099515, 2, 5.722530307000852, 43, 64747, 64747, 0.03392830491065979, 7.063019275665283
545, -5.504571616183966, 2, 4.146536096999625, 30, 64777, 64777, 0.045426733791828156, 7.058720111846924
546, -6.130736971332226, 2, 14.674258469998676, 117, 64894, 64894, 0.03695784509181976, 7.046647071838379
547, -5.504720794502646, 2, 5.605189721998613, 42, 64936, 64936, 0.03649559244513512, 7.020624160766602
548, -5.312470115139149, 2, 4.1784986940001545, 30, 64966, 64966, 0.03539435565471649, 7.021705150604248
549, -5.35706550127361, 2, 4.147544437999386, 30, 64996, 64996, 0.04135112464427948, 7.038747787475586
550, -5.892298103473877, 2, 15.78009789600037, 125, 65121, 65121, 0.03336823731660843, 7.02062463760376
551, -5.335246068565539, 2, 4.141833872999996, 30, 65151, 65151, 0.031112579628825188, 7.029555797576904
552, -5.15347318109707, 2, 5.300002620999294, 39, 65190, 65190, 0.03474946692585945, 7.018342018127441
553, -5.377230770536698, 2, 4.1826841729998705, 30, 65220, 65220, 0.03900422155857086, 7.018219470977783
554, -5.278366458544042, 2, 8.695060791000287, 67, 65287, 65287, 0.03716956824064255, 7.011495590209961
555, -5.5952593721449375, 2, 4.1575978889995895, 30, 65317, 65317, 0.03647276386618614, 6.995100021362305
556, -5.167989432346076, 2, 4.562475241998982, 33, 65350, 65350, 0.04327109083533287, 7.024604797363281
557, -5.477176596526988, 2, 5.400637795999501, 40, 65390, 65390, 0.035626716911792755, 6.996140956878662
558, -6.231350732035935, 2, 9.397570049000933, 73, 65463, 65463, 0.03257416933774948, 6.996631145477295
559, -5.247777264663455, 2, 7.059201906999078, 54, 65517, 65517, 0.033765580505132675, 6.9900360107421875
560, -5.453433168026095, 2, 6.199117793999903, 47, 65564, 65564, 0.034389179199934006, 7.000954627990723
561, -5.3615638013143325, 2, 4.158036410997738, 30, 65594, 65594, 0.029621757566928864, 6.981442928314209
562, -5.477709796279669, 2, 4.172307766999438, 30, 65624, 65624, 0.033968739211559296, 6.988724231719971
563, -5.25403838022612, 2, 5.203287469001225, 39, 65663, 65663, 0.028631266206502914, 6.992142200469971
564, -5.584609129698947, 2, 5.22703643999921, 39, 65702, 65702, 0.03826266527175903, 6.967648983001709
565, -5.280890836380422, 2, 4.1894489799997245, 30, 65732, 65732, 0.043706100434064865, 6.9688920974731445
566, -5.454957124777138, 2, 4.18364404300155, 30, 65762, 65762, 0.037712838500738144, 6.962259769439697
567, -5.247284958139062, 2, 4.848250147999352, 35, 65797, 65797, 0.03151751309633255, 6.92404317855835
568, -5.468041909858584, 2, 4.189745029001642, 30, 65827, 65827, 0.03122817538678646, 6.966400146484375
569, -5.212102787918411, 2, 5.150918625000486, 38, 65865, 65865, 0.03487474098801613, 6.974532127380371
570, -5.497242444893345, 2, 4.163213597999857, 30, 65895, 65895, 0.03122805617749691, 6.934796333312988
571, -5.197084947343683, 2, 4.662031125000794, 34, 65929, 65929, 0.031575076282024384, 6.929136276245117
572, -5.545093777356669, 2, 5.797377405000589, 43, 65972, 65972, 0.03445817902684212, 6.929449558258057
573, -5.275034832768142, 2, 4.151669106002373, 30, 66002, 66002, 0.02790791541337967, 6.944809436798096
574, -5.2235209941572975, 2, 4.7397393620012735, 35, 66037, 66037, 0.033358413726091385, 6.939098358154297
575, -5.344045860110782, 2, 4.274810904000333, 31, 66068, 66068, 0.035571713000535965, 6.923190593719482
576, -5.238024208956631, 2, 4.180779736998375, 30, 66098, 66098, 0.030883844941854477, 6.9357757568359375
577, -5.3049607349094, 2, 4.154089456998918, 30, 66128, 66128, 0.03880476951599121, 6.898802280426025
578, -5.528887788765132, 2, 4.143057008997857, 30, 66158, 66158, 0.02735951729118824, 6.894169330596924
579, -5.165674849995412, 2, 4.642600717001187, 34, 66192, 66192, 0.04125053435564041, 6.929409980773926
580, -5.344742152141407, 2, 4.453912113000115, 32, 66224, 66224, 0.030895724892616272, 6.892990589141846
581, -5.422514276884613, 2, 10.708783145997586, 84, 66308, 66308, 0.04120431840419769, 6.920690059661865
582, -5.586054970510304, 2, 4.186690696002188, 30, 66338, 66338, 0.03476016968488693, 6.909876346588135
583, -5.382698463334236, 2, 4.149843039002008, 30, 66368, 66368, 0.03374500572681427, 6.885954856872559
584, -5.45822074636817, 2, 4.179694121001376, 30, 66398, 66398, 0.0321691632270813, 6.891822338104248
585, -5.192410542978905, 2, 5.275111379000009, 39, 66437, 66437, 0.033500004559755325, 6.896020412445068
586, -5.348200864740647, 2, 4.665472430999216, 34, 66471, 66471, 0.03918519243597984, 6.892032146453857
587, -5.475304587744176, 2, 4.148123732000386, 30, 66501, 66501, 0.0272380281239748, 6.88212776184082
588, -5.238617281866027, 2, 5.072792142997059, 37, 66538, 66538, 0.029637213796377182, 6.851100921630859
589, -5.500237325948547, 2, 4.989414959996793, 36, 66574, 66574, 0.031990475952625275, 6.887932300567627
590, -5.472554882988334, 2, 4.746152306997828, 35, 66609, 66609, 0.03299764543771744, 6.878624439239502
591, -5.172584498941433, 2, 5.904531809999753, 44, 66653, 66653, 0.033898405730724335, 6.849196910858154
592, -5.435985099116806, 2, 4.771106815998792, 35, 66688, 66688, 0.029821831732988358, 6.8486433029174805
593, -5.403648905456066, 2, 4.2550160700011475, 30, 66718, 66718, 0.03445681557059288, 6.865771293640137
594, -6.173194078466622, 4, 40.098638375999144, 322, 67040, 67040, 0.03160620853304863, 6.851154804229736
595, -5.3191142056602985, 2, 4.208485978997487, 30, 67070, 67070, 0.03736419975757599, 6.832395076751709
596, -5.165930920746177, 2, 4.622736672001338, 34, 67104, 67104, 0.03428315743803978, 6.821990489959717
597, -5.5119913154048845, 2, 5.551365261002502, 41, 67145, 67145, 0.0327720083296299, 6.82505989074707
598, -5.477156691486016, 2, 6.947636304998014, 53, 67198, 67198, 0.02929520234465599, 6.822115898132324
599, -5.4013324521365575, 2, 4.167038338000566, 30, 67228, 67228, 0.030674854293465614, 6.826094627380371
600, -5.457737835497028, 2, 9.639891086000716, 74, 67302, 67302, 0.033976778388023376, 6.800826072692871
601, -5.440676758997142, 2, 4.217851402998349, 30, 67332, 67332, 0.03586788475513458, 6.784493446350098
602, -5.346965724776965, 2, 4.204713451003045, 30, 67362, 67362, 0.02757725492119789, 6.794297695159912
603, -5.2873507743061054, 2, 4.92694189499889, 36, 67398, 67398, 0.02543538250029087, 6.809823989868164
604, -5.2312485685470165, 2, 4.220993310002086, 30, 67428, 67428, 0.032373055815696716, 6.8216071128845215
605, -5.840463888656814, 2, 9.3509431220009, 72, 67500, 67500, 0.028546303510665894, 6.774844169616699
606, -5.392104618949816, 2, 4.142078416000004, 30, 67530, 67530, 0.034739065915346146, 6.775866985321045
607, -5.462754355256038, 2, 10.470536818000255, 82, 67612, 67612, 0.033668145537376404, 6.80193567276001
608, -5.411929992493242, 2, 4.122082794998278, 30, 67642, 67642, 0.02697422169148922, 6.789153575897217
609, -5.277455926465336, 2, 4.158122299999377, 30, 67672, 67672, 0.02748444862663746, 6.772282123565674
610, -5.344893978573964, 2, 4.1559131529975275, 30, 67702, 67702, 0.03137390315532684, 6.800547122955322
611, -5.421203662408516, 2, 4.133373513999686, 30, 67732, 67732, 0.03398839011788368, 6.773443698883057
612, -5.296498080249876, 2, 9.10232471999916, 71, 67803, 67803, 0.03308864310383797, 6.774184703826904
613, -5.385954270139337, 2, 5.376302766002482, 40, 67843, 67843, 0.03566857427358627, 6.749497413635254
614, -5.327080731396563, 2, 4.246665389000555, 31, 67874, 67874, 0.03349338844418526, 6.769738674163818
615, -5.650320079177618, 2, 4.160803339000267, 30, 67904, 67904, 0.031442828476428986, 6.7338738441467285
616, -5.325551254209131, 2, 4.134921738997946, 30, 67934, 67934, 0.026941528543829918, 6.72506856918335
617, -5.342661933042109, 2, 4.131417231001251, 30, 67964, 67964, 0.02692958526313305, 6.731387615203857
618, -5.383514767724591, 2, 4.161799286997848, 30, 67994, 67994, 0.03422772139310837, 6.749319076538086
619, -5.332785156555474, 2, 4.1424043260012695, 30, 68024, 68024, 0.028831083327531815, 6.73299503326416
620, -5.453612478915602, 2, 4.119016898999689, 30, 68054, 68054, 0.03163161128759384, 6.728899955749512
621, -5.31696407526033, 2, 4.127542398000514, 30, 68084, 68084, 0.03270750865340233, 6.7496795654296875
622, -5.42393234843621, 2, 4.146661383998435, 30, 68114, 68114, 0.03224125877022743, 6.723613262176514
623, -5.383698079967871, 2, 4.154458198998327, 30, 68144, 68144, 0.031142566353082657, 6.751463413238525
624, -5.416263251565397, 2, 4.151384797998617, 30, 68174, 68174, 0.023961979895830154, 6.749441146850586
625, -5.199965289968532, 2, 5.018938948000141, 37, 68211, 68211, 0.03309759497642517, 6.719101428985596
626, -5.301053899922408, 2, 4.115487679999205, 30, 68241, 68241, 0.036029111593961716, 6.74168586730957
627, -5.485341561026871, 2, 4.180614225999307, 30, 68271, 68271, 0.035641930997371674, 6.736377239227295
628, -5.324799137364607, 2, 5.622054556999501, 42, 68313, 68313, 0.02464817836880684, 6.737728118896484
629, -5.451919215003727, 2, 4.148426294003002, 30, 68343, 68343, 0.02908007986843586, 6.744597434997559
630, -5.422625598497689, 2, 4.138564232001954, 30, 68373, 68373, 0.028499312698841095, 6.678755760192871
631, -5.189747434400488, 2, 4.150414663999982, 30, 68403, 68403, 0.03232641518115997, 6.717558860778809
632, -5.324955865740776, 2, 4.184136996998859, 30, 68433, 68433, 0.030108390375971794, 6.7078633308410645
633, -5.301361644960707, 2, 4.128984771003161, 30, 68463, 68463, 0.02838648110628128, 6.7057976722717285
634, -5.470963511615992, 2, 4.179895036999369, 30, 68493, 68493, 0.02605382911860943, 6.715666770935059
635, -5.49953671079129, 2, 4.190840543000377, 30, 68523, 68523, 0.03914594650268555, 6.704208850860596
636, -5.194515714683803, 2, 4.11801321099847, 30, 68553, 68553, 0.031557220965623856, 6.69243860244751
637, -5.50609409250319, 2, 4.152605282000877, 30, 68583, 68583, 0.03399934619665146, 6.71144962310791
638, -5.354092687164666, 2, 4.19485264299874, 30, 68613, 68613, 0.031223691999912262, 6.7004714012146
639, -5.346034246031195, 2, 4.127054381002381, 30, 68643, 68643, 0.033343348652124405, 6.713075160980225
640, -5.286489626800176, 2, 4.14075638900249, 30, 68673, 68673, 0.040646541863679886, 6.671816825866699
641, -5.4276980622671545, 2, 4.171035555998969, 30, 68703, 68703, 0.025084862485527992, 6.664905071258545
642, -5.2715482314815745, 2, 4.368044931998156, 32, 68735, 68735, 0.03693810850381851, 6.706255912780762
643, -5.4494765134877525, 2, 4.140783958999236, 30, 68765, 68765, 0.0331585556268692, 6.676159381866455
644, -5.459808479528874, 2, 9.471453377998841, 74, 68839, 68839, 0.024028023704886436, 6.678180694580078
645, -5.308501261752099, 2, 4.142685897000774, 30, 68869, 68869, 0.030249090865254402, 6.669641494750977
646, -5.384628779254854, 2, 4.155681170002936, 30, 68899, 68899, 0.0376097708940506, 6.626029968261719
647, -5.162974764185492, 2, 4.156581830000505, 30, 68929, 68929, 0.03197891265153885, 6.60770320892334
648, -5.554948884993792, 2, 4.173462746999576, 30, 68959, 68959, 0.03438987955451012, 6.635483741760254
649, -5.222459103941219, 2, 4.6301173549982195, 34, 68993, 68993, 0.02943253517150879, 6.673006057739258
650, -5.37843752570916, 2, 4.195293908000167, 30, 69023, 69023, 0.03149023279547691, 6.663001537322998
651, -5.471008390159113, 2, 4.1877657049990376, 30, 69053, 69053, 0.028014391660690308, 6.647383689880371
652, -5.414529380388558, 2, 4.218883121000545, 30, 69083, 69083, 0.025558242574334145, 6.664227485656738
653, -5.207422208268781, 2, 4.675814799000364, 34, 69117, 69117, 0.0330301932990551, 6.647739410400391
654, -5.426472700375598, 2, 4.175830405998568, 30, 69147, 69147, 0.02702449820935726, 6.640838623046875
655, -5.452550483314553, 2, 4.144139912001265, 30, 69177, 69177, 0.03330008313059807, 6.654045581817627
656, -5.258870370336808, 2, 5.124433848002809, 38, 69215, 69215, 0.027378659695386887, 6.651198863983154
657, -5.408511647197884, 2, 4.124868849001359, 30, 69245, 69245, 0.030255300924181938, 6.641989231109619
658, -5.280789812095463, 2, 4.174414799999795, 30, 69275, 69275, 0.030622189864516258, 6.634202480316162
659, -5.286240388562874, 2, 4.124442110998643, 30, 69305, 69305, 0.0344916433095932, 6.60122013092041
660, -5.334441572718788, 2, 4.1581771510027465, 30, 69335, 69335, 0.03191327676177025, 6.634880065917969
661, -5.420387195874355, 2, 4.150005947998579, 30, 69365, 69365, 0.027027802541851997, 6.593135356903076
662, -5.460472225211561, 2, 4.190749755998695, 30, 69395, 69395, 0.029858283698558807, 6.632396221160889
663, -5.201923590095248, 2, 8.395493583000643, 65, 69460, 69460, 0.02985518053174019, 6.585080623626709
664, -5.417546705109999, 2, 4.215978430998803, 30, 69490, 69490, 0.031508732587099075, 6.593019962310791
665, -5.950285822851583, 2, 11.813425066000491, 93, 69583, 69583, 0.028892209753394127, 6.592535972595215
666, -5.483632538001984, 2, 7.552525709998008, 58, 69641, 69641, 0.02782190404832363, 6.590002059936523
667, -5.66352433116117, 2, 6.217135219001648, 47, 69688, 69688, 0.032314617186784744, 6.568416595458984
668, -5.440562587231398, 2, 4.139365184000781, 30, 69718, 69718, 0.026840392500162125, 6.568002223968506
669, -5.302605281234719, 2, 4.181940268998005, 30, 69748, 69748, 0.024551352486014366, 6.573344707489014
670, -5.461808692314662, 2, 4.1529894070008595, 30, 69778, 69778, 0.031997643411159515, 6.548936367034912
671, -5.299730732396711, 2, 4.155611776001024, 30, 69808, 69808, 0.026333002373576164, 6.58249044418335
672, -5.406296275323257, 2, 4.165688551998755, 30, 69838, 69838, 0.036177560687065125, 6.547953128814697
673, -5.4808088801801205, 2, 4.154814900000929, 30, 69868, 69868, 0.030946390703320503, 6.587386608123779
674, -5.397351287538186, 2, 10.526610826000251, 82, 69950, 69950, 0.02493550069630146, 6.55620002746582
675, -5.416084175998549, 2, 4.145415593000507, 30, 69980, 69980, 0.021345796063542366, 6.575884819030762
676, -5.306950831785798, 2, 4.137630664998142, 30, 70010, 70010, 0.02772499993443489, 6.541846752166748
677, -5.423329284414649, 2, 4.1288031119984225, 30, 70040, 70040, 0.03581996262073517, 6.574041843414307
678, -5.544887556694448, 2, 4.16589445000136, 30, 70070, 70070, 0.027206843718886375, 6.55251932144165
679, -5.246299395337701, 2, 4.376052823001373, 32, 70102, 70102, 0.027356300503015518, 6.539897441864014
680, -5.428001345600933, 2, 4.147330003001116, 30, 70132, 70132, 0.021630283445119858, 6.563111782073975
681, -5.309995323303156, 2, 4.176211800000601, 30, 70162, 70162, 0.03510444611310959, 6.507899284362793
682, -5.387750661466271, 2, 4.1383800670009805, 30, 70192, 70192, 0.02842199057340622, 6.5361409187316895
683, -5.498828454874456, 2, 4.14657205599724, 30, 70222, 70222, 0.023874064907431602, 6.535233020782471
684, -5.311859865440056, 2, 4.144267051000497, 30, 70252, 70252, 0.025399494916200638, 6.540712833404541
685, -5.459019576199353, 2, 4.152045102000557, 30, 70282, 70282, 0.03256972134113312, 6.528127670288086
686, -5.415159146301448, 2, 4.130286953997711, 30, 70312, 70312, 0.029112309217453003, 6.518752574920654
687, -5.444124065339565, 2, 4.12445875299818, 30, 70342, 70342, 0.027388866990804672, 6.545496463775635
688, -5.344954262312967, 2, 4.132901973000116, 30, 70372, 70372, 0.025904487818479538, 6.527299880981445
689, -5.466954902047291, 2, 4.175694424997346, 30, 70402, 70402, 0.02835843339562416, 6.524818420410156
690, -5.468607886694372, 2, 4.1481552830009605, 30, 70432, 70432, 0.026113100349903107, 6.495351791381836
691, -5.4563285345211625, 2, 4.146839748002094, 30, 70462, 70462, 0.02827123925089836, 6.474315166473389
692, -5.361755733843893, 2, 4.170737926000584, 30, 70492, 70492, 0.02424117736518383, 6.5030646324157715
693, -6.958789121889822, 2, 23.32361846099957, 188, 70680, 70680, 0.02602558396756649, 6.4985246658325195
694, -5.442890625490691, 2, 4.184845800002222, 30, 70710, 70710, 0.03206988424062729, 6.484434127807617
695, -5.3842652949970216, 2, 4.168862222999451, 30, 70740, 70740, 0.025112148374319077, 6.502190113067627
696, -5.3596701845526695, 2, 4.220628355997178, 30, 70770, 70770, 0.03237384185194969, 6.480801582336426
697, -5.31216954626143, 2, 4.141330885999196, 30, 70800, 70800, 0.025153208523988724, 6.478692054748535
698, -5.411797066219151, 2, 4.165742222998233, 30, 70830, 70830, 0.024433773010969162, 6.4804463386535645
699, -5.354354471346596, 2, 4.194878086000244, 30, 70860, 70860, 0.021426884457468987, 6.460696220397949
700, -5.185277964272245, 2, 4.511662668999634, 33, 70893, 70893, 0.026129357516765594, 6.482772350311279
701, -5.3291780854342505, 2, 4.145159641000646, 30, 70923, 70923, 0.027219781652092934, 6.48485803604126
702, -5.392859837622382, 2, 4.152549583999644, 30, 70953, 70953, 0.029180120676755905, 6.436244487762451
703, -5.350539515260607, 2, 4.139005608998559, 30, 70983, 70983, 0.024572523310780525, 6.4617414474487305
704, -6.131607106628508, 2, 14.238755178997963, 113, 71096, 71096, 0.02564106322824955, 6.457780361175537
705, -5.477667496539652, 2, 4.14797066599931, 30, 71126, 71126, 0.027909018099308014, 6.468552112579346
706, -5.319243114441633, 2, 4.1544555199980095, 30, 71156, 71156, 0.02986808307468891, 6.4395976066589355
707, -5.358968330314383, 2, 4.151682106999942, 30, 71186, 71186, 0.0263985525816679, 6.453514099121094
708, -5.392222865950316, 2, 4.149845043000823, 30, 71216, 71216, 0.03192836418747902, 6.45356559753418
709, -5.599086225032806, 2, 4.177235698000004, 30, 71246, 71246, 0.02694075182080269, 6.4507060050964355
710, -5.25868836051086, 2, 4.181643634001375, 30, 71276, 71276, 0.025289684534072876, 6.430073261260986
711, -5.427859611809254, 2, 4.156267206999473, 30, 71306, 71306, 0.0369887501001358, 6.42669677734375
712, -5.393894789274782, 2, 4.135984421001922, 30, 71336, 71336, 0.02338319644331932, 6.411962509155273
713, -5.378298894036561, 2, 4.178567580998788, 30, 71366, 71366, 0.021801311522722244, 6.421595573425293
714, -5.376070990692824, 2, 4.152320548997523, 30, 71396, 71396, 0.029147492721676826, 6.4174323081970215
715, -5.330825523007661, 2, 4.162640520000423, 30, 71426, 71426, 0.024541467428207397, 6.393107891082764
716, -5.64885483449325, 2, 6.522768241000449, 49, 71475, 71475, 0.031835973262786865, 6.420965671539307
717, -5.379542187787592, 2, 4.199892625001667, 30, 71505, 71505, 0.02284266985952854, 6.418365478515625
718, -5.42021944001317, 2, 4.199537511001836, 30, 71535, 71535, 0.028171198442578316, 6.402834415435791
719, -5.358288471354172, 2, 4.172053155001777, 30, 71565, 71565, 0.02058332972228527, 6.422688961029053
720, -5.38571017011418, 2, 4.194078241001989, 30, 71595, 71595, 0.029975110664963722, 6.383572101593018
721, -5.3215594498906285, 2, 4.334234270001616, 31, 71626, 71626, 0.023342635482549667, 6.370783805847168
722, -5.358072633709526, 2, 4.282679435000318, 30, 71656, 71656, 0.027437003329396248, 6.371633052825928
723, -5.433389882557094, 2, 4.201234359999944, 30, 71686, 71686, 0.02682148851454258, 6.382930278778076
724, -5.394612366799265, 2, 4.231872353000654, 30, 71716, 71716, 0.01991359330713749, 6.380673408508301
725, -5.388939457479864, 2, 4.2084504929989635, 30, 71746, 71746, 0.02798100933432579, 6.372445583343506
726, -5.478256118483841, 2, 4.179436457998236, 30, 71776, 71776, 0.023235542699694633, 6.372463703155518
727, -5.3777319353830535, 2, 4.158979173997068, 30, 71806, 71806, 0.028572143986821175, 6.376409530639648
728, -5.547615248768125, 2, 5.155084319998423, 38, 71844, 71844, 0.029104627668857574, 6.384861469268799
729, -6.276829493599507, 2, 16.573491063998517, 132, 71976, 71976, 0.024397296831011772, 6.3762407302856445
730, -5.346146403171588, 2, 4.197374750998279, 30, 72006, 72006, 0.01789235882461071, 6.323613166809082
731, -5.444639178225771, 2, 4.16778294499818, 30, 72036, 72036, 0.022718017920851707, 6.3476080894470215
732, -5.555802074901294, 2, 11.466706622999482, 90, 72126, 72126, 0.02387365698814392, 6.352571487426758
733, -5.418365447374526, 2, 4.168033122001361, 30, 72156, 72156, 0.02391517348587513, 6.324361801147461
734, -5.398718885611743, 2, 4.178273924997484, 30, 72186, 72186, 0.02681753598153591, 6.333119869232178
735, -5.559434537310153, 2, 5.631225964996702, 42, 72228, 72228, 0.024658218026161194, 6.3499298095703125
736, -5.609319800481899, 2, 9.138518433999707, 71, 72299, 72299, 0.02527838945388794, 6.334727764129639
737, -5.381988083245233, 2, 4.714831363002304, 35, 72334, 72334, 0.022582534700632095, 6.303909778594971
738, -5.488361285068095, 2, 4.158423376000428, 30, 72364, 72364, 0.02902151830494404, 6.3195953369140625
739, -5.372855979832821, 2, 4.186684954998782, 30, 72394, 72394, 0.029679320752620697, 6.329098224639893
740, -5.362717058043927, 2, 4.183325122001406, 30, 72424, 72424, 0.029102126136422157, 6.315814018249512
741, -5.359229877241887, 2, 4.173791320001328, 30, 72454, 72454, 0.025908084586262703, 6.31068229675293
742, -5.37078861752525, 2, 4.13042189800035, 30, 72484, 72484, 0.024438800290226936, 6.31964111328125
743, -5.237380933540408, 2, 4.178589029001159, 30, 72514, 72514, 0.022977638989686966, 6.293015003204346
744, -5.3864876729785465, 2, 4.140048204000777, 30, 72544, 72544, 0.023376308381557465, 6.288401126861572
745, -5.3724502245895565, 2, 4.146058153997728, 30, 72574, 72574, 0.03490014746785164, 6.314776420593262
746, -5.351201443001628, 2, 4.221439816003112, 30, 72604, 72604, 0.021957730874419212, 6.313190937042236
747, -5.369173856335692, 2, 4.141308984999341, 30, 72634, 72634, 0.021547624841332436, 6.31636381149292
748, -5.386332735652104, 2, 4.193146770001476, 30, 72664, 72664, 0.028224091976881027, 6.301707744598389
749, -5.380789346527308, 2, 4.187560248999944, 30, 72694, 72694, 0.021330220624804497, 6.2987589836120605
750, -5.391068974509835, 2, 4.158140645999083, 30, 72724, 72724, 0.021174868568778038, 6.271805286407471
751, -5.227484291885048, 2, 4.178657763000956, 30, 72754, 72754, 0.021859433501958847, 6.296385765075684
752, -5.379505261662416, 2, 4.146494179000001, 30, 72784, 72784, 0.02155604213476181, 6.254715919494629
753, -5.393474884796888, 2, 4.176969559997815, 30, 72814, 72814, 0.022429995238780975, 6.28992223739624
754, -6.367772452445934, 2, 15.695891067000048, 125, 72939, 72939, 0.024318167939782143, 6.277327060699463
755, -5.618759206496179, 2, 4.145243295999535, 30, 72969, 72969, 0.02423037216067314, 6.2372145652771
756, -5.526865795254707, 2, 4.149333228000614, 30, 72999, 72999, 0.020823542028665543, 6.26225471496582
757, -5.6650425950065255, 2, 4.128450601001532, 30, 73029, 73029, 0.02703794278204441, 6.247314453125
758, -5.312942541553639, 2, 4.165149187003408, 30, 73059, 73059, 0.021853934973478317, 6.276925563812256
759, -5.359258157317527, 2, 4.129145787999732, 30, 73089, 73089, 0.020425302907824516, 6.28095006942749
760, -5.434728421270847, 2, 4.135764143000415, 30, 73119, 73119, 0.021908365190029144, 6.251015663146973
761, -5.447860182845034, 2, 4.151318594002078, 30, 73149, 73149, 0.02288074977695942, 6.263297080993652
762, -5.403269804053707, 2, 4.130976404001558, 30, 73179, 73179, 0.01655329018831253, 6.257969379425049
763, -5.3862667548819445, 2, 4.164928468999278, 30, 73209, 73209, 0.02936159260571003, 6.238276958465576
764, -5.541536162607372, 2, 4.1671309740013385, 30, 73239, 73239, 0.022127879783511162, 6.247610569000244
765, -5.422556879930198, 2, 4.222250920000079, 30, 73269, 73269, 0.01962669938802719, 6.224254131317139
766, -5.436080344894435, 2, 4.20273566400283, 30, 73299, 73299, 0.02166585810482502, 6.247719764709473
767, -5.3414357447763905, 2, 4.194476492000831, 30, 73329, 73329, 0.02276245318353176, 6.253220558166504
768, -5.36949270311743, 2, 4.192751408998447, 30, 73359, 73359, 0.02633584477007389, 6.232523441314697
769, -5.474349847063422, 2, 4.162401284000225, 30, 73389, 73389, 0.02527765743434429, 6.232760906219482
770, -5.393918151035905, 2, 4.1670555059972685, 30, 73419, 73419, 0.020325571298599243, 6.201900005340576
771, -5.360283629503101, 2, 4.146391688002041, 30, 73449, 73449, 0.017575589939951897, 6.2354936599731445
772, -5.452018537835102, 2, 4.210339007000584, 30, 73479, 73479, 0.021191241219639778, 6.203579902648926
773, -5.390328691340983, 2, 4.223313673999655, 30, 73509, 73509, 0.01721697486937046, 6.214879035949707
774, -5.397294360096566, 2, 4.19053419699776, 30, 73539, 73539, 0.02275635488331318, 6.23132848739624
775, -7.318270721792942, 2, 28.584502386001986, 231, 73770, 73770, 0.025551121681928635, 6.205613613128662
776, -5.361727299634367, 2, 5.5493843400035985, 41, 73811, 73811, 0.0194008219987154, 6.186385154724121
777, -5.49728464713553, 2, 5.251808241002436, 39, 73850, 73850, 0.02220793068408966, 6.175004005432129
778, -5.36419618409127, 2, 4.138918971999374, 30, 73880, 73880, 0.01843109168112278, 6.207712173461914
779, -5.324332151620183, 2, 4.133005448999029, 30, 73910, 73910, 0.028997350484132767, 6.18157434463501
780, -5.455160783603787, 2, 4.173603152998112, 30, 73940, 73940, 0.01888711005449295, 6.1734395027160645
781, -5.359670617850497, 2, 4.147854235001432, 30, 73970, 73970, 0.02070297673344612, 6.183674335479736
782, -5.328740067314357, 2, 4.15910009000072, 30, 74000, 74000, 0.022328799590468407, 6.187219142913818
783, -5.410575243644416, 2, 4.168387775000156, 30, 74030, 74030, 0.022539930418133736, 6.150334358215332
784, -5.274184231646359, 2, 4.1588019269984215, 30, 74060, 74060, 0.02142259292304516, 6.202211380004883
785, -5.424532505683601, 2, 4.178120483000384, 30, 74090, 74090, 0.02084498293697834, 6.152622699737549
786, -5.213092828635126, 2, 4.165453555000568, 30, 74120, 74120, 0.019725004211068153, 6.1627116203308105
787, -5.4870952339842916, 2, 4.171170442001312, 30, 74150, 74150, 0.020241754129529, 6.172882556915283
788, -5.4274355112574995, 2, 4.158850710999104, 30, 74180, 74180, 0.02206379547715187, 6.1497697830200195
789, -5.381334613717627, 2, 4.88884775599945, 36, 74216, 74216, 0.019572138786315918, 6.1419878005981445
790, -5.583792003802955, 2, 4.197805411000445, 30, 74246, 74246, 0.02239089459180832, 6.14717960357666
791, -5.403860033897217, 5, 4.160963048998383, 30, 74276, 74276, 0.02501547522842884, 6.12388801574707
792, -5.40769236208871, 2, 4.260135426000488, 30, 74306, 74306, 0.024620050564408302, 6.152508735656738
793, -5.55380492657423, 2, 4.27846524800043, 30, 74336, 74336, 0.02156839706003666, 6.1341938972473145
794, -5.336539396317676, 2, 4.1988719679975475, 30, 74366, 74366, 0.023265425115823746, 6.13435173034668
795, -5.442066160961986, 2, 4.181130777000362, 30, 74396, 74396, 0.02148786000907421, 6.152702331542969
796, -5.277681505540386, 2, 4.1242037849988264, 30, 74426, 74426, 0.018089061602950096, 6.148495674133301
797, -5.445693455752917, 2, 4.431987177998963, 32, 74458, 74458, 0.022143855690956116, 6.126278877258301
798, -5.275340316351503, 2, 4.19159025800036, 30, 74488, 74488, 0.02211327664554119, 6.128366947174072
799, -5.34430478347349, 2, 4.18804347999685, 30, 74518, 74518, 0.01658339984714985, 6.110483169555664
800, -5.447761174291372, 2, 4.161730554002133, 30, 74548, 74548, 0.017819469794631004, 6.165462970733643
801, -5.273021020111628, 2, 4.370609213001444, 31, 74579, 74579, 0.0225068349391222, 6.108684062957764
802, -5.500746867721318, 2, 5.446800825000537, 40, 74619, 74619, 0.02202681638300419, 6.134498596191406
803, -5.268999341409653, 2, 4.202769193001586, 30, 74649, 74649, 0.027703028172254562, 6.1280059814453125
804, -5.757163410322391, 2, 10.545786810002028, 82, 74731, 74731, 0.020674604922533035, 6.084114074707031
805, -5.280653629277367, 2, 4.70182690799993, 34, 74765, 74765, 0.02136290818452835, 6.092795372009277
806, -5.4661963992984965, 2, 5.023782370997651, 37, 74802, 74802, 0.016460120677947998, 6.078895568847656
807, -5.386371151078492, 2, 4.18411043100059, 30, 74832, 74832, 0.02249336987733841, 6.086065769195557
808, -5.389773092116229, 2, 4.15762089099735, 30, 74862, 74862, 0.01894877664744854, 6.10720157623291
809, -5.393283023004187, 2, 4.139419691000512, 30, 74892, 74892, 0.019490988925099373, 6.09060525894165
810, -5.424073418020271, 2, 4.15434644799825, 30, 74922, 74922, 0.02400941215455532, 6.075710773468018
811, -5.323215855518356, 2, 4.1452103840019845, 30, 74952, 74952, 0.022262923419475555, 6.05547571182251
812, -5.414737597340718, 2, 4.891154566001205, 36, 74988, 74988, 0.01685277745127678, 6.0826005935668945
813, -5.560193328652531, 2, 8.996523130001151, 70, 75058, 75058, 0.021145135164260864, 6.085298538208008
814, -5.481162861629855, 2, 5.654163383998821, 42, 75100, 75100, 0.02540143020451069, 6.071796894073486
815, -5.349418263416737, 2, 4.146986961997754, 30, 75130, 75130, 0.02412487007677555, 6.056705951690674
816, -5.452417138963938, 2, 4.1667476469992835, 30, 75160, 75160, 0.02065209113061428, 6.079229354858398
817, -5.394605509063695, 2, 4.543084209999506, 33, 75193, 75193, 0.018612416461110115, 6.060941219329834
818, -5.277456708718091, 2, 4.191764647999662, 30, 75223, 75223, 0.021619655191898346, 6.0623698234558105
819, -5.445214627543464, 2, 4.214984727001138, 30, 75253, 75253, 0.021646879613399506, 6.036111354827881
820, -5.376296951784752, 2, 4.201319780000631, 30, 75283, 75283, 0.02588615193963051, 6.050359725952148
821, -5.475709511316381, 2, 4.212433878998127, 30, 75313, 75313, 0.02504560351371765, 6.051577568054199
822, -5.500873671844602, 2, 4.436393184998451, 32, 75345, 75345, 0.024344533681869507, 6.05055570602417
823, -5.5539718475192785, 2, 4.177001850999659, 30, 75375, 75375, 0.015488597564399242, 6.057122707366943
824, -5.416486480040476, 2, 4.1678912679999485, 30, 75405, 75405, 0.024460308253765106, 6.030244827270508
825, -5.402484529418871, 2, 4.144875639001839, 30, 75435, 75435, 0.024637730792164803, 6.039549827575684
826, -5.312761857872829, 2, 4.288711084998795, 31, 75466, 75466, 0.02170814387500286, 6.046597957611084
827, -5.420024311053567, 2, 4.18543105000208, 30, 75496, 75496, 0.01816435717046261, 6.033461093902588
828, -5.458680096489843, 2, 4.157115770998644, 30, 75526, 75526, 0.016491543501615524, 6.013415336608887
829, -5.534754681400955, 2, 4.222578707001958, 30, 75556, 75556, 0.019112877547740936, 6.0379958152771
830, -5.519427273538895, 2, 4.16129760900003, 30, 75586, 75586, 0.020349273458123207, 6.011651992797852
831, -5.466174941277131, 2, 4.941604804997041, 36, 75622, 75622, 0.02187737450003624, 6.026173114776611
832, -5.392955136951059, 2, 4.138694370998564, 30, 75652, 75652, 0.017645245417952538, 6.029969215393066
833, -5.901283471379429, 2, 7.819545794001897, 60, 75712, 75712, 0.018152857199311256, 6.024668216705322
834, -5.332900691602845, 2, 4.255937448000623, 31, 75743, 75743, 0.017447328194975853, 6.010061740875244
835, -5.288291336037219, 2, 4.156014296997455, 30, 75773, 75773, 0.014035611413419247, 5.986659526824951
836, -5.2896638012025505, 2, 4.1703654039993125, 30, 75803, 75803, 0.020659396424889565, 6.0047287940979
837, -5.661852804943919, 2, 10.167933828997775, 79, 75882, 75882, 0.021249989047646523, 6.000696659088135
838, -5.599685954395682, 2, 7.578528851998271, 58, 75940, 75940, 0.019030340015888214, 6.000857353210449
839, -5.374054072133731, 2, 4.762607377000677, 35, 75975, 75975, 0.01766010746359825, 5.9843668937683105
840, -5.428547324612737, 2, 4.122837173999869, 30, 76005, 76005, 0.025387872010469437, 5.994534492492676
841, -5.3463752078823745, 2, 4.182022602999496, 30, 76035, 76035, 0.02601795829832554, 5.959066390991211
842, -5.375078294775449, 2, 4.150329853000585, 30, 76065, 76065, 0.014377089217305183, 5.972888469696045
843, -5.364313328755088, 2, 4.153155571999378, 30, 76095, 76095, 0.025525638833642006, 5.9825897216796875
844, -5.3191832243755925, 2, 4.148766342001181, 30, 76125, 76125, 0.01800154335796833, 5.975069046020508
845, -5.236055531713646, 2, 4.2472209020015725, 31, 76156, 76156, 0.01483761053532362, 5.983679294586182
846, -5.51977277174592, 2, 4.151400689002912, 30, 76186, 76186, 0.015876924619078636, 5.981571674346924
847, -5.3786240227054805, 2, 4.621169408997957, 34, 76220, 76220, 0.023554226383566856, 5.968884468078613
848, -5.392754305154085, 2, 4.17487845299911, 30, 76250, 76250, 0.021361924707889557, 5.962440490722656
849, -5.24854031461291, 2, 4.157486868996784, 30, 76280, 76280, 0.020923901349306107, 5.97660493850708
850, -5.4451597516890615, 2, 4.144123754002067, 30, 76310, 76310, 0.017115911468863487, 5.9559454917907715
851, -5.304442134394776, 2, 4.147985338000581, 30, 76340, 76340, 0.01388864777982235, 5.964475154876709
852, -5.307034614961594, 2, 4.1447779789996275, 30, 76370, 76370, 0.016335515305399895, 5.968593120574951
853, -5.453826197423041, 2, 4.210900408997986, 30, 76400, 76400, 0.014192815870046616, 5.95969295501709
854, -5.434831191087142, 2, 4.16867589800313, 30, 76430, 76430, 0.016225725412368774, 5.947629928588867
855, -5.548350701807067, 2, 4.175755174001097, 30, 76460, 76460, 0.015747282654047012, 5.9612250328063965
856, -5.373356629163027, 2, 4.169592258000193, 30, 76490, 76490, 0.016817612573504448, 5.9486470222473145
857, -5.389718479738804, 2, 4.1773971270013135, 30, 76520, 76520, 0.022689292207360268, 5.936861991882324
858, -5.297418546455447, 2, 4.134843836000073, 30, 76550, 76550, 0.015926619991660118, 5.9380621910095215
859, -5.352788999050972, 2, 4.160456679001072, 30, 76580, 76580, 0.01987673155963421, 5.942849636077881
860, -5.763312120689079, 2, 7.9481014529992535, 61, 76641, 76641, 0.015080154873430729, 5.943331241607666
861, -5.330728743108921, 2, 4.395759091999935, 32, 76673, 76673, 0.019581692293286324, 5.920289993286133
862, -5.6748902660328895, 2, 5.977189534998615, 45, 76718, 76718, 0.017146620899438858, 5.923336982727051
863, -5.492904430255294, 2, 5.114794237000751, 38, 76756, 76756, 0.017337914556264877, 5.92646598815918
864, -5.5268235872499645, 2, 4.623276896003517, 34, 76790, 76790, 0.019815148785710335, 5.912117004394531
865, -5.327451473567635, 2, 4.155585328000598, 30, 76820, 76820, 0.013747211545705795, 5.904455184936523
866, -5.43318478949368, 2, 4.156965843001672, 30, 76850, 76850, 0.017175955697894096, 5.896206855773926
867, -5.374657946871594, 2, 4.165285786999448, 30, 76880, 76880, 0.016435611993074417, 5.913602828979492
868, -5.415350598166697, 2, 4.208185389998107, 30, 76910, 76910, 0.01621062308549881, 5.89232873916626
869, -5.3714583205292, 2, 4.521538577002502, 33, 76943, 76943, 0.018091579899191856, 5.917834281921387
870, -5.520476147532463, 2, 4.155185251001967, 30, 76973, 76973, 0.012604271993041039, 5.923409461975098
871, -5.443043145351112, 2, 4.510279821999575, 33, 77006, 77006, 0.021752534434199333, 5.916130065917969
872, -5.370389321993571, 2, 4.17779020099988, 30, 77036, 77036, 0.014636741951107979, 5.911482810974121
873, -5.328552923572715, 2, 4.431070089001878, 32, 77068, 77068, 0.016138464212417603, 5.882740497589111
874, -5.298248013335979, 2, 4.995240962001844, 37, 77105, 77105, 0.014719073660671711, 5.8871169090271
875, -5.337544863461517, 2, 4.126165426001535, 30, 77135, 77135, 0.02467706799507141, 5.888885974884033
876, -5.244149261619896, 2, 4.340818194999883, 31, 77166, 77166, 0.01302872970700264, 5.891247272491455
877, -5.480721284635365, 2, 4.206140272999619, 30, 77196, 77196, 0.014729823917150497, 5.885461807250977
878, -5.271992347203195, 2, 4.639180840000336, 34, 77230, 77230, 0.017588526010513306, 5.879405975341797
879, -5.387373350968119, 2, 4.178572420998535, 30, 77260, 77260, 0.014107350260019302, 5.8829827308654785
880, -5.359720639418811, 2, 4.164096619002521, 30, 77290, 77290, 0.01891320012509823, 5.869908332824707
881, -5.310257858305704, 2, 4.128805331998592, 30, 77320, 77320, 0.020464394241571426, 5.8643364906311035
882, -5.460525224916637, 2, 4.193172877003235, 30, 77350, 77350, 0.018131673336029053, 5.888948440551758
883, -5.401258515426889, 2, 4.142675140999927, 30, 77380, 77380, 0.018017705529928207, 5.865087509155273
884, -5.442851708095986, 2, 5.001682652000454, 37, 77417, 77417, 0.01560930348932743, 5.8685622215271
885, -5.4303439516806975, 2, 4.180845178998425, 30, 77447, 77447, 0.01601775921881199, 5.863345146179199
886, -5.450442748144269, 2, 4.167815526001505, 30, 77477, 77477, 0.014827679842710495, 5.857725143432617
887, -5.284898646059446, 2, 4.1443896899982064, 30, 77507, 77507, 0.013697477988898754, 5.867125034332275
888, -5.389260997064412, 2, 4.181240166002681, 30, 77537, 77537, 0.02078326977789402, 5.864617824554443
889, -5.3125348421745, 2, 4.144560259999707, 30, 77567, 77567, 0.016031086444854736, 5.840033531188965
890, -5.506905298680067, 2, 4.17986942099742, 30, 77597, 77597, 0.012116909958422184, 5.893507480621338
891, -5.452974758518394, 2, 4.1441892350012495, 30, 77627, 77627, 0.01566269062459469, 5.831199645996094
892, -5.3646241766400635, 2, 4.153891335998196, 30, 77657, 77657, 0.02033841609954834, 5.835513114929199
893, -5.549251057207584, 2, 4.151364901001216, 30, 77687, 77687, 0.018678247928619385, 5.857582092285156
894, -5.430112964473665, 2, 4.21380067499922, 30, 77717, 77717, 0.014424526132643223, 5.845959186553955
895, -5.372152432792063, 2, 5.107642928000132, 38, 77755, 77755, 0.014633784070611, 5.852144718170166
896, -5.47820174600929, 2, 4.213056590997439, 30, 77785, 77785, 0.017390992492437363, 5.84117317199707
897, -5.365665541961789, 2, 4.74339719800264, 34, 77819, 77819, 0.014442682266235352, 5.833498001098633
898, -5.399084909353405, 2, 4.152159473000211, 30, 77849, 77849, 0.014991268515586853, 5.825531959533691
899, -5.340648632613011, 2, 4.188063577999856, 30, 77879, 77879, 0.01851017028093338, 5.835816383361816
900, -5.408816810697317, 2, 4.196138560000691, 30, 77909, 77909, 0.018143419176340103, 5.815995216369629
901, -5.2872977359220386, 2, 4.131526252000185, 30, 77939, 77939, 0.018494466319680214, 5.836929798126221
902, -5.417076844256371, 2, 4.1436913829966215, 30, 77969, 77969, 0.01878003217279911, 5.824887752532959
903, -5.34453162108548, 2, 5.494863177998923, 41, 78010, 78010, 0.015904787927865982, 5.814692974090576
904, -5.414582330733538, 2, 4.1414176049984235, 30, 78040, 78040, 0.01567951776087284, 5.826868057250977
905, -5.421502943150699, 2, 4.138796633000311, 30, 78070, 78070, 0.011708260513842106, 5.781903266906738
906, -5.39126340765506, 2, 4.148950382001203, 30, 78100, 78100, 0.016212210059165955, 5.814483165740967
907, -5.329510044306517, 2, 4.129432605001057, 30, 78130, 78130, 0.013596988283097744, 5.804764747619629
908, -5.287205573404208, 2, 4.133123763000185, 30, 78160, 78160, 0.011870751157402992, 5.771132946014404
909, -5.459362956695259, 2, 4.1420389090017125, 30, 78190, 78190, 0.014600737951695919, 5.80536413192749
910, -5.292994211427867, 2, 4.1556337750007515, 30, 78220, 78220, 0.020728610455989838, 5.810335159301758
911, -5.287739598017652, 2, 4.214124966998497, 30, 78250, 78250, 0.016517754644155502, 5.777962684631348
912, -5.425206758547574, 2, 4.158848552000563, 30, 78280, 78280, 0.018874118104577065, 5.808276653289795
913, -5.29822602722561, 2, 4.16802402599933, 30, 78310, 78310, 0.014760961756110191, 5.7815375328063965
914, -5.280524012283422, 2, 4.165711866000493, 30, 78340, 78340, 0.014280806295573711, 5.773403644561768
915, -5.500920795835555, 2, 4.137031907001074, 30, 78370, 78370, 0.010354532860219479, 5.765244007110596
916, -5.425837770017097, 2, 4.1638632970025355, 30, 78400, 78400, 0.02057567425072193, 5.7765679359436035
917, -5.406564745819196, 2, 4.185297214000457, 30, 78430, 78430, 0.01724785752594471, 5.764248371124268
918, -5.288250179990428, 2, 4.641005294000934, 34, 78464, 78464, 0.021245209500193596, 5.782744884490967
919, -5.45962271746248, 2, 4.163103101000161, 30, 78494, 78494, 0.012861818075180054, 5.777395248413086
920, -5.575288776308298, 2, 4.116071622996969, 30, 78524, 78524, 0.01653578132390976, 5.757124423980713
921, -5.449386937019881, 2, 4.211329723002564, 30, 78554, 78554, 0.019792960956692696, 5.778773307800293
922, -5.3350469166762196, 2, 4.135086889000377, 30, 78584, 78584, 0.01681479439139366, 5.767622470855713
923, -5.532314126379788, 2, 4.784880635001173, 35, 78619, 78619, 0.013446994125843048, 5.762823581695557
924, -5.348955960245803, 2, 4.158461561000877, 30, 78649, 78649, 0.020153595134615898, 5.764906883239746
925, -5.597589401644655, 2, 5.293244437001704, 39, 78688, 78688, 0.011877532117068768, 5.752843856811523
926, -5.455029681092128, 2, 4.158681130000332, 30, 78718, 78718, 0.013936934061348438, 5.7528557777404785
927, -5.276378914364614, 2, 4.280781486999331, 31, 78749, 78749, 0.010764090344309807, 5.772028923034668
928, -5.460968360945117, 2, 4.1564745100004075, 30, 78779, 78779, 0.015786848962306976, 5.75520658493042
929, -5.275604282796849, 2, 4.279866477001633, 31, 78810, 78810, 0.021265901625156403, 5.744922637939453
930, -5.220564978662878, 2, 4.4044008500022755, 32, 78842, 78842, 0.023409269750118256, 5.730832099914551
931, -5.394944810192101, 2, 4.195583196000371, 30, 78872, 78872, 0.011832062155008316, 5.745684623718262
932, -5.4222642201930285, 2, 4.191157373999886, 30, 78902, 78902, 0.02255055122077465, 5.753920555114746
933, -5.4196958324173465, 2, 4.2575641269977496, 31, 78933, 78933, 0.010385731235146523, 5.740077972412109
934, -5.241391855088295, 2, 4.457423790998291, 32, 78965, 78965, 0.016487454995512962, 5.722657203674316
935, -5.48674139380455, 2, 4.141255133999948, 30, 78995, 78995, 0.015804870054125786, 5.744143962860107
936, -5.388076814939268, 2, 4.164639687998715, 30, 79025, 79025, 0.018129000440239906, 5.72553825378418
937, -5.303699135198258, 2, 4.61383654599922, 34, 79059, 79059, 0.015595932491123676, 5.718355655670166
938, -5.337719859264325, 2, 5.95901253899865, 45, 79104, 79104, 0.022162260487675667, 5.728846549987793
939, -5.416269114823081, 2, 4.641244858998107, 34, 79138, 79138, 0.014553728513419628, 5.726186752319336
940, -5.460843110922724, 2, 4.180211480001162, 30, 79168, 79168, 0.01725327968597412, 5.72650671005249
941, -5.476027438417077, 2, 4.151528481997957, 30, 79198, 79198, 0.014784554950892925, 5.7053937911987305
942, -5.414977976935916, 2, 4.630347264002921, 34, 79232, 79232, 0.015588287264108658, 5.735848426818848
943, -5.3653080689837225, 2, 4.124775402997329, 30, 79262, 79262, 0.019133688881993294, 5.711306571960449
944, -6.296244849429058, 2, 13.929683399001078, 111, 79373, 79373, 0.015455484390258789, 5.700381755828857
945, -5.593098382174503, 2, 7.499631181002769, 58, 79431, 79431, 0.013712827116250992, 5.693557262420654
946, -5.394843074376695, 2, 4.12784297500184, 30, 79461, 79461, 0.016699766740202904, 5.704949378967285
947, -5.316694039851427, 2, 4.1198973700011265, 30, 79491, 79491, 0.01145555917173624, 5.680485725402832
948, -5.39296194515191, 2, 4.154816019999998, 30, 79521, 79521, 0.017357559874653816, 5.700791835784912
949, -5.308071184947039, 2, 4.1779800779986545, 30, 79551, 79551, 0.014259995892643929, 5.680163383483887
950, -5.312091665313346, 2, 4.326328421997459, 31, 79582, 79582, 0.01468876376748085, 5.68148136138916
951, -5.4109780743019655, 2, 4.150025527000253, 30, 79612, 79612, 0.018854470923542976, 5.695085048675537
952, -5.418848345056176, 2, 4.154909778997535, 30, 79642, 79642, 0.015999700874090195, 5.690037250518799
953, -5.592033661087044, 2, 5.59779797200099, 42, 79684, 79684, 0.013237357139587402, 5.676608085632324
954, -5.38088997406885, 2, 4.4236802230007015, 32, 79716, 79716, 0.012700900435447693, 5.694260120391846
955, -5.385037715022918, 2, 4.134984357999201, 30, 79746, 79746, 0.013106533326208591, 5.691902160644531
956, -5.564056823961437, 2, 4.5300118510022, 33, 79779, 79779, 0.00980076752603054, 5.685868263244629
957, -5.427209408022463, 2, 4.201222236999456, 30, 79809, 79809, 0.013195876963436604, 5.643144607543945
958, -5.4363218462094665, 2, 4.163242889000685, 30, 79839, 79839, 0.009622285142540932, 5.659936904907227
959, -5.397237077006139, 2, 4.176791932000924, 30, 79869, 79869, 0.011386647820472717, 5.685347557067871
960, -5.411963273072615, 2, 4.262838402999478, 31, 79900, 79900, 0.015357312746345997, 5.664754390716553
961, -5.286074851639569, 2, 4.120144227003038, 30, 79930, 79930, 0.014884129166603088, 5.678860187530518
962, -5.503012212990143, 2, 4.168787986000098, 30, 79960, 79960, 0.010166754946112633, 5.654940605163574
963, -5.860082985047484, 2, 8.004699430002802, 62, 80022, 80022, 0.016749519854784012, 5.653711318969727
964, -5.613341647665948, 2, 5.951603335000982, 45, 80067, 80067, 0.012269917875528336, 5.656432628631592
965, -5.296562872303184, 2, 4.401799450999533, 32, 80099, 80099, 0.012853308580815792, 5.6264448165893555
966, -5.340502599574393, 2, 4.764771651000046, 35, 80134, 80134, 0.012415410950779915, 5.63552188873291
967, -5.350824290158926, 2, 5.359907145000761, 40, 80174, 80174, 0.014783084392547607, 5.6444091796875
968, -5.47674779931549, 2, 5.089711909000471, 38, 80212, 80212, 0.010198411531746387, 5.643804550170898
969, -5.488147602882236, 2, 4.28228197000135, 31, 80243, 80243, 0.013713216409087181, 5.6252899169921875
970, -5.530986568890512, 2, 4.142186155000672, 30, 80273, 80273, 0.0097856055945158, 5.628365516662598
971, -5.598186993622221, 2, 6.4482491259987, 49, 80322, 80322, 0.012848849408328533, 5.628986358642578
972, -5.424632115289569, 2, 4.182839622997562, 30, 80352, 80352, 0.014917423017323017, 5.621637344360352
973, -5.278279638267122, 2, 4.423538760998781, 32, 80384, 80384, 0.01489287056028843, 5.617176055908203
974, -5.489872353035025, 2, 4.1350686340010725, 30, 80414, 80414, 0.010008939541876316, 5.606410503387451
975, -5.445697936931538, 2, 4.775896851999278, 35, 80449, 80449, 0.009622895158827305, 5.623568058013916
976, -5.435418648994528, 2, 4.141994788002194, 30, 80479, 80479, 0.014715983532369137, 5.626485347747803
977, -5.337598218000494, 2, 4.167783073000464, 30, 80509, 80509, 0.017207255586981773, 5.630431652069092
978, -5.314227505718009, 2, 4.544744252998498, 33, 80542, 80542, 0.011647596955299377, 5.60537052154541
979, -5.437890383123886, 2, 4.471370522998768, 32, 80574, 80574, 0.012462741695344448, 5.604461669921875
980, -5.520393723389134, 2, 5.272566850002477, 39, 80613, 80613, 0.013401140458881855, 5.617959976196289
981, -5.435728381387889, 2, 4.300247035000211, 31, 80644, 80644, 0.013528200797736645, 5.596108913421631
982, -5.3911802150832955, 2, 4.216746964000777, 30, 80674, 80674, 0.010938760824501514, 5.586752891540527
983, -5.42870065808529, 2, 4.619975192003039, 34, 80708, 80708, 0.009045429527759552, 5.609338760375977
984, -5.417478769086301, 2, 4.174645084000076, 30, 80738, 80738, 0.012916221283376217, 5.599902629852295
985, -5.3931940463371575, 2, 4.154964943998493, 30, 80768, 80768, 0.019266217947006226, 5.59385871887207
986, -5.265913381008431, 2, 4.149527544999728, 30, 80798, 80798, 0.009069608524441719, 5.5782036781311035
987, -5.235441451892257, 2, 4.25961227100197, 31, 80829, 80829, 0.013424016535282135, 5.598168849945068
988, -5.4411193940613884, 2, 4.160372104000999, 30, 80859, 80859, 0.017757732421159744, 5.574130535125732
989, -5.504066487774253, 2, 4.207295020998572, 30, 80889, 80889, 0.013949675485491753, 5.605817794799805
990, -5.323280353564769, 2, 4.160099193999486, 30, 80919, 80919, 0.015282215550541878, 5.570291996002197
991, -5.438996446784586, 2, 5.199714973001392, 38, 80957, 80957, 0.016054147854447365, 5.578050136566162
992, -5.394588501192629, 2, 4.175822250999772, 30, 80987, 80987, 0.011613492853939533, 5.581915378570557
993, -5.552120828186162, 2, 5.85140469900216, 44, 81031, 81031, 0.018786482512950897, 5.566858291625977
994, -5.371111874468625, 2, 4.7899018169991905, 35, 81066, 81066, 0.0112637123093009, 5.574644088745117
995, -5.312652154301759, 2, 4.744416432997241, 35, 81101, 81101, 0.011462955735623837, 5.576783657073975
