episode, reward, success, duration, steps, total_steps, memory length, avg_critic_loss, avg_actor_loss
1, -174.6201172473011, 2, 38.267286368999976, 301, 15090, 15090, 2.6916921138763428, 5.312047004699707
2, -153.86645408091135, 2, 17.377840684000148, 133, 15223, 15223, 2.947150230407715, 5.591924667358398
3, -151.57902919518529, 2, 8.239873553999587, 61, 15284, 15284, 3.1539018154144287, 5.578126907348633
4, -154.4141102609574, 2, 17.22618253500059, 132, 15416, 15416, 2.7868902683258057, 5.776320934295654
5, -157.31513966049533, 2, 10.481452213000011, 79, 15495, 15495, 2.585810661315918, 6.0789008140563965
6, -167.8728112836834, 2, 15.067257873000017, 115, 15610, 15610, 2.956228733062744, 6.17743444442749
7, -156.12420059740543, 2, 11.916842650000035, 90, 15700, 15700, 2.731776714324951, 5.841565132141113
8, -231.85636120988056, 2, 49.73052128600011, 390, 16090, 16090, 2.857666254043579, 5.920582294464111
9, -155.48974613135215, 2, 10.459463546000734, 79, 16169, 16169, 2.7741429805755615, 6.234538555145264
10, -154.46206916455412, 2, 12.250743343000067, 93, 16262, 16262, 2.8731865882873535, 6.1094746589660645
11, -42.54731746634934, 4, 50.1401607100006, 392, 16654, 16654, 2.5703306198120117, 6.5407915115356445
12, -149.15795083181, 2, 12.25831941999968, 93, 16747, 16747, 2.48659086227417, 6.105353832244873
13, -172.76985185372178, 2, 42.104636055999435, 328, 17075, 17075, 2.702695608139038, 6.4067888259887695
14, -151.7407001146296, 2, 6.981122459999824, 51, 17126, 17126, 2.952353000640869, 7.008224964141846
15, -153.72219242173014, 2, 11.94915519999995, 90, 17216, 17216, 2.994380474090576, 6.722479343414307
16, -152.93164376844652, 2, 4.55057468799987, 32, 17248, 17248, 3.020207643508911, 6.7787604331970215
17, -154.19585826713592, 2, 8.014842778999991, 59, 17307, 17307, 3.029700517654419, 7.41471529006958
18, -62.831726869990234, 4, 50.20013082999958, 392, 17699, 17699, 2.8997387886047363, 7.053450584411621
19, -162.3721671748208, 2, 30.497378582999772, 237, 17936, 17936, 3.5046989917755127, 8.023637771606445
20, -154.38538539450383, 2, 9.842840419999447, 74, 18010, 18010, 2.9205474853515625, 7.789917945861816
21, -152.43724497043877, 2, 7.980547146999925, 59, 18069, 18069, 3.107563018798828, 8.058582305908203
22, -155.42017058096826, 2, 10.243759930000124, 77, 18146, 18146, 3.099224805831909, 7.563868045806885
23, -150.16816543019377, 2, 7.205682383000749, 53, 18199, 18199, 3.3074047565460205, 7.890336513519287
24, -151.8142142559227, 2, 5.055999789999987, 36, 18235, 18235, 2.7626779079437256, 7.669055461883545
25, -151.92624423559755, 2, 6.050322367999797, 44, 18279, 18279, 2.9753119945526123, 7.813672065734863
26, -161.25952074918314, 2, 24.4989847249999, 189, 18468, 18468, 3.081892728805542, 7.842108726501465
27, -152.82413360942155, 2, 7.105169154000578, 52, 18520, 18520, 3.351947546005249, 7.774231910705566
28, -155.08178503945237, 2, 9.85284936699918, 74, 18594, 18594, 3.135920524597168, 8.248299598693848
29, -155.26699649961665, 2, 11.216597128000103, 84, 18678, 18678, 3.320699453353882, 8.095759391784668
30, -36.12144947105844, 4, 50.18707017499946, 392, 19070, 19070, 3.1789865493774414, 8.195215225219727
31, -155.490666333455, 2, 11.362167399999635, 86, 19156, 19156, 2.996263265609741, 8.690348625183105
32, -149.81388797052205, 2, 5.932303831999889, 43, 19199, 19199, 2.7343294620513916, 8.844402313232422
33, -156.58020503377338, 2, 17.656545568999718, 136, 19335, 19335, 3.278843402862549, 8.778158187866211
34, -151.8750887059141, 2, 4.958093967000423, 35, 19370, 19370, 3.292228937149048, 7.804018497467041
35, -155.56568696827162, 2, 18.6101163860003, 143, 19513, 19513, 3.334702491760254, 8.677324295043945
36, -170.8694231212139, 2, 25.813044413999705, 200, 19713, 19713, 3.0969552993774414, 8.626117706298828
37, -154.99891907983692, 2, 8.095926813000005, 60, 19773, 19773, 3.320093870162964, 8.795615196228027
38, -153.41465391547536, 2, 7.310849757000142, 54, 19827, 19827, 3.140852689743042, 8.542142868041992
39, -151.60007073311135, 2, 7.208735197000351, 53, 19880, 19880, 3.548656463623047, 8.753413200378418
40, -152.42934527574107, 2, 7.753761848000067, 57, 19937, 19937, 2.8740968704223633, 8.739418029785156
41, -153.0025286799064, 2, 7.088635402000364, 52, 19989, 19989, 3.067570924758911, 8.771025657653809
42, -155.17871708399616, 2, 12.906852680000156, 98, 20087, 20087, 2.9895834922790527, 9.278998374938965
43, -149.01396217755973, 2, 25.76254973399955, 200, 20287, 20287, 3.0693061351776123, 8.830609321594238
44, -168.01344956149114, 2, 15.636947912999858, 120, 20407, 20407, 3.075892210006714, 8.829866409301758
45, -154.16350990236242, 2, 18.37170391499967, 141, 20548, 20548, 3.0108425617218018, 9.07092571258545
46, -161.6718936949037, 2, 46.50019403100032, 364, 20912, 20912, 3.1580989360809326, 9.071738243103027
47, -150.67167244968005, 2, 5.687316516999999, 41, 20953, 20953, 3.0942113399505615, 9.146726608276367
48, -150.66611381957773, 2, 10.395868612999948, 78, 21031, 21031, 3.2411670684814453, 9.23886489868164
49, -159.6794550860941, 2, 16.187977016999866, 124, 21155, 21155, 3.01015567779541, 9.202677726745605
50, -167.34371185529744, 2, 25.04439231700053, 194, 21349, 21349, 3.078381061553955, 8.97913932800293
51, -153.96199056017213, 2, 7.495997985000031, 55, 21404, 21404, 3.205169677734375, 9.16728687286377
52, -161.2771226724144, 2, 19.089671712999916, 147, 21551, 21551, 3.0713610649108887, 9.270934104919434
53, -150.9666716552747, 2, 4.973450368000158, 35, 21586, 21586, 3.069760322570801, 9.685866355895996
54, -154.07440486369887, 2, 31.00764278099996, 241, 21827, 21827, 3.1874308586120605, 9.429192543029785
55, -152.15406101336703, 2, 5.70658160199946, 41, 21868, 21868, 3.1759777069091797, 9.873431205749512
56, -151.5188126556459, 2, 9.483102976999362, 71, 21939, 21939, 3.165386438369751, 9.087835311889648
57, -152.62774730753154, 2, 13.425148252999861, 102, 22041, 22041, 3.4292099475860596, 9.504891395568848
58, -156.59786275867373, 2, 9.887587713999892, 74, 22115, 22115, 3.0392584800720215, 9.361257553100586
59, -153.12199646927183, 2, 6.439848568000343, 47, 22162, 22162, 3.033480167388916, 9.204208374023438
60, -149.70082437992096, 2, 5.9577185830003145, 43, 22205, 22205, 2.972028970718384, 9.381275177001953
61, -152.5711773604453, 2, 17.852678602000196, 137, 22342, 22342, 3.077054262161255, 9.37846565246582
62, -157.01819479791448, 2, 25.359882188000483, 197, 22539, 22539, 3.2055046558380127, 9.565766334533691
63, -152.31946212472394, 2, 4.71072190400082, 33, 22572, 22572, 3.053239107131958, 9.179850578308105
64, -150.66323956225096, 2, 9.54428230800022, 71, 22643, 22643, 2.8156371116638184, 9.927035331726074
65, -157.0864486542996, 2, 5.957378978000634, 43, 22686, 22686, 3.119478702545166, 9.63077449798584
66, -155.9742290842114, 2, 17.90562020299967, 137, 22823, 22823, 2.9142067432403564, 9.856842041015625
67, -149.46049601444975, 2, 11.538046597000175, 87, 22910, 22910, 3.2052152156829834, 9.67829704284668
68, -182.12933062203228, 2, 28.918139660000634, 225, 23135, 23135, 3.1092426776885986, 9.893379211425781
69, -155.2128555367235, 2, 8.200445368000146, 61, 23196, 23196, 3.261446952819824, 10.038806915283203
70, -151.28248868789524, 2, 6.4418323929994585, 47, 23243, 23243, 3.018667697906494, 9.854775428771973
71, -152.8831484328257, 2, 6.832102760999987, 50, 23293, 23293, 3.213022232055664, 10.269305229187012
72, -150.01739160600118, 2, 6.851516554999762, 50, 23343, 23343, 3.234682321548462, 10.474575996398926
73, -151.04890537184838, 2, 6.703666732000784, 49, 23392, 23392, 2.8769631385803223, 10.263134002685547
74, -150.7092511272058, 2, 6.960072134999791, 51, 23443, 23443, 2.8682873249053955, 10.066540718078613
75, -151.33618733217008, 2, 4.816332448000139, 34, 23477, 23477, 3.306480884552002, 10.053799629211426
76, -152.65433156187646, 2, 6.4742552510006135, 47, 23524, 23524, 3.1995484828948975, 10.485095977783203
77, -149.53301025918336, 2, 31.742743433000214, 247, 23771, 23771, 3.2778491973876953, 9.92533016204834
78, -153.0674639626086, 2, 12.569738793999932, 95, 23866, 23866, 3.0694684982299805, 10.222105979919434
79, -149.40321154287085, 2, 7.855921096999737, 58, 23924, 23924, 3.838327169418335, 10.951395034790039
80, -146.10642987582833, 2, 9.608967762000248, 72, 23996, 23996, 2.880958318710327, 10.074660301208496
81, -156.63036512001418, 2, 16.292067713000506, 125, 24121, 24121, 3.195117235183716, 10.460877418518066
82, -167.6183004223276, 2, 27.945381798999733, 217, 24338, 24338, 3.219414710998535, 10.032427787780762
83, -150.93464608257636, 2, 7.627361754000049, 56, 24394, 24394, 3.057675838470459, 10.408493041992188
84, -151.862969588954, 2, 6.597258967999551, 48, 24442, 24442, 3.088747024536133, 10.471757888793945
85, -149.73885608371347, 2, 6.4917729079998026, 47, 24489, 24489, 3.351341724395752, 10.447749137878418
86, -55.55519798150635, 4, 50.1267240039997, 392, 24881, 24881, 3.172778606414795, 10.4535551071167
87, -150.70927018881775, 2, 29.091421015999913, 226, 25107, 25107, 2.8811392784118652, 10.333985328674316
88, -147.57403715793043, 2, 12.012201303000438, 91, 25198, 25198, 3.198132276535034, 10.73857593536377
89, -150.74164178117644, 2, 10.224607158000254, 77, 25275, 25275, 2.9423458576202393, 10.773797035217285
90, -162.37499167746864, 2, 12.65351043300052, 96, 25371, 25371, 3.11691951751709, 10.890876770019531
91, -155.93377681577113, 2, 10.008024099999602, 75, 25446, 25446, 3.1392199993133545, 10.887506484985352
92, -158.16877638315782, 2, 6.9492801520000285, 51, 25497, 25497, 3.6947667598724365, 10.99278450012207
93, -150.05123495450243, 2, 7.12576652000007, 52, 25549, 25549, 2.8915021419525146, 10.991753578186035
94, -155.94908503908664, 2, 8.877987498999573, 66, 25615, 25615, 3.035931348800659, 11.054526329040527
95, -149.81538212881424, 2, 5.345206951999899, 38, 25653, 25653, 3.1066019535064697, 10.103157043457031
96, -151.00410740706138, 2, 6.247977500000161, 45, 25698, 25698, 3.2431647777557373, 11.740706443786621
97, -154.5609743176028, 2, 21.03857358299956, 162, 25860, 25860, 3.106776475906372, 10.911852836608887
98, -67.32442507788073, 4, 50.19870036699922, 393, 26253, 26253, 3.3184001445770264, 10.717610359191895
99, -142.69490852562012, 2, 16.363608997000483, 126, 26379, 26379, 3.318086624145508, 11.144743919372559
100, -153.82488953505526, 2, 7.992105385000286, 59, 26438, 26438, 3.3033831119537354, 11.323287963867188
101, -151.79967134277103, 2, 6.349516509999376, 46, 26484, 26484, 3.595797061920166, 11.180312156677246
102, -152.19340853777248, 2, 16.03303956200034, 123, 26607, 26607, 3.26497220993042, 10.703495979309082
103, -148.6953017145861, 2, 10.982549975000438, 82, 26689, 26689, 3.0887234210968018, 11.283597946166992
104, -147.30539891589433, 2, 13.790295170999343, 105, 26794, 26794, 3.41552734375, 10.847951889038086
105, -153.52543975855224, 2, 7.0820608370004265, 52, 26846, 26846, 3.577395439147949, 11.01510238647461
106, -63.09148899388674, 4, 50.16126155599977, 393, 27239, 27239, 3.301072835922241, 11.14611530303955
107, -151.82103543478297, 2, 5.828230813000118, 42, 27281, 27281, 2.8789803981781006, 11.421876907348633
108, -46.24700855050469, 4, 50.16795447499953, 393, 27674, 27674, 3.432464599609375, 11.381234169006348
109, -149.46349474380258, 2, 12.546195695999813, 95, 27769, 27769, 3.2080376148223877, 11.091205596923828
110, -153.6405633041868, 2, 8.283138900999802, 61, 27830, 27830, 3.215742826461792, 12.457252502441406
111, -149.7295614933828, 2, 7.6849209390002216, 57, 27887, 27887, 3.3645315170288086, 11.383347511291504
112, -151.18682303256355, 2, 5.960602291000214, 43, 27930, 27930, 3.133484125137329, 11.42049789428711
113, -159.3117397900205, 2, 16.19873572399956, 124, 28054, 28054, 3.5135436058044434, 11.98619556427002
114, -141.88360053231008, 2, 16.35203171900048, 125, 28179, 28179, 3.4974253177642822, 11.807584762573242
115, -62.542023651869386, 4, 50.184381172999565, 393, 28572, 28572, 3.2599899768829346, 11.68137264251709
116, -167.79712047206704, 2, 17.99570877899987, 138, 28710, 28710, 3.0369389057159424, 12.015453338623047
117, -113.74561135508702, 4, 50.228620164999484, 394, 29104, 29104, 3.4773707389831543, 12.26950740814209
118, -152.89160197763704, 2, 6.435141136000311, 47, 29151, 29151, 3.430386781692505, 12.887080192565918
119, -145.78006231648033, 2, 16.07159701799992, 123, 29274, 29274, 3.4090993404388428, 12.462454795837402
120, -63.49822894658428, 4, 50.147974853999585, 393, 29667, 29667, 3.41921067237854, 13.058426856994629
121, -149.26143179181963, 2, 12.652172024999345, 96, 29763, 29763, 3.224310874938965, 13.276249885559082
122, -176.18214794968662, 2, 40.935451240000475, 319, 30082, 30082, 3.2662410736083984, 12.874909400939941
123, -152.98201566088755, 2, 14.544878955999593, 111, 30193, 30193, 3.3213460445404053, 13.293190956115723
124, -143.56945675460156, 2, 15.101603678999709, 115, 30308, 30308, 3.389737129211426, 13.249784469604492
125, -162.2638860555453, 2, 44.87375455499932, 350, 30658, 30658, 3.3411498069763184, 12.918981552124023
126, -53.08023830910679, 4, 50.23952340699998, 393, 31051, 31051, 3.237513780593872, 13.223816871643066
127, -153.2288410862675, 2, 28.87728369999968, 224, 31275, 31275, 3.490443706512451, 13.785059928894043
128, -158.21650600025896, 2, 31.785513482999704, 247, 31522, 31522, 3.292041540145874, 13.890472412109375
129, -85.06462659779936, 4, 50.14083680600015, 392, 31914, 31914, 3.291952133178711, 13.71895694732666
130, -19.0931227504625, 4, 50.15610828100034, 392, 32306, 32306, 3.3354499340057373, 14.001386642456055
131, -80.5897616238799, 4, 50.182009260000086, 393, 32699, 32699, 3.4712977409362793, 14.404806137084961
132, -157.28274720255286, 2, 28.702593209000042, 222, 32921, 32921, 3.2875688076019287, 14.626323699951172
133, -90.33697160123847, 4, 50.22395145900009, 393, 33314, 33314, 3.3594024181365967, 14.753209114074707
134, -140.5368834122055, 2, 18.000759888000175, 138, 33452, 33452, 3.469332218170166, 14.977334022521973
135, -24.598220757616218, 4, 50.143372515999545, 391, 33843, 33843, 3.373015880584717, 15.24596881866455
136, -154.76398060601787, 2, 18.660005909000574, 143, 33986, 33986, 3.1369693279266357, 14.938480377197266
137, -21.498976392307668, 4, 50.133377397000004, 391, 34377, 34377, 3.170597791671753, 15.288415908813477
138, -156.4462734151166, 2, 19.151683447999858, 147, 34524, 34524, 3.3675179481506348, 15.458746910095215
139, -215.25985672243405, 2, 36.63339084099971, 286, 34810, 34810, 3.405961513519287, 15.458562850952148
140, -167.1769108111621, 2, 28.95103600099992, 224, 35034, 35034, 3.3681581020355225, 15.65082836151123
141, -54.70942121074768, 4, 50.19816984099998, 393, 35427, 35427, 3.358055591583252, 16.03631019592285
142, -145.41176252276637, 2, 17.609761721999348, 135, 35562, 35562, 3.287203311920166, 15.735644340515137
143, -192.7971121701412, 2, 49.71298346399999, 388, 35950, 35950, 3.336832284927368, 16.217735290527344
144, -174.28749017976224, 2, 20.665772221000225, 159, 36109, 36109, 3.4240872859954834, 16.272722244262695
145, -179.41521049274888, 2, 36.2955957260001, 282, 36391, 36391, 3.50209903717041, 16.49849510192871
146, -214.45325846830383, 2, 33.05776259800041, 257, 36648, 36648, 3.2868218421936035, 16.864206314086914
147, -19.689940882875817, 4, 50.16601694000019, 392, 37040, 37040, 3.3859667778015137, 17.024492263793945
148, -155.83305042106076, 2, 11.959322816999702, 90, 37130, 37130, 3.427079916000366, 17.2785701751709
149, -148.36226805008482, 2, 16.841434697000295, 129, 37259, 37259, 3.4928619861602783, 17.470895767211914
150, -160.04537904530298, 2, 17.335104307999245, 133, 37392, 37392, 3.3887438774108887, 17.595388412475586
151, -144.55779798165895, 2, 18.463890570999865, 142, 37534, 37534, 3.5992465019226074, 17.617586135864258
152, -166.63047015527263, 2, 42.59364375200039, 332, 37866, 37866, 3.399752378463745, 17.380327224731445
153, -188.06299653998576, 2, 41.147406750999835, 321, 38187, 38187, 3.429222345352173, 17.631074905395508
154, -164.23590748140123, 2, 38.13275456699921, 297, 38484, 38484, 3.3368330001831055, 17.850631713867188
155, -148.67821353976615, 2, 14.331252768999548, 109, 38593, 38593, 3.496812105178833, 18.06692123413086
156, -156.09713210332484, 2, 37.91352655400078, 296, 38889, 38889, 3.536571979522705, 17.83641815185547
157, -157.42577746883762, 2, 33.19817867300026, 258, 39147, 39147, 3.3235390186309814, 17.792173385620117
158, -17.8117599041434, 4, 50.151740672000415, 392, 39539, 39539, 3.486886978149414, 18.281112670898438
159, -147.42528714006767, 2, 11.706871452999621, 88, 39627, 39627, 3.3602120876312256, 18.562559127807617
160, -144.55991532467306, 2, 11.158211488999768, 84, 39711, 39711, 3.1043262481689453, 18.017520904541016
161, -22.84244066901738, 4, 50.15086279600018, 392, 40103, 40103, 3.4500722885131836, 18.640321731567383
162, -159.66537214489654, 2, 12.456148677999408, 94, 40197, 40197, 3.395315408706665, 18.475933074951172
163, -188.3099441872473, 2, 38.70515717900071, 302, 40499, 40499, 3.390085458755493, 18.40583610534668
164, -186.4713187162415, 2, 41.654406833000394, 325, 40824, 40824, 3.3531527519226074, 19.108224868774414
165, -145.86663475027308, 2, 10.1383003990004, 76, 40900, 40900, 3.552902936935425, 18.812713623046875
166, -56.12081373739056, 4, 50.215198218000296, 392, 41292, 41292, 3.5511722564697266, 19.00772476196289
167, -12.078360981540754, 4, 50.18941578199974, 392, 41684, 41684, 3.4412646293640137, 19.333763122558594
168, -159.24090858525597, 2, 17.294058253999538, 133, 41817, 41817, 3.5346386432647705, 19.40804672241211
169, -44.982177808415145, 4, 50.12989026499963, 392, 42209, 42209, 3.468956708908081, 19.704782485961914
170, -39.161589616094716, 4, 50.136217867000596, 392, 42601, 42601, 3.457792282104492, 19.795772552490234
171, -150.50570659058576, 2, 20.71699507500034, 159, 42760, 42760, 3.454559087753296, 19.63531494140625
172, -148.61126967263408, 2, 19.88093800200022, 153, 42913, 42913, 3.571929693222046, 20.220134735107422
173, -143.4800058156252, 2, 16.85332380700038, 129, 43042, 43042, 3.5398340225219727, 20.328596115112305
174, -155.7708972657565, 2, 16.244413211000392, 124, 43166, 43166, 3.5448086261749268, 19.67259979248047
175, -145.58024284549174, 2, 21.93453529999988, 169, 43335, 43335, 3.5408542156219482, 19.7882137298584
176, -152.5645585078455, 2, 20.96991973599961, 162, 43497, 43497, 3.5986757278442383, 20.016740798950195
177, -37.75089050352108, 4, 50.19040549799956, 392, 43889, 43889, 3.4958956241607666, 20.215259552001953
178, -155.1728675076738, 2, 4.968574153999725, 35, 43924, 43924, 3.407012939453125, 20.130521774291992
179, -67.39069204655243, 4, 50.11941367399959, 391, 44315, 44315, 3.544503927230835, 20.616830825805664
180, -238.71246843482368, 2, 30.334585049000452, 235, 44550, 44550, 3.48602294921875, 21.01576805114746
181, -65.39692710346208, 4, 50.19239086500056, 392, 44942, 44942, 3.5507118701934814, 21.21622657775879
182, -172.11444564757403, 2, 43.33559758299998, 338, 45280, 45280, 3.589531660079956, 21.635026931762695
183, -151.4937887704, 2, 13.218198821999977, 100, 45380, 45380, 3.4942281246185303, 21.150758743286133
184, -150.89217364764772, 2, 6.610079817000042, 48, 45428, 45428, 3.51416277885437, 21.8685302734375
185, -148.1129863684764, 2, 16.628067927999837, 126, 45554, 45554, 3.6856672763824463, 21.596359252929688
186, -55.96544003114104, 4, 50.14958850699986, 392, 45946, 45946, 3.55000376701355, 21.549264907836914
187, -18.828538141380704, 4, 50.15969906199916, 391, 46337, 46337, 3.6306259632110596, 21.65484619140625
188, -158.04930292651989, 2, 22.41316061499856, 173, 46510, 46510, 3.483159303665161, 21.697490692138672
189, -166.02123474115797, 2, 30.626847411998824, 237, 46747, 46747, 3.592116355895996, 21.912975311279297
190, -36.23279179132078, 4, 50.17697380299978, 392, 47139, 47139, 3.547621726989746, 22.28780746459961
191, -77.22820070531452, 4, 50.12399789700066, 392, 47531, 47531, 3.6180121898651123, 22.09928321838379
192, -154.08531681387103, 2, 27.370871363000333, 212, 47743, 47743, 3.599797010421753, 22.40055274963379
193, -147.41784580703825, 2, 11.654757333000816, 88, 47831, 47831, 3.689739942550659, 23.127668380737305
194, -151.79391027532984, 2, 13.545757640000375, 103, 47934, 47934, 3.509967088699341, 21.833986282348633
195, -46.677968857693486, 4, 50.23014413599958, 393, 48327, 48327, 3.626854658126831, 22.26647186279297
196, 26.01910396292078, 1, 30.506890980001117, 237, 48564, 48564, 3.668375253677368, 22.761869430541992
197, 25.56583439745009, 1, 4.313688733000163, 30, 48594, 48594, 3.6765036582946777, 23.218936920166016
198, 26.0351993907243, 1, 4.302031322000403, 30, 48624, 48624, 3.839747190475464, 22.990320205688477
199, 25.46009812504053, 1, 4.309538159999647, 30, 48654, 48654, 3.28071665763855, 22.92226219177246
200, 25.99815383553505, 1, 4.3133771939992585, 30, 48684, 48684, 3.872995615005493, 22.797840118408203
201, 26.00734255090356, 1, 4.305184035998536, 30, 48714, 48714, 3.5994784832000732, 23.8167667388916
202, 27.16895049251616, 1, 4.956718927000111, 35, 48749, 48749, 3.4757280349731445, 23.115304946899414
203, 25.493779181037098, 1, 4.305089899999075, 30, 48779, 48779, 3.4522621631622314, 22.868982315063477
204, 25.80553936585784, 1, 4.3132286820000445, 30, 48809, 48809, 3.7030818462371826, 22.92388916015625
205, 23.764302879571915, 1, 4.290845059000276, 30, 48839, 48839, 4.045224189758301, 22.014007568359375
206, 26.643946930475067, 1, 4.3353670069991495, 30, 48869, 48869, 3.7715766429901123, 22.444223403930664
207, 23.929397854954004, 1, 4.297271395998905, 30, 48899, 48899, 3.5750856399536133, 23.52021026611328
208, 25.085818000137806, 1, 4.326416001000325, 30, 48929, 48929, 3.573084831237793, 23.12064552307129
209, 8.240345269441605, 1, 4.32396249500016, 30, 48959, 48959, 3.2663111686706543, 23.003992080688477
210, -158.8320577442646, 2, 4.316769617998943, 30, 48989, 48989, 3.854463815689087, 21.76988983154297
211, -165.00273422210012, 2, 40.455954637000104, 315, 49304, 49304, 3.5153141021728516, 23.030879974365234
212, -41.09386786790128, 4, 50.17168491399934, 392, 49696, 49696, 3.6779754161834717, 22.923105239868164
213, -54.105211569039966, 4, 50.19856330499897, 392, 50088, 50088, 3.626206159591675, 23.42630958557129
214, -151.06785218045115, 2, 7.141517354999451, 52, 50140, 50140, 3.7115979194641113, 23.293806076049805
215, -149.80052221109509, 2, 27.920584825000333, 216, 50356, 50356, 3.675663948059082, 23.18777847290039
216, -159.32840710648452, 2, 23.24576622099994, 179, 50535, 50535, 3.728137493133545, 22.991662979125977
217, -96.74944118224084, 4, 50.148512067999036, 391, 50926, 50926, 3.7052040100097656, 23.51154899597168
218, -33.334306074655615, 4, 50.2287976030002, 393, 51319, 51319, 3.7499632835388184, 23.866127014160156
219, -144.97711968846852, 2, 13.567163984998842, 103, 51422, 51422, 3.5225675106048584, 24.02725601196289
220, -47.349779709009454, 4, 50.21022772800097, 392, 51814, 51814, 3.8786067962646484, 23.900285720825195
221, -36.04918018626631, 4, 50.172333336999145, 392, 52206, 52206, 3.774491548538208, 24.048200607299805
222, -151.92564485090952, 2, 16.889709527000377, 129, 52335, 52335, 3.7178430557250977, 24.398916244506836
223, -150.03809416055446, 2, 6.236454672998661, 45, 52380, 52380, 3.734126567840576, 24.13317108154297
224, -144.0799791282043, 2, 17.49408211899936, 134, 52514, 52514, 3.8224761486053467, 24.48980140686035
225, -171.156258888077, 2, 40.73256844199932, 317, 52831, 52831, 3.744882345199585, 24.43779945373535
226, -53.43745176983066, 4, 50.188668266000604, 392, 53223, 53223, 3.8859703540802, 24.61154556274414
227, -66.94008273191866, 4, 50.18029417300022, 392, 53615, 53615, 3.770028829574585, 24.43287467956543
228, -161.01359642483294, 2, 15.185073573000409, 116, 53731, 53731, 3.8452250957489014, 24.4298095703125
229, -36.497842366283294, 4, 50.18866729399997, 391, 54122, 54122, 3.770240306854248, 24.636878967285156
230, -157.6188989575021, 2, 9.814717993000158, 73, 54195, 54195, 3.7363131046295166, 24.749164581298828
231, -175.75873056988348, 2, 47.692343388000154, 372, 54567, 54567, 3.877190351486206, 25.015857696533203
232, -99.73348521025036, 4, 50.25141817599979, 392, 54959, 54959, 3.795905590057373, 25.124780654907227
233, -61.51615650369786, 4, 50.12547060799989, 391, 55350, 55350, 3.7573142051696777, 25.456836700439453
234, -155.67389849759638, 2, 4.606398031999561, 32, 55382, 55382, 3.934976577758789, 25.38613510131836
235, -53.95062550576404, 4, 50.185558047000086, 392, 55774, 55774, 3.887430191040039, 25.4383544921875
236, -158.37495799834142, 2, 23.694131816000663, 183, 55957, 55957, 3.807039260864258, 25.66011619567871
237, -164.66673747368623, 2, 24.542949030001182, 190, 56147, 56147, 3.7382988929748535, 25.90608024597168
238, -44.52988473023288, 4, 50.13597413499883, 391, 56538, 56538, 3.877289295196533, 25.81908416748047
239, -146.97271401807666, 2, 12.581532686999708, 95, 56633, 56633, 3.820767402648926, 26.062509536743164
240, -146.00159234390594, 2, 11.060866124000313, 83, 56716, 56716, 3.764819383621216, 26.47333335876465
241, -38.790341398562305, 4, 50.12568748199919, 391, 57107, 57107, 3.8570315837860107, 26.117116928100586
242, -151.18632616475224, 2, 17.25527261699972, 132, 57239, 57239, 3.599644660949707, 26.226470947265625
243, -153.23956102726515, 2, 13.462938170001507, 102, 57341, 57341, 3.7543163299560547, 25.847517013549805
244, -168.9816500695306, 2, 40.44915367899921, 315, 57656, 57656, 4.005345821380615, 26.059907913208008
245, -46.71027734366362, 4, 50.14733568200063, 391, 58047, 58047, 3.811135768890381, 26.229469299316406
246, -160.19751249076216, 2, 27.52747524500046, 213, 58260, 58260, 3.572498321533203, 26.321910858154297
247, -152.48884718422778, 2, 8.420991106000656, 62, 58322, 58322, 3.781327724456787, 26.26915168762207
248, -63.91593978414312, 4, 50.17856280699925, 391, 58713, 58713, 3.7548210620880127, 26.512550354003906
249, -158.85827727569267, 2, 18.334946203000072, 140, 58853, 58853, 3.900092840194702, 27.402437210083008
250, -149.89358201622963, 2, 12.768825409000783, 96, 58949, 58949, 3.7992708683013916, 27.030838012695312
251, -152.30101381626446, 2, 15.488582924001093, 118, 59067, 59067, 3.811436653137207, 26.593158721923828
252, -153.61584220803343, 2, 6.864435516999947, 50, 59117, 59117, 3.7744498252868652, 25.998790740966797
253, -146.48176833623438, 2, 13.444332969000243, 102, 59219, 59219, 3.6213083267211914, 26.544979095458984
254, -148.81919416767778, 2, 11.47216102999846, 86, 59305, 59305, 3.8686797618865967, 26.65276336669922
255, -165.7681585487444, 2, 27.89306544200008, 216, 59521, 59521, 3.8531014919281006, 26.498868942260742
256, -159.73813353467267, 2, 33.717904231998546, 262, 59783, 59783, 3.7393176555633545, 26.797975540161133
257, -155.13904963627283, 2, 19.680477998999777, 151, 59934, 59934, 3.820815324783325, 26.96803092956543
258, -149.21274261479266, 2, 14.510591496000416, 110, 60044, 60044, 4.1534881591796875, 26.854337692260742
259, -52.39958378847223, 4, 50.21546164600113, 392, 60436, 60436, 3.857922077178955, 27.19289779663086
260, -35.32845415058546, 4, 50.14196324299883, 391, 60827, 60827, 3.761739730834961, 27.171390533447266
261, -148.3230314468965, 2, 13.350805817999571, 101, 60928, 60928, 3.8997364044189453, 27.678035736083984
262, -145.33188298996538, 2, 12.943197306000002, 98, 61026, 61026, 3.8996877670288086, 26.816030502319336
263, -148.8602579755243, 2, 13.942702420999922, 106, 61132, 61132, 3.8453688621520996, 27.139806747436523
264, -22.02109850324632, 4, 50.21588983200127, 392, 61524, 61524, 3.765118360519409, 27.311847686767578
265, -46.561257458641194, 4, 50.21975739499976, 391, 61915, 61915, 3.7927181720733643, 27.281709671020508
266, -199.74664845969528, 2, 33.72207850800078, 261, 62176, 62176, 3.8021252155303955, 27.731374740600586
267, -155.00875284406357, 2, 18.065164357998583, 138, 62314, 62314, 3.6028151512145996, 27.466196060180664
268, -78.93336786632426, 4, 50.153032362000886, 390, 62704, 62704, 3.838817834854126, 27.665517807006836
269, -148.81385559914634, 2, 14.44482844599952, 110, 62814, 62814, 3.9410974979400635, 27.749813079833984
270, -151.66918610746507, 2, 6.97282235899911, 51, 62865, 62865, 3.7533440589904785, 27.862077713012695
271, -146.62995764346852, 2, 14.3415083029995, 109, 62974, 62974, 3.767300844192505, 27.815597534179688
272, -145.7654609438032, 2, 12.288031813000998, 93, 63067, 63067, 4.057676792144775, 27.846694946289062
273, -150.98686393303797, 2, 6.801900856999055, 49, 63116, 63116, 3.769097089767456, 27.583749771118164
274, -148.89920867490582, 2, 14.741067061999274, 112, 63228, 63228, 3.7432172298431396, 27.867734909057617
275, -147.44564906146843, 2, 15.94956187599928, 122, 63350, 63350, 3.7861104011535645, 27.7540225982666
276, -51.511836921970826, 4, 50.18478875499932, 390, 63740, 63740, 3.7953848838806152, 27.36479377746582
277, -159.36865309230052, 2, 19.37092998799926, 148, 63888, 63888, 3.85628604888916, 27.703346252441406
278, -35.05350310518406, 4, 50.23936071699973, 391, 64279, 64279, 3.8212578296661377, 28.102916717529297
279, -153.44759354600683, 2, 8.780983678998382, 65, 64344, 64344, 3.7353904247283936, 28.429197311401367
280, -47.898279313521925, 4, 50.11289074599881, 391, 64735, 64735, 3.669785976409912, 28.108097076416016
281, -148.95139706030022, 2, 13.221647099999245, 100, 64835, 64835, 3.699406147003174, 28.487533569335938
282, -152.01962353056297, 2, 8.23870947299838, 61, 64896, 64896, 3.9181597232818604, 28.652359008789062
283, -155.71943480987102, 2, 25.221464022000873, 195, 65091, 65091, 3.798978567123413, 28.152286529541016
284, -161.99534191458952, 2, 31.31471128299927, 243, 65334, 65334, 3.817512273788452, 28.190662384033203
285, -149.29543281928636, 2, 14.388725388998864, 109, 65443, 65443, 3.7323496341705322, 28.167694091796875
286, -147.232048724778, 2, 8.767757138999514, 65, 65508, 65508, 3.8800134658813477, 28.74015235900879
287, -62.913223988725804, 4, 50.12766677200125, 391, 65899, 65899, 3.9210894107818604, 28.453571319580078
288, -157.22818014444783, 2, 16.809453589999976, 128, 66027, 66027, 3.7679789066314697, 28.40105438232422
289, -46.146387606160715, 4, 50.141900609000004, 390, 66417, 66417, 3.9256882667541504, 28.634214401245117
290, -44.91040270542726, 4, 50.198408852000284, 390, 66807, 66807, 3.9725608825683594, 28.331716537475586
291, -172.77569459367078, 2, 40.52575202799926, 314, 67121, 67121, 3.7789478302001953, 28.526628494262695
292, -150.09089345028315, 2, 13.472651262, 102, 67223, 67223, 4.049279689788818, 29.156091690063477
293, -62.257062091259286, 4, 50.21275152100134, 392, 67615, 67615, 3.8451809883117676, 28.855127334594727
294, -219.98190989950672, 2, 50.21570986400002, 391, 68006, 68006, 3.7614657878875732, 29.050540924072266
295, -150.19743375643156, 2, 17.13269369000045, 131, 68137, 68137, 3.8596367835998535, 28.802141189575195
296, -149.20597797632217, 2, 9.564574023001114, 71, 68208, 68208, 3.9518849849700928, 29.470678329467773
297, -91.15321239159675, 4, 50.14122208200024, 388, 68596, 68596, 3.8000664710998535, 28.96588134765625
298, -148.73056920384988, 2, 14.326310788001138, 108, 68704, 68704, 3.9103713035583496, 29.443822860717773
299, -191.93951856344938, 2, 38.6936128239995, 300, 69004, 69004, 3.7608954906463623, 29.2099666595459
300, -177.70716275621544, 2, 39.02143750600044, 303, 69307, 69307, 3.901526689529419, 29.586782455444336
301, -148.78195165842772, 2, 11.071482803001345, 83, 69390, 69390, 3.9220025539398193, 29.649127960205078
302, -32.95216850492761, 4, 50.23928336800054, 391, 69781, 69781, 3.8263168334960938, 29.679615020751953
303, -47.29493249487132, 4, 50.17666579899924, 389, 70170, 70170, 3.7000083923339844, 29.81817054748535
304, -193.3637754477095, 2, 31.864859485000125, 243, 70413, 70413, 3.9044127464294434, 29.763626098632812
305, -149.2228372276295, 2, 11.988193540000793, 88, 70501, 70501, 3.5393621921539307, 29.832857131958008
306, -45.74155143694952, 4, 50.27343547300006, 387, 70888, 70888, 3.8016464710235596, 30.124828338623047
307, -161.18654295057058, 2, 27.2732507310011, 209, 71097, 71097, 3.8916988372802734, 30.439098358154297
308, -52.54610955854878, 4, 50.15759514199999, 388, 71485, 71485, 3.7359025478363037, 30.406347274780273
309, -153.4853560948468, 2, 5.66521086299872, 39, 71524, 71524, 3.977909564971924, 30.84551239013672
310, -147.53346852725372, 2, 11.668755094999142, 87, 71611, 71611, 3.885016679763794, 30.458721160888672
311, -149.69937283243053, 2, 12.200890527999945, 92, 71703, 71703, 3.613506555557251, 30.95737648010254
312, -165.7202347634011, 2, 26.74575003099926, 204, 71907, 71907, 3.7056853771209717, 30.338661193847656
313, -70.7941758360248, 4, 50.214777818000584, 387, 72294, 72294, 3.7531936168670654, 30.429208755493164
314, -165.9491809373285, 2, 22.7142887530008, 174, 72468, 72468, 3.853949785232544, 30.982934951782227
315, -175.40049642848317, 2, 47.717996650000714, 367, 72835, 72835, 3.773620367050171, 30.705562591552734
316, -203.39100623945706, 2, 44.10253561100035, 337, 73172, 73172, 3.83524751663208, 30.840240478515625
317, -159.7551103272126, 2, 20.992083604998697, 158, 73330, 73330, 3.7598652839660645, 30.80236053466797
318, -148.89816394192167, 2, 14.040071489000184, 106, 73436, 73436, 3.877039670944214, 31.34822654724121
319, -58.85353837441653, 4, 50.241559967000285, 387, 73823, 73823, 3.8082878589630127, 31.337291717529297
320, -150.70765433087945, 2, 16.490145857000243, 125, 73948, 73948, 3.7910702228546143, 30.914201736450195
321, -174.49220895196777, 2, 34.5043197899995, 267, 74215, 74215, 3.561431646347046, 30.873868942260742
322, -69.14435742871137, 4, 50.225083003999316, 391, 74606, 74606, 3.7804348468780518, 31.46734046936035
323, -34.07585981459124, 4, 50.210315266998805, 390, 74996, 74996, 3.6983704566955566, 31.589834213256836
324, -256.69024253077805, 2, 40.68518985300034, 313, 75309, 75309, 3.827697992324829, 32.09114074707031
325, -151.83801940164994, 2, 14.979347495000184, 113, 75422, 75422, 4.06061315536499, 32.44835662841797
326, -63.10984342638403, 4, 50.19637130400042, 388, 75810, 75810, 3.6444222927093506, 31.99345588684082
327, -54.55572259100154, 4, 50.24925082499976, 389, 76199, 76199, 3.786231279373169, 32.24308776855469
328, -146.9889924172312, 2, 13.888321806000022, 105, 76304, 76304, 3.868643045425415, 32.150978088378906
329, -46.140994576737285, 4, 50.2271671540002, 388, 76692, 76692, 3.854137897491455, 32.29318618774414
330, -182.18024970724946, 2, 49.55495633600003, 380, 77072, 77072, 3.7643842697143555, 32.68655014038086
331, -190.47885382562527, 2, 43.614900409000256, 337, 77409, 77409, 3.7907915115356445, 32.77354049682617
332, -148.65849597392662, 2, 18.117854553000143, 137, 77546, 77546, 3.7392351627349854, 32.7039794921875
333, -67.24262494131108, 4, 50.26127643399923, 386, 77932, 77932, 3.720482110977173, 32.807613372802734
334, -40.958034034934826, 4, 50.22789675000058, 386, 78318, 78318, 3.773803472518921, 32.920249938964844
335, -148.08430975378724, 2, 14.385633187001076, 108, 78426, 78426, 3.805009365081787, 32.679264068603516
336, -150.7958266492933, 2, 11.062296897998749, 82, 78508, 78508, 3.6864051818847656, 32.70931625366211
337, -150.59122113062767, 2, 12.516629777999697, 93, 78601, 78601, 4.028879165649414, 32.873226165771484
338, -33.112214728105755, 4, 50.25111106999975, 387, 78988, 78988, 3.838176965713501, 33.31962203979492
339, -68.85222672321834, 4, 50.21977426400008, 390, 79378, 79378, 3.664350986480713, 33.18488693237305
340, -55.329455660656095, 4, 50.17501502599953, 386, 79764, 79764, 3.7012171745300293, 33.161685943603516
341, -47.79586005273086, 4, 50.17242976600028, 389, 80153, 80153, 3.730947971343994, 33.49123764038086
342, -68.71899519581348, 4, 50.27279261100011, 386, 80539, 80539, 3.671261787414551, 33.57501220703125
343, -170.1220201459946, 2, 38.01845786600097, 292, 80831, 80831, 3.6435186862945557, 33.38450622558594
344, -150.49687030841596, 2, 9.09822946300119, 67, 80898, 80898, 3.4411890506744385, 33.16522216796875
345, -43.03864632756449, 4, 50.28154391800126, 389, 81287, 81287, 3.7331106662750244, 33.89710235595703
346, -66.32183616317343, 4, 50.2359307300012, 389, 81676, 81676, 3.7638027667999268, 33.80696487426758
347, -55.20791203333647, 4, 50.23623775700071, 388, 82064, 82064, 3.6978280544281006, 33.9941520690918
348, -203.28079929668456, 2, 46.022768179000195, 355, 82419, 82419, 3.6482198238372803, 34.172847747802734
349, -60.9967395234853, 4, 50.21927741199943, 388, 82807, 82807, 3.625337600708008, 34.2789306640625
350, -63.852319093304686, 4, 50.18590328299979, 388, 83195, 83195, 3.547718048095703, 34.413658142089844
351, -36.91779928811593, 4, 50.301482431001205, 388, 83583, 83583, 3.5543839931488037, 34.593326568603516
352, -151.84627535520121, 2, 19.309235937000267, 146, 83729, 83729, 3.661156177520752, 34.356502532958984
353, -35.5021655842429, 4, 50.231710577998456, 387, 84116, 84116, 3.8281495571136475, 34.61503982543945
354, -154.17203586887626, 2, 25.509662555999967, 193, 84309, 84309, 3.6730663776397705, 35.01466751098633
355, -177.89979815878905, 2, 40.22795692100044, 307, 84616, 84616, 3.4765784740448, 34.47297668457031
356, -63.07026847579982, 4, 50.179535625000426, 383, 84999, 84999, 3.6771762371063232, 34.9381103515625
357, -40.44388048432302, 4, 50.211157603000174, 387, 85386, 85386, 3.6539812088012695, 35.29126739501953
358, -171.9384012927767, 2, 38.03608932399948, 289, 85675, 85675, 3.6650593280792236, 35.63631820678711
359, -154.33331781462766, 2, 21.913246566000453, 161, 85836, 85836, 3.6874659061431885, 35.28773880004883
360, -38.03603846463375, 4, 50.54183170000033, 355, 86191, 86191, 3.6851813793182373, 35.23701477050781
361, -147.29848601792037, 2, 10.976530291998642, 78, 86269, 86269, 3.452118396759033, 35.238834381103516
362, -49.81390112172812, 4, 50.653244062999875, 354, 86623, 86623, 3.6005187034606934, 35.537635803222656
363, -48.07788817328401, 4, 50.462614723001025, 368, 86991, 86991, 3.4771366119384766, 35.673561096191406
364, -150.9427148345858, 2, 12.90178067799934, 92, 87083, 87083, 3.705277919769287, 35.72924041748047
365, -56.58765997271985, 4, 50.30859466699985, 383, 87466, 87466, 3.466960906982422, 35.70562744140625
366, -165.02878185272857, 2, 34.02414608199979, 260, 87726, 87726, 3.717010021209717, 35.85301971435547
367, -176.8374055707245, 2, 31.2022043320012, 239, 87965, 87965, 3.782630681991577, 36.157344818115234
368, -159.9952320549055, 2, 18.7340881429991, 142, 88107, 88107, 3.513339042663574, 36.35162353515625
369, -155.29183241783176, 2, 21.026902656998573, 159, 88266, 88266, 3.6119577884674072, 35.627479553222656
370, -152.64501977991313, 2, 14.826034330999391, 111, 88377, 88377, 3.5436511039733887, 35.65976333618164
371, -157.17825900492608, 2, 17.32565181099926, 131, 88508, 88508, 3.4061391353607178, 35.941062927246094
372, -73.30756185564678, 4, 50.156909900000755, 387, 88895, 88895, 3.7176289558410645, 36.3010368347168
373, -170.62049972015666, 2, 33.45596111299892, 258, 89153, 89153, 3.6413066387176514, 35.87798309326172
374, -154.60876745684072, 2, 17.053903684000034, 129, 89282, 89282, 3.7548165321350098, 36.3432731628418
375, -61.344555861345725, 4, 50.220618113000455, 390, 89672, 89672, 3.6474058628082275, 36.250694274902344
376, -174.91699370834976, 2, 42.51583662700068, 326, 89998, 89998, 3.5559120178222656, 36.14823532104492
377, -35.150065387715586, 4, 50.44799941599922, 376, 90374, 90374, 3.5323646068573, 36.38873291015625
378, -45.0358020629501, 4, 50.283212545000424, 386, 90760, 90760, 3.56998610496521, 36.38826370239258
379, -76.86046491947491, 4, 50.22841933300151, 389, 91149, 91149, 3.635845184326172, 36.56326675415039
380, -152.90767551888712, 2, 12.793164926999452, 96, 91245, 91245, 3.2974984645843506, 36.34821319580078
381, -47.38610756385606, 4, 50.26254053499906, 388, 91633, 91633, 3.560403347015381, 36.59592056274414
382, -154.61731930589303, 2, 9.866125205000571, 73, 91706, 91706, 3.4817440509796143, 36.662113189697266
383, -64.7799250939861, 4, 50.24071569699845, 386, 92092, 92092, 3.6322357654571533, 37.09557342529297
384, -153.92745790074696, 2, 12.154459078999935, 90, 92182, 92182, 3.8525373935699463, 37.083251953125
385, -58.424292387615424, 4, 50.2340772030002, 388, 92570, 92570, 3.5497891902923584, 36.851104736328125
386, -44.508960171602666, 4, 50.292379708000226, 380, 92950, 92950, 3.449678421020508, 37.0998420715332
387, -45.4130448182259, 4, 50.374203589999524, 372, 93322, 93322, 3.435559034347534, 36.67951583862305
388, -156.81174412721884, 2, 30.413402412001233, 226, 93548, 93548, 3.641911268234253, 36.98969268798828
389, -154.4464354685042, 2, 19.597056635000627, 146, 93694, 93694, 3.4327774047851562, 37.0281982421875
390, -37.923408524598926, 4, 50.275800773999435, 377, 94071, 94071, 3.307349681854248, 36.883201599121094
391, -151.86643683933653, 2, 12.5066061969992, 92, 94163, 94163, 3.3657541275024414, 36.980411529541016
392, -58.6507314395858, 4, 50.200112973001524, 383, 94546, 94546, 3.4980099201202393, 37.15711975097656
393, -62.13570648411405, 4, 50.26466987799904, 378, 94924, 94924, 3.4679794311523438, 37.11250686645508
394, -154.81378890946507, 2, 12.366434321998895, 90, 95014, 95014, 3.447002410888672, 36.17972183227539
395, -168.3917280618116, 2, 30.599398266000208, 231, 95245, 95245, 3.3640830516815186, 36.901405334472656
396, -32.299365636659786, 4, 50.67031308100013, 347, 95592, 95592, 3.478121280670166, 37.219024658203125
397, -62.987039130646735, 4, 50.21700619299918, 389, 95981, 95981, 3.3634777069091797, 37.298095703125
398, -156.1273865555413, 2, 8.955186860999675, 66, 96047, 96047, 3.368727207183838, 36.79124069213867
399, -180.1508147015702, 2, 22.952340238000033, 176, 96223, 96223, 3.3360509872436523, 37.376014709472656
400, -154.46268819412217, 2, 7.765898693000054, 57, 96280, 96280, 3.231508731842041, 36.56144714355469
401, -70.29708144025062, 4, 50.173305220001566, 390, 96670, 96670, 3.4320826530456543, 37.38924789428711
402, -48.44690679339692, 4, 50.227004190001026, 389, 97059, 97059, 3.446793556213379, 37.46866226196289
403, -152.36083142249845, 2, 12.579202892000467, 94, 97153, 97153, 3.4236459732055664, 37.59991455078125
404, -76.69967605546117, 4, 50.19439001899991, 389, 97542, 97542, 3.490196466445923, 37.2155876159668
405, -196.7975201732479, 2, 32.88529641199966, 254, 97796, 97796, 3.3508248329162598, 37.12214660644531
406, -64.34227192087565, 4, 50.18289511900002, 390, 98186, 98186, 3.3241326808929443, 37.506343841552734
407, -67.15122047666227, 4, 50.25397099499969, 390, 98576, 98576, 3.369558095932007, 37.396385192871094
408, -59.93776920220989, 4, 50.24677906500074, 388, 98964, 98964, 3.414240598678589, 37.5562858581543
409, -50.08660882011827, 4, 50.202047982000295, 390, 99354, 99354, 3.283539056777954, 37.30251693725586
410, -175.6217475089943, 2, 36.691158749999886, 284, 99638, 99638, 3.2951319217681885, 37.512001037597656
411, -155.07848510332406, 2, 13.552371264000612, 102, 99740, 99740, 3.373286008834839, 37.61390686035156
412, -45.09067713791592, 4, 50.228601968001385, 389, 100129, 100129, 3.411935567855835, 37.588768005371094
413, -192.39299291721545, 2, 46.842681858001015, 364, 100493, 100493, 3.3558363914489746, 37.33926773071289
414, -159.7185669115861, 2, 24.35328558799847, 187, 100680, 100680, 3.2667925357818604, 37.810916900634766
415, -50.02529760122707, 4, 50.23327808000067, 390, 101070, 101070, 3.5133488178253174, 38.03483581542969
416, -40.84200568142114, 4, 50.17644000100154, 389, 101459, 101459, 3.3321304321289062, 38.03810501098633
417, -159.71708476589993, 2, 20.05362715099909, 153, 101612, 101612, 3.410144329071045, 38.20503616333008
418, -154.15422244241927, 2, 15.802876902000207, 120, 101732, 101732, 3.437666416168213, 37.949462890625
419, -152.79965069855098, 2, 15.96993080700122, 121, 101853, 101853, 3.3250598907470703, 38.522647857666016
420, -160.925874738954, 2, 26.801592387999335, 206, 102059, 102059, 3.2451915740966797, 37.99720764160156
421, -149.90968669392169, 2, 14.406377395998788, 106, 102165, 102165, 3.225839376449585, 38.41917419433594
422, -151.48289890834712, 2, 16.887336219000645, 127, 102292, 102292, 3.3775575160980225, 38.382659912109375
423, -148.17191831581295, 2, 11.028326229001323, 82, 102374, 102374, 3.56245756149292, 38.47846603393555
424, -156.29329218761995, 2, 12.654422842999338, 95, 102469, 102469, 3.233428955078125, 38.2043342590332
425, -66.13332087697927, 4, 50.24764413599951, 390, 102859, 102859, 3.370086431503296, 38.030948638916016
426, -159.27537281339755, 2, 26.289324413999566, 202, 103061, 103061, 3.34570050239563, 38.0006217956543
427, -64.83282610587776, 4, 50.17501069100035, 390, 103451, 103451, 3.271540641784668, 37.97886657714844
428, -40.964686892111786, 4, 50.261906535999515, 390, 103841, 103841, 3.350310802459717, 38.338043212890625
429, -162.0616258581722, 2, 25.220023625000977, 194, 104035, 104035, 3.360759735107422, 38.27692794799805
430, -53.17081188604061, 4, 50.18346741300047, 390, 104425, 104425, 3.4613170623779297, 38.58452224731445
431, -69.93676068529021, 4, 50.24573866100036, 390, 104815, 104815, 3.3391244411468506, 38.41498565673828
432, -56.49414801684907, 4, 50.196954793998884, 387, 105202, 105202, 3.22586989402771, 38.229774475097656
433, -59.6422066744999, 4, 50.206163969000045, 389, 105591, 105591, 3.230532169342041, 38.18170166015625
434, -154.21725269872695, 2, 16.25602279099985, 123, 105714, 105714, 3.275944709777832, 38.64921569824219
435, -58.08232900209259, 4, 50.21243154900003, 390, 106104, 106104, 3.2619357109069824, 38.40224075317383
436, -153.245883672731, 2, 7.907401127999037, 58, 106162, 106162, 3.282606363296509, 38.353511810302734
437, -55.543620612472296, 4, 50.14152226099941, 389, 106551, 106551, 3.3009896278381348, 38.69534683227539
438, -155.4419990729075, 2, 8.17165009600103, 60, 106611, 106611, 3.420058012008667, 38.88794708251953
439, -71.7549566470916, 4, 50.27875525099989, 391, 107002, 107002, 3.2673609256744385, 38.62942886352539
440, -60.08515374775743, 4, 50.254786702000274, 391, 107393, 107393, 3.2411324977874756, 39.0058708190918
441, -150.8244946638588, 2, 6.636864924999827, 48, 107441, 107441, 3.1618945598602295, 38.57517623901367
442, -155.350792984711, 2, 19.860350504000962, 152, 107593, 107593, 3.2803611755371094, 38.14789962768555
443, -50.97470040222106, 4, 50.21830482400037, 390, 107983, 107983, 3.245073080062866, 38.6446418762207
444, -49.01207846746547, 4, 50.16542794799898, 390, 108373, 108373, 3.25920033454895, 38.80423355102539
445, -71.46328246791381, 4, 50.176510945999325, 389, 108762, 108762, 3.1992993354797363, 38.98426055908203
446, -168.5620489884168, 2, 33.272532464001415, 257, 109019, 109019, 3.225393772125244, 39.20682144165039
447, -160.72974730283022, 2, 15.171803403998638, 115, 109134, 109134, 3.367027759552002, 39.174835205078125
448, -187.23305465979502, 2, 36.73162053499982, 284, 109418, 109418, 3.23598575592041, 39.054622650146484
449, -150.70540083188098, 2, 12.771443557001476, 96, 109514, 109514, 3.279451370239258, 39.20866012573242
450, -147.83126126555726, 2, 11.259119170001213, 84, 109598, 109598, 3.283437490463257, 38.381404876708984
451, -149.87031601497438, 2, 12.254719440999907, 92, 109690, 109690, 3.2575058937072754, 38.927249908447266
452, -47.69485664232343, 4, 50.24975947799976, 391, 110081, 110081, 3.279660701751709, 38.95317840576172
453, -69.6965696560219, 4, 50.22832760399979, 390, 110471, 110471, 3.2100260257720947, 39.042179107666016
454, -70.5251166401431, 4, 50.15275795299749, 390, 110861, 110861, 3.2644991874694824, 39.21626281738281
455, -156.55636352906004, 2, 25.57091281099929, 197, 111058, 111058, 3.273019313812256, 39.21080780029297
456, -154.79363459907472, 2, 11.510720440001023, 86, 111144, 111144, 3.051194906234741, 38.6502799987793
457, -149.31061522947857, 2, 10.862795426997764, 81, 111225, 111225, 3.1091489791870117, 39.139225006103516
458, -70.8182145008468, 4, 50.25404968099974, 390, 111615, 111615, 3.2797210216522217, 38.92961120605469
459, -50.172939899901394, 4, 50.16435039999851, 390, 112005, 112005, 3.2671375274658203, 39.144466400146484
460, -179.20387771728565, 2, 36.130086264001875, 279, 112284, 112284, 3.0850696563720703, 38.787654876708984
461, -50.021081951854285, 4, 50.16024258000107, 390, 112674, 112674, 3.1823537349700928, 39.1443977355957
462, -167.28175708079652, 2, 30.635152563998417, 236, 112910, 112910, 3.186738967895508, 38.81925582885742
463, -58.14926539204316, 4, 50.27355773100135, 390, 113300, 113300, 3.2229104042053223, 38.91766357421875
464, -151.59793088166043, 2, 16.235565825998492, 123, 113423, 113423, 3.22172212600708, 38.578102111816406
465, -162.71209789824206, 2, 17.096007540996652, 130, 113553, 113553, 3.2546064853668213, 39.646244049072266
466, -43.574060747458134, 4, 50.23052856600043, 390, 113943, 113943, 3.0746662616729736, 38.93474578857422
467, -50.50443041445294, 4, 50.22848941900156, 390, 114333, 114333, 3.2347452640533447, 39.1159553527832
468, -149.22823480144143, 2, 14.246028453999315, 108, 114441, 114441, 3.2362351417541504, 38.82682800292969
469, -95.33275773841888, 4, 50.23342828099703, 389, 114830, 114830, 3.15972638130188, 38.95489501953125
470, -65.789893691428, 4, 50.19546959699801, 389, 115219, 115219, 3.2785096168518066, 39.1876220703125
471, -70.88425811845809, 4, 50.231902949999494, 390, 115609, 115609, 3.21301531791687, 38.84233093261719
472, -58.57203086023219, 4, 50.16916340300304, 388, 115997, 115997, 3.1200966835021973, 39.416656494140625
473, -152.13188491284382, 2, 12.095570114997827, 91, 116088, 116088, 3.218242645263672, 39.50331115722656
474, -156.32506072474644, 2, 16.50833561500258, 125, 116213, 116213, 3.200118064880371, 39.54899597167969
475, -159.79092388029676, 2, 16.67999390499972, 127, 116340, 116340, 3.047626495361328, 39.177188873291016
476, -64.7678131556604, 4, 50.18416042299941, 389, 116729, 116729, 3.1465489864349365, 39.253360748291016
477, -60.438442197977565, 4, 50.17920030199821, 390, 117119, 117119, 3.1845009326934814, 39.29122543334961
478, -62.227645458246116, 4, 50.18657162800082, 390, 117509, 117509, 3.1849822998046875, 39.44673538208008
479, -198.95672115159687, 2, 47.16881855799875, 366, 117875, 117875, 3.2023138999938965, 39.34355163574219
480, -65.57954277005047, 4, 50.272509764999995, 390, 118265, 118265, 3.055415630340576, 39.0598258972168
481, -62.47854768065736, 4, 50.175062712998624, 390, 118655, 118655, 3.062467336654663, 39.42882537841797
482, -75.63125850912184, 4, 50.252037230002315, 390, 119045, 119045, 3.121004819869995, 39.38644790649414
483, -166.59691383247264, 2, 22.06023692999952, 169, 119214, 119214, 3.1836869716644287, 40.139869689941406
484, -154.02428373740986, 2, 8.549061868998251, 63, 119277, 119277, 3.1234290599823, 38.99733352661133
485, -161.08657998435956, 2, 31.22981257900028, 241, 119518, 119518, 3.056673288345337, 39.49260330200195
486, -212.08966989450437, 2, 47.3405514829974, 367, 119885, 119885, 3.146754026412964, 39.31205368041992
487, -157.32868674164638, 2, 20.406236036000337, 156, 120041, 120041, 3.171591281890869, 39.42151641845703
488, -43.58105232589878, 4, 50.22163660700244, 389, 120430, 120430, 3.003053665161133, 39.702728271484375
489, -48.92474758426397, 4, 50.190704355998605, 389, 120819, 120819, 3.008793830871582, 39.7706184387207
490, -159.9863785187481, 2, 17.734829753000668, 135, 120954, 120954, 3.146517515182495, 39.70037078857422
491, -155.61407951568253, 2, 16.101639689997683, 122, 121076, 121076, 3.1501827239990234, 40.30520248413086
492, -167.3107001350727, 2, 34.42911095800082, 265, 121341, 121341, 2.95686936378479, 39.51529312133789
493, -58.53094987664372, 4, 50.206505623998964, 389, 121730, 121730, 3.184767007827759, 39.858642578125
494, -69.3400576650165, 4, 50.207382392, 389, 122119, 122119, 3.0674192905426025, 39.63949203491211
495, -150.76204155443702, 2, 8.955456579002202, 66, 122185, 122185, 3.0994889736175537, 39.26642990112305
496, -58.26394646213157, 4, 50.204832158997306, 390, 122575, 122575, 3.0017833709716797, 39.37278747558594
497, -157.30553886128473, 2, 19.196606453999266, 146, 122721, 122721, 3.0967211723327637, 39.70293045043945
498, -22.57863549439935, 4, 50.26629015100116, 390, 123111, 123111, 3.0760087966918945, 39.6492805480957
499, -59.19924372260721, 4, 50.26081928200074, 390, 123501, 123501, 3.0395665168762207, 39.3877067565918
500, -58.83601394164725, 4, 50.26669038299951, 390, 123891, 123891, 3.193354606628418, 39.79327392578125
501, -185.8024087032245, 2, 45.11817538399919, 350, 124241, 124241, 3.1228179931640625, 39.90632247924805
502, -66.75120773597155, 4, 50.16406884800017, 389, 124630, 124630, 3.0760209560394287, 39.98086929321289
503, -75.18793445255142, 4, 50.19597839000198, 389, 125019, 125019, 3.112755298614502, 39.53155517578125
504, -152.7190916351974, 2, 15.113232370000333, 114, 125133, 125133, 3.2042949199676514, 40.1246223449707
505, -60.26759066141676, 4, 50.20234928699938, 390, 125523, 125523, 3.1102652549743652, 39.73737335205078
506, -54.845533002517186, 4, 50.16721773300014, 389, 125912, 125912, 3.013188600540161, 40.06043243408203
507, -56.889814605005085, 4, 50.18557055400015, 389, 126301, 126301, 3.020587921142578, 39.736244201660156
508, -204.52766836015508, 2, 42.94463859900134, 332, 126633, 126633, 3.110426902770996, 40.24378204345703
509, -64.44359984714538, 4, 50.24917148100212, 389, 127022, 127022, 3.0104575157165527, 40.31905746459961
510, -151.2853525137616, 2, 11.365585953000846, 85, 127107, 127107, 3.077974557876587, 40.438621520996094
511, -73.17353471936076, 4, 50.276926030997856, 390, 127497, 127497, 2.9745230674743652, 39.815582275390625
512, -69.83533995883772, 4, 50.2721434160012, 390, 127887, 127887, 2.975281000137329, 39.929222106933594
513, -65.30660820240155, 4, 50.15747161699983, 389, 128276, 128276, 3.043663263320923, 40.192745208740234
514, -148.33009993053565, 2, 14.28902349800046, 108, 128384, 128384, 2.8981902599334717, 39.705299377441406
515, -82.90337311226176, 4, 50.19786780399954, 389, 128773, 128773, 3.0575480461120605, 39.92845916748047
516, -51.73397386137094, 4, 50.266770435999206, 389, 129162, 129162, 3.0163493156433105, 40.075706481933594
517, -65.61546294786967, 4, 50.20960626600208, 388, 129550, 129550, 2.9609434604644775, 40.398136138916016
518, -77.41624626104021, 4, 50.187801541000226, 389, 129939, 129939, 2.926060914993286, 40.341697692871094
519, -57.21608189557446, 4, 50.23444123599984, 389, 130328, 130328, 3.079594135284424, 40.14283752441406
520, -155.80957505386323, 2, 9.178303131000575, 68, 130396, 130396, 2.868065118789673, 40.77437210083008
521, -43.663295060861856, 4, 50.187363304998144, 389, 130785, 130785, 3.1004650592803955, 40.42893600463867
522, -68.79413497942733, 4, 50.223747194999305, 389, 131174, 131174, 2.910477638244629, 40.04169464111328
523, -170.33266964982613, 2, 30.820588753002085, 237, 131411, 131411, 3.0162088871002197, 39.61199188232422
524, -43.273415458301315, 4, 50.2546449199981, 389, 131800, 131800, 2.9010109901428223, 40.67805099487305
525, -149.95325855660485, 2, 7.8219013169982645, 57, 131857, 131857, 3.008044958114624, 39.904541015625
526, -45.907577303412836, 4, 50.245388518000254, 389, 132246, 132246, 2.9547863006591797, 40.40938949584961
527, -53.66368718864396, 4, 50.23515736800255, 390, 132636, 132636, 2.9683620929718018, 40.29281234741211
528, -37.30084863988304, 4, 50.17126275999908, 389, 133025, 133025, 2.9261345863342285, 40.29164505004883
529, -59.258136331511196, 4, 50.18858367499706, 389, 133414, 133414, 2.9856832027435303, 40.32499694824219
530, -146.93543780501932, 2, 12.354951413999515, 93, 133507, 133507, 3.0626280307769775, 40.71723937988281
531, -78.81987887620926, 4, 50.240544924999995, 390, 133897, 133897, 2.9324874877929688, 40.10130310058594
532, -57.18183778699313, 4, 50.24228058299923, 390, 134287, 134287, 2.9664149284362793, 40.348304748535156
533, -146.10633840569062, 2, 12.685791541000071, 95, 134382, 134382, 2.9802799224853516, 40.28357696533203
534, -47.418999974895996, 4, 50.17862669900205, 389, 134771, 134771, 2.9493484497070312, 40.22574234008789
535, -40.06964265793795, 4, 50.28604860399719, 390, 135161, 135161, 3.0128321647644043, 40.28921890258789
536, -66.19222946814261, 4, 50.26906339800189, 390, 135551, 135551, 2.88338565826416, 40.5718994140625
537, -125.77165738190524, 4, 50.20473677300106, 388, 135939, 135939, 2.9359700679779053, 40.48857498168945
538, -54.77220280258916, 4, 50.28993017900211, 390, 136329, 136329, 2.8697779178619385, 40.63697814941406
539, -59.922013585455716, 4, 50.199718108000525, 389, 136718, 136718, 3.06351900100708, 40.4837760925293
540, -165.19597285613418, 2, 24.546526709000318, 188, 136906, 136906, 2.9207212924957275, 40.140106201171875
541, -45.75499864364974, 4, 50.16929404500115, 389, 137295, 137295, 2.9042274951934814, 40.81760787963867
542, -64.28368792543188, 4, 50.247066387000814, 389, 137684, 137684, 2.8402152061462402, 40.56953048706055
543, -182.51317227678373, 2, 34.758025554001506, 268, 137952, 137952, 2.9255080223083496, 40.104652404785156
544, -158.02486638672417, 2, 19.0142480100003, 144, 138096, 138096, 2.8903043270111084, 40.7055778503418
545, -167.95374200423248, 2, 24.886612982998486, 191, 138287, 138287, 2.9342200756073, 40.73983383178711
546, -47.937513031065464, 4, 50.1765080160003, 388, 138675, 138675, 2.9700920581817627, 40.86044692993164
547, -76.84360626153648, 4, 50.214372426999034, 389, 139064, 139064, 2.9110517501831055, 40.31080627441406
548, -78.50182656245306, 4, 50.25443721600095, 389, 139453, 139453, 2.9580838680267334, 40.80219650268555
549, -204.72161126189167, 2, 47.00134994199834, 364, 139817, 139817, 2.947481870651245, 40.8624153137207
550, -155.32377756209462, 2, 19.9104009900002, 152, 139969, 139969, 2.9148800373077393, 41.28858184814453
551, -149.89437777013518, 2, 9.632769740001095, 71, 140040, 140040, 3.003087282180786, 40.60053253173828
552, -65.30476272618398, 4, 50.16122374999759, 388, 140428, 140428, 3.036041498184204, 40.88578414916992
553, -63.376705949543975, 4, 50.26401415700093, 389, 140817, 140817, 2.9517769813537598, 40.638031005859375
554, -65.89724701142404, 4, 50.200493152999115, 388, 141205, 141205, 2.9010424613952637, 40.872161865234375
555, -61.839930057525635, 4, 50.286142728000414, 389, 141594, 141594, 2.910832405090332, 40.88116455078125
556, -68.96054824779276, 4, 50.178025076002086, 388, 141982, 141982, 3.01714825630188, 40.92079162597656
557, -148.85821292106993, 2, 13.434110049001902, 101, 142083, 142083, 2.949383497238159, 41.15328598022461
558, -44.37941003168817, 4, 50.20935719699992, 388, 142471, 142471, 2.9267499446868896, 40.683040618896484
559, -160.43028156785294, 2, 13.420179772001575, 101, 142572, 142572, 2.92346453666687, 41.062034606933594
560, -35.86638449765451, 4, 50.22032713199951, 389, 142961, 142961, 2.858168840408325, 40.49045181274414
561, -49.945251633595035, 4, 50.241058319999865, 389, 143350, 143350, 2.865879535675049, 40.9990348815918
562, -151.3256579800509, 2, 12.5183465600021, 94, 143444, 143444, 2.858523368835449, 40.588478088378906
563, -215.14426309568807, 2, 39.915109747002134, 308, 143752, 143752, 2.872406482696533, 40.623592376708984
564, -44.94424785830779, 4, 50.204114340998785, 388, 144140, 144140, 2.8979263305664062, 40.69041442871094
565, -77.16796690109186, 4, 50.15962500200112, 389, 144529, 144529, 2.8983895778656006, 40.57932662963867
566, -76.8546820669435, 4, 50.15833591300179, 388, 144917, 144917, 2.975376605987549, 40.84783172607422
567, -79.17442983342335, 4, 50.26895742299894, 389, 145306, 145306, 2.822516918182373, 41.048980712890625
568, -148.78581014636438, 2, 19.096317209001427, 145, 145451, 145451, 3.016042709350586, 40.984779357910156
569, -49.810351359599736, 4, 50.15365715200096, 388, 145839, 145839, 2.893542528152466, 40.88399124145508
570, -185.76680136891082, 2, 37.7136821790009, 291, 146130, 146130, 2.978543996810913, 41.077301025390625
571, -46.51062181661837, 4, 50.272690566001984, 389, 146519, 146519, 2.9140803813934326, 41.0889892578125
572, -62.556653110310435, 4, 50.28350152100029, 388, 146907, 146907, 2.907254934310913, 40.9901123046875
573, -169.1877651027753, 2, 22.46303409200118, 172, 147079, 147079, 2.9560420513153076, 41.38425064086914
574, -64.72375408862717, 4, 50.23561109200091, 389, 147468, 147468, 2.851050615310669, 41.018394470214844
575, -47.381756773305824, 4, 50.25177874399742, 389, 147857, 147857, 2.9542624950408936, 41.02762985229492
576, -48.92155910830479, 4, 50.25528932200177, 389, 148246, 148246, 2.769498825073242, 40.88352966308594
577, -64.82016335998196, 4, 50.273534812000435, 389, 148635, 148635, 2.81988787651062, 41.01522445678711
578, -58.52024901824916, 4, 50.223873151997395, 389, 149024, 149024, 2.8181421756744385, 41.14280700683594
579, -149.80888181063347, 2, 7.17091031399832, 52, 149076, 149076, 2.6451451778411865, 41.141014099121094
580, -74.74932770733722, 4, 50.232952829999704, 388, 149464, 149464, 2.769913911819458, 40.95774459838867
581, -47.929085366544314, 4, 50.21146309899996, 389, 149853, 149853, 2.8297646045684814, 41.152809143066406
582, -71.94994479196612, 4, 50.23568513999999, 389, 150242, 150242, 2.7732808589935303, 41.057716369628906
583, -67.30645011970773, 4, 50.18809879299806, 388, 150630, 150630, 2.8056366443634033, 40.742340087890625
584, -56.33550108643249, 4, 50.19619408200015, 388, 151018, 151018, 2.8064730167388916, 41.039913177490234
585, -79.55356247809868, 4, 50.167833067000174, 387, 151405, 151405, 2.82666277885437, 41.01416015625
586, -151.64741841478826, 2, 13.648808155001461, 102, 151507, 151507, 2.9076905250549316, 40.520545959472656
587, -163.03461550036445, 2, 21.704681406998134, 165, 151672, 151672, 2.7071611881256104, 40.94959259033203
588, -31.235947135079186, 4, 50.19993790200169, 388, 152060, 152060, 2.769955635070801, 40.61152648925781
589, -58.94161898549646, 4, 50.21550672399826, 389, 152449, 152449, 2.7761924266815186, 41.08488082885742
590, -41.318458613124676, 4, 50.27933902999939, 389, 152838, 152838, 2.8904929161071777, 40.973087310791016
591, -45.389804294653004, 4, 50.165340319999814, 388, 153226, 153226, 2.7318546772003174, 40.70998001098633
592, -65.88558550423477, 4, 50.26382636099879, 389, 153615, 153615, 2.7574374675750732, 40.78670883178711
593, -150.67084904760122, 2, 7.347842950002814, 53, 153668, 153668, 2.6096243858337402, 40.74799728393555
594, -62.17022497893777, 4, 50.21389307500067, 388, 154056, 154056, 2.71071195602417, 40.93072509765625
595, -55.10504269885132, 4, 50.148472912002035, 389, 154445, 154445, 2.6508750915527344, 40.92829513549805
596, -63.02394742704928, 4, 50.26296889999867, 389, 154834, 154834, 2.7659032344818115, 40.73899459838867
597, -167.22642248020566, 2, 25.636037506999855, 196, 155030, 155030, 2.7544643878936768, 41.25229263305664
598, -165.0881896566134, 2, 31.244831308002176, 240, 155270, 155270, 2.8201284408569336, 40.81501007080078
599, -156.1856002039276, 2, 7.979978927000047, 58, 155328, 155328, 2.6527013778686523, 40.84601974487305
600, -47.33717427004012, 4, 50.18078911900011, 388, 155716, 155716, 2.7793900966644287, 40.9405517578125
601, -66.09485678328201, 4, 50.22307051700045, 388, 156104, 156104, 2.7755119800567627, 41.0082893371582
602, -71.62549665075494, 4, 50.20053601299878, 388, 156492, 156492, 2.670640707015991, 41.023712158203125
603, -65.83965963451192, 4, 50.18831785299699, 389, 156881, 156881, 2.6793453693389893, 40.96699905395508
604, -79.12252284493297, 4, 50.18706789200223, 388, 157269, 157269, 2.7795515060424805, 40.932586669921875
605, -150.30081179051194, 2, 12.802185272001225, 96, 157365, 157365, 2.6295711994171143, 41.02177047729492
606, -54.7829010533751, 4, 50.27718974200252, 389, 157754, 157754, 2.6932530403137207, 41.20342254638672
607, -35.43593951058574, 4, 50.219075144999806, 388, 158142, 158142, 2.7563271522521973, 41.059974670410156
608, -48.25036420300603, 4, 50.20166110499849, 388, 158530, 158530, 2.7581374645233154, 40.8084602355957
609, -63.979525406844914, 4, 50.16886221500317, 388, 158918, 158918, 2.7392423152923584, 40.868770599365234
610, -172.1977187404409, 2, 20.668564946001425, 157, 159075, 159075, 2.5853371620178223, 40.662410736083984
611, -28.768305854406208, 4, 50.28918843900101, 389, 159464, 159464, 2.7217557430267334, 40.835323333740234
612, -58.81785522506107, 4, 50.25843605599948, 389, 159853, 159853, 2.689845085144043, 40.76219940185547
613, -158.29746455140412, 2, 26.12188754700037, 200, 160053, 160053, 2.7565929889678955, 40.71760559082031
614, -178.96820881811436, 2, 33.158647640997515, 255, 160308, 160308, 2.797215700149536, 40.67750549316406
615, -150.15626008575782, 2, 11.409125172998756, 85, 160393, 160393, 2.8046865463256836, 40.98091506958008
616, -164.38053953601047, 2, 31.89518246499938, 245, 160638, 160638, 2.5998315811157227, 41.03596115112305
617, -45.188862654027616, 4, 50.20534804300041, 389, 161027, 161027, 2.6729440689086914, 40.843048095703125
618, -153.0081615303352, 2, 19.82347150900023, 151, 161178, 161178, 2.9136252403259277, 40.898956298828125
619, -42.241736093885265, 4, 50.264542909997544, 389, 161567, 161567, 2.682739019393921, 40.83041763305664
620, -58.28504118602723, 4, 50.280935872000555, 389, 161956, 161956, 2.8449409008026123, 41.06929397583008
621, -156.11219415609958, 2, 22.357307756999944, 170, 162126, 162126, 2.708481788635254, 40.97438049316406
622, -62.09304210427217, 4, 50.260681042000215, 389, 162515, 162515, 2.664494276046753, 40.801292419433594
623, -53.11326031968929, 4, 50.20291918099974, 388, 162903, 162903, 2.6509950160980225, 41.005455017089844
624, -42.191202513175085, 4, 50.28871595899909, 387, 163290, 163290, 2.724360466003418, 41.00709915161133
625, -168.4544007678196, 2, 16.620055542000046, 126, 163416, 163416, 2.739039659500122, 40.993003845214844
626, -163.80298461578786, 2, 25.907460238002386, 198, 163614, 163614, 2.55433988571167, 41.102333068847656
627, -54.06902158475714, 4, 50.222538003999944, 388, 164002, 164002, 2.821981906890869, 41.04248046875
628, -224.15606674987794, 2, 41.66666792899923, 321, 164323, 164323, 2.6487441062927246, 41.413543701171875
629, -146.71300164947752, 2, 11.262184820003313, 84, 164407, 164407, 2.636495590209961, 41.169158935546875
630, -46.53725511030643, 4, 50.27644552899801, 389, 164796, 164796, 2.7028539180755615, 41.02530288696289
631, -94.61413525848184, 4, 50.18802400899949, 388, 165184, 165184, 2.74859356880188, 41.120689392089844
632, -57.73785421770299, 4, 50.23627782699987, 388, 165572, 165572, 2.686431646347046, 40.95753860473633
633, -62.47465558559634, 4, 50.194067643999006, 388, 165960, 165960, 2.773972272872925, 41.31488800048828
634, -172.2011575461156, 2, 29.29770372999701, 225, 166185, 166185, 2.750093698501587, 41.12150573730469
635, -65.1970442525926, 4, 50.27594226599831, 388, 166573, 166573, 2.7183001041412354, 40.97234344482422
636, -58.496231480443384, 4, 50.209396124002524, 388, 166961, 166961, 2.7160637378692627, 41.07571792602539
637, -157.09186890898127, 2, 25.263733075000346, 193, 167154, 167154, 2.6873655319213867, 41.33408737182617
638, -46.200706337811425, 4, 50.20793067900013, 389, 167543, 167543, 2.743872880935669, 40.93233871459961
639, -37.03692469159432, 4, 50.299080610999226, 389, 167932, 167932, 2.744114637374878, 40.88584899902344
640, -60.499273146968335, 4, 50.18421663399931, 388, 168320, 168320, 2.7504076957702637, 41.00294876098633
641, -58.64210302615538, 4, 50.290855096001906, 389, 168709, 168709, 2.662916421890259, 41.05617904663086
642, -195.9848345774808, 2, 33.61900159099969, 258, 168967, 168967, 2.6888225078582764, 41.032405853271484
643, -56.39221523598826, 4, 50.186221594001836, 388, 169355, 169355, 2.743129253387451, 40.95925521850586
644, -151.60563265171368, 2, 16.07123120899996, 121, 169476, 169476, 2.693098306655884, 41.1077766418457
645, -59.45660152519122, 4, 50.184173292000196, 387, 169863, 169863, 2.6817824840545654, 41.02587127685547
646, -150.83121238369495, 2, 8.26412834599978, 60, 169923, 169923, 2.238201379776001, 41.19783020019531
647, -61.9968010049779, 4, 50.23807856699932, 388, 170311, 170311, 2.6034786701202393, 41.3502197265625
648, -92.65502904250752, 4, 50.28381611000077, 389, 170700, 170700, 2.6693172454833984, 41.1243782043457
649, -153.82515102869365, 2, 6.152239257000474, 44, 170744, 170744, 2.6346449851989746, 41.266597747802734
650, -146.6238859619798, 2, 13.727053711998451, 103, 170847, 170847, 2.7778775691986084, 41.48899841308594
651, -152.83434134152776, 2, 8.483525304000068, 62, 170909, 170909, 2.5317533016204834, 41.71696090698242
652, -156.36696137674153, 2, 11.397638898000878, 85, 170994, 170994, 2.739959239959717, 41.23469543457031
653, -54.56066681956872, 4, 50.255117618999066, 388, 171382, 171382, 2.7412092685699463, 40.95882797241211
654, -40.565587390301516, 4, 50.21112739900127, 388, 171770, 171770, 2.745380401611328, 40.96194839477539
655, -79.1149965552031, 4, 50.239287725002214, 388, 172158, 172158, 2.702676296234131, 41.00105285644531
656, -76.22838226659223, 4, 50.269551712000975, 384, 172542, 172542, 2.6836225986480713, 41.164493560791016
657, -190.4344459916465, 2, 31.63316073399983, 242, 172784, 172784, 2.7046959400177, 41.35480880737305
658, -68.59889677469619, 4, 50.221463570997, 387, 173171, 173171, 2.586472749710083, 41.13936233520508
659, -55.90743305609794, 4, 50.23919633599871, 388, 173559, 173559, 2.6357383728027344, 41.01163864135742
660, -72.18542340150088, 4, 50.24977126199883, 389, 173948, 173948, 2.6736347675323486, 40.9967041015625
661, -173.0551598650345, 2, 27.43076306399962, 210, 174158, 174158, 2.621368885040283, 41.07742691040039
662, -75.784948192304, 4, 50.23088601699783, 389, 174547, 174547, 2.6074154376983643, 41.153953552246094
663, -174.15845364378765, 2, 28.260246965000988, 215, 174762, 174762, 2.746305465698242, 41.33648681640625
664, -166.5956723015115, 2, 26.036571887998434, 198, 174960, 174960, 2.7162320613861084, 41.281246185302734
665, -42.947664320556214, 4, 50.21425175699915, 387, 175347, 175347, 2.667783260345459, 41.15517044067383
666, -49.08596140370355, 4, 50.25053258000116, 388, 175735, 175735, 2.6332902908325195, 41.080020904541016
667, -151.81660926667973, 2, 9.082489299998997, 66, 175801, 175801, 2.621026039123535, 41.11939239501953
668, -74.28776776383165, 4, 50.197788705001585, 387, 176188, 176188, 2.617220163345337, 41.18008804321289
669, -60.79933536821045, 4, 50.2802736420017, 387, 176575, 176575, 2.653149366378784, 41.32967758178711
670, -147.63999422069173, 2, 16.534824073998607, 124, 176699, 176699, 2.647453546524048, 41.418052673339844
671, -62.107093893690035, 4, 50.28939179599911, 387, 177086, 177086, 2.682042121887207, 41.10760498046875
672, -58.534288033710254, 4, 50.217228171997704, 386, 177472, 177472, 2.6544594764709473, 41.371368408203125
673, -58.61312009978792, 4, 50.21989274400039, 386, 177858, 177858, 2.6849565505981445, 41.69036102294922
674, -149.4079366485239, 2, 15.743609570999979, 118, 177976, 177976, 2.5778088569641113, 41.55094909667969
675, -51.63069942913717, 4, 50.22014386599767, 385, 178361, 178361, 2.6617209911346436, 41.31919860839844
676, -74.73935734189581, 4, 50.19543636600065, 388, 178749, 178749, 2.6486921310424805, 41.2430305480957
677, -174.51549005880952, 2, 30.99705102900043, 236, 178985, 178985, 2.618630886077881, 41.45053482055664
678, -154.44353897147812, 2, 24.09441161399809, 183, 179168, 179168, 2.6880838871002197, 41.874576568603516
679, -46.296501628588885, 4, 50.300308385998505, 386, 179554, 179554, 2.7657089233398438, 41.55070114135742
680, -53.8260607575794, 4, 50.30364474599992, 387, 179941, 179941, 2.6766252517700195, 41.51430130004883
681, -52.38190693108481, 4, 50.29764763999992, 386, 180327, 180327, 2.6285464763641357, 41.104827880859375
682, -64.11586761486251, 4, 50.31737773200075, 386, 180713, 180713, 2.715893268585205, 41.33026123046875
683, -85.11703499651048, 4, 50.31444829099928, 386, 181099, 181099, 2.6431543827056885, 41.14198684692383
684, -49.00797016569413, 4, 50.38054004099831, 385, 181484, 181484, 2.6261353492736816, 41.340293884277344
685, -157.4087006423797, 2, 18.544167000000016, 139, 181623, 181623, 2.671550750732422, 41.9427604675293
686, -77.27622648212127, 4, 50.27055186399957, 385, 182008, 182008, 2.6464011669158936, 41.45595932006836
687, -60.00623818252643, 4, 50.18394864300353, 386, 182394, 182394, 2.6791772842407227, 41.30967712402344
688, -85.735582817666, 4, 50.29463992299861, 387, 182781, 182781, 2.7135322093963623, 41.12071990966797
689, -50.78340459195897, 4, 50.28160075900087, 387, 183168, 183168, 2.6712512969970703, 41.333824157714844
690, -68.84982937155291, 4, 50.23836270999891, 387, 183555, 183555, 2.717641830444336, 41.26261520385742
691, -48.37462493000203, 4, 50.21357911099767, 386, 183941, 183941, 2.6839258670806885, 41.62068176269531
692, -58.35325130587444, 4, 50.21831342799851, 387, 184328, 184328, 2.6504862308502197, 41.55158233642578
693, -38.250937482342124, 4, 50.21613036800045, 385, 184713, 184713, 2.5945262908935547, 41.187957763671875
694, -41.741426949825836, 4, 50.29271511099796, 387, 185100, 185100, 2.6733739376068115, 41.266990661621094
695, -195.92175267339917, 2, 43.17444643700219, 332, 185432, 185432, 2.7143146991729736, 41.39704513549805
696, -176.32717509323265, 2, 34.52081666399681, 264, 185696, 185696, 2.686283826828003, 41.54487609863281
697, -52.50775974185672, 4, 50.26738118599678, 386, 186082, 186082, 2.6497747898101807, 41.43716049194336
698, -85.06457008607686, 4, 50.22681666800054, 386, 186468, 186468, 2.6054656505584717, 41.2938232421875
699, -66.67685214387893, 4, 50.29522699399968, 387, 186855, 186855, 2.7320048809051514, 41.629547119140625
700, -150.08616400678875, 2, 18.923911272002442, 143, 186998, 186998, 2.7136290073394775, 41.70043182373047
701, -66.35317033407046, 4, 50.25032127099985, 387, 187385, 187385, 2.743673801422119, 41.3952751159668
702, -43.15838761557825, 4, 50.250586521000514, 386, 187771, 187771, 2.800917863845825, 41.50905227661133
703, -56.32541207782924, 4, 50.26191663999998, 387, 188158, 188158, 2.711181402206421, 41.593902587890625
704, -181.60944913560525, 2, 45.81903652500114, 351, 188509, 188509, 2.5833942890167236, 41.56147384643555
705, -48.2272826039698, 4, 50.25362670999675, 385, 188894, 188894, 2.681464910507202, 41.17281723022461
706, -166.1772108959849, 2, 32.40849415000048, 248, 189142, 189142, 2.7027792930603027, 41.45131301879883
707, -42.88230736658443, 4, 50.292028772000776, 386, 189528, 189528, 2.731308698654175, 41.491756439208984
708, -42.182331043761224, 4, 50.17139413699988, 385, 189913, 189913, 2.6522717475891113, 41.39503479003906
709, -149.3559871762991, 2, 12.01686530599909, 89, 190002, 190002, 2.8877220153808594, 42.202327728271484
710, -153.33673581585754, 2, 18.93113119500049, 143, 190145, 190145, 2.774771213531494, 41.510372161865234
711, -207.2076589053031, 2, 47.910765925000305, 368, 190513, 190513, 2.6459832191467285, 41.308616638183594
712, -146.08937337111274, 2, 10.569371129000501, 78, 190591, 190591, 2.8582005500793457, 41.303123474121094
713, -175.9115894708084, 2, 37.19258742400052, 285, 190876, 190876, 2.6731526851654053, 41.22681427001953
714, -41.422627321473556, 4, 50.30493555299836, 386, 191262, 191262, 2.677112340927124, 41.57032012939453
715, -154.44479399570264, 2, 13.669408669000404, 102, 191364, 191364, 2.6483213901519775, 41.380516052246094
716, -48.959699236555025, 4, 50.26397927700236, 386, 191750, 191750, 2.6861958503723145, 41.41545486450195
717, -21.27612143179067, 4, 50.25918660299794, 386, 192136, 192136, 2.635018825531006, 41.322872161865234
718, -42.18400702391227, 4, 50.27650449800058, 386, 192522, 192522, 2.70591139793396, 41.36455535888672
719, -52.14057222940028, 4, 50.32926152300206, 384, 192906, 192906, 2.702522039413452, 41.504539489746094
720, -57.30991330013785, 4, 50.32146308300071, 385, 193291, 193291, 2.739988088607788, 41.5334358215332
721, -155.16474084625952, 2, 11.704727159998583, 87, 193378, 193378, 2.646428108215332, 41.17913818359375
722, -90.33169348491356, 4, 50.31585513100072, 385, 193763, 193763, 2.694861650466919, 41.43525314331055
723, -55.235550184734166, 4, 50.30201732900241, 386, 194149, 194149, 2.685899257659912, 41.68229293823242
724, -56.52801416767761, 4, 50.292833767001866, 386, 194535, 194535, 2.676581621170044, 41.50902557373047
725, -49.22991229756735, 4, 50.335348038999655, 387, 194922, 194922, 2.7336502075195312, 41.48127746582031
726, -75.74877010463388, 4, 50.323962153997854, 386, 195308, 195308, 2.6698296070098877, 41.52314758300781
727, -44.65852469095262, 4, 50.31592645500132, 387, 195695, 195695, 2.6898908615112305, 41.15433120727539
728, -62.27237159595825, 4, 50.35621889699905, 386, 196081, 196081, 2.5471956729888916, 41.53854751586914
729, -176.5334866773337, 2, 39.86031856699992, 304, 196385, 196385, 2.679422378540039, 41.44961929321289
730, -44.48906501050806, 4, 50.317940082997666, 385, 196770, 196770, 2.6533632278442383, 41.6964225769043
731, -179.7401073683286, 2, 30.21912576700197, 230, 197000, 197000, 2.6015689373016357, 41.232093811035156
732, -146.2207137036603, 2, 10.630121499998495, 78, 197078, 197078, 2.760577917098999, 41.08087158203125
733, -64.0531412524142, 4, 50.29315617799875, 385, 197463, 197463, 2.76175594329834, 41.709197998046875
734, -166.36084504495375, 2, 11.629079026002728, 86, 197549, 197549, 2.747227430343628, 41.9536018371582
735, -91.67140227463096, 4, 50.329587894000724, 386, 197935, 197935, 2.731855869293213, 41.554874420166016
736, -41.79415015378618, 4, 50.268308286998945, 384, 198319, 198319, 2.6982882022857666, 41.66807174682617
737, -90.76067796722054, 4, 50.392317249999905, 385, 198704, 198704, 2.6684086322784424, 41.71000289916992
738, -149.07808173354715, 2, 10.999729643001046, 81, 198785, 198785, 2.9014923572540283, 41.72780227661133
739, -156.50374259961245, 2, 4.383048676001636, 30, 198815, 198815, 2.878467082977295, 41.71702575683594
740, -170.35293553362135, 2, 21.176978692001285, 160, 198975, 198975, 2.694756269454956, 41.789920806884766
741, -38.24305728205945, 4, 50.315946934999374, 385, 199360, 199360, 2.738074779510498, 41.624752044677734
742, -66.51655873801792, 4, 50.36747725799796, 386, 199746, 199746, 2.7782018184661865, 41.674720764160156
743, -57.653111991123296, 4, 50.2949281939982, 385, 200131, 200131, 2.6140356063842773, 41.73170471191406
744, -69.14844503859058, 4, 50.34799004899833, 386, 200517, 200517, 2.68963885307312, 41.43828582763672
745, -51.68234991992358, 4, 50.36989502900178, 386, 200903, 200903, 2.6401731967926025, 41.52346420288086
746, -42.8586368502547, 4, 50.27017476399851, 384, 201287, 201287, 2.6178224086761475, 41.56256103515625
747, -64.5954785697395, 4, 50.35277533099725, 385, 201672, 201672, 2.6053223609924316, 41.39822006225586
748, -58.84906552097527, 4, 50.228560635001486, 385, 202057, 202057, 2.643422842025757, 41.55080795288086
749, -56.58844210655661, 4, 50.26045328799955, 385, 202442, 202442, 2.68485164642334, 41.32524490356445
750, -158.58255836274475, 2, 13.4764605019991, 100, 202542, 202542, 2.6801693439483643, 41.291725158691406
751, -66.9535223133862, 4, 50.31314275200202, 386, 202928, 202928, 2.679710626602173, 41.57081604003906
752, -72.74663525645155, 4, 50.27830388299844, 381, 203309, 203309, 2.6823418140411377, 41.66096496582031
753, -57.91124778101221, 4, 50.329826684999716, 384, 203693, 203693, 2.6703851222991943, 41.65419387817383
754, -218.93018416827545, 2, 48.76322116799929, 372, 204065, 204065, 2.7136571407318115, 41.62043380737305
755, -41.526472709243535, 4, 50.35763381599827, 385, 204450, 204450, 2.7321226596832275, 41.64784240722656
756, -175.68704387184698, 2, 28.985763651002344, 221, 204671, 204671, 2.7280898094177246, 41.507164001464844
757, -52.93809453351423, 4, 50.34205583899893, 385, 205056, 205056, 2.6535491943359375, 41.474220275878906
758, -51.803797842523636, 4, 50.326010502001736, 385, 205441, 205441, 2.646890640258789, 41.79021072387695
759, -52.665316372178495, 4, 50.3632600359997, 386, 205827, 205827, 2.6299970149993896, 41.71098709106445
760, -71.59257824788801, 4, 50.30842250299975, 384, 206211, 206211, 2.7457339763641357, 41.41737365722656
761, -45.7535664895986, 4, 50.28704746800213, 385, 206596, 206596, 2.7437264919281006, 41.5972785949707
762, -70.18340434829588, 4, 50.31295206499999, 384, 206980, 206980, 2.692064046859741, 41.595645904541016
763, -54.792353539844044, 4, 50.312282941999, 385, 207365, 207365, 2.6704320907592773, 41.395992279052734
764, -56.93333033124509, 4, 50.36555202599993, 386, 207751, 207751, 2.578038454055786, 41.77788543701172
765, -51.290170589061745, 4, 50.31097291999686, 385, 208136, 208136, 2.6570167541503906, 41.42871856689453
766, -51.97688216509414, 4, 50.36708240199732, 386, 208522, 208522, 2.6353023052215576, 41.440067291259766
767, -209.2101758334029, 2, 47.286329263999505, 361, 208883, 208883, 2.614403247833252, 41.44828414916992
768, -41.81148728646804, 4, 50.38496354800009, 386, 209269, 209269, 2.657425880432129, 41.540863037109375
769, -54.80614561424591, 4, 50.254033007000544, 384, 209653, 209653, 2.5776567459106445, 41.270938873291016
770, -62.719448015326634, 4, 50.4294372780023, 383, 210036, 210036, 2.622213363647461, 41.4366455078125
771, -66.05646029405762, 4, 50.43162248999943, 384, 210420, 210420, 2.568713665008545, 41.41627883911133
772, -83.3009753790684, 4, 50.35980512700189, 385, 210805, 210805, 2.592417001724243, 41.178733825683594
773, -83.90854101954028, 4, 50.3038741119999, 385, 211190, 211190, 2.614537239074707, 41.723228454589844
774, -82.75832887436263, 4, 50.29190734999793, 385, 211575, 211575, 2.6726996898651123, 41.652156829833984
775, -57.91881684178952, 4, 50.290221131999715, 384, 211959, 211959, 2.646756887435913, 41.516910552978516
776, -55.843520771712065, 4, 50.29456177800239, 384, 212343, 212343, 2.6075644493103027, 41.09177780151367
777, -52.919574615647434, 4, 50.360873771001934, 385, 212728, 212728, 2.570542335510254, 41.57677459716797
778, -51.324310801457614, 4, 50.28679630800252, 385, 213113, 213113, 2.5878303050994873, 41.461891174316406
779, -69.70784621909843, 4, 50.24406205899868, 384, 213497, 213497, 2.5448267459869385, 41.30909729003906
780, -170.55312366061844, 2, 33.753430974000366, 257, 213754, 213754, 2.6790480613708496, 41.3165397644043
781, -43.86216771486215, 4, 50.346006864998344, 385, 214139, 214139, 2.6722288131713867, 41.487091064453125
782, -188.46083057840588, 2, 35.484031774998584, 270, 214409, 214409, 2.6385605335235596, 41.25351333618164
783, -150.56141120707616, 2, 13.389370160999533, 99, 214508, 214508, 2.623004674911499, 41.33625793457031
784, -53.086314958985895, 4, 50.331315727999026, 385, 214893, 214893, 2.6108150482177734, 41.2203254699707
785, -81.20512868603691, 4, 50.22914830300215, 384, 215277, 215277, 2.5656139850616455, 41.56256103515625
786, -73.53475628250453, 4, 50.2008297809989, 384, 215661, 215661, 2.576359987258911, 41.36064147949219
787, -68.86104875165802, 4, 50.26866533000066, 384, 216045, 216045, 2.5734620094299316, 41.38633728027344
788, -43.87066968566796, 4, 50.38311210599932, 384, 216429, 216429, 2.562891721725464, 41.37479019165039
789, -48.39903876223252, 4, 50.39965221699822, 383, 216812, 216812, 2.573828935623169, 41.389923095703125
790, -58.58814069116488, 4, 50.27010107800015, 384, 217196, 217196, 2.6348931789398193, 41.31705093383789
791, -76.04298882529838, 4, 50.34164684799907, 386, 217582, 217582, 2.6034481525421143, 41.32944869995117
792, -179.44452763884328, 2, 24.946894576998602, 189, 217771, 217771, 2.6408698558807373, 41.345359802246094
793, -162.23970338143408, 2, 27.635132798000996, 210, 217981, 217981, 2.5000078678131104, 41.4051513671875
794, -52.19482460030122, 4, 50.238711001999036, 384, 218365, 218365, 2.5886993408203125, 41.173458099365234
795, -56.24216197041096, 4, 50.296916101000534, 385, 218750, 218750, 2.601149082183838, 41.22613525390625
796, -41.351132610987406, 4, 50.328135883999494, 385, 219135, 219135, 2.5909829139709473, 41.202030181884766
797, -59.32971985079348, 4, 50.31039176000195, 386, 219521, 219521, 2.5273115634918213, 40.91624069213867
798, -78.6930823943112, 4, 50.37113922499702, 386, 219907, 219907, 2.525899648666382, 41.34595489501953
799, -175.6808783324086, 2, 39.21446524999919, 300, 220207, 220207, 2.5564165115356445, 41.221256256103516
800, -56.53822348159156, 4, 50.36675089799974, 386, 220593, 220593, 2.615757465362549, 41.34441375732422
801, -147.93877405137755, 2, 10.515421195999807, 77, 220670, 220670, 2.485598564147949, 40.45117950439453
802, -156.20276605786057, 2, 12.617859703001159, 94, 220764, 220764, 2.541940212249756, 41.10785675048828
803, -150.2694977725023, 2, 14.096828601002926, 105, 220869, 220869, 2.5341267585754395, 41.11252975463867
804, -56.19181496044621, 4, 50.30634434900276, 385, 221254, 221254, 2.565117359161377, 41.37738037109375
805, -66.57046790470486, 4, 50.291529640999215, 385, 221639, 221639, 2.492194175720215, 41.43012237548828
806, -79.75860689766705, 4, 50.341125810999074, 386, 222025, 222025, 2.614126682281494, 41.32784652709961
807, -61.080066366586834, 4, 50.30187289999958, 385, 222410, 222410, 2.6100780963897705, 41.22860336303711
808, -48.60968259378569, 4, 50.30596344500009, 385, 222795, 222795, 2.5434131622314453, 41.246673583984375
809, -55.21278057384188, 4, 50.30627960200218, 385, 223180, 223180, 2.561537742614746, 41.10462951660156
810, -81.35443961550482, 4, 50.348456134001026, 386, 223566, 223566, 2.5372016429901123, 41.1430778503418
811, -64.0664721155772, 4, 50.33165728899985, 386, 223952, 223952, 2.542768716812134, 41.3217658996582
812, -45.95213489368325, 4, 50.301093494999805, 386, 224338, 224338, 2.533853530883789, 41.11201858520508
813, -39.69900622346904, 4, 50.35595506399841, 386, 224724, 224724, 2.5493438243865967, 41.32737731933594
814, -67.4462207085453, 4, 50.287344271997426, 385, 225109, 225109, 2.5133986473083496, 41.279720306396484
815, -63.66669680015184, 4, 50.394868146999215, 386, 225495, 225495, 2.5026679039001465, 41.20823669433594
816, -56.16160418395884, 4, 50.35065594700063, 386, 225881, 225881, 2.5413453578948975, 41.30101013183594
817, -50.0045797675848, 4, 50.33917417500197, 385, 226266, 226266, 2.51879620552063, 41.217742919921875
818, -182.99868269840954, 2, 39.112999441000284, 298, 226564, 226564, 2.518432140350342, 41.06486129760742
819, -60.75382228335366, 4, 50.34340492800038, 385, 226949, 226949, 2.5255351066589355, 40.958335876464844
820, -160.9965911428444, 2, 9.060186052000063, 66, 227015, 227015, 2.452030897140503, 41.3961296081543
821, -162.56303759602451, 2, 29.772278914999333, 226, 227241, 227241, 2.5329930782318115, 41.21147155761719
822, -75.19035426154733, 4, 50.310455627997726, 385, 227626, 227626, 2.5316660404205322, 41.223548889160156
823, -163.65826277504675, 2, 21.256123211001977, 160, 227786, 227786, 2.605894088745117, 41.54555130004883
824, -169.94025817338843, 2, 32.906108242998016, 251, 228037, 228037, 2.492526054382324, 41.07109451293945
825, -74.87095137129654, 4, 50.373460309998336, 386, 228423, 228423, 2.5311999320983887, 40.89281463623047
826, -159.15280875260942, 2, 10.508793373999652, 77, 228500, 228500, 2.6967849731445312, 41.076934814453125
827, -153.70475598797202, 2, 6.710816670001805, 48, 228548, 228548, 2.5073983669281006, 41.26548767089844
828, -88.45560253504664, 4, 50.30210074799834, 385, 228933, 228933, 2.6520133018493652, 41.41718292236328
829, -159.1399337858602, 2, 12.328597386000183, 91, 229024, 229024, 2.5474908351898193, 41.12073516845703
830, -158.2943338250916, 2, 21.045630362001248, 158, 229182, 229182, 2.537323474884033, 41.03426742553711
831, -152.02502820035443, 2, 9.668265559001156, 71, 229253, 229253, 2.6797969341278076, 41.11875534057617
832, -59.727658396819606, 4, 50.403000873000565, 385, 229638, 229638, 2.5661520957946777, 41.26434326171875
833, -42.43272499775048, 4, 50.329659500999696, 384, 230022, 230022, 2.527879476547241, 41.056793212890625
834, -89.95383122656494, 4, 50.24594730999888, 385, 230407, 230407, 2.5861260890960693, 41.03066635131836
835, -52.589047489804216, 4, 50.384791947999474, 386, 230793, 230793, 2.5171501636505127, 41.100128173828125
836, -76.26669977419078, 4, 50.3256552510029, 385, 231178, 231178, 2.4915170669555664, 41.12630081176758
837, -59.74331489717588, 4, 50.36261751300117, 385, 231563, 231563, 2.5353598594665527, 40.956478118896484
838, -40.72530277911574, 4, 50.40439722500378, 386, 231949, 231949, 2.481938123703003, 41.21784973144531
839, -74.45476908923592, 4, 50.333060997996654, 385, 232334, 232334, 2.515044689178467, 41.377471923828125
840, -153.4634563923414, 2, 9.738352079002652, 71, 232405, 232405, 2.528489351272583, 40.91149139404297
841, -56.08199728728505, 4, 50.313420352998946, 385, 232790, 232790, 2.4919610023498535, 41.35371780395508
842, -63.36209942837013, 4, 50.30679268899985, 385, 233175, 233175, 2.5580644607543945, 41.21717834472656
843, -59.633023315807804, 4, 50.36145743400266, 385, 233560, 233560, 2.506241798400879, 40.93907928466797
844, -56.64024917810457, 4, 50.369579955004156, 386, 233946, 233946, 2.5239977836608887, 40.839508056640625
845, -164.12180434621405, 2, 14.622803304999252, 109, 234055, 234055, 2.669806718826294, 40.60664367675781
846, -80.54732783697546, 4, 50.31952853599796, 386, 234441, 234441, 2.426353931427002, 40.808929443359375
847, -72.04994417447597, 4, 50.280000077000295, 384, 234825, 234825, 2.5119190216064453, 41.06855392456055
848, -47.47100717300782, 4, 50.32881597300002, 385, 235210, 235210, 2.5132827758789062, 41.007667541503906
849, -158.1950222493615, 2, 15.77216631599731, 118, 235328, 235328, 2.3260650634765625, 41.11920166015625
850, -73.50494626624277, 4, 50.2992007799985, 385, 235713, 235713, 2.5113909244537354, 41.07374954223633
851, -165.13590080663562, 2, 17.611753190001764, 132, 235845, 235845, 2.4684441089630127, 41.276859283447266
852, -176.8245080074994, 2, 33.62288265400275, 256, 236101, 236101, 2.4860455989837646, 40.863216400146484
853, -98.65508259600028, 4, 50.32084921700152, 385, 236486, 236486, 2.4991655349731445, 41.14619827270508
854, -159.42177708656527, 2, 16.02585637199809, 120, 236606, 236606, 2.561575174331665, 40.828956604003906
855, -60.302813206930296, 4, 50.37388117900264, 385, 236991, 236991, 2.561321258544922, 40.692901611328125
856, -66.06766628427431, 4, 50.301809114003845, 384, 237375, 237375, 2.5491697788238525, 40.89109420776367
857, -56.9921672714554, 4, 50.3877270640005, 384, 237759, 237759, 2.527411937713623, 40.811038970947266
858, -162.36151007039007, 2, 28.297320441997726, 215, 237974, 237974, 2.528371810913086, 40.883880615234375
859, -54.48871057643555, 4, 50.356122515993775, 385, 238359, 238359, 2.6322052478790283, 40.704586029052734
860, -62.49645601422526, 4, 50.426948619999166, 385, 238744, 238744, 2.4849729537963867, 40.83781814575195
861, -55.72478347964352, 4, 50.30707450600312, 383, 239127, 239127, 2.5050199031829834, 40.75700759887695
862, -148.85755386288338, 2, 11.816446718003135, 87, 239214, 239214, 2.4639954566955566, 40.8755989074707
863, -65.52183028950822, 4, 50.315579656999034, 385, 239599, 239599, 2.4863033294677734, 40.74399185180664
864, -48.053705306723714, 4, 50.35556649600039, 384, 239983, 239983, 2.49412202835083, 40.85641098022461
865, -38.26768808858469, 4, 50.40770341699681, 385, 240368, 240368, 2.4555225372314453, 40.725589752197266
866, -81.48411010648124, 4, 50.40585191500577, 386, 240754, 240754, 2.4773051738739014, 40.93541717529297
867, -73.72311566071585, 4, 50.27495684499445, 383, 241137, 241137, 2.4926512241363525, 40.59556198120117
868, -48.485838831576984, 4, 50.29797833399789, 384, 241521, 241521, 2.4666059017181396, 40.423091888427734
869, -63.72346637106966, 4, 50.373925173000316, 384, 241905, 241905, 2.4019408226013184, 40.5484733581543
870, -63.57790531608043, 4, 50.35120380000444, 384, 242289, 242289, 2.495053768157959, 40.84455871582031
871, -152.04335467837518, 2, 6.494519634004973, 46, 242335, 242335, 2.731333017349243, 40.598575592041016
872, -93.68442951608449, 4, 50.341764458004036, 385, 242720, 242720, 2.5281460285186768, 40.8033447265625
873, -75.5318071247757, 4, 50.342962871000054, 384, 243104, 243104, 2.496589183807373, 40.81972885131836
874, -72.44927250489127, 4, 50.34706914800336, 384, 243488, 243488, 2.43422269821167, 40.839073181152344
875, -58.58903736528009, 4, 50.40191222199792, 385, 243873, 243873, 2.4698214530944824, 40.32241439819336
876, -53.19028164003976, 4, 50.31818411999848, 384, 244257, 244257, 2.544984817504883, 40.56648635864258
877, -65.82008975354256, 4, 50.32166916300048, 384, 244641, 244641, 2.5630173683166504, 40.54495620727539
878, -42.94600515323691, 4, 50.40665619500214, 385, 245026, 245026, 2.5440680980682373, 40.558658599853516
879, -61.141721688676625, 4, 50.33118841500254, 385, 245411, 245411, 2.4872632026672363, 40.466148376464844
880, -53.28086560855991, 4, 50.416390851998585, 385, 245796, 245796, 2.5426857471466064, 40.72180938720703
881, -187.2338136305334, 2, 44.27313484899787, 338, 246134, 246134, 2.5304346084594727, 40.5403938293457
882, -52.826746221020585, 4, 50.35232534699753, 384, 246518, 246518, 2.522003173828125, 40.56430435180664
883, -59.950698330416344, 4, 50.34102056700067, 385, 246903, 246903, 2.366335391998291, 40.31544876098633
884, -68.30470478994539, 4, 50.306783790001646, 384, 247287, 247287, 2.4603099822998047, 40.5744514465332
885, -54.86575289104985, 4, 50.31082078599866, 384, 247671, 247671, 2.4578988552093506, 40.45033264160156
886, -153.82580692879856, 2, 10.395604703997378, 76, 247747, 247747, 2.5366177558898926, 40.01209259033203
887, -47.49429319742194, 4, 50.30620781000471, 384, 248131, 248131, 2.479825735092163, 40.49379348754883
888, -37.93603671526944, 4, 50.39571465699555, 385, 248516, 248516, 2.524052381515503, 40.37297439575195
889, -70.74522151518613, 4, 50.27810926600068, 384, 248900, 248900, 2.4556667804718018, 40.365928649902344
890, -149.41364468540996, 2, 10.790473094995832, 79, 248979, 248979, 2.5489213466644287, 40.41671371459961
891, -245.43347058587824, 2, 46.72122997599945, 357, 249336, 249336, 2.4962258338928223, 40.55543518066406
892, -47.64884339598939, 4, 50.280161472001055, 384, 249720, 249720, 2.503019094467163, 40.31047439575195
893, -164.78843055432662, 2, 18.621076028997777, 140, 249860, 249860, 2.4104678630828857, 40.28761672973633
894, -52.05687885195948, 4, 50.357782035993296, 384, 250244, 250244, 2.5065343379974365, 40.35467529296875
895, -67.22282924340107, 4, 50.29949069899885, 384, 250628, 250628, 2.4332525730133057, 40.26023864746094
896, -37.23572589581818, 4, 50.33256985800108, 384, 251012, 251012, 2.403742790222168, 40.41469192504883
897, -69.32235058420338, 4, 50.30432056599966, 384, 251396, 251396, 2.420718193054199, 40.28928756713867
898, -166.15912012889748, 2, 22.9664466059985, 173, 251569, 251569, 2.5590178966522217, 40.58876037597656
899, -156.65387660334818, 2, 18.038875326004927, 136, 251705, 251705, 2.5659520626068115, 40.020328521728516
900, -72.47602547315182, 4, 50.40285851700173, 385, 252090, 252090, 2.537034749984741, 40.10393524169922
901, -199.40167299017776, 2, 47.32704831600131, 360, 252450, 252450, 2.439552068710327, 40.309608459472656
902, -153.45871861395426, 2, 8.939790178999829, 65, 252515, 252515, 2.3874704837799072, 40.4346809387207
903, -159.3403850395116, 2, 16.037760875995446, 120, 252635, 252635, 2.4221880435943604, 40.2888069152832
904, -44.534543206420494, 4, 50.31502572699537, 384, 253019, 253019, 2.4137682914733887, 40.270687103271484
905, -70.24408584961202, 4, 50.352754523999465, 384, 253403, 253403, 2.427830457687378, 40.218021392822266
906, -59.2156376959465, 4, 50.40207945000293, 384, 253787, 253787, 2.500617504119873, 40.223453521728516
907, -57.79540394875221, 4, 50.41727474000072, 384, 254171, 254171, 2.458123207092285, 40.2414436340332
908, -47.512351741141174, 4, 50.39986084699922, 384, 254555, 254555, 2.4386401176452637, 39.987579345703125
909, -88.35558630526066, 4, 50.34517740300362, 384, 254939, 254939, 2.422744035720825, 40.0927734375
910, -56.91744317440316, 4, 50.39504295599909, 385, 255324, 255324, 2.4144673347473145, 40.05550765991211
911, -77.57735941716237, 4, 50.311493419001636, 384, 255708, 255708, 2.500044822692871, 40.068145751953125
912, -62.30012798612006, 4, 50.324997511997935, 384, 256092, 256092, 2.451993942260742, 39.84797286987305
913, -60.734588831546716, 4, 50.36415092500101, 384, 256476, 256476, 2.501030921936035, 40.168209075927734
914, -179.22949164221063, 2, 33.540491091996955, 255, 256731, 256731, 2.4960334300994873, 40.15473175048828
915, -59.45118940458633, 4, 50.385624771995936, 384, 257115, 257115, 2.463521718978882, 39.91572952270508
916, -54.38704711385071, 4, 50.338459211001464, 384, 257499, 257499, 2.489811658859253, 39.96419906616211
917, -153.79456576006487, 2, 7.532171677004953, 54, 257553, 257553, 2.409972667694092, 39.365699768066406
918, -60.4994393390225, 4, 50.30449303000205, 384, 257937, 257937, 2.4229133129119873, 39.881465911865234
919, -54.327458578394726, 4, 50.367259104998084, 384, 258321, 258321, 2.425043821334839, 40.196651458740234
920, -172.7289234106429, 2, 28.895246607004083, 219, 258540, 258540, 2.366149663925171, 39.89023208618164
921, -179.43944337731227, 2, 32.69027172100323, 247, 258787, 258787, 2.346024513244629, 39.806884765625
922, -170.92182113352465, 2, 21.712654551993182, 163, 258950, 258950, 2.4845073223114014, 40.032470703125
923, -59.024155061808415, 4, 50.37475024699961, 384, 259334, 259334, 2.3758676052093506, 40.04633331298828
924, -80.2058471791097, 4, 50.403119378002884, 385, 259719, 259719, 2.5181455612182617, 39.802337646484375
925, -223.07222452946007, 2, 17.844496621997678, 134, 259853, 259853, 2.47092342376709, 40.0140495300293
926, -47.67884318495635, 4, 50.40297584899963, 384, 260237, 260237, 2.416046619415283, 40.024471282958984
927, -56.18076913559344, 4, 50.405273964002845, 385, 260622, 260622, 2.4743783473968506, 40.06487274169922
928, -161.09727597417077, 2, 18.44917988299858, 138, 260760, 260760, 2.3186287879943848, 39.934696197509766
929, -59.672944515477866, 4, 50.388990063001984, 384, 261144, 261144, 2.431424856185913, 39.98124313354492
930, -48.70888841303531, 4, 50.40282387899788, 384, 261528, 261528, 2.4140586853027344, 39.985355377197266
931, -61.521725742233684, 4, 50.323664909999934, 384, 261912, 261912, 2.417752742767334, 40.14202880859375
932, -64.3464782739029, 4, 50.375693675996445, 384, 262296, 262296, 2.4205658435821533, 40.016666412353516
933, -62.843116773990914, 4, 50.367386252997676, 384, 262680, 262680, 2.415613889694214, 39.89369583129883
934, -64.18637326802491, 4, 50.35672282399901, 384, 263064, 263064, 2.4065916538238525, 39.82648468017578
935, -75.36398544046097, 4, 50.43460628899629, 385, 263449, 263449, 2.511573314666748, 39.86024856567383
936, -158.61749897664413, 2, 7.566722128001857, 54, 263503, 263503, 2.334707498550415, 38.90933609008789
937, -155.92237708019093, 2, 8.932866454997566, 65, 263568, 263568, 2.4759747982025146, 39.620033264160156
938, -64.10132832912495, 4, 50.394663645005494, 385, 263953, 263953, 2.466519832611084, 39.93959426879883
939, -163.0516309614759, 2, 10.901371231004305, 80, 264033, 264033, 2.5591862201690674, 40.419029235839844
940, -59.24760045763105, 4, 50.366329711003345, 384, 264417, 264417, 2.4387669563293457, 39.76005935668945
941, -154.99580556340516, 2, 5.6759702720009955, 40, 264457, 264457, 2.315354347229004, 39.98476028442383
942, -58.54106932505965, 4, 50.38703975499811, 383, 264840, 264840, 2.428391218185425, 39.83588790893555
943, -150.55198101885617, 2, 10.498011417999805, 77, 264917, 264917, 2.5471179485321045, 40.030216217041016
944, -182.11950365758094, 2, 44.67738262500643, 339, 265256, 265256, 2.3985378742218018, 39.67858123779297
945, -63.003865299746394, 4, 50.34870272200351, 384, 265640, 265640, 2.4538652896881104, 39.854007720947266
946, -60.89506869169418, 4, 50.34653543600143, 384, 266024, 266024, 2.4586117267608643, 39.85057830810547
947, -54.84785865149388, 4, 50.41275369699724, 384, 266408, 266408, 2.4390523433685303, 39.85300064086914
948, -71.57332626637071, 4, 50.37809498500428, 384, 266792, 266792, 2.4457285404205322, 39.9423713684082
949, -177.70160506677348, 2, 40.250827816998935, 306, 267098, 267098, 2.4724340438842773, 39.835655212402344
950, -56.44787758246821, 4, 50.450627222999174, 384, 267482, 267482, 2.473956346511841, 39.82821273803711
951, -69.0258610296296, 4, 50.34863323600439, 384, 267866, 267866, 2.337893009185791, 39.8543701171875
952, -174.0699692009366, 2, 49.44254861600348, 376, 268242, 268242, 2.459911823272705, 40.0817985534668
953, -57.86584248174404, 4, 50.42442007500358, 384, 268626, 268626, 2.4255244731903076, 39.94398498535156
954, -43.45408330025384, 4, 50.43232331999752, 384, 269010, 269010, 2.4598686695098877, 39.74342346191406
955, -60.23792712588329, 4, 50.41544028799399, 384, 269394, 269394, 2.3759515285491943, 39.890708923339844
956, -157.65477107112383, 2, 21.741965470995638, 164, 269558, 269558, 2.5296545028686523, 39.85209655761719
957, -41.94883126508648, 4, 50.324316234000435, 384, 269942, 269942, 2.4362435340881348, 39.68691635131836
958, -62.76901452196762, 4, 50.449420130004, 383, 270325, 270325, 2.5410923957824707, 39.67845153808594
959, -58.02763771257014, 4, 50.36293901599856, 384, 270709, 270709, 2.4510209560394287, 39.5782470703125
960, -60.525810059538344, 4, 50.44542522299889, 384, 271093, 271093, 2.419985294342041, 39.74369430541992
961, -151.32669748552144, 2, 6.634718455999973, 47, 271140, 271140, 2.320589303970337, 39.13743591308594
962, -157.473457318265, 2, 9.382421813999827, 68, 271208, 271208, 2.2825279235839844, 39.186790466308594
963, -174.72083863045555, 2, 32.84137334299885, 249, 271457, 271457, 2.3906538486480713, 39.88239669799805
964, -77.56486260949168, 4, 50.3951435140043, 384, 271841, 271841, 2.589669942855835, 39.786312103271484
965, -81.5308994188672, 4, 50.44300705000205, 383, 272224, 272224, 2.4466230869293213, 39.779117584228516
966, -154.34588841204823, 2, 6.89204547299596, 49, 272273, 272273, 2.2707149982452393, 39.268211364746094
967, -48.863940634881146, 4, 50.41249693999998, 384, 272657, 272657, 2.3847906589508057, 39.86088943481445
968, -160.17961252946407, 2, 7.9266909699945245, 57, 272714, 272714, 2.4283101558685303, 39.939083099365234
969, -273.9242520025, 2, 49.16206124500604, 374, 273088, 273088, 2.4250781536102295, 39.69287109375
970, -41.87651435704902, 4, 50.44004311499884, 384, 273472, 273472, 2.5196163654327393, 39.88422775268555
971, -69.69171795206785, 4, 50.36013456299406, 384, 273856, 273856, 2.460383653640747, 39.70383834838867
972, -193.01232990351855, 2, 13.914800254999136, 103, 273959, 273959, 2.5194175243377686, 39.7506103515625
973, -45.7244838704064, 4, 50.4250513779989, 383, 274342, 274342, 2.470846176147461, 39.80067825317383
974, -227.52158545167185, 2, 47.161220783993485, 359, 274701, 274701, 2.4285104274749756, 39.66870880126953
975, -56.85904448595829, 4, 50.32120940900495, 382, 275083, 275083, 2.5149567127227783, 39.68810272216797
976, -53.583577894984046, 4, 50.43829590500536, 384, 275467, 275467, 2.464812994003296, 39.8007926940918
977, -92.41845025494695, 4, 50.41333748400211, 383, 275850, 275850, 2.418245792388916, 39.796913146972656
978, -58.468960927799344, 4, 50.4278195079969, 385, 276235, 276235, 2.415027379989624, 39.78573989868164
979, -50.2228583660326, 4, 50.45497216300282, 383, 276618, 276618, 2.4942991733551025, 39.7771110534668
980, -43.00614124909043, 4, 50.37585581600433, 383, 277001, 277001, 2.406247854232788, 39.55921173095703
981, -73.81933788160677, 4, 50.43572320399835, 384, 277385, 277385, 2.4844448566436768, 39.976654052734375
982, -155.0574509180151, 2, 18.730233317997772, 140, 277525, 277525, 2.44048810005188, 39.75770568847656
983, -53.4355549516622, 4, 50.40186394799821, 383, 277908, 277908, 2.396810293197632, 39.70991897583008
984, -152.4073751421529, 2, 7.261009791996912, 52, 277960, 277960, 2.438321590423584, 39.90443801879883
985, -64.99855356811895, 4, 50.375614555996435, 383, 278343, 278343, 2.482224702835083, 39.98341369628906
986, -58.97069787522196, 4, 50.44406289300241, 384, 278727, 278727, 2.4608867168426514, 39.76287841796875
987, -74.9214901427622, 4, 50.519533243001206, 383, 279110, 279110, 2.44106388092041, 39.56719970703125
988, -71.11380091286264, 4, 50.419321769004455, 383, 279493, 279493, 2.427323341369629, 39.52857208251953
989, -68.45828964590328, 4, 50.36304807599663, 384, 279877, 279877, 2.467733860015869, 39.821041107177734
990, -172.89979547041003, 2, 31.033387769006367, 234, 280111, 280111, 2.4202020168304443, 39.656681060791016
991, -99.00672788266093, 4, 50.361077526999, 383, 280494, 280494, 2.468229293823242, 39.56618881225586
992, -104.10195344313979, 4, 50.42589167000551, 384, 280878, 280878, 2.4693710803985596, 39.697818756103516
993, -55.732903039548546, 4, 50.3422099849995, 383, 281261, 281261, 2.4436392784118652, 39.735084533691406
994, -51.67952908447478, 4, 50.40427067200653, 384, 281645, 281645, 2.404092788696289, 39.347652435302734
995, -64.8665978286881, 4, 50.46674099499796, 383, 282028, 282028, 2.4523658752441406, 39.56278991699219
996, -44.854782243055524, 4, 50.35309097600111, 383, 282411, 282411, 2.4914355278015137, 39.96730041503906
997, -58.52568417682778, 4, 50.435049620995414, 384, 282795, 282795, 2.4182870388031006, 39.70028305053711
998, -53.241751306311926, 4, 50.405502743997204, 383, 283178, 283178, 2.5549049377441406, 39.52413558959961
999, -54.49410082481336, 4, 50.42719382300129, 383, 283561, 283561, 2.5168731212615967, 39.698822021484375
1000, -160.58623511018232, 2, 6.818286713998532, 48, 283609, 283609, 2.7052056789398193, 40.36855697631836
1001, -168.31875171046704, 2, 22.26674558900413, 167, 283776, 283776, 2.533808946609497, 39.832427978515625
1002, -67.48347740364261, 4, 50.37502418299846, 382, 284158, 284158, 2.4754414558410645, 39.649227142333984
1003, -58.121931835776195, 4, 50.409813295002095, 383, 284541, 284541, 2.489091396331787, 39.68818283081055
1004, -63.0840641038958, 4, 50.47503834500094, 383, 284924, 284924, 2.4903509616851807, 39.65778350830078
1005, -44.275357300182804, 4, 50.45646469300118, 382, 285306, 285306, 2.4045701026916504, 39.751953125
1006, -49.65916115802247, 4, 50.436806157995306, 382, 285688, 285688, 2.432713270187378, 39.612449645996094
1007, -76.00708369910717, 4, 50.38016204199812, 381, 286069, 286069, 2.459730625152588, 39.61147689819336
1008, -67.69923697863123, 4, 50.36583400400559, 381, 286450, 286450, 2.3909385204315186, 39.61898422241211
1009, -193.58043830300448, 2, 48.35550369200064, 367, 286817, 286817, 2.423656702041626, 39.58967971801758
1010, -33.64718556043226, 4, 50.472074176002934, 382, 287199, 287199, 2.4674389362335205, 39.66070556640625
1011, -55.670257378631504, 4, 50.44999289599946, 383, 287582, 287582, 2.363659381866455, 39.421138763427734
1012, -50.48923575121444, 4, 50.39413772300031, 382, 287964, 287964, 2.466818332672119, 39.35361862182617
1013, -76.46692400990696, 4, 50.452257220997126, 382, 288346, 288346, 2.4177424907684326, 39.31085205078125
1014, -55.650091831572354, 4, 50.45897411300393, 382, 288728, 288728, 2.5223891735076904, 39.64054489135742
1015, -73.17677290865686, 4, 50.438475964001555, 382, 289110, 289110, 2.427889347076416, 39.45245361328125
1016, -68.38983549061231, 4, 50.33578764099366, 382, 289492, 289492, 2.4275429248809814, 39.180816650390625
1017, -168.73595674487296, 2, 13.346891646004224, 98, 289590, 289590, 2.4522452354431152, 39.23374557495117
1018, -39.915170883148676, 4, 50.435383366995666, 382, 289972, 289972, 2.418349027633667, 39.12211227416992
1019, -59.69919742445927, 4, 50.39797258499311, 382, 290354, 290354, 2.420665979385376, 39.645118713378906
1020, -47.854536053258926, 4, 50.47320994599431, 382, 290736, 290736, 2.39220929145813, 39.50230407714844
1021, -52.85467984480783, 4, 50.43318262200046, 382, 291118, 291118, 2.3917715549468994, 39.489044189453125
1022, -52.98661908035865, 4, 50.49363476000144, 382, 291500, 291500, 2.4532623291015625, 39.48024368286133
1023, -44.85448345853365, 4, 50.4078445280029, 382, 291882, 291882, 2.396519899368286, 39.264644622802734
1024, -39.78471712616738, 4, 50.44706816600228, 382, 292264, 292264, 2.459709882736206, 39.24835205078125
1025, -72.05217804318818, 4, 50.463878597001894, 382, 292646, 292646, 2.4608936309814453, 39.43986129760742
1026, -80.39202855806798, 4, 50.36618137299956, 382, 293028, 293028, 2.3870458602905273, 39.34759521484375
1027, -65.56800574270892, 4, 50.40461950899771, 381, 293409, 293409, 2.3635215759277344, 39.56328582763672
1028, -56.2061311268335, 4, 50.42422631899535, 383, 293792, 293792, 2.3599343299865723, 39.317569732666016
1029, -68.24491691950243, 4, 50.4752015060003, 382, 294174, 294174, 2.4313528537750244, 39.43549346923828
1030, -160.43974858464208, 2, 7.692442576000758, 55, 294229, 294229, 2.4983272552490234, 39.70218276977539
1031, -37.64301179450558, 4, 50.43436337300227, 382, 294611, 294611, 2.474381923675537, 39.62633514404297
1032, -195.34311767178588, 2, 44.8149110220038, 340, 294951, 294951, 2.4195609092712402, 39.3608283996582
1033, -37.1171033133287, 4, 50.455583916998876, 382, 295333, 295333, 2.440598964691162, 39.422584533691406
1034, -92.37811791268177, 4, 50.44628382699739, 380, 295713, 295713, 2.4259512424468994, 39.48045349121094
1035, -79.83991837967187, 4, 50.40305726200313, 382, 296095, 296095, 2.5024781227111816, 39.7545051574707
1036, -33.61021532314771, 4, 50.478395612000895, 382, 296477, 296477, 2.425604820251465, 39.14225769042969
1037, -158.2901051424269, 2, 17.379630126000848, 129, 296606, 296606, 2.320141315460205, 39.67014694213867
1038, -155.9766282888595, 2, 17.347715948999394, 128, 296734, 296734, 2.472975492477417, 38.80196762084961
1039, -180.16067920153728, 2, 39.187244982000266, 296, 297030, 297030, 2.3332037925720215, 39.06376266479492
1040, -31.0457325236639, 4, 50.464063726998575, 382, 297412, 297412, 2.339226245880127, 39.19082260131836
1041, -66.6485027281451, 4, 50.35136110500025, 381, 297793, 297793, 2.453172206878662, 39.355709075927734
1042, -39.17694817893789, 4, 50.38312805000169, 381, 298174, 298174, 2.4284651279449463, 39.18579864501953
1043, -40.94741275184788, 4, 50.390580229999614, 382, 298556, 298556, 2.409508228302002, 39.410892486572266
1044, -161.22827776148915, 2, 10.981087079002464, 80, 298636, 298636, 2.569523572921753, 39.32743453979492
1045, -63.10333860863466, 4, 50.38827138999477, 381, 299017, 299017, 2.514014720916748, 39.28835678100586
1046, -38.82837673579343, 4, 50.47599362300389, 382, 299399, 299399, 2.3992631435394287, 39.28916549682617
1047, -183.08553032251075, 2, 24.647283628000878, 184, 299583, 299583, 2.426365375518799, 39.21747589111328
1048, -65.70387340104207, 4, 50.45532193299732, 382, 299965, 299965, 2.4210851192474365, 39.357051849365234
1049, -47.03821489744587, 4, 50.406778480995854, 382, 300347, 300347, 2.4132609367370605, 39.068031311035156
1050, -44.14598772057798, 4, 50.467265634004434, 381, 300728, 300728, 2.450695037841797, 39.15995407104492
1051, -153.69651400088333, 2, 10.046757651005464, 73, 300801, 300801, 2.3742661476135254, 39.193233489990234
1052, -158.7083378364332, 2, 6.420260569997481, 45, 300846, 300846, 2.666980743408203, 39.49553680419922
1053, -168.28870580959483, 2, 36.141975434002234, 273, 301119, 301119, 2.4273293018341064, 39.18193054199219
1054, -194.8417464963859, 2, 44.88983179900242, 339, 301458, 301458, 2.4112534523010254, 38.96464157104492
1055, -59.98183923731267, 4, 50.36092883800302, 381, 301839, 301839, 2.4727861881256104, 39.14589309692383
1056, -170.02419807133265, 2, 32.17699717800133, 243, 302082, 302082, 2.499816656112671, 39.21258544921875
1057, -154.25385093223304, 2, 8.887949080999533, 64, 302146, 302146, 2.610684871673584, 39.125247955322266
1058, -74.4738567963941, 4, 50.46288865999668, 382, 302528, 302528, 2.327606439590454, 39.14407730102539
1059, -75.21805239040987, 4, 50.4973856850047, 381, 302909, 302909, 2.4519119262695312, 39.211910247802734
1060, -72.0934939654544, 4, 50.462699345000146, 381, 303290, 303290, 2.4146385192871094, 39.116127014160156
1061, -42.26277865539305, 4, 50.490238183003385, 381, 303671, 303671, 2.39259934425354, 39.186222076416016
1062, -258.85731841926463, 2, 46.94227553199744, 354, 304025, 304025, 2.453495740890503, 39.4200325012207
1063, -57.44824585574679, 4, 50.40585562599881, 381, 304406, 304406, 2.525557041168213, 39.46498107910156
1064, -159.47103613847867, 2, 10.560174779995577, 77, 304483, 304483, 2.4107918739318848, 38.66065216064453
1065, -171.76409322937252, 2, 29.985462393997295, 225, 304708, 304708, 2.454353094100952, 39.51936721801758
1066, -62.31013516582607, 4, 50.39132209899981, 381, 305089, 305089, 2.5039806365966797, 39.217010498046875
1067, -58.009503550536465, 4, 50.46220570099831, 382, 305471, 305471, 2.4120359420776367, 39.02824783325195
1068, -66.10070859448751, 4, 50.48434453899972, 382, 305853, 305853, 2.4786105155944824, 39.47119903564453
1069, -59.317953248973936, 4, 50.4048091720033, 382, 306235, 306235, 2.478533983230591, 39.26565170288086
1070, -154.17673947568983, 2, 7.95172506000381, 57, 306292, 306292, 2.385270833969116, 38.82230758666992
1071, -57.36820698925294, 4, 50.37248339699727, 381, 306673, 306673, 2.4550130367279053, 39.0814323425293
1072, -80.69034312991425, 4, 50.52758578400244, 382, 307055, 307055, 2.4550302028656006, 39.32577133178711
1073, -60.30190374958329, 4, 50.41246509699704, 381, 307436, 307436, 2.4470388889312744, 39.32184600830078
1074, -158.09000247262884, 2, 8.609748459006369, 62, 307498, 307498, 2.40637469291687, 39.369850158691406
1075, -57.819309883750975, 4, 50.41239207799663, 381, 307879, 307879, 2.430938243865967, 39.15628433227539
1076, -182.75589576212224, 2, 32.46818381900084, 244, 308123, 308123, 2.542120933532715, 39.49125671386719
1077, -157.0527172689326, 2, 6.564721479000582, 46, 308169, 308169, 2.4437053203582764, 39.349735260009766
1078, -36.37932243687101, 4, 50.541435069004365, 382, 308551, 308551, 2.513550043106079, 39.19664001464844
1079, -69.269506839104, 4, 50.457324223003525, 382, 308933, 308933, 2.4586422443389893, 39.161190032958984
1080, -41.07949350227136, 4, 50.414268419997825, 381, 309314, 309314, 2.5001702308654785, 39.261863708496094
1081, -94.18071919120848, 4, 50.42873208799574, 382, 309696, 309696, 2.444991111755371, 39.30169677734375
1082, -173.5613380037248, 2, 33.995984691995545, 256, 309952, 309952, 2.426287889480591, 39.40949630737305
1083, -38.510828701546416, 4, 50.36893055300607, 381, 310333, 310333, 2.4148261547088623, 39.05519104003906
1084, -175.3605556115508, 2, 18.212584900000365, 135, 310468, 310468, 2.445387363433838, 38.879154205322266
1085, -69.30679717916064, 4, 50.39426930799527, 382, 310850, 310850, 2.432365655899048, 39.15376281738281
1086, -148.9748227391392, 2, 11.095076705001702, 81, 310931, 310931, 2.486600637435913, 38.99970626831055
1087, -58.412775050266646, 4, 50.392935492003744, 380, 311311, 311311, 2.5206425189971924, 39.209468841552734
1088, -156.62535722693428, 2, 8.630520799000806, 62, 311373, 311373, 2.4892101287841797, 39.326297760009766
1089, -154.8926502955146, 2, 9.378447857998253, 68, 311441, 311441, 2.5266549587249756, 39.33649444580078
1090, -82.88404048979282, 4, 50.527150291003636, 381, 311822, 311822, 2.5445218086242676, 39.34872055053711
1091, -59.15671405696776, 4, 50.486092592000205, 382, 312204, 312204, 2.497288942337036, 39.20830535888672
1092, -201.5715568489395, 2, 41.40599780699995, 311, 312515, 312515, 2.530477285385132, 39.227020263671875
1093, -168.39168665243778, 2, 30.8147764000023, 231, 312746, 312746, 2.457442045211792, 39.14043426513672
1094, -46.03345981868915, 4, 50.492279186000815, 382, 313128, 313128, 2.535674810409546, 39.21770095825195
1095, -150.5225109574385, 2, 14.576644448003208, 107, 313235, 313235, 2.502636671066284, 39.13773727416992
1096, -159.7689034799114, 2, 11.504756405993248, 84, 313319, 313319, 2.4417355060577393, 39.29563522338867
1097, -65.84346075251233, 4, 50.52219779500592, 382, 313701, 313701, 2.470362663269043, 39.24787902832031
1098, -34.90880107821431, 4, 50.41277106000052, 381, 314082, 314082, 2.4594132900238037, 39.15071105957031
1099, -58.32334145333152, 4, 50.47528632200556, 382, 314464, 314464, 2.559056043624878, 39.293148040771484
1100, -44.845461416880426, 4, 50.52490226899681, 381, 314845, 314845, 2.443814516067505, 39.283302307128906
1101, -52.63559027443989, 4, 50.43886935100454, 382, 315227, 315227, 2.5698840618133545, 39.377723693847656
1102, -197.86786051420495, 2, 43.358958985001664, 328, 315555, 315555, 2.4627580642700195, 39.26966857910156
1103, -62.58155106310733, 4, 50.414865705999546, 380, 315935, 315935, 2.5253448486328125, 39.33055114746094
1104, -153.8992396304384, 2, 14.0306690360012, 103, 316038, 316038, 2.476208209991455, 38.798519134521484
1105, -53.05271525681019, 4, 50.50978453599964, 382, 316420, 316420, 2.6269519329071045, 39.26788330078125
1106, -76.38886369764805, 4, 50.52644493700063, 381, 316801, 316801, 2.4388959407806396, 39.34633255004883
1107, -152.51579859177582, 2, 7.84472653499688, 56, 316857, 316857, 2.4052090644836426, 39.41425323486328
1108, -156.03343386016786, 2, 4.5717246499989415, 31, 316888, 316888, 2.1733696460723877, 38.89828872680664
1109, -44.13150072383269, 4, 50.45782485099335, 380, 317268, 317268, 2.4786322116851807, 39.44314193725586
1110, -58.021024012428825, 4, 50.508715331998246, 383, 317651, 317651, 2.5555317401885986, 39.250701904296875
1111, -151.82367847193046, 2, 13.15858882300381, 97, 317748, 317748, 2.5655815601348877, 39.29961013793945
1112, -66.44509340310469, 4, 50.430199210000865, 381, 318129, 318129, 2.5069475173950195, 39.33952713012695
1113, -62.92415763367899, 4, 50.46484043599776, 381, 318510, 318510, 2.602947473526001, 39.5921516418457
1114, -36.667446533741895, 4, 50.38916862200131, 381, 318891, 318891, 2.5321168899536133, 39.27857971191406
1115, -153.04387652873993, 2, 6.950911179999821, 49, 318940, 318940, 2.5930864810943604, 39.12844467163086
1116, -63.66276580886915, 4, 50.41049300599843, 381, 319321, 319321, 2.5067713260650635, 39.31585693359375
1117, -47.38653543172404, 4, 50.573182022002584, 381, 319702, 319702, 2.5338122844696045, 39.45490264892578
1118, -58.62311203859281, 4, 50.42379342200002, 381, 320083, 320083, 2.5277395248413086, 39.4669189453125
1119, -43.45313069247641, 4, 50.42868434800039, 381, 320464, 320464, 2.5606184005737305, 39.185203552246094
1120, -55.175891004677396, 4, 50.42245196700242, 381, 320845, 320845, 2.56034779548645, 39.41303634643555
1121, -29.945484995492734, 4, 50.47727886800567, 380, 321225, 321225, 2.5620946884155273, 39.59209060668945
1122, -47.513033824274316, 4, 50.48826328999712, 381, 321606, 321606, 2.5530643463134766, 39.26039505004883
1123, -148.47510520275682, 2, 12.133422406994214, 89, 321695, 321695, 2.6322720050811768, 39.218257904052734
1124, -172.6284307994647, 2, 26.49875796100241, 198, 321893, 321893, 2.498569965362549, 39.41316604614258
1125, -62.946780844256864, 4, 50.45319140900392, 380, 322273, 322273, 2.552844285964966, 39.204891204833984
1126, -183.66055425570812, 2, 41.992411671999434, 316, 322589, 322589, 2.5831964015960693, 39.560909271240234
1127, -59.13585066446103, 4, 50.558506668996415, 382, 322971, 322971, 2.5351061820983887, 39.177940368652344
1128, -64.82520712178666, 4, 50.53498807599681, 382, 323353, 323353, 2.550251007080078, 39.444175720214844
1129, -50.21392580984684, 4, 50.55099509499996, 381, 323734, 323734, 2.511505126953125, 39.47832489013672
1130, -35.574919014878105, 4, 50.49046586500481, 380, 324114, 324114, 2.526388645172119, 39.42329025268555
1131, -72.05152562007424, 4, 50.474677733000135, 381, 324495, 324495, 2.576798677444458, 39.558624267578125
1132, -50.982751331699546, 4, 50.5034809600038, 381, 324876, 324876, 2.5231683254241943, 39.427162170410156
1133, -78.75290221243631, 4, 50.43192343100236, 381, 325257, 325257, 2.4614691734313965, 39.18106460571289
1134, -194.17454096046276, 2, 40.85417951000272, 307, 325564, 325564, 2.4652469158172607, 39.56923294067383
1135, -84.96438038378255, 4, 50.40405801599991, 380, 325944, 325944, 2.494577407836914, 39.358951568603516
1136, -161.09658637922257, 2, 8.230412780001643, 59, 326003, 326003, 2.711470603942871, 39.54737091064453
1137, -148.89791100332513, 2, 13.11588009299885, 96, 326099, 326099, 2.6637332439422607, 39.45145797729492
1138, -50.65036258363398, 4, 50.43902199900185, 381, 326480, 326480, 2.5356242656707764, 39.47478485107422
1139, -47.222285640309565, 4, 50.54584568100108, 382, 326862, 326862, 2.5196523666381836, 39.59031295776367
1140, -157.24103295849636, 2, 17.072669492001296, 126, 326988, 326988, 2.547273635864258, 39.49583053588867
1141, -50.282392403067206, 4, 50.478764832994784, 381, 327369, 327369, 2.633556365966797, 39.379520416259766
1142, -59.981736313551664, 4, 50.48325921599462, 381, 327750, 327750, 2.4964630603790283, 39.47978591918945
1143, -68.87050014093984, 4, 50.48549044999527, 381, 328131, 328131, 2.564528465270996, 39.47675323486328
1144, -75.10249279695563, 4, 50.519717548995686, 381, 328512, 328512, 2.600175142288208, 40.005245208740234
1145, -67.02720672931173, 4, 50.42893320800067, 381, 328893, 328893, 2.5311086177825928, 39.64469909667969
1146, -52.08282908180263, 4, 50.48478702099965, 380, 329273, 329273, 2.5635805130004883, 39.54872131347656
1147, -59.10162208415568, 4, 50.54303200999857, 380, 329653, 329653, 2.534412145614624, 39.57282257080078
1148, -40.950296834576875, 4, 50.49134462400252, 381, 330034, 330034, 2.583332061767578, 39.63676071166992
1149, -50.40888582801563, 4, 50.529338524000195, 381, 330415, 330415, 2.546025037765503, 39.89536666870117
1150, -89.00216607900802, 4, 50.53128558499884, 380, 330795, 330795, 2.4876761436462402, 39.675289154052734
1151, -170.84306465031113, 2, 30.476647864998085, 228, 331023, 331023, 2.5109663009643555, 39.44860076904297
1152, -154.36793909594417, 2, 9.442539870993642, 68, 331091, 331091, 2.402787208557129, 38.967105865478516
1153, -31.045369854591627, 4, 50.57507846599765, 381, 331472, 331472, 2.5439400672912598, 39.42930221557617
1154, -48.01830896851607, 4, 50.485258555003384, 380, 331852, 331852, 2.4668662548065186, 39.42545700073242
1155, -42.22857136145467, 4, 50.4571402579968, 380, 332232, 332232, 2.443814516067505, 39.23310089111328
1156, -155.9248169772327, 2, 8.404221676006273, 60, 332292, 332292, 2.5869288444519043, 40.21464920043945
1157, -80.19953116630495, 4, 50.54151386399462, 381, 332673, 332673, 2.5280771255493164, 39.45984649658203
1158, -160.28430442279205, 2, 9.872493759001372, 71, 332744, 332744, 2.5860588550567627, 39.604286193847656
1159, -62.225152951374184, 4, 50.513336896998226, 380, 333124, 333124, 2.4406347274780273, 39.76314163208008
1160, -72.1771612400189, 4, 50.553593338998326, 382, 333506, 333506, 2.5492329597473145, 39.43963623046875
1161, -54.78563006944023, 4, 50.468491635001556, 380, 333886, 333886, 2.5209219455718994, 39.416297912597656
1162, -160.16254620996187, 2, 18.702077881003788, 139, 334025, 334025, 2.5694427490234375, 39.4769401550293
1163, -202.15519757871516, 2, 48.010317322994524, 362, 334387, 334387, 2.5616095066070557, 39.56113052368164
1164, -73.51428338419646, 4, 50.55518556199968, 381, 334768, 334768, 2.6076231002807617, 39.57179641723633
1165, -84.19979978725314, 4, 50.470028659998206, 380, 335148, 335148, 2.540121078491211, 39.645530700683594
1166, -50.885216287890216, 4, 50.46887477100245, 381, 335529, 335529, 2.596553325653076, 39.55873107910156
1167, -58.70912495465018, 4, 50.46162928800186, 380, 335909, 335909, 2.517547369003296, 39.47727584838867
1168, -58.82568987074774, 4, 50.580443250000826, 382, 336291, 336291, 2.5507986545562744, 39.232666015625
1169, -147.58578478975687, 2, 12.857730590003484, 94, 336385, 336385, 2.5457773208618164, 39.65005111694336
1170, -55.24065273517044, 4, 50.49236981500144, 381, 336766, 336766, 2.5604376792907715, 39.47996520996094
1171, -203.29566419450566, 2, 49.44573695299914, 372, 337138, 337138, 2.58719539642334, 39.623897552490234
1172, -78.02021644311026, 4, 50.53002639499755, 381, 337519, 337519, 2.559859037399292, 39.774227142333984
1173, -51.644179800059646, 4, 50.56007042199781, 381, 337900, 337900, 2.5573432445526123, 39.49770736694336
1174, -53.68454432611179, 4, 50.52687114999571, 381, 338281, 338281, 2.5227067470550537, 40.021995544433594
1175, -74.66686464613304, 4, 50.51628071600135, 380, 338661, 338661, 2.6355602741241455, 39.76000213623047
1176, -67.5165829800244, 4, 50.56605949599907, 381, 339042, 339042, 2.5137088298797607, 39.55410385131836
1177, -173.4540376421064, 2, 15.9100388309962, 117, 339159, 339159, 2.569380283355713, 39.67048645019531
1178, -55.096374976681545, 4, 50.506383974003256, 380, 339539, 339539, 2.5131471157073975, 39.656490325927734
1179, -201.7460345015861, 2, 39.18819741799962, 294, 339833, 339833, 2.5599915981292725, 39.777523040771484
1180, -52.288265349925496, 4, 50.53940355999657, 381, 340214, 340214, 2.57088041305542, 39.94776153564453
1181, -46.97843556897715, 4, 50.46510332500475, 381, 340595, 340595, 2.563112735748291, 39.69112014770508
1182, -49.022162461595144, 4, 50.53426931600552, 381, 340976, 340976, 2.518360137939453, 39.77997970581055
1183, -52.131385101005435, 4, 50.46158400000422, 381, 341357, 341357, 2.52374267578125, 39.77649688720703
1184, -66.69850625002437, 4, 50.46843662200263, 381, 341738, 341738, 2.513554096221924, 39.65046310424805
1185, -166.72406315337867, 2, 13.945594265998807, 102, 341840, 341840, 2.58430814743042, 39.75175476074219
1186, -250.1820668380824, 2, 41.681029118997685, 313, 342153, 342153, 2.5412893295288086, 39.73318862915039
1187, -55.138108929852024, 4, 50.49048856299487, 381, 342534, 342534, 2.549715757369995, 39.85770034790039
1188, -60.48867234867066, 4, 50.54010353299964, 381, 342915, 342915, 2.5762526988983154, 39.936527252197266
1189, -58.89796185166051, 4, 50.55196870800137, 380, 343295, 343295, 2.531165838241577, 39.85879898071289
1190, -41.69824314338621, 4, 50.515002668005764, 381, 343676, 343676, 2.503488063812256, 39.774322509765625
1191, -167.0376918404363, 2, 34.35447917199781, 257, 343933, 343933, 2.612889289855957, 39.87139129638672
1192, -152.6670774926897, 2, 16.043812203002744, 118, 344051, 344051, 2.611076593399048, 39.678348541259766
1193, -59.26521688350476, 4, 50.5485126679996, 381, 344432, 344432, 2.5728824138641357, 39.82170867919922
1194, -161.08440266922116, 2, 9.537065103002533, 69, 344501, 344501, 2.5008599758148193, 39.89509201049805
1195, -54.8965457258746, 4, 50.56285829599801, 381, 344882, 344882, 2.626812219619751, 39.844200134277344
1196, -73.29764228282147, 4, 50.49554246800108, 380, 345262, 345262, 2.557013988494873, 39.66817092895508
1197, -72.86790061648935, 4, 50.451165172999026, 380, 345642, 345642, 2.686493158340454, 39.91534423828125
1198, -78.1838706843555, 4, 50.60780241100292, 382, 346024, 346024, 2.608811855316162, 39.77691650390625
1199, -73.22294203552883, 4, 50.532273650002026, 381, 346405, 346405, 2.621826171875, 39.907283782958984
1200, -62.02118028825498, 4, 50.48410648499703, 380, 346785, 346785, 2.534271001815796, 39.94949722290039
1201, -57.831200973829255, 4, 50.53658093699778, 381, 347166, 347166, 2.5682897567749023, 39.988346099853516
1202, -154.91888350970112, 2, 7.319928857999912, 52, 347218, 347218, 2.6140427589416504, 40.357540130615234
1203, -160.26308687473647, 2, 23.795985464996193, 177, 347395, 347395, 2.573916435241699, 39.90928649902344
1204, -194.87654661596753, 2, 39.041098323999904, 293, 347688, 347688, 2.647695541381836, 39.927364349365234
1205, -167.37328791653272, 2, 25.465965793002397, 190, 347878, 347878, 2.607038974761963, 40.13884353637695
1206, -164.66445923689753, 2, 12.878760483996302, 94, 347972, 347972, 2.7154619693756104, 40.27555847167969
1207, -51.43123087985441, 4, 50.585028787005285, 381, 348353, 348353, 2.6185927391052246, 40.070533752441406
1208, -58.273232077946886, 4, 50.62855890299397, 381, 348734, 348734, 2.638514518737793, 40.0999870300293
1209, -156.13269805337768, 2, 15.514018074994965, 114, 348848, 348848, 2.6266019344329834, 39.80543518066406
1210, -93.68522582901642, 4, 50.56876365200151, 381, 349229, 349229, 2.658947229385376, 40.061248779296875
1211, -54.40236283140257, 4, 50.6027527490005, 382, 349611, 349611, 2.5726938247680664, 39.74184036254883
1212, -59.66365668647268, 4, 50.636996768000245, 382, 349993, 349993, 2.6849536895751953, 39.855628967285156
1213, -72.14452706591692, 4, 50.46972923800058, 380, 350373, 350373, 2.58689546585083, 40.048919677734375
1214, -56.12577119702473, 4, 50.57469283899991, 381, 350754, 350754, 2.607797145843506, 40.00439453125
1215, -53.90768620365998, 4, 50.487554478000675, 381, 351135, 351135, 2.637600898742676, 39.85649108886719
1216, -244.14098664652556, 2, 32.37059906099603, 242, 351377, 351377, 2.6585311889648438, 40.042518615722656
1217, -63.23594363150187, 4, 50.626320211005805, 381, 351758, 351758, 2.62834095954895, 39.87175750732422
1218, -176.97152384291985, 2, 31.182425314000284, 234, 351992, 351992, 2.651679515838623, 40.01864242553711
1219, -72.13450086780358, 4, 50.605089803997544, 381, 352373, 352373, 2.6198928356170654, 40.06623077392578
1220, -63.39611199044157, 4, 50.55759418300295, 381, 352754, 352754, 2.5628278255462646, 39.8332405090332
1221, -57.26865019090474, 4, 50.55210131099739, 381, 353135, 353135, 2.699883222579956, 39.946571350097656
1222, -163.9955508131534, 2, 26.105204918996606, 195, 353330, 353330, 2.635251760482788, 40.00201416015625
1223, -43.79049154568929, 4, 50.55577933400491, 381, 353711, 353711, 2.654115915298462, 40.131858825683594
1224, -62.68252350491821, 4, 50.48569736100035, 380, 354091, 354091, 2.638977527618408, 40.064144134521484
1225, -60.585915565883624, 4, 50.57840278399817, 382, 354473, 354473, 2.6453964710235596, 40.23412322998047
1226, -164.29849202232435, 2, 15.006678916994133, 110, 354583, 354583, 2.6225388050079346, 40.04032897949219
1227, -57.350122447591275, 4, 50.47872362299677, 380, 354963, 354963, 2.6728594303131104, 40.107688903808594
1228, -158.92118245223537, 2, 9.551860334999219, 69, 355032, 355032, 2.5101213455200195, 40.0718994140625
1229, -56.40268182911677, 4, 50.51870241599681, 381, 355413, 355413, 2.672895669937134, 40.03383255004883
1230, -73.33457521139644, 4, 50.571232607995626, 381, 355794, 355794, 2.5862503051757812, 40.06991958618164
1231, -209.65548184188083, 2, 36.90456520099542, 276, 356070, 356070, 2.5825653076171875, 40.083152770996094
1232, -73.40518796164542, 4, 50.597422908002045, 381, 356451, 356451, 2.60269832611084, 39.77178192138672
1233, -78.5583853579592, 4, 50.609152076998726, 381, 356832, 356832, 2.6196508407592773, 39.842620849609375
1234, -157.9414292089641, 2, 7.730907270000898, 55, 356887, 356887, 2.6975014209747314, 40.4575080871582
1235, -65.24833457381465, 4, 50.505514820004464, 380, 357267, 357267, 2.658595561981201, 39.8704948425293
1236, -162.47976669296622, 2, 8.943234810998547, 64, 357331, 357331, 2.552065849304199, 40.18312454223633
1237, -60.06843505939469, 4, 50.52572290399985, 380, 357711, 357711, 2.705967664718628, 40.0941047668457
1238, -90.04739395552315, 4, 50.48720534399763, 380, 358091, 358091, 2.5292515754699707, 40.116493225097656
1239, -205.04923572484404, 2, 35.09950889299944, 263, 358354, 358354, 2.613893508911133, 40.22591781616211
1240, -66.52577859192388, 4, 50.60170920299424, 381, 358735, 358735, 2.538996934890747, 39.954994201660156
1241, -55.36824198206887, 4, 50.653157503998955, 381, 359116, 359116, 2.6554038524627686, 40.169620513916016
1242, -48.50020087370649, 4, 50.50666590599576, 380, 359496, 359496, 2.6215784549713135, 40.235198974609375
1243, -62.63998931791866, 4, 50.62921465699765, 380, 359876, 359876, 2.6345956325531006, 40.32920455932617
1244, -64.1969493253855, 4, 50.599224646997754, 381, 360257, 360257, 2.6603331565856934, 40.109317779541016
1245, -73.28094396553934, 4, 50.530096481998044, 380, 360637, 360637, 2.563826084136963, 40.20724868774414
1246, -190.60654585466546, 2, 28.818906266998965, 215, 360852, 360852, 2.5207326412200928, 40.236419677734375
1247, -73.52818936191034, 4, 50.513226459996076, 380, 361232, 361232, 2.5729010105133057, 40.11155319213867
1248, -149.16762393619865, 2, 10.155054478003876, 73, 361305, 361305, 2.6595356464385986, 40.01137924194336
1249, -60.60131032252684, 4, 50.64014825600316, 382, 361687, 361687, 2.6203136444091797, 39.87530517578125
1250, -55.15892365400214, 4, 50.53618380000262, 381, 362068, 362068, 2.605483055114746, 40.1368293762207
1251, -53.59965990111232, 4, 50.57232224499603, 380, 362448, 362448, 2.6970279216766357, 40.20054244995117
1252, -78.89479757566005, 4, 50.49128519599617, 381, 362829, 362829, 2.6688179969787598, 40.40597915649414
1253, -76.16383163549472, 4, 50.601549971004715, 382, 363211, 363211, 2.6377670764923096, 39.978790283203125
1254, -66.32274654472712, 4, 50.577429965997, 381, 363592, 363592, 2.592038869857788, 40.278785705566406
1255, -64.59867038077209, 4, 50.63014140899759, 381, 363973, 363973, 2.609147071838379, 39.847991943359375
1256, -67.03107913048007, 4, 50.55281094699603, 381, 364354, 364354, 2.6275761127471924, 40.50498962402344
1257, -45.10323484346736, 4, 50.50526994100073, 380, 364734, 364734, 2.563230276107788, 39.99421310424805
1258, -54.715048061159905, 4, 50.51750002799963, 380, 365114, 365114, 2.616006374359131, 40.282772064208984
1259, -208.01377237704583, 2, 47.26783355499356, 356, 365470, 365470, 2.6003849506378174, 40.20961380004883
1260, -42.58980606592013, 4, 50.59376858299947, 381, 365851, 365851, 2.639739751815796, 40.38233184814453
1261, -79.98667441454018, 4, 50.619204495000304, 382, 366233, 366233, 2.576376438140869, 40.15349578857422
1262, -168.13125077576842, 2, 32.564761276000354, 244, 366477, 366477, 2.537471055984497, 39.764183044433594
1263, -175.12344722730631, 2, 36.86167634299636, 277, 366754, 366754, 2.632481098175049, 40.196231842041016
1264, -232.2760425318993, 2, 45.778990046994295, 344, 367098, 367098, 2.661471128463745, 40.2129020690918
1265, -46.26516273326706, 4, 50.55592902699573, 380, 367478, 367478, 2.650387763977051, 40.27093505859375
1266, -75.21443289966555, 4, 50.53834186399763, 380, 367858, 367858, 2.639265298843384, 40.103084564208984
1267, -37.0577764943082, 4, 50.58154247300263, 380, 368238, 368238, 2.6265931129455566, 40.2215461730957
1268, -181.96410267287865, 2, 36.29063852199761, 272, 368510, 368510, 2.650289297103882, 39.9834098815918
1269, -68.94546112255193, 4, 50.569206823005516, 379, 368889, 368889, 2.6569364070892334, 40.181270599365234
1270, -69.94129836483626, 4, 50.536396941999556, 379, 369268, 369268, 2.609856128692627, 40.11171340942383
1271, -80.8953073656885, 4, 50.587249378004344, 380, 369648, 369648, 2.6335229873657227, 40.07688903808594
1272, -58.85336998406274, 4, 50.61595305299852, 380, 370028, 370028, 2.6121277809143066, 40.32234191894531
1273, -72.62634668312967, 4, 50.60602745199867, 381, 370409, 370409, 2.5490782260894775, 40.275691986083984
1274, -59.94506504986202, 4, 50.5141632110026, 380, 370789, 370789, 2.59110689163208, 40.12668228149414
1275, -53.176179958856665, 4, 50.53763318900019, 380, 371169, 371169, 2.5624120235443115, 40.11212921142578
1276, -194.0659568492556, 2, 34.12008030099969, 255, 371424, 371424, 2.560863494873047, 40.09545135498047
1277, -158.3220615812752, 2, 11.331089656006952, 82, 371506, 371506, 2.633807420730591, 40.01705551147461
1278, -71.67283841501921, 4, 50.624110505996214, 380, 371886, 371886, 2.6123898029327393, 40.19845199584961
1279, -157.46834082482383, 2, 15.808785211003851, 116, 372002, 372002, 2.692824602127075, 39.87338638305664
1280, -91.60235805623233, 4, 50.59227418600494, 380, 372382, 372382, 2.6344332695007324, 40.33353042602539
1281, -203.8754412396811, 2, 42.121348615997704, 316, 372698, 372698, 2.6816980838775635, 40.2155876159668
1282, -50.86117132846266, 4, 50.59453579199908, 380, 373078, 373078, 2.605142116546631, 40.14704895019531
1283, -55.21580354336038, 4, 50.55176581499836, 380, 373458, 373458, 2.5447845458984375, 40.06993103027344
1284, -64.76596747850999, 4, 50.67340853400674, 380, 373838, 373838, 2.53784441947937, 40.19306564331055
1285, -68.0181617627386, 4, 50.629834830004256, 380, 374218, 374218, 2.5933492183685303, 40.202308654785156
1286, -62.75548858361435, 4, 50.57979210600024, 380, 374598, 374598, 2.5857675075531006, 40.073890686035156
1287, -150.01711392682046, 2, 10.409101721001207, 75, 374673, 374673, 2.5130529403686523, 39.914337158203125
1288, -62.98721246779314, 4, 50.55471233900607, 380, 375053, 375053, 2.5674328804016113, 40.25547790527344
1289, -65.58830979769118, 4, 50.5139518970027, 379, 375432, 375432, 2.554619789123535, 39.988014221191406
1290, -184.17743009023252, 2, 33.926088621003146, 253, 375685, 375685, 2.5549392700195312, 40.05275344848633
1291, -45.594921383672045, 4, 50.57884689300408, 380, 376065, 376065, 2.55918025970459, 40.21220016479492
1292, -71.91464059340069, 4, 50.63767602000007, 380, 376445, 376445, 2.681788444519043, 40.4398193359375
1293, -156.45624672621489, 2, 4.452966240001842, 30, 376475, 376475, 2.673243284225464, 40.5896110534668
1294, -60.91075097065186, 4, 50.59723054999631, 379, 376854, 376854, 2.627279043197632, 40.184329986572266
1295, -150.1765570778516, 2, 14.348626764003711, 105, 376959, 376959, 2.4520294666290283, 39.96171569824219
1296, -58.40818692283938, 4, 50.56865313900198, 379, 377338, 377338, 2.5952398777008057, 40.348941802978516
1297, -60.95907668094151, 4, 50.59415374499804, 380, 377718, 377718, 2.573085308074951, 39.741695404052734
1298, -58.55398887721822, 4, 50.588218038996274, 380, 378098, 378098, 2.58171010017395, 39.885780334472656
1299, -50.03430507797748, 4, 50.62629624400142, 380, 378478, 378478, 2.5952939987182617, 39.96798324584961
1300, -166.62947867633193, 2, 24.238229946997308, 180, 378658, 378658, 2.566861391067505, 39.95881652832031
1301, -54.48023994703544, 4, 50.58297968800616, 379, 379037, 379037, 2.5468640327453613, 40.00151062011719
1302, -59.61300234233204, 4, 50.599780854005076, 379, 379416, 379416, 2.5520269870758057, 40.2305908203125
1303, -52.036355717806146, 4, 50.55706269100483, 379, 379795, 379795, 2.5419225692749023, 40.23215103149414
1304, -65.1385430257651, 4, 50.623141920004855, 380, 380175, 380175, 2.61677885055542, 39.88323211669922
1305, -160.92860375298187, 2, 9.501821350997488, 68, 380243, 380243, 2.5933144092559814, 39.696624755859375
1306, -62.506373440424795, 4, 50.55653449500096, 378, 380621, 380621, 2.620284080505371, 40.03082275390625
1307, -39.92097687837668, 4, 50.6512142520005, 380, 381001, 381001, 2.470937728881836, 40.133399963378906
1308, -67.71207651068835, 4, 50.69585542799905, 380, 381381, 381381, 2.486048698425293, 39.69507598876953
1309, -60.919157286174595, 4, 50.60281878599926, 379, 381760, 381760, 2.6167426109313965, 39.90098571777344
1310, -159.8438230754109, 2, 21.795511581003666, 161, 381921, 381921, 2.571685314178467, 40.1224365234375
1311, -158.5491850824328, 2, 16.559082226005557, 122, 382043, 382043, 2.7167930603027344, 40.15983963012695
1312, -73.23124248418026, 4, 50.63565969699994, 379, 382422, 382422, 2.5579707622528076, 40.08371353149414
1313, -57.86246589315124, 4, 50.59942843799945, 378, 382800, 382800, 2.5330471992492676, 40.255775451660156
1314, -207.27749788514302, 2, 49.91751398100314, 374, 383174, 383174, 2.6131882667541504, 40.026634216308594
1315, -43.24860493930464, 4, 50.64062966900383, 380, 383554, 383554, 2.573713541030884, 40.15629196166992
1316, -184.55730267925537, 2, 41.546525697995094, 311, 383865, 383865, 2.5747785568237305, 40.27334976196289
1317, -44.65384110528976, 4, 50.69935507899936, 379, 384244, 384244, 2.560213088989258, 39.5803337097168
1318, -48.21878227373236, 4, 50.635125025997695, 380, 384624, 384624, 2.593449354171753, 39.95624923706055
1319, -40.82902892079437, 4, 50.55679704099748, 379, 385003, 385003, 2.5841245651245117, 39.956302642822266
1320, -36.96044867578894, 4, 50.664685060997726, 380, 385383, 385383, 2.5348260402679443, 40.00577163696289
1321, -167.0577074848261, 2, 35.600195268998505, 266, 385649, 385649, 2.5454814434051514, 39.578102111816406
1322, -63.7781211254478, 4, 50.63332892499602, 380, 386029, 386029, 2.5823919773101807, 39.980621337890625
1323, -158.97711132699624, 2, 21.309867062002013, 157, 386186, 386186, 2.5000340938568115, 39.96720886230469
1324, -174.0000488429796, 2, 16.812343245001102, 123, 386309, 386309, 2.55614972114563, 40.17613220214844
1325, -178.58269822660077, 2, 39.77760740699887, 298, 386607, 386607, 2.60591197013855, 40.02436065673828
1326, -67.38134431373328, 4, 50.59858838799846, 379, 386986, 386986, 2.5876576900482178, 40.206485748291016
1327, -53.59859426430194, 4, 50.56085390700173, 379, 387365, 387365, 2.535320997238159, 39.93665313720703
1328, -78.1346616273513, 4, 50.65781121200416, 380, 387745, 387745, 2.603410005569458, 39.9388427734375
1329, -68.87808965193108, 4, 50.69907602400053, 379, 388124, 388124, 2.502155303955078, 39.8675537109375
1330, -71.66029604902724, 4, 50.64387932400132, 380, 388504, 388504, 2.6387882232666016, 40.09014892578125
1331, -56.9560034397291, 4, 50.61783255100454, 379, 388883, 388883, 2.549293041229248, 39.89495849609375
1332, -161.89539298410818, 2, 16.109798994999437, 118, 389001, 389001, 2.631648540496826, 40.01437759399414
1333, -55.806872509478126, 4, 50.67801800100278, 380, 389381, 389381, 2.567650318145752, 39.75679397583008
1334, -70.92569062719122, 4, 50.594559682998806, 379, 389760, 389760, 2.6140382289886475, 40.001529693603516
1335, -79.41637510061264, 4, 50.7572303449997, 377, 390137, 390137, 2.599919319152832, 39.804039001464844
1336, -58.7938565032091, 4, 50.641143457003636, 380, 390517, 390517, 2.629333019256592, 39.95407485961914
1337, -54.98068079596851, 4, 50.67459880199749, 379, 390896, 390896, 2.512535572052002, 39.86857986450195
1338, -79.9987648553215, 4, 50.690962083004706, 380, 391276, 391276, 2.6477346420288086, 39.92911148071289
1339, -63.43750472352258, 4, 50.64663282600668, 380, 391656, 391656, 2.559234857559204, 39.78117370605469
1340, -72.75741616310552, 4, 50.56275794099929, 378, 392034, 392034, 2.627257823944092, 40.26341247558594
1341, -32.61069086752832, 4, 50.67926054899726, 378, 392412, 392412, 2.5644123554229736, 39.989078521728516
1342, -158.65791950165294, 2, 19.022428675998526, 140, 392552, 392552, 2.5021438598632812, 39.92843246459961
1343, -64.02308133780025, 4, 50.6313863089963, 379, 392931, 392931, 2.516818046569824, 39.64140319824219
1344, -54.3174028681824, 4, 50.673990307004715, 379, 393310, 393310, 2.5436906814575195, 39.83036422729492
1345, -63.26701100706123, 4, 50.649957950998214, 378, 393688, 393688, 2.5253822803497314, 39.789634704589844
1346, -56.93940902378381, 4, 50.68556106599863, 380, 394068, 394068, 2.53489351272583, 39.83043670654297
1347, -59.96385466912761, 4, 50.687051392000285, 380, 394448, 394448, 2.534787893295288, 39.8050422668457
1348, -62.5022577708005, 4, 50.62720600600005, 379, 394827, 394827, 2.464355230331421, 39.66561508178711
1349, -57.36622478375648, 4, 50.750436558999354, 381, 395208, 395208, 2.514322519302368, 39.813629150390625
1350, -152.85725123481825, 2, 21.048384876005002, 155, 395363, 395363, 2.5298569202423096, 39.590396881103516
1351, -50.849099896789994, 4, 50.614122237995616, 380, 395743, 395743, 2.519590377807617, 39.74553680419922
1352, -180.06223480927292, 2, 41.942303708005056, 314, 396057, 396057, 2.535895586013794, 39.763145446777344
1353, -72.0172272726195, 4, 50.61391376500251, 379, 396436, 396436, 2.564429998397827, 39.745933532714844
1354, -156.57609193678945, 2, 5.945929829998931, 41, 396477, 396477, 2.2545077800750732, 40.12632369995117
1355, -64.66258532204665, 4, 50.69814155199856, 379, 396856, 396856, 2.529467821121216, 39.73231506347656
1356, -66.57154757958779, 4, 50.62836277599854, 379, 397235, 397235, 2.510298252105713, 39.58539581298828
1357, -51.532167547266, 4, 50.63074856899766, 379, 397614, 397614, 2.5862855911254883, 39.967594146728516
1358, -80.18860473670065, 4, 50.67969833099778, 378, 397992, 397992, 2.5878124237060547, 39.8740348815918
1359, -59.03776000859216, 4, 50.63130132600054, 379, 398371, 398371, 2.5206758975982666, 39.88516616821289
1360, -51.12265739473514, 4, 50.71739351799624, 379, 398750, 398750, 2.4670777320861816, 39.610877990722656
1361, -50.68023337004706, 4, 50.615999492998526, 379, 399129, 399129, 2.4938604831695557, 39.78812026977539
1362, -57.03513259580359, 4, 50.65726426299807, 379, 399508, 399508, 2.5014772415161133, 39.61497497558594
1363, -77.09909364546183, 4, 50.67538680400321, 380, 399888, 399888, 2.455974817276001, 39.68275451660156
1364, -57.23697299550986, 4, 50.69453351399716, 380, 400268, 400268, 2.507474660873413, 40.02937698364258
1365, -50.14085253227313, 4, 50.75404383800196, 381, 400649, 400649, 2.53554105758667, 39.72458267211914
1366, -62.43904739187565, 4, 50.73950056100148, 380, 401029, 401029, 2.557248592376709, 39.81686782836914
1367, -169.6408458884107, 2, 17.13468151300185, 126, 401155, 401155, 2.5208373069763184, 39.3936653137207
1368, -52.23059220483992, 4, 50.72110992700618, 379, 401534, 401534, 2.5566422939300537, 39.92875671386719
1369, -161.38595556467772, 2, 18.311161830002675, 134, 401668, 401668, 2.558286428451538, 39.960975646972656
1370, -81.50566747244011, 4, 50.626866632999736, 378, 402046, 402046, 2.539314031600952, 39.524139404296875
1371, -44.155184417264536, 4, 50.68240511899785, 380, 402426, 402426, 2.5463125705718994, 39.898929595947266
1372, -184.62228020420298, 2, 22.115737498003, 163, 402589, 402589, 2.4928805828094482, 39.496009826660156
1373, -172.60669976472855, 2, 4.461285942001268, 30, 402619, 402619, 2.647857666015625, 38.945167541503906
1374, -172.73755913972855, 2, 4.468085961001634, 30, 402649, 402649, 2.6561622619628906, 39.95161437988281
1375, -172.7249601483345, 2, 4.475873686998966, 30, 402679, 402679, 2.8427956104278564, 41.53251647949219
1376, -219.82748191431165, 2, 28.981379844000912, 217, 402896, 402896, 2.637308120727539, 39.677608489990234
1377, -176.87424713373184, 2, 5.110619222999958, 35, 402931, 402931, 2.5612735748291016, 39.54838943481445
1378, -190.4466826915741, 2, 7.517060259997379, 53, 402984, 402984, 2.6522836685180664, 39.60161590576172
1379, -172.06488627195358, 2, 4.471568312001182, 30, 403014, 403014, 2.4527909755706787, 39.50481033325195
1380, -173.02854996919632, 2, 4.4566904050007, 30, 403044, 403044, 2.4072844982147217, 40.09059143066406
1381, -173.6698808670044, 2, 4.476051329002075, 30, 403074, 403074, 2.3861823081970215, 39.30536651611328
1382, -173.11322402954102, 2, 4.465532834001351, 30, 403104, 403104, 2.564167022705078, 40.216590881347656
1383, -173.1471334695816, 2, 4.510637355000654, 30, 403134, 403134, 2.57323956489563, 39.920326232910156
1384, -172.54947412014008, 2, 4.478995143996144, 30, 403164, 403164, 2.794163227081299, 40.30738830566406
1385, -172.42707908153534, 2, 4.465158641993185, 30, 403194, 403194, 2.5945422649383545, 39.34648895263672
1386, -172.77465343475342, 2, 4.469068745005643, 30, 403224, 403224, 2.328944206237793, 39.10714340209961
1387, -173.38259029388428, 2, 4.465439460997004, 30, 403254, 403254, 2.842338800430298, 40.07794952392578
1388, -172.421859562397, 2, 4.484983230002399, 30, 403284, 403284, 2.643033266067505, 39.65250015258789
1389, -172.06101655960083, 2, 4.48189929399814, 30, 403314, 403314, 2.460902690887451, 39.41014099121094
1390, -173.39864939451218, 2, 4.478031384998758, 30, 403344, 403344, 2.4695632457733154, 39.88005065917969
1391, -173.20765489339828, 2, 4.430696421994071, 30, 403374, 403374, 2.483538866043091, 40.39397048950195
1392, -172.90830957889557, 2, 4.465313341002911, 30, 403404, 403404, 2.3255224227905273, 38.80035400390625
1393, -172.54390305280685, 2, 4.473070381995058, 30, 403434, 403434, 2.4713690280914307, 39.8732795715332
1394, -171.91008937358856, 2, 4.464568465999037, 30, 403464, 403464, 2.370199680328369, 39.092613220214844
1395, -172.90420997142792, 2, 4.494016708995332, 30, 403494, 403494, 2.6510798931121826, 40.640480041503906
1396, -171.69523340463638, 2, 4.457685975998174, 30, 403524, 403524, 2.5780982971191406, 39.3620491027832
1397, -172.51105934381485, 2, 4.5378548890003, 30, 403554, 403554, 2.382784366607666, 40.35663986206055
1398, -173.15367448329926, 2, 4.473562621002202, 30, 403584, 403584, 2.670340061187744, 39.048118591308594
1399, -173.7110955119133, 2, 4.496108090999769, 30, 403614, 403614, 2.6737592220306396, 39.87699508666992
1400, -173.24017518758774, 2, 4.462161973002367, 30, 403644, 403644, 2.338369607925415, 39.42290496826172
1401, -172.9435173869133, 2, 4.448750719995587, 30, 403674, 403674, 2.6780712604522705, 38.92767333984375
1402, -172.39554208517075, 2, 4.460963075995096, 30, 403704, 403704, 2.5566420555114746, 40.18621826171875
1403, -173.0004185438156, 2, 4.476125572000456, 30, 403734, 403734, 2.7253799438476562, 39.95109176635742
1404, -172.26427859067917, 2, 4.451844795999932, 30, 403764, 403764, 2.576404333114624, 40.74862289428711
1405, -172.18802028894424, 2, 4.476170091002132, 30, 403794, 403794, 2.4375627040863037, 40.28606033325195
1406, -172.43364560604095, 2, 4.497125272995618, 30, 403824, 403824, 2.572218894958496, 40.26605224609375
1407, -173.51364868879318, 2, 4.442960875996505, 30, 403854, 403854, 2.6965012550354004, 40.12733459472656
1408, -173.1903150677681, 2, 4.497497205993568, 30, 403884, 403884, 2.832334280014038, 39.70132064819336
1409, -172.9231014251709, 2, 4.499172866002482, 30, 403914, 403914, 2.492685079574585, 39.67241668701172
1410, -173.39071929454803, 2, 4.450681241003622, 30, 403944, 403944, 2.427372932434082, 39.63915252685547
1411, -173.50421154499054, 2, 4.453019747998042, 30, 403974, 403974, 2.6407053470611572, 40.57587814331055
1412, -173.4412379860878, 2, 4.439382500000647, 30, 404004, 404004, 2.580410957336426, 40.06373596191406
1413, -173.1866135597229, 2, 4.501237977994606, 30, 404034, 404034, 2.5433754920959473, 39.82962417602539
1414, -173.0939885377884, 2, 4.512740935999318, 30, 404064, 404064, 2.445492744445801, 39.416343688964844
1415, -172.71271389722824, 2, 4.460047533997567, 30, 404094, 404094, 2.6105377674102783, 39.59616470336914
1416, -173.4031404852867, 2, 4.494965600999421, 30, 404124, 404124, 2.7427847385406494, 39.67593002319336
1417, -173.7129403948784, 2, 4.4718182389988215, 30, 404154, 404154, 2.551386833190918, 39.6932373046875
1418, -173.42824697494507, 2, 4.486830260997522, 30, 404184, 404184, 2.3954858779907227, 39.996036529541016
1419, -172.90389209985733, 2, 4.476184569000907, 30, 404214, 404214, 2.595026969909668, 39.91777038574219
1420, -173.23162919282913, 2, 4.480171069000789, 30, 404244, 404244, 2.373263120651245, 39.10084915161133
1421, -173.62969398498535, 2, 4.468940079001186, 30, 404274, 404274, 2.4708569049835205, 39.3996467590332
1422, -173.5281042456627, 2, 4.496500326000387, 30, 404304, 404304, 2.5258638858795166, 39.44729995727539
1423, -173.60349994897842, 2, 4.50258487300016, 30, 404334, 404334, 2.6434783935546875, 40.23835372924805
1424, -173.6673714518547, 2, 4.469531094000558, 30, 404364, 404364, 2.342392683029175, 39.44791030883789
1425, -173.02124285697937, 2, 4.446998892999545, 30, 404394, 404394, 2.7822213172912598, 39.412391662597656
1426, -173.44627422094345, 2, 4.511054210001021, 30, 404424, 404424, 2.4959139823913574, 40.09103775024414
1427, -172.82002985477448, 2, 4.455378382001072, 30, 404454, 404454, 2.56632661819458, 39.85835647583008
1428, -172.66010808944702, 2, 4.503872801993566, 30, 404484, 404484, 2.54390025138855, 40.14177322387695
1429, -173.23574632406235, 2, 4.516300567003782, 30, 404514, 404514, 2.3726892471313477, 40.0456428527832
1430, -173.39104676246643, 2, 4.487663567000709, 30, 404544, 404544, 2.550724983215332, 39.31569290161133
1431, -173.21230775117874, 2, 4.523144795006374, 30, 404574, 404574, 2.631866455078125, 40.59832000732422
1432, -173.23694986104965, 2, 4.4773944659973495, 30, 404604, 404604, 2.374030351638794, 39.558406829833984
1433, -173.2397665977478, 2, 4.509066762999282, 30, 404634, 404634, 2.609524965286255, 39.881103515625
1434, -173.43170714378357, 2, 4.4763433810003335, 30, 404664, 404664, 2.4110043048858643, 39.7629508972168
1435, -173.10728937387466, 2, 4.474075897996954, 30, 404694, 404694, 2.5976197719573975, 39.36023712158203
1436, -172.30825293064117, 2, 4.479823234003561, 30, 404724, 404724, 2.170555591583252, 39.23965072631836
1437, -172.98628747463226, 2, 4.4661230350029655, 30, 404754, 404754, 2.504746437072754, 39.98567581176758
1438, -172.51305729150772, 2, 4.4737339740022435, 30, 404784, 404784, 2.543529748916626, 39.085201263427734
1439, -173.41074538230896, 2, 4.470602105997386, 30, 404814, 404814, 2.5997703075408936, 39.7641487121582
1440, -172.93403762578964, 2, 4.45782683500147, 30, 404844, 404844, 2.848890542984009, 39.64893341064453
1441, -173.58071720600128, 2, 4.48292925900023, 30, 404874, 404874, 2.3708817958831787, 40.04847717285156
1442, -173.49000269174576, 2, 4.476592005004932, 30, 404904, 404904, 2.7333531379699707, 40.14457321166992
1443, -173.8299282193184, 2, 4.534128840001358, 30, 404934, 404934, 2.5061516761779785, 39.394630432128906
1444, -173.68157041072845, 2, 4.489667288005876, 30, 404964, 404964, 2.482801675796509, 39.808067321777344
1445, -173.45397990942, 2, 4.465278102004959, 30, 404994, 404994, 2.677386522293091, 39.9205207824707
1446, -173.14193350076675, 2, 4.485163047997048, 30, 405024, 405024, 2.540811061859131, 39.59689712524414
1447, -173.36393874883652, 2, 4.484589123996557, 30, 405054, 405054, 2.720247507095337, 40.95189666748047
1448, -172.59513247013092, 2, 4.444898613000987, 30, 405084, 405084, 2.30767560005188, 39.68708801269531
1449, -173.11142128705978, 2, 4.504842936003115, 30, 405114, 405114, 2.7927591800689697, 40.32532501220703
1450, -173.1866819858551, 2, 4.470288349999464, 30, 405144, 405144, 2.578343152999878, 40.499267578125
1451, -173.39754313230515, 2, 4.504134073002206, 30, 405174, 405174, 2.414614677429199, 40.5546760559082
1452, -172.8177052140236, 2, 4.489727975000278, 30, 405204, 405204, 2.525604724884033, 40.27861022949219
1453, -173.58293455839157, 2, 4.470729669999855, 30, 405234, 405234, 2.522629737854004, 39.87535858154297
1454, -173.49843615293503, 2, 4.458550784002, 30, 405264, 405264, 2.5422189235687256, 39.82083511352539
1455, -172.8748333454132, 2, 4.466262656998879, 30, 405294, 405294, 2.455211639404297, 40.439815521240234
1456, -173.65220475196838, 2, 4.466502675000811, 30, 405324, 405324, 2.553305149078369, 40.56973648071289
1457, -173.5283116698265, 2, 4.461536454000452, 30, 405354, 405354, 2.879840850830078, 40.14251708984375
1458, -173.64387214183807, 2, 4.466560523003864, 30, 405384, 405384, 2.577836513519287, 39.7967529296875
1459, -172.1203372478485, 2, 4.466412914000102, 30, 405414, 405414, 2.442403554916382, 39.276512145996094
1460, -173.07818496227264, 2, 4.453813221996825, 30, 405444, 405444, 2.2824738025665283, 40.85365295410156
1461, -172.65651613473892, 2, 4.498521704001178, 30, 405474, 405474, 2.4689018726348877, 39.61039352416992
1462, -173.55303537845612, 2, 4.485962115002621, 30, 405504, 405504, 2.6337218284606934, 40.16504669189453
1463, -173.57845920324326, 2, 4.486389007994148, 30, 405534, 405534, 2.7126853466033936, 40.80532455444336
1464, -173.51416915655136, 2, 4.453226885001641, 30, 405564, 405564, 2.300628185272217, 39.43583297729492
1465, -173.40390694141388, 2, 4.501600142997631, 30, 405594, 405594, 2.7570905685424805, 40.46092224121094
1466, -173.59038811922073, 2, 4.467100630005007, 30, 405624, 405624, 2.73374605178833, 41.0395622253418
1467, -172.44710969924927, 2, 4.4770481169980485, 30, 405654, 405654, 2.7891812324523926, 40.58964538574219
1468, -173.0695566534996, 2, 4.500051885006542, 30, 405684, 405684, 2.713087797164917, 40.678470611572266
1469, -172.6204059123993, 2, 4.489064278001024, 30, 405714, 405714, 2.518205404281616, 39.22292709350586
1470, -173.14114558696747, 2, 4.467685053998139, 30, 405744, 405744, 2.4972259998321533, 39.95603942871094
1471, -172.3872846364975, 2, 4.466407207000884, 30, 405774, 405774, 2.5798537731170654, 40.61580276489258
1472, -172.87553989887238, 2, 4.509235165998689, 30, 405804, 405804, 2.6193671226501465, 40.32723617553711
1473, -172.35371673107147, 2, 4.491152301001421, 30, 405834, 405834, 2.6178667545318604, 40.09624099731445
1474, -172.50353169441223, 2, 4.48266285200225, 30, 405864, 405864, 2.6100432872772217, 40.33353805541992
1475, -172.77451074123383, 2, 4.4431660959962755, 30, 405894, 405894, 2.439457893371582, 40.3942756652832
1476, -172.51909774541855, 2, 4.49664894399757, 30, 405924, 405924, 2.379647731781006, 39.747806549072266
1477, -172.12956547737122, 2, 4.462113431000034, 30, 405954, 405954, 2.494948387145996, 39.44819641113281
1478, -172.6306253671646, 2, 4.4612311469973065, 30, 405984, 405984, 2.4806127548217773, 39.329811096191406
1479, -172.81124985218048, 2, 4.483511503000045, 30, 406014, 406014, 2.476426601409912, 38.7976188659668
1480, -172.86135786771774, 2, 4.469772319003823, 30, 406044, 406044, 2.5827889442443848, 40.315818786621094
1481, -173.3796231150627, 2, 4.459999794002215, 30, 406074, 406074, 2.8197455406188965, 39.97999954223633
1482, -172.25484853982925, 2, 4.478645304006932, 30, 406104, 406104, 2.360582113265991, 39.11766052246094
1483, -172.65332466363907, 2, 4.451131836001878, 30, 406134, 406134, 2.6517515182495117, 40.496219635009766
1484, -173.0678110718727, 2, 4.475312845999724, 30, 406164, 406164, 2.6960439682006836, 40.15864944458008
1485, -172.89394229650497, 2, 4.4784061160025885, 30, 406194, 406194, 2.572981595993042, 39.73854064941406
1486, -172.13392823934555, 2, 4.46035573699919, 30, 406224, 406224, 2.539746046066284, 40.43817138671875
1487, -173.17445182800293, 2, 4.489751727000112, 30, 406254, 406254, 2.8660058975219727, 40.324256896972656
1488, -173.27502673864365, 2, 4.488770846997795, 30, 406284, 406284, 2.708710193634033, 39.883480072021484
1489, -172.5804209113121, 2, 4.474604112001543, 30, 406314, 406314, 2.6521553993225098, 39.15131378173828
1490, -172.35383772850037, 2, 4.498988396997447, 30, 406344, 406344, 2.551518201828003, 39.49921417236328
1491, -172.3791241645813, 2, 4.459320018002472, 30, 406374, 406374, 2.558030128479004, 39.103153228759766
1492, -172.44366472959518, 2, 4.479849752999144, 30, 406404, 406404, 2.6287643909454346, 39.970890045166016
1493, -171.5225602388382, 2, 4.475076651004201, 30, 406434, 406434, 2.5785651206970215, 39.42583465576172
1494, -172.86099481582642, 2, 4.455517375005002, 30, 406464, 406464, 2.706714391708374, 39.83473587036133
1495, -172.85773825645447, 2, 4.506860264002171, 30, 406494, 406494, 2.679828643798828, 39.212162017822266
1496, -173.09882777929306, 2, 4.499063027004013, 30, 406524, 406524, 2.5358920097351074, 39.90230178833008
1497, -172.12123847007751, 2, 4.440547407997656, 30, 406554, 406554, 2.8264009952545166, 38.87371826171875
1498, -172.20762658119202, 2, 4.467996872997901, 30, 406584, 406584, 2.467759847640991, 41.585323333740234
1499, -173.115973174572, 2, 4.518204795000202, 30, 406614, 406614, 2.4676764011383057, 40.32316207885742
1500, -170.84239357709885, 2, 4.452301116994931, 30, 406644, 406644, 2.5175089836120605, 39.50423812866211
1501, -173.2621475458145, 2, 4.456252654999844, 30, 406674, 406674, 3.0553269386291504, 41.00143051147461
1502, -172.42047733068466, 2, 4.509608530999685, 30, 406704, 406704, 2.8439853191375732, 40.04660415649414
1503, -171.1010349392891, 2, 4.477142409996304, 30, 406734, 406734, 2.4239845275878906, 40.383338928222656
1504, -172.45501786470413, 2, 4.494558467995375, 30, 406764, 406764, 2.6184046268463135, 40.42408752441406
1505, -171.79243779182434, 2, 4.443395944996155, 30, 406794, 406794, 2.8398330211639404, 41.288936614990234
1506, -172.6956467628479, 2, 4.472726225001679, 30, 406824, 406824, 2.911074161529541, 40.64377212524414
1507, -172.3930943608284, 2, 4.461616175998643, 30, 406854, 406854, 2.4361157417297363, 40.225887298583984
1508, -173.28612178564072, 2, 4.4574582839995855, 30, 406884, 406884, 2.451592445373535, 40.959224700927734
1509, -172.70710003376007, 2, 4.497284575998492, 30, 406914, 406914, 2.5667479038238525, 39.562381744384766
1510, -172.7042474746704, 2, 4.453145785002562, 30, 406944, 406944, 2.4364843368530273, 40.73122787475586
1511, -172.96039366722107, 2, 4.474867438002548, 30, 406974, 406974, 2.6901917457580566, 40.4539680480957
1512, -173.07386672496796, 2, 4.485378942001262, 30, 407004, 407004, 2.5650131702423096, 40.163414001464844
1513, -172.79721277952194, 2, 4.45644303500012, 30, 407034, 407034, 2.6537091732025146, 40.19550704956055
1514, -172.22532600164413, 2, 4.479995404006331, 30, 407064, 407064, 2.4511449337005615, 40.33550262451172
1515, -172.35985732078552, 2, 4.467986880001263, 30, 407094, 407094, 2.657634973526001, 40.383358001708984
1516, -172.68921983242035, 2, 4.46772482200322, 30, 407124, 407124, 2.556368112564087, 39.77627182006836
1517, -173.25414097309113, 2, 4.465234855000745, 30, 407154, 407154, 2.8678200244903564, 39.90147018432617
1518, -172.73962497711182, 2, 4.468680485006189, 30, 407184, 407184, 2.460359811782837, 40.708740234375
1519, -173.3554226756096, 2, 4.469997918000445, 30, 407214, 407214, 2.667872428894043, 39.735595703125
1520, -173.05209904909134, 2, 4.470595933998993, 30, 407244, 407244, 2.6062369346618652, 40.17386245727539
1521, -172.17115825414658, 2, 4.467880317999516, 30, 407274, 407274, 2.4918899536132812, 39.5290412902832
1522, -172.50135385990143, 2, 4.495148611000332, 30, 407304, 407304, 2.4950621128082275, 39.63773727416992
1523, -173.32672733068466, 2, 4.495588498997677, 30, 407334, 407334, 2.4594993591308594, 39.64906311035156
1524, -172.87894892692566, 2, 4.472455647002789, 30, 407364, 407364, 2.549941062927246, 39.91886520385742
1525, -172.95889550447464, 2, 4.462801841000328, 30, 407394, 407394, 2.6912803649902344, 40.51346969604492
1526, -172.7066217660904, 2, 4.456631353001285, 30, 407424, 407424, 2.449097156524658, 40.11626434326172
1527, -172.22775435447693, 2, 4.47527128100046, 30, 407454, 407454, 2.486950159072876, 40.39974594116211
1528, -173.16676515340805, 2, 4.452346252001007, 30, 407484, 407484, 2.758265256881714, 39.40989303588867
1529, -172.90892493724823, 2, 4.495215057002497, 30, 407514, 407514, 2.4397242069244385, 40.183284759521484
1530, -171.9434762597084, 2, 4.456661283002177, 30, 407544, 407544, 2.813328504562378, 41.14907455444336
1531, -172.32328689098358, 2, 4.4797574280019035, 30, 407574, 407574, 2.583319664001465, 39.692161560058594
1532, -172.91839969158173, 2, 4.495341139998345, 30, 407604, 407604, 2.491708517074585, 40.239444732666016
1533, -172.61190176010132, 2, 4.491098481994413, 30, 407634, 407634, 2.618436574935913, 40.390743255615234
1534, -173.11200696229935, 2, 4.481679071002873, 30, 407664, 407664, 2.7679662704467773, 40.15849304199219
1535, -173.04542511701584, 2, 4.50767505299882, 30, 407694, 407694, 2.5530481338500977, 40.23853302001953
1536, -173.02777487039566, 2, 4.480658705004316, 30, 407724, 407724, 2.4910924434661865, 39.235103607177734
1537, -172.43584603071213, 2, 4.519590163996327, 30, 407754, 407754, 2.3684401512145996, 39.51262283325195
1538, -172.65448075532913, 2, 4.492107130994555, 30, 407784, 407784, 2.448328733444214, 40.11603927612305
1539, -172.82773792743683, 2, 4.4707565659991815, 30, 407814, 407814, 2.687825918197632, 39.595252990722656
1540, -173.19275498390198, 2, 4.485521167996922, 30, 407844, 407844, 2.4552175998687744, 38.57942199707031
1541, -173.10457813739777, 2, 4.494086628998048, 30, 407874, 407874, 2.4417269229888916, 39.61869812011719
1542, -173.14852929115295, 2, 4.519143667006574, 30, 407904, 407904, 2.4005844593048096, 39.112369537353516
1543, -173.24612307548523, 2, 4.471163549002085, 30, 407934, 407934, 2.906712532043457, 40.58759307861328
1544, -172.95068353414536, 2, 4.46772486899863, 30, 407964, 407964, 2.5127007961273193, 39.67579650878906
1545, -173.02095943689346, 2, 4.451192612999876, 30, 407994, 407994, 2.816450595855713, 40.29998016357422
1546, -173.17620539665222, 2, 4.453632354998263, 30, 408024, 408024, 2.66938853263855, 40.7070426940918
1547, -172.74677330255508, 2, 4.510396813006082, 30, 408054, 408054, 2.534169912338257, 40.040401458740234
1548, -173.55152785778046, 2, 4.457802072996856, 30, 408084, 408084, 2.6915814876556396, 39.681583404541016
1549, -172.91526275873184, 2, 4.511917526004254, 30, 408114, 408114, 2.506052255630493, 40.07889938354492
1550, -172.96569788455963, 2, 4.467509333000635, 30, 408144, 408144, 2.530646324157715, 38.8388557434082
1551, -173.03808164596558, 2, 4.490861512000265, 30, 408174, 408174, 2.548283815383911, 40.439327239990234
1552, -172.29114121198654, 2, 4.4811737240015646, 30, 408204, 408204, 2.5542027950286865, 40.94601821899414
1553, -172.94940209388733, 2, 4.480474625997886, 30, 408234, 408234, 2.713921308517456, 39.626304626464844
1554, -171.50442403554916, 2, 4.4750214610030525, 30, 408264, 408264, 2.601325273513794, 40.04753494262695
1555, -173.22270810604095, 2, 4.477414004999446, 30, 408294, 408294, 2.7047159671783447, 40.01537322998047
1556, -172.35955947637558, 2, 4.471818764999625, 30, 408324, 408324, 2.6087045669555664, 39.49991226196289
1557, -173.08954203128815, 2, 4.501592343003722, 30, 408354, 408354, 2.7127296924591064, 40.00350570678711
1558, -173.46017634868622, 2, 4.456405527998868, 30, 408384, 408384, 2.3333914279937744, 39.628414154052734
1559, -172.79483371973038, 2, 4.479524166003102, 30, 408414, 408414, 2.321808338165283, 40.32228469848633
1560, -172.38681787252426, 2, 4.508851298000081, 30, 408444, 408444, 2.5124032497406006, 40.37479019165039
1561, -173.32746851444244, 2, 4.479066615996999, 30, 408474, 408474, 2.5677030086517334, 41.00460433959961
1562, -173.05294966697693, 2, 4.478138268001203, 30, 408504, 408504, 2.292726755142212, 39.57441329956055
1563, -172.76191806793213, 2, 4.510373504999734, 30, 408534, 408534, 2.771636724472046, 39.796939849853516
1564, -172.63619822263718, 2, 4.466548089003481, 30, 408564, 408564, 2.513349771499634, 40.873390197753906
1565, -173.00499176979065, 2, 4.487969725996663, 30, 408594, 408594, 2.422828197479248, 40.86996841430664
1566, -172.62053227424622, 2, 4.472751670997241, 30, 408624, 408624, 2.5799288749694824, 40.660404205322266
1567, -173.32291060686111, 2, 4.494992006002576, 30, 408654, 408654, 2.426306962966919, 41.13627243041992
1568, -172.07466357946396, 2, 4.467889314997592, 30, 408684, 408684, 2.7096493244171143, 39.78013610839844
1569, -172.9561112523079, 2, 4.430678822005575, 30, 408714, 408714, 2.5892229080200195, 40.791072845458984
1570, -172.61757707595825, 2, 4.487491066996881, 30, 408744, 408744, 2.732983350753784, 40.648502349853516
1571, -172.25608801841736, 2, 4.476138591002382, 30, 408774, 408774, 2.4885268211364746, 39.85641860961914
1572, -172.42531943321228, 2, 4.445052187998954, 30, 408804, 408804, 2.91591215133667, 40.35264587402344
1573, -173.12149024009705, 2, 4.484863616002258, 30, 408834, 408834, 2.1427738666534424, 39.23660659790039
1574, -172.4036182165146, 2, 4.471107934004976, 30, 408864, 408864, 2.401693105697632, 39.86277770996094
1575, -173.2595865726471, 2, 4.508854134001012, 30, 408894, 408894, 2.6953961849212646, 40.157161712646484
1576, -172.558862388134, 2, 4.461510539003939, 30, 408924, 408924, 2.922039270401001, 40.24079132080078
1577, -172.88717967271805, 2, 4.4877640459963, 30, 408954, 408954, 2.4556615352630615, 39.962284088134766
1578, -173.1968519091606, 2, 4.47059945500223, 30, 408984, 408984, 2.7299094200134277, 40.12149429321289
1579, -172.70981866121292, 2, 4.4895058020047145, 30, 409014, 409014, 2.5070977210998535, 40.17344665527344
1580, -171.9271792769432, 2, 4.454854490999423, 30, 409044, 409044, 2.406066417694092, 40.35053634643555
1581, -173.16881549358368, 2, 4.483590224997897, 30, 409074, 409074, 2.6942825317382812, 40.06438446044922
1582, -172.97023993730545, 2, 4.463296920002904, 30, 409104, 409104, 2.3343238830566406, 39.89015579223633
1583, -173.33789640665054, 2, 4.503534233997925, 30, 409134, 409134, 2.3677666187286377, 39.87725830078125
1584, -172.70687121152878, 2, 4.486055139997916, 30, 409164, 409164, 2.409688711166382, 39.955570220947266
1585, -173.0094195008278, 2, 4.472677499994461, 30, 409194, 409194, 2.4229300022125244, 40.304298400878906
1586, -172.89189291000366, 2, 4.451705266001227, 30, 409224, 409224, 2.472590208053589, 39.631591796875
1587, -172.83241814374924, 2, 4.481388868000067, 30, 409254, 409254, 2.5765397548675537, 39.32777786254883
1588, -173.4075734615326, 2, 4.4672051680026925, 30, 409284, 409284, 2.4853320121765137, 40.556663513183594
1589, -172.300610601902, 2, 4.497604327007139, 30, 409314, 409314, 2.634721279144287, 39.68754196166992
1590, -172.38325893878937, 2, 4.505596631999651, 30, 409344, 409344, 2.6896111965179443, 41.03563690185547
1591, -172.68759137392044, 2, 4.480911853002908, 30, 409374, 409374, 2.588913679122925, 40.606239318847656
1592, -173.62121230363846, 2, 4.46989319199929, 30, 409404, 409404, 2.452197790145874, 40.52486038208008
1593, -172.76278519630432, 2, 4.463954434999323, 30, 409434, 409434, 2.7128825187683105, 40.49839782714844
1594, -173.36545741558075, 2, 4.506550527999934, 30, 409464, 409464, 2.521618604660034, 39.7341194152832
1595, -173.27582103013992, 2, 4.451271429999906, 30, 409494, 409494, 2.6357266902923584, 39.96847152709961
1596, -172.4748750925064, 2, 4.494252160999167, 30, 409524, 409524, 2.578763723373413, 41.43972396850586
1597, -173.01539516448975, 2, 4.489137509997818, 30, 409554, 409554, 2.6564829349517822, 40.142189025878906
1598, -172.71770948171616, 2, 4.4596719199980726, 30, 409584, 409584, 2.5825140476226807, 40.972923278808594
1599, -171.97623652219772, 2, 4.45613976399909, 30, 409614, 409614, 2.744692802429199, 39.740379333496094
1600, -172.93705886602402, 2, 4.488734673999716, 30, 409644, 409644, 2.471295118331909, 40.33174514770508
1601, -172.75844532251358, 2, 4.488747957002488, 30, 409674, 409674, 2.4022066593170166, 39.25888442993164
1602, -172.54194182157516, 2, 4.458115291003196, 30, 409704, 409704, 2.5243921279907227, 39.832767486572266
1603, -172.30592566728592, 2, 4.476671240998257, 30, 409734, 409734, 2.5593175888061523, 39.591487884521484
1604, -172.78281754255295, 2, 4.484807856999396, 30, 409764, 409764, 2.547119140625, 40.29352951049805
1605, -172.38021504878998, 2, 4.505793814001663, 30, 409794, 409794, 2.425572633743286, 40.48678970336914
1606, -171.89127069711685, 2, 4.4928719110030215, 30, 409824, 409824, 2.7203471660614014, 40.15607452392578
1607, -173.391406416893, 2, 4.478147151996382, 30, 409854, 409854, 2.6778035163879395, 40.39328384399414
1608, -173.14365595579147, 2, 4.488902682001935, 30, 409884, 409884, 2.547180652618408, 39.73185348510742
1609, -173.43825668096542, 2, 4.451474617002532, 30, 409914, 409914, 2.3506882190704346, 39.70243835449219
1610, -173.28589779138565, 2, 4.462396538001485, 30, 409944, 409944, 2.551692247390747, 39.32130432128906
1611, -173.15621370077133, 2, 4.464933764997113, 30, 409974, 409974, 2.618528127670288, 39.77027893066406
1612, -172.2732998728752, 2, 4.4767573319986695, 30, 410004, 410004, 2.5960030555725098, 40.17992401123047
1613, -172.91168361902237, 2, 4.498120295000263, 30, 410034, 410034, 2.7525811195373535, 40.55451202392578
1614, -172.87866365909576, 2, 4.446617991001403, 30, 410064, 410064, 2.590066432952881, 40.82948684692383
1615, -172.72071772813797, 2, 4.494634501999826, 30, 410094, 410094, 2.569288969039917, 39.67668914794922
1616, -172.72192126512527, 2, 4.5038588419993175, 30, 410124, 410124, 2.5374441146850586, 41.10054016113281
1617, -173.2917424440384, 2, 4.533951534998778, 30, 410154, 410154, 2.4384589195251465, 39.85983657836914
1618, -173.00951254367828, 2, 4.458197042004031, 30, 410184, 410184, 2.497213840484619, 39.22953796386719
1619, -173.1998993754387, 2, 4.469827131993952, 30, 410214, 410214, 2.668652296066284, 40.53858184814453
1620, -173.16624230146408, 2, 4.517078912998841, 30, 410244, 410244, 2.6845104694366455, 41.078670501708984
1621, -172.34257024526596, 2, 4.500046553999709, 30, 410274, 410274, 2.572704792022705, 40.06120300292969
1622, -173.12083905935287, 2, 4.479709944003844, 30, 410304, 410304, 2.4859330654144287, 40.196510314941406
1623, -171.9171243906021, 2, 4.481384129998332, 30, 410334, 410334, 2.519104242324829, 40.24289321899414
1624, -172.82694232463837, 2, 4.469589755994093, 30, 410364, 410364, 2.540480852127075, 40.62619400024414
1625, -171.79741019010544, 2, 4.481582540996897, 30, 410394, 410394, 2.5014917850494385, 40.19269943237305
1626, -172.01969194412231, 2, 4.462220540000999, 30, 410424, 410424, 2.6914782524108887, 40.3897590637207
1627, -173.29585593938828, 2, 4.4821798330012825, 30, 410454, 410454, 2.7542777061462402, 40.2930908203125
1628, -172.41362369060516, 2, 4.488581280995277, 30, 410484, 410484, 3.040513277053833, 40.067256927490234
1629, -172.81034421920776, 2, 4.477853189993766, 30, 410514, 410514, 2.627720832824707, 41.15285110473633
1630, -172.26186549663544, 2, 4.500646553999104, 30, 410544, 410544, 2.4048125743865967, 41.15559387207031
1631, -172.34360963106155, 2, 4.440925363000133, 30, 410574, 410574, 2.461141347885132, 39.984397888183594
1632, -173.7459201812744, 2, 4.530698146001669, 30, 410604, 410604, 2.895747184753418, 40.46485900878906
1633, -173.25075447559357, 2, 4.465625124001235, 30, 410634, 410634, 2.550272226333618, 40.89977264404297
1634, -173.27516901493073, 2, 4.476859105998301, 30, 410664, 410664, 2.2959656715393066, 40.48801040649414
1635, -172.75177109241486, 2, 4.480542614001024, 30, 410694, 410694, 2.3951425552368164, 39.895450592041016
1636, -173.18951946496964, 2, 4.478108470000734, 30, 410724, 410724, 2.1782214641571045, 39.918453216552734
1637, -173.21927279233932, 2, 4.52685005600506, 30, 410754, 410754, 2.590607166290283, 40.12791442871094
1638, -173.28601628541946, 2, 4.466800930000318, 30, 410784, 410784, 2.8206570148468018, 39.94889831542969
1639, -171.8155059814453, 2, 4.4872247649982455, 30, 410814, 410814, 2.541590452194214, 41.15660858154297
1640, -172.38108253479004, 2, 4.455479463002121, 30, 410844, 410844, 2.547844886779785, 40.71916198730469
1641, -172.80225110054016, 2, 4.491391704003036, 30, 410874, 410874, 2.4361636638641357, 40.37977981567383
1642, -172.89917993545532, 2, 4.4795385069955955, 30, 410904, 410904, 2.575631856918335, 40.26750183105469
1643, -172.59777492284775, 2, 4.480711658994551, 30, 410934, 410934, 2.4644863605499268, 40.23516845703125
1644, -173.70234996080399, 2, 4.478904026000237, 30, 410964, 410964, 2.4959182739257812, 40.090919494628906
1645, -173.33134019374847, 2, 4.452798370999517, 30, 410994, 410994, 2.698944091796875, 40.0290641784668
1646, -173.29870855808258, 2, 4.486467517002893, 30, 411024, 411024, 2.589237689971924, 41.0305061340332
1647, -173.26070272922516, 2, 4.477054978000524, 30, 411054, 411054, 2.5689196586608887, 39.80179214477539
1648, -173.16842848062515, 2, 4.463854020003055, 30, 411084, 411084, 2.623173713684082, 40.0064811706543
1649, -172.8770501613617, 2, 4.463906594006403, 30, 411114, 411114, 2.366347312927246, 40.51772689819336
1650, -171.77417773008347, 2, 4.457580041998881, 30, 411144, 411144, 2.69667649269104, 39.93547058105469
1651, -173.1232634782791, 2, 4.446826469997177, 30, 411174, 411174, 2.5173585414886475, 39.3294677734375
1652, -173.30671912431717, 2, 4.468222342002264, 30, 411204, 411204, 2.879483938217163, 40.1400032043457
1653, -173.01257663965225, 2, 4.4648794069944415, 30, 411234, 411234, 2.5761184692382812, 40.98324203491211
1654, -172.8846269249916, 2, 4.462359643002856, 30, 411264, 411264, 2.429327964782715, 40.03340148925781
1655, -173.14073026180267, 2, 4.473176109000633, 30, 411294, 411294, 2.8660895824432373, 40.25156784057617
1656, -172.85896396636963, 2, 4.437712088001717, 30, 411324, 411324, 2.5861237049102783, 40.04513931274414
1657, -173.2580325603485, 2, 4.469223624000733, 30, 411354, 411354, 2.394170045852661, 40.14984893798828
1658, -172.17320597171783, 2, 4.457839337002952, 30, 411384, 411384, 2.5557236671447754, 39.3576774597168
1659, -172.49756717681885, 2, 4.472875065999688, 30, 411414, 411414, 2.8087191581726074, 40.77426528930664
1660, -173.10902988910675, 2, 4.465750871997443, 30, 411444, 411444, 2.5811190605163574, 40.15205764770508
1661, -172.6756250858307, 2, 4.478659520005749, 30, 411474, 411474, 2.4566292762756348, 40.66619110107422
1662, -173.1091047525406, 2, 4.511995656997897, 30, 411504, 411504, 2.5396130084991455, 40.08279037475586
1663, -172.8520423769951, 2, 4.434843850001926, 30, 411534, 411534, 2.4772074222564697, 40.57489776611328
1664, -173.11915570497513, 2, 4.5044357430015225, 30, 411564, 411564, 2.7887871265411377, 40.61257553100586
1665, -172.6884667277336, 2, 4.462078582997492, 30, 411594, 411594, 2.5796806812286377, 40.39994430541992
1666, -173.32093596458435, 2, 4.461516153998673, 30, 411624, 411624, 2.1084814071655273, 40.597408294677734
1667, -173.03891521692276, 2, 4.486568690997956, 30, 411654, 411654, 2.4847092628479004, 40.97586441040039
1668, -173.31132119894028, 2, 4.505979011999443, 30, 411684, 411684, 2.344099998474121, 40.436424255371094
1669, -172.779835999012, 2, 4.446590018997085, 30, 411714, 411714, 2.867899179458618, 41.02083969116211
1670, -172.45345330238342, 2, 4.450714970000263, 30, 411744, 411744, 2.5500476360321045, 40.92436981201172
1671, -171.91873168945312, 2, 4.452756982995197, 30, 411774, 411774, 2.5632364749908447, 40.19536209106445
1672, -173.20946353673935, 2, 4.478615176994936, 30, 411804, 411804, 2.5676028728485107, 39.77741622924805
1673, -172.27931314706802, 2, 4.446714588004397, 30, 411834, 411834, 2.4921109676361084, 39.82949447631836
1674, -172.79781275987625, 2, 4.510003278999648, 30, 411864, 411864, 2.537074089050293, 40.37087631225586
1675, -173.1878016591072, 2, 4.485911720999866, 30, 411894, 411894, 2.5878918170928955, 40.01221466064453
1676, -172.7330423593521, 2, 4.457593432998692, 30, 411924, 411924, 2.484866142272949, 40.062034606933594
1677, -172.97030478715897, 2, 4.483022419000918, 30, 411954, 411954, 2.522343158721924, 40.146690368652344
1678, -172.7527797818184, 2, 4.4563238300033845, 30, 411984, 411984, 2.634274482727051, 40.013023376464844
1679, -173.51071685552597, 2, 4.4781739770041895, 30, 412014, 412014, 2.4533145427703857, 39.87260055541992
1680, -173.07314378023148, 2, 4.498980805998144, 30, 412044, 412044, 2.5406203269958496, 40.96990966796875
1681, -173.09361547231674, 2, 4.511616496994975, 30, 412074, 412074, 2.3989717960357666, 39.74794387817383
1682, -172.68933022022247, 2, 4.523218469999847, 30, 412104, 412104, 2.756669282913208, 40.65357971191406
1683, -172.81630784273148, 2, 4.480699779000133, 30, 412134, 412134, 2.5707240104675293, 39.77442169189453
1684, -173.20214819908142, 2, 4.468869124997582, 30, 412164, 412164, 2.571909189224243, 39.90815353393555
1685, -172.9923838376999, 2, 4.490041785000358, 30, 412194, 412194, 2.5278332233428955, 40.49519348144531
1686, -173.35664039850235, 2, 4.471586134000972, 30, 412224, 412224, 2.857491970062256, 41.27436447143555
1687, -173.0543263554573, 2, 4.4872277729955385, 30, 412254, 412254, 2.6102919578552246, 41.33774948120117
1688, -172.98859494924545, 2, 4.508248017002188, 30, 412284, 412284, 2.803039789199829, 41.38568878173828
1689, -172.61264437437057, 2, 4.454722792004759, 30, 412314, 412314, 2.493889570236206, 40.58473587036133
1690, -173.56499314308167, 2, 4.478151737996086, 30, 412344, 412344, 2.4930217266082764, 40.30855941772461
1691, -173.0590045452118, 2, 4.470067629998084, 30, 412374, 412374, 2.6489994525909424, 40.766822814941406
1692, -173.56685763597488, 2, 4.487908907001838, 30, 412404, 412404, 2.6573116779327393, 41.263694763183594
1693, -173.1226590871811, 2, 4.4645396639971295, 30, 412434, 412434, 2.76283860206604, 41.46583938598633
1694, -173.55194395780563, 2, 4.4578417540033115, 30, 412464, 412464, 2.732422113418579, 41.47087860107422
1695, -173.27455633878708, 2, 4.473407297999074, 30, 412494, 412494, 2.4742791652679443, 41.07350540161133
1696, -173.4869565963745, 2, 4.483922735002125, 30, 412524, 412524, 2.392503261566162, 40.50728225708008
1697, -172.89738607406616, 2, 4.486271036999824, 30, 412554, 412554, 2.7163619995117188, 40.97283935546875
1698, -172.048166513443, 2, 4.480923087001429, 30, 412584, 412584, 2.3506643772125244, 40.099185943603516
1699, -172.8118000626564, 2, 4.4919194859976415, 30, 412614, 412614, 2.149416923522949, 40.07597732543945
1700, -172.59434032440186, 2, 4.489869427998201, 30, 412644, 412644, 2.810525417327881, 39.96757125854492
1701, -171.8792563676834, 2, 4.478352359001292, 30, 412674, 412674, 2.750865936279297, 41.585411071777344
1702, -172.87492793798447, 2, 4.483974221002427, 30, 412704, 412704, 2.482050895690918, 40.665828704833984
1703, -172.40688735246658, 2, 4.458547894995718, 30, 412734, 412734, 2.455246686935425, 40.72583770751953
1704, -173.4003685116768, 2, 4.486754037003266, 30, 412764, 412764, 2.6908318996429443, 41.09071731567383
1705, -172.8550604581833, 2, 4.4847081629995955, 30, 412794, 412794, 2.698178768157959, 40.74350357055664
1706, -172.8871436715126, 2, 4.507139246001316, 30, 412824, 412824, 2.2247514724731445, 39.55600357055664
1707, -172.58843863010406, 2, 4.47088328099926, 30, 412854, 412854, 2.61311936378479, 40.046077728271484
1708, -173.4504205584526, 2, 4.466793993000465, 30, 412884, 412884, 2.559572458267212, 40.82106018066406
1709, -172.8470442891121, 2, 4.497579631002736, 30, 412914, 412914, 2.5643744468688965, 40.24032211303711
1710, -173.34555077552795, 2, 4.473828965004941, 30, 412944, 412944, 2.478121280670166, 40.774024963378906
1711, -173.3476618528366, 2, 4.473870818997966, 30, 412974, 412974, 2.510286808013916, 40.61325454711914
1712, -172.71610420942307, 2, 4.463066879005055, 30, 413004, 413004, 2.6755192279815674, 39.180728912353516
1713, -173.21116256713867, 2, 4.483454059001815, 30, 413034, 413034, 2.599923849105835, 40.66315841674805
1714, -172.3094213604927, 2, 4.476762354002858, 30, 413064, 413064, 2.5825936794281006, 39.75595474243164
1715, -173.57235032320023, 2, 4.4760186420026, 30, 413094, 413094, 2.6807031631469727, 41.436519622802734
1716, -173.1616803407669, 2, 4.481847306000418, 30, 413124, 413124, 2.443633794784546, 40.30461883544922
1717, -172.92781847715378, 2, 4.481979715994385, 30, 413154, 413154, 2.3870065212249756, 40.40888214111328
1718, -173.3088486790657, 2, 4.488159855995036, 30, 413184, 413184, 2.639728307723999, 40.85791015625
1719, -173.25238454341888, 2, 4.456753999998909, 30, 413214, 413214, 2.4453954696655273, 39.537349700927734
1720, -172.0877030491829, 2, 4.479500321998785, 30, 413244, 413244, 2.752044916152954, 40.270545959472656
1721, -173.13595342636108, 2, 4.470130128000164, 30, 413274, 413274, 2.6045873165130615, 40.78395462036133
1722, -173.08887553215027, 2, 4.479961037999601, 30, 413304, 413304, 2.452467679977417, 39.78934860229492
1723, -173.34165507555008, 2, 4.503744453002582, 30, 413334, 413334, 2.3460981845855713, 40.102012634277344
1724, -173.51830434799194, 2, 4.465581505995942, 30, 413364, 413364, 2.2062323093414307, 40.950035095214844
1725, -173.56472051143646, 2, 4.478676193997671, 30, 413394, 413394, 2.6123883724212646, 40.42970657348633
1726, -172.17026168107986, 2, 4.4788069630012615, 30, 413424, 413424, 2.3934590816497803, 39.88912582397461
1727, -172.89934027194977, 2, 4.495008835001499, 30, 413454, 413454, 2.576667070388794, 40.654605865478516
1728, -173.2985823750496, 2, 4.483554143997026, 30, 413484, 413484, 2.4807610511779785, 40.56636047363281
1729, -173.6477347612381, 2, 4.477478606997465, 30, 413514, 413514, 2.9615254402160645, 40.62247085571289
1730, -172.7878343462944, 2, 4.5005982290022075, 30, 413544, 413544, 2.408644914627075, 40.004005432128906
1731, -172.32107359170914, 2, 4.457016089996614, 30, 413574, 413574, 2.7790849208831787, 40.22251510620117
1732, -173.31642484664917, 2, 4.474507657003414, 30, 413604, 413604, 3.0157055854797363, 41.31513214111328
1733, -173.17546951770782, 2, 4.462946164996538, 30, 413634, 413634, 2.4853529930114746, 41.35538101196289
1734, -173.08777981996536, 2, 4.516214058996411, 30, 413664, 413664, 2.6732490062713623, 40.31080627441406
1735, -172.6744043827057, 2, 4.463081608999346, 30, 413694, 413694, 2.5496826171875, 41.03505325317383
1736, -172.31392180919647, 2, 4.493730756999867, 30, 413724, 413724, 2.4463937282562256, 40.23707962036133
1737, -173.24618077278137, 2, 4.4660228619977715, 30, 413754, 413754, 2.6478159427642822, 40.6645393371582
1738, -172.2446750998497, 2, 4.510306036005204, 30, 413784, 413784, 2.8535783290863037, 40.73554992675781
1739, -172.7570095062256, 2, 4.47792066099646, 30, 413814, 413814, 2.760685682296753, 40.139976501464844
1740, -173.21607780456543, 2, 4.481892997995601, 30, 413844, 413844, 2.62597393989563, 41.04161834716797
1741, -173.27912151813507, 2, 4.465528744003677, 30, 413874, 413874, 2.6400294303894043, 40.72789764404297
1742, -173.10301506519318, 2, 4.477394289999211, 30, 413904, 413904, 2.5588622093200684, 40.90528106689453
1743, -172.780075609684, 2, 4.474261066003237, 30, 413934, 413934, 2.8467981815338135, 40.60344696044922
1744, -173.18975073099136, 2, 4.472723862993007, 30, 413964, 413964, 2.348445415496826, 40.37378692626953
1745, -173.31217670440674, 2, 4.463449030998163, 30, 413994, 413994, 2.2667124271392822, 40.85851287841797
1746, -173.2063152194023, 2, 4.488111316997674, 30, 414024, 414024, 2.587707042694092, 40.5741081237793
1747, -173.38370937108994, 2, 4.458018843004538, 30, 414054, 414054, 2.6307923793792725, 40.01630401611328
1748, -173.2484411597252, 2, 4.470553859995562, 30, 414084, 414084, 2.4166018962860107, 41.00495147705078
1749, -173.23456740379333, 2, 4.488514094002312, 30, 414114, 414114, 2.679955005645752, 40.6644287109375
1750, -173.3515100479126, 2, 4.489657629004796, 30, 414144, 414144, 2.5460140705108643, 40.13231658935547
1751, -172.73842495679855, 2, 4.482824340004299, 30, 414174, 414174, 2.5539536476135254, 39.99411392211914
1752, -172.9923473596573, 2, 4.4616727770044236, 30, 414204, 414204, 2.4992332458496094, 40.05512237548828
1753, -172.8256150484085, 2, 4.489344954999979, 30, 414234, 414234, 2.4988577365875244, 41.276248931884766
1754, -171.38984197378159, 2, 4.452979184003198, 30, 414264, 414264, 2.649144411087036, 41.784751892089844
1755, -173.12130320072174, 2, 4.4818345259991474, 30, 414294, 414294, 2.5907864570617676, 39.88291931152344
1756, -173.17726069688797, 2, 4.461106638002093, 30, 414324, 414324, 2.284719944000244, 40.737388610839844
1757, -172.38811737298965, 2, 4.505421267000202, 30, 414354, 414354, 2.3983154296875, 40.95362854003906
1758, -172.68855732679367, 2, 4.46893104800256, 30, 414384, 414384, 2.4620437622070312, 40.4903678894043
1759, -171.94768583774567, 2, 4.531188241999189, 30, 414414, 414414, 2.561847448348999, 40.32918930053711
1760, -172.5849522948265, 2, 4.45065699400584, 30, 414444, 414444, 2.6342995166778564, 40.67529296875
1761, -172.61646389961243, 2, 4.460046854001121, 30, 414474, 414474, 2.8098747730255127, 41.37566375732422
1762, -173.38948380947113, 2, 4.514200831996277, 30, 414504, 414504, 2.696349859237671, 40.72217559814453
1763, -173.3602711558342, 2, 4.458020978003333, 30, 414534, 414534, 2.5868077278137207, 40.689781188964844
1764, -172.97791343927383, 2, 4.483782808005344, 30, 414564, 414564, 2.6686792373657227, 40.05892562866211
1765, -172.3222463130951, 2, 4.48172193299979, 30, 414594, 414594, 2.4470667839050293, 40.18571853637695
1766, -173.0096978545189, 2, 4.476755579999008, 30, 414624, 414624, 2.279808759689331, 40.860286712646484
1767, -172.29315835237503, 2, 4.49436489600339, 30, 414654, 414654, 2.578437566757202, 39.90826416015625
1768, -173.02329164743423, 2, 4.489754089001508, 30, 414684, 414684, 2.7187581062316895, 40.63152313232422
1769, -173.13880878686905, 2, 4.4650257419998525, 30, 414714, 414714, 2.5261893272399902, 40.8953742980957
1770, -172.81815785169601, 2, 4.4673236579983495, 30, 414744, 414744, 2.4978930950164795, 40.1484489440918
1771, -173.04901266098022, 2, 4.477780690001964, 30, 414774, 414774, 2.4210011959075928, 40.34264373779297
1772, -172.99591755867004, 2, 4.4716492609950365, 30, 414804, 414804, 2.5158042907714844, 40.655052185058594
1773, -173.5592344403267, 2, 4.490381489995343, 30, 414834, 414834, 2.6190881729125977, 40.01400375366211
1774, -173.5528660416603, 2, 4.500241370995354, 30, 414864, 414864, 2.5480241775512695, 40.24985885620117
1775, -173.2143253684044, 2, 4.495165587999509, 30, 414894, 414894, 2.6474833488464355, 40.432273864746094
1776, -172.6295753121376, 2, 4.472012310005084, 30, 414924, 414924, 2.4120664596557617, 40.455299377441406
1777, -173.0092378258705, 2, 4.46878462699533, 30, 414954, 414954, 2.3959012031555176, 40.518089294433594
1778, -172.51451581716537, 2, 4.494017181001254, 30, 414984, 414984, 2.629580497741699, 40.847877502441406
1779, -173.19039058685303, 2, 4.484248294997087, 30, 415014, 415014, 2.525367021560669, 40.60963821411133
1780, -172.9806990623474, 2, 4.482119672000408, 30, 415044, 415044, 2.8152854442596436, 40.47797775268555
1781, -173.24493902921677, 2, 4.48477170499973, 30, 415074, 415074, 2.4647932052612305, 39.85377883911133
1782, -172.51480746269226, 2, 4.47972201200173, 30, 415104, 415104, 2.561368703842163, 40.75901794433594
1783, -173.05122059583664, 2, 4.487342513006297, 30, 415134, 415134, 2.5586297512054443, 39.78630065917969
1784, -172.66741210222244, 2, 4.455027117001009, 30, 415164, 415164, 2.4628865718841553, 40.55656814575195
1785, -172.98367035388947, 2, 4.469530991002102, 30, 415194, 415194, 2.5273170471191406, 40.238426208496094
1786, -172.6200936436653, 2, 4.46457623400056, 30, 415224, 415224, 2.6519076824188232, 40.1273193359375
1787, -172.66023474931717, 2, 4.483801873997436, 30, 415254, 415254, 2.5218193531036377, 39.8045539855957
1788, -172.77943444252014, 2, 4.515754757994728, 30, 415284, 415284, 2.516576051712036, 41.102134704589844
1789, -173.59933692216873, 2, 4.492544163993443, 30, 415314, 415314, 2.5810678005218506, 41.212501525878906
1790, -173.45701736211777, 2, 4.444172086004983, 30, 415344, 415344, 2.6173791885375977, 41.00606918334961
1791, -173.59569317102432, 2, 4.487725416998728, 30, 415374, 415374, 2.7961299419403076, 40.859134674072266
1792, -172.9567386507988, 2, 4.489969952999672, 30, 415404, 415404, 2.646984815597534, 41.60787582397461
1793, -173.24493914842606, 2, 4.494872684001166, 30, 415434, 415434, 2.372331142425537, 41.34098815917969
1794, -172.57674944400787, 2, 4.480425069996272, 30, 415464, 415464, 2.5557165145874023, 40.61486053466797
1795, -173.08021515607834, 2, 4.463565614001709, 30, 415494, 415494, 2.668889045715332, 40.86053466796875
1796, -173.15540438890457, 2, 4.469370918995992, 30, 415524, 415524, 2.648242950439453, 40.680233001708984
1797, -173.0503352880478, 2, 4.467673585997545, 30, 415554, 415554, 2.589508056640625, 40.215152740478516
1798, -172.98804515600204, 2, 4.464287508002599, 30, 415584, 415584, 2.6658923625946045, 40.09380340576172
1799, -172.93414515256882, 2, 4.47303970700159, 30, 415614, 415614, 2.4414000511169434, 40.76693344116211
1800, -172.35365360975266, 2, 4.486571858993557, 30, 415644, 415644, 2.436469316482544, 40.67184066772461
1801, -171.95010948181152, 2, 4.467918681999436, 30, 415674, 415674, 2.5872559547424316, 39.94351577758789
1802, -173.21641504764557, 2, 4.461617729000864, 30, 415704, 415704, 2.779951333999634, 41.29072570800781
1803, -173.42783814668655, 2, 4.513549054994655, 30, 415734, 415734, 2.8110053539276123, 40.94147872924805
1804, -173.06163746118546, 2, 4.481983224999567, 30, 415764, 415764, 2.3373653888702393, 40.73322296142578
1805, -173.2506606578827, 2, 4.49287748200004, 30, 415794, 415794, 2.6229746341705322, 40.83533477783203
1806, -173.01982009410858, 2, 4.471701171001769, 30, 415824, 415824, 2.541670083999634, 41.01747131347656
1807, -173.55546456575394, 2, 4.47414112000115, 30, 415854, 415854, 2.5814294815063477, 40.60396957397461
1808, -173.51620030403137, 2, 4.4640346899977885, 30, 415884, 415884, 2.733577013015747, 41.26628494262695
1809, -172.90038573741913, 2, 4.464001319996896, 30, 415914, 415914, 2.564495801925659, 40.22609329223633
1810, -173.1058645248413, 2, 4.49321844199585, 30, 415944, 415944, 2.4365642070770264, 41.101985931396484
1811, -172.74552500247955, 2, 4.471551222006383, 30, 415974, 415974, 2.2888946533203125, 40.597286224365234
1812, -172.4822278022766, 2, 4.521355880999181, 30, 416004, 416004, 2.7418153285980225, 40.39708709716797
1813, -173.47185391187668, 2, 4.479014644006384, 30, 416034, 416034, 2.6977384090423584, 40.65185546875
1814, -173.33701241016388, 2, 4.509435672000109, 30, 416064, 416064, 2.486286163330078, 41.148990631103516
1815, -173.18262898921967, 2, 4.46117088200117, 30, 416094, 416094, 2.3711276054382324, 40.99883270263672
1816, -172.97391188144684, 2, 4.490630799999053, 30, 416124, 416124, 2.5509707927703857, 40.05380630493164
1817, -172.94898748397827, 2, 4.492851933995553, 30, 416154, 416154, 2.467048406600952, 41.487674713134766
1818, -172.3885708451271, 2, 4.512501898003393, 30, 416184, 416184, 2.724277973175049, 41.28688049316406
1819, -173.48120856285095, 2, 4.493005219002953, 30, 416214, 416214, 2.577031373977661, 41.23861312866211
1820, -172.950268805027, 2, 4.449217312001565, 30, 416244, 416244, 2.558544397354126, 41.365440368652344
1821, -172.90143752098083, 2, 4.48435163400427, 30, 416274, 416274, 2.5061793327331543, 41.62050247192383
1822, -172.93759006261826, 2, 4.492951492000429, 30, 416304, 416304, 2.372152805328369, 40.35239791870117
1823, -172.71248191595078, 2, 4.499939991001156, 30, 416334, 416334, 2.6173651218414307, 41.02385711669922
1824, -173.3308138847351, 2, 4.484033177999663, 30, 416364, 416364, 2.7488925457000732, 40.253761291503906
1825, -173.41752636432648, 2, 4.4852213929989375, 30, 416394, 416394, 2.426284074783325, 40.49630355834961
1826, -172.99818736314774, 2, 4.502881865002564, 30, 416424, 416424, 2.6166868209838867, 40.49396514892578
1827, -173.2978772521019, 2, 4.5113518520010985, 30, 416454, 416454, 2.922088623046875, 41.15092086791992
1828, -172.49237078428268, 2, 4.492398141999729, 30, 416484, 416484, 2.4947588443756104, 40.41823196411133
1829, -173.04743683338165, 2, 4.467985135997878, 30, 416514, 416514, 2.487879514694214, 40.66025161743164
1830, -173.08768582344055, 2, 4.4817737150006, 30, 416544, 416544, 2.6034693717956543, 41.03154373168945
1831, -172.3180176615715, 2, 4.480689904994506, 30, 416574, 416574, 2.727646589279175, 41.59293746948242
1832, -172.5634195804596, 2, 4.468492879001133, 30, 416604, 416604, 2.61995005607605, 40.774757385253906
1833, -173.2634899020195, 2, 4.504348105001554, 30, 416634, 416634, 2.349334716796875, 40.19136428833008
1834, -172.98195683956146, 2, 4.48843704599858, 30, 416664, 416664, 2.678090810775757, 40.68317794799805
1835, -172.5777217745781, 2, 4.46231491999788, 30, 416694, 416694, 2.438933849334717, 40.23325729370117
1836, -172.8360835313797, 2, 4.458091741005774, 30, 416724, 416724, 2.3887009620666504, 40.97369384765625
1837, -172.49957674741745, 2, 4.463396415994794, 30, 416754, 416754, 2.7219510078430176, 41.313968658447266
1838, -173.11474364995956, 2, 4.489148200998898, 30, 416784, 416784, 2.537330389022827, 40.3154411315918
1839, -172.64733982086182, 2, 4.502609049995954, 30, 416814, 416814, 2.608931064605713, 40.80967712402344
1840, -172.7248211503029, 2, 4.4640151579951635, 30, 416844, 416844, 2.4124419689178467, 41.347068786621094
1841, -172.80552619695663, 2, 4.429530845001864, 30, 416874, 416874, 2.4438560009002686, 40.964839935302734
1842, -172.32351541519165, 2, 4.465984701004345, 30, 416904, 416904, 2.7952053546905518, 41.69933319091797
1843, -172.91244077682495, 2, 4.5006990440015215, 30, 416934, 416934, 2.3403398990631104, 40.80353546142578
1844, -172.98642712831497, 2, 4.488152801997785, 30, 416964, 416964, 2.5007565021514893, 41.26967239379883
1845, -172.5081366300583, 2, 4.484956934000365, 30, 416994, 416994, 2.6408770084381104, 41.234554290771484
1846, -173.02867203950882, 2, 4.504294241996831, 30, 417024, 417024, 2.850729465484619, 40.89849090576172
1847, -173.37189841270447, 2, 4.528220223000972, 30, 417054, 417054, 2.5269691944122314, 40.69510269165039
1848, -173.0332396030426, 2, 4.5112459779993515, 30, 417084, 417084, 2.5792341232299805, 41.05108642578125
1849, -172.9517741203308, 2, 4.482131348995608, 30, 417114, 417114, 2.583256244659424, 41.55378341674805
1850, -173.4430996775627, 2, 4.483674845992937, 30, 417144, 417144, 2.6219561100006104, 40.03675079345703
1851, -173.3265636563301, 2, 4.46187042100064, 30, 417174, 417174, 2.5102336406707764, 40.724510192871094
1852, -173.22457855939865, 2, 4.457353637997585, 30, 417204, 417204, 2.4898293018341064, 39.90767288208008
1853, -172.96791595220566, 2, 4.468897573002323, 30, 417234, 417234, 2.540844202041626, 42.1503791809082
1854, -172.58519172668457, 2, 4.503964185001678, 30, 417264, 417264, 2.303297758102417, 40.289554595947266
1855, -173.14877426624298, 2, 4.502979876000609, 30, 417294, 417294, 2.5862386226654053, 40.43380355834961
1856, -172.5742022395134, 2, 4.500625569002295, 30, 417324, 417324, 2.65502667427063, 41.036598205566406
1857, -173.01231503486633, 2, 4.46570064399566, 30, 417354, 417354, 2.6064350605010986, 40.9111442565918
1858, -173.51816827058792, 2, 4.4907981619981, 30, 417384, 417384, 2.349452257156372, 40.735042572021484
1859, -173.23118275403976, 2, 4.487286351002695, 30, 417414, 417414, 2.2732529640197754, 41.208675384521484
1860, -173.26325863599777, 2, 4.461011813000368, 30, 417444, 417444, 2.560685634613037, 41.413211822509766
1861, -172.89030861854553, 2, 4.49386833999597, 30, 417474, 417474, 2.326575994491577, 41.04439163208008
1862, -172.83566319942474, 2, 4.46899909000058, 30, 417504, 417504, 2.536574125289917, 40.03278350830078
1863, -172.38078397512436, 2, 4.486071272993286, 30, 417534, 417534, 2.2137110233306885, 40.709251403808594
1864, -173.3756127357483, 2, 4.497519513999578, 30, 417564, 417564, 2.4905662536621094, 41.00157928466797
1865, -173.0724406838417, 2, 4.468896559999848, 30, 417594, 417594, 2.7139079570770264, 40.49435043334961
1866, -173.11918157339096, 2, 4.459689944000274, 30, 417624, 417624, 2.6060240268707275, 40.97891616821289
1867, -173.17104852199554, 2, 4.518186036999396, 30, 417654, 417654, 2.4550421237945557, 40.86543655395508
1868, -172.76790022850037, 2, 4.483756991998234, 30, 417684, 417684, 2.4711973667144775, 40.867557525634766
1869, -172.74349063634872, 2, 4.512075758000719, 30, 417714, 417714, 2.426417827606201, 40.2971076965332
1870, -172.75290995836258, 2, 4.486027343002206, 30, 417744, 417744, 2.489145517349243, 41.442440032958984
1871, -173.13652515411377, 2, 4.480642321002961, 30, 417774, 417774, 2.5913901329040527, 40.8335075378418
1872, -172.9831222295761, 2, 4.468291090997809, 30, 417804, 417804, 2.7010881900787354, 40.81767654418945
1873, -172.76640623807907, 2, 4.479072292997444, 30, 417834, 417834, 2.763105869293213, 41.78678512573242
1874, -173.19296169281006, 2, 4.490286815002037, 30, 417864, 417864, 2.7556354999542236, 41.270809173583984
1875, -173.09187811613083, 2, 4.45228308699734, 30, 417894, 417894, 2.5639195442199707, 40.615779876708984
1876, -172.96425485610962, 2, 4.450896550006291, 30, 417924, 417924, 2.343200206756592, 40.34039306640625
1877, -172.9468309879303, 2, 4.517808440999943, 30, 417954, 417954, 2.5859763622283936, 40.80048751831055
1878, -172.99062144756317, 2, 4.48976645500079, 30, 417984, 417984, 2.576341152191162, 40.68821334838867
1879, -171.93891596794128, 2, 4.475230187003035, 30, 418014, 418014, 2.3758597373962402, 41.134559631347656
1880, -173.1454643011093, 2, 4.4761328940003295, 30, 418044, 418044, 2.2134153842926025, 40.98373794555664
1881, -173.1657702922821, 2, 4.467075262997241, 30, 418074, 418074, 2.3763530254364014, 40.27190017700195
1882, -172.63469964265823, 2, 4.463392489000398, 30, 418104, 418104, 2.4364089965820312, 41.37957000732422
1883, -172.84797257184982, 2, 4.468542907998199, 30, 418134, 418134, 2.9852232933044434, 40.91987228393555
1884, -173.04758018255234, 2, 4.502297553997778, 30, 418164, 418164, 2.5315568447113037, 40.77967834472656
1885, -173.52429765462875, 2, 4.4650712510047015, 30, 418194, 418194, 2.550450563430786, 41.046791076660156
1886, -173.06804633140564, 2, 4.460405847996299, 30, 418224, 418224, 2.499215602874756, 40.79005813598633
1887, -172.40063881874084, 2, 4.496673975001613, 30, 418254, 418254, 2.7764885425567627, 40.3782958984375
1888, -173.11982309818268, 2, 4.501761485000316, 30, 418284, 418284, 2.440884828567505, 41.317508697509766
1889, -172.43734937906265, 2, 4.4593222589974175, 30, 418314, 418314, 2.3152973651885986, 40.984676361083984
1890, -172.99115520715714, 2, 4.485863726004027, 30, 418344, 418344, 2.721135377883911, 40.654781341552734
1891, -173.06614208221436, 2, 4.4859213849995285, 30, 418374, 418374, 2.711531639099121, 40.91411209106445
1892, -172.7901906967163, 2, 4.457225616999494, 30, 418404, 418404, 2.7491214275360107, 40.77372360229492
1893, -173.12481784820557, 2, 4.490148100005172, 30, 418434, 418434, 2.417748212814331, 41.43408966064453
1894, -173.4673017859459, 2, 4.488394296000479, 30, 418464, 418464, 2.585461139678955, 40.62379837036133
1895, -172.87260216474533, 2, 4.4758060419990215, 30, 418494, 418494, 2.391573190689087, 41.33470916748047
1896, -173.1969593167305, 2, 4.495424790002289, 30, 418524, 418524, 2.444181203842163, 40.87348556518555
1897, -172.83029454946518, 2, 4.500962685000559, 30, 418554, 418554, 2.689967155456543, 41.78357696533203
1898, -173.46694111824036, 2, 4.537420811000629, 30, 418584, 418584, 2.758833169937134, 40.778018951416016
1899, -173.27490705251694, 2, 4.5160613039988675, 30, 418614, 418614, 2.499985694885254, 41.88795471191406
1900, -173.0720437169075, 2, 4.466283873996872, 30, 418644, 418644, 3.109147310256958, 41.09371566772461
1901, -172.84656351804733, 2, 4.45165267700213, 30, 418674, 418674, 2.7805166244506836, 41.05378723144531
1902, -172.5960395336151, 2, 4.46845101800136, 30, 418704, 418704, 2.4661977291107178, 40.7618522644043
1903, -172.99712985754013, 2, 4.490702611001325, 30, 418734, 418734, 2.4306387901306152, 41.54828643798828
1904, -172.94148069620132, 2, 4.48804641100287, 30, 418764, 418764, 2.518263816833496, 40.781349182128906
1905, -173.32751047611237, 2, 4.49907844599511, 30, 418794, 418794, 2.6170835494995117, 41.33695602416992
1906, -172.3863051533699, 2, 4.498768706995179, 30, 418824, 418824, 2.6340725421905518, 41.8951301574707
1907, -173.20971989631653, 2, 4.449332178999612, 30, 418854, 418854, 2.8576834201812744, 40.471744537353516
1908, -173.0032548904419, 2, 4.461067504002131, 30, 418884, 418884, 2.7503859996795654, 40.86509704589844
1909, -173.14732891321182, 2, 4.493525644000329, 30, 418914, 418914, 2.5616257190704346, 41.32004928588867
1910, -173.55542016029358, 2, 4.478797436000605, 30, 418944, 418944, 2.846304178237915, 41.713951110839844
1911, -173.1535101532936, 2, 4.473807425005361, 30, 418974, 418974, 2.688269853591919, 41.3945198059082
1912, -172.60983711481094, 2, 4.4567385080008535, 30, 419004, 419004, 2.575223684310913, 40.90080642700195
1913, -172.25413089990616, 2, 4.495546047997777, 30, 419034, 419034, 2.6170923709869385, 39.64173889160156
1914, -173.35186499357224, 2, 4.454105425997113, 30, 419064, 419064, 2.836143732070923, 42.25092315673828
1915, -173.2610905766487, 2, 4.481251288001658, 30, 419094, 419094, 2.5054521560668945, 41.59492111206055
1916, -172.80183619260788, 2, 4.472075521000079, 30, 419124, 419124, 2.5046021938323975, 40.68955993652344
1917, -173.2317225933075, 2, 4.464937225005997, 30, 419154, 419154, 2.445690393447876, 39.865604400634766
1918, -173.22250789403915, 2, 4.520274851995055, 30, 419184, 419184, 2.3301074504852295, 41.244083404541016
1919, -172.8110688328743, 2, 4.474519846997282, 30, 419214, 419214, 2.8994028568267822, 40.66145706176758
1920, -173.70427876710892, 2, 4.487484569996013, 30, 419244, 419244, 2.539069890975952, 40.8038444519043
1921, -173.25413233041763, 2, 4.485164220997831, 30, 419274, 419274, 2.6363444328308105, 41.4869384765625
1922, -172.9220907688141, 2, 4.462156562003656, 30, 419304, 419304, 2.5380938053131104, 40.89109420776367
1923, -173.09642362594604, 2, 4.520927854995534, 30, 419334, 419334, 2.8521342277526855, 41.58442687988281
1924, -173.27371418476105, 2, 4.470173087000148, 30, 419364, 419364, 2.5291597843170166, 41.11272430419922
1925, -172.96758711338043, 2, 4.5156588350000675, 30, 419394, 419394, 2.4497828483581543, 41.734745025634766
1926, -172.74845278263092, 2, 4.4816634860035265, 30, 419424, 419424, 2.6180500984191895, 42.37846374511719
1927, -171.95117938518524, 2, 4.48570338999707, 30, 419454, 419454, 2.8078055381774902, 41.10700225830078
1928, -173.03244870901108, 2, 4.500350638998498, 30, 419484, 419484, 2.504984140396118, 41.28529739379883
1929, -173.17179036140442, 2, 4.4930364879983244, 30, 419514, 419514, 2.377507448196411, 40.25547409057617
1930, -172.9809519648552, 2, 4.472118796002178, 30, 419544, 419544, 2.675419330596924, 41.26540756225586
1931, -172.48605650663376, 2, 4.462024285996449, 30, 419574, 419574, 2.5819249153137207, 41.476318359375
1932, -173.00843805074692, 2, 4.482308304999606, 30, 419604, 419604, 2.551136016845703, 41.3333854675293
1933, -172.81097394227982, 2, 4.499191517999861, 30, 419634, 419634, 2.8757822513580322, 40.989139556884766
1934, -173.01435202360153, 2, 4.515949854001519, 30, 419664, 419664, 2.883460283279419, 41.64595413208008
1935, -173.2590178847313, 2, 4.508009768003831, 30, 419694, 419694, 2.613110303878784, 41.36509323120117
1936, -173.04257380962372, 2, 4.4711503720027395, 30, 419724, 419724, 2.373274803161621, 41.09046936035156
1937, -172.30830842256546, 2, 4.501355565000267, 30, 419754, 419754, 2.638791799545288, 41.31328201293945
1938, -172.4166561961174, 2, 4.50468342500244, 30, 419784, 419784, 2.395745277404785, 40.0268669128418
1939, -172.88769149780273, 2, 4.499326880999433, 30, 419814, 419814, 2.7171075344085693, 41.027381896972656
1940, -173.26445305347443, 2, 4.468671943002846, 30, 419844, 419844, 2.6830527782440186, 41.29829025268555
1941, -173.15692681074142, 2, 4.468055694000213, 30, 419874, 419874, 2.646876335144043, 40.60874557495117
1942, -173.124904692173, 2, 4.504656163000618, 30, 419904, 419904, 2.468338966369629, 40.21232986450195
1943, -173.06400257349014, 2, 4.462970888002019, 30, 419934, 419934, 2.622056484222412, 41.15220260620117
1944, -172.2782799601555, 2, 4.45339276100276, 30, 419964, 419964, 2.7042458057403564, 40.76213073730469
1945, -172.6697055697441, 2, 4.47964917000354, 30, 419994, 419994, 2.3153815269470215, 39.93067169189453
1946, -173.15406465530396, 2, 4.475595322997833, 30, 420024, 420024, 3.0094621181488037, 41.76205825805664
1947, -173.17257475852966, 2, 4.489919977000682, 30, 420054, 420054, 2.421093463897705, 40.82881546020508
1948, -172.6673954129219, 2, 4.457597243002965, 30, 420084, 420084, 2.574357509613037, 41.11494064331055
1949, -173.28721737861633, 2, 4.479131933003373, 30, 420114, 420114, 2.4448418617248535, 40.95014953613281
1950, -173.12295705080032, 2, 4.471806073001062, 30, 420144, 420144, 2.596381902694702, 42.06260681152344
1951, -172.77217108011246, 2, 4.477608021996275, 30, 420174, 420174, 2.8296990394592285, 40.98952102661133
1952, -173.4225596189499, 2, 4.530341981000674, 30, 420204, 420204, 2.5499420166015625, 39.9345703125
1953, -173.19125348329544, 2, 4.47070382200036, 30, 420234, 420234, 2.4846198558807373, 41.692588806152344
1954, -172.9268622994423, 2, 4.473048740001104, 30, 420264, 420264, 2.4687397480010986, 41.28032684326172
1955, -173.27609223127365, 2, 4.4659483740033465, 30, 420294, 420294, 2.8105852603912354, 41.24745178222656
1956, -173.0115681886673, 2, 4.508773898996878, 30, 420324, 420324, 2.6330478191375732, 40.888065338134766
1957, -173.48507410287857, 2, 4.461887389996264, 30, 420354, 420354, 2.6713204383850098, 40.583736419677734
1958, -173.29104071855545, 2, 4.487503902004391, 30, 420384, 420384, 2.7280592918395996, 41.34780502319336
1959, -173.31671822071075, 2, 4.50942763400235, 30, 420414, 420414, 2.574834108352661, 40.76219177246094
1960, -172.88816672563553, 2, 4.477978371003701, 30, 420444, 420444, 2.7896926403045654, 41.50010681152344
1961, -173.24724298715591, 2, 4.493805067999347, 30, 420474, 420474, 2.6982312202453613, 40.364112854003906
1962, -173.25725013017654, 2, 4.46796784199978, 30, 420504, 420504, 2.4138009548187256, 41.09116744995117
1963, -172.82277607917786, 2, 4.489218582995818, 30, 420534, 420534, 2.562920570373535, 40.79418182373047
1964, -172.83417922258377, 2, 4.465836844996375, 30, 420564, 420564, 3.0773262977600098, 41.08795166015625
1965, -173.43223971128464, 2, 4.490250814997125, 30, 420594, 420594, 2.5852465629577637, 40.698158264160156
1966, -173.22272092103958, 2, 4.49172085000464, 30, 420624, 420624, 2.544694423675537, 41.01593780517578
1967, -172.96375733613968, 2, 4.523875102000602, 30, 420654, 420654, 2.6782431602478027, 41.85104751586914
1968, -173.29804921150208, 2, 4.507078857001034, 30, 420684, 420684, 2.6391830444335938, 40.548274993896484
1969, -172.84729874134064, 2, 4.52623288599716, 30, 420714, 420714, 2.6890084743499756, 41.76069259643555
1970, -172.8012694120407, 2, 4.496623687002284, 30, 420744, 420744, 2.7866780757904053, 42.028221130371094
1971, -173.2914907336235, 2, 4.514209811997716, 30, 420774, 420774, 2.5852410793304443, 41.64241409301758
1972, -172.6334400177002, 2, 4.498252548000892, 30, 420804, 420804, 2.609164237976074, 41.30570983886719
1973, -172.62801027297974, 2, 4.470699023993802, 30, 420834, 420834, 2.629974365234375, 40.86209487915039
1974, -173.09614872932434, 2, 4.476245922996895, 30, 420864, 420864, 2.5657918453216553, 40.95553970336914
1975, -172.98989236354828, 2, 4.46428523499344, 30, 420894, 420894, 2.674386739730835, 41.25322723388672
1976, -173.46633315086365, 2, 4.531534829002339, 30, 420924, 420924, 2.4010283946990967, 41.34729766845703
1977, -173.66355741024017, 2, 4.491059414001938, 30, 420954, 420954, 2.749660015106201, 40.95038604736328
1978, -173.42356264591217, 2, 4.493368773000839, 30, 420984, 420984, 2.4820566177368164, 41.013587951660156
1979, -173.25245028734207, 2, 4.465260053002567, 30, 421014, 421014, 2.730889081954956, 40.73577880859375
1980, -173.59230172634125, 2, 4.481209170997317, 30, 421044, 421044, 2.5288305282592773, 41.17127227783203
1981, -173.35270577669144, 2, 4.486578311996709, 30, 421074, 421074, 2.4963772296905518, 40.59981155395508
1982, -172.92986869812012, 2, 4.497504496001056, 30, 421104, 421104, 2.7874438762664795, 41.79471969604492
1983, -172.3956761956215, 2, 4.498916556003678, 30, 421134, 421134, 2.4249534606933594, 42.33211898803711
1984, -172.9056339263916, 2, 4.48294707799505, 30, 421164, 421164, 2.6339406967163086, 41.219425201416016
1985, -173.34473586082458, 2, 4.4880125889976625, 30, 421194, 421194, 2.428428888320923, 40.498268127441406
1986, -172.9573500752449, 2, 4.4854706400001305, 30, 421224, 421224, 2.4275033473968506, 40.510562896728516
1987, -173.06123661994934, 2, 4.504066565001267, 30, 421254, 421254, 2.5773189067840576, 41.95541763305664
1988, -172.4522779583931, 2, 4.488434496000991, 30, 421284, 421284, 2.6922545433044434, 41.16581726074219
1989, -173.01357972621918, 2, 4.507661388000997, 30, 421314, 421314, 2.545576572418213, 40.609256744384766
1990, -173.55582189559937, 2, 4.503105365001829, 30, 421344, 421344, 2.893903970718384, 41.21317672729492
1991, -173.150665640831, 2, 4.500757472997066, 30, 421374, 421374, 2.5501368045806885, 41.7332763671875
1992, -172.58455795049667, 2, 4.513191458005167, 30, 421404, 421404, 2.5939974784851074, 40.52389907836914
1993, -173.5336177945137, 2, 4.501696676998108, 30, 421434, 421434, 2.5151848793029785, 41.27874755859375
1994, -173.61197823286057, 2, 4.472303872993507, 30, 421464, 421464, 2.6782844066619873, 41.60288619995117
1995, -173.08521926403046, 2, 4.522712206999131, 30, 421494, 421494, 2.3538241386413574, 40.45700454711914
1996, -172.86447459459305, 2, 4.479077233998396, 30, 421524, 421524, 2.6148478984832764, 41.334327697753906
1997, -173.49947690963745, 2, 4.4971299590033595, 30, 421554, 421554, 2.83335018157959, 40.85454177856445
1998, -173.2277598977089, 2, 4.5041185910013155, 30, 421584, 421584, 2.7829513549804688, 41.26642990112305
1999, -172.96989351511002, 2, 4.463733518001391, 30, 421614, 421614, 2.7307472229003906, 41.08589553833008
2000, -173.44500523805618, 2, 4.500390190005419, 30, 421644, 421644, 2.388981819152832, 40.89760971069336
2001, -172.54941427707672, 2, 4.493905643998005, 30, 421674, 421674, 2.580763816833496, 40.92254638671875
2002, -173.13515454530716, 2, 4.536289666000812, 30, 421704, 421704, 2.563595771789551, 41.197303771972656
2003, -172.8162831068039, 2, 4.4829077670001425, 30, 421734, 421734, 2.713245153427124, 41.039085388183594
2004, -172.3023001551628, 2, 4.468021544998919, 30, 421764, 421764, 2.7952778339385986, 41.71487808227539
2005, -172.6430806517601, 2, 4.51539816299919, 30, 421794, 421794, 2.557086944580078, 41.595096588134766
2006, -172.57951718568802, 2, 4.461754846997792, 30, 421824, 421824, 2.545173168182373, 41.19852066040039
2007, -172.51664799451828, 2, 4.505634499997541, 30, 421854, 421854, 2.652432680130005, 41.52465057373047
2008, -173.17207622528076, 2, 4.441710953004076, 30, 421884, 421884, 2.4152257442474365, 40.543331146240234
2009, -172.99294525384903, 2, 4.47083257399936, 30, 421914, 421914, 2.2710678577423096, 41.06037521362305
2010, -172.99072968959808, 2, 4.454364359000465, 30, 421944, 421944, 2.5660219192504883, 42.04265594482422
2011, -173.11024677753448, 2, 4.491024240000115, 30, 421974, 421974, 2.4434187412261963, 40.53208923339844
2012, -173.07778626680374, 2, 4.48498552700039, 30, 422004, 422004, 2.6569130420684814, 40.92798614501953
2013, -173.29045909643173, 2, 4.492847221001284, 30, 422034, 422034, 2.503969669342041, 40.68672561645508
2014, -173.11738467216492, 2, 4.47492057600175, 30, 422064, 422064, 2.695411443710327, 40.772640228271484
2015, -172.67903113365173, 2, 4.46311386400339, 30, 422094, 422094, 2.534266710281372, 41.41154098510742
2016, -172.7733272910118, 2, 4.534743390002404, 30, 422124, 422124, 2.4295217990875244, 41.3277702331543
2017, -172.59437900781631, 2, 4.47368824199657, 30, 422154, 422154, 2.533094882965088, 41.23869705200195
2018, -173.2344697713852, 2, 4.4793452020021505, 30, 422184, 422184, 2.9041574001312256, 41.239383697509766
2019, -173.17837131023407, 2, 4.50668020699959, 30, 422214, 422214, 2.7487404346466064, 41.03182601928711
2020, -172.991326212883, 2, 4.46267018999788, 30, 422244, 422244, 3.010679006576538, 41.47307205200195
2021, -173.22157788276672, 2, 4.463586171994393, 30, 422274, 422274, 2.630455493927002, 41.757225036621094
2022, -173.2691233754158, 2, 4.450455106998561, 30, 422304, 422304, 2.840170383453369, 40.987220764160156
2023, -172.59292429685593, 2, 4.484358809997502, 30, 422334, 422334, 2.631394386291504, 41.06256103515625
2024, -172.73956614732742, 2, 4.482753787997353, 30, 422364, 422364, 2.3960492610931396, 41.39503860473633
2025, -173.54019957780838, 2, 4.482271451000997, 30, 422394, 422394, 2.4157989025115967, 40.827388763427734
2026, -173.5720791220665, 2, 4.471258073004719, 30, 422424, 422424, 2.2453887462615967, 40.99525833129883
2027, -172.47841215133667, 2, 4.498632324000937, 30, 422454, 422454, 2.2764556407928467, 41.51959991455078
2028, -172.26157069206238, 2, 4.5112333450015285, 30, 422484, 422484, 2.3770315647125244, 40.587703704833984
2029, -172.77782326936722, 2, 4.504163972000242, 30, 422514, 422514, 2.406916618347168, 40.767765045166016
2030, -172.70350229740143, 2, 4.469144832997699, 30, 422544, 422544, 2.671902656555176, 41.16576385498047
2031, -172.66783946752548, 2, 4.487613140998292, 30, 422574, 422574, 2.6599833965301514, 42.09128189086914
2032, -173.22013580799103, 2, 4.460561817002599, 30, 422604, 422604, 2.4802231788635254, 40.8109130859375
2033, -173.367222905159, 2, 4.465673984996101, 30, 422634, 422634, 2.2079310417175293, 41.35164260864258
2034, -171.6841630935669, 2, 4.4688955469973735, 30, 422664, 422664, 2.8663015365600586, 41.15570068359375
2035, -172.09409111738205, 2, 4.5008137810000335, 30, 422694, 422694, 2.437908172607422, 41.20134353637695
2036, -172.5724201798439, 2, 4.488186750997556, 30, 422724, 422724, 2.662384510040283, 41.70195388793945
2037, -173.16790980100632, 2, 4.469861546000175, 30, 422754, 422754, 2.8081576824188232, 42.27237319946289
2038, -172.57725489139557, 2, 4.518949199999042, 30, 422784, 422784, 2.9822981357574463, 41.24204635620117
2039, -173.23311746120453, 2, 4.4742617739975685, 30, 422814, 422814, 2.458423376083374, 40.80653762817383
2040, -172.61523473262787, 2, 4.503210189999663, 30, 422844, 422844, 2.4482433795928955, 42.10171127319336
2041, -173.15096670389175, 2, 4.460153469997749, 30, 422874, 422874, 2.3830604553222656, 40.702510833740234
2042, -173.23019009828568, 2, 4.472966808003548, 30, 422904, 422904, 2.5367133617401123, 42.06090545654297
2043, -172.9678801894188, 2, 4.473133722000057, 30, 422934, 422934, 2.8049685955047607, 40.7679443359375
2044, -173.34028869867325, 2, 4.489167548999831, 30, 422964, 422964, 2.497992992401123, 40.79054641723633
2045, -173.43093585968018, 2, 4.477883535000728, 30, 422994, 422994, 2.6917970180511475, 40.809452056884766
2046, -173.17836940288544, 2, 4.4988316019953345, 30, 423024, 423024, 2.6995370388031006, 42.726280212402344
2047, -172.8509864807129, 2, 4.516394179998315, 30, 423054, 423054, 2.7647347450256348, 41.082603454589844
2048, -173.31556242704391, 2, 4.485029474999465, 30, 423084, 423084, 2.707547664642334, 40.40964126586914
2049, -173.34941643476486, 2, 4.520252046997484, 30, 423114, 423114, 2.5947928428649902, 41.78757095336914
2050, -173.13514524698257, 2, 4.479821801003709, 30, 423144, 423144, 2.7193827629089355, 40.851966857910156
2051, -172.845021545887, 2, 4.471998619002989, 30, 423174, 423174, 2.7274367809295654, 41.900352478027344
2052, -172.85935294628143, 2, 4.476941257002181, 30, 423204, 423204, 2.472499132156372, 40.5080680847168
2053, -172.43267166614532, 2, 4.491097346995957, 30, 423234, 423234, 2.3604736328125, 40.86473846435547
2054, -172.304638504982, 2, 4.488151703997573, 30, 423264, 423264, 2.50404953956604, 41.376041412353516
2055, -172.94321233034134, 2, 4.468188687998918, 30, 423294, 423294, 2.834953546524048, 42.07504653930664
2056, -173.10107445716858, 2, 4.45023165600287, 30, 423324, 423324, 2.5941500663757324, 40.6703987121582
2057, -173.2721610069275, 2, 4.51989042799687, 30, 423354, 423354, 2.60139799118042, 41.31867980957031
2058, -172.06574475765228, 2, 4.470009971999389, 30, 423384, 423384, 2.639180898666382, 41.95710372924805
2059, -172.57502138614655, 2, 4.478876246001164, 30, 423414, 423414, 2.5480661392211914, 41.50304412841797
2060, -173.50258362293243, 2, 4.489873077000084, 30, 423444, 423444, 2.6645188331604004, 41.3297004699707
2061, -172.5200251340866, 2, 4.47155652299989, 30, 423474, 423474, 2.3753912448883057, 41.00044631958008
2062, -173.56847721338272, 2, 4.495330208002997, 30, 423504, 423504, 2.3643908500671387, 40.944129943847656
2063, -172.86649292707443, 2, 4.454891057001078, 30, 423534, 423534, 2.3119611740112305, 41.41814041137695
2064, -173.15895426273346, 2, 4.483143478995771, 30, 423564, 423564, 2.675226926803589, 40.98816680908203
2065, -172.7972874045372, 2, 4.482175127996015, 30, 423594, 423594, 2.627986192703247, 40.866539001464844
2066, -173.2718386054039, 2, 4.475762057998509, 30, 423624, 423624, 2.8726820945739746, 41.53096389770508
2067, -173.22692972421646, 2, 4.466939675003232, 30, 423654, 423654, 2.489894390106201, 41.74245834350586
2068, -172.3122234940529, 2, 4.503413890000957, 30, 423684, 423684, 2.4488346576690674, 40.83740997314453
2069, -173.00176548957825, 2, 4.478466232998471, 30, 423714, 423714, 2.1021735668182373, 41.86322784423828
2070, -173.4701145887375, 2, 4.478580693001277, 30, 423744, 423744, 2.7444615364074707, 41.68278503417969
2071, -172.57805162668228, 2, 4.469945265002025, 30, 423774, 423774, 2.350024461746216, 41.395530700683594
2072, -173.24373334646225, 2, 4.48374797100405, 30, 423804, 423804, 2.474160671234131, 41.22026443481445
2073, -173.2945654988289, 2, 4.47993569800019, 30, 423834, 423834, 2.25095534324646, 40.66481399536133
2074, -172.95269763469696, 2, 4.4663082269980805, 30, 423864, 423864, 2.8996667861938477, 41.93668746948242
2075, -173.53060519695282, 2, 4.456210655996983, 30, 423894, 423894, 2.387770414352417, 41.41072082519531
2076, -173.38841044902802, 2, 4.456609993001621, 30, 423924, 423924, 2.853820323944092, 40.62263107299805
2077, -173.22483772039413, 2, 4.457176709001942, 30, 423954, 423954, 2.546504259109497, 41.93919372558594
2078, -173.23021805286407, 2, 4.513018691999605, 30, 423984, 423984, 2.363311767578125, 41.05732345581055
2079, -173.37101644277573, 2, 4.486604646001069, 30, 424014, 424014, 2.53959059715271, 40.51960372924805
2080, -173.2415667772293, 2, 4.490094881002733, 30, 424044, 424044, 2.487464189529419, 42.10732650756836
2081, -173.67744636535645, 2, 4.461736616001872, 30, 424074, 424074, 2.54296875, 41.81224060058594
2082, -172.406587600708, 2, 4.5061710070003755, 30, 424104, 424104, 2.717633008956909, 41.52605056762695
2083, -172.03962683677673, 2, 4.47721358200215, 30, 424134, 424134, 2.400702476501465, 41.9035530090332
2084, -173.41622072458267, 2, 4.453760049000266, 30, 424164, 424164, 2.749910831451416, 41.934383392333984
2085, -173.05309182405472, 2, 4.466026501002489, 30, 424194, 424194, 2.5458149909973145, 41.01844024658203
2086, -172.33321392536163, 2, 4.4787990570039256, 30, 424224, 424224, 2.580277681350708, 40.750465393066406
2087, -173.36678802967072, 2, 4.475669874998857, 30, 424254, 424254, 2.617737293243408, 41.36552810668945
2088, -173.26126158237457, 2, 4.476464676001342, 30, 424284, 424284, 2.4370691776275635, 41.21393585205078
2089, -172.97572314739227, 2, 4.480187640001532, 30, 424314, 424314, 2.3152339458465576, 40.31283950805664
2090, -172.3875178694725, 2, 4.483440760006488, 30, 424344, 424344, 2.7116057872772217, 41.20945358276367
2091, -172.1386930346489, 2, 4.479839535997598, 30, 424374, 424374, 2.919255495071411, 41.39773178100586
2092, -173.63642799854279, 2, 4.493869475001702, 30, 424404, 424404, 2.4875543117523193, 40.313316345214844
2093, -173.2926024198532, 2, 4.4834337510037585, 30, 424434, 424434, 2.638676404953003, 40.526798248291016
2094, -173.25785440206528, 2, 4.50184205199912, 30, 424464, 424464, 2.560321569442749, 41.50007629394531
2095, -173.39665967226028, 2, 4.481751396997424, 30, 424494, 424494, 2.228480100631714, 41.580509185791016
2096, -173.31678634881973, 2, 4.466744484998344, 30, 424524, 424524, 2.8148374557495117, 42.339881896972656
2097, -173.36513555049896, 2, 4.467783248001069, 30, 424554, 424554, 2.7190470695495605, 41.800270080566406
2098, -173.28290885686874, 2, 4.506589591001102, 30, 424584, 424584, 2.8072359561920166, 42.205223083496094
2099, -173.0932245850563, 2, 4.491398947000562, 30, 424614, 424614, 2.767120599746704, 42.28372573852539
2100, -173.37125927209854, 2, 4.476279677001003, 30, 424644, 424644, 2.5320816040039062, 42.75559997558594
2101, -172.98845249414444, 2, 4.492418927999097, 30, 424674, 424674, 2.5989928245544434, 41.217464447021484
2102, -172.2570687532425, 2, 4.489620398002444, 30, 424704, 424704, 2.302245855331421, 41.342037200927734
2103, -172.8679347038269, 2, 4.509755041995959, 30, 424734, 424734, 2.520427942276001, 41.739192962646484
2104, -173.3926996588707, 2, 4.511575578995689, 30, 424764, 424764, 2.3743255138397217, 40.46537399291992
2105, -171.45304238796234, 2, 4.492056180002692, 30, 424794, 424794, 2.718827486038208, 41.336116790771484
2106, -172.68641430139542, 2, 4.440485661994899, 30, 424824, 424824, 2.4088294506073, 41.59854507446289
2107, -173.2946718931198, 2, 4.517505549003545, 30, 424854, 424854, 2.4739372730255127, 41.29225158691406
2108, -173.49713116884232, 2, 4.5219766900045215, 30, 424884, 424884, 2.6486642360687256, 42.04343032836914
2109, -173.2580071091652, 2, 4.563443988998188, 30, 424914, 424914, 2.4296658039093018, 42.47258758544922
2110, -173.22960877418518, 2, 4.47093987500557, 30, 424944, 424944, 2.574707508087158, 40.48820114135742
2111, -172.54064440727234, 2, 4.470711291003681, 30, 424974, 424974, 2.3289670944213867, 41.768821716308594
2112, -172.74731945991516, 2, 4.5025229300008505, 30, 425004, 425004, 2.291762113571167, 40.680233001708984
2113, -172.60993218421936, 2, 4.487666574998002, 30, 425034, 425034, 2.5023300647735596, 40.79039001464844
2114, -173.2777138352394, 2, 4.46761752099701, 30, 425064, 425064, 2.257957696914673, 41.29252243041992
2115, -173.68035477399826, 2, 4.513349606997508, 30, 425094, 425094, 2.5564827919006348, 41.9455451965332
2116, -173.48667860031128, 2, 4.453029091004282, 30, 425124, 425124, 2.5696001052856445, 40.416019439697266
2117, -173.49423605203629, 2, 4.483550238001044, 30, 425154, 425154, 2.6141393184661865, 41.24193572998047
2118, -172.89326310157776, 2, 4.484328530001221, 30, 425184, 425184, 2.522280216217041, 41.58622741699219
2119, -172.8596624135971, 2, 4.481837813000311, 30, 425214, 425214, 2.513432741165161, 41.11640548706055
2120, -172.87884098291397, 2, 4.500750207000237, 30, 425244, 425244, 2.41782283782959, 41.78164291381836
2121, -173.19951874017715, 2, 4.48405549099698, 30, 425274, 425274, 2.6761178970336914, 41.09508514404297
2122, -172.69809061288834, 2, 4.488426370997331, 30, 425304, 425304, 2.4981508255004883, 41.54896926879883
2123, -172.23637628555298, 2, 4.490539574995637, 30, 425334, 425334, 2.74678635597229, 41.212890625
2124, -173.26311588287354, 2, 4.506452846995671, 30, 425364, 425364, 2.8006911277770996, 42.33998489379883
2125, -173.16920495033264, 2, 4.4615658830007305, 30, 425394, 425394, 2.480807065963745, 41.54878616333008
2126, -172.37839609384537, 2, 4.506771883003239, 30, 425424, 425424, 2.3881452083587646, 40.796241760253906
2127, -173.34042191505432, 2, 4.488763198001834, 30, 425454, 425454, 2.431065559387207, 41.682857513427734
2128, -173.53956866264343, 2, 4.52894852800091, 30, 425484, 425484, 2.6313652992248535, 42.165611267089844
2129, -173.00371134281158, 2, 4.483804708994285, 30, 425514, 425514, 2.404696226119995, 41.849449157714844
2130, -173.01681596040726, 2, 4.538177280999662, 30, 425544, 425544, 2.541609287261963, 41.30714416503906
2131, -172.5382679104805, 2, 4.493088436000107, 30, 425574, 425574, 2.6605825424194336, 41.041263580322266
2132, -172.85975980758667, 2, 4.486873252004443, 30, 425604, 425604, 2.7804369926452637, 41.22259521484375
2133, -173.0949723124504, 2, 4.506826161996287, 30, 425634, 425634, 2.654240608215332, 41.8819694519043
2134, -172.7681828737259, 2, 4.486889880994568, 30, 425664, 425664, 2.7444114685058594, 42.24769592285156
2135, -173.20277017354965, 2, 4.497039536006923, 30, 425694, 425694, 2.470881938934326, 40.668827056884766
2136, -173.20450925827026, 2, 4.48329549600021, 30, 425724, 425724, 2.830369472503662, 41.21139144897461
2137, -173.48287290334702, 2, 4.486294832000567, 30, 425754, 425754, 2.639165163040161, 41.83690643310547
2138, -173.49849903583527, 2, 4.492776276994846, 30, 425784, 425784, 2.4645347595214844, 42.075504302978516
2139, -173.32877415418625, 2, 4.51321035699948, 30, 425814, 425814, 2.466545343399048, 42.470149993896484
2140, -173.20817112922668, 2, 4.481943644997955, 30, 425844, 425844, 2.504730701446533, 41.94783401489258
2141, -172.49394017457962, 2, 4.485733952998999, 30, 425874, 425874, 2.384737253189087, 40.825008392333984
2142, -173.2547817826271, 2, 4.480303907999769, 30, 425904, 425904, 2.5727968215942383, 40.8878173828125
2143, -173.31350362300873, 2, 4.461720946994319, 30, 425934, 425934, 2.3736870288848877, 41.411476135253906
2144, -173.62261348962784, 2, 4.507004254002823, 30, 425964, 425964, 2.4825918674468994, 41.06267547607422
2145, -173.6561702489853, 2, 4.49745219599572, 30, 425994, 425994, 2.4540488719940186, 41.432716369628906
2146, -173.66697305440903, 2, 4.482252643996617, 30, 426024, 426024, 2.6075918674468994, 41.21958923339844
2147, -172.86835104227066, 2, 4.473510718002217, 30, 426054, 426054, 2.3584165573120117, 41.31281280517578
2148, -172.80363416671753, 2, 4.484448743998655, 30, 426084, 426084, 2.7311336994171143, 41.5403938293457
2149, -172.81481301784515, 2, 4.486046276004345, 30, 426114, 426114, 2.5345816612243652, 41.88174819946289
2150, -172.9550115466118, 2, 4.495052452999516, 30, 426144, 426144, 2.613842487335205, 41.83070755004883
2151, -173.48177301883698, 2, 4.473106220997579, 30, 426174, 426174, 2.475721597671509, 41.17316818237305
2152, -173.11721420288086, 2, 4.533389228003216, 30, 426204, 426204, 2.4655709266662598, 41.77010726928711
2153, -172.941736638546, 2, 4.503592413995648, 30, 426234, 426234, 2.608696699142456, 41.3524169921875
2154, -173.29454362392426, 2, 4.516568851002376, 30, 426264, 426264, 2.47668719291687, 41.42144775390625
2155, -173.1839365363121, 2, 4.5157893740033614, 30, 426294, 426294, 2.6503796577453613, 41.277767181396484
2156, -173.11644327640533, 2, 4.475577423996583, 30, 426324, 426324, 2.5753910541534424, 41.37435531616211
2157, -172.85373705625534, 2, 4.50521504500648, 30, 426354, 426354, 2.4311792850494385, 41.54573059082031
2158, -173.16583043336868, 2, 4.484173926997755, 30, 426384, 426384, 2.5434954166412354, 41.34980010986328
2159, -172.62679815292358, 2, 4.467164845002117, 30, 426414, 426414, 2.681544303894043, 41.92185592651367
2160, -172.88154393434525, 2, 4.474135614997067, 30, 426444, 426444, 2.656153440475464, 41.08092498779297
2161, -172.55229926109314, 2, 4.495696778001729, 30, 426474, 426474, 2.3169541358947754, 41.740196228027344
2162, -173.4941365122795, 2, 4.493231423999532, 30, 426504, 426504, 2.577569007873535, 41.948036193847656
2163, -172.7944855093956, 2, 4.486805097003526, 30, 426534, 426534, 2.60506010055542, 41.720584869384766
2164, -172.5189015865326, 2, 4.511887371998455, 30, 426564, 426564, 2.657224178314209, 42.15548324584961
2165, -172.90030550956726, 2, 4.476250252002501, 30, 426594, 426594, 2.4014532566070557, 41.54119110107422
2166, -173.2447099685669, 2, 4.477353426998889, 30, 426624, 426624, 2.7117528915405273, 41.24556350708008
2167, -172.70152992010117, 2, 4.5298851750048925, 30, 426654, 426654, 2.468778371810913, 41.41877365112305
2168, -173.36851811408997, 2, 4.499510089000978, 30, 426684, 426684, 2.7469913959503174, 41.02037811279297
2169, -173.2804697751999, 2, 4.506708178996632, 30, 426714, 426714, 2.7357161045074463, 41.41853332519531
2170, -172.56263130903244, 2, 4.485680166006205, 30, 426744, 426744, 2.6153676509857178, 40.615665435791016
2171, -172.7808313369751, 2, 4.487092620998737, 30, 426774, 426774, 2.4291799068450928, 41.65190505981445
2172, -173.4080472588539, 2, 4.489626975999272, 30, 426804, 426804, 2.3436279296875, 41.501834869384766
2173, -173.178207218647, 2, 4.505166614006157, 30, 426834, 426834, 2.8229634761810303, 41.91136169433594
2174, -173.02861589193344, 2, 4.499987525996403, 30, 426864, 426864, 2.7637617588043213, 41.88200759887695
2175, -173.05088710784912, 2, 4.485823278002499, 30, 426894, 426894, 2.5504825115203857, 42.603084564208984
2176, -172.71954876184464, 2, 4.477976721995219, 30, 426924, 426924, 2.324925661087036, 41.54377746582031
2177, -173.35249876976013, 2, 4.492219740997825, 30, 426954, 426954, 2.545542001724243, 42.27365493774414
2178, -173.05939108133316, 2, 4.488077975998749, 30, 426984, 426984, 2.3604307174682617, 41.55261993408203
2179, -173.01092267036438, 2, 4.469921752999653, 30, 427014, 427014, 2.5091187953948975, 41.36365509033203
2180, -172.7948306798935, 2, 4.493263687996659, 30, 427044, 427044, 2.5028343200683594, 41.96372985839844
2181, -172.80248910188675, 2, 4.478694263001671, 30, 427074, 427074, 2.2570738792419434, 42.78227996826172
2182, -173.033507168293, 2, 4.477176882995991, 30, 427104, 427104, 2.5769855976104736, 41.00640106201172
2183, -173.22725236415863, 2, 4.511766664996685, 30, 427134, 427134, 2.67984676361084, 41.526588439941406
2184, -173.10578054189682, 2, 4.468466010002885, 30, 427164, 427164, 2.4324746131896973, 41.52093505859375
2185, -173.38342559337616, 2, 4.494534048993955, 30, 427194, 427194, 2.5106489658355713, 41.33734130859375
2186, -172.86499392986298, 2, 4.466076358999999, 30, 427224, 427224, 2.6278109550476074, 40.82012939453125
2187, -173.01313996315002, 2, 4.526596777999657, 30, 427254, 427254, 2.4186089038848877, 40.70378875732422
2188, -173.2686892747879, 2, 4.508595150000474, 30, 427284, 427284, 2.4935834407806396, 41.72026443481445
2189, -172.5129868388176, 2, 4.467048944999988, 30, 427314, 427314, 2.7999942302703857, 42.05681228637695
2190, -173.4063217639923, 2, 4.482179113001621, 30, 427344, 427344, 2.5506348609924316, 42.0955696105957
2191, -172.46194475889206, 2, 4.503432410994719, 30, 427374, 427374, 2.592574119567871, 42.267333984375
2192, -173.3741995692253, 2, 4.489466115999676, 30, 427404, 427404, 2.4623358249664307, 41.32491683959961
2193, -173.12063086032867, 2, 4.510626726994815, 30, 427434, 427434, 2.6341729164123535, 41.58563232421875
2194, -173.22724026441574, 2, 4.470436655996309, 30, 427464, 427464, 2.8969814777374268, 42.58384704589844
2195, -173.14096224308014, 2, 4.504718012001831, 30, 427494, 427494, 2.4692933559417725, 42.0601806640625
2196, -172.36882150173187, 2, 4.499199862999376, 30, 427524, 427524, 2.6637823581695557, 42.24583053588867
2197, -173.0474789738655, 2, 4.466759553004522, 30, 427554, 427554, 2.599719524383545, 41.9995002746582
2198, -172.83963799476624, 2, 4.4880654369990225, 30, 427584, 427584, 2.3971588611602783, 41.56182861328125
2199, -173.22200351953506, 2, 4.500239788001636, 30, 427614, 427614, 2.698803424835205, 42.53517532348633
2200, -173.44415831565857, 2, 4.481139557996357, 30, 427644, 427644, 2.664837121963501, 40.64071273803711
2201, -172.96322280168533, 2, 4.4894572449993575, 30, 427674, 427674, 2.699939250946045, 41.312686920166016
2202, -172.8442586660385, 2, 4.4834521939992555, 30, 427704, 427704, 2.866692543029785, 41.84429931640625
2203, -173.17724281549454, 2, 4.48976470100024, 30, 427734, 427734, 2.557608127593994, 41.927734375
2204, -171.80439138412476, 2, 4.508017263004149, 30, 427764, 427764, 2.7899577617645264, 42.000553131103516
2205, -173.37429118156433, 2, 4.474088135000784, 30, 427794, 427794, 2.4057698249816895, 41.74907684326172
2206, -172.62704521417618, 2, 4.4722788500002935, 30, 427824, 427824, 2.707145929336548, 41.48971939086914
2207, -173.0070607662201, 2, 4.4729412460001186, 30, 427854, 427854, 2.6870357990264893, 41.81200408935547
2208, -172.9760997891426, 2, 4.510881558002438, 30, 427884, 427884, 2.624257802963257, 41.454383850097656
2209, -173.46466898918152, 2, 4.470659572994919, 30, 427914, 427914, 2.737224578857422, 41.78700637817383
2210, -172.636104285717, 2, 4.5051137109985575, 30, 427944, 427944, 2.6958205699920654, 41.76691818237305
2211, -172.51663225889206, 2, 4.478757244003646, 30, 427974, 427974, 2.606350898742676, 42.378665924072266
2212, -173.2216585278511, 2, 4.477779414999532, 30, 428004, 428004, 2.5471880435943604, 41.362281799316406
2213, -173.04925245046616, 2, 4.505383641997469, 30, 428034, 428034, 2.527571678161621, 41.666847229003906
2214, -173.32183635234833, 2, 4.458272329000465, 30, 428064, 428064, 2.535273313522339, 42.56010818481445
2215, -172.96772748231888, 2, 4.515533475998382, 30, 428094, 428094, 2.4090592861175537, 41.474849700927734
2216, -173.2530413866043, 2, 4.457709641996189, 30, 428124, 428124, 2.361908435821533, 41.78535842895508
2217, -173.22564661502838, 2, 4.483962802005408, 30, 428154, 428154, 2.2411282062530518, 41.34495544433594
2218, -173.14674109220505, 2, 4.499772605995531, 30, 428184, 428184, 2.4185638427734375, 41.88108444213867
2219, -173.21401661634445, 2, 4.485392745002173, 30, 428214, 428214, 2.385037422180176, 40.922420501708984
2220, -173.14408588409424, 2, 4.450911332001851, 30, 428244, 428244, 2.3506052494049072, 42.35962677001953
2221, -173.6472452878952, 2, 4.498498517998087, 30, 428274, 428274, 2.6189072132110596, 41.10054397583008
2222, -172.8326260447502, 2, 4.489098773003207, 30, 428304, 428304, 2.6018781661987305, 41.90578842163086
2223, -173.7073169350624, 2, 4.497805761995551, 30, 428334, 428334, 2.6036927700042725, 42.369075775146484
2224, -173.3647044301033, 2, 4.494207873001869, 30, 428364, 428364, 2.5716402530670166, 41.60800552368164
2225, -173.4469153881073, 2, 4.49576305699884, 30, 428394, 428394, 2.713179588317871, 41.98869705200195
2226, -173.31666350364685, 2, 4.517247590003535, 30, 428424, 428424, 2.208718776702881, 40.6326789855957
2227, -173.18867474794388, 2, 4.510392014999525, 30, 428454, 428454, 2.4020562171936035, 41.46818542480469
2228, -173.41366028785706, 2, 4.489878138003405, 30, 428484, 428484, 2.703519582748413, 41.875911712646484
2229, -172.74155586957932, 2, 4.481530304001353, 30, 428514, 428514, 2.5462753772735596, 41.170143127441406
2230, -173.20043605566025, 2, 4.4799511860037455, 30, 428544, 428544, 2.5021603107452393, 42.797183990478516
2231, -172.8552479147911, 2, 4.483883706001507, 30, 428574, 428574, 2.6794958114624023, 41.860984802246094
2232, -173.39157497882843, 2, 4.479368779997458, 30, 428604, 428604, 2.3529555797576904, 41.56992721557617
2233, -172.71274679899216, 2, 4.47452042200166, 30, 428634, 428634, 2.6183440685272217, 42.94933319091797
2234, -173.03055822849274, 2, 4.517335987999104, 30, 428664, 428664, 2.5614511966705322, 41.67179870605469
2235, -172.98029452562332, 2, 4.4714477060042555, 30, 428694, 428694, 2.6864750385284424, 42.03440856933594
2236, -172.68763089179993, 2, 4.474889491000795, 30, 428724, 428724, 2.614409923553467, 41.76915740966797
2237, -172.25688534975052, 2, 4.473498974002723, 30, 428754, 428754, 2.5144758224487305, 41.93150329589844
2238, -173.41576939821243, 2, 4.48776526000438, 30, 428784, 428784, 2.603137731552124, 40.80851364135742
2239, -172.64172619581223, 2, 4.475304111998412, 30, 428814, 428814, 2.510021448135376, 41.78856658935547
2240, -173.42269629240036, 2, 4.515248948002409, 30, 428844, 428844, 2.490314245223999, 42.55435562133789
2241, -172.7480766773224, 2, 4.486171509997803, 30, 428874, 428874, 2.593752145767212, 42.46831512451172
2242, -173.19611877202988, 2, 4.508901466004318, 30, 428904, 428904, 2.408799886703491, 42.53998565673828
2243, -173.02403432130814, 2, 4.499801098994794, 30, 428934, 428934, 2.5663578510284424, 42.24799346923828
2244, -173.5255019068718, 2, 4.4954005159961525, 30, 428964, 428964, 2.375473976135254, 41.38896942138672
2245, -172.47013866901398, 2, 4.5005609760046354, 30, 428994, 428994, 2.4973092079162598, 41.16999053955078
2246, -173.10882437229156, 2, 4.515779798995936, 30, 429024, 429024, 2.7903404235839844, 40.9613037109375
2247, -173.52254903316498, 2, 4.498887789006403, 30, 429054, 429054, 2.5545895099639893, 43.10753631591797
2248, -172.64728128910065, 2, 4.4882757470040815, 30, 429084, 429084, 2.589373826980591, 41.409934997558594
2249, -173.04699754714966, 2, 4.489508534003107, 30, 429114, 429114, 2.49873948097229, 40.890052795410156
2250, -173.30211341381073, 2, 4.523191537999082, 30, 429144, 429144, 2.721669912338257, 41.43014907836914
2251, -172.93603080511093, 2, 4.534713279994321, 30, 429174, 429174, 2.5375380516052246, 42.95627975463867
2252, -172.6848149895668, 2, 4.49104706900107, 30, 429204, 429204, 2.6197969913482666, 41.70984649658203
2253, -172.2524777650833, 2, 4.479313734998868, 30, 429234, 429234, 2.4712636470794678, 41.83259201049805
2254, -172.75430846214294, 2, 4.469409242003167, 30, 429264, 429264, 2.677767515182495, 41.89779281616211
2255, -173.3406291604042, 2, 4.482536423005513, 30, 429294, 429294, 2.4878714084625244, 42.07041549682617
2256, -172.4165688753128, 2, 4.4656523459998425, 30, 429324, 429324, 2.4380042552948, 41.271202087402344
2257, -173.47134870290756, 2, 4.4979325639942545, 30, 429354, 429354, 2.5614445209503174, 41.90837097167969
2258, -172.75392258167267, 2, 4.492854173004162, 30, 429384, 429384, 2.247419834136963, 42.35161590576172
2259, -172.55163526535034, 2, 4.478443963002064, 30, 429414, 429414, 2.7416162490844727, 41.82688903808594
2260, -172.8612876534462, 2, 4.484679811997921, 30, 429444, 429444, 2.5995829105377197, 42.51355743408203
2261, -172.82986724376678, 2, 4.487707207001222, 30, 429474, 429474, 2.6677956581115723, 42.15894317626953
2262, -172.35256797075272, 2, 4.506170697000925, 30, 429504, 429504, 2.809401273727417, 41.80681610107422
2263, -173.29513478279114, 2, 4.507165614995756, 30, 429534, 429534, 2.5354197025299072, 42.19867706298828
2264, -173.28628808259964, 2, 4.54237687800196, 30, 429564, 429564, 2.8418831825256348, 41.7455940246582
2265, -173.31466609239578, 2, 4.47900632800156, 30, 429594, 429594, 2.592841386795044, 41.240333557128906
2266, -172.14855521917343, 2, 4.471943935997842, 30, 429624, 429624, 2.643709659576416, 42.576072692871094
2267, -172.72295850515366, 2, 4.4794821870018495, 30, 429654, 429654, 2.566753387451172, 43.03864669799805
2268, -173.17698121070862, 2, 4.515177128996584, 30, 429684, 429684, 2.6644792556762695, 41.440860748291016
2269, -172.80060982704163, 2, 4.488725775001512, 30, 429714, 429714, 2.4950621128082275, 40.815067291259766
2270, -173.58637142181396, 2, 4.458983267002623, 30, 429744, 429744, 2.8944828510284424, 41.87349319458008
2271, -173.57223188877106, 2, 4.447764550001011, 30, 429774, 429774, 2.4277026653289795, 41.38987731933594
2272, -172.91047286987305, 2, 4.489471365995996, 30, 429804, 429804, 2.519260883331299, 41.94282913208008
2273, -172.53256887197495, 2, 4.471208101000229, 30, 429834, 429834, 2.729942798614502, 42.70708084106445
2274, -172.91205579042435, 2, 4.48398857400025, 30, 429864, 429864, 2.5128347873687744, 42.21749496459961
2275, -172.33297860622406, 2, 4.469158111998695, 30, 429894, 429894, 2.40089750289917, 41.2447509765625
2276, -172.55664730072021, 2, 4.476643353998952, 30, 429924, 429924, 2.497673273086548, 41.37760925292969
2277, -173.37788897752762, 2, 4.479987313003221, 30, 429954, 429954, 2.678353786468506, 41.93379592895508
2278, -171.98632127046585, 2, 4.478802593999717, 30, 429984, 429984, 2.653168201446533, 42.1899299621582
2279, -172.70678389072418, 2, 4.453922613996838, 30, 430014, 430014, 2.5950675010681152, 41.956966400146484
2280, -172.7530214190483, 2, 4.475190705001296, 30, 430044, 430044, 2.5648691654205322, 41.966514587402344
2281, -173.10554057359695, 2, 4.496779189998051, 30, 430074, 430074, 2.807088613510132, 42.093753814697266
2282, -172.99168580770493, 2, 4.490216079000675, 30, 430104, 430104, 2.6271791458129883, 42.032291412353516
2283, -172.7635229229927, 2, 4.474398133002978, 30, 430134, 430134, 2.3712706565856934, 40.44983673095703
2284, -172.57323628664017, 2, 4.461637213003996, 30, 430164, 430164, 2.552520275115967, 42.15813064575195
2285, -173.21760576963425, 2, 4.477445093005372, 30, 430194, 430194, 2.584538221359253, 41.582252502441406
2286, -172.49075573682785, 2, 4.495798242998717, 30, 430224, 430224, 2.885948896408081, 41.36338806152344
2287, -173.1084418296814, 2, 4.503516677003063, 30, 430254, 430254, 2.6553568840026855, 42.191734313964844
2288, -172.79539585113525, 2, 4.490016873998684, 30, 430284, 430284, 2.5429728031158447, 41.31833267211914
2289, -173.06007754802704, 2, 4.502866870003345, 30, 430314, 430314, 2.5871353149414062, 41.56378936767578
2290, -172.72416597604752, 2, 4.480482749000657, 30, 430344, 430344, 2.994868040084839, 42.95444107055664
2291, -172.75231736898422, 2, 4.5082980770021095, 30, 430374, 430374, 2.3351359367370605, 41.456077575683594
2292, -173.14122462272644, 2, 4.492469417004031, 30, 430404, 430404, 2.5214147567749023, 42.248939514160156
2293, -173.08429366350174, 2, 4.496767575998092, 30, 430434, 430434, 2.4387924671173096, 42.13904571533203
2294, -173.02512329816818, 2, 4.485028590999718, 30, 430464, 430464, 2.326961040496826, 41.4942512512207
2295, -173.3139141201973, 2, 4.527321818997734, 30, 430494, 430494, 3.0187928676605225, 42.25263977050781
2296, -173.1214121580124, 2, 4.47949659400183, 30, 430524, 430524, 2.4947142601013184, 41.41176986694336
2297, -173.19440245628357, 2, 4.519151936998242, 30, 430554, 430554, 2.568971872329712, 42.34389877319336
2298, -173.07885271310806, 2, 4.4957672160016955, 30, 430584, 430584, 2.759679079055786, 41.77408981323242
2299, -172.2411389350891, 2, 4.4802508280045, 30, 430614, 430614, 2.7522895336151123, 42.403324127197266
2300, -173.64491748809814, 2, 4.477501311004744, 30, 430644, 430644, 2.471863269805908, 41.07325744628906
2301, -173.21490615606308, 2, 4.481484721000015, 30, 430674, 430674, 2.641066551208496, 42.639530181884766
2302, -173.07654011249542, 2, 4.530504344002111, 30, 430704, 430704, 2.686387777328491, 42.83347702026367
2303, -172.91217935085297, 2, 4.49306973000057, 30, 430734, 430734, 2.7482800483703613, 41.75343322753906
2304, -172.99921452999115, 2, 4.479961477998586, 30, 430764, 430764, 2.7006936073303223, 42.12369918823242
2305, -173.3992941379547, 2, 4.4846387569996295, 30, 430794, 430794, 2.6233315467834473, 41.28084182739258
2306, -172.65869349241257, 2, 4.478282765005133, 30, 430824, 430824, 2.270305633544922, 42.17491912841797
2307, -173.24094647169113, 2, 4.469691853999393, 30, 430854, 430854, 2.673496723175049, 42.37919998168945
2308, -172.1860729455948, 2, 4.479410004998499, 30, 430884, 430884, 2.6178030967712402, 42.86822509765625
2309, -173.22797745466232, 2, 4.495403791006538, 30, 430914, 430914, 2.7587082386016846, 41.304866790771484
2310, -172.94978886842728, 2, 4.476954513993405, 30, 430944, 430944, 2.5818145275115967, 43.79353713989258
2311, -172.71676295995712, 2, 4.5129393829993205, 30, 430974, 430974, 2.500681161880493, 41.892967224121094
2312, -171.79631853103638, 2, 4.488634296998498, 30, 431004, 431004, 2.3409998416900635, 41.59610366821289
2313, -172.7954683303833, 2, 4.4992181950001395, 30, 431034, 431034, 2.6111440658569336, 41.71427917480469
2314, -173.2273709177971, 2, 4.507124998999643, 30, 431064, 431064, 2.613560199737549, 41.863155364990234
2315, -173.03729087114334, 2, 4.4737384600011865, 30, 431094, 431094, 2.8779611587524414, 41.5103874206543
2316, -173.1243820786476, 2, 4.472519769005885, 30, 431124, 431124, 2.6174440383911133, 42.59273910522461
2317, -171.90908002853394, 2, 4.468457069997385, 30, 431154, 431154, 2.4912524223327637, 42.03799819946289
2318, -172.1644852757454, 2, 4.488451360994077, 30, 431184, 431184, 2.6116342544555664, 41.79076385498047
2319, -172.51234656572342, 2, 4.502273500998854, 30, 431214, 431214, 2.5901901721954346, 42.876319885253906
2320, -173.59163117408752, 2, 4.492924015001336, 30, 431244, 431244, 2.6961402893066406, 41.39919662475586
2321, -173.3917493224144, 2, 4.48394423800346, 30, 431274, 431274, 2.6390936374664307, 42.164737701416016
2322, -173.00086987018585, 2, 4.502457615999447, 30, 431304, 431304, 2.4865686893463135, 41.28532791137695
2323, -172.57624393701553, 2, 4.489215105997573, 30, 431334, 431334, 2.7902538776397705, 42.341854095458984
2324, -173.24844586849213, 2, 4.479156375004095, 30, 431364, 431364, 2.79787540435791, 41.635765075683594
2325, -172.35613977909088, 2, 4.498051652000868, 30, 431394, 431394, 2.6618239879608154, 41.268009185791016
2326, -172.8202714920044, 2, 4.488073868000356, 30, 431424, 431424, 2.4853854179382324, 42.13880157470703
2327, -172.5026078224182, 2, 4.526603798003634, 30, 431454, 431454, 2.619471788406372, 42.080955505371094
2328, -173.2763757109642, 2, 4.495798773998104, 30, 431484, 431484, 2.4198086261749268, 41.90788269042969
2329, -172.47819304466248, 2, 4.483375577001425, 30, 431514, 431514, 2.722109317779541, 42.42499542236328
2330, -172.7798290848732, 2, 4.476716389996, 30, 431544, 431544, 2.6935925483703613, 41.3424072265625
2331, -172.93868678808212, 2, 4.480785676998494, 30, 431574, 431574, 2.632378339767456, 41.62841796875
2332, -172.52861988544464, 2, 4.503324801997223, 30, 431604, 431604, 2.634805202484131, 41.9631233215332
2333, -173.4048089981079, 2, 4.478643876005663, 30, 431634, 431634, 2.452681064605713, 41.35239791870117
2334, -173.14590841531754, 2, 4.474855330998253, 30, 431664, 431664, 2.6651856899261475, 42.52958679199219
2335, -173.55443638563156, 2, 4.47923197199998, 30, 431694, 431694, 2.315570116043091, 41.85936737060547
2336, -172.76540726423264, 2, 4.464756381996267, 30, 431724, 431724, 2.630542516708374, 42.01963806152344
2337, -173.5147129893303, 2, 4.507462459994713, 30, 431754, 431754, 2.4344239234924316, 41.59260177612305
2338, -173.6257650256157, 2, 4.4807161610006006, 30, 431784, 431784, 2.536853075027466, 41.760353088378906
2339, -173.2548509836197, 2, 4.494952116001514, 30, 431814, 431814, 2.4779434204101562, 42.19512176513672
2340, -173.44939893484116, 2, 4.484740940002666, 30, 431844, 431844, 2.6154236793518066, 41.46754837036133
2341, -173.54677546024323, 2, 4.464766653996776, 30, 431874, 431874, 2.8477890491485596, 41.157772064208984
2342, -173.60911214351654, 2, 4.510817052003404, 30, 431904, 431904, 2.5594773292541504, 42.3365364074707
2343, -172.1134015917778, 2, 4.4842993630009005, 30, 431934, 431934, 2.545823812484741, 41.73337173461914
2344, -173.35968106985092, 2, 4.496926089996123, 30, 431964, 431964, 2.5187227725982666, 42.67115020751953
2345, -172.75778859853745, 2, 4.470557868997275, 30, 431994, 431994, 2.299025774002075, 41.67259979248047
2346, -173.08693152666092, 2, 4.502783563999401, 30, 432024, 432024, 2.4766180515289307, 42.150550842285156
2347, -172.7967289686203, 2, 4.472590895995381, 30, 432054, 432054, 2.742530584335327, 42.235958099365234
2348, -172.93085646629333, 2, 4.491665667002962, 30, 432084, 432084, 2.4697465896606445, 40.98402404785156
2349, -173.1051589846611, 2, 4.488215776000288, 30, 432114, 432114, 2.5719399452209473, 42.908348083496094
2350, -173.20277458429337, 2, 4.502627235000546, 30, 432144, 432144, 2.5266337394714355, 42.323917388916016
2351, -172.73787081241608, 2, 4.475369635998504, 30, 432174, 432174, 2.5079636573791504, 41.45762252807617
2352, -173.31475293636322, 2, 4.512996605997614, 30, 432204, 432204, 2.4581105709075928, 42.212928771972656
2353, -172.55809569358826, 2, 4.4643388710028375, 30, 432234, 432234, 2.468196153640747, 42.15458297729492
2354, -173.02862483263016, 2, 4.495505589002278, 30, 432264, 432264, 2.3961687088012695, 41.40289306640625
2355, -173.57751083374023, 2, 4.479263904999243, 30, 432294, 432294, 2.823024272918701, 42.463863372802734
2356, -173.4229656457901, 2, 4.493339176995505, 30, 432324, 432324, 2.8915483951568604, 42.37903594970703
2357, -173.00858521461487, 2, 4.4591036130004795, 30, 432354, 432354, 2.8266220092773438, 42.8900146484375
2358, -173.70904904603958, 2, 4.508069702002103, 30, 432384, 432384, 2.44598650932312, 42.434993743896484
2359, -173.40430980920792, 2, 4.495566892001079, 30, 432414, 432414, 2.5934813022613525, 42.15534591674805
2360, -172.68616676330566, 2, 4.522475695004687, 30, 432444, 432444, 2.7569658756256104, 43.26617431640625
2361, -173.16632908582687, 2, 4.456960256997263, 30, 432474, 432474, 2.663926124572754, 41.9130973815918
2362, -173.28552275896072, 2, 4.4797060179989785, 30, 432504, 432504, 2.432333469390869, 41.00086975097656
2363, -173.31767159700394, 2, 4.521407583997643, 30, 432534, 432534, 2.3563663959503174, 42.087093353271484
2364, -172.70255422592163, 2, 4.4901095679961145, 30, 432564, 432564, 2.495973825454712, 41.543418884277344
2365, -173.14481723308563, 2, 4.46061178400123, 30, 432594, 432594, 2.6980249881744385, 43.03521728515625
2366, -172.90797436237335, 2, 4.466536822001217, 30, 432624, 432624, 2.413782835006714, 42.59036636352539
2367, -172.72294682264328, 2, 4.502378024997597, 30, 432654, 432654, 2.554569959640503, 41.82851791381836
2368, -173.615676343441, 2, 4.493109451999771, 30, 432684, 432684, 2.1967294216156006, 41.492557525634766
2369, -172.42050850391388, 2, 4.48579356999835, 30, 432714, 432714, 2.8614633083343506, 41.4018440246582
2370, -172.58894681930542, 2, 4.510250357001496, 30, 432744, 432744, 2.475188970565796, 41.86099624633789
2371, -173.20136642456055, 2, 4.478694784003892, 30, 432774, 432774, 2.598378896713257, 41.5674934387207
2372, -172.9539377093315, 2, 4.4908408140036045, 30, 432804, 432804, 2.5624568462371826, 42.69107437133789
2373, -173.42603826522827, 2, 4.483042119994934, 30, 432834, 432834, 2.9491569995880127, 42.099056243896484
2374, -172.45154190063477, 2, 4.485245035000844, 30, 432864, 432864, 2.534672737121582, 41.92484664916992
2375, -173.08611851930618, 2, 4.48183068799699, 30, 432894, 432894, 2.712286949157715, 41.584678649902344
2376, -173.41246330738068, 2, 4.488871745001234, 30, 432924, 432924, 2.563120126724243, 41.487300872802734
2377, -172.61389923095703, 2, 4.493202550998831, 30, 432954, 432954, 2.5471365451812744, 41.03498077392578
2378, -172.65458595752716, 2, 4.4987969220019295, 30, 432984, 432984, 2.5358266830444336, 41.60414505004883
2379, -173.06823271512985, 2, 4.478256228001555, 30, 433014, 433014, 2.58463716506958, 42.793601989746094
2380, -172.9822751879692, 2, 4.506925638001121, 30, 433044, 433044, 2.590336322784424, 42.66029739379883
2381, -172.72202384471893, 2, 4.48809736000112, 30, 433074, 433074, 2.8851354122161865, 41.69697570800781
2382, -172.21784019470215, 2, 4.485720031007077, 30, 433104, 433104, 2.551739454269409, 41.96311569213867
2383, -171.8869252204895, 2, 4.484608869999647, 30, 433134, 433134, 2.5191781520843506, 41.62491226196289
2384, -172.4362389445305, 2, 4.49678376600059, 30, 433164, 433164, 2.617624521255493, 42.22471618652344
2385, -171.90198868513107, 2, 4.463958309002919, 30, 433194, 433194, 2.981649875640869, 42.272300720214844
2386, -172.253437936306, 2, 4.50614497600327, 30, 433224, 433224, 2.5132815837860107, 42.97063064575195
2387, -171.90336799621582, 2, 4.50510963400302, 30, 433254, 433254, 2.2852821350097656, 41.64163589477539
2388, -172.33261042833328, 2, 4.529968761002237, 30, 433284, 433284, 2.8334875106811523, 42.94583511352539
2389, -172.4705456495285, 2, 4.502718135998293, 30, 433314, 433314, 2.5566282272338867, 42.410884857177734
2390, -172.99948751926422, 2, 4.477305807995435, 30, 433344, 433344, 2.834045171737671, 42.07743835449219
2391, -172.6669437289238, 2, 4.48851568599639, 30, 433374, 433374, 2.376478910446167, 42.24546813964844
2392, -172.57026863098145, 2, 4.504212038998958, 30, 433404, 433404, 2.83847975730896, 42.7812385559082
2393, -171.92066645622253, 2, 4.500660384001094, 30, 433434, 433434, 2.6256511211395264, 41.960899353027344
2394, -173.48132771253586, 2, 4.492414065003686, 30, 433464, 433464, 2.6346471309661865, 41.62397384643555
2395, -172.75175887346268, 2, 4.5092778879989055, 30, 433494, 433494, 2.5202598571777344, 41.5401611328125
2396, -172.8003370165825, 2, 4.49440559699724, 30, 433524, 433524, 2.2682044506073, 42.99691390991211
2397, -173.00014573335648, 2, 4.5081402139985585, 30, 433554, 433554, 2.35172176361084, 43.08672332763672
2398, -172.67346650362015, 2, 4.490347101993393, 30, 433584, 433584, 2.6349871158599854, 42.96014404296875
2399, -172.4504765868187, 2, 4.459553393004171, 30, 433614, 433614, 2.460756540298462, 40.646995544433594
2400, -172.4903981089592, 2, 4.4826544289971935, 30, 433644, 433644, 2.4814846515655518, 41.442012786865234
2401, -172.9139682650566, 2, 4.511601566999161, 30, 433674, 433674, 2.6888530254364014, 43.386497497558594
2402, -172.93128395080566, 2, 4.500001711996447, 30, 433704, 433704, 2.764413356781006, 42.81839370727539
2403, -173.63752979040146, 2, 4.483867094000743, 30, 433734, 433734, 2.5377020835876465, 42.50144577026367
2404, -172.47318476438522, 2, 4.4859543739949, 30, 433764, 433764, 2.7031636238098145, 42.113460540771484
2405, -173.36707186698914, 2, 4.52299898199999, 30, 433794, 433794, 2.833753824234009, 42.24668884277344
2406, -173.05254745483398, 2, 4.519189663995348, 30, 433824, 433824, 2.2446815967559814, 40.25522994995117
2407, -172.50824451446533, 2, 4.479595065000467, 30, 433854, 433854, 2.4398839473724365, 41.90111541748047
2408, -172.84002643823624, 2, 4.493511336004303, 30, 433884, 433884, 2.4439194202423096, 43.78728485107422
2409, -173.6227793097496, 2, 4.493606575997546, 30, 433914, 433914, 2.5725767612457275, 42.05146789550781
2410, -172.7532330751419, 2, 4.509732744001667, 30, 433944, 433944, 2.653989315032959, 42.805015563964844
2411, -172.63339245319366, 2, 4.480871986997954, 30, 433974, 433974, 2.5253236293792725, 41.67876434326172
2412, -173.65046566724777, 2, 4.531553993998386, 30, 434004, 434004, 2.4660491943359375, 41.60395050048828
2413, -173.55978977680206, 2, 4.480221357000119, 30, 434034, 434034, 2.4600117206573486, 42.28285217285156
2414, -173.3714981675148, 2, 4.489047574999859, 30, 434064, 434064, 2.425962209701538, 42.1711540222168
2415, -173.35745471715927, 2, 4.505322813005478, 30, 434094, 434094, 2.336289882659912, 41.25309371948242
2416, -173.02654039859772, 2, 4.488996062995284, 30, 434124, 434124, 2.659648895263672, 42.87608337402344
2417, -172.87095111608505, 2, 4.480702032997215, 30, 434154, 434154, 2.5168004035949707, 42.608619689941406
2418, -172.48967534303665, 2, 4.5104708220023895, 30, 434184, 434184, 2.6218955516815186, 42.185733795166016
2419, -172.90643107891083, 2, 4.50452203900204, 30, 434214, 434214, 2.399712324142456, 41.00288009643555
2420, -172.8230693936348, 2, 4.501627429002838, 30, 434244, 434244, 2.472564697265625, 41.91088104248047
2421, -172.83479005098343, 2, 4.494243888002529, 30, 434274, 434274, 2.5242345333099365, 42.50990676879883
2422, -173.0805123448372, 2, 4.478891544000362, 30, 434304, 434304, 2.4915931224823, 42.2083740234375
2423, -172.96714109182358, 2, 4.492285362997791, 30, 434334, 434334, 2.8044967651367188, 42.262290954589844
2424, -173.80866879224777, 2, 4.519062897998083, 30, 434364, 434364, 2.5548932552337646, 42.73420715332031
2425, -173.2372977733612, 2, 4.487574664999556, 30, 434394, 434394, 2.4942550659179688, 42.50086212158203
2426, -172.94746977090836, 2, 4.492208967996703, 30, 434424, 434424, 2.5521621704101562, 42.66705322265625
2427, -173.3642406463623, 2, 4.493807364000531, 30, 434454, 434454, 2.5202322006225586, 42.975521087646484
2428, -173.40373969078064, 2, 4.516599523005425, 30, 434484, 434484, 2.603186845779419, 42.54399871826172
2429, -173.22450149059296, 2, 4.495769166998798, 30, 434514, 434514, 2.4923198223114014, 41.71406173706055
2430, -173.32297188043594, 2, 4.485417944000801, 30, 434544, 434544, 2.691629648208618, 42.256534576416016
2431, -173.1148316860199, 2, 4.470097197998257, 30, 434574, 434574, 2.8568880558013916, 42.97679138183594
2432, -173.22762274742126, 2, 4.490829766000388, 30, 434604, 434604, 2.5948002338409424, 43.015750885009766
2433, -173.56328785419464, 2, 4.48639096700208, 30, 434634, 434634, 2.9642202854156494, 42.97871017456055
2434, -172.268161714077, 2, 4.502259533001052, 30, 434664, 434664, 2.7137534618377686, 42.106624603271484
2435, -172.87032055854797, 2, 4.49989186199673, 30, 434694, 434694, 2.423609972000122, 41.9870491027832
2436, -173.2004415988922, 2, 4.486996111998451, 30, 434724, 434724, 2.596895456314087, 42.837181091308594
2437, -172.85613852739334, 2, 4.508862218994182, 30, 434754, 434754, 2.6953673362731934, 42.14095687866211
2438, -172.84440505504608, 2, 4.496561264000775, 30, 434784, 434784, 2.6321840286254883, 42.99666213989258
2439, -172.53186243772507, 2, 4.4982168809947325, 30, 434814, 434814, 2.5328047275543213, 42.10405731201172
2440, -172.5142176747322, 2, 4.4732966190058505, 30, 434844, 434844, 2.4784820079803467, 42.54178237915039
2441, -173.15103483200073, 2, 4.501537112002552, 30, 434874, 434874, 2.7652406692504883, 42.61783218383789
2442, -173.32333821058273, 2, 4.5097896110019065, 30, 434904, 434904, 2.3656747341156006, 42.44346618652344
2443, -173.47954487800598, 2, 4.505075471999589, 30, 434934, 434934, 2.614182949066162, 41.233028411865234
2444, -173.07537466287613, 2, 4.463025377001031, 30, 434964, 434964, 2.4064624309539795, 42.455440521240234
2445, -172.65469563007355, 2, 4.48388326800341, 30, 434994, 434994, 2.6758055686950684, 42.6086311340332
2446, -172.07897531986237, 2, 4.489323241003149, 30, 435024, 435024, 2.778895854949951, 43.30116271972656
2447, -173.07498413324356, 2, 4.503159735002555, 30, 435054, 435054, 2.7849955558776855, 42.255126953125
2448, -173.43033158779144, 2, 6.892484178999439, 30, 435084, 435084, 2.857630729675293, 42.69445037841797
2449, -173.43086832761765, 2, 4.522213184005523, 30, 435114, 435114, 2.393558979034424, 42.23867416381836
2450, -172.74711525440216, 2, 4.492945311001677, 30, 435144, 435144, 2.7377562522888184, 42.37218475341797
2451, -173.27645844221115, 2, 4.473738261003746, 30, 435174, 435174, 2.6342241764068604, 43.21360778808594
2452, -173.30520242452621, 2, 4.493054949998623, 30, 435204, 435204, 2.4422364234924316, 42.17281723022461
2453, -172.74046975374222, 2, 4.5044723710016115, 30, 435234, 435234, 2.9488179683685303, 42.09996795654297
2454, -173.4102457165718, 2, 4.497915858002671, 30, 435264, 435264, 2.665950298309326, 42.720863342285156
2455, -172.4450654387474, 2, 4.462810965000244, 30, 435294, 435294, 2.851349115371704, 43.46709060668945
2456, -172.66951894760132, 2, 4.4675124540008255, 30, 435324, 435324, 2.7513020038604736, 42.80358123779297
2457, -173.23649847507477, 2, 4.501118766005675, 30, 435354, 435354, 2.587973117828369, 42.6262321472168
2458, -171.45091998577118, 2, 4.482805683001061, 30, 435384, 435384, 2.1643154621124268, 42.990474700927734
2459, -172.82566410303116, 2, 4.480302338997717, 30, 435414, 435414, 2.6883370876312256, 42.47117233276367
2460, -173.13880902528763, 2, 4.493017845998111, 30, 435444, 435444, 2.2214157581329346, 42.38203048706055
2461, -173.0310863852501, 2, 4.485819020002964, 30, 435474, 435474, 2.387605905532837, 41.9631233215332
2462, -172.82702946662903, 2, 4.504260978996172, 30, 435504, 435504, 3.0613577365875244, 42.76053237915039
2463, -173.47142487764359, 2, 4.482209399000567, 30, 435534, 435534, 2.8742623329162598, 42.85306930541992
2464, -173.48749417066574, 2, 4.495847296006104, 30, 435564, 435564, 2.7598788738250732, 43.857154846191406
2465, -172.80124521255493, 2, 4.505887193001399, 30, 435594, 435594, 2.5849127769470215, 41.52036666870117
2466, -172.87059444189072, 2, 4.497921107002185, 30, 435624, 435624, 2.6761696338653564, 42.26311111450195
2467, -173.2237228155136, 2, 4.502100643003359, 30, 435654, 435654, 2.6756539344787598, 42.28384017944336
2468, -172.8987644314766, 2, 4.499557274000836, 30, 435684, 435684, 2.6957032680511475, 41.589317321777344
2469, -173.1413050889969, 2, 4.462587337999139, 30, 435714, 435714, 2.6193342208862305, 42.49210739135742
2470, -172.63754004240036, 2, 4.505944367003394, 30, 435744, 435744, 2.672388792037964, 42.450157165527344
2471, -173.08373755216599, 2, 4.507920280004328, 30, 435774, 435774, 2.7566871643066406, 42.246421813964844
2472, -172.75592249631882, 2, 4.479752821003785, 30, 435804, 435804, 2.6274020671844482, 41.93052291870117
2473, -172.94362938404083, 2, 4.498695723996207, 30, 435834, 435834, 2.799079418182373, 42.55340576171875
2474, -173.7265795469284, 2, 4.51926632100367, 30, 435864, 435864, 2.35124135017395, 42.02857208251953
2475, -173.19773542881012, 2, 4.520160003005003, 30, 435894, 435894, 2.9172322750091553, 41.77168655395508
2476, -172.9847428202629, 2, 4.497606618999271, 30, 435924, 435924, 2.6895406246185303, 42.605079650878906
2477, -172.3769270181656, 2, 4.495928699994693, 30, 435954, 435954, 2.871129274368286, 43.084354400634766
2478, -172.9768602848053, 2, 4.4877756599962595, 30, 435984, 435984, 2.5827219486236572, 41.61577224731445
2479, -173.182590842247, 2, 4.478358285996364, 30, 436014, 436014, 2.81746768951416, 42.17467498779297
2480, -173.22371500730515, 2, 4.499159781000344, 30, 436044, 436044, 2.8480937480926514, 42.563072204589844
2481, -173.29767322540283, 2, 4.485095645999536, 30, 436074, 436074, 2.7796671390533447, 42.26873779296875
2482, -172.61368721723557, 2, 4.505315447997418, 30, 436104, 436104, 2.625624418258667, 42.12576675415039
2483, -172.60731488466263, 2, 4.499509578003199, 30, 436134, 436134, 2.3579866886138916, 42.30028533935547
2484, -172.30745923519135, 2, 4.487578609994671, 30, 436164, 436164, 2.7079813480377197, 42.45616149902344
2485, -173.4823723435402, 2, 4.500708917003067, 30, 436194, 436194, 2.6031453609466553, 42.07609176635742
2486, -172.48695957660675, 2, 4.497815570997773, 30, 436224, 436224, 2.622694730758667, 42.30706024169922
2487, -173.4281489253044, 2, 4.525905411996064, 30, 436254, 436254, 2.537933588027954, 42.49774932861328
2488, -172.77373045682907, 2, 4.534513632999733, 30, 436284, 436284, 2.7940762042999268, 41.91017150878906
2489, -173.08292227983475, 2, 4.521356409000873, 30, 436314, 436314, 2.834613800048828, 41.56890869140625
2490, -173.3406059741974, 2, 4.473786035996454, 30, 436344, 436344, 2.5122640132904053, 42.55231857299805
2491, -172.50519406795502, 2, 4.473633585999778, 30, 436374, 436374, 2.5397417545318604, 42.1810188293457
2492, -173.46092772483826, 2, 4.482548191997921, 30, 436404, 436404, 2.5181241035461426, 41.230167388916016
2493, -173.36606067419052, 2, 4.4871219790002215, 30, 436434, 436434, 2.692795991897583, 42.88581848144531
2494, -172.1434726715088, 2, 4.476355835002323, 30, 436464, 436464, 2.427507162094116, 42.93333435058594
2495, -173.3325822353363, 2, 4.497717261001526, 30, 436494, 436494, 2.39680814743042, 42.160606384277344
2496, -173.27424329519272, 2, 4.47521160600445, 30, 436524, 436524, 2.6776862144470215, 42.59470748901367
2497, -173.25163477659225, 2, 4.475597559998278, 30, 436554, 436554, 2.401531219482422, 41.9091911315918
2498, -173.13667130470276, 2, 4.535806592000881, 30, 436584, 436584, 2.8717353343963623, 42.12575149536133
2499, -172.57803106307983, 2, 4.494964097997581, 30, 436614, 436614, 2.4635090827941895, 44.27837371826172
2500, -173.24764740467072, 2, 4.488372870000603, 30, 436644, 436644, 2.6035008430480957, 41.69993209838867
2501, -172.99903678894043, 2, 4.470433062997472, 30, 436674, 436674, 2.7180209159851074, 41.42567443847656
2502, -173.02642995119095, 2, 4.488891305001744, 30, 436704, 436704, 2.883388042449951, 41.97840881347656
2503, -172.31955128908157, 2, 4.489133373004734, 30, 436734, 436734, 2.826782703399658, 42.379817962646484
2504, -173.57502049207687, 2, 4.495809109997936, 30, 436764, 436764, 2.3574106693267822, 42.20555877685547
2505, -173.10600817203522, 2, 4.512958791994606, 30, 436794, 436794, 2.6586499214172363, 42.81752014160156
2506, -172.64427936077118, 2, 4.485562722002214, 30, 436824, 436824, 3.0204131603240967, 42.77961349487305
2507, -172.82287919521332, 2, 4.518112737001502, 30, 436854, 436854, 2.39682674407959, 41.7587776184082
2508, -173.11411225795746, 2, 4.499866787002247, 30, 436884, 436884, 2.4151413440704346, 42.18233108520508
2509, -173.14816045761108, 2, 4.4885801170021296, 30, 436914, 436914, 2.501885175704956, 43.05087661743164
2510, -173.39011281728745, 2, 4.4924223859998165, 30, 436944, 436944, 2.6491308212280273, 42.082359313964844
2511, -172.99186944961548, 2, 4.501854715999798, 30, 436974, 436974, 3.1678946018218994, 42.96548080444336
2512, -172.6005380153656, 2, 4.488543662002485, 30, 437004, 437004, 2.556454658508301, 41.69717788696289
2513, -173.25957542657852, 2, 4.5298930069984635, 30, 437034, 437034, 2.7261428833007812, 42.462284088134766
2514, -173.58562922477722, 2, 4.5116226929967524, 30, 437064, 437064, 2.6814393997192383, 42.37208557128906
2515, -172.6749113202095, 2, 4.509463283000514, 30, 437094, 437094, 2.5510494709014893, 41.666439056396484
2516, -173.54302889108658, 2, 4.460508599004243, 30, 437124, 437124, 2.7550058364868164, 41.3864860534668
2517, -173.35285300016403, 2, 4.516496022006322, 30, 437154, 437154, 2.880876302719116, 41.68359375
2518, -173.27206128835678, 2, 4.501356191998639, 30, 437184, 437184, 2.3441388607025146, 42.29220962524414
2519, -173.23497259616852, 2, 4.4960498510045, 30, 437214, 437214, 2.7194480895996094, 42.3791618347168
2520, -173.20033794641495, 2, 4.527668298003846, 30, 437244, 437244, 2.651517629623413, 42.63472366333008
2521, -172.85611253976822, 2, 4.538876956001332, 30, 437274, 437274, 2.4864346981048584, 42.087852478027344
2522, -173.15598219633102, 2, 4.5250778359986725, 30, 437304, 437304, 2.4055895805358887, 43.0655403137207
2523, -173.47076082229614, 2, 4.515614961004758, 30, 437334, 437334, 2.619420289993286, 41.64738464355469
2524, -172.968699157238, 2, 4.501363606999803, 30, 437364, 437364, 2.5367987155914307, 42.420143127441406
2525, -173.0359582901001, 2, 4.524013779002416, 30, 437394, 437394, 2.466219902038574, 42.660194396972656
2526, -173.13416236639023, 2, 4.4995970870004385, 30, 437424, 437424, 2.228717088699341, 42.35877990722656
2527, -172.98482543230057, 2, 4.485824618997867, 30, 437454, 437454, 2.9060940742492676, 42.373130798339844
2528, -172.99500530958176, 2, 4.467596882001089, 30, 437484, 437484, 2.6741530895233154, 42.70473098754883
2529, -172.7978047132492, 2, 4.5167139309996855, 30, 437514, 437514, 2.6813149452209473, 42.53373718261719
2530, -172.67171996831894, 2, 4.481083828002738, 30, 437544, 437544, 2.796297788619995, 42.63785934448242
2531, -172.8965167403221, 2, 4.487728508000146, 30, 437574, 437574, 2.784311056137085, 42.81927490234375
2532, -172.8225053548813, 2, 4.500497879002069, 30, 437604, 437604, 2.7114875316619873, 42.23084259033203
2533, -173.0722070336342, 2, 4.474590268997417, 30, 437634, 437634, 2.505282163619995, 42.228885650634766
2534, -173.20449095964432, 2, 4.488667327997973, 30, 437664, 437664, 2.5438201427459717, 42.0184440612793
2535, -172.9422641992569, 2, 4.4802437469988945, 30, 437694, 437694, 2.432967185974121, 42.7269287109375
2536, -173.1183574795723, 2, 4.494644853999489, 30, 437724, 437724, 2.689321994781494, 42.85416030883789
2537, -173.4445237517357, 2, 4.488182502005657, 30, 437754, 437754, 2.194972276687622, 42.672889709472656
2538, -172.93231213092804, 2, 4.489956535995589, 30, 437784, 437784, 2.352328300476074, 41.98918914794922
2539, -173.3462996482849, 2, 4.478045956995629, 30, 437814, 437814, 2.7486495971679688, 42.03816223144531
2540, -173.03069388866425, 2, 4.485808906996681, 30, 437844, 437844, 3.0549261569976807, 43.66729736328125
2541, -172.92557454109192, 2, 4.479684657002508, 30, 437874, 437874, 2.7184500694274902, 42.22679138183594
2542, -172.48708164691925, 2, 4.488915592999547, 30, 437904, 437904, 2.5172996520996094, 42.8105583190918
2543, -172.74216443300247, 2, 4.505290844004776, 30, 437934, 437934, 2.939664125442505, 42.82801818847656
2544, -173.0856831073761, 2, 4.485068684996804, 30, 437964, 437964, 2.7595486640930176, 42.99011993408203
2545, -172.797401368618, 2, 4.509452500999032, 30, 437994, 437994, 2.289133310317993, 41.86485290527344
2546, -172.54718178510666, 2, 4.463134992001869, 30, 438024, 438024, 2.5643999576568604, 43.023014068603516
2547, -172.87648749351501, 2, 4.538485620003485, 30, 438054, 438054, 2.581746816635132, 42.105648040771484
2548, -172.95573604106903, 2, 4.495607872995606, 30, 438084, 438084, 2.6138916015625, 41.934268951416016
2549, -172.85092282295227, 2, 4.491508740000427, 30, 438114, 438114, 2.6594552993774414, 42.18208312988281
2550, -172.91628468036652, 2, 4.556665656004043, 30, 438144, 438144, 2.3872222900390625, 42.217350006103516
2551, -173.5351831316948, 2, 4.479772434999177, 30, 438174, 438174, 2.5942375659942627, 42.67302703857422
2552, -173.15037715435028, 2, 4.493105362998904, 30, 438204, 438204, 2.547436475753784, 41.95985412597656
2553, -173.33302873373032, 2, 4.469880244003434, 30, 438234, 438234, 2.690932512283325, 42.901554107666016
2554, -173.59127789735794, 2, 4.532556584003032, 30, 438264, 438264, 2.6505160331726074, 41.98139953613281
2555, -173.1100881099701, 2, 4.525029976000951, 30, 438294, 438294, 2.8376786708831787, 42.444332122802734
2556, -172.82750022411346, 2, 4.515079785996932, 30, 438324, 438324, 2.4045779705047607, 40.96748733520508
2557, -173.16751909255981, 2, 4.503898620001564, 30, 438354, 438354, 2.713968515396118, 41.97610855102539
2558, -172.9640126824379, 2, 4.484273223002674, 30, 438384, 438384, 2.801943778991699, 42.14242935180664
2559, -173.17879229784012, 2, 4.510922956003924, 30, 438414, 438414, 2.5714218616485596, 42.67905807495117
2560, -173.01155251264572, 2, 4.466096297001059, 30, 438444, 438444, 2.4696648120880127, 42.68571853637695
2561, -171.10697281360626, 2, 4.486635738001496, 30, 438474, 438474, 2.8310558795928955, 42.70195770263672
2562, -172.55338817834854, 2, 4.485911888004921, 30, 438504, 438504, 2.7276999950408936, 42.77095413208008
2563, -172.81372451782227, 2, 4.576549369994609, 30, 438534, 438534, 2.930481433868408, 42.37186813354492
2564, -173.11054331064224, 2, 4.476187475003826, 30, 438564, 438564, 2.3687987327575684, 42.37675476074219
2565, -173.33962547779083, 2, 4.499260585995216, 30, 438594, 438594, 2.8677797317504883, 42.37221908569336
2566, -172.65734219551086, 2, 4.494077697003377, 30, 438624, 438624, 2.478729248046875, 42.56538391113281
2567, -173.40750074386597, 2, 4.496516374005296, 30, 438654, 438654, 2.593569040298462, 42.5927848815918
2568, -172.76272785663605, 2, 4.492246460999013, 30, 438684, 438684, 2.747525215148926, 41.60608673095703
2569, -173.03001058101654, 2, 4.504063755994139, 30, 438714, 438714, 2.5775723457336426, 42.52229690551758
2570, -173.12570530176163, 2, 4.510925172995485, 30, 438744, 438744, 2.3173654079437256, 42.842838287353516
2571, -173.49286049604416, 2, 4.4787975209983415, 30, 438774, 438774, 2.722668170928955, 43.255210876464844
2572, -172.2564549446106, 2, 4.489881271998456, 30, 438804, 438804, 2.3093252182006836, 42.0776252746582
2573, -172.97706800699234, 2, 4.483881640997424, 30, 438834, 438834, 2.6422438621520996, 43.12771987915039
2574, -173.39666998386383, 2, 4.482712643999548, 30, 438864, 438864, 2.6564877033233643, 42.97029495239258
2575, -172.94628423452377, 2, 4.47020646299643, 30, 438894, 438894, 2.677870512008667, 42.84063720703125
2576, -171.87523555755615, 2, 4.474247526006366, 30, 438924, 438924, 2.626406669616699, 42.36484909057617
2577, -173.35266548395157, 2, 4.556232287999592, 30, 438954, 438954, 2.66633677482605, 42.38584899902344
2578, -172.85527646541595, 2, 4.488918562994513, 30, 438984, 438984, 2.6815552711486816, 42.85836410522461
2579, -173.51794958114624, 2, 4.511036308998882, 30, 439014, 439014, 2.5487210750579834, 42.420066833496094
2580, -172.23333531618118, 2, 4.505433970000013, 30, 439044, 439044, 2.521454095840454, 43.363101959228516
2581, -173.01725816726685, 2, 4.4542517390000285, 30, 439074, 439074, 2.8199191093444824, 42.04285430908203
2582, -172.7774795293808, 2, 4.476612888996897, 30, 439104, 439104, 2.8411002159118652, 42.73176574707031
2583, -173.3049509525299, 2, 4.499491424001462, 30, 439134, 439134, 2.4184327125549316, 43.30142593383789
2584, -172.98593538999557, 2, 4.5288133549984195, 30, 439164, 439164, 2.6499931812286377, 42.8321418762207
2585, -172.76024961471558, 2, 4.511335043993313, 30, 439194, 439194, 2.479757785797119, 43.03632354736328
2586, -173.40323704481125, 2, 4.49200163599744, 30, 439224, 439224, 2.835005521774292, 42.14731216430664
2587, -173.51036936044693, 2, 4.504020383996249, 30, 439254, 439254, 2.6440556049346924, 43.02744674682617
2588, -172.7318783402443, 2, 4.52503033800167, 30, 439284, 439284, 2.7589874267578125, 43.39540100097656
2589, -173.26577252149582, 2, 4.515947810999933, 30, 439314, 439314, 2.958540678024292, 42.3029899597168
2590, -172.63983792066574, 2, 4.496614324001712, 30, 439344, 439344, 2.551745891571045, 42.68001174926758
2591, -172.92362821102142, 2, 4.463397113999235, 30, 439374, 439374, 2.8638904094696045, 42.44670867919922
2592, -172.94950783252716, 2, 4.519225214993639, 30, 439404, 439404, 2.6454555988311768, 42.65952682495117
2593, -173.35753536224365, 2, 4.5307259159963, 30, 439434, 439434, 2.5400545597076416, 42.37786865234375
2594, -173.13636404275894, 2, 4.477220289998513, 30, 439464, 439464, 2.617255926132202, 41.96722412109375
2595, -173.06204771995544, 2, 4.470646648005641, 30, 439494, 439494, 2.8621480464935303, 43.100242614746094
2596, -172.63280177116394, 2, 4.5067525199992815, 30, 439524, 439524, 3.2191948890686035, 43.86644744873047
2597, -172.8612276315689, 2, 4.495308033998299, 30, 439554, 439554, 2.620284080505371, 43.40388107299805
2598, -173.10134714841843, 2, 4.5352164290015935, 30, 439584, 439584, 2.5211880207061768, 42.506591796875
2599, -172.66029661893845, 2, 4.509952981003153, 30, 439614, 439614, 2.598533868789673, 42.45083999633789
2600, -172.76822477579117, 2, 4.489241850002145, 30, 439644, 439644, 2.4689791202545166, 43.617515563964844
2601, -172.50952726602554, 2, 4.493299219000619, 30, 439674, 439674, 2.5310449600219727, 42.5004768371582
2602, -172.90912282466888, 2, 4.501808367000194, 30, 439704, 439704, 2.5903513431549072, 42.173828125
2603, -172.92268699407578, 2, 4.517931769994902, 30, 439734, 439734, 2.5531678199768066, 42.50173568725586
2604, -173.2917564511299, 2, 4.535914439002227, 30, 439764, 439764, 2.489917039871216, 41.01949691772461
2605, -172.43829721212387, 2, 4.482354159001261, 30, 439794, 439794, 2.5474252700805664, 41.91547775268555
2606, -172.67605006694794, 2, 4.496932655994897, 30, 439824, 439824, 2.462143659591675, 42.62784194946289
2607, -172.72605592012405, 2, 4.516432121003163, 30, 439854, 439854, 2.6537280082702637, 42.45952224731445
2608, -172.55134534835815, 2, 4.4835787910051295, 30, 439884, 439884, 2.7196595668792725, 43.01551818847656
2609, -173.525981426239, 2, 4.482626092001738, 30, 439914, 439914, 2.8824260234832764, 42.377685546875
2610, -173.33551102876663, 2, 4.486615445995994, 30, 439944, 439944, 2.6707499027252197, 42.44896697998047
2611, -173.31633239984512, 2, 4.470308618001582, 30, 439974, 439974, 2.464510440826416, 43.257080078125
2612, -172.19357973337173, 2, 4.483566216003965, 30, 440004, 440004, 2.567598581314087, 42.986534118652344
2613, -172.67608660459518, 2, 4.511900861005415, 30, 440034, 440034, 2.7363531589508057, 43.128944396972656
2614, -173.11942791938782, 2, 4.482860429998254, 30, 440064, 440064, 2.5717594623565674, 42.879188537597656
2615, -173.80824863910675, 2, 4.522134935999929, 30, 440094, 440094, 2.4817068576812744, 42.20529556274414
2616, -173.08065259456635, 2, 4.486458407001919, 30, 440124, 440124, 2.616428852081299, 42.57139587402344
2617, -172.8147760629654, 2, 4.513323709994438, 30, 440154, 440154, 2.9231302738189697, 42.559364318847656
2618, -173.30602252483368, 2, 4.484010535998095, 30, 440184, 440184, 2.930469036102295, 42.6438102722168
2619, -173.133919775486, 2, 4.495116076999693, 30, 440214, 440214, 2.2145795822143555, 42.41985321044922
2620, -172.89783304929733, 2, 4.503642622999905, 30, 440244, 440244, 2.621926784515381, 41.84215545654297
2621, -172.2886489033699, 2, 4.508249418002379, 30, 440274, 440274, 2.4388318061828613, 42.55238723754883
2622, -173.39878779649734, 2, 4.526907854000456, 30, 440304, 440304, 2.457756519317627, 43.30978775024414
2623, -172.8021273612976, 2, 4.5252805079944665, 30, 440334, 440334, 2.6950724124908447, 42.299339294433594
2624, -173.1120867729187, 2, 4.505687156000931, 30, 440364, 440364, 2.6015536785125732, 42.79510498046875
2625, -173.57644897699356, 2, 4.516086143004941, 30, 440394, 440394, 2.782884120941162, 42.09251022338867
2626, -172.42127376794815, 2, 4.493078348001291, 30, 440424, 440424, 2.685222625732422, 43.32318115234375
2627, -172.40213882923126, 2, 4.5111421670007985, 30, 440454, 440454, 2.7209839820861816, 41.69865036010742
2628, -173.11931562423706, 2, 4.515710163999756, 30, 440484, 440484, 2.653163194656372, 43.049171447753906
2629, -172.76838064193726, 2, 4.5045596469935845, 30, 440514, 440514, 2.680851697921753, 43.554439544677734
2630, -173.47356754541397, 2, 4.520984173002944, 30, 440544, 440544, 2.6304972171783447, 42.74599075317383
2631, -172.48433554172516, 2, 4.503080446003878, 30, 440574, 440574, 2.7055482864379883, 42.58181381225586
2632, -173.13739049434662, 2, 4.4979975590031245, 30, 440604, 440604, 2.5829479694366455, 42.036338806152344
2633, -172.83866941928864, 2, 4.477841530999285, 30, 440634, 440634, 2.6781363487243652, 43.13216781616211
2634, -172.82810992002487, 2, 4.493039184999361, 30, 440664, 440664, 2.677550792694092, 42.36312484741211
2635, -172.31740885972977, 2, 4.508051425000303, 30, 440694, 440694, 2.696024179458618, 42.46412658691406
2636, -172.43182694911957, 2, 4.483900397994148, 30, 440724, 440724, 2.7733500003814697, 43.53809356689453
2637, -172.54658538103104, 2, 4.490107818994147, 30, 440754, 440754, 2.4385135173797607, 42.802513122558594
2638, -172.95939284563065, 2, 4.4882808460024535, 30, 440784, 440784, 2.480165958404541, 41.94761657714844
2639, -173.18782323598862, 2, 4.495189237000886, 30, 440814, 440814, 2.2926297187805176, 43.237953186035156
2640, -172.46087390184402, 2, 4.532901657999901, 30, 440844, 440844, 2.5366525650024414, 42.59733963012695
2641, -173.27852982282639, 2, 4.493765171995619, 30, 440874, 440874, 2.633937120437622, 43.46978759765625
2642, -173.19061923027039, 2, 4.472095821001858, 30, 440904, 440904, 2.6603939533233643, 42.59952163696289
2643, -173.08164077997208, 2, 4.494771243000287, 30, 440934, 440934, 2.3511691093444824, 42.234397888183594
2644, -173.42950028181076, 2, 4.518838923002477, 30, 440964, 440964, 2.633523464202881, 41.56428146362305
2645, -173.3354019522667, 2, 4.490029966997099, 30, 440994, 440994, 2.7305755615234375, 42.945316314697266
2646, -172.4358280301094, 2, 4.518328204998397, 30, 441024, 441024, 2.6866281032562256, 41.744754791259766
2647, -173.25673830509186, 2, 4.521711355002481, 30, 441054, 441054, 2.5431504249572754, 42.51945877075195
2648, -173.13505166769028, 2, 4.50803646499844, 30, 441084, 441084, 2.5973565578460693, 43.221290588378906
2649, -173.10073065757751, 2, 4.5366677399943, 30, 441114, 441114, 2.5753109455108643, 43.8667106628418
2650, -173.1787006855011, 2, 4.501149201001681, 30, 441144, 441144, 2.332228422164917, 42.796077728271484
2651, -173.1248909831047, 2, 4.498226001000148, 30, 441174, 441174, 2.742208242416382, 43.36397171020508
2652, -172.24527668952942, 2, 4.488736561994301, 30, 441204, 441204, 2.9432363510131836, 41.636962890625
2653, -173.44832199811935, 2, 4.464005756999541, 30, 441234, 441234, 2.4475584030151367, 42.24409484863281
2654, -173.43079924583435, 2, 4.503889719002473, 30, 441264, 441264, 2.46523380279541, 42.61697769165039
2655, -172.4928092956543, 2, 4.486233880001237, 30, 441294, 441294, 2.769327402114868, 42.37122344970703
2656, -172.54544818401337, 2, 4.489564735995373, 30, 441324, 441324, 2.3391454219818115, 43.22184753417969
2657, -171.98348569869995, 2, 4.50025026199728, 30, 441354, 441354, 2.6752407550811768, 43.86957931518555
2658, -171.56063282489777, 2, 4.528131874001701, 30, 441384, 441384, 2.732518196105957, 43.07417678833008
2659, -172.92030429840088, 2, 4.482536620002065, 30, 441414, 441414, 2.579852819442749, 42.893306732177734
2660, -172.6686030626297, 2, 4.491316574996745, 30, 441444, 441444, 2.462881326675415, 41.99459457397461
2661, -172.79210531711578, 2, 4.473829247996036, 30, 441474, 441474, 2.462155818939209, 42.94071960449219
2662, -173.04710906744003, 2, 4.530240417996538, 30, 441504, 441504, 2.6896133422851562, 43.397972106933594
2663, -172.22917520999908, 2, 4.494726162003644, 30, 441534, 441534, 2.6380374431610107, 42.941410064697266
2664, -172.880489051342, 2, 4.475972709995403, 30, 441564, 441564, 2.659632682800293, 43.63943099975586
2665, -173.34829676151276, 2, 4.502091210000799, 30, 441594, 441594, 2.331639051437378, 42.80813980102539
2666, -172.97344547510147, 2, 4.5168553600015, 30, 441624, 441624, 2.826032876968384, 42.68495559692383
2667, -173.7044394016266, 2, 4.545221100997878, 30, 441654, 441654, 2.5680854320526123, 42.81196212768555
2668, -173.54828542470932, 2, 4.510336270999687, 30, 441684, 441684, 2.4234602451324463, 43.546165466308594
2669, -173.06685709953308, 2, 4.49581179300003, 30, 441714, 441714, 2.622248411178589, 43.38132095336914
2670, -173.6462743282318, 2, 4.497921105001296, 30, 441744, 441744, 2.901872396469116, 42.88359451293945
2671, -172.8917252421379, 2, 4.506299852000666, 30, 441774, 441774, 3.0428454875946045, 41.46295928955078
2672, -172.75940304994583, 2, 4.527574081999774, 30, 441804, 441804, 2.652998208999634, 42.947731018066406
2673, -172.99827563762665, 2, 4.483226925003692, 30, 441834, 441834, 2.8348660469055176, 43.24668502807617
2674, -173.14394742250443, 2, 4.481050641996262, 30, 441864, 441864, 2.741429090499878, 41.87307357788086
2675, -172.6095545887947, 2, 4.482607867001207, 30, 441894, 441894, 2.4543726444244385, 42.518306732177734
2676, -172.99463891983032, 2, 4.513927728999988, 30, 441924, 441924, 2.3676414489746094, 42.896915435791016
2677, -172.31771039962769, 2, 4.507496729995182, 30, 441954, 441954, 2.950841188430786, 42.18894577026367
2678, -173.01378071308136, 2, 4.521707064006478, 30, 441984, 441984, 2.6109557151794434, 43.512962341308594
2679, -172.94539737701416, 2, 4.4788653400028124, 30, 442014, 442014, 2.6898772716522217, 42.10869216918945
2680, -173.07004970312119, 2, 4.480878276997828, 30, 442044, 442044, 2.330085515975952, 42.17641830444336
2681, -172.8870508670807, 2, 4.4762946870032465, 30, 442074, 442074, 2.6329023838043213, 42.803627014160156
2682, -172.8130406141281, 2, 4.526545100001385, 30, 442104, 442104, 2.6484200954437256, 42.48155975341797
2683, -173.07255518436432, 2, 4.496137120004278, 30, 442134, 442134, 2.6414308547973633, 43.36210632324219
2684, -173.23332929611206, 2, 4.485537041000498, 30, 442164, 442164, 2.7588536739349365, 42.146446228027344
2685, -172.67649501562119, 2, 4.5489912499979255, 30, 442194, 442194, 2.6883482933044434, 43.46018981933594
2686, -173.49960911273956, 2, 4.603907010001421, 30, 442224, 442224, 2.7814548015594482, 42.451698303222656
2687, -172.5281002521515, 2, 4.485418555996148, 30, 442254, 442254, 2.702950954437256, 41.728187561035156
2688, -172.92816352844238, 2, 4.463030647995765, 30, 442284, 442284, 2.4886672496795654, 43.08921813964844
2689, -173.54826509952545, 2, 4.45911245100433, 30, 442314, 442314, 2.7931058406829834, 41.808738708496094
2690, -172.87752550840378, 2, 4.4974439899961, 30, 442344, 442344, 2.9140045642852783, 42.19833755493164
2691, -172.56385362148285, 2, 4.470603467001638, 30, 442374, 442374, 2.3690741062164307, 43.56821823120117
2692, -173.13526958227158, 2, 4.47069733600074, 30, 442404, 442404, 2.567688226699829, 41.91845703125
2693, -173.25785529613495, 2, 4.4771890550036915, 30, 442434, 442434, 2.382249355316162, 43.238887786865234
2694, -173.35352671146393, 2, 4.472878594002395, 30, 442464, 442464, 2.528127431869507, 43.01707077026367
2695, -172.92708295583725, 2, 4.515617563003616, 30, 442494, 442494, 2.5067126750946045, 42.441959381103516
2696, -172.8448567390442, 2, 4.490929109000717, 30, 442524, 442524, 2.74076509475708, 42.20204162597656
2697, -173.3747392296791, 2, 4.491358549996221, 30, 442554, 442554, 2.676069974899292, 42.804378509521484
2698, -173.09539663791656, 2, 4.473464770999271, 30, 442584, 442584, 2.5767059326171875, 42.62535858154297
2699, -173.64392578601837, 2, 4.488519676000578, 30, 442614, 442614, 2.7700295448303223, 42.169105529785156
2700, -173.01926338672638, 2, 4.482780942002137, 30, 442644, 442644, 2.6449201107025146, 43.57893371582031
2701, -172.87819468975067, 2, 4.447809093995602, 30, 442674, 442674, 2.274082660675049, 42.887184143066406
2702, -172.80063515901566, 2, 4.476901800000633, 30, 442704, 442704, 2.8769102096557617, 43.13518524169922
2703, -172.85811001062393, 2, 4.514100633998169, 30, 442734, 442734, 2.498687267303467, 42.07588195800781
2704, -172.6213739514351, 2, 4.507498874998419, 30, 442764, 442764, 2.7650067806243896, 42.944576263427734
2705, -172.59207314252853, 2, 4.494841002000612, 30, 442794, 442794, 2.9578001499176025, 43.760704040527344
2706, -172.71462738513947, 2, 4.473782089997258, 30, 442824, 442824, 2.464046001434326, 42.680049896240234
2707, -172.46149003505707, 2, 4.470627486996818, 30, 442854, 442854, 2.1846673488616943, 43.15248107910156
2708, -172.8707852959633, 2, 4.4773452849985915, 30, 442884, 442884, 2.8180630207061768, 42.47434997558594
2709, -173.530770778656, 2, 4.495939701999305, 30, 442914, 442914, 2.70065975189209, 43.14427947998047
2710, -173.58391439914703, 2, 4.498892942006933, 30, 442944, 442944, 2.620922803878784, 42.78998947143555
2711, -172.8330192565918, 2, 4.451062662003096, 30, 442974, 442974, 2.6143980026245117, 42.996883392333984
2712, -172.72485119104385, 2, 4.497000943003513, 30, 443004, 443004, 2.6934256553649902, 43.5808219909668
2713, -172.33345407247543, 2, 4.464993133995449, 30, 443034, 443034, 2.4562370777130127, 43.4531135559082
2714, -173.3618957400322, 2, 4.472672969997802, 30, 443064, 443064, 2.4324264526367188, 43.95298767089844
2715, -172.68359524011612, 2, 4.439886480002315, 30, 443094, 443094, 2.33447003364563, 42.34840393066406
2716, -172.88498824834824, 2, 4.495802003999415, 30, 443124, 443124, 2.676304340362549, 42.46095657348633
2717, -173.39903491735458, 2, 4.4771132719979505, 30, 443154, 443154, 2.691422700881958, 43.310855865478516
2718, -173.2300844192505, 2, 4.4753580809992854, 30, 443184, 443184, 2.711726665496826, 43.12053298950195
2719, -172.7535536289215, 2, 4.480913792998763, 30, 443214, 443214, 2.4769487380981445, 43.36517333984375
2720, -173.01918762922287, 2, 4.494015244003094, 30, 443244, 443244, 2.5486819744110107, 43.49868392944336
2721, -173.19614148139954, 2, 4.4661811429978115, 30, 443274, 443274, 2.546541929244995, 43.572593688964844
2722, -173.04663145542145, 2, 4.483915172000707, 30, 443304, 443304, 2.4206387996673584, 42.104896545410156
2723, -172.96149867773056, 2, 4.4659145869954955, 30, 443334, 443334, 2.6558871269226074, 43.075069427490234
2724, -173.35204339027405, 2, 4.486623247001262, 30, 443364, 443364, 2.6713552474975586, 42.84977722167969
2725, -172.83045154809952, 2, 4.470685808999406, 30, 443394, 443394, 2.9141688346862793, 42.53325271606445
2726, -173.32883310317993, 2, 4.484186351997778, 30, 443424, 443424, 2.3488662242889404, 43.84297180175781
2727, -173.7793739438057, 2, 4.481817098996544, 30, 443454, 443454, 2.690854072570801, 43.61469650268555
2728, -172.65230000019073, 2, 4.4727127910009585, 30, 443484, 443484, 2.4025046825408936, 42.91429138183594
2729, -172.8448896408081, 2, 4.469086281002092, 30, 443514, 443514, 2.8164308071136475, 43.02730941772461
2730, -172.95821154117584, 2, 4.478374755002733, 30, 443544, 443544, 2.9956278800964355, 42.59116744995117
2731, -172.64440923929214, 2, 4.447082432998286, 30, 443574, 443574, 2.9121882915496826, 42.866641998291016
2732, -173.20789778232574, 2, 4.469295823000721, 30, 443604, 443604, 2.7911691665649414, 42.41135787963867
2733, -173.19182568788528, 2, 4.4632754790000035, 30, 443634, 443634, 2.6835615634918213, 43.874977111816406
2734, -173.08493381738663, 2, 4.483095848998346, 30, 443664, 443664, 2.4568934440612793, 43.04671859741211
2735, -173.292371571064, 2, 4.456687100006093, 30, 443694, 443694, 2.7015814781188965, 42.240943908691406
2736, -172.36641764640808, 2, 4.468435766000766, 30, 443724, 443724, 2.872028350830078, 43.26831817626953
2737, -173.0434252023697, 2, 4.484668188000796, 30, 443754, 443754, 2.6372873783111572, 43.98521041870117
2738, -172.46176832914352, 2, 4.478335780004272, 30, 443784, 443784, 2.6133549213409424, 42.72397232055664
2739, -172.4131446480751, 2, 4.467716184000892, 30, 443814, 443814, 2.4579758644104004, 42.9124755859375
2740, -173.37155973911285, 2, 4.479333366005449, 30, 443844, 443844, 2.5500426292419434, 43.234378814697266
2741, -173.5368463397026, 2, 4.496775935003825, 30, 443874, 443874, 2.744309663772583, 43.18781661987305
2742, -173.53904592990875, 2, 4.46557252999628, 30, 443904, 443904, 2.5065295696258545, 42.720481872558594
2743, -172.55712431669235, 2, 4.473120297996502, 30, 443934, 443934, 2.6685783863067627, 42.53820037841797
2744, -173.26433622837067, 2, 4.459802032004518, 30, 443964, 443964, 2.9134573936462402, 42.4431037902832
2745, -173.19542062282562, 2, 4.48369596300472, 30, 443994, 443994, 3.056992769241333, 42.78463363647461
2746, -173.11490535736084, 2, 4.475677413000085, 30, 444024, 444024, 2.69914174079895, 43.59394454956055
2747, -173.25991773605347, 2, 4.4855958280022605, 30, 444054, 444054, 2.9672532081604004, 42.4638557434082
2748, -172.51400297880173, 2, 4.481213179002225, 30, 444084, 444084, 2.371143341064453, 43.16989517211914
2749, -173.477961063385, 2, 4.483901636005612, 30, 444114, 444114, 2.537106513977051, 42.72291564941406
2750, -171.97550827264786, 2, 4.492581177997636, 30, 444144, 444144, 2.8395211696624756, 42.84683609008789
2751, -173.0741532444954, 2, 4.461537336996116, 30, 444174, 444174, 2.9917562007904053, 43.20197296142578
2752, -172.66834366321564, 2, 4.475099950002914, 30, 444204, 444204, 2.347972869873047, 43.03529357910156
2753, -172.9197050333023, 2, 4.4964812510006595, 30, 444234, 444234, 2.7334213256835938, 43.36909866333008
2754, -171.62237137556076, 2, 4.483326945999579, 30, 444264, 444264, 2.705761432647705, 43.128543853759766
2755, -172.1076552271843, 2, 4.483773704996565, 30, 444294, 444294, 2.4010367393493652, 42.80485916137695
2756, -172.273374915123, 2, 4.5158174539974425, 30, 444324, 444324, 2.7949440479278564, 43.10047912597656
2757, -173.25990545749664, 2, 4.476206685001671, 30, 444354, 444354, 2.6549975872039795, 42.44310760498047
2758, -173.02419114112854, 2, 4.457266130004427, 30, 444384, 444384, 2.685349225997925, 42.1933479309082
2759, -172.41769766807556, 2, 4.47459856900241, 30, 444414, 444414, 2.755462884902954, 42.497802734375
2760, -172.40481805801392, 2, 4.476546005003911, 30, 444444, 444444, 2.36781644821167, 42.940670013427734
2761, -173.3106408715248, 2, 4.450595318005071, 30, 444474, 444474, 2.726329803466797, 42.60926818847656
2762, -172.97137010097504, 2, 4.491246028002934, 30, 444504, 444504, 2.643501043319702, 43.94090270996094
2763, -172.90322667360306, 2, 4.484829145003459, 30, 444534, 444534, 2.42846417427063, 43.62447738647461
2764, -172.7170126438141, 2, 4.481931903996156, 30, 444564, 444564, 2.6963155269622803, 42.21782302856445
2765, -173.52931660413742, 2, 4.474319438995735, 30, 444594, 444594, 2.970787763595581, 42.91911697387695
2766, -172.97285264730453, 2, 4.475575848002336, 30, 444624, 444624, 2.3857481479644775, 42.837730407714844
2767, -173.42521965503693, 2, 4.473379679999198, 30, 444654, 444654, 2.5629241466522217, 42.13597106933594
2768, -173.32392674684525, 2, 4.483810694000567, 30, 444684, 444684, 2.436767578125, 43.68672180175781
2769, -172.48248344659805, 2, 4.478580321003392, 30, 444714, 444714, 2.618147850036621, 42.14744186401367
2770, -173.25980311632156, 2, 4.465406408999115, 30, 444744, 444744, 2.927617073059082, 42.43303298950195
2771, -173.46986186504364, 2, 4.500943635997828, 30, 444774, 444774, 2.40020751953125, 43.58945846557617
2772, -173.26073092222214, 2, 4.483969921995595, 30, 444804, 444804, 2.4822778701782227, 41.90437316894531
2773, -172.11931282281876, 2, 4.485457087001123, 30, 444834, 444834, 2.6508216857910156, 43.292972564697266
2774, -173.03925269842148, 2, 4.437886371000786, 30, 444864, 444864, 2.886636972427368, 44.44649124145508
2775, -173.47094428539276, 2, 4.5321388079973985, 30, 444894, 444894, 2.3076233863830566, 42.47681427001953
2776, -172.56250607967377, 2, 4.506382409999787, 30, 444924, 444924, 2.8191347122192383, 41.74647903442383
2777, -173.06762671470642, 2, 4.475761091001914, 30, 444954, 444954, 2.8857531547546387, 43.929012298583984
2778, -173.11427634954453, 2, 4.481498466004268, 30, 444984, 444984, 2.7600502967834473, 43.395851135253906
2779, -173.0727777481079, 2, 4.478234508998867, 30, 445014, 445014, 2.4243180751800537, 42.492897033691406
2780, -173.21803665161133, 2, 4.498443966993364, 30, 445044, 445044, 2.8062455654144287, 43.26782989501953
2781, -173.61057096719742, 2, 4.46268646200042, 30, 445074, 445074, 2.7969295978546143, 42.43464279174805
2782, -173.47889775037766, 2, 4.445977549003146, 30, 445104, 445104, 2.5386157035827637, 42.967777252197266
2783, -173.1174709200859, 2, 4.49280615200405, 30, 445134, 445134, 2.596416473388672, 42.20823287963867
2784, -173.2623518705368, 2, 4.4661219519985025, 30, 445164, 445164, 2.6859700679779053, 43.02538299560547
2785, -172.80966782569885, 2, 4.464041776001977, 30, 445194, 445194, 2.4775197505950928, 43.088600158691406
2786, -172.81126356124878, 2, 4.46609016200091, 30, 445224, 445224, 2.5050957202911377, 42.26035690307617
2787, -173.51336270570755, 2, 4.486913512002502, 30, 445254, 445254, 2.894516706466675, 42.96229553222656
2788, -173.23646241426468, 2, 4.487250267993659, 30, 445284, 445284, 2.5190885066986084, 43.41006851196289
2789, -173.25003331899643, 2, 4.4557560960020055, 30, 445314, 445314, 2.9122495651245117, 42.795753479003906
2790, -173.1687891483307, 2, 4.482559545002005, 30, 445344, 445344, 2.63763689994812, 43.35437774658203
2791, -172.98793810606003, 2, 4.488476503000129, 30, 445374, 445374, 2.6124026775360107, 42.54949188232422
2792, -173.1130849123001, 2, 4.45907518400054, 30, 445404, 445404, 2.7583260536193848, 42.439579010009766
2793, -172.4423644542694, 2, 4.492900381002983, 30, 445434, 445434, 2.872605562210083, 44.45697021484375
2794, -172.4517154097557, 2, 4.480696010003157, 30, 445464, 445464, 2.6045048236846924, 42.34436798095703
2795, -173.12505584955215, 2, 4.463865352001449, 30, 445494, 445494, 2.67913818359375, 43.038578033447266
2796, -173.42495411634445, 2, 4.483068005996756, 30, 445524, 445524, 2.6932475566864014, 42.52933883666992
2797, -173.3294117450714, 2, 4.498066027997993, 30, 445554, 445554, 2.523681640625, 43.69472885131836
2798, -172.37860852479935, 2, 4.49410474600154, 30, 445584, 445584, 2.365983009338379, 42.295833587646484
2799, -172.76574563980103, 2, 4.484543710001162, 30, 445614, 445614, 2.647935628890991, 43.287776947021484
2800, -173.142103433609, 2, 4.477766367002914, 30, 445644, 445644, 2.7456870079040527, 44.06129455566406
2801, -173.5868593454361, 2, 4.429575428002863, 30, 445674, 445674, 2.634159803390503, 42.7490348815918
2802, -173.14009338617325, 2, 4.4654892870021285, 30, 445704, 445704, 2.638979911804199, 42.318904876708984
2803, -173.32196009159088, 2, 4.490030185996147, 30, 445734, 445734, 2.8754425048828125, 43.04662322998047
2804, -173.58627116680145, 2, 4.505435287996079, 30, 445764, 445764, 2.5763299465179443, 43.26426696777344
2805, -173.42351937294006, 2, 4.451987676002318, 30, 445794, 445794, 3.0653579235076904, 42.94508743286133
2806, -172.93586939573288, 2, 4.466449207000551, 30, 445824, 445824, 2.554673433303833, 42.49911117553711
2807, -173.21782171726227, 2, 4.475916757997766, 30, 445854, 445854, 2.441662549972534, 43.636985778808594
2808, -172.81051367521286, 2, 4.445993023997289, 30, 445884, 445884, 2.6857457160949707, 42.022621154785156
2809, -173.11909890174866, 2, 4.482326220000687, 30, 445914, 445914, 2.5341732501983643, 42.86595916748047
2810, -173.5876373052597, 2, 4.46447888900002, 30, 445944, 445944, 2.8110435009002686, 42.851802825927734
2811, -173.1199164390564, 2, 4.466661186001147, 30, 445974, 445974, 2.7147958278656006, 42.577613830566406
2812, -172.4839854836464, 2, 4.461634238003171, 30, 446004, 446004, 3.1738686561584473, 43.09028244018555
2813, -171.89634710550308, 2, 4.469029314997897, 30, 446034, 446034, 2.7421329021453857, 42.91617965698242
2814, -172.42610615491867, 2, 4.501100794994272, 30, 446064, 446064, 2.851470470428467, 42.70903396606445
2815, -172.71853941679, 2, 4.509711247999803, 30, 446094, 446094, 2.496312141418457, 43.304630279541016
2816, -173.0294338464737, 2, 4.468080411999836, 30, 446124, 446124, 2.6059353351593018, 43.05833053588867
2817, -172.28778040409088, 2, 4.451338081998983, 30, 446154, 446154, 2.4657859802246094, 43.43199157714844
2818, -171.48179185390472, 2, 4.465885995006829, 30, 446184, 446184, 2.529989004135132, 42.499610900878906
2819, -172.92274725437164, 2, 4.460615388001315, 30, 446214, 446214, 2.5057497024536133, 43.31356430053711
2820, -172.3080169558525, 2, 4.488429806995555, 30, 446244, 446244, 2.5216403007507324, 43.8113899230957
2821, -172.43976348638535, 2, 4.495891116996063, 30, 446274, 446274, 2.680098533630371, 44.208377838134766
2822, -173.2088037133217, 2, 4.473591657995712, 30, 446304, 446304, 2.561741828918457, 42.67807388305664
2823, -173.03542411327362, 2, 4.50588026499463, 30, 446334, 446334, 2.6287307739257812, 42.8788948059082
2824, -173.04141068458557, 2, 4.477663390003727, 30, 446364, 446364, 3.067887306213379, 43.20894241333008
2825, -172.62058156728745, 2, 4.488197743005003, 30, 446394, 446394, 2.7616052627563477, 42.70791244506836
2826, -171.89723080396652, 2, 4.479308930000116, 30, 446424, 446424, 2.664133310317993, 43.57704162597656
2827, -172.2987408041954, 2, 4.466121367004234, 30, 446454, 446454, 2.603646755218506, 42.1068115234375
2828, -172.35733848810196, 2, 4.473875016003149, 30, 446484, 446484, 2.483992099761963, 43.49326705932617
2829, -173.08445221185684, 2, 4.4610239309986355, 30, 446514, 446514, 3.1426303386688232, 43.74907302856445
2830, -172.84920489788055, 2, 4.446218693003175, 30, 446544, 446544, 2.872220754623413, 43.36277770996094
2831, -172.41684263944626, 2, 4.469184317997133, 30, 446574, 446574, 2.505054235458374, 42.643638610839844
2832, -173.11854320764542, 2, 4.481560391999665, 30, 446604, 446604, 2.561290979385376, 43.107852935791016
2833, -173.05064058303833, 2, 4.4893506610023906, 30, 446634, 446634, 2.7939658164978027, 44.056251525878906
2834, -173.4044852256775, 2, 4.466789468002389, 30, 446664, 446664, 2.7128078937530518, 42.808204650878906
2835, -173.48665314912796, 2, 4.504082851999556, 30, 446694, 446694, 3.006324291229248, 43.577938079833984
2836, -173.5888130068779, 2, 4.4444744259963045, 30, 446724, 446724, 2.4454801082611084, 42.240478515625
2837, -172.92751163244247, 2, 4.499605469005473, 30, 446754, 446754, 2.6928327083587646, 43.15988540649414
2838, -172.60147440433502, 2, 4.476289625999925, 30, 446784, 446784, 2.5251777172088623, 43.998252868652344
2839, -173.32337898015976, 2, 4.490583229999174, 30, 446814, 446814, 2.7760608196258545, 43.89199447631836
2840, -172.67616134881973, 2, 4.4905973249988165, 30, 446844, 446844, 2.836733818054199, 42.749942779541016
2841, -173.37414491176605, 2, 4.466992308996851, 30, 446874, 446874, 2.592830181121826, 42.98567581176758
2842, -172.25229400396347, 2, 4.464384978993621, 30, 446904, 446904, 2.9112207889556885, 43.59988021850586
2843, -173.0971018075943, 2, 4.475673287997779, 30, 446934, 446934, 2.5160295963287354, 43.28269958496094
2844, -173.07964301109314, 2, 4.446158959995955, 30, 446964, 446964, 2.666154623031616, 43.53925323486328
2845, -173.5543982386589, 2, 4.473587906002649, 30, 446994, 446994, 2.671877145767212, 42.62362289428711
2846, -173.08250123262405, 2, 4.477550501003861, 30, 447024, 447024, 2.5960640907287598, 43.32929611206055
2847, -172.98684775829315, 2, 4.463724092005577, 30, 447054, 447054, 2.476943016052246, 43.70018768310547
2848, -173.23382526636124, 2, 4.498615398006223, 30, 447084, 447084, 2.8887598514556885, 43.62776565551758
2849, -172.65087687969208, 2, 4.47654406500078, 30, 447114, 447114, 2.513890504837036, 43.410099029541016
2850, -172.5174057483673, 2, 4.465201826998964, 30, 447144, 447144, 2.7149884700775146, 44.20140075683594
2851, -172.91243010759354, 2, 4.460624313003791, 30, 447174, 447174, 2.7836828231811523, 43.4630012512207
2852, -173.3958225250244, 2, 4.478807004001283, 30, 447204, 447204, 2.6051621437072754, 43.352317810058594
2853, -173.19066232442856, 2, 4.4518252319976455, 30, 447234, 447234, 2.8252711296081543, 41.953590393066406
2854, -172.63167601823807, 2, 4.4774441920017125, 30, 447264, 447264, 2.723071575164795, 43.06679153442383
2855, -172.68981605768204, 2, 4.438595799001632, 30, 447294, 447294, 2.951064348220825, 43.267391204833984
2856, -173.3106568455696, 2, 4.4903756140047335, 30, 447324, 447324, 2.6903884410858154, 43.2800178527832
2857, -173.1533800959587, 2, 4.458118388996809, 30, 447354, 447354, 2.786062479019165, 42.79737091064453
2858, -173.45741719007492, 2, 4.470606087001215, 30, 447384, 447384, 2.4638524055480957, 42.90018081665039
2859, -172.92970633506775, 2, 4.4979494490034995, 30, 447414, 447414, 2.8146278858184814, 43.9245491027832
2860, -173.22523498535156, 2, 4.533016882000084, 30, 447444, 447444, 2.319308280944824, 42.77067184448242
2861, -171.95767772197723, 2, 4.471864060004009, 30, 447474, 447474, 2.7392077445983887, 44.04719161987305
2862, -172.2450857758522, 2, 4.494062300000223, 30, 447504, 447504, 2.3884873390197754, 42.54375457763672
2863, -172.61395502090454, 2, 4.493770966997545, 30, 447534, 447534, 2.969810724258423, 43.16910934448242
2864, -172.99692291021347, 2, 4.47733412499656, 30, 447564, 447564, 2.5437064170837402, 42.652366638183594
2865, -173.1279672384262, 2, 4.487105604996032, 30, 447594, 447594, 2.712157726287842, 42.680625915527344
2866, -172.9756035208702, 2, 4.494701423995139, 30, 447624, 447624, 2.6612296104431152, 42.56312942504883
2867, -173.11340600252151, 2, 4.474580132002302, 30, 447654, 447654, 2.454310894012451, 43.06560134887695
2868, -172.9999816417694, 2, 4.521933412004728, 30, 447684, 447684, 2.76606822013855, 43.32465362548828
2869, -172.70642894506454, 2, 4.693954294001742, 30, 447714, 447714, 2.5400733947753906, 43.268489837646484
2870, -181.05489929765463, 2, 23.168949332997727, 166, 447880, 447880, 2.588353395462036, 43.2038459777832
