episode, reward, success, duration, steps, total_steps, memory length, avg_critic_loss, avg_actor_loss
1, -15.49296427005902, 2, 17.090962887999922, 133, 15074, 15074, 0.22119727730751038, 1.881199836730957
2, -3.911452104395721, 4, 50.012563408999995, 394, 15468, 15468, 0.20462122559547424, 1.9216638803482056
3, -7.58949825912714, 4, 49.63008803499997, 390, 15858, 15858, 0.20506761968135834, 2.0196871757507324
4, -8.401019298937172, 4, 49.57891724000001, 390, 16248, 16248, 0.19850613176822662, 2.0834009647369385
5, -8.208185965195298, 4, 49.47093183099969, 389, 16637, 16637, 0.1921996921300888, 2.1621577739715576
6, -9.506996436044574, 4, 49.59704320499986, 390, 17027, 17027, 0.18961264193058014, 2.175555944442749
7, -8.89042620640248, 4, 49.51184740899953, 389, 17416, 17416, 0.176479309797287, 2.2144901752471924
8, -8.364861990325153, 4, 49.52543449699988, 389, 17805, 17805, 0.16177845001220703, 2.169813871383667
9, -8.178316256962717, 4, 49.58717566099949, 388, 18193, 18193, 0.15993058681488037, 2.1868255138397217
10, -7.211379359010607, 4, 49.59646847899967, 389, 18582, 18582, 0.14957879483699799, 2.1556286811828613
11, -7.573841744102538, 4, 49.511557631998585, 388, 18970, 18970, 0.14684061706066132, 2.1370177268981934
12, -8.950322271324694, 4, 49.633307357000376, 388, 19358, 19358, 0.13812734186649323, 2.1300199031829834
13, -6.8367331851040944, 4, 49.57525986300061, 388, 19746, 19746, 0.13270579278469086, 2.1179301738739014
14, -5.351888360517478, 4, 49.57625646499946, 388, 20134, 20134, 0.13011743128299713, 2.0886054039001465
15, -8.395154805853963, 4, 49.52165094400152, 388, 20522, 20522, 0.12252052873373032, 2.0705018043518066
16, -8.424823441528133, 4, 49.53822064199994, 388, 20910, 20910, 0.11284398287534714, 2.0691769123077393
17, -6.415619721519761, 4, 49.58647904800091, 388, 21298, 21298, 0.11529739946126938, 2.043583393096924
18, -6.177182807936333, 4, 49.57939490700119, 388, 21686, 21686, 0.11339199542999268, 2.0466272830963135
19, -8.49856404447928, 4, 49.61218209300023, 388, 22074, 22074, 0.11349576711654663, 2.0476880073547363
20, -7.830331794335507, 4, 49.572363084000244, 388, 22462, 22462, 0.10610953718423843, 2.0365800857543945
21, -20.969954505617352, 2, 39.9880556370008, 312, 22774, 22774, 0.10546014457941055, 2.0516679286956787
22, -7.503537661890732, 4, 50.15855473600095, 392, 23166, 23166, 0.11347764730453491, 2.046119451522827
23, -6.871346244821325, 4, 49.514268718001404, 389, 23555, 23555, 0.11421151459217072, 2.0406999588012695
24, -8.634975295339245, 4, 49.530579637999836, 388, 23943, 23943, 0.10447230935096741, 2.024512767791748
25, -6.3536663625855, 4, 49.616280582999025, 389, 24332, 24332, 0.10351578891277313, 2.016305685043335
26, -5.204876856965711, 4, 49.6018332750009, 388, 24720, 24720, 0.09856437146663666, 2.0075602531433105
27, -5.1996508660377, 4, 49.56370106699978, 388, 25108, 25108, 0.09538357704877853, 2.0179483890533447
28, -7.144887546310201, 4, 49.53308476500024, 388, 25496, 25496, 0.09953398257493973, 2.0237345695495605
29, -5.330697896890342, 4, 49.52041594000002, 387, 25883, 25883, 0.0932859480381012, 2.034815788269043
30, -8.000576089485548, 4, 49.68566507400101, 389, 26272, 26272, 0.09270235151052475, 2.014331102371216
31, -8.180517096741823, 4, 49.527244398999756, 388, 26660, 26660, 0.08898729830980301, 2.0535075664520264
32, -5.615254735690542, 4, 49.54308738599866, 388, 27048, 27048, 0.09131833910942078, 2.0609514713287354
33, -6.903508057410363, 4, 49.58123115700073, 388, 27436, 27436, 0.08621542155742645, 2.0751070976257324
34, -18.737346465808514, 2, 31.672037935000844, 246, 27682, 27682, 0.08952480554580688, 2.0892889499664307
35, -6.767207230135682, 4, 49.438863947001664, 386, 28068, 28068, 0.09126114100217819, 2.0975770950317383
36, -16.473037796706194, 2, 19.544692057999782, 150, 28218, 28218, 0.10494030267000198, 2.111060380935669
37, -9.121017312863842, 4, 49.50842152899895, 387, 28605, 28605, 0.09051566570997238, 2.1320948600769043
38, -5.256162437891703, 4, 49.58977148699887, 388, 28993, 28993, 0.08845822513103485, 2.1315419673919678
39, -5.947032102689263, 4, 49.62699481299933, 388, 29381, 29381, 0.08541601896286011, 2.137336254119873
40, -6.649816052013193, 4, 49.57376720299908, 388, 29769, 29769, 0.08640993386507034, 2.153583526611328
41, -5.538204203432542, 4, 49.57568116400034, 387, 30156, 30156, 0.08309918642044067, 2.1435327529907227
42, -6.349952548582223, 4, 49.52955190499961, 387, 30543, 30543, 0.08650107681751251, 2.1627676486968994
43, -5.024283407314215, 4, 49.621307952998905, 388, 30931, 30931, 0.07859336584806442, 2.162651538848877
44, -5.243830376493861, 4, 49.549445656999524, 386, 31317, 31317, 0.07531563192605972, 2.1772220134735107
45, -5.505734824182582, 4, 49.54806553299932, 387, 31704, 31704, 0.08380012959241867, 2.194039821624756
46, -8.199005375965498, 4, 49.62808837199918, 387, 32091, 32091, 0.08182797580957413, 2.2167930603027344
47, -5.644029725692235, 4, 49.51962405700033, 386, 32477, 32477, 0.07864900678396225, 2.2366015911102295
48, -5.116964218705107, 4, 49.53176359999998, 387, 32864, 32864, 0.08063576370477676, 2.232818603515625
49, -6.679489395246264, 4, 49.634756895000464, 388, 33252, 33252, 0.07901117205619812, 2.249843120574951
50, -4.223398631636883, 4, 49.48747459100014, 387, 33639, 33639, 0.07785281538963318, 2.267465829849243
51, -4.750513416627655, 4, 49.62262663199908, 387, 34026, 34026, 0.06822790950536728, 2.2627549171447754
52, -4.2889132147683995, 4, 49.538665363999826, 387, 34413, 34413, 0.07174096256494522, 2.262831211090088
53, -17.24139393947553, 2, 24.241435046000333, 187, 34600, 34600, 0.07892074435949326, 2.2743873596191406
54, -3.5327308415289735, 4, 49.845540490998246, 389, 34989, 34989, 0.07588539272546768, 2.2748208045959473
55, -4.505249201334664, 4, 49.62550921099864, 387, 35376, 35376, 0.07259975373744965, 2.2836101055145264
56, -17.592397035623435, 2, 26.756151657000373, 207, 35583, 35583, 0.0668870136141777, 2.287121057510376
57, -3.8933621677388146, 4, 49.40581238699997, 386, 35969, 35969, 0.06557495892047882, 2.27801775932312
58, -4.95520295975399, 4, 49.52957217000039, 387, 36356, 36356, 0.07276572287082672, 2.2888402938842773
59, -4.078799258255458, 4, 49.56648905699876, 387, 36743, 36743, 0.0641566589474678, 2.2925822734832764
60, -15.675036110415022, 2, 11.933311294000305, 90, 36833, 36833, 0.06142452731728554, 2.2823987007141113
61, -6.016777351520432, 4, 50.19060422500115, 392, 37225, 37225, 0.07094717770814896, 2.292160987854004
62, -5.371988719187357, 4, 49.515313915999286, 387, 37612, 37612, 0.07236675918102264, 2.2815868854522705
63, -6.329083404620178, 4, 49.620027885001036, 388, 38000, 38000, 0.06754359602928162, 2.272925853729248
64, -6.640959187177941, 4, 49.51400504100093, 387, 38387, 38387, 0.06315639615058899, 2.282343626022339
65, -6.07000232381688, 4, 49.595147448000716, 387, 38774, 38774, 0.06668432056903839, 2.2950856685638428
66, -6.32115929981228, 4, 49.586143573998925, 387, 39161, 39161, 0.06908524036407471, 2.298208236694336
67, -5.923421854946355, 4, 49.55706052499954, 387, 39548, 39548, 0.06043994426727295, 2.2979373931884766
68, -3.9117245584038756, 4, 49.4970575619991, 387, 39935, 39935, 0.06444407999515533, 2.2969727516174316
69, -4.552292936597951, 4, 49.64108714299982, 387, 40322, 40322, 0.06445101648569107, 2.2906131744384766
70, -5.0444911072208924, 4, 49.56991739200021, 387, 40709, 40709, 0.06326255947351456, 2.294102668762207
71, -3.5517276331884204, 4, 49.56498105300125, 387, 41096, 41096, 0.06142508238554001, 2.291177272796631
72, -20.758575885061873, 2, 39.712627451001026, 309, 41405, 41405, 0.06469669193029404, 2.291156768798828
73, -3.6968600949912798, 4, 49.464910586999395, 386, 41791, 41791, 0.060442157089710236, 2.309731960296631
74, -17.806378210836556, 2, 23.703646710999237, 182, 41973, 41973, 0.055641498416662216, 2.303955316543579
75, -3.9751750386822096, 4, 49.37135523999859, 385, 42358, 42358, 0.06073072925209999, 2.308171272277832
76, -4.137110862608097, 4, 49.547862360999716, 386, 42744, 42744, 0.058918651193380356, 2.304072141647339
77, -5.526760504260892, 4, 49.55541099400034, 386, 43130, 43130, 0.05401620641350746, 2.300750732421875
78, -5.5132449158445525, 4, 49.53723577299934, 387, 43517, 43517, 0.06615368276834488, 2.299023151397705
79, -6.164980753324926, 4, 49.632644766999874, 387, 43904, 43904, 0.06192358583211899, 2.309600353240967
80, -5.503152280231006, 4, 49.576034866000555, 387, 44291, 44291, 0.060865070670843124, 2.2892487049102783
81, -4.323153661647666, 4, 49.526108072999705, 386, 44677, 44677, 0.059087589383125305, 2.309343099594116
82, -5.040555204781413, 4, 49.65681254299852, 388, 45065, 45065, 0.05156193673610687, 2.2944860458374023
83, -4.339214965715655, 4, 49.49391023099997, 387, 45452, 45452, 0.057639479637145996, 2.3023698329925537
84, -3.531288805708755, 4, 49.6444834440008, 388, 45840, 45840, 0.05501241609454155, 2.2952191829681396
85, -3.1120707385780406, 4, 49.55272459700063, 387, 46227, 46227, 0.05466553196310997, 2.3005480766296387
86, -3.550854915258242, 4, 49.52682027499941, 386, 46613, 46613, 0.04960749298334122, 2.2949306964874268
87, -17.392612136107346, 2, 37.385522062000746, 291, 46904, 46904, 0.051238808780908585, 2.2978384494781494
88, -7.5203905245580245, 4, 49.77808115100015, 388, 47292, 47292, 0.05700064077973366, 2.2959723472595215
89, -4.350626312880195, 4, 49.49240935200032, 386, 47678, 47678, 0.05642618611454964, 2.304260492324829
90, -3.891563931669225, 4, 49.57658432700009, 387, 48065, 48065, 0.05242854356765747, 2.311277151107788
91, -3.7145829770015553, 4, 49.57602917099939, 386, 48451, 48451, 0.05547719821333885, 2.3013923168182373
92, -4.832230677624466, 4, 49.60547621300066, 387, 48838, 48838, 0.053342532366514206, 2.29752254486084
93, -3.4421748522655093, 4, 49.61465507000139, 386, 49224, 49224, 0.055744968354701996, 2.3069961071014404
94, -4.2888686756341485, 4, 49.52892705999875, 386, 49610, 49610, 0.04769664630293846, 2.2952723503112793
95, -3.1982478629906836, 4, 49.53205382200031, 387, 49997, 49997, 0.04791615530848503, 2.3080339431762695
96, -2.492006807198777, 4, 49.69761952199951, 387, 50384, 50384, 0.05623866617679596, 2.3061866760253906
97, -16.406153190066107, 2, 4.328019168000537, 30, 50414, 50414, 0.057640064507722855, 2.30554461479187
98, -3.721596669231076, 4, 49.64025407899862, 387, 50801, 50801, 0.05338757485151291, 2.3128859996795654
99, -6.340156919846777, 4, 49.60671094499958, 386, 51187, 51187, 0.05180314928293228, 2.2979817390441895
100, -17.968042652340955, 2, 47.39672796100058, 369, 51556, 51556, 0.05086584389209747, 2.3062641620635986
101, -2.7198550159519073, 4, 49.72435562499959, 387, 51943, 51943, 0.04782875254750252, 2.300097942352295
102, -5.251556424882438, 4, 49.613234430000375, 386, 52329, 52329, 0.053462810814380646, 2.300356149673462
103, -2.8962940075653023, 4, 49.52644619899911, 386, 52715, 52715, 0.04825650900602341, 2.295616626739502
104, -17.23407474587657, 2, 41.38317562800148, 322, 53037, 53037, 0.04893133044242859, 2.2972278594970703
105, -3.7688502380769933, 4, 49.76593481799864, 388, 53425, 53425, 0.050778262317180634, 2.2982707023620605
106, -2.999881318770349, 4, 49.65222820999952, 387, 53812, 53812, 0.04814092814922333, 2.298696994781494
107, -2.614360657871657, 4, 49.491357222999795, 386, 54198, 54198, 0.047589972615242004, 2.2912230491638184
108, -16.284196397289634, 2, 4.330467922000025, 30, 54228, 54228, 0.055541519075632095, 2.2883763313293457
109, -5.9704009124398, 4, 49.73726207599975, 387, 54615, 54615, 0.05221039801836014, 2.2902839183807373
110, -4.796247745179244, 4, 49.640130492000026, 387, 55002, 55002, 0.055692244321107864, 2.2849743366241455
111, -3.343323772036456, 4, 49.609869858999446, 386, 55388, 55388, 0.05294808745384216, 2.2886173725128174
112, -17.343665869164397, 2, 26.06128094899941, 201, 55589, 55589, 0.0406290739774704, 2.271935224533081
113, -6.816064469163393, 4, 49.96052622199932, 389, 55978, 55978, 0.049101948738098145, 2.2854180335998535
114, -17.290212841297034, 2, 26.680522693000967, 206, 56184, 56184, 0.04725395143032074, 2.274860382080078
115, -3.3542637140562874, 4, 49.481310878998556, 385, 56569, 56569, 0.04972721263766289, 2.2838492393493652
116, -3.2815557481699216, 4, 49.51054875099908, 386, 56955, 56955, 0.05215344578027725, 2.275559186935425
117, -5.548911195248365, 4, 49.56216193799992, 386, 57341, 57341, 0.04819638282060623, 2.278175115585327
118, -5.332281428767601, 4, 49.540954468000564, 386, 57727, 57727, 0.0505460724234581, 2.2778894901275635
119, -2.932204463024391, 4, 49.671762187999775, 387, 58114, 58114, 0.04977789148688316, 2.2704646587371826
120, -5.047513303303276, 4, 49.51960989100007, 386, 58500, 58500, 0.052752505987882614, 2.2839794158935547
121, -5.485850598975958, 4, 49.572936707001645, 386, 58886, 58886, 0.04467363655567169, 2.2789578437805176
122, -3.439894001101493, 4, 49.54710757199973, 386, 59272, 59272, 0.05440271273255348, 2.2774009704589844
123, -5.94091858139609, 4, 49.68022795700017, 387, 59659, 59659, 0.0504678376019001, 2.290008544921875
124, -5.372911740005293, 4, 49.50129187799939, 385, 60044, 60044, 0.04838366433978081, 2.2823047637939453
125, -2.46509670811065, 4, 49.552786924999964, 386, 60430, 60430, 0.046062253415584564, 2.2962019443511963
126, -2.784471314655093, 4, 49.64766032300031, 386, 60816, 60816, 0.049628980457782745, 2.2793197631835938
127, -5.049610383932304, 4, 49.51007061499877, 386, 61202, 61202, 0.04718451574444771, 2.2770445346832275
128, -5.901483907007787, 4, 49.58164132800084, 386, 61588, 61588, 0.04488253593444824, 2.269468069076538
129, -2.486492970434483, 4, 49.56278102499891, 386, 61974, 61974, 0.04863264039158821, 2.2859413623809814
130, -2.2152503114266437, 4, 49.62632777900035, 387, 62361, 62361, 0.05258874595165253, 2.2752909660339355
131, -2.7830507416474575, 4, 49.48878686699936, 385, 62746, 62746, 0.04872100055217743, 2.2640273571014404
132, -2.791524387881509, 4, 49.62911895899924, 386, 63132, 63132, 0.04885893315076828, 2.259305000305176
133, -4.836615095046, 4, 49.52221438900051, 385, 63517, 63517, 0.04791489988565445, 2.263608455657959
134, -2.447459439455997, 4, 49.6809549339996, 386, 63903, 63903, 0.04441920295357704, 2.26127028465271
135, -2.8396718691510614, 4, 49.485218611000164, 385, 64288, 64288, 0.0444406233727932, 2.260708808898926
136, -3.9798031728387286, 4, 49.6093006760002, 386, 64674, 64674, 0.044891856610774994, 2.258657932281494
137, -2.969146271210775, 4, 49.541969335999966, 386, 65060, 65060, 0.04479160159826279, 2.2508318424224854
138, -15.841976495314157, 2, 15.928466570998353, 121, 65181, 65181, 0.04602883756160736, 2.256242036819458
139, -16.069920395962527, 2, 35.36920204600028, 274, 65455, 65455, 0.046846259385347366, 2.2344090938568115
140, -7.845797246649454, 4, 49.35878355800014, 384, 65839, 65839, 0.051624950021505356, 2.248619318008423
141, -3.1025954057913623, 4, 49.64979385799961, 387, 66226, 66226, 0.04191302880644798, 2.265244483947754
142, -2.286275785214457, 4, 49.47142677500051, 385, 66611, 66611, 0.049160923808813095, 2.2437658309936523
143, -0.4415639099897817, 5, 4.3325953260009555, 30, 66641, 66641, 0.04986672103404999, 2.1972556114196777
144, -7.073061282782874, 4, 49.77676304600027, 388, 67029, 67029, 0.052684709429740906, 2.2410309314727783
145, -15.37570330791641, 2, 9.678687865000029, 72, 67101, 67101, 0.04872209578752518, 2.2109344005584717
146, -18.919068531635276, 2, 47.619376760001614, 370, 67471, 67471, 0.04909723252058029, 2.2432103157043457
147, -2.0868354975655166, 4, 49.338857921000454, 384, 67855, 67855, 0.05164727568626404, 2.2240986824035645
148, -16.385015361593105, 2, 4.3350660409996635, 30, 67885, 67885, 0.04397374764084816, 2.2319390773773193
149, -3.3931302246027144, 4, 49.81961304500146, 388, 68273, 68273, 0.053121861070394516, 2.222139596939087
150, -15.894394853356062, 2, 32.38845364400004, 251, 68524, 68524, 0.044581957161426544, 2.2358927726745605
151, -1.9509743701160005, 4, 49.66656128499926, 387, 68911, 68911, 0.04793524742126465, 2.221909999847412
152, -1.9481514340841386, 4, 49.57300142299937, 386, 69297, 69297, 0.05367625877261162, 2.2401890754699707
153, -2.360703680802544, 4, 49.62916943399978, 386, 69683, 69683, 0.04421677812933922, 2.243866205215454
154, -3.9737155021339277, 4, 49.48636538000028, 385, 70068, 70068, 0.04883301630616188, 2.2326784133911133
155, -2.8688020615591086, 4, 49.570868422000785, 385, 70453, 70453, 0.047571539878845215, 2.222914457321167
156, -2.741415607089948, 4, 49.67481887199938, 386, 70839, 70839, 0.05059900879859924, 2.2197983264923096
157, -1.9008584018083639, 4, 49.56526522099921, 386, 71225, 71225, 0.05050279200077057, 2.222027540206909
158, -2.4062962618554593, 4, 49.50586252799985, 385, 71610, 71610, 0.04767771065235138, 2.2206921577453613
159, -17.74344162626221, 2, 33.50920764699913, 259, 71869, 71869, 0.05154704302549362, 2.193956136703491
160, -4.271338868573366, 4, 49.68436081800064, 386, 72255, 72255, 0.05664919316768646, 2.213385820388794
161, -1.2011996436449408, 4, 49.564072512001076, 386, 72641, 72641, 0.050138749182224274, 2.2029473781585693
162, -16.34241444640793, 2, 4.364675265998812, 30, 72671, 72671, 0.06968779116868973, 2.2485785484313965
163, -16.72608181218675, 2, 33.572177174999524, 260, 72931, 72931, 0.05458122491836548, 2.222876787185669
164, -1.8389904172094305, 4, 49.729380995999236, 386, 73317, 73317, 0.05271502956748009, 2.212336301803589
165, -16.870378508487192, 2, 19.714846662000127, 151, 73468, 73468, 0.05520358309149742, 2.213839054107666
166, -3.4257997878048627, 4, 49.33955716299897, 384, 73852, 73852, 0.05053642392158508, 2.215703010559082
167, -16.006864052047604, 2, 4.351908888000253, 30, 73882, 73882, 0.048178113996982574, 2.2529759407043457
168, -1.956925424203746, 4, 49.77406861899908, 387, 74269, 74269, 0.049233853816986084, 2.2158889770507812
169, -4.233765335964563, 4, 49.53478020900002, 385, 74654, 74654, 0.048146165907382965, 2.2193851470947266
170, -17.405727318342088, 2, 36.064994080999895, 279, 74933, 74933, 0.04975050687789917, 2.1810555458068848
171, -3.2180206072573583, 4, 50.01909984300073, 389, 75322, 75322, 0.05512972176074982, 2.204101800918579
172, -8.317309649675735, 4, 49.618665503001466, 386, 75708, 75708, 0.049601953476667404, 2.196033000946045
173, -2.7230507103085984, 4, 49.600264597000205, 386, 76094, 76094, 0.051346905529499054, 2.204080820083618
174, -2.0968397032047505, 4, 49.50880997599961, 385, 76479, 76479, 0.046916570514440536, 2.210373640060425
175, -15.27097949684321, 2, 30.853221826000663, 238, 76717, 76717, 0.0449485257267952, 2.222304344177246
176, -15.58466853882419, 2, 10.865393568999934, 81, 76798, 76798, 0.04019901901483536, 2.2495272159576416
177, -16.541362022049725, 2, 4.334380922000491, 30, 76828, 76828, 0.041414905339479446, 2.2234246730804443
178, -5.3465930039965315, 4, 50.15240573200026, 389, 77217, 77217, 0.04938170686364174, 2.2224948406219482
179, -2.905950871965615, 4, 49.560705447000146, 385, 77602, 77602, 0.05674627050757408, 2.1866273880004883
180, -3.1674568133967114, 4, 49.50296989499839, 384, 77986, 77986, 0.05265025794506073, 2.2000808715820312
181, -8.313193204943673, 4, 49.64054003699857, 385, 78371, 78371, 0.05030610039830208, 2.2302370071411133
182, -1.7831158148183022, 4, 49.56328590399971, 385, 78756, 78756, 0.05174555256962776, 2.2025983333587646
183, -15.673537459886575, 2, 35.770439087998966, 277, 79033, 79033, 0.044045671820640564, 2.2127883434295654
184, -18.70600586901128, 2, 48.26510905699979, 376, 79409, 79409, 0.05073922872543335, 2.1817450523376465
185, -2.0153116634028265, 4, 49.5725248359995, 385, 79794, 79794, 0.05344448238611221, 2.202239513397217
186, -16.253672984195873, 2, 4.334636745999887, 30, 79824, 79824, 0.057554420083761215, 2.16914439201355
187, -5.678122228786378, 4, 49.75593600599859, 386, 80210, 80210, 0.04989046975970268, 2.2089626789093018
188, -4.147238857323828, 4, 49.60671626700059, 384, 80594, 80594, 0.053469184786081314, 2.2069060802459717
189, -18.391682775021764, 2, 44.93993855100052, 349, 80943, 80943, 0.053709108382463455, 2.207502841949463
190, -15.725224049616372, 2, 23.95711669299999, 184, 81127, 81127, 0.04919833317399025, 2.2141029834747314
191, -4.262131677009165, 4, 49.83062764400165, 388, 81515, 81515, 0.0516565665602684, 2.2355308532714844
192, -1.6073263461330498, 4, 49.51385561599818, 385, 81900, 81900, 0.05816854536533356, 2.19851016998291
193, -15.385004618612584, 2, 8.14566578800077, 60, 81960, 81960, 0.052899427711963654, 2.200146198272705
194, -4.263245505086161, 4, 49.978789032997156, 389, 82349, 82349, 0.053286127746105194, 2.212857246398926
195, -16.95001691320067, 2, 32.09681977699802, 247, 82596, 82596, 0.049187492579221725, 2.219421625137329
196, -15.911453891843848, 2, 41.948176623998734, 325, 82921, 82921, 0.059722594916820526, 2.2088842391967773
197, -15.84225161773793, 2, 17.7154702480002, 135, 83056, 83056, 0.06592101603746414, 2.2221531867980957
198, -15.250466626137495, 2, 6.257076362002408, 45, 83101, 83101, 0.03545580431818962, 2.2361538410186768
199, -19.24659712670109, 2, 49.51444102199821, 383, 83484, 83484, 0.052522212266922, 2.196471929550171
200, -2.8762274703467483, 4, 49.66837708099774, 386, 83870, 83870, 0.05040018633008003, 2.229816436767578
201, -3.6179091770973173, 4, 49.63165987999673, 386, 84256, 84256, 0.05665840208530426, 2.2126364707946777
202, -3.527305717492709, 4, 49.57399462600006, 384, 84640, 84640, 0.048206210136413574, 2.2173733711242676
203, -16.2820964904804, 2, 38.71929391700178, 300, 84940, 84940, 0.056493714451789856, 2.234853506088257
204, -3.0820013153677337, 4, 49.41015411399712, 384, 85324, 85324, 0.058069903403520584, 2.229306936264038
205, -16.234665009658784, 2, 4.359363257997757, 30, 85354, 85354, 0.05095881596207619, 2.2816097736358643
206, -5.244110038373037, 4, 49.68829041400022, 386, 85740, 85740, 0.05258312448859215, 2.2076776027679443
207, -16.73801339417696, 2, 4.334612229999038, 30, 85770, 85770, 0.05167620629072189, 2.2232606410980225
208, -16.493168047561994, 2, 43.303831145000004, 336, 86106, 86106, 0.05068644881248474, 2.226888656616211
209, -6.072734129993478, 4, 50.09083698599716, 390, 86496, 86496, 0.05301611125469208, 2.232058525085449
210, -4.171282011724543, 4, 49.56324104799933, 385, 86881, 86881, 0.04639434814453125, 2.225478172302246
211, -3.1689452746722964, 4, 49.59398418800265, 385, 87266, 87266, 0.05915527790784836, 2.19642972946167
212, -15.969169041018176, 2, 24.240955909997865, 186, 87452, 87452, 0.055810414254665375, 2.235208511352539
213, -2.5090371277419763, 4, 49.786769260001165, 386, 87838, 87838, 0.04918043687939644, 2.229647636413574
214, -2.549896972852366, 4, 49.53577732899794, 385, 88223, 88223, 0.05927906185388565, 2.208226203918457
215, -16.40174779943783, 2, 22.863309967000532, 175, 88398, 88398, 0.05661924183368683, 2.214789867401123
216, -3.483513783714443, 4, 50.32382659799987, 391, 88789, 88789, 0.049035996198654175, 2.251953363418579
217, -6.409039144782582, 4, 49.49689276400022, 384, 89173, 89173, 0.05444047972559929, 2.2251884937286377
218, -7.3673378869498265, 4, 49.6226624789997, 384, 89557, 89557, 0.04791988804936409, 2.227543592453003
219, -18.8108282661633, 2, 45.50530228400021, 353, 89910, 89910, 0.049194179475307465, 2.227437734603882
220, -16.634607172571123, 2, 4.348792677999882, 30, 89940, 89940, 0.04410781338810921, 2.2703733444213867
221, -5.781200681965856, 4, 49.82750102900172, 387, 90327, 90327, 0.05782713741064072, 2.239590644836426
222, -16.37952325711376, 2, 18.19604806999996, 139, 90466, 90466, 0.052424464374780655, 2.2493913173675537
223, -4.81356727407092, 4, 49.898734992002574, 388, 90854, 90854, 0.048080217093229294, 2.2468838691711426
224, -2.7150959253121982, 4, 49.56112635500176, 384, 91238, 91238, 0.04737159609794617, 2.2537338733673096
225, -16.40317314089043, 2, 4.349923426001624, 30, 91268, 91268, 0.052926138043403625, 2.206743001937866
226, -5.7666398776491405, 4, 49.70611393500076, 386, 91654, 91654, 0.04895084351301193, 2.234588384628296
227, -7.650301216315711, 4, 49.635037414998806, 385, 92039, 92039, 0.05509866029024124, 2.2348804473876953
228, -5.116156801086618, 4, 49.5627636140016, 384, 92423, 92423, 0.05594231188297272, 2.2235920429229736
229, -15.847177773299336, 2, 24.753074094998738, 190, 92613, 92613, 0.061087749898433685, 2.2121336460113525
230, -7.3235583322821185, 4, 50.3396535139982, 390, 93003, 93003, 0.050154637545347214, 2.2694895267486572
231, -17.084244583034888, 2, 27.56108696099909, 212, 93215, 93215, 0.050711892545223236, 2.272246837615967
232, -17.329262746112363, 2, 27.082428218000132, 208, 93423, 93423, 0.04696440324187279, 2.2628936767578125
233, -5.091895700005352, 4, 50.02016357899993, 388, 93811, 93811, 0.047541677951812744, 2.2668862342834473
234, -2.480597044719616, 4, 49.55166500699852, 384, 94195, 94195, 0.04690471291542053, 2.272841453552246
235, -4.6439667745435145, 4, 49.5894988580003, 385, 94580, 94580, 0.05264716222882271, 2.264298439025879
236, -19.128917857655324, 2, 48.88134338199961, 379, 94959, 94959, 0.0531095527112484, 2.2737154960632324
237, -6.6427486865432, 4, 50.18557082700136, 389, 95348, 95348, 0.048975422978401184, 2.2738595008850098
238, -17.648102158807887, 2, 38.63544267799807, 299, 95647, 95647, 0.0459473617374897, 2.2868828773498535
239, -17.449448262625992, 2, 33.05179030200088, 255, 95902, 95902, 0.04092411696910858, 2.282548427581787
240, -15.38460914829193, 2, 10.030965033001848, 75, 95977, 95977, 0.06640654057264328, 2.2506473064422607
241, -6.877985693987284, 4, 49.489824725998915, 384, 96361, 96361, 0.052080292254686356, 2.258033514022827
242, -19.16695953035378, 2, 29.727677949998906, 229, 96590, 96590, 0.04950229451060295, 2.253481149673462
243, -1.9645302118151449, 4, 49.362127794000116, 383, 96973, 96973, 0.05290137976408005, 2.281261444091797
244, -17.30612829002348, 2, 24.995508132000396, 192, 97165, 97165, 0.048806335777044296, 2.281024694442749
245, -17.424123857330414, 2, 21.242498922001687, 162, 97327, 97327, 0.046985991299152374, 2.3070781230926514
246, -2.1704541119852365, 4, 49.47729667599924, 384, 97711, 97711, 0.059988413006067276, 2.2784628868103027
247, -8.722061006817967, 4, 49.57321813999806, 384, 98095, 98095, 0.044809143990278244, 2.283829927444458
248, -18.41469079538365, 2, 22.208446681997884, 170, 98265, 98265, 0.04485566169023514, 2.282902240753174
249, -5.633454758673906, 4, 49.882700496000325, 387, 98652, 98652, 0.053936176002025604, 2.2783567905426025
250, -18.884185931228785, 2, 48.118412915999215, 373, 99025, 99025, 0.049532514065504074, 2.257728338241577
251, -2.3182790446389845, 4, 49.96942140300234, 387, 99412, 99412, 0.050557296723127365, 2.2629239559173584
252, -6.535704074109162, 4, 49.65142730699881, 384, 99796, 99796, 0.05529152229428291, 2.2974884510040283
253, -5.071138282815809, 4, 49.52838618000169, 384, 100180, 100180, 0.046079013496637344, 2.278416872024536
254, -2.4372653246609843, 4, 49.61857693099955, 385, 100565, 100565, 0.04848957434296608, 2.294015645980835
255, -15.759042031102581, 2, 13.707317268999759, 103, 100668, 100668, 0.05682707205414772, 2.300736904144287
256, -2.9459510736232914, 4, 49.39812470800098, 383, 101051, 101051, 0.05253143981099129, 2.2984886169433594
257, -16.403162954724394, 2, 4.32705660099964, 30, 101081, 101081, 0.04150315374135971, 2.338146686553955
258, -6.0115943505079485, 4, 49.74787247900167, 386, 101467, 101467, 0.05044680833816528, 2.2884185314178467
259, -3.156920300833008, 4, 49.5070050989998, 384, 101851, 101851, 0.04730220139026642, 2.286783456802368
260, -3.443544437421224, 4, 49.57682409100016, 385, 102236, 102236, 0.05449699983000755, 2.30769681930542
261, -3.121305983837374, 4, 49.58079503499903, 385, 102621, 102621, 0.046805448830127716, 2.263319253921509
262, -17.841965695959516, 2, 30.133475303002342, 232, 102853, 102853, 0.05062196031212807, 2.2858734130859375
263, -17.866321004686142, 2, 23.82184506900012, 182, 103035, 103035, 0.047703396528959274, 2.3069608211517334
264, -6.111585280366853, 4, 49.66289686899836, 385, 103420, 103420, 0.05019080266356468, 2.3153324127197266
265, -16.852092513028765, 2, 28.831480505999934, 222, 103642, 103642, 0.046507079154253006, 2.3164515495300293
266, -4.894394009279495, 4, 49.32964532599726, 383, 104025, 104025, 0.04214264824986458, 2.327868700027466
267, -9.605599215727125, 4, 49.60253632600143, 384, 104409, 104409, 0.04405580833554268, 2.2912778854370117
268, -15.996185173789854, 2, 16.97080595800071, 129, 104538, 104538, 0.04997692257165909, 2.31198787689209
269, -6.729880713013699, 4, 50.111031612999795, 388, 104926, 104926, 0.05202209949493408, 2.3162012100219727
270, -2.266966457151284, 4, 49.6228904999989, 385, 105311, 105311, 0.04977959021925926, 2.319854736328125
271, -6.043412070517661, 4, 49.58378230199742, 384, 105695, 105695, 0.04737243056297302, 2.3241851329803467
272, -2.5849524558288977, 4, 49.47397093099789, 384, 106079, 106079, 0.04791361466050148, 2.3175559043884277
273, -2.559247510151181, 4, 49.661517382002785, 386, 106465, 106465, 0.0460585355758667, 2.33677077293396
274, -2.6003741921682533, 4, 49.53843024999878, 383, 106848, 106848, 0.04662710800766945, 2.3285417556762695
275, -2.4975217563705883, 4, 49.52729356100099, 384, 107232, 107232, 0.05021314695477486, 2.326883554458618
276, -15.395774631506356, 2, 6.6370647580006334, 48, 107280, 107280, 0.056970734149217606, 2.353499174118042
277, -2.582017578781233, 4, 49.41982707900024, 383, 107663, 107663, 0.05062131583690643, 2.322686195373535
278, -16.810770292955567, 2, 21.81803752000269, 167, 107830, 107830, 0.05529817193746567, 2.334807872772217
279, -3.3486149017116986, 4, 49.400821360999544, 383, 108213, 108213, 0.043815728276968, 2.3483355045318604
280, -16.28161949148489, 2, 28.888855519999197, 222, 108435, 108435, 0.04322849214076996, 2.3386776447296143
281, -18.53619114565663, 2, 40.82318163200034, 316, 108751, 108751, 0.0443563312292099, 2.3354122638702393
282, -3.873899512400385, 4, 49.89448240699858, 387, 109138, 109138, 0.04821117967367172, 2.3302712440490723
283, -16.186896578486994, 2, 29.619416428999102, 228, 109366, 109366, 0.048023972660303116, 2.3606197834014893
284, -15.591358049704468, 2, 9.609400326000468, 71, 109437, 109437, 0.035963304340839386, 2.3594954013824463
285, -15.52824100710859, 2, 7.03159151699947, 51, 109488, 109488, 0.05720432475209236, 2.369839906692505
286, -19.03649190395663, 2, 48.99643210499926, 379, 109867, 109867, 0.051244206726551056, 2.328848123550415
287, -2.94434438098142, 4, 49.4792162929989, 383, 110250, 110250, 0.048170045018196106, 2.3453736305236816
288, -5.418478236572355, 4, 49.54945876199781, 384, 110634, 110634, 0.046595048159360886, 2.364736795425415
289, -17.031916843552608, 2, 21.7915909809999, 167, 110801, 110801, 0.03949403390288353, 2.3560619354248047
290, -16.311520209499577, 2, 17.77695591000156, 135, 110936, 110936, 0.04544924572110176, 2.3414769172668457
291, -2.132924853329314, 4, 50.05028221400062, 388, 111324, 111324, 0.04844382405281067, 2.3664965629577637
292, -5.678255228733178, 4, 49.650063035998755, 385, 111709, 111709, 0.04642324149608612, 2.3555753231048584
293, -4.679162914425433, 4, 49.467228098001215, 383, 112092, 112092, 0.05318957567214966, 2.344273567199707
294, -4.392323774754914, 4, 49.60480408500007, 384, 112476, 112476, 0.049709588289260864, 2.357161283493042
295, -1.9025655153527623, 4, 49.588879998002085, 384, 112860, 112860, 0.04605118930339813, 2.367619276046753
296, -3.094190550655185, 4, 49.604191352998896, 384, 113244, 113244, 0.05215403810143471, 2.352782964706421
297, -5.4654039391755305, 4, 49.568157859001076, 384, 113628, 113628, 0.046398576349020004, 2.3664724826812744
298, -16.45116692146985, 2, 4.363080312003149, 30, 113658, 113658, 0.043727852404117584, 2.403564929962158
299, -2.2940991178679724, 4, 49.703248159003124, 385, 114043, 114043, 0.04909069463610649, 2.362483263015747
300, -2.8623021900893946, 4, 49.6118056469968, 384, 114427, 114427, 0.04811578989028931, 2.375823974609375
301, -1.6554437363993202, 4, 49.53831659700154, 383, 114810, 114810, 0.041844628751277924, 2.3645083904266357
302, -2.6163952213464654, 4, 49.57584104900161, 383, 115193, 115193, 0.046992987394332886, 2.366457462310791
303, -6.067328739976801, 4, 49.50154658499741, 384, 115577, 115577, 0.043429240584373474, 2.371412992477417
304, -6.682105125015369, 4, 49.64743586899931, 384, 115961, 115961, 0.04350355640053749, 2.368147611618042
305, -2.52212369179324, 4, 49.58178903099906, 384, 116345, 116345, 0.045518726110458374, 2.3730199337005615
306, -7.585638016100347, 4, 49.58901509200223, 384, 116729, 116729, 0.03965572267770767, 2.388247489929199
307, -3.6760866294353036, 4, 49.47281664299953, 382, 117111, 117111, 0.04385630041360855, 2.3807430267333984
308, -2.492815109219009, 4, 49.667972439998266, 384, 117495, 117495, 0.04722258448600769, 2.3742740154266357
309, -5.570896484598052, 4, 49.57856172399988, 384, 117879, 117879, 0.04820939898490906, 2.3699376583099365
310, -3.8698805081767205, 4, 49.568651096000394, 383, 118262, 118262, 0.0454271174967289, 2.3676962852478027
311, -3.6452106752985856, 4, 49.57792754800175, 384, 118646, 118646, 0.0459941029548645, 2.3949077129364014
312, -2.1256132101643743, 4, 49.49724510299711, 383, 119029, 119029, 0.04600963741540909, 2.370537042617798
313, -4.6281900004833005, 4, 49.605532146997575, 384, 119413, 119413, 0.04770892485976219, 2.384232997894287
314, -2.7011769200180424, 4, 49.62540802199874, 384, 119797, 119797, 0.05106770619750023, 2.38179612159729
315, -2.0439499322819756, 4, 49.502134414000466, 383, 120180, 120180, 0.042998138815164566, 2.3759913444519043
316, -1.6439604744082317, 4, 49.55492131099891, 384, 120564, 120564, 0.04447104409337044, 2.399168014526367
317, -6.652025109787246, 4, 49.6724278239999, 384, 120948, 120948, 0.038616374135017395, 2.4109127521514893
318, -9.95112575328676, 4, 49.51296603499941, 384, 121332, 121332, 0.04274037107825279, 2.386331081390381
319, -18.755578772521403, 2, 45.08326863200273, 348, 121680, 121680, 0.04394589737057686, 2.417064666748047
320, -4.224221710308484, 4, 50.050019673999486, 386, 122066, 122066, 0.04251464828848839, 2.4069900512695312
321, -7.953579859808087, 4, 49.55298027200115, 384, 122450, 122450, 0.046798836439847946, 2.397031545639038
322, -16.215185333319823, 2, 13.415425244002108, 101, 122551, 122551, 0.03788825869560242, 2.4330849647521973
323, -2.5049167559554917, 4, 49.66180692399939, 385, 122936, 122936, 0.046521782875061035, 2.4094455242156982
324, -2.7484835925715743, 4, 49.61696310999832, 384, 123320, 123320, 0.045423638075590134, 2.4146783351898193
325, -16.749970271177517, 2, 47.83921483499944, 371, 123691, 123691, 0.0426219180226326, 2.399212598800659
326, -16.599059836938977, 2, 4.358830336997926, 30, 123721, 123721, 0.025418726727366447, 2.4147157669067383
327, -6.938805595589656, 4, 49.40800533899892, 383, 124104, 124104, 0.04090731963515282, 2.4063658714294434
328, -4.47107063610747, 4, 49.58670122800322, 385, 124489, 124489, 0.04301983118057251, 2.425156354904175
329, -5.270161760894553, 4, 49.63996959200085, 385, 124874, 124874, 0.04002273082733154, 2.4317567348480225
330, -2.1547459299144975, 4, 49.56229811099911, 383, 125257, 125257, 0.04381665959954262, 2.4317808151245117
331, -3.5254589067408233, 4, 49.56396684200081, 384, 125641, 125641, 0.04153523966670036, 2.4094550609588623
332, -1.89682733695372, 4, 49.550156227000116, 384, 126025, 126025, 0.03965501859784126, 2.435323476791382
333, -7.501958209416443, 4, 49.62138647300162, 384, 126409, 126409, 0.04278622567653656, 2.4223527908325195
334, -4.9173998258766005, 4, 49.57935223799723, 384, 126793, 126793, 0.04912874475121498, 2.4409611225128174
335, -4.938834359491011, 4, 49.53318455000044, 384, 127177, 127177, 0.04329201206564903, 2.4534828662872314
336, -15.441630511664698, 2, 12.8364537760026, 96, 127273, 127273, 0.03835590183734894, 2.4589171409606934
337, -1.8032802865172926, 4, 50.1864390289993, 389, 127662, 127662, 0.042030997574329376, 2.4468002319335938
338, -4.804099186818348, 4, 49.59295231299984, 385, 128047, 128047, 0.0422588586807251, 2.437443494796753
339, -1.9964268111966703, 4, 49.53992477900101, 383, 128430, 128430, 0.04288272559642792, 2.458507776260376
340, -1.9276728174609161, 4, 49.62750633199903, 385, 128815, 128815, 0.043195854872465134, 2.4473516941070557
341, -1.9976574824795534, 4, 49.56608802499977, 384, 129199, 129199, 0.04208013787865639, 2.461677074432373
342, -2.6794980472968746, 4, 49.573824720999255, 384, 129583, 129583, 0.044683363288640976, 2.449643850326538
343, -4.620181960694026, 4, 49.516416791000665, 383, 129966, 129966, 0.04519721120595932, 2.460508108139038
344, -3.905274248900241, 4, 49.641780164998636, 384, 130350, 130350, 0.04435352608561516, 2.472954034805298
345, -5.050514560906777, 4, 49.588128725998104, 385, 130735, 130735, 0.04242299124598503, 2.460784435272217
346, -16.747793049769825, 2, 36.489055650999944, 282, 131017, 131017, 0.04667051509022713, 2.4554595947265625
347, -2.960904922834743, 4, 49.56263229700198, 383, 131400, 131400, 0.04940237104892731, 2.464357614517212
348, -15.314273373922333, 2, 6.8009611679990485, 49, 131449, 131449, 0.04936457797884941, 2.4675469398498535
349, -1.8186715934737094, 4, 50.37313977699887, 390, 131839, 131839, 0.03933294117450714, 2.464020252227783
350, -5.764130888041109, 4, 49.51621210800295, 384, 132223, 132223, 0.045418497174978256, 2.4612181186676025
351, -4.9530923233596695, 4, 49.55360419999852, 384, 132607, 132607, 0.046454668045043945, 2.469186544418335
352, -8.376712284996756, 4, 49.55918233799821, 383, 132990, 132990, 0.04069529101252556, 2.4754843711853027
353, -1.577221744571716, 4, 49.55402988199785, 384, 133374, 133374, 0.043927405029535294, 2.4781978130340576
354, -16.71251869283151, 2, 16.83191713999986, 128, 133502, 133502, 0.04551910236477852, 2.4813501834869385
355, -2.241352131554777, 4, 50.23868758400204, 389, 133891, 133891, 0.045753832906484604, 2.487539768218994
356, -17.56011274496268, 2, 18.92428074000054, 144, 134035, 134035, 0.05106217786669731, 2.4875528812408447
357, -15.561969854374183, 2, 6.0117336719995365, 43, 134078, 134078, 0.04227999597787857, 2.4724338054656982
358, -4.550629758290597, 4, 49.79443071499918, 386, 134464, 134464, 0.04373358190059662, 2.4936130046844482
359, -2.367165826870405, 4, 49.51656451300005, 383, 134847, 134847, 0.0446043387055397, 2.4780242443084717
360, -2.0156256848495104, 4, 49.4991923009984, 382, 135229, 135229, 0.042140521109104156, 2.490935802459717
361, -6.825446561764693, 4, 49.61972360800064, 384, 135613, 135613, 0.04242345690727234, 2.473454475402832
362, -15.914600189040357, 2, 9.468337813003018, 70, 135683, 135683, 0.037825848907232285, 2.494523525238037
363, -2.231956614416049, 4, 49.65188984800261, 384, 136067, 136067, 0.04314708709716797, 2.4954850673675537
364, -15.009460037472309, 2, 15.674408211998525, 118, 136185, 136185, 0.04717652499675751, 2.5031180381774902
365, -2.700997826233106, 4, 49.3844747080002, 382, 136567, 136567, 0.046883467584848404, 2.494433879852295
366, -16.53600086438928, 2, 37.87014295300105, 292, 136859, 136859, 0.04485175758600235, 2.4876208305358887
367, -16.574362497776747, 2, 4.3725698349990125, 30, 136889, 136889, 0.03862324729561806, 2.4907634258270264
368, -1.5779495329297788, 4, 49.37706615299976, 382, 137271, 137271, 0.041732095181941986, 2.5072996616363525
369, -19.873755324122612, 2, 47.17169843800002, 365, 137636, 137636, 0.04738213121891022, 2.5047590732574463
370, -17.023835518295527, 2, 19.291309619002277, 147, 137783, 137783, 0.04926617071032524, 2.507025957107544
371, -18.371436832982, 2, 36.111004181999306, 278, 138061, 138061, 0.04722951725125313, 2.4986753463745117
372, -1.406173421275298, 4, 49.720086076998996, 384, 138445, 138445, 0.04647799953818321, 2.5009348392486572
373, -15.730440724571423, 2, 26.059233698000753, 200, 138645, 138645, 0.039422500878572464, 2.517613172531128
374, -15.470094418311419, 2, 24.510970486000588, 188, 138833, 138833, 0.044236354529857635, 2.498599052429199
375, -2.3991064283181913, 4, 49.97475879199919, 388, 139221, 139221, 0.044750526547431946, 2.5052921772003174
376, -1.3389104711104665, 4, 49.56828377799684, 384, 139605, 139605, 0.04431019723415375, 2.499894857406616
377, -1.3126587160695635, 4, 49.676645232997544, 385, 139990, 139990, 0.0415940061211586, 2.498594045639038
378, -18.959054888953688, 2, 32.24828388699825, 248, 140238, 140238, 0.04273274540901184, 2.5144238471984863
379, -1.3925587914818607, 4, 49.76710082199861, 385, 140623, 140623, 0.04284771531820297, 2.49457049369812
380, -5.656124626650126, 4, 49.61649401300019, 383, 141006, 141006, 0.039860572665929794, 2.520944356918335
381, -1.660509040189936, 4, 49.54679295100141, 384, 141390, 141390, 0.046776410192251205, 2.526569128036499
382, -2.2489501252748596, 4, 49.653280025999265, 385, 141775, 141775, 0.0418514646589756, 2.514660596847534
383, -16.399116640340253, 2, 40.50160079499983, 312, 142087, 142087, 0.04834805801510811, 2.521984100341797
384, -5.69170230886084, 4, 49.60577873500006, 383, 142470, 142470, 0.04813862964510918, 2.5233733654022217
385, -1.9784361225274552, 4, 49.530744034000236, 383, 142853, 142853, 0.043048594146966934, 2.528062582015991
386, -17.911972242588035, 2, 24.57843356399826, 188, 143041, 143041, 0.044649388641119, 2.5393495559692383
387, -3.11839731402506, 4, 49.48094051099906, 383, 143424, 143424, 0.044976819306612015, 2.522881269454956
388, -16.355565271205705, 2, 38.87192504199993, 299, 143723, 143723, 0.04433658346533775, 2.533609390258789
389, -1.9767190135644341, 4, 50.320119014999364, 389, 144112, 144112, 0.044855330139398575, 2.5301671028137207
390, -16.82726208256645, 2, 20.217087445998914, 154, 144266, 144266, 0.046379998326301575, 2.5342578887939453
391, -6.659996213988052, 4, 49.956994395997754, 387, 144653, 144653, 0.04047554358839989, 2.548588991165161
392, -2.9248448643327265, 4, 49.53514445499968, 383, 145036, 145036, 0.04180406779050827, 2.54024600982666
393, -16.5177543470636, 2, 4.383335653998074, 30, 145066, 145066, 0.053987517952919006, 2.5522165298461914
394, -1.8497595219914729, 4, 49.71228425699883, 385, 145451, 145451, 0.04653981328010559, 2.5418450832366943
395, -1.549845919303607, 4, 49.593564651000634, 384, 145835, 145835, 0.04292643442749977, 2.534304618835449
396, -1.9777639109925076, 4, 49.524796483998216, 383, 146218, 146218, 0.04505046084523201, 2.542187213897705
397, -1.9198452140444715, 4, 49.53552257499905, 383, 146601, 146601, 0.047200463712215424, 2.538231611251831
398, -2.116767334857286, 4, 49.551191839997045, 383, 146984, 146984, 0.042418498545885086, 2.572943687438965
399, -2.8936186874889245, 4, 49.58003477300008, 383, 147367, 147367, 0.04612954705953598, 2.569056749343872
400, -3.9503040508716367, 4, 49.656752848000906, 384, 147751, 147751, 0.041791316121816635, 2.5597007274627686
401, -1.4491693610837046, 4, 49.51191420199757, 383, 148134, 148134, 0.045673444867134094, 2.559039354324341
402, -1.9203256321106892, 4, 49.58217343800061, 383, 148517, 148517, 0.04429320618510246, 2.5627996921539307
403, -1.2774773944183835, 4, 49.6351614669984, 383, 148900, 148900, 0.04534855857491493, 2.564345121383667
404, -2.2820975385677116, 4, 49.571008581999195, 383, 149283, 149283, 0.04692043364048004, 2.572300434112549
405, -2.2471477160997892, 4, 49.49053236299733, 382, 149665, 149665, 0.040790848433971405, 2.5857601165771484
406, -2.895755273861141, 4, 49.621823573001166, 384, 150049, 150049, 0.04712343215942383, 2.567344903945923
407, -2.451619484665571, 4, 49.512299851001444, 382, 150431, 150431, 0.04499022662639618, 2.574078321456909
408, -1.82056944613214, 4, 49.550153046999185, 382, 150813, 150813, 0.048153892159461975, 2.5907421112060547
409, -3.275032438654307, 4, 49.63649414400061, 384, 151197, 151197, 0.046429723501205444, 2.5862998962402344
410, -2.128884081555043, 4, 49.51171032400089, 383, 151580, 151580, 0.04097723960876465, 2.591108798980713
411, -1.8485139845397498, 4, 49.67658484200001, 384, 151964, 151964, 0.042050763964653015, 2.5967600345611572
412, -2.312290072972246, 4, 49.52888434999841, 383, 152347, 152347, 0.04744035378098488, 2.6062445640563965
413, -16.56320090723011, 2, 30.414636072000576, 233, 152580, 152580, 0.03998425602912903, 2.592164993286133
414, -2.8602621696409187, 4, 49.69588313599888, 384, 152964, 152964, 0.046124693006277084, 2.6007187366485596
415, -1.833616390973475, 4, 49.56809950999741, 383, 153347, 153347, 0.05422113090753555, 2.6010372638702393
416, -2.1444111759622047, 4, 49.63552946100026, 383, 153730, 153730, 0.044784728437662125, 2.6022775173187256
417, -3.327068118349416, 4, 49.54297216199848, 383, 154113, 154113, 0.04240136593580246, 2.616969108581543
418, -19.711575906694634, 2, 39.430445865000365, 304, 154417, 154417, 0.038743339478969574, 2.607494354248047
419, -2.837895678836503, 4, 49.637302406001254, 384, 154801, 154801, 0.045965466648340225, 2.6099841594696045
420, -17.05541822060968, 2, 46.67095745100232, 360, 155161, 155161, 0.046674828976392746, 2.6225674152374268
421, -7.54677977351821, 4, 49.44761786900199, 382, 155543, 155543, 0.04508424550294876, 2.6242480278015137
422, -4.336136748879653, 4, 49.699630923998484, 384, 155927, 155927, 0.049366313964128494, 2.640507459640503
423, -3.042266799259778, 4, 49.56083827299881, 382, 156309, 156309, 0.04922493174672127, 2.635871171951294
424, -6.607467358022404, 4, 49.45693264399961, 381, 156690, 156690, 0.05006081238389015, 2.637235641479492
425, -1.7718677086140815, 4, 49.638120159997925, 384, 157074, 157074, 0.04729185625910759, 2.64298415184021
426, -6.5063018972141435, 4, 49.55388724899967, 382, 157456, 157456, 0.04702434316277504, 2.637195110321045
427, -2.466965577845258, 4, 49.569634670002415, 382, 157838, 157838, 0.04369569569826126, 2.6350371837615967
428, -2.2331832656363986, 4, 49.55334155500168, 382, 158220, 158220, 0.045290496200323105, 2.650784969329834
429, -4.425435231503798, 4, 49.6304796450022, 383, 158603, 158603, 0.04626619070768356, 2.6572277545928955
430, -2.70154948830168, 4, 49.559539882000536, 382, 158985, 158985, 0.049752864986658096, 2.6421351432800293
431, -2.219028254963632, 4, 49.540151915000024, 381, 159366, 159366, 0.04376506060361862, 2.65740704536438
432, -2.668156434490811, 4, 49.6002960720034, 383, 159749, 159749, 0.049410074949264526, 2.653393507003784
433, -1.770122239853663, 4, 49.535916446002375, 382, 160131, 160131, 0.04966217651963234, 2.6502158641815186
434, -6.949536573607475, 4, 49.658768104000046, 383, 160514, 160514, 0.04255075007677078, 2.667463779449463
435, -5.196580113160962, 4, 49.502520289999666, 382, 160896, 160896, 0.0453643798828125, 2.6601011753082275
436, -5.339686103354325, 4, 49.54492764799943, 383, 161279, 161279, 0.044471148401498795, 2.671048164367676
437, -2.2010454562123414, 4, 49.56353370800207, 382, 161661, 161661, 0.05061250552535057, 2.674759864807129
438, -1.9880168206345843, 4, 49.59469949800041, 383, 162044, 162044, 0.0474671795964241, 2.667712926864624
439, -16.44901643227786, 2, 4.36055952499737, 30, 162074, 162074, 0.028644144535064697, 2.6582536697387695
440, -4.0201361244908185, 4, 49.67647728900192, 383, 162457, 162457, 0.050051189959049225, 2.671376943588257
441, -5.37072444712976, 4, 49.5988912899993, 383, 162840, 162840, 0.044505730271339417, 2.680119752883911
442, -2.0139842723147012, 4, 49.55809588299962, 383, 163223, 163223, 0.047683361917734146, 2.6683712005615234
443, -5.97188589070538, 4, 49.6686838429996, 383, 163606, 163606, 0.04971123859286308, 2.673095703125
444, -4.099350257383776, 4, 49.549798068997916, 383, 163989, 163989, 0.0483904667198658, 2.6811366081237793
445, -1.7479845324560301, 4, 49.5904119140032, 382, 164371, 164371, 0.04684915766119957, 2.6816537380218506
446, -3.101512299943124, 4, 49.542354160003015, 383, 164754, 164754, 0.04448332265019417, 2.6824920177459717
447, -2.51287609371866, 4, 49.53238453400263, 383, 165137, 165137, 0.0499877966940403, 2.6791112422943115
448, -4.97720880273846, 4, 49.659445442001015, 383, 165520, 165520, 0.045322317630052567, 2.6945009231567383
449, -17.025978562007367, 2, 35.8952858699995, 276, 165796, 165796, 0.04849473387002945, 2.6949868202209473
450, -20.57600650663153, 2, 38.37447258999964, 295, 166091, 166091, 0.048831742256879807, 2.714254379272461
451, -3.576787752841483, 4, 49.359408915999666, 381, 166472, 166472, 0.05019260570406914, 2.6980819702148438
452, -3.784674097529205, 4, 49.59479861100044, 383, 166855, 166855, 0.04906228184700012, 2.707968235015869
453, -4.511134123720694, 4, 49.54829334800161, 382, 167237, 167237, 0.04894280061125755, 2.7055389881134033
454, -5.503707265335834, 4, 49.62971002399718, 383, 167620, 167620, 0.048480864614248276, 2.712326765060425
455, -4.299228051866521, 4, 49.490364297998894, 382, 168002, 168002, 0.044655002653598785, 2.705095052719116
456, -6.649874499591533, 4, 49.5533409890013, 382, 168384, 168384, 0.049599986523389816, 2.7265617847442627
457, -17.00276311900234, 2, 27.4039124109986, 209, 168593, 168593, 0.04685327038168907, 2.7167880535125732
458, -16.659770521335304, 2, 4.376422640001692, 30, 168623, 168623, 0.04229922965168953, 2.714919090270996
459, -1.7852925704873996, 4, 49.944649820998166, 385, 169008, 169008, 0.044209204614162445, 2.727407693862915
460, -8.16067490680507, 4, 49.586651018998964, 383, 169391, 169391, 0.048745132982730865, 2.7405264377593994
461, -5.222460945195053, 4, 49.57930327199938, 382, 169773, 169773, 0.05165179446339607, 2.7277965545654297
462, -15.564132134168176, 2, 6.817896862001362, 49, 169822, 169822, 0.04843834042549133, 2.7075490951538086
463, -2.4588410194032804, 4, 50.14874656000029, 387, 170209, 170209, 0.04793534800410271, 2.7263190746307373
464, -1.77909957668453, 4, 49.65142815099898, 382, 170591, 170591, 0.0491507463157177, 2.738408088684082
465, -3.91808141331785, 4, 49.54222922600093, 382, 170973, 170973, 0.04984719306230545, 2.750239372253418
466, -1.8243084677978914, 4, 49.5240673729968, 381, 171354, 171354, 0.048363007605075836, 2.7395336627960205
467, -2.701982566260085, 4, 49.69662243100174, 383, 171737, 171737, 0.04849057272076607, 2.7572436332702637
468, -2.957846669335595, 4, 49.55065101699802, 381, 172118, 172118, 0.04722217097878456, 2.727048873901367
469, -1.8440297380620905, 4, 49.48618368800089, 382, 172500, 172500, 0.04812747985124588, 2.750227928161621
470, -1.6641312318351993, 4, 49.61279547399681, 382, 172882, 172882, 0.049745045602321625, 2.7591593265533447
471, -2.806807772802131, 4, 49.543437258002086, 382, 173264, 173264, 0.0502915121614933, 2.767261028289795
472, -2.429674600287399, 4, 49.61745778800105, 383, 173647, 173647, 0.046357862651348114, 2.772606372833252
473, -2.3262172817849205, 4, 49.57418903600046, 382, 174029, 174029, 0.045928943902254105, 2.761068820953369
474, -4.77077824898879, 4, 49.544809924998845, 382, 174411, 174411, 0.05007652938365936, 2.747133255004883
475, -4.829667208185128, 4, 49.583835745001124, 383, 174794, 174794, 0.04771246388554573, 2.7536277770996094
476, -2.7701767572170866, 4, 49.630097635999846, 383, 175177, 175177, 0.04800356924533844, 2.756725311279297
477, -3.352076893483172, 4, 49.46065443900079, 382, 175559, 175559, 0.044768333435058594, 2.756460428237915
478, -1.3178029563050586, 4, 49.71527028800119, 383, 175942, 175942, 0.049215011298656464, 2.766062021255493
479, -8.299325865504215, 4, 49.49484034299894, 381, 176323, 176323, 0.04984072595834732, 2.7692627906799316
480, -2.23965445416934, 4, 49.529608741999255, 382, 176705, 176705, 0.04831322655081749, 2.7709226608276367
481, -2.5403877824155643, 4, 49.60008273499989, 383, 177088, 177088, 0.04785130172967911, 2.762115001678467
482, -2.844043688819511, 4, 49.60215423899717, 382, 177470, 177470, 0.046670109033584595, 2.7767069339752197
483, -2.2414249135363207, 4, 49.55098087599981, 382, 177852, 177852, 0.04653722420334816, 2.759693145751953
484, -2.321328353249555, 4, 49.65477732100044, 383, 178235, 178235, 0.047988392412662506, 2.7543740272521973
485, -1.545692697447521, 4, 49.47471266499997, 382, 178617, 178617, 0.04683784022927284, 2.778815269470215
486, -1.7864714470215404, 4, 49.66279976599981, 382, 178999, 178999, 0.04377048462629318, 2.773460865020752
487, -2.947416328055013, 4, 49.520093623999855, 381, 179380, 179380, 0.042785078287124634, 2.78428053855896
488, -3.3112788746384467, 4, 49.619494869002665, 383, 179763, 179763, 0.04579979181289673, 2.7735683917999268
489, -2.2786916244594977, 4, 49.51363237199985, 381, 180144, 180144, 0.04577786847949028, 2.7787415981292725
490, -6.66887053794926, 4, 49.61681321699871, 382, 180526, 180526, 0.048776645213365555, 2.7724130153656006
491, -3.9309688521493626, 4, 49.51041542600069, 382, 180908, 180908, 0.044909413903951645, 2.7813880443573
492, -2.1476584238407668, 4, 49.627525996998884, 382, 181290, 181290, 0.04470919072628021, 2.771958589553833
493, -6.568156062159687, 4, 49.583574062999105, 382, 181672, 181672, 0.04430437460541725, 2.7764246463775635
494, -2.098945219622692, 4, 49.59986718100117, 382, 182054, 182054, 0.046570904552936554, 2.7877824306488037
495, -2.7872466526023345, 4, 49.564747617998364, 382, 182436, 182436, 0.04509468004107475, 2.767238140106201
496, -2.242848857928948, 4, 49.56653090499822, 382, 182818, 182818, 0.04610389098525047, 2.79901123046875
497, -1.9500571582266275, 4, 49.51058328999716, 381, 183199, 183199, 0.0456741563975811, 2.7829582691192627
498, -2.985940204783219, 4, 49.59962283800269, 382, 183581, 183581, 0.04351838678121567, 2.7882144451141357
499, -1.94652250019044, 4, 49.616105938002875, 382, 183963, 183963, 0.047542180866003036, 2.7936720848083496
500, -6.312125449025189, 4, 49.5753282149999, 382, 184345, 184345, 0.046691421419382095, 2.8099308013916016
501, -16.183452089368075, 2, 31.0449556450003, 238, 184583, 184583, 0.04004178196191788, 2.7858757972717285
502, -1.528735934899487, 4, 50.029516771999624, 385, 184968, 184968, 0.047925274819135666, 2.798491954803467
503, -7.385200632270426, 4, 49.599524278997706, 382, 185350, 185350, 0.047188907861709595, 2.798642873764038
504, -7.855365014314884, 4, 49.58591587599949, 381, 185731, 185731, 0.04513782635331154, 2.8046770095825195
505, -16.077164062022348, 2, 20.786169440001686, 158, 185889, 185889, 0.04844939708709717, 2.8083322048187256
506, -16.74093106854707, 2, 4.394308348997583, 30, 185919, 185919, 0.04304990544915199, 2.7873666286468506
507, -3.1970985644911707, 4, 49.36867964800331, 380, 186299, 186299, 0.04624214768409729, 2.812879800796509
508, -3.389917410160706, 4, 49.590396198000235, 382, 186681, 186681, 0.046023473143577576, 2.7977612018585205
509, -6.454412992699872, 4, 49.64545947499937, 381, 187062, 187062, 0.04601312056183815, 2.8071482181549072
510, -1.4606787276461546, 4, 49.56409101100144, 380, 187442, 187442, 0.045699577778577805, 2.8067591190338135
511, -1.5794789810106522, 4, 49.47899750400029, 379, 187821, 187821, 0.05209941416978836, 2.8205997943878174
512, -1.7695851659154869, 4, 49.572361159996944, 382, 188203, 188203, 0.04505749046802521, 2.8003265857696533
513, -1.7346815155033255, 4, 49.56490918199779, 381, 188584, 188584, 0.04878728836774826, 2.8110127449035645
514, -3.729678682713711, 4, 49.61275364999892, 381, 188965, 188965, 0.049347661435604095, 2.7999801635742188
515, -2.1386784771220846, 4, 49.56078875100138, 379, 189344, 189344, 0.050915010273456573, 2.825536012649536
516, -1.4380547903892875, 4, 49.52122026699726, 382, 189726, 189726, 0.047651421278715134, 2.8243908882141113
517, -1.3345403404500757, 4, 49.56161108499873, 381, 190107, 190107, 0.04600335285067558, 2.8052127361297607
518, -1.4492906932100595, 4, 49.60846627800129, 383, 190490, 190490, 0.04891076311469078, 2.837311267852783
519, -1.9972443022186326, 4, 49.63586055600172, 382, 190872, 190872, 0.04504534974694252, 2.8218092918395996
520, -1.795167133808718, 4, 49.538396716001444, 382, 191254, 191254, 0.04330482706427574, 2.8115055561065674
521, -2.2407689059853055, 4, 49.49981289299831, 381, 191635, 191635, 0.04889433830976486, 2.8218882083892822
522, -1.4480192062837887, 4, 49.66869539599793, 379, 192014, 192014, 0.04781316965818405, 2.8139889240264893
523, -1.3378927018566174, 4, 49.477624862000084, 381, 192395, 192395, 0.045162636786699295, 2.8238627910614014
524, -19.59813837778711, 2, 45.70318735899855, 351, 192746, 192746, 0.04604386165738106, 2.8242292404174805
525, -5.41700334797622, 4, 49.51157532599973, 373, 193119, 193119, 0.04968073591589928, 2.824101686477661
526, -2.645903580218146, 4, 49.65332939799919, 381, 193500, 193500, 0.0451129749417305, 2.8366055488586426
527, -1.9760525986630455, 4, 49.5466783089978, 381, 193881, 193881, 0.04292304813861847, 2.8156850337982178
528, -5.057342303880432, 4, 49.55276589400091, 381, 194262, 194262, 0.04695429280400276, 2.8178207874298096
529, -2.339256725186715, 4, 49.55515491299957, 379, 194641, 194641, 0.04720192775130272, 2.8356308937072754
530, -3.082487450552435, 4, 49.63899893299822, 379, 195020, 195020, 0.047652941197156906, 2.8274011611938477
531, -2.3644049918457313, 4, 49.548354028000176, 377, 195397, 195397, 0.05131375789642334, 2.83410906791687
532, -1.5522951102439038, 4, 49.56716018000225, 381, 195778, 195778, 0.04697805270552635, 2.82538104057312
533, -20.18428126685467, 2, 48.16863985300006, 371, 196149, 196149, 0.04896757751703262, 2.8211350440979004
534, -3.01720068027862, 4, 50.04644170299798, 386, 196535, 196535, 0.045797958970069885, 2.8325893878936768
535, -7.120172423310578, 4, 49.535638352001115, 382, 196917, 196917, 0.047228842973709106, 2.8295958042144775
536, -4.830759157193825, 4, 49.56909977599935, 381, 197298, 197298, 0.04635646194219589, 2.8429646492004395
537, -16.38026753516715, 2, 42.69525216799957, 329, 197627, 197627, 0.042550668120384216, 2.8405678272247314
538, -3.4888624429222546, 4, 49.44332347300224, 381, 198008, 198008, 0.04685593768954277, 2.8408620357513428
539, -5.777568272598728, 4, 49.62460226300027, 382, 198390, 198390, 0.049932997673749924, 2.8313024044036865
540, -7.1267006795387715, 4, 49.58367531699696, 382, 198772, 198772, 0.04904607683420181, 2.8340060710906982
541, -3.978260566764561, 4, 49.52312408299986, 382, 199154, 199154, 0.04442589357495308, 2.8376784324645996
542, -1.8052365249445756, 4, 49.66485735099923, 383, 199537, 199537, 0.04829626530408859, 2.834465980529785
543, -1.5674039097866626, 4, 49.55131048399926, 382, 199919, 199919, 0.050106946378946304, 2.8573102951049805
544, -1.6353553240260226, 4, 49.62733496299916, 382, 200301, 200301, 0.04395091533660889, 2.8387668132781982
545, -16.364211447235903, 2, 37.21474054300052, 286, 200587, 200587, 0.041287653148174286, 2.8390698432922363
546, -2.4426731510448008, 4, 49.938285507996625, 385, 200972, 200972, 0.05090285837650299, 2.8417980670928955
547, -1.4915749833749032, 4, 49.468789957998524, 382, 201354, 201354, 0.049333833158016205, 2.846177101135254
548, -7.784764863753708, 4, 49.65362134799943, 383, 201737, 201737, 0.04450115188956261, 2.849379777908325
549, -2.1297482196232522, 4, 49.53689636200215, 382, 202119, 202119, 0.0464874692261219, 2.845954179763794
550, -2.4158790961309933, 4, 49.62056839900106, 383, 202502, 202502, 0.04770023003220558, 2.847426652908325
551, -15.637489680646866, 2, 9.117603982998844, 67, 202569, 202569, 0.05002577230334282, 2.8779284954071045
552, -16.671706731431186, 2, 4.371919001998322, 30, 202599, 202599, 0.03252863138914108, 2.885239362716675
553, -2.3965045161312446, 4, 50.10441831999924, 386, 202985, 202985, 0.047263115644454956, 2.8499462604522705
554, -1.5942271568346769, 4, 49.57673837100083, 382, 203367, 203367, 0.047518279403448105, 2.872079849243164
555, -3.9925508454834926, 4, 49.56932528999823, 382, 203749, 203749, 0.0465422086417675, 2.852573871612549
556, -5.235285423764253, 4, 49.679637781002384, 383, 204132, 204132, 0.04650481045246124, 2.8436789512634277
557, -3.0807309002648253, 4, 49.51628703099777, 382, 204514, 204514, 0.04381989315152168, 2.846230983734131
558, -3.2201070697265095, 4, 49.613791548003064, 383, 204897, 204897, 0.04608926549553871, 2.8527612686157227
559, -3.0464351573164095, 4, 49.51278131399886, 382, 205279, 205279, 0.04447551444172859, 2.8529858589172363
560, -4.108986730459947, 4, 49.68173451199982, 383, 205662, 205662, 0.046233128756284714, 2.8577890396118164
561, -1.7036816892359639, 4, 49.588074997998774, 382, 206044, 206044, 0.04650624841451645, 2.8584933280944824
562, -15.880378375935834, 2, 11.42212646099506, 85, 206129, 206129, 0.044763874262571335, 2.839583158493042
563, -15.945859351982392, 2, 14.516031710001698, 109, 206238, 206238, 0.04042607545852661, 2.854698896408081
564, -2.512556637142552, 4, 49.663188623999304, 383, 206621, 206621, 0.04795917123556137, 2.8702592849731445
565, -4.372441773170976, 4, 49.571681954999804, 382, 207003, 207003, 0.04736099764704704, 2.8533782958984375
566, -2.3780603144005, 4, 49.51905796900246, 382, 207385, 207385, 0.04509560391306877, 2.8684215545654297
567, -2.778684646680631, 4, 49.663711993001925, 382, 207767, 207767, 0.045062560588121414, 2.8565280437469482
568, -6.232020683353767, 4, 49.556831564004824, 382, 208149, 208149, 0.043570272624492645, 2.859452247619629
569, -1.1698563892514358, 4, 49.548794904003444, 381, 208530, 208530, 0.04821036756038666, 2.868781805038452
570, -16.39218388788413, 2, 35.09837919200072, 269, 208799, 208799, 0.045077454298734665, 2.8524272441864014
571, -1.7531778186894371, 4, 50.05685833100142, 386, 209185, 209185, 0.0474470779299736, 2.8564977645874023
572, -1.9121571483656226, 4, 49.562694992993784, 381, 209566, 209566, 0.04654611647129059, 2.878679037094116
573, -16.584867904894054, 2, 4.417551712998829, 30, 209596, 209596, 0.041438378393650055, 2.84907603263855
574, -1.5162799018744408, 4, 49.66242522399989, 382, 209978, 209978, 0.04985140636563301, 2.869457244873047
575, -1.798354699552874, 4, 49.5796442130013, 382, 210360, 210360, 0.046806998550891876, 2.8565845489501953
576, -1.5844416719583023, 4, 49.599075770005584, 382, 210742, 210742, 0.04547614976763725, 2.8640637397766113
577, -16.44912572094472, 2, 12.97498925599939, 97, 210839, 210839, 0.04379540681838989, 2.881466865539551
578, -1.6150100309500885, 4, 50.11673471999529, 386, 211225, 211225, 0.045833390206098557, 2.8816332817077637
579, -2.412779046180731, 4, 49.58205752899812, 382, 211607, 211607, 0.0463855043053627, 2.8653171062469482
580, -2.9518591541000205, 4, 49.626689653996436, 382, 211989, 211989, 0.044309619814157486, 2.8531506061553955
581, -3.033404841511583, 4, 49.57424419699964, 382, 212371, 212371, 0.04979772865772247, 2.8756890296936035
582, -3.0618459779761906, 4, 49.60690717599937, 382, 212753, 212753, 0.047484856098890305, 2.87744140625
583, -1.308318090294506, 4, 49.61319795199961, 382, 213135, 213135, 0.0420173779129982, 2.8553547859191895
584, -19.28564966949034, 2, 44.44331356600014, 342, 213477, 213477, 0.0436011403799057, 2.8702003955841064
585, -6.397597324743401, 4, 49.63602455199725, 382, 213859, 213859, 0.045773085206747055, 2.886512517929077
586, -1.8912912477826467, 4, 49.54408381700341, 382, 214241, 214241, 0.048790980130434036, 2.888071060180664
587, -1.31410437122031, 4, 49.587946177998674, 382, 214623, 214623, 0.05130109190940857, 2.8809690475463867
588, -3.791984793745769, 4, 49.6229788970013, 382, 215005, 215005, 0.04789505526423454, 2.887428045272827
589, -5.509549669222906, 4, 49.593836576001195, 382, 215387, 215387, 0.046468835324048996, 2.882002115249634
590, -1.6685186849171316, 4, 49.64523901299981, 382, 215769, 215769, 0.04583479091525078, 2.87909197807312
591, -5.390625076659489, 4, 49.501014428002236, 380, 216149, 216149, 0.0442093200981617, 2.8820812702178955
592, -1.8753448463467066, 4, 49.648252584003785, 382, 216531, 216531, 0.04510067030787468, 2.8978629112243652
593, -2.7029766757477773, 4, 49.53060231200652, 381, 216912, 216912, 0.04649858549237251, 2.8783321380615234
594, -16.560471112956293, 2, 4.404009158999543, 30, 216942, 216942, 0.04262880980968475, 2.8623666763305664
595, -2.163029482494494, 4, 49.740247399997315, 382, 217324, 217324, 0.047942809760570526, 2.896050214767456
596, -1.7075206444455944, 4, 49.477746327000204, 381, 217705, 217705, 0.04289199411869049, 2.892660140991211
597, -2.785585921810707, 4, 49.72401128499769, 383, 218088, 218088, 0.045076385140419006, 2.887702226638794
598, -2.0220966039623818, 4, 49.52058129700163, 381, 218469, 218469, 0.049250371754169464, 2.894493341445923
599, -7.16969992313534, 4, 49.565967467999144, 381, 218850, 218850, 0.04595467075705528, 2.8962085247039795
600, -3.072577717918648, 4, 49.58836535800219, 382, 219232, 219232, 0.047818344086408615, 2.897346258163452
601, -19.05815439071739, 2, 38.327023612997436, 294, 219526, 219526, 0.05420877784490585, 2.9041688442230225
602, -2.2618681990206824, 4, 49.755378768997616, 383, 219909, 219909, 0.046856675297021866, 2.884462833404541
603, -2.61312301573804, 4, 49.65534766500059, 381, 220290, 220290, 0.047968145459890366, 2.894634962081909
604, -18.79005311178662, 2, 40.010788180996315, 307, 220597, 220597, 0.04792480543255806, 2.905566453933716
605, -16.66294322349131, 2, 4.36814887500077, 30, 220627, 220627, 0.042145323008298874, 2.8767623901367188
606, -2.6839652596900123, 4, 50.2279908260025, 386, 221013, 221013, 0.047207705676555634, 2.898787021636963
607, -5.267983472589549, 4, 49.56094167300034, 382, 221395, 221395, 0.04924028366804123, 2.898711681365967
608, -8.437668815109646, 4, 49.620016730994394, 382, 221777, 221777, 0.04562251269817352, 2.9154887199401855
609, -3.9157191342455917, 4, 49.57516123900132, 381, 222158, 222158, 0.04913216084241867, 2.922821044921875
610, -4.253518444518704, 4, 49.630846765998285, 383, 222541, 222541, 0.04895896837115288, 2.915963888168335
611, -1.9653765119110176, 4, 49.53113304300496, 381, 222922, 222922, 0.0469081774353981, 2.9060606956481934
612, -2.2292441434401553, 4, 49.55831880100595, 381, 223303, 223303, 0.04961609095335007, 2.924877643585205
613, -7.6035372458864, 4, 49.65580717599369, 382, 223685, 223685, 0.0471620075404644, 2.918156385421753
614, -6.569222345653543, 4, 49.5538632109965, 381, 224066, 224066, 0.04530315846204758, 2.9192259311676025
615, -1.87497061484828, 4, 49.66565790999448, 382, 224448, 224448, 0.04716382920742035, 2.9171838760375977
616, -3.0908559808158316, 4, 49.50694057600049, 380, 224828, 224828, 0.042083367705345154, 2.9069604873657227
617, -1.5336581293440759, 4, 49.620222204997845, 382, 225210, 225210, 0.04743696004152298, 2.9186689853668213
618, -3.301909437719587, 4, 49.555891535004776, 381, 225591, 225591, 0.046433087438344955, 2.90796160697937
619, -1.3194552448890136, 4, 49.63220524699864, 382, 225973, 225973, 0.04903046786785126, 2.917820692062378
620, -1.9908188729714311, 4, 49.54859049500374, 381, 226354, 226354, 0.04423518106341362, 2.9094109535217285
621, -8.827298351563513, 4, 49.58949078700243, 382, 226736, 226736, 0.04892607778310776, 2.9169116020202637
622, -4.9607901552044495, 4, 49.640956025003106, 382, 227118, 227118, 0.050531547516584396, 2.9197638034820557
623, -1.3064873094990617, 4, 49.533221288002096, 382, 227500, 227500, 0.04832910746335983, 2.91400408744812
624, -16.445778880934085, 2, 9.883946667003329, 73, 227573, 227573, 0.048903994262218475, 2.933779716491699
625, -3.6254899415262116, 4, 50.258983628998976, 387, 227960, 227960, 0.047815319150686264, 2.923595666885376
626, -7.854271374410018, 4, 49.58879046999937, 382, 228342, 228342, 0.04517242684960365, 2.921854257583618
627, -1.534217479002109, 4, 49.59716835799918, 381, 228723, 228723, 0.045071087777614594, 2.9217827320098877
628, -2.6325563715981843, 4, 49.58674850100215, 381, 229104, 229104, 0.04520825296640396, 2.9272384643554688
629, -1.3290185019304772, 4, 49.53004817599867, 382, 229486, 229486, 0.04938569664955139, 2.927483320236206
630, -1.4576099499563497, 4, 49.56934456199815, 381, 229867, 229867, 0.043445684015750885, 2.9125475883483887
631, -1.4490883951657452, 4, 49.605693550998694, 382, 230249, 230249, 0.043016839772462845, 2.925462007522583
632, -6.1680247368894925, 4, 49.599133912997786, 382, 230631, 230631, 0.04580281674861908, 2.9187886714935303
633, -1.3766210275562116, 4, 49.525787509999645, 382, 231013, 231013, 0.04787968844175339, 2.9252989292144775
634, -1.5406805364254978, 4, 49.69369535199803, 383, 231396, 231396, 0.04441829398274422, 2.912370443344116
635, -1.2684913823331954, 4, 49.57072042099753, 381, 231777, 231777, 0.045001719146966934, 2.930363893508911
636, -1.8192284471824678, 4, 49.49095344799571, 381, 232158, 232158, 0.04385587200522423, 2.915350914001465
637, -1.3562479239462846, 4, 49.635555418004515, 382, 232540, 232540, 0.04678915813565254, 2.9355685710906982
638, -1.5258166914359208, 4, 49.57315016999928, 381, 232921, 232921, 0.0417851060628891, 2.9191577434539795
639, -4.803791510693827, 4, 49.5904883040057, 381, 233302, 233302, 0.04419832304120064, 2.924589157104492
640, -16.576151086657774, 2, 15.993764204999025, 120, 233422, 233422, 0.044366247951984406, 2.933891534805298
641, -1.8288551843659206, 4, 50.05809150999994, 385, 233807, 233807, 0.049142610281705856, 2.9192867279052734
642, -3.369398708265635, 4, 49.67807391899987, 382, 234189, 234189, 0.046073298901319504, 2.931943655014038
643, -2.4697000050655333, 4, 49.56402933099889, 381, 234570, 234570, 0.04609990119934082, 2.9302608966827393
644, -1.3774404129808318, 4, 49.56075247300032, 381, 234951, 234951, 0.04409182444214821, 2.925225257873535
645, -2.9666494033881463, 4, 49.589818487998855, 381, 235332, 235332, 0.04494211822748184, 2.9360876083374023
646, -3.014532424740082, 4, 49.63115510500211, 381, 235713, 235713, 0.04272763803601265, 2.937028646469116
647, -1.545667943353692, 4, 49.61466967799788, 381, 236094, 236094, 0.04429572448134422, 2.9429705142974854
648, -1.2989150663644295, 4, 49.52451108099922, 380, 236474, 236474, 0.045645762234926224, 2.9287259578704834
649, -1.2951162212930285, 4, 49.548977985999954, 381, 236855, 236855, 0.04844114929437637, 2.929314613342285
650, -1.241110916240359, 4, 49.62489023800299, 381, 237236, 237236, 0.04517047479748726, 2.938746452331543
651, -2.6665243428615213, 4, 49.5232679000037, 380, 237616, 237616, 0.04930981248617172, 2.9328103065490723
652, -2.70750047769252, 4, 49.670512247997976, 382, 237998, 237998, 0.04639862850308418, 2.9179601669311523
653, -1.9789210821418237, 4, 49.609790839997004, 378, 238376, 238376, 0.04459230229258537, 2.9274165630340576
654, -2.2101541153533617, 4, 49.515710621002654, 380, 238756, 238756, 0.0467698834836483, 2.939263343811035
655, -1.9611760641710134, 4, 49.62153778899665, 381, 239137, 239137, 0.043980009853839874, 2.9167304039001465
656, -1.8591538955479336, 4, 49.51696779799386, 380, 239517, 239517, 0.04259735345840454, 2.921969413757324
657, -2.924202197784325, 4, 49.67014556600043, 382, 239899, 239899, 0.04137656092643738, 2.9223098754882812
658, -1.3762063954418409, 4, 49.56722083999921, 381, 240280, 240280, 0.04710691422224045, 2.935209274291992
659, -1.3134673582826508, 4, 49.5390178029993, 381, 240661, 240661, 0.04851270094513893, 2.9254207611083984
660, -7.162384793366073, 4, 49.6693736399975, 382, 241043, 241043, 0.044210709631443024, 2.925342082977295
661, -1.3903544684471854, 4, 49.5271679840007, 380, 241423, 241423, 0.04167405515909195, 2.913754463195801
662, -1.4376300190906477, 4, 49.617932590001146, 382, 241805, 241805, 0.04132100194692612, 2.924233913421631
663, -5.885547150915954, 4, 49.57617519100313, 381, 242186, 242186, 0.044047098606824875, 2.93459153175354
664, -1.7322378584394755, 4, 49.54993852299958, 381, 242567, 242567, 0.04466444253921509, 2.910745143890381
665, -1.4757939226547023, 4, 49.55977762800467, 381, 242948, 242948, 0.041181378066539764, 2.9131381511688232
666, -1.258107602152311, 4, 49.55775955900026, 381, 243329, 243329, 0.03758841007947922, 2.9102847576141357
667, -2.192603452178446, 4, 49.63935578100063, 381, 243710, 243710, 0.044850483536720276, 2.919660806655884
668, -1.3007781841006363, 4, 49.605252891997225, 381, 244091, 244091, 0.04025698080658913, 2.9222347736358643
669, -1.94853598316449, 4, 49.59425667599862, 381, 244472, 244472, 0.04514189064502716, 2.9102139472961426
670, -15.452140738256276, 2, 9.548879440997553, 70, 244542, 244542, 0.038358792662620544, 2.9305293560028076
671, -1.7480368079304753, 4, 49.577255267999135, 382, 244924, 244924, 0.041128236800432205, 2.917860507965088
672, -1.7762633814327273, 4, 49.504638559999876, 380, 245304, 245304, 0.042061250656843185, 2.9042813777923584
673, -1.7339540190955631, 4, 49.65336124299938, 382, 245686, 245686, 0.0400521382689476, 2.9036827087402344
674, -2.7094550740584964, 4, 49.58056116300577, 381, 246067, 246067, 0.04285110533237457, 2.9108810424804688
675, -5.210127987375017, 4, 49.567905065996456, 381, 246448, 246448, 0.04371144622564316, 2.9094507694244385
676, -6.4656742558581755, 4, 49.62880593400041, 381, 246829, 246829, 0.04338550940155983, 2.8934781551361084
677, -1.3591651314327464, 4, 49.514788574000704, 380, 247209, 247209, 0.042609766125679016, 2.883777379989624
678, -16.50109888741281, 2, 4.4047569850008585, 30, 247239, 247239, 0.03779185563325882, 2.890575647354126
679, -1.5696218963428237, 4, 49.692611719001434, 382, 247621, 247621, 0.03815668448805809, 2.8896899223327637
680, -1.4824447322898777, 4, 49.585740486996656, 381, 248002, 248002, 0.04054957255721092, 2.8969669342041016
681, -8.018823587532097, 4, 49.57845105899469, 381, 248383, 248383, 0.039426904171705246, 2.886906385421753
682, -1.6591923071850943, 4, 49.58806142699905, 381, 248764, 248764, 0.04173629730939865, 2.900596857070923
683, -1.400650239376148, 4, 49.61379456400027, 381, 249145, 249145, 0.04134226590394974, 2.89330792427063
684, -2.127158923938623, 4, 49.538954306997766, 380, 249525, 249525, 0.04332101717591286, 2.88716721534729
685, -6.689514636527747, 4, 49.64319358799548, 381, 249906, 249906, 0.03982606902718544, 2.885814905166626
686, -2.5753549888540874, 4, 49.57084104800015, 380, 250286, 250286, 0.03922329843044281, 2.8882105350494385
687, -9.019865384674631, 4, 49.59570492900093, 381, 250667, 250667, 0.04345962032675743, 2.8831303119659424
688, -1.6307633550095488, 4, 49.63316315400152, 381, 251048, 251048, 0.04209737107157707, 2.8797998428344727
689, -1.952413026956492, 4, 49.54809365999972, 380, 251428, 251428, 0.03845750167965889, 2.8843984603881836
690, -1.5394965728867192, 4, 49.54190611699596, 381, 251809, 251809, 0.04058942198753357, 2.886761426925659
691, -1.5860375832321552, 4, 49.65327972500381, 381, 252190, 252190, 0.040344711393117905, 2.8694815635681152
692, -1.8424319227274282, 4, 49.57105149200652, 380, 252570, 252570, 0.03955896943807602, 2.8699514865875244
693, -5.213122320303228, 4, 49.53586128000461, 380, 252950, 252950, 0.044014010578393936, 2.8818583488464355
694, -2.952278683795157, 4, 49.59621245999733, 380, 253330, 253330, 0.040404822677373886, 2.8701229095458984
695, -1.3369660377320542, 4, 49.68145730499964, 381, 253711, 253711, 0.03855910524725914, 2.8620009422302246
696, -1.6946399635514808, 4, 49.544272962994, 380, 254091, 254091, 0.04114386811852455, 2.870217800140381
697, -1.787594365188852, 4, 49.584991058000014, 381, 254472, 254472, 0.03827175125479698, 2.859099864959717
698, -5.814083145058248, 4, 49.59709381299763, 379, 254851, 254851, 0.04210752248764038, 2.8513741493225098
699, -15.734073901723605, 2, 16.771493011998245, 126, 254977, 254977, 0.03965989500284195, 2.857848882675171
700, -4.288369506219169, 4, 50.3020195220015, 387, 255364, 255364, 0.0443299300968647, 2.8646998405456543
701, -1.972407631808892, 4, 49.57038742500299, 381, 255745, 255745, 0.0458873026072979, 2.8558640480041504
702, -1.7358051518349384, 4, 49.59053005899477, 380, 256125, 256125, 0.04238281771540642, 2.857103109359741
703, -2.183845137460594, 4, 49.625738656002795, 381, 256506, 256506, 0.04108835384249687, 2.8546555042266846
704, -5.16515994699148, 4, 49.60938322600123, 380, 256886, 256886, 0.03816304728388786, 2.8474602699279785
705, -2.2482617085152015, 4, 49.56399661999603, 380, 257266, 257266, 0.04176989197731018, 2.8444409370422363
706, -1.8135439444158692, 4, 49.59613383500255, 380, 257646, 257646, 0.038492169231176376, 2.852962017059326
707, -1.1763661976838193, 4, 49.55359135300387, 380, 258026, 258026, 0.04117349907755852, 2.835702657699585
708, -1.4300752433882735, 4, 49.60633041700203, 380, 258406, 258406, 0.04183189570903778, 2.855968713760376
709, -3.9260521174910537, 4, 49.54722661100095, 380, 258786, 258786, 0.04120220988988876, 2.8497016429901123
710, -2.616197829898738, 4, 49.58563797899842, 380, 259166, 259166, 0.04070039093494415, 2.840635299682617
711, -1.1081236964819254, 4, 49.54463105300238, 379, 259545, 259545, 0.04188144952058792, 2.8156166076660156
712, -1.8634726697564474, 4, 49.658302214003925, 380, 259925, 259925, 0.03957941010594368, 2.827516555786133
713, -16.467272648238577, 2, 4.421482552002999, 30, 259955, 259955, 0.02977568656206131, 2.8559041023254395
714, -2.3043840683385497, 4, 49.63472311299847, 380, 260335, 260335, 0.043030157685279846, 2.844360113143921
715, -5.956495048711076, 4, 49.614128542998515, 379, 260714, 260714, 0.04240386188030243, 2.8416738510131836
716, -1.1985781538987794, 4, 49.547160998001345, 379, 261093, 261093, 0.03666746988892555, 2.832096576690674
717, -1.0257080422925355, 4, 49.68006171000161, 380, 261473, 261473, 0.04060864448547363, 2.826028347015381
718, -1.8157561956677455, 4, 49.62145226200664, 380, 261853, 261853, 0.03926118463277817, 2.83349871635437
719, -1.5234227234377613, 4, 49.53605059000256, 379, 262232, 262232, 0.038188595324754715, 2.8174049854278564
720, -16.616705588123295, 2, 4.397624115998042, 30, 262262, 262262, 0.037989579141139984, 2.7899153232574463
721, -3.399111838756653, 4, 49.74478616700071, 381, 262643, 262643, 0.03941614180803299, 2.812584161758423
722, -1.530176800544723, 4, 49.58816579000268, 380, 263023, 263023, 0.03991876542568207, 2.8197503089904785
723, -1.6134559957531565, 4, 49.546415570002864, 379, 263402, 263402, 0.039061252027750015, 2.8247978687286377
724, -3.995698447490213, 4, 49.609732632001396, 381, 263783, 263783, 0.04224521294236183, 2.8102493286132812
725, -1.6404592165085887, 4, 49.58109782399697, 380, 264163, 264163, 0.040739040821790695, 2.8028481006622314
726, -1.2471677604589786, 4, 49.54808236499957, 380, 264543, 264543, 0.037820376455783844, 2.793682336807251
727, -16.18996372318361, 2, 4.393421402004606, 30, 264573, 264573, 0.03878314420580864, 2.824547052383423
728, -1.3427502110022829, 4, 49.72361337100301, 381, 264954, 264954, 0.04034621641039848, 2.799511432647705
729, -2.6808665471198765, 4, 49.643945848998555, 381, 265335, 265335, 0.03756723552942276, 2.812303066253662
730, -4.267404647813805, 4, 49.523006406001514, 380, 265715, 265715, 0.04005631059408188, 2.7839250564575195
731, -1.9764596571221773, 4, 49.654693254997255, 381, 266096, 266096, 0.03893199563026428, 2.7900891304016113
732, -1.860121501958929, 4, 49.54830909299926, 380, 266476, 266476, 0.03949844837188721, 2.8016364574432373
733, -2.469079974467604, 4, 49.617471416000626, 380, 266856, 266856, 0.0384397953748703, 2.7924628257751465
734, -15.263883775973227, 2, 4.390354899005615, 30, 266886, 266886, 0.0384519100189209, 2.7808425426483154
735, -1.7342276260460494, 4, 49.68730864299869, 381, 267267, 267267, 0.03564300760626793, 2.795344829559326
736, -16.31916292756796, 2, 4.406537543000013, 30, 267297, 267297, 0.03618604317307472, 2.8092753887176514
737, -1.4699679972763988, 4, 49.692083374000504, 380, 267677, 267677, 0.03722648695111275, 2.786254644393921
738, -1.4086935119612463, 4, 49.53442288500082, 381, 268058, 268058, 0.03977522626519203, 2.7915079593658447
739, -1.3341910423459922, 4, 49.64317879200098, 381, 268439, 268439, 0.04010985791683197, 2.7831978797912598
740, -1.220292844585856, 4, 49.594682344999455, 380, 268819, 268819, 0.03701327368617058, 2.7701547145843506
741, -4.78618451678085, 4, 49.56300984099653, 380, 269199, 269199, 0.03630276396870613, 2.7734553813934326
742, -1.7458014927681234, 4, 49.6042062589986, 380, 269579, 269579, 0.04079999029636383, 2.769423723220825
743, -15.973276472999714, 2, 34.7628730830038, 264, 269843, 269843, 0.03884946554899216, 2.767371892929077
744, -3.6598991566070254, 4, 49.36858093799674, 378, 270221, 270221, 0.03752435743808746, 2.7551259994506836
745, -1.5699870292446576, 4, 49.68997647499782, 380, 270601, 270601, 0.03872600942850113, 2.752102851867676
746, -6.227504840886468, 4, 49.515123047996894, 379, 270980, 270980, 0.03762684017419815, 2.754077196121216
747, -1.7241510167223169, 4, 49.62482299200201, 380, 271360, 271360, 0.04316870868206024, 2.7516303062438965
748, -1.341274556962162, 4, 49.49813761800033, 378, 271738, 271738, 0.0363023579120636, 2.7685790061950684
749, -1.420225832268386, 4, 49.730668468997465, 380, 272118, 272118, 0.04039579629898071, 2.7549707889556885
750, -1.9295018915872788, 4, 49.57005653500528, 379, 272497, 272497, 0.03749193623661995, 2.756255626678467
751, -0.8634710346918837, 4, 49.507265658001415, 379, 272876, 272876, 0.03725840523838997, 2.732992649078369
752, -3.8203789559483994, 4, 49.6779175269985, 380, 273256, 273256, 0.037038613110780716, 2.73807692527771
753, -1.3955857202308835, 4, 49.589108082000166, 380, 273636, 273636, 0.04126003012061119, 2.744807720184326
754, -1.2642134491379693, 4, 49.48812438700406, 378, 274014, 274014, 0.03875374794006348, 2.7552661895751953
755, -1.0654281319766596, 4, 49.68340319900017, 380, 274394, 274394, 0.03872494772076607, 2.7495622634887695
756, -1.6916927013125473, 4, 49.60030056400137, 379, 274773, 274773, 0.041635580360889435, 2.7435061931610107
757, -1.2387017437108625, 4, 49.52906534599606, 379, 275152, 275152, 0.03978820890188217, 2.743330240249634
758, -2.153356195393826, 4, 49.617377563001355, 380, 275532, 275532, 0.038577850908041, 2.7265400886535645
759, -1.5539451356889913, 4, 49.65655385900027, 380, 275912, 275912, 0.04136795550584793, 2.736724615097046
760, -17.88570992834866, 2, 23.2610457999981, 176, 276088, 276088, 0.041007719933986664, 2.7431278228759766
761, -1.3442572107005617, 4, 49.86286962500162, 382, 276470, 276470, 0.04149702936410904, 2.7314603328704834
762, -1.054115874478157, 4, 49.59293208699819, 379, 276849, 276849, 0.03761514648795128, 2.732032060623169
763, -1.7440638006264635, 4, 49.602366829996754, 380, 277229, 277229, 0.03825024887919426, 2.7210850715637207
764, -1.9799458671695902, 4, 49.51484049999999, 379, 277608, 277608, 0.03632202371954918, 2.721773624420166
765, -2.400986555760028, 4, 49.64421278100053, 380, 277988, 277988, 0.037672124803066254, 2.7295496463775635
766, -17.247628237812023, 2, 33.854640539000684, 258, 278246, 278246, 0.03740773722529411, 2.7139735221862793
767, -4.4295892340560385, 4, 50.246554028999526, 385, 278631, 278631, 0.040520958602428436, 2.71431303024292
768, -0.9945334648509743, 4, 49.60284944599698, 380, 279011, 279011, 0.037805501371622086, 2.7250735759735107
769, -0.70214831870544, 4, 49.65189488000033, 380, 279391, 279391, 0.0379306823015213, 2.7163326740264893
770, -0.7766315860717441, 4, 49.550669973003096, 379, 279770, 279770, 0.04018891230225563, 2.710970640182495
771, -19.433147073854343, 2, 46.07311882000067, 352, 280122, 280122, 0.038269881159067154, 2.706021547317505
772, -1.4353789265364867, 4, 50.15562168500037, 384, 280506, 280506, 0.04027300700545311, 2.7052173614501953
773, -1.6208658469731745, 4, 49.49038102700433, 378, 280884, 280884, 0.037677355110645294, 2.7159087657928467
774, -1.8444355087558506, 4, 49.585673557005066, 379, 281263, 281263, 0.03877602145075798, 2.7111597061157227
775, -1.6212031074928746, 4, 49.67336069899466, 380, 281643, 281643, 0.03785943612456322, 2.7096760272979736
776, -3.6590365472263784, 4, 49.57644489600352, 379, 282022, 282022, 0.0411129929125309, 2.6994264125823975
777, -1.2844684433493967, 4, 49.512814602996514, 379, 282401, 282401, 0.03661545366048813, 2.7022476196289062
778, -0.9227643805561456, 4, 49.70166280500416, 380, 282781, 282781, 0.040213748812675476, 2.6850624084472656
779, -1.3632352758004345, 4, 49.622021663999476, 380, 283161, 283161, 0.0404159240424633, 2.6958043575286865
780, -0.990107857996918, 4, 49.46359787000256, 378, 283539, 283539, 0.039068553596735, 2.6774866580963135
781, -18.36501178087201, 2, 46.42658585999743, 355, 283894, 283894, 0.038434140384197235, 2.6818974018096924
782, -15.217443753383122, 2, 4.9271166260004975, 34, 283928, 283928, 0.037018705159425735, 2.7061572074890137
783, -1.3357494352612775, 4, 49.43647066199628, 378, 284306, 284306, 0.04055604711174965, 2.695274591445923
784, -1.0631791706164222, 4, 49.53156790999492, 378, 284684, 284684, 0.03661708906292915, 2.6733286380767822
785, -1.23681069365864, 4, 49.65383392199874, 380, 285064, 285064, 0.03859923407435417, 2.6791605949401855
786, -1.3752974628182528, 4, 49.61864542699914, 380, 285444, 285444, 0.04071628674864769, 2.682455062866211
787, -3.469980908665093, 4, 49.52168373799941, 379, 285823, 285823, 0.03697315603494644, 2.6732571125030518
788, -0.6220223376235481, 4, 49.637542584001494, 380, 286203, 286203, 0.03915396332740784, 2.6858036518096924
789, -1.4766411361827068, 4, 49.604038450997905, 379, 286582, 286582, 0.04028499126434326, 2.6833932399749756
790, -4.2192773448405205, 4, 49.57916398099769, 379, 286961, 286961, 0.04181645065546036, 2.6746392250061035
791, -1.772882558963829, 4, 49.54580417399848, 378, 287339, 287339, 0.03903947398066521, 2.6513888835906982
792, -2.82913867993193, 4, 49.55392241500522, 379, 287718, 287718, 0.03825327381491661, 2.679845094680786
793, -5.360926955776904, 4, 49.62384755300445, 379, 288097, 288097, 0.037114743143320084, 2.667187452316284
794, -0.9125230998242841, 4, 49.65215081300266, 380, 288477, 288477, 0.03428848460316658, 2.661881923675537
795, -2.114751093322411, 4, 49.58370402499713, 379, 288856, 288856, 0.03933125361800194, 2.6672511100769043
796, -1.705512056047155, 4, 49.55654394100566, 379, 289235, 289235, 0.04082028940320015, 2.672123908996582
797, -1.1581004215368012, 4, 49.56974310700025, 379, 289614, 289614, 0.03818398714065552, 2.6617391109466553
798, -2.7306539672990766, 4, 49.65948030700383, 380, 289994, 289994, 0.038066450506448746, 2.6590402126312256
799, -1.2820267251627229, 4, 49.625771061000705, 379, 290373, 290373, 0.037410032004117966, 2.6699488162994385
800, -1.295523248409154, 4, 49.476090269999986, 378, 290751, 290751, 0.03568362072110176, 2.6572957038879395
801, -0.9134339268152871, 4, 49.70373716600443, 380, 291131, 291131, 0.039322976022958755, 2.652010202407837
802, -3.5205165937150014, 4, 49.46975313399889, 378, 291509, 291509, 0.03868212550878525, 2.6592867374420166
803, -1.4876027470108966, 4, 49.66332569299993, 379, 291888, 291888, 0.03833356127142906, 2.6570627689361572
804, -7.469313024659641, 4, 49.52556760599691, 378, 292266, 292266, 0.03607313334941864, 2.6390738487243652
805, -4.571425792368245, 4, 49.67497941900365, 380, 292646, 292646, 0.03642252832651138, 2.6483280658721924
806, -1.5398346451438556, 4, 49.610252550999576, 379, 293025, 293025, 0.03666352480649948, 2.6484687328338623
807, -16.26044638379244, 2, 4.420322399993893, 30, 293055, 293055, 0.035340484231710434, 2.612191915512085
808, -4.223747395118153, 4, 49.5941585249966, 378, 293433, 293433, 0.03750964626669884, 2.6542165279388428
809, -1.3117817466782071, 4, 49.72448432500096, 380, 293813, 293813, 0.03647124767303467, 2.647244453430176
810, -1.2776282404756785, 4, 49.58126166600414, 379, 294192, 294192, 0.03812320902943611, 2.6415135860443115
811, -1.4016391312934502, 4, 49.60462057100085, 380, 294572, 294572, 0.035661809146404266, 2.6394405364990234
812, -0.9208802256707713, 4, 49.60425772899907, 378, 294950, 294950, 0.03566715866327286, 2.6300578117370605
813, -4.287090884106874, 4, 49.506094902004406, 378, 295328, 295328, 0.03474600985646248, 2.634138345718384
814, -1.2201599035943218, 4, 49.68487769899366, 378, 295706, 295706, 0.03752463310956955, 2.6236519813537598
815, -1.316615425508644, 4, 49.581523788001505, 378, 296084, 296084, 0.03728218749165535, 2.633117198944092
816, -1.6409580189356348, 4, 49.52613676599867, 378, 296462, 296462, 0.0374644435942173, 2.62843918800354
817, -4.077130939593189, 4, 49.57419532199856, 378, 296840, 296840, 0.03832163289189339, 2.6229946613311768
818, -5.667400091486343, 4, 49.603355556995666, 378, 297218, 297218, 0.03729301691055298, 2.6266026496887207
819, -1.7127546761857957, 4, 49.67485187599959, 379, 297597, 297597, 0.038555409759283066, 2.620896100997925
820, -1.542527635067927, 4, 49.506413093004085, 378, 297975, 297975, 0.03883694112300873, 2.6202468872070312
821, -1.733757793002951, 4, 49.65641449499526, 380, 298355, 298355, 0.03655751049518585, 2.6219232082366943
822, -1.213261597883502, 4, 49.61519425000006, 379, 298734, 298734, 0.036722831428050995, 2.613328456878662
823, -17.12196943964409, 2, 18.553369077999378, 139, 298873, 298873, 0.041865408420562744, 2.621640205383301
824, -1.5577256184333237, 4, 49.564309430999856, 378, 299251, 299251, 0.0361999049782753, 2.600961446762085
825, -6.2786240280547645, 4, 49.6427359090012, 379, 299630, 299630, 0.03718040511012077, 2.6157150268554688
826, -1.0834293224379508, 4, 49.473855530995934, 377, 300007, 300007, 0.03608286753296852, 2.6114046573638916
827, -1.4695898427922884, 4, 49.63781369700155, 379, 300386, 300386, 0.035244520753622055, 2.6168031692504883
828, -1.6343223919593584, 4, 49.66506329699769, 379, 300765, 300765, 0.0362897627055645, 2.602928876876831
829, -1.3639489831839455, 4, 49.56248033999873, 378, 301143, 301143, 0.03860355168581009, 2.599198818206787
830, -2.9305263775495547, 4, 49.5804530250025, 378, 301521, 301521, 0.03489554300904274, 2.5961828231811523
831, -16.315325697596563, 2, 38.49660853899695, 293, 301814, 301814, 0.036147139966487885, 2.593667984008789
832, -1.5055500364032923, 4, 49.63109362999967, 379, 302193, 302193, 0.03706333413720131, 2.5988008975982666
833, -2.1899971574202937, 4, 49.64279574399552, 379, 302572, 302572, 0.035962797701358795, 2.581343650817871
834, -0.8238941443723888, 4, 49.573711427998205, 379, 302951, 302951, 0.0374419130384922, 2.5922794342041016
835, -5.079341231612489, 4, 49.5420456819993, 378, 303329, 303329, 0.035155121237039566, 2.5925467014312744
836, -1.4813215792987648, 4, 49.649527009998565, 379, 303708, 303708, 0.03639078140258789, 2.585106611251831
837, -1.5319885677845377, 4, 49.65504090899776, 379, 304087, 304087, 0.03742310777306557, 2.591041088104248
838, -1.1037387084302281, 4, 49.5535656830034, 379, 304466, 304466, 0.03479573875665665, 2.5830044746398926
839, -0.8950187526643276, 5, 7.2422619450007915, 52, 304518, 304518, 0.035465680062770844, 2.5741305351257324
840, -0.8653048409332769, 4, 49.90420358199481, 381, 304899, 304899, 0.03485751897096634, 2.5718064308166504
841, -1.7687993710314913, 4, 49.652432331000455, 379, 305278, 305278, 0.037358593195676804, 2.5744714736938477
842, -1.6663651926519378, 4, 49.5631918509971, 378, 305656, 305656, 0.03681529685854912, 2.5736582279205322
843, -1.131701922271077, 4, 49.59384604500519, 378, 306034, 306034, 0.038622330874204636, 2.5617012977600098
844, -16.328926440444775, 2, 4.404505163001886, 30, 306064, 306064, 0.030164513736963272, 2.576383352279663
845, -1.0232502180888332, 4, 49.73418095899979, 379, 306443, 306443, 0.04032724350690842, 2.5683810710906982
846, -1.4439995944740076, 4, 49.50581083900033, 377, 306820, 306820, 0.037754837423563004, 2.5705666542053223
847, -1.287037321319076, 4, 49.66778481799702, 379, 307199, 307199, 0.037140145897865295, 2.555720090866089
848, -1.4777520678005658, 4, 49.5432322419947, 378, 307577, 307577, 0.03743555769324303, 2.5475172996520996
849, -2.307526500204837, 4, 49.59868315300264, 378, 307955, 307955, 0.03697666898369789, 2.562619209289551
850, -1.9713692356563115, 4, 49.62960574099998, 378, 308333, 308333, 0.03464885056018829, 2.5610969066619873
851, -1.7381294136757788, 4, 49.52386842499982, 378, 308711, 308711, 0.03700687736272812, 2.55185866355896
852, -1.3135064877396871, 4, 49.67883163299848, 379, 309090, 309090, 0.03923365846276283, 2.5470311641693115
853, -1.344705309596975, 4, 49.585907925000356, 378, 309468, 309468, 0.03835876286029816, 2.552856206893921
854, -1.0391668914817274, 4, 49.66117344899976, 379, 309847, 309847, 0.03919680044054985, 2.5422959327697754
855, -1.2799120422496344, 4, 49.49194136699953, 378, 310225, 310225, 0.03855695202946663, 2.548293352127075
856, -1.4366004131334194, 4, 49.58007525800349, 378, 310603, 310603, 0.036754753440618515, 2.5452589988708496
857, -1.7590064086070925, 4, 49.70034589400166, 379, 310982, 310982, 0.04202830418944359, 2.551293134689331
858, -1.459071227250206, 4, 49.57748301399988, 378, 311360, 311360, 0.03952336311340332, 2.5367891788482666
859, -1.410703542290321, 4, 49.554708782998205, 378, 311738, 311738, 0.0400485023856163, 2.5302071571350098
860, -1.2460810918246352, 4, 49.681776491001074, 379, 312117, 312117, 0.03769955411553383, 2.5321712493896484
861, -1.207854133803096, 4, 49.48113967700192, 377, 312494, 312494, 0.0409795418381691, 2.5222113132476807
862, -1.649865000866157, 4, 49.65677810800116, 378, 312872, 312872, 0.034823525696992874, 2.529301643371582
863, -1.6959379503277887, 4, 49.64534227400145, 378, 313250, 313250, 0.04137440025806427, 2.532186269760132
864, -2.4465808115824075, 4, 49.53587084500032, 377, 313627, 313627, 0.036705318838357925, 2.532115936279297
865, -1.3942311961109226, 4, 49.58709878799709, 377, 314004, 314004, 0.03442107513546944, 2.5256218910217285
866, -0.9458910545708932, 4, 49.69352813700243, 378, 314382, 314382, 0.03739440068602562, 2.5107710361480713
867, -1.2663150460430188, 4, 49.513021186001424, 376, 314758, 314758, 0.03661578521132469, 2.518375873565674
868, -1.9967648514430039, 4, 49.671737655997276, 378, 315136, 315136, 0.0395948588848114, 2.5120773315429688
869, -0.899056829044639, 4, 49.57626756100217, 377, 315513, 315513, 0.03871065005660057, 2.5171830654144287
870, -1.6273396734288212, 4, 49.573619656999654, 378, 315891, 315891, 0.03365376964211464, 2.5071873664855957
871, -1.3940406530891778, 4, 49.63786308000272, 378, 316269, 316269, 0.0372069850564003, 2.513820171356201
872, -1.0297653227798946, 4, 49.618105515000934, 377, 316646, 316646, 0.03816401585936546, 2.5081593990325928
873, -1.8195797750668135, 4, 49.55709666599432, 377, 317023, 317023, 0.03511807322502136, 2.5201094150543213
874, -2.02646690079564, 4, 49.69807255100022, 378, 317401, 317401, 0.03787428140640259, 2.49906325340271
875, -1.785439699089693, 4, 49.55485244600277, 377, 317778, 317778, 0.03899593651294708, 2.4965195655822754
876, -1.3767250017504011, 4, 49.530374073998246, 377, 318155, 318155, 0.038398511707782745, 2.4887378215789795
877, -16.538603835739195, 2, 4.445117131996085, 30, 318185, 318185, 0.035998281091451645, 2.5129613876342773
878, -16.59250734571833, 2, 4.402034563994675, 30, 318215, 318215, 0.03671073541045189, 2.4891746044158936
879, -1.3219842322168915, 4, 49.829082962998655, 379, 318594, 318594, 0.04054732993245125, 2.4976158142089844
880, -1.7720258960453066, 4, 49.58005165299983, 378, 318972, 318972, 0.03420763835310936, 2.4937617778778076
881, -1.3043709384655813, 4, 49.6124722290042, 377, 319349, 319349, 0.03968178108334541, 2.482785701751709
882, -2.280565347011361, 4, 49.65408012000262, 377, 319726, 319726, 0.03720814362168312, 2.4775235652923584
883, -1.5090110575474682, 4, 49.60351594399981, 378, 320104, 320104, 0.036734893918037415, 2.4874801635742188
884, -2.240551428090839, 4, 49.54412410900113, 377, 320481, 320481, 0.03968730941414833, 2.4752633571624756
885, -1.4091997466020985, 4, 49.69995241900324, 378, 320859, 320859, 0.03833449259400368, 2.47723126411438
886, -1.0460686544070086, 4, 49.5966566720017, 377, 321236, 321236, 0.0373123399913311, 2.477954626083374
887, -1.0863572901216685, 4, 49.56650888000149, 377, 321613, 321613, 0.039218928664922714, 2.468496561050415
888, -1.1856766633381994, 4, 49.623352377995616, 377, 321990, 321990, 0.03704832121729851, 2.473357915878296
889, -0.8757175260511758, 4, 49.52780252899538, 377, 322367, 322367, 0.039008136838674545, 2.47493839263916
890, -1.363770061332616, 4, 49.71513442300056, 378, 322745, 322745, 0.03732346370816231, 2.4629294872283936
891, -1.5316234583806363, 4, 49.595287443000416, 377, 323122, 323122, 0.04045416787266731, 2.4591188430786133
892, -1.388262121769003, 4, 49.52445679000084, 377, 323499, 323499, 0.03524014726281166, 2.4602108001708984
893, -0.8779852169864171, 4, 49.59523326999624, 377, 323876, 323876, 0.03619040548801422, 2.456972360610962
894, -2.1257759833079035, 4, 49.69326546400407, 378, 324254, 324254, 0.03653348982334137, 2.4550814628601074
895, -1.1368759811866767, 4, 49.571099991000665, 377, 324631, 324631, 0.036935050040483475, 2.471808671951294
896, -0.814735621415366, 4, 49.60872696700244, 377, 325008, 325008, 0.03626903519034386, 2.4499635696411133
897, -1.0553296278139896, 4, 49.59370572300395, 377, 325385, 325385, 0.03470465540885925, 2.4410712718963623
898, -1.514462714986621, 4, 49.55405081200297, 377, 325762, 325762, 0.03591670095920563, 2.4408998489379883
899, -1.3429474709628266, 4, 49.68696498200006, 378, 326140, 326140, 0.037784941494464874, 2.4382617473602295
900, -2.3381010842458636, 4, 49.58890875799989, 377, 326517, 326517, 0.03506110608577728, 2.43668794631958
901, -2.0149825405242154, 4, 49.51034019700455, 377, 326894, 326894, 0.038620565086603165, 2.4349770545959473
902, -1.3717931557046086, 4, 49.61018090700236, 377, 327271, 327271, 0.03735736757516861, 2.4242141246795654
903, -0.8429979186366836, 4, 49.63495660400076, 377, 327648, 327648, 0.03860755264759064, 2.435265064239502
904, -2.098412256935717, 4, 49.66437485499773, 378, 328026, 328026, 0.03795287758111954, 2.4265336990356445
905, -1.279046779814962, 4, 49.64475044400024, 377, 328403, 328403, 0.03608756884932518, 2.4276320934295654
906, -3.5594794279495545, 4, 49.51280298799975, 376, 328779, 328779, 0.038590382784605026, 2.43955397605896
907, -1.0364321675642714, 4, 49.71560136000335, 377, 329156, 329156, 0.03662945330142975, 2.425098180770874
908, -1.5257324255794629, 4, 49.51897679599642, 377, 329533, 329533, 0.03611518442630768, 2.411242961883545
909, -0.929531848483748, 4, 49.71681679700123, 378, 329911, 329911, 0.03573352470993996, 2.4076285362243652
910, -0.6952372989835567, 4, 49.46398447800311, 376, 330287, 330287, 0.036557670682668686, 2.405457019805908
911, -3.472372613074185, 4, 49.65817057600361, 377, 330664, 330664, 0.035102106630802155, 2.404963731765747
912, -1.0960374691348989, 4, 49.66783843500161, 377, 331041, 331041, 0.034281667321920395, 2.42497181892395
913, -1.864663793020327, 4, 49.5067411630007, 376, 331417, 331417, 0.03567202761769295, 2.409107208251953
914, -1.3491040685296412, 4, 49.650015382001584, 377, 331794, 331794, 0.036889124661684036, 2.412773370742798
915, -0.9419900279244757, 4, 49.68909261399676, 377, 332171, 332171, 0.035099852830171585, 2.402601957321167
916, -1.1093126994742306, 4, 49.4906579669987, 375, 332546, 332546, 0.03779653459787369, 2.3998820781707764
917, -1.5863885105827649, 4, 49.65684152299946, 377, 332923, 332923, 0.03540930151939392, 2.3992087841033936
918, -0.6889658712561868, 4, 49.65675375000137, 377, 333300, 333300, 0.03648114204406738, 2.391688346862793
919, -2.9706483826339536, 4, 49.5651558669997, 377, 333677, 333677, 0.03689241409301758, 2.3943722248077393
920, -15.647378427293006, 2, 27.13191149799968, 204, 333881, 333881, 0.03446070849895477, 2.391843318939209
921, -1.0935381309573131, 4, 50.040529294994485, 381, 334262, 334262, 0.033705927431583405, 2.3838000297546387
922, -3.082322464293611, 4, 49.632067038997775, 377, 334639, 334639, 0.03635820746421814, 2.3979945182800293
923, -1.228447062543637, 4, 49.586145948000194, 377, 335016, 335016, 0.031855374574661255, 2.3887217044830322
924, -16.287248440552503, 2, 4.4570481260016095, 30, 335046, 335046, 0.04021275416016579, 2.39357328414917
925, -16.14229756196619, 2, 17.202876698000182, 128, 335174, 335174, 0.03633548319339752, 2.37705659866333
926, -0.9572714068203823, 4, 49.91642250899895, 379, 335553, 335553, 0.03399215638637543, 2.388010263442993
927, -2.385202842612216, 4, 49.64295135199791, 376, 335929, 335929, 0.034928787499666214, 2.3731794357299805
928, -17.063618227114603, 2, 47.1892750380066, 357, 336286, 336286, 0.039492953568696976, 2.3864831924438477
929, -16.38072796952224, 2, 49.94251107399759, 379, 336665, 336665, 0.04099997878074646, 2.3853867053985596
930, -1.5255442111301818, 4, 49.71530932600581, 378, 337043, 337043, 0.03526526689529419, 2.3770503997802734
931, -1.4715298869614344, 4, 49.57349402100226, 377, 337420, 337420, 0.03715662285685539, 2.3807804584503174
932, -1.331086738081467, 4, 49.70491289900383, 377, 337797, 337797, 0.037762921303510666, 2.396286964416504
933, -1.3312526255631383, 4, 49.59633751599904, 376, 338173, 338173, 0.03581314533948898, 2.386369466781616
934, -0.9117532967375155, 4, 49.58447733899811, 376, 338549, 338549, 0.036058343946933746, 2.3664603233337402
935, -15.984876503353007, 2, 9.371464121999452, 68, 338617, 338617, 0.032130006700754166, 2.3891830444335938
936, -1.2648199814018426, 4, 49.81534667199594, 378, 338995, 338995, 0.035617731511592865, 2.3716347217559814
937, -16.435063534532674, 2, 4.462987724000413, 30, 339025, 339025, 0.029378332197666168, 2.3499398231506348
938, -1.4578594093618449, 4, 49.5876071859966, 377, 339402, 339402, 0.038130465894937515, 2.3719234466552734
939, -1.4115196172156743, 4, 49.64446952000435, 377, 339779, 339779, 0.0396282896399498, 2.365809202194214
940, -2.0056734450217846, 4, 49.63708017099998, 377, 340156, 340156, 0.03999430686235428, 2.3689029216766357
941, -15.756080321900981, 2, 29.883804846998828, 225, 340381, 340381, 0.036500558257102966, 2.3700902462005615
942, -8.673009818478022, 4, 50.26711655600229, 382, 340763, 340763, 0.03791643679141998, 2.3639421463012695
943, -1.0466478361577174, 4, 49.53277331600111, 376, 341139, 341139, 0.04113713651895523, 2.3673837184906006
944, -15.822850568918511, 2, 8.067262538999785, 58, 341197, 341197, 0.0435471385717392, 2.3612539768218994
945, -15.3413283470436, 2, 10.009243775006325, 73, 341270, 341270, 0.03843889385461807, 2.3762359619140625
946, -1.1793000230827602, 4, 49.59505701400485, 377, 341647, 341647, 0.03570105507969856, 2.367234230041504
947, -1.2366352827975788, 4, 49.68282768899371, 377, 342024, 342024, 0.03669233247637749, 2.361271381378174
948, -1.823069879718787, 4, 49.6020390220001, 376, 342400, 342400, 0.039215587079524994, 2.357698678970337
949, -2.214121830686963, 4, 49.583981768999365, 377, 342777, 342777, 0.037348516285419464, 2.364326000213623
950, -5.055209515870956, 4, 49.63365571300528, 377, 343154, 343154, 0.03719136491417885, 2.3453261852264404
951, -2.6430595222263946, 4, 49.510113197000464, 376, 343530, 343530, 0.03966185450553894, 2.3491876125335693
952, -1.1891507135951542, 4, 49.622352503, 376, 343906, 343906, 0.03742272034287453, 2.3518872261047363
953, -1.3205374601093354, 4, 49.682701548001205, 378, 344284, 344284, 0.034513261169195175, 2.3529958724975586
954, -1.7224915289407363, 4, 49.50457880600152, 377, 344661, 344661, 0.0377836748957634, 2.3438048362731934
955, -1.3975780441478491, 4, 49.7267045769986, 377, 345038, 345038, 0.03753230720758438, 2.3416976928710938
956, -16.425492343725637, 2, 4.476782763005758, 30, 345068, 345068, 0.035042908042669296, 2.369589328765869
957, -1.2668582529095147, 4, 49.5474020890033, 377, 345445, 345445, 0.03771468997001648, 2.340855598449707
958, -1.3933822915969358, 4, 49.625926844993955, 377, 345822, 345822, 0.03706752881407738, 2.33339262008667
959, -1.2596062214724952, 4, 49.575435778999235, 376, 346198, 346198, 0.03571976348757744, 2.3354482650756836
960, -1.40307430762914, 4, 49.72419304899813, 377, 346575, 346575, 0.03677115589380264, 2.3381717205047607
961, -0.5954350002848514, 4, 49.533170766000694, 376, 346951, 346951, 0.036628786474466324, 2.3373160362243652
962, -3.978870342070877, 4, 49.68124550299399, 377, 347328, 347328, 0.03863886743783951, 2.3389437198638916
963, -19.87310902948957, 2, 31.98568570099451, 241, 347569, 347569, 0.0367577001452446, 2.3324496746063232
964, -1.7233271431396133, 4, 50.13551110499975, 380, 347949, 347949, 0.038141414523124695, 2.3461148738861084
965, -16.63258496951312, 2, 4.44888852800068, 30, 347979, 347979, 0.038385674357414246, 2.377483606338501
966, -1.2848250077295233, 4, 49.7274967379999, 378, 348357, 348357, 0.03534536436200142, 2.3344109058380127
967, -1.9190153465133335, 4, 49.594480009996914, 376, 348733, 348733, 0.04212008789181709, 2.3462135791778564
968, -1.5350350884773434, 4, 49.58019725399936, 376, 349109, 349109, 0.038056425750255585, 2.330594539642334
969, -1.708512525658108, 4, 49.67336779600009, 377, 349486, 349486, 0.03848821669816971, 2.33335018157959
970, -1.397216242254217, 4, 49.56247412200173, 376, 349862, 349862, 0.03615908324718475, 2.3218834400177
971, -1.4116990091988555, 4, 49.621985254998435, 376, 350238, 350238, 0.038639139384031296, 2.323854684829712
972, -1.4232363976061606, 4, 49.64487992600334, 377, 350615, 350615, 0.0359376035630703, 2.322075843811035
973, -1.7673730012538726, 4, 49.55290249999962, 376, 350991, 350991, 0.03745312616229057, 2.335411787033081
974, -1.4007813516136594, 4, 49.55495977199462, 376, 351367, 351367, 0.03618321567773819, 2.320570945739746
975, -2.3159632308270375, 4, 49.742563291001716, 377, 351744, 351744, 0.03814372420310974, 2.3179948329925537
976, -1.3465560396152796, 4, 49.52231629799644, 375, 352119, 352119, 0.03651375696063042, 2.324787139892578
977, -1.2326035010337364, 4, 49.61007305199746, 376, 352495, 352495, 0.036592964082956314, 2.3054654598236084
978, -1.4746486721699625, 4, 49.67053810499783, 377, 352872, 352872, 0.03717181459069252, 2.312587261199951
979, -1.8014442807452724, 4, 49.617582355997, 376, 353248, 353248, 0.038353081792593, 2.315272331237793
980, -1.1964221474554506, 4, 49.51954907600157, 375, 353623, 353623, 0.03582945093512535, 2.314741611480713
981, -1.2404764949596938, 4, 49.70665954199649, 377, 354000, 354000, 0.03818434476852417, 2.3083932399749756
982, -1.844013168127276, 4, 49.60254933399847, 377, 354377, 354377, 0.04051798954606056, 2.3185033798217773
983, -1.176740260423685, 4, 49.618784395002876, 376, 354753, 354753, 0.03937793895602226, 2.3184149265289307
984, -1.731427236338277, 4, 49.61422003299958, 377, 355130, 355130, 0.03668810799717903, 2.3142294883728027
985, -1.8794328170188237, 4, 49.60036570800003, 376, 355506, 355506, 0.03907446190714836, 2.3110978603363037
986, -1.2468357656434819, 4, 49.5929087839977, 376, 355882, 355882, 0.03704285994172096, 2.3119447231292725
987, -1.30175891543513, 4, 49.646875591002754, 377, 356259, 356259, 0.042010802775621414, 2.308621883392334
988, -1.631312150586382, 4, 49.58374439600448, 376, 356635, 356635, 0.03902925178408623, 2.2986197471618652
989, -1.49967263644794, 4, 49.7014922879971, 377, 357012, 357012, 0.03966646268963814, 2.3143484592437744
990, -1.8626986840032487, 4, 49.513839341001585, 375, 357387, 357387, 0.037778548896312714, 2.3111326694488525
991, -0.9830999026080462, 4, 49.62890525200055, 376, 357763, 357763, 0.0370909757912159, 2.3011910915374756
992, -1.1521642661755322, 4, 49.67019587499817, 376, 358139, 358139, 0.04080820828676224, 2.308689832687378
993, -1.9168289964482028, 4, 49.5185476810002, 376, 358515, 358515, 0.0387771911919117, 2.2992379665374756
994, -0.9703365967725404, 4, 49.70783757100435, 377, 358892, 358892, 0.04098416492342949, 2.304816484451294
995, -4.000570928057641, 4, 49.53716153699497, 376, 359268, 359268, 0.03778165578842163, 2.296125650405884
996, -6.686832250095904, 4, 49.67989055499493, 377, 359645, 359645, 0.03934670612215996, 2.3074066638946533
997, -8.00299472315237, 4, 49.53162460600288, 375, 360020, 360020, 0.03948991745710373, 2.293290376663208
998, -7.169905934482813, 4, 49.66794758999458, 377, 360397, 360397, 0.03888039290904999, 2.2993733882904053
999, -7.351476344279945, 4, 49.644325446999574, 376, 360773, 360773, 0.040761493146419525, 2.306504726409912
1000, -7.499115865677595, 4, 49.54606547799631, 375, 361148, 361148, 0.03987831622362137, 2.2887930870056152
1001, -7.501942850649357, 4, 49.676904420004576, 377, 361525, 361525, 0.03839089721441269, 2.3027334213256836
1002, -7.337019191123545, 4, 49.67075847199885, 376, 361901, 361901, 0.03950820118188858, 2.2991204261779785
1003, -7.718081119470298, 4, 49.60130359300092, 376, 362277, 362277, 0.0440448597073555, 2.2986855506896973
1004, -7.039760395651683, 4, 49.65578038999956, 375, 362652, 362652, 0.0392025001347065, 2.3091254234313965
1005, -8.650339042767882, 4, 49.58587256500323, 375, 363027, 363027, 0.03997260704636574, 2.302800178527832
1006, -9.269461483694613, 4, 49.61389044599491, 375, 363402, 363402, 0.03849399462342262, 2.2923004627227783
1007, -9.352364755235612, 4, 49.61483333299839, 375, 363777, 363777, 0.040523629635572433, 2.3013968467712402
1008, -9.856091719120741, 4, 49.694756395001605, 376, 364153, 364153, 0.041093114763498306, 2.3041281700134277
1009, -9.308405224233866, 4, 49.63439737900626, 376, 364529, 364529, 0.03680305555462837, 2.305111885070801
1010, -9.65431526210159, 4, 49.621242317, 375, 364904, 364904, 0.038263849914073944, 2.3001132011413574
1011, -9.014760103076696, 4, 49.71037580999837, 376, 365280, 365280, 0.03725941479206085, 2.2973437309265137
1012, -7.627786827739328, 4, 49.683012955996674, 376, 365656, 365656, 0.041006457060575485, 2.2985644340515137
1013, -9.465118318796158, 4, 49.58886275799887, 375, 366031, 366031, 0.038632582873106, 2.2947607040405273
1014, -8.1731152292341, 4, 49.73093473500194, 376, 366407, 366407, 0.04003949835896492, 2.308786630630493
1015, -9.20584713947028, 4, 49.68044908600132, 375, 366782, 366782, 0.039533328264951706, 2.303513765335083
1016, -7.301319949328899, 4, 49.66875611899741, 375, 367157, 367157, 0.040443405508995056, 2.302546262741089
1017, -7.587524016853422, 4, 49.632326129998546, 375, 367532, 367532, 0.04151090607047081, 2.303356170654297
1018, -7.280302891507745, 4, 49.715168053000525, 375, 367907, 367907, 0.04337400197982788, 2.3148484230041504
1019, -8.959173206239939, 4, 49.71615519300394, 374, 368281, 368281, 0.04225480183959007, 2.303812026977539
1020, -8.653001779224724, 4, 49.58817107899813, 374, 368655, 368655, 0.037735432386398315, 2.300348997116089
1021, -9.801383751444519, 4, 49.7145614559995, 375, 369030, 369030, 0.0388081930577755, 2.311291217803955
1022, -18.80300125386566, 2, 12.352164215997618, 90, 369120, 369120, 0.04149220883846283, 2.313434600830078
1023, -16.95318616181612, 2, 4.440841642004671, 30, 369150, 369150, 0.04302886500954628, 2.3074722290039062
1024, -17.0811765268445, 2, 4.470688253000844, 30, 369180, 369180, 0.029748190194368362, 2.3127286434173584
1025, -16.79112435504794, 2, 4.453142758000467, 30, 369210, 369210, 0.038828182965517044, 2.302760124206543
1026, -16.7462447732687, 2, 4.454886811996403, 30, 369240, 369240, 0.03540864959359169, 2.3108859062194824
1027, -16.70398009568453, 2, 4.449960268997529, 30, 369270, 369270, 0.03648453950881958, 2.2934153079986572
1028, -16.759805738925934, 2, 4.437595490999229, 30, 369300, 369300, 0.04641208425164223, 2.2868778705596924
1029, -16.948779493570328, 2, 4.488201911000942, 30, 369330, 369330, 0.03711159899830818, 2.3166396617889404
1030, -16.83968987315893, 2, 4.451623167995422, 30, 369360, 369360, 0.04847968742251396, 2.2799954414367676
1031, -17.128168016672134, 2, 4.46050930400088, 30, 369390, 369390, 0.0422954186797142, 2.2710607051849365
1032, -17.165784176439047, 2, 4.427164667999023, 30, 369420, 369420, 0.048369400203228, 2.3234589099884033
1033, -17.29650704562664, 2, 4.464803144997859, 30, 369450, 369450, 0.03564242273569107, 2.3324294090270996
1034, -17.176114320755005, 2, 4.500044630003686, 30, 369480, 369480, 0.03779291361570358, 2.275102138519287
1035, -17.03723941743374, 2, 4.463266074002604, 30, 369510, 369510, 0.04841483756899834, 2.3208229541778564
1036, -17.15374094247818, 2, 4.447341597995546, 30, 369540, 369540, 0.05008923262357712, 2.261714220046997
1037, -17.24799181520939, 2, 4.454844426996715, 30, 369570, 369570, 0.03403633460402489, 2.3249428272247314
1038, -17.259932570159435, 2, 4.452833707000536, 30, 369600, 369600, 0.03653597831726074, 2.317028045654297
1039, -17.24429401010275, 2, 4.4550530330016045, 30, 369630, 369630, 0.05324993282556534, 2.3004071712493896
1040, -17.284765541553497, 2, 4.445171414998185, 30, 369660, 369660, 0.03220735117793083, 2.309335231781006
1041, -17.192683182656765, 2, 4.466369064997707, 30, 369690, 369690, 0.035331930965185165, 2.3531222343444824
1042, -17.281005524098873, 2, 4.448356135995709, 30, 369720, 369720, 0.03686477243900299, 2.321685791015625
1043, -17.29809110611677, 2, 4.452347610000288, 30, 369750, 369750, 0.037630435079336166, 2.28993821144104
1044, -17.277736201882362, 2, 4.496056365002005, 30, 369780, 369780, 0.036721911281347275, 2.2973008155822754
1045, -17.15264058113098, 2, 4.4520174200006295, 30, 369810, 369810, 0.04605763405561447, 2.3176722526550293
1046, -17.19932433217764, 2, 4.426500793000741, 30, 369840, 369840, 0.0370856449007988, 2.3241467475891113
1047, -17.182058472186327, 2, 4.447197898996819, 30, 369870, 369870, 0.03927772492170334, 2.302241563796997
1048, -17.125801641494036, 2, 4.44534426300379, 30, 369900, 369900, 0.03652764484286308, 2.2987921237945557
1049, -17.081826735287905, 2, 4.448136546998285, 30, 369930, 369930, 0.03863227739930153, 2.279099941253662
1050, -17.063635259866714, 2, 4.456137473003764, 30, 369960, 369960, 0.04630875214934349, 2.318324089050293
1051, -17.290253270417452, 2, 4.448701162000361, 30, 369990, 369990, 0.044281069189310074, 2.3439486026763916
1052, -17.13420545309782, 2, 4.484758298996894, 30, 370020, 370020, 0.039688050746917725, 2.3577089309692383
1053, -17.13870817795396, 2, 4.4421190329958335, 30, 370050, 370050, 0.030675271525979042, 2.277770757675171
1054, -17.204424761235714, 2, 4.423864425996726, 30, 370080, 370080, 0.037924088537693024, 2.279951333999634
1055, -17.24878092110157, 2, 4.4509207399969455, 30, 370110, 370110, 0.03771845996379852, 2.3310914039611816
1056, -17.25420968979597, 2, 4.471953931999451, 30, 370140, 370140, 0.039295244961977005, 2.3347280025482178
1057, -17.208607904613018, 2, 4.437545752996812, 30, 370170, 370170, 0.035794805735349655, 2.2950685024261475
1058, -17.2032176181674, 2, 4.449085018000915, 30, 370200, 370200, 0.039921049028635025, 2.315619468688965
1059, -17.228976614773273, 2, 4.478749447996961, 30, 370230, 370230, 0.036429617553949356, 2.3300843238830566
1060, -17.168811731040478, 2, 4.468687455999316, 30, 370260, 370260, 0.03799595311284065, 2.3198673725128174
1061, -17.166514061391354, 2, 4.431460369996785, 30, 370290, 370290, 0.06301924586296082, 2.3490192890167236
1062, -17.049555987119675, 2, 4.4455807199992705, 30, 370320, 370320, 0.03414343670010567, 2.3202812671661377
1063, -17.084880623966455, 2, 4.45439093800087, 30, 370350, 370350, 0.05784100294113159, 2.363697052001953
1064, -16.90525223314762, 2, 4.4772157370025525, 30, 370380, 370380, 0.0400821752846241, 2.326878309249878
1065, -16.785040318965912, 2, 4.466965433006408, 30, 370410, 370410, 0.03962194174528122, 2.3374414443969727
1066, -16.91808744892478, 2, 4.461299593000149, 30, 370440, 370440, 0.04155194014310837, 2.33221697807312
1067, -16.93734396994114, 2, 4.4622642129979795, 30, 370470, 370470, 0.03924086317420006, 2.2768759727478027
1068, -16.863235883414745, 2, 4.48535936200642, 30, 370500, 370500, 0.038189444690942764, 2.333632469177246
1069, -16.93292547389865, 2, 4.4509207520022755, 30, 370530, 370530, 0.046951789408922195, 2.2772066593170166
1070, -16.916333101689816, 2, 4.472933990000456, 30, 370560, 370560, 0.038410965353250504, 2.294825792312622
1071, -17.034790318459272, 2, 4.440184247003344, 30, 370590, 370590, 0.03995038568973541, 2.3462069034576416
1072, -17.05004707351327, 2, 4.476251695996325, 30, 370620, 370620, 0.05750957503914833, 2.302112340927124
1073, -17.065321289002895, 2, 4.4619864679989405, 30, 370650, 370650, 0.05626322701573372, 2.3281543254852295
1074, -17.01660319045186, 2, 4.481199355999706, 30, 370680, 370680, 0.04039950296282768, 2.326923370361328
1075, -16.995380025357008, 2, 4.480382567999186, 30, 370710, 370710, 0.04638070613145828, 2.327948570251465
1076, -16.922578677535057, 2, 4.454693540996232, 30, 370740, 370740, 0.06181361526250839, 2.352729082107544
1077, -17.01648063212633, 2, 4.441100659001677, 30, 370770, 370770, 0.04923206567764282, 2.340167284011841
1078, -16.969140853732824, 2, 4.470205347002775, 30, 370800, 370800, 0.04512979835271835, 2.3216028213500977
1079, -16.99904965236783, 2, 4.437340217999008, 30, 370830, 370830, 0.049358028918504715, 2.310436487197876
1080, -17.11461591720581, 2, 4.460506102994259, 30, 370860, 370860, 0.046436890959739685, 2.340862512588501
1081, -17.259229853749275, 2, 4.422179203000269, 30, 370890, 370890, 0.05243038386106491, 2.348598003387451
1082, -17.19822008162737, 2, 4.466791521997948, 30, 370920, 370920, 0.046217795461416245, 2.3090596199035645
1083, -17.21259142458439, 2, 4.455534527995042, 30, 370950, 370950, 0.04605860263109207, 2.27586030960083
1084, -17.10758026689291, 2, 4.435284637998848, 30, 370980, 370980, 0.03991030529141426, 2.3458850383758545
1085, -17.20256470143795, 2, 4.452011394001602, 30, 371010, 371010, 0.03643257915973663, 2.3368797302246094
1086, -17.32651560753584, 2, 4.472206712998741, 30, 371040, 371040, 0.059478141367435455, 2.3442156314849854
1087, -17.183498486876488, 2, 4.454518120001012, 30, 371070, 371070, 0.04759509488940239, 2.2777419090270996
1088, -17.174009673297405, 2, 4.456714484993427, 30, 371100, 371100, 0.04198732227087021, 2.312708616256714
1089, -17.20889752358198, 2, 4.467350238999643, 30, 371130, 371130, 0.032931163907051086, 2.3143744468688965
1090, -17.112817123532295, 2, 4.474601976995473, 30, 371160, 371160, 0.04214726760983467, 2.329561471939087
1091, -17.165210746228695, 2, 4.4370732469978975, 30, 371190, 371190, 0.04846225678920746, 2.3306427001953125
1092, -17.147167295217514, 2, 4.459748020999541, 30, 371220, 371220, 0.05274679511785507, 2.2767796516418457
1093, -17.13254949077964, 2, 4.463238794000063, 30, 371250, 371250, 0.04537874087691307, 2.2701427936553955
1094, -17.08828253298998, 2, 4.448897207003029, 30, 371280, 371280, 0.0367656908929348, 2.3566009998321533
1095, -17.043609507381916, 2, 4.457663213004707, 30, 371310, 371310, 0.04712687432765961, 2.3366594314575195
1096, -17.047054033726454, 2, 4.51384554499964, 30, 371340, 371340, 0.04500482976436615, 2.329636335372925
1097, -17.078682515770197, 2, 4.501357077999273, 30, 371370, 371370, 0.040277257561683655, 2.2727911472320557
1098, -16.989538922905922, 2, 4.471520116996544, 30, 371400, 371400, 0.06112383306026459, 2.3406684398651123
1099, -16.97764378413558, 2, 4.453887283998483, 30, 371430, 371430, 0.04902986064553261, 2.3273165225982666
1100, -16.905402660369873, 2, 4.464498102999642, 30, 371460, 371460, 0.040828801691532135, 2.3304896354675293
1101, -16.92045544460416, 2, 4.475987714002258, 30, 371490, 371490, 0.0546654649078846, 2.323772430419922
1102, -16.96979808062315, 2, 4.459872600004019, 30, 371520, 371520, 0.06702300161123276, 2.3839242458343506
1103, -16.976926747709513, 2, 4.489480086995172, 30, 371550, 371550, 0.03542239964008331, 2.3241055011749268
1104, -17.100352488458157, 2, 4.475746288000664, 30, 371580, 371580, 0.0521831177175045, 2.3221278190612793
1105, -17.169494703412056, 2, 4.481600517996412, 30, 371610, 371610, 0.05235052853822708, 2.3201329708099365
1106, -17.10152307897806, 2, 4.471575310999469, 30, 371640, 371640, 0.044627733528614044, 2.3282556533813477
1107, -17.085894592106342, 2, 4.446405756003514, 30, 371670, 371670, 0.050936877727508545, 2.2856011390686035
1108, -16.965787809342146, 2, 4.455566283002554, 30, 371700, 371700, 0.048959411680698395, 2.323478937149048
1109, -16.84351009503007, 2, 4.462653811002383, 30, 371730, 371730, 0.03800533339381218, 2.3494913578033447
1110, -16.799188442528248, 2, 4.459904452000046, 30, 371760, 371760, 0.04799880459904671, 2.3553314208984375
1111, -17.034942377358675, 2, 4.450407748998259, 30, 371790, 371790, 0.044829998165369034, 2.3369879722595215
1112, -17.03911767527461, 2, 4.450476448997506, 30, 371820, 371820, 0.05294981971383095, 2.279064416885376
1113, -17.106773518025875, 2, 4.466350258997409, 30, 371850, 371850, 0.042959097772836685, 2.331439256668091
1114, -17.06922385841608, 2, 4.479866232999484, 30, 371880, 371880, 0.04778748378157616, 2.3396713733673096
1115, -17.03141973912716, 2, 4.443729775004613, 30, 371910, 371910, 0.04366154596209526, 2.3038487434387207
1116, -16.927333764731884, 2, 4.443924826999137, 30, 371940, 371940, 0.03542207181453705, 2.32463002204895
1117, -17.031366132199764, 2, 4.454568508997909, 30, 371970, 371970, 0.036133844405412674, 2.3557052612304688
1118, -17.051973786205053, 2, 4.454785802001425, 30, 372000, 372000, 0.05973067507147789, 2.332383871078491
1119, -17.18185007944703, 2, 4.460369648004416, 30, 372030, 372030, 0.044877927750349045, 2.330303192138672
1120, -17.122122664004564, 2, 4.437894589005737, 30, 372060, 372060, 0.05268735811114311, 2.3348066806793213
1121, -17.178772665560246, 2, 4.447631247006939, 30, 372090, 372090, 0.04297809675335884, 2.319415807723999
1122, -17.173425801098347, 2, 4.456022015001508, 30, 372120, 372120, 0.03802027925848961, 2.278787136077881
1123, -17.218130968511105, 2, 4.461957869003527, 30, 372150, 372150, 0.05469464138150215, 2.337733268737793
1124, -17.27715688198805, 2, 4.442903045004641, 30, 372180, 372180, 0.042280685156583786, 2.329089641571045
1125, -17.232658445835114, 2, 4.448865286001819, 30, 372210, 372210, 0.04996752738952637, 2.3524487018585205
1126, -17.210730604827404, 2, 4.456378151997342, 30, 372240, 372240, 0.034933608025312424, 2.3349719047546387
1127, -17.11524023115635, 2, 4.456776920997072, 30, 372270, 372270, 0.04178148880600929, 2.337937116622925
1128, -17.143997579813004, 2, 4.458303588995477, 30, 372300, 372300, 0.052182387560606, 2.3383567333221436
1129, -17.078517377376556, 2, 4.484877757000504, 30, 372330, 372330, 0.04241452366113663, 2.283315896987915
1130, -17.065090510994196, 2, 4.478174468000361, 30, 372360, 372360, 0.03410528600215912, 2.337277889251709
1131, -17.044227968901396, 2, 4.4809170509979594, 30, 372390, 372390, 0.04385889321565628, 2.3432135581970215
1132, -17.049537479877472, 2, 4.46665191899956, 30, 372420, 372420, 0.04310603812336922, 2.2945683002471924
1133, -17.09600129723549, 2, 4.455824562006455, 30, 372450, 372450, 0.07201021164655685, 2.2979836463928223
1134, -17.197737589478493, 2, 4.458660725002119, 30, 372480, 372480, 0.04741043597459793, 2.3050577640533447
1135, -17.054024673998356, 2, 4.4504210199957015, 30, 372510, 372510, 0.039869364351034164, 2.3601903915405273
1136, -17.098949268460274, 2, 4.4467686640055035, 30, 372540, 372540, 0.03421815112233162, 2.3389196395874023
1137, -17.04026421159506, 2, 4.436981167003978, 30, 372570, 372570, 0.039722640067338943, 2.322768211364746
1138, -17.04660279676318, 2, 4.4346796099998755, 30, 372600, 372600, 0.04323212057352066, 2.322580099105835
1139, -17.09260891377926, 2, 4.471068357997865, 30, 372630, 372630, 0.04465074837207794, 2.2902796268463135
1140, -17.18302222341299, 2, 4.4801463069961756, 30, 372660, 372660, 0.04404185339808464, 2.345531463623047
1141, -17.227111361920834, 2, 4.456583054998191, 30, 372690, 372690, 0.04511277377605438, 2.3107779026031494
1142, -17.10394813120365, 2, 4.4536852539968095, 30, 372720, 372720, 0.04234960302710533, 2.3618884086608887
1143, -16.935997616499662, 2, 4.488981642003637, 30, 372750, 372750, 0.05202116444706917, 2.3554162979125977
1144, -17.068190228194, 2, 4.452018108997436, 30, 372780, 372780, 0.0382295623421669, 2.324868679046631
1145, -17.023207537829876, 2, 4.476953040000808, 30, 372810, 372810, 0.042210884392261505, 2.356600046157837
1146, -17.171056274324656, 2, 4.449855851999018, 30, 372840, 372840, 0.04906879737973213, 2.4053494930267334
1147, -16.944131791591644, 2, 4.469679763999011, 30, 372870, 372870, 0.05229806527495384, 2.2677600383758545
1148, -16.89680962637067, 2, 4.475874802003091, 30, 372900, 372900, 0.04280728101730347, 2.3371849060058594
1149, -16.917220573872328, 2, 4.4581203870038735, 30, 372930, 372930, 0.04025207832455635, 2.3616011142730713
1150, -17.16643263399601, 2, 4.456605261999357, 30, 372960, 372960, 0.04848644882440567, 2.322300434112549
1151, -17.18501567840576, 2, 4.454161377994751, 30, 372990, 372990, 0.05906374007463455, 2.348323345184326
1152, -17.165857642889023, 2, 4.491774456997518, 30, 373020, 373020, 0.049279678612947464, 2.377335786819458
1153, -17.08182640746236, 2, 4.498294124001404, 30, 373050, 373050, 0.04009518399834633, 2.3526418209075928
1154, -17.10503777116537, 2, 4.456885992003663, 30, 373080, 373080, 0.051382921636104584, 2.3440372943878174
1155, -17.172807667404413, 2, 4.432778480993875, 30, 373110, 373110, 0.04523542895913124, 2.2822554111480713
1156, -17.123518206179142, 2, 4.504088076995686, 30, 373140, 373140, 0.04328190162777901, 2.3441593647003174
1157, -17.157680422067642, 2, 4.446555406000698, 30, 373170, 373170, 0.05243973061442375, 2.3324334621429443
1158, -17.090032935142517, 2, 4.463977956002054, 30, 373200, 373200, 0.047455355525016785, 2.3114213943481445
1159, -17.07007434219122, 2, 4.448344129996258, 30, 373230, 373230, 0.06746672093868256, 2.344700574874878
1160, -17.177961006760597, 2, 4.460256225000194, 30, 373260, 373260, 0.05853111296892166, 2.3574299812316895
1161, -17.228007555007935, 2, 4.471492976001173, 30, 373290, 373290, 0.052948255091905594, 2.3230557441711426
1162, -17.210044354200363, 2, 4.4381980580001255, 30, 373320, 373320, 0.05119967833161354, 2.350130319595337
1163, -17.359522715210915, 2, 4.460744997995789, 30, 373350, 373350, 0.04437621682882309, 2.3752763271331787
1164, -17.315647281706333, 2, 4.501355918997433, 30, 373380, 373380, 0.052120886743068695, 2.3759114742279053
1165, -17.27258788049221, 2, 4.483973099995637, 30, 373410, 373410, 0.03698055073618889, 2.3059325218200684
1166, -17.22436387091875, 2, 4.460822394001298, 30, 373440, 373440, 0.04010710492730141, 2.2842013835906982
1167, -17.154689371585846, 2, 4.486964684998384, 30, 373470, 373470, 0.037784866988658905, 2.338226556777954
1168, -17.333744190633297, 2, 4.455535960994894, 30, 373500, 373500, 0.02915150672197342, 2.351515293121338
1169, -17.290482848882675, 2, 4.4462107959989225, 30, 373530, 373530, 0.04414425417780876, 2.311058759689331
1170, -17.26463145762682, 2, 4.460379689997353, 30, 373560, 373560, 0.05869675427675247, 2.3367409706115723
1171, -17.254695042967796, 2, 4.469863983998948, 30, 373590, 373590, 0.06076066941022873, 2.319343328475952
1172, -17.324228532612324, 2, 4.470991012996819, 30, 373620, 373620, 0.04972415044903755, 2.295820474624634
1173, -17.323549427092075, 2, 4.4528057370043825, 30, 373650, 373650, 0.05766825005412102, 2.3202178478240967
1174, -17.33365824073553, 2, 4.463786268999684, 30, 373680, 373680, 0.045882973819971085, 2.3908350467681885
1175, -17.311976477503777, 2, 4.45200084199314, 30, 373710, 373710, 0.06108628213405609, 2.3653411865234375
1176, -17.229796908795834, 2, 4.457630190998316, 30, 373740, 373740, 0.04747996851801872, 2.361689567565918
1177, -17.26361735165119, 2, 4.439590990994475, 30, 373770, 373770, 0.064041867852211, 2.3803369998931885
1178, -16.96446618437767, 2, 4.47355143900495, 30, 373800, 373800, 0.04830700904130936, 2.2964935302734375
1179, -17.121384348720312, 2, 4.469062820004183, 30, 373830, 373830, 0.048879314213991165, 2.3489034175872803
1180, -17.328148737549782, 2, 4.520362260998809, 30, 373860, 373860, 0.049417708069086075, 2.347794532775879
1181, -17.296917766332626, 2, 4.470815501001198, 30, 373890, 373890, 0.03732910379767418, 2.3487799167633057
1182, -17.287116654217243, 2, 4.479243629000848, 30, 373920, 373920, 0.04048112407326698, 2.353605031967163
1183, -17.317347064614296, 2, 4.473723458002496, 30, 373950, 373950, 0.0383417010307312, 2.3213675022125244
1184, -17.313828706741333, 2, 4.435620629999903, 30, 373980, 373980, 0.06215554103255272, 2.3826560974121094
1185, -17.314415514469147, 2, 4.453141728001356, 30, 374010, 374010, 0.04070689529180527, 2.3052704334259033
1186, -17.236031867563725, 2, 4.4505686330012395, 30, 374040, 374040, 0.05690706893801689, 2.3202974796295166
1187, -17.26371432468295, 2, 4.458858724996389, 30, 374070, 374070, 0.04183267429471016, 2.398439884185791
1188, -17.326396107673645, 2, 4.498801194000407, 30, 374100, 374100, 0.040670979768037796, 2.3723485469818115
1189, -17.295899868011475, 2, 4.451707947999239, 30, 374130, 374130, 0.04694612696766853, 2.358039379119873
1190, -17.222043335437775, 2, 4.471212331998686, 30, 374160, 374160, 0.04865803197026253, 2.3602895736694336
1191, -17.230686247348785, 2, 4.5157038969991845, 30, 374190, 374190, 0.07287580519914627, 2.3644156455993652
1192, -17.1863619312644, 2, 4.435921819000214, 30, 374220, 374220, 0.04281866177916527, 2.322319984436035
1193, -17.232320971786976, 2, 4.461893034000241, 30, 374250, 374250, 0.050553783774375916, 2.401113986968994
1194, -17.307086803019047, 2, 4.505493595999724, 30, 374280, 374280, 0.044277843087911606, 2.3698573112487793
1195, -17.275929287075996, 2, 4.436762718993123, 30, 374310, 374310, 0.04609382152557373, 2.3394150733947754
1196, -17.30942317098379, 2, 4.46320900900173, 30, 374340, 374340, 0.053432416170835495, 2.334301471710205
1197, -17.226604469120502, 2, 4.462877612997545, 30, 374370, 374370, 0.05542508140206337, 2.366907835006714
1198, -17.209457956254482, 2, 4.478782051002781, 30, 374400, 374400, 0.05851423740386963, 2.3316433429718018
1199, -17.227443490177393, 2, 4.453479354000592, 30, 374430, 374430, 0.04834705963730812, 2.3615450859069824
1200, -17.142250947654247, 2, 4.476009896003234, 30, 374460, 374460, 0.03675726801156998, 2.326447010040283
1201, -16.578861620277166, 2, 4.43411794599524, 30, 374490, 374490, 0.044647566974163055, 2.3709778785705566
1202, -16.545861322432756, 2, 4.4684630679985275, 30, 374520, 374520, 0.053449150174856186, 2.3382821083068848
1203, -16.56047024205327, 2, 4.476375350001035, 30, 374550, 374550, 0.05092236027121544, 2.3955962657928467
1204, -16.579483468085527, 2, 4.493356389000837, 30, 374580, 374580, 0.04670492187142372, 2.366081476211548
1205, -16.608049467206, 2, 4.4451346390051185, 30, 374610, 374610, 0.053709257394075394, 2.3513786792755127
1206, -16.670577988028526, 2, 4.470865880997735, 30, 374640, 374640, 0.04493962973356247, 2.3452773094177246
1207, -16.831732656806707, 2, 4.467937920002441, 30, 374670, 374670, 0.03995058685541153, 2.3781754970550537
1208, -16.797015070915222, 2, 4.4652298410001094, 30, 374700, 374700, 0.05988176167011261, 2.371089220046997
1209, -16.81515373289585, 2, 4.4656031069971505, 30, 374730, 374730, 0.04429187998175621, 2.3816282749176025
1210, -16.839719008654356, 2, 4.442691793999984, 30, 374760, 374760, 0.053252387791872025, 2.3539459705352783
1211, -16.831448286771774, 2, 4.470364466003957, 30, 374790, 374790, 0.05700427666306496, 2.3479037284851074
1212, -16.79186235740781, 2, 4.468810323996877, 30, 374820, 374820, 0.051611192524433136, 2.353480339050293
1213, -16.865201890468597, 2, 4.477195845000097, 30, 374850, 374850, 0.062129516154527664, 2.385418653488159
1214, -16.79969683289528, 2, 4.484485660002974, 30, 374880, 374880, 0.046058494597673416, 2.317169427871704
1215, -16.829110126942396, 2, 4.477463021998119, 30, 374910, 374910, 0.048725709319114685, 2.3362557888031006
1216, -16.788672659546137, 2, 4.467222237995884, 30, 374940, 374940, 0.04451318085193634, 2.3595075607299805
1217, -17.136907178908587, 2, 4.477080210002896, 30, 374970, 374970, 0.044561322778463364, 2.370054006576538
1218, -17.03615877404809, 2, 4.471776435006177, 30, 375000, 375000, 0.04909664765000343, 2.3437469005584717
1219, -17.141400270164013, 2, 4.460221128996636, 30, 375030, 375030, 0.04944338649511337, 2.3165061473846436
1220, -16.935414422303438, 2, 4.454846669003018, 30, 375060, 375060, 0.06139439344406128, 2.406130313873291
1221, -17.013358112424612, 2, 4.446117006002169, 30, 375090, 375090, 0.05539556220173836, 2.3493504524230957
1222, -17.17610475793481, 2, 4.446692192002956, 30, 375120, 375120, 0.038645997643470764, 2.3181159496307373
1223, -17.19120680168271, 2, 4.46393718499894, 30, 375150, 375150, 0.04973661154508591, 2.365046977996826
1224, -17.035367988049984, 2, 4.473808918999566, 30, 375180, 375180, 0.05687384307384491, 2.3570826053619385
1225, -17.00873726978898, 2, 4.496141994000936, 30, 375210, 375210, 0.06693433225154877, 2.4164154529571533
1226, -16.955394867807627, 2, 4.483010729003581, 30, 375240, 375240, 0.06119367852807045, 2.421978712081909
1227, -16.97380940616131, 2, 4.487163846002659, 30, 375270, 375270, 0.04843958467245102, 2.3502399921417236
1228, -16.89718897268176, 2, 4.46126257799915, 30, 375300, 375300, 0.04419746622443199, 2.3889570236206055
1229, -17.07088627293706, 2, 4.490957777998119, 30, 375330, 375330, 0.08281757682561874, 2.3788132667541504
1230, -17.0218760445714, 2, 4.50071547999687, 30, 375360, 375360, 0.041328273713588715, 2.368281602859497
1231, -16.95579433813691, 2, 4.476842310999928, 30, 375390, 375390, 0.05636001378297806, 2.3652966022491455
1232, -17.03830812871456, 2, 4.471943195996573, 30, 375420, 375420, 0.04910726100206375, 2.3256752490997314
1233, -17.001076608896255, 2, 4.506321116001345, 30, 375450, 375450, 0.05154641345143318, 2.3676679134368896
1234, -17.088916793465614, 2, 4.481436879999819, 30, 375480, 375480, 0.05612792447209358, 2.4036614894866943
1235, -17.00252401828766, 2, 4.465931799997634, 30, 375510, 375510, 0.04621267318725586, 2.409990072250366
1236, -17.035455521196127, 2, 4.495787838000979, 30, 375540, 375540, 0.07066890597343445, 2.3433837890625
1237, -16.92633558064699, 2, 4.503422406000027, 30, 375570, 375570, 0.08492329716682434, 2.374931812286377
1238, -16.876086112111807, 2, 4.492711687998963, 30, 375600, 375600, 0.04945778474211693, 2.358264207839966
1239, -16.913486655801535, 2, 4.486138337000739, 30, 375630, 375630, 0.06545177102088928, 2.352349042892456
1240, -16.89243083819747, 2, 4.4565230650041485, 30, 375660, 375660, 0.05873141437768936, 2.380774974822998
1241, -17.01357151195407, 2, 4.489861852001923, 30, 375690, 375690, 0.0682072564959526, 2.4175164699554443
1242, -17.0354413241148, 2, 4.454790948999289, 30, 375720, 375720, 0.06672444939613342, 2.3588507175445557
1243, -17.170447297394276, 2, 4.446933175000595, 30, 375750, 375750, 0.05360010638833046, 2.390028476715088
1244, -17.029308829456568, 2, 4.459607714998128, 30, 375780, 375780, 0.04511077329516411, 2.347567319869995
1245, -16.92419335618615, 2, 4.445128135004779, 30, 375810, 375810, 0.048436153680086136, 2.3863673210144043
1246, -16.976927239447832, 2, 4.447845890994358, 30, 375840, 375840, 0.03420034423470497, 2.394773006439209
1247, -16.972561933100224, 2, 4.465989852003986, 30, 375870, 375870, 0.04624169319868088, 2.365605115890503
1248, -16.902067568153143, 2, 4.503441735003435, 30, 375900, 375900, 0.04998137801885605, 2.3546478748321533
1249, -16.968812197446823, 2, 4.48967932099913, 30, 375930, 375930, 0.04996543750166893, 2.366516351699829
1250, -16.94636458158493, 2, 4.4686863949973485, 30, 375960, 375960, 0.07220924645662308, 2.357945442199707
1251, -16.952771566808224, 2, 4.4778580600032, 30, 375990, 375990, 0.045788589864969254, 2.3379714488983154
1252, -16.977449908852577, 2, 4.457699111000693, 30, 376020, 376020, 0.05596562847495079, 2.3411684036254883
1253, -16.983301490545273, 2, 4.485413962996972, 30, 376050, 376050, 0.042180903255939484, 2.408776044845581
1254, -17.010695043951273, 2, 4.482378561995574, 30, 376080, 376080, 0.04158135503530502, 2.4096899032592773
1255, -17.053232051432133, 2, 4.492959227995016, 30, 376110, 376110, 0.06520308554172516, 2.3828301429748535
1256, -17.096001006662846, 2, 4.487821558002906, 30, 376140, 376140, 0.06293801218271255, 2.4138081073760986
1257, -16.931932289153337, 2, 4.459054265003942, 30, 376170, 376170, 0.04653409495949745, 2.4208781719207764
1258, -16.81349043548107, 2, 4.4807036480051465, 30, 376200, 376200, 0.04547601565718651, 2.356208086013794
1259, -16.78139579668641, 2, 4.4949095099946135, 30, 376230, 376230, 0.04780583828687668, 2.353693723678589
1260, -16.98956760019064, 2, 4.502544303999457, 30, 376260, 376260, 0.04840816184878349, 2.3740317821502686
1261, -16.90442553907633, 2, 4.4665651859977515, 30, 376290, 376290, 0.04848383367061615, 2.385810613632202
1262, -17.016389597207308, 2, 4.480878131995269, 30, 376320, 376320, 0.04165984317660332, 2.383178234100342
1263, -16.940370809286833, 2, 4.47814115199435, 30, 376350, 376350, 0.05237523838877678, 2.415480613708496
1264, -16.933831926435232, 2, 4.496132833002775, 30, 376380, 376380, 0.0502164289355278, 2.34808087348938
1265, -16.99243090301752, 2, 4.485025945999951, 30, 376410, 376410, 0.058266982436180115, 2.3263354301452637
1266, -16.813247054815292, 2, 4.463347231001535, 30, 376440, 376440, 0.04634926840662956, 2.4193568229675293
1267, -16.807256799191236, 2, 4.457442975995946, 30, 376470, 376470, 0.07193047553300858, 2.373352527618408
1268, -16.82829988002777, 2, 4.455722548998892, 30, 376500, 376500, 0.05269445478916168, 2.392529010772705
1269, -16.984467457979918, 2, 4.476089756004512, 30, 376530, 376530, 0.06420350819826126, 2.3666749000549316
1270, -17.212529107928276, 2, 4.462891010996827, 30, 376560, 376560, 0.05479830130934715, 2.3731768131256104
1271, -17.147122912108898, 2, 4.459430615999736, 30, 376590, 376590, 0.07000903785228729, 2.4174230098724365
1272, -16.801427152007818, 2, 4.463757956997142, 30, 376620, 376620, 0.08774802088737488, 2.3997855186462402
1273, -16.73203344270587, 2, 4.465390687000763, 30, 376650, 376650, 0.05528510734438896, 2.3385496139526367
1274, -16.688036538660526, 2, 4.472018054999353, 30, 376680, 376680, 0.04502139985561371, 2.3999788761138916
1275, -16.62952372431755, 2, 4.496035830001347, 30, 376710, 376710, 0.060287218540906906, 2.3437249660491943
1276, -16.62710066139698, 2, 4.451184951998584, 30, 376740, 376740, 0.05629637464880943, 2.343691825866699
1277, -16.59830341488123, 2, 4.508274961001007, 30, 376770, 376770, 0.04551923647522926, 2.361837148666382
1278, -16.65781369432807, 2, 4.482231900998158, 30, 376800, 376800, 0.05625057965517044, 2.379241466522217
1279, -16.688425227999687, 2, 4.455129353002121, 30, 376830, 376830, 0.06170530244708061, 2.3323333263397217
1280, -16.730766024440527, 2, 4.467464768997161, 30, 376860, 376860, 0.05129251256585121, 2.387770414352417
1281, -16.69310823455453, 2, 4.471292551999795, 30, 376890, 376890, 0.06341880559921265, 2.3940553665161133
1282, -16.807401798665524, 2, 4.469553393995739, 30, 376920, 376920, 0.06139085069298744, 2.412053346633911
1283, -16.713431268930435, 2, 4.480835041002138, 30, 376950, 376950, 0.04414121434092522, 2.3653249740600586
1284, -16.79823439568281, 2, 4.474168647000624, 30, 376980, 376980, 0.0435652993619442, 2.4058141708374023
1285, -16.711832590401173, 2, 4.491629357995407, 30, 377010, 377010, 0.04863039031624794, 2.3722124099731445
1286, -16.701336849480867, 2, 4.493164441999397, 30, 377040, 377040, 0.05632083863019943, 2.3827340602874756
1287, -16.807620503008366, 2, 4.458266219997313, 30, 377070, 377070, 0.052884526550769806, 2.3709769248962402
1288, -16.859859626740217, 2, 4.485953900002642, 30, 377100, 377100, 0.05405835434794426, 2.4067342281341553
1289, -16.760862972587347, 2, 4.476528186001815, 30, 377130, 377130, 0.07118070125579834, 2.386397361755371
1290, -16.876872062683105, 2, 4.50432928599912, 30, 377160, 377160, 0.038889121264219284, 2.3663549423217773
1291, -16.894990146160126, 2, 4.475244394001493, 30, 377190, 377190, 0.05096149444580078, 2.381514310836792
1292, -16.911324489861727, 2, 4.51447620599356, 30, 377220, 377220, 0.049978386610746384, 2.4018781185150146
1293, -17.00048963353038, 2, 4.472424876999867, 30, 377250, 377250, 0.06608352810144424, 2.4055771827697754
1294, -16.948510482907295, 2, 4.464601985004265, 30, 377280, 377280, 0.0582457110285759, 2.3925271034240723
1295, -17.06208274886012, 2, 4.485520146998169, 30, 377310, 377310, 0.06561009585857391, 2.349848747253418
1296, -16.769875690340996, 2, 4.466629679001926, 30, 377340, 377340, 0.05666390433907509, 2.3660407066345215
1297, -16.914055809378624, 2, 4.471150682998996, 30, 377370, 377370, 0.07347597181797028, 2.426818370819092
1298, -16.739386830478907, 2, 4.479060151003068, 30, 377400, 377400, 0.05943196639418602, 2.386934995651245
1299, -16.780464950948954, 2, 4.476604258001316, 30, 377430, 377430, 0.05125293880701065, 2.4201600551605225
1300, -16.9040397554636, 2, 4.468122766003944, 30, 377460, 377460, 0.06868331134319305, 2.384504795074463
1301, -17.013817075639963, 2, 4.510275811997417, 30, 377490, 377490, 0.05478249490261078, 2.371574878692627
1302, -16.970942452549934, 2, 4.473589051005547, 30, 377520, 377520, 0.06190294399857521, 2.408693790435791
1303, -16.816732864826918, 2, 4.456220765998296, 30, 377550, 377550, 0.05901032313704491, 2.3788695335388184
1304, -16.794426161795855, 2, 4.485249056000612, 30, 377580, 377580, 0.04258657619357109, 2.428706407546997
1305, -16.62991501763463, 2, 4.495439179001551, 30, 377610, 377610, 0.05019094794988632, 2.3974785804748535
1306, -16.623331129550934, 2, 4.454624518999481, 30, 377640, 377640, 0.048065777868032455, 2.4269328117370605
1307, -16.64893738552928, 2, 4.496083134996297, 30, 377670, 377670, 0.055047933012247086, 2.411308526992798
1308, -16.69793087989092, 2, 4.472577918000752, 30, 377700, 377700, 0.05023907124996185, 2.3529090881347656
1309, -16.807221587747335, 2, 4.474148964000051, 30, 377730, 377730, 0.05021222308278084, 2.366344690322876
1310, -16.77659371122718, 2, 4.482252859001164, 30, 377760, 377760, 0.0404510423541069, 2.397007465362549
1311, -16.92977900803089, 2, 4.492714279003849, 30, 377790, 377790, 0.05094548687338829, 2.400681972503662
1312, -16.918573901057243, 2, 4.504274239996448, 30, 377820, 377820, 0.06269880384206772, 2.3586790561676025
1313, -16.87266207486391, 2, 4.479430444000172, 30, 377850, 377850, 0.06654439121484756, 2.3759093284606934
1314, -16.708507101982832, 2, 4.459086032999039, 30, 377880, 377880, 0.06628665328025818, 2.431570291519165
1315, -16.615844827145338, 2, 4.465815203002421, 30, 377910, 377910, 0.05199994146823883, 2.400784969329834
1316, -16.565856728702784, 2, 4.496631116002391, 30, 377940, 377940, 0.04174139350652695, 2.41351580619812
1317, -16.570591252297163, 2, 4.500136679002026, 30, 377970, 377970, 0.05761994421482086, 2.3944332599639893
1318, -16.62948863580823, 2, 4.456896039002459, 30, 378000, 378000, 0.05374056100845337, 2.3680224418640137
1319, -16.645584389567375, 2, 4.490672029998677, 30, 378030, 378030, 0.05591266229748726, 2.378110647201538
1320, -16.708354778587818, 2, 4.48423407899827, 30, 378060, 378060, 0.044867292046546936, 2.3880772590637207
1321, -16.784641567617655, 2, 4.486388183002418, 30, 378090, 378090, 0.04019039869308472, 2.403998851776123
1322, -16.681748144328594, 2, 4.49106304399902, 30, 378120, 378120, 0.039365287870168686, 2.375566244125366
1323, -16.59210279211402, 2, 4.501255782000953, 30, 378150, 378150, 0.07088812440633774, 2.416388511657715
1324, -16.73888187482953, 2, 4.459743318002438, 30, 378180, 378180, 0.05500316992402077, 2.4176435470581055
1325, -16.63605896010995, 2, 4.462337572003889, 30, 378210, 378210, 0.049956247210502625, 2.41622257232666
1326, -16.59304704517126, 2, 4.46519354400516, 30, 378240, 378240, 0.06927995383739471, 2.3976995944976807
1327, -16.614069905132055, 2, 4.476858198999253, 30, 378270, 378270, 0.05828143283724785, 2.4045119285583496
1328, -16.56546575948596, 2, 4.5041183159992215, 30, 378300, 378300, 0.060895126312971115, 2.386460304260254
1329, -16.60826873406768, 2, 4.481196530003217, 30, 378330, 378330, 0.055637117475271225, 2.3695366382598877
1330, -16.59254201501608, 2, 4.4756283550013904, 30, 378360, 378360, 0.0659705325961113, 2.3899216651916504
1331, -16.620723456144333, 2, 4.475057024996204, 30, 378390, 378390, 0.05794422701001167, 2.3391900062561035
1332, -16.613433752208948, 2, 4.489663164000376, 30, 378420, 378420, 0.05975012481212616, 2.413973808288574
1333, -16.601659208536148, 2, 4.464262682995468, 30, 378450, 378450, 0.052224885672330856, 2.384568214416504
1334, -16.70258081331849, 2, 4.51188959099818, 30, 378480, 378480, 0.07217641174793243, 2.3648922443389893
1335, -16.674498308449984, 2, 4.452248011002666, 30, 378510, 378510, 0.05174857750535011, 2.3712477684020996
1336, -16.746553983539343, 2, 4.442373489000602, 30, 378540, 378540, 0.0475008487701416, 2.3881614208221436
1337, -16.597741473466158, 2, 4.478583495001658, 30, 378570, 378570, 0.05780772864818573, 2.40497088432312
1338, -16.60592069849372, 2, 4.48801288499817, 30, 378600, 378600, 0.06773846596479416, 2.423480749130249
1339, -16.65551035106182, 2, 4.463434721001249, 30, 378630, 378630, 0.07296648621559143, 2.4134228229522705
1340, -16.588734030723572, 2, 4.4890638230062905, 30, 378660, 378660, 0.04880469664931297, 2.372035264968872
1341, -16.620976995676756, 2, 4.490431236001314, 30, 378690, 378690, 0.06686373054981232, 2.38773250579834
1342, -16.71264910325408, 2, 4.507359150004049, 30, 378720, 378720, 0.06992069631814957, 2.4110589027404785
1343, -16.796129547059536, 2, 4.5055708270010655, 30, 378750, 378750, 0.06009708344936371, 2.43042254447937
1344, -16.64230888336897, 2, 4.486083640003926, 30, 378780, 378780, 0.06428598612546921, 2.3979132175445557
1345, -16.55718854814768, 2, 4.478326933996868, 30, 378810, 378810, 0.06096961721777916, 2.419661521911621
1346, -16.555204067379236, 2, 4.498802027999773, 30, 378840, 378840, 0.0710669681429863, 2.3786704540252686
1347, -16.56446121633053, 2, 4.510663743996702, 30, 378870, 378870, 0.06548424065113068, 2.4040136337280273
1348, -16.570814847946167, 2, 4.465116033999948, 30, 378900, 378900, 0.036942724138498306, 2.3876774311065674
1349, -16.589886337518692, 2, 4.5102366319988505, 30, 378930, 378930, 0.046656202524900436, 2.329981803894043
1350, -16.577328506857157, 2, 4.498137749003945, 30, 378960, 378960, 0.0735384002327919, 2.413896083831787
1351, -16.582953300327063, 2, 4.502628602000186, 30, 378990, 378990, 0.055349718779325485, 2.401705503463745
1352, -16.56426625326276, 2, 4.486026847000176, 30, 379020, 379020, 0.07298709452152252, 2.4413437843322754
1353, -16.54372041299939, 2, 4.485090754998964, 30, 379050, 379050, 0.0676187202334404, 2.402219533920288
1354, -16.557395301759243, 2, 4.5039128420030465, 30, 379080, 379080, 0.06671159714460373, 2.419365882873535
1355, -16.567443627864122, 2, 4.463493928000389, 30, 379110, 379110, 0.07027759402990341, 2.3677942752838135
1356, -16.547675766050816, 2, 4.477246884998749, 30, 379140, 379140, 0.061013463884592056, 2.3649003505706787
1357, -16.555231407284737, 2, 4.485016386999632, 30, 379170, 379170, 0.0413709320127964, 2.390737295150757
1358, -16.5775351151824, 2, 4.49800469299953, 30, 379200, 379200, 0.05271173268556595, 2.3705015182495117
1359, -16.63216297701001, 2, 4.467814868003188, 30, 379230, 379230, 0.05850609019398689, 2.404367208480835
1360, -16.578128151595592, 2, 4.483686108003894, 30, 379260, 379260, 0.04712245985865593, 2.323518991470337
1361, -16.550040286034346, 2, 4.456742155998654, 30, 379290, 379290, 0.06096724048256874, 2.3897721767425537
1362, -16.538282103836536, 2, 4.4716343990003224, 30, 379320, 379320, 0.060560278594493866, 2.384943962097168
1363, -16.597074922174215, 2, 4.505025280996051, 30, 379350, 379350, 0.058100324124097824, 2.39288067817688
1364, -16.551943447440863, 2, 4.467191951000132, 30, 379380, 379380, 0.07669573277235031, 2.409339189529419
1365, -16.541003216058016, 2, 4.486215826000262, 30, 379410, 379410, 0.04782254248857498, 2.3842992782592773
1366, -16.701591689139605, 2, 4.476380864995008, 30, 379440, 379440, 0.057931799441576004, 2.4616777896881104
1367, -16.618119847029448, 2, 4.467574750997301, 30, 379470, 379470, 0.07648355513811111, 2.3763954639434814
1368, -16.536798741668463, 2, 4.52020540599915, 30, 379500, 379500, 0.05982585996389389, 2.3376550674438477
1369, -16.535358797758818, 2, 4.459250349995273, 30, 379530, 379530, 0.055258020758628845, 2.36405873298645
1370, -16.595229282975197, 2, 4.477697720001743, 30, 379560, 379560, 0.05550794675946236, 2.3705379962921143
1371, -16.58846725523472, 2, 4.473185123002622, 30, 379590, 379590, 0.057415954768657684, 2.408663034439087
1372, -16.547602519392967, 2, 4.487419919001695, 30, 379620, 379620, 0.05608789250254631, 2.372708797454834
1373, -16.54757921025157, 2, 4.470508427999448, 30, 379650, 379650, 0.05828581005334854, 2.404996633529663
1374, -16.565746322274208, 2, 4.4839860149950255, 30, 379680, 379680, 0.07106871902942657, 2.445380449295044
1375, -16.537097584456205, 2, 4.485079812002368, 30, 379710, 379710, 0.0425284244120121, 2.3833491802215576
1376, -16.536104559898376, 2, 4.465263587000663, 30, 379740, 379740, 0.0805334746837616, 2.401562213897705
1377, -16.57531651854515, 2, 4.4878376869964995, 30, 379770, 379770, 0.061947111040353775, 2.355153799057007
1378, -16.60037686675787, 2, 4.497174045005522, 30, 379800, 379800, 0.06712086498737335, 2.465085744857788
1379, -16.564763512462378, 2, 4.5203023240028415, 30, 379830, 379830, 0.05118471011519432, 2.3870818614959717
1380, -16.598898645490408, 2, 4.511966276004387, 30, 379860, 379860, 0.04248623922467232, 2.3890609741210938
1381, -16.571702998131514, 2, 4.504067570000188, 30, 379890, 379890, 0.05128265917301178, 2.4137444496154785
1382, -16.623102255165577, 2, 4.47242655899754, 30, 379920, 379920, 0.04909534007310867, 2.3828606605529785
1383, -16.63050837814808, 2, 4.489664603002893, 30, 379950, 379950, 0.04127399995923042, 2.414491891860962
1384, -16.632594760507345, 2, 4.465805686995736, 30, 379980, 379980, 0.04450360685586929, 2.4286835193634033
1385, -16.56021074950695, 2, 4.473023435995856, 30, 380010, 380010, 0.041787754744291306, 2.3853838443756104
1386, -16.539528869092464, 2, 4.498586203000741, 30, 380040, 380040, 0.03927098959684372, 2.389880657196045
1387, -16.531778059899807, 2, 4.5139302519964986, 30, 380070, 380070, 0.05633112043142319, 2.3898632526397705
1388, -16.564470127224922, 2, 4.475853313997504, 30, 380100, 380100, 0.07701148837804794, 2.449638605117798
1389, -16.556171216070652, 2, 4.465726424998138, 30, 380130, 380130, 0.05667942762374878, 2.392841339111328
1390, -16.59069212526083, 2, 4.470682168997882, 30, 380160, 380160, 0.0646219253540039, 2.4207818508148193
1391, -16.565940212458372, 2, 4.466378665994853, 30, 380190, 380190, 0.05458017811179161, 2.3940932750701904
1392, -16.53426281362772, 2, 4.491148008004529, 30, 380220, 380220, 0.053244706243276596, 2.4509594440460205
1393, -16.550943549722433, 2, 4.507743852002022, 30, 380250, 380250, 0.06845079362392426, 2.4248151779174805
1394, -16.544644083827734, 2, 4.520239890000084, 30, 380280, 380280, 0.07031827419996262, 2.4176132678985596
1395, -16.532508183270693, 2, 4.482219781995809, 30, 380310, 380310, 0.06323600560426712, 2.428104877471924
1396, -16.537243269383907, 2, 4.50344875799783, 30, 380340, 380340, 0.06311361491680145, 2.3681576251983643
1397, -16.549949288368225, 2, 4.475436075001198, 30, 380370, 380370, 0.05462201312184334, 2.3948473930358887
1398, -16.543785378336906, 2, 4.4974044150003465, 30, 380400, 380400, 0.06824571639299393, 2.382742404937744
1399, -16.576391357928514, 2, 4.485616712001502, 30, 380430, 380430, 0.05300518497824669, 2.4089274406433105
1400, -16.60989162325859, 2, 4.4857029110062285, 30, 380460, 380460, 0.06478209048509598, 2.3941962718963623
1401, -16.546653542667627, 2, 4.4951806780009065, 30, 380490, 380490, 0.06390838325023651, 2.4181699752807617
1402, -16.554264400154352, 2, 4.499111732002348, 30, 380520, 380520, 0.061733078211545944, 2.401458501815796
1403, -16.533099699765444, 2, 4.509713184001157, 30, 380550, 380550, 0.07336974889039993, 2.4086251258850098
1404, -16.53911655396223, 2, 4.500640092999674, 30, 380580, 380580, 0.07281617075204849, 2.427016019821167
1405, -16.530479691922665, 2, 4.484175408004376, 30, 380610, 380610, 0.05703093111515045, 2.378443479537964
1406, -16.57622818648815, 2, 4.522946609999053, 30, 380640, 380640, 0.06882909685373306, 2.4013495445251465
1407, -16.56317213177681, 2, 4.4948063920019194, 30, 380670, 380670, 0.04253024607896805, 2.4037461280822754
1408, -16.535155523568392, 2, 4.493326935000368, 30, 380700, 380700, 0.053199492394924164, 2.37149715423584
1409, -16.584050185978413, 2, 4.494861513994692, 30, 380730, 380730, 0.06041889265179634, 2.415095567703247
1410, -16.561196338385344, 2, 4.491514258996176, 30, 380760, 380760, 0.05391683056950569, 2.3972480297088623
1411, -16.536431543529034, 2, 4.477858468002523, 30, 380790, 380790, 0.07533647119998932, 2.432255983352661
1412, -16.532258205115795, 2, 4.48044746999949, 30, 380820, 380820, 0.05245468392968178, 2.404608726501465
1413, -16.539201505482197, 2, 4.477428124999278, 30, 380850, 380850, 0.06498520076274872, 2.465298891067505
1414, -16.52980624884367, 2, 4.485091172005923, 30, 380880, 380880, 0.05216599255800247, 2.403867483139038
1415, -16.547396909445524, 2, 4.46731802100112, 30, 380910, 380910, 0.05506780371069908, 2.430556297302246
1416, -16.527595590800047, 2, 4.472608610005409, 30, 380940, 380940, 0.04862894117832184, 2.405101776123047
1417, -16.539614997804165, 2, 4.5077910519976285, 30, 380970, 380970, 0.04375461861491203, 2.3559751510620117
1418, -16.520852897316217, 2, 4.479208893004397, 30, 381000, 381000, 0.07320630550384521, 2.4150969982147217
1419, -16.54549255222082, 2, 4.4932180020041415, 30, 381030, 381030, 0.07541310787200928, 2.4071946144104004
1420, -16.557887498289347, 2, 4.501023241995426, 30, 381060, 381060, 0.06130552664399147, 2.395758628845215
1421, -16.540722895413637, 2, 4.461413450997497, 30, 381090, 381090, 0.07082264125347137, 2.427840232849121
1422, -16.564905032515526, 2, 4.4718649969945545, 30, 381120, 381120, 0.0799330621957779, 2.4009060859680176
1423, -16.568267703056335, 2, 4.4875708789986675, 30, 381150, 381150, 0.06371933221817017, 2.3714349269866943
1424, -16.56244472414255, 2, 4.500148744002217, 30, 381180, 381180, 0.05144090577960014, 2.4452295303344727
1425, -16.62866886332631, 2, 4.54621501800284, 30, 381210, 381210, 0.056800249963998795, 2.41359281539917
1426, -16.668663822114468, 2, 4.523973014001967, 30, 381240, 381240, 0.10199255496263504, 2.3875510692596436
1427, -16.680717267096043, 2, 4.4689472669997485, 30, 381270, 381270, 0.0665193572640419, 2.395439386367798
1428, -16.71222196519375, 2, 4.4822239150016685, 30, 381300, 381300, 0.0631105825304985, 2.358243465423584
1429, -16.70363126322627, 2, 4.4635268630008795, 30, 381330, 381330, 0.04676143452525139, 2.4148988723754883
1430, -16.648790951818228, 2, 4.481481921000523, 30, 381360, 381360, 0.06832931190729141, 2.487063407897949
1431, -16.55809512361884, 2, 4.508406844004639, 30, 381390, 381390, 0.05937255173921585, 2.4654338359832764
1432, -16.52387510985136, 2, 4.4987475399975665, 30, 381420, 381420, 0.07686354964971542, 2.398660898208618
1433, -16.539177127182484, 2, 4.453005583993217, 30, 381450, 381450, 0.05558508634567261, 2.425955057144165
1434, -16.536053374409676, 2, 4.507082249998348, 30, 381480, 381480, 0.04191410169005394, 2.419980764389038
1435, -16.541718795895576, 2, 4.530490707002173, 30, 381510, 381510, 0.06880632787942886, 2.4208943843841553
1436, -16.581893026828766, 2, 4.498923940998793, 30, 381540, 381540, 0.07014884054660797, 2.3881866931915283
1437, -16.533727638423443, 2, 4.492336848001287, 30, 381570, 381570, 0.05971573293209076, 2.4567770957946777
1438, -16.525826171040535, 2, 4.486343985998246, 30, 381600, 381600, 0.056886449456214905, 2.414402961730957
1439, -16.575085256248713, 2, 4.479651276997174, 30, 381630, 381630, 0.06302328407764435, 2.390636444091797
1440, -16.528237525373697, 2, 4.4732796649986994, 30, 381660, 381660, 0.07798556983470917, 2.3993351459503174
1441, -16.551547646522522, 2, 4.513696736998099, 30, 381690, 381690, 0.07144258171319962, 2.4625346660614014
1442, -16.547777123749256, 2, 4.520448278999538, 30, 381720, 381720, 0.06492922455072403, 2.3978943824768066
1443, -16.617087930440903, 2, 4.468887802002428, 30, 381750, 381750, 0.06108049303293228, 2.383087635040283
1444, -16.538426753133535, 2, 4.4970990539950435, 30, 381780, 381780, 0.04652692377567291, 2.4399521350860596
1445, -16.536703534424305, 2, 4.507380800001556, 30, 381810, 381810, 0.06966646760702133, 2.437359094619751
1446, -16.619092885404825, 2, 4.489910294003494, 30, 381840, 381840, 0.054001208394765854, 2.4103219509124756
1447, -16.61290282011032, 2, 4.494443436000438, 30, 381870, 381870, 0.043617840856313705, 2.458592653274536
1448, -16.549871679395437, 2, 4.511434581996582, 30, 381900, 381900, 0.05307995527982712, 2.4241418838500977
1449, -16.56767049431801, 2, 4.496965218000696, 30, 381930, 381930, 0.06275486201047897, 2.436490535736084
1450, -16.674636267125607, 2, 4.47369467200042, 30, 381960, 381960, 0.04874467849731445, 2.383707284927368
1451, -16.604175131767988, 2, 4.494999346999975, 30, 381990, 381990, 0.07676167786121368, 2.4071805477142334
1452, -16.53184150159359, 2, 4.508440952995443, 30, 382020, 382020, 0.054936733096838, 2.397758960723877
1453, -16.539023980498314, 2, 4.500508117002028, 30, 382050, 382050, 0.05839315429329872, 2.401374578475952
1454, -16.54093088954687, 2, 4.481049021000217, 30, 382080, 382080, 0.07723986357450485, 2.4103639125823975
1455, -16.660576783120632, 2, 4.473054636997404, 30, 382110, 382110, 0.0606684535741806, 2.416146755218506
1456, -16.55815725773573, 2, 4.507372529005806, 30, 382140, 382140, 0.066144198179245, 2.449755907058716
1457, -16.56396048516035, 2, 4.497874264998245, 30, 382170, 382170, 0.0420641265809536, 2.436312675476074
1458, -16.655648194253445, 2, 4.469062864001899, 30, 382200, 382200, 0.05693774297833443, 2.407200813293457
1459, -16.565140016376972, 2, 4.500546350995137, 30, 382230, 382230, 0.06252471357584, 2.4315872192382812
1460, -16.56674888730049, 2, 4.523876356004621, 30, 382260, 382260, 0.06788185983896255, 2.4353795051574707
1461, -16.606691405177116, 2, 4.496141809002438, 30, 382290, 382290, 0.05458179861307144, 2.420412302017212
1462, -16.759241100400686, 2, 4.502003974004765, 30, 382320, 382320, 0.06640496850013733, 2.4194953441619873
1463, -16.675928454846144, 2, 4.511346896004397, 30, 382350, 382350, 0.06774874776601791, 2.432298183441162
1464, -16.57548003271222, 2, 4.4889539439973305, 30, 382380, 382380, 0.08940382301807404, 2.45672345161438
1465, -16.60826689377427, 2, 4.501396630003001, 30, 382410, 382410, 0.06587483733892441, 2.4326303005218506
1466, -16.719006724655628, 2, 4.485150312000769, 30, 382440, 382440, 0.031134406104683876, 2.4126272201538086
1467, -16.544685531407595, 2, 4.491900905006332, 30, 382470, 382470, 0.07353892922401428, 2.4548428058624268
1468, -16.539273142814636, 2, 4.476849978003884, 30, 382500, 382500, 0.07163481414318085, 2.41550874710083
1469, -16.544488973915577, 2, 4.4918608739972115, 30, 382530, 382530, 0.09030183404684067, 2.439436912536621
1470, -16.566583942621946, 2, 4.495727530993463, 30, 382560, 382560, 0.084817074239254, 2.452742338180542
1471, -16.574385099112988, 2, 4.50047601100232, 30, 382590, 382590, 0.06242058426141739, 2.4254233837127686
1472, -16.56907568499446, 2, 4.502349696005695, 30, 382620, 382620, 0.05297762155532837, 2.400871753692627
1473, -16.547002125531435, 2, 4.511722875002306, 30, 382650, 382650, 0.07666004449129105, 2.4415769577026367
1474, -16.630490999668837, 2, 4.499360750996857, 30, 382680, 382680, 0.07104803621768951, 2.441051721572876
1475, -16.621270947158337, 2, 4.494799610998598, 30, 382710, 382710, 0.04674135893583298, 2.4482369422912598
1476, -16.61102567985654, 2, 4.519012354001461, 30, 382740, 382740, 0.06939294934272766, 2.4158151149749756
1477, -16.54264749214053, 2, 4.504264447001333, 30, 382770, 382770, 0.05579818785190582, 2.436382293701172
1478, -16.631683941930532, 2, 4.468721423996612, 30, 382800, 382800, 0.06677574664354324, 2.4579997062683105
1479, -16.589375466108322, 2, 4.479603265004698, 30, 382830, 382830, 0.06838380545377731, 2.4085171222686768
1480, -16.59592705965042, 2, 4.4850531819975, 30, 382860, 382860, 0.06941795349121094, 2.4825212955474854
1481, -16.567152176052332, 2, 4.4898192930049845, 30, 382890, 382890, 0.0755128562450409, 2.439265012741089
1482, -16.57079465314746, 2, 4.484647129000223, 30, 382920, 382920, 0.05944813787937164, 2.419536590576172
1483, -16.551085382699966, 2, 4.49154782199912, 30, 382950, 382950, 0.05764339864253998, 2.3969674110412598
1484, -16.593526672571898, 2, 4.507156578001741, 30, 382980, 382980, 0.06985882669687271, 2.3821451663970947
1485, -16.566106498241425, 2, 4.513515387996449, 30, 383010, 383010, 0.048063598573207855, 2.4577362537384033
1486, -16.562596671283245, 2, 4.498681114004285, 30, 383040, 383040, 0.06515219807624817, 2.446403980255127
1487, -16.549133498221636, 2, 4.489241148003202, 30, 383070, 383070, 0.04614033177495003, 2.4416234493255615
1488, -16.539361651986837, 2, 4.519406950996199, 30, 383100, 383100, 0.0609433650970459, 2.436295509338379
1489, -16.547204490751028, 2, 4.484353099993314, 30, 383130, 383130, 0.05891658365726471, 2.41434907913208
1490, -16.57033621519804, 2, 4.495182503000251, 30, 383160, 383160, 0.0470745712518692, 2.4440817832946777
1491, -16.543338038027287, 2, 4.495468231005361, 30, 383190, 383190, 0.06235406547784805, 2.4265525341033936
1492, -16.54577237740159, 2, 4.4740717349995975, 30, 383220, 383220, 0.06381414830684662, 2.402494192123413
1493, -16.571281250566244, 2, 4.492278782003268, 30, 383250, 383250, 0.06948245316743851, 2.4293320178985596
1494, -16.547067917883396, 2, 4.4998465750031755, 30, 383280, 383280, 0.07773015648126602, 2.4962897300720215
1495, -16.560991946607828, 2, 4.509720161004225, 30, 383310, 383310, 0.06963787972927094, 2.3891119956970215
1496, -16.583702880889177, 2, 4.5023852349986555, 30, 383340, 383340, 0.0476427860558033, 2.4550180435180664
1497, -16.541655380278826, 2, 4.481018286998733, 30, 383370, 383370, 0.05893540009856224, 2.4471054077148438
1498, -16.580099523067474, 2, 4.5280855409946525, 30, 383400, 383400, 0.05416524410247803, 2.4390499591827393
1499, -16.562623795121908, 2, 4.5142788299999665, 30, 383430, 383430, 0.06004076823592186, 2.424898862838745
1500, -16.524325154721737, 2, 4.486578158001066, 30, 383460, 383460, 0.05800910294055939, 2.4382455348968506
1501, -16.54391562566161, 2, 4.518730224997853, 30, 383490, 383490, 0.049662113189697266, 2.401153326034546
1502, -16.53341630473733, 2, 4.503174632998707, 30, 383520, 383520, 0.09346882998943329, 2.4283599853515625
1503, -16.54973878711462, 2, 4.503708208001626, 30, 383550, 383550, 0.06583806127309799, 2.515178680419922
1504, -16.536870297044516, 2, 4.492753944003198, 30, 383580, 383580, 0.06609909981489182, 2.434922218322754
1505, -16.543948847800493, 2, 4.488613597000949, 30, 383610, 383610, 0.07603590935468674, 2.4821810722351074
1506, -16.5562153942883, 2, 4.519067619003181, 30, 383640, 383640, 0.0646807849407196, 2.4130892753601074
1507, -16.56267513334751, 2, 4.486653373998706, 30, 383670, 383670, 0.08397076278924942, 2.4119632244110107
1508, -16.606920313090086, 2, 4.508913370002119, 30, 383700, 383700, 0.0813087597489357, 2.4626386165618896
1509, -16.588913936167955, 2, 4.487148477994197, 30, 383730, 383730, 0.06710542738437653, 2.443742275238037
1510, -16.560775071382523, 2, 4.527348579002137, 30, 383760, 383760, 0.06493917107582092, 2.4307219982147217
1511, -16.55313018709421, 2, 4.498172105995764, 30, 383790, 383790, 0.08278355002403259, 2.452906370162964
1512, -16.570893060415983, 2, 4.474835166998673, 30, 383820, 383820, 0.09563315659761429, 2.4789907932281494
1513, -16.563176978379488, 2, 4.476929991993529, 30, 383850, 383850, 0.06772545725107193, 2.4779205322265625
1514, -16.555720522999763, 2, 4.4763566159963375, 30, 383880, 383880, 0.0725865513086319, 2.4393932819366455
1515, -16.538111627101898, 2, 4.493853535997914, 30, 383910, 383910, 0.06393735855817795, 2.4810540676116943
1516, -16.62075762078166, 2, 4.465827336003713, 30, 383940, 383940, 0.06234337389469147, 2.4684157371520996
1517, -16.665710769593716, 2, 4.494349997003155, 30, 383970, 383970, 0.06603977084159851, 2.4655821323394775
1518, -16.562423642724752, 2, 4.495553495005879, 30, 384000, 384000, 0.07498529553413391, 2.45279860496521
1519, -16.61144884303212, 2, 4.5106400349977775, 30, 384030, 384030, 0.0779590755701065, 2.465482473373413
1520, -16.59747565165162, 2, 4.488891656998021, 30, 384060, 384060, 0.06616386771202087, 2.4851677417755127
1521, -16.586623419076204, 2, 4.505556800002523, 30, 384090, 384090, 0.06685739010572433, 2.4470133781433105
1522, -16.632836379110813, 2, 4.467687244999979, 30, 384120, 384120, 0.06532716751098633, 2.4746956825256348
1523, -16.603411987423897, 2, 4.506639863000601, 30, 384150, 384150, 0.08004145324230194, 2.444481611251831
1524, -16.63192569091916, 2, 4.4685909830004675, 30, 384180, 384180, 0.07398367673158646, 2.5181267261505127
1525, -16.556367952376604, 2, 4.511637351999525, 30, 384210, 384210, 0.04399580880999565, 2.439363718032837
1526, -16.588028706610203, 2, 4.493453326002054, 30, 384240, 384240, 0.08664988726377487, 2.422199249267578
1527, -16.588318821042776, 2, 4.533172659997945, 30, 384270, 384270, 0.06965677440166473, 2.472659111022949
1528, -16.574491538107395, 2, 4.507150304001698, 30, 384300, 384300, 0.09074913710355759, 2.4939186573028564
1529, -16.53583937883377, 2, 4.500725779995264, 30, 384330, 384330, 0.052022889256477356, 2.4601991176605225
1530, -16.545446697622538, 2, 4.494383883997216, 30, 384360, 384360, 0.07755758613348007, 2.467689275741577
1531, -16.56142622232437, 2, 4.522258336997766, 30, 384390, 384390, 0.06253650784492493, 2.4836456775665283
1532, -16.572465889155865, 2, 4.5431056800007354, 30, 384420, 384420, 0.0704590380191803, 2.471832036972046
1533, -16.539554849267006, 2, 4.501279750998947, 30, 384450, 384450, 0.06429273635149002, 2.449599266052246
1534, -16.54339286312461, 2, 4.507943640994199, 30, 384480, 384480, 0.06441811472177505, 2.4488778114318848
1535, -16.57202560454607, 2, 4.4879044230037834, 30, 384510, 384510, 0.06847977638244629, 2.4430720806121826
1536, -16.55809072777629, 2, 4.499769708003441, 30, 384540, 384540, 0.06190897151827812, 2.482738494873047
1537, -16.526777163147926, 2, 4.531084736998309, 30, 384570, 384570, 0.058522049337625504, 2.4240081310272217
1538, -16.542980883270502, 2, 4.4874419499974465, 30, 384600, 384600, 0.07337022572755814, 2.433678388595581
1539, -16.606497082859278, 2, 4.459461499995086, 30, 384630, 384630, 0.07646842300891876, 2.449735403060913
1540, -16.670621924102306, 2, 4.4730128689989215, 30, 384660, 384660, 0.03877587988972664, 2.4899232387542725
1541, -16.616734769195318, 2, 4.497607920995506, 30, 384690, 384690, 0.08050628751516342, 2.4704477787017822
1542, -16.55849213153124, 2, 4.504697615004261, 30, 384720, 384720, 0.05910586938261986, 2.4443981647491455
1543, -16.565890852361917, 2, 4.533374332997482, 30, 384750, 384750, 0.0663122907280922, 2.509244680404663
1544, -16.541626002639532, 2, 4.511845741995785, 30, 384780, 384780, 0.0691472589969635, 2.413814067840576
1545, -16.538951493799686, 2, 4.532110736996401, 30, 384810, 384810, 0.047492243349552155, 2.461580753326416
1546, -16.557042323052883, 2, 4.503947867000534, 30, 384840, 384840, 0.06148556247353554, 2.4264578819274902
1547, -16.54775195941329, 2, 4.516860855001141, 30, 384870, 384870, 0.08555951714515686, 2.4609344005584717
1548, -16.58054092526436, 2, 4.507610273001774, 30, 384900, 384900, 0.046311717480421066, 2.4168343544006348
1549, -16.596219711005688, 2, 4.489084822998848, 30, 384930, 384930, 0.0683402270078659, 2.4466960430145264
1550, -16.626461070030928, 2, 4.483666819003702, 30, 384960, 384960, 0.07016168534755707, 2.4377684593200684
1551, -16.612399198114872, 2, 4.483537382002396, 30, 384990, 384990, 0.06854085624217987, 2.4805748462677
1552, -16.646249126642942, 2, 4.492734997002117, 30, 385020, 385020, 0.06543844938278198, 2.4223673343658447
1553, -16.698659393936396, 2, 4.491322509995371, 30, 385050, 385050, 0.056410323828458786, 2.4440369606018066
1554, -16.718397188931704, 2, 4.485042084001179, 30, 385080, 385080, 0.06648761034011841, 2.503187894821167
1555, -16.667582981288433, 2, 4.483411757006252, 30, 385110, 385110, 0.05148502066731453, 2.499458074569702
1556, -16.663894649595022, 2, 4.500962621998042, 30, 385140, 385140, 0.06008133664727211, 2.486374855041504
1557, -16.712457958608866, 2, 4.517994367000938, 30, 385170, 385170, 0.045332204550504684, 2.415397882461548
1558, -16.64121026918292, 2, 4.484509964000608, 30, 385200, 385200, 0.07987459748983383, 2.4456403255462646
1559, -16.687980480492115, 2, 4.498581894004019, 30, 385230, 385230, 0.05177714303135872, 2.437875509262085
1560, -16.689755890518427, 2, 4.482388296004501, 30, 385260, 385260, 0.07849474996328354, 2.4490621089935303
1561, -16.727226119488478, 2, 4.504503846001171, 30, 385290, 385290, 0.06795899569988251, 2.443634510040283
1562, -16.581978373229504, 2, 4.48547826599679, 30, 385320, 385320, 0.06714776903390884, 2.433964967727661
1563, -16.65399558097124, 2, 4.502624282002216, 30, 385350, 385350, 0.06773112714290619, 2.4675092697143555
1564, -16.6441114731133, 2, 4.473040659999242, 30, 385380, 385380, 0.07163938879966736, 2.4896810054779053
1565, -16.6789422146976, 2, 4.4903103440010455, 30, 385410, 385410, 0.05959717184305191, 2.4788215160369873
1566, -16.705742612481117, 2, 4.491862802002288, 30, 385440, 385440, 0.06643082946538925, 2.4786267280578613
1567, -16.826454110443592, 2, 4.474450413006707, 30, 385470, 385470, 0.08698700368404388, 2.467395782470703
1568, -16.816356375813484, 2, 4.498116321999987, 30, 385500, 385500, 0.061276815831661224, 2.43424129486084
1569, -16.783797290176153, 2, 4.499098941996635, 30, 385530, 385530, 0.0543331578373909, 2.455803871154785
1570, -16.793114259839058, 2, 4.5151561130041955, 30, 385560, 385560, 0.08824300765991211, 2.4615976810455322
1571, -16.71297748014331, 2, 4.498257335995731, 30, 385590, 385590, 0.055336423218250275, 2.4743380546569824
1572, -16.745445549488068, 2, 4.502072455994494, 30, 385620, 385620, 0.0691603422164917, 2.4791762828826904
1573, -16.77455048635602, 2, 4.5182782920019235, 30, 385650, 385650, 0.05756598711013794, 2.4716145992279053
1574, -16.747964553534985, 2, 4.516133148004883, 30, 385680, 385680, 0.08657041192054749, 2.492802619934082
1575, -16.68201644346118, 2, 4.490670088001934, 30, 385710, 385710, 0.07748568058013916, 2.465902090072632
1576, -16.639174908399582, 2, 4.522050239997043, 30, 385740, 385740, 0.08592180162668228, 2.4948365688323975
1577, -16.66950860247016, 2, 4.518691653996939, 30, 385770, 385770, 0.07871051132678986, 2.4603869915008545
1578, -16.82756331935525, 2, 4.51131913199788, 30, 385800, 385800, 0.08741548657417297, 2.5124173164367676
1579, -16.761445336043835, 2, 4.5430206269957125, 30, 385830, 385830, 0.08098229020833969, 2.474006175994873
1580, -16.65612867847085, 2, 4.495410007999453, 30, 385860, 385860, 0.05640019476413727, 2.500308036804199
1581, -16.69939235970378, 2, 4.516148577000422, 30, 385890, 385890, 0.10077979415655136, 2.458658456802368
1582, -16.730997785925865, 2, 4.5189350489963545, 30, 385920, 385920, 0.07809746265411377, 2.460681438446045
1583, -16.726999692618847, 2, 4.4951803459989605, 30, 385950, 385950, 0.0831204280257225, 2.539947986602783
1584, -16.702797796577215, 2, 4.527328137999575, 30, 385980, 385980, 0.05847523361444473, 2.481870174407959
1585, -16.625431910157204, 2, 4.4776744769988, 30, 386010, 386010, 0.05895468220114708, 2.4979870319366455
1586, -16.696539029479027, 2, 4.51236808700196, 30, 386040, 386040, 0.07314009219408035, 2.393078327178955
1587, -16.811573427170515, 2, 4.520320397001342, 30, 386070, 386070, 0.0769379511475563, 2.45707106590271
1588, -16.769292939454317, 2, 4.497385288996156, 30, 386100, 386100, 0.0625772476196289, 2.462780475616455
1589, -16.768499810248613, 2, 4.505328908999218, 30, 386130, 386130, 0.06234799697995186, 2.473342180252075
1590, -16.73119468614459, 2, 4.540014526006416, 30, 386160, 386160, 0.05340420454740524, 2.466184377670288
1591, -16.7549630664289, 2, 4.506861035006295, 30, 386190, 386190, 0.07078400254249573, 2.465266227722168
1592, -16.753424663096666, 2, 4.510816018999321, 30, 386220, 386220, 0.052874352782964706, 2.517577886581421
1593, -16.823025323450565, 2, 4.505776177000371, 30, 386250, 386250, 0.061803556978702545, 2.4950547218322754
1594, -16.89819525182247, 2, 4.500668239001243, 30, 386280, 386280, 0.07323823124170303, 2.5027084350585938
1595, -16.768200755119324, 2, 4.52080974799901, 30, 386310, 386310, 0.07801440358161926, 2.5389816761016846
1596, -16.831932112574577, 2, 4.49826279500121, 30, 386340, 386340, 0.07110835611820221, 2.4886350631713867
1597, -16.767671786248684, 2, 4.504114465002203, 30, 386370, 386370, 0.07141055911779404, 2.457794427871704
1598, -16.772540610283613, 2, 4.539076542998373, 30, 386400, 386400, 0.05662079527974129, 2.536491632461548
1599, -16.80552201345563, 2, 4.501547817999381, 30, 386430, 386430, 0.047120705246925354, 2.4791460037231445
1600, -16.789295438677073, 2, 4.517965371000173, 30, 386460, 386460, 0.0678398385643959, 2.4437713623046875
1601, -16.72589246556163, 2, 4.5381084000036935, 30, 386490, 386490, 0.05973318964242935, 2.502976894378662
1602, -16.75414101034403, 2, 4.508691944996826, 30, 386520, 386520, 0.084327332675457, 2.4415745735168457
1603, -16.829577539116144, 2, 4.501102107999031, 30, 386550, 386550, 0.091261126101017, 2.4663000106811523
1604, -16.82057199254632, 2, 4.530949685999076, 30, 386580, 386580, 0.06558428704738617, 2.501713991165161
1605, -16.86359167098999, 2, 4.524929602994234, 30, 386610, 386610, 0.05605541169643402, 2.478217601776123
1606, -16.984803896397352, 2, 4.507163068003138, 30, 386640, 386640, 0.07852297276258469, 2.5463075637817383
1607, -16.985849555581808, 2, 4.510976691999531, 30, 386670, 386670, 0.07182701677083969, 2.494157314300537
1608, -16.8764669559896, 2, 4.476265393001086, 30, 386700, 386700, 0.07201249897480011, 2.5218679904937744
1609, -16.96510675176978, 2, 4.510117559999344, 30, 386730, 386730, 0.08838190138339996, 2.4711873531341553
1610, -16.841727919876575, 2, 4.531775115996425, 30, 386760, 386760, 0.07353036105632782, 2.4997358322143555
1611, -16.926225259900093, 2, 4.531352550999145, 30, 386790, 386790, 0.0753803700208664, 2.462830066680908
1612, -16.877641893923283, 2, 4.548600271999021, 30, 386820, 386820, 0.06787371635437012, 2.5320591926574707
1613, -16.773403119295835, 2, 4.523681525999564, 30, 386850, 386850, 0.05467308685183525, 2.4700896739959717
1614, -16.823905624449253, 2, 4.512265987999854, 30, 386880, 386880, 0.0799812600016594, 2.442775011062622
1615, -16.853216860443354, 2, 4.514024214004166, 30, 386910, 386910, 0.061695825308561325, 2.5180044174194336
1616, -16.784575682133436, 2, 4.4807665510015795, 30, 386940, 386940, 0.048029009252786636, 2.4900829792022705
1617, -16.791718240827322, 2, 4.538811535996501, 30, 386970, 386970, 0.06587590277194977, 2.450626850128174
1618, -16.74275568127632, 2, 4.5013622409969685, 30, 387000, 387000, 0.06462490558624268, 2.5228779315948486
1619, -16.78871689736843, 2, 4.5121182019938715, 30, 387030, 387030, 0.09248770028352737, 2.495049238204956
1620, -16.796750515699387, 2, 4.519852052995702, 30, 387060, 387060, 0.05554119125008583, 2.43660569190979
1621, -16.851801078766584, 2, 4.465201689003152, 30, 387090, 387090, 0.0706886425614357, 2.4962501525878906
1622, -16.814067918807268, 2, 4.533654322003713, 30, 387120, 387120, 0.07341394573450089, 2.5022072792053223
1623, -16.7573462985456, 2, 4.53932779400202, 30, 387150, 387150, 0.06477736681699753, 2.5300140380859375
1624, -16.79189882054925, 2, 4.506257857996388, 30, 387180, 387180, 0.07370496541261673, 2.5178475379943848
1625, -16.811459954828024, 2, 4.5149589749998995, 30, 387210, 387210, 0.08764754235744476, 2.5091331005096436
1626, -16.798328306525946, 2, 4.52671376500075, 30, 387240, 387240, 0.05813164263963699, 2.467860698699951
1627, -16.797896578907967, 2, 4.519005657006346, 30, 387270, 387270, 0.07726387679576874, 2.497706890106201
1628, -16.711339108645916, 2, 4.516690522003046, 30, 387300, 387300, 0.07276718318462372, 2.469517707824707
1629, -16.775507673621178, 2, 4.520927943995048, 30, 387330, 387330, 0.07222392410039902, 2.5140271186828613
1630, -16.819318260997534, 2, 4.504141521996644, 30, 387360, 387360, 0.09337066113948822, 2.5346884727478027
1631, -16.859677139669657, 2, 4.527182619000087, 30, 387390, 387390, 0.08247638493776321, 2.4733989238739014
1632, -16.86816208437085, 2, 4.5279427870045765, 30, 387420, 387420, 0.07417861372232437, 2.493551731109619
1633, -16.79396865144372, 2, 4.498236391002138, 30, 387450, 387450, 0.0772942453622818, 2.5073599815368652
1634, -17.064126383513212, 2, 4.504636495003069, 30, 387480, 387480, 0.08911093324422836, 2.500192403793335
1635, -16.873386561870575, 2, 4.492597135002143, 30, 387510, 387510, 0.07529781758785248, 2.5324018001556396
1636, -16.764806393533945, 2, 4.505049744002463, 30, 387540, 387540, 0.06663522869348526, 2.4630863666534424
1637, -16.770612690597773, 2, 4.502451549000398, 30, 387570, 387570, 0.0857122465968132, 2.4709973335266113
1638, -16.734723087400198, 2, 4.523681906997808, 30, 387600, 387600, 0.09896615147590637, 2.6186110973358154
1639, -16.71130607649684, 2, 4.531007509001938, 30, 387630, 387630, 0.07355305552482605, 2.5148863792419434
1640, -16.689271185547113, 2, 4.504215197994199, 30, 387660, 387660, 0.060316603630781174, 2.5266201496124268
1641, -16.692754093557596, 2, 4.519060348000494, 30, 387690, 387690, 0.05667783319950104, 2.4905641078948975
1642, -16.802952863276005, 2, 4.486601972996141, 30, 387720, 387720, 0.08344202488660812, 2.459573268890381
1643, -16.699845783412457, 2, 4.552904342999682, 30, 387750, 387750, 0.06207653507590294, 2.4938669204711914
1644, -16.749217890203, 2, 4.512210731001687, 30, 387780, 387780, 0.062399063259363174, 2.5127530097961426
1645, -16.711587224155664, 2, 4.532865895002033, 30, 387810, 387810, 0.06964154541492462, 2.518991231918335
1646, -16.79682433232665, 2, 4.5068638939992525, 30, 387840, 387840, 0.0742596685886383, 2.5255699157714844
1647, -16.80147472769022, 2, 4.505863263999345, 30, 387870, 387870, 0.06549670547246933, 2.4448049068450928
1648, -16.809133000671864, 2, 4.5028514610021375, 30, 387900, 387900, 0.08065852522850037, 2.533930540084839
1649, -16.953529253602028, 2, 4.52566031900642, 30, 387930, 387930, 0.07697642594575882, 2.525040626525879
1650, -16.836404141038656, 2, 4.53674027499801, 30, 387960, 387960, 0.05649390071630478, 2.460198402404785
1651, -16.81524769216776, 2, 4.482494026997301, 30, 387990, 387990, 0.07393529266119003, 2.4678399562835693
1652, -16.74315745010972, 2, 4.4981440199990175, 30, 388020, 388020, 0.07418377697467804, 2.46535062789917
1653, -16.841557282954454, 2, 4.532694961002562, 30, 388050, 388050, 0.0685095340013504, 2.497833490371704
1654, -16.768806487321854, 2, 4.530731970000488, 30, 388080, 388080, 0.056156713515520096, 2.475931406021118
1655, -16.804753746837378, 2, 4.504400697005622, 30, 388110, 388110, 0.05743958055973053, 2.4605062007904053
1656, -16.910529024899006, 2, 4.503257632000896, 30, 388140, 388140, 0.06596019864082336, 2.524401903152466
1657, -16.847226541489363, 2, 4.516025817996706, 30, 388170, 388170, 0.04763413593173027, 2.5029995441436768
1658, -16.854074705392122, 2, 4.530112785003439, 30, 388200, 388200, 0.0773816630244255, 2.5198490619659424
1659, -16.804344471544027, 2, 4.500515433996043, 30, 388230, 388230, 0.09871208667755127, 2.567629814147949
1660, -16.818520829081535, 2, 4.537060335998831, 30, 388260, 388260, 0.07166703790426254, 2.4647021293640137
1661, -16.797551784664392, 2, 4.495739573001629, 30, 388290, 388290, 0.06375773251056671, 2.519153594970703
1662, -16.79623908177018, 2, 4.54515076399548, 30, 388320, 388320, 0.11039414256811142, 2.54634952545166
1663, -16.794091530144215, 2, 4.498204887000611, 30, 388350, 388350, 0.08028174936771393, 2.5353360176086426
1664, -16.812870286405087, 2, 4.529486945000826, 30, 388380, 388380, 0.0971904993057251, 2.563906192779541
1665, -16.847345430403948, 2, 4.491272211998876, 30, 388410, 388410, 0.08448824286460876, 2.524867296218872
1666, -16.848776396363974, 2, 4.511871257993334, 30, 388440, 388440, 0.06733961403369904, 2.548792600631714
1667, -16.91513704508543, 2, 4.502230299003713, 30, 388470, 388470, 0.07698524743318558, 2.5432238578796387
1668, -16.899266757071018, 2, 4.491688839996641, 30, 388500, 388500, 0.07627416402101517, 2.5034568309783936
1669, -16.83335454389453, 2, 4.513015945005463, 30, 388530, 388530, 0.0948522537946701, 2.4715170860290527
1670, -16.846628934144974, 2, 4.508083758999419, 30, 388560, 388560, 0.06961887329816818, 2.4961512088775635
1671, -16.843709465116262, 2, 4.492993280997325, 30, 388590, 388590, 0.06889217346906662, 2.489475965499878
1672, -16.82756244391203, 2, 4.529871300997911, 30, 388620, 388620, 0.061677999794483185, 2.5214126110076904
1673, -16.852758307009935, 2, 4.48487673499767, 30, 388650, 388650, 0.08062466233968735, 2.485243797302246
1674, -16.826656758785248, 2, 4.518808688000718, 30, 388680, 388680, 0.06443776190280914, 2.4901316165924072
1675, -16.821446783840656, 2, 4.503592501001549, 30, 388710, 388710, 0.07628434151411057, 2.5506601333618164
1676, -16.8487109541893, 2, 4.5103767280015745, 30, 388740, 388740, 0.0872897356748581, 2.487323045730591
1677, -16.80991245433688, 2, 4.508803226002783, 30, 388770, 388770, 0.07585596293210983, 2.4620375633239746
1678, -16.84412255883217, 2, 4.504959282996424, 30, 388800, 388800, 0.048452120274305344, 2.4503090381622314
1679, -16.861113380640745, 2, 4.533813718997408, 30, 388830, 388830, 0.050142645835876465, 2.507384777069092
1680, -16.81029210984707, 2, 4.505133990998729, 30, 388860, 388860, 0.05989370495080948, 2.527210235595703
1681, -16.817732978612185, 2, 4.497902293005609, 30, 388890, 388890, 0.06387842446565628, 2.5609703063964844
1682, -16.81202980130911, 2, 4.51607112900092, 30, 388920, 388920, 0.0780269056558609, 2.5632946491241455
1683, -16.699027366936207, 2, 4.521915051001997, 30, 388950, 388950, 0.0715167224407196, 2.4942615032196045
1684, -16.816186144948006, 2, 4.511216182996577, 30, 388980, 388980, 0.0673508420586586, 2.5342514514923096
1685, -16.804950919002295, 2, 4.487142944999505, 30, 389010, 389010, 0.08623169362545013, 2.513843297958374
1686, -16.92585313692689, 2, 4.510303284005204, 30, 389040, 389040, 0.09302333742380142, 2.5169763565063477
1687, -16.95113131031394, 2, 4.507012472997303, 30, 389070, 389070, 0.09480152279138565, 2.5738065242767334
1688, -16.95113245025277, 2, 4.529193728994869, 30, 389100, 389100, 0.0804842859506607, 2.5180649757385254
1689, -16.814530663192272, 2, 4.51122485200176, 30, 389130, 389130, 0.07979109138250351, 2.5330138206481934
1690, -16.82220407947898, 2, 4.4981281779982965, 30, 389160, 389160, 0.07849836349487305, 2.536231517791748
1691, -16.724041767418385, 2, 4.511700941002346, 30, 389190, 389190, 0.09818921983242035, 2.5372579097747803
1692, -16.738664641976357, 2, 4.552472504001344, 30, 389220, 389220, 0.06382574141025543, 2.5501599311828613
1693, -16.802686482667923, 2, 4.514819518000877, 30, 389250, 389250, 0.04898986965417862, 2.4850473403930664
1694, -16.863561138510704, 2, 4.530530261996319, 30, 389280, 389280, 0.07447017729282379, 2.468996286392212
1695, -16.882519029080868, 2, 4.514074954997341, 30, 389310, 389310, 0.0831667110323906, 2.5302481651306152
1696, -16.85423093289137, 2, 4.525461721997999, 30, 389340, 389340, 0.0792725533246994, 2.5487077236175537
1697, -16.81253731250763, 2, 4.526764251000714, 30, 389370, 389370, 0.0885404571890831, 2.512946367263794
1698, -16.837947752326727, 2, 4.534885445005784, 30, 389400, 389400, 0.07672488689422607, 2.5173940658569336
1699, -16.881197728216648, 2, 4.477392176995636, 30, 389430, 389430, 0.0697263851761818, 2.4913084506988525
1700, -16.750138197094202, 2, 4.530538543003786, 30, 389460, 389460, 0.08769974857568741, 2.5618162155151367
1701, -16.842572536319494, 2, 4.51101971299795, 30, 389490, 389490, 0.07817751914262772, 2.479736328125
1702, -16.708087347447872, 2, 4.536175969995384, 30, 389520, 389520, 0.07907462865114212, 2.5342140197753906
1703, -16.671433318406343, 2, 4.505454681006086, 30, 389550, 389550, 0.09192594140768051, 2.5522773265838623
1704, -16.736329771578312, 2, 4.520064132993866, 30, 389580, 389580, 0.08074375241994858, 2.569660186767578
1705, -16.70988742634654, 2, 4.5095813349980745, 30, 389610, 389610, 0.057060278952121735, 2.563042163848877
1706, -16.735779024660587, 2, 4.503874095003994, 30, 389640, 389640, 0.07193326205015182, 2.5524585247039795
1707, -16.77135556191206, 2, 4.515057557997352, 30, 389670, 389670, 0.06446947902441025, 2.5578277111053467
1708, -16.735046725720167, 2, 4.550093049998395, 30, 389700, 389700, 0.08402924984693527, 2.5377376079559326
1709, -16.722227692604065, 2, 4.505983229995763, 30, 389730, 389730, 0.06863635033369064, 2.5204570293426514
1710, -16.76235893368721, 2, 4.517079847995774, 30, 389760, 389760, 0.07477719336748123, 2.545001268386841
1711, -16.68533580005169, 2, 4.551144935998309, 30, 389790, 389790, 0.1029733344912529, 2.55703067779541
1712, -16.71142780035734, 2, 4.513854052995157, 30, 389820, 389820, 0.06467883288860321, 2.549084424972534
1713, -16.801997151225805, 2, 4.515343876999395, 30, 389850, 389850, 0.06938402354717255, 2.5200915336608887
1714, -16.714940920472145, 2, 4.5043070139945485, 30, 389880, 389880, 0.09289271384477615, 2.5164573192596436
1715, -16.716813042759895, 2, 4.527259561000392, 30, 389910, 389910, 0.07872197777032852, 2.5478594303131104
1716, -16.708838913589716, 2, 4.522420097004215, 30, 389940, 389940, 0.09816551953554153, 2.5709846019744873
1717, -16.77050046622753, 2, 4.509447500000533, 30, 389970, 389970, 0.07698047161102295, 2.5332705974578857
1718, -16.71943697333336, 2, 4.5269048510017456, 30, 390000, 390000, 0.0832473412156105, 2.5071756839752197
1719, -16.710309758782387, 2, 4.515933918002702, 30, 390030, 390030, 0.08128117024898529, 2.5323057174682617
1720, -16.685690488666296, 2, 4.516529407999769, 30, 390060, 390060, 0.08119764178991318, 2.5047478675842285
1721, -16.70352064818144, 2, 4.510522723001486, 30, 390090, 390090, 0.10810460895299911, 2.5437138080596924
1722, -16.712696403265, 2, 4.517628736997722, 30, 390120, 390120, 0.08382072299718857, 2.5056560039520264
1723, -16.651704411953688, 2, 4.52326414900017, 30, 390150, 390150, 0.08561459928750992, 2.493278741836548
1724, -16.682110093533993, 2, 4.51531907300523, 30, 390180, 390180, 0.07455480843782425, 2.5101912021636963
1725, -16.74708131700754, 2, 4.502048559996183, 30, 390210, 390210, 0.0587017685174942, 2.552910566329956
1726, -16.745893202722073, 2, 4.514791995003179, 30, 390240, 390240, 0.07266929745674133, 2.564462423324585
1727, -16.66313387826085, 2, 4.531325851996371, 30, 390270, 390270, 0.07398035377264023, 2.510788679122925
1728, -16.700637608766556, 2, 4.5033288129998255, 30, 390300, 390300, 0.06635100394487381, 2.558926582336426
1729, -16.69020463898778, 2, 4.5160803140024655, 30, 390330, 390330, 0.10716220736503601, 2.58232045173645
1730, -16.679154347628355, 2, 4.536316837002232, 30, 390360, 390360, 0.07091014087200165, 2.531428813934326
1731, -16.77143746614456, 2, 4.510572089995549, 30, 390390, 390390, 0.0662311390042305, 2.5214171409606934
1732, -16.713013093918562, 2, 4.526899276999757, 30, 390420, 390420, 0.07940974831581116, 2.514415740966797
1733, -16.777613889425993, 2, 4.504348757996922, 30, 390450, 390450, 0.07809176295995712, 2.5969653129577637
1734, -16.670397251844406, 2, 4.516995281002892, 30, 390480, 390480, 0.08021530508995056, 2.5426270961761475
1735, -16.791916240006685, 2, 4.523991818001377, 30, 390510, 390510, 0.08659443259239197, 2.5568175315856934
1736, -16.670249067246914, 2, 4.519702222998603, 30, 390540, 390540, 0.10246139019727707, 2.5512776374816895
1737, -16.70254235714674, 2, 4.5186384999979055, 30, 390570, 390570, 0.05923103541135788, 2.5550966262817383
1738, -16.62809781730175, 2, 4.527777711999079, 30, 390600, 390600, 0.07152577489614487, 2.5715172290802
1739, -16.675100054591894, 2, 4.490920768999786, 30, 390630, 390630, 0.06831713765859604, 2.542766809463501
1740, -16.652718763798475, 2, 4.509789796000405, 30, 390660, 390660, 0.10520587861537933, 2.539262056350708
1741, -16.686151657253504, 2, 4.496965550999448, 30, 390690, 390690, 0.07214496284723282, 2.547912120819092
1742, -16.717228531837463, 2, 4.527948403003393, 30, 390720, 390720, 0.07413268834352493, 2.496912956237793
1743, -16.716958340257406, 2, 4.522438979998697, 30, 390750, 390750, 0.0471809096634388, 2.5723650455474854
1744, -16.76523509249091, 2, 4.503591743996367, 30, 390780, 390780, 0.07638151198625565, 2.547278881072998
1745, -16.737831875681877, 2, 4.502376912998443, 30, 390810, 390810, 0.07606323063373566, 2.55540132522583
1746, -16.708836924284697, 2, 4.516699585001334, 30, 390840, 390840, 0.09272450953722, 2.54433012008667
1747, -16.781657587736845, 2, 4.494205577000685, 30, 390870, 390870, 0.07136344164609909, 2.54860258102417
1748, -16.710510164499283, 2, 4.507196840997494, 30, 390900, 390900, 0.09395486861467361, 2.527233600616455
1749, -16.733735907822847, 2, 4.5304565870028455, 30, 390930, 390930, 0.07937487959861755, 2.5853631496429443
1750, -16.77220917493105, 2, 4.517162545002066, 30, 390960, 390960, 0.06570253521203995, 2.556814670562744
1751, -16.71123020723462, 2, 4.536359306999657, 30, 390990, 390990, 0.06268281489610672, 2.5180718898773193
1752, -16.871857400983572, 2, 4.537931942002615, 30, 391020, 391020, 0.11226410418748856, 2.6126480102539062
1753, -16.75675044581294, 2, 4.529134028001863, 30, 391050, 391050, 0.08326788246631622, 2.5792813301086426
1754, -16.844747722148895, 2, 4.524239427999419, 30, 391080, 391080, 0.0920458734035492, 2.594863176345825
1755, -16.900005850940943, 2, 4.501810148001823, 30, 391110, 391110, 0.07283049076795578, 2.5342907905578613
1756, -16.93839905411005, 2, 4.5160671310004545, 30, 391140, 391140, 0.08489034324884415, 2.5417098999023438
1757, -16.991044986993074, 2, 4.493557109002722, 30, 391170, 391170, 0.0718696266412735, 2.567873239517212
1758, -17.04532188922167, 2, 4.506017289997544, 30, 391200, 391200, 0.08363836258649826, 2.5020525455474854
1759, -16.9915767647326, 2, 4.549742678005714, 30, 391230, 391230, 0.08050025254487991, 2.53816556930542
1760, -16.910094663500786, 2, 4.516458081001474, 30, 391260, 391260, 0.04689471423625946, 2.551722764968872
1761, -16.886499118059874, 2, 4.4985803269955795, 30, 391290, 391290, 0.05409538373351097, 2.565239906311035
1762, -17.014208272099495, 2, 4.512541596996016, 30, 391320, 391320, 0.08278916031122208, 2.587592124938965
1763, -16.94363196566701, 2, 4.530598425997596, 30, 391350, 391350, 0.09491877257823944, 2.5832130908966064
1764, -16.971187878400087, 2, 4.51177764699969, 30, 391380, 391380, 0.09644673764705658, 2.5141661167144775
1765, -17.001904599368572, 2, 4.494245342000795, 30, 391410, 391410, 0.08050795644521713, 2.4951491355895996
1766, -16.9087327234447, 2, 4.519744866003748, 30, 391440, 391440, 0.09753718227148056, 2.5617330074310303
1767, -17.03906823322177, 2, 4.539429429998563, 30, 391470, 391470, 0.08478104323148727, 2.5395591259002686
1768, -17.001190081238747, 2, 4.52167969999573, 30, 391500, 391500, 0.08134392648935318, 2.5305609703063965
1769, -17.00716434419155, 2, 4.500912454997888, 30, 391530, 391530, 0.07336597889661789, 2.5565803050994873
1770, -16.921467531472445, 2, 4.551084757003991, 30, 391560, 391560, 0.06411276757717133, 2.4936249256134033
1771, -16.97225048020482, 2, 4.532099455005664, 30, 391590, 391590, 0.08440772444009781, 2.5548298358917236
1772, -16.96183779835701, 2, 4.531625396004529, 30, 391620, 391620, 0.07341815531253815, 2.5446550846099854
1773, -16.916344963014126, 2, 4.519826386997011, 30, 391650, 391650, 0.09928226470947266, 2.557743787765503
1774, -16.876431953161955, 2, 4.503531522997946, 30, 391680, 391680, 0.07862269133329391, 2.5781524181365967
1775, -16.891987293958664, 2, 4.535425589994702, 30, 391710, 391710, 0.06507314741611481, 2.528348445892334
1776, -16.90148376300931, 2, 4.52399631300068, 30, 391740, 391740, 0.06452997773885727, 2.5357506275177
1777, -16.803298696875572, 2, 4.507618040996022, 30, 391770, 391770, 0.07468114048242569, 2.5557656288146973
1778, -16.700775045901537, 2, 4.51838623599906, 30, 391800, 391800, 0.07786712795495987, 2.5523457527160645
1779, -16.706915944814682, 2, 4.514733850002813, 30, 391830, 391830, 0.0754081979393959, 2.586498737335205
1780, -16.709635443985462, 2, 4.518778751997161, 30, 391860, 391860, 0.07060591876506805, 2.5495100021362305
1781, -16.740356594324112, 2, 4.523406412998156, 30, 391890, 391890, 0.06795909255743027, 2.5317203998565674
1782, -16.837319742888212, 2, 4.526184714995907, 30, 391920, 391920, 0.08092252910137177, 2.5808136463165283
1783, -16.897181306034327, 2, 4.519122510995658, 30, 391950, 391950, 0.07962378859519958, 2.579119920730591
1784, -16.73578480631113, 2, 4.495276872999966, 30, 391980, 391980, 0.09732505679130554, 2.561591625213623
1785, -16.681629292666912, 2, 4.518121497007087, 30, 392010, 392010, 0.08312614262104034, 2.5714163780212402
1786, -16.68158984184265, 2, 4.551439305992972, 30, 392040, 392040, 0.06836966425180435, 2.5326666831970215
1787, -16.71589546650648, 2, 4.4999074900042615, 30, 392070, 392070, 0.061645086854696274, 2.593475580215454
1788, -16.85809437558055, 2, 4.482952320002369, 30, 392100, 392100, 0.07986827194690704, 2.5570693016052246
1789, -16.839488055557013, 2, 4.507200158994237, 30, 392130, 392130, 0.10295413434505463, 2.5746002197265625
1790, -16.836208548396826, 2, 4.528682410003967, 30, 392160, 392160, 0.09626726806163788, 2.5636699199676514
1791, -16.716551639139652, 2, 4.508142944003339, 30, 392190, 392190, 0.11189744621515274, 2.530808448791504
1792, -16.672060161828995, 2, 4.5242928770021535, 30, 392220, 392220, 0.09279250353574753, 2.575655937194824
1793, -16.731923889368773, 2, 4.535966285999166, 30, 392250, 392250, 0.07193627953529358, 2.5705864429473877
1794, -16.835188768804073, 2, 4.512818741997762, 30, 392280, 392280, 0.0907035693526268, 2.598243236541748
1795, -16.808141857385635, 2, 4.5058607239989215, 30, 392310, 392310, 0.07125694304704666, 2.531050682067871
1796, -16.810436088591814, 2, 4.51295738400222, 30, 392340, 392340, 0.09396668523550034, 2.555166006088257
1797, -16.83163658156991, 2, 4.533549712999957, 30, 392370, 392370, 0.07240615785121918, 2.6163949966430664
1798, -16.817066621035337, 2, 4.495296357999905, 30, 392400, 392400, 0.07272965461015701, 2.527646064758301
1799, -16.699938889592886, 2, 4.502699189004488, 30, 392430, 392430, 0.0632207915186882, 2.57220196723938
1800, -16.722073044627905, 2, 4.5068794980034, 30, 392460, 392460, 0.08299941569566727, 2.549762010574341
1801, -16.903674598783255, 2, 4.54675075400155, 30, 392490, 392490, 0.1038617417216301, 2.5648415088653564
1802, -16.971782587468624, 2, 4.552238635995309, 30, 392520, 392520, 0.06629839539527893, 2.530815601348877
1803, -16.94121488928795, 2, 4.502995244001795, 30, 392550, 392550, 0.06145608425140381, 2.614882230758667
1804, -16.79438827931881, 2, 4.5150436209951295, 30, 392580, 392580, 0.06486179679632187, 2.536299467086792
1805, -16.847419928759336, 2, 4.546492387999024, 30, 392610, 392610, 0.11727865040302277, 2.6278865337371826
1806, -16.884918723255396, 2, 4.497352061996935, 30, 392640, 392640, 0.09236511588096619, 2.602076530456543
1807, -17.036619260907173, 2, 4.532187156000873, 30, 392670, 392670, 0.06499458104372025, 2.5772712230682373
1808, -16.916644290089607, 2, 4.499695202997827, 30, 392700, 392700, 0.10053930431604385, 2.6388726234436035
1809, -16.751109026372433, 2, 4.524872863999917, 30, 392730, 392730, 0.06786484271287918, 2.5637199878692627
1810, -16.710522338747978, 2, 4.49841133299924, 30, 392760, 392760, 0.07918793708086014, 2.5863146781921387
1811, -16.646039869636297, 2, 4.530467197000689, 30, 392790, 392790, 0.07674717158079147, 2.564561367034912
1812, -16.865497920662165, 2, 4.533079380002164, 30, 392820, 392820, 0.08353956788778305, 2.5646607875823975
1813, -16.905327156186104, 2, 4.563959785999032, 30, 392850, 392850, 0.07679791003465652, 2.583897352218628
1814, -16.69935241341591, 2, 4.531130239993217, 30, 392880, 392880, 0.05117960646748543, 2.5706918239593506
1815, -16.702188216149807, 2, 4.5406764229992405, 30, 392910, 392910, 0.07570913434028625, 2.5314462184906006
1816, -16.71123019605875, 2, 4.494081778000691, 30, 392940, 392940, 0.10081872344017029, 2.5544755458831787
1817, -16.68036561831832, 2, 4.530328259999806, 30, 392970, 392970, 0.10525134950876236, 2.60611891746521
1818, -16.676048200577497, 2, 4.5463637380016735, 30, 393000, 393000, 0.08606423437595367, 2.6346561908721924
1819, -16.813087303191423, 2, 4.512534663001134, 30, 393030, 393030, 0.1169654130935669, 2.6052792072296143
1820, -16.821048740297556, 2, 4.515715560999524, 30, 393060, 393060, 0.06981148570775986, 2.5288209915161133
1821, -16.803030151873827, 2, 4.533216952004295, 30, 393090, 393090, 0.06779810041189194, 2.537672519683838
1822, -16.78043256700039, 2, 4.550768266999512, 30, 393120, 393120, 0.060226213186979294, 2.5626869201660156
1823, -16.823873855173588, 2, 4.535326777004229, 30, 393150, 393150, 0.07769651710987091, 2.570885419845581
1824, -16.744820058345795, 2, 4.530016763004824, 30, 393180, 393180, 0.07111358642578125, 2.5828700065612793
1825, -16.737279940396547, 2, 4.567454998003086, 30, 393210, 393210, 0.08265241235494614, 2.6102871894836426
1826, -16.74994907900691, 2, 4.533729988004779, 30, 393240, 393240, 0.07730727642774582, 2.6040565967559814
1827, -16.74400270730257, 2, 4.5467800950063975, 30, 393270, 393270, 0.06195787712931633, 2.573253631591797
1828, -16.764229625463486, 2, 4.5270574419992045, 30, 393300, 393300, 0.0878240317106247, 2.5809662342071533
1829, -16.694755267351866, 2, 4.529786169005092, 30, 393330, 393330, 0.08184163272380829, 2.6136691570281982
1830, -16.640021309256554, 2, 4.543806155998027, 30, 393360, 393360, 0.0719062015414238, 2.6012535095214844
1831, -16.676350947469473, 2, 4.537359899004514, 30, 393390, 393390, 0.06813530623912811, 2.5614895820617676
1832, -16.632122319191694, 2, 4.531144077998761, 30, 393420, 393420, 0.04757041856646538, 2.6104559898376465
1833, -16.720478523522615, 2, 4.55167204800091, 30, 393450, 393450, 0.05232090502977371, 2.5809407234191895
1834, -16.819435328245163, 2, 4.517729469000187, 30, 393480, 393480, 0.07226491719484329, 2.590646266937256
1835, -16.71055992692709, 2, 4.542408736000652, 30, 393510, 393510, 0.08200673758983612, 2.59812068939209
1836, -16.759306848049164, 2, 4.538247147997026, 30, 393540, 393540, 0.0800115242600441, 2.576486825942993
1837, -16.71573456376791, 2, 4.532184381001571, 30, 393570, 393570, 0.058765992522239685, 2.5745248794555664
1838, -16.655242282897234, 2, 4.538847206000355, 30, 393600, 393600, 0.07565582543611526, 2.5163733959198
1839, -16.724887788295746, 2, 4.512129669004935, 30, 393630, 393630, 0.09721219539642334, 2.566391944885254
1840, -16.797471914440393, 2, 4.5302707360024215, 30, 393660, 393660, 0.08420977741479874, 2.596719264984131
1841, -16.719781942665577, 2, 4.538096188000054, 30, 393690, 393690, 0.07480423897504807, 2.5826942920684814
1842, -16.822990458458662, 2, 4.536714435002068, 30, 393720, 393720, 0.08115115761756897, 2.58489990234375
1843, -16.83308881148696, 2, 4.536745905003045, 30, 393750, 393750, 0.07755861431360245, 2.597846508026123
1844, -16.848247069865465, 2, 4.503529456000251, 30, 393780, 393780, 0.0846743956208229, 2.5408551692962646
1845, -16.79025361314416, 2, 4.517772828003217, 30, 393810, 393810, 0.09107477217912674, 2.5942270755767822
1846, -16.809569492936134, 2, 4.554996953003865, 30, 393840, 393840, 0.07154529541730881, 2.5580718517303467
1847, -16.67177203670144, 2, 4.507414027000777, 30, 393870, 393870, 0.10725636780261993, 2.631805181503296
1848, -16.659926865249872, 2, 4.5316775949977455, 30, 393900, 393900, 0.08782706409692764, 2.559804677963257
1849, -16.733619544655085, 2, 4.5105560190058895, 30, 393930, 393930, 0.07045962661504745, 2.6249639987945557
1850, -16.73953502252698, 2, 4.51930864899623, 30, 393960, 393960, 0.07052963227033615, 2.661898612976074
1851, -16.77298128977418, 2, 4.503199296996172, 30, 393990, 393990, 0.06972251087427139, 2.634442090988159
1852, -16.699607137590647, 2, 4.511233953999181, 30, 394020, 394020, 0.10288892686367035, 2.6243088245391846
1853, -16.718585647642612, 2, 4.53281316900393, 30, 394050, 394050, 0.07843487709760666, 2.5932884216308594
1854, -16.69231329858303, 2, 4.537281214004906, 30, 394080, 394080, 0.09144310653209686, 2.676767587661743
1855, -16.65660021826625, 2, 4.49933880000026, 30, 394110, 394110, 0.06610323488712311, 2.5912973880767822
1856, -16.86031100153923, 2, 4.568494207000185, 30, 394140, 394140, 0.08343074470758438, 2.6175527572631836
1857, -16.870385598391294, 2, 4.558780523999303, 30, 394170, 394170, 0.0797000378370285, 2.607652425765991
1858, -16.844304401427507, 2, 4.515165775999776, 30, 394200, 394200, 0.08056626468896866, 2.5608749389648438
1859, -16.866249561309814, 2, 4.511372524997569, 30, 394230, 394230, 0.09783320128917694, 2.545804262161255
1860, -16.78393604978919, 2, 4.5398098139994545, 30, 394260, 394260, 0.09158922731876373, 2.5950467586517334
1861, -16.82649263739586, 2, 4.509166998002911, 30, 394290, 394290, 0.07923783361911774, 2.5573973655700684
1862, -16.793512664735317, 2, 4.543280156998662, 30, 394320, 394320, 0.07083189487457275, 2.5867950916290283
1863, -16.904973585158587, 2, 4.5111266169988085, 30, 394350, 394350, 0.06118440255522728, 2.5707085132598877
1864, -16.910395808517933, 2, 4.515735264998511, 30, 394380, 394380, 0.0914810374379158, 2.611337184906006
1865, -16.85753006860614, 2, 4.526077723996423, 30, 394410, 394410, 0.0637320950627327, 2.591519594192505
1866, -16.781789291650057, 2, 4.577234589, 30, 394440, 394440, 0.08843172341585159, 2.6531941890716553
1867, -16.843381743878126, 2, 4.534506854004576, 30, 394470, 394470, 0.09143909066915512, 2.5596494674682617
1868, -16.730498615652323, 2, 4.529158555997128, 30, 394500, 394500, 0.08078054338693619, 2.5724220275878906
1869, -16.76157410815358, 2, 4.505193078002776, 30, 394530, 394530, 0.07732857018709183, 2.5809667110443115
1870, -16.863446105271578, 2, 4.503409101002035, 30, 394560, 394560, 0.08417496830224991, 2.586148977279663
1871, -16.90250527858734, 2, 4.5304376460044296, 30, 394590, 394590, 0.07008597999811172, 2.615609884262085
1872, -16.871672719717026, 2, 4.532031812996138, 30, 394620, 394620, 0.0686086043715477, 2.5884735584259033
1873, -16.93345971405506, 2, 4.556190461997176, 30, 394650, 394650, 0.06387429684400558, 2.6181321144104004
1874, -17.029131706804037, 2, 4.544803734999732, 30, 394680, 394680, 0.08691231161355972, 2.6451756954193115
1875, -16.91390674933791, 2, 4.537431976001244, 30, 394710, 394710, 0.07179845869541168, 2.5639379024505615
1876, -16.789788030087948, 2, 4.539107286000217, 30, 394740, 394740, 0.09706883132457733, 2.6060075759887695
1877, -16.828310504555702, 2, 4.5651179070046055, 30, 394770, 394770, 0.08249861747026443, 2.5568854808807373
1878, -16.829588271677494, 2, 4.533999361003225, 30, 394800, 394800, 0.05918126925826073, 2.5901525020599365
1879, -16.969764810055494, 2, 4.5124534989954554, 30, 394830, 394830, 0.07669694721698761, 2.5295634269714355
1880, -17.00960147753358, 2, 4.5254215840031975, 30, 394860, 394860, 0.07985016703605652, 2.616656541824341
1881, -16.843264501541853, 2, 4.528836219004006, 30, 394890, 394890, 0.09601045399904251, 2.611020565032959
1882, -16.702841959893703, 2, 4.533495462004794, 30, 394920, 394920, 0.10588112473487854, 2.6302435398101807
1883, -16.694978773593903, 2, 4.528898210002808, 30, 394950, 394950, 0.0528508797287941, 2.59204363822937
1884, -16.736741367727518, 2, 4.515678501993534, 30, 394980, 394980, 0.09761698544025421, 2.6253957748413086
1885, -16.702343128621578, 2, 4.550343691997114, 30, 395010, 395010, 0.08763886988162994, 2.6191320419311523
1886, -16.821364551782608, 2, 4.522395676998713, 30, 395040, 395040, 0.09979666769504547, 2.5672574043273926
1887, -16.855924032628536, 2, 4.553912330004096, 30, 395070, 395070, 0.05774272233247757, 2.598345994949341
1888, -16.804294615983963, 2, 4.530823983994196, 30, 395100, 395100, 0.08267810940742493, 2.5958595275878906
1889, -16.89123345911503, 2, 4.506214031003765, 30, 395130, 395130, 0.10297704488039017, 2.6436610221862793
1890, -16.908262949436903, 2, 4.510938329003693, 30, 395160, 395160, 0.07922063767910004, 2.6074748039245605
1891, -16.874733671545982, 2, 4.520441002001462, 30, 395190, 395190, 0.08293824642896652, 2.6183183193206787
1892, -16.90389733761549, 2, 4.533503797996673, 30, 395220, 395220, 0.0829121321439743, 2.6122806072235107
1893, -16.847994215786457, 2, 4.516953263002506, 30, 395250, 395250, 0.06050007417798042, 2.618269681930542
1894, -16.885423839092255, 2, 4.532290081995598, 30, 395280, 395280, 0.07141050696372986, 2.591318368911743
1895, -16.881797302514315, 2, 4.527381521998905, 30, 395310, 395310, 0.0742616206407547, 2.628304958343506
1896, -16.725329779088497, 2, 4.575567993000732, 30, 395340, 395340, 0.06557049602270126, 2.6214261054992676
1897, -16.70867944508791, 2, 4.555107795000367, 30, 395370, 395370, 0.09610307216644287, 2.611492156982422
1898, -16.747538574039936, 2, 4.517424020996259, 30, 395400, 395400, 0.09114343672990799, 2.7016806602478027
1899, -16.73048811778426, 2, 4.5376154859986855, 30, 395430, 395430, 0.0897592157125473, 2.617466688156128
1900, -16.66230197250843, 2, 4.553537947998848, 30, 395460, 395460, 0.09081566333770752, 2.6528525352478027
1901, -16.62881886586547, 2, 4.510795636000694, 30, 395490, 395490, 0.08507304638624191, 2.6322906017303467
1902, -16.650131821632385, 2, 4.582904631002748, 30, 395520, 395520, 0.05598932504653931, 2.6176905632019043
1903, -16.769872799515724, 2, 4.555960195000807, 30, 395550, 395550, 0.07927858084440231, 2.591888666152954
1904, -16.714479710906744, 2, 4.552070712001296, 30, 395580, 395580, 0.10274937748908997, 2.6331140995025635
1905, -16.802490655332804, 2, 4.587694955996994, 30, 395610, 395610, 0.08899862319231033, 2.6477978229522705
1906, -16.81574607640505, 2, 4.522178122999321, 30, 395640, 395640, 0.10879513621330261, 2.6178336143493652
1907, -16.755263853818178, 2, 4.552945875999285, 30, 395670, 395670, 0.05744463577866554, 2.637812376022339
1908, -16.683573711663485, 2, 4.5335380070027895, 30, 395700, 395700, 0.060840170830488205, 2.608147144317627
1909, -16.681097451597452, 2, 4.539753372002451, 30, 395730, 395730, 0.0764305517077446, 2.589756727218628
1910, -16.633842520415783, 2, 4.549153991996718, 30, 395760, 395760, 0.07541605085134506, 2.581324338912964
1911, -16.76478623598814, 2, 4.509829809998337, 30, 395790, 395790, 0.07411982864141464, 2.6802027225494385
1912, -16.82923287153244, 2, 4.525269844998547, 30, 395820, 395820, 0.09154614806175232, 2.7175533771514893
1913, -16.784397773444653, 2, 4.54484613299428, 30, 395850, 395850, 0.0674685537815094, 2.6693179607391357
1914, -16.768417678773403, 2, 4.537732445998699, 30, 395880, 395880, 0.08516666293144226, 2.6886160373687744
1915, -16.71216244250536, 2, 4.549291055998765, 30, 395910, 395910, 0.09720230102539062, 2.5937180519104004
1916, -16.81120778620243, 2, 4.519392693000555, 30, 395940, 395940, 0.08430180698633194, 2.6339659690856934
1917, -16.803074467927217, 2, 4.528520355997898, 30, 395970, 395970, 0.07119271159172058, 2.6152188777923584
1918, -16.794583778828382, 2, 4.52546130400151, 30, 396000, 396000, 0.09938210994005203, 2.6083667278289795
1919, -16.819680366665125, 2, 4.5182194619992515, 30, 396030, 396030, 0.07286664098501205, 2.5725393295288086
1920, -16.908658791333437, 2, 4.513046833002591, 30, 396060, 396060, 0.08726192265748978, 2.6399612426757812
1921, -16.823898151516914, 2, 4.525456385003054, 30, 396090, 396090, 0.08031156659126282, 2.5960161685943604
1922, -16.787637162953615, 2, 4.532757695000328, 30, 396120, 396120, 0.11125867068767548, 2.6485793590545654
1923, -16.862904205918312, 2, 4.524333563000255, 30, 396150, 396150, 0.07904098182916641, 2.674570322036743
1924, -16.8412429317832, 2, 4.54273909299809, 30, 396180, 396180, 0.08043914288282394, 2.6357412338256836
1925, -16.95912592485547, 2, 4.520901581003272, 30, 396210, 396210, 0.0773286372423172, 2.6655774116516113
1926, -16.782198030501604, 2, 4.537613129999954, 30, 396240, 396240, 0.10238713771104813, 2.5555105209350586
1927, -16.921740531921387, 2, 4.527277395995043, 30, 396270, 396270, 0.07448794692754745, 2.5952506065368652
1928, -16.732939403504133, 2, 4.573651610000525, 30, 396300, 396300, 0.08982905000448227, 2.590581178665161
1929, -16.841824483126402, 2, 4.513350983004784, 30, 396330, 396330, 0.07629939913749695, 2.647810459136963
1930, -16.65522364526987, 2, 4.5139538969960995, 30, 396360, 396360, 0.0947311595082283, 2.586578369140625
1931, -16.758718565106392, 2, 4.539707550000458, 30, 396390, 396390, 0.09372994303703308, 2.6021108627319336
1932, -16.885336507111788, 2, 4.539611750005861, 30, 396420, 396420, 0.06723443418741226, 2.6176986694335938
1933, -16.872477632015944, 2, 4.5497504040031345, 30, 396450, 396450, 0.0915963426232338, 2.6519551277160645
1934, -16.681103982031345, 2, 4.560829490001197, 30, 396480, 396480, 0.0821121484041214, 2.651949405670166
1935, -16.826597433537245, 2, 4.543944969002041, 30, 396510, 396510, 0.07956596463918686, 2.635667085647583
1936, -16.765233229845762, 2, 4.541937948997656, 30, 396540, 396540, 0.08844002336263657, 2.61175799369812
1937, -16.77533433958888, 2, 4.531799480995687, 30, 396570, 396570, 0.07165082544088364, 2.663374662399292
1938, -16.870287466794252, 2, 4.5209022739945794, 30, 396600, 396600, 0.06185133010149002, 2.571916103363037
1939, -16.752416968345642, 2, 4.528786130998924, 30, 396630, 396630, 0.06772119551897049, 2.563059091567993
1940, -16.787378814071417, 2, 4.526312055000744, 30, 396660, 396660, 0.07411547005176544, 2.6557130813598633
1941, -16.767132367938757, 2, 4.549045708998165, 30, 396690, 396690, 0.07443755120038986, 2.701908826828003
1942, -16.726458698511124, 2, 4.524593864000053, 30, 396720, 396720, 0.09743005782365799, 2.642242193222046
1943, -16.676771204918623, 2, 4.524060200004897, 30, 396750, 396750, 0.06947555392980576, 2.6264562606811523
1944, -16.800781913101673, 2, 4.558019632000651, 30, 396780, 396780, 0.07979466021060944, 2.665484666824341
1945, -16.851828806102276, 2, 4.544529359998705, 30, 396810, 396810, 0.08941736817359924, 2.634840488433838
1946, -16.965521074831486, 2, 4.538889936004125, 30, 396840, 396840, 0.06294994056224823, 2.5805883407592773
1947, -17.197059281170368, 2, 4.517887464004161, 30, 396870, 396870, 0.07737886905670166, 2.672670841217041
1948, -16.97019960731268, 2, 4.515191919002973, 30, 396900, 396900, 0.09976367652416229, 2.657611846923828
1949, -16.93854171037674, 2, 4.547470312994847, 30, 396930, 396930, 0.08455175906419754, 2.666184425354004
1950, -16.892484959214926, 2, 4.587085979001131, 30, 396960, 396960, 0.0977705642580986, 2.6307756900787354
1951, -16.80006479099393, 2, 4.547064638994925, 30, 396990, 396990, 0.07748398184776306, 2.584555149078369
1952, -16.811593309044838, 2, 4.5426573069998994, 30, 397020, 397020, 0.0812377855181694, 2.667492151260376
1953, -16.80302470549941, 2, 4.5604423959957785, 30, 397050, 397050, 0.08833476155996323, 2.635612964630127
1954, -16.7502326592803, 2, 4.550681763001194, 30, 397080, 397080, 0.08485238254070282, 2.6552209854125977
1955, -16.78936792910099, 2, 4.551508986995032, 30, 397110, 397110, 0.10247155278921127, 2.6806280612945557
1956, -16.897381842136383, 2, 4.528380752002704, 30, 397140, 397140, 0.10272826999425888, 2.670853614807129
1957, -16.91903356090188, 2, 4.516823603000375, 30, 397170, 397170, 0.09058146178722382, 2.5603291988372803
1958, -16.842319265007973, 2, 4.550071006000508, 30, 397200, 397200, 0.06667771935462952, 2.6060361862182617
1959, -16.75787901133299, 2, 4.534751247003442, 30, 397230, 397230, 0.08139196783304214, 2.608149290084839
1960, -16.70230406150222, 2, 4.540279034998093, 30, 397260, 397260, 0.08558476716279984, 2.618164300918579
1961, -16.737498573958874, 2, 4.531323101997259, 30, 397290, 397290, 0.09504828602075577, 2.5864439010620117
1962, -16.772447053343058, 2, 4.562355763999221, 30, 397320, 397320, 0.0937999039888382, 2.655644655227661
1963, -16.670758582651615, 2, 4.532334018003894, 30, 397350, 397350, 0.07276134192943573, 2.6686909198760986
1964, -16.690028689801693, 2, 4.584086064001895, 30, 397380, 397380, 0.08379515260457993, 2.6777453422546387
1965, -16.728808380663395, 2, 4.536129390005954, 30, 397410, 397410, 0.10208482295274734, 2.585232973098755
1966, -16.792461711913347, 2, 4.514374099002453, 30, 397440, 397440, 0.07675446569919586, 2.626643419265747
1967, -16.776814986020327, 2, 4.522823177998362, 30, 397470, 397470, 0.08855605125427246, 2.6353249549865723
1968, -16.678204484283924, 2, 4.5560751400043955, 30, 397500, 397500, 0.06966427713632584, 2.6958889961242676
1969, -16.796263486146927, 2, 4.515502237998589, 30, 397530, 397530, 0.09270671755075455, 2.7006492614746094
1970, -16.88551512733102, 2, 4.553840991997276, 30, 397560, 397560, 0.04972023144364357, 2.5938165187835693
1971, -16.939415730535984, 2, 4.5210467989963945, 30, 397590, 397590, 0.09186527878046036, 2.6554739475250244
1972, -16.959129106253386, 2, 4.541481652006041, 30, 397620, 397620, 0.09598774462938309, 2.6645076274871826
1973, -16.893675092607737, 2, 4.56670955500158, 30, 397650, 397650, 0.08577167987823486, 2.652364492416382
1974, -16.937260452657938, 2, 4.527542823001568, 30, 397680, 397680, 0.09562388807535172, 2.63592529296875
1975, -16.954979348927736, 2, 4.529189715998655, 30, 397710, 397710, 0.081338070333004, 2.6412394046783447
1976, -16.757601391524076, 2, 4.534697015995334, 30, 397740, 397740, 0.06536489725112915, 2.658207893371582
1977, -16.690700978040695, 2, 4.527295457999571, 30, 397770, 397770, 0.09926033020019531, 2.641976833343506
1978, -16.750784810632467, 2, 4.540974077004648, 30, 397800, 397800, 0.07156523317098618, 2.673616886138916
1979, -16.66192612424493, 2, 4.549229971002205, 30, 397830, 397830, 0.08049176633358002, 2.61594557762146
1980, -16.789109840989113, 2, 4.546047941999859, 30, 397860, 397860, 0.07612800598144531, 2.608107805252075
1981, -16.675370156764984, 2, 4.558859370001301, 30, 397890, 397890, 0.10128092020750046, 2.66668438911438
1982, -16.690914902836084, 2, 4.552404759997444, 30, 397920, 397920, 0.11285753548145294, 2.6514413356781006
1983, -16.708381336182356, 2, 4.536822027999733, 30, 397950, 397950, 0.06930387020111084, 2.6243937015533447
1984, -16.69235886260867, 2, 4.579841524006042, 30, 397980, 397980, 0.07595004886388779, 2.632194757461548
1985, -16.756808329373598, 2, 4.532414230998256, 30, 398010, 398010, 0.09496547281742096, 2.5839638710021973
1986, -16.753740280866623, 2, 4.4960236129991245, 30, 398040, 398040, 0.08637536317110062, 2.661691427230835
1987, -16.738639574497938, 2, 4.545822911997675, 30, 398070, 398070, 0.08411099761724472, 2.593947649002075
1988, -16.755699187517166, 2, 4.5470670590002555, 30, 398100, 398100, 0.09479301422834396, 2.5954763889312744
1989, -16.745544843375683, 2, 4.546916693005187, 30, 398130, 398130, 0.0965484231710434, 2.6301863193511963
1990, -16.78183687850833, 2, 4.534320545004448, 30, 398160, 398160, 0.08834169805049896, 2.704106569290161
1991, -16.716967057436705, 2, 4.553924790001474, 30, 398190, 398190, 0.08400847017765045, 2.706334114074707
1992, -16.646408207714558, 2, 4.555116260999057, 30, 398220, 398220, 0.08390054851770401, 2.627847194671631
1993, -16.716453801840544, 2, 4.543791726995551, 30, 398250, 398250, 0.08570750057697296, 2.6337502002716064
1994, -16.782193675637245, 2, 4.5472687799992855, 30, 398280, 398280, 0.07271448522806168, 2.6643147468566895
1995, -16.705890592187643, 2, 4.515325906999351, 30, 398310, 398310, 0.09123595803976059, 2.6250903606414795
1996, -16.675272941589355, 2, 4.5357867530037765, 30, 398340, 398340, 0.09384114295244217, 2.6481034755706787
1997, -16.67820332571864, 2, 4.520588022001903, 30, 398370, 398370, 0.07564397156238556, 2.665116310119629
1998, -16.636937465518713, 2, 4.528806559996156, 30, 398400, 398400, 0.0768807902932167, 2.5916526317596436
1999, -16.65954279154539, 2, 4.543667671001458, 30, 398430, 398430, 0.08932957798242569, 2.6809022426605225
2000, -16.723462995141745, 2, 4.541942601004848, 30, 398460, 398460, 0.09446358680725098, 2.6456122398376465
2001, -16.768157299607992, 2, 4.513669795000169, 30, 398490, 398490, 0.07873489707708359, 2.654430866241455
2002, -16.797401506453753, 2, 4.556769538998196, 30, 398520, 398520, 0.0669415295124054, 2.634491205215454
2003, -16.770673722028732, 2, 4.541930218001653, 30, 398550, 398550, 0.0962948426604271, 2.6624624729156494
2004, -16.701995436102152, 2, 4.525517833993945, 30, 398580, 398580, 0.07227567583322525, 2.6123597621917725
2005, -16.70978805422783, 2, 4.565170298999874, 30, 398610, 398610, 0.06841913610696793, 2.6612608432769775
2006, -16.744433533400297, 2, 4.551619898003992, 30, 398640, 398640, 0.05898737907409668, 2.7436673641204834
2007, -16.69985457509756, 2, 4.525739000004251, 30, 398670, 398670, 0.06397860497236252, 2.6800031661987305
2008, -16.693900913000107, 2, 4.52111197499471, 30, 398700, 398700, 0.06276389211416245, 2.6419408321380615
2009, -16.64913298934698, 2, 4.566570024995599, 30, 398730, 398730, 0.06646125018596649, 2.6674609184265137
2010, -16.772567953914404, 2, 4.577467969000281, 30, 398760, 398760, 0.1175260841846466, 2.7010247707366943
2011, -16.774426821619272, 2, 4.5309429609988, 30, 398790, 398790, 0.08525476604700089, 2.6743388175964355
2012, -16.76445610076189, 2, 4.548044682000182, 30, 398820, 398820, 0.09374284744262695, 2.6250832080841064
2013, -16.772634223103523, 2, 4.542311929995776, 30, 398850, 398850, 0.0866008847951889, 2.695160388946533
2014, -16.628940515220165, 2, 4.547617883006751, 30, 398880, 398880, 0.08650051057338715, 2.676877021789551
2015, -16.716402914375067, 2, 4.533585650002351, 30, 398910, 398910, 0.0971013680100441, 2.6946842670440674
2016, -16.730912812054157, 2, 4.5436705949978204, 30, 398940, 398940, 0.07331825792789459, 2.677642345428467
2017, -16.68485076725483, 2, 4.549999431998003, 30, 398970, 398970, 0.08416571468114853, 2.7230560779571533
2018, -16.724186576902866, 2, 4.537838254000235, 30, 399000, 399000, 0.0747607871890068, 2.6263201236724854
2019, -16.731393236666918, 2, 4.512925458999234, 30, 399030, 399030, 0.07334668189287186, 2.597198486328125
2020, -16.756639298051596, 2, 4.53337778000423, 30, 399060, 399060, 0.05510988458991051, 2.6708967685699463
2021, -16.701726112514734, 2, 4.527782880002633, 30, 399090, 399090, 0.07926421612501144, 2.6102354526519775
2022, -16.70773420855403, 2, 4.566009032998409, 30, 399120, 399120, 0.08495936542749405, 2.724299669265747
2023, -16.72367213666439, 2, 4.547389758998179, 30, 399150, 399150, 0.08615971356630325, 2.6476056575775146
2024, -16.700673706829548, 2, 4.521507434998057, 30, 399180, 399180, 0.06509234756231308, 2.6772806644439697
2025, -16.703280329704285, 2, 4.521601673004625, 30, 399210, 399210, 0.09108380228281021, 2.683562994003296
2026, -16.644485507160425, 2, 4.5506840529997135, 30, 399240, 399240, 0.07603123784065247, 2.6550397872924805
2027, -16.723396010696888, 2, 4.541843926999718, 30, 399270, 399270, 0.08127287775278091, 2.6817586421966553
2028, -16.728499967604876, 2, 4.589777337998385, 30, 399300, 399300, 0.08459815382957458, 2.636448383331299
2029, -16.743399318307638, 2, 4.576053871001932, 30, 399330, 399330, 0.05771859362721443, 2.6286916732788086
2030, -16.758216481655836, 2, 4.563369732997671, 30, 399360, 399360, 0.06920748203992844, 2.675225019454956
2031, -16.81036152690649, 2, 4.533140323997941, 30, 399390, 399390, 0.06753513962030411, 2.678511619567871
2032, -16.820795141160488, 2, 4.540709739005251, 30, 399420, 399420, 0.09235430508852005, 2.694620370864868
2033, -16.733303483575583, 2, 4.52942609800084, 30, 399450, 399450, 0.08475225418806076, 2.6252493858337402
2034, -16.668779343366623, 2, 4.524491031996149, 30, 399480, 399480, 0.07358702272176743, 2.6533477306365967
2035, -16.66324845701456, 2, 4.55417046599905, 30, 399510, 399510, 0.0783161148428917, 2.6938555240631104
2036, -16.675519552081823, 2, 4.571404460002668, 30, 399540, 399540, 0.0925435870885849, 2.716657876968384
2037, -16.652121271938086, 2, 4.547459934001381, 30, 399570, 399570, 0.07343645393848419, 2.63102388381958
2038, -16.69187167286873, 2, 4.542980639002053, 30, 399600, 399600, 0.08407518267631531, 2.7114460468292236
2039, -16.672701187431812, 2, 4.5404027830009, 30, 399630, 399630, 0.06718425452709198, 2.699518918991089
2040, -16.68896223604679, 2, 4.517839913001808, 30, 399660, 399660, 0.07520998269319534, 2.6445651054382324
2041, -16.70557776838541, 2, 4.517561530999956, 30, 399690, 399690, 0.08165350556373596, 2.615065813064575
2042, -16.767385061830282, 2, 4.550799449003534, 30, 399720, 399720, 0.09019601345062256, 2.744478940963745
2043, -16.71979747340083, 2, 4.558595641996362, 30, 399750, 399750, 0.09189682453870773, 2.7096428871154785
2044, -16.6684816069901, 2, 4.55151542800013, 30, 399780, 399780, 0.07088704407215118, 2.667764902114868
2045, -16.64707377925515, 2, 4.552328874997329, 30, 399810, 399810, 0.12492416799068451, 2.7201972007751465
2046, -16.78675601258874, 2, 4.514591900995583, 30, 399840, 399840, 0.08832500129938126, 2.6872429847717285
2047, -16.73988275229931, 2, 4.544600132001506, 30, 399870, 399870, 0.08399946242570877, 2.671882152557373
2048, -16.68948696553707, 2, 4.534199214998807, 30, 399900, 399900, 0.07804398238658905, 2.702887535095215
2049, -16.7328363917768, 2, 4.537099503999343, 30, 399930, 399930, 0.08108589798212051, 2.7081120014190674
2050, -16.682877492159605, 2, 4.561030312994262, 30, 399960, 399960, 0.07069274038076401, 2.676947593688965
2051, -16.632406141608953, 2, 4.529795752998325, 30, 399990, 399990, 0.07499868422746658, 2.7233479022979736
2052, -16.64916232228279, 2, 4.545802170003299, 30, 400020, 400020, 0.07900471240282059, 2.6491012573242188
2053, -16.622512850910425, 2, 4.597374454999226, 30, 400050, 400050, 0.07103388756513596, 2.629187822341919
2054, -16.726045541465282, 2, 4.524184699999751, 30, 400080, 400080, 0.08827929198741913, 2.7196223735809326
2055, -16.722566809505224, 2, 4.565625178998744, 30, 400110, 400110, 0.05800098925828934, 2.683253526687622
2056, -16.658007618039846, 2, 4.545283710998774, 30, 400140, 400140, 0.08584045618772507, 2.6874337196350098
2057, -16.59449913725257, 2, 4.550529590000224, 30, 400170, 400170, 0.0795268639922142, 2.740710973739624
2058, -16.645001620054245, 2, 4.548616559004586, 30, 400200, 400200, 0.10081807523965836, 2.6406829357147217
2059, -16.65155766531825, 2, 4.525312697005575, 30, 400230, 400230, 0.050851427018642426, 2.7097437381744385
2060, -16.649146232753992, 2, 4.565109779003251, 30, 400260, 400260, 0.1214689090847969, 2.726677417755127
2061, -16.588182229548693, 2, 4.513449569996737, 30, 400290, 400290, 0.09500706940889359, 2.6954240798950195
2062, -16.633361540734768, 2, 4.554097020998597, 30, 400320, 400320, 0.09381027519702911, 2.6941041946411133
2063, -16.617200795561075, 2, 4.539758987004461, 30, 400350, 400350, 0.08153840154409409, 2.7457873821258545
2064, -16.646146927028894, 2, 4.52857542700076, 30, 400380, 400380, 0.09148025512695312, 2.7019855976104736
2065, -16.71482816338539, 2, 4.512383410998154, 30, 400410, 400410, 0.06018154323101044, 2.6565237045288086
2066, -16.68773978576064, 2, 4.555258641004912, 30, 400440, 400440, 0.10580400377511978, 2.7119410037994385
2067, -16.634383022785187, 2, 4.5184585050010355, 30, 400470, 400470, 0.08143691718578339, 2.6365017890930176
2068, -16.661644365638494, 2, 4.548367732997576, 30, 400500, 400500, 0.10288743674755096, 2.736459493637085
2069, -16.730475790798664, 2, 4.534890697002993, 30, 400530, 400530, 0.07974659651517868, 2.7056350708007812
2070, -16.763875268399715, 2, 4.539395480001986, 30, 400560, 400560, 0.09406483918428421, 2.7131259441375732
2071, -16.666739393025637, 2, 4.547159847999865, 30, 400590, 400590, 0.09271420538425446, 2.64172101020813
2072, -16.679931420832872, 2, 4.588400274005835, 30, 400620, 400620, 0.11955896019935608, 2.656947135925293
2073, -16.738856364041567, 2, 4.555406003993994, 30, 400650, 400650, 0.09654147177934647, 2.6990320682525635
2074, -16.65451506152749, 2, 4.535102068999549, 30, 400680, 400680, 0.11371884495019913, 2.723900556564331
2075, -16.633679311722517, 2, 4.574563606001902, 30, 400710, 400710, 0.09006878733634949, 2.7520430088043213
2076, -16.592117004096508, 2, 4.536227265998605, 30, 400740, 400740, 0.08074367791414261, 2.720184803009033
2077, -16.600279316306114, 2, 4.551115504000336, 30, 400770, 400770, 0.08895467221736908, 2.696850538253784
2078, -16.70731818675995, 2, 4.561117478995584, 30, 400800, 400800, 0.09142644703388214, 2.6758646965026855
2079, -16.783898804336786, 2, 4.569440195002244, 30, 400830, 400830, 0.09419924765825272, 2.68347430229187
2080, -16.746754463762045, 2, 4.535099405002256, 30, 400860, 400860, 0.07776018232107162, 2.6647017002105713
2081, -16.67562559247017, 2, 4.5175899880050565, 30, 400890, 400890, 0.10295417159795761, 2.696545124053955
2082, -16.679841302335262, 2, 4.555561000001035, 30, 400920, 400920, 0.09211268275976181, 2.6719253063201904
2083, -16.615713253617287, 2, 4.559896487997321, 30, 400950, 400950, 0.0845971629023552, 2.7312512397766113
2084, -16.62207905575633, 2, 4.568615850999777, 30, 400980, 400980, 0.11432087421417236, 2.695852756500244
2085, -16.733984500169754, 2, 4.550813588997698, 30, 401010, 401010, 0.0998893678188324, 2.648047924041748
2086, -16.73672766983509, 2, 4.5375568429954, 30, 401040, 401040, 0.08008439093828201, 2.7163240909576416
2087, -16.703820895403624, 2, 4.562112428000546, 30, 401070, 401070, 0.10590141266584396, 2.6940972805023193
2088, -16.735628060996532, 2, 4.57090412999969, 30, 401100, 401100, 0.06592228263616562, 2.6491541862487793
2089, -16.74672058597207, 2, 4.561891421995824, 30, 401130, 401130, 0.0873313918709755, 2.7446067333221436
2090, -16.72480183467269, 2, 4.540851666002709, 30, 401160, 401160, 0.10881564021110535, 2.777074098587036
2091, -16.713339529931545, 2, 4.5526919460025965, 30, 401190, 401190, 0.07312382757663727, 2.778775691986084
2092, -16.72707248479128, 2, 4.535124481000821, 30, 401220, 401220, 0.08465785533189774, 2.689317226409912
2093, -16.60885686799884, 2, 4.552268300001742, 30, 401250, 401250, 0.13149362802505493, 2.6703691482543945
2094, -16.647469587624073, 2, 4.585862009997072, 30, 401280, 401280, 0.09043289721012115, 2.676042079925537
2095, -16.633731987327337, 2, 4.589291701006005, 30, 401310, 401310, 0.08521434664726257, 2.7186813354492188
2096, -16.60936702787876, 2, 4.569068023003638, 30, 401340, 401340, 0.11105227470397949, 2.738434076309204
2097, -16.590577486902475, 2, 4.579138895998767, 30, 401370, 401370, 0.0875621885061264, 2.6885061264038086
2098, -16.62899148091674, 2, 4.56997086499905, 30, 401400, 401400, 0.09884808957576752, 2.700115203857422
