episode, reward, success, duration, steps, total_steps, memory length, avg_critic_loss, avg_actor_loss
1, 4.464051627553999, 2, 12.626357664999887, 101, 15091, 15091, 0.01748335175216198, -0.479051798582077
2, 1.007873019669205, 2, 31.643755993999548, 258, 15349, 15349, 0.018089659512043, -0.4714842736721039
3, 2.1299788714386523, 2, 8.979768452999451, 70, 15419, 15419, 0.01777493581175804, -0.4818628132343292
4, -5.1037562638521194, 4, 40.12883182299993, 329, 15748, 15748, 0.016471996903419495, -0.4882133901119232
5, 1.190565356053412, 2, 6.696094206999987, 51, 15799, 15799, 0.01785781979560852, -0.49059662222862244
6, -0.8544652487616986, 2, 4.1794307190002655, 30, 15829, 15829, 0.017803309485316277, -0.4855552017688751
7, 0.12290561106055975, 2, 5.524563621000198, 41, 15870, 15870, 0.014151902869343758, -0.4857792854309082
8, -7.143816734664142, 4, 40.076010456000404, 328, 16198, 16198, 0.016185186803340912, -0.494341641664505
9, 9.55913252569735, 2, 33.892712449999635, 276, 16474, 16474, 0.016115764155983925, -0.4989972412586212
10, 3.8677139319479465, 2, 11.597032366000349, 91, 16565, 16565, 0.014797119423747063, -0.5042449831962585
11, -0.54533512564376, 4, 40.08826453999973, 328, 16893, 16893, 0.015741461887955666, -0.5093286633491516
12, 5.855316785397008, 4, 40.11576721199981, 328, 17221, 17221, 0.015566238202154636, -0.5164971351623535
13, 10.150627154042013, 2, 27.413535273999514, 222, 17443, 17443, 0.01623132824897766, -0.5150396227836609
14, 3.3852324192412198, 2, 12.946678272999634, 103, 17546, 17546, 0.016423888504505157, -0.5225640535354614
15, -2.1899662441574037, 4, 40.11313135399996, 328, 17874, 17874, 0.01572592742741108, -0.5275474190711975
16, 6.948929460719228, 2, 14.7295124580005, 117, 17991, 17991, 0.015605534426867962, -0.5349032282829285
17, 0.21961900289170444, 2, 6.699659046999841, 51, 18042, 18042, 0.01413138210773468, -0.5484216809272766
18, 0.17862872779369354, 2, 5.485658149000301, 41, 18083, 18083, 0.01519069168716669, -0.5335989594459534
19, -2.0015026424080133, 2, 4.1457110070005, 30, 18113, 18113, 0.014516251161694527, -0.5306803584098816
20, 6.125364111037925, 2, 15.925458456000342, 127, 18240, 18240, 0.01845865324139595, -0.525497317314148
21, -0.019150899723172188, 2, 4.132599157000186, 30, 18270, 18270, 0.019088178873062134, -0.5429584383964539
22, 15.64768902817741, 4, 40.14149096700021, 327, 18597, 18597, 0.017131581902503967, -0.5383962392807007
23, 6.871429040678777, 2, 18.656708021999293, 150, 18747, 18747, 0.01812579482793808, -0.5452203154563904
24, 1.4846750386059284, 2, 10.371489476000534, 81, 18828, 18828, 0.017877385020256042, -0.5364967584609985
25, 0.21724348049610853, 2, 4.1617190810002285, 30, 18858, 18858, 0.019253723323345184, -0.5498721599578857
26, 5.4243516102433205, 2, 12.660762842000622, 100, 18958, 18958, 0.017463335767388344, -0.5470998883247375
27, 6.750736885005608, 2, 18.352889572000095, 147, 19105, 19105, 0.01724591664969921, -0.5561397671699524
28, 0.9233014839701355, 2, 7.52906058499957, 58, 19163, 19163, 0.017589151859283447, -0.5444614291191101
29, 0.040040213614702225, 2, 4.168196270000408, 30, 19193, 19193, 0.021732885390520096, -0.5696007013320923
30, 2.5337149889674038, 2, 26.441083771000194, 215, 19408, 19408, 0.018610648810863495, -0.5572251677513123
31, 8.524001856683753, 2, 21.3556421029989, 172, 19580, 19580, 0.016896070912480354, -0.5647009015083313
32, -0.381259772926569, 2, 4.266032319999795, 30, 19610, 19610, 0.014922473579645157, -0.5605483651161194
33, -1.0423277204390615, 2, 10.152643543000522, 79, 19689, 19689, 0.017435546964406967, -0.5774505138397217
34, -0.5571469930000603, 2, 4.137149926998973, 30, 19719, 19719, 0.017259785905480385, -0.5821172595024109
35, 2.1539821587502956, 2, 13.104401044000042, 104, 19823, 19823, 0.01934361830353737, -0.5747748017311096
36, 0.8136437851935625, 2, 6.223024095001165, 47, 19870, 19870, 0.021111896261572838, -0.5801730751991272
37, 0.4075427697971463, 2, 5.602772706999531, 42, 19912, 19912, 0.023433128371834755, -0.5526577234268188
38, -0.4900489212013781, 2, 4.133502896998834, 30, 19942, 19942, 0.020281650125980377, -0.5822510123252869
39, 3.3372057314263657, 2, 11.4827802589989, 90, 20032, 20032, 0.02153112180531025, -0.5768391489982605
40, 8.272486328613013, 2, 19.80530445899967, 159, 20191, 20191, 0.020885132253170013, -0.5769976377487183
41, 7.424687326187268, 2, 16.638265683999634, 132, 20323, 20323, 0.019654210656881332, -0.5912716388702393
42, -1.3534010329749435, 2, 4.21544823899967, 30, 20353, 20353, 0.019923297688364983, -0.5567596554756165
43, 3.4062221955973655, 2, 11.437722237000344, 90, 20443, 20443, 0.01970498450100422, -0.5833152532577515
44, -1.1790875219739974, 2, 4.63844443599919, 34, 20477, 20477, 0.021467525511980057, -0.5654253959655762
45, -0.055975172435864806, 2, 5.1198343119995116, 38, 20515, 20515, 0.022179139778017998, -0.5948166847229004
46, 5.368225923273712, 2, 15.66182960399965, 125, 20640, 20640, 0.019769921898841858, -0.5778710842132568
47, 11.764565918943845, 2, 25.54033419100051, 207, 20847, 20847, 0.02081689052283764, -0.5937526822090149
48, 8.149930107407272, 2, 19.094680276000872, 153, 21000, 21000, 0.020753685384988785, -0.5937438607215881
49, 2.667473095236346, 2, 9.610078669000359, 75, 21075, 21075, 0.019205186516046524, -0.5854514837265015
50, -0.5492909532040358, 2, 5.424972962000538, 40, 21115, 21115, 0.017571035772562027, -0.5873211622238159
51, -0.8658099425956607, 2, 4.18212876600046, 30, 21145, 21145, 0.01758621819317341, -0.5958266854286194
52, 9.833646330516785, 2, 19.165709400000196, 154, 21299, 21299, 0.02177259884774685, -0.6072140336036682
53, 1.9017453067936003, 2, 6.650581466001313, 50, 21349, 21349, 0.022467920556664467, -0.5904232859611511
54, 7.020690493518487, 2, 17.866326981000384, 143, 21492, 21492, 0.021998636424541473, -0.6128170490264893
55, 3.8584420126862824, 2, 12.035359155999686, 95, 21587, 21587, 0.02043965831398964, -0.6235592365264893
56, 0.49214463075622916, 2, 4.962200968000616, 36, 21623, 21623, 0.0220191553235054, -0.6197036504745483
57, -0.025114788208156824, 2, 4.156620773999748, 30, 21653, 21653, 0.021047424525022507, -0.6314602494239807
58, -0.12979056360200047, 2, 6.05881411700102, 46, 21699, 21699, 0.021327177062630653, -0.6115180850028992
59, -0.86701640766114, 2, 4.134023218000948, 30, 21729, 21729, 0.022113854065537453, -0.6203234791755676
60, 12.513417494716123, 4, 40.1816668499996, 328, 22057, 22057, 0.021067097783088684, -0.6214152574539185
61, 0.7981602442450821, 2, 9.43080177399861, 74, 22131, 22131, 0.019665194675326347, -0.6189613342285156
62, 0.189097935333848, 2, 5.3910422190001555, 40, 22171, 22171, 0.02167547307908535, -0.6311812996864319
63, 2.5366415129974484, 4, 40.083560480001324, 328, 22499, 22499, 0.02218705788254738, -0.6312814354896545
64, 9.3481158206705, 2, 17.16702343900033, 137, 22636, 22636, 0.02165899984538555, -0.643312394618988
65, -0.9282379783689976, 2, 4.124707344999479, 30, 22666, 22666, 0.020983969792723656, -0.6435965299606323
66, -0.38462509913370013, 2, 4.14484376099972, 30, 22696, 22696, 0.02141389064490795, -0.648574948310852
67, 10.031871706945822, 2, 22.08467309400112, 178, 22874, 22874, 0.019057774916291237, -0.6552119255065918
68, 2.136091000516899, 2, 11.058097292001548, 87, 22961, 22961, 0.02136484533548355, -0.6427753567695618
69, 0.8056647405028343, 2, 5.555266826000661, 41, 23002, 23002, 0.021100740879774094, -0.6323118209838867
70, 6.963537148898467, 2, 18.500144161000208, 148, 23150, 23150, 0.02155626378953457, -0.6575577259063721
71, -0.2941764425486326, 2, 4.238999156999853, 31, 23181, 23181, 0.023235375061631203, -0.6801948547363281
72, 4.566533732460812, 2, 26.357244033000825, 213, 23394, 23394, 0.02069249004125595, -0.6546605825424194
73, 5.759061633842066, 2, 16.01350405300036, 128, 23522, 23522, 0.023000521585345268, -0.6501979827880859
74, 6.043986052274704, 2, 12.90260551999927, 102, 23624, 23624, 0.020335469394922256, -0.6633168458938599
75, 8.373784623574466, 2, 32.65936203400088, 265, 23889, 23889, 0.02188642881810665, -0.6716944575309753
76, 3.861407456919551, 2, 13.439309488998333, 106, 23995, 23995, 0.02338876947760582, -0.6688025593757629
77, 3.7429501132573932, 4, 40.14658650400088, 326, 24321, 24321, 0.022264810279011726, -0.6758808493614197
78, 1.2066368092782795, 2, 7.6432027090013435, 59, 24380, 24380, 0.02274291031062603, -0.6807392835617065
79, 4.526610793080181, 2, 14.118046883000716, 112, 24492, 24492, 0.023237505927681923, -0.7012694478034973
80, 12.67613950080704, 2, 30.54856254799961, 248, 24740, 24740, 0.022115925326943398, -0.684103786945343
81, 6.221510383533314, 2, 15.445300972000041, 123, 24863, 24863, 0.021768318489193916, -0.6872897148132324
82, 11.681247600587085, 2, 32.08051348200024, 259, 25122, 25122, 0.020549707114696503, -0.6878466606140137
83, 2.4283675490878522, 2, 7.0585338290002255, 54, 25176, 25176, 0.021469619125127792, -0.6927953362464905
84, 3.5508205317892134, 2, 8.420538152999143, 65, 25241, 25241, 0.02145545370876789, -0.6824985146522522
85, 12.758682457730174, 4, 40.16843811899889, 326, 25567, 25567, 0.021713044494390488, -0.7092482447624207
86, -1.2335307812318206, 2, 4.162004822999734, 30, 25597, 25597, 0.022547632455825806, -0.7040303945541382
87, 1.5605771662667394, 4, 40.096971323000616, 327, 25924, 25924, 0.022873040288686752, -0.7188470363616943
88, -0.7564689214341342, 2, 4.1440157769993675, 30, 25954, 25954, 0.02633543126285076, -0.7273631691932678
89, -0.8960989615879953, 2, 4.173833761000424, 30, 25984, 25984, 0.021115023642778397, -0.70365971326828
90, 0.019911061972379684, 2, 7.309415169000204, 56, 26040, 26040, 0.023681489750742912, -0.6928742527961731
91, -0.25535464053973556, 2, 4.7326636480011075, 35, 26075, 26075, 0.02157800830900669, -0.716114342212677
92, -0.9957876384723932, 2, 4.153869829000541, 30, 26105, 26105, 0.025335360318422318, -0.7056310176849365
93, 4.2963274721987545, 2, 11.232845569998972, 89, 26194, 26194, 0.024707183241844177, -0.7263756394386292
94, 9.824576989747584, 2, 22.012285904998862, 177, 26371, 26371, 0.024662451818585396, -0.7137541770935059
95, 2.163217108231038, 2, 7.932766175001234, 61, 26432, 26432, 0.02335432916879654, -0.7315073013305664
96, 15.319128432543948, 2, 32.59132885500003, 264, 26696, 26696, 0.023153701797127724, -0.7379685044288635
97, 0.8752770838327706, 2, 33.67132836199926, 274, 26970, 26970, 0.024136623367667198, -0.7213959097862244
98, 3.114693609531969, 2, 9.52582031899874, 74, 27044, 27044, 0.0222772303968668, -0.7363722324371338
99, -0.6948788617737591, 4, 40.1492834189994, 328, 27372, 27372, 0.023160729557275772, -0.7398803234100342
100, 0.5735050295479596, 2, 7.053281911999875, 54, 27426, 27426, 0.025191377848386765, -0.7137352228164673
101, 0.5102248934563249, 2, 18.899697059001483, 152, 27578, 27578, 0.025031641125679016, -0.7306768298149109
102, 10.81396339670755, 2, 39.09849949300042, 318, 27896, 27896, 0.02448863908648491, -0.7400676608085632
103, -0.3469006347004324, 2, 4.593261164000069, 34, 27930, 27930, 0.02147487737238407, -0.7639787793159485
104, -2.637892762897536, 4, 40.09245766499953, 328, 28258, 28258, 0.022384162992239, -0.7470763325691223
105, 3.5856479834765196, 2, 18.331706176999433, 146, 28404, 28404, 0.023035548627376556, -0.7577216029167175
106, 3.0852124402299523, 2, 9.11826743399979, 71, 28475, 28475, 0.02586216665804386, -0.7093620896339417
107, 0.9914100151509047, 2, 5.213596542000232, 39, 28514, 28514, 0.019291888922452927, -0.7560663819313049
108, 0.8643307930324227, 2, 6.208487959000195, 47, 28561, 28561, 0.025275930762290955, -0.7527485489845276
109, 6.62361043994315, 4, 40.11849222300043, 327, 28888, 28888, 0.023333491757512093, -0.746340811252594
110, -0.06654336350038648, 2, 6.499977127999955, 49, 28937, 28937, 0.02153608575463295, -0.7737191915512085
111, -0.04327640263363719, 2, 4.610474359000364, 34, 28971, 28971, 0.02607630006968975, -0.7648313641548157
112, 2.4577054590918124, 2, 7.416553602000931, 57, 29028, 29028, 0.023174410685896873, -0.7709132432937622
113, -1.3281578801106662, 2, 5.622539920001145, 42, 29070, 29070, 0.0226811021566391, -0.7783797383308411
114, 4.008288941113278, 2, 9.363187406999714, 73, 29143, 29143, 0.023599060252308846, -0.7715601921081543
115, 16.359093196690083, 4, 40.15089402400008, 327, 29470, 29470, 0.02521226741373539, -0.7582669854164124
116, 0.19955956633202732, 4, 40.09062911900037, 327, 29797, 29797, 0.023843897506594658, -0.7757517695426941
117, 4.70175734825898, 2, 13.711773778999486, 108, 29905, 29905, 0.024215932935476303, -0.7918965816497803
118, -0.528227161616087, 2, 4.529485555000065, 33, 29938, 29938, 0.02312520705163479, -0.7851129770278931
119, 12.872703973436728, 4, 40.15197649299989, 327, 30265, 30265, 0.025207137688994408, -0.782712996006012
120, -2.095409581437707, 2, 4.131214531000296, 30, 30295, 30295, 0.023421380668878555, -0.7801774144172668
121, 8.584083414636552, 2, 21.34024438400047, 172, 30467, 30467, 0.025174584239721298, -0.783263623714447
122, 1.3952780154068023, 2, 6.940435589998742, 53, 30520, 30520, 0.02688431739807129, -0.7783626914024353
123, 0.4484130423516035, 4, 40.098108076001154, 327, 30847, 30847, 0.025230128318071365, -0.7832995057106018
124, 5.852740754839033, 2, 12.402073638999354, 98, 30945, 30945, 0.026576805859804153, -0.7680636644363403
125, 0.4343794281594455, 2, 4.503062529998715, 33, 30978, 30978, 0.028730811551213264, -0.7628046870231628
126, 2.17052727798, 4, 40.16012616899934, 328, 31306, 31306, 0.024214288219809532, -0.7922140955924988
127, -5.365610796259716, 4, 40.12490563300162, 328, 31634, 31634, 0.02280547469854355, -0.7981642484664917
128, 3.097554891835898, 2, 8.304424695999842, 64, 31698, 31698, 0.0230228491127491, -0.7852305769920349
129, 4.14274765457958, 2, 16.913115006000226, 135, 31833, 31833, 0.024167196825146675, -0.8262743949890137
130, 6.263168693403713, 2, 31.853314522999426, 258, 32091, 32091, 0.024731019511818886, -0.8179423213005066
131, 1.9186623133718967, 2, 13.784632820999832, 109, 32200, 32200, 0.024094408378005028, -0.8293993473052979
132, 3.2820555039215833, 2, 15.054700881000826, 120, 32320, 32320, 0.023571742698550224, -0.8021010756492615
133, -4.76575365755707, 4, 40.12543322000056, 327, 32647, 32647, 0.023719564080238342, -0.8095981478691101
134, 14.818535970058292, 2, 32.133682198000315, 260, 32907, 32907, 0.025911405682563782, -0.8198201656341553
135, 6.106436020345427, 2, 30.64244643799975, 249, 33156, 33156, 0.024571139365434647, -0.8121320605278015
136, 11.093822113936767, 2, 34.128717715000676, 276, 33432, 33432, 0.025618702173233032, -0.8111097812652588
137, -1.1784478672780097, 2, 4.151557672999843, 30, 33462, 33462, 0.02414684370160103, -0.8567584156990051
138, -0.7642644497100264, 2, 4.254549375000352, 30, 33492, 33492, 0.026162099093198776, -0.8392668962478638
139, 10.302980128442869, 4, 40.1637749499987, 326, 33818, 33818, 0.02493046596646309, -0.8371603488922119
140, 1.3357274499721825, 2, 6.872610767000879, 52, 33870, 33870, 0.023613207042217255, -0.8410163521766663
141, 14.42372489022091, 4, 40.14567803099999, 326, 34196, 34196, 0.026081310585141182, -0.8495182991027832
142, -0.4843975424300879, 2, 5.734341548000884, 43, 34239, 34239, 0.02419622614979744, -0.8463289737701416
143, 4.6072839660337195, 2, 18.368527208998785, 147, 34386, 34386, 0.025168148800730705, -0.846881091594696
144, 10.05353392334655, 2, 23.35695946799933, 189, 34575, 34575, 0.025392338633537292, -0.8595842719078064
145, 6.943660135846585, 2, 19.466802207998626, 156, 34731, 34731, 0.02726651541888714, -0.8607894778251648
146, 0.5592087435070425, 2, 4.615181398999994, 34, 34765, 34765, 0.027406292036175728, -0.8519579768180847
147, 3.033242328558117, 2, 9.969407402000797, 78, 34843, 34843, 0.027702907100319862, -0.8521245121955872
148, -1.9360815230756998, 4, 40.15243567100151, 328, 35171, 35171, 0.026275768876075745, -0.8650486469268799
149, -2.332787183113396, 2, 11.510584207000647, 91, 35262, 35262, 0.027199173346161842, -0.867470383644104
150, -1.2707884756382555, 2, 4.162763940001241, 30, 35292, 35292, 0.02747027948498726, -0.908222496509552
151, 1.6108850138261914, 2, 5.461196723999819, 41, 35333, 35333, 0.024991756305098534, -0.8561209440231323
152, 0.7644085810752586, 2, 7.057099875999484, 54, 35387, 35387, 0.026454733684659004, -0.8689732551574707
153, -0.2570385334547609, 2, 38.08674294899902, 311, 35698, 35698, 0.023580096662044525, -0.8725786209106445
154, 5.6539512309245765, 2, 16.878583068000808, 134, 35832, 35832, 0.026866573840379715, -0.8765521049499512
155, 10.008746460196562, 2, 37.53612522600088, 305, 36137, 36137, 0.02521783486008644, -0.88177490234375
156, 0.8658686317503452, 2, 5.392942388001757, 40, 36177, 36177, 0.02451285347342491, -0.8775734901428223
157, -0.9803767194971442, 2, 4.155277514999398, 30, 36207, 36207, 0.024573225528001785, -0.8873398900032043
158, -0.32613842748105526, 2, 7.294339304999085, 56, 36263, 36263, 0.023207852616906166, -0.8906575441360474
159, 1.3721562824212015, 2, 6.841983424001228, 52, 36315, 36315, 0.022693423554301262, -0.897002637386322
160, 9.750761760398746, 2, 22.880621866999718, 184, 36499, 36499, 0.02658083476126194, -0.8964269757270813
161, 2.415378476958722, 2, 8.777197065999644, 68, 36567, 36567, 0.02863980457186699, -0.8829157948493958
162, 2.0496534793637693, 2, 7.043283695000355, 53, 36620, 36620, 0.025668924674391747, -0.8611395359039307
163, 5.277914354111999, 2, 11.743745138999657, 93, 36713, 36713, 0.028660740703344345, -0.8848340511322021
164, -1.333641502307728, 2, 4.165293957001268, 30, 36743, 36743, 0.02916240319609642, -0.8926936388015747
165, 1.2939978376962245, 2, 6.665671110999028, 51, 36794, 36794, 0.027055667713284492, -0.8883637189865112
166, -0.8600654043257236, 2, 4.162092003998623, 30, 36824, 36824, 0.02576436661183834, -0.8581987619400024
167, 6.0744183380156755, 2, 19.353389896999943, 155, 36979, 36979, 0.025912104174494743, -0.8927136063575745
168, 6.127088234992698, 2, 12.929690458999175, 101, 37080, 37080, 0.030869854614138603, -0.9069270491600037
169, 1.8826243045041338, 2, 8.75135635299921, 68, 37148, 37148, 0.02923516370356083, -0.8910977244377136
170, -0.5457434328272939, 2, 5.582946703998459, 42, 37190, 37190, 0.029881207272410393, -0.891629695892334
171, 10.521797541412525, 4, 40.170525004999945, 325, 37515, 37515, 0.02764968015253544, -0.895286500453949
172, 4.101972053991631, 2, 13.177464532000158, 104, 37619, 37619, 0.028318487107753754, -0.8928753137588501
173, 1.3094466333277524, 2, 5.713222083999426, 43, 37662, 37662, 0.029072215780615807, -0.9164406657218933
174, 0.3466422137571499, 2, 5.856913947000066, 44, 37706, 37706, 0.02308155968785286, -0.880774736404419
175, 3.25509444414638, 4, 40.16248095999981, 324, 38030, 38030, 0.027357107028365135, -0.8995006084442139
176, 3.0245358990505338, 2, 8.42965659299989, 65, 38095, 38095, 0.027503492310643196, -0.8881927132606506
177, 8.793508743401617, 2, 17.616062867000437, 141, 38236, 38236, 0.02730095386505127, -0.92843097448349
178, 0.4339020848274231, 2, 4.949630111999795, 36, 38272, 38272, 0.029914774000644684, -0.907883882522583
179, 3.9426458047237247, 4, 40.10712911900009, 323, 38595, 38595, 0.02955268695950508, -0.9191979765892029
180, 8.381957627600059, 4, 40.17403450999882, 324, 38919, 38919, 0.029356012120842934, -0.9227365851402283
181, 9.409845653979573, 2, 17.31438629100012, 137, 39056, 39056, 0.028060544282197952, -0.9349308609962463
182, 3.463961031520739, 2, 12.255015519000153, 96, 39152, 39152, 0.029859857633709908, -0.9439091682434082
183, 9.105138294864446, 2, 18.792971127999408, 150, 39302, 39302, 0.02912648767232895, -0.9368270635604858
184, 4.034820734988898, 4, 40.19682860000103, 327, 39629, 39629, 0.02870817855000496, -0.9415608048439026
185, -1.6351575701264665, 2, 4.408771450998756, 32, 39661, 39661, 0.027218464761972427, -0.9081456661224365
186, 2.898002829402685, 2, 21.184722915999373, 170, 39831, 39831, 0.02940898761153221, -0.9220641851425171
187, -2.1230248492211103, 2, 4.131238513000426, 30, 39861, 39861, 0.02868032082915306, -0.9332997798919678
188, -0.013583002844825387, 2, 6.461660496999684, 49, 39910, 39910, 0.030880043283104897, -0.910306990146637
189, 6.619488595519215, 2, 16.6157483470015, 132, 40042, 40042, 0.029902134090662003, -0.9467110633850098
190, 0.20884750224649906, 2, 4.76226411099924, 35, 40077, 40077, 0.02963489107787609, -0.9519516825675964
191, 8.734297828283161, 2, 18.905935474000216, 152, 40229, 40229, 0.027979746460914612, -0.949000895023346
192, 3.0899691293016076, 2, 7.8968308820003585, 61, 40290, 40290, 0.027673982083797455, -0.9404881596565247
193, 12.054868106730282, 2, 23.786911911998686, 192, 40482, 40482, 0.02888980694115162, -0.9437766671180725
194, 0.8467140854336321, 2, 5.633650812000269, 42, 40524, 40524, 0.02770891599357128, -0.9453953504562378
195, 6.106486508855596, 4, 40.14756248000049, 328, 40852, 40852, 0.03167444467544556, -0.9532546997070312
196, 2.060392907820642, 2, 9.042431464000401, 70, 40922, 40922, 0.02950453758239746, -0.958467423915863
197, 3.7398194326087832, 4, 40.0895017290004, 327, 41249, 41249, 0.02881947159767151, -0.942055344581604
198, -0.46555230347439647, 2, 5.063659765999546, 38, 41287, 41287, 0.026982450857758522, -0.9304745197296143
199, 0.6822676034644246, 2, 6.106802680998953, 46, 41333, 41333, 0.027655407786369324, -0.9291015267372131
200, 2.843671500682831, 2, 7.923946482000247, 61, 41394, 41394, 0.027980023995041847, -0.9708299040794373
201, 2.365030074957758, 2, 6.581373478000387, 50, 41444, 41444, 0.03185758367180824, -0.9527261853218079
202, 3.388668432831764, 2, 12.116593677999845, 96, 41540, 41540, 0.0325939878821373, -0.9702122807502747
203, 8.767865302506834, 2, 25.403553109999848, 206, 41746, 41746, 0.028905613347887993, -0.9713217616081238
204, 13.682518239947967, 2, 24.575200482999207, 199, 41945, 41945, 0.031157903373241425, -0.953909695148468
205, -0.6099402457475662, 2, 4.154005554999458, 30, 41975, 41975, 0.02809705026447773, -0.935764729976654
206, -0.21916685113683343, 2, 4.190095494001071, 30, 42005, 42005, 0.030960282310843468, -0.9598806500434875
207, 2.5443437919020653, 2, 8.61966183199911, 67, 42072, 42072, 0.03218759596347809, -0.9750918745994568
208, -3.0436075855977833, 4, 40.121790416000294, 328, 42400, 42400, 0.03172753378748894, -0.9455133676528931
209, 9.38654517591931, 2, 18.496931973000756, 147, 42547, 42547, 0.030598530545830727, -0.9481516480445862
210, 2.9369538170285523, 2, 9.13097644300069, 71, 42618, 42618, 0.03073177859187126, -0.97877037525177
211, 9.490808693692088, 2, 26.2788388379995, 212, 42830, 42830, 0.031422168016433716, -0.9731848835945129
212, -1.5667981514707208, 2, 4.173387303000709, 30, 42860, 42860, 0.030665896832942963, -0.9698889851570129
213, 16.372115173377097, 4, 40.13240021400088, 328, 43188, 43188, 0.031230513006448746, -0.961546003818512
214, 18.00654669094365, 4, 40.16024392500003, 327, 43515, 43515, 0.031537458300590515, -0.9696474075317383
215, 6.59643856913317, 2, 35.75662867699975, 291, 43806, 43806, 0.03013674169778824, -0.9712600708007812
216, 6.110795519896783, 4, 40.14339480200033, 325, 44131, 44131, 0.030720073729753494, -0.966667652130127
217, 1.0083402739837766, 2, 6.786485968001216, 51, 44182, 44182, 0.029951471835374832, -0.9781683087348938
218, 1.9909846168011427, 2, 6.656815489999644, 50, 44232, 44232, 0.030226808041334152, -0.963759183883667
219, 10.757885104976594, 2, 33.915066121000564, 274, 44506, 44506, 0.029579197987914085, -0.9754326939582825
220, -0.9399752502795309, 2, 10.6117634680013, 82, 44588, 44588, 0.03176090493798256, -0.9630123376846313
221, -0.7928894369397312, 2, 4.136829332999696, 30, 44618, 44618, 0.030730795115232468, -0.9933226108551025
222, 1.0230696317739785, 2, 6.669403415000488, 51, 44669, 44669, 0.03476439416408539, -0.9643903374671936
223, 9.276049599051476, 2, 20.057708468999408, 160, 44829, 44829, 0.030783314257860184, -0.9780761003494263
224, 7.36388231307501, 2, 17.145172567999907, 136, 44965, 44965, 0.032304778695106506, -0.9875919222831726
225, 1.6302826991304755, 2, 7.2104295610006375, 55, 45020, 45020, 0.032363370060920715, -0.969770610332489
226, 8.978145299712196, 2, 21.266980065000098, 170, 45190, 45190, 0.031000476330518723, -0.9921136498451233
227, -0.8255659639835358, 2, 5.680347470000925, 42, 45232, 45232, 0.032121893018484116, -1.015099048614502
228, -2.2008545622229576, 2, 4.179039234999436, 30, 45262, 45262, 0.03371621295809746, -1.000421166419983
229, 5.53894371073693, 2, 11.616675500999918, 91, 45353, 45353, 0.03221466764807701, -1.0074074268341064
230, -3.0664984663017094, 4, 40.13414999499946, 328, 45681, 45681, 0.031048422679305077, -1.0021759271621704
231, 1.679867652244866, 2, 7.814456369000254, 60, 45741, 45741, 0.03208186849951744, -0.9711714386940002
232, 8.690369338728487, 2, 29.697173790000306, 239, 45980, 45980, 0.03227199241518974, -0.9921841621398926
233, -0.13012654706835747, 2, 8.398170800999651, 65, 46045, 46045, 0.031937021762132645, -0.9920231699943542
234, -6.393186947796494, 4, 40.078005874000155, 326, 46371, 46371, 0.03373761102557182, -1.0006933212280273
235, -0.3922529392875731, 2, 4.226604694000343, 30, 46401, 46401, 0.03368943929672241, -0.9797046780586243
236, -0.278565492015332, 2, 6.0379109810000955, 45, 46446, 46446, 0.03044612891972065, -0.9743390679359436
237, 9.619235183345154, 2, 27.609076660999563, 224, 46670, 46670, 0.032690346240997314, -0.9957200884819031
238, 1.3260619509965181, 2, 7.356591829000536, 56, 46726, 46726, 0.033327069133520126, -0.9833625555038452
239, -0.739614681340754, 2, 5.419727849999617, 40, 46766, 46766, 0.03496721386909485, -0.9769275784492493
240, 3.9854371114633977, 2, 12.344318571998883, 97, 46863, 46863, 0.033455558121204376, -1.0176637172698975
241, 9.443854910088703, 2, 24.18347025100047, 194, 47057, 47057, 0.03273948282003403, -0.9838029742240906
242, 6.465605077915825, 2, 16.54605536999952, 132, 47189, 47189, 0.033063530921936035, -1.001244068145752
243, 6.269915174110793, 2, 19.270360181999422, 154, 47343, 47343, 0.033135272562503815, -0.998828649520874
244, 4.840265678241849, 4, 40.15228762600054, 327, 47670, 47670, 0.033180586993694305, -1.0101921558380127
245, -0.8547382494434714, 2, 4.142383946000336, 30, 47700, 47700, 0.02963428758084774, -1.0009652376174927
246, 5.9738035291666165, 2, 16.42142443100056, 131, 47831, 47831, 0.033611275255680084, -0.9811336398124695
247, 8.954491959419101, 2, 19.064357285998994, 153, 47984, 47984, 0.032543428242206573, -1.0150078535079956
248, -0.721807123743929, 2, 5.150670447999801, 38, 48022, 48022, 0.03362392261624336, -1.0333791971206665
249, 2.1818058809731156, 2, 8.063624351998442, 62, 48084, 48084, 0.035189833492040634, -1.0405617952346802
250, 3.442649768665433, 2, 10.123808378999456, 79, 48163, 48163, 0.03071746416389942, -0.9949074387550354
251, 4.512501659337431, 2, 10.80441207900003, 84, 48247, 48247, 0.03118882328271866, -1.0326528549194336
252, 1.8974390956573188, 2, 7.75464112499867, 59, 48306, 48306, 0.030391769483685493, -0.9941746592521667
253, 2.2209225049009547, 2, 9.242443572000411, 72, 48378, 48378, 0.03452397882938385, -1.0040054321289062
254, -1.0036045494489372, 2, 4.1489164310005435, 30, 48408, 48408, 0.032353390008211136, -1.0427651405334473
255, 9.66038667759858, 2, 23.549298165999062, 189, 48597, 48597, 0.033722054213285446, -1.0077992677688599
256, 6.32085699099116, 2, 17.233225230000244, 138, 48735, 48735, 0.036032307893037796, -1.0287525653839111
257, 2.392801893875003, 2, 8.111517334000382, 63, 48798, 48798, 0.03510679677128792, -1.0233854055404663
258, 3.289691284298897, 2, 10.570125434000147, 83, 48881, 48881, 0.03278844803571701, -1.0279366970062256
259, 0.723692924133502, 2, 6.248814161001064, 47, 48928, 48928, 0.03398913890123367, -1.036186933517456
260, -0.846219036495313, 2, 4.148674405998463, 30, 48958, 48958, 0.0356576032936573, -0.9934937357902527
261, -1.681966017698869, 2, 4.139853856000627, 30, 48988, 48988, 0.02963295206427574, -1.0290066003799438
262, 6.2948083931114525, 2, 14.620823880999524, 116, 49104, 49104, 0.03486458584666252, -1.013245701789856
263, 7.38517848320771, 2, 32.480630418000146, 263, 49367, 49367, 0.03490724787116051, -1.023141622543335
264, -0.4557138669770211, 2, 4.804781614999229, 35, 49402, 49402, 0.03337377309799194, -1.0462318658828735
265, 8.552258315728977, 2, 19.38363539099919, 155, 49557, 49557, 0.031528323888778687, -1.0271228551864624
266, -0.20432828273624182, 2, 6.009397875999639, 45, 49602, 49602, 0.03238431736826897, -1.0455752611160278
267, 6.921582052484155, 2, 16.99787411500074, 136, 49738, 49738, 0.0346122607588768, -1.0249741077423096
268, 3.366556118708104, 2, 10.65395350899962, 82, 49820, 49820, 0.03424915298819542, -1.0520466566085815
269, 1.80553336488083, 2, 6.495539117999215, 49, 49869, 49869, 0.03117625042796135, -1.033687949180603
270, 11.629551741993055, 2, 28.975660059000802, 234, 50103, 50103, 0.03544867783784866, -1.0511724948883057
271, 5.894155318848789, 2, 12.063179967000906, 93, 50196, 50196, 0.0340941958129406, -1.0426353216171265
272, 4.957416275516152, 2, 16.145471461000852, 126, 50322, 50322, 0.033734843134880066, -1.0501363277435303
273, 5.78307343670167, 2, 19.08302369299963, 153, 50475, 50475, 0.03680405765771866, -1.0378609895706177
274, -0.14326556492596865, 2, 6.432226339000408, 49, 50524, 50524, 0.034905340522527695, -1.0460325479507446
275, 1.8146843314170837, 2, 8.017156965999675, 62, 50586, 50586, 0.033136893063783646, -1.0296777486801147
276, -1.2258298275992274, 2, 4.7239076839996414, 32, 50618, 50618, 0.03572002798318863, -1.0382417440414429
277, 7.77231802768074, 2, 35.048608032999255, 283, 50901, 50901, 0.0343133769929409, -1.0503042936325073
278, 4.7250707619823515, 2, 11.35299576199941, 89, 50990, 50990, 0.03631315752863884, -1.047402024269104
279, -0.9934920727973804, 2, 4.1485880320014985, 30, 51020, 51020, 0.03560730442404747, -1.0742366313934326
280, 3.2813983687665313, 2, 12.2203280119993, 96, 51116, 51116, 0.0389888770878315, -1.0660089254379272
281, 1.7657524481182918, 2, 8.069481529000768, 62, 51178, 51178, 0.03854747489094734, -1.0522167682647705
282, -1.8590021496638656, 2, 4.152358868999727, 30, 51208, 51208, 0.03554242476820946, -1.0155022144317627
283, -1.0720133851282299, 2, 4.148840263000238, 30, 51238, 51238, 0.03729202225804329, -1.073120355606079
284, -0.22188056632876396, 2, 4.759538606998831, 35, 51273, 51273, 0.03344788774847984, -1.0361143350601196
285, -1.0947842560708523, 2, 4.1518286720001925, 30, 51303, 51303, 0.038235440850257874, -1.057701587677002
286, -4.835520397173241, 4, 40.122543386998586, 327, 51630, 51630, 0.03530026972293854, -1.0551884174346924
287, -1.6609183356631547, 2, 4.148278774000573, 30, 51660, 51660, 0.035873424261808395, -1.0682164430618286
288, 1.3195911329239607, 2, 6.4144723570007045, 48, 51708, 51708, 0.037982385605573654, -1.0752062797546387
289, 5.98833753366489, 4, 40.18649640500007, 323, 52031, 52031, 0.03524678573012352, -1.0624058246612549
290, 9.306655526626855, 2, 20.45388545300011, 163, 52194, 52194, 0.0358160100877285, -1.0571550130844116
291, 2.537912709172815, 2, 7.82487124599902, 60, 52254, 52254, 0.03463907912373543, -1.0508493185043335
292, 7.39481776766479, 2, 20.68788237300032, 166, 52420, 52420, 0.03667360916733742, -1.0454003810882568
293, 2.8282797798747197, 2, 11.293580494000707, 88, 52508, 52508, 0.033343590795993805, -1.089323878288269
294, 6.1994845233275555, 4, 40.197090519000994, 324, 52832, 52832, 0.03584950789809227, -1.080934762954712
295, 8.674974887748249, 2, 22.622943227999713, 179, 53011, 53011, 0.03433810919523239, -1.0789881944656372
296, 12.512325686169788, 2, 39.38853227400068, 315, 53326, 53326, 0.03592389449477196, -1.0848727226257324
297, 7.74193516257219, 2, 20.183585856000718, 160, 53486, 53486, 0.03713091462850571, -1.0782172679901123
298, 5.860586512135342, 2, 15.197876132999227, 119, 53605, 53605, 0.0353347584605217, -1.0887129306793213
299, -1.1165507754776627, 2, 4.17777618800028, 30, 53635, 53635, 0.03435635194182396, -1.074102520942688
300, -1.9779730055015534, 2, 4.192594923000797, 30, 53665, 53665, 0.03502263128757477, -1.0877876281738281
301, 5.3941598907113075, 2, 10.35460959000011, 80, 53745, 53745, 0.03480962663888931, -1.091488242149353
302, 10.68370985914953, 2, 20.853441544000816, 166, 53911, 53911, 0.03673093393445015, -1.0792028903961182
303, -0.9373238438274711, 2, 4.14515966900035, 30, 53941, 53941, 0.031937163323163986, -1.0922526121139526
304, 7.343585660215467, 2, 13.893691983999815, 110, 54051, 54051, 0.03685744106769562, -1.0682774782180786
305, 0.9877180067123845, 2, 6.473073007999119, 49, 54100, 54100, 0.03618879243731499, -1.062786340713501
306, 14.893243602942675, 4, 40.10827299000084, 324, 54424, 54424, 0.03716575726866722, -1.0990625619888306
307, 13.069040188449435, 4, 40.13938726299966, 325, 54749, 54749, 0.03551685810089111, -1.0916378498077393
308, 1.430071599315852, 2, 6.428975206999894, 48, 54797, 54797, 0.0372624434530735, -1.10207200050354
309, -0.995816343696788, 2, 4.170538436999777, 30, 54827, 54827, 0.03564413636922836, -1.0772563219070435
310, 7.91224010521546, 2, 23.994149982001545, 192, 55019, 55019, 0.03654394671320915, -1.106038212776184
311, 6.5753050037892535, 2, 16.41167588099961, 130, 55149, 55149, 0.03870703652501106, -1.1085608005523682
312, 4.139217844698578, 2, 11.6060561459999, 91, 55240, 55240, 0.036846861243247986, -1.0779389142990112
313, 2.6618838211288676, 2, 10.744179319000978, 84, 55324, 55324, 0.03716588765382767, -1.1128146648406982
314, 9.886483747744933, 4, 40.078129523000825, 325, 55649, 55649, 0.036573756486177444, -1.1167993545532227
315, -1.0873182592913508, 2, 4.205132065000726, 30, 55679, 55679, 0.03922149911522865, -1.0811949968338013
316, 7.520092401420698, 2, 25.46987836900007, 204, 55883, 55883, 0.037598617374897, -1.1383683681488037
317, 5.264887036755681, 2, 13.036812211999859, 103, 55986, 55986, 0.03443225473165512, -1.1207133531570435
318, 3.2992920288816094, 2, 9.654066913999486, 75, 56061, 56061, 0.036521367728710175, -1.0957039594650269
319, -0.41853118827566504, 2, 4.6427582779997465, 34, 56095, 56095, 0.04171960800886154, -1.1344974040985107
320, 0.787669905461371, 2, 6.539637117000893, 49, 56144, 56144, 0.03703698515892029, -1.1097896099090576
321, 1.3178038753103465, 2, 5.6194641570000385, 42, 56186, 56186, 0.039918817579746246, -1.1251674890518188
322, -0.04054249566979706, 2, 4.1743033029997605, 30, 56216, 56216, 0.03156463801860809, -1.0951664447784424
323, 2.388206529081799, 2, 7.4931286980008736, 57, 56273, 56273, 0.03567284345626831, -1.1179624795913696
324, 9.238285787636414, 2, 31.1862836399996, 252, 56525, 56525, 0.039114613085985184, -1.1058588027954102
325, 5.1417844095267355, 2, 13.195894371001486, 104, 56629, 56629, 0.03820689767599106, -1.1118896007537842
326, -0.9794901013374329, 2, 4.15794800599906, 30, 56659, 56659, 0.03724771738052368, -1.109415888786316
327, 4.14433212694712, 4, 40.168175302000236, 325, 56984, 56984, 0.03702346980571747, -1.1266573667526245
328, 2.4168361867778003, 2, 7.459659104999446, 57, 57041, 57041, 0.03876315429806709, -1.1095402240753174
329, -0.13096794136799872, 2, 4.858010259000366, 36, 57077, 57077, 0.03598321974277496, -1.1367576122283936
330, 2.609238233882934, 2, 9.658015500999682, 75, 57152, 57152, 0.03467955440282822, -1.114607334136963
331, -0.3905230308882892, 2, 5.815263229000266, 43, 57195, 57195, 0.04284745454788208, -1.1217966079711914
332, -1.0293333649169654, 2, 4.225360976999582, 30, 57225, 57225, 0.03625043109059334, -1.1389679908752441
333, -0.9844308979809284, 2, 4.174938651998673, 30, 57255, 57255, 0.038433849811553955, -1.130741834640503
334, -1.0012750683818012, 2, 4.176133971999661, 30, 57285, 57285, 0.04188768193125725, -1.1703965663909912
335, 5.939242557389662, 2, 28.349840025999583, 227, 57512, 57512, 0.038087911903858185, -1.1241819858551025
336, 12.966882108943537, 2, 22.568827211000098, 178, 57690, 57690, 0.035912979394197464, -1.1183843612670898
337, 0.6922165038995445, 2, 5.888961659000415, 44, 57734, 57734, 0.03162088990211487, -1.1475533246994019
338, -0.954631376080215, 2, 4.265551049998976, 30, 57764, 57764, 0.03610747307538986, -1.0827287435531616
339, 3.5925217086914927, 2, 10.035175375000108, 77, 57841, 57841, 0.03506157174706459, -1.1525228023529053
340, 7.440277861664072, 2, 18.19417938799961, 143, 57984, 57984, 0.034829817712306976, -1.1445729732513428
341, 4.555413476191461, 4, 40.17098552000061, 323, 58307, 58307, 0.03737681359052658, -1.127837061882019
342, 5.6427598665468395, 2, 14.463444653001716, 114, 58421, 58421, 0.03821353241801262, -1.1287320852279663
343, -0.8808128880336881, 2, 4.142078111999581, 30, 58451, 58451, 0.03980153426527977, -1.140918493270874
344, 2.4288574499078095, 2, 8.28484443600064, 64, 58515, 58515, 0.03421572223305702, -1.127022385597229
345, 14.286357708857395, 4, 40.13302410899996, 324, 58839, 58839, 0.036669548600912094, -1.134811520576477
346, 1.7525925162481144, 4, 40.15040075700017, 322, 59161, 59161, 0.03723803162574768, -1.143387794494629
347, 9.400631999596953, 2, 18.442046397000013, 146, 59307, 59307, 0.04116984084248543, -1.144134283065796
348, -0.4281784283230081, 2, 4.255463453999255, 30, 59337, 59337, 0.03905334323644638, -1.1472097635269165
349, 4.560446468763985, 2, 12.508549794998544, 96, 59433, 59433, 0.03839031606912613, -1.1226433515548706
350, 1.8571304162032902, 2, 16.724067683000612, 131, 59564, 59564, 0.03720279037952423, -1.1350034475326538
351, -1.4584114404860884, 2, 4.180413328000213, 30, 59594, 59594, 0.04127262160181999, -1.174843668937683
352, 8.949509609723464, 2, 20.582666320999124, 164, 59758, 59758, 0.037378743290901184, -1.1396325826644897
353, 11.09619007341098, 2, 37.871569996999824, 303, 60061, 60061, 0.03711051493883133, -1.1383957862854004
354, -0.15486435522325337, 2, 4.220309423999424, 30, 60091, 60091, 0.03809497877955437, -1.1451297998428345
355, 7.675232256762683, 2, 21.574754719998964, 171, 60262, 60262, 0.039301469922065735, -1.1426883935928345
356, 1.3114476748742163, 2, 6.938638335001087, 52, 60314, 60314, 0.037613727152347565, -1.1244145631790161
357, -1.1167797453235835, 2, 4.2672542949985655, 30, 60344, 60344, 0.037647586315870285, -1.1109846830368042
358, -1.0595056572929025, 2, 4.205293949000406, 30, 60374, 60374, 0.03667129948735237, -1.1325007677078247
359, 4.861973470309749, 4, 40.15703618999942, 322, 60696, 60696, 0.03791704773902893, -1.1512384414672852
360, -1.059678565710783, 2, 4.209270188999653, 30, 60726, 60726, 0.03680852800607681, -1.1587425470352173
361, 0.5189960077404976, 2, 6.588887747000626, 49, 60775, 60775, 0.03560352325439453, -1.1355844736099243
362, 1.246987154125236, 2, 6.149033985000642, 46, 60821, 60821, 0.03501847758889198, -1.1340843439102173
363, -0.40571674366947263, 2, 4.230745521999779, 30, 60851, 60851, 0.04167599231004715, -1.1297633647918701
364, 0.5417727748863399, 2, 4.642171039000459, 34, 60885, 60885, 0.038385581225156784, -1.1922515630722046
365, 8.85636700107716, 2, 22.523184595998828, 179, 61064, 61064, 0.041075199842453, -1.1366283893585205
366, 14.41688896913547, 4, 40.08381922400076, 325, 61389, 61389, 0.0393621027469635, -1.151416540145874
367, 0.09958183602429926, 2, 4.159930679001263, 30, 61419, 61419, 0.03872888907790184, -1.1383992433547974
368, 9.442097051418386, 2, 24.387473688000682, 194, 61613, 61613, 0.03828788921236992, -1.1335577964782715
369, -0.7181399315595627, 2, 4.235180584000773, 30, 61643, 61643, 0.03967057168483734, -1.159105658531189
370, -0.9299995331093669, 2, 4.240787908998755, 30, 61673, 61673, 0.03716854378581047, -1.1523195505142212
371, 3.388583892490715, 2, 25.500294161000056, 202, 61875, 61875, 0.03880767896771431, -1.1526442766189575
372, 5.827149774762802, 2, 13.03624049300015, 101, 61976, 61976, 0.03926883265376091, -1.1682672500610352
373, 3.429533776594326, 2, 9.52549273600016, 74, 62050, 62050, 0.03775036334991455, -1.1520344018936157
374, 6.552789877168834, 2, 12.445870326000659, 98, 62148, 62148, 0.0403130017220974, -1.1708645820617676
375, 14.213853180408478, 2, 38.32883127599962, 308, 62456, 62456, 0.0391806922852993, -1.1628963947296143
376, 17.721466586808674, 4, 40.168582440001046, 320, 62776, 62776, 0.03912294656038284, -1.1548020839691162
377, 18.031431896612048, 4, 40.13311159400109, 318, 63094, 63094, 0.03830274939537048, -1.1567606925964355
378, 3.5144938472658396, 2, 10.062411316999714, 78, 63172, 63172, 0.03980378434062004, -1.1699014902114868
379, 5.13061010139063, 2, 16.313949548999517, 128, 63300, 63300, 0.04060615226626396, -1.149519681930542
380, 2.891736460151151, 2, 10.046281856999485, 78, 63378, 63378, 0.04189454764127731, -1.1851099729537964
381, 13.545224486850202, 2, 28.571595313000216, 229, 63607, 63607, 0.03962978348135948, -1.1531651020050049
382, 3.3317066899035126, 2, 11.881412853001166, 92, 63699, 63699, 0.035970743745565414, -1.174819827079773
383, -1.6977482589427382, 4, 40.16988908099847, 324, 64023, 64023, 0.03848075866699219, -1.1699286699295044
384, -0.8786506773903966, 2, 4.217442836001283, 30, 64053, 64053, 0.04752996191382408, -1.1382399797439575
385, 14.777795576374047, 2, 34.763035059000686, 278, 64331, 64331, 0.038883574306964874, -1.1749008893966675
386, 0.594889969099313, 2, 7.610235559999637, 57, 64388, 64388, 0.043169055134058, -1.160141110420227
387, 7.187596159055829, 2, 15.383753277999858, 121, 64509, 64509, 0.0406881645321846, -1.174391746520996
388, 5.268212511553429, 2, 20.9707181570011, 166, 64675, 64675, 0.040977708995342255, -1.1654818058013916
389, -0.7245848776074126, 2, 4.211710969999331, 30, 64705, 64705, 0.04071170464158058, -1.1421388387680054
390, 0.1748396405018866, 2, 4.284487870998419, 31, 64736, 64736, 0.038286250084638596, -1.1662325859069824
391, 0.3126442569773644, 2, 5.789176956001029, 43, 64779, 64779, 0.03551142290234566, -1.1361820697784424
392, 11.311217656824738, 4, 40.20276896699943, 324, 65103, 65103, 0.04208250343799591, -1.1573824882507324
393, 12.77641462534666, 4, 40.22363637500166, 322, 65425, 65425, 0.040069401264190674, -1.1738108396530151
394, -0.07439729128964245, 2, 4.134288247998484, 30, 65455, 65455, 0.04284677281975746, -1.1884716749191284
395, -1.2391665999311954, 2, 4.218787553001675, 30, 65485, 65485, 0.038402002304792404, -1.1325470209121704
396, -0.8075266317464411, 2, 4.157972991999486, 30, 65515, 65515, 0.042603738605976105, -1.1573342084884644
397, -1.117296583019197, 2, 4.153928892999829, 30, 65545, 65545, 0.04306069761514664, -1.1929415464401245
398, 6.162537166383117, 2, 22.76092159700056, 183, 65728, 65728, 0.04455579072237015, -1.1636905670166016
399, 8.516916433582082, 4, 40.16393149400028, 326, 66054, 66054, 0.03928271308541298, -1.1770354509353638
400, 3.618209797888994, 2, 9.001025456000207, 70, 66124, 66124, 0.042268138378858566, -1.1439201831817627
401, 18.054709321819246, 4, 40.107916192999255, 325, 66449, 66449, 0.040149420499801636, -1.172108769416809
402, 6.6754373741569, 2, 18.511259916998824, 147, 66596, 66596, 0.0394110381603241, -1.167173147201538
403, 0.9898606666829437, 2, 7.832786429999032, 60, 66656, 66656, 0.046468790620565414, -1.1421829462051392
404, -0.9562550268601626, 2, 4.869016109998483, 36, 66692, 66692, 0.04615155607461929, -1.1702673435211182
405, 4.032271223608404, 2, 13.821149059000163, 108, 66800, 66800, 0.039000511169433594, -1.1633639335632324
406, -0.9727398387622088, 2, 4.150152596001135, 30, 66830, 66830, 0.03944831341505051, -1.175197958946228
407, -0.1681345058605075, 2, 4.175185418000183, 30, 66860, 66860, 0.04471243545413017, -1.1599485874176025
408, 0.7102704255376011, 2, 6.273952872999871, 47, 66907, 66907, 0.03955475240945816, -1.1667296886444092
409, 11.847711804439314, 2, 22.27466265700059, 179, 67086, 67086, 0.04018082469701767, -1.1777138710021973
410, 8.740578488097526, 2, 15.266174153000975, 121, 67207, 67207, 0.03773728758096695, -1.1805037260055542
411, 8.97499672556296, 2, 20.65778695699919, 164, 67371, 67371, 0.042248085141181946, -1.1571335792541504
412, 0.6557234361534938, 2, 6.065913533000639, 45, 67416, 67416, 0.04489003121852875, -1.1479558944702148
413, 0.4268680167151615, 2, 5.779153145998862, 43, 67459, 67459, 0.04350854456424713, -1.1423646211624146
414, 0.18066122324671596, 2, 16.69183361999967, 132, 67591, 67591, 0.03931550681591034, -1.1766924858093262
415, 10.877113864175044, 2, 31.785017886999412, 255, 67846, 67846, 0.04277217760682106, -1.169842004776001
416, 12.303861218970269, 4, 40.18774989399935, 322, 68168, 68168, 0.04092490300536156, -1.1758066415786743
417, 0.9677754493895918, 2, 6.659135822999815, 50, 68218, 68218, 0.04347924143075943, -1.1922539472579956
418, 3.4159209637437016, 2, 9.640692734999902, 75, 68293, 68293, 0.041514962911605835, -1.184849739074707
419, 9.18323612655513, 2, 20.297362827999677, 162, 68455, 68455, 0.04470653459429741, -1.1757068634033203
420, 8.208102623582818, 2, 30.43672755699845, 242, 68697, 68697, 0.042056500911712646, -1.204106092453003
421, -3.6994365719147027, 4, 40.202561602998685, 324, 69021, 69021, 0.04216630756855011, -1.195586085319519
422, 3.3658958571904805, 2, 11.523114180001357, 90, 69111, 69111, 0.039791397750377655, -1.1779611110687256
423, 2.846467528026551, 2, 16.03602886399858, 126, 69237, 69237, 0.04273371770977974, -1.166425347328186
424, 11.907918091048487, 2, 24.37380326099992, 194, 69431, 69431, 0.04242224991321564, -1.1701316833496094
425, 2.8116828144993633, 2, 8.822720017000393, 67, 69498, 69498, 0.04207568243145943, -1.214226484298706
426, 0.025908094132319093, 2, 6.144823369000733, 46, 69544, 69544, 0.03698589652776718, -1.1977827548980713
427, 0.8152674259617925, 2, 5.5793884720005735, 41, 69585, 69585, 0.04194004088640213, -1.2111139297485352
428, -0.778611340560019, 2, 4.178455493000001, 30, 69615, 69615, 0.037270743399858475, -1.2194983959197998
429, 12.286886891815811, 4, 40.13535497200064, 321, 69936, 69936, 0.04212864860892296, -1.1812678575515747
430, 6.5610684000421315, 4, 40.13869361499928, 323, 70259, 70259, 0.040848325937986374, -1.1929320096969604
431, -1.6922775954008102, 2, 4.210153218000414, 30, 70289, 70289, 0.039143260568380356, -1.1803644895553589
432, 15.524390299571678, 2, 34.41111873000045, 276, 70565, 70565, 0.042627330869436264, -1.1936200857162476
433, 6.882914257468656, 2, 18.145064825999725, 142, 70707, 70707, 0.042157988995313644, -1.1780436038970947
434, 14.223472784506157, 4, 40.21936768500018, 324, 71031, 71031, 0.04252665862441063, -1.202722191810608
435, 13.36900804634206, 2, 38.18586722100008, 306, 71337, 71337, 0.041184015572071075, -1.1979221105575562
436, -6.280146740842611, 4, 40.14328848100013, 326, 71663, 71663, 0.04079326242208481, -1.2049229145050049
437, 1.7992141884751618, 2, 8.159504279999965, 63, 71726, 71726, 0.04203333333134651, -1.2185670137405396
438, 7.619492021622136, 2, 23.736327979000635, 190, 71916, 71916, 0.04168228432536125, -1.2031711339950562
439, 6.374582255491987, 2, 12.435400717000448, 98, 72014, 72014, 0.03933614864945412, -1.2151285409927368
440, 8.521465225261636, 4, 40.12771947500005, 326, 72340, 72340, 0.04199494794011116, -1.1898255348205566
441, 9.501804904895835, 2, 17.227840502999243, 138, 72478, 72478, 0.041670143604278564, -1.214057207107544
442, 9.296373919234611, 2, 21.275052700999368, 170, 72648, 72648, 0.04136889800429344, -1.1949660778045654
443, 2.847045649192296, 4, 40.21719634299916, 324, 72972, 72972, 0.04239959269762039, -1.1941745281219482
444, 10.64481704775244, 4, 40.11845521400028, 319, 73291, 73291, 0.04357043653726578, -1.195205569267273
445, -1.2907929387874901, 2, 4.218535042999065, 30, 73321, 73321, 0.04129786416888237, -1.184985637664795
446, 5.489201820688322, 2, 16.802219130000594, 133, 73454, 73454, 0.04595397040247917, -1.2161747217178345
447, 0.16915516438893974, 2, 5.543066002999694, 41, 73495, 73495, 0.04099898040294647, -1.2111555337905884
448, -1.8568198820576072, 2, 4.210005237000587, 30, 73525, 73525, 0.04773591458797455, -1.1733033657073975
449, 12.934911062708125, 2, 35.483734556000854, 284, 73809, 73809, 0.04184667393565178, -1.2040562629699707
450, -0.7659617919707671, 2, 5.142995494001298, 37, 73846, 73846, 0.039184197783470154, -1.2030993700027466
451, 3.3997224513441324, 2, 9.298711597000874, 71, 73917, 73917, 0.042178548872470856, -1.1801464557647705
452, 5.954622114775702, 2, 13.686947787999088, 107, 74024, 74024, 0.045262277126312256, -1.2296802997589111
453, 12.400129006244242, 2, 28.300501069001257, 226, 74250, 74250, 0.04236418753862381, -1.2040539979934692
454, 12.029822905547917, 2, 39.24506340099833, 316, 74566, 74566, 0.04401795566082001, -1.2142218351364136
455, 12.633763851830736, 4, 40.1771176179991, 326, 74892, 74892, 0.04321765899658203, -1.2100837230682373
456, 1.3811317117651924, 2, 10.98884468399956, 86, 74978, 74978, 0.03953108564019203, -1.2147281169891357
457, 0.6412132829427719, 2, 6.63739016800173, 50, 75028, 75028, 0.0389629490673542, -1.1823902130126953
458, 2.9683655778644606, 2, 9.26071141600005, 71, 75099, 75099, 0.04486991837620735, -1.2088589668273926
459, 7.649791750358418, 2, 25.913762001999203, 206, 75305, 75305, 0.04190674424171448, -1.2135952711105347
460, -1.1596224389504641, 5, 4.231720532001418, 30, 75335, 75335, 0.0424172542989254, -1.2141118049621582
461, -0.7263633741531521, 2, 4.20955579099973, 30, 75365, 75365, 0.04111712425947189, -1.241872787475586
462, 14.828080662991852, 4, 40.14773207200051, 321, 75686, 75686, 0.04679020494222641, -1.2008885145187378
463, -0.7356763615971431, 2, 4.200765015999423, 30, 75716, 75716, 0.04811685532331467, -1.185745120048523
464, 3.6638917645905167, 2, 10.987096150998696, 85, 75801, 75801, 0.04410381242632866, -1.173781156539917
465, 6.700839470373467, 2, 23.974871079999502, 190, 75991, 75991, 0.044402267783880234, -1.2035959959030151
466, -1.4237313413759694, 2, 4.49179294500027, 32, 76023, 76023, 0.04333457723259926, -1.2183358669281006
467, 12.910220116842538, 4, 40.19166167000003, 322, 76345, 76345, 0.0422942116856575, -1.203566312789917
468, 10.416871660621837, 2, 32.71773534800013, 263, 76608, 76608, 0.04562973603606224, -1.2298400402069092
469, 4.081184873939492, 2, 11.44202095899891, 89, 76697, 76697, 0.044807638972997665, -1.2167580127716064
470, 1.0181940142065287, 2, 7.342033090000768, 56, 76753, 76753, 0.04422223940491676, -1.1831492185592651
471, -2.3586084018461406, 4, 40.11891121699955, 322, 77075, 77075, 0.043558333069086075, -1.2008470296859741
472, 1.486930841812864, 2, 7.9880732459987485, 61, 77136, 77136, 0.04200286790728569, -1.2311615943908691
473, 10.955540911410935, 2, 35.66212712400011, 284, 77420, 77420, 0.043166231364011765, -1.228336215019226
474, 3.6878222906962037, 2, 13.024634904000777, 102, 77522, 77522, 0.04509623721241951, -1.2226077318191528
475, -1.7436001474270597, 2, 4.212728024998796, 30, 77552, 77552, 0.040613871067762375, -1.2477880716323853
476, 1.6943049032706767, 4, 40.10167195199938, 323, 77875, 77875, 0.04395316541194916, -1.1992477178573608
477, -2.7024594481335953, 2, 4.247351214000446, 30, 77905, 77905, 0.04571368545293808, -1.1722851991653442
478, 6.53766497480683, 2, 15.942074077000143, 126, 78031, 78031, 0.04449661448597908, -1.2097307443618774
479, -1.045570709509775, 2, 5.2018989239986695, 38, 78069, 78069, 0.042261768132448196, -1.2636315822601318
480, 1.5870719191152602, 2, 12.680737135000527, 98, 78167, 78167, 0.04668081924319267, -1.2263805866241455
481, 5.545495607657358, 2, 13.137665774998823, 102, 78269, 78269, 0.041822563856840134, -1.2212255001068115
482, 8.587243330082856, 2, 19.639786514999287, 155, 78424, 78424, 0.04452933371067047, -1.20977783203125
483, -0.11270109028555453, 2, 4.221712415999718, 30, 78454, 78454, 0.04314843937754631, -1.2592188119888306
484, 12.882374411448836, 4, 40.112149758999294, 322, 78776, 78776, 0.04468361288309097, -1.213138461112976
485, -0.8494320008903742, 2, 4.1865737450007146, 30, 78806, 78806, 0.040949746966362, -1.2096436023712158
486, 12.046456851414405, 2, 26.455491693999647, 210, 79016, 79016, 0.04269248992204666, -1.211903691291809
487, 0.16838304535485804, 2, 4.3898078039983375, 31, 79047, 79047, 0.05025884136557579, -1.2657378911972046
488, 1.5280670552747324, 2, 8.490986176999286, 64, 79111, 79111, 0.04530520364642143, -1.1986150741577148
489, 14.999940963461995, 4, 40.20208544700108, 325, 79436, 79436, 0.044011104851961136, -1.2016748189926147
490, 6.929610755061731, 2, 14.508478134999677, 115, 79551, 79551, 0.045916881412267685, -1.209455132484436
491, 10.773493908462115, 2, 39.39722255000015, 317, 79868, 79868, 0.04461011663079262, -1.2253726720809937
492, 0.35519021353684366, 2, 4.43862796600115, 32, 79900, 79900, 0.041983239352703094, -1.2142980098724365
493, -3.2415699863340706, 4, 40.17828111000017, 323, 80223, 80223, 0.04448196291923523, -1.2275702953338623
494, -1.4314111066050828, 2, 4.224471831999836, 30, 80253, 80253, 0.040976572781801224, -1.253724217414856
495, -1.7586134155280888, 2, 4.18739648600058, 30, 80283, 80283, 0.04378635063767433, -1.2136321067810059
496, 0.0181301380507648, 2, 6.39104559900079, 48, 80331, 80331, 0.042340438812971115, -1.1991695165634155
497, -1.3485353930154815, 2, 5.510923066000032, 41, 80372, 80372, 0.04876169189810753, -1.2458218336105347
498, 12.2801940261852, 2, 24.853002723999452, 197, 80569, 80569, 0.04611719772219658, -1.2227472066879272
499, 10.140467134770006, 2, 18.163543951000975, 144, 80713, 80713, 0.046224843710660934, -1.2014691829681396
500, 4.232795104151592, 2, 11.786029116999998, 92, 80805, 80805, 0.04483380168676376, -1.188655138015747
501, 10.969607472419739, 2, 24.662213263000012, 196, 81001, 81001, 0.044367723166942596, -1.2311586141586304
502, 12.056553682661615, 2, 28.177149093999105, 226, 81227, 81227, 0.04301561415195465, -1.2111960649490356
503, 13.649555949959904, 4, 40.12130940099996, 324, 81551, 81551, 0.04440911486744881, -1.2166507244110107
504, 10.200143795693293, 2, 18.125539055001354, 144, 81695, 81695, 0.04487530514597893, -1.2385014295578003
505, 14.705085203517228, 4, 40.105237671001305, 325, 82020, 82020, 0.04565972462296486, -1.218451738357544
506, 4.2359750042669475, 2, 13.52681894899979, 107, 82127, 82127, 0.04237730801105499, -1.2176333665847778
507, 5.586052874336019, 2, 15.99513007099813, 127, 82254, 82254, 0.045463766902685165, -1.2165634632110596
508, 0.11670662567485124, 2, 5.239457865998702, 39, 82293, 82293, 0.04671671614050865, -1.2477563619613647
509, 11.128415755927563, 2, 36.85224266300065, 299, 82592, 82592, 0.04606254771351814, -1.222894310951233
510, 11.586780247977003, 2, 31.20302359699781, 252, 82844, 82844, 0.0435117743909359, -1.2417523860931396
511, 17.631887338357046, 4, 40.12917548299811, 326, 83170, 83170, 0.044050294905900955, -1.238486409187317
512, 7.82437953306362, 2, 17.568791295001574, 140, 83310, 83310, 0.04757005721330643, -1.210569143295288
513, 14.301828349474818, 4, 40.15717520999897, 319, 83629, 83629, 0.04575023427605629, -1.221521258354187
514, 3.7449349956586957, 2, 12.452529641999718, 96, 83725, 83725, 0.04618806764483452, -1.205422043800354
515, 7.862313471036032, 4, 40.128085349002504, 323, 84048, 84048, 0.04379340261220932, -1.2184447050094604
516, 4.60055269440636, 2, 12.899732137000683, 100, 84148, 84148, 0.04188249260187149, -1.2234150171279907
517, -0.9088437049649656, 2, 4.326347026002622, 31, 84179, 84179, 0.043713316321372986, -1.2522022724151611
518, 7.93413780129049, 2, 20.806832014000975, 165, 84344, 84344, 0.0431968979537487, -1.2097148895263672
519, 6.891147774062119, 2, 24.621324097999604, 196, 84540, 84540, 0.04381334409117699, -1.2259712219238281
520, 15.600473240949214, 4, 40.16009438100082, 323, 84863, 84863, 0.044019754976034164, -1.2345207929611206
521, 4.386667855083942, 2, 15.247051799000474, 122, 84985, 84985, 0.04797666519880295, -1.2136527299880981
522, -1.1756783537566662, 2, 4.147183885997947, 30, 85015, 85015, 0.04287676885724068, -1.2707202434539795
523, 12.134660934680142, 4, 40.184131224999874, 327, 85342, 85342, 0.04452194273471832, -1.2279624938964844
524, -3.0221378076821566, 4, 40.16089461100273, 324, 85666, 85666, 0.04268154874444008, -1.2245495319366455
525, 1.2837927849031985, 4, 40.09851780000099, 324, 85990, 85990, 0.042617492377758026, -1.2337801456451416
526, 2.9173523453064263, 2, 11.479962809000426, 90, 86080, 86080, 0.04581894725561142, -1.2148351669311523
527, 3.8561929799616337, 4, 40.155811060001724, 326, 86406, 86406, 0.0438971184194088, -1.2237348556518555
528, 1.91239573340863, 2, 10.528053807000106, 82, 86488, 86488, 0.046088702976703644, -1.2084612846374512
529, -3.9258277877233922, 4, 40.141367363001336, 327, 86815, 86815, 0.044969797134399414, -1.242678165435791
530, 10.835685901809484, 4, 40.18237532299827, 325, 87140, 87140, 0.04723029583692551, -1.2247663736343384
531, 8.400807592086494, 2, 19.962593274998653, 159, 87299, 87299, 0.04641469940543175, -1.2273097038269043
532, 11.655738084111363, 2, 36.50233501100229, 294, 87593, 87593, 0.04486226290464401, -1.2346726655960083
533, -4.01854655565694, 4, 40.133789308001724, 324, 87917, 87917, 0.04517814889550209, -1.2317067384719849
534, 0.4722214173525572, 2, 5.7367230050003855, 42, 87959, 87959, 0.04283812269568443, -1.250386357307434
535, -1.6428803473245353, 2, 4.222061248998216, 30, 87989, 87989, 0.04611969366669655, -1.2512184381484985
536, 10.252283757086843, 2, 20.862712438000017, 165, 88154, 88154, 0.045348189771175385, -1.2545570135116577
537, -0.7908648508600891, 2, 4.15695629900074, 30, 88184, 88184, 0.044827334582805634, -1.2876213788986206
538, 7.124444359680638, 2, 20.375028829999792, 163, 88347, 88347, 0.04255099967122078, -1.2289432287216187
539, 1.0488283962476999, 2, 6.499593565000396, 49, 88396, 88396, 0.043868206441402435, -1.2330516576766968
540, 11.777512432425283, 2, 27.100316828997165, 219, 88615, 88615, 0.04367946833372116, -1.2301239967346191
541, 10.251691089943051, 2, 16.500046733999625, 132, 88747, 88747, 0.044656530022621155, -1.2374192476272583
542, 1.650596022605896, 2, 14.946892403000675, 119, 88866, 88866, 0.043778132647275925, -1.2598085403442383
543, -0.6365544754080474, 2, 4.426703522000025, 32, 88898, 88898, 0.04802515357732773, -1.1967201232910156
544, 16.228557165479288, 4, 40.103313157997036, 326, 89224, 89224, 0.04754960164427757, -1.2378032207489014
545, 1.7579591418616474, 4, 40.07883650800068, 326, 89550, 89550, 0.04458579048514366, -1.2503817081451416
546, 5.720302523346618, 2, 13.92009951, 110, 89660, 89660, 0.044525645673274994, -1.24420964717865
547, 3.0484650984872133, 2, 13.624467820998689, 108, 89768, 89768, 0.046236444264650345, -1.2359224557876587
548, -2.1817767745815217, 2, 4.130609612999251, 30, 89798, 89798, 0.04619978368282318, -1.1994389295578003
549, 0.10737676033750176, 2, 5.241602491001686, 39, 89837, 89837, 0.045755378901958466, -1.2562978267669678
550, 5.4534833347424865, 2, 15.305371613001626, 122, 89959, 89959, 0.048521436750888824, -1.241418480873108
551, 2.4512615501880646, 2, 10.599558195997815, 83, 90042, 90042, 0.047942403703927994, -1.2452739477157593
552, 1.1834482057020068, 2, 5.889935022998543, 44, 90086, 90086, 0.045347169041633606, -1.2119885683059692
553, 5.363247045315802, 2, 12.443739241000003, 98, 90184, 90184, 0.04542182758450508, -1.2222851514816284
554, 9.46031399210915, 2, 27.23827583900129, 221, 90405, 90405, 0.04188641905784607, -1.2256348133087158
555, 10.30027144937776, 2, 23.169614813999942, 188, 90593, 90593, 0.04675427824258804, -1.2333725690841675
556, 1.5128072588704526, 2, 7.041332680000778, 54, 90647, 90647, 0.04292953386902809, -1.251112461090088
557, 3.3257206643465906, 2, 13.500292802997137, 108, 90755, 90755, 0.046636391431093216, -1.2400444746017456
558, -0.9794464928563684, 2, 4.16610618499908, 30, 90785, 90785, 0.04129944369196892, -1.2480523586273193
559, -2.567347772535868, 2, 4.115397706002113, 30, 90815, 90815, 0.04315224662423134, -1.2084702253341675
560, 8.23416175856255, 2, 19.94987476299866, 161, 90976, 90976, 0.042299769818782806, -1.2280781269073486
561, 0.8999728027265519, 2, 7.1250308900016535, 55, 91031, 91031, 0.04038931801915169, -1.2248563766479492
562, 10.481491469661705, 2, 29.118830191000598, 237, 91268, 91268, 0.04657721146941185, -1.2257225513458252
563, 21.20782936050091, 4, 40.131038248997356, 327, 91595, 91595, 0.04417072981595993, -1.228710412979126
564, 17.03522444574628, 2, 33.248818927000684, 271, 91866, 91866, 0.046545736491680145, -1.2383811473846436
565, 7.0447379047982395, 2, 13.952232538998942, 111, 91977, 91977, 0.045322950929403305, -1.2427194118499756
566, 0.5915579909924418, 2, 6.286410539996723, 47, 92024, 92024, 0.045065879821777344, -1.2546848058700562
567, -2.2090922109782696, 2, 4.121147677000408, 30, 92054, 92054, 0.043456513434648514, -1.2353841066360474
568, -1.5914353113621473, 2, 4.179268781997962, 30, 92084, 92084, 0.046007875353097916, -1.1793516874313354
569, 0.8622793406248093, 2, 6.659424975998263, 51, 92135, 92135, 0.04795239865779877, -1.1872674226760864
570, -1.4979731808416545, 2, 4.152782937002485, 30, 92165, 92165, 0.044326696544885635, -1.1874773502349854
571, 2.82585062738508, 2, 8.51427964100003, 66, 92231, 92231, 0.04503806680440903, -1.2014940977096558
572, 2.640616442076862, 4, 40.14664075800101, 328, 92559, 92559, 0.04578519985079765, -1.235249638557434
573, 6.8202953091822565, 2, 17.52101415499783, 141, 92700, 92700, 0.04574715346097946, -1.2323371171951294
574, -0.26404649089090526, 2, 30.913618130998657, 252, 92952, 92952, 0.04684484750032425, -1.2318594455718994
575, -0.41547827410977334, 2, 6.372689767998963, 48, 93000, 93000, 0.039655689150094986, -1.2272459268569946
576, 4.622950671124272, 2, 11.991874723000365, 95, 93095, 93095, 0.047417305409908295, -1.2216241359710693
577, 6.950546480715275, 2, 15.07701079799881, 120, 93215, 93215, 0.043800048530101776, -1.2112258672714233
578, 9.010657608392648, 2, 27.25683557800221, 221, 93436, 93436, 0.045169197022914886, -1.2452925443649292
579, 6.400948394089937, 2, 22.316603743001906, 180, 93616, 93616, 0.04679091274738312, -1.2265515327453613
580, 0.8242600560188293, 2, 7.159877837999375, 55, 93671, 93671, 0.04485374316573143, -1.2512011528015137
581, 9.40224352630321, 2, 33.19402873299987, 271, 93942, 93942, 0.047367893159389496, -1.2262983322143555
582, 2.9122586413286626, 2, 10.640943332000461, 84, 94026, 94026, 0.04670235142111778, -1.2214750051498413
583, -2.443882248364389, 2, 4.250567188999412, 31, 94057, 94057, 0.0435054674744606, -1.168407917022705
584, -1.0018807461019605, 2, 4.1322450670013495, 30, 94087, 94087, 0.04529271274805069, -1.2473537921905518
585, 7.507897015078925, 2, 16.154272994001076, 129, 94216, 94216, 0.04438837990164757, -1.2187095880508423
586, 9.046574105042964, 2, 27.93619722099902, 227, 94443, 94443, 0.04593932256102562, -1.2247320413589478
587, 0.35599766205996275, 2, 6.826035518999561, 52, 94495, 94495, 0.04593849927186966, -1.2347232103347778
588, 6.969835905823857, 2, 20.146386090000306, 162, 94657, 94657, 0.04866752773523331, -1.2317029237747192
589, 11.073379633016884, 4, 40.09950328800187, 327, 94984, 94984, 0.045582909137010574, -1.2231104373931885
590, 4.55994737194851, 2, 13.638707715999772, 108, 95092, 95092, 0.047951798886060715, -1.2160664796829224
591, 7.878406058182009, 2, 21.643484868000087, 174, 95266, 95266, 0.046997662633657455, -1.2055233716964722
592, -0.850919658318162, 2, 4.270535654999549, 31, 95297, 95297, 0.05027437582612038, -1.2634475231170654
593, 4.834272064967081, 2, 12.606923115999962, 100, 95397, 95397, 0.05079019069671631, -1.2311254739761353
594, 10.17107275640592, 2, 20.4749674650011, 164, 95561, 95561, 0.047822531312704086, -1.217578649520874
595, 9.026566235581413, 2, 21.172038036998856, 171, 95732, 95732, 0.045191045850515366, -1.2166014909744263
596, -1.9937622752040625, 2, 4.162208632002148, 30, 95762, 95762, 0.04388640820980072, -1.2397900819778442
597, 6.924748653545976, 2, 19.314980586001184, 155, 95917, 95917, 0.04948291555047035, -1.198493480682373
598, 18.2748395067174, 4, 40.15416601000106, 328, 96245, 96245, 0.0478392094373703, -1.2301656007766724
599, -1.873512881807983, 2, 4.136066883998865, 30, 96275, 96275, 0.04223064333200455, -1.234445333480835
600, -1.664208382833749, 2, 4.153800154999772, 30, 96305, 96305, 0.04917542263865471, -1.2521216869354248
601, 0.8195601115003228, 2, 5.3383346410009835, 40, 96345, 96345, 0.05019093304872513, -1.2221739292144775
602, 3.3498322404921055, 2, 8.299354211998434, 64, 96409, 96409, 0.04910523071885109, -1.2322638034820557
603, 12.825241697952151, 2, 31.37547398999959, 253, 96662, 96662, 0.04924200847744942, -1.2035936117172241
604, 1.3945695511065423, 2, 6.716123673999391, 51, 96713, 96713, 0.043062470853328705, -1.2521486282348633
605, 10.988221822772175, 2, 25.165135245002602, 203, 96916, 96916, 0.04849633947014809, -1.2247508764266968
606, 4.109468014910817, 4, 40.06494064400249, 327, 97243, 97243, 0.046973396092653275, -1.2243428230285645
607, -1.7980052311904728, 2, 4.162536167001235, 30, 97273, 97273, 0.047356609255075455, -1.1988855600357056
608, 2.8368501351214945, 2, 8.145583902001817, 63, 97336, 97336, 0.04720176011323929, -1.2026209831237793
609, 12.443067316780798, 2, 26.495012793999194, 215, 97551, 97551, 0.045658811926841736, -1.2273919582366943
610, -1.718669832800515, 2, 4.141896640998311, 30, 97581, 97581, 0.0499444343149662, -1.2101428508758545
611, 13.360489560407586, 2, 27.562561400998675, 223, 97804, 97804, 0.0480240136384964, -1.2098770141601562
612, 6.12816923414357, 2, 16.303087322001375, 131, 97935, 97935, 0.04786180332303047, -1.228127360343933
613, -0.5087329836096615, 2, 4.502116646999639, 33, 97968, 97968, 0.04649987444281578, -1.189197063446045
614, 6.648864139919169, 2, 26.220926656998927, 212, 98180, 98180, 0.04590621590614319, -1.2279289960861206
615, -1.1346115993801504, 2, 5.249698884999816, 39, 98219, 98219, 0.05046422779560089, -1.2517839670181274
616, 6.218912483775057, 2, 14.506029252002918, 116, 98335, 98335, 0.04625602811574936, -1.2228766679763794
617, 7.612527030752972, 2, 21.10687936300019, 170, 98505, 98505, 0.048693589866161346, -1.21610426902771
618, 1.0883108174894005, 2, 6.543304914001055, 50, 98555, 98555, 0.04642094299197197, -1.2429193258285522
619, 1.4444797617034055, 2, 7.41484179300096, 57, 98612, 98612, 0.047675833106040955, -1.2005695104599
620, 5.80287857784424, 2, 18.354945945997315, 148, 98760, 98760, 0.04935052618384361, -1.2167739868164062
621, 4.253698008600622, 4, 40.03700706900054, 327, 99087, 99087, 0.04642162099480629, -1.2179139852523804
622, 13.740023518796079, 2, 35.8401863470026, 292, 99379, 99379, 0.048940304666757584, -1.2002694606781006
623, 18.240718471235596, 2, 35.95348166400072, 292, 99671, 99671, 0.04561767354607582, -1.2187916040420532
624, 13.654091596486978, 4, 40.17040780499883, 327, 99998, 99998, 0.04608434438705444, -1.2207087278366089
625, -1.6634558571968228, 2, 4.1413035780024074, 30, 100028, 100028, 0.045177653431892395, -1.1824448108673096
626, -0.7388786561787128, 2, 4.1206301569982315, 30, 100058, 100058, 0.048786651343107224, -1.2065329551696777
627, -7.075899680145085, 4, 40.15385544699893, 328, 100386, 100386, 0.045872610062360764, -1.2225980758666992
628, 4.52403826569207, 2, 14.012440180998965, 111, 100497, 100497, 0.04678519815206528, -1.185991883277893
629, 2.6296568990219384, 2, 8.644367099997908, 67, 100564, 100564, 0.04427420347929001, -1.2130662202835083
630, -0.4949962664395571, 2, 4.14684943300017, 30, 100594, 100594, 0.04571443796157837, -1.2319713830947876
631, 3.929125210037455, 2, 12.456397499998275, 99, 100693, 100693, 0.04980941116809845, -1.2043871879577637
632, 1.1810999121516943, 2, 7.129829575002077, 55, 100748, 100748, 0.05020914971828461, -1.1938681602478027
633, -1.1534601720049977, 2, 4.113587078998535, 30, 100778, 100778, 0.04756591096520424, -1.200935959815979
634, -1.2505070427432656, 2, 5.2269710679975105, 39, 100817, 100817, 0.05373973026871681, -1.2165699005126953
635, 9.666746505303308, 2, 19.356614188000094, 156, 100973, 100973, 0.04968922585248947, -1.183066487312317
636, 8.853520580334589, 4, 40.06783256000199, 327, 101300, 101300, 0.04664655029773712, -1.198962688446045
637, 2.280535134486854, 2, 9.796564982996642, 77, 101377, 101377, 0.04432122781872749, -1.1892039775848389
638, 5.653973008040339, 2, 14.560845007999887, 116, 101493, 101493, 0.04644181951880455, -1.199450969696045
639, 1.0006538487505168, 4, 40.125756456996896, 328, 101821, 101821, 0.04613133892416954, -1.1986819505691528
640, 13.26582680712454, 4, 40.15685744100119, 327, 102148, 102148, 0.05020746961236, -1.2101311683654785
641, 15.018809993518516, 4, 40.141808286000014, 327, 102475, 102475, 0.04615795984864235, -1.200779914855957
642, 2.462989278836176, 2, 10.885273779997078, 85, 102560, 102560, 0.046152710914611816, -1.2116045951843262
643, 2.746635707328096, 2, 10.592285542999889, 83, 102643, 102643, 0.047547586262226105, -1.2282781600952148
644, 8.486223614076152, 4, 40.060005272000126, 327, 102970, 102970, 0.04736069589853287, -1.2073078155517578
645, 1.194647642900236, 4, 40.04614401300205, 327, 103297, 103297, 0.04733835533261299, -1.2024134397506714
646, -0.3911195546388626, 2, 4.600037242998951, 34, 103331, 103331, 0.04967433959245682, -1.1848669052124023
647, 2.9427113537676632, 2, 8.927457571997365, 69, 103400, 103400, 0.048751287162303925, -1.2019381523132324
648, 0.9032996064051986, 2, 5.185603755999182, 38, 103438, 103438, 0.045128125697374344, -1.1493984460830688
649, 5.200027554528788, 2, 15.204633255998488, 121, 103559, 103559, 0.047998230904340744, -1.223164439201355
650, 2.0040663245599717, 4, 40.132252209998114, 328, 103887, 103887, 0.04692952334880829, -1.2040061950683594
651, 4.830101628322154, 2, 9.4607840580029, 74, 103961, 103961, 0.04713521525263786, -1.2044978141784668
652, -1.0091170787345618, 2, 4.129204278000543, 30, 103991, 103991, 0.04500667750835419, -1.2415428161621094
653, 3.5411801778245717, 4, 40.1525229200015, 328, 104319, 104319, 0.046390101313591, -1.212318778038025
654, -0.3809357089921832, 2, 4.16539357199872, 30, 104349, 104349, 0.04585074260830879, -1.2383215427398682
655, -0.06888774805702269, 2, 4.138354265996895, 30, 104379, 104379, 0.05036487430334091, -1.2186317443847656
656, -1.896781206363812, 2, 4.150395660002687, 30, 104409, 104409, 0.05344555526971817, -1.211850881576538
657, 4.427602811250836, 2, 11.781569147002301, 93, 104502, 104502, 0.0525132417678833, -1.2130427360534668
658, 13.60314401681535, 2, 32.16302189199996, 261, 104763, 104763, 0.047922972589731216, -1.194758415222168
659, 4.59267154277768, 2, 18.882500067000365, 150, 104913, 104913, 0.04629455879330635, -1.1861788034439087
660, 17.797560292645358, 2, 36.845246146000136, 301, 105214, 105214, 0.04666236788034439, -1.1946419477462769
661, 13.79893187561538, 2, 32.38894132199857, 263, 105477, 105477, 0.04783632606267929, -1.189894676208496
662, 1.018217163393274, 2, 10.363685689000704, 81, 105558, 105558, 0.045445460826158524, -1.1993863582611084
663, 9.074369258247316, 2, 26.050872430998425, 211, 105769, 105769, 0.04665010794997215, -1.2084702253341675
664, 7.954455302911811, 4, 40.138462970000546, 327, 106096, 106096, 0.04854230955243111, -1.2012042999267578
665, 4.5874724488239735, 2, 11.836843766999664, 94, 106190, 106190, 0.05244479700922966, -1.1951614618301392
666, -1.1005961924092844, 2, 4.13459900199814, 30, 106220, 106220, 0.04998461902141571, -1.1933859586715698
667, 4.428498276975006, 2, 12.83597339699918, 102, 106322, 106322, 0.04829898476600647, -1.2005589008331299
668, 3.7078312805388123, 2, 15.380294999002217, 123, 106445, 106445, 0.045791998505592346, -1.1964006423950195
669, 5.486747734714299, 2, 30.637942823999765, 249, 106694, 106694, 0.047386739403009415, -1.1907238960266113
670, 1.8217831684742123, 2, 15.351727597997524, 123, 106817, 106817, 0.04679599031805992, -1.2183072566986084
671, 9.941212326986715, 2, 19.25638503599839, 154, 106971, 106971, 0.04879773408174515, -1.1885279417037964
672, -0.7765493207843974, 2, 5.21369147400037, 39, 107010, 107010, 0.05059681460261345, -1.1725842952728271
673, 2.5356321239378303, 2, 8.714575990001322, 68, 107078, 107078, 0.05036190152168274, -1.1997817754745483
674, -1.8334193095797673, 2, 4.1680775369968615, 30, 107108, 107108, 0.04447276517748833, -1.2232897281646729
675, 0.5006387610919774, 2, 5.963776767999661, 45, 107153, 107153, 0.043680720031261444, -1.2058467864990234
676, -1.3720263302093372, 2, 4.775161298999592, 35, 107188, 107188, 0.0478566475212574, -1.258552074432373
677, 4.831423704745248, 2, 19.596658382997703, 157, 107345, 107345, 0.05041823908686638, -1.2044671773910522
678, 0.989636866375804, 2, 6.55721283299863, 50, 107395, 107395, 0.04891647771000862, -1.2049331665039062
679, 13.987341055646539, 2, 33.65022536499964, 274, 107669, 107669, 0.048654500395059586, -1.1983717679977417
680, 4.051159517955966, 4, 40.08806990899757, 327, 107996, 107996, 0.04787386953830719, -1.190946340560913
681, 13.628214011434466, 2, 31.00416825299908, 252, 108248, 108248, 0.04986216500401497, -1.2022342681884766
682, 9.80620055529289, 2, 18.732302934000472, 150, 108398, 108398, 0.04902750998735428, -1.1813018321990967
683, 6.647073493688367, 2, 16.30198390499936, 130, 108528, 108528, 0.04936198145151138, -1.1871036291122437
684, -1.1184653174132109, 2, 4.170204722999188, 30, 108558, 108558, 0.05128693953156471, -1.2220100164413452
685, 5.095750974025577, 2, 16.382062218999636, 131, 108689, 108689, 0.047997474670410156, -1.2055267095565796
686, 9.921203091973439, 2, 20.111579165000876, 162, 108851, 108851, 0.04679365083575249, -1.1907650232315063
687, 2.0704438062384725, 2, 6.663062939001975, 51, 108902, 108902, 0.0493362657725811, -1.1733243465423584
688, 1.45535976649262, 2, 9.218160506999993, 72, 108974, 108974, 0.05359090864658356, -1.2081389427185059
689, 1.434989367844537, 2, 7.069058158998814, 54, 109028, 109028, 0.04750945419073105, -1.186895728111267
690, 6.392391167581081, 2, 27.071896468998602, 220, 109248, 109248, 0.04970121756196022, -1.1867780685424805
691, -1.0558825981570408, 2, 4.437279393998324, 30, 109278, 109278, 0.05247072875499725, -1.1228865385055542
692, 0.8878017012029886, 2, 6.307736480997846, 48, 109326, 109326, 0.0500209741294384, -1.2005579471588135
693, 5.496637986740097, 4, 40.06959026199911, 326, 109652, 109652, 0.0505957268178463, -1.1740820407867432
694, 10.562596538336948, 2, 19.357050045000506, 155, 109807, 109807, 0.04893319681286812, -1.1983097791671753
695, 1.4068388864398003, 2, 7.367459965000307, 56, 109863, 109863, 0.0488295741379261, -1.1760931015014648
696, 7.963858982431702, 4, 40.14576848100114, 327, 110190, 110190, 0.04784243926405907, -1.1958826780319214
697, 3.7499515879899263, 4, 40.1580238610004, 328, 110518, 110518, 0.04859460890293121, -1.1819400787353516
698, 1.1066196718020365, 4, 40.09611030000087, 328, 110846, 110846, 0.048353731632232666, -1.161828875541687
699, 13.594163181027398, 4, 40.06539442199937, 327, 111173, 111173, 0.04887128993868828, -1.1876205205917358
700, -2.000549725955352, 2, 4.12589582900182, 30, 111203, 111203, 0.0487724132835865, -1.169840693473816
701, 16.33004887145944, 4, 40.10968919900188, 326, 111529, 111529, 0.04945776239037514, -1.1754565238952637
702, 11.38592289481312, 4, 40.09197817200038, 327, 111856, 111856, 0.04788884520530701, -1.1804978847503662
703, 10.303334488300607, 2, 26.29425365499992, 213, 112069, 112069, 0.04824825003743172, -1.1885809898376465
704, -0.8774986197240651, 2, 4.1357379679975566, 30, 112099, 112099, 0.04902529716491699, -1.2188254594802856
705, 4.143020749790594, 2, 12.545996430999367, 99, 112198, 112198, 0.04702581465244293, -1.1876858472824097
706, -1.0121519716922194, 2, 4.152182241999981, 30, 112228, 112228, 0.03959769383072853, -1.1418899297714233
707, 7.669651028001681, 4, 40.115292738999415, 328, 112556, 112556, 0.04596424847841263, -1.1687746047973633
708, 6.907150434097275, 2, 13.822556183000415, 110, 112666, 112666, 0.04919576644897461, -1.15385901927948
709, 9.39502447412815, 4, 40.06621456400171, 327, 112993, 112993, 0.0497635193169117, -1.1784210205078125
710, 18.383430137182586, 2, 38.81764654700237, 316, 113309, 113309, 0.04891363903880119, -1.1632205247879028
711, 0.43015703512355685, 2, 6.07252146600149, 46, 113355, 113355, 0.04674903303384781, -1.139939785003662
712, 0.5189190160017461, 4, 40.11507194200021, 328, 113683, 113683, 0.05089734122157097, -1.17326819896698
713, 4.559135479386896, 2, 13.602943084999424, 108, 113791, 113791, 0.04677846282720566, -1.1725586652755737
714, 9.11676019069273, 4, 40.06216693600072, 326, 114117, 114117, 0.050735943019390106, -1.1789487600326538
715, 6.042198701994494, 2, 25.300841418997152, 205, 114322, 114322, 0.05008869618177414, -1.180789589881897
716, -0.8359562638215721, 2, 4.377569377000327, 32, 114354, 114354, 0.047339554876089096, -1.1403186321258545
717, -1.6777657098136842, 2, 4.16901105800207, 30, 114384, 114384, 0.04271859675645828, -1.1836451292037964
718, -1.0027773045003414, 2, 4.125359071997082, 30, 114414, 114414, 0.04759174957871437, -1.2038075923919678
719, -0.7136739834677428, 2, 4.271906270001637, 31, 114445, 114445, 0.04415009543299675, -1.1696341037750244
720, -0.20937812654301524, 2, 4.993838897000387, 37, 114482, 114482, 0.04717481508851051, -1.1847964525222778
721, 0.727443725336343, 2, 6.289910190000228, 48, 114530, 114530, 0.04903055727481842, -1.2315877676010132
722, 0.43355019809678197, 2, 4.801001397001528, 35, 114565, 114565, 0.04608175903558731, -1.1502829790115356
723, 0.7161773727275431, 2, 7.335859046997939, 56, 114621, 114621, 0.04596667364239693, -1.161457896232605
724, 7.65227637195494, 4, 40.11185335600021, 326, 114947, 114947, 0.05161872133612633, -1.1543258428573608
725, 12.814854366704822, 4, 40.16394428900094, 327, 115274, 115274, 0.04996068775653839, -1.1829602718353271
726, -2.195173656800762, 2, 4.186292309001146, 30, 115304, 115304, 0.04789866879582405, -1.1688939332962036
727, 4.967622732743621, 2, 16.720796674002486, 134, 115438, 115438, 0.05102435126900673, -1.1832598447799683
728, -0.5845194815192372, 2, 4.270103750000999, 31, 115469, 115469, 0.047561317682266235, -1.1481091976165771
729, 1.1358533062739298, 2, 6.809191803000431, 52, 115521, 115521, 0.04818732291460037, -1.1415520906448364
730, 12.115117423585616, 4, 40.1409027769987, 327, 115848, 115848, 0.04759782925248146, -1.1578550338745117
731, 1.5251698084175587, 2, 7.661234663999494, 59, 115907, 115907, 0.04792920500040054, -1.1594537496566772
732, 11.383622301975265, 2, 34.11267853499885, 277, 116184, 116184, 0.050469037145376205, -1.1741384267807007
733, 6.599287412129343, 2, 19.373272259999794, 156, 116340, 116340, 0.048906706273555756, -1.1927745342254639
734, 10.534845383837819, 2, 19.24761364799997, 155, 116495, 116495, 0.0510389618575573, -1.1591176986694336
735, 6.322200927417725, 2, 13.340813444996456, 106, 116601, 116601, 0.048372458666563034, -1.2023911476135254
736, 3.1696446263231337, 2, 9.371908998997242, 73, 116674, 116674, 0.048342760652303696, -1.1923638582229614
737, 0.8964113702531904, 2, 7.760295082000084, 59, 116733, 116733, 0.04783610999584198, -1.17460298538208
738, 12.43483560392633, 4, 40.13643837199925, 327, 117060, 117060, 0.05021028220653534, -1.1523367166519165
739, 7.961430207360536, 2, 21.70053162900149, 175, 117235, 117235, 0.05187580734491348, -1.1664462089538574
740, 0.7915248058270663, 2, 6.406759159002831, 48, 117283, 117283, 0.04902404919266701, -1.201371669769287
741, 1.9936692763585597, 2, 6.481688176001626, 49, 117332, 117332, 0.049209725111722946, -1.1811449527740479
742, -0.9043488558381796, 2, 4.128451259999565, 30, 117362, 117362, 0.05361580476164818, -1.2095868587493896
743, 7.368812582921237, 4, 40.141141423999215, 327, 117689, 117689, 0.04701462388038635, -1.1691027879714966
744, 15.943309343070723, 4, 40.09782876900135, 326, 118015, 118015, 0.04796913266181946, -1.1598875522613525
745, 0.6469876654446125, 2, 6.338506023999798, 48, 118063, 118063, 0.04896995425224304, -1.2114506959915161
746, 2.8810573320370167, 4, 40.09293507399707, 327, 118390, 118390, 0.05058923363685608, -1.1513097286224365
747, 12.016957160667516, 2, 26.629448059000424, 215, 118605, 118605, 0.04946649819612503, -1.1687909364700317
748, -0.7840219963109121, 2, 4.1834291979976115, 30, 118635, 118635, 0.05336581543087959, -1.1917880773544312
749, 6.044237988302484, 2, 19.242595513002016, 154, 118789, 118789, 0.049502819776535034, -1.1694262027740479
750, 12.460189854027703, 4, 40.1149891870009, 327, 119116, 119116, 0.049207594245672226, -1.1677926778793335
751, 3.6444596285000443, 2, 9.8816541160013, 77, 119193, 119193, 0.049901146441698074, -1.1814839839935303
752, 17.669611780904233, 4, 40.130355421002605, 327, 119520, 119520, 0.04973025992512703, -1.156477451324463
753, 10.155809741001576, 4, 40.415830834997905, 329, 119849, 119849, 0.049101293087005615, -1.165152907371521
754, 4.150571978883818, 2, 11.105848363000405, 88, 119937, 119937, 0.04776938259601593, -1.1528171300888062
755, -1.6848708535544574, 2, 4.133255125998403, 30, 119967, 119967, 0.04821867495775223, -1.1753982305526733
756, 0.7733551147393882, 2, 11.635541883999394, 92, 120059, 120059, 0.050452254712581635, -1.1338735818862915
757, -0.34748138347640634, 2, 4.723932793000131, 35, 120094, 120094, 0.058070436120033264, -1.1911523342132568
758, -0.15613706456497312, 2, 5.015543197001534, 37, 120131, 120131, 0.050235144793987274, -1.1852738857269287
759, 9.421941301668994, 2, 26.223004769002728, 212, 120343, 120343, 0.04870619252324104, -1.1786500215530396
760, 3.1430129050277174, 2, 11.364895551996597, 90, 120433, 120433, 0.050446588546037674, -1.1197835206985474
761, 9.791197861544788, 2, 17.83029268500104, 143, 120576, 120576, 0.052720945328474045, -1.1710275411605835
762, 6.310501042520627, 2, 27.378719746997376, 222, 120798, 120798, 0.05536290630698204, -1.1732988357543945
763, 8.01374550582841, 2, 25.910819175998768, 209, 121007, 121007, 0.05113191530108452, -1.1271417140960693
764, 1.8137443964369595, 2, 6.721276707998186, 51, 121058, 121058, 0.051702868193387985, -1.1407620906829834
765, 4.1284967814572155, 2, 13.731783698000072, 109, 121167, 121167, 0.0527731254696846, -1.1666181087493896
766, -1.9654279090464115, 2, 4.177336527998705, 30, 121197, 121197, 0.05752904340624809, -1.1629061698913574
767, 3.712812509969808, 2, 29.01134512600038, 236, 121433, 121433, 0.05142395943403244, -1.1700351238250732
768, -0.614370294380933, 2, 4.486639805996674, 33, 121466, 121466, 0.05013550817966461, -1.176390290260315
769, -0.9768980732187629, 2, 4.158768780998798, 30, 121496, 121496, 0.047740813344717026, -1.1690475940704346
770, -0.43397593684494495, 2, 4.128905459001544, 30, 121526, 121526, 0.04378293454647064, -1.1849900484085083
771, 2.5723583893850446, 2, 8.603842811000504, 67, 121593, 121593, 0.048115137964487076, -1.188798427581787
772, -0.011489192489534616, 2, 6.292028441999719, 47, 121640, 121640, 0.04751773551106453, -1.2077832221984863
773, -0.9283481542952359, 2, 4.130288042000757, 30, 121670, 121670, 0.04652417451143265, -1.1721817255020142
774, 11.038736369460821, 2, 22.810432218000642, 184, 121854, 121854, 0.0492653027176857, -1.1627854108810425
775, 0.9712460613809526, 2, 6.488362901000073, 49, 121903, 121903, 0.05169985070824623, -1.1469073295593262
776, -1.019182963296771, 2, 4.242971389001468, 31, 121934, 121934, 0.04920170456171036, -1.1201759576797485
777, 10.704648845246993, 2, 29.415746368002146, 238, 122172, 122172, 0.05105488747358322, -1.1711878776550293
778, 4.138171007623896, 2, 11.955775549999089, 95, 122267, 122267, 0.05081586167216301, -1.1958245038986206
779, 6.456802382133901, 2, 16.04306292199908, 128, 122395, 122395, 0.051295939832925797, -1.1431224346160889
780, 13.577764106797986, 4, 40.155158773999574, 326, 122721, 122721, 0.05560830608010292, -1.1563570499420166
781, -0.9999467842280865, 2, 4.133840156999213, 30, 122751, 122751, 0.05260755121707916, -1.169941782951355
782, 1.8029741141945124, 2, 7.658405573998607, 59, 122810, 122810, 0.04869624227285385, -1.1461650133132935
783, 13.424542837543413, 4, 40.133208729002945, 327, 123137, 123137, 0.05108996480703354, -1.1547212600708008
784, 4.1587140168994665, 2, 10.34079371900225, 81, 123218, 123218, 0.05261065065860748, -1.1770179271697998
785, 4.195549971424043, 2, 10.337362125002983, 81, 123299, 123299, 0.052874788641929626, -1.1406278610229492
786, 2.566673036897555, 2, 8.469978483000887, 66, 123365, 123365, 0.05232451111078262, -1.1158266067504883
787, 2.26762201404199, 2, 10.325680908001232, 81, 123446, 123446, 0.05188365653157234, -1.136170506477356
788, 5.2234394492115825, 4, 40.08019101299942, 327, 123773, 123773, 0.05087858438491821, -1.1575499773025513
789, 0.7712555751204491, 4, 40.178009750001365, 328, 124101, 124101, 0.05010436102747917, -1.152671456336975
790, 9.352213298436254, 2, 27.825206197001535, 225, 124326, 124326, 0.05091447755694389, -1.1545288562774658
791, 14.638119164388627, 2, 29.74254175900205, 241, 124567, 124567, 0.048869941383600235, -1.1388267278671265
792, -0.8529374110512435, 2, 4.326248028999544, 31, 124598, 124598, 0.04680474102497101, -1.174885630607605
793, 3.020692970138043, 2, 12.64805060800063, 100, 124698, 124698, 0.04888026416301727, -1.1521624326705933
794, 2.5253248559311032, 2, 8.871733636999124, 69, 124767, 124767, 0.051725756376981735, -1.181344985961914
795, 2.676374303176999, 2, 12.246518767002271, 97, 124864, 124864, 0.051006484776735306, -1.1467807292938232
796, 4.588084186427295, 2, 19.8288657660014, 159, 125023, 125023, 0.04971045255661011, -1.138759732246399
797, 5.199229872087017, 2, 14.881807043999288, 119, 125142, 125142, 0.05118223652243614, -1.1564174890518188
798, 9.688229997642338, 2, 19.414755806999892, 156, 125298, 125298, 0.048490092158317566, -1.14029061794281
799, 4.453360540326685, 2, 10.938463297003182, 86, 125384, 125384, 0.050518203526735306, -1.1205155849456787
800, 3.5024995328858495, 2, 11.113767892999022, 87, 125471, 125471, 0.04646874591708183, -1.1547774076461792
801, 8.250953919021413, 4, 40.143139578001865, 328, 125799, 125799, 0.05084027722477913, -1.137085199356079
802, 3.5198971200734377, 2, 11.459832271000778, 90, 125889, 125889, 0.050461143255233765, -1.1701915264129639
803, -0.7846341968979686, 2, 4.132057344002533, 30, 125919, 125919, 0.05370378866791725, -1.1363850831985474
804, 3.3323676340514794, 2, 9.35580502599987, 73, 125992, 125992, 0.05261516571044922, -1.1423759460449219
805, -1.3737168963998556, 2, 4.153007823002554, 30, 126022, 126022, 0.05358261987566948, -1.1540677547454834
806, 9.249426968279295, 4, 40.10417669600065, 327, 126349, 126349, 0.051229022443294525, -1.1541521549224854
807, -1.2985474653542042, 2, 4.136517627001012, 30, 126379, 126379, 0.06576067954301834, -1.1576168537139893
808, -1.8234171164222062, 2, 4.157963269997708, 30, 126409, 126409, 0.05285315588116646, -1.1553280353546143
809, -0.6081880233250558, 2, 5.616421714999888, 42, 126451, 126451, 0.048439960926771164, -1.1286064386367798
810, 14.545326388441026, 4, 40.15422178100198, 327, 126778, 126778, 0.048727016896009445, -1.1652520895004272
811, 3.2007898448500782, 2, 11.893853403998946, 94, 126872, 126872, 0.0499420128762722, -1.1590114831924438
812, 9.526297494536266, 2, 20.363896737999312, 164, 127036, 127036, 0.05246971920132637, -1.1502161026000977
813, 1.0521057229489088, 2, 6.699634724998759, 51, 127087, 127087, 0.047533225268125534, -1.1458629369735718
814, 0.2231143992394209, 2, 6.8887240839976585, 52, 127139, 127139, 0.05267191678285599, -1.1457960605621338
815, 9.45044350787066, 2, 16.74163021500135, 134, 127273, 127273, 0.053139280527830124, -1.1244527101516724
816, 5.340256616473198, 2, 11.955872916998487, 94, 127367, 127367, 0.05724765360355377, -1.1457483768463135
817, -1.0389196374453604, 2, 4.143300822997844, 30, 127397, 127397, 0.05468376725912094, -1.1018180847167969
818, 0.7069220605771989, 2, 7.309096016000694, 56, 127453, 127453, 0.05776669457554817, -1.1549385786056519
819, 3.7436702449340373, 2, 10.244205461000092, 80, 127533, 127533, 0.055373527109622955, -1.142181396484375
820, 5.52263811416924, 2, 12.541563009999663, 99, 127632, 127632, 0.056190263479948044, -1.155463457107544
821, 9.096786084701307, 2, 21.976259893999668, 177, 127809, 127809, 0.04974139854311943, -1.1646660566329956
822, 9.608373516937718, 2, 36.45154579500013, 296, 128105, 128105, 0.05101926624774933, -1.1411495208740234
823, -0.14525571302510798, 2, 4.80265284500274, 35, 128140, 128140, 0.048380348831415176, -1.1939465999603271
824, 3.1463839220814407, 2, 10.137020373000269, 79, 128219, 128219, 0.05360512062907219, -1.1566541194915771
825, -0.9656802301760763, 4, 40.14317586999823, 328, 128547, 128547, 0.05172203108668327, -1.1253939867019653
826, 8.101197965443134, 2, 15.917770590000146, 127, 128674, 128674, 0.051161348819732666, -1.1389386653900146
827, 4.008965311339125, 2, 11.053256027997122, 87, 128761, 128761, 0.053128499537706375, -1.1062922477722168
828, 6.301607126370072, 2, 15.543712367998523, 124, 128885, 128885, 0.05042906850576401, -1.1319291591644287
829, 6.153138167224824, 2, 15.031929788001435, 120, 129005, 129005, 0.04928947985172272, -1.1335309743881226
830, 6.177243942394853, 2, 14.208344552000199, 113, 129118, 129118, 0.048498522490262985, -1.1355795860290527
831, 6.488022183999419, 2, 13.412824319002539, 107, 129225, 129225, 0.04909706488251686, -1.1118500232696533
832, 4.968536367989145, 2, 14.20246263000081, 113, 129338, 129338, 0.049272190779447556, -1.1546434164047241
833, -2.1239216923713684, 2, 4.153335683000478, 30, 129368, 129368, 0.0530460923910141, -1.0699241161346436
834, 3.346205171197653, 2, 9.4354164389988, 74, 129442, 129442, 0.04972333833575249, -1.151642084121704
835, 2.3446176811121404, 2, 19.75402583599862, 159, 129601, 129601, 0.04995693266391754, -1.161194086074829
836, 3.0820320011116564, 2, 11.15575053199791, 88, 129689, 129689, 0.05617223680019379, -1.1220589876174927
837, 13.642499881098047, 4, 40.095836951997626, 326, 130015, 130015, 0.04922252520918846, -1.1502467393875122
838, 5.0353458255995065, 2, 36.23728182699779, 295, 130310, 130310, 0.052847083657979965, -1.128912091255188
839, -0.8978769388049841, 2, 4.155389210001886, 30, 130340, 130340, 0.054894402623176575, -1.130645751953125
840, 8.22268986038398, 2, 22.63167539499773, 183, 130523, 130523, 0.05414905399084091, -1.117370843887329
841, 11.498885894776322, 2, 21.36930035000114, 172, 130695, 130695, 0.055042050778865814, -1.122674822807312
842, 9.540061690378934, 2, 19.868513861998508, 159, 130854, 130854, 0.05042963847517967, -1.0954134464263916
843, 7.5179551164619625, 2, 29.543753225996625, 239, 131093, 131093, 0.051532432436943054, -1.126880168914795
844, 2.8805885321926326, 2, 7.90077977999681, 61, 131154, 131154, 0.050947703421115875, -1.0879608392715454
845, 9.096587181673385, 2, 34.630620020001516, 281, 131435, 131435, 0.051899511367082596, -1.1513597965240479
846, -2.4100726833567023, 2, 4.143171370000346, 30, 131465, 131465, 0.05237444490194321, -1.0342388153076172
847, -0.7741915748920292, 2, 4.154816951999237, 30, 131495, 131495, 0.05355287343263626, -1.11330246925354
848, 3.7541289483197033, 2, 9.73192089800068, 76, 131571, 131571, 0.0568266399204731, -1.1653956174850464
849, 0.5063983529107645, 2, 6.824546805000864, 52, 131623, 131623, 0.04944012314081192, -1.1661909818649292
850, 13.05167202220764, 4, 40.09923318700021, 326, 131949, 131949, 0.051688842475414276, -1.1323649883270264
851, 12.83602824434638, 4, 40.09916290100227, 326, 132275, 132275, 0.05030359327793121, -1.1347004175186157
852, -0.3197912876494229, 2, 4.145848565000051, 30, 132305, 132305, 0.05052598565816879, -1.1323896646499634
853, -1.1929848714498803, 2, 4.15821330199833, 30, 132335, 132335, 0.04680529609322548, -1.132275938987732
854, 5.74798537127208, 2, 20.75467654000022, 166, 132501, 132501, 0.05128638818860054, -1.0992933511734009
855, 6.777879810659215, 2, 15.74002976599877, 126, 132627, 132627, 0.049396466463804245, -1.1337519884109497
856, 9.119193742517382, 2, 18.955155485000432, 152, 132779, 132779, 0.05439496040344238, -1.0836238861083984
857, 10.663274731719866, 4, 40.095295122002426, 327, 133106, 133106, 0.052429571747779846, -1.1255332231521606
858, 13.023348403163254, 2, 29.95715980499881, 243, 133349, 133349, 0.05003006011247635, -1.116891860961914
859, 3.4640280827879906, 2, 9.33774460100176, 73, 133422, 133422, 0.05319792777299881, -1.1044875383377075
860, 8.159463410498574, 4, 40.1645927440004, 327, 133749, 133749, 0.052300892770290375, -1.1193574666976929
861, -0.8024007710628211, 2, 4.154242722001072, 30, 133779, 133779, 0.05288834869861603, -1.1824709177017212
862, 3.335884458851069, 2, 10.484400984998501, 82, 133861, 133861, 0.04887580871582031, -1.117213487625122
863, 9.687344770412892, 4, 40.05326908800271, 326, 134187, 134187, 0.0507374033331871, -1.1265522241592407
864, 2.2656293011968955, 4, 40.05974265599798, 326, 134513, 134513, 0.05004999414086342, -1.1319254636764526
865, -1.5138252475298941, 2, 4.255979142002616, 31, 134544, 134544, 0.05545710399746895, -1.1493247747421265
866, 15.944625105126761, 2, 31.581448396002088, 257, 134801, 134801, 0.05169938877224922, -1.1108330488204956
867, 8.953232302330434, 2, 17.06919375799771, 136, 134937, 134937, 0.05001225695014, -1.1083338260650635
868, 7.9231211367296055, 4, 40.121991651001736, 327, 135264, 135264, 0.05162231624126434, -1.1386730670928955
869, 11.451372198062018, 4, 40.1561398010017, 327, 135591, 135591, 0.05050613731145859, -1.1251472234725952
870, -2.2826000340282917, 4, 40.12196600500101, 327, 135918, 135918, 0.05134783685207367, -1.1177847385406494
871, -0.17396078584715724, 2, 4.126413443998899, 30, 135948, 135948, 0.05251413211226463, -1.1772605180740356
872, 5.90651938947849, 2, 12.832557112997165, 101, 136049, 136049, 0.05026568844914436, -1.0987131595611572
873, -0.6336191538721323, 2, 4.6652843020019645, 34, 136083, 136083, 0.05620434507727623, -1.1086065769195557
874, 1.0118956574006006, 2, 9.060707440999977, 70, 136153, 136153, 0.05170689895749092, -1.0873876810073853
875, 15.622131245909259, 4, 40.061261054997885, 326, 136479, 136479, 0.04997524246573448, -1.1232237815856934
876, 9.118360791355371, 4, 40.05992207900272, 326, 136805, 136805, 0.05072217062115669, -1.1211812496185303
877, 10.811050636693835, 2, 22.545174487000622, 182, 136987, 136987, 0.05195682495832443, -1.1153748035430908
878, 5.608955110190436, 2, 13.417034281002998, 106, 137093, 137093, 0.05362910032272339, -1.1356133222579956
879, -0.9385722257429734, 2, 4.13398185099868, 30, 137123, 137123, 0.04987392574548721, -1.1342295408248901
880, 8.752430535969324, 2, 15.404950103998999, 123, 137246, 137246, 0.05382165312767029, -1.1214531660079956
881, 2.6150508818682283, 2, 8.667980133999663, 67, 137313, 137313, 0.0511285625398159, -1.1049898862838745
882, 6.975422270596027, 2, 26.467721679000533, 213, 137526, 137526, 0.0515163354575634, -1.0850940942764282
883, 6.904942976310849, 2, 18.294903260000865, 146, 137672, 137672, 0.051978256553411484, -1.1056249141693115
884, 11.971997865010053, 4, 40.07841340300001, 325, 137997, 137997, 0.05034385249018669, -1.116978645324707
885, -1.6553869304480031, 2, 4.13521134199982, 30, 138027, 138027, 0.04272766783833504, -1.112128734588623
886, -0.1819926128955558, 2, 5.536206188000506, 41, 138068, 138068, 0.04929646477103233, -1.1197326183319092
887, -2.2790939337573946, 2, 4.17347465399871, 30, 138098, 138098, 0.04617747291922569, -1.1234015226364136
888, -1.7177832268644124, 2, 4.14559037700019, 30, 138128, 138128, 0.04978899285197258, -1.1515963077545166
889, 6.397877364652231, 4, 40.10555526200187, 327, 138455, 138455, 0.051456205546855927, -1.1066327095031738
890, 10.425451031886041, 2, 22.46159764800177, 181, 138636, 138636, 0.052208416163921356, -1.1092479228973389
891, 10.808344730176032, 4, 40.12685097400026, 326, 138962, 138962, 0.051479872316122055, -1.0922051668167114
892, -0.4868969745002687, 2, 5.507583374001115, 41, 139003, 139003, 0.048043813556432724, -1.1373920440673828
893, 0.08552322490140796, 2, 6.226518868999847, 47, 139050, 139050, 0.051543403416872025, -1.104866623878479
894, -0.5796455277595669, 2, 4.496979952000402, 33, 139083, 139083, 0.047110699117183685, -1.1185860633850098
895, -0.1314610174158588, 4, 40.12275274700005, 327, 139410, 139410, 0.05305113643407822, -1.1028132438659668
896, -1.9224594440311193, 2, 4.154925757000456, 30, 139440, 139440, 0.05295621603727341, -1.0538533926010132
897, -2.3791610763873905, 2, 4.161747109999851, 30, 139470, 139470, 0.04867308586835861, -1.1279678344726562
898, 22.359130894066766, 4, 40.097933189001196, 326, 139796, 139796, 0.049675069749355316, -1.1024324893951416
899, -2.2905926536768675, 2, 4.1543781899999885, 30, 139826, 139826, 0.04805353656411171, -1.1102186441421509
900, -1.235618356615305, 2, 4.157553832003032, 30, 139856, 139856, 0.054025813937187195, -1.1149463653564453
901, -0.47637909767217934, 2, 4.13374790799935, 30, 139886, 139886, 0.04704701900482178, -1.0787535905838013
902, 4.830394532298669, 2, 12.645316795998951, 100, 139986, 139986, 0.051409076899290085, -1.1221197843551636
903, -0.3941573672927916, 2, 4.129113292001421, 30, 140016, 140016, 0.05157003179192543, -1.0849288702011108
904, 17.40767036098987, 2, 38.81905494700186, 315, 140331, 140331, 0.051482271403074265, -1.1125702857971191
905, 7.1790489117847756, 2, 20.862343804001284, 167, 140498, 140498, 0.050517767667770386, -1.0825779438018799
906, 13.477316280128434, 4, 40.1497294159999, 327, 140825, 140825, 0.051106177270412445, -1.0908935070037842
907, 10.122701442684047, 4, 40.05826229599916, 326, 141151, 141151, 0.05234529823064804, -1.078515887260437
908, 3.0027563823387027, 4, 40.08504905299924, 327, 141478, 141478, 0.0543457455933094, -1.092857837677002
909, 4.781043347786181, 2, 11.823749737999606, 93, 141571, 141571, 0.056192558258771896, -1.0827596187591553
910, 1.0303896343102679, 2, 10.584051254001679, 83, 141654, 141654, 0.0549321249127388, -1.0851664543151855
911, 5.578608290641569, 2, 12.008891084002244, 95, 141749, 141749, 0.048249851912260056, -1.073451280593872
912, 1.539234989322722, 2, 7.980836665003153, 59, 141808, 141808, 0.04804534465074539, -1.1063768863677979
913, 5.8248278414830565, 2, 12.138716901001317, 96, 141904, 141904, 0.04752204939723015, -1.0990606546401978
914, 15.885605867952108, 4, 40.13201377099904, 327, 142231, 142231, 0.0530124232172966, -1.1223657131195068
915, 1.2386001558043063, 2, 7.814272069997969, 60, 142291, 142291, 0.05190408602356911, -1.0568667650222778
916, 5.410451607662253, 2, 19.228766545002145, 154, 142445, 142445, 0.05458325147628784, -1.090469479560852
917, 2.8060259975027293, 2, 27.09927667300144, 220, 142665, 142665, 0.05196113511919975, -1.068632960319519
918, 6.322043010266498, 2, 14.315232639000897, 114, 142779, 142779, 0.05138842388987541, -1.0877593755722046
919, 9.14155884552747, 4, 40.07222227699822, 326, 143105, 143105, 0.05210655927658081, -1.092628002166748
920, 5.323234143084846, 2, 14.239877905998583, 113, 143218, 143218, 0.0539863258600235, -1.0993800163269043
921, 21.16047805477865, 1, 25.86587465699995, 209, 143427, 143427, 0.051633547991514206, -1.099358081817627
922, -1.0922581837512553, 2, 4.182160532000125, 30, 143457, 143457, 0.05055057257413864, -1.119459629058838
923, 2.690904344781302, 2, 8.743988247999368, 68, 143525, 143525, 0.05351116508245468, -1.0973385572433472
924, -0.07341488788370043, 2, 4.171190574998036, 30, 143555, 143555, 0.057056035846471786, -1.0775238275527954
925, -1.047718154382892, 2, 4.15405924100196, 30, 143585, 143585, 0.06128189340233803, -1.0889172554016113
926, 12.490482007386163, 4, 40.07943681300094, 326, 143911, 143911, 0.053326912224292755, -1.0938650369644165
927, -0.21849019965156913, 2, 4.158611717997701, 30, 143941, 143941, 0.055406972765922546, -0.9978082180023193
928, 0.2702255556359887, 2, 5.7452931010011525, 43, 143984, 143984, 0.047131285071372986, -1.0957446098327637
929, 3.200081282062456, 2, 8.250246838997555, 64, 144048, 144048, 0.050415683537721634, -1.114241361618042
930, 6.255401896312833, 2, 14.966252841000824, 119, 144167, 144167, 0.05256626382470131, -1.0759294033050537
931, 1.1178126750746742, 2, 5.367340550001245, 40, 144207, 144207, 0.05197707936167717, -1.075116753578186
932, -0.9690364212729037, 2, 4.876711096996587, 36, 144243, 144243, 0.05025869607925415, -1.1282553672790527
933, 6.2652814702596515, 4, 40.115796696998586, 325, 144568, 144568, 0.05401456356048584, -1.0826151371002197
934, 1.3923427810659632, 4, 40.05071341900111, 327, 144895, 144895, 0.05519548058509827, -1.0822968482971191
935, -1.5266438734252006, 2, 4.153598441000213, 30, 144925, 144925, 0.05525722727179527, -1.0431565046310425
936, -1.6949913739226758, 2, 4.153684010001598, 30, 144955, 144955, 0.05477418005466461, -1.0907574892044067
937, -1.00394491199404, 2, 4.148963493000338, 30, 144985, 144985, 0.054731979966163635, -1.089377999305725
938, -0.9858865367714316, 2, 4.141781989001174, 30, 145015, 145015, 0.05737393721938133, -1.0557317733764648
939, 10.355316951405257, 2, 18.815199553999264, 151, 145166, 145166, 0.053222063928842545, -1.0799756050109863
940, 14.172404915443622, 4, 40.1033241360019, 327, 145493, 145493, 0.05314481630921364, -1.0870598554611206
941, 7.181258978205733, 2, 14.365531044000818, 114, 145607, 145607, 0.05700816586613655, -1.063059687614441
942, -0.19866092479787767, 2, 4.737668992002, 35, 145642, 145642, 0.05153266713023186, -1.0355610847473145
943, -0.6408610645448789, 2, 5.627299004998349, 42, 145684, 145684, 0.062223803251981735, -1.0746978521347046
944, 13.437365643098019, 2, 34.50357567100218, 279, 145963, 145963, 0.0544428676366806, -1.077552318572998
945, 0.42274488252587616, 2, 5.809552984999755, 43, 146006, 146006, 0.05496739223599434, -1.0612566471099854
946, -1.6918104205979034, 2, 4.140739747002954, 30, 146036, 146036, 0.04948091134428978, -1.0418288707733154
947, 14.34344222850632, 4, 40.06890671600195, 326, 146362, 146362, 0.05399632081389427, -1.0686572790145874
948, 4.238431295147166, 2, 10.535581577998528, 82, 146444, 146444, 0.05098843574523926, -1.0646215677261353
949, 4.47728726407513, 2, 10.695579481001914, 84, 146528, 146528, 0.05292815342545509, -1.0958092212677002
950, 7.794432523893192, 2, 20.027635184000246, 161, 146689, 146689, 0.05352186784148216, -1.1114908456802368
951, 6.49808267573826, 2, 37.701460557000246, 307, 146996, 146996, 0.05224299803376198, -1.0672733783721924
952, 10.726569390157238, 4, 40.09670828600065, 326, 147322, 147322, 0.052840664982795715, -1.06520676612854
953, 3.542997517855838, 2, 9.017748918002326, 70, 147392, 147392, 0.05307457968592644, -1.0575536489486694
954, 15.982818527845666, 2, 36.17303797099885, 294, 147686, 147686, 0.051973339170217514, -1.0646198987960815
955, -1.0004000646295026, 2, 4.156127141999605, 30, 147716, 147716, 0.05203669145703316, -1.059314489364624
956, -1.1231352066388354, 2, 4.12877960699916, 30, 147746, 147746, 0.05667966231703758, -1.0372954607009888
957, 7.361257907003164, 2, 24.118725464999443, 195, 147941, 147941, 0.0512613020837307, -1.0818876028060913
958, 11.195864685578272, 2, 23.498267388000386, 189, 148130, 148130, 0.050518956035375595, -1.083418369293213
959, 10.557224630843848, 4, 40.15181830700021, 326, 148456, 148456, 0.052913207560777664, -1.0715514421463013
960, -1.2867421645205468, 2, 4.773049469000398, 35, 148491, 148491, 0.049127157777547836, -1.0141332149505615
961, 2.3279291746439412, 2, 8.765170334001596, 68, 148559, 148559, 0.05161145329475403, -1.0974119901657104
962, -0.8317756741307676, 2, 4.1226536559988745, 30, 148589, 148589, 0.05049107223749161, -1.1017780303955078
963, 13.867685315664858, 4, 40.183769469000254, 327, 148916, 148916, 0.052525296807289124, -1.0580090284347534
964, -0.374556640163064, 2, 6.002433605000988, 45, 148961, 148961, 0.05207035690546036, -1.057997703552246
965, 9.41855552594643, 2, 22.67273569900135, 183, 149144, 149144, 0.050956252962350845, -1.0623501539230347
966, 10.944727774942294, 4, 40.1601568110018, 325, 149469, 149469, 0.05145695433020592, -1.0375779867172241
967, 8.004702622187324, 2, 16.71387560400035, 133, 149602, 149602, 0.054640185087919235, -1.051949381828308
968, -1.1555639012949541, 4, 40.0908989319978, 327, 149929, 149929, 0.05142882838845253, -1.058125376701355
969, -1.9748621210455894, 2, 4.1571051589999115, 30, 149959, 149959, 0.05197266489267349, -1.1018394231796265
970, -2.1065675858408213, 2, 4.168325973998435, 30, 149989, 149989, 0.057851385325193405, -1.025715947151184
971, 9.011323748156428, 2, 33.53599817400027, 271, 150260, 150260, 0.05495545268058777, -1.0469372272491455
972, -0.9520686420146376, 2, 5.868766476000019, 44, 150304, 150304, 0.051508985459804535, -1.0402412414550781
973, 4.464293135330081, 2, 11.284636324999155, 88, 150392, 150392, 0.05397319421172142, -1.0665156841278076
974, -0.9826270048506558, 2, 4.143337777000852, 30, 150422, 150422, 0.05680469051003456, -1.0357311964035034
975, -0.8973594983108342, 2, 4.191335031999188, 30, 150452, 150452, 0.049865853041410446, -1.124493956565857
976, 4.7202319065108895, 4, 40.06327571399743, 327, 150779, 150779, 0.05287039279937744, -1.0605578422546387
977, 3.247384778340347, 4, 40.135642307002854, 326, 151105, 151105, 0.051297906786203384, -1.069520115852356
978, -0.96057487744838, 2, 4.267385578001267, 31, 151136, 151136, 0.05736001953482628, -0.9710699319839478
979, 2.1135929762385786, 2, 7.520369701000163, 58, 151194, 151194, 0.05558950453996658, -1.0649358034133911
980, 13.834185072104447, 2, 25.18570671999987, 203, 151397, 151397, 0.05176926031708717, -1.0708198547363281
981, 4.514061952708289, 2, 12.768891603998782, 101, 151498, 151498, 0.051132842898368835, -1.0313752889633179
982, 8.162338215392083, 4, 40.149796964000416, 326, 151824, 151824, 0.05344313010573387, -1.0511356592178345
983, 1.1934611541219056, 2, 9.715899009002896, 76, 151900, 151900, 0.05368523672223091, -1.0519534349441528
984, 1.6856219149194658, 2, 12.364349583996955, 97, 151997, 151997, 0.05243603140115738, -1.0287137031555176
985, 8.925019904738292, 4, 40.15305952400013, 326, 152323, 152323, 0.053587738424539566, -1.0616801977157593
986, 5.681710966862738, 2, 13.738876472998527, 109, 152432, 152432, 0.04969247803092003, -1.0583254098892212
987, -1.3102747674565762, 2, 4.218189502000314, 30, 152462, 152462, 0.05752987414598465, -1.0636547803878784
988, 6.155234138830565, 4, 40.1709149620001, 328, 152790, 152790, 0.052208010107278824, -1.0504945516586304
989, 18.154763191007078, 4, 40.180014460001985, 326, 153116, 153116, 0.053666722029447556, -1.045306921005249
990, 9.029604468028992, 2, 31.771910456001933, 257, 153373, 153373, 0.05487016960978508, -1.043174147605896
991, 2.1797819593921304, 2, 7.94925301100011, 61, 153434, 153434, 0.05932604521512985, -1.0505859851837158
992, 3.3377171522006392, 2, 8.541517099001794, 66, 153500, 153500, 0.05749685689806938, -1.055014729499817
993, 0.16538928588852286, 2, 5.213412201999745, 39, 153539, 153539, 0.052802953869104385, -1.0480140447616577
994, 14.6828845187556, 4, 40.09130057500079, 326, 153865, 153865, 0.05297912284731865, -1.0559337139129639
995, -0.0436180776450783, 2, 5.083665392001421, 38, 153903, 153903, 0.052386295050382614, -1.0552315711975098
996, 0.08073695399798453, 2, 4.422434251999221, 32, 153935, 153935, 0.05501429736614227, -1.0588505268096924
997, 10.056361014954746, 2, 38.71119246200033, 314, 154249, 154249, 0.05505126342177391, -1.041259765625
998, 3.5702975057065487, 2, 11.481127540999296, 90, 154339, 154339, 0.04994022473692894, -1.021485686302185
999, 9.971169533208013, 2, 37.044938999002625, 301, 154640, 154640, 0.05218104273080826, -1.0419416427612305
1000, -2.700163447763771, 2, 35.01174285899833, 285, 154925, 154925, 0.05315930396318436, -1.0109912157058716
1001, 11.581643123878166, 4, 40.065232704000664, 326, 155251, 155251, 0.050242289900779724, -1.0401983261108398
1002, -0.35913207032717764, 2, 4.9250873389974, 36, 155287, 155287, 0.05646152049303055, -1.026974081993103
1003, 12.0070613801945, 2, 28.503192593998392, 231, 155518, 155518, 0.05318482965230942, -1.0583590269088745
1004, -1.8654882586561143, 2, 4.176090165001369, 30, 155548, 155548, 0.05047168582677841, -1.0032685995101929
1005, -1.0683556832373142, 2, 4.147654124000837, 30, 155578, 155578, 0.05147414654493332, -1.0538674592971802
1006, 3.9127802653238177, 2, 10.088871068001026, 79, 155657, 155657, 0.058907896280288696, -1.0508344173431396
1007, 12.066813415265642, 4, 40.12197499699687, 326, 155983, 155983, 0.05149589851498604, -1.0430896282196045
1008, 7.996033193310723, 2, 32.350787454000965, 262, 156245, 156245, 0.05528543144464493, -1.0449960231781006
1009, 5.7238349938998, 4, 40.126364749998174, 326, 156571, 156571, 0.054022666066884995, -1.0332965850830078
1010, -0.22084855171851814, 2, 7.217641056999128, 55, 156626, 156626, 0.054448921233415604, -1.0349284410476685
1011, 19.83312891458627, 4, 40.11641375199906, 326, 156952, 156952, 0.05326048284769058, -1.0294705629348755
1012, 9.574283967376687, 4, 40.440334354996594, 328, 157280, 157280, 0.05440008267760277, -1.0229922533035278
1013, 6.356264642206952, 2, 16.376484418000473, 130, 157410, 157410, 0.053388968110084534, -1.0403196811676025
1014, 5.3880166807211936, 2, 13.203697573000682, 104, 157514, 157514, 0.052083954215049744, -1.030982494354248
1015, 4.57414784329012, 2, 11.93668412399711, 94, 157608, 157608, 0.05466020479798317, -1.0161248445510864
1016, 7.593023160472512, 2, 14.832345990002068, 118, 157726, 157726, 0.0538075715303421, -1.0407538414001465
1017, 5.723339568823576, 2, 12.647408723001718, 100, 157826, 157826, 0.05131075531244278, -1.0367809534072876
1018, 0.5801699943840504, 4, 40.0884277030018, 326, 158152, 158152, 0.05279514193534851, -1.020497441291809
1019, 8.823655029060319, 4, 40.12164921499789, 325, 158477, 158477, 0.05293097719550133, -1.034414529800415
1020, 10.217860180768184, 2, 28.297060027001862, 228, 158705, 158705, 0.05250930041074753, -1.0185867547988892
1021, 4.148111796472222, 2, 10.319017466001242, 80, 158785, 158785, 0.053765229880809784, -1.0358368158340454
1022, 8.4644123876933, 2, 24.989336786999047, 201, 158986, 158986, 0.054352372884750366, -1.0024961233139038
1023, 6.571878603193909, 4, 40.11159921599756, 326, 159312, 159312, 0.0551576130092144, -1.0221359729766846
1024, 19.21990349458065, 4, 40.08572062299936, 325, 159637, 159637, 0.05343079939484596, -1.020064115524292
1025, -0.21891030296683311, 2, 6.229809893000493, 47, 159684, 159684, 0.05602937564253807, -1.0075154304504395
1026, -1.5422996880952269, 2, 6.579798694998317, 50, 159734, 159734, 0.05299251154065132, -1.0048538446426392
1027, 11.058877378003672, 4, 40.08290464399761, 326, 160060, 160060, 0.05350818485021591, -1.015612244606018
1028, 9.95200677565299, 2, 22.343817302997195, 180, 160240, 160240, 0.056149519979953766, -1.009595513343811
1029, 1.1029500793665648, 2, 8.051787313001114, 62, 160302, 160302, 0.05740417167544365, -1.0285193920135498
1030, 7.6961144134402275, 2, 16.587711494998075, 132, 160434, 160434, 0.053736984729766846, -1.019449234008789
1031, 3.053746488876641, 2, 8.056455680001818, 62, 160496, 160496, 0.050987306982278824, -0.9936043620109558
1032, -0.776439125649631, 2, 4.1190244419995, 30, 160526, 160526, 0.0486910343170166, -1.0485740900039673
1033, 2.445374459726736, 2, 10.833566479999718, 85, 160611, 160611, 0.05224059522151947, -1.0110303163528442
1034, 3.6502452006097883, 2, 13.390019295999082, 106, 160717, 160717, 0.05750651657581329, -0.9885212779045105
1035, 12.668815249111503, 4, 40.0709486880005, 325, 161042, 161042, 0.056629158556461334, -1.0094712972640991
1036, 10.01788682769984, 2, 20.39142695999908, 163, 161205, 161205, 0.055719487369060516, -1.0009087324142456
1037, 14.85415674583055, 2, 29.768581841002742, 240, 161445, 161445, 0.05429762974381447, -1.0129204988479614
1038, 14.494249698938802, 4, 40.068888822999725, 325, 161770, 161770, 0.054426275193691254, -1.0077011585235596
1039, 7.095320142921992, 2, 22.769787814002484, 183, 161953, 161953, 0.05637615546584129, -1.0356475114822388
1040, 1.0891033025691286, 2, 6.622921021997172, 50, 162003, 162003, 0.04760869964957237, -1.0011954307556152
1041, 12.558292549336329, 2, 24.446543039997778, 196, 162199, 162199, 0.056393418461084366, -1.0095964670181274
1042, 18.63623098260723, 2, 37.44961141800013, 301, 162500, 162500, 0.05352536588907242, -1.007616639137268
1043, 8.606346614076756, 4, 40.144965319999756, 324, 162824, 162824, 0.051774762570858, -1.0208958387374878
1044, 9.973540636710823, 2, 19.530448512003204, 155, 162979, 162979, 0.0529208779335022, -1.0143176317214966
1045, 4.574750582454726, 2, 13.739256249999016, 108, 163087, 163087, 0.04861751198768616, -1.0250412225723267
1046, 4.798783875536174, 2, 12.323644390999107, 97, 163184, 163184, 0.05336514860391617, -0.9878301024436951
1047, -1.048391538206488, 2, 4.18386235500293, 30, 163214, 163214, 0.049427904188632965, -0.9930488467216492
1048, 7.6415625140070915, 2, 15.107348702000309, 120, 163334, 163334, 0.05941038578748703, -1.0400135517120361
1049, 13.232793673640117, 4, 40.14047554699937, 323, 163657, 163657, 0.05332281440496445, -1.0029112100601196
1050, 15.410522903548554, 2, 33.002825894000125, 266, 163923, 163923, 0.05421096086502075, -1.008479118347168
1051, 4.16673038341105, 2, 10.70264366399715, 83, 164006, 164006, 0.05997861176729202, -0.9971804618835449
1052, 6.543728965334594, 2, 14.908422915999836, 118, 164124, 164124, 0.051485203206539154, -0.9568905234336853
1053, 4.898469328414649, 2, 11.77113246099907, 92, 164216, 164216, 0.0618990883231163, -0.9820550680160522
1054, -0.7989085530862212, 2, 4.16986633599663, 30, 164246, 164246, 0.04951121658086777, -1.0120457410812378
1055, -1.385666747810319, 2, 4.638940728000307, 34, 164280, 164280, 0.040400490164756775, -1.051658272743225
1056, 7.128482781816274, 2, 22.47028508799849, 181, 164461, 164461, 0.053853150457143784, -0.971220850944519
1057, 4.9071343063842505, 2, 24.54432235099739, 197, 164658, 164658, 0.05279847979545593, -1.0064868927001953
1058, 0.11590571282431483, 2, 8.048194634000538, 62, 164720, 164720, 0.04908774420619011, -1.0030568838119507
1059, 5.877394249662757, 2, 40.18483812899649, 325, 165045, 165045, 0.053766656666994095, -0.9970069527626038
1060, 10.577082165749744, 4, 40.13534925500062, 325, 165370, 165370, 0.05538323149085045, -0.9849289059638977
1061, -0.30709505919367075, 2, 5.014807429000939, 37, 165407, 165407, 0.05246864631772041, -0.9838868975639343
1062, 1.637972382362932, 2, 7.494909508001001, 57, 165464, 165464, 0.06595355272293091, -0.9961031675338745
1063, 5.242528218659572, 2, 11.655181810998329, 91, 165555, 165555, 0.04833319038152695, -0.9841352105140686
1064, 7.415965354884975, 2, 27.04825229400012, 218, 165773, 165773, 0.051978226751089096, -1.0074398517608643
1065, 0.7504501943476498, 2, 6.357264243000827, 48, 165821, 165821, 0.05539926514029503, -1.006701111793518
1066, -1.7625402242410928, 2, 4.169507851998787, 30, 165851, 165851, 0.05486072227358818, -0.9428951740264893
1067, 3.4627752150408924, 4, 40.138878911002394, 325, 166176, 166176, 0.0520198829472065, -1.0068354606628418
1068, -0.4209459605626762, 2, 4.92764936399908, 36, 166212, 166212, 0.05106581747531891, -1.0421605110168457
1069, 0.16733562713488936, 2, 6.470759299998463, 49, 166261, 166261, 0.05255934223532677, -0.9843820333480835
1070, -1.1099732462316751, 2, 4.992876010001055, 37, 166298, 166298, 0.049692802131175995, -1.003775954246521
1071, 3.6357334945350885, 2, 9.612523242001771, 75, 166373, 166373, 0.052667003124952316, -0.9998190402984619
1072, 6.413777123205364, 2, 23.528566185003, 189, 166562, 166562, 0.054292213171720505, -0.9957435131072998
1073, -0.6832406371831894, 2, 4.29926944899853, 31, 166593, 166593, 0.06103959679603577, -1.0249379873275757
1074, -0.9164859170559794, 2, 4.151054196998302, 30, 166623, 166623, 0.04693746566772461, -1.028499960899353
1075, -1.7491271905601025, 2, 4.15187070599859, 30, 166653, 166653, 0.0583576038479805, -0.9578812718391418
1076, 15.705181387718767, 4, 40.11976692099779, 324, 166977, 166977, 0.05463708937168121, -0.98048996925354
1077, 2.0393529990687966, 2, 6.784287329999643, 51, 167028, 167028, 0.05428940802812576, -0.9335112571716309
1078, 4.510642217937857, 2, 11.35204226699716, 88, 167116, 167116, 0.05219697952270508, -0.9713960886001587
1079, 11.794250219129026, 2, 27.857509864999884, 223, 167339, 167339, 0.052148450165987015, -0.9981582760810852
1080, 5.345757002942264, 2, 13.337698895000358, 105, 167444, 167444, 0.05069961026310921, -0.9706019163131714
1081, 4.7518972787074745, 4, 40.148851458001445, 325, 167769, 167769, 0.05257188528776169, -0.9834809899330139
1082, 2.080148646607995, 2, 6.685308264000923, 50, 167819, 167819, 0.059520646929740906, -0.9826375842094421
1083, -1.5207284758798778, 4, 40.18505503900087, 323, 168142, 168142, 0.05325666815042496, -0.9943145513534546
1084, 2.7344747609458864, 4, 40.14658743600012, 326, 168468, 168468, 0.055714625865221024, -0.9514882564544678
1085, -0.4168500564992428, 2, 4.784198399000161, 35, 168503, 168503, 0.054512571543455124, -1.0154105424880981
1086, -0.2781516006216407, 2, 6.127457597998728, 46, 168549, 168549, 0.05299169197678566, -1.0742512941360474
1087, -1.983364779036492, 2, 4.173221461998764, 30, 168579, 168579, 0.0540010929107666, -0.9551273584365845
1088, 4.56974884797819, 2, 35.74043466600051, 289, 168868, 168868, 0.05603473633527756, -0.9967551827430725
1089, 6.515745692886412, 2, 13.459904579998692, 106, 168974, 168974, 0.05235536769032478, -0.9829663634300232
1090, 8.84981146780774, 2, 17.76529257400034, 139, 169113, 169113, 0.05318860709667206, -0.9742913842201233
1091, 7.601054577389732, 2, 16.48841521599752, 130, 169243, 169243, 0.055712975561618805, -0.9690423607826233
1092, 7.0332905293034855, 2, 22.098297111002466, 176, 169419, 169419, 0.05033159255981445, -0.9828224182128906
1093, -0.31242121383547783, 2, 4.89696308099883, 36, 169455, 169455, 0.05232249200344086, -0.9864929914474487
1094, 9.29910846950952, 4, 40.13644999099779, 324, 169779, 169779, 0.05344917252659798, -0.9739759564399719
1095, 6.441209490876645, 2, 14.528278044999752, 115, 169894, 169894, 0.049939025193452835, -0.9898418188095093
1096, -0.8214036396238953, 2, 4.167226786001265, 30, 169924, 169924, 0.04772679880261421, -0.9807318449020386
1097, 3.948547718580812, 2, 10.265052728998853, 80, 170004, 170004, 0.04874825105071068, -0.9989198446273804
1098, 1.228079425636679, 2, 7.236972747999971, 55, 170059, 170059, 0.05850818008184433, -1.0544711351394653
1099, 12.546641751891002, 2, 30.162702870999055, 244, 170303, 170303, 0.05297354236245155, -0.9877714514732361
1100, -1.8782755362335593, 4, 40.104344398998364, 325, 170628, 170628, 0.05729123577475548, -1.002150297164917
1101, 2.8379865759052336, 4, 40.148947403999045, 326, 170954, 170954, 0.053622253239154816, -0.9818136692047119
1102, -0.9825890384381637, 2, 5.253462882999884, 38, 170992, 170992, 0.0639662966132164, -0.9787072539329529
1103, 11.912843322963454, 4, 40.088157007998234, 324, 171316, 171316, 0.05527128279209137, -1.0069655179977417
1104, 10.994493095204234, 4, 40.113495458001125, 325, 171641, 171641, 0.05125841125845909, -0.9689016342163086
1105, 9.41488538205158, 4, 40.1366200880002, 325, 171966, 171966, 0.05515053868293762, -0.9597522616386414
1106, 3.5120003641350195, 2, 12.680480929000623, 100, 172066, 172066, 0.04746218025684357, -0.9365520477294922
1107, 2.2341345632448792, 2, 7.1110655429984035, 54, 172120, 172120, 0.05640685185790062, -1.0117707252502441
1108, -0.36513432674109936, 2, 4.784853593999287, 35, 172155, 172155, 0.051628269255161285, -0.9445369243621826
1109, 4.058392723789439, 2, 10.756478818999312, 84, 172239, 172239, 0.04847446456551552, -0.9468563795089722
1110, 7.061830488964915, 2, 15.201942752002651, 121, 172360, 172360, 0.055446233600378036, -0.9950333833694458
1111, 7.8351977955317125, 2, 21.375530555000296, 171, 172531, 172531, 0.05814852938055992, -0.9735981225967407
1112, 5.690696979407221, 2, 40.1602631090027, 324, 172855, 172855, 0.05817970260977745, -0.9542670249938965
1113, 12.543065655976534, 2, 30.34480907500256, 245, 173100, 173100, 0.05618668720126152, -0.9908088445663452
1114, -1.1951359282247722, 2, 26.8790550800004, 216, 173316, 173316, 0.05436636880040169, -0.9778926372528076
1115, -0.13903492409735918, 2, 6.111426661998848, 46, 173362, 173362, 0.05572573468089104, -0.9208931922912598
1116, 4.522765496047214, 2, 13.651900016000582, 108, 173470, 173470, 0.05052442103624344, -0.9761264324188232
1117, 15.928999966359697, 4, 40.12241470899971, 325, 173795, 173795, 0.05429269000887871, -0.9850727915763855
1118, 12.104619887191802, 2, 22.490335525002592, 180, 173975, 173975, 0.055427875369787216, -0.9647157192230225
1119, -0.48462159000337124, 2, 29.719097609999153, 240, 174215, 174215, 0.053215544670820236, -0.96624755859375
1120, 7.05749527469743, 2, 20.71788321599888, 166, 174381, 174381, 0.056138407438993454, -0.9815789461135864
1121, 14.461363836657256, 2, 23.731752571999095, 190, 174571, 174571, 0.048895902931690216, -0.9680842161178589
1122, 3.9105424678855343, 2, 19.370149050999316, 155, 174726, 174726, 0.05320363864302635, -0.9599968791007996
1123, 13.187208264600486, 2, 33.79588341299677, 273, 174999, 174999, 0.05230491980910301, -0.9534233808517456
1124, 3.7528363338205963, 2, 12.563493532001303, 99, 175098, 175098, 0.05145963653922081, -0.951572060585022
1125, 0.5155755449086428, 2, 5.878800174999924, 44, 175142, 175142, 0.0585610531270504, -0.9192420840263367
1126, 5.117767793592066, 2, 11.658917690001545, 91, 175233, 175233, 0.05991228297352791, -0.9574890732765198
1127, 11.481567971175537, 4, 40.17041658800008, 326, 175559, 175559, 0.05137759447097778, -0.9647948145866394
1128, 10.077810506569222, 2, 24.24827665399789, 194, 175753, 175753, 0.053427163511514664, -0.957481324672699
1129, -1.2406926131807268, 4, 40.177016822999576, 326, 176079, 176079, 0.051112182438373566, -0.9647915959358215
1130, 4.205439972225577, 2, 13.10231693100286, 103, 176182, 176182, 0.05189758539199829, -0.9331836700439453
1131, 17.151974814245477, 4, 40.172562313000526, 324, 176506, 176506, 0.05391474813222885, -0.9486605525016785
1132, 13.47546368453186, 4, 40.17999732000317, 325, 176831, 176831, 0.05241389945149422, -0.940775454044342
1133, 6.987530223093927, 4, 40.16216315999918, 325, 177156, 177156, 0.05757620185613632, -0.9541929960250854
1134, 6.3374331425875425, 2, 13.577428492000763, 107, 177263, 177263, 0.05773839354515076, -0.937334418296814
1135, 6.273892372846603, 2, 28.177157864000037, 227, 177490, 177490, 0.055282000452280045, -0.96733158826828
1136, 7.226342943497002, 2, 17.655446919001406, 139, 177629, 177629, 0.05463610962033272, -0.9487155675888062
1137, -1.3572967574000359, 2, 4.195539555999858, 30, 177659, 177659, 0.044045258313417435, -0.9405446648597717
1138, 9.295992512255907, 4, 40.124921716000244, 323, 177982, 177982, 0.057536687701940536, -0.9373711943626404
1139, 10.330357595579699, 2, 34.1429991699988, 274, 178256, 178256, 0.052915867418050766, -0.9670747518539429
1140, 5.830617755418643, 2, 13.635539939998125, 107, 178363, 178363, 0.05840010941028595, -0.9391553401947021
1141, 0.5125598013401031, 2, 4.167562877999444, 30, 178393, 178393, 0.05422908440232277, -0.9302099943161011
1142, -1.4024979616515338, 2, 4.527128837002238, 33, 178426, 178426, 0.060227517038583755, -0.9818239212036133
1143, 10.820281924214214, 2, 31.605471169998054, 254, 178680, 178680, 0.05450385436415672, -0.95369553565979
1144, 4.212970816763118, 4, 40.13185606499974, 325, 179005, 179005, 0.05688968300819397, -0.952030599117279
1145, 10.800120563129894, 4, 40.17270906300109, 326, 179331, 179331, 0.056906793266534805, -0.9471005201339722
1146, 12.546999479876831, 2, 36.74774080000134, 297, 179628, 179628, 0.056221529841423035, -0.9518793225288391
1147, -0.4147199022118002, 2, 4.222953466000035, 30, 179658, 179658, 0.052896659821271896, -0.9869003891944885
1148, 4.992692077765241, 2, 10.33504469699983, 80, 179738, 179738, 0.05341143161058426, -0.9361299276351929
1149, 5.938712738221511, 2, 16.636966068999754, 132, 179870, 179870, 0.05399937182664871, -0.9261717796325684
1150, 11.006312080193311, 2, 36.4978859010007, 292, 180162, 180162, 0.05482341721653938, -0.9557849168777466
1151, 11.764502687263303, 2, 25.059700746998715, 199, 180361, 180361, 0.05601025000214577, -0.9496608972549438
1152, 8.535921903327107, 2, 30.28148225699988, 242, 180603, 180603, 0.05591580271720886, -0.9332589507102966
1153, -0.02965142671018839, 2, 4.425687850998656, 32, 180635, 180635, 0.05577750504016876, -0.927070677280426
1154, 10.951905732508749, 4, 40.079642722001154, 323, 180958, 180958, 0.05370795726776123, -0.9492106437683105
1155, 12.783044993993826, 2, 30.10970971899951, 241, 181199, 181199, 0.05385202169418335, -0.9446775913238525
1156, 8.247749988222495, 2, 22.202148147000116, 176, 181375, 181375, 0.05274758115410805, -0.9499214291572571
1157, 2.653090209700167, 2, 7.643811137997545, 58, 181433, 181433, 0.04999972879886627, -0.8843292593955994
1158, 8.713234707480296, 4, 40.10916842200095, 322, 181755, 181755, 0.054589077830314636, -0.9481226801872253
1159, 7.714383376762271, 2, 24.335650363998866, 194, 181949, 181949, 0.0547139048576355, -0.9397944808006287
1160, -0.03130740625783801, 2, 6.280467212000076, 47, 181996, 181996, 0.06681346148252487, -0.9469171166419983
1161, 0.057840343564748764, 2, 4.225420573999145, 30, 182026, 182026, 0.06843270361423492, -0.9243571162223816
1162, 11.635284014628269, 2, 36.975692132000404, 297, 182323, 182323, 0.06330879777669907, -0.9278263449668884
1163, 9.647906685713679, 4, 40.15785160000087, 319, 182642, 182642, 0.056640345603227615, -0.9148970246315002
1164, 15.543201321270317, 2, 37.92438465699888, 304, 182946, 182946, 0.05459045618772507, -0.9364601969718933
1165, 8.506166642298922, 2, 17.255616997998004, 137, 183083, 183083, 0.056265778839588165, -0.9448102116584778
1166, 2.4628222978208214, 2, 8.627523858998757, 66, 183149, 183149, 0.05292190983891487, -0.9438163042068481
1167, 13.002642419422045, 4, 40.19514257799892, 322, 183471, 183471, 0.056011348962783813, -0.9589911699295044
1168, 10.352189099416137, 2, 17.536808763001318, 138, 183609, 183609, 0.05999983847141266, -0.9332073330879211
1169, -0.182920424034819, 2, 4.213073417999112, 30, 183639, 183639, 0.05761997401714325, -0.9324784874916077
1170, 2.567813853966072, 4, 40.14681705299881, 321, 183960, 183960, 0.05495013669133186, -0.9411572813987732
1171, 4.942597697954625, 4, 40.088314553999226, 321, 184281, 184281, 0.05399838835000992, -0.9347166419029236
1172, 9.731876851175912, 2, 19.06054939599926, 149, 184430, 184430, 0.05498989671468735, -0.9028797745704651
1173, 13.352869720081799, 4, 40.18430272600017, 320, 184750, 184750, 0.0550527349114418, -0.9228525161743164
1174, 4.08864777139388, 4, 40.16921610999998, 324, 185074, 185074, 0.05343467742204666, -0.9240149855613708
1175, 9.077579505508766, 4, 40.20880800699888, 323, 185397, 185397, 0.05652519688010216, -0.918616771697998
1176, 15.32002648874186, 4, 40.105856468999264, 323, 185720, 185720, 0.053899120539426804, -0.9424181580543518
1177, 9.150522499239742, 2, 22.81986797799982, 182, 185902, 185902, 0.05362720787525177, -0.9314431548118591
1178, 17.828781978576444, 4, 40.15365048899912, 322, 186224, 186224, 0.0497564934194088, -0.9056856036186218
1179, 8.471993539482355, 2, 18.35414987799959, 146, 186370, 186370, 0.05689842998981476, -0.9509316086769104
1180, 8.083112293854356, 2, 23.57849644700036, 189, 186559, 186559, 0.053874045610427856, -0.9122186899185181
1181, 2.0777615108527243, 2, 7.5032078309995995, 57, 186616, 186616, 0.04731656238436699, -0.9336671233177185
1182, 14.164669447694905, 4, 40.11074136499883, 319, 186935, 186935, 0.054972097277641296, -0.9018365144729614
1183, 17.42485635157209, 4, 40.13441257899831, 324, 187259, 187259, 0.055027756839990616, -0.931647777557373
1184, 9.749707411509007, 2, 21.632116822998796, 171, 187430, 187430, 0.05500161647796631, -0.9315011501312256
1185, 4.281333575025201, 2, 13.31578813500164, 104, 187534, 187534, 0.049369607120752335, -0.9001642465591431
1186, 8.143033285741694, 4, 40.196931476002646, 323, 187857, 187857, 0.05367052182555199, -0.9244030714035034
1187, -1.7703738522250205, 2, 4.1488280030025635, 30, 187887, 187887, 0.06050949916243553, -0.8727786540985107
1188, 6.568894094205461, 2, 15.851308037999843, 126, 188013, 188013, 0.05585867166519165, -0.9631181955337524
1189, 14.507838547928259, 4, 40.178160817999014, 324, 188337, 188337, 0.05751430243253708, -0.9218899607658386
1190, 10.901646970887668, 4, 40.07565772400267, 320, 188657, 188657, 0.05491200089454651, -0.901741623878479
1191, -0.18304801173508167, 2, 4.754348489001131, 34, 188691, 188691, 0.055006250739097595, -0.9056940078735352
1192, -0.7072399945463985, 2, 4.43930355500197, 32, 188723, 188723, 0.0475807823240757, -0.9162427186965942
