[0.107s] DEBUG:colcon:Command line arguments: ['/usr/bin/colcon', 'build']
[0.107s] DEBUG:colcon:Parsed command line arguments: Namespace(log_base=None, log_level=None, verb_name='build', build_base='build', install_base='install', merge_install=False, symlink_install=False, test_result_base=None, continue_on_error=False, executor='parallel', parallel_workers=20, event_handlers=None, ignore_user_meta=False, metas=['./colcon.meta'], base_paths=['.'], packages_ignore=None, packages_ignore_regex=None, paths=None, packages_up_to=None, packages_up_to_regex=None, packages_above=None, packages_above_and_dependencies=None, packages_above_depth=None, packages_select_by_dep=None, packages_skip_by_dep=None, packages_skip_up_to=None, packages_select_build_failed=False, packages_skip_build_finished=False, packages_select_test_failures=False, packages_skip_test_passed=False, packages_select=None, packages_skip=None, packages_select_regex=None, packages_skip_regex=None, packages_start=None, packages_end=None, cmake_args=None, cmake_target=None, cmake_target_skip_unavailable=False, cmake_clean_cache=False, cmake_clean_first=False, cmake_force_configure=False, ament_cmake_args=None, catkin_cmake_args=None, catkin_skip_building_tests=False, mixin_files=None, mixin=None, verb_parser=<colcon_mixin.mixin.mixin_argument.MixinArgumentDecorator object at 0x776db50a1730>, verb_extension=<colcon_core.verb.build.BuildVerb object at 0x776db50a1490>, main=<bound method BuildVerb.main of <colcon_core.verb.build.BuildVerb object at 0x776db50a1490>>, mixin_verb=('build',))
[0.145s] Level 1:colcon.colcon_core.package_discovery:discover_packages(colcon_meta) check parameters
[0.145s] INFO:colcon.colcon_metadata.package_discovery.colcon_meta:Using configuration from '/root/.colcon/metadata/default/Gazebo.meta'
[0.146s] INFO:colcon.colcon_metadata.package_discovery.colcon_meta:Using configuration from '/root/.colcon/metadata/default/fastdds.meta'
[0.146s] INFO:colcon.colcon_metadata.package_discovery.colcon_meta:Using configuration from '/root/.colcon/metadata/default/fastrtps.meta'
[0.146s] Level 1:colcon.colcon_core.package_discovery:discover_packages(recursive) check parameters
[0.146s] Level 1:colcon.colcon_core.package_discovery:discover_packages(ignore) check parameters
[0.146s] Level 1:colcon.colcon_core.package_discovery:discover_packages(path) check parameters
[0.146s] Level 1:colcon.colcon_core.package_discovery:discover_packages(colcon_meta) discover
[0.146s] Level 1:colcon.colcon_core.package_discovery:discover_packages(recursive) discover
[0.146s] INFO:colcon.colcon_core.package_discovery:Crawling recursively for packages in '/home/javierac/create3_ws'
[0.146s] Level 1:colcon.colcon_core.package_identification:_identify(.) by extensions ['ignore', 'ignore_ament_install']
[0.147s] Level 1:colcon.colcon_core.package_identification:_identify(.) by extension 'ignore'
[0.147s] Level 1:colcon.colcon_core.package_identification:_identify(.) by extension 'ignore_ament_install'
[0.147s] Level 1:colcon.colcon_core.package_identification:_identify(.) by extensions ['colcon_pkg']
[0.147s] Level 1:colcon.colcon_core.package_identification:_identify(.) by extension 'colcon_pkg'
[0.147s] Level 1:colcon.colcon_core.package_identification:_identify(.) by extensions ['colcon_meta']
[0.147s] Level 1:colcon.colcon_core.package_identification:_identify(.) by extension 'colcon_meta'
[0.147s] Level 1:colcon.colcon_core.package_identification:_identify(.) by extensions ['ros']
[0.147s] Level 1:colcon.colcon_core.package_identification:_identify(.) by extension 'ros'
[0.173s] Level 1:colcon.colcon_core.package_identification:_identify(.) by extensions ['cmake', 'python']
[0.173s] Level 1:colcon.colcon_core.package_identification:_identify(.) by extension 'cmake'
[0.173s] Level 1:colcon.colcon_core.package_identification:_identify(.) by extension 'python'
[0.173s] Level 1:colcon.colcon_core.package_identification:_identify(.) by extensions ['python_setup_py']
[0.173s] Level 1:colcon.colcon_core.package_identification:_identify(.) by extension 'python_setup_py'
[0.173s] Level 1:colcon.colcon_core.package_identification:_identify(build) by extensions ['ignore', 'ignore_ament_install']
[0.173s] Level 1:colcon.colcon_core.package_identification:_identify(build) by extension 'ignore'
[0.173s] Level 1:colcon.colcon_core.package_identification:_identify(build) ignored
[0.173s] Level 1:colcon.colcon_core.package_identification:_identify(install) by extensions ['ignore', 'ignore_ament_install']
[0.173s] Level 1:colcon.colcon_core.package_identification:_identify(install) by extension 'ignore'
[0.174s] Level 1:colcon.colcon_core.package_identification:_identify(install) ignored
[0.174s] Level 1:colcon.colcon_core.package_identification:_identify(log) by extensions ['ignore', 'ignore_ament_install']
[0.174s] Level 1:colcon.colcon_core.package_identification:_identify(log) by extension 'ignore'
[0.174s] Level 1:colcon.colcon_core.package_identification:_identify(log) ignored
[0.174s] Level 1:colcon.colcon_core.package_identification:_identify(src) by extensions ['ignore', 'ignore_ament_install']
[0.174s] Level 1:colcon.colcon_core.package_identification:_identify(src) by extension 'ignore'
[0.174s] Level 1:colcon.colcon_core.package_identification:_identify(src) by extension 'ignore_ament_install'
[0.174s] Level 1:colcon.colcon_core.package_identification:_identify(src) by extensions ['colcon_pkg']
[0.174s] Level 1:colcon.colcon_core.package_identification:_identify(src) by extension 'colcon_pkg'
[0.174s] Level 1:colcon.colcon_core.package_identification:_identify(src) by extensions ['colcon_meta']
[0.174s] Level 1:colcon.colcon_core.package_identification:_identify(src) by extension 'colcon_meta'
[0.174s] Level 1:colcon.colcon_core.package_identification:_identify(src) by extensions ['ros']
[0.174s] Level 1:colcon.colcon_core.package_identification:_identify(src) by extension 'ros'
[0.174s] Level 1:colcon.colcon_core.package_identification:_identify(src) by extensions ['cmake', 'python']
[0.174s] Level 1:colcon.colcon_core.package_identification:_identify(src) by extension 'cmake'
[0.174s] Level 1:colcon.colcon_core.package_identification:_identify(src) by extension 'python'
[0.174s] Level 1:colcon.colcon_core.package_identification:_identify(src) by extensions ['python_setup_py']
[0.174s] Level 1:colcon.colcon_core.package_identification:_identify(src) by extension 'python_setup_py'
[0.174s] Level 1:colcon.colcon_core.package_identification:_identify(src/irobot_create_common) by extensions ['ignore', 'ignore_ament_install']
[0.174s] Level 1:colcon.colcon_core.package_identification:_identify(src/irobot_create_common) by extension 'ignore'
[0.174s] Level 1:colcon.colcon_core.package_identification:_identify(src/irobot_create_common) by extension 'ignore_ament_install'
[0.174s] Level 1:colcon.colcon_core.package_identification:_identify(src/irobot_create_common) by extensions ['colcon_pkg']
[0.175s] Level 1:colcon.colcon_core.package_identification:_identify(src/irobot_create_common) by extension 'colcon_pkg'
[0.175s] Level 1:colcon.colcon_core.package_identification:_identify(src/irobot_create_common) by extensions ['colcon_meta']
[0.175s] Level 1:colcon.colcon_core.package_identification:_identify(src/irobot_create_common) by extension 'colcon_meta'
[0.175s] Level 1:colcon.colcon_core.package_identification:_identify(src/irobot_create_common) by extensions ['ros']
[0.175s] Level 1:colcon.colcon_core.package_identification:_identify(src/irobot_create_common) by extension 'ros'
[0.175s] Level 1:colcon.colcon_core.package_identification:_identify(src/irobot_create_common) by extensions ['cmake', 'python']
[0.175s] Level 1:colcon.colcon_core.package_identification:_identify(src/irobot_create_common) by extension 'cmake'
[0.175s] Level 1:colcon.colcon_core.package_identification:_identify(src/irobot_create_common) by extension 'python'
[0.175s] Level 1:colcon.colcon_core.package_identification:_identify(src/irobot_create_common) by extensions ['python_setup_py']
[0.175s] Level 1:colcon.colcon_core.package_identification:_identify(src/irobot_create_common) by extension 'python_setup_py'
[0.175s] Level 1:colcon.colcon_core.package_identification:_identify(src/irobot_create_common/irobot_create_common_bringup) by extensions ['ignore', 'ignore_ament_install']
[0.175s] Level 1:colcon.colcon_core.package_identification:_identify(src/irobot_create_common/irobot_create_common_bringup) by extension 'ignore'
[0.175s] Level 1:colcon.colcon_core.package_identification:_identify(src/irobot_create_common/irobot_create_common_bringup) by extension 'ignore_ament_install'
[0.175s] Level 1:colcon.colcon_core.package_identification:_identify(src/irobot_create_common/irobot_create_common_bringup) by extensions ['colcon_pkg']
[0.175s] Level 1:colcon.colcon_core.package_identification:_identify(src/irobot_create_common/irobot_create_common_bringup) by extension 'colcon_pkg'
[0.175s] Level 1:colcon.colcon_core.package_identification:_identify(src/irobot_create_common/irobot_create_common_bringup) by extensions ['colcon_meta']
[0.175s] Level 1:colcon.colcon_core.package_identification:_identify(src/irobot_create_common/irobot_create_common_bringup) by extension 'colcon_meta'
[0.175s] Level 1:colcon.colcon_core.package_identification:_identify(src/irobot_create_common/irobot_create_common_bringup) by extensions ['ros']
[0.175s] Level 1:colcon.colcon_core.package_identification:_identify(src/irobot_create_common/irobot_create_common_bringup) by extension 'ros'
[0.178s] DEBUG:colcon.colcon_core.package_identification:Package 'src/irobot_create_common/irobot_create_common_bringup' with type 'ros.ament_cmake' and name 'irobot_create_common_bringup'
[0.178s] Level 1:colcon.colcon_core.package_identification:_identify(src/irobot_create_common/irobot_create_control) by extensions ['ignore', 'ignore_ament_install']
[0.178s] Level 1:colcon.colcon_core.package_identification:_identify(src/irobot_create_common/irobot_create_control) by extension 'ignore'
[0.178s] Level 1:colcon.colcon_core.package_identification:_identify(src/irobot_create_common/irobot_create_control) by extension 'ignore_ament_install'
[0.178s] Level 1:colcon.colcon_core.package_identification:_identify(src/irobot_create_common/irobot_create_control) by extensions ['colcon_pkg']
[0.178s] Level 1:colcon.colcon_core.package_identification:_identify(src/irobot_create_common/irobot_create_control) by extension 'colcon_pkg'
[0.178s] Level 1:colcon.colcon_core.package_identification:_identify(src/irobot_create_common/irobot_create_control) by extensions ['colcon_meta']
[0.178s] Level 1:colcon.colcon_core.package_identification:_identify(src/irobot_create_common/irobot_create_control) by extension 'colcon_meta'
[0.178s] Level 1:colcon.colcon_core.package_identification:_identify(src/irobot_create_common/irobot_create_control) by extensions ['ros']
[0.178s] Level 1:colcon.colcon_core.package_identification:_identify(src/irobot_create_common/irobot_create_control) by extension 'ros'
[0.179s] DEBUG:colcon.colcon_core.package_identification:Package 'src/irobot_create_common/irobot_create_control' with type 'ros.ament_cmake' and name 'irobot_create_control'
[0.179s] Level 1:colcon.colcon_core.package_identification:_identify(src/irobot_create_common/irobot_create_description) by extensions ['ignore', 'ignore_ament_install']
[0.179s] Level 1:colcon.colcon_core.package_identification:_identify(src/irobot_create_common/irobot_create_description) by extension 'ignore'
[0.179s] Level 1:colcon.colcon_core.package_identification:_identify(src/irobot_create_common/irobot_create_description) by extension 'ignore_ament_install'
[0.179s] Level 1:colcon.colcon_core.package_identification:_identify(src/irobot_create_common/irobot_create_description) by extensions ['colcon_pkg']
[0.179s] Level 1:colcon.colcon_core.package_identification:_identify(src/irobot_create_common/irobot_create_description) by extension 'colcon_pkg'
[0.179s] Level 1:colcon.colcon_core.package_identification:_identify(src/irobot_create_common/irobot_create_description) by extensions ['colcon_meta']
[0.179s] Level 1:colcon.colcon_core.package_identification:_identify(src/irobot_create_common/irobot_create_description) by extension 'colcon_meta'
[0.179s] Level 1:colcon.colcon_core.package_identification:_identify(src/irobot_create_common/irobot_create_description) by extensions ['ros']
[0.179s] Level 1:colcon.colcon_core.package_identification:_identify(src/irobot_create_common/irobot_create_description) by extension 'ros'
[0.179s] DEBUG:colcon.colcon_core.package_identification:Package 'src/irobot_create_common/irobot_create_description' with type 'ros.ament_cmake' and name 'irobot_create_description'
[0.180s] Level 1:colcon.colcon_core.package_identification:_identify(src/irobot_create_common/irobot_create_nodes) by extensions ['ignore', 'ignore_ament_install']
[0.180s] Level 1:colcon.colcon_core.package_identification:_identify(src/irobot_create_common/irobot_create_nodes) by extension 'ignore'
[0.180s] Level 1:colcon.colcon_core.package_identification:_identify(src/irobot_create_common/irobot_create_nodes) by extension 'ignore_ament_install'
[0.180s] Level 1:colcon.colcon_core.package_identification:_identify(src/irobot_create_common/irobot_create_nodes) by extensions ['colcon_pkg']
[0.180s] Level 1:colcon.colcon_core.package_identification:_identify(src/irobot_create_common/irobot_create_nodes) by extension 'colcon_pkg'
[0.180s] Level 1:colcon.colcon_core.package_identification:_identify(src/irobot_create_common/irobot_create_nodes) by extensions ['colcon_meta']
[0.180s] Level 1:colcon.colcon_core.package_identification:_identify(src/irobot_create_common/irobot_create_nodes) by extension 'colcon_meta'
[0.180s] Level 1:colcon.colcon_core.package_identification:_identify(src/irobot_create_common/irobot_create_nodes) by extensions ['ros']
[0.180s] Level 1:colcon.colcon_core.package_identification:_identify(src/irobot_create_common/irobot_create_nodes) by extension 'ros'
[0.181s] DEBUG:colcon.colcon_core.package_identification:Package 'src/irobot_create_common/irobot_create_nodes' with type 'ros.ament_cmake' and name 'irobot_create_nodes'
[0.181s] Level 1:colcon.colcon_core.package_identification:_identify(src/irobot_create_common/irobot_create_toolbox) by extensions ['ignore', 'ignore_ament_install']
[0.181s] Level 1:colcon.colcon_core.package_identification:_identify(src/irobot_create_common/irobot_create_toolbox) by extension 'ignore'
[0.181s] Level 1:colcon.colcon_core.package_identification:_identify(src/irobot_create_common/irobot_create_toolbox) by extension 'ignore_ament_install'
[0.181s] Level 1:colcon.colcon_core.package_identification:_identify(src/irobot_create_common/irobot_create_toolbox) by extensions ['colcon_pkg']
[0.181s] Level 1:colcon.colcon_core.package_identification:_identify(src/irobot_create_common/irobot_create_toolbox) by extension 'colcon_pkg'
[0.181s] Level 1:colcon.colcon_core.package_identification:_identify(src/irobot_create_common/irobot_create_toolbox) by extensions ['colcon_meta']
[0.181s] Level 1:colcon.colcon_core.package_identification:_identify(src/irobot_create_common/irobot_create_toolbox) by extension 'colcon_meta'
[0.182s] Level 1:colcon.colcon_core.package_identification:_identify(src/irobot_create_common/irobot_create_toolbox) by extensions ['ros']
[0.182s] Level 1:colcon.colcon_core.package_identification:_identify(src/irobot_create_common/irobot_create_toolbox) by extension 'ros'
[0.182s] DEBUG:colcon.colcon_core.package_identification:Package 'src/irobot_create_common/irobot_create_toolbox' with type 'ros.ament_cmake' and name 'irobot_create_toolbox'
[0.182s] Level 1:colcon.colcon_core.package_identification:_identify(src/irobot_create_gz) by extensions ['ignore', 'ignore_ament_install']
[0.182s] Level 1:colcon.colcon_core.package_identification:_identify(src/irobot_create_gz) by extension 'ignore'
[0.182s] Level 1:colcon.colcon_core.package_identification:_identify(src/irobot_create_gz) by extension 'ignore_ament_install'
[0.182s] Level 1:colcon.colcon_core.package_identification:_identify(src/irobot_create_gz) by extensions ['colcon_pkg']
[0.182s] Level 1:colcon.colcon_core.package_identification:_identify(src/irobot_create_gz) by extension 'colcon_pkg'
[0.182s] Level 1:colcon.colcon_core.package_identification:_identify(src/irobot_create_gz) by extensions ['colcon_meta']
[0.182s] Level 1:colcon.colcon_core.package_identification:_identify(src/irobot_create_gz) by extension 'colcon_meta'
[0.182s] Level 1:colcon.colcon_core.package_identification:_identify(src/irobot_create_gz) by extensions ['ros']
[0.182s] Level 1:colcon.colcon_core.package_identification:_identify(src/irobot_create_gz) by extension 'ros'
[0.183s] Level 1:colcon.colcon_core.package_identification:_identify(src/irobot_create_gz) by extensions ['cmake', 'python']
[0.183s] Level 1:colcon.colcon_core.package_identification:_identify(src/irobot_create_gz) by extension 'cmake'
[0.183s] Level 1:colcon.colcon_core.package_identification:_identify(src/irobot_create_gz) by extension 'python'
[0.183s] Level 1:colcon.colcon_core.package_identification:_identify(src/irobot_create_gz) by extensions ['python_setup_py']
[0.183s] Level 1:colcon.colcon_core.package_identification:_identify(src/irobot_create_gz) by extension 'python_setup_py'
[0.183s] Level 1:colcon.colcon_core.package_identification:_identify(src/irobot_create_gz/irobot_create_gz_bringup) by extensions ['ignore', 'ignore_ament_install']
[0.183s] Level 1:colcon.colcon_core.package_identification:_identify(src/irobot_create_gz/irobot_create_gz_bringup) by extension 'ignore'
[0.183s] Level 1:colcon.colcon_core.package_identification:_identify(src/irobot_create_gz/irobot_create_gz_bringup) by extension 'ignore_ament_install'
[0.183s] Level 1:colcon.colcon_core.package_identification:_identify(src/irobot_create_gz/irobot_create_gz_bringup) by extensions ['colcon_pkg']
[0.183s] Level 1:colcon.colcon_core.package_identification:_identify(src/irobot_create_gz/irobot_create_gz_bringup) by extension 'colcon_pkg'
[0.183s] Level 1:colcon.colcon_core.package_identification:_identify(src/irobot_create_gz/irobot_create_gz_bringup) by extensions ['colcon_meta']
[0.183s] Level 1:colcon.colcon_core.package_identification:_identify(src/irobot_create_gz/irobot_create_gz_bringup) by extension 'colcon_meta'
[0.183s] Level 1:colcon.colcon_core.package_identification:_identify(src/irobot_create_gz/irobot_create_gz_bringup) by extensions ['ros']
[0.183s] Level 1:colcon.colcon_core.package_identification:_identify(src/irobot_create_gz/irobot_create_gz_bringup) by extension 'ros'
[0.184s] DEBUG:colcon.colcon_core.package_identification:Package 'src/irobot_create_gz/irobot_create_gz_bringup' with type 'ros.ament_cmake' and name 'irobot_create_gz_bringup'
[0.184s] Level 1:colcon.colcon_core.package_identification:_identify(src/irobot_create_gz/irobot_create_gz_plugins) by extensions ['ignore', 'ignore_ament_install']
[0.184s] Level 1:colcon.colcon_core.package_identification:_identify(src/irobot_create_gz/irobot_create_gz_plugins) by extension 'ignore'
[0.184s] Level 1:colcon.colcon_core.package_identification:_identify(src/irobot_create_gz/irobot_create_gz_plugins) by extension 'ignore_ament_install'
[0.184s] Level 1:colcon.colcon_core.package_identification:_identify(src/irobot_create_gz/irobot_create_gz_plugins) by extensions ['colcon_pkg']
[0.184s] Level 1:colcon.colcon_core.package_identification:_identify(src/irobot_create_gz/irobot_create_gz_plugins) by extension 'colcon_pkg'
[0.184s] Level 1:colcon.colcon_core.package_identification:_identify(src/irobot_create_gz/irobot_create_gz_plugins) by extensions ['colcon_meta']
[0.184s] Level 1:colcon.colcon_core.package_identification:_identify(src/irobot_create_gz/irobot_create_gz_plugins) by extension 'colcon_meta'
[0.184s] Level 1:colcon.colcon_core.package_identification:_identify(src/irobot_create_gz/irobot_create_gz_plugins) by extensions ['ros']
[0.184s] Level 1:colcon.colcon_core.package_identification:_identify(src/irobot_create_gz/irobot_create_gz_plugins) by extension 'ros'
[0.185s] DEBUG:colcon.colcon_core.package_identification:Package 'src/irobot_create_gz/irobot_create_gz_plugins' with type 'ros.ament_cmake' and name 'irobot_create_gz_plugins'
[0.185s] Level 1:colcon.colcon_core.package_identification:_identify(src/irobot_create_gz/irobot_create_gz_sim) by extensions ['ignore', 'ignore_ament_install']
[0.185s] Level 1:colcon.colcon_core.package_identification:_identify(src/irobot_create_gz/irobot_create_gz_sim) by extension 'ignore'
[0.185s] Level 1:colcon.colcon_core.package_identification:_identify(src/irobot_create_gz/irobot_create_gz_sim) by extension 'ignore_ament_install'
[0.185s] Level 1:colcon.colcon_core.package_identification:_identify(src/irobot_create_gz/irobot_create_gz_sim) by extensions ['colcon_pkg']
[0.185s] Level 1:colcon.colcon_core.package_identification:_identify(src/irobot_create_gz/irobot_create_gz_sim) by extension 'colcon_pkg'
[0.185s] Level 1:colcon.colcon_core.package_identification:_identify(src/irobot_create_gz/irobot_create_gz_sim) by extensions ['colcon_meta']
[0.185s] Level 1:colcon.colcon_core.package_identification:_identify(src/irobot_create_gz/irobot_create_gz_sim) by extension 'colcon_meta'
[0.185s] Level 1:colcon.colcon_core.package_identification:_identify(src/irobot_create_gz/irobot_create_gz_sim) by extensions ['ros']
[0.185s] Level 1:colcon.colcon_core.package_identification:_identify(src/irobot_create_gz/irobot_create_gz_sim) by extension 'ros'
[0.186s] DEBUG:colcon.colcon_core.package_identification:Package 'src/irobot_create_gz/irobot_create_gz_sim' with type 'ros.ament_cmake' and name 'irobot_create_gz_sim'
[0.186s] Level 1:colcon.colcon_core.package_identification:_identify(src/irobot_create_gz/irobot_create_gz_toolbox) by extensions ['ignore', 'ignore_ament_install']
[0.186s] Level 1:colcon.colcon_core.package_identification:_identify(src/irobot_create_gz/irobot_create_gz_toolbox) by extension 'ignore'
[0.186s] Level 1:colcon.colcon_core.package_identification:_identify(src/irobot_create_gz/irobot_create_gz_toolbox) by extension 'ignore_ament_install'
[0.186s] Level 1:colcon.colcon_core.package_identification:_identify(src/irobot_create_gz/irobot_create_gz_toolbox) by extensions ['colcon_pkg']
[0.186s] Level 1:colcon.colcon_core.package_identification:_identify(src/irobot_create_gz/irobot_create_gz_toolbox) by extension 'colcon_pkg'
[0.186s] Level 1:colcon.colcon_core.package_identification:_identify(src/irobot_create_gz/irobot_create_gz_toolbox) by extensions ['colcon_meta']
[0.186s] Level 1:colcon.colcon_core.package_identification:_identify(src/irobot_create_gz/irobot_create_gz_toolbox) by extension 'colcon_meta'
[0.186s] Level 1:colcon.colcon_core.package_identification:_identify(src/irobot_create_gz/irobot_create_gz_toolbox) by extensions ['ros']
[0.186s] Level 1:colcon.colcon_core.package_identification:_identify(src/irobot_create_gz/irobot_create_gz_toolbox) by extension 'ros'
[0.187s] DEBUG:colcon.colcon_core.package_identification:Package 'src/irobot_create_gz/irobot_create_gz_toolbox' with type 'ros.ament_cmake' and name 'irobot_create_gz_toolbox'
[0.187s] Level 1:colcon.colcon_core.package_discovery:discover_packages(recursive) using defaults
[0.187s] Level 1:colcon.colcon_core.package_discovery:discover_packages(ignore) discover
[0.187s] Level 1:colcon.colcon_core.package_discovery:discover_packages(ignore) using defaults
[0.187s] Level 1:colcon.colcon_core.package_discovery:discover_packages(path) discover
[0.187s] Level 1:colcon.colcon_core.package_discovery:discover_packages(path) using defaults
[0.208s] Level 5:colcon.colcon_core.verb:set package 'irobot_create_control' build argument 'cmake_args' from command line to 'None'
[0.208s] Level 5:colcon.colcon_core.verb:set package 'irobot_create_control' build argument 'cmake_target' from command line to 'None'
[0.208s] Level 5:colcon.colcon_core.verb:set package 'irobot_create_control' build argument 'cmake_target_skip_unavailable' from command line to 'False'
[0.208s] Level 5:colcon.colcon_core.verb:set package 'irobot_create_control' build argument 'cmake_clean_cache' from command line to 'False'
[0.208s] Level 5:colcon.colcon_core.verb:set package 'irobot_create_control' build argument 'cmake_clean_first' from command line to 'False'
[0.208s] Level 5:colcon.colcon_core.verb:set package 'irobot_create_control' build argument 'cmake_force_configure' from command line to 'False'
[0.208s] Level 5:colcon.colcon_core.verb:set package 'irobot_create_control' build argument 'ament_cmake_args' from command line to 'None'
[0.208s] Level 5:colcon.colcon_core.verb:set package 'irobot_create_control' build argument 'catkin_cmake_args' from command line to 'None'
[0.208s] Level 5:colcon.colcon_core.verb:set package 'irobot_create_control' build argument 'catkin_skip_building_tests' from command line to 'False'
[0.208s] DEBUG:colcon.colcon_core.verb:Building package 'irobot_create_control' with the following arguments: {'ament_cmake_args': None, 'build_base': '/home/javierac/create3_ws/build/irobot_create_control', 'catkin_cmake_args': None, 'catkin_skip_building_tests': False, 'cmake_args': None, 'cmake_clean_cache': False, 'cmake_clean_first': False, 'cmake_force_configure': False, 'cmake_target': None, 'cmake_target_skip_unavailable': False, 'install_base': '/home/javierac/create3_ws/install/irobot_create_control', 'merge_install': False, 'path': '/home/javierac/create3_ws/src/irobot_create_common/irobot_create_control', 'symlink_install': False, 'test_result_base': None}
[0.208s] Level 5:colcon.colcon_core.verb:set package 'irobot_create_gz_plugins' build argument 'cmake_args' from command line to 'None'
[0.208s] Level 5:colcon.colcon_core.verb:set package 'irobot_create_gz_plugins' build argument 'cmake_target' from command line to 'None'
[0.208s] Level 5:colcon.colcon_core.verb:set package 'irobot_create_gz_plugins' build argument 'cmake_target_skip_unavailable' from command line to 'False'
[0.208s] Level 5:colcon.colcon_core.verb:set package 'irobot_create_gz_plugins' build argument 'cmake_clean_cache' from command line to 'False'
[0.208s] Level 5:colcon.colcon_core.verb:set package 'irobot_create_gz_plugins' build argument 'cmake_clean_first' from command line to 'False'
[0.208s] Level 5:colcon.colcon_core.verb:set package 'irobot_create_gz_plugins' build argument 'cmake_force_configure' from command line to 'False'
[0.208s] Level 5:colcon.colcon_core.verb:set package 'irobot_create_gz_plugins' build argument 'ament_cmake_args' from command line to 'None'
[0.208s] Level 5:colcon.colcon_core.verb:set package 'irobot_create_gz_plugins' build argument 'catkin_cmake_args' from command line to 'None'
[0.208s] Level 5:colcon.colcon_core.verb:set package 'irobot_create_gz_plugins' build argument 'catkin_skip_building_tests' from command line to 'False'
[0.208s] DEBUG:colcon.colcon_core.verb:Building package 'irobot_create_gz_plugins' with the following arguments: {'ament_cmake_args': None, 'build_base': '/home/javierac/create3_ws/build/irobot_create_gz_plugins', 'catkin_cmake_args': None, 'catkin_skip_building_tests': False, 'cmake_args': None, 'cmake_clean_cache': False, 'cmake_clean_first': False, 'cmake_force_configure': False, 'cmake_target': None, 'cmake_target_skip_unavailable': False, 'install_base': '/home/javierac/create3_ws/install/irobot_create_gz_plugins', 'merge_install': False, 'path': '/home/javierac/create3_ws/src/irobot_create_gz/irobot_create_gz_plugins', 'symlink_install': False, 'test_result_base': None}
[0.209s] Level 5:colcon.colcon_core.verb:set package 'irobot_create_toolbox' build argument 'cmake_args' from command line to 'None'
[0.209s] Level 5:colcon.colcon_core.verb:set package 'irobot_create_toolbox' build argument 'cmake_target' from command line to 'None'
[0.209s] Level 5:colcon.colcon_core.verb:set package 'irobot_create_toolbox' build argument 'cmake_target_skip_unavailable' from command line to 'False'
[0.209s] Level 5:colcon.colcon_core.verb:set package 'irobot_create_toolbox' build argument 'cmake_clean_cache' from command line to 'False'
[0.209s] Level 5:colcon.colcon_core.verb:set package 'irobot_create_toolbox' build argument 'cmake_clean_first' from command line to 'False'
[0.209s] Level 5:colcon.colcon_core.verb:set package 'irobot_create_toolbox' build argument 'cmake_force_configure' from command line to 'False'
[0.209s] Level 5:colcon.colcon_core.verb:set package 'irobot_create_toolbox' build argument 'ament_cmake_args' from command line to 'None'
[0.209s] Level 5:colcon.colcon_core.verb:set package 'irobot_create_toolbox' build argument 'catkin_cmake_args' from command line to 'None'
[0.209s] Level 5:colcon.colcon_core.verb:set package 'irobot_create_toolbox' build argument 'catkin_skip_building_tests' from command line to 'False'
[0.209s] DEBUG:colcon.colcon_core.verb:Building package 'irobot_create_toolbox' with the following arguments: {'ament_cmake_args': None, 'build_base': '/home/javierac/create3_ws/build/irobot_create_toolbox', 'catkin_cmake_args': None, 'catkin_skip_building_tests': False, 'cmake_args': None, 'cmake_clean_cache': False, 'cmake_clean_first': False, 'cmake_force_configure': False, 'cmake_target': None, 'cmake_target_skip_unavailable': False, 'install_base': '/home/javierac/create3_ws/install/irobot_create_toolbox', 'merge_install': False, 'path': '/home/javierac/create3_ws/src/irobot_create_common/irobot_create_toolbox', 'symlink_install': False, 'test_result_base': None}
[0.209s] Level 5:colcon.colcon_core.verb:set package 'irobot_create_description' build argument 'cmake_args' from command line to 'None'
[0.209s] Level 5:colcon.colcon_core.verb:set package 'irobot_create_description' build argument 'cmake_target' from command line to 'None'
[0.209s] Level 5:colcon.colcon_core.verb:set package 'irobot_create_description' build argument 'cmake_target_skip_unavailable' from command line to 'False'
[0.209s] Level 5:colcon.colcon_core.verb:set package 'irobot_create_description' build argument 'cmake_clean_cache' from command line to 'False'
[0.209s] Level 5:colcon.colcon_core.verb:set package 'irobot_create_description' build argument 'cmake_clean_first' from command line to 'False'
[0.209s] Level 5:colcon.colcon_core.verb:set package 'irobot_create_description' build argument 'cmake_force_configure' from command line to 'False'
[0.209s] Level 5:colcon.colcon_core.verb:set package 'irobot_create_description' build argument 'ament_cmake_args' from command line to 'None'
[0.209s] Level 5:colcon.colcon_core.verb:set package 'irobot_create_description' build argument 'catkin_cmake_args' from command line to 'None'
[0.209s] Level 5:colcon.colcon_core.verb:set package 'irobot_create_description' build argument 'catkin_skip_building_tests' from command line to 'False'
[0.209s] DEBUG:colcon.colcon_core.verb:Building package 'irobot_create_description' with the following arguments: {'ament_cmake_args': None, 'build_base': '/home/javierac/create3_ws/build/irobot_create_description', 'catkin_cmake_args': None, 'catkin_skip_building_tests': False, 'cmake_args': None, 'cmake_clean_cache': False, 'cmake_clean_first': False, 'cmake_force_configure': False, 'cmake_target': None, 'cmake_target_skip_unavailable': False, 'install_base': '/home/javierac/create3_ws/install/irobot_create_description', 'merge_install': False, 'path': '/home/javierac/create3_ws/src/irobot_create_common/irobot_create_description', 'symlink_install': False, 'test_result_base': None}
[0.209s] Level 5:colcon.colcon_core.verb:set package 'irobot_create_gz_toolbox' build argument 'cmake_args' from command line to 'None'
[0.209s] Level 5:colcon.colcon_core.verb:set package 'irobot_create_gz_toolbox' build argument 'cmake_target' from command line to 'None'
[0.210s] Level 5:colcon.colcon_core.verb:set package 'irobot_create_gz_toolbox' build argument 'cmake_target_skip_unavailable' from command line to 'False'
[0.210s] Level 5:colcon.colcon_core.verb:set package 'irobot_create_gz_toolbox' build argument 'cmake_clean_cache' from command line to 'False'
[0.210s] Level 5:colcon.colcon_core.verb:set package 'irobot_create_gz_toolbox' build argument 'cmake_clean_first' from command line to 'False'
[0.210s] Level 5:colcon.colcon_core.verb:set package 'irobot_create_gz_toolbox' build argument 'cmake_force_configure' from command line to 'False'
[0.210s] Level 5:colcon.colcon_core.verb:set package 'irobot_create_gz_toolbox' build argument 'ament_cmake_args' from command line to 'None'
[0.210s] Level 5:colcon.colcon_core.verb:set package 'irobot_create_gz_toolbox' build argument 'catkin_cmake_args' from command line to 'None'
[0.210s] Level 5:colcon.colcon_core.verb:set package 'irobot_create_gz_toolbox' build argument 'catkin_skip_building_tests' from command line to 'False'
[0.210s] DEBUG:colcon.colcon_core.verb:Building package 'irobot_create_gz_toolbox' with the following arguments: {'ament_cmake_args': None, 'build_base': '/home/javierac/create3_ws/build/irobot_create_gz_toolbox', 'catkin_cmake_args': None, 'catkin_skip_building_tests': False, 'cmake_args': None, 'cmake_clean_cache': False, 'cmake_clean_first': False, 'cmake_force_configure': False, 'cmake_target': None, 'cmake_target_skip_unavailable': False, 'install_base': '/home/javierac/create3_ws/install/irobot_create_gz_toolbox', 'merge_install': False, 'path': '/home/javierac/create3_ws/src/irobot_create_gz/irobot_create_gz_toolbox', 'symlink_install': False, 'test_result_base': None}
[0.210s] Level 5:colcon.colcon_core.verb:set package 'irobot_create_nodes' build argument 'cmake_args' from command line to 'None'
[0.210s] Level 5:colcon.colcon_core.verb:set package 'irobot_create_nodes' build argument 'cmake_target' from command line to 'None'
[0.210s] Level 5:colcon.colcon_core.verb:set package 'irobot_create_nodes' build argument 'cmake_target_skip_unavailable' from command line to 'False'
[0.210s] Level 5:colcon.colcon_core.verb:set package 'irobot_create_nodes' build argument 'cmake_clean_cache' from command line to 'False'
[0.210s] Level 5:colcon.colcon_core.verb:set package 'irobot_create_nodes' build argument 'cmake_clean_first' from command line to 'False'
[0.210s] Level 5:colcon.colcon_core.verb:set package 'irobot_create_nodes' build argument 'cmake_force_configure' from command line to 'False'
[0.210s] Level 5:colcon.colcon_core.verb:set package 'irobot_create_nodes' build argument 'ament_cmake_args' from command line to 'None'
[0.210s] Level 5:colcon.colcon_core.verb:set package 'irobot_create_nodes' build argument 'catkin_cmake_args' from command line to 'None'
[0.210s] Level 5:colcon.colcon_core.verb:set package 'irobot_create_nodes' build argument 'catkin_skip_building_tests' from command line to 'False'
[0.210s] DEBUG:colcon.colcon_core.verb:Building package 'irobot_create_nodes' with the following arguments: {'ament_cmake_args': None, 'build_base': '/home/javierac/create3_ws/build/irobot_create_nodes', 'catkin_cmake_args': None, 'catkin_skip_building_tests': False, 'cmake_args': None, 'cmake_clean_cache': False, 'cmake_clean_first': False, 'cmake_force_configure': False, 'cmake_target': None, 'cmake_target_skip_unavailable': False, 'install_base': '/home/javierac/create3_ws/install/irobot_create_nodes', 'merge_install': False, 'path': '/home/javierac/create3_ws/src/irobot_create_common/irobot_create_nodes', 'symlink_install': False, 'test_result_base': None}
[0.210s] Level 5:colcon.colcon_core.verb:set package 'irobot_create_common_bringup' build argument 'cmake_args' from command line to 'None'
[0.210s] Level 5:colcon.colcon_core.verb:set package 'irobot_create_common_bringup' build argument 'cmake_target' from command line to 'None'
[0.210s] Level 5:colcon.colcon_core.verb:set package 'irobot_create_common_bringup' build argument 'cmake_target_skip_unavailable' from command line to 'False'
[0.210s] Level 5:colcon.colcon_core.verb:set package 'irobot_create_common_bringup' build argument 'cmake_clean_cache' from command line to 'False'
[0.210s] Level 5:colcon.colcon_core.verb:set package 'irobot_create_common_bringup' build argument 'cmake_clean_first' from command line to 'False'
[0.210s] Level 5:colcon.colcon_core.verb:set package 'irobot_create_common_bringup' build argument 'cmake_force_configure' from command line to 'False'
[0.210s] Level 5:colcon.colcon_core.verb:set package 'irobot_create_common_bringup' build argument 'ament_cmake_args' from command line to 'None'
[0.210s] Level 5:colcon.colcon_core.verb:set package 'irobot_create_common_bringup' build argument 'catkin_cmake_args' from command line to 'None'
[0.210s] Level 5:colcon.colcon_core.verb:set package 'irobot_create_common_bringup' build argument 'catkin_skip_building_tests' from command line to 'False'
[0.210s] DEBUG:colcon.colcon_core.verb:Building package 'irobot_create_common_bringup' with the following arguments: {'ament_cmake_args': None, 'build_base': '/home/javierac/create3_ws/build/irobot_create_common_bringup', 'catkin_cmake_args': None, 'catkin_skip_building_tests': False, 'cmake_args': None, 'cmake_clean_cache': False, 'cmake_clean_first': False, 'cmake_force_configure': False, 'cmake_target': None, 'cmake_target_skip_unavailable': False, 'install_base': '/home/javierac/create3_ws/install/irobot_create_common_bringup', 'merge_install': False, 'path': '/home/javierac/create3_ws/src/irobot_create_common/irobot_create_common_bringup', 'symlink_install': False, 'test_result_base': None}
[0.211s] Level 5:colcon.colcon_core.verb:set package 'irobot_create_gz_bringup' build argument 'cmake_args' from command line to 'None'
[0.211s] Level 5:colcon.colcon_core.verb:set package 'irobot_create_gz_bringup' build argument 'cmake_target' from command line to 'None'
[0.211s] Level 5:colcon.colcon_core.verb:set package 'irobot_create_gz_bringup' build argument 'cmake_target_skip_unavailable' from command line to 'False'
[0.211s] Level 5:colcon.colcon_core.verb:set package 'irobot_create_gz_bringup' build argument 'cmake_clean_cache' from command line to 'False'
[0.211s] Level 5:colcon.colcon_core.verb:set package 'irobot_create_gz_bringup' build argument 'cmake_clean_first' from command line to 'False'
[0.211s] Level 5:colcon.colcon_core.verb:set package 'irobot_create_gz_bringup' build argument 'cmake_force_configure' from command line to 'False'
[0.211s] Level 5:colcon.colcon_core.verb:set package 'irobot_create_gz_bringup' build argument 'ament_cmake_args' from command line to 'None'
[0.211s] Level 5:colcon.colcon_core.verb:set package 'irobot_create_gz_bringup' build argument 'catkin_cmake_args' from command line to 'None'
[0.211s] Level 5:colcon.colcon_core.verb:set package 'irobot_create_gz_bringup' build argument 'catkin_skip_building_tests' from command line to 'False'
[0.211s] DEBUG:colcon.colcon_core.verb:Building package 'irobot_create_gz_bringup' with the following arguments: {'ament_cmake_args': None, 'build_base': '/home/javierac/create3_ws/build/irobot_create_gz_bringup', 'catkin_cmake_args': None, 'catkin_skip_building_tests': False, 'cmake_args': None, 'cmake_clean_cache': False, 'cmake_clean_first': False, 'cmake_force_configure': False, 'cmake_target': None, 'cmake_target_skip_unavailable': False, 'install_base': '/home/javierac/create3_ws/install/irobot_create_gz_bringup', 'merge_install': False, 'path': '/home/javierac/create3_ws/src/irobot_create_gz/irobot_create_gz_bringup', 'symlink_install': False, 'test_result_base': None}
[0.211s] Level 5:colcon.colcon_core.verb:set package 'irobot_create_gz_sim' build argument 'cmake_args' from command line to 'None'
[0.211s] Level 5:colcon.colcon_core.verb:set package 'irobot_create_gz_sim' build argument 'cmake_target' from command line to 'None'
[0.211s] Level 5:colcon.colcon_core.verb:set package 'irobot_create_gz_sim' build argument 'cmake_target_skip_unavailable' from command line to 'False'
[0.211s] Level 5:colcon.colcon_core.verb:set package 'irobot_create_gz_sim' build argument 'cmake_clean_cache' from command line to 'False'
[0.211s] Level 5:colcon.colcon_core.verb:set package 'irobot_create_gz_sim' build argument 'cmake_clean_first' from command line to 'False'
[0.211s] Level 5:colcon.colcon_core.verb:set package 'irobot_create_gz_sim' build argument 'cmake_force_configure' from command line to 'False'
[0.211s] Level 5:colcon.colcon_core.verb:set package 'irobot_create_gz_sim' build argument 'ament_cmake_args' from command line to 'None'
[0.211s] Level 5:colcon.colcon_core.verb:set package 'irobot_create_gz_sim' build argument 'catkin_cmake_args' from command line to 'None'
[0.211s] Level 5:colcon.colcon_core.verb:set package 'irobot_create_gz_sim' build argument 'catkin_skip_building_tests' from command line to 'False'
[0.211s] DEBUG:colcon.colcon_core.verb:Building package 'irobot_create_gz_sim' with the following arguments: {'ament_cmake_args': None, 'build_base': '/home/javierac/create3_ws/build/irobot_create_gz_sim', 'catkin_cmake_args': None, 'catkin_skip_building_tests': False, 'cmake_args': None, 'cmake_clean_cache': False, 'cmake_clean_first': False, 'cmake_force_configure': False, 'cmake_target': None, 'cmake_target_skip_unavailable': False, 'install_base': '/home/javierac/create3_ws/install/irobot_create_gz_sim', 'merge_install': False, 'path': '/home/javierac/create3_ws/src/irobot_create_gz/irobot_create_gz_sim', 'symlink_install': False, 'test_result_base': None}
[0.211s] INFO:colcon.colcon_core.executor:Executing jobs using 'parallel' executor
[0.212s] DEBUG:colcon.colcon_parallel_executor.executor.parallel:run_until_complete
[0.212s] INFO:colcon.colcon_ros.task.ament_cmake.build:Building ROS package in '/home/javierac/create3_ws/src/irobot_create_common/irobot_create_toolbox' with build type 'ament_cmake'
[0.212s] INFO:colcon.colcon_cmake.task.cmake.build:Building CMake package in '/home/javierac/create3_ws/src/irobot_create_common/irobot_create_toolbox'
[0.215s] INFO:colcon.colcon_core.plugin_system:Skipping extension 'colcon_core.shell.bat': Not used on non-Windows systems
[0.215s] INFO:colcon.colcon_core.shell:Skip shell extension 'powershell' for command environment: Not usable outside of PowerShell
[0.215s] DEBUG:colcon.colcon_core.shell:Skip shell extension 'dsv' for command environment
[0.221s] INFO:colcon.colcon_ros.task.ament_cmake.build:Building ROS package in '/home/javierac/create3_ws/src/irobot_create_common/irobot_create_control' with build type 'ament_cmake'
[0.221s] INFO:colcon.colcon_cmake.task.cmake.build:Building CMake package in '/home/javierac/create3_ws/src/irobot_create_common/irobot_create_control'
[0.221s] INFO:colcon.colcon_core.shell:Skip shell extension 'powershell' for command environment: Not usable outside of PowerShell
[0.221s] DEBUG:colcon.colcon_core.shell:Skip shell extension 'dsv' for command environment
[0.226s] INFO:colcon.colcon_ros.task.ament_cmake.build:Building ROS package in '/home/javierac/create3_ws/src/irobot_create_gz/irobot_create_gz_plugins' with build type 'ament_cmake'
[0.226s] INFO:colcon.colcon_cmake.task.cmake.build:Building CMake package in '/home/javierac/create3_ws/src/irobot_create_gz/irobot_create_gz_plugins'
[0.226s] INFO:colcon.colcon_core.shell:Skip shell extension 'powershell' for command environment: Not usable outside of PowerShell
[0.226s] DEBUG:colcon.colcon_core.shell:Skip shell extension 'dsv' for command environment
[0.233s] DEBUG:colcon.colcon_core.event_handler.log_command:Invoking command in '/home/javierac/create3_ws/build/irobot_create_toolbox': CMAKE_PREFIX_PATH=${CMAKE_PREFIX_PATH}:/opt/ros/jazzy /usr/bin/cmake --build /home/javierac/create3_ws/build/irobot_create_toolbox -- -j20 -l20
[0.238s] DEBUG:colcon.colcon_core.event_handler.log_command:Invoking command in '/home/javierac/create3_ws/build/irobot_create_control': CMAKE_PREFIX_PATH=${CMAKE_PREFIX_PATH}:/opt/ros/jazzy /usr/bin/cmake --build /home/javierac/create3_ws/build/irobot_create_control -- -j20 -l20
[0.243s] DEBUG:colcon.colcon_core.event_handler.log_command:Invoking command in '/home/javierac/create3_ws/build/irobot_create_gz_plugins': CMAKE_PREFIX_PATH=${CMAKE_PREFIX_PATH}:/opt/ros/jazzy /usr/bin/cmake --build /home/javierac/create3_ws/build/irobot_create_gz_plugins -- -j20 -l20
[0.280s] DEBUG:colcon.colcon_core.event_handler.log_command:Invoked command in '/home/javierac/create3_ws/build/irobot_create_control' returned '0': CMAKE_PREFIX_PATH=${CMAKE_PREFIX_PATH}:/opt/ros/jazzy /usr/bin/cmake --build /home/javierac/create3_ws/build/irobot_create_control -- -j20 -l20
[0.295s] DEBUG:colcon.colcon_core.event_handler.log_command:Invoking command in '/home/javierac/create3_ws/build/irobot_create_control': CMAKE_PREFIX_PATH=${CMAKE_PREFIX_PATH}:/opt/ros/jazzy /usr/bin/cmake --install /home/javierac/create3_ws/build/irobot_create_control
[0.313s] DEBUG:colcon.colcon_core.event_handler.log_command:Invoked command in '/home/javierac/create3_ws/build/irobot_create_toolbox' returned '0': CMAKE_PREFIX_PATH=${CMAKE_PREFIX_PATH}:/opt/ros/jazzy /usr/bin/cmake --build /home/javierac/create3_ws/build/irobot_create_toolbox -- -j20 -l20
[0.316s] DEBUG:colcon.colcon_core.event_handler.log_command:Invoking command in '/home/javierac/create3_ws/build/irobot_create_toolbox': CMAKE_PREFIX_PATH=${CMAKE_PREFIX_PATH}:/opt/ros/jazzy /usr/bin/cmake --install /home/javierac/create3_ws/build/irobot_create_toolbox
[0.331s] Level 1:colcon.colcon_core.environment:create_environment_scripts_only(irobot_create_control)
[0.331s] DEBUG:colcon.colcon_core.event_handler.log_command:Invoked command in '/home/javierac/create3_ws/build/irobot_create_control' returned '0': CMAKE_PREFIX_PATH=${CMAKE_PREFIX_PATH}:/opt/ros/jazzy /usr/bin/cmake --install /home/javierac/create3_ws/build/irobot_create_control
[0.335s] Level 1:colcon.colcon_core.environment:checking '/home/javierac/create3_ws/install/irobot_create_control' for CMake module files
[0.337s] Level 1:colcon.colcon_core.environment:checking '/home/javierac/create3_ws/install/irobot_create_control' for CMake config files
[0.338s] Level 1:colcon.colcon_core.shell:create_environment_hook('irobot_create_control', 'cmake_prefix_path')
[0.338s] INFO:colcon.colcon_core.shell:Creating environment hook '/home/javierac/create3_ws/install/irobot_create_control/share/irobot_create_control/hook/cmake_prefix_path.ps1'
[0.339s] INFO:colcon.colcon_core.shell:Creating environment descriptor '/home/javierac/create3_ws/install/irobot_create_control/share/irobot_create_control/hook/cmake_prefix_path.dsv'
[0.339s] INFO:colcon.colcon_core.shell:Creating environment hook '/home/javierac/create3_ws/install/irobot_create_control/share/irobot_create_control/hook/cmake_prefix_path.sh'
[0.340s] Level 1:colcon.colcon_core.environment:checking '/home/javierac/create3_ws/install/irobot_create_control/bin'
[0.340s] Level 1:colcon.colcon_core.environment:checking '/home/javierac/create3_ws/install/irobot_create_control/lib/pkgconfig/irobot_create_control.pc'
[0.342s] Level 1:colcon.colcon_core.environment:checking '/home/javierac/create3_ws/install/irobot_create_control/lib/python3.12/site-packages'
[0.342s] Level 1:colcon.colcon_core.environment:checking '/home/javierac/create3_ws/install/irobot_create_control/bin'
[0.343s] INFO:colcon.colcon_core.shell:Creating package script '/home/javierac/create3_ws/install/irobot_create_control/share/irobot_create_control/package.ps1'
[0.344s] INFO:colcon.colcon_core.shell:Creating package descriptor '/home/javierac/create3_ws/install/irobot_create_control/share/irobot_create_control/package.dsv'
[0.345s] INFO:colcon.colcon_core.shell:Creating package script '/home/javierac/create3_ws/install/irobot_create_control/share/irobot_create_control/package.sh'
[0.345s] INFO:colcon.colcon_core.shell:Creating package script '/home/javierac/create3_ws/install/irobot_create_control/share/irobot_create_control/package.bash'
[0.346s] INFO:colcon.colcon_core.shell:Creating package script '/home/javierac/create3_ws/install/irobot_create_control/share/irobot_create_control/package.zsh'
[0.347s] Level 1:colcon.colcon_core.environment:create_file_with_runtime_dependencies(/home/javierac/create3_ws/install/irobot_create_control/share/colcon-core/packages/irobot_create_control)
[0.348s] Level 1:colcon.colcon_core.environment:create_environment_scripts_only(irobot_create_control)
[0.348s] Level 1:colcon.colcon_core.environment:checking '/home/javierac/create3_ws/install/irobot_create_control' for CMake module files
[0.349s] Level 1:colcon.colcon_core.environment:checking '/home/javierac/create3_ws/install/irobot_create_control' for CMake config files
[0.349s] Level 1:colcon.colcon_core.shell:create_environment_hook('irobot_create_control', 'cmake_prefix_path')
[0.349s] INFO:colcon.colcon_core.shell:Creating environment hook '/home/javierac/create3_ws/install/irobot_create_control/share/irobot_create_control/hook/cmake_prefix_path.ps1'
[0.350s] INFO:colcon.colcon_core.shell:Creating environment descriptor '/home/javierac/create3_ws/install/irobot_create_control/share/irobot_create_control/hook/cmake_prefix_path.dsv'
[0.350s] INFO:colcon.colcon_core.shell:Creating environment hook '/home/javierac/create3_ws/install/irobot_create_control/share/irobot_create_control/hook/cmake_prefix_path.sh'
[0.351s] Level 1:colcon.colcon_core.environment:checking '/home/javierac/create3_ws/install/irobot_create_control/bin'
[0.351s] Level 1:colcon.colcon_core.environment:checking '/home/javierac/create3_ws/install/irobot_create_control/lib/pkgconfig/irobot_create_control.pc'
[0.351s] Level 1:colcon.colcon_core.environment:checking '/home/javierac/create3_ws/install/irobot_create_control/lib/python3.12/site-packages'
[0.352s] Level 1:colcon.colcon_core.environment:checking '/home/javierac/create3_ws/install/irobot_create_control/bin'
[0.352s] INFO:colcon.colcon_core.shell:Creating package script '/home/javierac/create3_ws/install/irobot_create_control/share/irobot_create_control/package.ps1'
[0.353s] INFO:colcon.colcon_core.shell:Creating package descriptor '/home/javierac/create3_ws/install/irobot_create_control/share/irobot_create_control/package.dsv'
[0.353s] INFO:colcon.colcon_core.shell:Creating package script '/home/javierac/create3_ws/install/irobot_create_control/share/irobot_create_control/package.sh'
[0.354s] INFO:colcon.colcon_core.shell:Creating package script '/home/javierac/create3_ws/install/irobot_create_control/share/irobot_create_control/package.bash'
[0.354s] INFO:colcon.colcon_core.shell:Creating package script '/home/javierac/create3_ws/install/irobot_create_control/share/irobot_create_control/package.zsh'
[0.355s] Level 1:colcon.colcon_core.environment:create_file_with_runtime_dependencies(/home/javierac/create3_ws/install/irobot_create_control/share/colcon-core/packages/irobot_create_control)
[0.356s] INFO:colcon.colcon_ros.task.ament_cmake.build:Building ROS package in '/home/javierac/create3_ws/src/irobot_create_common/irobot_create_description' with build type 'ament_cmake'
[0.356s] INFO:colcon.colcon_cmake.task.cmake.build:Building CMake package in '/home/javierac/create3_ws/src/irobot_create_common/irobot_create_description'
[0.356s] INFO:colcon.colcon_core.shell:Skip shell extension 'powershell' for command environment: Not usable outside of PowerShell
[0.356s] DEBUG:colcon.colcon_core.shell:Skip shell extension 'dsv' for command environment
[0.366s] Level 1:colcon.colcon_core.environment:create_environment_scripts_only(irobot_create_toolbox)
[0.367s] Level 1:colcon.colcon_core.environment:checking '/home/javierac/create3_ws/install/irobot_create_toolbox' for CMake module files
[0.367s] DEBUG:colcon.colcon_core.event_handler.log_command:Invoked command in '/home/javierac/create3_ws/build/irobot_create_toolbox' returned '0': CMAKE_PREFIX_PATH=${CMAKE_PREFIX_PATH}:/opt/ros/jazzy /usr/bin/cmake --install /home/javierac/create3_ws/build/irobot_create_toolbox
[0.368s] Level 1:colcon.colcon_core.environment:checking '/home/javierac/create3_ws/install/irobot_create_toolbox' for CMake config files
[0.369s] Level 1:colcon.colcon_core.shell:create_environment_hook('irobot_create_toolbox', 'cmake_prefix_path')
[0.369s] INFO:colcon.colcon_core.shell:Creating environment hook '/home/javierac/create3_ws/install/irobot_create_toolbox/share/irobot_create_toolbox/hook/cmake_prefix_path.ps1'
[0.369s] INFO:colcon.colcon_core.shell:Creating environment descriptor '/home/javierac/create3_ws/install/irobot_create_toolbox/share/irobot_create_toolbox/hook/cmake_prefix_path.dsv'
[0.370s] INFO:colcon.colcon_core.shell:Creating environment hook '/home/javierac/create3_ws/install/irobot_create_toolbox/share/irobot_create_toolbox/hook/cmake_prefix_path.sh'
[0.370s] Level 1:colcon.colcon_core.environment:checking '/home/javierac/create3_ws/install/irobot_create_toolbox/lib'
[0.370s] Level 1:colcon.colcon_core.shell:create_environment_hook('irobot_create_toolbox', 'ld_library_path_lib')
[0.371s] INFO:colcon.colcon_core.shell:Creating environment hook '/home/javierac/create3_ws/install/irobot_create_toolbox/share/irobot_create_toolbox/hook/ld_library_path_lib.ps1'
[0.371s] INFO:colcon.colcon_core.shell:Creating environment descriptor '/home/javierac/create3_ws/install/irobot_create_toolbox/share/irobot_create_toolbox/hook/ld_library_path_lib.dsv'
[0.371s] INFO:colcon.colcon_core.shell:Creating environment hook '/home/javierac/create3_ws/install/irobot_create_toolbox/share/irobot_create_toolbox/hook/ld_library_path_lib.sh'
[0.372s] Level 1:colcon.colcon_core.environment:checking '/home/javierac/create3_ws/install/irobot_create_toolbox/bin'
[0.372s] Level 1:colcon.colcon_core.environment:checking '/home/javierac/create3_ws/install/irobot_create_toolbox/lib/pkgconfig/irobot_create_toolbox.pc'
[0.372s] Level 1:colcon.colcon_core.environment:checking '/home/javierac/create3_ws/install/irobot_create_toolbox/lib/python3.12/site-packages'
[0.372s] Level 1:colcon.colcon_core.environment:checking '/home/javierac/create3_ws/install/irobot_create_toolbox/bin'
[0.372s] INFO:colcon.colcon_core.shell:Creating package script '/home/javierac/create3_ws/install/irobot_create_toolbox/share/irobot_create_toolbox/package.ps1'
[0.373s] INFO:colcon.colcon_core.shell:Creating package descriptor '/home/javierac/create3_ws/install/irobot_create_toolbox/share/irobot_create_toolbox/package.dsv'
[0.373s] INFO:colcon.colcon_core.shell:Creating package script '/home/javierac/create3_ws/install/irobot_create_toolbox/share/irobot_create_toolbox/package.sh'
[0.374s] INFO:colcon.colcon_core.shell:Creating package script '/home/javierac/create3_ws/install/irobot_create_toolbox/share/irobot_create_toolbox/package.bash'
[0.374s] INFO:colcon.colcon_core.shell:Creating package script '/home/javierac/create3_ws/install/irobot_create_toolbox/share/irobot_create_toolbox/package.zsh'
[0.374s] Level 1:colcon.colcon_core.environment:create_file_with_runtime_dependencies(/home/javierac/create3_ws/install/irobot_create_toolbox/share/colcon-core/packages/irobot_create_toolbox)
[0.375s] Level 1:colcon.colcon_core.environment:create_environment_scripts_only(irobot_create_toolbox)
[0.376s] Level 1:colcon.colcon_core.environment:checking '/home/javierac/create3_ws/install/irobot_create_toolbox' for CMake module files
[0.376s] Level 1:colcon.colcon_core.environment:checking '/home/javierac/create3_ws/install/irobot_create_toolbox' for CMake config files
[0.376s] Level 1:colcon.colcon_core.shell:create_environment_hook('irobot_create_toolbox', 'cmake_prefix_path')
[0.376s] INFO:colcon.colcon_core.shell:Creating environment hook '/home/javierac/create3_ws/install/irobot_create_toolbox/share/irobot_create_toolbox/hook/cmake_prefix_path.ps1'
[0.377s] INFO:colcon.colcon_core.shell:Creating environment descriptor '/home/javierac/create3_ws/install/irobot_create_toolbox/share/irobot_create_toolbox/hook/cmake_prefix_path.dsv'
[0.377s] INFO:colcon.colcon_core.shell:Creating environment hook '/home/javierac/create3_ws/install/irobot_create_toolbox/share/irobot_create_toolbox/hook/cmake_prefix_path.sh'
[0.378s] Level 1:colcon.colcon_core.environment:checking '/home/javierac/create3_ws/install/irobot_create_toolbox/lib'
[0.378s] Level 1:colcon.colcon_core.shell:create_environment_hook('irobot_create_toolbox', 'ld_library_path_lib')
[0.378s] INFO:colcon.colcon_core.shell:Creating environment hook '/home/javierac/create3_ws/install/irobot_create_toolbox/share/irobot_create_toolbox/hook/ld_library_path_lib.ps1'
[0.378s] INFO:colcon.colcon_core.shell:Creating environment descriptor '/home/javierac/create3_ws/install/irobot_create_toolbox/share/irobot_create_toolbox/hook/ld_library_path_lib.dsv'
[0.378s] INFO:colcon.colcon_core.shell:Creating environment hook '/home/javierac/create3_ws/install/irobot_create_toolbox/share/irobot_create_toolbox/hook/ld_library_path_lib.sh'
[0.379s] Level 1:colcon.colcon_core.environment:checking '/home/javierac/create3_ws/install/irobot_create_toolbox/bin'
[0.379s] Level 1:colcon.colcon_core.environment:checking '/home/javierac/create3_ws/install/irobot_create_toolbox/lib/pkgconfig/irobot_create_toolbox.pc'
[0.379s] Level 1:colcon.colcon_core.environment:checking '/home/javierac/create3_ws/install/irobot_create_toolbox/lib/python3.12/site-packages'
[0.379s] Level 1:colcon.colcon_core.environment:checking '/home/javierac/create3_ws/install/irobot_create_toolbox/bin'
[0.379s] INFO:colcon.colcon_core.shell:Creating package script '/home/javierac/create3_ws/install/irobot_create_toolbox/share/irobot_create_toolbox/package.ps1'
[0.380s] INFO:colcon.colcon_core.shell:Creating package descriptor '/home/javierac/create3_ws/install/irobot_create_toolbox/share/irobot_create_toolbox/package.dsv'
[0.380s] INFO:colcon.colcon_core.shell:Creating package script '/home/javierac/create3_ws/install/irobot_create_toolbox/share/irobot_create_toolbox/package.sh'
[0.381s] INFO:colcon.colcon_core.shell:Creating package script '/home/javierac/create3_ws/install/irobot_create_toolbox/share/irobot_create_toolbox/package.bash'
[0.381s] INFO:colcon.colcon_core.shell:Creating package script '/home/javierac/create3_ws/install/irobot_create_toolbox/share/irobot_create_toolbox/package.zsh'
[0.381s] Level 1:colcon.colcon_core.environment:create_file_with_runtime_dependencies(/home/javierac/create3_ws/install/irobot_create_toolbox/share/colcon-core/packages/irobot_create_toolbox)
[0.382s] INFO:colcon.colcon_ros.task.ament_cmake.build:Building ROS package in '/home/javierac/create3_ws/src/irobot_create_common/irobot_create_nodes' with build type 'ament_cmake'
[0.382s] INFO:colcon.colcon_cmake.task.cmake.build:Building CMake package in '/home/javierac/create3_ws/src/irobot_create_common/irobot_create_nodes'
[0.382s] INFO:colcon.colcon_core.shell:Skip shell extension 'powershell' for command environment: Not usable outside of PowerShell
[0.382s] DEBUG:colcon.colcon_core.shell:Skip shell extension 'dsv' for command environment
[0.387s] INFO:colcon.colcon_ros.task.ament_cmake.build:Building ROS package in '/home/javierac/create3_ws/src/irobot_create_gz/irobot_create_gz_toolbox' with build type 'ament_cmake'
[0.387s] INFO:colcon.colcon_cmake.task.cmake.build:Building CMake package in '/home/javierac/create3_ws/src/irobot_create_gz/irobot_create_gz_toolbox'
[0.388s] INFO:colcon.colcon_core.shell:Skip shell extension 'powershell' for command environment: Not usable outside of PowerShell
[0.388s] DEBUG:colcon.colcon_core.shell:Skip shell extension 'dsv' for command environment
[0.396s] DEBUG:colcon.colcon_core.event_handler.log_command:Invoking command in '/home/javierac/create3_ws/build/irobot_create_description': CMAKE_PREFIX_PATH=/home/javierac/create3_ws/install/irobot_create_control:/home/javierac/create3_ws/install/irobot_create_gz_sim:/home/javierac/create3_ws/install/irobot_create_gz_bringup:/home/javierac/create3_ws/install/irobot_create_common_bringup:/home/javierac/create3_ws/install/irobot_create_nodes:/home/javierac/create3_ws/install/irobot_create_gz_toolbox:/home/javierac/create3_ws/install/irobot_create_toolbox:/home/javierac/create3_ws/install/irobot_create_gz_plugins:/home/javierac/create3_ws/install/irobot_create_description:/opt/ros/jazzy/opt/gz_sim_vendor:/opt/ros/jazzy/opt/gz_sensors_vendor:/opt/ros/jazzy/opt/gz_physics_vendor:/opt/ros/jazzy/opt/sdformat_vendor:/opt/ros/jazzy/opt/gz_gui_vendor:/opt/ros/jazzy/opt/gz_transport_vendor:/opt/ros/jazzy/opt/gz_rendering_vendor:/opt/ros/jazzy/opt/gz_plugin_vendor:/opt/ros/jazzy/opt/gz_fuel_tools_vendor:/opt/ros/jazzy/opt/gz_msgs_vendor:/opt/ros/jazzy/opt/gz_common_vendor:/opt/ros/jazzy/opt/gz_math_vendor:/opt/ros/jazzy/opt/gz_utils_vendor:/opt/ros/jazzy/opt/gz_tools_vendor:/opt/ros/jazzy/opt/gz_ogre_next_vendor:/opt/ros/jazzy/opt/gz_dartsim_vendor:/opt/ros/jazzy/opt/gz_cmake_vendor:/opt/ros/jazzy /usr/bin/cmake --build /home/javierac/create3_ws/build/irobot_create_description -- -j20 -l20
[0.398s] DEBUG:colcon.colcon_core.event_handler.log_command:Invoking command in '/home/javierac/create3_ws/build/irobot_create_nodes': CMAKE_PREFIX_PATH=/home/javierac/create3_ws/install/irobot_create_toolbox:/home/javierac/create3_ws/install/irobot_create_gz_sim:/home/javierac/create3_ws/install/irobot_create_gz_bringup:/home/javierac/create3_ws/install/irobot_create_common_bringup:/home/javierac/create3_ws/install/irobot_create_nodes:/home/javierac/create3_ws/install/irobot_create_gz_toolbox:/home/javierac/create3_ws/install/irobot_create_gz_plugins:/home/javierac/create3_ws/install/irobot_create_description:/home/javierac/create3_ws/install/irobot_create_control:/opt/ros/jazzy/opt/gz_sim_vendor:/opt/ros/jazzy/opt/gz_sensors_vendor:/opt/ros/jazzy/opt/gz_physics_vendor:/opt/ros/jazzy/opt/sdformat_vendor:/opt/ros/jazzy/opt/gz_gui_vendor:/opt/ros/jazzy/opt/gz_transport_vendor:/opt/ros/jazzy/opt/gz_rendering_vendor:/opt/ros/jazzy/opt/gz_plugin_vendor:/opt/ros/jazzy/opt/gz_fuel_tools_vendor:/opt/ros/jazzy/opt/gz_msgs_vendor:/opt/ros/jazzy/opt/gz_common_vendor:/opt/ros/jazzy/opt/gz_math_vendor:/opt/ros/jazzy/opt/gz_utils_vendor:/opt/ros/jazzy/opt/gz_tools_vendor:/opt/ros/jazzy/opt/gz_ogre_next_vendor:/opt/ros/jazzy/opt/gz_dartsim_vendor:/opt/ros/jazzy/opt/gz_cmake_vendor:/opt/ros/jazzy LD_LIBRARY_PATH=/home/javierac/create3_ws/install/irobot_create_toolbox/lib:/home/javierac/create3_ws/install/irobot_create_nodes/lib:/home/javierac/create3_ws/install/irobot_create_gz_toolbox/lib:/opt/ros/jazzy/opt/gz_sim_vendor/lib:/opt/ros/jazzy/opt/gz_sensors_vendor/lib:/opt/ros/jazzy/opt/gz_physics_vendor/lib:/opt/ros/jazzy/opt/sdformat_vendor/lib:/opt/ros/jazzy/opt/rviz_ogre_vendor/lib:/opt/ros/jazzy/lib/x86_64-linux-gnu:/opt/ros/jazzy/opt/gz_gui_vendor/lib:/opt/ros/jazzy/opt/gz_transport_vendor/lib:/opt/ros/jazzy/opt/gz_rendering_vendor/lib:/opt/ros/jazzy/opt/gz_plugin_vendor/lib:/opt/ros/jazzy/opt/gz_fuel_tools_vendor/lib:/opt/ros/jazzy/opt/gz_msgs_vendor/lib:/opt/ros/jazzy/opt/gz_common_vendor/lib:/opt/ros/jazzy/opt/gz_math_vendor/lib:/opt/ros/jazzy/opt/gz_utils_vendor/lib:/opt/ros/jazzy/opt/gz_tools_vendor/lib:/opt/ros/jazzy/opt/gz_ogre_next_vendor/lib:/opt/ros/jazzy/opt/gz_dartsim_vendor/lib:/opt/ros/jazzy/opt/gz_cmake_vendor/lib:/opt/ros/jazzy/lib /usr/bin/cmake --build /home/javierac/create3_ws/build/irobot_create_nodes -- -j20 -l20
[0.398s] DEBUG:colcon.colcon_core.event_handler.log_command:Invoked command in '/home/javierac/create3_ws/build/irobot_create_gz_plugins' returned '0': CMAKE_PREFIX_PATH=${CMAKE_PREFIX_PATH}:/opt/ros/jazzy /usr/bin/cmake --build /home/javierac/create3_ws/build/irobot_create_gz_plugins -- -j20 -l20
[0.399s] DEBUG:colcon.colcon_core.event_handler.log_command:Invoking command in '/home/javierac/create3_ws/build/irobot_create_gz_plugins': CMAKE_PREFIX_PATH=${CMAKE_PREFIX_PATH}:/opt/ros/jazzy /usr/bin/cmake --install /home/javierac/create3_ws/build/irobot_create_gz_plugins
[0.401s] DEBUG:colcon.colcon_core.event_handler.log_command:Invoking command in '/home/javierac/create3_ws/build/irobot_create_gz_toolbox': CMAKE_PREFIX_PATH=/home/javierac/create3_ws/install/irobot_create_toolbox:/home/javierac/create3_ws/install/irobot_create_gz_sim:/home/javierac/create3_ws/install/irobot_create_gz_bringup:/home/javierac/create3_ws/install/irobot_create_common_bringup:/home/javierac/create3_ws/install/irobot_create_nodes:/home/javierac/create3_ws/install/irobot_create_gz_toolbox:/home/javierac/create3_ws/install/irobot_create_gz_plugins:/home/javierac/create3_ws/install/irobot_create_description:/home/javierac/create3_ws/install/irobot_create_control:/opt/ros/jazzy/opt/gz_sim_vendor:/opt/ros/jazzy/opt/gz_sensors_vendor:/opt/ros/jazzy/opt/gz_physics_vendor:/opt/ros/jazzy/opt/sdformat_vendor:/opt/ros/jazzy/opt/gz_gui_vendor:/opt/ros/jazzy/opt/gz_transport_vendor:/opt/ros/jazzy/opt/gz_rendering_vendor:/opt/ros/jazzy/opt/gz_plugin_vendor:/opt/ros/jazzy/opt/gz_fuel_tools_vendor:/opt/ros/jazzy/opt/gz_msgs_vendor:/opt/ros/jazzy/opt/gz_common_vendor:/opt/ros/jazzy/opt/gz_math_vendor:/opt/ros/jazzy/opt/gz_utils_vendor:/opt/ros/jazzy/opt/gz_tools_vendor:/opt/ros/jazzy/opt/gz_ogre_next_vendor:/opt/ros/jazzy/opt/gz_dartsim_vendor:/opt/ros/jazzy/opt/gz_cmake_vendor:/opt/ros/jazzy LD_LIBRARY_PATH=/home/javierac/create3_ws/install/irobot_create_toolbox/lib:/home/javierac/create3_ws/install/irobot_create_nodes/lib:/home/javierac/create3_ws/install/irobot_create_gz_toolbox/lib:/opt/ros/jazzy/opt/gz_sim_vendor/lib:/opt/ros/jazzy/opt/gz_sensors_vendor/lib:/opt/ros/jazzy/opt/gz_physics_vendor/lib:/opt/ros/jazzy/opt/sdformat_vendor/lib:/opt/ros/jazzy/opt/rviz_ogre_vendor/lib:/opt/ros/jazzy/lib/x86_64-linux-gnu:/opt/ros/jazzy/opt/gz_gui_vendor/lib:/opt/ros/jazzy/opt/gz_transport_vendor/lib:/opt/ros/jazzy/opt/gz_rendering_vendor/lib:/opt/ros/jazzy/opt/gz_plugin_vendor/lib:/opt/ros/jazzy/opt/gz_fuel_tools_vendor/lib:/opt/ros/jazzy/opt/gz_msgs_vendor/lib:/opt/ros/jazzy/opt/gz_common_vendor/lib:/opt/ros/jazzy/opt/gz_math_vendor/lib:/opt/ros/jazzy/opt/gz_utils_vendor/lib:/opt/ros/jazzy/opt/gz_tools_vendor/lib:/opt/ros/jazzy/opt/gz_ogre_next_vendor/lib:/opt/ros/jazzy/opt/gz_dartsim_vendor/lib:/opt/ros/jazzy/opt/gz_cmake_vendor/lib:/opt/ros/jazzy/lib /usr/bin/cmake --build /home/javierac/create3_ws/build/irobot_create_gz_toolbox -- -j20 -l20
[0.423s] Level 1:colcon.colcon_core.environment:create_environment_scripts_only(irobot_create_gz_plugins)
[0.423s] Level 1:colcon.colcon_core.environment:checking '/home/javierac/create3_ws/install/irobot_create_gz_plugins' for CMake module files
[0.424s] DEBUG:colcon.colcon_core.event_handler.log_command:Invoked command in '/home/javierac/create3_ws/build/irobot_create_gz_plugins' returned '0': CMAKE_PREFIX_PATH=${CMAKE_PREFIX_PATH}:/opt/ros/jazzy /usr/bin/cmake --install /home/javierac/create3_ws/build/irobot_create_gz_plugins
[0.424s] Level 1:colcon.colcon_core.environment:checking '/home/javierac/create3_ws/install/irobot_create_gz_plugins' for CMake config files
[0.425s] Level 1:colcon.colcon_core.shell:create_environment_hook('irobot_create_gz_plugins', 'cmake_prefix_path')
[0.425s] INFO:colcon.colcon_core.shell:Creating environment hook '/home/javierac/create3_ws/install/irobot_create_gz_plugins/share/irobot_create_gz_plugins/hook/cmake_prefix_path.ps1'
[0.425s] INFO:colcon.colcon_core.shell:Creating environment descriptor '/home/javierac/create3_ws/install/irobot_create_gz_plugins/share/irobot_create_gz_plugins/hook/cmake_prefix_path.dsv'
[0.426s] INFO:colcon.colcon_core.shell:Creating environment hook '/home/javierac/create3_ws/install/irobot_create_gz_plugins/share/irobot_create_gz_plugins/hook/cmake_prefix_path.sh'
[0.426s] Level 1:colcon.colcon_core.environment:checking '/home/javierac/create3_ws/install/irobot_create_gz_plugins/bin'
[0.426s] Level 1:colcon.colcon_core.environment:checking '/home/javierac/create3_ws/install/irobot_create_gz_plugins/lib/pkgconfig/irobot_create_gz_plugins.pc'
[0.426s] Level 1:colcon.colcon_core.environment:checking '/home/javierac/create3_ws/install/irobot_create_gz_plugins/lib/python3.12/site-packages'
[0.427s] Level 1:colcon.colcon_core.environment:checking '/home/javierac/create3_ws/install/irobot_create_gz_plugins/bin'
[0.427s] INFO:colcon.colcon_core.shell:Creating package script '/home/javierac/create3_ws/install/irobot_create_gz_plugins/share/irobot_create_gz_plugins/package.ps1'
[0.427s] INFO:colcon.colcon_core.shell:Creating package descriptor '/home/javierac/create3_ws/install/irobot_create_gz_plugins/share/irobot_create_gz_plugins/package.dsv'
[0.428s] INFO:colcon.colcon_core.shell:Creating package script '/home/javierac/create3_ws/install/irobot_create_gz_plugins/share/irobot_create_gz_plugins/package.sh'
[0.428s] INFO:colcon.colcon_core.shell:Creating package script '/home/javierac/create3_ws/install/irobot_create_gz_plugins/share/irobot_create_gz_plugins/package.bash'
[0.428s] INFO:colcon.colcon_core.shell:Creating package script '/home/javierac/create3_ws/install/irobot_create_gz_plugins/share/irobot_create_gz_plugins/package.zsh'
[0.428s] Level 1:colcon.colcon_core.environment:create_file_with_runtime_dependencies(/home/javierac/create3_ws/install/irobot_create_gz_plugins/share/colcon-core/packages/irobot_create_gz_plugins)
[0.429s] Level 1:colcon.colcon_core.environment:create_environment_scripts_only(irobot_create_gz_plugins)
[0.429s] Level 1:colcon.colcon_core.environment:checking '/home/javierac/create3_ws/install/irobot_create_gz_plugins' for CMake module files
[0.430s] Level 1:colcon.colcon_core.environment:checking '/home/javierac/create3_ws/install/irobot_create_gz_plugins' for CMake config files
[0.430s] Level 1:colcon.colcon_core.shell:create_environment_hook('irobot_create_gz_plugins', 'cmake_prefix_path')
[0.430s] INFO:colcon.colcon_core.shell:Creating environment hook '/home/javierac/create3_ws/install/irobot_create_gz_plugins/share/irobot_create_gz_plugins/hook/cmake_prefix_path.ps1'
[0.430s] INFO:colcon.colcon_core.shell:Creating environment descriptor '/home/javierac/create3_ws/install/irobot_create_gz_plugins/share/irobot_create_gz_plugins/hook/cmake_prefix_path.dsv'
[0.430s] INFO:colcon.colcon_core.shell:Creating environment hook '/home/javierac/create3_ws/install/irobot_create_gz_plugins/share/irobot_create_gz_plugins/hook/cmake_prefix_path.sh'
[0.431s] Level 1:colcon.colcon_core.environment:checking '/home/javierac/create3_ws/install/irobot_create_gz_plugins/bin'
[0.431s] Level 1:colcon.colcon_core.environment:checking '/home/javierac/create3_ws/install/irobot_create_gz_plugins/lib/pkgconfig/irobot_create_gz_plugins.pc'
[0.431s] Level 1:colcon.colcon_core.environment:checking '/home/javierac/create3_ws/install/irobot_create_gz_plugins/lib/python3.12/site-packages'
[0.431s] Level 1:colcon.colcon_core.environment:checking '/home/javierac/create3_ws/install/irobot_create_gz_plugins/bin'
[0.432s] INFO:colcon.colcon_core.shell:Creating package script '/home/javierac/create3_ws/install/irobot_create_gz_plugins/share/irobot_create_gz_plugins/package.ps1'
[0.432s] INFO:colcon.colcon_core.shell:Creating package descriptor '/home/javierac/create3_ws/install/irobot_create_gz_plugins/share/irobot_create_gz_plugins/package.dsv'
[0.432s] INFO:colcon.colcon_core.shell:Creating package script '/home/javierac/create3_ws/install/irobot_create_gz_plugins/share/irobot_create_gz_plugins/package.sh'
[0.433s] INFO:colcon.colcon_core.shell:Creating package script '/home/javierac/create3_ws/install/irobot_create_gz_plugins/share/irobot_create_gz_plugins/package.bash'
[0.433s] INFO:colcon.colcon_core.shell:Creating package script '/home/javierac/create3_ws/install/irobot_create_gz_plugins/share/irobot_create_gz_plugins/package.zsh'
[0.433s] Level 1:colcon.colcon_core.environment:create_file_with_runtime_dependencies(/home/javierac/create3_ws/install/irobot_create_gz_plugins/share/colcon-core/packages/irobot_create_gz_plugins)
[0.454s] DEBUG:colcon.colcon_core.event_handler.log_command:Invoked command in '/home/javierac/create3_ws/build/irobot_create_description' returned '0': CMAKE_PREFIX_PATH=/home/javierac/create3_ws/install/irobot_create_control:/home/javierac/create3_ws/install/irobot_create_gz_sim:/home/javierac/create3_ws/install/irobot_create_gz_bringup:/home/javierac/create3_ws/install/irobot_create_common_bringup:/home/javierac/create3_ws/install/irobot_create_nodes:/home/javierac/create3_ws/install/irobot_create_gz_toolbox:/home/javierac/create3_ws/install/irobot_create_toolbox:/home/javierac/create3_ws/install/irobot_create_gz_plugins:/home/javierac/create3_ws/install/irobot_create_description:/opt/ros/jazzy/opt/gz_sim_vendor:/opt/ros/jazzy/opt/gz_sensors_vendor:/opt/ros/jazzy/opt/gz_physics_vendor:/opt/ros/jazzy/opt/sdformat_vendor:/opt/ros/jazzy/opt/gz_gui_vendor:/opt/ros/jazzy/opt/gz_transport_vendor:/opt/ros/jazzy/opt/gz_rendering_vendor:/opt/ros/jazzy/opt/gz_plugin_vendor:/opt/ros/jazzy/opt/gz_fuel_tools_vendor:/opt/ros/jazzy/opt/gz_msgs_vendor:/opt/ros/jazzy/opt/gz_common_vendor:/opt/ros/jazzy/opt/gz_math_vendor:/opt/ros/jazzy/opt/gz_utils_vendor:/opt/ros/jazzy/opt/gz_tools_vendor:/opt/ros/jazzy/opt/gz_ogre_next_vendor:/opt/ros/jazzy/opt/gz_dartsim_vendor:/opt/ros/jazzy/opt/gz_cmake_vendor:/opt/ros/jazzy /usr/bin/cmake --build /home/javierac/create3_ws/build/irobot_create_description -- -j20 -l20
[0.455s] DEBUG:colcon.colcon_core.event_handler.log_command:Invoking command in '/home/javierac/create3_ws/build/irobot_create_description': CMAKE_PREFIX_PATH=/home/javierac/create3_ws/install/irobot_create_control:/home/javierac/create3_ws/install/irobot_create_gz_sim:/home/javierac/create3_ws/install/irobot_create_gz_bringup:/home/javierac/create3_ws/install/irobot_create_common_bringup:/home/javierac/create3_ws/install/irobot_create_nodes:/home/javierac/create3_ws/install/irobot_create_gz_toolbox:/home/javierac/create3_ws/install/irobot_create_toolbox:/home/javierac/create3_ws/install/irobot_create_gz_plugins:/home/javierac/create3_ws/install/irobot_create_description:/opt/ros/jazzy/opt/gz_sim_vendor:/opt/ros/jazzy/opt/gz_sensors_vendor:/opt/ros/jazzy/opt/gz_physics_vendor:/opt/ros/jazzy/opt/sdformat_vendor:/opt/ros/jazzy/opt/gz_gui_vendor:/opt/ros/jazzy/opt/gz_transport_vendor:/opt/ros/jazzy/opt/gz_rendering_vendor:/opt/ros/jazzy/opt/gz_plugin_vendor:/opt/ros/jazzy/opt/gz_fuel_tools_vendor:/opt/ros/jazzy/opt/gz_msgs_vendor:/opt/ros/jazzy/opt/gz_common_vendor:/opt/ros/jazzy/opt/gz_math_vendor:/opt/ros/jazzy/opt/gz_utils_vendor:/opt/ros/jazzy/opt/gz_tools_vendor:/opt/ros/jazzy/opt/gz_ogre_next_vendor:/opt/ros/jazzy/opt/gz_dartsim_vendor:/opt/ros/jazzy/opt/gz_cmake_vendor:/opt/ros/jazzy /usr/bin/cmake --install /home/javierac/create3_ws/build/irobot_create_description
[0.481s] Level 1:colcon.colcon_core.environment:create_environment_scripts_only(irobot_create_description)
[0.481s] Level 1:colcon.colcon_core.environment:checking '/home/javierac/create3_ws/install/irobot_create_description' for CMake module files
[0.482s] DEBUG:colcon.colcon_core.event_handler.log_command:Invoked command in '/home/javierac/create3_ws/build/irobot_create_description' returned '0': CMAKE_PREFIX_PATH=/home/javierac/create3_ws/install/irobot_create_control:/home/javierac/create3_ws/install/irobot_create_gz_sim:/home/javierac/create3_ws/install/irobot_create_gz_bringup:/home/javierac/create3_ws/install/irobot_create_common_bringup:/home/javierac/create3_ws/install/irobot_create_nodes:/home/javierac/create3_ws/install/irobot_create_gz_toolbox:/home/javierac/create3_ws/install/irobot_create_toolbox:/home/javierac/create3_ws/install/irobot_create_gz_plugins:/home/javierac/create3_ws/install/irobot_create_description:/opt/ros/jazzy/opt/gz_sim_vendor:/opt/ros/jazzy/opt/gz_sensors_vendor:/opt/ros/jazzy/opt/gz_physics_vendor:/opt/ros/jazzy/opt/sdformat_vendor:/opt/ros/jazzy/opt/gz_gui_vendor:/opt/ros/jazzy/opt/gz_transport_vendor:/opt/ros/jazzy/opt/gz_rendering_vendor:/opt/ros/jazzy/opt/gz_plugin_vendor:/opt/ros/jazzy/opt/gz_fuel_tools_vendor:/opt/ros/jazzy/opt/gz_msgs_vendor:/opt/ros/jazzy/opt/gz_common_vendor:/opt/ros/jazzy/opt/gz_math_vendor:/opt/ros/jazzy/opt/gz_utils_vendor:/opt/ros/jazzy/opt/gz_tools_vendor:/opt/ros/jazzy/opt/gz_ogre_next_vendor:/opt/ros/jazzy/opt/gz_dartsim_vendor:/opt/ros/jazzy/opt/gz_cmake_vendor:/opt/ros/jazzy /usr/bin/cmake --install /home/javierac/create3_ws/build/irobot_create_description
[0.483s] Level 1:colcon.colcon_core.environment:checking '/home/javierac/create3_ws/install/irobot_create_description' for CMake config files
[0.485s] Level 1:colcon.colcon_core.shell:create_environment_hook('irobot_create_description', 'cmake_prefix_path')
[0.485s] INFO:colcon.colcon_core.shell:Creating environment hook '/home/javierac/create3_ws/install/irobot_create_description/share/irobot_create_description/hook/cmake_prefix_path.ps1'
[0.485s] INFO:colcon.colcon_core.shell:Creating environment descriptor '/home/javierac/create3_ws/install/irobot_create_description/share/irobot_create_description/hook/cmake_prefix_path.dsv'
[0.486s] INFO:colcon.colcon_core.shell:Creating environment hook '/home/javierac/create3_ws/install/irobot_create_description/share/irobot_create_description/hook/cmake_prefix_path.sh'
[0.486s] Level 1:colcon.colcon_core.environment:checking '/home/javierac/create3_ws/install/irobot_create_description/bin'
[0.487s] Level 1:colcon.colcon_core.environment:checking '/home/javierac/create3_ws/install/irobot_create_description/lib/pkgconfig/irobot_create_description.pc'
[0.487s] Level 1:colcon.colcon_core.environment:checking '/home/javierac/create3_ws/install/irobot_create_description/lib/python3.12/site-packages'
[0.487s] Level 1:colcon.colcon_core.environment:checking '/home/javierac/create3_ws/install/irobot_create_description/bin'
[0.487s] INFO:colcon.colcon_core.shell:Creating package script '/home/javierac/create3_ws/install/irobot_create_description/share/irobot_create_description/package.ps1'
[0.488s] INFO:colcon.colcon_core.shell:Creating package descriptor '/home/javierac/create3_ws/install/irobot_create_description/share/irobot_create_description/package.dsv'
[0.488s] INFO:colcon.colcon_core.shell:Creating package script '/home/javierac/create3_ws/install/irobot_create_description/share/irobot_create_description/package.sh'
[0.489s] INFO:colcon.colcon_core.shell:Creating package script '/home/javierac/create3_ws/install/irobot_create_description/share/irobot_create_description/package.bash'
[0.489s] INFO:colcon.colcon_core.shell:Creating package script '/home/javierac/create3_ws/install/irobot_create_description/share/irobot_create_description/package.zsh'
[0.489s] Level 1:colcon.colcon_core.environment:create_file_with_runtime_dependencies(/home/javierac/create3_ws/install/irobot_create_description/share/colcon-core/packages/irobot_create_description)
[0.490s] Level 1:colcon.colcon_core.environment:create_environment_scripts_only(irobot_create_description)
[0.490s] Level 1:colcon.colcon_core.environment:checking '/home/javierac/create3_ws/install/irobot_create_description' for CMake module files
[0.490s] Level 1:colcon.colcon_core.environment:checking '/home/javierac/create3_ws/install/irobot_create_description' for CMake config files
[0.490s] Level 1:colcon.colcon_core.shell:create_environment_hook('irobot_create_description', 'cmake_prefix_path')
[0.491s] INFO:colcon.colcon_core.shell:Creating environment hook '/home/javierac/create3_ws/install/irobot_create_description/share/irobot_create_description/hook/cmake_prefix_path.ps1'
[0.491s] INFO:colcon.colcon_core.shell:Creating environment descriptor '/home/javierac/create3_ws/install/irobot_create_description/share/irobot_create_description/hook/cmake_prefix_path.dsv'
[0.491s] INFO:colcon.colcon_core.shell:Creating environment hook '/home/javierac/create3_ws/install/irobot_create_description/share/irobot_create_description/hook/cmake_prefix_path.sh'
[0.492s] Level 1:colcon.colcon_core.environment:checking '/home/javierac/create3_ws/install/irobot_create_description/bin'
[0.492s] Level 1:colcon.colcon_core.environment:checking '/home/javierac/create3_ws/install/irobot_create_description/lib/pkgconfig/irobot_create_description.pc'
[0.492s] Level 1:colcon.colcon_core.environment:checking '/home/javierac/create3_ws/install/irobot_create_description/lib/python3.12/site-packages'
[0.492s] Level 1:colcon.colcon_core.environment:checking '/home/javierac/create3_ws/install/irobot_create_description/bin'
[0.492s] INFO:colcon.colcon_core.shell:Creating package script '/home/javierac/create3_ws/install/irobot_create_description/share/irobot_create_description/package.ps1'
[0.493s] INFO:colcon.colcon_core.shell:Creating package descriptor '/home/javierac/create3_ws/install/irobot_create_description/share/irobot_create_description/package.dsv'
[0.493s] INFO:colcon.colcon_core.shell:Creating package script '/home/javierac/create3_ws/install/irobot_create_description/share/irobot_create_description/package.sh'
[0.493s] INFO:colcon.colcon_core.shell:Creating package script '/home/javierac/create3_ws/install/irobot_create_description/share/irobot_create_description/package.bash'
[0.494s] INFO:colcon.colcon_core.shell:Creating package script '/home/javierac/create3_ws/install/irobot_create_description/share/irobot_create_description/package.zsh'
[0.494s] Level 1:colcon.colcon_core.environment:create_file_with_runtime_dependencies(/home/javierac/create3_ws/install/irobot_create_description/share/colcon-core/packages/irobot_create_description)
[0.505s] DEBUG:colcon.colcon_core.event_handler.log_command:Invoked command in '/home/javierac/create3_ws/build/irobot_create_nodes' returned '0': CMAKE_PREFIX_PATH=/home/javierac/create3_ws/install/irobot_create_toolbox:/home/javierac/create3_ws/install/irobot_create_gz_sim:/home/javierac/create3_ws/install/irobot_create_gz_bringup:/home/javierac/create3_ws/install/irobot_create_common_bringup:/home/javierac/create3_ws/install/irobot_create_nodes:/home/javierac/create3_ws/install/irobot_create_gz_toolbox:/home/javierac/create3_ws/install/irobot_create_gz_plugins:/home/javierac/create3_ws/install/irobot_create_description:/home/javierac/create3_ws/install/irobot_create_control:/opt/ros/jazzy/opt/gz_sim_vendor:/opt/ros/jazzy/opt/gz_sensors_vendor:/opt/ros/jazzy/opt/gz_physics_vendor:/opt/ros/jazzy/opt/sdformat_vendor:/opt/ros/jazzy/opt/gz_gui_vendor:/opt/ros/jazzy/opt/gz_transport_vendor:/opt/ros/jazzy/opt/gz_rendering_vendor:/opt/ros/jazzy/opt/gz_plugin_vendor:/opt/ros/jazzy/opt/gz_fuel_tools_vendor:/opt/ros/jazzy/opt/gz_msgs_vendor:/opt/ros/jazzy/opt/gz_common_vendor:/opt/ros/jazzy/opt/gz_math_vendor:/opt/ros/jazzy/opt/gz_utils_vendor:/opt/ros/jazzy/opt/gz_tools_vendor:/opt/ros/jazzy/opt/gz_ogre_next_vendor:/opt/ros/jazzy/opt/gz_dartsim_vendor:/opt/ros/jazzy/opt/gz_cmake_vendor:/opt/ros/jazzy LD_LIBRARY_PATH=/home/javierac/create3_ws/install/irobot_create_toolbox/lib:/home/javierac/create3_ws/install/irobot_create_nodes/lib:/home/javierac/create3_ws/install/irobot_create_gz_toolbox/lib:/opt/ros/jazzy/opt/gz_sim_vendor/lib:/opt/ros/jazzy/opt/gz_sensors_vendor/lib:/opt/ros/jazzy/opt/gz_physics_vendor/lib:/opt/ros/jazzy/opt/sdformat_vendor/lib:/opt/ros/jazzy/opt/rviz_ogre_vendor/lib:/opt/ros/jazzy/lib/x86_64-linux-gnu:/opt/ros/jazzy/opt/gz_gui_vendor/lib:/opt/ros/jazzy/opt/gz_transport_vendor/lib:/opt/ros/jazzy/opt/gz_rendering_vendor/lib:/opt/ros/jazzy/opt/gz_plugin_vendor/lib:/opt/ros/jazzy/opt/gz_fuel_tools_vendor/lib:/opt/ros/jazzy/opt/gz_msgs_vendor/lib:/opt/ros/jazzy/opt/gz_common_vendor/lib:/opt/ros/jazzy/opt/gz_math_vendor/lib:/opt/ros/jazzy/opt/gz_utils_vendor/lib:/opt/ros/jazzy/opt/gz_tools_vendor/lib:/opt/ros/jazzy/opt/gz_ogre_next_vendor/lib:/opt/ros/jazzy/opt/gz_dartsim_vendor/lib:/opt/ros/jazzy/opt/gz_cmake_vendor/lib:/opt/ros/jazzy/lib /usr/bin/cmake --build /home/javierac/create3_ws/build/irobot_create_nodes -- -j20 -l20
[0.506s] DEBUG:colcon.colcon_core.event_handler.log_command:Invoking command in '/home/javierac/create3_ws/build/irobot_create_nodes': CMAKE_PREFIX_PATH=/home/javierac/create3_ws/install/irobot_create_toolbox:/home/javierac/create3_ws/install/irobot_create_gz_sim:/home/javierac/create3_ws/install/irobot_create_gz_bringup:/home/javierac/create3_ws/install/irobot_create_common_bringup:/home/javierac/create3_ws/install/irobot_create_nodes:/home/javierac/create3_ws/install/irobot_create_gz_toolbox:/home/javierac/create3_ws/install/irobot_create_gz_plugins:/home/javierac/create3_ws/install/irobot_create_description:/home/javierac/create3_ws/install/irobot_create_control:/opt/ros/jazzy/opt/gz_sim_vendor:/opt/ros/jazzy/opt/gz_sensors_vendor:/opt/ros/jazzy/opt/gz_physics_vendor:/opt/ros/jazzy/opt/sdformat_vendor:/opt/ros/jazzy/opt/gz_gui_vendor:/opt/ros/jazzy/opt/gz_transport_vendor:/opt/ros/jazzy/opt/gz_rendering_vendor:/opt/ros/jazzy/opt/gz_plugin_vendor:/opt/ros/jazzy/opt/gz_fuel_tools_vendor:/opt/ros/jazzy/opt/gz_msgs_vendor:/opt/ros/jazzy/opt/gz_common_vendor:/opt/ros/jazzy/opt/gz_math_vendor:/opt/ros/jazzy/opt/gz_utils_vendor:/opt/ros/jazzy/opt/gz_tools_vendor:/opt/ros/jazzy/opt/gz_ogre_next_vendor:/opt/ros/jazzy/opt/gz_dartsim_vendor:/opt/ros/jazzy/opt/gz_cmake_vendor:/opt/ros/jazzy LD_LIBRARY_PATH=/home/javierac/create3_ws/install/irobot_create_toolbox/lib:/home/javierac/create3_ws/install/irobot_create_nodes/lib:/home/javierac/create3_ws/install/irobot_create_gz_toolbox/lib:/opt/ros/jazzy/opt/gz_sim_vendor/lib:/opt/ros/jazzy/opt/gz_sensors_vendor/lib:/opt/ros/jazzy/opt/gz_physics_vendor/lib:/opt/ros/jazzy/opt/sdformat_vendor/lib:/opt/ros/jazzy/opt/rviz_ogre_vendor/lib:/opt/ros/jazzy/lib/x86_64-linux-gnu:/opt/ros/jazzy/opt/gz_gui_vendor/lib:/opt/ros/jazzy/opt/gz_transport_vendor/lib:/opt/ros/jazzy/opt/gz_rendering_vendor/lib:/opt/ros/jazzy/opt/gz_plugin_vendor/lib:/opt/ros/jazzy/opt/gz_fuel_tools_vendor/lib:/opt/ros/jazzy/opt/gz_msgs_vendor/lib:/opt/ros/jazzy/opt/gz_common_vendor/lib:/opt/ros/jazzy/opt/gz_math_vendor/lib:/opt/ros/jazzy/opt/gz_utils_vendor/lib:/opt/ros/jazzy/opt/gz_tools_vendor/lib:/opt/ros/jazzy/opt/gz_ogre_next_vendor/lib:/opt/ros/jazzy/opt/gz_dartsim_vendor/lib:/opt/ros/jazzy/opt/gz_cmake_vendor/lib:/opt/ros/jazzy/lib /usr/bin/cmake --install /home/javierac/create3_ws/build/irobot_create_nodes
[0.537s] Level 1:colcon.colcon_core.environment:create_environment_scripts_only(irobot_create_nodes)
[0.537s] Level 1:colcon.colcon_core.environment:checking '/home/javierac/create3_ws/install/irobot_create_nodes' for CMake module files
[0.537s] DEBUG:colcon.colcon_core.event_handler.log_command:Invoked command in '/home/javierac/create3_ws/build/irobot_create_nodes' returned '0': CMAKE_PREFIX_PATH=/home/javierac/create3_ws/install/irobot_create_toolbox:/home/javierac/create3_ws/install/irobot_create_gz_sim:/home/javierac/create3_ws/install/irobot_create_gz_bringup:/home/javierac/create3_ws/install/irobot_create_common_bringup:/home/javierac/create3_ws/install/irobot_create_nodes:/home/javierac/create3_ws/install/irobot_create_gz_toolbox:/home/javierac/create3_ws/install/irobot_create_gz_plugins:/home/javierac/create3_ws/install/irobot_create_description:/home/javierac/create3_ws/install/irobot_create_control:/opt/ros/jazzy/opt/gz_sim_vendor:/opt/ros/jazzy/opt/gz_sensors_vendor:/opt/ros/jazzy/opt/gz_physics_vendor:/opt/ros/jazzy/opt/sdformat_vendor:/opt/ros/jazzy/opt/gz_gui_vendor:/opt/ros/jazzy/opt/gz_transport_vendor:/opt/ros/jazzy/opt/gz_rendering_vendor:/opt/ros/jazzy/opt/gz_plugin_vendor:/opt/ros/jazzy/opt/gz_fuel_tools_vendor:/opt/ros/jazzy/opt/gz_msgs_vendor:/opt/ros/jazzy/opt/gz_common_vendor:/opt/ros/jazzy/opt/gz_math_vendor:/opt/ros/jazzy/opt/gz_utils_vendor:/opt/ros/jazzy/opt/gz_tools_vendor:/opt/ros/jazzy/opt/gz_ogre_next_vendor:/opt/ros/jazzy/opt/gz_dartsim_vendor:/opt/ros/jazzy/opt/gz_cmake_vendor:/opt/ros/jazzy LD_LIBRARY_PATH=/home/javierac/create3_ws/install/irobot_create_toolbox/lib:/home/javierac/create3_ws/install/irobot_create_nodes/lib:/home/javierac/create3_ws/install/irobot_create_gz_toolbox/lib:/opt/ros/jazzy/opt/gz_sim_vendor/lib:/opt/ros/jazzy/opt/gz_sensors_vendor/lib:/opt/ros/jazzy/opt/gz_physics_vendor/lib:/opt/ros/jazzy/opt/sdformat_vendor/lib:/opt/ros/jazzy/opt/rviz_ogre_vendor/lib:/opt/ros/jazzy/lib/x86_64-linux-gnu:/opt/ros/jazzy/opt/gz_gui_vendor/lib:/opt/ros/jazzy/opt/gz_transport_vendor/lib:/opt/ros/jazzy/opt/gz_rendering_vendor/lib:/opt/ros/jazzy/opt/gz_plugin_vendor/lib:/opt/ros/jazzy/opt/gz_fuel_tools_vendor/lib:/opt/ros/jazzy/opt/gz_msgs_vendor/lib:/opt/ros/jazzy/opt/gz_common_vendor/lib:/opt/ros/jazzy/opt/gz_math_vendor/lib:/opt/ros/jazzy/opt/gz_utils_vendor/lib:/opt/ros/jazzy/opt/gz_tools_vendor/lib:/opt/ros/jazzy/opt/gz_ogre_next_vendor/lib:/opt/ros/jazzy/opt/gz_dartsim_vendor/lib:/opt/ros/jazzy/opt/gz_cmake_vendor/lib:/opt/ros/jazzy/lib /usr/bin/cmake --install /home/javierac/create3_ws/build/irobot_create_nodes
[0.538s] Level 1:colcon.colcon_core.environment:checking '/home/javierac/create3_ws/install/irobot_create_nodes' for CMake config files
[0.538s] Level 1:colcon.colcon_core.shell:create_environment_hook('irobot_create_nodes', 'cmake_prefix_path')
[0.538s] INFO:colcon.colcon_core.shell:Creating environment hook '/home/javierac/create3_ws/install/irobot_create_nodes/share/irobot_create_nodes/hook/cmake_prefix_path.ps1'
[0.539s] INFO:colcon.colcon_core.shell:Creating environment descriptor '/home/javierac/create3_ws/install/irobot_create_nodes/share/irobot_create_nodes/hook/cmake_prefix_path.dsv'
[0.539s] INFO:colcon.colcon_core.shell:Creating environment hook '/home/javierac/create3_ws/install/irobot_create_nodes/share/irobot_create_nodes/hook/cmake_prefix_path.sh'
[0.540s] Level 1:colcon.colcon_core.environment:checking '/home/javierac/create3_ws/install/irobot_create_nodes/lib'
[0.540s] Level 1:colcon.colcon_core.shell:create_environment_hook('irobot_create_nodes', 'ld_library_path_lib')
[0.540s] INFO:colcon.colcon_core.shell:Creating environment hook '/home/javierac/create3_ws/install/irobot_create_nodes/share/irobot_create_nodes/hook/ld_library_path_lib.ps1'
[0.540s] INFO:colcon.colcon_core.shell:Creating environment descriptor '/home/javierac/create3_ws/install/irobot_create_nodes/share/irobot_create_nodes/hook/ld_library_path_lib.dsv'
[0.540s] INFO:colcon.colcon_core.shell:Creating environment hook '/home/javierac/create3_ws/install/irobot_create_nodes/share/irobot_create_nodes/hook/ld_library_path_lib.sh'
[0.541s] Level 1:colcon.colcon_core.environment:checking '/home/javierac/create3_ws/install/irobot_create_nodes/bin'
[0.541s] Level 1:colcon.colcon_core.environment:checking '/home/javierac/create3_ws/install/irobot_create_nodes/lib/pkgconfig/irobot_create_nodes.pc'
[0.541s] Level 1:colcon.colcon_core.environment:checking '/home/javierac/create3_ws/install/irobot_create_nodes/lib/python3.12/site-packages'
[0.541s] Level 1:colcon.colcon_core.environment:checking '/home/javierac/create3_ws/install/irobot_create_nodes/bin'
[0.541s] INFO:colcon.colcon_core.shell:Creating package script '/home/javierac/create3_ws/install/irobot_create_nodes/share/irobot_create_nodes/package.ps1'
[0.542s] INFO:colcon.colcon_core.shell:Creating package descriptor '/home/javierac/create3_ws/install/irobot_create_nodes/share/irobot_create_nodes/package.dsv'
[0.542s] INFO:colcon.colcon_core.shell:Creating package script '/home/javierac/create3_ws/install/irobot_create_nodes/share/irobot_create_nodes/package.sh'
[0.543s] INFO:colcon.colcon_core.shell:Creating package script '/home/javierac/create3_ws/install/irobot_create_nodes/share/irobot_create_nodes/package.bash'
[0.543s] INFO:colcon.colcon_core.shell:Creating package script '/home/javierac/create3_ws/install/irobot_create_nodes/share/irobot_create_nodes/package.zsh'
[0.543s] Level 1:colcon.colcon_core.environment:create_file_with_runtime_dependencies(/home/javierac/create3_ws/install/irobot_create_nodes/share/colcon-core/packages/irobot_create_nodes)
[0.544s] Level 1:colcon.colcon_core.environment:create_environment_scripts_only(irobot_create_nodes)
[0.544s] Level 1:colcon.colcon_core.environment:checking '/home/javierac/create3_ws/install/irobot_create_nodes' for CMake module files
[0.544s] Level 1:colcon.colcon_core.environment:checking '/home/javierac/create3_ws/install/irobot_create_nodes' for CMake config files
[0.545s] Level 1:colcon.colcon_core.shell:create_environment_hook('irobot_create_nodes', 'cmake_prefix_path')
[0.545s] INFO:colcon.colcon_core.shell:Creating environment hook '/home/javierac/create3_ws/install/irobot_create_nodes/share/irobot_create_nodes/hook/cmake_prefix_path.ps1'
[0.545s] INFO:colcon.colcon_core.shell:Creating environment descriptor '/home/javierac/create3_ws/install/irobot_create_nodes/share/irobot_create_nodes/hook/cmake_prefix_path.dsv'
[0.545s] INFO:colcon.colcon_core.shell:Creating environment hook '/home/javierac/create3_ws/install/irobot_create_nodes/share/irobot_create_nodes/hook/cmake_prefix_path.sh'
[0.546s] Level 1:colcon.colcon_core.environment:checking '/home/javierac/create3_ws/install/irobot_create_nodes/lib'
[0.546s] Level 1:colcon.colcon_core.shell:create_environment_hook('irobot_create_nodes', 'ld_library_path_lib')
[0.546s] INFO:colcon.colcon_core.shell:Creating environment hook '/home/javierac/create3_ws/install/irobot_create_nodes/share/irobot_create_nodes/hook/ld_library_path_lib.ps1'
[0.546s] INFO:colcon.colcon_core.shell:Creating environment descriptor '/home/javierac/create3_ws/install/irobot_create_nodes/share/irobot_create_nodes/hook/ld_library_path_lib.dsv'
[0.547s] INFO:colcon.colcon_core.shell:Creating environment hook '/home/javierac/create3_ws/install/irobot_create_nodes/share/irobot_create_nodes/hook/ld_library_path_lib.sh'
[0.547s] Level 1:colcon.colcon_core.environment:checking '/home/javierac/create3_ws/install/irobot_create_nodes/bin'
[0.547s] Level 1:colcon.colcon_core.environment:checking '/home/javierac/create3_ws/install/irobot_create_nodes/lib/pkgconfig/irobot_create_nodes.pc'
[0.547s] Level 1:colcon.colcon_core.environment:checking '/home/javierac/create3_ws/install/irobot_create_nodes/lib/python3.12/site-packages'
[0.547s] Level 1:colcon.colcon_core.environment:checking '/home/javierac/create3_ws/install/irobot_create_nodes/bin'
[0.548s] INFO:colcon.colcon_core.shell:Creating package script '/home/javierac/create3_ws/install/irobot_create_nodes/share/irobot_create_nodes/package.ps1'
[0.548s] INFO:colcon.colcon_core.shell:Creating package descriptor '/home/javierac/create3_ws/install/irobot_create_nodes/share/irobot_create_nodes/package.dsv'
[0.549s] INFO:colcon.colcon_core.shell:Creating package script '/home/javierac/create3_ws/install/irobot_create_nodes/share/irobot_create_nodes/package.sh'
[0.549s] INFO:colcon.colcon_core.shell:Creating package script '/home/javierac/create3_ws/install/irobot_create_nodes/share/irobot_create_nodes/package.bash'
[0.549s] INFO:colcon.colcon_core.shell:Creating package script '/home/javierac/create3_ws/install/irobot_create_nodes/share/irobot_create_nodes/package.zsh'
[0.550s] Level 1:colcon.colcon_core.environment:create_file_with_runtime_dependencies(/home/javierac/create3_ws/install/irobot_create_nodes/share/colcon-core/packages/irobot_create_nodes)
[0.550s] INFO:colcon.colcon_ros.task.ament_cmake.build:Building ROS package in '/home/javierac/create3_ws/src/irobot_create_common/irobot_create_common_bringup' with build type 'ament_cmake'
[0.550s] INFO:colcon.colcon_cmake.task.cmake.build:Building CMake package in '/home/javierac/create3_ws/src/irobot_create_common/irobot_create_common_bringup'
[0.550s] INFO:colcon.colcon_core.shell:Skip shell extension 'powershell' for command environment: Not usable outside of PowerShell
[0.550s] DEBUG:colcon.colcon_core.shell:Skip shell extension 'dsv' for command environment
[0.558s] DEBUG:colcon.colcon_core.event_handler.log_command:Invoked command in '/home/javierac/create3_ws/build/irobot_create_gz_toolbox' returned '0': CMAKE_PREFIX_PATH=/home/javierac/create3_ws/install/irobot_create_toolbox:/home/javierac/create3_ws/install/irobot_create_gz_sim:/home/javierac/create3_ws/install/irobot_create_gz_bringup:/home/javierac/create3_ws/install/irobot_create_common_bringup:/home/javierac/create3_ws/install/irobot_create_nodes:/home/javierac/create3_ws/install/irobot_create_gz_toolbox:/home/javierac/create3_ws/install/irobot_create_gz_plugins:/home/javierac/create3_ws/install/irobot_create_description:/home/javierac/create3_ws/install/irobot_create_control:/opt/ros/jazzy/opt/gz_sim_vendor:/opt/ros/jazzy/opt/gz_sensors_vendor:/opt/ros/jazzy/opt/gz_physics_vendor:/opt/ros/jazzy/opt/sdformat_vendor:/opt/ros/jazzy/opt/gz_gui_vendor:/opt/ros/jazzy/opt/gz_transport_vendor:/opt/ros/jazzy/opt/gz_rendering_vendor:/opt/ros/jazzy/opt/gz_plugin_vendor:/opt/ros/jazzy/opt/gz_fuel_tools_vendor:/opt/ros/jazzy/opt/gz_msgs_vendor:/opt/ros/jazzy/opt/gz_common_vendor:/opt/ros/jazzy/opt/gz_math_vendor:/opt/ros/jazzy/opt/gz_utils_vendor:/opt/ros/jazzy/opt/gz_tools_vendor:/opt/ros/jazzy/opt/gz_ogre_next_vendor:/opt/ros/jazzy/opt/gz_dartsim_vendor:/opt/ros/jazzy/opt/gz_cmake_vendor:/opt/ros/jazzy LD_LIBRARY_PATH=/home/javierac/create3_ws/install/irobot_create_toolbox/lib:/home/javierac/create3_ws/install/irobot_create_nodes/lib:/home/javierac/create3_ws/install/irobot_create_gz_toolbox/lib:/opt/ros/jazzy/opt/gz_sim_vendor/lib:/opt/ros/jazzy/opt/gz_sensors_vendor/lib:/opt/ros/jazzy/opt/gz_physics_vendor/lib:/opt/ros/jazzy/opt/sdformat_vendor/lib:/opt/ros/jazzy/opt/rviz_ogre_vendor/lib:/opt/ros/jazzy/lib/x86_64-linux-gnu:/opt/ros/jazzy/opt/gz_gui_vendor/lib:/opt/ros/jazzy/opt/gz_transport_vendor/lib:/opt/ros/jazzy/opt/gz_rendering_vendor/lib:/opt/ros/jazzy/opt/gz_plugin_vendor/lib:/opt/ros/jazzy/opt/gz_fuel_tools_vendor/lib:/opt/ros/jazzy/opt/gz_msgs_vendor/lib:/opt/ros/jazzy/opt/gz_common_vendor/lib:/opt/ros/jazzy/opt/gz_math_vendor/lib:/opt/ros/jazzy/opt/gz_utils_vendor/lib:/opt/ros/jazzy/opt/gz_tools_vendor/lib:/opt/ros/jazzy/opt/gz_ogre_next_vendor/lib:/opt/ros/jazzy/opt/gz_dartsim_vendor/lib:/opt/ros/jazzy/opt/gz_cmake_vendor/lib:/opt/ros/jazzy/lib /usr/bin/cmake --build /home/javierac/create3_ws/build/irobot_create_gz_toolbox -- -j20 -l20
[0.559s] DEBUG:colcon.colcon_core.event_handler.log_command:Invoking command in '/home/javierac/create3_ws/build/irobot_create_gz_toolbox': CMAKE_PREFIX_PATH=/home/javierac/create3_ws/install/irobot_create_toolbox:/home/javierac/create3_ws/install/irobot_create_gz_sim:/home/javierac/create3_ws/install/irobot_create_gz_bringup:/home/javierac/create3_ws/install/irobot_create_common_bringup:/home/javierac/create3_ws/install/irobot_create_nodes:/home/javierac/create3_ws/install/irobot_create_gz_toolbox:/home/javierac/create3_ws/install/irobot_create_gz_plugins:/home/javierac/create3_ws/install/irobot_create_description:/home/javierac/create3_ws/install/irobot_create_control:/opt/ros/jazzy/opt/gz_sim_vendor:/opt/ros/jazzy/opt/gz_sensors_vendor:/opt/ros/jazzy/opt/gz_physics_vendor:/opt/ros/jazzy/opt/sdformat_vendor:/opt/ros/jazzy/opt/gz_gui_vendor:/opt/ros/jazzy/opt/gz_transport_vendor:/opt/ros/jazzy/opt/gz_rendering_vendor:/opt/ros/jazzy/opt/gz_plugin_vendor:/opt/ros/jazzy/opt/gz_fuel_tools_vendor:/opt/ros/jazzy/opt/gz_msgs_vendor:/opt/ros/jazzy/opt/gz_common_vendor:/opt/ros/jazzy/opt/gz_math_vendor:/opt/ros/jazzy/opt/gz_utils_vendor:/opt/ros/jazzy/opt/gz_tools_vendor:/opt/ros/jazzy/opt/gz_ogre_next_vendor:/opt/ros/jazzy/opt/gz_dartsim_vendor:/opt/ros/jazzy/opt/gz_cmake_vendor:/opt/ros/jazzy LD_LIBRARY_PATH=/home/javierac/create3_ws/install/irobot_create_toolbox/lib:/home/javierac/create3_ws/install/irobot_create_nodes/lib:/home/javierac/create3_ws/install/irobot_create_gz_toolbox/lib:/opt/ros/jazzy/opt/gz_sim_vendor/lib:/opt/ros/jazzy/opt/gz_sensors_vendor/lib:/opt/ros/jazzy/opt/gz_physics_vendor/lib:/opt/ros/jazzy/opt/sdformat_vendor/lib:/opt/ros/jazzy/opt/rviz_ogre_vendor/lib:/opt/ros/jazzy/lib/x86_64-linux-gnu:/opt/ros/jazzy/opt/gz_gui_vendor/lib:/opt/ros/jazzy/opt/gz_transport_vendor/lib:/opt/ros/jazzy/opt/gz_rendering_vendor/lib:/opt/ros/jazzy/opt/gz_plugin_vendor/lib:/opt/ros/jazzy/opt/gz_fuel_tools_vendor/lib:/opt/ros/jazzy/opt/gz_msgs_vendor/lib:/opt/ros/jazzy/opt/gz_common_vendor/lib:/opt/ros/jazzy/opt/gz_math_vendor/lib:/opt/ros/jazzy/opt/gz_utils_vendor/lib:/opt/ros/jazzy/opt/gz_tools_vendor/lib:/opt/ros/jazzy/opt/gz_ogre_next_vendor/lib:/opt/ros/jazzy/opt/gz_dartsim_vendor/lib:/opt/ros/jazzy/opt/gz_cmake_vendor/lib:/opt/ros/jazzy/lib /usr/bin/cmake --install /home/javierac/create3_ws/build/irobot_create_gz_toolbox
[0.568s] DEBUG:colcon.colcon_core.event_handler.log_command:Invoking command in '/home/javierac/create3_ws/build/irobot_create_common_bringup': CMAKE_PREFIX_PATH=/home/javierac/create3_ws/install/irobot_create_nodes:/home/javierac/create3_ws/install/irobot_create_description:/home/javierac/create3_ws/install/irobot_create_toolbox:/home/javierac/create3_ws/install/irobot_create_control:/home/javierac/create3_ws/install/irobot_create_gz_sim:/home/javierac/create3_ws/install/irobot_create_gz_bringup:/home/javierac/create3_ws/install/irobot_create_common_bringup:/home/javierac/create3_ws/install/irobot_create_gz_toolbox:/home/javierac/create3_ws/install/irobot_create_gz_plugins:/opt/ros/jazzy/opt/gz_sim_vendor:/opt/ros/jazzy/opt/gz_sensors_vendor:/opt/ros/jazzy/opt/gz_physics_vendor:/opt/ros/jazzy/opt/sdformat_vendor:/opt/ros/jazzy/opt/gz_gui_vendor:/opt/ros/jazzy/opt/gz_transport_vendor:/opt/ros/jazzy/opt/gz_rendering_vendor:/opt/ros/jazzy/opt/gz_plugin_vendor:/opt/ros/jazzy/opt/gz_fuel_tools_vendor:/opt/ros/jazzy/opt/gz_msgs_vendor:/opt/ros/jazzy/opt/gz_common_vendor:/opt/ros/jazzy/opt/gz_math_vendor:/opt/ros/jazzy/opt/gz_utils_vendor:/opt/ros/jazzy/opt/gz_tools_vendor:/opt/ros/jazzy/opt/gz_ogre_next_vendor:/opt/ros/jazzy/opt/gz_dartsim_vendor:/opt/ros/jazzy/opt/gz_cmake_vendor:/opt/ros/jazzy LD_LIBRARY_PATH=/home/javierac/create3_ws/install/irobot_create_nodes/lib:/home/javierac/create3_ws/install/irobot_create_toolbox/lib:/home/javierac/create3_ws/install/irobot_create_gz_toolbox/lib:/opt/ros/jazzy/opt/gz_sim_vendor/lib:/opt/ros/jazzy/opt/gz_sensors_vendor/lib:/opt/ros/jazzy/opt/gz_physics_vendor/lib:/opt/ros/jazzy/opt/sdformat_vendor/lib:/opt/ros/jazzy/opt/rviz_ogre_vendor/lib:/opt/ros/jazzy/lib/x86_64-linux-gnu:/opt/ros/jazzy/opt/gz_gui_vendor/lib:/opt/ros/jazzy/opt/gz_transport_vendor/lib:/opt/ros/jazzy/opt/gz_rendering_vendor/lib:/opt/ros/jazzy/opt/gz_plugin_vendor/lib:/opt/ros/jazzy/opt/gz_fuel_tools_vendor/lib:/opt/ros/jazzy/opt/gz_msgs_vendor/lib:/opt/ros/jazzy/opt/gz_common_vendor/lib:/opt/ros/jazzy/opt/gz_math_vendor/lib:/opt/ros/jazzy/opt/gz_utils_vendor/lib:/opt/ros/jazzy/opt/gz_tools_vendor/lib:/opt/ros/jazzy/opt/gz_ogre_next_vendor/lib:/opt/ros/jazzy/opt/gz_dartsim_vendor/lib:/opt/ros/jazzy/opt/gz_cmake_vendor/lib:/opt/ros/jazzy/lib /usr/bin/cmake --build /home/javierac/create3_ws/build/irobot_create_common_bringup -- -j20 -l20
[0.585s] Level 1:colcon.colcon_core.environment:create_environment_scripts_only(irobot_create_gz_toolbox)
[0.585s] Level 1:colcon.colcon_core.environment:checking '/home/javierac/create3_ws/install/irobot_create_gz_toolbox' for CMake module files
[0.585s] DEBUG:colcon.colcon_core.event_handler.log_command:Invoked command in '/home/javierac/create3_ws/build/irobot_create_gz_toolbox' returned '0': CMAKE_PREFIX_PATH=/home/javierac/create3_ws/install/irobot_create_toolbox:/home/javierac/create3_ws/install/irobot_create_gz_sim:/home/javierac/create3_ws/install/irobot_create_gz_bringup:/home/javierac/create3_ws/install/irobot_create_common_bringup:/home/javierac/create3_ws/install/irobot_create_nodes:/home/javierac/create3_ws/install/irobot_create_gz_toolbox:/home/javierac/create3_ws/install/irobot_create_gz_plugins:/home/javierac/create3_ws/install/irobot_create_description:/home/javierac/create3_ws/install/irobot_create_control:/opt/ros/jazzy/opt/gz_sim_vendor:/opt/ros/jazzy/opt/gz_sensors_vendor:/opt/ros/jazzy/opt/gz_physics_vendor:/opt/ros/jazzy/opt/sdformat_vendor:/opt/ros/jazzy/opt/gz_gui_vendor:/opt/ros/jazzy/opt/gz_transport_vendor:/opt/ros/jazzy/opt/gz_rendering_vendor:/opt/ros/jazzy/opt/gz_plugin_vendor:/opt/ros/jazzy/opt/gz_fuel_tools_vendor:/opt/ros/jazzy/opt/gz_msgs_vendor:/opt/ros/jazzy/opt/gz_common_vendor:/opt/ros/jazzy/opt/gz_math_vendor:/opt/ros/jazzy/opt/gz_utils_vendor:/opt/ros/jazzy/opt/gz_tools_vendor:/opt/ros/jazzy/opt/gz_ogre_next_vendor:/opt/ros/jazzy/opt/gz_dartsim_vendor:/opt/ros/jazzy/opt/gz_cmake_vendor:/opt/ros/jazzy LD_LIBRARY_PATH=/home/javierac/create3_ws/install/irobot_create_toolbox/lib:/home/javierac/create3_ws/install/irobot_create_nodes/lib:/home/javierac/create3_ws/install/irobot_create_gz_toolbox/lib:/opt/ros/jazzy/opt/gz_sim_vendor/lib:/opt/ros/jazzy/opt/gz_sensors_vendor/lib:/opt/ros/jazzy/opt/gz_physics_vendor/lib:/opt/ros/jazzy/opt/sdformat_vendor/lib:/opt/ros/jazzy/opt/rviz_ogre_vendor/lib:/opt/ros/jazzy/lib/x86_64-linux-gnu:/opt/ros/jazzy/opt/gz_gui_vendor/lib:/opt/ros/jazzy/opt/gz_transport_vendor/lib:/opt/ros/jazzy/opt/gz_rendering_vendor/lib:/opt/ros/jazzy/opt/gz_plugin_vendor/lib:/opt/ros/jazzy/opt/gz_fuel_tools_vendor/lib:/opt/ros/jazzy/opt/gz_msgs_vendor/lib:/opt/ros/jazzy/opt/gz_common_vendor/lib:/opt/ros/jazzy/opt/gz_math_vendor/lib:/opt/ros/jazzy/opt/gz_utils_vendor/lib:/opt/ros/jazzy/opt/gz_tools_vendor/lib:/opt/ros/jazzy/opt/gz_ogre_next_vendor/lib:/opt/ros/jazzy/opt/gz_dartsim_vendor/lib:/opt/ros/jazzy/opt/gz_cmake_vendor/lib:/opt/ros/jazzy/lib /usr/bin/cmake --install /home/javierac/create3_ws/build/irobot_create_gz_toolbox
[0.586s] Level 1:colcon.colcon_core.environment:checking '/home/javierac/create3_ws/install/irobot_create_gz_toolbox' for CMake config files
[0.586s] Level 1:colcon.colcon_core.shell:create_environment_hook('irobot_create_gz_toolbox', 'cmake_prefix_path')
[0.586s] INFO:colcon.colcon_core.shell:Creating environment hook '/home/javierac/create3_ws/install/irobot_create_gz_toolbox/share/irobot_create_gz_toolbox/hook/cmake_prefix_path.ps1'
[0.587s] INFO:colcon.colcon_core.shell:Creating environment descriptor '/home/javierac/create3_ws/install/irobot_create_gz_toolbox/share/irobot_create_gz_toolbox/hook/cmake_prefix_path.dsv'
[0.587s] INFO:colcon.colcon_core.shell:Creating environment hook '/home/javierac/create3_ws/install/irobot_create_gz_toolbox/share/irobot_create_gz_toolbox/hook/cmake_prefix_path.sh'
[0.587s] Level 1:colcon.colcon_core.environment:checking '/home/javierac/create3_ws/install/irobot_create_gz_toolbox/lib'
[0.587s] Level 1:colcon.colcon_core.shell:create_environment_hook('irobot_create_gz_toolbox', 'ld_library_path_lib')
[0.588s] INFO:colcon.colcon_core.shell:Creating environment hook '/home/javierac/create3_ws/install/irobot_create_gz_toolbox/share/irobot_create_gz_toolbox/hook/ld_library_path_lib.ps1'
[0.588s] INFO:colcon.colcon_core.shell:Creating environment descriptor '/home/javierac/create3_ws/install/irobot_create_gz_toolbox/share/irobot_create_gz_toolbox/hook/ld_library_path_lib.dsv'
[0.588s] INFO:colcon.colcon_core.shell:Creating environment hook '/home/javierac/create3_ws/install/irobot_create_gz_toolbox/share/irobot_create_gz_toolbox/hook/ld_library_path_lib.sh'
[0.589s] Level 1:colcon.colcon_core.environment:checking '/home/javierac/create3_ws/install/irobot_create_gz_toolbox/bin'
[0.589s] Level 1:colcon.colcon_core.environment:checking '/home/javierac/create3_ws/install/irobot_create_gz_toolbox/lib/pkgconfig/irobot_create_gz_toolbox.pc'
[0.589s] Level 1:colcon.colcon_core.environment:checking '/home/javierac/create3_ws/install/irobot_create_gz_toolbox/lib/python3.12/site-packages'
[0.589s] Level 1:colcon.colcon_core.environment:checking '/home/javierac/create3_ws/install/irobot_create_gz_toolbox/bin'
[0.589s] INFO:colcon.colcon_core.shell:Creating package script '/home/javierac/create3_ws/install/irobot_create_gz_toolbox/share/irobot_create_gz_toolbox/package.ps1'
[0.590s] INFO:colcon.colcon_core.shell:Creating package descriptor '/home/javierac/create3_ws/install/irobot_create_gz_toolbox/share/irobot_create_gz_toolbox/package.dsv'
[0.590s] INFO:colcon.colcon_core.shell:Creating package script '/home/javierac/create3_ws/install/irobot_create_gz_toolbox/share/irobot_create_gz_toolbox/package.sh'
[0.590s] INFO:colcon.colcon_core.shell:Creating package script '/home/javierac/create3_ws/install/irobot_create_gz_toolbox/share/irobot_create_gz_toolbox/package.bash'
[0.591s] INFO:colcon.colcon_core.shell:Creating package script '/home/javierac/create3_ws/install/irobot_create_gz_toolbox/share/irobot_create_gz_toolbox/package.zsh'
[0.591s] Level 1:colcon.colcon_core.environment:create_file_with_runtime_dependencies(/home/javierac/create3_ws/install/irobot_create_gz_toolbox/share/colcon-core/packages/irobot_create_gz_toolbox)
[0.591s] Level 1:colcon.colcon_core.environment:create_environment_scripts_only(irobot_create_gz_toolbox)
[0.592s] Level 1:colcon.colcon_core.environment:checking '/home/javierac/create3_ws/install/irobot_create_gz_toolbox' for CMake module files
[0.592s] Level 1:colcon.colcon_core.environment:checking '/home/javierac/create3_ws/install/irobot_create_gz_toolbox' for CMake config files
[0.592s] Level 1:colcon.colcon_core.shell:create_environment_hook('irobot_create_gz_toolbox', 'cmake_prefix_path')
[0.592s] INFO:colcon.colcon_core.shell:Creating environment hook '/home/javierac/create3_ws/install/irobot_create_gz_toolbox/share/irobot_create_gz_toolbox/hook/cmake_prefix_path.ps1'
[0.593s] INFO:colcon.colcon_core.shell:Creating environment descriptor '/home/javierac/create3_ws/install/irobot_create_gz_toolbox/share/irobot_create_gz_toolbox/hook/cmake_prefix_path.dsv'
[0.593s] INFO:colcon.colcon_core.shell:Creating environment hook '/home/javierac/create3_ws/install/irobot_create_gz_toolbox/share/irobot_create_gz_toolbox/hook/cmake_prefix_path.sh'
[0.594s] Level 1:colcon.colcon_core.environment:checking '/home/javierac/create3_ws/install/irobot_create_gz_toolbox/lib'
[0.594s] Level 1:colcon.colcon_core.shell:create_environment_hook('irobot_create_gz_toolbox', 'ld_library_path_lib')
[0.594s] INFO:colcon.colcon_core.shell:Creating environment hook '/home/javierac/create3_ws/install/irobot_create_gz_toolbox/share/irobot_create_gz_toolbox/hook/ld_library_path_lib.ps1'
[0.594s] INFO:colcon.colcon_core.shell:Creating environment descriptor '/home/javierac/create3_ws/install/irobot_create_gz_toolbox/share/irobot_create_gz_toolbox/hook/ld_library_path_lib.dsv'
[0.594s] INFO:colcon.colcon_core.shell:Creating environment hook '/home/javierac/create3_ws/install/irobot_create_gz_toolbox/share/irobot_create_gz_toolbox/hook/ld_library_path_lib.sh'
[0.595s] Level 1:colcon.colcon_core.environment:checking '/home/javierac/create3_ws/install/irobot_create_gz_toolbox/bin'
[0.595s] Level 1:colcon.colcon_core.environment:checking '/home/javierac/create3_ws/install/irobot_create_gz_toolbox/lib/pkgconfig/irobot_create_gz_toolbox.pc'
[0.595s] Level 1:colcon.colcon_core.environment:checking '/home/javierac/create3_ws/install/irobot_create_gz_toolbox/lib/python3.12/site-packages'
[0.595s] Level 1:colcon.colcon_core.environment:checking '/home/javierac/create3_ws/install/irobot_create_gz_toolbox/bin'
[0.595s] INFO:colcon.colcon_core.shell:Creating package script '/home/javierac/create3_ws/install/irobot_create_gz_toolbox/share/irobot_create_gz_toolbox/package.ps1'
[0.596s] INFO:colcon.colcon_core.shell:Creating package descriptor '/home/javierac/create3_ws/install/irobot_create_gz_toolbox/share/irobot_create_gz_toolbox/package.dsv'
[0.596s] INFO:colcon.colcon_core.shell:Creating package script '/home/javierac/create3_ws/install/irobot_create_gz_toolbox/share/irobot_create_gz_toolbox/package.sh'
[0.597s] INFO:colcon.colcon_core.shell:Creating package script '/home/javierac/create3_ws/install/irobot_create_gz_toolbox/share/irobot_create_gz_toolbox/package.bash'
[0.597s] INFO:colcon.colcon_core.shell:Creating package script '/home/javierac/create3_ws/install/irobot_create_gz_toolbox/share/irobot_create_gz_toolbox/package.zsh'
[0.597s] Level 1:colcon.colcon_core.environment:create_file_with_runtime_dependencies(/home/javierac/create3_ws/install/irobot_create_gz_toolbox/share/colcon-core/packages/irobot_create_gz_toolbox)
[0.954s] DEBUG:colcon.colcon_core.event_handler.log_command:Invoked command in '/home/javierac/create3_ws/build/irobot_create_common_bringup' returned '0': CMAKE_PREFIX_PATH=/home/javierac/create3_ws/install/irobot_create_nodes:/home/javierac/create3_ws/install/irobot_create_description:/home/javierac/create3_ws/install/irobot_create_toolbox:/home/javierac/create3_ws/install/irobot_create_control:/home/javierac/create3_ws/install/irobot_create_gz_sim:/home/javierac/create3_ws/install/irobot_create_gz_bringup:/home/javierac/create3_ws/install/irobot_create_common_bringup:/home/javierac/create3_ws/install/irobot_create_gz_toolbox:/home/javierac/create3_ws/install/irobot_create_gz_plugins:/opt/ros/jazzy/opt/gz_sim_vendor:/opt/ros/jazzy/opt/gz_sensors_vendor:/opt/ros/jazzy/opt/gz_physics_vendor:/opt/ros/jazzy/opt/sdformat_vendor:/opt/ros/jazzy/opt/gz_gui_vendor:/opt/ros/jazzy/opt/gz_transport_vendor:/opt/ros/jazzy/opt/gz_rendering_vendor:/opt/ros/jazzy/opt/gz_plugin_vendor:/opt/ros/jazzy/opt/gz_fuel_tools_vendor:/opt/ros/jazzy/opt/gz_msgs_vendor:/opt/ros/jazzy/opt/gz_common_vendor:/opt/ros/jazzy/opt/gz_math_vendor:/opt/ros/jazzy/opt/gz_utils_vendor:/opt/ros/jazzy/opt/gz_tools_vendor:/opt/ros/jazzy/opt/gz_ogre_next_vendor:/opt/ros/jazzy/opt/gz_dartsim_vendor:/opt/ros/jazzy/opt/gz_cmake_vendor:/opt/ros/jazzy LD_LIBRARY_PATH=/home/javierac/create3_ws/install/irobot_create_nodes/lib:/home/javierac/create3_ws/install/irobot_create_toolbox/lib:/home/javierac/create3_ws/install/irobot_create_gz_toolbox/lib:/opt/ros/jazzy/opt/gz_sim_vendor/lib:/opt/ros/jazzy/opt/gz_sensors_vendor/lib:/opt/ros/jazzy/opt/gz_physics_vendor/lib:/opt/ros/jazzy/opt/sdformat_vendor/lib:/opt/ros/jazzy/opt/rviz_ogre_vendor/lib:/opt/ros/jazzy/lib/x86_64-linux-gnu:/opt/ros/jazzy/opt/gz_gui_vendor/lib:/opt/ros/jazzy/opt/gz_transport_vendor/lib:/opt/ros/jazzy/opt/gz_rendering_vendor/lib:/opt/ros/jazzy/opt/gz_plugin_vendor/lib:/opt/ros/jazzy/opt/gz_fuel_tools_vendor/lib:/opt/ros/jazzy/opt/gz_msgs_vendor/lib:/opt/ros/jazzy/opt/gz_common_vendor/lib:/opt/ros/jazzy/opt/gz_math_vendor/lib:/opt/ros/jazzy/opt/gz_utils_vendor/lib:/opt/ros/jazzy/opt/gz_tools_vendor/lib:/opt/ros/jazzy/opt/gz_ogre_next_vendor/lib:/opt/ros/jazzy/opt/gz_dartsim_vendor/lib:/opt/ros/jazzy/opt/gz_cmake_vendor/lib:/opt/ros/jazzy/lib /usr/bin/cmake --build /home/javierac/create3_ws/build/irobot_create_common_bringup -- -j20 -l20
[0.956s] DEBUG:colcon.colcon_core.event_handler.log_command:Invoking command in '/home/javierac/create3_ws/build/irobot_create_common_bringup': CMAKE_PREFIX_PATH=/home/javierac/create3_ws/install/irobot_create_nodes:/home/javierac/create3_ws/install/irobot_create_description:/home/javierac/create3_ws/install/irobot_create_toolbox:/home/javierac/create3_ws/install/irobot_create_control:/home/javierac/create3_ws/install/irobot_create_gz_sim:/home/javierac/create3_ws/install/irobot_create_gz_bringup:/home/javierac/create3_ws/install/irobot_create_common_bringup:/home/javierac/create3_ws/install/irobot_create_gz_toolbox:/home/javierac/create3_ws/install/irobot_create_gz_plugins:/opt/ros/jazzy/opt/gz_sim_vendor:/opt/ros/jazzy/opt/gz_sensors_vendor:/opt/ros/jazzy/opt/gz_physics_vendor:/opt/ros/jazzy/opt/sdformat_vendor:/opt/ros/jazzy/opt/gz_gui_vendor:/opt/ros/jazzy/opt/gz_transport_vendor:/opt/ros/jazzy/opt/gz_rendering_vendor:/opt/ros/jazzy/opt/gz_plugin_vendor:/opt/ros/jazzy/opt/gz_fuel_tools_vendor:/opt/ros/jazzy/opt/gz_msgs_vendor:/opt/ros/jazzy/opt/gz_common_vendor:/opt/ros/jazzy/opt/gz_math_vendor:/opt/ros/jazzy/opt/gz_utils_vendor:/opt/ros/jazzy/opt/gz_tools_vendor:/opt/ros/jazzy/opt/gz_ogre_next_vendor:/opt/ros/jazzy/opt/gz_dartsim_vendor:/opt/ros/jazzy/opt/gz_cmake_vendor:/opt/ros/jazzy LD_LIBRARY_PATH=/home/javierac/create3_ws/install/irobot_create_nodes/lib:/home/javierac/create3_ws/install/irobot_create_toolbox/lib:/home/javierac/create3_ws/install/irobot_create_gz_toolbox/lib:/opt/ros/jazzy/opt/gz_sim_vendor/lib:/opt/ros/jazzy/opt/gz_sensors_vendor/lib:/opt/ros/jazzy/opt/gz_physics_vendor/lib:/opt/ros/jazzy/opt/sdformat_vendor/lib:/opt/ros/jazzy/opt/rviz_ogre_vendor/lib:/opt/ros/jazzy/lib/x86_64-linux-gnu:/opt/ros/jazzy/opt/gz_gui_vendor/lib:/opt/ros/jazzy/opt/gz_transport_vendor/lib:/opt/ros/jazzy/opt/gz_rendering_vendor/lib:/opt/ros/jazzy/opt/gz_plugin_vendor/lib:/opt/ros/jazzy/opt/gz_fuel_tools_vendor/lib:/opt/ros/jazzy/opt/gz_msgs_vendor/lib:/opt/ros/jazzy/opt/gz_common_vendor/lib:/opt/ros/jazzy/opt/gz_math_vendor/lib:/opt/ros/jazzy/opt/gz_utils_vendor/lib:/opt/ros/jazzy/opt/gz_tools_vendor/lib:/opt/ros/jazzy/opt/gz_ogre_next_vendor/lib:/opt/ros/jazzy/opt/gz_dartsim_vendor/lib:/opt/ros/jazzy/opt/gz_cmake_vendor/lib:/opt/ros/jazzy/lib /usr/bin/cmake --install /home/javierac/create3_ws/build/irobot_create_common_bringup
[1.021s] Level 1:colcon.colcon_core.environment:create_environment_scripts_only(irobot_create_common_bringup)
[1.022s] Level 1:colcon.colcon_core.environment:checking '/home/javierac/create3_ws/install/irobot_create_common_bringup' for CMake module files
[1.022s] DEBUG:colcon.colcon_core.event_handler.log_command:Invoked command in '/home/javierac/create3_ws/build/irobot_create_common_bringup' returned '0': CMAKE_PREFIX_PATH=/home/javierac/create3_ws/install/irobot_create_nodes:/home/javierac/create3_ws/install/irobot_create_description:/home/javierac/create3_ws/install/irobot_create_toolbox:/home/javierac/create3_ws/install/irobot_create_control:/home/javierac/create3_ws/install/irobot_create_gz_sim:/home/javierac/create3_ws/install/irobot_create_gz_bringup:/home/javierac/create3_ws/install/irobot_create_common_bringup:/home/javierac/create3_ws/install/irobot_create_gz_toolbox:/home/javierac/create3_ws/install/irobot_create_gz_plugins:/opt/ros/jazzy/opt/gz_sim_vendor:/opt/ros/jazzy/opt/gz_sensors_vendor:/opt/ros/jazzy/opt/gz_physics_vendor:/opt/ros/jazzy/opt/sdformat_vendor:/opt/ros/jazzy/opt/gz_gui_vendor:/opt/ros/jazzy/opt/gz_transport_vendor:/opt/ros/jazzy/opt/gz_rendering_vendor:/opt/ros/jazzy/opt/gz_plugin_vendor:/opt/ros/jazzy/opt/gz_fuel_tools_vendor:/opt/ros/jazzy/opt/gz_msgs_vendor:/opt/ros/jazzy/opt/gz_common_vendor:/opt/ros/jazzy/opt/gz_math_vendor:/opt/ros/jazzy/opt/gz_utils_vendor:/opt/ros/jazzy/opt/gz_tools_vendor:/opt/ros/jazzy/opt/gz_ogre_next_vendor:/opt/ros/jazzy/opt/gz_dartsim_vendor:/opt/ros/jazzy/opt/gz_cmake_vendor:/opt/ros/jazzy LD_LIBRARY_PATH=/home/javierac/create3_ws/install/irobot_create_nodes/lib:/home/javierac/create3_ws/install/irobot_create_toolbox/lib:/home/javierac/create3_ws/install/irobot_create_gz_toolbox/lib:/opt/ros/jazzy/opt/gz_sim_vendor/lib:/opt/ros/jazzy/opt/gz_sensors_vendor/lib:/opt/ros/jazzy/opt/gz_physics_vendor/lib:/opt/ros/jazzy/opt/sdformat_vendor/lib:/opt/ros/jazzy/opt/rviz_ogre_vendor/lib:/opt/ros/jazzy/lib/x86_64-linux-gnu:/opt/ros/jazzy/opt/gz_gui_vendor/lib:/opt/ros/jazzy/opt/gz_transport_vendor/lib:/opt/ros/jazzy/opt/gz_rendering_vendor/lib:/opt/ros/jazzy/opt/gz_plugin_vendor/lib:/opt/ros/jazzy/opt/gz_fuel_tools_vendor/lib:/opt/ros/jazzy/opt/gz_msgs_vendor/lib:/opt/ros/jazzy/opt/gz_common_vendor/lib:/opt/ros/jazzy/opt/gz_math_vendor/lib:/opt/ros/jazzy/opt/gz_utils_vendor/lib:/opt/ros/jazzy/opt/gz_tools_vendor/lib:/opt/ros/jazzy/opt/gz_ogre_next_vendor/lib:/opt/ros/jazzy/opt/gz_dartsim_vendor/lib:/opt/ros/jazzy/opt/gz_cmake_vendor/lib:/opt/ros/jazzy/lib /usr/bin/cmake --install /home/javierac/create3_ws/build/irobot_create_common_bringup
[1.022s] Level 1:colcon.colcon_core.environment:checking '/home/javierac/create3_ws/install/irobot_create_common_bringup' for CMake config files
[1.023s] Level 1:colcon.colcon_core.shell:create_environment_hook('irobot_create_common_bringup', 'cmake_prefix_path')
[1.023s] INFO:colcon.colcon_core.shell:Creating environment hook '/home/javierac/create3_ws/install/irobot_create_common_bringup/share/irobot_create_common_bringup/hook/cmake_prefix_path.ps1'
[1.023s] INFO:colcon.colcon_core.shell:Creating environment descriptor '/home/javierac/create3_ws/install/irobot_create_common_bringup/share/irobot_create_common_bringup/hook/cmake_prefix_path.dsv'
[1.024s] INFO:colcon.colcon_core.shell:Creating environment hook '/home/javierac/create3_ws/install/irobot_create_common_bringup/share/irobot_create_common_bringup/hook/cmake_prefix_path.sh'
[1.025s] Level 1:colcon.colcon_core.environment:checking '/home/javierac/create3_ws/install/irobot_create_common_bringup/lib'
[1.025s] Level 1:colcon.colcon_core.environment:checking '/home/javierac/create3_ws/install/irobot_create_common_bringup/bin'
[1.025s] Level 1:colcon.colcon_core.environment:checking '/home/javierac/create3_ws/install/irobot_create_common_bringup/lib/pkgconfig/irobot_create_common_bringup.pc'
[1.026s] Level 1:colcon.colcon_core.environment:checking '/home/javierac/create3_ws/install/irobot_create_common_bringup/lib/python3.12/site-packages'
[1.026s] Level 1:colcon.colcon_core.shell:create_environment_hook('irobot_create_common_bringup', 'pythonpath')
[1.026s] INFO:colcon.colcon_core.shell:Creating environment hook '/home/javierac/create3_ws/install/irobot_create_common_bringup/share/irobot_create_common_bringup/hook/pythonpath.ps1'
[1.027s] INFO:colcon.colcon_core.shell:Creating environment descriptor '/home/javierac/create3_ws/install/irobot_create_common_bringup/share/irobot_create_common_bringup/hook/pythonpath.dsv'
[1.027s] INFO:colcon.colcon_core.shell:Creating environment hook '/home/javierac/create3_ws/install/irobot_create_common_bringup/share/irobot_create_common_bringup/hook/pythonpath.sh'
[1.028s] Level 1:colcon.colcon_core.environment:checking '/home/javierac/create3_ws/install/irobot_create_common_bringup/bin'
[1.029s] INFO:colcon.colcon_core.shell:Creating package script '/home/javierac/create3_ws/install/irobot_create_common_bringup/share/irobot_create_common_bringup/package.ps1'
[1.029s] INFO:colcon.colcon_core.shell:Creating package descriptor '/home/javierac/create3_ws/install/irobot_create_common_bringup/share/irobot_create_common_bringup/package.dsv'
[1.030s] INFO:colcon.colcon_core.shell:Creating package script '/home/javierac/create3_ws/install/irobot_create_common_bringup/share/irobot_create_common_bringup/package.sh'
[1.030s] INFO:colcon.colcon_core.shell:Creating package script '/home/javierac/create3_ws/install/irobot_create_common_bringup/share/irobot_create_common_bringup/package.bash'
[1.031s] INFO:colcon.colcon_core.shell:Creating package script '/home/javierac/create3_ws/install/irobot_create_common_bringup/share/irobot_create_common_bringup/package.zsh'
[1.031s] Level 1:colcon.colcon_core.environment:create_file_with_runtime_dependencies(/home/javierac/create3_ws/install/irobot_create_common_bringup/share/colcon-core/packages/irobot_create_common_bringup)
[1.031s] Level 1:colcon.colcon_core.environment:create_environment_scripts_only(irobot_create_common_bringup)
[1.031s] Level 1:colcon.colcon_core.environment:checking '/home/javierac/create3_ws/install/irobot_create_common_bringup' for CMake module files
[1.032s] Level 1:colcon.colcon_core.environment:checking '/home/javierac/create3_ws/install/irobot_create_common_bringup' for CMake config files
[1.032s] Level 1:colcon.colcon_core.shell:create_environment_hook('irobot_create_common_bringup', 'cmake_prefix_path')
[1.032s] INFO:colcon.colcon_core.shell:Creating environment hook '/home/javierac/create3_ws/install/irobot_create_common_bringup/share/irobot_create_common_bringup/hook/cmake_prefix_path.ps1'
[1.033s] INFO:colcon.colcon_core.shell:Creating environment descriptor '/home/javierac/create3_ws/install/irobot_create_common_bringup/share/irobot_create_common_bringup/hook/cmake_prefix_path.dsv'
[1.033s] INFO:colcon.colcon_core.shell:Creating environment hook '/home/javierac/create3_ws/install/irobot_create_common_bringup/share/irobot_create_common_bringup/hook/cmake_prefix_path.sh'
[1.033s] Level 1:colcon.colcon_core.environment:checking '/home/javierac/create3_ws/install/irobot_create_common_bringup/lib'
[1.033s] Level 1:colcon.colcon_core.environment:checking '/home/javierac/create3_ws/install/irobot_create_common_bringup/bin'
[1.033s] Level 1:colcon.colcon_core.environment:checking '/home/javierac/create3_ws/install/irobot_create_common_bringup/lib/pkgconfig/irobot_create_common_bringup.pc'
[1.034s] Level 1:colcon.colcon_core.environment:checking '/home/javierac/create3_ws/install/irobot_create_common_bringup/lib/python3.12/site-packages'
[1.034s] Level 1:colcon.colcon_core.shell:create_environment_hook('irobot_create_common_bringup', 'pythonpath')
[1.034s] INFO:colcon.colcon_core.shell:Creating environment hook '/home/javierac/create3_ws/install/irobot_create_common_bringup/share/irobot_create_common_bringup/hook/pythonpath.ps1'
[1.034s] INFO:colcon.colcon_core.shell:Creating environment descriptor '/home/javierac/create3_ws/install/irobot_create_common_bringup/share/irobot_create_common_bringup/hook/pythonpath.dsv'
[1.035s] INFO:colcon.colcon_core.shell:Creating environment hook '/home/javierac/create3_ws/install/irobot_create_common_bringup/share/irobot_create_common_bringup/hook/pythonpath.sh'
[1.035s] Level 1:colcon.colcon_core.environment:checking '/home/javierac/create3_ws/install/irobot_create_common_bringup/bin'
[1.035s] INFO:colcon.colcon_core.shell:Creating package script '/home/javierac/create3_ws/install/irobot_create_common_bringup/share/irobot_create_common_bringup/package.ps1'
[1.036s] INFO:colcon.colcon_core.shell:Creating package descriptor '/home/javierac/create3_ws/install/irobot_create_common_bringup/share/irobot_create_common_bringup/package.dsv'
[1.036s] INFO:colcon.colcon_core.shell:Creating package script '/home/javierac/create3_ws/install/irobot_create_common_bringup/share/irobot_create_common_bringup/package.sh'
[1.036s] INFO:colcon.colcon_core.shell:Creating package script '/home/javierac/create3_ws/install/irobot_create_common_bringup/share/irobot_create_common_bringup/package.bash'
[1.037s] INFO:colcon.colcon_core.shell:Creating package script '/home/javierac/create3_ws/install/irobot_create_common_bringup/share/irobot_create_common_bringup/package.zsh'
[1.037s] Level 1:colcon.colcon_core.environment:create_file_with_runtime_dependencies(/home/javierac/create3_ws/install/irobot_create_common_bringup/share/colcon-core/packages/irobot_create_common_bringup)
[1.037s] INFO:colcon.colcon_ros.task.ament_cmake.build:Building ROS package in '/home/javierac/create3_ws/src/irobot_create_gz/irobot_create_gz_bringup' with build type 'ament_cmake'
[1.037s] INFO:colcon.colcon_cmake.task.cmake.build:Building CMake package in '/home/javierac/create3_ws/src/irobot_create_gz/irobot_create_gz_bringup'
[1.038s] INFO:colcon.colcon_core.shell:Skip shell extension 'powershell' for command environment: Not usable outside of PowerShell
[1.038s] DEBUG:colcon.colcon_core.shell:Skip shell extension 'dsv' for command environment
[1.060s] DEBUG:colcon.colcon_core.event_handler.log_command:Invoking command in '/home/javierac/create3_ws/build/irobot_create_gz_bringup': CMAKE_PREFIX_PATH=/home/javierac/create3_ws/install/irobot_create_common_bringup:/home/javierac/create3_ws/install/irobot_create_nodes:/home/javierac/create3_ws/install/irobot_create_gz_toolbox:/home/javierac/create3_ws/install/irobot_create_description:/home/javierac/create3_ws/install/irobot_create_toolbox:/home/javierac/create3_ws/install/irobot_create_control:/home/javierac/create3_ws/install/irobot_create_gz_sim:/home/javierac/create3_ws/install/irobot_create_gz_bringup:/home/javierac/create3_ws/install/irobot_create_gz_plugins:/opt/ros/jazzy/opt/gz_sim_vendor:/opt/ros/jazzy/opt/gz_sensors_vendor:/opt/ros/jazzy/opt/gz_physics_vendor:/opt/ros/jazzy/opt/sdformat_vendor:/opt/ros/jazzy/opt/gz_gui_vendor:/opt/ros/jazzy/opt/gz_transport_vendor:/opt/ros/jazzy/opt/gz_rendering_vendor:/opt/ros/jazzy/opt/gz_plugin_vendor:/opt/ros/jazzy/opt/gz_fuel_tools_vendor:/opt/ros/jazzy/opt/gz_msgs_vendor:/opt/ros/jazzy/opt/gz_common_vendor:/opt/ros/jazzy/opt/gz_math_vendor:/opt/ros/jazzy/opt/gz_utils_vendor:/opt/ros/jazzy/opt/gz_tools_vendor:/opt/ros/jazzy/opt/gz_ogre_next_vendor:/opt/ros/jazzy/opt/gz_dartsim_vendor:/opt/ros/jazzy/opt/gz_cmake_vendor:/opt/ros/jazzy /usr/bin/cmake --build /home/javierac/create3_ws/build/irobot_create_gz_bringup -- -j20 -l20
[1.102s] DEBUG:colcon.colcon_core.event_handler.log_command:Invoked command in '/home/javierac/create3_ws/build/irobot_create_gz_bringup' returned '0': CMAKE_PREFIX_PATH=/home/javierac/create3_ws/install/irobot_create_common_bringup:/home/javierac/create3_ws/install/irobot_create_nodes:/home/javierac/create3_ws/install/irobot_create_gz_toolbox:/home/javierac/create3_ws/install/irobot_create_description:/home/javierac/create3_ws/install/irobot_create_toolbox:/home/javierac/create3_ws/install/irobot_create_control:/home/javierac/create3_ws/install/irobot_create_gz_sim:/home/javierac/create3_ws/install/irobot_create_gz_bringup:/home/javierac/create3_ws/install/irobot_create_gz_plugins:/opt/ros/jazzy/opt/gz_sim_vendor:/opt/ros/jazzy/opt/gz_sensors_vendor:/opt/ros/jazzy/opt/gz_physics_vendor:/opt/ros/jazzy/opt/sdformat_vendor:/opt/ros/jazzy/opt/gz_gui_vendor:/opt/ros/jazzy/opt/gz_transport_vendor:/opt/ros/jazzy/opt/gz_rendering_vendor:/opt/ros/jazzy/opt/gz_plugin_vendor:/opt/ros/jazzy/opt/gz_fuel_tools_vendor:/opt/ros/jazzy/opt/gz_msgs_vendor:/opt/ros/jazzy/opt/gz_common_vendor:/opt/ros/jazzy/opt/gz_math_vendor:/opt/ros/jazzy/opt/gz_utils_vendor:/opt/ros/jazzy/opt/gz_tools_vendor:/opt/ros/jazzy/opt/gz_ogre_next_vendor:/opt/ros/jazzy/opt/gz_dartsim_vendor:/opt/ros/jazzy/opt/gz_cmake_vendor:/opt/ros/jazzy /usr/bin/cmake --build /home/javierac/create3_ws/build/irobot_create_gz_bringup -- -j20 -l20
[1.103s] DEBUG:colcon.colcon_core.event_handler.log_command:Invoking command in '/home/javierac/create3_ws/build/irobot_create_gz_bringup': CMAKE_PREFIX_PATH=/home/javierac/create3_ws/install/irobot_create_common_bringup:/home/javierac/create3_ws/install/irobot_create_nodes:/home/javierac/create3_ws/install/irobot_create_gz_toolbox:/home/javierac/create3_ws/install/irobot_create_description:/home/javierac/create3_ws/install/irobot_create_toolbox:/home/javierac/create3_ws/install/irobot_create_control:/home/javierac/create3_ws/install/irobot_create_gz_sim:/home/javierac/create3_ws/install/irobot_create_gz_bringup:/home/javierac/create3_ws/install/irobot_create_gz_plugins:/opt/ros/jazzy/opt/gz_sim_vendor:/opt/ros/jazzy/opt/gz_sensors_vendor:/opt/ros/jazzy/opt/gz_physics_vendor:/opt/ros/jazzy/opt/sdformat_vendor:/opt/ros/jazzy/opt/gz_gui_vendor:/opt/ros/jazzy/opt/gz_transport_vendor:/opt/ros/jazzy/opt/gz_rendering_vendor:/opt/ros/jazzy/opt/gz_plugin_vendor:/opt/ros/jazzy/opt/gz_fuel_tools_vendor:/opt/ros/jazzy/opt/gz_msgs_vendor:/opt/ros/jazzy/opt/gz_common_vendor:/opt/ros/jazzy/opt/gz_math_vendor:/opt/ros/jazzy/opt/gz_utils_vendor:/opt/ros/jazzy/opt/gz_tools_vendor:/opt/ros/jazzy/opt/gz_ogre_next_vendor:/opt/ros/jazzy/opt/gz_dartsim_vendor:/opt/ros/jazzy/opt/gz_cmake_vendor:/opt/ros/jazzy /usr/bin/cmake --install /home/javierac/create3_ws/build/irobot_create_gz_bringup
[1.126s] Level 1:colcon.colcon_core.environment:create_environment_scripts_only(irobot_create_gz_bringup)
[1.126s] Level 1:colcon.colcon_core.environment:checking '/home/javierac/create3_ws/install/irobot_create_gz_bringup' for CMake module files
[1.127s] DEBUG:colcon.colcon_core.event_handler.log_command:Invoked command in '/home/javierac/create3_ws/build/irobot_create_gz_bringup' returned '0': CMAKE_PREFIX_PATH=/home/javierac/create3_ws/install/irobot_create_common_bringup:/home/javierac/create3_ws/install/irobot_create_nodes:/home/javierac/create3_ws/install/irobot_create_gz_toolbox:/home/javierac/create3_ws/install/irobot_create_description:/home/javierac/create3_ws/install/irobot_create_toolbox:/home/javierac/create3_ws/install/irobot_create_control:/home/javierac/create3_ws/install/irobot_create_gz_sim:/home/javierac/create3_ws/install/irobot_create_gz_bringup:/home/javierac/create3_ws/install/irobot_create_gz_plugins:/opt/ros/jazzy/opt/gz_sim_vendor:/opt/ros/jazzy/opt/gz_sensors_vendor:/opt/ros/jazzy/opt/gz_physics_vendor:/opt/ros/jazzy/opt/sdformat_vendor:/opt/ros/jazzy/opt/gz_gui_vendor:/opt/ros/jazzy/opt/gz_transport_vendor:/opt/ros/jazzy/opt/gz_rendering_vendor:/opt/ros/jazzy/opt/gz_plugin_vendor:/opt/ros/jazzy/opt/gz_fuel_tools_vendor:/opt/ros/jazzy/opt/gz_msgs_vendor:/opt/ros/jazzy/opt/gz_common_vendor:/opt/ros/jazzy/opt/gz_math_vendor:/opt/ros/jazzy/opt/gz_utils_vendor:/opt/ros/jazzy/opt/gz_tools_vendor:/opt/ros/jazzy/opt/gz_ogre_next_vendor:/opt/ros/jazzy/opt/gz_dartsim_vendor:/opt/ros/jazzy/opt/gz_cmake_vendor:/opt/ros/jazzy /usr/bin/cmake --install /home/javierac/create3_ws/build/irobot_create_gz_bringup
[1.127s] Level 1:colcon.colcon_core.environment:checking '/home/javierac/create3_ws/install/irobot_create_gz_bringup' for CMake config files
[1.127s] Level 1:colcon.colcon_core.shell:create_environment_hook('irobot_create_gz_bringup', 'cmake_prefix_path')
[1.127s] INFO:colcon.colcon_core.shell:Creating environment hook '/home/javierac/create3_ws/install/irobot_create_gz_bringup/share/irobot_create_gz_bringup/hook/cmake_prefix_path.ps1'
[1.128s] INFO:colcon.colcon_core.shell:Creating environment descriptor '/home/javierac/create3_ws/install/irobot_create_gz_bringup/share/irobot_create_gz_bringup/hook/cmake_prefix_path.dsv'
[1.128s] INFO:colcon.colcon_core.shell:Creating environment hook '/home/javierac/create3_ws/install/irobot_create_gz_bringup/share/irobot_create_gz_bringup/hook/cmake_prefix_path.sh'
[1.128s] Level 1:colcon.colcon_core.environment:checking '/home/javierac/create3_ws/install/irobot_create_gz_bringup/bin'
[1.129s] Level 1:colcon.colcon_core.environment:checking '/home/javierac/create3_ws/install/irobot_create_gz_bringup/lib/pkgconfig/irobot_create_gz_bringup.pc'
[1.129s] Level 1:colcon.colcon_core.environment:checking '/home/javierac/create3_ws/install/irobot_create_gz_bringup/lib/python3.12/site-packages'
[1.129s] Level 1:colcon.colcon_core.environment:checking '/home/javierac/create3_ws/install/irobot_create_gz_bringup/bin'
[1.129s] INFO:colcon.colcon_core.shell:Creating package script '/home/javierac/create3_ws/install/irobot_create_gz_bringup/share/irobot_create_gz_bringup/package.ps1'
[1.130s] INFO:colcon.colcon_core.shell:Creating package descriptor '/home/javierac/create3_ws/install/irobot_create_gz_bringup/share/irobot_create_gz_bringup/package.dsv'
[1.130s] INFO:colcon.colcon_core.shell:Creating package script '/home/javierac/create3_ws/install/irobot_create_gz_bringup/share/irobot_create_gz_bringup/package.sh'
[1.130s] INFO:colcon.colcon_core.shell:Creating package script '/home/javierac/create3_ws/install/irobot_create_gz_bringup/share/irobot_create_gz_bringup/package.bash'
[1.130s] INFO:colcon.colcon_core.shell:Creating package script '/home/javierac/create3_ws/install/irobot_create_gz_bringup/share/irobot_create_gz_bringup/package.zsh'
[1.131s] Level 1:colcon.colcon_core.environment:create_file_with_runtime_dependencies(/home/javierac/create3_ws/install/irobot_create_gz_bringup/share/colcon-core/packages/irobot_create_gz_bringup)
[1.131s] Level 1:colcon.colcon_core.environment:create_environment_scripts_only(irobot_create_gz_bringup)
[1.131s] Level 1:colcon.colcon_core.environment:checking '/home/javierac/create3_ws/install/irobot_create_gz_bringup' for CMake module files
[1.132s] Level 1:colcon.colcon_core.environment:checking '/home/javierac/create3_ws/install/irobot_create_gz_bringup' for CMake config files
[1.132s] Level 1:colcon.colcon_core.shell:create_environment_hook('irobot_create_gz_bringup', 'cmake_prefix_path')
[1.132s] INFO:colcon.colcon_core.shell:Creating environment hook '/home/javierac/create3_ws/install/irobot_create_gz_bringup/share/irobot_create_gz_bringup/hook/cmake_prefix_path.ps1'
[1.133s] INFO:colcon.colcon_core.shell:Creating environment descriptor '/home/javierac/create3_ws/install/irobot_create_gz_bringup/share/irobot_create_gz_bringup/hook/cmake_prefix_path.dsv'
[1.133s] INFO:colcon.colcon_core.shell:Creating environment hook '/home/javierac/create3_ws/install/irobot_create_gz_bringup/share/irobot_create_gz_bringup/hook/cmake_prefix_path.sh'
[1.133s] Level 1:colcon.colcon_core.environment:checking '/home/javierac/create3_ws/install/irobot_create_gz_bringup/bin'
[1.133s] Level 1:colcon.colcon_core.environment:checking '/home/javierac/create3_ws/install/irobot_create_gz_bringup/lib/pkgconfig/irobot_create_gz_bringup.pc'
[1.134s] Level 1:colcon.colcon_core.environment:checking '/home/javierac/create3_ws/install/irobot_create_gz_bringup/lib/python3.12/site-packages'
[1.134s] Level 1:colcon.colcon_core.environment:checking '/home/javierac/create3_ws/install/irobot_create_gz_bringup/bin'
[1.134s] INFO:colcon.colcon_core.shell:Creating package script '/home/javierac/create3_ws/install/irobot_create_gz_bringup/share/irobot_create_gz_bringup/package.ps1'
[1.134s] INFO:colcon.colcon_core.shell:Creating package descriptor '/home/javierac/create3_ws/install/irobot_create_gz_bringup/share/irobot_create_gz_bringup/package.dsv'
[1.135s] INFO:colcon.colcon_core.shell:Creating package script '/home/javierac/create3_ws/install/irobot_create_gz_bringup/share/irobot_create_gz_bringup/package.sh'
[1.135s] INFO:colcon.colcon_core.shell:Creating package script '/home/javierac/create3_ws/install/irobot_create_gz_bringup/share/irobot_create_gz_bringup/package.bash'
[1.135s] INFO:colcon.colcon_core.shell:Creating package script '/home/javierac/create3_ws/install/irobot_create_gz_bringup/share/irobot_create_gz_bringup/package.zsh'
[1.136s] Level 1:colcon.colcon_core.environment:create_file_with_runtime_dependencies(/home/javierac/create3_ws/install/irobot_create_gz_bringup/share/colcon-core/packages/irobot_create_gz_bringup)
[1.136s] INFO:colcon.colcon_ros.task.ament_cmake.build:Building ROS package in '/home/javierac/create3_ws/src/irobot_create_gz/irobot_create_gz_sim' with build type 'ament_cmake'
[1.136s] INFO:colcon.colcon_cmake.task.cmake.build:Building CMake package in '/home/javierac/create3_ws/src/irobot_create_gz/irobot_create_gz_sim'
[1.136s] INFO:colcon.colcon_core.shell:Skip shell extension 'powershell' for command environment: Not usable outside of PowerShell
[1.136s] DEBUG:colcon.colcon_core.shell:Skip shell extension 'dsv' for command environment
[1.162s] DEBUG:colcon.colcon_core.event_handler.log_command:Invoking command in '/home/javierac/create3_ws/build/irobot_create_gz_sim': CMAKE_PREFIX_PATH=/home/javierac/create3_ws/install/irobot_create_gz_bringup:/home/javierac/create3_ws/install/irobot_create_common_bringup:/home/javierac/create3_ws/install/irobot_create_nodes:/home/javierac/create3_ws/install/irobot_create_gz_toolbox:/home/javierac/create3_ws/install/irobot_create_description:/home/javierac/create3_ws/install/irobot_create_toolbox:/home/javierac/create3_ws/install/irobot_create_gz_plugins:/home/javierac/create3_ws/install/irobot_create_control:/home/javierac/create3_ws/install/irobot_create_gz_sim:/opt/ros/jazzy/opt/gz_sim_vendor:/opt/ros/jazzy/opt/gz_sensors_vendor:/opt/ros/jazzy/opt/gz_physics_vendor:/opt/ros/jazzy/opt/sdformat_vendor:/opt/ros/jazzy/opt/gz_gui_vendor:/opt/ros/jazzy/opt/gz_transport_vendor:/opt/ros/jazzy/opt/gz_rendering_vendor:/opt/ros/jazzy/opt/gz_plugin_vendor:/opt/ros/jazzy/opt/gz_fuel_tools_vendor:/opt/ros/jazzy/opt/gz_msgs_vendor:/opt/ros/jazzy/opt/gz_common_vendor:/opt/ros/jazzy/opt/gz_math_vendor:/opt/ros/jazzy/opt/gz_utils_vendor:/opt/ros/jazzy/opt/gz_tools_vendor:/opt/ros/jazzy/opt/gz_ogre_next_vendor:/opt/ros/jazzy/opt/gz_dartsim_vendor:/opt/ros/jazzy/opt/gz_cmake_vendor:/opt/ros/jazzy /usr/bin/cmake --build /home/javierac/create3_ws/build/irobot_create_gz_sim -- -j20 -l20
[1.211s] DEBUG:colcon.colcon_core.event_handler.log_command:Invoked command in '/home/javierac/create3_ws/build/irobot_create_gz_sim' returned '0': CMAKE_PREFIX_PATH=/home/javierac/create3_ws/install/irobot_create_gz_bringup:/home/javierac/create3_ws/install/irobot_create_common_bringup:/home/javierac/create3_ws/install/irobot_create_nodes:/home/javierac/create3_ws/install/irobot_create_gz_toolbox:/home/javierac/create3_ws/install/irobot_create_description:/home/javierac/create3_ws/install/irobot_create_toolbox:/home/javierac/create3_ws/install/irobot_create_gz_plugins:/home/javierac/create3_ws/install/irobot_create_control:/home/javierac/create3_ws/install/irobot_create_gz_sim:/opt/ros/jazzy/opt/gz_sim_vendor:/opt/ros/jazzy/opt/gz_sensors_vendor:/opt/ros/jazzy/opt/gz_physics_vendor:/opt/ros/jazzy/opt/sdformat_vendor:/opt/ros/jazzy/opt/gz_gui_vendor:/opt/ros/jazzy/opt/gz_transport_vendor:/opt/ros/jazzy/opt/gz_rendering_vendor:/opt/ros/jazzy/opt/gz_plugin_vendor:/opt/ros/jazzy/opt/gz_fuel_tools_vendor:/opt/ros/jazzy/opt/gz_msgs_vendor:/opt/ros/jazzy/opt/gz_common_vendor:/opt/ros/jazzy/opt/gz_math_vendor:/opt/ros/jazzy/opt/gz_utils_vendor:/opt/ros/jazzy/opt/gz_tools_vendor:/opt/ros/jazzy/opt/gz_ogre_next_vendor:/opt/ros/jazzy/opt/gz_dartsim_vendor:/opt/ros/jazzy/opt/gz_cmake_vendor:/opt/ros/jazzy /usr/bin/cmake --build /home/javierac/create3_ws/build/irobot_create_gz_sim -- -j20 -l20
[1.212s] DEBUG:colcon.colcon_core.event_handler.log_command:Invoking command in '/home/javierac/create3_ws/build/irobot_create_gz_sim': CMAKE_PREFIX_PATH=/home/javierac/create3_ws/install/irobot_create_gz_bringup:/home/javierac/create3_ws/install/irobot_create_common_bringup:/home/javierac/create3_ws/install/irobot_create_nodes:/home/javierac/create3_ws/install/irobot_create_gz_toolbox:/home/javierac/create3_ws/install/irobot_create_description:/home/javierac/create3_ws/install/irobot_create_toolbox:/home/javierac/create3_ws/install/irobot_create_gz_plugins:/home/javierac/create3_ws/install/irobot_create_control:/home/javierac/create3_ws/install/irobot_create_gz_sim:/opt/ros/jazzy/opt/gz_sim_vendor:/opt/ros/jazzy/opt/gz_sensors_vendor:/opt/ros/jazzy/opt/gz_physics_vendor:/opt/ros/jazzy/opt/sdformat_vendor:/opt/ros/jazzy/opt/gz_gui_vendor:/opt/ros/jazzy/opt/gz_transport_vendor:/opt/ros/jazzy/opt/gz_rendering_vendor:/opt/ros/jazzy/opt/gz_plugin_vendor:/opt/ros/jazzy/opt/gz_fuel_tools_vendor:/opt/ros/jazzy/opt/gz_msgs_vendor:/opt/ros/jazzy/opt/gz_common_vendor:/opt/ros/jazzy/opt/gz_math_vendor:/opt/ros/jazzy/opt/gz_utils_vendor:/opt/ros/jazzy/opt/gz_tools_vendor:/opt/ros/jazzy/opt/gz_ogre_next_vendor:/opt/ros/jazzy/opt/gz_dartsim_vendor:/opt/ros/jazzy/opt/gz_cmake_vendor:/opt/ros/jazzy /usr/bin/cmake --install /home/javierac/create3_ws/build/irobot_create_gz_sim
[1.234s] Level 1:colcon.colcon_core.environment:create_environment_scripts_only(irobot_create_gz_sim)
[1.234s] Level 1:colcon.colcon_core.environment:checking '/home/javierac/create3_ws/install/irobot_create_gz_sim' for CMake module files
[1.234s] DEBUG:colcon.colcon_core.event_handler.log_command:Invoked command in '/home/javierac/create3_ws/build/irobot_create_gz_sim' returned '0': CMAKE_PREFIX_PATH=/home/javierac/create3_ws/install/irobot_create_gz_bringup:/home/javierac/create3_ws/install/irobot_create_common_bringup:/home/javierac/create3_ws/install/irobot_create_nodes:/home/javierac/create3_ws/install/irobot_create_gz_toolbox:/home/javierac/create3_ws/install/irobot_create_description:/home/javierac/create3_ws/install/irobot_create_toolbox:/home/javierac/create3_ws/install/irobot_create_gz_plugins:/home/javierac/create3_ws/install/irobot_create_control:/home/javierac/create3_ws/install/irobot_create_gz_sim:/opt/ros/jazzy/opt/gz_sim_vendor:/opt/ros/jazzy/opt/gz_sensors_vendor:/opt/ros/jazzy/opt/gz_physics_vendor:/opt/ros/jazzy/opt/sdformat_vendor:/opt/ros/jazzy/opt/gz_gui_vendor:/opt/ros/jazzy/opt/gz_transport_vendor:/opt/ros/jazzy/opt/gz_rendering_vendor:/opt/ros/jazzy/opt/gz_plugin_vendor:/opt/ros/jazzy/opt/gz_fuel_tools_vendor:/opt/ros/jazzy/opt/gz_msgs_vendor:/opt/ros/jazzy/opt/gz_common_vendor:/opt/ros/jazzy/opt/gz_math_vendor:/opt/ros/jazzy/opt/gz_utils_vendor:/opt/ros/jazzy/opt/gz_tools_vendor:/opt/ros/jazzy/opt/gz_ogre_next_vendor:/opt/ros/jazzy/opt/gz_dartsim_vendor:/opt/ros/jazzy/opt/gz_cmake_vendor:/opt/ros/jazzy /usr/bin/cmake --install /home/javierac/create3_ws/build/irobot_create_gz_sim
[1.235s] Level 1:colcon.colcon_core.environment:checking '/home/javierac/create3_ws/install/irobot_create_gz_sim' for CMake config files
[1.235s] Level 1:colcon.colcon_core.shell:create_environment_hook('irobot_create_gz_sim', 'cmake_prefix_path')
[1.236s] INFO:colcon.colcon_core.shell:Creating environment hook '/home/javierac/create3_ws/install/irobot_create_gz_sim/share/irobot_create_gz_sim/hook/cmake_prefix_path.ps1'
[1.236s] INFO:colcon.colcon_core.shell:Creating environment descriptor '/home/javierac/create3_ws/install/irobot_create_gz_sim/share/irobot_create_gz_sim/hook/cmake_prefix_path.dsv'
[1.236s] INFO:colcon.colcon_core.shell:Creating environment hook '/home/javierac/create3_ws/install/irobot_create_gz_sim/share/irobot_create_gz_sim/hook/cmake_prefix_path.sh'
[1.237s] Level 1:colcon.colcon_core.environment:checking '/home/javierac/create3_ws/install/irobot_create_gz_sim/bin'
[1.237s] Level 1:colcon.colcon_core.environment:checking '/home/javierac/create3_ws/install/irobot_create_gz_sim/lib/pkgconfig/irobot_create_gz_sim.pc'
[1.237s] Level 1:colcon.colcon_core.environment:checking '/home/javierac/create3_ws/install/irobot_create_gz_sim/lib/python3.12/site-packages'
[1.237s] Level 1:colcon.colcon_core.environment:checking '/home/javierac/create3_ws/install/irobot_create_gz_sim/bin'
[1.238s] INFO:colcon.colcon_core.shell:Creating package script '/home/javierac/create3_ws/install/irobot_create_gz_sim/share/irobot_create_gz_sim/package.ps1'
[1.238s] INFO:colcon.colcon_core.shell:Creating package descriptor '/home/javierac/create3_ws/install/irobot_create_gz_sim/share/irobot_create_gz_sim/package.dsv'
[1.238s] INFO:colcon.colcon_core.shell:Creating package script '/home/javierac/create3_ws/install/irobot_create_gz_sim/share/irobot_create_gz_sim/package.sh'
[1.239s] INFO:colcon.colcon_core.shell:Creating package script '/home/javierac/create3_ws/install/irobot_create_gz_sim/share/irobot_create_gz_sim/package.bash'
[1.239s] INFO:colcon.colcon_core.shell:Creating package script '/home/javierac/create3_ws/install/irobot_create_gz_sim/share/irobot_create_gz_sim/package.zsh'
[1.239s] Level 1:colcon.colcon_core.environment:create_file_with_runtime_dependencies(/home/javierac/create3_ws/install/irobot_create_gz_sim/share/colcon-core/packages/irobot_create_gz_sim)
[1.240s] Level 1:colcon.colcon_core.environment:create_environment_scripts_only(irobot_create_gz_sim)
[1.240s] Level 1:colcon.colcon_core.environment:checking '/home/javierac/create3_ws/install/irobot_create_gz_sim' for CMake module files
[1.240s] Level 1:colcon.colcon_core.environment:checking '/home/javierac/create3_ws/install/irobot_create_gz_sim' for CMake config files
[1.240s] Level 1:colcon.colcon_core.shell:create_environment_hook('irobot_create_gz_sim', 'cmake_prefix_path')
[1.240s] INFO:colcon.colcon_core.shell:Creating environment hook '/home/javierac/create3_ws/install/irobot_create_gz_sim/share/irobot_create_gz_sim/hook/cmake_prefix_path.ps1'
[1.241s] INFO:colcon.colcon_core.shell:Creating environment descriptor '/home/javierac/create3_ws/install/irobot_create_gz_sim/share/irobot_create_gz_sim/hook/cmake_prefix_path.dsv'
[1.241s] INFO:colcon.colcon_core.shell:Creating environment hook '/home/javierac/create3_ws/install/irobot_create_gz_sim/share/irobot_create_gz_sim/hook/cmake_prefix_path.sh'
[1.241s] Level 1:colcon.colcon_core.environment:checking '/home/javierac/create3_ws/install/irobot_create_gz_sim/bin'
[1.242s] Level 1:colcon.colcon_core.environment:checking '/home/javierac/create3_ws/install/irobot_create_gz_sim/lib/pkgconfig/irobot_create_gz_sim.pc'
[1.242s] Level 1:colcon.colcon_core.environment:checking '/home/javierac/create3_ws/install/irobot_create_gz_sim/lib/python3.12/site-packages'
[1.242s] Level 1:colcon.colcon_core.environment:checking '/home/javierac/create3_ws/install/irobot_create_gz_sim/bin'
[1.242s] INFO:colcon.colcon_core.shell:Creating package script '/home/javierac/create3_ws/install/irobot_create_gz_sim/share/irobot_create_gz_sim/package.ps1'
[1.243s] INFO:colcon.colcon_core.shell:Creating package descriptor '/home/javierac/create3_ws/install/irobot_create_gz_sim/share/irobot_create_gz_sim/package.dsv'
[1.243s] INFO:colcon.colcon_core.shell:Creating package script '/home/javierac/create3_ws/install/irobot_create_gz_sim/share/irobot_create_gz_sim/package.sh'
[1.244s] INFO:colcon.colcon_core.shell:Creating package script '/home/javierac/create3_ws/install/irobot_create_gz_sim/share/irobot_create_gz_sim/package.bash'
[1.244s] INFO:colcon.colcon_core.shell:Creating package script '/home/javierac/create3_ws/install/irobot_create_gz_sim/share/irobot_create_gz_sim/package.zsh'
[1.244s] Level 1:colcon.colcon_core.environment:create_file_with_runtime_dependencies(/home/javierac/create3_ws/install/irobot_create_gz_sim/share/colcon-core/packages/irobot_create_gz_sim)
[1.245s] DEBUG:colcon.colcon_parallel_executor.executor.parallel:closing loop
[1.245s] DEBUG:colcon.colcon_parallel_executor.executor.parallel:loop closed
[1.245s] DEBUG:colcon.colcon_parallel_executor.executor.parallel:run_until_complete finished with '0'
[1.245s] DEBUG:colcon.colcon_core.event_reactor:joining thread
[1.251s] INFO:colcon.colcon_core.plugin_system:Skipping extension 'colcon_notification.desktop_notification.notify_send': Could not find 'notify-send'
[1.251s] INFO:colcon.colcon_core.plugin_system:Skipping extension 'colcon_notification.desktop_notification.terminal_notifier': Not used on non-Darwin systems
[1.251s] INFO:colcon.colcon_core.plugin_system:Skipping extension 'colcon_notification.desktop_notification.win32': Not used on non-Windows systems
[1.251s] INFO:colcon.colcon_notification.desktop_notification:Sending desktop notification using 'notify2'
[1.253s] DEBUG:colcon.colcon_notification.desktop_notification.notify2:Failed to initialize notify2: org.freedesktop.DBus.Error.Spawn.ExecFailed: /usr/bin/dbus-launch terminated abnormally without any error message
[1.254s] DEBUG:colcon.colcon_core.event_reactor:joined thread
[1.254s] INFO:colcon.colcon_core.shell:Creating prefix script '/home/javierac/create3_ws/install/local_setup.ps1'
[1.255s] INFO:colcon.colcon_core.shell:Creating prefix util module '/home/javierac/create3_ws/install/_local_setup_util_ps1.py'
[1.256s] INFO:colcon.colcon_core.shell:Creating prefix chain script '/home/javierac/create3_ws/install/setup.ps1'
[1.257s] INFO:colcon.colcon_core.shell:Creating prefix script '/home/javierac/create3_ws/install/local_setup.sh'
[1.257s] INFO:colcon.colcon_core.shell:Creating prefix util module '/home/javierac/create3_ws/install/_local_setup_util_sh.py'
[1.258s] INFO:colcon.colcon_core.shell:Creating prefix chain script '/home/javierac/create3_ws/install/setup.sh'
[1.260s] INFO:colcon.colcon_core.shell:Creating prefix script '/home/javierac/create3_ws/install/local_setup.bash'
[1.260s] INFO:colcon.colcon_core.shell:Creating prefix chain script '/home/javierac/create3_ws/install/setup.bash'
[1.261s] INFO:colcon.colcon_core.shell:Creating prefix script '/home/javierac/create3_ws/install/local_setup.zsh'
[1.261s] INFO:colcon.colcon_core.shell:Creating prefix chain script '/home/javierac/create3_ws/install/setup.zsh'
