[0.111s] DEBUG:colcon:Command line arguments: ['/usr/bin/colcon', 'build']
[0.111s] DEBUG:colcon:Parsed command line arguments: Namespace(log_base=None, log_level=None, verb_name='build', build_base='build', install_base='install', merge_install=False, symlink_install=False, test_result_base=None, continue_on_error=False, executor='parallel', parallel_workers=20, event_handlers=None, ignore_user_meta=False, metas=['./colcon.meta'], base_paths=['.'], packages_ignore=None, packages_ignore_regex=None, paths=None, packages_up_to=None, packages_up_to_regex=None, packages_above=None, packages_above_and_dependencies=None, packages_above_depth=None, packages_select_by_dep=None, packages_skip_by_dep=None, packages_skip_up_to=None, packages_select_build_failed=False, packages_skip_build_finished=False, packages_select_test_failures=False, packages_skip_test_passed=False, packages_select=None, packages_skip=None, packages_select_regex=None, packages_skip_regex=None, packages_start=None, packages_end=None, cmake_args=None, cmake_target=None, cmake_target_skip_unavailable=False, cmake_clean_cache=False, cmake_clean_first=False, cmake_force_configure=False, ament_cmake_args=None, catkin_cmake_args=None, catkin_skip_building_tests=False, mixin_files=None, mixin=None, verb_parser=<colcon_mixin.mixin.mixin_argument.MixinArgumentDecorator object at 0x768c0beb9a00>, verb_extension=<colcon_core.verb.build.BuildVerb object at 0x768c0beb9700>, main=<bound method BuildVerb.main of <colcon_core.verb.build.BuildVerb object at 0x768c0beb9700>>, mixin_verb=('build',))
[0.150s] Level 1:colcon.colcon_core.package_discovery:discover_packages(colcon_meta) check parameters
[0.151s] INFO:colcon.colcon_metadata.package_discovery.colcon_meta:Using configuration from '/root/.colcon/metadata/default/Gazebo.meta'
[0.151s] INFO:colcon.colcon_metadata.package_discovery.colcon_meta:Using configuration from '/root/.colcon/metadata/default/fastdds.meta'
[0.152s] INFO:colcon.colcon_metadata.package_discovery.colcon_meta:Using configuration from '/root/.colcon/metadata/default/fastrtps.meta'
[0.152s] Level 1:colcon.colcon_core.package_discovery:discover_packages(recursive) check parameters
[0.152s] Level 1:colcon.colcon_core.package_discovery:discover_packages(ignore) check parameters
[0.152s] Level 1:colcon.colcon_core.package_discovery:discover_packages(path) check parameters
[0.152s] Level 1:colcon.colcon_core.package_discovery:discover_packages(colcon_meta) discover
[0.152s] Level 1:colcon.colcon_core.package_discovery:discover_packages(recursive) discover
[0.152s] INFO:colcon.colcon_core.package_discovery:Crawling recursively for packages in '/home/javierac/create3_ws'
[0.152s] Level 1:colcon.colcon_core.package_identification:_identify(.) by extensions ['ignore', 'ignore_ament_install']
[0.152s] Level 1:colcon.colcon_core.package_identification:_identify(.) by extension 'ignore'
[0.152s] Level 1:colcon.colcon_core.package_identification:_identify(.) by extension 'ignore_ament_install'
[0.152s] Level 1:colcon.colcon_core.package_identification:_identify(.) by extensions ['colcon_pkg']
[0.152s] Level 1:colcon.colcon_core.package_identification:_identify(.) by extension 'colcon_pkg'
[0.152s] Level 1:colcon.colcon_core.package_identification:_identify(.) by extensions ['colcon_meta']
[0.152s] Level 1:colcon.colcon_core.package_identification:_identify(.) by extension 'colcon_meta'
[0.152s] Level 1:colcon.colcon_core.package_identification:_identify(.) by extensions ['ros']
[0.152s] Level 1:colcon.colcon_core.package_identification:_identify(.) by extension 'ros'
[0.179s] Level 1:colcon.colcon_core.package_identification:_identify(.) by extensions ['cmake', 'python']
[0.179s] Level 1:colcon.colcon_core.package_identification:_identify(.) by extension 'cmake'
[0.179s] Level 1:colcon.colcon_core.package_identification:_identify(.) by extension 'python'
[0.179s] Level 1:colcon.colcon_core.package_identification:_identify(.) by extensions ['python_setup_py']
[0.179s] Level 1:colcon.colcon_core.package_identification:_identify(.) by extension 'python_setup_py'
[0.179s] Level 1:colcon.colcon_core.package_identification:_identify(build) by extensions ['ignore', 'ignore_ament_install']
[0.179s] Level 1:colcon.colcon_core.package_identification:_identify(build) by extension 'ignore'
[0.179s] Level 1:colcon.colcon_core.package_identification:_identify(build) ignored
[0.179s] Level 1:colcon.colcon_core.package_identification:_identify(install) by extensions ['ignore', 'ignore_ament_install']
[0.179s] Level 1:colcon.colcon_core.package_identification:_identify(install) by extension 'ignore'
[0.180s] Level 1:colcon.colcon_core.package_identification:_identify(install) ignored
[0.180s] Level 1:colcon.colcon_core.package_identification:_identify(log) by extensions ['ignore', 'ignore_ament_install']
[0.180s] Level 1:colcon.colcon_core.package_identification:_identify(log) by extension 'ignore'
[0.180s] Level 1:colcon.colcon_core.package_identification:_identify(log) ignored
[0.180s] Level 1:colcon.colcon_core.package_identification:_identify(src) by extensions ['ignore', 'ignore_ament_install']
[0.180s] Level 1:colcon.colcon_core.package_identification:_identify(src) by extension 'ignore'
[0.180s] Level 1:colcon.colcon_core.package_identification:_identify(src) by extension 'ignore_ament_install'
[0.180s] Level 1:colcon.colcon_core.package_identification:_identify(src) by extensions ['colcon_pkg']
[0.180s] Level 1:colcon.colcon_core.package_identification:_identify(src) by extension 'colcon_pkg'
[0.180s] Level 1:colcon.colcon_core.package_identification:_identify(src) by extensions ['colcon_meta']
[0.180s] Level 1:colcon.colcon_core.package_identification:_identify(src) by extension 'colcon_meta'
[0.180s] Level 1:colcon.colcon_core.package_identification:_identify(src) by extensions ['ros']
[0.180s] Level 1:colcon.colcon_core.package_identification:_identify(src) by extension 'ros'
[0.180s] Level 1:colcon.colcon_core.package_identification:_identify(src) by extensions ['cmake', 'python']
[0.180s] Level 1:colcon.colcon_core.package_identification:_identify(src) by extension 'cmake'
[0.180s] Level 1:colcon.colcon_core.package_identification:_identify(src) by extension 'python'
[0.180s] Level 1:colcon.colcon_core.package_identification:_identify(src) by extensions ['python_setup_py']
[0.180s] Level 1:colcon.colcon_core.package_identification:_identify(src) by extension 'python_setup_py'
[0.180s] Level 1:colcon.colcon_core.package_identification:_identify(src/irobot_create_common) by extensions ['ignore', 'ignore_ament_install']
[0.180s] Level 1:colcon.colcon_core.package_identification:_identify(src/irobot_create_common) by extension 'ignore'
[0.181s] Level 1:colcon.colcon_core.package_identification:_identify(src/irobot_create_common) by extension 'ignore_ament_install'
[0.181s] Level 1:colcon.colcon_core.package_identification:_identify(src/irobot_create_common) by extensions ['colcon_pkg']
[0.181s] Level 1:colcon.colcon_core.package_identification:_identify(src/irobot_create_common) by extension 'colcon_pkg'
[0.181s] Level 1:colcon.colcon_core.package_identification:_identify(src/irobot_create_common) by extensions ['colcon_meta']
[0.181s] Level 1:colcon.colcon_core.package_identification:_identify(src/irobot_create_common) by extension 'colcon_meta'
[0.181s] Level 1:colcon.colcon_core.package_identification:_identify(src/irobot_create_common) by extensions ['ros']
[0.181s] Level 1:colcon.colcon_core.package_identification:_identify(src/irobot_create_common) by extension 'ros'
[0.181s] Level 1:colcon.colcon_core.package_identification:_identify(src/irobot_create_common) by extensions ['cmake', 'python']
[0.181s] Level 1:colcon.colcon_core.package_identification:_identify(src/irobot_create_common) by extension 'cmake'
[0.181s] Level 1:colcon.colcon_core.package_identification:_identify(src/irobot_create_common) by extension 'python'
[0.181s] Level 1:colcon.colcon_core.package_identification:_identify(src/irobot_create_common) by extensions ['python_setup_py']
[0.181s] Level 1:colcon.colcon_core.package_identification:_identify(src/irobot_create_common) by extension 'python_setup_py'
[0.181s] Level 1:colcon.colcon_core.package_identification:_identify(src/irobot_create_common/irobot_create_common_bringup) by extensions ['ignore', 'ignore_ament_install']
[0.181s] Level 1:colcon.colcon_core.package_identification:_identify(src/irobot_create_common/irobot_create_common_bringup) by extension 'ignore'
[0.181s] Level 1:colcon.colcon_core.package_identification:_identify(src/irobot_create_common/irobot_create_common_bringup) by extension 'ignore_ament_install'
[0.181s] Level 1:colcon.colcon_core.package_identification:_identify(src/irobot_create_common/irobot_create_common_bringup) by extensions ['colcon_pkg']
[0.181s] Level 1:colcon.colcon_core.package_identification:_identify(src/irobot_create_common/irobot_create_common_bringup) by extension 'colcon_pkg'
[0.181s] Level 1:colcon.colcon_core.package_identification:_identify(src/irobot_create_common/irobot_create_common_bringup) by extensions ['colcon_meta']
[0.181s] Level 1:colcon.colcon_core.package_identification:_identify(src/irobot_create_common/irobot_create_common_bringup) by extension 'colcon_meta'
[0.181s] Level 1:colcon.colcon_core.package_identification:_identify(src/irobot_create_common/irobot_create_common_bringup) by extensions ['ros']
[0.181s] Level 1:colcon.colcon_core.package_identification:_identify(src/irobot_create_common/irobot_create_common_bringup) by extension 'ros'
[0.184s] DEBUG:colcon.colcon_core.package_identification:Package 'src/irobot_create_common/irobot_create_common_bringup' with type 'ros.ament_cmake' and name 'irobot_create_common_bringup'
[0.184s] Level 1:colcon.colcon_core.package_identification:_identify(src/irobot_create_common/irobot_create_control) by extensions ['ignore', 'ignore_ament_install']
[0.184s] Level 1:colcon.colcon_core.package_identification:_identify(src/irobot_create_common/irobot_create_control) by extension 'ignore'
[0.184s] Level 1:colcon.colcon_core.package_identification:_identify(src/irobot_create_common/irobot_create_control) by extension 'ignore_ament_install'
[0.184s] Level 1:colcon.colcon_core.package_identification:_identify(src/irobot_create_common/irobot_create_control) by extensions ['colcon_pkg']
[0.184s] Level 1:colcon.colcon_core.package_identification:_identify(src/irobot_create_common/irobot_create_control) by extension 'colcon_pkg'
[0.184s] Level 1:colcon.colcon_core.package_identification:_identify(src/irobot_create_common/irobot_create_control) by extensions ['colcon_meta']
[0.184s] Level 1:colcon.colcon_core.package_identification:_identify(src/irobot_create_common/irobot_create_control) by extension 'colcon_meta'
[0.184s] Level 1:colcon.colcon_core.package_identification:_identify(src/irobot_create_common/irobot_create_control) by extensions ['ros']
[0.184s] Level 1:colcon.colcon_core.package_identification:_identify(src/irobot_create_common/irobot_create_control) by extension 'ros'
[0.185s] DEBUG:colcon.colcon_core.package_identification:Package 'src/irobot_create_common/irobot_create_control' with type 'ros.ament_cmake' and name 'irobot_create_control'
[0.185s] Level 1:colcon.colcon_core.package_identification:_identify(src/irobot_create_common/irobot_create_description) by extensions ['ignore', 'ignore_ament_install']
[0.185s] Level 1:colcon.colcon_core.package_identification:_identify(src/irobot_create_common/irobot_create_description) by extension 'ignore'
[0.185s] Level 1:colcon.colcon_core.package_identification:_identify(src/irobot_create_common/irobot_create_description) by extension 'ignore_ament_install'
[0.185s] Level 1:colcon.colcon_core.package_identification:_identify(src/irobot_create_common/irobot_create_description) by extensions ['colcon_pkg']
[0.185s] Level 1:colcon.colcon_core.package_identification:_identify(src/irobot_create_common/irobot_create_description) by extension 'colcon_pkg'
[0.185s] Level 1:colcon.colcon_core.package_identification:_identify(src/irobot_create_common/irobot_create_description) by extensions ['colcon_meta']
[0.185s] Level 1:colcon.colcon_core.package_identification:_identify(src/irobot_create_common/irobot_create_description) by extension 'colcon_meta'
[0.185s] Level 1:colcon.colcon_core.package_identification:_identify(src/irobot_create_common/irobot_create_description) by extensions ['ros']
[0.185s] Level 1:colcon.colcon_core.package_identification:_identify(src/irobot_create_common/irobot_create_description) by extension 'ros'
[0.186s] DEBUG:colcon.colcon_core.package_identification:Package 'src/irobot_create_common/irobot_create_description' with type 'ros.ament_cmake' and name 'irobot_create_description'
[0.186s] Level 1:colcon.colcon_core.package_identification:_identify(src/irobot_create_common/irobot_create_nodes) by extensions ['ignore', 'ignore_ament_install']
[0.186s] Level 1:colcon.colcon_core.package_identification:_identify(src/irobot_create_common/irobot_create_nodes) by extension 'ignore'
[0.186s] Level 1:colcon.colcon_core.package_identification:_identify(src/irobot_create_common/irobot_create_nodes) by extension 'ignore_ament_install'
[0.186s] Level 1:colcon.colcon_core.package_identification:_identify(src/irobot_create_common/irobot_create_nodes) by extensions ['colcon_pkg']
[0.186s] Level 1:colcon.colcon_core.package_identification:_identify(src/irobot_create_common/irobot_create_nodes) by extension 'colcon_pkg'
[0.186s] Level 1:colcon.colcon_core.package_identification:_identify(src/irobot_create_common/irobot_create_nodes) by extensions ['colcon_meta']
[0.186s] Level 1:colcon.colcon_core.package_identification:_identify(src/irobot_create_common/irobot_create_nodes) by extension 'colcon_meta'
[0.186s] Level 1:colcon.colcon_core.package_identification:_identify(src/irobot_create_common/irobot_create_nodes) by extensions ['ros']
[0.186s] Level 1:colcon.colcon_core.package_identification:_identify(src/irobot_create_common/irobot_create_nodes) by extension 'ros'
[0.187s] DEBUG:colcon.colcon_core.package_identification:Package 'src/irobot_create_common/irobot_create_nodes' with type 'ros.ament_cmake' and name 'irobot_create_nodes'
[0.187s] Level 1:colcon.colcon_core.package_identification:_identify(src/irobot_create_common/irobot_create_toolbox) by extensions ['ignore', 'ignore_ament_install']
[0.187s] Level 1:colcon.colcon_core.package_identification:_identify(src/irobot_create_common/irobot_create_toolbox) by extension 'ignore'
[0.187s] Level 1:colcon.colcon_core.package_identification:_identify(src/irobot_create_common/irobot_create_toolbox) by extension 'ignore_ament_install'
[0.187s] Level 1:colcon.colcon_core.package_identification:_identify(src/irobot_create_common/irobot_create_toolbox) by extensions ['colcon_pkg']
[0.187s] Level 1:colcon.colcon_core.package_identification:_identify(src/irobot_create_common/irobot_create_toolbox) by extension 'colcon_pkg'
[0.188s] Level 1:colcon.colcon_core.package_identification:_identify(src/irobot_create_common/irobot_create_toolbox) by extensions ['colcon_meta']
[0.188s] Level 1:colcon.colcon_core.package_identification:_identify(src/irobot_create_common/irobot_create_toolbox) by extension 'colcon_meta'
[0.188s] Level 1:colcon.colcon_core.package_identification:_identify(src/irobot_create_common/irobot_create_toolbox) by extensions ['ros']
[0.188s] Level 1:colcon.colcon_core.package_identification:_identify(src/irobot_create_common/irobot_create_toolbox) by extension 'ros'
[0.188s] DEBUG:colcon.colcon_core.package_identification:Package 'src/irobot_create_common/irobot_create_toolbox' with type 'ros.ament_cmake' and name 'irobot_create_toolbox'
[0.189s] Level 1:colcon.colcon_core.package_identification:_identify(src/irobot_create_gz) by extensions ['ignore', 'ignore_ament_install']
[0.189s] Level 1:colcon.colcon_core.package_identification:_identify(src/irobot_create_gz) by extension 'ignore'
[0.189s] Level 1:colcon.colcon_core.package_identification:_identify(src/irobot_create_gz) by extension 'ignore_ament_install'
[0.189s] Level 1:colcon.colcon_core.package_identification:_identify(src/irobot_create_gz) by extensions ['colcon_pkg']
[0.189s] Level 1:colcon.colcon_core.package_identification:_identify(src/irobot_create_gz) by extension 'colcon_pkg'
[0.189s] Level 1:colcon.colcon_core.package_identification:_identify(src/irobot_create_gz) by extensions ['colcon_meta']
[0.189s] Level 1:colcon.colcon_core.package_identification:_identify(src/irobot_create_gz) by extension 'colcon_meta'
[0.189s] Level 1:colcon.colcon_core.package_identification:_identify(src/irobot_create_gz) by extensions ['ros']
[0.189s] Level 1:colcon.colcon_core.package_identification:_identify(src/irobot_create_gz) by extension 'ros'
[0.189s] Level 1:colcon.colcon_core.package_identification:_identify(src/irobot_create_gz) by extensions ['cmake', 'python']
[0.189s] Level 1:colcon.colcon_core.package_identification:_identify(src/irobot_create_gz) by extension 'cmake'
[0.189s] Level 1:colcon.colcon_core.package_identification:_identify(src/irobot_create_gz) by extension 'python'
[0.189s] Level 1:colcon.colcon_core.package_identification:_identify(src/irobot_create_gz) by extensions ['python_setup_py']
[0.189s] Level 1:colcon.colcon_core.package_identification:_identify(src/irobot_create_gz) by extension 'python_setup_py'
[0.189s] Level 1:colcon.colcon_core.package_identification:_identify(src/irobot_create_gz/irobot_create_gz_bringup) by extensions ['ignore', 'ignore_ament_install']
[0.189s] Level 1:colcon.colcon_core.package_identification:_identify(src/irobot_create_gz/irobot_create_gz_bringup) by extension 'ignore'
[0.189s] Level 1:colcon.colcon_core.package_identification:_identify(src/irobot_create_gz/irobot_create_gz_bringup) by extension 'ignore_ament_install'
[0.189s] Level 1:colcon.colcon_core.package_identification:_identify(src/irobot_create_gz/irobot_create_gz_bringup) by extensions ['colcon_pkg']
[0.189s] Level 1:colcon.colcon_core.package_identification:_identify(src/irobot_create_gz/irobot_create_gz_bringup) by extension 'colcon_pkg'
[0.189s] Level 1:colcon.colcon_core.package_identification:_identify(src/irobot_create_gz/irobot_create_gz_bringup) by extensions ['colcon_meta']
[0.189s] Level 1:colcon.colcon_core.package_identification:_identify(src/irobot_create_gz/irobot_create_gz_bringup) by extension 'colcon_meta'
[0.189s] Level 1:colcon.colcon_core.package_identification:_identify(src/irobot_create_gz/irobot_create_gz_bringup) by extensions ['ros']
[0.189s] Level 1:colcon.colcon_core.package_identification:_identify(src/irobot_create_gz/irobot_create_gz_bringup) by extension 'ros'
[0.190s] DEBUG:colcon.colcon_core.package_identification:Package 'src/irobot_create_gz/irobot_create_gz_bringup' with type 'ros.ament_cmake' and name 'irobot_create_gz_bringup'
[0.190s] Level 1:colcon.colcon_core.package_identification:_identify(src/irobot_create_gz/irobot_create_gz_plugins) by extensions ['ignore', 'ignore_ament_install']
[0.190s] Level 1:colcon.colcon_core.package_identification:_identify(src/irobot_create_gz/irobot_create_gz_plugins) by extension 'ignore'
[0.190s] Level 1:colcon.colcon_core.package_identification:_identify(src/irobot_create_gz/irobot_create_gz_plugins) by extension 'ignore_ament_install'
[0.190s] Level 1:colcon.colcon_core.package_identification:_identify(src/irobot_create_gz/irobot_create_gz_plugins) by extensions ['colcon_pkg']
[0.190s] Level 1:colcon.colcon_core.package_identification:_identify(src/irobot_create_gz/irobot_create_gz_plugins) by extension 'colcon_pkg'
[0.190s] Level 1:colcon.colcon_core.package_identification:_identify(src/irobot_create_gz/irobot_create_gz_plugins) by extensions ['colcon_meta']
[0.190s] Level 1:colcon.colcon_core.package_identification:_identify(src/irobot_create_gz/irobot_create_gz_plugins) by extension 'colcon_meta'
[0.190s] Level 1:colcon.colcon_core.package_identification:_identify(src/irobot_create_gz/irobot_create_gz_plugins) by extensions ['ros']
[0.190s] Level 1:colcon.colcon_core.package_identification:_identify(src/irobot_create_gz/irobot_create_gz_plugins) by extension 'ros'
[0.191s] DEBUG:colcon.colcon_core.package_identification:Package 'src/irobot_create_gz/irobot_create_gz_plugins' with type 'ros.ament_cmake' and name 'irobot_create_gz_plugins'
[0.191s] Level 1:colcon.colcon_core.package_identification:_identify(src/irobot_create_gz/irobot_create_gz_sim) by extensions ['ignore', 'ignore_ament_install']
[0.191s] Level 1:colcon.colcon_core.package_identification:_identify(src/irobot_create_gz/irobot_create_gz_sim) by extension 'ignore'
[0.191s] Level 1:colcon.colcon_core.package_identification:_identify(src/irobot_create_gz/irobot_create_gz_sim) by extension 'ignore_ament_install'
[0.191s] Level 1:colcon.colcon_core.package_identification:_identify(src/irobot_create_gz/irobot_create_gz_sim) by extensions ['colcon_pkg']
[0.191s] Level 1:colcon.colcon_core.package_identification:_identify(src/irobot_create_gz/irobot_create_gz_sim) by extension 'colcon_pkg'
[0.191s] Level 1:colcon.colcon_core.package_identification:_identify(src/irobot_create_gz/irobot_create_gz_sim) by extensions ['colcon_meta']
[0.191s] Level 1:colcon.colcon_core.package_identification:_identify(src/irobot_create_gz/irobot_create_gz_sim) by extension 'colcon_meta'
[0.191s] Level 1:colcon.colcon_core.package_identification:_identify(src/irobot_create_gz/irobot_create_gz_sim) by extensions ['ros']
[0.191s] Level 1:colcon.colcon_core.package_identification:_identify(src/irobot_create_gz/irobot_create_gz_sim) by extension 'ros'
[0.192s] DEBUG:colcon.colcon_core.package_identification:Package 'src/irobot_create_gz/irobot_create_gz_sim' with type 'ros.ament_cmake' and name 'irobot_create_gz_sim'
[0.192s] Level 1:colcon.colcon_core.package_identification:_identify(src/irobot_create_gz/irobot_create_gz_toolbox) by extensions ['ignore', 'ignore_ament_install']
[0.192s] Level 1:colcon.colcon_core.package_identification:_identify(src/irobot_create_gz/irobot_create_gz_toolbox) by extension 'ignore'
[0.192s] Level 1:colcon.colcon_core.package_identification:_identify(src/irobot_create_gz/irobot_create_gz_toolbox) by extension 'ignore_ament_install'
[0.192s] Level 1:colcon.colcon_core.package_identification:_identify(src/irobot_create_gz/irobot_create_gz_toolbox) by extensions ['colcon_pkg']
[0.192s] Level 1:colcon.colcon_core.package_identification:_identify(src/irobot_create_gz/irobot_create_gz_toolbox) by extension 'colcon_pkg'
[0.192s] Level 1:colcon.colcon_core.package_identification:_identify(src/irobot_create_gz/irobot_create_gz_toolbox) by extensions ['colcon_meta']
[0.192s] Level 1:colcon.colcon_core.package_identification:_identify(src/irobot_create_gz/irobot_create_gz_toolbox) by extension 'colcon_meta'
[0.192s] Level 1:colcon.colcon_core.package_identification:_identify(src/irobot_create_gz/irobot_create_gz_toolbox) by extensions ['ros']
[0.192s] Level 1:colcon.colcon_core.package_identification:_identify(src/irobot_create_gz/irobot_create_gz_toolbox) by extension 'ros'
[0.193s] DEBUG:colcon.colcon_core.package_identification:Package 'src/irobot_create_gz/irobot_create_gz_toolbox' with type 'ros.ament_cmake' and name 'irobot_create_gz_toolbox'
[0.193s] Level 1:colcon.colcon_core.package_discovery:discover_packages(recursive) using defaults
[0.193s] Level 1:colcon.colcon_core.package_discovery:discover_packages(ignore) discover
[0.193s] Level 1:colcon.colcon_core.package_discovery:discover_packages(ignore) using defaults
[0.193s] Level 1:colcon.colcon_core.package_discovery:discover_packages(path) discover
[0.193s] Level 1:colcon.colcon_core.package_discovery:discover_packages(path) using defaults
[0.216s] Level 5:colcon.colcon_core.verb:set package 'irobot_create_control' build argument 'cmake_args' from command line to 'None'
[0.216s] Level 5:colcon.colcon_core.verb:set package 'irobot_create_control' build argument 'cmake_target' from command line to 'None'
[0.216s] Level 5:colcon.colcon_core.verb:set package 'irobot_create_control' build argument 'cmake_target_skip_unavailable' from command line to 'False'
[0.216s] Level 5:colcon.colcon_core.verb:set package 'irobot_create_control' build argument 'cmake_clean_cache' from command line to 'False'
[0.216s] Level 5:colcon.colcon_core.verb:set package 'irobot_create_control' build argument 'cmake_clean_first' from command line to 'False'
[0.216s] Level 5:colcon.colcon_core.verb:set package 'irobot_create_control' build argument 'cmake_force_configure' from command line to 'False'
[0.216s] Level 5:colcon.colcon_core.verb:set package 'irobot_create_control' build argument 'ament_cmake_args' from command line to 'None'
[0.216s] Level 5:colcon.colcon_core.verb:set package 'irobot_create_control' build argument 'catkin_cmake_args' from command line to 'None'
[0.216s] Level 5:colcon.colcon_core.verb:set package 'irobot_create_control' build argument 'catkin_skip_building_tests' from command line to 'False'
[0.216s] DEBUG:colcon.colcon_core.verb:Building package 'irobot_create_control' with the following arguments: {'ament_cmake_args': None, 'build_base': '/home/javierac/create3_ws/build/irobot_create_control', 'catkin_cmake_args': None, 'catkin_skip_building_tests': False, 'cmake_args': None, 'cmake_clean_cache': False, 'cmake_clean_first': False, 'cmake_force_configure': False, 'cmake_target': None, 'cmake_target_skip_unavailable': False, 'install_base': '/home/javierac/create3_ws/install/irobot_create_control', 'merge_install': False, 'path': '/home/javierac/create3_ws/src/irobot_create_common/irobot_create_control', 'symlink_install': False, 'test_result_base': None}
[0.216s] Level 5:colcon.colcon_core.verb:set package 'irobot_create_gz_plugins' build argument 'cmake_args' from command line to 'None'
[0.216s] Level 5:colcon.colcon_core.verb:set package 'irobot_create_gz_plugins' build argument 'cmake_target' from command line to 'None'
[0.216s] Level 5:colcon.colcon_core.verb:set package 'irobot_create_gz_plugins' build argument 'cmake_target_skip_unavailable' from command line to 'False'
[0.216s] Level 5:colcon.colcon_core.verb:set package 'irobot_create_gz_plugins' build argument 'cmake_clean_cache' from command line to 'False'
[0.216s] Level 5:colcon.colcon_core.verb:set package 'irobot_create_gz_plugins' build argument 'cmake_clean_first' from command line to 'False'
[0.216s] Level 5:colcon.colcon_core.verb:set package 'irobot_create_gz_plugins' build argument 'cmake_force_configure' from command line to 'False'
[0.216s] Level 5:colcon.colcon_core.verb:set package 'irobot_create_gz_plugins' build argument 'ament_cmake_args' from command line to 'None'
[0.216s] Level 5:colcon.colcon_core.verb:set package 'irobot_create_gz_plugins' build argument 'catkin_cmake_args' from command line to 'None'
[0.216s] Level 5:colcon.colcon_core.verb:set package 'irobot_create_gz_plugins' build argument 'catkin_skip_building_tests' from command line to 'False'
[0.216s] DEBUG:colcon.colcon_core.verb:Building package 'irobot_create_gz_plugins' with the following arguments: {'ament_cmake_args': None, 'build_base': '/home/javierac/create3_ws/build/irobot_create_gz_plugins', 'catkin_cmake_args': None, 'catkin_skip_building_tests': False, 'cmake_args': None, 'cmake_clean_cache': False, 'cmake_clean_first': False, 'cmake_force_configure': False, 'cmake_target': None, 'cmake_target_skip_unavailable': False, 'install_base': '/home/javierac/create3_ws/install/irobot_create_gz_plugins', 'merge_install': False, 'path': '/home/javierac/create3_ws/src/irobot_create_gz/irobot_create_gz_plugins', 'symlink_install': False, 'test_result_base': None}
[0.216s] Level 5:colcon.colcon_core.verb:set package 'irobot_create_toolbox' build argument 'cmake_args' from command line to 'None'
[0.216s] Level 5:colcon.colcon_core.verb:set package 'irobot_create_toolbox' build argument 'cmake_target' from command line to 'None'
[0.217s] Level 5:colcon.colcon_core.verb:set package 'irobot_create_toolbox' build argument 'cmake_target_skip_unavailable' from command line to 'False'
[0.217s] Level 5:colcon.colcon_core.verb:set package 'irobot_create_toolbox' build argument 'cmake_clean_cache' from command line to 'False'
[0.217s] Level 5:colcon.colcon_core.verb:set package 'irobot_create_toolbox' build argument 'cmake_clean_first' from command line to 'False'
[0.217s] Level 5:colcon.colcon_core.verb:set package 'irobot_create_toolbox' build argument 'cmake_force_configure' from command line to 'False'
[0.217s] Level 5:colcon.colcon_core.verb:set package 'irobot_create_toolbox' build argument 'ament_cmake_args' from command line to 'None'
[0.217s] Level 5:colcon.colcon_core.verb:set package 'irobot_create_toolbox' build argument 'catkin_cmake_args' from command line to 'None'
[0.217s] Level 5:colcon.colcon_core.verb:set package 'irobot_create_toolbox' build argument 'catkin_skip_building_tests' from command line to 'False'
[0.217s] DEBUG:colcon.colcon_core.verb:Building package 'irobot_create_toolbox' with the following arguments: {'ament_cmake_args': None, 'build_base': '/home/javierac/create3_ws/build/irobot_create_toolbox', 'catkin_cmake_args': None, 'catkin_skip_building_tests': False, 'cmake_args': None, 'cmake_clean_cache': False, 'cmake_clean_first': False, 'cmake_force_configure': False, 'cmake_target': None, 'cmake_target_skip_unavailable': False, 'install_base': '/home/javierac/create3_ws/install/irobot_create_toolbox', 'merge_install': False, 'path': '/home/javierac/create3_ws/src/irobot_create_common/irobot_create_toolbox', 'symlink_install': False, 'test_result_base': None}
[0.217s] Level 5:colcon.colcon_core.verb:set package 'irobot_create_description' build argument 'cmake_args' from command line to 'None'
[0.217s] Level 5:colcon.colcon_core.verb:set package 'irobot_create_description' build argument 'cmake_target' from command line to 'None'
[0.217s] Level 5:colcon.colcon_core.verb:set package 'irobot_create_description' build argument 'cmake_target_skip_unavailable' from command line to 'False'
[0.217s] Level 5:colcon.colcon_core.verb:set package 'irobot_create_description' build argument 'cmake_clean_cache' from command line to 'False'
[0.217s] Level 5:colcon.colcon_core.verb:set package 'irobot_create_description' build argument 'cmake_clean_first' from command line to 'False'
[0.217s] Level 5:colcon.colcon_core.verb:set package 'irobot_create_description' build argument 'cmake_force_configure' from command line to 'False'
[0.217s] Level 5:colcon.colcon_core.verb:set package 'irobot_create_description' build argument 'ament_cmake_args' from command line to 'None'
[0.217s] Level 5:colcon.colcon_core.verb:set package 'irobot_create_description' build argument 'catkin_cmake_args' from command line to 'None'
[0.217s] Level 5:colcon.colcon_core.verb:set package 'irobot_create_description' build argument 'catkin_skip_building_tests' from command line to 'False'
[0.217s] DEBUG:colcon.colcon_core.verb:Building package 'irobot_create_description' with the following arguments: {'ament_cmake_args': None, 'build_base': '/home/javierac/create3_ws/build/irobot_create_description', 'catkin_cmake_args': None, 'catkin_skip_building_tests': False, 'cmake_args': None, 'cmake_clean_cache': False, 'cmake_clean_first': False, 'cmake_force_configure': False, 'cmake_target': None, 'cmake_target_skip_unavailable': False, 'install_base': '/home/javierac/create3_ws/install/irobot_create_description', 'merge_install': False, 'path': '/home/javierac/create3_ws/src/irobot_create_common/irobot_create_description', 'symlink_install': False, 'test_result_base': None}
[0.217s] Level 5:colcon.colcon_core.verb:set package 'irobot_create_gz_toolbox' build argument 'cmake_args' from command line to 'None'
[0.217s] Level 5:colcon.colcon_core.verb:set package 'irobot_create_gz_toolbox' build argument 'cmake_target' from command line to 'None'
[0.217s] Level 5:colcon.colcon_core.verb:set package 'irobot_create_gz_toolbox' build argument 'cmake_target_skip_unavailable' from command line to 'False'
[0.217s] Level 5:colcon.colcon_core.verb:set package 'irobot_create_gz_toolbox' build argument 'cmake_clean_cache' from command line to 'False'
[0.217s] Level 5:colcon.colcon_core.verb:set package 'irobot_create_gz_toolbox' build argument 'cmake_clean_first' from command line to 'False'
[0.217s] Level 5:colcon.colcon_core.verb:set package 'irobot_create_gz_toolbox' build argument 'cmake_force_configure' from command line to 'False'
[0.217s] Level 5:colcon.colcon_core.verb:set package 'irobot_create_gz_toolbox' build argument 'ament_cmake_args' from command line to 'None'
[0.217s] Level 5:colcon.colcon_core.verb:set package 'irobot_create_gz_toolbox' build argument 'catkin_cmake_args' from command line to 'None'
[0.217s] Level 5:colcon.colcon_core.verb:set package 'irobot_create_gz_toolbox' build argument 'catkin_skip_building_tests' from command line to 'False'
[0.217s] DEBUG:colcon.colcon_core.verb:Building package 'irobot_create_gz_toolbox' with the following arguments: {'ament_cmake_args': None, 'build_base': '/home/javierac/create3_ws/build/irobot_create_gz_toolbox', 'catkin_cmake_args': None, 'catkin_skip_building_tests': False, 'cmake_args': None, 'cmake_clean_cache': False, 'cmake_clean_first': False, 'cmake_force_configure': False, 'cmake_target': None, 'cmake_target_skip_unavailable': False, 'install_base': '/home/javierac/create3_ws/install/irobot_create_gz_toolbox', 'merge_install': False, 'path': '/home/javierac/create3_ws/src/irobot_create_gz/irobot_create_gz_toolbox', 'symlink_install': False, 'test_result_base': None}
[0.218s] Level 5:colcon.colcon_core.verb:set package 'irobot_create_nodes' build argument 'cmake_args' from command line to 'None'
[0.218s] Level 5:colcon.colcon_core.verb:set package 'irobot_create_nodes' build argument 'cmake_target' from command line to 'None'
[0.218s] Level 5:colcon.colcon_core.verb:set package 'irobot_create_nodes' build argument 'cmake_target_skip_unavailable' from command line to 'False'
[0.218s] Level 5:colcon.colcon_core.verb:set package 'irobot_create_nodes' build argument 'cmake_clean_cache' from command line to 'False'
[0.218s] Level 5:colcon.colcon_core.verb:set package 'irobot_create_nodes' build argument 'cmake_clean_first' from command line to 'False'
[0.218s] Level 5:colcon.colcon_core.verb:set package 'irobot_create_nodes' build argument 'cmake_force_configure' from command line to 'False'
[0.218s] Level 5:colcon.colcon_core.verb:set package 'irobot_create_nodes' build argument 'ament_cmake_args' from command line to 'None'
[0.218s] Level 5:colcon.colcon_core.verb:set package 'irobot_create_nodes' build argument 'catkin_cmake_args' from command line to 'None'
[0.218s] Level 5:colcon.colcon_core.verb:set package 'irobot_create_nodes' build argument 'catkin_skip_building_tests' from command line to 'False'
[0.218s] DEBUG:colcon.colcon_core.verb:Building package 'irobot_create_nodes' with the following arguments: {'ament_cmake_args': None, 'build_base': '/home/javierac/create3_ws/build/irobot_create_nodes', 'catkin_cmake_args': None, 'catkin_skip_building_tests': False, 'cmake_args': None, 'cmake_clean_cache': False, 'cmake_clean_first': False, 'cmake_force_configure': False, 'cmake_target': None, 'cmake_target_skip_unavailable': False, 'install_base': '/home/javierac/create3_ws/install/irobot_create_nodes', 'merge_install': False, 'path': '/home/javierac/create3_ws/src/irobot_create_common/irobot_create_nodes', 'symlink_install': False, 'test_result_base': None}
[0.218s] Level 5:colcon.colcon_core.verb:set package 'irobot_create_common_bringup' build argument 'cmake_args' from command line to 'None'
[0.218s] Level 5:colcon.colcon_core.verb:set package 'irobot_create_common_bringup' build argument 'cmake_target' from command line to 'None'
[0.218s] Level 5:colcon.colcon_core.verb:set package 'irobot_create_common_bringup' build argument 'cmake_target_skip_unavailable' from command line to 'False'
[0.218s] Level 5:colcon.colcon_core.verb:set package 'irobot_create_common_bringup' build argument 'cmake_clean_cache' from command line to 'False'
[0.218s] Level 5:colcon.colcon_core.verb:set package 'irobot_create_common_bringup' build argument 'cmake_clean_first' from command line to 'False'
[0.218s] Level 5:colcon.colcon_core.verb:set package 'irobot_create_common_bringup' build argument 'cmake_force_configure' from command line to 'False'
[0.218s] Level 5:colcon.colcon_core.verb:set package 'irobot_create_common_bringup' build argument 'ament_cmake_args' from command line to 'None'
[0.218s] Level 5:colcon.colcon_core.verb:set package 'irobot_create_common_bringup' build argument 'catkin_cmake_args' from command line to 'None'
[0.218s] Level 5:colcon.colcon_core.verb:set package 'irobot_create_common_bringup' build argument 'catkin_skip_building_tests' from command line to 'False'
[0.218s] DEBUG:colcon.colcon_core.verb:Building package 'irobot_create_common_bringup' with the following arguments: {'ament_cmake_args': None, 'build_base': '/home/javierac/create3_ws/build/irobot_create_common_bringup', 'catkin_cmake_args': None, 'catkin_skip_building_tests': False, 'cmake_args': None, 'cmake_clean_cache': False, 'cmake_clean_first': False, 'cmake_force_configure': False, 'cmake_target': None, 'cmake_target_skip_unavailable': False, 'install_base': '/home/javierac/create3_ws/install/irobot_create_common_bringup', 'merge_install': False, 'path': '/home/javierac/create3_ws/src/irobot_create_common/irobot_create_common_bringup', 'symlink_install': False, 'test_result_base': None}
[0.218s] Level 5:colcon.colcon_core.verb:set package 'irobot_create_gz_bringup' build argument 'cmake_args' from command line to 'None'
[0.218s] Level 5:colcon.colcon_core.verb:set package 'irobot_create_gz_bringup' build argument 'cmake_target' from command line to 'None'
[0.218s] Level 5:colcon.colcon_core.verb:set package 'irobot_create_gz_bringup' build argument 'cmake_target_skip_unavailable' from command line to 'False'
[0.218s] Level 5:colcon.colcon_core.verb:set package 'irobot_create_gz_bringup' build argument 'cmake_clean_cache' from command line to 'False'
[0.218s] Level 5:colcon.colcon_core.verb:set package 'irobot_create_gz_bringup' build argument 'cmake_clean_first' from command line to 'False'
[0.218s] Level 5:colcon.colcon_core.verb:set package 'irobot_create_gz_bringup' build argument 'cmake_force_configure' from command line to 'False'
[0.218s] Level 5:colcon.colcon_core.verb:set package 'irobot_create_gz_bringup' build argument 'ament_cmake_args' from command line to 'None'
[0.218s] Level 5:colcon.colcon_core.verb:set package 'irobot_create_gz_bringup' build argument 'catkin_cmake_args' from command line to 'None'
[0.218s] Level 5:colcon.colcon_core.verb:set package 'irobot_create_gz_bringup' build argument 'catkin_skip_building_tests' from command line to 'False'
[0.218s] DEBUG:colcon.colcon_core.verb:Building package 'irobot_create_gz_bringup' with the following arguments: {'ament_cmake_args': None, 'build_base': '/home/javierac/create3_ws/build/irobot_create_gz_bringup', 'catkin_cmake_args': None, 'catkin_skip_building_tests': False, 'cmake_args': None, 'cmake_clean_cache': False, 'cmake_clean_first': False, 'cmake_force_configure': False, 'cmake_target': None, 'cmake_target_skip_unavailable': False, 'install_base': '/home/javierac/create3_ws/install/irobot_create_gz_bringup', 'merge_install': False, 'path': '/home/javierac/create3_ws/src/irobot_create_gz/irobot_create_gz_bringup', 'symlink_install': False, 'test_result_base': None}
[0.219s] Level 5:colcon.colcon_core.verb:set package 'irobot_create_gz_sim' build argument 'cmake_args' from command line to 'None'
[0.219s] Level 5:colcon.colcon_core.verb:set package 'irobot_create_gz_sim' build argument 'cmake_target' from command line to 'None'
[0.219s] Level 5:colcon.colcon_core.verb:set package 'irobot_create_gz_sim' build argument 'cmake_target_skip_unavailable' from command line to 'False'
[0.219s] Level 5:colcon.colcon_core.verb:set package 'irobot_create_gz_sim' build argument 'cmake_clean_cache' from command line to 'False'
[0.219s] Level 5:colcon.colcon_core.verb:set package 'irobot_create_gz_sim' build argument 'cmake_clean_first' from command line to 'False'
[0.219s] Level 5:colcon.colcon_core.verb:set package 'irobot_create_gz_sim' build argument 'cmake_force_configure' from command line to 'False'
[0.219s] Level 5:colcon.colcon_core.verb:set package 'irobot_create_gz_sim' build argument 'ament_cmake_args' from command line to 'None'
[0.219s] Level 5:colcon.colcon_core.verb:set package 'irobot_create_gz_sim' build argument 'catkin_cmake_args' from command line to 'None'
[0.219s] Level 5:colcon.colcon_core.verb:set package 'irobot_create_gz_sim' build argument 'catkin_skip_building_tests' from command line to 'False'
[0.219s] DEBUG:colcon.colcon_core.verb:Building package 'irobot_create_gz_sim' with the following arguments: {'ament_cmake_args': None, 'build_base': '/home/javierac/create3_ws/build/irobot_create_gz_sim', 'catkin_cmake_args': None, 'catkin_skip_building_tests': False, 'cmake_args': None, 'cmake_clean_cache': False, 'cmake_clean_first': False, 'cmake_force_configure': False, 'cmake_target': None, 'cmake_target_skip_unavailable': False, 'install_base': '/home/javierac/create3_ws/install/irobot_create_gz_sim', 'merge_install': False, 'path': '/home/javierac/create3_ws/src/irobot_create_gz/irobot_create_gz_sim', 'symlink_install': False, 'test_result_base': None}
[0.219s] INFO:colcon.colcon_core.executor:Executing jobs using 'parallel' executor
[0.220s] DEBUG:colcon.colcon_parallel_executor.executor.parallel:run_until_complete
[0.220s] INFO:colcon.colcon_ros.task.ament_cmake.build:Building ROS package in '/home/javierac/create3_ws/src/irobot_create_common/irobot_create_toolbox' with build type 'ament_cmake'
[0.220s] INFO:colcon.colcon_cmake.task.cmake.build:Building CMake package in '/home/javierac/create3_ws/src/irobot_create_common/irobot_create_toolbox'
[0.222s] INFO:colcon.colcon_core.plugin_system:Skipping extension 'colcon_core.shell.bat': Not used on non-Windows systems
[0.222s] INFO:colcon.colcon_core.shell:Skip shell extension 'powershell' for command environment: Not usable outside of PowerShell
[0.222s] DEBUG:colcon.colcon_core.shell:Skip shell extension 'dsv' for command environment
[0.229s] INFO:colcon.colcon_ros.task.ament_cmake.build:Building ROS package in '/home/javierac/create3_ws/src/irobot_create_common/irobot_create_control' with build type 'ament_cmake'
[0.229s] INFO:colcon.colcon_cmake.task.cmake.build:Building CMake package in '/home/javierac/create3_ws/src/irobot_create_common/irobot_create_control'
[0.229s] INFO:colcon.colcon_core.shell:Skip shell extension 'powershell' for command environment: Not usable outside of PowerShell
[0.229s] DEBUG:colcon.colcon_core.shell:Skip shell extension 'dsv' for command environment
[0.233s] INFO:colcon.colcon_ros.task.ament_cmake.build:Building ROS package in '/home/javierac/create3_ws/src/irobot_create_gz/irobot_create_gz_plugins' with build type 'ament_cmake'
[0.233s] INFO:colcon.colcon_cmake.task.cmake.build:Building CMake package in '/home/javierac/create3_ws/src/irobot_create_gz/irobot_create_gz_plugins'
[0.234s] INFO:colcon.colcon_core.shell:Skip shell extension 'powershell' for command environment: Not usable outside of PowerShell
[0.234s] DEBUG:colcon.colcon_core.shell:Skip shell extension 'dsv' for command environment
[0.241s] DEBUG:colcon.colcon_core.event_handler.log_command:Invoking command in '/home/javierac/create3_ws/build/irobot_create_toolbox': CMAKE_PREFIX_PATH=${CMAKE_PREFIX_PATH}:/opt/ros/jazzy /usr/bin/cmake --build /home/javierac/create3_ws/build/irobot_create_toolbox -- -j20 -l20
[0.243s] DEBUG:colcon.colcon_core.event_handler.log_command:Invoking command in '/home/javierac/create3_ws/build/irobot_create_control': CMAKE_PREFIX_PATH=${CMAKE_PREFIX_PATH}:/opt/ros/jazzy /usr/bin/cmake --build /home/javierac/create3_ws/build/irobot_create_control -- -j20 -l20
[0.248s] DEBUG:colcon.colcon_core.event_handler.log_command:Invoking command in '/home/javierac/create3_ws/build/irobot_create_gz_plugins': CMAKE_PREFIX_PATH=${CMAKE_PREFIX_PATH}:/opt/ros/jazzy /usr/bin/cmake --build /home/javierac/create3_ws/build/irobot_create_gz_plugins -- -j20 -l20
[0.291s] DEBUG:colcon.colcon_core.event_handler.log_command:Invoked command in '/home/javierac/create3_ws/build/irobot_create_control' returned '0': CMAKE_PREFIX_PATH=${CMAKE_PREFIX_PATH}:/opt/ros/jazzy /usr/bin/cmake --build /home/javierac/create3_ws/build/irobot_create_control -- -j20 -l20
[0.302s] DEBUG:colcon.colcon_core.event_handler.log_command:Invoking command in '/home/javierac/create3_ws/build/irobot_create_control': CMAKE_PREFIX_PATH=${CMAKE_PREFIX_PATH}:/opt/ros/jazzy /usr/bin/cmake --install /home/javierac/create3_ws/build/irobot_create_control
[0.309s] DEBUG:colcon.colcon_core.event_handler.log_command:Invoked command in '/home/javierac/create3_ws/build/irobot_create_toolbox' returned '0': CMAKE_PREFIX_PATH=${CMAKE_PREFIX_PATH}:/opt/ros/jazzy /usr/bin/cmake --build /home/javierac/create3_ws/build/irobot_create_toolbox -- -j20 -l20
[0.310s] DEBUG:colcon.colcon_core.event_handler.log_command:Invoking command in '/home/javierac/create3_ws/build/irobot_create_toolbox': CMAKE_PREFIX_PATH=${CMAKE_PREFIX_PATH}:/opt/ros/jazzy /usr/bin/cmake --install /home/javierac/create3_ws/build/irobot_create_toolbox
[0.322s] Level 1:colcon.colcon_core.environment:create_environment_scripts_only(irobot_create_control)
[0.323s] DEBUG:colcon.colcon_core.event_handler.log_command:Invoked command in '/home/javierac/create3_ws/build/irobot_create_control' returned '0': CMAKE_PREFIX_PATH=${CMAKE_PREFIX_PATH}:/opt/ros/jazzy /usr/bin/cmake --install /home/javierac/create3_ws/build/irobot_create_control
[0.327s] Level 1:colcon.colcon_core.environment:checking '/home/javierac/create3_ws/install/irobot_create_control' for CMake module files
[0.328s] Level 1:colcon.colcon_core.environment:checking '/home/javierac/create3_ws/install/irobot_create_control' for CMake config files
[0.328s] Level 1:colcon.colcon_core.shell:create_environment_hook('irobot_create_control', 'cmake_prefix_path')
[0.328s] INFO:colcon.colcon_core.shell:Creating environment hook '/home/javierac/create3_ws/install/irobot_create_control/share/irobot_create_control/hook/cmake_prefix_path.ps1'
[0.329s] INFO:colcon.colcon_core.shell:Creating environment descriptor '/home/javierac/create3_ws/install/irobot_create_control/share/irobot_create_control/hook/cmake_prefix_path.dsv'
[0.329s] INFO:colcon.colcon_core.shell:Creating environment hook '/home/javierac/create3_ws/install/irobot_create_control/share/irobot_create_control/hook/cmake_prefix_path.sh'
[0.330s] Level 1:colcon.colcon_core.environment:checking '/home/javierac/create3_ws/install/irobot_create_control/bin'
[0.330s] Level 1:colcon.colcon_core.environment:checking '/home/javierac/create3_ws/install/irobot_create_control/lib/pkgconfig/irobot_create_control.pc'
[0.332s] Level 1:colcon.colcon_core.environment:checking '/home/javierac/create3_ws/install/irobot_create_control/lib/python3.12/site-packages'
[0.333s] Level 1:colcon.colcon_core.environment:checking '/home/javierac/create3_ws/install/irobot_create_control/bin'
[0.333s] INFO:colcon.colcon_core.shell:Creating package script '/home/javierac/create3_ws/install/irobot_create_control/share/irobot_create_control/package.ps1'
[0.335s] INFO:colcon.colcon_core.shell:Creating package descriptor '/home/javierac/create3_ws/install/irobot_create_control/share/irobot_create_control/package.dsv'
[0.336s] INFO:colcon.colcon_core.shell:Creating package script '/home/javierac/create3_ws/install/irobot_create_control/share/irobot_create_control/package.sh'
[0.336s] INFO:colcon.colcon_core.shell:Creating package script '/home/javierac/create3_ws/install/irobot_create_control/share/irobot_create_control/package.bash'
[0.338s] INFO:colcon.colcon_core.shell:Creating package script '/home/javierac/create3_ws/install/irobot_create_control/share/irobot_create_control/package.zsh'
[0.340s] Level 1:colcon.colcon_core.environment:create_file_with_runtime_dependencies(/home/javierac/create3_ws/install/irobot_create_control/share/colcon-core/packages/irobot_create_control)
[0.341s] Level 1:colcon.colcon_core.environment:create_environment_scripts_only(irobot_create_control)
[0.341s] Level 1:colcon.colcon_core.environment:checking '/home/javierac/create3_ws/install/irobot_create_control' for CMake module files
[0.342s] Level 1:colcon.colcon_core.environment:checking '/home/javierac/create3_ws/install/irobot_create_control' for CMake config files
[0.342s] Level 1:colcon.colcon_core.shell:create_environment_hook('irobot_create_control', 'cmake_prefix_path')
[0.342s] INFO:colcon.colcon_core.shell:Creating environment hook '/home/javierac/create3_ws/install/irobot_create_control/share/irobot_create_control/hook/cmake_prefix_path.ps1'
[0.342s] INFO:colcon.colcon_core.shell:Creating environment descriptor '/home/javierac/create3_ws/install/irobot_create_control/share/irobot_create_control/hook/cmake_prefix_path.dsv'
[0.343s] INFO:colcon.colcon_core.shell:Creating environment hook '/home/javierac/create3_ws/install/irobot_create_control/share/irobot_create_control/hook/cmake_prefix_path.sh'
[0.343s] Level 1:colcon.colcon_core.environment:checking '/home/javierac/create3_ws/install/irobot_create_control/bin'
[0.343s] Level 1:colcon.colcon_core.environment:checking '/home/javierac/create3_ws/install/irobot_create_control/lib/pkgconfig/irobot_create_control.pc'
[0.344s] Level 1:colcon.colcon_core.environment:checking '/home/javierac/create3_ws/install/irobot_create_control/lib/python3.12/site-packages'
[0.344s] Level 1:colcon.colcon_core.environment:checking '/home/javierac/create3_ws/install/irobot_create_control/bin'
[0.344s] INFO:colcon.colcon_core.shell:Creating package script '/home/javierac/create3_ws/install/irobot_create_control/share/irobot_create_control/package.ps1'
[0.344s] INFO:colcon.colcon_core.shell:Creating package descriptor '/home/javierac/create3_ws/install/irobot_create_control/share/irobot_create_control/package.dsv'
[0.345s] INFO:colcon.colcon_core.shell:Creating package script '/home/javierac/create3_ws/install/irobot_create_control/share/irobot_create_control/package.sh'
[0.345s] INFO:colcon.colcon_core.shell:Creating package script '/home/javierac/create3_ws/install/irobot_create_control/share/irobot_create_control/package.bash'
[0.345s] INFO:colcon.colcon_core.shell:Creating package script '/home/javierac/create3_ws/install/irobot_create_control/share/irobot_create_control/package.zsh'
[0.346s] Level 1:colcon.colcon_core.environment:create_file_with_runtime_dependencies(/home/javierac/create3_ws/install/irobot_create_control/share/colcon-core/packages/irobot_create_control)
[0.346s] INFO:colcon.colcon_ros.task.ament_cmake.build:Building ROS package in '/home/javierac/create3_ws/src/irobot_create_common/irobot_create_description' with build type 'ament_cmake'
[0.346s] INFO:colcon.colcon_cmake.task.cmake.build:Building CMake package in '/home/javierac/create3_ws/src/irobot_create_common/irobot_create_description'
[0.347s] INFO:colcon.colcon_core.shell:Skip shell extension 'powershell' for command environment: Not usable outside of PowerShell
[0.347s] DEBUG:colcon.colcon_core.shell:Skip shell extension 'dsv' for command environment
[0.352s] Level 1:colcon.colcon_core.environment:create_environment_scripts_only(irobot_create_toolbox)
[0.352s] Level 1:colcon.colcon_core.environment:checking '/home/javierac/create3_ws/install/irobot_create_toolbox' for CMake module files
[0.353s] DEBUG:colcon.colcon_core.event_handler.log_command:Invoked command in '/home/javierac/create3_ws/build/irobot_create_toolbox' returned '0': CMAKE_PREFIX_PATH=${CMAKE_PREFIX_PATH}:/opt/ros/jazzy /usr/bin/cmake --install /home/javierac/create3_ws/build/irobot_create_toolbox
[0.354s] Level 1:colcon.colcon_core.environment:checking '/home/javierac/create3_ws/install/irobot_create_toolbox' for CMake config files
[0.354s] Level 1:colcon.colcon_core.shell:create_environment_hook('irobot_create_toolbox', 'cmake_prefix_path')
[0.354s] INFO:colcon.colcon_core.shell:Creating environment hook '/home/javierac/create3_ws/install/irobot_create_toolbox/share/irobot_create_toolbox/hook/cmake_prefix_path.ps1'
[0.355s] INFO:colcon.colcon_core.shell:Creating environment descriptor '/home/javierac/create3_ws/install/irobot_create_toolbox/share/irobot_create_toolbox/hook/cmake_prefix_path.dsv'
[0.355s] INFO:colcon.colcon_core.shell:Creating environment hook '/home/javierac/create3_ws/install/irobot_create_toolbox/share/irobot_create_toolbox/hook/cmake_prefix_path.sh'
[0.356s] Level 1:colcon.colcon_core.environment:checking '/home/javierac/create3_ws/install/irobot_create_toolbox/lib'
[0.356s] Level 1:colcon.colcon_core.shell:create_environment_hook('irobot_create_toolbox', 'ld_library_path_lib')
[0.356s] INFO:colcon.colcon_core.shell:Creating environment hook '/home/javierac/create3_ws/install/irobot_create_toolbox/share/irobot_create_toolbox/hook/ld_library_path_lib.ps1'
[0.356s] INFO:colcon.colcon_core.shell:Creating environment descriptor '/home/javierac/create3_ws/install/irobot_create_toolbox/share/irobot_create_toolbox/hook/ld_library_path_lib.dsv'
[0.357s] INFO:colcon.colcon_core.shell:Creating environment hook '/home/javierac/create3_ws/install/irobot_create_toolbox/share/irobot_create_toolbox/hook/ld_library_path_lib.sh'
[0.357s] Level 1:colcon.colcon_core.environment:checking '/home/javierac/create3_ws/install/irobot_create_toolbox/bin'
[0.357s] Level 1:colcon.colcon_core.environment:checking '/home/javierac/create3_ws/install/irobot_create_toolbox/lib/pkgconfig/irobot_create_toolbox.pc'
[0.357s] Level 1:colcon.colcon_core.environment:checking '/home/javierac/create3_ws/install/irobot_create_toolbox/lib/python3.12/site-packages'
[0.358s] Level 1:colcon.colcon_core.environment:checking '/home/javierac/create3_ws/install/irobot_create_toolbox/bin'
[0.358s] INFO:colcon.colcon_core.shell:Creating package script '/home/javierac/create3_ws/install/irobot_create_toolbox/share/irobot_create_toolbox/package.ps1'
[0.358s] INFO:colcon.colcon_core.shell:Creating package descriptor '/home/javierac/create3_ws/install/irobot_create_toolbox/share/irobot_create_toolbox/package.dsv'
[0.359s] INFO:colcon.colcon_core.shell:Creating package script '/home/javierac/create3_ws/install/irobot_create_toolbox/share/irobot_create_toolbox/package.sh'
[0.359s] INFO:colcon.colcon_core.shell:Creating package script '/home/javierac/create3_ws/install/irobot_create_toolbox/share/irobot_create_toolbox/package.bash'
[0.360s] INFO:colcon.colcon_core.shell:Creating package script '/home/javierac/create3_ws/install/irobot_create_toolbox/share/irobot_create_toolbox/package.zsh'
[0.360s] Level 1:colcon.colcon_core.environment:create_file_with_runtime_dependencies(/home/javierac/create3_ws/install/irobot_create_toolbox/share/colcon-core/packages/irobot_create_toolbox)
[0.360s] Level 1:colcon.colcon_core.environment:create_environment_scripts_only(irobot_create_toolbox)
[0.360s] Level 1:colcon.colcon_core.environment:checking '/home/javierac/create3_ws/install/irobot_create_toolbox' for CMake module files
[0.361s] Level 1:colcon.colcon_core.environment:checking '/home/javierac/create3_ws/install/irobot_create_toolbox' for CMake config files
[0.361s] Level 1:colcon.colcon_core.shell:create_environment_hook('irobot_create_toolbox', 'cmake_prefix_path')
[0.361s] INFO:colcon.colcon_core.shell:Creating environment hook '/home/javierac/create3_ws/install/irobot_create_toolbox/share/irobot_create_toolbox/hook/cmake_prefix_path.ps1'
[0.362s] INFO:colcon.colcon_core.shell:Creating environment descriptor '/home/javierac/create3_ws/install/irobot_create_toolbox/share/irobot_create_toolbox/hook/cmake_prefix_path.dsv'
[0.362s] INFO:colcon.colcon_core.shell:Creating environment hook '/home/javierac/create3_ws/install/irobot_create_toolbox/share/irobot_create_toolbox/hook/cmake_prefix_path.sh'
[0.362s] Level 1:colcon.colcon_core.environment:checking '/home/javierac/create3_ws/install/irobot_create_toolbox/lib'
[0.362s] Level 1:colcon.colcon_core.shell:create_environment_hook('irobot_create_toolbox', 'ld_library_path_lib')
[0.363s] INFO:colcon.colcon_core.shell:Creating environment hook '/home/javierac/create3_ws/install/irobot_create_toolbox/share/irobot_create_toolbox/hook/ld_library_path_lib.ps1'
[0.363s] INFO:colcon.colcon_core.shell:Creating environment descriptor '/home/javierac/create3_ws/install/irobot_create_toolbox/share/irobot_create_toolbox/hook/ld_library_path_lib.dsv'
[0.363s] INFO:colcon.colcon_core.shell:Creating environment hook '/home/javierac/create3_ws/install/irobot_create_toolbox/share/irobot_create_toolbox/hook/ld_library_path_lib.sh'
[0.364s] Level 1:colcon.colcon_core.environment:checking '/home/javierac/create3_ws/install/irobot_create_toolbox/bin'
[0.364s] Level 1:colcon.colcon_core.environment:checking '/home/javierac/create3_ws/install/irobot_create_toolbox/lib/pkgconfig/irobot_create_toolbox.pc'
[0.364s] Level 1:colcon.colcon_core.environment:checking '/home/javierac/create3_ws/install/irobot_create_toolbox/lib/python3.12/site-packages'
[0.364s] Level 1:colcon.colcon_core.environment:checking '/home/javierac/create3_ws/install/irobot_create_toolbox/bin'
[0.364s] INFO:colcon.colcon_core.shell:Creating package script '/home/javierac/create3_ws/install/irobot_create_toolbox/share/irobot_create_toolbox/package.ps1'
[0.365s] INFO:colcon.colcon_core.shell:Creating package descriptor '/home/javierac/create3_ws/install/irobot_create_toolbox/share/irobot_create_toolbox/package.dsv'
[0.365s] INFO:colcon.colcon_core.shell:Creating package script '/home/javierac/create3_ws/install/irobot_create_toolbox/share/irobot_create_toolbox/package.sh'
[0.365s] INFO:colcon.colcon_core.shell:Creating package script '/home/javierac/create3_ws/install/irobot_create_toolbox/share/irobot_create_toolbox/package.bash'
[0.366s] INFO:colcon.colcon_core.shell:Creating package script '/home/javierac/create3_ws/install/irobot_create_toolbox/share/irobot_create_toolbox/package.zsh'
[0.366s] Level 1:colcon.colcon_core.environment:create_file_with_runtime_dependencies(/home/javierac/create3_ws/install/irobot_create_toolbox/share/colcon-core/packages/irobot_create_toolbox)
[0.367s] INFO:colcon.colcon_ros.task.ament_cmake.build:Building ROS package in '/home/javierac/create3_ws/src/irobot_create_common/irobot_create_nodes' with build type 'ament_cmake'
[0.367s] INFO:colcon.colcon_cmake.task.cmake.build:Building CMake package in '/home/javierac/create3_ws/src/irobot_create_common/irobot_create_nodes'
[0.367s] INFO:colcon.colcon_core.shell:Skip shell extension 'powershell' for command environment: Not usable outside of PowerShell
[0.367s] DEBUG:colcon.colcon_core.shell:Skip shell extension 'dsv' for command environment
[0.372s] INFO:colcon.colcon_ros.task.ament_cmake.build:Building ROS package in '/home/javierac/create3_ws/src/irobot_create_gz/irobot_create_gz_toolbox' with build type 'ament_cmake'
[0.372s] INFO:colcon.colcon_cmake.task.cmake.build:Building CMake package in '/home/javierac/create3_ws/src/irobot_create_gz/irobot_create_gz_toolbox'
[0.372s] INFO:colcon.colcon_core.shell:Skip shell extension 'powershell' for command environment: Not usable outside of PowerShell
[0.372s] DEBUG:colcon.colcon_core.shell:Skip shell extension 'dsv' for command environment
[0.380s] DEBUG:colcon.colcon_core.event_handler.log_command:Invoking command in '/home/javierac/create3_ws/build/irobot_create_description': CMAKE_PREFIX_PATH=/home/javierac/create3_ws/install/irobot_create_control:/home/javierac/create3_ws/install/irobot_create_gz_sim:/home/javierac/create3_ws/install/irobot_create_gz_bringup:/home/javierac/create3_ws/install/irobot_create_common_bringup:/home/javierac/create3_ws/install/irobot_create_nodes:/home/javierac/create3_ws/install/irobot_create_gz_toolbox:/home/javierac/create3_ws/install/irobot_create_toolbox:/home/javierac/create3_ws/install/irobot_create_gz_plugins:/home/javierac/create3_ws/install/irobot_create_description:/opt/ros/jazzy/opt/gz_sim_vendor:/opt/ros/jazzy/opt/gz_sensors_vendor:/opt/ros/jazzy/opt/gz_physics_vendor:/opt/ros/jazzy/opt/sdformat_vendor:/opt/ros/jazzy/opt/gz_gui_vendor:/opt/ros/jazzy/opt/gz_transport_vendor:/opt/ros/jazzy/opt/gz_rendering_vendor:/opt/ros/jazzy/opt/gz_plugin_vendor:/opt/ros/jazzy/opt/gz_fuel_tools_vendor:/opt/ros/jazzy/opt/gz_msgs_vendor:/opt/ros/jazzy/opt/gz_common_vendor:/opt/ros/jazzy/opt/gz_math_vendor:/opt/ros/jazzy/opt/gz_utils_vendor:/opt/ros/jazzy/opt/gz_tools_vendor:/opt/ros/jazzy/opt/gz_ogre_next_vendor:/opt/ros/jazzy/opt/gz_dartsim_vendor:/opt/ros/jazzy/opt/gz_cmake_vendor:/opt/ros/jazzy /usr/bin/cmake --build /home/javierac/create3_ws/build/irobot_create_description -- -j20 -l20
[0.383s] DEBUG:colcon.colcon_core.event_handler.log_command:Invoking command in '/home/javierac/create3_ws/build/irobot_create_nodes': CMAKE_PREFIX_PATH=/home/javierac/create3_ws/install/irobot_create_toolbox:/home/javierac/create3_ws/install/irobot_create_gz_sim:/home/javierac/create3_ws/install/irobot_create_gz_bringup:/home/javierac/create3_ws/install/irobot_create_common_bringup:/home/javierac/create3_ws/install/irobot_create_nodes:/home/javierac/create3_ws/install/irobot_create_gz_toolbox:/home/javierac/create3_ws/install/irobot_create_gz_plugins:/home/javierac/create3_ws/install/irobot_create_description:/home/javierac/create3_ws/install/irobot_create_control:/opt/ros/jazzy/opt/gz_sim_vendor:/opt/ros/jazzy/opt/gz_sensors_vendor:/opt/ros/jazzy/opt/gz_physics_vendor:/opt/ros/jazzy/opt/sdformat_vendor:/opt/ros/jazzy/opt/gz_gui_vendor:/opt/ros/jazzy/opt/gz_transport_vendor:/opt/ros/jazzy/opt/gz_rendering_vendor:/opt/ros/jazzy/opt/gz_plugin_vendor:/opt/ros/jazzy/opt/gz_fuel_tools_vendor:/opt/ros/jazzy/opt/gz_msgs_vendor:/opt/ros/jazzy/opt/gz_common_vendor:/opt/ros/jazzy/opt/gz_math_vendor:/opt/ros/jazzy/opt/gz_utils_vendor:/opt/ros/jazzy/opt/gz_tools_vendor:/opt/ros/jazzy/opt/gz_ogre_next_vendor:/opt/ros/jazzy/opt/gz_dartsim_vendor:/opt/ros/jazzy/opt/gz_cmake_vendor:/opt/ros/jazzy LD_LIBRARY_PATH=/home/javierac/create3_ws/install/irobot_create_toolbox/lib:/home/javierac/create3_ws/install/irobot_create_nodes/lib:/home/javierac/create3_ws/install/irobot_create_gz_toolbox/lib:/opt/ros/jazzy/opt/gz_sim_vendor/lib:/opt/ros/jazzy/opt/gz_sensors_vendor/lib:/opt/ros/jazzy/opt/gz_physics_vendor/lib:/opt/ros/jazzy/opt/sdformat_vendor/lib:/opt/ros/jazzy/opt/rviz_ogre_vendor/lib:/opt/ros/jazzy/lib/x86_64-linux-gnu:/opt/ros/jazzy/opt/gz_gui_vendor/lib:/opt/ros/jazzy/opt/gz_transport_vendor/lib:/opt/ros/jazzy/opt/gz_rendering_vendor/lib:/opt/ros/jazzy/opt/gz_plugin_vendor/lib:/opt/ros/jazzy/opt/gz_fuel_tools_vendor/lib:/opt/ros/jazzy/opt/gz_msgs_vendor/lib:/opt/ros/jazzy/opt/gz_common_vendor/lib:/opt/ros/jazzy/opt/gz_math_vendor/lib:/opt/ros/jazzy/opt/gz_utils_vendor/lib:/opt/ros/jazzy/opt/gz_tools_vendor/lib:/opt/ros/jazzy/opt/gz_ogre_next_vendor/lib:/opt/ros/jazzy/opt/gz_dartsim_vendor/lib:/opt/ros/jazzy/opt/gz_cmake_vendor/lib:/opt/ros/jazzy/lib /usr/bin/cmake --build /home/javierac/create3_ws/build/irobot_create_nodes -- -j20 -l20
[0.385s] DEBUG:colcon.colcon_core.event_handler.log_command:Invoking command in '/home/javierac/create3_ws/build/irobot_create_gz_toolbox': CMAKE_PREFIX_PATH=/home/javierac/create3_ws/install/irobot_create_toolbox:/home/javierac/create3_ws/install/irobot_create_gz_sim:/home/javierac/create3_ws/install/irobot_create_gz_bringup:/home/javierac/create3_ws/install/irobot_create_common_bringup:/home/javierac/create3_ws/install/irobot_create_nodes:/home/javierac/create3_ws/install/irobot_create_gz_toolbox:/home/javierac/create3_ws/install/irobot_create_gz_plugins:/home/javierac/create3_ws/install/irobot_create_description:/home/javierac/create3_ws/install/irobot_create_control:/opt/ros/jazzy/opt/gz_sim_vendor:/opt/ros/jazzy/opt/gz_sensors_vendor:/opt/ros/jazzy/opt/gz_physics_vendor:/opt/ros/jazzy/opt/sdformat_vendor:/opt/ros/jazzy/opt/gz_gui_vendor:/opt/ros/jazzy/opt/gz_transport_vendor:/opt/ros/jazzy/opt/gz_rendering_vendor:/opt/ros/jazzy/opt/gz_plugin_vendor:/opt/ros/jazzy/opt/gz_fuel_tools_vendor:/opt/ros/jazzy/opt/gz_msgs_vendor:/opt/ros/jazzy/opt/gz_common_vendor:/opt/ros/jazzy/opt/gz_math_vendor:/opt/ros/jazzy/opt/gz_utils_vendor:/opt/ros/jazzy/opt/gz_tools_vendor:/opt/ros/jazzy/opt/gz_ogre_next_vendor:/opt/ros/jazzy/opt/gz_dartsim_vendor:/opt/ros/jazzy/opt/gz_cmake_vendor:/opt/ros/jazzy LD_LIBRARY_PATH=/home/javierac/create3_ws/install/irobot_create_toolbox/lib:/home/javierac/create3_ws/install/irobot_create_nodes/lib:/home/javierac/create3_ws/install/irobot_create_gz_toolbox/lib:/opt/ros/jazzy/opt/gz_sim_vendor/lib:/opt/ros/jazzy/opt/gz_sensors_vendor/lib:/opt/ros/jazzy/opt/gz_physics_vendor/lib:/opt/ros/jazzy/opt/sdformat_vendor/lib:/opt/ros/jazzy/opt/rviz_ogre_vendor/lib:/opt/ros/jazzy/lib/x86_64-linux-gnu:/opt/ros/jazzy/opt/gz_gui_vendor/lib:/opt/ros/jazzy/opt/gz_transport_vendor/lib:/opt/ros/jazzy/opt/gz_rendering_vendor/lib:/opt/ros/jazzy/opt/gz_plugin_vendor/lib:/opt/ros/jazzy/opt/gz_fuel_tools_vendor/lib:/opt/ros/jazzy/opt/gz_msgs_vendor/lib:/opt/ros/jazzy/opt/gz_common_vendor/lib:/opt/ros/jazzy/opt/gz_math_vendor/lib:/opt/ros/jazzy/opt/gz_utils_vendor/lib:/opt/ros/jazzy/opt/gz_tools_vendor/lib:/opt/ros/jazzy/opt/gz_ogre_next_vendor/lib:/opt/ros/jazzy/opt/gz_dartsim_vendor/lib:/opt/ros/jazzy/opt/gz_cmake_vendor/lib:/opt/ros/jazzy/lib /usr/bin/cmake --build /home/javierac/create3_ws/build/irobot_create_gz_toolbox -- -j20 -l20
[0.386s] DEBUG:colcon.colcon_core.event_handler.log_command:Invoked command in '/home/javierac/create3_ws/build/irobot_create_gz_plugins' returned '0': CMAKE_PREFIX_PATH=${CMAKE_PREFIX_PATH}:/opt/ros/jazzy /usr/bin/cmake --build /home/javierac/create3_ws/build/irobot_create_gz_plugins -- -j20 -l20
[0.387s] DEBUG:colcon.colcon_core.event_handler.log_command:Invoking command in '/home/javierac/create3_ws/build/irobot_create_gz_plugins': CMAKE_PREFIX_PATH=${CMAKE_PREFIX_PATH}:/opt/ros/jazzy /usr/bin/cmake --install /home/javierac/create3_ws/build/irobot_create_gz_plugins
[0.420s] Level 1:colcon.colcon_core.environment:create_environment_scripts_only(irobot_create_gz_plugins)
[0.420s] Level 1:colcon.colcon_core.environment:checking '/home/javierac/create3_ws/install/irobot_create_gz_plugins' for CMake module files
[0.421s] DEBUG:colcon.colcon_core.event_handler.log_command:Invoked command in '/home/javierac/create3_ws/build/irobot_create_gz_plugins' returned '0': CMAKE_PREFIX_PATH=${CMAKE_PREFIX_PATH}:/opt/ros/jazzy /usr/bin/cmake --install /home/javierac/create3_ws/build/irobot_create_gz_plugins
[0.422s] Level 1:colcon.colcon_core.environment:checking '/home/javierac/create3_ws/install/irobot_create_gz_plugins' for CMake config files
[0.422s] Level 1:colcon.colcon_core.shell:create_environment_hook('irobot_create_gz_plugins', 'cmake_prefix_path')
[0.422s] INFO:colcon.colcon_core.shell:Creating environment hook '/home/javierac/create3_ws/install/irobot_create_gz_plugins/share/irobot_create_gz_plugins/hook/cmake_prefix_path.ps1'
[0.422s] INFO:colcon.colcon_core.shell:Creating environment descriptor '/home/javierac/create3_ws/install/irobot_create_gz_plugins/share/irobot_create_gz_plugins/hook/cmake_prefix_path.dsv'
[0.423s] INFO:colcon.colcon_core.shell:Creating environment hook '/home/javierac/create3_ws/install/irobot_create_gz_plugins/share/irobot_create_gz_plugins/hook/cmake_prefix_path.sh'
[0.423s] Level 1:colcon.colcon_core.environment:checking '/home/javierac/create3_ws/install/irobot_create_gz_plugins/bin'
[0.423s] Level 1:colcon.colcon_core.environment:checking '/home/javierac/create3_ws/install/irobot_create_gz_plugins/lib/pkgconfig/irobot_create_gz_plugins.pc'
[0.423s] Level 1:colcon.colcon_core.environment:checking '/home/javierac/create3_ws/install/irobot_create_gz_plugins/lib/python3.12/site-packages'
[0.424s] Level 1:colcon.colcon_core.environment:checking '/home/javierac/create3_ws/install/irobot_create_gz_plugins/bin'
[0.424s] INFO:colcon.colcon_core.shell:Creating package script '/home/javierac/create3_ws/install/irobot_create_gz_plugins/share/irobot_create_gz_plugins/package.ps1'
[0.424s] INFO:colcon.colcon_core.shell:Creating package descriptor '/home/javierac/create3_ws/install/irobot_create_gz_plugins/share/irobot_create_gz_plugins/package.dsv'
[0.425s] INFO:colcon.colcon_core.shell:Creating package script '/home/javierac/create3_ws/install/irobot_create_gz_plugins/share/irobot_create_gz_plugins/package.sh'
[0.425s] INFO:colcon.colcon_core.shell:Creating package script '/home/javierac/create3_ws/install/irobot_create_gz_plugins/share/irobot_create_gz_plugins/package.bash'
[0.425s] INFO:colcon.colcon_core.shell:Creating package script '/home/javierac/create3_ws/install/irobot_create_gz_plugins/share/irobot_create_gz_plugins/package.zsh'
[0.426s] Level 1:colcon.colcon_core.environment:create_file_with_runtime_dependencies(/home/javierac/create3_ws/install/irobot_create_gz_plugins/share/colcon-core/packages/irobot_create_gz_plugins)
[0.426s] Level 1:colcon.colcon_core.environment:create_environment_scripts_only(irobot_create_gz_plugins)
[0.426s] Level 1:colcon.colcon_core.environment:checking '/home/javierac/create3_ws/install/irobot_create_gz_plugins' for CMake module files
[0.427s] Level 1:colcon.colcon_core.environment:checking '/home/javierac/create3_ws/install/irobot_create_gz_plugins' for CMake config files
[0.427s] Level 1:colcon.colcon_core.shell:create_environment_hook('irobot_create_gz_plugins', 'cmake_prefix_path')
[0.428s] INFO:colcon.colcon_core.shell:Creating environment hook '/home/javierac/create3_ws/install/irobot_create_gz_plugins/share/irobot_create_gz_plugins/hook/cmake_prefix_path.ps1'
[0.428s] INFO:colcon.colcon_core.shell:Creating environment descriptor '/home/javierac/create3_ws/install/irobot_create_gz_plugins/share/irobot_create_gz_plugins/hook/cmake_prefix_path.dsv'
[0.429s] INFO:colcon.colcon_core.shell:Creating environment hook '/home/javierac/create3_ws/install/irobot_create_gz_plugins/share/irobot_create_gz_plugins/hook/cmake_prefix_path.sh'
[0.429s] Level 1:colcon.colcon_core.environment:checking '/home/javierac/create3_ws/install/irobot_create_gz_plugins/bin'
[0.429s] Level 1:colcon.colcon_core.environment:checking '/home/javierac/create3_ws/install/irobot_create_gz_plugins/lib/pkgconfig/irobot_create_gz_plugins.pc'
[0.430s] Level 1:colcon.colcon_core.environment:checking '/home/javierac/create3_ws/install/irobot_create_gz_plugins/lib/python3.12/site-packages'
[0.430s] Level 1:colcon.colcon_core.environment:checking '/home/javierac/create3_ws/install/irobot_create_gz_plugins/bin'
[0.430s] INFO:colcon.colcon_core.shell:Creating package script '/home/javierac/create3_ws/install/irobot_create_gz_plugins/share/irobot_create_gz_plugins/package.ps1'
[0.431s] INFO:colcon.colcon_core.shell:Creating package descriptor '/home/javierac/create3_ws/install/irobot_create_gz_plugins/share/irobot_create_gz_plugins/package.dsv'
[0.431s] INFO:colcon.colcon_core.shell:Creating package script '/home/javierac/create3_ws/install/irobot_create_gz_plugins/share/irobot_create_gz_plugins/package.sh'
[0.432s] INFO:colcon.colcon_core.shell:Creating package script '/home/javierac/create3_ws/install/irobot_create_gz_plugins/share/irobot_create_gz_plugins/package.bash'
[0.433s] INFO:colcon.colcon_core.shell:Creating package script '/home/javierac/create3_ws/install/irobot_create_gz_plugins/share/irobot_create_gz_plugins/package.zsh'
[0.433s] Level 1:colcon.colcon_core.environment:create_file_with_runtime_dependencies(/home/javierac/create3_ws/install/irobot_create_gz_plugins/share/colcon-core/packages/irobot_create_gz_plugins)
[0.437s] DEBUG:colcon.colcon_core.event_handler.log_command:Invoked command in '/home/javierac/create3_ws/build/irobot_create_description' returned '0': CMAKE_PREFIX_PATH=/home/javierac/create3_ws/install/irobot_create_control:/home/javierac/create3_ws/install/irobot_create_gz_sim:/home/javierac/create3_ws/install/irobot_create_gz_bringup:/home/javierac/create3_ws/install/irobot_create_common_bringup:/home/javierac/create3_ws/install/irobot_create_nodes:/home/javierac/create3_ws/install/irobot_create_gz_toolbox:/home/javierac/create3_ws/install/irobot_create_toolbox:/home/javierac/create3_ws/install/irobot_create_gz_plugins:/home/javierac/create3_ws/install/irobot_create_description:/opt/ros/jazzy/opt/gz_sim_vendor:/opt/ros/jazzy/opt/gz_sensors_vendor:/opt/ros/jazzy/opt/gz_physics_vendor:/opt/ros/jazzy/opt/sdformat_vendor:/opt/ros/jazzy/opt/gz_gui_vendor:/opt/ros/jazzy/opt/gz_transport_vendor:/opt/ros/jazzy/opt/gz_rendering_vendor:/opt/ros/jazzy/opt/gz_plugin_vendor:/opt/ros/jazzy/opt/gz_fuel_tools_vendor:/opt/ros/jazzy/opt/gz_msgs_vendor:/opt/ros/jazzy/opt/gz_common_vendor:/opt/ros/jazzy/opt/gz_math_vendor:/opt/ros/jazzy/opt/gz_utils_vendor:/opt/ros/jazzy/opt/gz_tools_vendor:/opt/ros/jazzy/opt/gz_ogre_next_vendor:/opt/ros/jazzy/opt/gz_dartsim_vendor:/opt/ros/jazzy/opt/gz_cmake_vendor:/opt/ros/jazzy /usr/bin/cmake --build /home/javierac/create3_ws/build/irobot_create_description -- -j20 -l20
[0.437s] DEBUG:colcon.colcon_core.event_handler.log_command:Invoking command in '/home/javierac/create3_ws/build/irobot_create_description': CMAKE_PREFIX_PATH=/home/javierac/create3_ws/install/irobot_create_control:/home/javierac/create3_ws/install/irobot_create_gz_sim:/home/javierac/create3_ws/install/irobot_create_gz_bringup:/home/javierac/create3_ws/install/irobot_create_common_bringup:/home/javierac/create3_ws/install/irobot_create_nodes:/home/javierac/create3_ws/install/irobot_create_gz_toolbox:/home/javierac/create3_ws/install/irobot_create_toolbox:/home/javierac/create3_ws/install/irobot_create_gz_plugins:/home/javierac/create3_ws/install/irobot_create_description:/opt/ros/jazzy/opt/gz_sim_vendor:/opt/ros/jazzy/opt/gz_sensors_vendor:/opt/ros/jazzy/opt/gz_physics_vendor:/opt/ros/jazzy/opt/sdformat_vendor:/opt/ros/jazzy/opt/gz_gui_vendor:/opt/ros/jazzy/opt/gz_transport_vendor:/opt/ros/jazzy/opt/gz_rendering_vendor:/opt/ros/jazzy/opt/gz_plugin_vendor:/opt/ros/jazzy/opt/gz_fuel_tools_vendor:/opt/ros/jazzy/opt/gz_msgs_vendor:/opt/ros/jazzy/opt/gz_common_vendor:/opt/ros/jazzy/opt/gz_math_vendor:/opt/ros/jazzy/opt/gz_utils_vendor:/opt/ros/jazzy/opt/gz_tools_vendor:/opt/ros/jazzy/opt/gz_ogre_next_vendor:/opt/ros/jazzy/opt/gz_dartsim_vendor:/opt/ros/jazzy/opt/gz_cmake_vendor:/opt/ros/jazzy /usr/bin/cmake --install /home/javierac/create3_ws/build/irobot_create_description
[0.475s] Level 1:colcon.colcon_core.environment:create_environment_scripts_only(irobot_create_description)
[0.475s] Level 1:colcon.colcon_core.environment:checking '/home/javierac/create3_ws/install/irobot_create_description' for CMake module files
[0.476s] DEBUG:colcon.colcon_core.event_handler.log_command:Invoked command in '/home/javierac/create3_ws/build/irobot_create_description' returned '0': CMAKE_PREFIX_PATH=/home/javierac/create3_ws/install/irobot_create_control:/home/javierac/create3_ws/install/irobot_create_gz_sim:/home/javierac/create3_ws/install/irobot_create_gz_bringup:/home/javierac/create3_ws/install/irobot_create_common_bringup:/home/javierac/create3_ws/install/irobot_create_nodes:/home/javierac/create3_ws/install/irobot_create_gz_toolbox:/home/javierac/create3_ws/install/irobot_create_toolbox:/home/javierac/create3_ws/install/irobot_create_gz_plugins:/home/javierac/create3_ws/install/irobot_create_description:/opt/ros/jazzy/opt/gz_sim_vendor:/opt/ros/jazzy/opt/gz_sensors_vendor:/opt/ros/jazzy/opt/gz_physics_vendor:/opt/ros/jazzy/opt/sdformat_vendor:/opt/ros/jazzy/opt/gz_gui_vendor:/opt/ros/jazzy/opt/gz_transport_vendor:/opt/ros/jazzy/opt/gz_rendering_vendor:/opt/ros/jazzy/opt/gz_plugin_vendor:/opt/ros/jazzy/opt/gz_fuel_tools_vendor:/opt/ros/jazzy/opt/gz_msgs_vendor:/opt/ros/jazzy/opt/gz_common_vendor:/opt/ros/jazzy/opt/gz_math_vendor:/opt/ros/jazzy/opt/gz_utils_vendor:/opt/ros/jazzy/opt/gz_tools_vendor:/opt/ros/jazzy/opt/gz_ogre_next_vendor:/opt/ros/jazzy/opt/gz_dartsim_vendor:/opt/ros/jazzy/opt/gz_cmake_vendor:/opt/ros/jazzy /usr/bin/cmake --install /home/javierac/create3_ws/build/irobot_create_description
[0.477s] Level 1:colcon.colcon_core.environment:checking '/home/javierac/create3_ws/install/irobot_create_description' for CMake config files
[0.477s] Level 1:colcon.colcon_core.shell:create_environment_hook('irobot_create_description', 'cmake_prefix_path')
[0.477s] INFO:colcon.colcon_core.shell:Creating environment hook '/home/javierac/create3_ws/install/irobot_create_description/share/irobot_create_description/hook/cmake_prefix_path.ps1'
[0.478s] INFO:colcon.colcon_core.shell:Creating environment descriptor '/home/javierac/create3_ws/install/irobot_create_description/share/irobot_create_description/hook/cmake_prefix_path.dsv'
[0.479s] INFO:colcon.colcon_core.shell:Creating environment hook '/home/javierac/create3_ws/install/irobot_create_description/share/irobot_create_description/hook/cmake_prefix_path.sh'
[0.479s] Level 1:colcon.colcon_core.environment:checking '/home/javierac/create3_ws/install/irobot_create_description/bin'
[0.480s] Level 1:colcon.colcon_core.environment:checking '/home/javierac/create3_ws/install/irobot_create_description/lib/pkgconfig/irobot_create_description.pc'
[0.480s] Level 1:colcon.colcon_core.environment:checking '/home/javierac/create3_ws/install/irobot_create_description/lib/python3.12/site-packages'
[0.480s] Level 1:colcon.colcon_core.environment:checking '/home/javierac/create3_ws/install/irobot_create_description/bin'
[0.481s] INFO:colcon.colcon_core.shell:Creating package script '/home/javierac/create3_ws/install/irobot_create_description/share/irobot_create_description/package.ps1'
[0.482s] INFO:colcon.colcon_core.shell:Creating package descriptor '/home/javierac/create3_ws/install/irobot_create_description/share/irobot_create_description/package.dsv'
[0.482s] INFO:colcon.colcon_core.shell:Creating package script '/home/javierac/create3_ws/install/irobot_create_description/share/irobot_create_description/package.sh'
[0.483s] INFO:colcon.colcon_core.shell:Creating package script '/home/javierac/create3_ws/install/irobot_create_description/share/irobot_create_description/package.bash'
[0.483s] INFO:colcon.colcon_core.shell:Creating package script '/home/javierac/create3_ws/install/irobot_create_description/share/irobot_create_description/package.zsh'
[0.484s] Level 1:colcon.colcon_core.environment:create_file_with_runtime_dependencies(/home/javierac/create3_ws/install/irobot_create_description/share/colcon-core/packages/irobot_create_description)
[0.484s] Level 1:colcon.colcon_core.environment:create_environment_scripts_only(irobot_create_description)
[0.484s] Level 1:colcon.colcon_core.environment:checking '/home/javierac/create3_ws/install/irobot_create_description' for CMake module files
[0.485s] Level 1:colcon.colcon_core.environment:checking '/home/javierac/create3_ws/install/irobot_create_description' for CMake config files
[0.485s] Level 1:colcon.colcon_core.shell:create_environment_hook('irobot_create_description', 'cmake_prefix_path')
[0.485s] INFO:colcon.colcon_core.shell:Creating environment hook '/home/javierac/create3_ws/install/irobot_create_description/share/irobot_create_description/hook/cmake_prefix_path.ps1'
[0.485s] INFO:colcon.colcon_core.shell:Creating environment descriptor '/home/javierac/create3_ws/install/irobot_create_description/share/irobot_create_description/hook/cmake_prefix_path.dsv'
[0.486s] INFO:colcon.colcon_core.shell:Creating environment hook '/home/javierac/create3_ws/install/irobot_create_description/share/irobot_create_description/hook/cmake_prefix_path.sh'
[0.486s] Level 1:colcon.colcon_core.environment:checking '/home/javierac/create3_ws/install/irobot_create_description/bin'
[0.486s] Level 1:colcon.colcon_core.environment:checking '/home/javierac/create3_ws/install/irobot_create_description/lib/pkgconfig/irobot_create_description.pc'
[0.487s] Level 1:colcon.colcon_core.environment:checking '/home/javierac/create3_ws/install/irobot_create_description/lib/python3.12/site-packages'
[0.487s] Level 1:colcon.colcon_core.environment:checking '/home/javierac/create3_ws/install/irobot_create_description/bin'
[0.487s] INFO:colcon.colcon_core.shell:Creating package script '/home/javierac/create3_ws/install/irobot_create_description/share/irobot_create_description/package.ps1'
[0.488s] INFO:colcon.colcon_core.shell:Creating package descriptor '/home/javierac/create3_ws/install/irobot_create_description/share/irobot_create_description/package.dsv'
[0.489s] INFO:colcon.colcon_core.shell:Creating package script '/home/javierac/create3_ws/install/irobot_create_description/share/irobot_create_description/package.sh'
[0.489s] INFO:colcon.colcon_core.shell:Creating package script '/home/javierac/create3_ws/install/irobot_create_description/share/irobot_create_description/package.bash'
[0.490s] INFO:colcon.colcon_core.shell:Creating package script '/home/javierac/create3_ws/install/irobot_create_description/share/irobot_create_description/package.zsh'
[0.491s] Level 1:colcon.colcon_core.environment:create_file_with_runtime_dependencies(/home/javierac/create3_ws/install/irobot_create_description/share/colcon-core/packages/irobot_create_description)
[0.499s] DEBUG:colcon.colcon_core.event_handler.log_command:Invoked command in '/home/javierac/create3_ws/build/irobot_create_nodes' returned '0': CMAKE_PREFIX_PATH=/home/javierac/create3_ws/install/irobot_create_toolbox:/home/javierac/create3_ws/install/irobot_create_gz_sim:/home/javierac/create3_ws/install/irobot_create_gz_bringup:/home/javierac/create3_ws/install/irobot_create_common_bringup:/home/javierac/create3_ws/install/irobot_create_nodes:/home/javierac/create3_ws/install/irobot_create_gz_toolbox:/home/javierac/create3_ws/install/irobot_create_gz_plugins:/home/javierac/create3_ws/install/irobot_create_description:/home/javierac/create3_ws/install/irobot_create_control:/opt/ros/jazzy/opt/gz_sim_vendor:/opt/ros/jazzy/opt/gz_sensors_vendor:/opt/ros/jazzy/opt/gz_physics_vendor:/opt/ros/jazzy/opt/sdformat_vendor:/opt/ros/jazzy/opt/gz_gui_vendor:/opt/ros/jazzy/opt/gz_transport_vendor:/opt/ros/jazzy/opt/gz_rendering_vendor:/opt/ros/jazzy/opt/gz_plugin_vendor:/opt/ros/jazzy/opt/gz_fuel_tools_vendor:/opt/ros/jazzy/opt/gz_msgs_vendor:/opt/ros/jazzy/opt/gz_common_vendor:/opt/ros/jazzy/opt/gz_math_vendor:/opt/ros/jazzy/opt/gz_utils_vendor:/opt/ros/jazzy/opt/gz_tools_vendor:/opt/ros/jazzy/opt/gz_ogre_next_vendor:/opt/ros/jazzy/opt/gz_dartsim_vendor:/opt/ros/jazzy/opt/gz_cmake_vendor:/opt/ros/jazzy LD_LIBRARY_PATH=/home/javierac/create3_ws/install/irobot_create_toolbox/lib:/home/javierac/create3_ws/install/irobot_create_nodes/lib:/home/javierac/create3_ws/install/irobot_create_gz_toolbox/lib:/opt/ros/jazzy/opt/gz_sim_vendor/lib:/opt/ros/jazzy/opt/gz_sensors_vendor/lib:/opt/ros/jazzy/opt/gz_physics_vendor/lib:/opt/ros/jazzy/opt/sdformat_vendor/lib:/opt/ros/jazzy/opt/rviz_ogre_vendor/lib:/opt/ros/jazzy/lib/x86_64-linux-gnu:/opt/ros/jazzy/opt/gz_gui_vendor/lib:/opt/ros/jazzy/opt/gz_transport_vendor/lib:/opt/ros/jazzy/opt/gz_rendering_vendor/lib:/opt/ros/jazzy/opt/gz_plugin_vendor/lib:/opt/ros/jazzy/opt/gz_fuel_tools_vendor/lib:/opt/ros/jazzy/opt/gz_msgs_vendor/lib:/opt/ros/jazzy/opt/gz_common_vendor/lib:/opt/ros/jazzy/opt/gz_math_vendor/lib:/opt/ros/jazzy/opt/gz_utils_vendor/lib:/opt/ros/jazzy/opt/gz_tools_vendor/lib:/opt/ros/jazzy/opt/gz_ogre_next_vendor/lib:/opt/ros/jazzy/opt/gz_dartsim_vendor/lib:/opt/ros/jazzy/opt/gz_cmake_vendor/lib:/opt/ros/jazzy/lib /usr/bin/cmake --build /home/javierac/create3_ws/build/irobot_create_nodes -- -j20 -l20
[0.500s] DEBUG:colcon.colcon_core.event_handler.log_command:Invoking command in '/home/javierac/create3_ws/build/irobot_create_nodes': CMAKE_PREFIX_PATH=/home/javierac/create3_ws/install/irobot_create_toolbox:/home/javierac/create3_ws/install/irobot_create_gz_sim:/home/javierac/create3_ws/install/irobot_create_gz_bringup:/home/javierac/create3_ws/install/irobot_create_common_bringup:/home/javierac/create3_ws/install/irobot_create_nodes:/home/javierac/create3_ws/install/irobot_create_gz_toolbox:/home/javierac/create3_ws/install/irobot_create_gz_plugins:/home/javierac/create3_ws/install/irobot_create_description:/home/javierac/create3_ws/install/irobot_create_control:/opt/ros/jazzy/opt/gz_sim_vendor:/opt/ros/jazzy/opt/gz_sensors_vendor:/opt/ros/jazzy/opt/gz_physics_vendor:/opt/ros/jazzy/opt/sdformat_vendor:/opt/ros/jazzy/opt/gz_gui_vendor:/opt/ros/jazzy/opt/gz_transport_vendor:/opt/ros/jazzy/opt/gz_rendering_vendor:/opt/ros/jazzy/opt/gz_plugin_vendor:/opt/ros/jazzy/opt/gz_fuel_tools_vendor:/opt/ros/jazzy/opt/gz_msgs_vendor:/opt/ros/jazzy/opt/gz_common_vendor:/opt/ros/jazzy/opt/gz_math_vendor:/opt/ros/jazzy/opt/gz_utils_vendor:/opt/ros/jazzy/opt/gz_tools_vendor:/opt/ros/jazzy/opt/gz_ogre_next_vendor:/opt/ros/jazzy/opt/gz_dartsim_vendor:/opt/ros/jazzy/opt/gz_cmake_vendor:/opt/ros/jazzy LD_LIBRARY_PATH=/home/javierac/create3_ws/install/irobot_create_toolbox/lib:/home/javierac/create3_ws/install/irobot_create_nodes/lib:/home/javierac/create3_ws/install/irobot_create_gz_toolbox/lib:/opt/ros/jazzy/opt/gz_sim_vendor/lib:/opt/ros/jazzy/opt/gz_sensors_vendor/lib:/opt/ros/jazzy/opt/gz_physics_vendor/lib:/opt/ros/jazzy/opt/sdformat_vendor/lib:/opt/ros/jazzy/opt/rviz_ogre_vendor/lib:/opt/ros/jazzy/lib/x86_64-linux-gnu:/opt/ros/jazzy/opt/gz_gui_vendor/lib:/opt/ros/jazzy/opt/gz_transport_vendor/lib:/opt/ros/jazzy/opt/gz_rendering_vendor/lib:/opt/ros/jazzy/opt/gz_plugin_vendor/lib:/opt/ros/jazzy/opt/gz_fuel_tools_vendor/lib:/opt/ros/jazzy/opt/gz_msgs_vendor/lib:/opt/ros/jazzy/opt/gz_common_vendor/lib:/opt/ros/jazzy/opt/gz_math_vendor/lib:/opt/ros/jazzy/opt/gz_utils_vendor/lib:/opt/ros/jazzy/opt/gz_tools_vendor/lib:/opt/ros/jazzy/opt/gz_ogre_next_vendor/lib:/opt/ros/jazzy/opt/gz_dartsim_vendor/lib:/opt/ros/jazzy/opt/gz_cmake_vendor/lib:/opt/ros/jazzy/lib /usr/bin/cmake --install /home/javierac/create3_ws/build/irobot_create_nodes
[0.527s] Level 1:colcon.colcon_core.environment:create_environment_scripts_only(irobot_create_nodes)
[0.527s] Level 1:colcon.colcon_core.environment:checking '/home/javierac/create3_ws/install/irobot_create_nodes' for CMake module files
[0.527s] DEBUG:colcon.colcon_core.event_handler.log_command:Invoked command in '/home/javierac/create3_ws/build/irobot_create_nodes' returned '0': CMAKE_PREFIX_PATH=/home/javierac/create3_ws/install/irobot_create_toolbox:/home/javierac/create3_ws/install/irobot_create_gz_sim:/home/javierac/create3_ws/install/irobot_create_gz_bringup:/home/javierac/create3_ws/install/irobot_create_common_bringup:/home/javierac/create3_ws/install/irobot_create_nodes:/home/javierac/create3_ws/install/irobot_create_gz_toolbox:/home/javierac/create3_ws/install/irobot_create_gz_plugins:/home/javierac/create3_ws/install/irobot_create_description:/home/javierac/create3_ws/install/irobot_create_control:/opt/ros/jazzy/opt/gz_sim_vendor:/opt/ros/jazzy/opt/gz_sensors_vendor:/opt/ros/jazzy/opt/gz_physics_vendor:/opt/ros/jazzy/opt/sdformat_vendor:/opt/ros/jazzy/opt/gz_gui_vendor:/opt/ros/jazzy/opt/gz_transport_vendor:/opt/ros/jazzy/opt/gz_rendering_vendor:/opt/ros/jazzy/opt/gz_plugin_vendor:/opt/ros/jazzy/opt/gz_fuel_tools_vendor:/opt/ros/jazzy/opt/gz_msgs_vendor:/opt/ros/jazzy/opt/gz_common_vendor:/opt/ros/jazzy/opt/gz_math_vendor:/opt/ros/jazzy/opt/gz_utils_vendor:/opt/ros/jazzy/opt/gz_tools_vendor:/opt/ros/jazzy/opt/gz_ogre_next_vendor:/opt/ros/jazzy/opt/gz_dartsim_vendor:/opt/ros/jazzy/opt/gz_cmake_vendor:/opt/ros/jazzy LD_LIBRARY_PATH=/home/javierac/create3_ws/install/irobot_create_toolbox/lib:/home/javierac/create3_ws/install/irobot_create_nodes/lib:/home/javierac/create3_ws/install/irobot_create_gz_toolbox/lib:/opt/ros/jazzy/opt/gz_sim_vendor/lib:/opt/ros/jazzy/opt/gz_sensors_vendor/lib:/opt/ros/jazzy/opt/gz_physics_vendor/lib:/opt/ros/jazzy/opt/sdformat_vendor/lib:/opt/ros/jazzy/opt/rviz_ogre_vendor/lib:/opt/ros/jazzy/lib/x86_64-linux-gnu:/opt/ros/jazzy/opt/gz_gui_vendor/lib:/opt/ros/jazzy/opt/gz_transport_vendor/lib:/opt/ros/jazzy/opt/gz_rendering_vendor/lib:/opt/ros/jazzy/opt/gz_plugin_vendor/lib:/opt/ros/jazzy/opt/gz_fuel_tools_vendor/lib:/opt/ros/jazzy/opt/gz_msgs_vendor/lib:/opt/ros/jazzy/opt/gz_common_vendor/lib:/opt/ros/jazzy/opt/gz_math_vendor/lib:/opt/ros/jazzy/opt/gz_utils_vendor/lib:/opt/ros/jazzy/opt/gz_tools_vendor/lib:/opt/ros/jazzy/opt/gz_ogre_next_vendor/lib:/opt/ros/jazzy/opt/gz_dartsim_vendor/lib:/opt/ros/jazzy/opt/gz_cmake_vendor/lib:/opt/ros/jazzy/lib /usr/bin/cmake --install /home/javierac/create3_ws/build/irobot_create_nodes
[0.528s] Level 1:colcon.colcon_core.environment:checking '/home/javierac/create3_ws/install/irobot_create_nodes' for CMake config files
[0.528s] Level 1:colcon.colcon_core.shell:create_environment_hook('irobot_create_nodes', 'cmake_prefix_path')
[0.528s] INFO:colcon.colcon_core.shell:Creating environment hook '/home/javierac/create3_ws/install/irobot_create_nodes/share/irobot_create_nodes/hook/cmake_prefix_path.ps1'
[0.529s] INFO:colcon.colcon_core.shell:Creating environment descriptor '/home/javierac/create3_ws/install/irobot_create_nodes/share/irobot_create_nodes/hook/cmake_prefix_path.dsv'
[0.529s] INFO:colcon.colcon_core.shell:Creating environment hook '/home/javierac/create3_ws/install/irobot_create_nodes/share/irobot_create_nodes/hook/cmake_prefix_path.sh'
[0.530s] Level 1:colcon.colcon_core.environment:checking '/home/javierac/create3_ws/install/irobot_create_nodes/lib'
[0.530s] Level 1:colcon.colcon_core.shell:create_environment_hook('irobot_create_nodes', 'ld_library_path_lib')
[0.530s] INFO:colcon.colcon_core.shell:Creating environment hook '/home/javierac/create3_ws/install/irobot_create_nodes/share/irobot_create_nodes/hook/ld_library_path_lib.ps1'
[0.530s] INFO:colcon.colcon_core.shell:Creating environment descriptor '/home/javierac/create3_ws/install/irobot_create_nodes/share/irobot_create_nodes/hook/ld_library_path_lib.dsv'
[0.531s] INFO:colcon.colcon_core.shell:Creating environment hook '/home/javierac/create3_ws/install/irobot_create_nodes/share/irobot_create_nodes/hook/ld_library_path_lib.sh'
[0.531s] Level 1:colcon.colcon_core.environment:checking '/home/javierac/create3_ws/install/irobot_create_nodes/bin'
[0.531s] Level 1:colcon.colcon_core.environment:checking '/home/javierac/create3_ws/install/irobot_create_nodes/lib/pkgconfig/irobot_create_nodes.pc'
[0.531s] Level 1:colcon.colcon_core.environment:checking '/home/javierac/create3_ws/install/irobot_create_nodes/lib/python3.12/site-packages'
[0.532s] Level 1:colcon.colcon_core.environment:checking '/home/javierac/create3_ws/install/irobot_create_nodes/bin'
[0.532s] INFO:colcon.colcon_core.shell:Creating package script '/home/javierac/create3_ws/install/irobot_create_nodes/share/irobot_create_nodes/package.ps1'
[0.532s] INFO:colcon.colcon_core.shell:Creating package descriptor '/home/javierac/create3_ws/install/irobot_create_nodes/share/irobot_create_nodes/package.dsv'
[0.533s] INFO:colcon.colcon_core.shell:Creating package script '/home/javierac/create3_ws/install/irobot_create_nodes/share/irobot_create_nodes/package.sh'
[0.533s] INFO:colcon.colcon_core.shell:Creating package script '/home/javierac/create3_ws/install/irobot_create_nodes/share/irobot_create_nodes/package.bash'
[0.533s] INFO:colcon.colcon_core.shell:Creating package script '/home/javierac/create3_ws/install/irobot_create_nodes/share/irobot_create_nodes/package.zsh'
[0.534s] Level 1:colcon.colcon_core.environment:create_file_with_runtime_dependencies(/home/javierac/create3_ws/install/irobot_create_nodes/share/colcon-core/packages/irobot_create_nodes)
[0.534s] Level 1:colcon.colcon_core.environment:create_environment_scripts_only(irobot_create_nodes)
[0.534s] Level 1:colcon.colcon_core.environment:checking '/home/javierac/create3_ws/install/irobot_create_nodes' for CMake module files
[0.535s] Level 1:colcon.colcon_core.environment:checking '/home/javierac/create3_ws/install/irobot_create_nodes' for CMake config files
[0.535s] Level 1:colcon.colcon_core.shell:create_environment_hook('irobot_create_nodes', 'cmake_prefix_path')
[0.535s] INFO:colcon.colcon_core.shell:Creating environment hook '/home/javierac/create3_ws/install/irobot_create_nodes/share/irobot_create_nodes/hook/cmake_prefix_path.ps1'
[0.536s] INFO:colcon.colcon_core.shell:Creating environment descriptor '/home/javierac/create3_ws/install/irobot_create_nodes/share/irobot_create_nodes/hook/cmake_prefix_path.dsv'
[0.536s] INFO:colcon.colcon_core.shell:Creating environment hook '/home/javierac/create3_ws/install/irobot_create_nodes/share/irobot_create_nodes/hook/cmake_prefix_path.sh'
[0.536s] Level 1:colcon.colcon_core.environment:checking '/home/javierac/create3_ws/install/irobot_create_nodes/lib'
[0.536s] Level 1:colcon.colcon_core.shell:create_environment_hook('irobot_create_nodes', 'ld_library_path_lib')
[0.537s] INFO:colcon.colcon_core.shell:Creating environment hook '/home/javierac/create3_ws/install/irobot_create_nodes/share/irobot_create_nodes/hook/ld_library_path_lib.ps1'
[0.537s] INFO:colcon.colcon_core.shell:Creating environment descriptor '/home/javierac/create3_ws/install/irobot_create_nodes/share/irobot_create_nodes/hook/ld_library_path_lib.dsv'
[0.537s] INFO:colcon.colcon_core.shell:Creating environment hook '/home/javierac/create3_ws/install/irobot_create_nodes/share/irobot_create_nodes/hook/ld_library_path_lib.sh'
[0.538s] Level 1:colcon.colcon_core.environment:checking '/home/javierac/create3_ws/install/irobot_create_nodes/bin'
[0.538s] Level 1:colcon.colcon_core.environment:checking '/home/javierac/create3_ws/install/irobot_create_nodes/lib/pkgconfig/irobot_create_nodes.pc'
[0.538s] Level 1:colcon.colcon_core.environment:checking '/home/javierac/create3_ws/install/irobot_create_nodes/lib/python3.12/site-packages'
[0.538s] Level 1:colcon.colcon_core.environment:checking '/home/javierac/create3_ws/install/irobot_create_nodes/bin'
[0.538s] INFO:colcon.colcon_core.shell:Creating package script '/home/javierac/create3_ws/install/irobot_create_nodes/share/irobot_create_nodes/package.ps1'
[0.539s] INFO:colcon.colcon_core.shell:Creating package descriptor '/home/javierac/create3_ws/install/irobot_create_nodes/share/irobot_create_nodes/package.dsv'
[0.539s] INFO:colcon.colcon_core.shell:Creating package script '/home/javierac/create3_ws/install/irobot_create_nodes/share/irobot_create_nodes/package.sh'
[0.540s] INFO:colcon.colcon_core.shell:Creating package script '/home/javierac/create3_ws/install/irobot_create_nodes/share/irobot_create_nodes/package.bash'
[0.540s] INFO:colcon.colcon_core.shell:Creating package script '/home/javierac/create3_ws/install/irobot_create_nodes/share/irobot_create_nodes/package.zsh'
[0.540s] Level 1:colcon.colcon_core.environment:create_file_with_runtime_dependencies(/home/javierac/create3_ws/install/irobot_create_nodes/share/colcon-core/packages/irobot_create_nodes)
[0.541s] INFO:colcon.colcon_ros.task.ament_cmake.build:Building ROS package in '/home/javierac/create3_ws/src/irobot_create_common/irobot_create_common_bringup' with build type 'ament_cmake'
[0.541s] INFO:colcon.colcon_cmake.task.cmake.build:Building CMake package in '/home/javierac/create3_ws/src/irobot_create_common/irobot_create_common_bringup'
[0.541s] INFO:colcon.colcon_core.shell:Skip shell extension 'powershell' for command environment: Not usable outside of PowerShell
[0.541s] DEBUG:colcon.colcon_core.shell:Skip shell extension 'dsv' for command environment
[0.547s] DEBUG:colcon.colcon_core.event_handler.log_command:Invoked command in '/home/javierac/create3_ws/build/irobot_create_gz_toolbox' returned '0': CMAKE_PREFIX_PATH=/home/javierac/create3_ws/install/irobot_create_toolbox:/home/javierac/create3_ws/install/irobot_create_gz_sim:/home/javierac/create3_ws/install/irobot_create_gz_bringup:/home/javierac/create3_ws/install/irobot_create_common_bringup:/home/javierac/create3_ws/install/irobot_create_nodes:/home/javierac/create3_ws/install/irobot_create_gz_toolbox:/home/javierac/create3_ws/install/irobot_create_gz_plugins:/home/javierac/create3_ws/install/irobot_create_description:/home/javierac/create3_ws/install/irobot_create_control:/opt/ros/jazzy/opt/gz_sim_vendor:/opt/ros/jazzy/opt/gz_sensors_vendor:/opt/ros/jazzy/opt/gz_physics_vendor:/opt/ros/jazzy/opt/sdformat_vendor:/opt/ros/jazzy/opt/gz_gui_vendor:/opt/ros/jazzy/opt/gz_transport_vendor:/opt/ros/jazzy/opt/gz_rendering_vendor:/opt/ros/jazzy/opt/gz_plugin_vendor:/opt/ros/jazzy/opt/gz_fuel_tools_vendor:/opt/ros/jazzy/opt/gz_msgs_vendor:/opt/ros/jazzy/opt/gz_common_vendor:/opt/ros/jazzy/opt/gz_math_vendor:/opt/ros/jazzy/opt/gz_utils_vendor:/opt/ros/jazzy/opt/gz_tools_vendor:/opt/ros/jazzy/opt/gz_ogre_next_vendor:/opt/ros/jazzy/opt/gz_dartsim_vendor:/opt/ros/jazzy/opt/gz_cmake_vendor:/opt/ros/jazzy LD_LIBRARY_PATH=/home/javierac/create3_ws/install/irobot_create_toolbox/lib:/home/javierac/create3_ws/install/irobot_create_nodes/lib:/home/javierac/create3_ws/install/irobot_create_gz_toolbox/lib:/opt/ros/jazzy/opt/gz_sim_vendor/lib:/opt/ros/jazzy/opt/gz_sensors_vendor/lib:/opt/ros/jazzy/opt/gz_physics_vendor/lib:/opt/ros/jazzy/opt/sdformat_vendor/lib:/opt/ros/jazzy/opt/rviz_ogre_vendor/lib:/opt/ros/jazzy/lib/x86_64-linux-gnu:/opt/ros/jazzy/opt/gz_gui_vendor/lib:/opt/ros/jazzy/opt/gz_transport_vendor/lib:/opt/ros/jazzy/opt/gz_rendering_vendor/lib:/opt/ros/jazzy/opt/gz_plugin_vendor/lib:/opt/ros/jazzy/opt/gz_fuel_tools_vendor/lib:/opt/ros/jazzy/opt/gz_msgs_vendor/lib:/opt/ros/jazzy/opt/gz_common_vendor/lib:/opt/ros/jazzy/opt/gz_math_vendor/lib:/opt/ros/jazzy/opt/gz_utils_vendor/lib:/opt/ros/jazzy/opt/gz_tools_vendor/lib:/opt/ros/jazzy/opt/gz_ogre_next_vendor/lib:/opt/ros/jazzy/opt/gz_dartsim_vendor/lib:/opt/ros/jazzy/opt/gz_cmake_vendor/lib:/opt/ros/jazzy/lib /usr/bin/cmake --build /home/javierac/create3_ws/build/irobot_create_gz_toolbox -- -j20 -l20
[0.549s] DEBUG:colcon.colcon_core.event_handler.log_command:Invoking command in '/home/javierac/create3_ws/build/irobot_create_gz_toolbox': CMAKE_PREFIX_PATH=/home/javierac/create3_ws/install/irobot_create_toolbox:/home/javierac/create3_ws/install/irobot_create_gz_sim:/home/javierac/create3_ws/install/irobot_create_gz_bringup:/home/javierac/create3_ws/install/irobot_create_common_bringup:/home/javierac/create3_ws/install/irobot_create_nodes:/home/javierac/create3_ws/install/irobot_create_gz_toolbox:/home/javierac/create3_ws/install/irobot_create_gz_plugins:/home/javierac/create3_ws/install/irobot_create_description:/home/javierac/create3_ws/install/irobot_create_control:/opt/ros/jazzy/opt/gz_sim_vendor:/opt/ros/jazzy/opt/gz_sensors_vendor:/opt/ros/jazzy/opt/gz_physics_vendor:/opt/ros/jazzy/opt/sdformat_vendor:/opt/ros/jazzy/opt/gz_gui_vendor:/opt/ros/jazzy/opt/gz_transport_vendor:/opt/ros/jazzy/opt/gz_rendering_vendor:/opt/ros/jazzy/opt/gz_plugin_vendor:/opt/ros/jazzy/opt/gz_fuel_tools_vendor:/opt/ros/jazzy/opt/gz_msgs_vendor:/opt/ros/jazzy/opt/gz_common_vendor:/opt/ros/jazzy/opt/gz_math_vendor:/opt/ros/jazzy/opt/gz_utils_vendor:/opt/ros/jazzy/opt/gz_tools_vendor:/opt/ros/jazzy/opt/gz_ogre_next_vendor:/opt/ros/jazzy/opt/gz_dartsim_vendor:/opt/ros/jazzy/opt/gz_cmake_vendor:/opt/ros/jazzy LD_LIBRARY_PATH=/home/javierac/create3_ws/install/irobot_create_toolbox/lib:/home/javierac/create3_ws/install/irobot_create_nodes/lib:/home/javierac/create3_ws/install/irobot_create_gz_toolbox/lib:/opt/ros/jazzy/opt/gz_sim_vendor/lib:/opt/ros/jazzy/opt/gz_sensors_vendor/lib:/opt/ros/jazzy/opt/gz_physics_vendor/lib:/opt/ros/jazzy/opt/sdformat_vendor/lib:/opt/ros/jazzy/opt/rviz_ogre_vendor/lib:/opt/ros/jazzy/lib/x86_64-linux-gnu:/opt/ros/jazzy/opt/gz_gui_vendor/lib:/opt/ros/jazzy/opt/gz_transport_vendor/lib:/opt/ros/jazzy/opt/gz_rendering_vendor/lib:/opt/ros/jazzy/opt/gz_plugin_vendor/lib:/opt/ros/jazzy/opt/gz_fuel_tools_vendor/lib:/opt/ros/jazzy/opt/gz_msgs_vendor/lib:/opt/ros/jazzy/opt/gz_common_vendor/lib:/opt/ros/jazzy/opt/gz_math_vendor/lib:/opt/ros/jazzy/opt/gz_utils_vendor/lib:/opt/ros/jazzy/opt/gz_tools_vendor/lib:/opt/ros/jazzy/opt/gz_ogre_next_vendor/lib:/opt/ros/jazzy/opt/gz_dartsim_vendor/lib:/opt/ros/jazzy/opt/gz_cmake_vendor/lib:/opt/ros/jazzy/lib /usr/bin/cmake --install /home/javierac/create3_ws/build/irobot_create_gz_toolbox
[0.557s] DEBUG:colcon.colcon_core.event_handler.log_command:Invoking command in '/home/javierac/create3_ws/build/irobot_create_common_bringup': CMAKE_PREFIX_PATH=/home/javierac/create3_ws/install/irobot_create_nodes:/home/javierac/create3_ws/install/irobot_create_description:/home/javierac/create3_ws/install/irobot_create_toolbox:/home/javierac/create3_ws/install/irobot_create_control:/home/javierac/create3_ws/install/irobot_create_gz_sim:/home/javierac/create3_ws/install/irobot_create_gz_bringup:/home/javierac/create3_ws/install/irobot_create_common_bringup:/home/javierac/create3_ws/install/irobot_create_gz_toolbox:/home/javierac/create3_ws/install/irobot_create_gz_plugins:/opt/ros/jazzy/opt/gz_sim_vendor:/opt/ros/jazzy/opt/gz_sensors_vendor:/opt/ros/jazzy/opt/gz_physics_vendor:/opt/ros/jazzy/opt/sdformat_vendor:/opt/ros/jazzy/opt/gz_gui_vendor:/opt/ros/jazzy/opt/gz_transport_vendor:/opt/ros/jazzy/opt/gz_rendering_vendor:/opt/ros/jazzy/opt/gz_plugin_vendor:/opt/ros/jazzy/opt/gz_fuel_tools_vendor:/opt/ros/jazzy/opt/gz_msgs_vendor:/opt/ros/jazzy/opt/gz_common_vendor:/opt/ros/jazzy/opt/gz_math_vendor:/opt/ros/jazzy/opt/gz_utils_vendor:/opt/ros/jazzy/opt/gz_tools_vendor:/opt/ros/jazzy/opt/gz_ogre_next_vendor:/opt/ros/jazzy/opt/gz_dartsim_vendor:/opt/ros/jazzy/opt/gz_cmake_vendor:/opt/ros/jazzy LD_LIBRARY_PATH=/home/javierac/create3_ws/install/irobot_create_nodes/lib:/home/javierac/create3_ws/install/irobot_create_toolbox/lib:/home/javierac/create3_ws/install/irobot_create_gz_toolbox/lib:/opt/ros/jazzy/opt/gz_sim_vendor/lib:/opt/ros/jazzy/opt/gz_sensors_vendor/lib:/opt/ros/jazzy/opt/gz_physics_vendor/lib:/opt/ros/jazzy/opt/sdformat_vendor/lib:/opt/ros/jazzy/opt/rviz_ogre_vendor/lib:/opt/ros/jazzy/lib/x86_64-linux-gnu:/opt/ros/jazzy/opt/gz_gui_vendor/lib:/opt/ros/jazzy/opt/gz_transport_vendor/lib:/opt/ros/jazzy/opt/gz_rendering_vendor/lib:/opt/ros/jazzy/opt/gz_plugin_vendor/lib:/opt/ros/jazzy/opt/gz_fuel_tools_vendor/lib:/opt/ros/jazzy/opt/gz_msgs_vendor/lib:/opt/ros/jazzy/opt/gz_common_vendor/lib:/opt/ros/jazzy/opt/gz_math_vendor/lib:/opt/ros/jazzy/opt/gz_utils_vendor/lib:/opt/ros/jazzy/opt/gz_tools_vendor/lib:/opt/ros/jazzy/opt/gz_ogre_next_vendor/lib:/opt/ros/jazzy/opt/gz_dartsim_vendor/lib:/opt/ros/jazzy/opt/gz_cmake_vendor/lib:/opt/ros/jazzy/lib /usr/bin/cmake --build /home/javierac/create3_ws/build/irobot_create_common_bringup -- -j20 -l20
[0.573s] Level 1:colcon.colcon_core.environment:create_environment_scripts_only(irobot_create_gz_toolbox)
[0.573s] Level 1:colcon.colcon_core.environment:checking '/home/javierac/create3_ws/install/irobot_create_gz_toolbox' for CMake module files
[0.574s] DEBUG:colcon.colcon_core.event_handler.log_command:Invoked command in '/home/javierac/create3_ws/build/irobot_create_gz_toolbox' returned '0': CMAKE_PREFIX_PATH=/home/javierac/create3_ws/install/irobot_create_toolbox:/home/javierac/create3_ws/install/irobot_create_gz_sim:/home/javierac/create3_ws/install/irobot_create_gz_bringup:/home/javierac/create3_ws/install/irobot_create_common_bringup:/home/javierac/create3_ws/install/irobot_create_nodes:/home/javierac/create3_ws/install/irobot_create_gz_toolbox:/home/javierac/create3_ws/install/irobot_create_gz_plugins:/home/javierac/create3_ws/install/irobot_create_description:/home/javierac/create3_ws/install/irobot_create_control:/opt/ros/jazzy/opt/gz_sim_vendor:/opt/ros/jazzy/opt/gz_sensors_vendor:/opt/ros/jazzy/opt/gz_physics_vendor:/opt/ros/jazzy/opt/sdformat_vendor:/opt/ros/jazzy/opt/gz_gui_vendor:/opt/ros/jazzy/opt/gz_transport_vendor:/opt/ros/jazzy/opt/gz_rendering_vendor:/opt/ros/jazzy/opt/gz_plugin_vendor:/opt/ros/jazzy/opt/gz_fuel_tools_vendor:/opt/ros/jazzy/opt/gz_msgs_vendor:/opt/ros/jazzy/opt/gz_common_vendor:/opt/ros/jazzy/opt/gz_math_vendor:/opt/ros/jazzy/opt/gz_utils_vendor:/opt/ros/jazzy/opt/gz_tools_vendor:/opt/ros/jazzy/opt/gz_ogre_next_vendor:/opt/ros/jazzy/opt/gz_dartsim_vendor:/opt/ros/jazzy/opt/gz_cmake_vendor:/opt/ros/jazzy LD_LIBRARY_PATH=/home/javierac/create3_ws/install/irobot_create_toolbox/lib:/home/javierac/create3_ws/install/irobot_create_nodes/lib:/home/javierac/create3_ws/install/irobot_create_gz_toolbox/lib:/opt/ros/jazzy/opt/gz_sim_vendor/lib:/opt/ros/jazzy/opt/gz_sensors_vendor/lib:/opt/ros/jazzy/opt/gz_physics_vendor/lib:/opt/ros/jazzy/opt/sdformat_vendor/lib:/opt/ros/jazzy/opt/rviz_ogre_vendor/lib:/opt/ros/jazzy/lib/x86_64-linux-gnu:/opt/ros/jazzy/opt/gz_gui_vendor/lib:/opt/ros/jazzy/opt/gz_transport_vendor/lib:/opt/ros/jazzy/opt/gz_rendering_vendor/lib:/opt/ros/jazzy/opt/gz_plugin_vendor/lib:/opt/ros/jazzy/opt/gz_fuel_tools_vendor/lib:/opt/ros/jazzy/opt/gz_msgs_vendor/lib:/opt/ros/jazzy/opt/gz_common_vendor/lib:/opt/ros/jazzy/opt/gz_math_vendor/lib:/opt/ros/jazzy/opt/gz_utils_vendor/lib:/opt/ros/jazzy/opt/gz_tools_vendor/lib:/opt/ros/jazzy/opt/gz_ogre_next_vendor/lib:/opt/ros/jazzy/opt/gz_dartsim_vendor/lib:/opt/ros/jazzy/opt/gz_cmake_vendor/lib:/opt/ros/jazzy/lib /usr/bin/cmake --install /home/javierac/create3_ws/build/irobot_create_gz_toolbox
[0.574s] Level 1:colcon.colcon_core.environment:checking '/home/javierac/create3_ws/install/irobot_create_gz_toolbox' for CMake config files
[0.574s] Level 1:colcon.colcon_core.shell:create_environment_hook('irobot_create_gz_toolbox', 'cmake_prefix_path')
[0.574s] INFO:colcon.colcon_core.shell:Creating environment hook '/home/javierac/create3_ws/install/irobot_create_gz_toolbox/share/irobot_create_gz_toolbox/hook/cmake_prefix_path.ps1'
[0.575s] INFO:colcon.colcon_core.shell:Creating environment descriptor '/home/javierac/create3_ws/install/irobot_create_gz_toolbox/share/irobot_create_gz_toolbox/hook/cmake_prefix_path.dsv'
[0.575s] INFO:colcon.colcon_core.shell:Creating environment hook '/home/javierac/create3_ws/install/irobot_create_gz_toolbox/share/irobot_create_gz_toolbox/hook/cmake_prefix_path.sh'
[0.576s] Level 1:colcon.colcon_core.environment:checking '/home/javierac/create3_ws/install/irobot_create_gz_toolbox/lib'
[0.576s] Level 1:colcon.colcon_core.shell:create_environment_hook('irobot_create_gz_toolbox', 'ld_library_path_lib')
[0.576s] INFO:colcon.colcon_core.shell:Creating environment hook '/home/javierac/create3_ws/install/irobot_create_gz_toolbox/share/irobot_create_gz_toolbox/hook/ld_library_path_lib.ps1'
[0.576s] INFO:colcon.colcon_core.shell:Creating environment descriptor '/home/javierac/create3_ws/install/irobot_create_gz_toolbox/share/irobot_create_gz_toolbox/hook/ld_library_path_lib.dsv'
[0.577s] INFO:colcon.colcon_core.shell:Creating environment hook '/home/javierac/create3_ws/install/irobot_create_gz_toolbox/share/irobot_create_gz_toolbox/hook/ld_library_path_lib.sh'
[0.577s] Level 1:colcon.colcon_core.environment:checking '/home/javierac/create3_ws/install/irobot_create_gz_toolbox/bin'
[0.577s] Level 1:colcon.colcon_core.environment:checking '/home/javierac/create3_ws/install/irobot_create_gz_toolbox/lib/pkgconfig/irobot_create_gz_toolbox.pc'
[0.577s] Level 1:colcon.colcon_core.environment:checking '/home/javierac/create3_ws/install/irobot_create_gz_toolbox/lib/python3.12/site-packages'
[0.577s] Level 1:colcon.colcon_core.environment:checking '/home/javierac/create3_ws/install/irobot_create_gz_toolbox/bin'
[0.578s] INFO:colcon.colcon_core.shell:Creating package script '/home/javierac/create3_ws/install/irobot_create_gz_toolbox/share/irobot_create_gz_toolbox/package.ps1'
[0.578s] INFO:colcon.colcon_core.shell:Creating package descriptor '/home/javierac/create3_ws/install/irobot_create_gz_toolbox/share/irobot_create_gz_toolbox/package.dsv'
[0.579s] INFO:colcon.colcon_core.shell:Creating package script '/home/javierac/create3_ws/install/irobot_create_gz_toolbox/share/irobot_create_gz_toolbox/package.sh'
[0.579s] INFO:colcon.colcon_core.shell:Creating package script '/home/javierac/create3_ws/install/irobot_create_gz_toolbox/share/irobot_create_gz_toolbox/package.bash'
[0.579s] INFO:colcon.colcon_core.shell:Creating package script '/home/javierac/create3_ws/install/irobot_create_gz_toolbox/share/irobot_create_gz_toolbox/package.zsh'
[0.580s] Level 1:colcon.colcon_core.environment:create_file_with_runtime_dependencies(/home/javierac/create3_ws/install/irobot_create_gz_toolbox/share/colcon-core/packages/irobot_create_gz_toolbox)
[0.580s] Level 1:colcon.colcon_core.environment:create_environment_scripts_only(irobot_create_gz_toolbox)
[0.580s] Level 1:colcon.colcon_core.environment:checking '/home/javierac/create3_ws/install/irobot_create_gz_toolbox' for CMake module files
[0.581s] Level 1:colcon.colcon_core.environment:checking '/home/javierac/create3_ws/install/irobot_create_gz_toolbox' for CMake config files
[0.581s] Level 1:colcon.colcon_core.shell:create_environment_hook('irobot_create_gz_toolbox', 'cmake_prefix_path')
[0.581s] INFO:colcon.colcon_core.shell:Creating environment hook '/home/javierac/create3_ws/install/irobot_create_gz_toolbox/share/irobot_create_gz_toolbox/hook/cmake_prefix_path.ps1'
[0.581s] INFO:colcon.colcon_core.shell:Creating environment descriptor '/home/javierac/create3_ws/install/irobot_create_gz_toolbox/share/irobot_create_gz_toolbox/hook/cmake_prefix_path.dsv'
[0.582s] INFO:colcon.colcon_core.shell:Creating environment hook '/home/javierac/create3_ws/install/irobot_create_gz_toolbox/share/irobot_create_gz_toolbox/hook/cmake_prefix_path.sh'
[0.582s] Level 1:colcon.colcon_core.environment:checking '/home/javierac/create3_ws/install/irobot_create_gz_toolbox/lib'
[0.582s] Level 1:colcon.colcon_core.shell:create_environment_hook('irobot_create_gz_toolbox', 'ld_library_path_lib')
[0.582s] INFO:colcon.colcon_core.shell:Creating environment hook '/home/javierac/create3_ws/install/irobot_create_gz_toolbox/share/irobot_create_gz_toolbox/hook/ld_library_path_lib.ps1'
[0.583s] INFO:colcon.colcon_core.shell:Creating environment descriptor '/home/javierac/create3_ws/install/irobot_create_gz_toolbox/share/irobot_create_gz_toolbox/hook/ld_library_path_lib.dsv'
[0.583s] INFO:colcon.colcon_core.shell:Creating environment hook '/home/javierac/create3_ws/install/irobot_create_gz_toolbox/share/irobot_create_gz_toolbox/hook/ld_library_path_lib.sh'
[0.583s] Level 1:colcon.colcon_core.environment:checking '/home/javierac/create3_ws/install/irobot_create_gz_toolbox/bin'
[0.583s] Level 1:colcon.colcon_core.environment:checking '/home/javierac/create3_ws/install/irobot_create_gz_toolbox/lib/pkgconfig/irobot_create_gz_toolbox.pc'
[0.584s] Level 1:colcon.colcon_core.environment:checking '/home/javierac/create3_ws/install/irobot_create_gz_toolbox/lib/python3.12/site-packages'
[0.584s] Level 1:colcon.colcon_core.environment:checking '/home/javierac/create3_ws/install/irobot_create_gz_toolbox/bin'
[0.584s] INFO:colcon.colcon_core.shell:Creating package script '/home/javierac/create3_ws/install/irobot_create_gz_toolbox/share/irobot_create_gz_toolbox/package.ps1'
[0.585s] INFO:colcon.colcon_core.shell:Creating package descriptor '/home/javierac/create3_ws/install/irobot_create_gz_toolbox/share/irobot_create_gz_toolbox/package.dsv'
[0.585s] INFO:colcon.colcon_core.shell:Creating package script '/home/javierac/create3_ws/install/irobot_create_gz_toolbox/share/irobot_create_gz_toolbox/package.sh'
[0.585s] INFO:colcon.colcon_core.shell:Creating package script '/home/javierac/create3_ws/install/irobot_create_gz_toolbox/share/irobot_create_gz_toolbox/package.bash'
[0.586s] INFO:colcon.colcon_core.shell:Creating package script '/home/javierac/create3_ws/install/irobot_create_gz_toolbox/share/irobot_create_gz_toolbox/package.zsh'
[0.586s] Level 1:colcon.colcon_core.environment:create_file_with_runtime_dependencies(/home/javierac/create3_ws/install/irobot_create_gz_toolbox/share/colcon-core/packages/irobot_create_gz_toolbox)
[0.958s] DEBUG:colcon.colcon_core.event_handler.log_command:Invoked command in '/home/javierac/create3_ws/build/irobot_create_common_bringup' returned '0': CMAKE_PREFIX_PATH=/home/javierac/create3_ws/install/irobot_create_nodes:/home/javierac/create3_ws/install/irobot_create_description:/home/javierac/create3_ws/install/irobot_create_toolbox:/home/javierac/create3_ws/install/irobot_create_control:/home/javierac/create3_ws/install/irobot_create_gz_sim:/home/javierac/create3_ws/install/irobot_create_gz_bringup:/home/javierac/create3_ws/install/irobot_create_common_bringup:/home/javierac/create3_ws/install/irobot_create_gz_toolbox:/home/javierac/create3_ws/install/irobot_create_gz_plugins:/opt/ros/jazzy/opt/gz_sim_vendor:/opt/ros/jazzy/opt/gz_sensors_vendor:/opt/ros/jazzy/opt/gz_physics_vendor:/opt/ros/jazzy/opt/sdformat_vendor:/opt/ros/jazzy/opt/gz_gui_vendor:/opt/ros/jazzy/opt/gz_transport_vendor:/opt/ros/jazzy/opt/gz_rendering_vendor:/opt/ros/jazzy/opt/gz_plugin_vendor:/opt/ros/jazzy/opt/gz_fuel_tools_vendor:/opt/ros/jazzy/opt/gz_msgs_vendor:/opt/ros/jazzy/opt/gz_common_vendor:/opt/ros/jazzy/opt/gz_math_vendor:/opt/ros/jazzy/opt/gz_utils_vendor:/opt/ros/jazzy/opt/gz_tools_vendor:/opt/ros/jazzy/opt/gz_ogre_next_vendor:/opt/ros/jazzy/opt/gz_dartsim_vendor:/opt/ros/jazzy/opt/gz_cmake_vendor:/opt/ros/jazzy LD_LIBRARY_PATH=/home/javierac/create3_ws/install/irobot_create_nodes/lib:/home/javierac/create3_ws/install/irobot_create_toolbox/lib:/home/javierac/create3_ws/install/irobot_create_gz_toolbox/lib:/opt/ros/jazzy/opt/gz_sim_vendor/lib:/opt/ros/jazzy/opt/gz_sensors_vendor/lib:/opt/ros/jazzy/opt/gz_physics_vendor/lib:/opt/ros/jazzy/opt/sdformat_vendor/lib:/opt/ros/jazzy/opt/rviz_ogre_vendor/lib:/opt/ros/jazzy/lib/x86_64-linux-gnu:/opt/ros/jazzy/opt/gz_gui_vendor/lib:/opt/ros/jazzy/opt/gz_transport_vendor/lib:/opt/ros/jazzy/opt/gz_rendering_vendor/lib:/opt/ros/jazzy/opt/gz_plugin_vendor/lib:/opt/ros/jazzy/opt/gz_fuel_tools_vendor/lib:/opt/ros/jazzy/opt/gz_msgs_vendor/lib:/opt/ros/jazzy/opt/gz_common_vendor/lib:/opt/ros/jazzy/opt/gz_math_vendor/lib:/opt/ros/jazzy/opt/gz_utils_vendor/lib:/opt/ros/jazzy/opt/gz_tools_vendor/lib:/opt/ros/jazzy/opt/gz_ogre_next_vendor/lib:/opt/ros/jazzy/opt/gz_dartsim_vendor/lib:/opt/ros/jazzy/opt/gz_cmake_vendor/lib:/opt/ros/jazzy/lib /usr/bin/cmake --build /home/javierac/create3_ws/build/irobot_create_common_bringup -- -j20 -l20
[0.959s] DEBUG:colcon.colcon_core.event_handler.log_command:Invoking command in '/home/javierac/create3_ws/build/irobot_create_common_bringup': CMAKE_PREFIX_PATH=/home/javierac/create3_ws/install/irobot_create_nodes:/home/javierac/create3_ws/install/irobot_create_description:/home/javierac/create3_ws/install/irobot_create_toolbox:/home/javierac/create3_ws/install/irobot_create_control:/home/javierac/create3_ws/install/irobot_create_gz_sim:/home/javierac/create3_ws/install/irobot_create_gz_bringup:/home/javierac/create3_ws/install/irobot_create_common_bringup:/home/javierac/create3_ws/install/irobot_create_gz_toolbox:/home/javierac/create3_ws/install/irobot_create_gz_plugins:/opt/ros/jazzy/opt/gz_sim_vendor:/opt/ros/jazzy/opt/gz_sensors_vendor:/opt/ros/jazzy/opt/gz_physics_vendor:/opt/ros/jazzy/opt/sdformat_vendor:/opt/ros/jazzy/opt/gz_gui_vendor:/opt/ros/jazzy/opt/gz_transport_vendor:/opt/ros/jazzy/opt/gz_rendering_vendor:/opt/ros/jazzy/opt/gz_plugin_vendor:/opt/ros/jazzy/opt/gz_fuel_tools_vendor:/opt/ros/jazzy/opt/gz_msgs_vendor:/opt/ros/jazzy/opt/gz_common_vendor:/opt/ros/jazzy/opt/gz_math_vendor:/opt/ros/jazzy/opt/gz_utils_vendor:/opt/ros/jazzy/opt/gz_tools_vendor:/opt/ros/jazzy/opt/gz_ogre_next_vendor:/opt/ros/jazzy/opt/gz_dartsim_vendor:/opt/ros/jazzy/opt/gz_cmake_vendor:/opt/ros/jazzy LD_LIBRARY_PATH=/home/javierac/create3_ws/install/irobot_create_nodes/lib:/home/javierac/create3_ws/install/irobot_create_toolbox/lib:/home/javierac/create3_ws/install/irobot_create_gz_toolbox/lib:/opt/ros/jazzy/opt/gz_sim_vendor/lib:/opt/ros/jazzy/opt/gz_sensors_vendor/lib:/opt/ros/jazzy/opt/gz_physics_vendor/lib:/opt/ros/jazzy/opt/sdformat_vendor/lib:/opt/ros/jazzy/opt/rviz_ogre_vendor/lib:/opt/ros/jazzy/lib/x86_64-linux-gnu:/opt/ros/jazzy/opt/gz_gui_vendor/lib:/opt/ros/jazzy/opt/gz_transport_vendor/lib:/opt/ros/jazzy/opt/gz_rendering_vendor/lib:/opt/ros/jazzy/opt/gz_plugin_vendor/lib:/opt/ros/jazzy/opt/gz_fuel_tools_vendor/lib:/opt/ros/jazzy/opt/gz_msgs_vendor/lib:/opt/ros/jazzy/opt/gz_common_vendor/lib:/opt/ros/jazzy/opt/gz_math_vendor/lib:/opt/ros/jazzy/opt/gz_utils_vendor/lib:/opt/ros/jazzy/opt/gz_tools_vendor/lib:/opt/ros/jazzy/opt/gz_ogre_next_vendor/lib:/opt/ros/jazzy/opt/gz_dartsim_vendor/lib:/opt/ros/jazzy/opt/gz_cmake_vendor/lib:/opt/ros/jazzy/lib /usr/bin/cmake --install /home/javierac/create3_ws/build/irobot_create_common_bringup
[1.030s] Level 1:colcon.colcon_core.environment:create_environment_scripts_only(irobot_create_common_bringup)
[1.030s] Level 1:colcon.colcon_core.environment:checking '/home/javierac/create3_ws/install/irobot_create_common_bringup' for CMake module files
[1.031s] DEBUG:colcon.colcon_core.event_handler.log_command:Invoked command in '/home/javierac/create3_ws/build/irobot_create_common_bringup' returned '0': CMAKE_PREFIX_PATH=/home/javierac/create3_ws/install/irobot_create_nodes:/home/javierac/create3_ws/install/irobot_create_description:/home/javierac/create3_ws/install/irobot_create_toolbox:/home/javierac/create3_ws/install/irobot_create_control:/home/javierac/create3_ws/install/irobot_create_gz_sim:/home/javierac/create3_ws/install/irobot_create_gz_bringup:/home/javierac/create3_ws/install/irobot_create_common_bringup:/home/javierac/create3_ws/install/irobot_create_gz_toolbox:/home/javierac/create3_ws/install/irobot_create_gz_plugins:/opt/ros/jazzy/opt/gz_sim_vendor:/opt/ros/jazzy/opt/gz_sensors_vendor:/opt/ros/jazzy/opt/gz_physics_vendor:/opt/ros/jazzy/opt/sdformat_vendor:/opt/ros/jazzy/opt/gz_gui_vendor:/opt/ros/jazzy/opt/gz_transport_vendor:/opt/ros/jazzy/opt/gz_rendering_vendor:/opt/ros/jazzy/opt/gz_plugin_vendor:/opt/ros/jazzy/opt/gz_fuel_tools_vendor:/opt/ros/jazzy/opt/gz_msgs_vendor:/opt/ros/jazzy/opt/gz_common_vendor:/opt/ros/jazzy/opt/gz_math_vendor:/opt/ros/jazzy/opt/gz_utils_vendor:/opt/ros/jazzy/opt/gz_tools_vendor:/opt/ros/jazzy/opt/gz_ogre_next_vendor:/opt/ros/jazzy/opt/gz_dartsim_vendor:/opt/ros/jazzy/opt/gz_cmake_vendor:/opt/ros/jazzy LD_LIBRARY_PATH=/home/javierac/create3_ws/install/irobot_create_nodes/lib:/home/javierac/create3_ws/install/irobot_create_toolbox/lib:/home/javierac/create3_ws/install/irobot_create_gz_toolbox/lib:/opt/ros/jazzy/opt/gz_sim_vendor/lib:/opt/ros/jazzy/opt/gz_sensors_vendor/lib:/opt/ros/jazzy/opt/gz_physics_vendor/lib:/opt/ros/jazzy/opt/sdformat_vendor/lib:/opt/ros/jazzy/opt/rviz_ogre_vendor/lib:/opt/ros/jazzy/lib/x86_64-linux-gnu:/opt/ros/jazzy/opt/gz_gui_vendor/lib:/opt/ros/jazzy/opt/gz_transport_vendor/lib:/opt/ros/jazzy/opt/gz_rendering_vendor/lib:/opt/ros/jazzy/opt/gz_plugin_vendor/lib:/opt/ros/jazzy/opt/gz_fuel_tools_vendor/lib:/opt/ros/jazzy/opt/gz_msgs_vendor/lib:/opt/ros/jazzy/opt/gz_common_vendor/lib:/opt/ros/jazzy/opt/gz_math_vendor/lib:/opt/ros/jazzy/opt/gz_utils_vendor/lib:/opt/ros/jazzy/opt/gz_tools_vendor/lib:/opt/ros/jazzy/opt/gz_ogre_next_vendor/lib:/opt/ros/jazzy/opt/gz_dartsim_vendor/lib:/opt/ros/jazzy/opt/gz_cmake_vendor/lib:/opt/ros/jazzy/lib /usr/bin/cmake --install /home/javierac/create3_ws/build/irobot_create_common_bringup
[1.031s] Level 1:colcon.colcon_core.environment:checking '/home/javierac/create3_ws/install/irobot_create_common_bringup' for CMake config files
[1.031s] Level 1:colcon.colcon_core.shell:create_environment_hook('irobot_create_common_bringup', 'cmake_prefix_path')
[1.032s] INFO:colcon.colcon_core.shell:Creating environment hook '/home/javierac/create3_ws/install/irobot_create_common_bringup/share/irobot_create_common_bringup/hook/cmake_prefix_path.ps1'
[1.032s] INFO:colcon.colcon_core.shell:Creating environment descriptor '/home/javierac/create3_ws/install/irobot_create_common_bringup/share/irobot_create_common_bringup/hook/cmake_prefix_path.dsv'
[1.032s] INFO:colcon.colcon_core.shell:Creating environment hook '/home/javierac/create3_ws/install/irobot_create_common_bringup/share/irobot_create_common_bringup/hook/cmake_prefix_path.sh'
[1.033s] Level 1:colcon.colcon_core.environment:checking '/home/javierac/create3_ws/install/irobot_create_common_bringup/lib'
[1.033s] Level 1:colcon.colcon_core.environment:checking '/home/javierac/create3_ws/install/irobot_create_common_bringup/bin'
[1.033s] Level 1:colcon.colcon_core.environment:checking '/home/javierac/create3_ws/install/irobot_create_common_bringup/lib/pkgconfig/irobot_create_common_bringup.pc'
[1.033s] Level 1:colcon.colcon_core.environment:checking '/home/javierac/create3_ws/install/irobot_create_common_bringup/lib/python3.12/site-packages'
[1.033s] Level 1:colcon.colcon_core.shell:create_environment_hook('irobot_create_common_bringup', 'pythonpath')
[1.033s] INFO:colcon.colcon_core.shell:Creating environment hook '/home/javierac/create3_ws/install/irobot_create_common_bringup/share/irobot_create_common_bringup/hook/pythonpath.ps1'
[1.034s] INFO:colcon.colcon_core.shell:Creating environment descriptor '/home/javierac/create3_ws/install/irobot_create_common_bringup/share/irobot_create_common_bringup/hook/pythonpath.dsv'
[1.034s] INFO:colcon.colcon_core.shell:Creating environment hook '/home/javierac/create3_ws/install/irobot_create_common_bringup/share/irobot_create_common_bringup/hook/pythonpath.sh'
[1.035s] Level 1:colcon.colcon_core.environment:checking '/home/javierac/create3_ws/install/irobot_create_common_bringup/bin'
[1.035s] INFO:colcon.colcon_core.shell:Creating package script '/home/javierac/create3_ws/install/irobot_create_common_bringup/share/irobot_create_common_bringup/package.ps1'
[1.035s] INFO:colcon.colcon_core.shell:Creating package descriptor '/home/javierac/create3_ws/install/irobot_create_common_bringup/share/irobot_create_common_bringup/package.dsv'
[1.036s] INFO:colcon.colcon_core.shell:Creating package script '/home/javierac/create3_ws/install/irobot_create_common_bringup/share/irobot_create_common_bringup/package.sh'
[1.036s] INFO:colcon.colcon_core.shell:Creating package script '/home/javierac/create3_ws/install/irobot_create_common_bringup/share/irobot_create_common_bringup/package.bash'
[1.036s] INFO:colcon.colcon_core.shell:Creating package script '/home/javierac/create3_ws/install/irobot_create_common_bringup/share/irobot_create_common_bringup/package.zsh'
[1.036s] Level 1:colcon.colcon_core.environment:create_file_with_runtime_dependencies(/home/javierac/create3_ws/install/irobot_create_common_bringup/share/colcon-core/packages/irobot_create_common_bringup)
[1.037s] Level 1:colcon.colcon_core.environment:create_environment_scripts_only(irobot_create_common_bringup)
[1.037s] Level 1:colcon.colcon_core.environment:checking '/home/javierac/create3_ws/install/irobot_create_common_bringup' for CMake module files
[1.037s] Level 1:colcon.colcon_core.environment:checking '/home/javierac/create3_ws/install/irobot_create_common_bringup' for CMake config files
[1.038s] Level 1:colcon.colcon_core.shell:create_environment_hook('irobot_create_common_bringup', 'cmake_prefix_path')
[1.038s] INFO:colcon.colcon_core.shell:Creating environment hook '/home/javierac/create3_ws/install/irobot_create_common_bringup/share/irobot_create_common_bringup/hook/cmake_prefix_path.ps1'
[1.038s] INFO:colcon.colcon_core.shell:Creating environment descriptor '/home/javierac/create3_ws/install/irobot_create_common_bringup/share/irobot_create_common_bringup/hook/cmake_prefix_path.dsv'
[1.038s] INFO:colcon.colcon_core.shell:Creating environment hook '/home/javierac/create3_ws/install/irobot_create_common_bringup/share/irobot_create_common_bringup/hook/cmake_prefix_path.sh'
[1.039s] Level 1:colcon.colcon_core.environment:checking '/home/javierac/create3_ws/install/irobot_create_common_bringup/lib'
[1.039s] Level 1:colcon.colcon_core.environment:checking '/home/javierac/create3_ws/install/irobot_create_common_bringup/bin'
[1.039s] Level 1:colcon.colcon_core.environment:checking '/home/javierac/create3_ws/install/irobot_create_common_bringup/lib/pkgconfig/irobot_create_common_bringup.pc'
[1.039s] Level 1:colcon.colcon_core.environment:checking '/home/javierac/create3_ws/install/irobot_create_common_bringup/lib/python3.12/site-packages'
[1.039s] Level 1:colcon.colcon_core.shell:create_environment_hook('irobot_create_common_bringup', 'pythonpath')
[1.039s] INFO:colcon.colcon_core.shell:Creating environment hook '/home/javierac/create3_ws/install/irobot_create_common_bringup/share/irobot_create_common_bringup/hook/pythonpath.ps1'
[1.040s] INFO:colcon.colcon_core.shell:Creating environment descriptor '/home/javierac/create3_ws/install/irobot_create_common_bringup/share/irobot_create_common_bringup/hook/pythonpath.dsv'
[1.040s] INFO:colcon.colcon_core.shell:Creating environment hook '/home/javierac/create3_ws/install/irobot_create_common_bringup/share/irobot_create_common_bringup/hook/pythonpath.sh'
[1.041s] Level 1:colcon.colcon_core.environment:checking '/home/javierac/create3_ws/install/irobot_create_common_bringup/bin'
[1.041s] INFO:colcon.colcon_core.shell:Creating package script '/home/javierac/create3_ws/install/irobot_create_common_bringup/share/irobot_create_common_bringup/package.ps1'
[1.041s] INFO:colcon.colcon_core.shell:Creating package descriptor '/home/javierac/create3_ws/install/irobot_create_common_bringup/share/irobot_create_common_bringup/package.dsv'
[1.042s] INFO:colcon.colcon_core.shell:Creating package script '/home/javierac/create3_ws/install/irobot_create_common_bringup/share/irobot_create_common_bringup/package.sh'
[1.042s] INFO:colcon.colcon_core.shell:Creating package script '/home/javierac/create3_ws/install/irobot_create_common_bringup/share/irobot_create_common_bringup/package.bash'
[1.043s] INFO:colcon.colcon_core.shell:Creating package script '/home/javierac/create3_ws/install/irobot_create_common_bringup/share/irobot_create_common_bringup/package.zsh'
[1.043s] Level 1:colcon.colcon_core.environment:create_file_with_runtime_dependencies(/home/javierac/create3_ws/install/irobot_create_common_bringup/share/colcon-core/packages/irobot_create_common_bringup)
[1.043s] INFO:colcon.colcon_ros.task.ament_cmake.build:Building ROS package in '/home/javierac/create3_ws/src/irobot_create_gz/irobot_create_gz_bringup' with build type 'ament_cmake'
[1.043s] INFO:colcon.colcon_cmake.task.cmake.build:Building CMake package in '/home/javierac/create3_ws/src/irobot_create_gz/irobot_create_gz_bringup'
[1.043s] INFO:colcon.colcon_core.shell:Skip shell extension 'powershell' for command environment: Not usable outside of PowerShell
[1.044s] DEBUG:colcon.colcon_core.shell:Skip shell extension 'dsv' for command environment
[1.065s] DEBUG:colcon.colcon_core.event_handler.log_command:Invoking command in '/home/javierac/create3_ws/build/irobot_create_gz_bringup': CMAKE_PREFIX_PATH=/home/javierac/create3_ws/install/irobot_create_common_bringup:/home/javierac/create3_ws/install/irobot_create_nodes:/home/javierac/create3_ws/install/irobot_create_gz_toolbox:/home/javierac/create3_ws/install/irobot_create_description:/home/javierac/create3_ws/install/irobot_create_toolbox:/home/javierac/create3_ws/install/irobot_create_control:/home/javierac/create3_ws/install/irobot_create_gz_sim:/home/javierac/create3_ws/install/irobot_create_gz_bringup:/home/javierac/create3_ws/install/irobot_create_gz_plugins:/opt/ros/jazzy/opt/gz_sim_vendor:/opt/ros/jazzy/opt/gz_sensors_vendor:/opt/ros/jazzy/opt/gz_physics_vendor:/opt/ros/jazzy/opt/sdformat_vendor:/opt/ros/jazzy/opt/gz_gui_vendor:/opt/ros/jazzy/opt/gz_transport_vendor:/opt/ros/jazzy/opt/gz_rendering_vendor:/opt/ros/jazzy/opt/gz_plugin_vendor:/opt/ros/jazzy/opt/gz_fuel_tools_vendor:/opt/ros/jazzy/opt/gz_msgs_vendor:/opt/ros/jazzy/opt/gz_common_vendor:/opt/ros/jazzy/opt/gz_math_vendor:/opt/ros/jazzy/opt/gz_utils_vendor:/opt/ros/jazzy/opt/gz_tools_vendor:/opt/ros/jazzy/opt/gz_ogre_next_vendor:/opt/ros/jazzy/opt/gz_dartsim_vendor:/opt/ros/jazzy/opt/gz_cmake_vendor:/opt/ros/jazzy /usr/bin/cmake --build /home/javierac/create3_ws/build/irobot_create_gz_bringup -- -j20 -l20
[1.112s] DEBUG:colcon.colcon_core.event_handler.log_command:Invoked command in '/home/javierac/create3_ws/build/irobot_create_gz_bringup' returned '0': CMAKE_PREFIX_PATH=/home/javierac/create3_ws/install/irobot_create_common_bringup:/home/javierac/create3_ws/install/irobot_create_nodes:/home/javierac/create3_ws/install/irobot_create_gz_toolbox:/home/javierac/create3_ws/install/irobot_create_description:/home/javierac/create3_ws/install/irobot_create_toolbox:/home/javierac/create3_ws/install/irobot_create_control:/home/javierac/create3_ws/install/irobot_create_gz_sim:/home/javierac/create3_ws/install/irobot_create_gz_bringup:/home/javierac/create3_ws/install/irobot_create_gz_plugins:/opt/ros/jazzy/opt/gz_sim_vendor:/opt/ros/jazzy/opt/gz_sensors_vendor:/opt/ros/jazzy/opt/gz_physics_vendor:/opt/ros/jazzy/opt/sdformat_vendor:/opt/ros/jazzy/opt/gz_gui_vendor:/opt/ros/jazzy/opt/gz_transport_vendor:/opt/ros/jazzy/opt/gz_rendering_vendor:/opt/ros/jazzy/opt/gz_plugin_vendor:/opt/ros/jazzy/opt/gz_fuel_tools_vendor:/opt/ros/jazzy/opt/gz_msgs_vendor:/opt/ros/jazzy/opt/gz_common_vendor:/opt/ros/jazzy/opt/gz_math_vendor:/opt/ros/jazzy/opt/gz_utils_vendor:/opt/ros/jazzy/opt/gz_tools_vendor:/opt/ros/jazzy/opt/gz_ogre_next_vendor:/opt/ros/jazzy/opt/gz_dartsim_vendor:/opt/ros/jazzy/opt/gz_cmake_vendor:/opt/ros/jazzy /usr/bin/cmake --build /home/javierac/create3_ws/build/irobot_create_gz_bringup -- -j20 -l20
[1.113s] DEBUG:colcon.colcon_core.event_handler.log_command:Invoking command in '/home/javierac/create3_ws/build/irobot_create_gz_bringup': CMAKE_PREFIX_PATH=/home/javierac/create3_ws/install/irobot_create_common_bringup:/home/javierac/create3_ws/install/irobot_create_nodes:/home/javierac/create3_ws/install/irobot_create_gz_toolbox:/home/javierac/create3_ws/install/irobot_create_description:/home/javierac/create3_ws/install/irobot_create_toolbox:/home/javierac/create3_ws/install/irobot_create_control:/home/javierac/create3_ws/install/irobot_create_gz_sim:/home/javierac/create3_ws/install/irobot_create_gz_bringup:/home/javierac/create3_ws/install/irobot_create_gz_plugins:/opt/ros/jazzy/opt/gz_sim_vendor:/opt/ros/jazzy/opt/gz_sensors_vendor:/opt/ros/jazzy/opt/gz_physics_vendor:/opt/ros/jazzy/opt/sdformat_vendor:/opt/ros/jazzy/opt/gz_gui_vendor:/opt/ros/jazzy/opt/gz_transport_vendor:/opt/ros/jazzy/opt/gz_rendering_vendor:/opt/ros/jazzy/opt/gz_plugin_vendor:/opt/ros/jazzy/opt/gz_fuel_tools_vendor:/opt/ros/jazzy/opt/gz_msgs_vendor:/opt/ros/jazzy/opt/gz_common_vendor:/opt/ros/jazzy/opt/gz_math_vendor:/opt/ros/jazzy/opt/gz_utils_vendor:/opt/ros/jazzy/opt/gz_tools_vendor:/opt/ros/jazzy/opt/gz_ogre_next_vendor:/opt/ros/jazzy/opt/gz_dartsim_vendor:/opt/ros/jazzy/opt/gz_cmake_vendor:/opt/ros/jazzy /usr/bin/cmake --install /home/javierac/create3_ws/build/irobot_create_gz_bringup
[1.137s] Level 1:colcon.colcon_core.environment:create_environment_scripts_only(irobot_create_gz_bringup)
[1.137s] Level 1:colcon.colcon_core.environment:checking '/home/javierac/create3_ws/install/irobot_create_gz_bringup' for CMake module files
[1.137s] DEBUG:colcon.colcon_core.event_handler.log_command:Invoked command in '/home/javierac/create3_ws/build/irobot_create_gz_bringup' returned '0': CMAKE_PREFIX_PATH=/home/javierac/create3_ws/install/irobot_create_common_bringup:/home/javierac/create3_ws/install/irobot_create_nodes:/home/javierac/create3_ws/install/irobot_create_gz_toolbox:/home/javierac/create3_ws/install/irobot_create_description:/home/javierac/create3_ws/install/irobot_create_toolbox:/home/javierac/create3_ws/install/irobot_create_control:/home/javierac/create3_ws/install/irobot_create_gz_sim:/home/javierac/create3_ws/install/irobot_create_gz_bringup:/home/javierac/create3_ws/install/irobot_create_gz_plugins:/opt/ros/jazzy/opt/gz_sim_vendor:/opt/ros/jazzy/opt/gz_sensors_vendor:/opt/ros/jazzy/opt/gz_physics_vendor:/opt/ros/jazzy/opt/sdformat_vendor:/opt/ros/jazzy/opt/gz_gui_vendor:/opt/ros/jazzy/opt/gz_transport_vendor:/opt/ros/jazzy/opt/gz_rendering_vendor:/opt/ros/jazzy/opt/gz_plugin_vendor:/opt/ros/jazzy/opt/gz_fuel_tools_vendor:/opt/ros/jazzy/opt/gz_msgs_vendor:/opt/ros/jazzy/opt/gz_common_vendor:/opt/ros/jazzy/opt/gz_math_vendor:/opt/ros/jazzy/opt/gz_utils_vendor:/opt/ros/jazzy/opt/gz_tools_vendor:/opt/ros/jazzy/opt/gz_ogre_next_vendor:/opt/ros/jazzy/opt/gz_dartsim_vendor:/opt/ros/jazzy/opt/gz_cmake_vendor:/opt/ros/jazzy /usr/bin/cmake --install /home/javierac/create3_ws/build/irobot_create_gz_bringup
[1.138s] Level 1:colcon.colcon_core.environment:checking '/home/javierac/create3_ws/install/irobot_create_gz_bringup' for CMake config files
[1.138s] Level 1:colcon.colcon_core.shell:create_environment_hook('irobot_create_gz_bringup', 'cmake_prefix_path')
[1.138s] INFO:colcon.colcon_core.shell:Creating environment hook '/home/javierac/create3_ws/install/irobot_create_gz_bringup/share/irobot_create_gz_bringup/hook/cmake_prefix_path.ps1'
[1.139s] INFO:colcon.colcon_core.shell:Creating environment descriptor '/home/javierac/create3_ws/install/irobot_create_gz_bringup/share/irobot_create_gz_bringup/hook/cmake_prefix_path.dsv'
[1.139s] INFO:colcon.colcon_core.shell:Creating environment hook '/home/javierac/create3_ws/install/irobot_create_gz_bringup/share/irobot_create_gz_bringup/hook/cmake_prefix_path.sh'
[1.140s] Level 1:colcon.colcon_core.environment:checking '/home/javierac/create3_ws/install/irobot_create_gz_bringup/bin'
[1.140s] Level 1:colcon.colcon_core.environment:checking '/home/javierac/create3_ws/install/irobot_create_gz_bringup/lib/pkgconfig/irobot_create_gz_bringup.pc'
[1.140s] Level 1:colcon.colcon_core.environment:checking '/home/javierac/create3_ws/install/irobot_create_gz_bringup/lib/python3.12/site-packages'
[1.140s] Level 1:colcon.colcon_core.environment:checking '/home/javierac/create3_ws/install/irobot_create_gz_bringup/bin'
[1.140s] INFO:colcon.colcon_core.shell:Creating package script '/home/javierac/create3_ws/install/irobot_create_gz_bringup/share/irobot_create_gz_bringup/package.ps1'
[1.141s] INFO:colcon.colcon_core.shell:Creating package descriptor '/home/javierac/create3_ws/install/irobot_create_gz_bringup/share/irobot_create_gz_bringup/package.dsv'
[1.141s] INFO:colcon.colcon_core.shell:Creating package script '/home/javierac/create3_ws/install/irobot_create_gz_bringup/share/irobot_create_gz_bringup/package.sh'
[1.141s] INFO:colcon.colcon_core.shell:Creating package script '/home/javierac/create3_ws/install/irobot_create_gz_bringup/share/irobot_create_gz_bringup/package.bash'
[1.142s] INFO:colcon.colcon_core.shell:Creating package script '/home/javierac/create3_ws/install/irobot_create_gz_bringup/share/irobot_create_gz_bringup/package.zsh'
[1.142s] Level 1:colcon.colcon_core.environment:create_file_with_runtime_dependencies(/home/javierac/create3_ws/install/irobot_create_gz_bringup/share/colcon-core/packages/irobot_create_gz_bringup)
[1.142s] Level 1:colcon.colcon_core.environment:create_environment_scripts_only(irobot_create_gz_bringup)
[1.143s] Level 1:colcon.colcon_core.environment:checking '/home/javierac/create3_ws/install/irobot_create_gz_bringup' for CMake module files
[1.143s] Level 1:colcon.colcon_core.environment:checking '/home/javierac/create3_ws/install/irobot_create_gz_bringup' for CMake config files
[1.143s] Level 1:colcon.colcon_core.shell:create_environment_hook('irobot_create_gz_bringup', 'cmake_prefix_path')
[1.143s] INFO:colcon.colcon_core.shell:Creating environment hook '/home/javierac/create3_ws/install/irobot_create_gz_bringup/share/irobot_create_gz_bringup/hook/cmake_prefix_path.ps1'
[1.144s] INFO:colcon.colcon_core.shell:Creating environment descriptor '/home/javierac/create3_ws/install/irobot_create_gz_bringup/share/irobot_create_gz_bringup/hook/cmake_prefix_path.dsv'
[1.144s] INFO:colcon.colcon_core.shell:Creating environment hook '/home/javierac/create3_ws/install/irobot_create_gz_bringup/share/irobot_create_gz_bringup/hook/cmake_prefix_path.sh'
[1.145s] Level 1:colcon.colcon_core.environment:checking '/home/javierac/create3_ws/install/irobot_create_gz_bringup/bin'
[1.145s] Level 1:colcon.colcon_core.environment:checking '/home/javierac/create3_ws/install/irobot_create_gz_bringup/lib/pkgconfig/irobot_create_gz_bringup.pc'
[1.145s] Level 1:colcon.colcon_core.environment:checking '/home/javierac/create3_ws/install/irobot_create_gz_bringup/lib/python3.12/site-packages'
[1.145s] Level 1:colcon.colcon_core.environment:checking '/home/javierac/create3_ws/install/irobot_create_gz_bringup/bin'
[1.145s] INFO:colcon.colcon_core.shell:Creating package script '/home/javierac/create3_ws/install/irobot_create_gz_bringup/share/irobot_create_gz_bringup/package.ps1'
[1.146s] INFO:colcon.colcon_core.shell:Creating package descriptor '/home/javierac/create3_ws/install/irobot_create_gz_bringup/share/irobot_create_gz_bringup/package.dsv'
[1.147s] INFO:colcon.colcon_core.shell:Creating package script '/home/javierac/create3_ws/install/irobot_create_gz_bringup/share/irobot_create_gz_bringup/package.sh'
[1.147s] INFO:colcon.colcon_core.shell:Creating package script '/home/javierac/create3_ws/install/irobot_create_gz_bringup/share/irobot_create_gz_bringup/package.bash'
[1.147s] INFO:colcon.colcon_core.shell:Creating package script '/home/javierac/create3_ws/install/irobot_create_gz_bringup/share/irobot_create_gz_bringup/package.zsh'
[1.148s] Level 1:colcon.colcon_core.environment:create_file_with_runtime_dependencies(/home/javierac/create3_ws/install/irobot_create_gz_bringup/share/colcon-core/packages/irobot_create_gz_bringup)
[1.148s] INFO:colcon.colcon_ros.task.ament_cmake.build:Building ROS package in '/home/javierac/create3_ws/src/irobot_create_gz/irobot_create_gz_sim' with build type 'ament_cmake'
[1.148s] INFO:colcon.colcon_cmake.task.cmake.build:Building CMake package in '/home/javierac/create3_ws/src/irobot_create_gz/irobot_create_gz_sim'
[1.148s] INFO:colcon.colcon_core.shell:Skip shell extension 'powershell' for command environment: Not usable outside of PowerShell
[1.149s] DEBUG:colcon.colcon_core.shell:Skip shell extension 'dsv' for command environment
[1.173s] DEBUG:colcon.colcon_core.event_handler.log_command:Invoking command in '/home/javierac/create3_ws/build/irobot_create_gz_sim': CMAKE_PREFIX_PATH=/home/javierac/create3_ws/install/irobot_create_gz_bringup:/home/javierac/create3_ws/install/irobot_create_common_bringup:/home/javierac/create3_ws/install/irobot_create_nodes:/home/javierac/create3_ws/install/irobot_create_gz_toolbox:/home/javierac/create3_ws/install/irobot_create_description:/home/javierac/create3_ws/install/irobot_create_toolbox:/home/javierac/create3_ws/install/irobot_create_gz_plugins:/home/javierac/create3_ws/install/irobot_create_control:/home/javierac/create3_ws/install/irobot_create_gz_sim:/opt/ros/jazzy/opt/gz_sim_vendor:/opt/ros/jazzy/opt/gz_sensors_vendor:/opt/ros/jazzy/opt/gz_physics_vendor:/opt/ros/jazzy/opt/sdformat_vendor:/opt/ros/jazzy/opt/gz_gui_vendor:/opt/ros/jazzy/opt/gz_transport_vendor:/opt/ros/jazzy/opt/gz_rendering_vendor:/opt/ros/jazzy/opt/gz_plugin_vendor:/opt/ros/jazzy/opt/gz_fuel_tools_vendor:/opt/ros/jazzy/opt/gz_msgs_vendor:/opt/ros/jazzy/opt/gz_common_vendor:/opt/ros/jazzy/opt/gz_math_vendor:/opt/ros/jazzy/opt/gz_utils_vendor:/opt/ros/jazzy/opt/gz_tools_vendor:/opt/ros/jazzy/opt/gz_ogre_next_vendor:/opt/ros/jazzy/opt/gz_dartsim_vendor:/opt/ros/jazzy/opt/gz_cmake_vendor:/opt/ros/jazzy /usr/bin/cmake --build /home/javierac/create3_ws/build/irobot_create_gz_sim -- -j20 -l20
[1.217s] DEBUG:colcon.colcon_core.event_handler.log_command:Invoked command in '/home/javierac/create3_ws/build/irobot_create_gz_sim' returned '0': CMAKE_PREFIX_PATH=/home/javierac/create3_ws/install/irobot_create_gz_bringup:/home/javierac/create3_ws/install/irobot_create_common_bringup:/home/javierac/create3_ws/install/irobot_create_nodes:/home/javierac/create3_ws/install/irobot_create_gz_toolbox:/home/javierac/create3_ws/install/irobot_create_description:/home/javierac/create3_ws/install/irobot_create_toolbox:/home/javierac/create3_ws/install/irobot_create_gz_plugins:/home/javierac/create3_ws/install/irobot_create_control:/home/javierac/create3_ws/install/irobot_create_gz_sim:/opt/ros/jazzy/opt/gz_sim_vendor:/opt/ros/jazzy/opt/gz_sensors_vendor:/opt/ros/jazzy/opt/gz_physics_vendor:/opt/ros/jazzy/opt/sdformat_vendor:/opt/ros/jazzy/opt/gz_gui_vendor:/opt/ros/jazzy/opt/gz_transport_vendor:/opt/ros/jazzy/opt/gz_rendering_vendor:/opt/ros/jazzy/opt/gz_plugin_vendor:/opt/ros/jazzy/opt/gz_fuel_tools_vendor:/opt/ros/jazzy/opt/gz_msgs_vendor:/opt/ros/jazzy/opt/gz_common_vendor:/opt/ros/jazzy/opt/gz_math_vendor:/opt/ros/jazzy/opt/gz_utils_vendor:/opt/ros/jazzy/opt/gz_tools_vendor:/opt/ros/jazzy/opt/gz_ogre_next_vendor:/opt/ros/jazzy/opt/gz_dartsim_vendor:/opt/ros/jazzy/opt/gz_cmake_vendor:/opt/ros/jazzy /usr/bin/cmake --build /home/javierac/create3_ws/build/irobot_create_gz_sim -- -j20 -l20
[1.218s] DEBUG:colcon.colcon_core.event_handler.log_command:Invoking command in '/home/javierac/create3_ws/build/irobot_create_gz_sim': CMAKE_PREFIX_PATH=/home/javierac/create3_ws/install/irobot_create_gz_bringup:/home/javierac/create3_ws/install/irobot_create_common_bringup:/home/javierac/create3_ws/install/irobot_create_nodes:/home/javierac/create3_ws/install/irobot_create_gz_toolbox:/home/javierac/create3_ws/install/irobot_create_description:/home/javierac/create3_ws/install/irobot_create_toolbox:/home/javierac/create3_ws/install/irobot_create_gz_plugins:/home/javierac/create3_ws/install/irobot_create_control:/home/javierac/create3_ws/install/irobot_create_gz_sim:/opt/ros/jazzy/opt/gz_sim_vendor:/opt/ros/jazzy/opt/gz_sensors_vendor:/opt/ros/jazzy/opt/gz_physics_vendor:/opt/ros/jazzy/opt/sdformat_vendor:/opt/ros/jazzy/opt/gz_gui_vendor:/opt/ros/jazzy/opt/gz_transport_vendor:/opt/ros/jazzy/opt/gz_rendering_vendor:/opt/ros/jazzy/opt/gz_plugin_vendor:/opt/ros/jazzy/opt/gz_fuel_tools_vendor:/opt/ros/jazzy/opt/gz_msgs_vendor:/opt/ros/jazzy/opt/gz_common_vendor:/opt/ros/jazzy/opt/gz_math_vendor:/opt/ros/jazzy/opt/gz_utils_vendor:/opt/ros/jazzy/opt/gz_tools_vendor:/opt/ros/jazzy/opt/gz_ogre_next_vendor:/opt/ros/jazzy/opt/gz_dartsim_vendor:/opt/ros/jazzy/opt/gz_cmake_vendor:/opt/ros/jazzy /usr/bin/cmake --install /home/javierac/create3_ws/build/irobot_create_gz_sim
[1.238s] Level 1:colcon.colcon_core.environment:create_environment_scripts_only(irobot_create_gz_sim)
[1.238s] Level 1:colcon.colcon_core.environment:checking '/home/javierac/create3_ws/install/irobot_create_gz_sim' for CMake module files
[1.238s] DEBUG:colcon.colcon_core.event_handler.log_command:Invoked command in '/home/javierac/create3_ws/build/irobot_create_gz_sim' returned '0': CMAKE_PREFIX_PATH=/home/javierac/create3_ws/install/irobot_create_gz_bringup:/home/javierac/create3_ws/install/irobot_create_common_bringup:/home/javierac/create3_ws/install/irobot_create_nodes:/home/javierac/create3_ws/install/irobot_create_gz_toolbox:/home/javierac/create3_ws/install/irobot_create_description:/home/javierac/create3_ws/install/irobot_create_toolbox:/home/javierac/create3_ws/install/irobot_create_gz_plugins:/home/javierac/create3_ws/install/irobot_create_control:/home/javierac/create3_ws/install/irobot_create_gz_sim:/opt/ros/jazzy/opt/gz_sim_vendor:/opt/ros/jazzy/opt/gz_sensors_vendor:/opt/ros/jazzy/opt/gz_physics_vendor:/opt/ros/jazzy/opt/sdformat_vendor:/opt/ros/jazzy/opt/gz_gui_vendor:/opt/ros/jazzy/opt/gz_transport_vendor:/opt/ros/jazzy/opt/gz_rendering_vendor:/opt/ros/jazzy/opt/gz_plugin_vendor:/opt/ros/jazzy/opt/gz_fuel_tools_vendor:/opt/ros/jazzy/opt/gz_msgs_vendor:/opt/ros/jazzy/opt/gz_common_vendor:/opt/ros/jazzy/opt/gz_math_vendor:/opt/ros/jazzy/opt/gz_utils_vendor:/opt/ros/jazzy/opt/gz_tools_vendor:/opt/ros/jazzy/opt/gz_ogre_next_vendor:/opt/ros/jazzy/opt/gz_dartsim_vendor:/opt/ros/jazzy/opt/gz_cmake_vendor:/opt/ros/jazzy /usr/bin/cmake --install /home/javierac/create3_ws/build/irobot_create_gz_sim
[1.240s] Level 1:colcon.colcon_core.environment:checking '/home/javierac/create3_ws/install/irobot_create_gz_sim' for CMake config files
[1.240s] Level 1:colcon.colcon_core.shell:create_environment_hook('irobot_create_gz_sim', 'cmake_prefix_path')
[1.240s] INFO:colcon.colcon_core.shell:Creating environment hook '/home/javierac/create3_ws/install/irobot_create_gz_sim/share/irobot_create_gz_sim/hook/cmake_prefix_path.ps1'
[1.241s] INFO:colcon.colcon_core.shell:Creating environment descriptor '/home/javierac/create3_ws/install/irobot_create_gz_sim/share/irobot_create_gz_sim/hook/cmake_prefix_path.dsv'
[1.242s] INFO:colcon.colcon_core.shell:Creating environment hook '/home/javierac/create3_ws/install/irobot_create_gz_sim/share/irobot_create_gz_sim/hook/cmake_prefix_path.sh'
[1.242s] Level 1:colcon.colcon_core.environment:checking '/home/javierac/create3_ws/install/irobot_create_gz_sim/bin'
[1.243s] Level 1:colcon.colcon_core.environment:checking '/home/javierac/create3_ws/install/irobot_create_gz_sim/lib/pkgconfig/irobot_create_gz_sim.pc'
[1.243s] Level 1:colcon.colcon_core.environment:checking '/home/javierac/create3_ws/install/irobot_create_gz_sim/lib/python3.12/site-packages'
[1.243s] Level 1:colcon.colcon_core.environment:checking '/home/javierac/create3_ws/install/irobot_create_gz_sim/bin'
[1.243s] INFO:colcon.colcon_core.shell:Creating package script '/home/javierac/create3_ws/install/irobot_create_gz_sim/share/irobot_create_gz_sim/package.ps1'
[1.244s] INFO:colcon.colcon_core.shell:Creating package descriptor '/home/javierac/create3_ws/install/irobot_create_gz_sim/share/irobot_create_gz_sim/package.dsv'
[1.244s] INFO:colcon.colcon_core.shell:Creating package script '/home/javierac/create3_ws/install/irobot_create_gz_sim/share/irobot_create_gz_sim/package.sh'
[1.244s] INFO:colcon.colcon_core.shell:Creating package script '/home/javierac/create3_ws/install/irobot_create_gz_sim/share/irobot_create_gz_sim/package.bash'
[1.245s] INFO:colcon.colcon_core.shell:Creating package script '/home/javierac/create3_ws/install/irobot_create_gz_sim/share/irobot_create_gz_sim/package.zsh'
[1.245s] Level 1:colcon.colcon_core.environment:create_file_with_runtime_dependencies(/home/javierac/create3_ws/install/irobot_create_gz_sim/share/colcon-core/packages/irobot_create_gz_sim)
[1.246s] Level 1:colcon.colcon_core.environment:create_environment_scripts_only(irobot_create_gz_sim)
[1.246s] Level 1:colcon.colcon_core.environment:checking '/home/javierac/create3_ws/install/irobot_create_gz_sim' for CMake module files
[1.246s] Level 1:colcon.colcon_core.environment:checking '/home/javierac/create3_ws/install/irobot_create_gz_sim' for CMake config files
[1.246s] Level 1:colcon.colcon_core.shell:create_environment_hook('irobot_create_gz_sim', 'cmake_prefix_path')
[1.247s] INFO:colcon.colcon_core.shell:Creating environment hook '/home/javierac/create3_ws/install/irobot_create_gz_sim/share/irobot_create_gz_sim/hook/cmake_prefix_path.ps1'
[1.247s] INFO:colcon.colcon_core.shell:Creating environment descriptor '/home/javierac/create3_ws/install/irobot_create_gz_sim/share/irobot_create_gz_sim/hook/cmake_prefix_path.dsv'
[1.247s] INFO:colcon.colcon_core.shell:Creating environment hook '/home/javierac/create3_ws/install/irobot_create_gz_sim/share/irobot_create_gz_sim/hook/cmake_prefix_path.sh'
[1.248s] Level 1:colcon.colcon_core.environment:checking '/home/javierac/create3_ws/install/irobot_create_gz_sim/bin'
[1.248s] Level 1:colcon.colcon_core.environment:checking '/home/javierac/create3_ws/install/irobot_create_gz_sim/lib/pkgconfig/irobot_create_gz_sim.pc'
[1.248s] Level 1:colcon.colcon_core.environment:checking '/home/javierac/create3_ws/install/irobot_create_gz_sim/lib/python3.12/site-packages'
[1.248s] Level 1:colcon.colcon_core.environment:checking '/home/javierac/create3_ws/install/irobot_create_gz_sim/bin'
[1.248s] INFO:colcon.colcon_core.shell:Creating package script '/home/javierac/create3_ws/install/irobot_create_gz_sim/share/irobot_create_gz_sim/package.ps1'
[1.249s] INFO:colcon.colcon_core.shell:Creating package descriptor '/home/javierac/create3_ws/install/irobot_create_gz_sim/share/irobot_create_gz_sim/package.dsv'
[1.249s] INFO:colcon.colcon_core.shell:Creating package script '/home/javierac/create3_ws/install/irobot_create_gz_sim/share/irobot_create_gz_sim/package.sh'
[1.250s] INFO:colcon.colcon_core.shell:Creating package script '/home/javierac/create3_ws/install/irobot_create_gz_sim/share/irobot_create_gz_sim/package.bash'
[1.250s] INFO:colcon.colcon_core.shell:Creating package script '/home/javierac/create3_ws/install/irobot_create_gz_sim/share/irobot_create_gz_sim/package.zsh'
[1.250s] Level 1:colcon.colcon_core.environment:create_file_with_runtime_dependencies(/home/javierac/create3_ws/install/irobot_create_gz_sim/share/colcon-core/packages/irobot_create_gz_sim)
[1.250s] DEBUG:colcon.colcon_parallel_executor.executor.parallel:closing loop
[1.251s] DEBUG:colcon.colcon_parallel_executor.executor.parallel:loop closed
[1.251s] DEBUG:colcon.colcon_parallel_executor.executor.parallel:run_until_complete finished with '0'
[1.251s] DEBUG:colcon.colcon_core.event_reactor:joining thread
[1.256s] INFO:colcon.colcon_core.plugin_system:Skipping extension 'colcon_notification.desktop_notification.notify_send': Could not find 'notify-send'
[1.256s] INFO:colcon.colcon_core.plugin_system:Skipping extension 'colcon_notification.desktop_notification.terminal_notifier': Not used on non-Darwin systems
[1.256s] INFO:colcon.colcon_core.plugin_system:Skipping extension 'colcon_notification.desktop_notification.win32': Not used on non-Windows systems
[1.257s] INFO:colcon.colcon_notification.desktop_notification:Sending desktop notification using 'notify2'
[1.259s] DEBUG:colcon.colcon_notification.desktop_notification.notify2:Failed to initialize notify2: org.freedesktop.DBus.Error.Spawn.ExecFailed: /usr/bin/dbus-launch terminated abnormally without any error message
[1.259s] DEBUG:colcon.colcon_core.event_reactor:joined thread
[1.259s] INFO:colcon.colcon_core.shell:Creating prefix script '/home/javierac/create3_ws/install/local_setup.ps1'
[1.260s] INFO:colcon.colcon_core.shell:Creating prefix util module '/home/javierac/create3_ws/install/_local_setup_util_ps1.py'
[1.261s] INFO:colcon.colcon_core.shell:Creating prefix chain script '/home/javierac/create3_ws/install/setup.ps1'
[1.263s] INFO:colcon.colcon_core.shell:Creating prefix script '/home/javierac/create3_ws/install/local_setup.sh'
[1.263s] INFO:colcon.colcon_core.shell:Creating prefix util module '/home/javierac/create3_ws/install/_local_setup_util_sh.py'
[1.263s] INFO:colcon.colcon_core.shell:Creating prefix chain script '/home/javierac/create3_ws/install/setup.sh'
[1.265s] INFO:colcon.colcon_core.shell:Creating prefix script '/home/javierac/create3_ws/install/local_setup.bash'
[1.265s] INFO:colcon.colcon_core.shell:Creating prefix chain script '/home/javierac/create3_ws/install/setup.bash'
[1.266s] INFO:colcon.colcon_core.shell:Creating prefix script '/home/javierac/create3_ws/install/local_setup.zsh'
[1.267s] INFO:colcon.colcon_core.shell:Creating prefix chain script '/home/javierac/create3_ws/install/setup.zsh'
